serum,strain,plate_barcode,dilution_factor,frac_infectivity_raw,frac_infectivity_ceiling
seqneut25to26_sera_3045,A/Alagoas/4130/2025_H3N2,plate21-A/Alagoas/4130/2025_H3N2,40,0.172,0.172
seqneut25to26_sera_3045,A/Alagoas/4130/2025_H3N2,plate21-A/Alagoas/4130/2025_H3N2,92,0.3055,0.3055
seqneut25to26_sera_3045,A/Alagoas/4130/2025_H3N2,plate21-A/Alagoas/4130/2025_H3N2,212,0.465,0.465
seqneut25to26_sera_3045,A/Alagoas/4130/2025_H3N2,plate21-A/Alagoas/4130/2025_H3N2,487,0.547,0.547
seqneut25to26_sera_3045,A/Alagoas/4130/2025_H3N2,plate21-A/Alagoas/4130/2025_H3N2,1119,1.118,1
seqneut25to26_sera_3045,A/Alagoas/4130/2025_H3N2,plate21-A/Alagoas/4130/2025_H3N2,2575,1.236,1
seqneut25to26_sera_3045,A/Alagoas/4130/2025_H3N2,plate21-A/Alagoas/4130/2025_H3N2,5921,1.242,1
seqneut25to26_sera_3045,A/Alagoas/4130/2025_H3N2,plate21-A/Alagoas/4130/2025_H3N2,1.362e+04,1.373,1
seqneut25to26_sera_3045,A/Anapolis/LEIAL6543/2025_H3N2,plate21-A/Anapolis/LEIAL6543/2025_H3N2,40,0.1225,0.1225
seqneut25to26_sera_3045,A/Anapolis/LEIAL6543/2025_H3N2,plate21-A/Anapolis/LEIAL6543/2025_H3N2,92,0.2777,0.2777
seqneut25to26_sera_3045,A/Anapolis/LEIAL6543/2025_H3N2,plate21-A/Anapolis/LEIAL6543/2025_H3N2,212,0.4653,0.4653
seqneut25to26_sera_3045,A/Anapolis/LEIAL6543/2025_H3N2,plate21-A/Anapolis/LEIAL6543/2025_H3N2,487,0.4336,0.4336
seqneut25to26_sera_3045,A/Anapolis/LEIAL6543/2025_H3N2,plate21-A/Anapolis/LEIAL6543/2025_H3N2,1119,0.8783,0.8783
seqneut25to26_sera_3045,A/Anapolis/LEIAL6543/2025_H3N2,plate21-A/Anapolis/LEIAL6543/2025_H3N2,2575,1.09,1
seqneut25to26_sera_3045,A/Anapolis/LEIAL6543/2025_H3N2,plate21-A/Anapolis/LEIAL6543/2025_H3N2,5921,1.231,1
seqneut25to26_sera_3045,A/Anapolis/LEIAL6543/2025_H3N2,plate21-A/Anapolis/LEIAL6543/2025_H3N2,1.362e+04,1.441,1
seqneut25to26_sera_3045,A/Andalucia/PMC-00977/2025_H1N1,plate21-A/Andalucia/PMC-00977/2025_H1N1,40,0.03469,0.03469
seqneut25to26_sera_3045,A/Andalucia/PMC-00977/2025_H1N1,plate21-A/Andalucia/PMC-00977/2025_H1N1,92,0.4542,0.4542
seqneut25to26_sera_3045,A/Andalucia/PMC-00977/2025_H1N1,plate21-A/Andalucia/PMC-00977/2025_H1N1,212,0.8457,0.8457
seqneut25to26_sera_3045,A/Andalucia/PMC-00977/2025_H1N1,plate21-A/Andalucia/PMC-00977/2025_H1N1,487,0.8216,0.8216
seqneut25to26_sera_3045,A/Andalucia/PMC-00977/2025_H1N1,plate21-A/Andalucia/PMC-00977/2025_H1N1,1119,1.043,1
seqneut25to26_sera_3045,A/Andalucia/PMC-00977/2025_H1N1,plate21-A/Andalucia/PMC-00977/2025_H1N1,2575,1.245,1
seqneut25to26_sera_3045,A/Andalucia/PMC-00977/2025_H1N1,plate21-A/Andalucia/PMC-00977/2025_H1N1,5921,1.402,1
seqneut25to26_sera_3045,A/Andalucia/PMC-00977/2025_H1N1,plate21-A/Andalucia/PMC-00977/2025_H1N1,1.362e+04,1.335,1
seqneut25to26_sera_3045,A/Aragon/2046/2025_H1N1,plate21-A/Aragon/2046/2025_H1N1,40,0.0587,0.0587
seqneut25to26_sera_3045,A/Aragon/2046/2025_H1N1,plate21-A/Aragon/2046/2025_H1N1,92,0.3445,0.3445
seqneut25to26_sera_3045,A/Aragon/2046/2025_H1N1,plate21-A/Aragon/2046/2025_H1N1,212,0.8249,0.8249
seqneut25to26_sera_3045,A/Aragon/2046/2025_H1N1,plate21-A/Aragon/2046/2025_H1N1,487,0.7201,0.7201
seqneut25to26_sera_3045,A/Aragon/2046/2025_H1N1,plate21-A/Aragon/2046/2025_H1N1,1119,1.226,1
seqneut25to26_sera_3045,A/Aragon/2046/2025_H1N1,plate21-A/Aragon/2046/2025_H1N1,2575,1.326,1
seqneut25to26_sera_3045,A/Aragon/2046/2025_H1N1,plate21-A/Aragon/2046/2025_H1N1,5921,1.463,1
seqneut25to26_sera_3045,A/Aragon/2046/2025_H1N1,plate21-A/Aragon/2046/2025_H1N1,1.362e+04,1.12,1
seqneut25to26_sera_3045,A/Arica/59150/2025_H3N2,plate21-A/Arica/59150/2025_H3N2,40,0.02856,0.02856
seqneut25to26_sera_3045,A/Arica/59150/2025_H3N2,plate21-A/Arica/59150/2025_H3N2,92,0.226,0.226
seqneut25to26_sera_3045,A/Arica/59150/2025_H3N2,plate21-A/Arica/59150/2025_H3N2,212,0.4188,0.4188
seqneut25to26_sera_3045,A/Arica/59150/2025_H3N2,plate21-A/Arica/59150/2025_H3N2,487,0.7102,0.7102
seqneut25to26_sera_3045,A/Arica/59150/2025_H3N2,plate21-A/Arica/59150/2025_H3N2,1119,1.015,1
seqneut25to26_sera_3045,A/Arica/59150/2025_H3N2,plate21-A/Arica/59150/2025_H3N2,2575,1.042,1
seqneut25to26_sera_3045,A/Arica/59150/2025_H3N2,plate21-A/Arica/59150/2025_H3N2,5921,1.262,1
seqneut25to26_sera_3045,A/Arica/59150/2025_H3N2,plate21-A/Arica/59150/2025_H3N2,1.362e+04,0.928,0.928
seqneut25to26_sera_3045,A/Bahia/3102/2025_H3N2,plate21-A/Bahia/3102/2025_H3N2,40,0.03966,0.03966
seqneut25to26_sera_3045,A/Bahia/3102/2025_H3N2,plate21-A/Bahia/3102/2025_H3N2,92,0.2626,0.2626
seqneut25to26_sera_3045,A/Bahia/3102/2025_H3N2,plate21-A/Bahia/3102/2025_H3N2,212,0.47,0.47
seqneut25to26_sera_3045,A/Bahia/3102/2025_H3N2,plate21-A/Bahia/3102/2025_H3N2,487,0.689,0.689
seqneut25to26_sera_3045,A/Bahia/3102/2025_H3N2,plate21-A/Bahia/3102/2025_H3N2,1119,0.7423,0.7423
seqneut25to26_sera_3045,A/Bahia/3102/2025_H3N2,plate21-A/Bahia/3102/2025_H3N2,2575,2.128,1
seqneut25to26_sera_3045,A/Bahia/3102/2025_H3N2,plate21-A/Bahia/3102/2025_H3N2,5921,1.375,1
seqneut25to26_sera_3045,A/Bahia/3102/2025_H3N2,plate21-A/Bahia/3102/2025_H3N2,1.362e+04,1.396,1
seqneut25to26_sera_3045,A/Bangkok/1803/2025_H1N1,plate21-A/Bangkok/1803/2025_H1N1,40,0.02385,0.02385
seqneut25to26_sera_3045,A/Bangkok/1803/2025_H1N1,plate21-A/Bangkok/1803/2025_H1N1,92,0.1666,0.1666
seqneut25to26_sera_3045,A/Bangkok/1803/2025_H1N1,plate21-A/Bangkok/1803/2025_H1N1,212,0.6329,0.6329
seqneut25to26_sera_3045,A/Bangkok/1803/2025_H1N1,plate21-A/Bangkok/1803/2025_H1N1,487,0.7306,0.7306
seqneut25to26_sera_3045,A/Bangkok/1803/2025_H1N1,plate21-A/Bangkok/1803/2025_H1N1,1119,1.089,1
seqneut25to26_sera_3045,A/Bangkok/1803/2025_H1N1,plate21-A/Bangkok/1803/2025_H1N1,2575,1.131,1
seqneut25to26_sera_3045,A/Bangkok/1803/2025_H1N1,plate21-A/Bangkok/1803/2025_H1N1,5921,1.261,1
seqneut25to26_sera_3045,A/Bangkok/1803/2025_H1N1,plate21-A/Bangkok/1803/2025_H1N1,1.362e+04,1.863,1
seqneut25to26_sera_3045,A/Bangkok/P2229/2025_H1N1,plate21-A/Bangkok/P2229/2025_H1N1,40,0.03187,0.03187
seqneut25to26_sera_3045,A/Bangkok/P2229/2025_H1N1,plate21-A/Bangkok/P2229/2025_H1N1,92,0.2881,0.2881
seqneut25to26_sera_3045,A/Bangkok/P2229/2025_H1N1,plate21-A/Bangkok/P2229/2025_H1N1,212,0.5005,0.5005
seqneut25to26_sera_3045,A/Bangkok/P2229/2025_H1N1,plate21-A/Bangkok/P2229/2025_H1N1,487,0.6634,0.6634
seqneut25to26_sera_3045,A/Bangkok/P2229/2025_H1N1,plate21-A/Bangkok/P2229/2025_H1N1,1119,0.8729,0.8729
seqneut25to26_sera_3045,A/Bangkok/P2229/2025_H1N1,plate21-A/Bangkok/P2229/2025_H1N1,2575,1.002,1
seqneut25to26_sera_3045,A/Bangkok/P2229/2025_H1N1,plate21-A/Bangkok/P2229/2025_H1N1,5921,1.003,1
seqneut25to26_sera_3045,A/Bangkok/P2229/2025_H1N1,plate21-A/Bangkok/P2229/2025_H1N1,1.362e+04,1.092,1
seqneut25to26_sera_3045,A/Bangkok/P2323/2025_H3N2,plate21-A/Bangkok/P2323/2025_H3N2,40,0.1163,0.1163
seqneut25to26_sera_3045,A/Bangkok/P2323/2025_H3N2,plate21-A/Bangkok/P2323/2025_H3N2,92,0.4998,0.4998
seqneut25to26_sera_3045,A/Bangkok/P2323/2025_H3N2,plate21-A/Bangkok/P2323/2025_H3N2,212,0.9246,0.9246
seqneut25to26_sera_3045,A/Bangkok/P2323/2025_H3N2,plate21-A/Bangkok/P2323/2025_H3N2,487,0.888,0.888
seqneut25to26_sera_3045,A/Bangkok/P2323/2025_H3N2,plate21-A/Bangkok/P2323/2025_H3N2,1119,1.591,1
seqneut25to26_sera_3045,A/Bangkok/P2323/2025_H3N2,plate21-A/Bangkok/P2323/2025_H3N2,2575,1.609,1
seqneut25to26_sera_3045,A/Bangkok/P2323/2025_H3N2,plate21-A/Bangkok/P2323/2025_H3N2,5921,1.501,1
seqneut25to26_sera_3045,A/Bangkok/P2323/2025_H3N2,plate21-A/Bangkok/P2323/2025_H3N2,1.362e+04,1.828,1
seqneut25to26_sera_3045,A/Bangkok/P2390/2025_H3N2,plate21-A/Bangkok/P2390/2025_H3N2,40,0.09785,0.09785
seqneut25to26_sera_3045,A/Bangkok/P2390/2025_H3N2,plate21-A/Bangkok/P2390/2025_H3N2,92,0.4241,0.4241
seqneut25to26_sera_3045,A/Bangkok/P2390/2025_H3N2,plate21-A/Bangkok/P2390/2025_H3N2,212,0.8308,0.8308
seqneut25to26_sera_3045,A/Bangkok/P2390/2025_H3N2,plate21-A/Bangkok/P2390/2025_H3N2,487,1.038,1
seqneut25to26_sera_3045,A/Bangkok/P2390/2025_H3N2,plate21-A/Bangkok/P2390/2025_H3N2,1119,0.9287,0.9287
seqneut25to26_sera_3045,A/Bangkok/P2390/2025_H3N2,plate21-A/Bangkok/P2390/2025_H3N2,2575,1.221,1
seqneut25to26_sera_3045,A/Bangkok/P2390/2025_H3N2,plate21-A/Bangkok/P2390/2025_H3N2,5921,1.546,1
seqneut25to26_sera_3045,A/Bangkok/P2390/2025_H3N2,plate21-A/Bangkok/P2390/2025_H3N2,1.362e+04,1.478,1
seqneut25to26_sera_3045,A/Bangkok/P2391/2025_H3N2,plate21-A/Bangkok/P2391/2025_H3N2,40,0.1071,0.1071
seqneut25to26_sera_3045,A/Bangkok/P2391/2025_H3N2,plate21-A/Bangkok/P2391/2025_H3N2,92,0.3185,0.3185
seqneut25to26_sera_3045,A/Bangkok/P2391/2025_H3N2,plate21-A/Bangkok/P2391/2025_H3N2,212,0.4708,0.4708
seqneut25to26_sera_3045,A/Bangkok/P2391/2025_H3N2,plate21-A/Bangkok/P2391/2025_H3N2,487,1.127,1
seqneut25to26_sera_3045,A/Bangkok/P2391/2025_H3N2,plate21-A/Bangkok/P2391/2025_H3N2,1119,1.41,1
seqneut25to26_sera_3045,A/Bangkok/P2391/2025_H3N2,plate21-A/Bangkok/P2391/2025_H3N2,2575,1.222,1
seqneut25to26_sera_3045,A/Bangkok/P2391/2025_H3N2,plate21-A/Bangkok/P2391/2025_H3N2,5921,1.503,1
seqneut25to26_sera_3045,A/Bangkok/P2391/2025_H3N2,plate21-A/Bangkok/P2391/2025_H3N2,1.362e+04,1.841,1
seqneut25to26_sera_3045,A/Bangkok/P2572/2025_H3N2,plate21-A/Bangkok/P2572/2025_H3N2,40,0.0848,0.0848
seqneut25to26_sera_3045,A/Bangkok/P2572/2025_H3N2,plate21-A/Bangkok/P2572/2025_H3N2,92,0.4843,0.4843
seqneut25to26_sera_3045,A/Bangkok/P2572/2025_H3N2,plate21-A/Bangkok/P2572/2025_H3N2,212,0.6029,0.6029
seqneut25to26_sera_3045,A/Bangkok/P2572/2025_H3N2,plate21-A/Bangkok/P2572/2025_H3N2,487,1.128,1
seqneut25to26_sera_3045,A/Bangkok/P2572/2025_H3N2,plate21-A/Bangkok/P2572/2025_H3N2,1119,1.174,1
seqneut25to26_sera_3045,A/Bangkok/P2572/2025_H3N2,plate21-A/Bangkok/P2572/2025_H3N2,2575,1.405,1
seqneut25to26_sera_3045,A/Bangkok/P2572/2025_H3N2,plate21-A/Bangkok/P2572/2025_H3N2,5921,1.519,1
seqneut25to26_sera_3045,A/Bangkok/P2572/2025_H3N2,plate21-A/Bangkok/P2572/2025_H3N2,1.362e+04,1.105,1
seqneut25to26_sera_3045,A/Bangkok/P2921/2025_H3N2,plate21-A/Bangkok/P2921/2025_H3N2,40,0.1945,0.1945
seqneut25to26_sera_3045,A/Bangkok/P2921/2025_H3N2,plate21-A/Bangkok/P2921/2025_H3N2,92,0.4591,0.4591
seqneut25to26_sera_3045,A/Bangkok/P2921/2025_H3N2,plate21-A/Bangkok/P2921/2025_H3N2,212,0.5915,0.5915
seqneut25to26_sera_3045,A/Bangkok/P2921/2025_H3N2,plate21-A/Bangkok/P2921/2025_H3N2,487,0.7479,0.7479
seqneut25to26_sera_3045,A/Bangkok/P2921/2025_H3N2,plate21-A/Bangkok/P2921/2025_H3N2,1119,1.161,1
seqneut25to26_sera_3045,A/Bangkok/P2921/2025_H3N2,plate21-A/Bangkok/P2921/2025_H3N2,2575,1.305,1
seqneut25to26_sera_3045,A/Bangkok/P2921/2025_H3N2,plate21-A/Bangkok/P2921/2025_H3N2,5921,1.141,1
seqneut25to26_sera_3045,A/Bangkok/P2921/2025_H3N2,plate21-A/Bangkok/P2921/2025_H3N2,1.362e+04,1.431,1
seqneut25to26_sera_3045,A/Bangkok/P3067/2025_H1N1,plate21-A/Bangkok/P3067/2025_H1N1,40,0.126,0.126
seqneut25to26_sera_3045,A/Bangkok/P3067/2025_H1N1,plate21-A/Bangkok/P3067/2025_H1N1,92,0.4297,0.4297
seqneut25to26_sera_3045,A/Bangkok/P3067/2025_H1N1,plate21-A/Bangkok/P3067/2025_H1N1,212,0.6231,0.6231
seqneut25to26_sera_3045,A/Bangkok/P3067/2025_H1N1,plate21-A/Bangkok/P3067/2025_H1N1,487,0.7754,0.7754
seqneut25to26_sera_3045,A/Bangkok/P3067/2025_H1N1,plate21-A/Bangkok/P3067/2025_H1N1,1119,1.415,1
seqneut25to26_sera_3045,A/Bangkok/P3067/2025_H1N1,plate21-A/Bangkok/P3067/2025_H1N1,2575,1.004,1
seqneut25to26_sera_3045,A/Bangkok/P3067/2025_H1N1,plate21-A/Bangkok/P3067/2025_H1N1,5921,1.415,1
seqneut25to26_sera_3045,A/Bangkok/P3067/2025_H1N1,plate21-A/Bangkok/P3067/2025_H1N1,1.362e+04,0.878,0.878
seqneut25to26_sera_3045,A/Bangkok/P3263/2025_H3N2,plate21-A/Bangkok/P3263/2025_H3N2,40,0.1006,0.1006
seqneut25to26_sera_3045,A/Bangkok/P3263/2025_H3N2,plate21-A/Bangkok/P3263/2025_H3N2,92,0.2573,0.2573
seqneut25to26_sera_3045,A/Bangkok/P3263/2025_H3N2,plate21-A/Bangkok/P3263/2025_H3N2,212,0.6903,0.6903
seqneut25to26_sera_3045,A/Bangkok/P3263/2025_H3N2,plate21-A/Bangkok/P3263/2025_H3N2,487,0.6448,0.6448
seqneut25to26_sera_3045,A/Bangkok/P3263/2025_H3N2,plate21-A/Bangkok/P3263/2025_H3N2,1119,0.9124,0.9124
seqneut25to26_sera_3045,A/Bangkok/P3263/2025_H3N2,plate21-A/Bangkok/P3263/2025_H3N2,2575,1.039,1
seqneut25to26_sera_3045,A/Bangkok/P3263/2025_H3N2,plate21-A/Bangkok/P3263/2025_H3N2,5921,1.453,1
seqneut25to26_sera_3045,A/Bangkok/P3263/2025_H3N2,plate21-A/Bangkok/P3263/2025_H3N2,1.362e+04,1.825,1
seqneut25to26_sera_3045,A/Belgium/H0097/2025_H3N2,plate21-A/Belgium/H0097/2025_H3N2,40,0.337,0.337
seqneut25to26_sera_3045,A/Belgium/H0097/2025_H3N2,plate21-A/Belgium/H0097/2025_H3N2,92,0.453,0.453
seqneut25to26_sera_3045,A/Belgium/H0097/2025_H3N2,plate21-A/Belgium/H0097/2025_H3N2,212,0.9519,0.9519
seqneut25to26_sera_3045,A/Belgium/H0097/2025_H3N2,plate21-A/Belgium/H0097/2025_H3N2,487,1.211,1
seqneut25to26_sera_3045,A/Belgium/H0097/2025_H3N2,plate21-A/Belgium/H0097/2025_H3N2,1119,1.504,1
seqneut25to26_sera_3045,A/Belgium/H0097/2025_H3N2,plate21-A/Belgium/H0097/2025_H3N2,2575,1.849,1
seqneut25to26_sera_3045,A/Belgium/H0097/2025_H3N2,plate21-A/Belgium/H0097/2025_H3N2,5921,2.013,1
seqneut25to26_sera_3045,A/Belgium/H0097/2025_H3N2,plate21-A/Belgium/H0097/2025_H3N2,1.362e+04,1.942,1
seqneut25to26_sera_3045,A/Bhutan/1267/2025_H3N2,plate21-A/Bhutan/1267/2025_H3N2,40,0.1585,0.1585
seqneut25to26_sera_3045,A/Bhutan/1267/2025_H3N2,plate21-A/Bhutan/1267/2025_H3N2,92,0.4764,0.4764
seqneut25to26_sera_3045,A/Bhutan/1267/2025_H3N2,plate21-A/Bhutan/1267/2025_H3N2,212,0.7132,0.7132
seqneut25to26_sera_3045,A/Bhutan/1267/2025_H3N2,plate21-A/Bhutan/1267/2025_H3N2,487,0.8989,0.8989
seqneut25to26_sera_3045,A/Bhutan/1267/2025_H3N2,plate21-A/Bhutan/1267/2025_H3N2,1119,1.658,1
seqneut25to26_sera_3045,A/Bhutan/1267/2025_H3N2,plate21-A/Bhutan/1267/2025_H3N2,2575,1.732,1
seqneut25to26_sera_3045,A/Bhutan/1267/2025_H3N2,plate21-A/Bhutan/1267/2025_H3N2,5921,1.538,1
seqneut25to26_sera_3045,A/Bhutan/1267/2025_H3N2,plate21-A/Bhutan/1267/2025_H3N2,1.362e+04,1.43,1
seqneut25to26_sera_3045,A/Bhutan/7/2025_H3N2,plate21-A/Bhutan/7/2025_H3N2,40,0.1747,0.1747
seqneut25to26_sera_3045,A/Bhutan/7/2025_H3N2,plate21-A/Bhutan/7/2025_H3N2,92,0.5447,0.5447
seqneut25to26_sera_3045,A/Bhutan/7/2025_H3N2,plate21-A/Bhutan/7/2025_H3N2,212,0.9456,0.9456
seqneut25to26_sera_3045,A/Bhutan/7/2025_H3N2,plate21-A/Bhutan/7/2025_H3N2,487,0.7198,0.7198
seqneut25to26_sera_3045,A/Bhutan/7/2025_H3N2,plate21-A/Bhutan/7/2025_H3N2,1119,1.14,1
seqneut25to26_sera_3045,A/Bhutan/7/2025_H3N2,plate21-A/Bhutan/7/2025_H3N2,2575,0.9997,0.9997
seqneut25to26_sera_3045,A/Bhutan/7/2025_H3N2,plate21-A/Bhutan/7/2025_H3N2,5921,1.375,1
seqneut25to26_sera_3045,A/Bhutan/7/2025_H3N2,plate21-A/Bhutan/7/2025_H3N2,1.362e+04,1.383,1
seqneut25to26_sera_3045,A/BritishColumbia/PHL-2473/2025_H1N1,plate21-A/BritishColumbia/PHL-2473/2025_H1N1,40,0.04845,0.04845
seqneut25to26_sera_3045,A/BritishColumbia/PHL-2473/2025_H1N1,plate21-A/BritishColumbia/PHL-2473/2025_H1N1,92,0.2019,0.2019
seqneut25to26_sera_3045,A/BritishColumbia/PHL-2473/2025_H1N1,plate21-A/BritishColumbia/PHL-2473/2025_H1N1,212,0.6385,0.6385
seqneut25to26_sera_3045,A/BritishColumbia/PHL-2473/2025_H1N1,plate21-A/BritishColumbia/PHL-2473/2025_H1N1,487,0.7842,0.7842
seqneut25to26_sera_3045,A/BritishColumbia/PHL-2473/2025_H1N1,plate21-A/BritishColumbia/PHL-2473/2025_H1N1,1119,1.008,1
seqneut25to26_sera_3045,A/BritishColumbia/PHL-2473/2025_H1N1,plate21-A/BritishColumbia/PHL-2473/2025_H1N1,2575,1.186,1
seqneut25to26_sera_3045,A/BritishColumbia/PHL-2473/2025_H1N1,plate21-A/BritishColumbia/PHL-2473/2025_H1N1,5921,1.001,1
seqneut25to26_sera_3045,A/BritishColumbia/PHL-2473/2025_H1N1,plate21-A/BritishColumbia/PHL-2473/2025_H1N1,1.362e+04,1.258,1
seqneut25to26_sera_3045,A/California/61/2025_H3N2,plate21-A/California/61/2025_H3N2,40,0.08909,0.08909
seqneut25to26_sera_3045,A/California/61/2025_H3N2,plate21-A/California/61/2025_H3N2,92,0.2655,0.2655
seqneut25to26_sera_3045,A/California/61/2025_H3N2,plate21-A/California/61/2025_H3N2,212,0.6241,0.6241
seqneut25to26_sera_3045,A/California/61/2025_H3N2,plate21-A/California/61/2025_H3N2,487,0.9956,0.9956
seqneut25to26_sera_3045,A/California/61/2025_H3N2,plate21-A/California/61/2025_H3N2,1119,1.198,1
seqneut25to26_sera_3045,A/California/61/2025_H3N2,plate21-A/California/61/2025_H3N2,2575,0.7819,0.7819
seqneut25to26_sera_3045,A/California/61/2025_H3N2,plate21-A/California/61/2025_H3N2,5921,1.174,1
seqneut25to26_sera_3045,A/California/61/2025_H3N2,plate21-A/California/61/2025_H3N2,1.362e+04,1.38,1
seqneut25to26_sera_3045,A/California/63/2025_H1N1,plate21-A/California/63/2025_H1N1,40,0.02334,0.02334
seqneut25to26_sera_3045,A/California/63/2025_H1N1,plate21-A/California/63/2025_H1N1,92,0.3106,0.3106
seqneut25to26_sera_3045,A/California/63/2025_H1N1,plate21-A/California/63/2025_H1N1,212,0.3081,0.3081
seqneut25to26_sera_3045,A/California/63/2025_H1N1,plate21-A/California/63/2025_H1N1,487,0.5831,0.5831
seqneut25to26_sera_3045,A/California/63/2025_H1N1,plate21-A/California/63/2025_H1N1,1119,0.8854,0.8854
seqneut25to26_sera_3045,A/California/63/2025_H1N1,plate21-A/California/63/2025_H1N1,2575,1.597,1
seqneut25to26_sera_3045,A/California/63/2025_H1N1,plate21-A/California/63/2025_H1N1,5921,0.9482,0.9482
seqneut25to26_sera_3045,A/California/63/2025_H1N1,plate21-A/California/63/2025_H1N1,1.362e+04,1.113,1
seqneut25to26_sera_3045,A/Canberra/465/2025_H1N1,plate21-A/Canberra/465/2025_H1N1,40,0.06816,0.06816
seqneut25to26_sera_3045,A/Canberra/465/2025_H1N1,plate21-A/Canberra/465/2025_H1N1,92,0.1832,0.1832
seqneut25to26_sera_3045,A/Canberra/465/2025_H1N1,plate21-A/Canberra/465/2025_H1N1,212,0.4704,0.4704
seqneut25to26_sera_3045,A/Canberra/465/2025_H1N1,plate21-A/Canberra/465/2025_H1N1,487,0.6224,0.6224
seqneut25to26_sera_3045,A/Canberra/465/2025_H1N1,plate21-A/Canberra/465/2025_H1N1,1119,1.042,1
seqneut25to26_sera_3045,A/Canberra/465/2025_H1N1,plate21-A/Canberra/465/2025_H1N1,2575,0.9551,0.9551
seqneut25to26_sera_3045,A/Canberra/465/2025_H1N1,plate21-A/Canberra/465/2025_H1N1,5921,1.195,1
seqneut25to26_sera_3045,A/Canberra/465/2025_H1N1,plate21-A/Canberra/465/2025_H1N1,1.362e+04,1.336,1
seqneut25to26_sera_3045,A/Canberra/530/2025_H1N1,plate21-A/Canberra/530/2025_H1N1,40,0.02714,0.02714
seqneut25to26_sera_3045,A/Canberra/530/2025_H1N1,plate21-A/Canberra/530/2025_H1N1,92,0.2022,0.2022
seqneut25to26_sera_3045,A/Canberra/530/2025_H1N1,plate21-A/Canberra/530/2025_H1N1,212,0.5389,0.5389
seqneut25to26_sera_3045,A/Canberra/530/2025_H1N1,plate21-A/Canberra/530/2025_H1N1,487,0.7777,0.7777
seqneut25to26_sera_3045,A/Canberra/530/2025_H1N1,plate21-A/Canberra/530/2025_H1N1,1119,0.9133,0.9133
seqneut25to26_sera_3045,A/Canberra/530/2025_H1N1,plate21-A/Canberra/530/2025_H1N1,2575,1.563,1
seqneut25to26_sera_3045,A/Canberra/530/2025_H1N1,plate21-A/Canberra/530/2025_H1N1,5921,1.025,1
seqneut25to26_sera_3045,A/Canberra/530/2025_H1N1,plate21-A/Canberra/530/2025_H1N1,1.362e+04,1.214,1
seqneut25to26_sera_3045,A/Catalonia/NSVH102689455/2025_H1N1,plate21-A/Catalonia/NSVH102689455/2025_H1N1,40,0.04484,0.04484
seqneut25to26_sera_3045,A/Catalonia/NSVH102689455/2025_H1N1,plate21-A/Catalonia/NSVH102689455/2025_H1N1,92,0.2679,0.2679
seqneut25to26_sera_3045,A/Catalonia/NSVH102689455/2025_H1N1,plate21-A/Catalonia/NSVH102689455/2025_H1N1,212,1.015,1
seqneut25to26_sera_3045,A/Catalonia/NSVH102689455/2025_H1N1,plate21-A/Catalonia/NSVH102689455/2025_H1N1,487,0.7016,0.7016
seqneut25to26_sera_3045,A/Catalonia/NSVH102689455/2025_H1N1,plate21-A/Catalonia/NSVH102689455/2025_H1N1,1119,1.179,1
seqneut25to26_sera_3045,A/Catalonia/NSVH102689455/2025_H1N1,plate21-A/Catalonia/NSVH102689455/2025_H1N1,2575,1.349,1
seqneut25to26_sera_3045,A/Catalonia/NSVH102689455/2025_H1N1,plate21-A/Catalonia/NSVH102689455/2025_H1N1,5921,1.098,1
seqneut25to26_sera_3045,A/Catalonia/NSVH102689455/2025_H1N1,plate21-A/Catalonia/NSVH102689455/2025_H1N1,1.362e+04,1.025,1
seqneut25to26_sera_3045,A/Colorado/105/2025_H1N1,plate21-A/Colorado/105/2025_H1N1,40,0.1395,0.1395
seqneut25to26_sera_3045,A/Colorado/105/2025_H1N1,plate21-A/Colorado/105/2025_H1N1,92,0.385,0.385
seqneut25to26_sera_3045,A/Colorado/105/2025_H1N1,plate21-A/Colorado/105/2025_H1N1,212,0.8723,0.8723
seqneut25to26_sera_3045,A/Colorado/105/2025_H1N1,plate21-A/Colorado/105/2025_H1N1,487,1.118,1
seqneut25to26_sera_3045,A/Colorado/105/2025_H1N1,plate21-A/Colorado/105/2025_H1N1,1119,1.439,1
seqneut25to26_sera_3045,A/Colorado/105/2025_H1N1,plate21-A/Colorado/105/2025_H1N1,2575,1.112,1
seqneut25to26_sera_3045,A/Colorado/105/2025_H1N1,plate21-A/Colorado/105/2025_H1N1,5921,0.9602,0.9602
seqneut25to26_sera_3045,A/Colorado/105/2025_H1N1,plate21-A/Colorado/105/2025_H1N1,1.362e+04,1.267,1
seqneut25to26_sera_3045,A/CoteDIvoire/2007/2025_H1N1,plate21-A/CoteDIvoire/2007/2025_H1N1,40,0.05022,0.05022
seqneut25to26_sera_3045,A/CoteDIvoire/2007/2025_H1N1,plate21-A/CoteDIvoire/2007/2025_H1N1,92,0.2484,0.2484
seqneut25to26_sera_3045,A/CoteDIvoire/2007/2025_H1N1,plate21-A/CoteDIvoire/2007/2025_H1N1,212,0.6017,0.6017
seqneut25to26_sera_3045,A/CoteDIvoire/2007/2025_H1N1,plate21-A/CoteDIvoire/2007/2025_H1N1,487,0.7262,0.7262
seqneut25to26_sera_3045,A/CoteDIvoire/2007/2025_H1N1,plate21-A/CoteDIvoire/2007/2025_H1N1,1119,1.457,1
seqneut25to26_sera_3045,A/CoteDIvoire/2007/2025_H1N1,plate21-A/CoteDIvoire/2007/2025_H1N1,2575,1.339,1
seqneut25to26_sera_3045,A/CoteDIvoire/2007/2025_H1N1,plate21-A/CoteDIvoire/2007/2025_H1N1,5921,1.182,1
seqneut25to26_sera_3045,A/CoteDIvoire/2007/2025_H1N1,plate21-A/CoteDIvoire/2007/2025_H1N1,1.362e+04,1.557,1
seqneut25to26_sera_3045,A/Croatia/10136RV/2023-egg_H3N2,plate21-A/Croatia/10136RV/2023-egg_H3N2,40,0.005654,0.005654
seqneut25to26_sera_3045,A/Croatia/10136RV/2023-egg_H3N2,plate21-A/Croatia/10136RV/2023-egg_H3N2,92,0.2115,0.2115
seqneut25to26_sera_3045,A/Croatia/10136RV/2023-egg_H3N2,plate21-A/Croatia/10136RV/2023-egg_H3N2,212,0.6741,0.6741
seqneut25to26_sera_3045,A/Croatia/10136RV/2023-egg_H3N2,plate21-A/Croatia/10136RV/2023-egg_H3N2,487,0.413,0.413
seqneut25to26_sera_3045,A/Croatia/10136RV/2023-egg_H3N2,plate21-A/Croatia/10136RV/2023-egg_H3N2,1119,0.884,0.884
seqneut25to26_sera_3045,A/Croatia/10136RV/2023-egg_H3N2,plate21-A/Croatia/10136RV/2023-egg_H3N2,2575,1.327,1
seqneut25to26_sera_3045,A/Croatia/10136RV/2023-egg_H3N2,plate21-A/Croatia/10136RV/2023-egg_H3N2,5921,1.054,1
seqneut25to26_sera_3045,A/Croatia/10136RV/2023-egg_H3N2,plate21-A/Croatia/10136RV/2023-egg_H3N2,1.362e+04,1.565,1
seqneut25to26_sera_3045,A/Darwin/1405/2025_H1N1,plate21-A/Darwin/1405/2025_H1N1,40,0.06676,0.06676
seqneut25to26_sera_3045,A/Darwin/1405/2025_H1N1,plate21-A/Darwin/1405/2025_H1N1,92,0.2177,0.2177
seqneut25to26_sera_3045,A/Darwin/1405/2025_H1N1,plate21-A/Darwin/1405/2025_H1N1,212,0.7554,0.7554
seqneut25to26_sera_3045,A/Darwin/1405/2025_H1N1,plate21-A/Darwin/1405/2025_H1N1,487,0.7117,0.7117
seqneut25to26_sera_3045,A/Darwin/1405/2025_H1N1,plate21-A/Darwin/1405/2025_H1N1,1119,1.069,1
seqneut25to26_sera_3045,A/Darwin/1405/2025_H1N1,plate21-A/Darwin/1405/2025_H1N1,2575,1.114,1
seqneut25to26_sera_3045,A/Darwin/1405/2025_H1N1,plate21-A/Darwin/1405/2025_H1N1,5921,1.139,1
seqneut25to26_sera_3045,A/Darwin/1405/2025_H1N1,plate21-A/Darwin/1405/2025_H1N1,1.362e+04,1.238,1
seqneut25to26_sera_3045,A/Darwin/1461/2025_H3N2,plate21-A/Darwin/1461/2025_H3N2,40,0.04514,0.04514
seqneut25to26_sera_3045,A/Darwin/1461/2025_H3N2,plate21-A/Darwin/1461/2025_H3N2,92,0.1282,0.1282
seqneut25to26_sera_3045,A/Darwin/1461/2025_H3N2,plate21-A/Darwin/1461/2025_H3N2,212,0.6648,0.6648
seqneut25to26_sera_3045,A/Darwin/1461/2025_H3N2,plate21-A/Darwin/1461/2025_H3N2,487,0.4997,0.4997
seqneut25to26_sera_3045,A/Darwin/1461/2025_H3N2,plate21-A/Darwin/1461/2025_H3N2,1119,0.7616,0.7616
seqneut25to26_sera_3045,A/Darwin/1461/2025_H3N2,plate21-A/Darwin/1461/2025_H3N2,2575,1.179,1
seqneut25to26_sera_3045,A/Darwin/1461/2025_H3N2,plate21-A/Darwin/1461/2025_H3N2,5921,2.089,1
seqneut25to26_sera_3045,A/Darwin/1461/2025_H3N2,plate21-A/Darwin/1461/2025_H3N2,1.362e+04,1.34,1
seqneut25to26_sera_3045,A/Denmark/3070/2025_H1N1,plate21-A/Denmark/3070/2025_H1N1,40,0.01807,0.01807
seqneut25to26_sera_3045,A/Denmark/3070/2025_H1N1,plate21-A/Denmark/3070/2025_H1N1,92,0.1519,0.1519
seqneut25to26_sera_3045,A/Denmark/3070/2025_H1N1,plate21-A/Denmark/3070/2025_H1N1,212,0.5578,0.5578
seqneut25to26_sera_3045,A/Denmark/3070/2025_H1N1,plate21-A/Denmark/3070/2025_H1N1,487,0.7246,0.7246
seqneut25to26_sera_3045,A/Denmark/3070/2025_H1N1,plate21-A/Denmark/3070/2025_H1N1,1119,1.038,1
seqneut25to26_sera_3045,A/Denmark/3070/2025_H1N1,plate21-A/Denmark/3070/2025_H1N1,2575,1.247,1
seqneut25to26_sera_3045,A/Denmark/3070/2025_H1N1,plate21-A/Denmark/3070/2025_H1N1,5921,1.269,1
seqneut25to26_sera_3045,A/Denmark/3070/2025_H1N1,plate21-A/Denmark/3070/2025_H1N1,1.362e+04,1.246,1
seqneut25to26_sera_3045,A/DistrictOfColumbia/27/2023_H3N2,plate21-A/DistrictOfColumbia/27/2023_H3N2,40,0.07744,0.07744
seqneut25to26_sera_3045,A/DistrictOfColumbia/27/2023_H3N2,plate21-A/DistrictOfColumbia/27/2023_H3N2,92,0.4109,0.4109
seqneut25to26_sera_3045,A/DistrictOfColumbia/27/2023_H3N2,plate21-A/DistrictOfColumbia/27/2023_H3N2,212,0.7014,0.7014
seqneut25to26_sera_3045,A/DistrictOfColumbia/27/2023_H3N2,plate21-A/DistrictOfColumbia/27/2023_H3N2,487,1.161,1
seqneut25to26_sera_3045,A/DistrictOfColumbia/27/2023_H3N2,plate21-A/DistrictOfColumbia/27/2023_H3N2,1119,1.087,1
seqneut25to26_sera_3045,A/DistrictOfColumbia/27/2023_H3N2,plate21-A/DistrictOfColumbia/27/2023_H3N2,2575,1.362,1
seqneut25to26_sera_3045,A/DistrictOfColumbia/27/2023_H3N2,plate21-A/DistrictOfColumbia/27/2023_H3N2,5921,1.424,1
seqneut25to26_sera_3045,A/DistrictOfColumbia/27/2023_H3N2,plate21-A/DistrictOfColumbia/27/2023_H3N2,1.362e+04,1.293,1
seqneut25to26_sera_3045,A/DistrictOfColumbia/57/2025_H3N2,plate21-A/DistrictOfColumbia/57/2025_H3N2,40,0.1486,0.1486
seqneut25to26_sera_3045,A/DistrictOfColumbia/57/2025_H3N2,plate21-A/DistrictOfColumbia/57/2025_H3N2,92,0.349,0.349
seqneut25to26_sera_3045,A/DistrictOfColumbia/57/2025_H3N2,plate21-A/DistrictOfColumbia/57/2025_H3N2,212,0.9736,0.9736
seqneut25to26_sera_3045,A/DistrictOfColumbia/57/2025_H3N2,plate21-A/DistrictOfColumbia/57/2025_H3N2,487,1.043,1
seqneut25to26_sera_3045,A/DistrictOfColumbia/57/2025_H3N2,plate21-A/DistrictOfColumbia/57/2025_H3N2,1119,1.393,1
seqneut25to26_sera_3045,A/DistrictOfColumbia/57/2025_H3N2,plate21-A/DistrictOfColumbia/57/2025_H3N2,2575,1.111,1
seqneut25to26_sera_3045,A/DistrictOfColumbia/57/2025_H3N2,plate21-A/DistrictOfColumbia/57/2025_H3N2,5921,1.42,1
seqneut25to26_sera_3045,A/DistrictOfColumbia/57/2025_H3N2,plate21-A/DistrictOfColumbia/57/2025_H3N2,1.362e+04,1.443,1
seqneut25to26_sera_3045,A/DistritoFederal/250106000728/2025_H3N2,plate21-A/DistritoFederal/250106000728/2025_H3N2,40,0.008949,0.008949
seqneut25to26_sera_3045,A/DistritoFederal/250106000728/2025_H3N2,plate21-A/DistritoFederal/250106000728/2025_H3N2,92,0.08629,0.08629
seqneut25to26_sera_3045,A/DistritoFederal/250106000728/2025_H3N2,plate21-A/DistritoFederal/250106000728/2025_H3N2,212,0.1996,0.1996
seqneut25to26_sera_3045,A/DistritoFederal/250106000728/2025_H3N2,plate21-A/DistritoFederal/250106000728/2025_H3N2,487,0.4576,0.4576
seqneut25to26_sera_3045,A/DistritoFederal/250106000728/2025_H3N2,plate21-A/DistritoFederal/250106000728/2025_H3N2,1119,0.8236,0.8236
seqneut25to26_sera_3045,A/DistritoFederal/250106000728/2025_H3N2,plate21-A/DistritoFederal/250106000728/2025_H3N2,2575,1.007,1
seqneut25to26_sera_3045,A/DistritoFederal/250106000728/2025_H3N2,plate21-A/DistritoFederal/250106000728/2025_H3N2,5921,1.349,1
seqneut25to26_sera_3045,A/DistritoFederal/250106000728/2025_H3N2,plate21-A/DistritoFederal/250106000728/2025_H3N2,1.362e+04,1.793,1
seqneut25to26_sera_3045,A/DistritoFederal/2578578201/2025_H3N2,plate21-A/DistritoFederal/2578578201/2025_H3N2,40,0.2179,0.2179
seqneut25to26_sera_3045,A/DistritoFederal/2578578201/2025_H3N2,plate21-A/DistritoFederal/2578578201/2025_H3N2,92,0.2496,0.2496
seqneut25to26_sera_3045,A/DistritoFederal/2578578201/2025_H3N2,plate21-A/DistritoFederal/2578578201/2025_H3N2,212,0.6154,0.6154
seqneut25to26_sera_3045,A/DistritoFederal/2578578201/2025_H3N2,plate21-A/DistritoFederal/2578578201/2025_H3N2,487,0.6948,0.6948
seqneut25to26_sera_3045,A/DistritoFederal/2578578201/2025_H3N2,plate21-A/DistritoFederal/2578578201/2025_H3N2,1119,1.162,1
seqneut25to26_sera_3045,A/DistritoFederal/2578578201/2025_H3N2,plate21-A/DistritoFederal/2578578201/2025_H3N2,2575,1.308,1
seqneut25to26_sera_3045,A/DistritoFederal/2578578201/2025_H3N2,plate21-A/DistritoFederal/2578578201/2025_H3N2,5921,1.501,1
seqneut25to26_sera_3045,A/DistritoFederal/2578578201/2025_H3N2,plate21-A/DistritoFederal/2578578201/2025_H3N2,1.362e+04,1.624,1
seqneut25to26_sera_3045,A/England/174/2025_H3N2,plate21-A/England/174/2025_H3N2,40,0.0445,0.0445
seqneut25to26_sera_3045,A/England/174/2025_H3N2,plate21-A/England/174/2025_H3N2,92,0.3416,0.3416
seqneut25to26_sera_3045,A/England/174/2025_H3N2,plate21-A/England/174/2025_H3N2,212,0.4946,0.4946
seqneut25to26_sera_3045,A/England/174/2025_H3N2,plate21-A/England/174/2025_H3N2,487,0.6466,0.6466
seqneut25to26_sera_3045,A/England/174/2025_H3N2,plate21-A/England/174/2025_H3N2,1119,0.7291,0.7291
seqneut25to26_sera_3045,A/England/174/2025_H3N2,plate21-A/England/174/2025_H3N2,2575,1.618,1
seqneut25to26_sera_3045,A/England/174/2025_H3N2,plate21-A/England/174/2025_H3N2,5921,0.9892,0.9892
seqneut25to26_sera_3045,A/England/174/2025_H3N2,plate21-A/England/174/2025_H3N2,1.362e+04,1.111,1
seqneut25to26_sera_3045,A/England/1822256/2025_H1N1,plate21-A/England/1822256/2025_H1N1,40,0.02072,0.02072
seqneut25to26_sera_3045,A/England/1822256/2025_H1N1,plate21-A/England/1822256/2025_H1N1,92,0.1414,0.1414
seqneut25to26_sera_3045,A/England/1822256/2025_H1N1,plate21-A/England/1822256/2025_H1N1,212,0.6527,0.6527
seqneut25to26_sera_3045,A/England/1822256/2025_H1N1,plate21-A/England/1822256/2025_H1N1,487,0.7896,0.7896
seqneut25to26_sera_3045,A/England/1822256/2025_H1N1,plate21-A/England/1822256/2025_H1N1,1119,1.1,1
seqneut25to26_sera_3045,A/England/1822256/2025_H1N1,plate21-A/England/1822256/2025_H1N1,2575,1.442,1
seqneut25to26_sera_3045,A/England/1822256/2025_H1N1,plate21-A/England/1822256/2025_H1N1,5921,1.187,1
seqneut25to26_sera_3045,A/England/1822256/2025_H1N1,plate21-A/England/1822256/2025_H1N1,1.362e+04,1.208,1
seqneut25to26_sera_3045,A/England/1837734/2025_H3N2,plate21-A/England/1837734/2025_H3N2,40,0.1791,0.1791
seqneut25to26_sera_3045,A/England/1837734/2025_H3N2,plate21-A/England/1837734/2025_H3N2,92,0.3317,0.3317
seqneut25to26_sera_3045,A/England/1837734/2025_H3N2,plate21-A/England/1837734/2025_H3N2,212,0.8364,0.8364
seqneut25to26_sera_3045,A/England/1837734/2025_H3N2,plate21-A/England/1837734/2025_H3N2,487,0.5622,0.5622
seqneut25to26_sera_3045,A/England/1837734/2025_H3N2,plate21-A/England/1837734/2025_H3N2,1119,1.413,1
seqneut25to26_sera_3045,A/England/1837734/2025_H3N2,plate21-A/England/1837734/2025_H3N2,2575,1.668,1
seqneut25to26_sera_3045,A/England/1837734/2025_H3N2,plate21-A/England/1837734/2025_H3N2,5921,1.017,1
seqneut25to26_sera_3045,A/England/1837734/2025_H3N2,plate21-A/England/1837734/2025_H3N2,1.362e+04,1.554,1
seqneut25to26_sera_3045,A/England/1837737/2025_H3N2,plate21-A/England/1837737/2025_H3N2,40,0.1118,0.1118
seqneut25to26_sera_3045,A/England/1837737/2025_H3N2,plate21-A/England/1837737/2025_H3N2,92,0.5577,0.5577
seqneut25to26_sera_3045,A/England/1837737/2025_H3N2,plate21-A/England/1837737/2025_H3N2,212,0.4782,0.4782
seqneut25to26_sera_3045,A/England/1837737/2025_H3N2,plate21-A/England/1837737/2025_H3N2,487,0.7436,0.7436
seqneut25to26_sera_3045,A/England/1837737/2025_H3N2,plate21-A/England/1837737/2025_H3N2,1119,1.208,1
seqneut25to26_sera_3045,A/England/1837737/2025_H3N2,plate21-A/England/1837737/2025_H3N2,2575,1.418,1
seqneut25to26_sera_3045,A/England/1837737/2025_H3N2,plate21-A/England/1837737/2025_H3N2,5921,1.773,1
seqneut25to26_sera_3045,A/England/1837737/2025_H3N2,plate21-A/England/1837737/2025_H3N2,1.362e+04,1.583,1
seqneut25to26_sera_3045,A/France/ARA-HCL025155099501/2025_H1N1,plate21-A/France/ARA-HCL025155099501/2025_H1N1,40,0.04891,0.04891
seqneut25to26_sera_3045,A/France/ARA-HCL025155099501/2025_H1N1,plate21-A/France/ARA-HCL025155099501/2025_H1N1,92,0.307,0.307
seqneut25to26_sera_3045,A/France/ARA-HCL025155099501/2025_H1N1,plate21-A/France/ARA-HCL025155099501/2025_H1N1,212,0.7483,0.7483
seqneut25to26_sera_3045,A/France/ARA-HCL025155099501/2025_H1N1,plate21-A/France/ARA-HCL025155099501/2025_H1N1,487,0.9147,0.9147
seqneut25to26_sera_3045,A/France/ARA-HCL025155099501/2025_H1N1,plate21-A/France/ARA-HCL025155099501/2025_H1N1,1119,1.25,1
seqneut25to26_sera_3045,A/France/ARA-HCL025155099501/2025_H1N1,plate21-A/France/ARA-HCL025155099501/2025_H1N1,2575,1.291,1
seqneut25to26_sera_3045,A/France/ARA-HCL025155099501/2025_H1N1,plate21-A/France/ARA-HCL025155099501/2025_H1N1,5921,1.265,1
seqneut25to26_sera_3045,A/France/ARA-HCL025155099501/2025_H1N1,plate21-A/France/ARA-HCL025155099501/2025_H1N1,1.362e+04,1.514,1
seqneut25to26_sera_3045,A/Galicia/GA-CHUAC-451/2025_H3N2,plate21-A/Galicia/GA-CHUAC-451/2025_H3N2,40,0.292,0.292
seqneut25to26_sera_3045,A/Galicia/GA-CHUAC-451/2025_H3N2,plate21-A/Galicia/GA-CHUAC-451/2025_H3N2,92,0.6283,0.6283
seqneut25to26_sera_3045,A/Galicia/GA-CHUAC-451/2025_H3N2,plate21-A/Galicia/GA-CHUAC-451/2025_H3N2,212,0.6766,0.6766
seqneut25to26_sera_3045,A/Galicia/GA-CHUAC-451/2025_H3N2,plate21-A/Galicia/GA-CHUAC-451/2025_H3N2,487,0.696,0.696
seqneut25to26_sera_3045,A/Galicia/GA-CHUAC-451/2025_H3N2,plate21-A/Galicia/GA-CHUAC-451/2025_H3N2,1119,1.196,1
seqneut25to26_sera_3045,A/Galicia/GA-CHUAC-451/2025_H3N2,plate21-A/Galicia/GA-CHUAC-451/2025_H3N2,2575,1.264,1
seqneut25to26_sera_3045,A/Galicia/GA-CHUAC-451/2025_H3N2,plate21-A/Galicia/GA-CHUAC-451/2025_H3N2,5921,1.615,1
seqneut25to26_sera_3045,A/Galicia/GA-CHUAC-451/2025_H3N2,plate21-A/Galicia/GA-CHUAC-451/2025_H3N2,1.362e+04,1.799,1
seqneut25to26_sera_3045,A/Ghana/ARI-25-1125/2025_H1N1,plate21-A/Ghana/ARI-25-1125/2025_H1N1,40,0.0148,0.0148
seqneut25to26_sera_3045,A/Ghana/ARI-25-1125/2025_H1N1,plate21-A/Ghana/ARI-25-1125/2025_H1N1,92,0.1443,0.1443
seqneut25to26_sera_3045,A/Ghana/ARI-25-1125/2025_H1N1,plate21-A/Ghana/ARI-25-1125/2025_H1N1,212,0.5117,0.5117
seqneut25to26_sera_3045,A/Ghana/ARI-25-1125/2025_H1N1,plate21-A/Ghana/ARI-25-1125/2025_H1N1,487,0.6687,0.6687
seqneut25to26_sera_3045,A/Ghana/ARI-25-1125/2025_H1N1,plate21-A/Ghana/ARI-25-1125/2025_H1N1,1119,1.083,1
seqneut25to26_sera_3045,A/Ghana/ARI-25-1125/2025_H1N1,plate21-A/Ghana/ARI-25-1125/2025_H1N1,2575,1.277,1
seqneut25to26_sera_3045,A/Ghana/ARI-25-1125/2025_H1N1,plate21-A/Ghana/ARI-25-1125/2025_H1N1,5921,1.125,1
seqneut25to26_sera_3045,A/Ghana/ARI-25-1125/2025_H1N1,plate21-A/Ghana/ARI-25-1125/2025_H1N1,1.362e+04,1.21,1
seqneut25to26_sera_3045,A/Ghana/FS-25-7077/2025_H3N2,plate21-A/Ghana/FS-25-7077/2025_H3N2,40,0.3582,0.3582
seqneut25to26_sera_3045,A/Ghana/FS-25-7077/2025_H3N2,plate21-A/Ghana/FS-25-7077/2025_H3N2,92,0.6101,0.6101
seqneut25to26_sera_3045,A/Ghana/FS-25-7077/2025_H3N2,plate21-A/Ghana/FS-25-7077/2025_H3N2,212,1.004,1
seqneut25to26_sera_3045,A/Ghana/FS-25-7077/2025_H3N2,plate21-A/Ghana/FS-25-7077/2025_H3N2,487,0.8627,0.8627
seqneut25to26_sera_3045,A/Ghana/FS-25-7077/2025_H3N2,plate21-A/Ghana/FS-25-7077/2025_H3N2,1119,1.195,1
seqneut25to26_sera_3045,A/Ghana/FS-25-7077/2025_H3N2,plate21-A/Ghana/FS-25-7077/2025_H3N2,2575,1.578,1
seqneut25to26_sera_3045,A/Ghana/FS-25-7077/2025_H3N2,plate21-A/Ghana/FS-25-7077/2025_H3N2,5921,1.841,1
seqneut25to26_sera_3045,A/Ghana/FS-25-7077/2025_H3N2,plate21-A/Ghana/FS-25-7077/2025_H3N2,1.362e+04,1.61,1
seqneut25to26_sera_3045,A/Guangdong-Maonan/11438/2025_H3N2,plate21-A/Guangdong-Maonan/11438/2025_H3N2,40,0.2357,0.2357
seqneut25to26_sera_3045,A/Guangdong-Maonan/11438/2025_H3N2,plate21-A/Guangdong-Maonan/11438/2025_H3N2,92,0.2624,0.2624
seqneut25to26_sera_3045,A/Guangdong-Maonan/11438/2025_H3N2,plate21-A/Guangdong-Maonan/11438/2025_H3N2,212,0.7141,0.7141
seqneut25to26_sera_3045,A/Guangdong-Maonan/11438/2025_H3N2,plate21-A/Guangdong-Maonan/11438/2025_H3N2,487,0.9678,0.9678
seqneut25to26_sera_3045,A/Guangdong-Maonan/11438/2025_H3N2,plate21-A/Guangdong-Maonan/11438/2025_H3N2,1119,0.811,0.811
seqneut25to26_sera_3045,A/Guangdong-Maonan/11438/2025_H3N2,plate21-A/Guangdong-Maonan/11438/2025_H3N2,2575,1.739,1
seqneut25to26_sera_3045,A/Guangdong-Maonan/11438/2025_H3N2,plate21-A/Guangdong-Maonan/11438/2025_H3N2,5921,1.354,1
seqneut25to26_sera_3045,A/Guangdong-Maonan/11438/2025_H3N2,plate21-A/Guangdong-Maonan/11438/2025_H3N2,1.362e+04,1.597,1
seqneut25to26_sera_3045,A/Guangdong-Meijiang/11256/2025_H3N2,plate21-A/Guangdong-Meijiang/11256/2025_H3N2,40,0.03842,0.03842
seqneut25to26_sera_3045,A/Guangdong-Meijiang/11256/2025_H3N2,plate21-A/Guangdong-Meijiang/11256/2025_H3N2,92,0.288,0.288
seqneut25to26_sera_3045,A/Guangdong-Meijiang/11256/2025_H3N2,plate21-A/Guangdong-Meijiang/11256/2025_H3N2,212,0.3134,0.3134
seqneut25to26_sera_3045,A/Guangdong-Meijiang/11256/2025_H3N2,plate21-A/Guangdong-Meijiang/11256/2025_H3N2,487,0.4978,0.4978
seqneut25to26_sera_3045,A/Guangdong-Meijiang/11256/2025_H3N2,plate21-A/Guangdong-Meijiang/11256/2025_H3N2,1119,0.8287,0.8287
seqneut25to26_sera_3045,A/Guangdong-Meijiang/11256/2025_H3N2,plate21-A/Guangdong-Meijiang/11256/2025_H3N2,2575,0.9906,0.9906
seqneut25to26_sera_3045,A/Guangdong-Meijiang/11256/2025_H3N2,plate21-A/Guangdong-Meijiang/11256/2025_H3N2,5921,1.028,1
seqneut25to26_sera_3045,A/Guangdong-Meijiang/11256/2025_H3N2,plate21-A/Guangdong-Meijiang/11256/2025_H3N2,1.362e+04,1.124,1
seqneut25to26_sera_3045,A/Guangxi-Daxin/1643/2025_H3N2,plate21-A/Guangxi-Daxin/1643/2025_H3N2,40,0.2243,0.2243
seqneut25to26_sera_3045,A/Guangxi-Daxin/1643/2025_H3N2,plate21-A/Guangxi-Daxin/1643/2025_H3N2,92,0.5326,0.5326
seqneut25to26_sera_3045,A/Guangxi-Daxin/1643/2025_H3N2,plate21-A/Guangxi-Daxin/1643/2025_H3N2,212,0.7209,0.7209
seqneut25to26_sera_3045,A/Guangxi-Daxin/1643/2025_H3N2,plate21-A/Guangxi-Daxin/1643/2025_H3N2,487,0.7192,0.7192
seqneut25to26_sera_3045,A/Guangxi-Daxin/1643/2025_H3N2,plate21-A/Guangxi-Daxin/1643/2025_H3N2,1119,1.182,1
seqneut25to26_sera_3045,A/Guangxi-Daxin/1643/2025_H3N2,plate21-A/Guangxi-Daxin/1643/2025_H3N2,2575,1.304,1
seqneut25to26_sera_3045,A/Guangxi-Daxin/1643/2025_H3N2,plate21-A/Guangxi-Daxin/1643/2025_H3N2,5921,1.549,1
seqneut25to26_sera_3045,A/Guangxi-Daxin/1643/2025_H3N2,plate21-A/Guangxi-Daxin/1643/2025_H3N2,1.362e+04,1.527,1
seqneut25to26_sera_3045,A/Guangxi-Qingxiu/SWL11742/2025_H1N1,plate21-A/Guangxi-Qingxiu/SWL11742/2025_H1N1,40,0.02694,0.02694
seqneut25to26_sera_3045,A/Guangxi-Qingxiu/SWL11742/2025_H1N1,plate21-A/Guangxi-Qingxiu/SWL11742/2025_H1N1,92,0.1782,0.1782
seqneut25to26_sera_3045,A/Guangxi-Qingxiu/SWL11742/2025_H1N1,plate21-A/Guangxi-Qingxiu/SWL11742/2025_H1N1,212,0.5163,0.5163
seqneut25to26_sera_3045,A/Guangxi-Qingxiu/SWL11742/2025_H1N1,plate21-A/Guangxi-Qingxiu/SWL11742/2025_H1N1,487,0.5534,0.5534
seqneut25to26_sera_3045,A/Guangxi-Qingxiu/SWL11742/2025_H1N1,plate21-A/Guangxi-Qingxiu/SWL11742/2025_H1N1,1119,1.077,1
seqneut25to26_sera_3045,A/Guangxi-Qingxiu/SWL11742/2025_H1N1,plate21-A/Guangxi-Qingxiu/SWL11742/2025_H1N1,2575,1.112,1
seqneut25to26_sera_3045,A/Guangxi-Qingxiu/SWL11742/2025_H1N1,plate21-A/Guangxi-Qingxiu/SWL11742/2025_H1N1,5921,1.188,1
seqneut25to26_sera_3045,A/Guangxi-Qingxiu/SWL11742/2025_H1N1,plate21-A/Guangxi-Qingxiu/SWL11742/2025_H1N1,1.362e+04,1.107,1
seqneut25to26_sera_3045,A/Hawaii/44/2025_H1N1,plate21-A/Hawaii/44/2025_H1N1,40,0.04685,0.04685
seqneut25to26_sera_3045,A/Hawaii/44/2025_H1N1,plate21-A/Hawaii/44/2025_H1N1,92,0.2889,0.2889
seqneut25to26_sera_3045,A/Hawaii/44/2025_H1N1,plate21-A/Hawaii/44/2025_H1N1,212,0.6788,0.6788
seqneut25to26_sera_3045,A/Hawaii/44/2025_H1N1,plate21-A/Hawaii/44/2025_H1N1,487,0.7543,0.7543
seqneut25to26_sera_3045,A/Hawaii/44/2025_H1N1,plate21-A/Hawaii/44/2025_H1N1,1119,1.122,1
seqneut25to26_sera_3045,A/Hawaii/44/2025_H1N1,plate21-A/Hawaii/44/2025_H1N1,2575,1.237,1
seqneut25to26_sera_3045,A/Hawaii/44/2025_H1N1,plate21-A/Hawaii/44/2025_H1N1,5921,1.207,1
seqneut25to26_sera_3045,A/Hawaii/44/2025_H1N1,plate21-A/Hawaii/44/2025_H1N1,1.362e+04,1.52,1
seqneut25to26_sera_3045,A/Hawaii/70/2019_H1N1,plate21-A/Hawaii/70/2019_H1N1,40,0.0005892,0.0005892
seqneut25to26_sera_3045,A/Hawaii/70/2019_H1N1,plate21-A/Hawaii/70/2019_H1N1,92,0.00132,0.00132
seqneut25to26_sera_3045,A/Hawaii/70/2019_H1N1,plate21-A/Hawaii/70/2019_H1N1,212,0.0008753,0.0008753
seqneut25to26_sera_3045,A/Hawaii/70/2019_H1N1,plate21-A/Hawaii/70/2019_H1N1,487,0.001513,0.001513
seqneut25to26_sera_3045,A/Hawaii/70/2019_H1N1,plate21-A/Hawaii/70/2019_H1N1,1119,0.07721,0.07721
seqneut25to26_sera_3045,A/Hawaii/70/2019_H1N1,plate21-A/Hawaii/70/2019_H1N1,2575,0.48,0.48
seqneut25to26_sera_3045,A/Hawaii/70/2019_H1N1,plate21-A/Hawaii/70/2019_H1N1,5921,0.8605,0.8605
seqneut25to26_sera_3045,A/Hawaii/70/2019_H1N1,plate21-A/Hawaii/70/2019_H1N1,1.362e+04,1.083,1
seqneut25to26_sera_3045,A/HongKong/1257/2025_H3N2,plate21-A/HongKong/1257/2025_H3N2,40,0.0715,0.0715
seqneut25to26_sera_3045,A/HongKong/1257/2025_H3N2,plate21-A/HongKong/1257/2025_H3N2,92,0.4523,0.4523
seqneut25to26_sera_3045,A/HongKong/1257/2025_H3N2,plate21-A/HongKong/1257/2025_H3N2,212,0.5133,0.5133
seqneut25to26_sera_3045,A/HongKong/1257/2025_H3N2,plate21-A/HongKong/1257/2025_H3N2,487,0.5587,0.5587
seqneut25to26_sera_3045,A/HongKong/1257/2025_H3N2,plate21-A/HongKong/1257/2025_H3N2,1119,1.319,1
seqneut25to26_sera_3045,A/HongKong/1257/2025_H3N2,plate21-A/HongKong/1257/2025_H3N2,2575,1.3,1
seqneut25to26_sera_3045,A/HongKong/1257/2025_H3N2,plate21-A/HongKong/1257/2025_H3N2,5921,1.479,1
seqneut25to26_sera_3045,A/HongKong/1257/2025_H3N2,plate21-A/HongKong/1257/2025_H3N2,1.362e+04,1.219,1
seqneut25to26_sera_3045,A/HongKong/1382/2025_H3N2,plate21-A/HongKong/1382/2025_H3N2,40,0.004925,0.004925
seqneut25to26_sera_3045,A/HongKong/1382/2025_H3N2,plate21-A/HongKong/1382/2025_H3N2,92,0.07301,0.07301
seqneut25to26_sera_3045,A/HongKong/1382/2025_H3N2,plate21-A/HongKong/1382/2025_H3N2,212,0.7853,0.7853
seqneut25to26_sera_3045,A/HongKong/1382/2025_H3N2,plate21-A/HongKong/1382/2025_H3N2,487,0.4038,0.4038
seqneut25to26_sera_3045,A/HongKong/1382/2025_H3N2,plate21-A/HongKong/1382/2025_H3N2,1119,1.142,1
seqneut25to26_sera_3045,A/HongKong/1382/2025_H3N2,plate21-A/HongKong/1382/2025_H3N2,2575,1.116,1
seqneut25to26_sera_3045,A/HongKong/1382/2025_H3N2,plate21-A/HongKong/1382/2025_H3N2,5921,1.152,1
seqneut25to26_sera_3045,A/HongKong/1382/2025_H3N2,plate21-A/HongKong/1382/2025_H3N2,1.362e+04,1.418,1
seqneut25to26_sera_3045,A/Indonesia/BIOKES-I-BT074/2025_H3N2,plate21-A/Indonesia/BIOKES-I-BT074/2025_H3N2,40,0.1192,0.1192
seqneut25to26_sera_3045,A/Indonesia/BIOKES-I-BT074/2025_H3N2,plate21-A/Indonesia/BIOKES-I-BT074/2025_H3N2,92,0.4686,0.4686
seqneut25to26_sera_3045,A/Indonesia/BIOKES-I-BT074/2025_H3N2,plate21-A/Indonesia/BIOKES-I-BT074/2025_H3N2,212,1.018,1
seqneut25to26_sera_3045,A/Indonesia/BIOKES-I-BT074/2025_H3N2,plate21-A/Indonesia/BIOKES-I-BT074/2025_H3N2,487,1.053,1
seqneut25to26_sera_3045,A/Indonesia/BIOKES-I-BT074/2025_H3N2,plate21-A/Indonesia/BIOKES-I-BT074/2025_H3N2,1119,1.172,1
seqneut25to26_sera_3045,A/Indonesia/BIOKES-I-BT074/2025_H3N2,plate21-A/Indonesia/BIOKES-I-BT074/2025_H3N2,2575,1.379,1
seqneut25to26_sera_3045,A/Indonesia/BIOKES-I-BT074/2025_H3N2,plate21-A/Indonesia/BIOKES-I-BT074/2025_H3N2,5921,1.369,1
seqneut25to26_sera_3045,A/Indonesia/BIOKES-I-BT074/2025_H3N2,plate21-A/Indonesia/BIOKES-I-BT074/2025_H3N2,1.362e+04,1.597,1
seqneut25to26_sera_3045,A/Indonesia/BIOKES-INAD491/2025_H3N2,plate21-A/Indonesia/BIOKES-INAD491/2025_H3N2,40,0.09414,0.09414
seqneut25to26_sera_3045,A/Indonesia/BIOKES-INAD491/2025_H3N2,plate21-A/Indonesia/BIOKES-INAD491/2025_H3N2,92,0.1774,0.1774
seqneut25to26_sera_3045,A/Indonesia/BIOKES-INAD491/2025_H3N2,plate21-A/Indonesia/BIOKES-INAD491/2025_H3N2,212,0.6134,0.6134
seqneut25to26_sera_3045,A/Indonesia/BIOKES-INAD491/2025_H3N2,plate21-A/Indonesia/BIOKES-INAD491/2025_H3N2,487,0.8367,0.8367
seqneut25to26_sera_3045,A/Indonesia/BIOKES-INAD491/2025_H3N2,plate21-A/Indonesia/BIOKES-INAD491/2025_H3N2,1119,1.251,1
seqneut25to26_sera_3045,A/Indonesia/BIOKES-INAD491/2025_H3N2,plate21-A/Indonesia/BIOKES-INAD491/2025_H3N2,2575,1.25,1
seqneut25to26_sera_3045,A/Indonesia/BIOKES-INAD491/2025_H3N2,plate21-A/Indonesia/BIOKES-INAD491/2025_H3N2,5921,1.683,1
seqneut25to26_sera_3045,A/Indonesia/BIOKES-INAD491/2025_H3N2,plate21-A/Indonesia/BIOKES-INAD491/2025_H3N2,1.362e+04,1.971,1
seqneut25to26_sera_3045,A/Lao/820-2750/2025_H3N2,plate21-A/Lao/820-2750/2025_H3N2,40,0.2503,0.2503
seqneut25to26_sera_3045,A/Lao/820-2750/2025_H3N2,plate21-A/Lao/820-2750/2025_H3N2,92,0.3269,0.3269
seqneut25to26_sera_3045,A/Lao/820-2750/2025_H3N2,plate21-A/Lao/820-2750/2025_H3N2,212,0.3776,0.3776
seqneut25to26_sera_3045,A/Lao/820-2750/2025_H3N2,plate21-A/Lao/820-2750/2025_H3N2,487,1.043,1
seqneut25to26_sera_3045,A/Lao/820-2750/2025_H3N2,plate21-A/Lao/820-2750/2025_H3N2,1119,1.046,1
seqneut25to26_sera_3045,A/Lao/820-2750/2025_H3N2,plate21-A/Lao/820-2750/2025_H3N2,2575,1.189,1
seqneut25to26_sera_3045,A/Lao/820-2750/2025_H3N2,plate21-A/Lao/820-2750/2025_H3N2,5921,1.279,1
seqneut25to26_sera_3045,A/Lao/820-2750/2025_H3N2,plate21-A/Lao/820-2750/2025_H3N2,1.362e+04,1.214,1
seqneut25to26_sera_3045,A/Malaysia/IMR/SARI/2028/2025_H3N2,plate21-A/Malaysia/IMR/SARI/2028/2025_H3N2,40,0.1069,0.1069
seqneut25to26_sera_3045,A/Malaysia/IMR/SARI/2028/2025_H3N2,plate21-A/Malaysia/IMR/SARI/2028/2025_H3N2,92,0.2376,0.2376
seqneut25to26_sera_3045,A/Malaysia/IMR/SARI/2028/2025_H3N2,plate21-A/Malaysia/IMR/SARI/2028/2025_H3N2,212,0.4501,0.4501
seqneut25to26_sera_3045,A/Malaysia/IMR/SARI/2028/2025_H3N2,plate21-A/Malaysia/IMR/SARI/2028/2025_H3N2,487,0.7201,0.7201
seqneut25to26_sera_3045,A/Malaysia/IMR/SARI/2028/2025_H3N2,plate21-A/Malaysia/IMR/SARI/2028/2025_H3N2,1119,0.7245,0.7245
seqneut25to26_sera_3045,A/Malaysia/IMR/SARI/2028/2025_H3N2,plate21-A/Malaysia/IMR/SARI/2028/2025_H3N2,2575,1.46,1
seqneut25to26_sera_3045,A/Malaysia/IMR/SARI/2028/2025_H3N2,plate21-A/Malaysia/IMR/SARI/2028/2025_H3N2,5921,0.9907,0.9907
seqneut25to26_sera_3045,A/Malaysia/IMR/SARI/2028/2025_H3N2,plate21-A/Malaysia/IMR/SARI/2028/2025_H3N2,1.362e+04,1.371,1
seqneut25to26_sera_3045,A/Malaysia/IMR/SARI/2406/2025_H3N2,plate21-A/Malaysia/IMR/SARI/2406/2025_H3N2,40,0.07227,0.07227
seqneut25to26_sera_3045,A/Malaysia/IMR/SARI/2406/2025_H3N2,plate21-A/Malaysia/IMR/SARI/2406/2025_H3N2,92,0.2628,0.2628
seqneut25to26_sera_3045,A/Malaysia/IMR/SARI/2406/2025_H3N2,plate21-A/Malaysia/IMR/SARI/2406/2025_H3N2,212,0.6221,0.6221
seqneut25to26_sera_3045,A/Malaysia/IMR/SARI/2406/2025_H3N2,plate21-A/Malaysia/IMR/SARI/2406/2025_H3N2,487,0.6919,0.6919
seqneut25to26_sera_3045,A/Malaysia/IMR/SARI/2406/2025_H3N2,plate21-A/Malaysia/IMR/SARI/2406/2025_H3N2,1119,1.258,1
seqneut25to26_sera_3045,A/Malaysia/IMR/SARI/2406/2025_H3N2,plate21-A/Malaysia/IMR/SARI/2406/2025_H3N2,2575,1.081,1
seqneut25to26_sera_3045,A/Malaysia/IMR/SARI/2406/2025_H3N2,plate21-A/Malaysia/IMR/SARI/2406/2025_H3N2,5921,1.199,1
seqneut25to26_sera_3045,A/Malaysia/IMR/SARI/2406/2025_H3N2,plate21-A/Malaysia/IMR/SARI/2406/2025_H3N2,1.362e+04,1.354,1
seqneut25to26_sera_3045,A/Malaysia/IMR/SARI/2517/2025_H3N2,plate21-A/Malaysia/IMR/SARI/2517/2025_H3N2,40,0.2311,0.2311
seqneut25to26_sera_3045,A/Malaysia/IMR/SARI/2517/2025_H3N2,plate21-A/Malaysia/IMR/SARI/2517/2025_H3N2,92,0.4908,0.4908
seqneut25to26_sera_3045,A/Malaysia/IMR/SARI/2517/2025_H3N2,plate21-A/Malaysia/IMR/SARI/2517/2025_H3N2,212,0.8691,0.8691
seqneut25to26_sera_3045,A/Malaysia/IMR/SARI/2517/2025_H3N2,plate21-A/Malaysia/IMR/SARI/2517/2025_H3N2,487,0.9831,0.9831
seqneut25to26_sera_3045,A/Malaysia/IMR/SARI/2517/2025_H3N2,plate21-A/Malaysia/IMR/SARI/2517/2025_H3N2,1119,1.23,1
seqneut25to26_sera_3045,A/Malaysia/IMR/SARI/2517/2025_H3N2,plate21-A/Malaysia/IMR/SARI/2517/2025_H3N2,2575,1.706,1
seqneut25to26_sera_3045,A/Malaysia/IMR/SARI/2517/2025_H3N2,plate21-A/Malaysia/IMR/SARI/2517/2025_H3N2,5921,1.288,1
seqneut25to26_sera_3045,A/Malaysia/IMR/SARI/2517/2025_H3N2,plate21-A/Malaysia/IMR/SARI/2517/2025_H3N2,1.362e+04,1.54,1
seqneut25to26_sera_3045,A/Massachusetts/18/2022_H3N2,plate21-A/Massachusetts/18/2022_H3N2,40,0.2179,0.2179
seqneut25to26_sera_3045,A/Massachusetts/18/2022_H3N2,plate21-A/Massachusetts/18/2022_H3N2,92,0.5113,0.5113
seqneut25to26_sera_3045,A/Massachusetts/18/2022_H3N2,plate21-A/Massachusetts/18/2022_H3N2,212,1.066,1
seqneut25to26_sera_3045,A/Massachusetts/18/2022_H3N2,plate21-A/Massachusetts/18/2022_H3N2,487,0.9418,0.9418
seqneut25to26_sera_3045,A/Massachusetts/18/2022_H3N2,plate21-A/Massachusetts/18/2022_H3N2,1119,1.46,1
seqneut25to26_sera_3045,A/Massachusetts/18/2022_H3N2,plate21-A/Massachusetts/18/2022_H3N2,2575,1.333,1
seqneut25to26_sera_3045,A/Massachusetts/18/2022_H3N2,plate21-A/Massachusetts/18/2022_H3N2,5921,1.265,1
seqneut25to26_sera_3045,A/Massachusetts/18/2022_H3N2,plate21-A/Massachusetts/18/2022_H3N2,1.362e+04,1.644,1
seqneut25to26_sera_3045,A/Michigan/110/2025_H3N2,plate21-A/Michigan/110/2025_H3N2,40,0.1306,0.1306
seqneut25to26_sera_3045,A/Michigan/110/2025_H3N2,plate21-A/Michigan/110/2025_H3N2,92,0.3971,0.3971
seqneut25to26_sera_3045,A/Michigan/110/2025_H3N2,plate21-A/Michigan/110/2025_H3N2,212,0.6882,0.6882
seqneut25to26_sera_3045,A/Michigan/110/2025_H3N2,plate21-A/Michigan/110/2025_H3N2,487,0.5357,0.5357
seqneut25to26_sera_3045,A/Michigan/110/2025_H3N2,plate21-A/Michigan/110/2025_H3N2,1119,1.221,1
seqneut25to26_sera_3045,A/Michigan/110/2025_H3N2,plate21-A/Michigan/110/2025_H3N2,2575,1.334,1
seqneut25to26_sera_3045,A/Michigan/110/2025_H3N2,plate21-A/Michigan/110/2025_H3N2,5921,1.234,1
seqneut25to26_sera_3045,A/Michigan/110/2025_H3N2,plate21-A/Michigan/110/2025_H3N2,1.362e+04,1.382,1
seqneut25to26_sera_3045,A/Minnesota/96/2025_H3N2,plate21-A/Minnesota/96/2025_H3N2,40,0.05662,0.05662
seqneut25to26_sera_3045,A/Minnesota/96/2025_H3N2,plate21-A/Minnesota/96/2025_H3N2,92,0.1807,0.1807
seqneut25to26_sera_3045,A/Minnesota/96/2025_H3N2,plate21-A/Minnesota/96/2025_H3N2,212,0.3711,0.3711
seqneut25to26_sera_3045,A/Minnesota/96/2025_H3N2,plate21-A/Minnesota/96/2025_H3N2,487,0.5208,0.5208
seqneut25to26_sera_3045,A/Minnesota/96/2025_H3N2,plate21-A/Minnesota/96/2025_H3N2,1119,1.007,1
seqneut25to26_sera_3045,A/Minnesota/96/2025_H3N2,plate21-A/Minnesota/96/2025_H3N2,2575,1.263,1
seqneut25to26_sera_3045,A/Minnesota/96/2025_H3N2,plate21-A/Minnesota/96/2025_H3N2,5921,1.746,1
seqneut25to26_sera_3045,A/Minnesota/96/2025_H3N2,plate21-A/Minnesota/96/2025_H3N2,1.362e+04,1.957,1
seqneut25to26_sera_3045,A/Missouri/11/2025_H1N1,plate21-A/Missouri/11/2025_H1N1,40,0.08382,0.08382
seqneut25to26_sera_3045,A/Missouri/11/2025_H1N1,plate21-A/Missouri/11/2025_H1N1,92,0.3975,0.3975
seqneut25to26_sera_3045,A/Missouri/11/2025_H1N1,plate21-A/Missouri/11/2025_H1N1,212,0.5099,0.5099
seqneut25to26_sera_3045,A/Missouri/11/2025_H1N1,plate21-A/Missouri/11/2025_H1N1,487,0.7962,0.7962
seqneut25to26_sera_3045,A/Missouri/11/2025_H1N1,plate21-A/Missouri/11/2025_H1N1,1119,1.126,1
seqneut25to26_sera_3045,A/Missouri/11/2025_H1N1,plate21-A/Missouri/11/2025_H1N1,2575,1.084,1
seqneut25to26_sera_3045,A/Missouri/11/2025_H1N1,plate21-A/Missouri/11/2025_H1N1,5921,1.197,1
seqneut25to26_sera_3045,A/Missouri/11/2025_H1N1,plate21-A/Missouri/11/2025_H1N1,1.362e+04,1.42,1
seqneut25to26_sera_3045,A/NewSouthWales/2526015582/2025_H3N2,plate21-A/NewSouthWales/2526015582/2025_H3N2,40,0.2519,0.2519
seqneut25to26_sera_3045,A/NewSouthWales/2526015582/2025_H3N2,plate21-A/NewSouthWales/2526015582/2025_H3N2,92,0.6013,0.6013
seqneut25to26_sera_3045,A/NewSouthWales/2526015582/2025_H3N2,plate21-A/NewSouthWales/2526015582/2025_H3N2,212,0.5855,0.5855
seqneut25to26_sera_3045,A/NewSouthWales/2526015582/2025_H3N2,plate21-A/NewSouthWales/2526015582/2025_H3N2,487,0.8176,0.8176
seqneut25to26_sera_3045,A/NewSouthWales/2526015582/2025_H3N2,plate21-A/NewSouthWales/2526015582/2025_H3N2,1119,1.235,1
seqneut25to26_sera_3045,A/NewSouthWales/2526015582/2025_H3N2,plate21-A/NewSouthWales/2526015582/2025_H3N2,2575,1.218,1
seqneut25to26_sera_3045,A/NewSouthWales/2526015582/2025_H3N2,plate21-A/NewSouthWales/2526015582/2025_H3N2,5921,1.413,1
seqneut25to26_sera_3045,A/NewSouthWales/2526015582/2025_H3N2,plate21-A/NewSouthWales/2526015582/2025_H3N2,1.362e+04,1.46,1
seqneut25to26_sera_3045,A/NewSouthWales/2526015584/2025_H3N2,plate21-A/NewSouthWales/2526015584/2025_H3N2,40,0.05493,0.05493
seqneut25to26_sera_3045,A/NewSouthWales/2526015584/2025_H3N2,plate21-A/NewSouthWales/2526015584/2025_H3N2,92,0.3216,0.3216
seqneut25to26_sera_3045,A/NewSouthWales/2526015584/2025_H3N2,plate21-A/NewSouthWales/2526015584/2025_H3N2,212,0.5133,0.5133
seqneut25to26_sera_3045,A/NewSouthWales/2526015584/2025_H3N2,plate21-A/NewSouthWales/2526015584/2025_H3N2,487,0.7233,0.7233
seqneut25to26_sera_3045,A/NewSouthWales/2526015584/2025_H3N2,plate21-A/NewSouthWales/2526015584/2025_H3N2,1119,1.031,1
seqneut25to26_sera_3045,A/NewSouthWales/2526015584/2025_H3N2,plate21-A/NewSouthWales/2526015584/2025_H3N2,2575,1.128,1
seqneut25to26_sera_3045,A/NewSouthWales/2526015584/2025_H3N2,plate21-A/NewSouthWales/2526015584/2025_H3N2,5921,1.489,1
seqneut25to26_sera_3045,A/NewSouthWales/2526015584/2025_H3N2,plate21-A/NewSouthWales/2526015584/2025_H3N2,1.362e+04,1.118,1
seqneut25to26_sera_3045,A/Norway/8765/2025_H3N2,plate21-A/Norway/8765/2025_H3N2,40,0.1751,0.1751
seqneut25to26_sera_3045,A/Norway/8765/2025_H3N2,plate21-A/Norway/8765/2025_H3N2,92,0.3225,0.3225
seqneut25to26_sera_3045,A/Norway/8765/2025_H3N2,plate21-A/Norway/8765/2025_H3N2,212,0.7666,0.7666
seqneut25to26_sera_3045,A/Norway/8765/2025_H3N2,plate21-A/Norway/8765/2025_H3N2,487,1.041,1
seqneut25to26_sera_3045,A/Norway/8765/2025_H3N2,plate21-A/Norway/8765/2025_H3N2,1119,1.063,1
seqneut25to26_sera_3045,A/Norway/8765/2025_H3N2,plate21-A/Norway/8765/2025_H3N2,2575,1.233,1
seqneut25to26_sera_3045,A/Norway/8765/2025_H3N2,plate21-A/Norway/8765/2025_H3N2,5921,1.308,1
seqneut25to26_sera_3045,A/Norway/8765/2025_H3N2,plate21-A/Norway/8765/2025_H3N2,1.362e+04,1.451,1
seqneut25to26_sera_3045,A/Norway/8976/2025_H3N2,plate21-A/Norway/8976/2025_H3N2,40,0.1181,0.1181
seqneut25to26_sera_3045,A/Norway/8976/2025_H3N2,plate21-A/Norway/8976/2025_H3N2,92,0.3617,0.3617
seqneut25to26_sera_3045,A/Norway/8976/2025_H3N2,plate21-A/Norway/8976/2025_H3N2,212,0.6147,0.6147
seqneut25to26_sera_3045,A/Norway/8976/2025_H3N2,plate21-A/Norway/8976/2025_H3N2,487,1.06,1
seqneut25to26_sera_3045,A/Norway/8976/2025_H3N2,plate21-A/Norway/8976/2025_H3N2,1119,1.094,1
seqneut25to26_sera_3045,A/Norway/8976/2025_H3N2,plate21-A/Norway/8976/2025_H3N2,2575,1.353,1
seqneut25to26_sera_3045,A/Norway/8976/2025_H3N2,plate21-A/Norway/8976/2025_H3N2,5921,1.623,1
seqneut25to26_sera_3045,A/Norway/8976/2025_H3N2,plate21-A/Norway/8976/2025_H3N2,1.362e+04,1.631,1
seqneut25to26_sera_3045,A/Norway/9107/2025_H1N1,plate21-A/Norway/9107/2025_H1N1,40,0.03375,0.03375
seqneut25to26_sera_3045,A/Norway/9107/2025_H1N1,plate21-A/Norway/9107/2025_H1N1,92,0.2246,0.2246
seqneut25to26_sera_3045,A/Norway/9107/2025_H1N1,plate21-A/Norway/9107/2025_H1N1,212,0.5912,0.5912
seqneut25to26_sera_3045,A/Norway/9107/2025_H1N1,plate21-A/Norway/9107/2025_H1N1,487,0.6481,0.6481
seqneut25to26_sera_3045,A/Norway/9107/2025_H1N1,plate21-A/Norway/9107/2025_H1N1,1119,0.9913,0.9913
seqneut25to26_sera_3045,A/Norway/9107/2025_H1N1,plate21-A/Norway/9107/2025_H1N1,2575,1.19,1
seqneut25to26_sera_3045,A/Norway/9107/2025_H1N1,plate21-A/Norway/9107/2025_H1N1,5921,1.255,1
seqneut25to26_sera_3045,A/Norway/9107/2025_H1N1,plate21-A/Norway/9107/2025_H1N1,1.362e+04,1.223,1
seqneut25to26_sera_3045,A/Norway/9556/2025_H1N1,plate21-A/Norway/9556/2025_H1N1,40,0.04404,0.04404
seqneut25to26_sera_3045,A/Norway/9556/2025_H1N1,plate21-A/Norway/9556/2025_H1N1,92,0.3128,0.3128
seqneut25to26_sera_3045,A/Norway/9556/2025_H1N1,plate21-A/Norway/9556/2025_H1N1,212,0.7505,0.7505
seqneut25to26_sera_3045,A/Norway/9556/2025_H1N1,plate21-A/Norway/9556/2025_H1N1,487,0.7912,0.7912
seqneut25to26_sera_3045,A/Norway/9556/2025_H1N1,plate21-A/Norway/9556/2025_H1N1,1119,1.003,1
seqneut25to26_sera_3045,A/Norway/9556/2025_H1N1,plate21-A/Norway/9556/2025_H1N1,2575,1.28,1
seqneut25to26_sera_3045,A/Norway/9556/2025_H1N1,plate21-A/Norway/9556/2025_H1N1,5921,1.246,1
seqneut25to26_sera_3045,A/Norway/9556/2025_H1N1,plate21-A/Norway/9556/2025_H1N1,1.362e+04,1.5,1
seqneut25to26_sera_3045,A/Peru/GIHSN-04-1089/2025_H3N2,plate21-A/Peru/GIHSN-04-1089/2025_H3N2,40,0.08632,0.08632
seqneut25to26_sera_3045,A/Peru/GIHSN-04-1089/2025_H3N2,plate21-A/Peru/GIHSN-04-1089/2025_H3N2,92,0.2808,0.2808
seqneut25to26_sera_3045,A/Peru/GIHSN-04-1089/2025_H3N2,plate21-A/Peru/GIHSN-04-1089/2025_H3N2,212,0.6568,0.6568
seqneut25to26_sera_3045,A/Peru/GIHSN-04-1089/2025_H3N2,plate21-A/Peru/GIHSN-04-1089/2025_H3N2,487,0.691,0.691
seqneut25to26_sera_3045,A/Peru/GIHSN-04-1089/2025_H3N2,plate21-A/Peru/GIHSN-04-1089/2025_H3N2,1119,0.9911,0.9911
seqneut25to26_sera_3045,A/Peru/GIHSN-04-1089/2025_H3N2,plate21-A/Peru/GIHSN-04-1089/2025_H3N2,2575,1.392,1
seqneut25to26_sera_3045,A/Peru/GIHSN-04-1089/2025_H3N2,plate21-A/Peru/GIHSN-04-1089/2025_H3N2,5921,1.491,1
seqneut25to26_sera_3045,A/Peru/GIHSN-04-1089/2025_H3N2,plate21-A/Peru/GIHSN-04-1089/2025_H3N2,1.362e+04,1.563,1
seqneut25to26_sera_3045,A/Philippines/SARI25-1425/2025_H1N1,plate21-A/Philippines/SARI25-1425/2025_H1N1,40,0.01505,0.01505
seqneut25to26_sera_3045,A/Philippines/SARI25-1425/2025_H1N1,plate21-A/Philippines/SARI25-1425/2025_H1N1,92,0.1311,0.1311
seqneut25to26_sera_3045,A/Philippines/SARI25-1425/2025_H1N1,plate21-A/Philippines/SARI25-1425/2025_H1N1,212,0.4997,0.4997
seqneut25to26_sera_3045,A/Philippines/SARI25-1425/2025_H1N1,plate21-A/Philippines/SARI25-1425/2025_H1N1,487,0.6781,0.6781
seqneut25to26_sera_3045,A/Philippines/SARI25-1425/2025_H1N1,plate21-A/Philippines/SARI25-1425/2025_H1N1,1119,0.784,0.784
seqneut25to26_sera_3045,A/Philippines/SARI25-1425/2025_H1N1,plate21-A/Philippines/SARI25-1425/2025_H1N1,2575,1.148,1
seqneut25to26_sera_3045,A/Philippines/SARI25-1425/2025_H1N1,plate21-A/Philippines/SARI25-1425/2025_H1N1,5921,1.04,1
seqneut25to26_sera_3045,A/Philippines/SARI25-1425/2025_H1N1,plate21-A/Philippines/SARI25-1425/2025_H1N1,1.362e+04,0.9093,0.9093
seqneut25to26_sera_3045,A/Queensland/2526516675/2025_H3N2,plate21-A/Queensland/2526516675/2025_H3N2,40,0.1475,0.1475
seqneut25to26_sera_3045,A/Queensland/2526516675/2025_H3N2,plate21-A/Queensland/2526516675/2025_H3N2,92,0.4504,0.4504
seqneut25to26_sera_3045,A/Queensland/2526516675/2025_H3N2,plate21-A/Queensland/2526516675/2025_H3N2,212,0.6113,0.6113
seqneut25to26_sera_3045,A/Queensland/2526516675/2025_H3N2,plate21-A/Queensland/2526516675/2025_H3N2,487,0.8959,0.8959
seqneut25to26_sera_3045,A/Queensland/2526516675/2025_H3N2,plate21-A/Queensland/2526516675/2025_H3N2,1119,1.028,1
seqneut25to26_sera_3045,A/Queensland/2526516675/2025_H3N2,plate21-A/Queensland/2526516675/2025_H3N2,2575,1.431,1
seqneut25to26_sera_3045,A/Queensland/2526516675/2025_H3N2,plate21-A/Queensland/2526516675/2025_H3N2,5921,1.407,1
seqneut25to26_sera_3045,A/Queensland/2526516675/2025_H3N2,plate21-A/Queensland/2526516675/2025_H3N2,1.362e+04,1.659,1
seqneut25to26_sera_3045,A/SouthAfrica/PET37604/2025_H3N2,plate21-A/SouthAfrica/PET37604/2025_H3N2,40,0.05146,0.05146
seqneut25to26_sera_3045,A/SouthAfrica/PET37604/2025_H3N2,plate21-A/SouthAfrica/PET37604/2025_H3N2,92,0.1745,0.1745
seqneut25to26_sera_3045,A/SouthAfrica/PET37604/2025_H3N2,plate21-A/SouthAfrica/PET37604/2025_H3N2,212,0.5163,0.5163
seqneut25to26_sera_3045,A/SouthAfrica/PET37604/2025_H3N2,plate21-A/SouthAfrica/PET37604/2025_H3N2,487,0.5494,0.5494
seqneut25to26_sera_3045,A/SouthAfrica/PET37604/2025_H3N2,plate21-A/SouthAfrica/PET37604/2025_H3N2,1119,0.8003,0.8003
seqneut25to26_sera_3045,A/SouthAfrica/PET37604/2025_H3N2,plate21-A/SouthAfrica/PET37604/2025_H3N2,2575,0.9362,0.9362
seqneut25to26_sera_3045,A/SouthAfrica/PET37604/2025_H3N2,plate21-A/SouthAfrica/PET37604/2025_H3N2,5921,1.124,1
seqneut25to26_sera_3045,A/SouthAfrica/PET37604/2025_H3N2,plate21-A/SouthAfrica/PET37604/2025_H3N2,1.362e+04,1.29,1
seqneut25to26_sera_3045,A/SouthAfrica/PET37625/2025_H3N2,plate21-A/SouthAfrica/PET37625/2025_H3N2,40,0.1114,0.1114
seqneut25to26_sera_3045,A/SouthAfrica/PET37625/2025_H3N2,plate21-A/SouthAfrica/PET37625/2025_H3N2,92,0.2534,0.2534
seqneut25to26_sera_3045,A/SouthAfrica/PET37625/2025_H3N2,plate21-A/SouthAfrica/PET37625/2025_H3N2,212,0.5374,0.5374
seqneut25to26_sera_3045,A/SouthAfrica/PET37625/2025_H3N2,plate21-A/SouthAfrica/PET37625/2025_H3N2,487,0.6368,0.6368
seqneut25to26_sera_3045,A/SouthAfrica/PET37625/2025_H3N2,plate21-A/SouthAfrica/PET37625/2025_H3N2,1119,1.207,1
seqneut25to26_sera_3045,A/SouthAfrica/PET37625/2025_H3N2,plate21-A/SouthAfrica/PET37625/2025_H3N2,2575,1.662,1
seqneut25to26_sera_3045,A/SouthAfrica/PET37625/2025_H3N2,plate21-A/SouthAfrica/PET37625/2025_H3N2,5921,1.302,1
seqneut25to26_sera_3045,A/SouthAfrica/PET37625/2025_H3N2,plate21-A/SouthAfrica/PET37625/2025_H3N2,1.362e+04,1.742,1
seqneut25to26_sera_3045,A/SouthAustralia/2519001037/2025_H1N1,plate21-A/SouthAustralia/2519001037/2025_H1N1,40,0.03638,0.03638
seqneut25to26_sera_3045,A/SouthAustralia/2519001037/2025_H1N1,plate21-A/SouthAustralia/2519001037/2025_H1N1,92,0.1451,0.1451
seqneut25to26_sera_3045,A/SouthAustralia/2519001037/2025_H1N1,plate21-A/SouthAustralia/2519001037/2025_H1N1,212,0.3954,0.3954
seqneut25to26_sera_3045,A/SouthAustralia/2519001037/2025_H1N1,plate21-A/SouthAustralia/2519001037/2025_H1N1,487,0.6417,0.6417
seqneut25to26_sera_3045,A/SouthAustralia/2519001037/2025_H1N1,plate21-A/SouthAustralia/2519001037/2025_H1N1,1119,0.8375,0.8375
seqneut25to26_sera_3045,A/SouthAustralia/2519001037/2025_H1N1,plate21-A/SouthAustralia/2519001037/2025_H1N1,2575,1.062,1
seqneut25to26_sera_3045,A/SouthAustralia/2519001037/2025_H1N1,plate21-A/SouthAustralia/2519001037/2025_H1N1,5921,1.136,1
seqneut25to26_sera_3045,A/SouthAustralia/2519001037/2025_H1N1,plate21-A/SouthAustralia/2519001037/2025_H1N1,1.362e+04,0.9997,0.9997
seqneut25to26_sera_3045,A/SouthAustralia/2520702747/2025_H1N1,plate21-A/SouthAustralia/2520702747/2025_H1N1,40,0.0295,0.0295
seqneut25to26_sera_3045,A/SouthAustralia/2520702747/2025_H1N1,plate21-A/SouthAustralia/2520702747/2025_H1N1,92,0.1877,0.1877
seqneut25to26_sera_3045,A/SouthAustralia/2520702747/2025_H1N1,plate21-A/SouthAustralia/2520702747/2025_H1N1,212,0.5696,0.5696
seqneut25to26_sera_3045,A/SouthAustralia/2520702747/2025_H1N1,plate21-A/SouthAustralia/2520702747/2025_H1N1,487,0.8665,0.8665
seqneut25to26_sera_3045,A/SouthAustralia/2520702747/2025_H1N1,plate21-A/SouthAustralia/2520702747/2025_H1N1,1119,1.085,1
seqneut25to26_sera_3045,A/SouthAustralia/2520702747/2025_H1N1,plate21-A/SouthAustralia/2520702747/2025_H1N1,2575,1.022,1
seqneut25to26_sera_3045,A/SouthAustralia/2520702747/2025_H1N1,plate21-A/SouthAustralia/2520702747/2025_H1N1,5921,1.175,1
seqneut25to26_sera_3045,A/SouthAustralia/2520702747/2025_H1N1,plate21-A/SouthAustralia/2520702747/2025_H1N1,1.362e+04,1.086,1
seqneut25to26_sera_3045,A/SouthAustralia/2523012764/2025_H1N1,plate21-A/SouthAustralia/2523012764/2025_H1N1,40,0.03141,0.03141
seqneut25to26_sera_3045,A/SouthAustralia/2523012764/2025_H1N1,plate21-A/SouthAustralia/2523012764/2025_H1N1,92,0.1657,0.1657
seqneut25to26_sera_3045,A/SouthAustralia/2523012764/2025_H1N1,plate21-A/SouthAustralia/2523012764/2025_H1N1,212,0.542,0.542
seqneut25to26_sera_3045,A/SouthAustralia/2523012764/2025_H1N1,plate21-A/SouthAustralia/2523012764/2025_H1N1,487,0.6172,0.6172
seqneut25to26_sera_3045,A/SouthAustralia/2523012764/2025_H1N1,plate21-A/SouthAustralia/2523012764/2025_H1N1,1119,0.769,0.769
seqneut25to26_sera_3045,A/SouthAustralia/2523012764/2025_H1N1,plate21-A/SouthAustralia/2523012764/2025_H1N1,2575,0.9944,0.9944
seqneut25to26_sera_3045,A/SouthAustralia/2523012764/2025_H1N1,plate21-A/SouthAustralia/2523012764/2025_H1N1,5921,1.249,1
seqneut25to26_sera_3045,A/SouthAustralia/2523012764/2025_H1N1,plate21-A/SouthAustralia/2523012764/2025_H1N1,1.362e+04,1.54,1
seqneut25to26_sera_3045,A/SouthAustralia/2523812314/2025_H3N2,plate21-A/SouthAustralia/2523812314/2025_H3N2,40,0.1336,0.1336
seqneut25to26_sera_3045,A/SouthAustralia/2523812314/2025_H3N2,plate21-A/SouthAustralia/2523812314/2025_H3N2,92,0.3785,0.3785
seqneut25to26_sera_3045,A/SouthAustralia/2523812314/2025_H3N2,plate21-A/SouthAustralia/2523812314/2025_H3N2,212,0.4926,0.4926
seqneut25to26_sera_3045,A/SouthAustralia/2523812314/2025_H3N2,plate21-A/SouthAustralia/2523812314/2025_H3N2,487,0.9173,0.9173
seqneut25to26_sera_3045,A/SouthAustralia/2523812314/2025_H3N2,plate21-A/SouthAustralia/2523812314/2025_H3N2,1119,1.154,1
seqneut25to26_sera_3045,A/SouthAustralia/2523812314/2025_H3N2,plate21-A/SouthAustralia/2523812314/2025_H3N2,2575,1.362,1
seqneut25to26_sera_3045,A/SouthAustralia/2523812314/2025_H3N2,plate21-A/SouthAustralia/2523812314/2025_H3N2,5921,1.522,1
seqneut25to26_sera_3045,A/SouthAustralia/2523812314/2025_H3N2,plate21-A/SouthAustralia/2523812314/2025_H3N2,1.362e+04,1.372,1
seqneut25to26_sera_3045,A/SouthAustralia/2524408801/2025_H3N2,plate21-A/SouthAustralia/2524408801/2025_H3N2,40,0.142,0.142
seqneut25to26_sera_3045,A/SouthAustralia/2524408801/2025_H3N2,plate21-A/SouthAustralia/2524408801/2025_H3N2,92,0.6939,0.6939
seqneut25to26_sera_3045,A/SouthAustralia/2524408801/2025_H3N2,plate21-A/SouthAustralia/2524408801/2025_H3N2,212,0.7229,0.7229
seqneut25to26_sera_3045,A/SouthAustralia/2524408801/2025_H3N2,plate21-A/SouthAustralia/2524408801/2025_H3N2,487,0.9083,0.9083
seqneut25to26_sera_3045,A/SouthAustralia/2524408801/2025_H3N2,plate21-A/SouthAustralia/2524408801/2025_H3N2,1119,1.125,1
seqneut25to26_sera_3045,A/SouthAustralia/2524408801/2025_H3N2,plate21-A/SouthAustralia/2524408801/2025_H3N2,2575,1.286,1
seqneut25to26_sera_3045,A/SouthAustralia/2524408801/2025_H3N2,plate21-A/SouthAustralia/2524408801/2025_H3N2,5921,1.577,1
seqneut25to26_sera_3045,A/SouthAustralia/2524408801/2025_H3N2,plate21-A/SouthAustralia/2524408801/2025_H3N2,1.362e+04,1.518,1
seqneut25to26_sera_3045,A/SouthAustralia/2524712956/2025_H1N1,plate21-A/SouthAustralia/2524712956/2025_H1N1,40,0.04413,0.04413
seqneut25to26_sera_3045,A/SouthAustralia/2524712956/2025_H1N1,plate21-A/SouthAustralia/2524712956/2025_H1N1,92,0.1735,0.1735
seqneut25to26_sera_3045,A/SouthAustralia/2524712956/2025_H1N1,plate21-A/SouthAustralia/2524712956/2025_H1N1,212,0.554,0.554
seqneut25to26_sera_3045,A/SouthAustralia/2524712956/2025_H1N1,plate21-A/SouthAustralia/2524712956/2025_H1N1,487,0.6713,0.6713
seqneut25to26_sera_3045,A/SouthAustralia/2524712956/2025_H1N1,plate21-A/SouthAustralia/2524712956/2025_H1N1,1119,1.104,1
seqneut25to26_sera_3045,A/SouthAustralia/2524712956/2025_H1N1,plate21-A/SouthAustralia/2524712956/2025_H1N1,2575,1.188,1
seqneut25to26_sera_3045,A/SouthAustralia/2524712956/2025_H1N1,plate21-A/SouthAustralia/2524712956/2025_H1N1,5921,1.064,1
seqneut25to26_sera_3045,A/SouthAustralia/2524712956/2025_H1N1,plate21-A/SouthAustralia/2524712956/2025_H1N1,1.362e+04,1.099,1
seqneut25to26_sera_3045,A/SouthAustralia/2525607496/2025_H3N2,plate21-A/SouthAustralia/2525607496/2025_H3N2,40,0.3724,0.3724
seqneut25to26_sera_3045,A/SouthAustralia/2525607496/2025_H3N2,plate21-A/SouthAustralia/2525607496/2025_H3N2,92,0.304,0.304
seqneut25to26_sera_3045,A/SouthAustralia/2525607496/2025_H3N2,plate21-A/SouthAustralia/2525607496/2025_H3N2,212,0.8762,0.8762
seqneut25to26_sera_3045,A/SouthAustralia/2525607496/2025_H3N2,plate21-A/SouthAustralia/2525607496/2025_H3N2,487,0.8654,0.8654
seqneut25to26_sera_3045,A/SouthAustralia/2525607496/2025_H3N2,plate21-A/SouthAustralia/2525607496/2025_H3N2,1119,1.361,1
seqneut25to26_sera_3045,A/SouthAustralia/2525607496/2025_H3N2,plate21-A/SouthAustralia/2525607496/2025_H3N2,2575,1.257,1
seqneut25to26_sera_3045,A/SouthAustralia/2525607496/2025_H3N2,plate21-A/SouthAustralia/2525607496/2025_H3N2,5921,1.451,1
seqneut25to26_sera_3045,A/SouthAustralia/2525607496/2025_H3N2,plate21-A/SouthAustralia/2525607496/2025_H3N2,1.362e+04,1.554,1
seqneut25to26_sera_3045,A/SouthAustralia/2527003588/2025_H3N2,plate21-A/SouthAustralia/2527003588/2025_H3N2,40,0.1979,0.1979
seqneut25to26_sera_3045,A/SouthAustralia/2527003588/2025_H3N2,plate21-A/SouthAustralia/2527003588/2025_H3N2,92,0.3648,0.3648
seqneut25to26_sera_3045,A/SouthAustralia/2527003588/2025_H3N2,plate21-A/SouthAustralia/2527003588/2025_H3N2,212,0.7834,0.7834
seqneut25to26_sera_3045,A/SouthAustralia/2527003588/2025_H3N2,plate21-A/SouthAustralia/2527003588/2025_H3N2,487,1.215,1
seqneut25to26_sera_3045,A/SouthAustralia/2527003588/2025_H3N2,plate21-A/SouthAustralia/2527003588/2025_H3N2,1119,1.017,1
seqneut25to26_sera_3045,A/SouthAustralia/2527003588/2025_H3N2,plate21-A/SouthAustralia/2527003588/2025_H3N2,2575,1.472,1
seqneut25to26_sera_3045,A/SouthAustralia/2527003588/2025_H3N2,plate21-A/SouthAustralia/2527003588/2025_H3N2,5921,1.66,1
seqneut25to26_sera_3045,A/SouthAustralia/2527003588/2025_H3N2,plate21-A/SouthAustralia/2527003588/2025_H3N2,1.362e+04,1.185,1
seqneut25to26_sera_3045,A/SouthAustralia/2527213276/2025_H3N2,plate21-A/SouthAustralia/2527213276/2025_H3N2,40,0.04834,0.04834
seqneut25to26_sera_3045,A/SouthAustralia/2527213276/2025_H3N2,plate21-A/SouthAustralia/2527213276/2025_H3N2,92,0.1397,0.1397
seqneut25to26_sera_3045,A/SouthAustralia/2527213276/2025_H3N2,plate21-A/SouthAustralia/2527213276/2025_H3N2,212,0.4339,0.4339
seqneut25to26_sera_3045,A/SouthAustralia/2527213276/2025_H3N2,plate21-A/SouthAustralia/2527213276/2025_H3N2,487,0.3928,0.3928
seqneut25to26_sera_3045,A/SouthAustralia/2527213276/2025_H3N2,plate21-A/SouthAustralia/2527213276/2025_H3N2,1119,0.5461,0.5461
seqneut25to26_sera_3045,A/SouthAustralia/2527213276/2025_H3N2,plate21-A/SouthAustralia/2527213276/2025_H3N2,2575,0.8803,0.8803
seqneut25to26_sera_3045,A/SouthAustralia/2527213276/2025_H3N2,plate21-A/SouthAustralia/2527213276/2025_H3N2,5921,0.7957,0.7957
seqneut25to26_sera_3045,A/SouthAustralia/2527213276/2025_H3N2,plate21-A/SouthAustralia/2527213276/2025_H3N2,1.362e+04,1.55,1
seqneut25to26_sera_3045,A/SouthAustralia/2527612456/2025_H1N1,plate21-A/SouthAustralia/2527612456/2025_H1N1,40,0.129,0.129
seqneut25to26_sera_3045,A/SouthAustralia/2527612456/2025_H1N1,plate21-A/SouthAustralia/2527612456/2025_H1N1,92,0.4507,0.4507
seqneut25to26_sera_3045,A/SouthAustralia/2527612456/2025_H1N1,plate21-A/SouthAustralia/2527612456/2025_H1N1,212,1.003,1
seqneut25to26_sera_3045,A/SouthAustralia/2527612456/2025_H1N1,plate21-A/SouthAustralia/2527612456/2025_H1N1,487,1.013,1
seqneut25to26_sera_3045,A/SouthAustralia/2527612456/2025_H1N1,plate21-A/SouthAustralia/2527612456/2025_H1N1,1119,1.541,1
seqneut25to26_sera_3045,A/SouthAustralia/2527612456/2025_H1N1,plate21-A/SouthAustralia/2527612456/2025_H1N1,2575,1.213,1
seqneut25to26_sera_3045,A/SouthAustralia/2527612456/2025_H1N1,plate21-A/SouthAustralia/2527612456/2025_H1N1,5921,1.541,1
seqneut25to26_sera_3045,A/SouthAustralia/2527612456/2025_H1N1,plate21-A/SouthAustralia/2527612456/2025_H1N1,1.362e+04,1.635,1
seqneut25to26_sera_3045,A/SouthAustralia/2527902708/2025_H3N2,plate21-A/SouthAustralia/2527902708/2025_H3N2,40,0.1089,0.1089
seqneut25to26_sera_3045,A/SouthAustralia/2527902708/2025_H3N2,plate21-A/SouthAustralia/2527902708/2025_H3N2,92,0.4799,0.4799
seqneut25to26_sera_3045,A/SouthAustralia/2527902708/2025_H3N2,plate21-A/SouthAustralia/2527902708/2025_H3N2,212,1.058,1
seqneut25to26_sera_3045,A/SouthAustralia/2527902708/2025_H3N2,plate21-A/SouthAustralia/2527902708/2025_H3N2,487,1.002,1
seqneut25to26_sera_3045,A/SouthAustralia/2527902708/2025_H3N2,plate21-A/SouthAustralia/2527902708/2025_H3N2,1119,1.099,1
seqneut25to26_sera_3045,A/SouthAustralia/2527902708/2025_H3N2,plate21-A/SouthAustralia/2527902708/2025_H3N2,2575,1.352,1
seqneut25to26_sera_3045,A/SouthAustralia/2527902708/2025_H3N2,plate21-A/SouthAustralia/2527902708/2025_H3N2,5921,1.715,1
seqneut25to26_sera_3045,A/SouthAustralia/2527902708/2025_H3N2,plate21-A/SouthAustralia/2527902708/2025_H3N2,1.362e+04,1.458,1
seqneut25to26_sera_3045,A/Sydney/1359/2024_H3N2,plate21-A/Sydney/1359/2024_H3N2,40,0.1648,0.1648
seqneut25to26_sera_3045,A/Sydney/1359/2024_H3N2,plate21-A/Sydney/1359/2024_H3N2,92,0.5444,0.5444
seqneut25to26_sera_3045,A/Sydney/1359/2024_H3N2,plate21-A/Sydney/1359/2024_H3N2,212,0.5921,0.5921
seqneut25to26_sera_3045,A/Sydney/1359/2024_H3N2,plate21-A/Sydney/1359/2024_H3N2,487,0.9796,0.9796
seqneut25to26_sera_3045,A/Sydney/1359/2024_H3N2,plate21-A/Sydney/1359/2024_H3N2,1119,1.101,1
seqneut25to26_sera_3045,A/Sydney/1359/2024_H3N2,plate21-A/Sydney/1359/2024_H3N2,2575,0.9869,0.9869
seqneut25to26_sera_3045,A/Sydney/1359/2024_H3N2,plate21-A/Sydney/1359/2024_H3N2,5921,1.339,1
seqneut25to26_sera_3045,A/Sydney/1359/2024_H3N2,plate21-A/Sydney/1359/2024_H3N2,1.362e+04,1.349,1
seqneut25to26_sera_3045,A/Sydney/400/2025_H1N1,plate21-A/Sydney/400/2025_H1N1,40,0.001337,0.001337
seqneut25to26_sera_3045,A/Sydney/400/2025_H1N1,plate21-A/Sydney/400/2025_H1N1,92,0.02003,0.02003
seqneut25to26_sera_3045,A/Sydney/400/2025_H1N1,plate21-A/Sydney/400/2025_H1N1,212,0.1576,0.1576
seqneut25to26_sera_3045,A/Sydney/400/2025_H1N1,plate21-A/Sydney/400/2025_H1N1,487,0.691,0.691
seqneut25to26_sera_3045,A/Sydney/400/2025_H1N1,plate21-A/Sydney/400/2025_H1N1,1119,0.6769,0.6769
seqneut25to26_sera_3045,A/Sydney/400/2025_H1N1,plate21-A/Sydney/400/2025_H1N1,2575,1.072,1
seqneut25to26_sera_3045,A/Sydney/400/2025_H1N1,plate21-A/Sydney/400/2025_H1N1,5921,0.9092,0.9092
seqneut25to26_sera_3045,A/Sydney/400/2025_H1N1,plate21-A/Sydney/400/2025_H1N1,1.362e+04,0.8123,0.8123
seqneut25to26_sera_3045,A/Tasmania/2521815682/2025_H3N2,plate21-A/Tasmania/2521815682/2025_H3N2,40,0.2083,0.2083
seqneut25to26_sera_3045,A/Tasmania/2521815682/2025_H3N2,plate21-A/Tasmania/2521815682/2025_H3N2,92,0.3449,0.3449
seqneut25to26_sera_3045,A/Tasmania/2521815682/2025_H3N2,plate21-A/Tasmania/2521815682/2025_H3N2,212,0.7915,0.7915
seqneut25to26_sera_3045,A/Tasmania/2521815682/2025_H3N2,plate21-A/Tasmania/2521815682/2025_H3N2,487,0.8828,0.8828
seqneut25to26_sera_3045,A/Tasmania/2521815682/2025_H3N2,plate21-A/Tasmania/2521815682/2025_H3N2,1119,0.9796,0.9796
seqneut25to26_sera_3045,A/Tasmania/2521815682/2025_H3N2,plate21-A/Tasmania/2521815682/2025_H3N2,2575,1.404,1
seqneut25to26_sera_3045,A/Tasmania/2521815682/2025_H3N2,plate21-A/Tasmania/2521815682/2025_H3N2,5921,1.33,1
seqneut25to26_sera_3045,A/Tasmania/2521815682/2025_H3N2,plate21-A/Tasmania/2521815682/2025_H3N2,1.362e+04,1.246,1
seqneut25to26_sera_3045,A/Thailand/8/2022_H3N2,plate21-A/Thailand/8/2022_H3N2,40,0.00845,0.00845
seqneut25to26_sera_3045,A/Thailand/8/2022_H3N2,plate21-A/Thailand/8/2022_H3N2,92,0.3308,0.3308
seqneut25to26_sera_3045,A/Thailand/8/2022_H3N2,plate21-A/Thailand/8/2022_H3N2,212,0.3961,0.3961
seqneut25to26_sera_3045,A/Thailand/8/2022_H3N2,plate21-A/Thailand/8/2022_H3N2,487,0.6213,0.6213
seqneut25to26_sera_3045,A/Thailand/8/2022_H3N2,plate21-A/Thailand/8/2022_H3N2,1119,0.7665,0.7665
seqneut25to26_sera_3045,A/Thailand/8/2022_H3N2,plate21-A/Thailand/8/2022_H3N2,2575,1.079,1
seqneut25to26_sera_3045,A/Thailand/8/2022_H3N2,plate21-A/Thailand/8/2022_H3N2,5921,1.219,1
seqneut25to26_sera_3045,A/Thailand/8/2022_H3N2,plate21-A/Thailand/8/2022_H3N2,1.362e+04,1.283,1
seqneut25to26_sera_3045,A/Vermont/73/2025_H3N2,plate21-A/Vermont/73/2025_H3N2,40,0.4496,0.4496
seqneut25to26_sera_3045,A/Vermont/73/2025_H3N2,plate21-A/Vermont/73/2025_H3N2,92,0.4384,0.4384
seqneut25to26_sera_3045,A/Vermont/73/2025_H3N2,plate21-A/Vermont/73/2025_H3N2,212,0.8531,0.8531
seqneut25to26_sera_3045,A/Vermont/73/2025_H3N2,plate21-A/Vermont/73/2025_H3N2,487,0.9959,0.9959
seqneut25to26_sera_3045,A/Vermont/73/2025_H3N2,plate21-A/Vermont/73/2025_H3N2,1119,1.759,1
seqneut25to26_sera_3045,A/Vermont/73/2025_H3N2,plate21-A/Vermont/73/2025_H3N2,2575,1.345,1
seqneut25to26_sera_3045,A/Vermont/73/2025_H3N2,plate21-A/Vermont/73/2025_H3N2,5921,1.597,1
seqneut25to26_sera_3045,A/Vermont/73/2025_H3N2,plate21-A/Vermont/73/2025_H3N2,1.362e+04,1.796,1
seqneut25to26_sera_3045,A/Victoria/4897/2022_IVR-238_H1N1,plate21-A/Victoria/4897/2022_IVR-238_H1N1,40,0,0
seqneut25to26_sera_3045,A/Victoria/4897/2022_IVR-238_H1N1,plate21-A/Victoria/4897/2022_IVR-238_H1N1,92,0,0
seqneut25to26_sera_3045,A/Victoria/4897/2022_IVR-238_H1N1,plate21-A/Victoria/4897/2022_IVR-238_H1N1,212,0.007302,0.007302
seqneut25to26_sera_3045,A/Victoria/4897/2022_IVR-238_H1N1,plate21-A/Victoria/4897/2022_IVR-238_H1N1,487,0.01523,0.01523
seqneut25to26_sera_3045,A/Victoria/4897/2022_IVR-238_H1N1,plate21-A/Victoria/4897/2022_IVR-238_H1N1,1119,0.3367,0.3367
seqneut25to26_sera_3045,A/Victoria/4897/2022_IVR-238_H1N1,plate21-A/Victoria/4897/2022_IVR-238_H1N1,2575,1.2,1
seqneut25to26_sera_3045,A/Victoria/4897/2022_IVR-238_H1N1,plate21-A/Victoria/4897/2022_IVR-238_H1N1,5921,1.349,1
seqneut25to26_sera_3045,A/Victoria/4897/2022_IVR-238_H1N1,plate21-A/Victoria/4897/2022_IVR-238_H1N1,1.362e+04,1.545,1
seqneut25to26_sera_3045,A/Wisconsin/588/2019_H1N1,plate21-A/Wisconsin/588/2019_H1N1,40,0.0002106,0.0002106
seqneut25to26_sera_3045,A/Wisconsin/588/2019_H1N1,plate21-A/Wisconsin/588/2019_H1N1,92,0.001304,0.001304
seqneut25to26_sera_3045,A/Wisconsin/588/2019_H1N1,plate21-A/Wisconsin/588/2019_H1N1,212,0.002216,0.002216
seqneut25to26_sera_3045,A/Wisconsin/588/2019_H1N1,plate21-A/Wisconsin/588/2019_H1N1,487,0.1202,0.1202
seqneut25to26_sera_3045,A/Wisconsin/588/2019_H1N1,plate21-A/Wisconsin/588/2019_H1N1,1119,0.6603,0.6603
seqneut25to26_sera_3045,A/Wisconsin/588/2019_H1N1,plate21-A/Wisconsin/588/2019_H1N1,2575,0.8414,0.8414
seqneut25to26_sera_3045,A/Wisconsin/588/2019_H1N1,plate21-A/Wisconsin/588/2019_H1N1,5921,1.2,1
seqneut25to26_sera_3045,A/Wisconsin/588/2019_H1N1,plate21-A/Wisconsin/588/2019_H1N1,1.362e+04,1.218,1
seqneut25to26_sera_3045,A/Wisconsin/67/2022_H1N1,plate21-A/Wisconsin/67/2022_H1N1,40,0.04698,0.04698
seqneut25to26_sera_3045,A/Wisconsin/67/2022_H1N1,plate21-A/Wisconsin/67/2022_H1N1,92,0.2737,0.2737
seqneut25to26_sera_3045,A/Wisconsin/67/2022_H1N1,plate21-A/Wisconsin/67/2022_H1N1,212,0.5491,0.5491
seqneut25to26_sera_3045,A/Wisconsin/67/2022_H1N1,plate21-A/Wisconsin/67/2022_H1N1,487,0.6117,0.6117
seqneut25to26_sera_3045,A/Wisconsin/67/2022_H1N1,plate21-A/Wisconsin/67/2022_H1N1,1119,0.8588,0.8588
seqneut25to26_sera_3045,A/Wisconsin/67/2022_H1N1,plate21-A/Wisconsin/67/2022_H1N1,2575,0.9644,0.9644
seqneut25to26_sera_3045,A/Wisconsin/67/2022_H1N1,plate21-A/Wisconsin/67/2022_H1N1,5921,1.104,1
seqneut25to26_sera_3045,A/Wisconsin/67/2022_H1N1,plate21-A/Wisconsin/67/2022_H1N1,1.362e+04,0.9993,0.9993
seqneut25to26_sera_3045,A/Zacapa/FLU-261/2025_H1N1,plate21-A/Zacapa/FLU-261/2025_H1N1,40,0.06825,0.06825
seqneut25to26_sera_3045,A/Zacapa/FLU-261/2025_H1N1,plate21-A/Zacapa/FLU-261/2025_H1N1,92,0.1721,0.1721
seqneut25to26_sera_3045,A/Zacapa/FLU-261/2025_H1N1,plate21-A/Zacapa/FLU-261/2025_H1N1,212,0.5292,0.5292
seqneut25to26_sera_3045,A/Zacapa/FLU-261/2025_H1N1,plate21-A/Zacapa/FLU-261/2025_H1N1,487,0.6893,0.6893
seqneut25to26_sera_3045,A/Zacapa/FLU-261/2025_H1N1,plate21-A/Zacapa/FLU-261/2025_H1N1,1119,0.8908,0.8908
seqneut25to26_sera_3045,A/Zacapa/FLU-261/2025_H1N1,plate21-A/Zacapa/FLU-261/2025_H1N1,2575,1.186,1
seqneut25to26_sera_3045,A/Zacapa/FLU-261/2025_H1N1,plate21-A/Zacapa/FLU-261/2025_H1N1,5921,1.047,1
seqneut25to26_sera_3045,A/Zacapa/FLU-261/2025_H1N1,plate21-A/Zacapa/FLU-261/2025_H1N1,1.362e+04,0.9564,0.9564
seqneut25to26_sera_3046,A/Alagoas/4130/2025_H3N2,plate21-A/Alagoas/4130/2025_H3N2,40,0.05846,0.05846
seqneut25to26_sera_3046,A/Alagoas/4130/2025_H3N2,plate21-A/Alagoas/4130/2025_H3N2,92,0.25,0.25
seqneut25to26_sera_3046,A/Alagoas/4130/2025_H3N2,plate21-A/Alagoas/4130/2025_H3N2,212,0.4507,0.4507
seqneut25to26_sera_3046,A/Alagoas/4130/2025_H3N2,plate21-A/Alagoas/4130/2025_H3N2,487,0.5601,0.5601
seqneut25to26_sera_3046,A/Alagoas/4130/2025_H3N2,plate21-A/Alagoas/4130/2025_H3N2,1119,1.169,1
seqneut25to26_sera_3046,A/Alagoas/4130/2025_H3N2,plate21-A/Alagoas/4130/2025_H3N2,2575,1.053,1
seqneut25to26_sera_3046,A/Alagoas/4130/2025_H3N2,plate21-A/Alagoas/4130/2025_H3N2,5921,1.336,1
seqneut25to26_sera_3046,A/Alagoas/4130/2025_H3N2,plate21-A/Alagoas/4130/2025_H3N2,1.362e+04,1.381,1
seqneut25to26_sera_3046,A/Anapolis/LEIAL6543/2025_H3N2,plate21-A/Anapolis/LEIAL6543/2025_H3N2,40,0.01865,0.01865
seqneut25to26_sera_3046,A/Anapolis/LEIAL6543/2025_H3N2,plate21-A/Anapolis/LEIAL6543/2025_H3N2,92,0.04135,0.04135
seqneut25to26_sera_3046,A/Anapolis/LEIAL6543/2025_H3N2,plate21-A/Anapolis/LEIAL6543/2025_H3N2,212,0.3899,0.3899
seqneut25to26_sera_3046,A/Anapolis/LEIAL6543/2025_H3N2,plate21-A/Anapolis/LEIAL6543/2025_H3N2,487,0.4978,0.4978
seqneut25to26_sera_3046,A/Anapolis/LEIAL6543/2025_H3N2,plate21-A/Anapolis/LEIAL6543/2025_H3N2,1119,0.9344,0.9344
seqneut25to26_sera_3046,A/Anapolis/LEIAL6543/2025_H3N2,plate21-A/Anapolis/LEIAL6543/2025_H3N2,2575,1.242,1
seqneut25to26_sera_3046,A/Anapolis/LEIAL6543/2025_H3N2,plate21-A/Anapolis/LEIAL6543/2025_H3N2,5921,1.363,1
seqneut25to26_sera_3046,A/Anapolis/LEIAL6543/2025_H3N2,plate21-A/Anapolis/LEIAL6543/2025_H3N2,1.362e+04,1.328,1
seqneut25to26_sera_3046,A/Andalucia/PMC-00977/2025_H1N1,plate21-A/Andalucia/PMC-00977/2025_H1N1,40,0.07378,0.07378
seqneut25to26_sera_3046,A/Andalucia/PMC-00977/2025_H1N1,plate21-A/Andalucia/PMC-00977/2025_H1N1,92,0.3367,0.3367
seqneut25to26_sera_3046,A/Andalucia/PMC-00977/2025_H1N1,plate21-A/Andalucia/PMC-00977/2025_H1N1,212,0.636,0.636
seqneut25to26_sera_3046,A/Andalucia/PMC-00977/2025_H1N1,plate21-A/Andalucia/PMC-00977/2025_H1N1,487,0.7617,0.7617
seqneut25to26_sera_3046,A/Andalucia/PMC-00977/2025_H1N1,plate21-A/Andalucia/PMC-00977/2025_H1N1,1119,1.34,1
seqneut25to26_sera_3046,A/Andalucia/PMC-00977/2025_H1N1,plate21-A/Andalucia/PMC-00977/2025_H1N1,2575,1.126,1
seqneut25to26_sera_3046,A/Andalucia/PMC-00977/2025_H1N1,plate21-A/Andalucia/PMC-00977/2025_H1N1,5921,1.176,1
seqneut25to26_sera_3046,A/Andalucia/PMC-00977/2025_H1N1,plate21-A/Andalucia/PMC-00977/2025_H1N1,1.362e+04,1.663,1
seqneut25to26_sera_3046,A/Aragon/2046/2025_H1N1,plate21-A/Aragon/2046/2025_H1N1,40,0.05305,0.05305
seqneut25to26_sera_3046,A/Aragon/2046/2025_H1N1,plate21-A/Aragon/2046/2025_H1N1,92,0.3976,0.3976
seqneut25to26_sera_3046,A/Aragon/2046/2025_H1N1,plate21-A/Aragon/2046/2025_H1N1,212,0.4049,0.4049
seqneut25to26_sera_3046,A/Aragon/2046/2025_H1N1,plate21-A/Aragon/2046/2025_H1N1,487,0.7773,0.7773
seqneut25to26_sera_3046,A/Aragon/2046/2025_H1N1,plate21-A/Aragon/2046/2025_H1N1,1119,0.8732,0.8732
seqneut25to26_sera_3046,A/Aragon/2046/2025_H1N1,plate21-A/Aragon/2046/2025_H1N1,2575,1.339,1
seqneut25to26_sera_3046,A/Aragon/2046/2025_H1N1,plate21-A/Aragon/2046/2025_H1N1,5921,1.211,1
seqneut25to26_sera_3046,A/Aragon/2046/2025_H1N1,plate21-A/Aragon/2046/2025_H1N1,1.362e+04,1.447,1
seqneut25to26_sera_3046,A/Arica/59150/2025_H3N2,plate21-A/Arica/59150/2025_H3N2,40,0.005618,0.005618
seqneut25to26_sera_3046,A/Arica/59150/2025_H3N2,plate21-A/Arica/59150/2025_H3N2,92,0.04991,0.04991
seqneut25to26_sera_3046,A/Arica/59150/2025_H3N2,plate21-A/Arica/59150/2025_H3N2,212,0.3525,0.3525
seqneut25to26_sera_3046,A/Arica/59150/2025_H3N2,plate21-A/Arica/59150/2025_H3N2,487,0.4146,0.4146
seqneut25to26_sera_3046,A/Arica/59150/2025_H3N2,plate21-A/Arica/59150/2025_H3N2,1119,0.7475,0.7475
seqneut25to26_sera_3046,A/Arica/59150/2025_H3N2,plate21-A/Arica/59150/2025_H3N2,2575,0.8785,0.8785
seqneut25to26_sera_3046,A/Arica/59150/2025_H3N2,plate21-A/Arica/59150/2025_H3N2,5921,1.425,1
seqneut25to26_sera_3046,A/Arica/59150/2025_H3N2,plate21-A/Arica/59150/2025_H3N2,1.362e+04,1.363,1
seqneut25to26_sera_3046,A/Bahia/3102/2025_H3N2,plate21-A/Bahia/3102/2025_H3N2,40,0.009772,0.009772
seqneut25to26_sera_3046,A/Bahia/3102/2025_H3N2,plate21-A/Bahia/3102/2025_H3N2,92,0.05905,0.05905
seqneut25to26_sera_3046,A/Bahia/3102/2025_H3N2,plate21-A/Bahia/3102/2025_H3N2,212,0.2019,0.2019
seqneut25to26_sera_3046,A/Bahia/3102/2025_H3N2,plate21-A/Bahia/3102/2025_H3N2,487,0.3871,0.3871
seqneut25to26_sera_3046,A/Bahia/3102/2025_H3N2,plate21-A/Bahia/3102/2025_H3N2,1119,0.6061,0.6061
seqneut25to26_sera_3046,A/Bahia/3102/2025_H3N2,plate21-A/Bahia/3102/2025_H3N2,2575,0.9957,0.9957
seqneut25to26_sera_3046,A/Bahia/3102/2025_H3N2,plate21-A/Bahia/3102/2025_H3N2,5921,1.102,1
seqneut25to26_sera_3046,A/Bahia/3102/2025_H3N2,plate21-A/Bahia/3102/2025_H3N2,1.362e+04,1.687,1
seqneut25to26_sera_3046,A/Bangkok/1803/2025_H1N1,plate21-A/Bangkok/1803/2025_H1N1,40,0.02902,0.02902
seqneut25to26_sera_3046,A/Bangkok/1803/2025_H1N1,plate21-A/Bangkok/1803/2025_H1N1,92,0.4122,0.4122
seqneut25to26_sera_3046,A/Bangkok/1803/2025_H1N1,plate21-A/Bangkok/1803/2025_H1N1,212,0.5128,0.5128
seqneut25to26_sera_3046,A/Bangkok/1803/2025_H1N1,plate21-A/Bangkok/1803/2025_H1N1,487,0.672,0.672
seqneut25to26_sera_3046,A/Bangkok/1803/2025_H1N1,plate21-A/Bangkok/1803/2025_H1N1,1119,0.9216,0.9216
seqneut25to26_sera_3046,A/Bangkok/1803/2025_H1N1,plate21-A/Bangkok/1803/2025_H1N1,2575,1.3,1
seqneut25to26_sera_3046,A/Bangkok/1803/2025_H1N1,plate21-A/Bangkok/1803/2025_H1N1,5921,1.247,1
seqneut25to26_sera_3046,A/Bangkok/1803/2025_H1N1,plate21-A/Bangkok/1803/2025_H1N1,1.362e+04,1.735,1
seqneut25to26_sera_3046,A/Bangkok/P2229/2025_H1N1,plate21-A/Bangkok/P2229/2025_H1N1,40,0.03834,0.03834
seqneut25to26_sera_3046,A/Bangkok/P2229/2025_H1N1,plate21-A/Bangkok/P2229/2025_H1N1,92,0.2051,0.2051
seqneut25to26_sera_3046,A/Bangkok/P2229/2025_H1N1,plate21-A/Bangkok/P2229/2025_H1N1,212,0.4176,0.4176
seqneut25to26_sera_3046,A/Bangkok/P2229/2025_H1N1,plate21-A/Bangkok/P2229/2025_H1N1,487,0.578,0.578
seqneut25to26_sera_3046,A/Bangkok/P2229/2025_H1N1,plate21-A/Bangkok/P2229/2025_H1N1,1119,0.8629,0.8629
seqneut25to26_sera_3046,A/Bangkok/P2229/2025_H1N1,plate21-A/Bangkok/P2229/2025_H1N1,2575,1.053,1
seqneut25to26_sera_3046,A/Bangkok/P2229/2025_H1N1,plate21-A/Bangkok/P2229/2025_H1N1,5921,1.264,1
seqneut25to26_sera_3046,A/Bangkok/P2229/2025_H1N1,plate21-A/Bangkok/P2229/2025_H1N1,1.362e+04,1.686,1
seqneut25to26_sera_3046,A/Bangkok/P2323/2025_H3N2,plate21-A/Bangkok/P2323/2025_H3N2,40,0.00249,0.00249
seqneut25to26_sera_3046,A/Bangkok/P2323/2025_H3N2,plate21-A/Bangkok/P2323/2025_H3N2,92,0.00764,0.00764
seqneut25to26_sera_3046,A/Bangkok/P2323/2025_H3N2,plate21-A/Bangkok/P2323/2025_H3N2,212,0.1125,0.1125
seqneut25to26_sera_3046,A/Bangkok/P2323/2025_H3N2,plate21-A/Bangkok/P2323/2025_H3N2,487,0.4478,0.4478
seqneut25to26_sera_3046,A/Bangkok/P2323/2025_H3N2,plate21-A/Bangkok/P2323/2025_H3N2,1119,1.241,1
seqneut25to26_sera_3046,A/Bangkok/P2323/2025_H3N2,plate21-A/Bangkok/P2323/2025_H3N2,2575,1.098,1
seqneut25to26_sera_3046,A/Bangkok/P2323/2025_H3N2,plate21-A/Bangkok/P2323/2025_H3N2,5921,1.698,1
seqneut25to26_sera_3046,A/Bangkok/P2323/2025_H3N2,plate21-A/Bangkok/P2323/2025_H3N2,1.362e+04,1.579,1
seqneut25to26_sera_3046,A/Bangkok/P2390/2025_H3N2,plate21-A/Bangkok/P2390/2025_H3N2,40,0.002621,0.002621
seqneut25to26_sera_3046,A/Bangkok/P2390/2025_H3N2,plate21-A/Bangkok/P2390/2025_H3N2,92,0.04235,0.04235
seqneut25to26_sera_3046,A/Bangkok/P2390/2025_H3N2,plate21-A/Bangkok/P2390/2025_H3N2,212,0.08318,0.08318
seqneut25to26_sera_3046,A/Bangkok/P2390/2025_H3N2,plate21-A/Bangkok/P2390/2025_H3N2,487,0.4115,0.4115
seqneut25to26_sera_3046,A/Bangkok/P2390/2025_H3N2,plate21-A/Bangkok/P2390/2025_H3N2,1119,0.736,0.736
seqneut25to26_sera_3046,A/Bangkok/P2390/2025_H3N2,plate21-A/Bangkok/P2390/2025_H3N2,2575,1.056,1
seqneut25to26_sera_3046,A/Bangkok/P2390/2025_H3N2,plate21-A/Bangkok/P2390/2025_H3N2,5921,1.367,1
seqneut25to26_sera_3046,A/Bangkok/P2390/2025_H3N2,plate21-A/Bangkok/P2390/2025_H3N2,1.362e+04,1.654,1
seqneut25to26_sera_3046,A/Bangkok/P2391/2025_H3N2,plate21-A/Bangkok/P2391/2025_H3N2,40,0.007793,0.007793
seqneut25to26_sera_3046,A/Bangkok/P2391/2025_H3N2,plate21-A/Bangkok/P2391/2025_H3N2,92,0.2545,0.2545
seqneut25to26_sera_3046,A/Bangkok/P2391/2025_H3N2,plate21-A/Bangkok/P2391/2025_H3N2,212,0.6162,0.6162
seqneut25to26_sera_3046,A/Bangkok/P2391/2025_H3N2,plate21-A/Bangkok/P2391/2025_H3N2,487,0.5744,0.5744
seqneut25to26_sera_3046,A/Bangkok/P2391/2025_H3N2,plate21-A/Bangkok/P2391/2025_H3N2,1119,1.019,1
seqneut25to26_sera_3046,A/Bangkok/P2391/2025_H3N2,plate21-A/Bangkok/P2391/2025_H3N2,2575,1.339,1
seqneut25to26_sera_3046,A/Bangkok/P2391/2025_H3N2,plate21-A/Bangkok/P2391/2025_H3N2,5921,1.378,1
seqneut25to26_sera_3046,A/Bangkok/P2391/2025_H3N2,plate21-A/Bangkok/P2391/2025_H3N2,1.362e+04,1.985,1
seqneut25to26_sera_3046,A/Bangkok/P2572/2025_H3N2,plate21-A/Bangkok/P2572/2025_H3N2,40,0,0
seqneut25to26_sera_3046,A/Bangkok/P2572/2025_H3N2,plate21-A/Bangkok/P2572/2025_H3N2,92,0.04261,0.04261
seqneut25to26_sera_3046,A/Bangkok/P2572/2025_H3N2,plate21-A/Bangkok/P2572/2025_H3N2,212,0.04371,0.04371
seqneut25to26_sera_3046,A/Bangkok/P2572/2025_H3N2,plate21-A/Bangkok/P2572/2025_H3N2,487,0.3645,0.3645
seqneut25to26_sera_3046,A/Bangkok/P2572/2025_H3N2,plate21-A/Bangkok/P2572/2025_H3N2,1119,1.128,1
seqneut25to26_sera_3046,A/Bangkok/P2572/2025_H3N2,plate21-A/Bangkok/P2572/2025_H3N2,2575,1.082,1
seqneut25to26_sera_3046,A/Bangkok/P2572/2025_H3N2,plate21-A/Bangkok/P2572/2025_H3N2,5921,1.46,1
seqneut25to26_sera_3046,A/Bangkok/P2572/2025_H3N2,plate21-A/Bangkok/P2572/2025_H3N2,1.362e+04,1.72,1
seqneut25to26_sera_3046,A/Bangkok/P2921/2025_H3N2,plate21-A/Bangkok/P2921/2025_H3N2,40,0.08802,0.08802
seqneut25to26_sera_3046,A/Bangkok/P2921/2025_H3N2,plate21-A/Bangkok/P2921/2025_H3N2,92,0.4243,0.4243
seqneut25to26_sera_3046,A/Bangkok/P2921/2025_H3N2,plate21-A/Bangkok/P2921/2025_H3N2,212,0.5267,0.5267
seqneut25to26_sera_3046,A/Bangkok/P2921/2025_H3N2,plate21-A/Bangkok/P2921/2025_H3N2,487,0.7502,0.7502
seqneut25to26_sera_3046,A/Bangkok/P2921/2025_H3N2,plate21-A/Bangkok/P2921/2025_H3N2,1119,1.182,1
seqneut25to26_sera_3046,A/Bangkok/P2921/2025_H3N2,plate21-A/Bangkok/P2921/2025_H3N2,2575,1.251,1
seqneut25to26_sera_3046,A/Bangkok/P2921/2025_H3N2,plate21-A/Bangkok/P2921/2025_H3N2,5921,1.41,1
seqneut25to26_sera_3046,A/Bangkok/P2921/2025_H3N2,plate21-A/Bangkok/P2921/2025_H3N2,1.362e+04,1.671,1
seqneut25to26_sera_3046,A/Bangkok/P3067/2025_H1N1,plate21-A/Bangkok/P3067/2025_H1N1,40,0.01541,0.01541
seqneut25to26_sera_3046,A/Bangkok/P3067/2025_H1N1,plate21-A/Bangkok/P3067/2025_H1N1,92,0.17,0.17
seqneut25to26_sera_3046,A/Bangkok/P3067/2025_H1N1,plate21-A/Bangkok/P3067/2025_H1N1,212,0.3051,0.3051
seqneut25to26_sera_3046,A/Bangkok/P3067/2025_H1N1,plate21-A/Bangkok/P3067/2025_H1N1,487,0.5547,0.5547
seqneut25to26_sera_3046,A/Bangkok/P3067/2025_H1N1,plate21-A/Bangkok/P3067/2025_H1N1,1119,0.7567,0.7567
seqneut25to26_sera_3046,A/Bangkok/P3067/2025_H1N1,plate21-A/Bangkok/P3067/2025_H1N1,2575,1.075,1
seqneut25to26_sera_3046,A/Bangkok/P3067/2025_H1N1,plate21-A/Bangkok/P3067/2025_H1N1,5921,0.9333,0.9333
seqneut25to26_sera_3046,A/Bangkok/P3067/2025_H1N1,plate21-A/Bangkok/P3067/2025_H1N1,1.362e+04,1.559,1
seqneut25to26_sera_3046,A/Bangkok/P3263/2025_H3N2,plate21-A/Bangkok/P3263/2025_H3N2,40,0.0006944,0.0006944
seqneut25to26_sera_3046,A/Bangkok/P3263/2025_H3N2,plate21-A/Bangkok/P3263/2025_H3N2,92,0.001266,0.001266
seqneut25to26_sera_3046,A/Bangkok/P3263/2025_H3N2,plate21-A/Bangkok/P3263/2025_H3N2,212,0.07641,0.07641
seqneut25to26_sera_3046,A/Bangkok/P3263/2025_H3N2,plate21-A/Bangkok/P3263/2025_H3N2,487,0.2888,0.2888
seqneut25to26_sera_3046,A/Bangkok/P3263/2025_H3N2,plate21-A/Bangkok/P3263/2025_H3N2,1119,0.7753,0.7753
seqneut25to26_sera_3046,A/Bangkok/P3263/2025_H3N2,plate21-A/Bangkok/P3263/2025_H3N2,2575,1.013,1
seqneut25to26_sera_3046,A/Bangkok/P3263/2025_H3N2,plate21-A/Bangkok/P3263/2025_H3N2,5921,1.402,1
seqneut25to26_sera_3046,A/Bangkok/P3263/2025_H3N2,plate21-A/Bangkok/P3263/2025_H3N2,1.362e+04,1.425,1
seqneut25to26_sera_3046,A/Belgium/H0097/2025_H3N2,plate21-A/Belgium/H0097/2025_H3N2,40,0,0
seqneut25to26_sera_3046,A/Belgium/H0097/2025_H3N2,plate21-A/Belgium/H0097/2025_H3N2,92,0.00592,0.00592
seqneut25to26_sera_3046,A/Belgium/H0097/2025_H3N2,plate21-A/Belgium/H0097/2025_H3N2,212,0.17,0.17
seqneut25to26_sera_3046,A/Belgium/H0097/2025_H3N2,plate21-A/Belgium/H0097/2025_H3N2,487,0.5136,0.5136
seqneut25to26_sera_3046,A/Belgium/H0097/2025_H3N2,plate21-A/Belgium/H0097/2025_H3N2,1119,1.074,1
seqneut25to26_sera_3046,A/Belgium/H0097/2025_H3N2,plate21-A/Belgium/H0097/2025_H3N2,2575,1.579,1
seqneut25to26_sera_3046,A/Belgium/H0097/2025_H3N2,plate21-A/Belgium/H0097/2025_H3N2,5921,1.376,1
seqneut25to26_sera_3046,A/Belgium/H0097/2025_H3N2,plate21-A/Belgium/H0097/2025_H3N2,1.362e+04,1.719,1
seqneut25to26_sera_3046,A/Bhutan/1267/2025_H3N2,plate21-A/Bhutan/1267/2025_H3N2,40,0.0005058,0.0005058
seqneut25to26_sera_3046,A/Bhutan/1267/2025_H3N2,plate21-A/Bhutan/1267/2025_H3N2,92,0.003305,0.003305
seqneut25to26_sera_3046,A/Bhutan/1267/2025_H3N2,plate21-A/Bhutan/1267/2025_H3N2,212,0.05025,0.05025
seqneut25to26_sera_3046,A/Bhutan/1267/2025_H3N2,plate21-A/Bhutan/1267/2025_H3N2,487,0.2142,0.2142
seqneut25to26_sera_3046,A/Bhutan/1267/2025_H3N2,plate21-A/Bhutan/1267/2025_H3N2,1119,0.8613,0.8613
seqneut25to26_sera_3046,A/Bhutan/1267/2025_H3N2,plate21-A/Bhutan/1267/2025_H3N2,2575,1.065,1
seqneut25to26_sera_3046,A/Bhutan/1267/2025_H3N2,plate21-A/Bhutan/1267/2025_H3N2,5921,1.45,1
seqneut25to26_sera_3046,A/Bhutan/1267/2025_H3N2,plate21-A/Bhutan/1267/2025_H3N2,1.362e+04,1.794,1
seqneut25to26_sera_3046,A/Bhutan/7/2025_H3N2,plate21-A/Bhutan/7/2025_H3N2,40,0.001193,0.001193
seqneut25to26_sera_3046,A/Bhutan/7/2025_H3N2,plate21-A/Bhutan/7/2025_H3N2,92,0.00653,0.00653
seqneut25to26_sera_3046,A/Bhutan/7/2025_H3N2,plate21-A/Bhutan/7/2025_H3N2,212,0.05763,0.05763
seqneut25to26_sera_3046,A/Bhutan/7/2025_H3N2,plate21-A/Bhutan/7/2025_H3N2,487,0.3185,0.3185
seqneut25to26_sera_3046,A/Bhutan/7/2025_H3N2,plate21-A/Bhutan/7/2025_H3N2,1119,0.5271,0.5271
seqneut25to26_sera_3046,A/Bhutan/7/2025_H3N2,plate21-A/Bhutan/7/2025_H3N2,2575,1.019,1
seqneut25to26_sera_3046,A/Bhutan/7/2025_H3N2,plate21-A/Bhutan/7/2025_H3N2,5921,1.32,1
seqneut25to26_sera_3046,A/Bhutan/7/2025_H3N2,plate21-A/Bhutan/7/2025_H3N2,1.362e+04,1.658,1
seqneut25to26_sera_3046,A/BritishColumbia/PHL-2473/2025_H1N1,plate21-A/BritishColumbia/PHL-2473/2025_H1N1,40,0.01976,0.01976
seqneut25to26_sera_3046,A/BritishColumbia/PHL-2473/2025_H1N1,plate21-A/BritishColumbia/PHL-2473/2025_H1N1,92,0.176,0.176
seqneut25to26_sera_3046,A/BritishColumbia/PHL-2473/2025_H1N1,plate21-A/BritishColumbia/PHL-2473/2025_H1N1,212,0.4457,0.4457
seqneut25to26_sera_3046,A/BritishColumbia/PHL-2473/2025_H1N1,plate21-A/BritishColumbia/PHL-2473/2025_H1N1,487,0.6996,0.6996
seqneut25to26_sera_3046,A/BritishColumbia/PHL-2473/2025_H1N1,plate21-A/BritishColumbia/PHL-2473/2025_H1N1,1119,0.9933,0.9933
seqneut25to26_sera_3046,A/BritishColumbia/PHL-2473/2025_H1N1,plate21-A/BritishColumbia/PHL-2473/2025_H1N1,2575,1.395,1
seqneut25to26_sera_3046,A/BritishColumbia/PHL-2473/2025_H1N1,plate21-A/BritishColumbia/PHL-2473/2025_H1N1,5921,1.294,1
seqneut25to26_sera_3046,A/BritishColumbia/PHL-2473/2025_H1N1,plate21-A/BritishColumbia/PHL-2473/2025_H1N1,1.362e+04,1.127,1
seqneut25to26_sera_3046,A/California/61/2025_H3N2,plate21-A/California/61/2025_H3N2,40,0.00028,0.00028
seqneut25to26_sera_3046,A/California/61/2025_H3N2,plate21-A/California/61/2025_H3N2,92,0.005958,0.005958
seqneut25to26_sera_3046,A/California/61/2025_H3N2,plate21-A/California/61/2025_H3N2,212,0.1429,0.1429
seqneut25to26_sera_3046,A/California/61/2025_H3N2,plate21-A/California/61/2025_H3N2,487,0.3385,0.3385
seqneut25to26_sera_3046,A/California/61/2025_H3N2,plate21-A/California/61/2025_H3N2,1119,0.797,0.797
seqneut25to26_sera_3046,A/California/61/2025_H3N2,plate21-A/California/61/2025_H3N2,2575,1.095,1
seqneut25to26_sera_3046,A/California/61/2025_H3N2,plate21-A/California/61/2025_H3N2,5921,1.416,1
seqneut25to26_sera_3046,A/California/61/2025_H3N2,plate21-A/California/61/2025_H3N2,1.362e+04,1.392,1
seqneut25to26_sera_3046,A/California/63/2025_H1N1,plate21-A/California/63/2025_H1N1,40,0.01712,0.01712
seqneut25to26_sera_3046,A/California/63/2025_H1N1,plate21-A/California/63/2025_H1N1,92,0.08993,0.08993
seqneut25to26_sera_3046,A/California/63/2025_H1N1,plate21-A/California/63/2025_H1N1,212,0.4154,0.4154
seqneut25to26_sera_3046,A/California/63/2025_H1N1,plate21-A/California/63/2025_H1N1,487,0.5274,0.5274
seqneut25to26_sera_3046,A/California/63/2025_H1N1,plate21-A/California/63/2025_H1N1,1119,0.6907,0.6907
seqneut25to26_sera_3046,A/California/63/2025_H1N1,plate21-A/California/63/2025_H1N1,2575,0.6377,0.6377
seqneut25to26_sera_3046,A/California/63/2025_H1N1,plate21-A/California/63/2025_H1N1,5921,1.215,1
seqneut25to26_sera_3046,A/California/63/2025_H1N1,plate21-A/California/63/2025_H1N1,1.362e+04,1.42,1
seqneut25to26_sera_3046,A/Canberra/465/2025_H1N1,plate21-A/Canberra/465/2025_H1N1,40,0.02436,0.02436
seqneut25to26_sera_3046,A/Canberra/465/2025_H1N1,plate21-A/Canberra/465/2025_H1N1,92,0.1761,0.1761
seqneut25to26_sera_3046,A/Canberra/465/2025_H1N1,plate21-A/Canberra/465/2025_H1N1,212,0.4678,0.4678
seqneut25to26_sera_3046,A/Canberra/465/2025_H1N1,plate21-A/Canberra/465/2025_H1N1,487,0.5321,0.5321
seqneut25to26_sera_3046,A/Canberra/465/2025_H1N1,plate21-A/Canberra/465/2025_H1N1,1119,0.8449,0.8449
seqneut25to26_sera_3046,A/Canberra/465/2025_H1N1,plate21-A/Canberra/465/2025_H1N1,2575,1.106,1
seqneut25to26_sera_3046,A/Canberra/465/2025_H1N1,plate21-A/Canberra/465/2025_H1N1,5921,1.076,1
seqneut25to26_sera_3046,A/Canberra/465/2025_H1N1,plate21-A/Canberra/465/2025_H1N1,1.362e+04,1.088,1
seqneut25to26_sera_3046,A/Canberra/530/2025_H1N1,plate21-A/Canberra/530/2025_H1N1,40,0.04286,0.04286
seqneut25to26_sera_3046,A/Canberra/530/2025_H1N1,plate21-A/Canberra/530/2025_H1N1,92,0.1221,0.1221
seqneut25to26_sera_3046,A/Canberra/530/2025_H1N1,plate21-A/Canberra/530/2025_H1N1,212,0.7601,0.7601
seqneut25to26_sera_3046,A/Canberra/530/2025_H1N1,plate21-A/Canberra/530/2025_H1N1,487,0.5704,0.5704
seqneut25to26_sera_3046,A/Canberra/530/2025_H1N1,plate21-A/Canberra/530/2025_H1N1,1119,0.9722,0.9722
seqneut25to26_sera_3046,A/Canberra/530/2025_H1N1,plate21-A/Canberra/530/2025_H1N1,2575,0.9258,0.9258
seqneut25to26_sera_3046,A/Canberra/530/2025_H1N1,plate21-A/Canberra/530/2025_H1N1,5921,1.151,1
seqneut25to26_sera_3046,A/Canberra/530/2025_H1N1,plate21-A/Canberra/530/2025_H1N1,1.362e+04,1.297,1
seqneut25to26_sera_3046,A/Catalonia/NSVH102689455/2025_H1N1,plate21-A/Catalonia/NSVH102689455/2025_H1N1,40,0.04653,0.04653
seqneut25to26_sera_3046,A/Catalonia/NSVH102689455/2025_H1N1,plate21-A/Catalonia/NSVH102689455/2025_H1N1,92,0.1618,0.1618
seqneut25to26_sera_3046,A/Catalonia/NSVH102689455/2025_H1N1,plate21-A/Catalonia/NSVH102689455/2025_H1N1,212,0.3546,0.3546
seqneut25to26_sera_3046,A/Catalonia/NSVH102689455/2025_H1N1,plate21-A/Catalonia/NSVH102689455/2025_H1N1,487,0.9743,0.9743
seqneut25to26_sera_3046,A/Catalonia/NSVH102689455/2025_H1N1,plate21-A/Catalonia/NSVH102689455/2025_H1N1,1119,0.9652,0.9652
seqneut25to26_sera_3046,A/Catalonia/NSVH102689455/2025_H1N1,plate21-A/Catalonia/NSVH102689455/2025_H1N1,2575,1.029,1
seqneut25to26_sera_3046,A/Catalonia/NSVH102689455/2025_H1N1,plate21-A/Catalonia/NSVH102689455/2025_H1N1,5921,0.9362,0.9362
seqneut25to26_sera_3046,A/Catalonia/NSVH102689455/2025_H1N1,plate21-A/Catalonia/NSVH102689455/2025_H1N1,1.362e+04,1.106,1
seqneut25to26_sera_3046,A/Colorado/105/2025_H1N1,plate21-A/Colorado/105/2025_H1N1,40,0.06123,0.06123
seqneut25to26_sera_3046,A/Colorado/105/2025_H1N1,plate21-A/Colorado/105/2025_H1N1,92,0.5112,0.5112
seqneut25to26_sera_3046,A/Colorado/105/2025_H1N1,plate21-A/Colorado/105/2025_H1N1,212,0.8928,0.8928
seqneut25to26_sera_3046,A/Colorado/105/2025_H1N1,plate21-A/Colorado/105/2025_H1N1,487,0.847,0.847
seqneut25to26_sera_3046,A/Colorado/105/2025_H1N1,plate21-A/Colorado/105/2025_H1N1,1119,1.039,1
seqneut25to26_sera_3046,A/Colorado/105/2025_H1N1,plate21-A/Colorado/105/2025_H1N1,2575,1.635,1
seqneut25to26_sera_3046,A/Colorado/105/2025_H1N1,plate21-A/Colorado/105/2025_H1N1,5921,1.357,1
seqneut25to26_sera_3046,A/Colorado/105/2025_H1N1,plate21-A/Colorado/105/2025_H1N1,1.362e+04,1.819,1
seqneut25to26_sera_3046,A/CoteDIvoire/2007/2025_H1N1,plate21-A/CoteDIvoire/2007/2025_H1N1,40,0.04307,0.04307
seqneut25to26_sera_3046,A/CoteDIvoire/2007/2025_H1N1,plate21-A/CoteDIvoire/2007/2025_H1N1,92,0.2612,0.2612
seqneut25to26_sera_3046,A/CoteDIvoire/2007/2025_H1N1,plate21-A/CoteDIvoire/2007/2025_H1N1,212,0.4709,0.4709
seqneut25to26_sera_3046,A/CoteDIvoire/2007/2025_H1N1,plate21-A/CoteDIvoire/2007/2025_H1N1,487,0.7467,0.7467
seqneut25to26_sera_3046,A/CoteDIvoire/2007/2025_H1N1,plate21-A/CoteDIvoire/2007/2025_H1N1,1119,0.9701,0.9701
seqneut25to26_sera_3046,A/CoteDIvoire/2007/2025_H1N1,plate21-A/CoteDIvoire/2007/2025_H1N1,2575,1.248,1
seqneut25to26_sera_3046,A/CoteDIvoire/2007/2025_H1N1,plate21-A/CoteDIvoire/2007/2025_H1N1,5921,1.086,1
seqneut25to26_sera_3046,A/CoteDIvoire/2007/2025_H1N1,plate21-A/CoteDIvoire/2007/2025_H1N1,1.362e+04,1.29,1
seqneut25to26_sera_3046,A/Croatia/10136RV/2023-egg_H3N2,plate21-A/Croatia/10136RV/2023-egg_H3N2,40,0.0613,0.0613
seqneut25to26_sera_3046,A/Croatia/10136RV/2023-egg_H3N2,plate21-A/Croatia/10136RV/2023-egg_H3N2,92,0.4223,0.4223
seqneut25to26_sera_3046,A/Croatia/10136RV/2023-egg_H3N2,plate21-A/Croatia/10136RV/2023-egg_H3N2,212,0.9252,0.9252
seqneut25to26_sera_3046,A/Croatia/10136RV/2023-egg_H3N2,plate21-A/Croatia/10136RV/2023-egg_H3N2,487,0.8688,0.8688
seqneut25to26_sera_3046,A/Croatia/10136RV/2023-egg_H3N2,plate21-A/Croatia/10136RV/2023-egg_H3N2,1119,0.6841,0.6841
seqneut25to26_sera_3046,A/Croatia/10136RV/2023-egg_H3N2,plate21-A/Croatia/10136RV/2023-egg_H3N2,2575,1.36,1
seqneut25to26_sera_3046,A/Croatia/10136RV/2023-egg_H3N2,plate21-A/Croatia/10136RV/2023-egg_H3N2,5921,1.329,1
seqneut25to26_sera_3046,A/Croatia/10136RV/2023-egg_H3N2,plate21-A/Croatia/10136RV/2023-egg_H3N2,1.362e+04,1.428,1
seqneut25to26_sera_3046,A/Darwin/1405/2025_H1N1,plate21-A/Darwin/1405/2025_H1N1,40,0.03526,0.03526
seqneut25to26_sera_3046,A/Darwin/1405/2025_H1N1,plate21-A/Darwin/1405/2025_H1N1,92,0.27,0.27
seqneut25to26_sera_3046,A/Darwin/1405/2025_H1N1,plate21-A/Darwin/1405/2025_H1N1,212,0.3695,0.3695
seqneut25to26_sera_3046,A/Darwin/1405/2025_H1N1,plate21-A/Darwin/1405/2025_H1N1,487,0.6329,0.6329
seqneut25to26_sera_3046,A/Darwin/1405/2025_H1N1,plate21-A/Darwin/1405/2025_H1N1,1119,1.004,1
seqneut25to26_sera_3046,A/Darwin/1405/2025_H1N1,plate21-A/Darwin/1405/2025_H1N1,2575,0.8827,0.8827
seqneut25to26_sera_3046,A/Darwin/1405/2025_H1N1,plate21-A/Darwin/1405/2025_H1N1,5921,1.196,1
seqneut25to26_sera_3046,A/Darwin/1405/2025_H1N1,plate21-A/Darwin/1405/2025_H1N1,1.362e+04,1.092,1
seqneut25to26_sera_3046,A/Darwin/1461/2025_H3N2,plate21-A/Darwin/1461/2025_H3N2,40,0.06636,0.06636
seqneut25to26_sera_3046,A/Darwin/1461/2025_H3N2,plate21-A/Darwin/1461/2025_H3N2,92,0.4744,0.4744
seqneut25to26_sera_3046,A/Darwin/1461/2025_H3N2,plate21-A/Darwin/1461/2025_H3N2,212,0.9218,0.9218
seqneut25to26_sera_3046,A/Darwin/1461/2025_H3N2,plate21-A/Darwin/1461/2025_H3N2,487,0.6394,0.6394
seqneut25to26_sera_3046,A/Darwin/1461/2025_H3N2,plate21-A/Darwin/1461/2025_H3N2,1119,1.276,1
seqneut25to26_sera_3046,A/Darwin/1461/2025_H3N2,plate21-A/Darwin/1461/2025_H3N2,2575,0.7682,0.7682
seqneut25to26_sera_3046,A/Darwin/1461/2025_H3N2,plate21-A/Darwin/1461/2025_H3N2,5921,1.409,1
seqneut25to26_sera_3046,A/Darwin/1461/2025_H3N2,plate21-A/Darwin/1461/2025_H3N2,1.362e+04,1.013,1
seqneut25to26_sera_3046,A/Denmark/3070/2025_H1N1,plate21-A/Denmark/3070/2025_H1N1,40,0.03142,0.03142
seqneut25to26_sera_3046,A/Denmark/3070/2025_H1N1,plate21-A/Denmark/3070/2025_H1N1,92,0.1864,0.1864
seqneut25to26_sera_3046,A/Denmark/3070/2025_H1N1,plate21-A/Denmark/3070/2025_H1N1,212,0.4537,0.4537
seqneut25to26_sera_3046,A/Denmark/3070/2025_H1N1,plate21-A/Denmark/3070/2025_H1N1,487,0.525,0.525
seqneut25to26_sera_3046,A/Denmark/3070/2025_H1N1,plate21-A/Denmark/3070/2025_H1N1,1119,1.057,1
seqneut25to26_sera_3046,A/Denmark/3070/2025_H1N1,plate21-A/Denmark/3070/2025_H1N1,2575,0.9349,0.9349
seqneut25to26_sera_3046,A/Denmark/3070/2025_H1N1,plate21-A/Denmark/3070/2025_H1N1,5921,0.983,0.983
seqneut25to26_sera_3046,A/Denmark/3070/2025_H1N1,plate21-A/Denmark/3070/2025_H1N1,1.362e+04,1.29,1
seqneut25to26_sera_3046,A/DistrictOfColumbia/27/2023_H3N2,plate21-A/DistrictOfColumbia/27/2023_H3N2,40,0.1655,0.1655
seqneut25to26_sera_3046,A/DistrictOfColumbia/27/2023_H3N2,plate21-A/DistrictOfColumbia/27/2023_H3N2,92,0.3588,0.3588
seqneut25to26_sera_3046,A/DistrictOfColumbia/27/2023_H3N2,plate21-A/DistrictOfColumbia/27/2023_H3N2,212,0.9475,0.9475
seqneut25to26_sera_3046,A/DistrictOfColumbia/27/2023_H3N2,plate21-A/DistrictOfColumbia/27/2023_H3N2,487,0.9743,0.9743
seqneut25to26_sera_3046,A/DistrictOfColumbia/27/2023_H3N2,plate21-A/DistrictOfColumbia/27/2023_H3N2,1119,1.348,1
seqneut25to26_sera_3046,A/DistrictOfColumbia/27/2023_H3N2,plate21-A/DistrictOfColumbia/27/2023_H3N2,2575,1.227,1
seqneut25to26_sera_3046,A/DistrictOfColumbia/27/2023_H3N2,plate21-A/DistrictOfColumbia/27/2023_H3N2,5921,1.306,1
seqneut25to26_sera_3046,A/DistrictOfColumbia/27/2023_H3N2,plate21-A/DistrictOfColumbia/27/2023_H3N2,1.362e+04,1.746,1
seqneut25to26_sera_3046,A/DistrictOfColumbia/57/2025_H3N2,plate21-A/DistrictOfColumbia/57/2025_H3N2,40,0.0007039,0.0007039
seqneut25to26_sera_3046,A/DistrictOfColumbia/57/2025_H3N2,plate21-A/DistrictOfColumbia/57/2025_H3N2,92,0.01636,0.01636
seqneut25to26_sera_3046,A/DistrictOfColumbia/57/2025_H3N2,plate21-A/DistrictOfColumbia/57/2025_H3N2,212,0.1835,0.1835
seqneut25to26_sera_3046,A/DistrictOfColumbia/57/2025_H3N2,plate21-A/DistrictOfColumbia/57/2025_H3N2,487,0.2187,0.2187
seqneut25to26_sera_3046,A/DistrictOfColumbia/57/2025_H3N2,plate21-A/DistrictOfColumbia/57/2025_H3N2,1119,0.8699,0.8699
seqneut25to26_sera_3046,A/DistrictOfColumbia/57/2025_H3N2,plate21-A/DistrictOfColumbia/57/2025_H3N2,2575,1.167,1
seqneut25to26_sera_3046,A/DistrictOfColumbia/57/2025_H3N2,plate21-A/DistrictOfColumbia/57/2025_H3N2,5921,1.347,1
seqneut25to26_sera_3046,A/DistrictOfColumbia/57/2025_H3N2,plate21-A/DistrictOfColumbia/57/2025_H3N2,1.362e+04,1.565,1
seqneut25to26_sera_3046,A/DistritoFederal/250106000728/2025_H3N2,plate21-A/DistritoFederal/250106000728/2025_H3N2,40,0.008702,0.008702
seqneut25to26_sera_3046,A/DistritoFederal/250106000728/2025_H3N2,plate21-A/DistritoFederal/250106000728/2025_H3N2,92,0.0493,0.0493
seqneut25to26_sera_3046,A/DistritoFederal/250106000728/2025_H3N2,plate21-A/DistritoFederal/250106000728/2025_H3N2,212,0.2803,0.2803
seqneut25to26_sera_3046,A/DistritoFederal/250106000728/2025_H3N2,plate21-A/DistritoFederal/250106000728/2025_H3N2,487,0.5376,0.5376
seqneut25to26_sera_3046,A/DistritoFederal/250106000728/2025_H3N2,plate21-A/DistritoFederal/250106000728/2025_H3N2,1119,0.8796,0.8796
seqneut25to26_sera_3046,A/DistritoFederal/250106000728/2025_H3N2,plate21-A/DistritoFederal/250106000728/2025_H3N2,2575,0.9441,0.9441
seqneut25to26_sera_3046,A/DistritoFederal/250106000728/2025_H3N2,plate21-A/DistritoFederal/250106000728/2025_H3N2,5921,1.035,1
seqneut25to26_sera_3046,A/DistritoFederal/250106000728/2025_H3N2,plate21-A/DistritoFederal/250106000728/2025_H3N2,1.362e+04,1.615,1
seqneut25to26_sera_3046,A/DistritoFederal/2578578201/2025_H3N2,plate21-A/DistritoFederal/2578578201/2025_H3N2,40,0.0468,0.0468
seqneut25to26_sera_3046,A/DistritoFederal/2578578201/2025_H3N2,plate21-A/DistritoFederal/2578578201/2025_H3N2,92,0.1293,0.1293
seqneut25to26_sera_3046,A/DistritoFederal/2578578201/2025_H3N2,plate21-A/DistritoFederal/2578578201/2025_H3N2,212,0.528,0.528
seqneut25to26_sera_3046,A/DistritoFederal/2578578201/2025_H3N2,plate21-A/DistritoFederal/2578578201/2025_H3N2,487,0.8219,0.8219
seqneut25to26_sera_3046,A/DistritoFederal/2578578201/2025_H3N2,plate21-A/DistritoFederal/2578578201/2025_H3N2,1119,1.193,1
seqneut25to26_sera_3046,A/DistritoFederal/2578578201/2025_H3N2,plate21-A/DistritoFederal/2578578201/2025_H3N2,2575,1.215,1
seqneut25to26_sera_3046,A/DistritoFederal/2578578201/2025_H3N2,plate21-A/DistritoFederal/2578578201/2025_H3N2,5921,1.655,1
seqneut25to26_sera_3046,A/DistritoFederal/2578578201/2025_H3N2,plate21-A/DistritoFederal/2578578201/2025_H3N2,1.362e+04,1.804,1
seqneut25to26_sera_3046,A/England/174/2025_H3N2,plate21-A/England/174/2025_H3N2,40,0.02676,0.02676
seqneut25to26_sera_3046,A/England/174/2025_H3N2,plate21-A/England/174/2025_H3N2,92,0.1051,0.1051
seqneut25to26_sera_3046,A/England/174/2025_H3N2,plate21-A/England/174/2025_H3N2,212,0.2218,0.2218
seqneut25to26_sera_3046,A/England/174/2025_H3N2,plate21-A/England/174/2025_H3N2,487,0.7149,0.7149
seqneut25to26_sera_3046,A/England/174/2025_H3N2,plate21-A/England/174/2025_H3N2,1119,0.6984,0.6984
seqneut25to26_sera_3046,A/England/174/2025_H3N2,plate21-A/England/174/2025_H3N2,2575,0.7171,0.7171
seqneut25to26_sera_3046,A/England/174/2025_H3N2,plate21-A/England/174/2025_H3N2,5921,0.8461,0.8461
seqneut25to26_sera_3046,A/England/174/2025_H3N2,plate21-A/England/174/2025_H3N2,1.362e+04,1.047,1
seqneut25to26_sera_3046,A/England/1822256/2025_H1N1,plate21-A/England/1822256/2025_H1N1,40,0.09093,0.09093
seqneut25to26_sera_3046,A/England/1822256/2025_H1N1,plate21-A/England/1822256/2025_H1N1,92,0.3732,0.3732
seqneut25to26_sera_3046,A/England/1822256/2025_H1N1,plate21-A/England/1822256/2025_H1N1,212,0.7644,0.7644
seqneut25to26_sera_3046,A/England/1822256/2025_H1N1,plate21-A/England/1822256/2025_H1N1,487,0.9299,0.9299
seqneut25to26_sera_3046,A/England/1822256/2025_H1N1,plate21-A/England/1822256/2025_H1N1,1119,1.225,1
seqneut25to26_sera_3046,A/England/1822256/2025_H1N1,plate21-A/England/1822256/2025_H1N1,2575,1.174,1
seqneut25to26_sera_3046,A/England/1822256/2025_H1N1,plate21-A/England/1822256/2025_H1N1,5921,1.581,1
seqneut25to26_sera_3046,A/England/1822256/2025_H1N1,plate21-A/England/1822256/2025_H1N1,1.362e+04,1.522,1
seqneut25to26_sera_3046,A/England/1837734/2025_H3N2,plate21-A/England/1837734/2025_H3N2,40,0.0007863,0.0007863
seqneut25to26_sera_3046,A/England/1837734/2025_H3N2,plate21-A/England/1837734/2025_H3N2,92,0.002461,0.002461
seqneut25to26_sera_3046,A/England/1837734/2025_H3N2,plate21-A/England/1837734/2025_H3N2,212,0.1242,0.1242
seqneut25to26_sera_3046,A/England/1837734/2025_H3N2,plate21-A/England/1837734/2025_H3N2,487,0.3889,0.3889
seqneut25to26_sera_3046,A/England/1837734/2025_H3N2,plate21-A/England/1837734/2025_H3N2,1119,1.013,1
seqneut25to26_sera_3046,A/England/1837734/2025_H3N2,plate21-A/England/1837734/2025_H3N2,2575,0.946,0.946
seqneut25to26_sera_3046,A/England/1837734/2025_H3N2,plate21-A/England/1837734/2025_H3N2,5921,1.005,1
seqneut25to26_sera_3046,A/England/1837734/2025_H3N2,plate21-A/England/1837734/2025_H3N2,1.362e+04,1.25,1
seqneut25to26_sera_3046,A/England/1837737/2025_H3N2,plate21-A/England/1837737/2025_H3N2,40,0.01115,0.01115
seqneut25to26_sera_3046,A/England/1837737/2025_H3N2,plate21-A/England/1837737/2025_H3N2,92,0.1165,0.1165
seqneut25to26_sera_3046,A/England/1837737/2025_H3N2,plate21-A/England/1837737/2025_H3N2,212,0.3581,0.3581
seqneut25to26_sera_3046,A/England/1837737/2025_H3N2,plate21-A/England/1837737/2025_H3N2,487,0.8567,0.8567
seqneut25to26_sera_3046,A/England/1837737/2025_H3N2,plate21-A/England/1837737/2025_H3N2,1119,1.223,1
seqneut25to26_sera_3046,A/England/1837737/2025_H3N2,plate21-A/England/1837737/2025_H3N2,2575,1.441,1
seqneut25to26_sera_3046,A/England/1837737/2025_H3N2,plate21-A/England/1837737/2025_H3N2,5921,1.483,1
seqneut25to26_sera_3046,A/England/1837737/2025_H3N2,plate21-A/England/1837737/2025_H3N2,1.362e+04,1.453,1
seqneut25to26_sera_3046,A/France/ARA-HCL025155099501/2025_H1N1,plate21-A/France/ARA-HCL025155099501/2025_H1N1,40,0.06564,0.06564
seqneut25to26_sera_3046,A/France/ARA-HCL025155099501/2025_H1N1,plate21-A/France/ARA-HCL025155099501/2025_H1N1,92,0.3946,0.3946
seqneut25to26_sera_3046,A/France/ARA-HCL025155099501/2025_H1N1,plate21-A/France/ARA-HCL025155099501/2025_H1N1,212,0.4838,0.4838
seqneut25to26_sera_3046,A/France/ARA-HCL025155099501/2025_H1N1,plate21-A/France/ARA-HCL025155099501/2025_H1N1,487,0.6794,0.6794
seqneut25to26_sera_3046,A/France/ARA-HCL025155099501/2025_H1N1,plate21-A/France/ARA-HCL025155099501/2025_H1N1,1119,1.198,1
seqneut25to26_sera_3046,A/France/ARA-HCL025155099501/2025_H1N1,plate21-A/France/ARA-HCL025155099501/2025_H1N1,2575,1.103,1
seqneut25to26_sera_3046,A/France/ARA-HCL025155099501/2025_H1N1,plate21-A/France/ARA-HCL025155099501/2025_H1N1,5921,1.128,1
seqneut25to26_sera_3046,A/France/ARA-HCL025155099501/2025_H1N1,plate21-A/France/ARA-HCL025155099501/2025_H1N1,1.362e+04,1.69,1
seqneut25to26_sera_3046,A/Galicia/GA-CHUAC-451/2025_H3N2,plate21-A/Galicia/GA-CHUAC-451/2025_H3N2,40,0.1385,0.1385
seqneut25to26_sera_3046,A/Galicia/GA-CHUAC-451/2025_H3N2,plate21-A/Galicia/GA-CHUAC-451/2025_H3N2,92,0.482,0.482
seqneut25to26_sera_3046,A/Galicia/GA-CHUAC-451/2025_H3N2,plate21-A/Galicia/GA-CHUAC-451/2025_H3N2,212,0.7849,0.7849
seqneut25to26_sera_3046,A/Galicia/GA-CHUAC-451/2025_H3N2,plate21-A/Galicia/GA-CHUAC-451/2025_H3N2,487,1.361,1
seqneut25to26_sera_3046,A/Galicia/GA-CHUAC-451/2025_H3N2,plate21-A/Galicia/GA-CHUAC-451/2025_H3N2,1119,1.053,1
seqneut25to26_sera_3046,A/Galicia/GA-CHUAC-451/2025_H3N2,plate21-A/Galicia/GA-CHUAC-451/2025_H3N2,2575,1.371,1
seqneut25to26_sera_3046,A/Galicia/GA-CHUAC-451/2025_H3N2,plate21-A/Galicia/GA-CHUAC-451/2025_H3N2,5921,1.996,1
seqneut25to26_sera_3046,A/Galicia/GA-CHUAC-451/2025_H3N2,plate21-A/Galicia/GA-CHUAC-451/2025_H3N2,1.362e+04,1.565,1
seqneut25to26_sera_3046,A/Ghana/ARI-25-1125/2025_H1N1,plate21-A/Ghana/ARI-25-1125/2025_H1N1,40,0.04117,0.04117
seqneut25to26_sera_3046,A/Ghana/ARI-25-1125/2025_H1N1,plate21-A/Ghana/ARI-25-1125/2025_H1N1,92,0.4717,0.4717
seqneut25to26_sera_3046,A/Ghana/ARI-25-1125/2025_H1N1,plate21-A/Ghana/ARI-25-1125/2025_H1N1,212,0.7688,0.7688
seqneut25to26_sera_3046,A/Ghana/ARI-25-1125/2025_H1N1,plate21-A/Ghana/ARI-25-1125/2025_H1N1,487,0.9232,0.9232
seqneut25to26_sera_3046,A/Ghana/ARI-25-1125/2025_H1N1,plate21-A/Ghana/ARI-25-1125/2025_H1N1,1119,1.359,1
seqneut25to26_sera_3046,A/Ghana/ARI-25-1125/2025_H1N1,plate21-A/Ghana/ARI-25-1125/2025_H1N1,2575,1.043,1
seqneut25to26_sera_3046,A/Ghana/ARI-25-1125/2025_H1N1,plate21-A/Ghana/ARI-25-1125/2025_H1N1,5921,1.344,1
seqneut25to26_sera_3046,A/Ghana/ARI-25-1125/2025_H1N1,plate21-A/Ghana/ARI-25-1125/2025_H1N1,1.362e+04,1.288,1
seqneut25to26_sera_3046,A/Ghana/FS-25-7077/2025_H3N2,plate21-A/Ghana/FS-25-7077/2025_H3N2,40,0.0013,0.0013
seqneut25to26_sera_3046,A/Ghana/FS-25-7077/2025_H3N2,plate21-A/Ghana/FS-25-7077/2025_H3N2,92,0.006159,0.006159
seqneut25to26_sera_3046,A/Ghana/FS-25-7077/2025_H3N2,plate21-A/Ghana/FS-25-7077/2025_H3N2,212,0.07884,0.07884
seqneut25to26_sera_3046,A/Ghana/FS-25-7077/2025_H3N2,plate21-A/Ghana/FS-25-7077/2025_H3N2,487,0.6467,0.6467
seqneut25to26_sera_3046,A/Ghana/FS-25-7077/2025_H3N2,plate21-A/Ghana/FS-25-7077/2025_H3N2,1119,0.8587,0.8587
seqneut25to26_sera_3046,A/Ghana/FS-25-7077/2025_H3N2,plate21-A/Ghana/FS-25-7077/2025_H3N2,2575,1.175,1
seqneut25to26_sera_3046,A/Ghana/FS-25-7077/2025_H3N2,plate21-A/Ghana/FS-25-7077/2025_H3N2,5921,1.39,1
seqneut25to26_sera_3046,A/Ghana/FS-25-7077/2025_H3N2,plate21-A/Ghana/FS-25-7077/2025_H3N2,1.362e+04,1.403,1
seqneut25to26_sera_3046,A/Guangdong-Maonan/11438/2025_H3N2,plate21-A/Guangdong-Maonan/11438/2025_H3N2,40,0.1534,0.1534
seqneut25to26_sera_3046,A/Guangdong-Maonan/11438/2025_H3N2,plate21-A/Guangdong-Maonan/11438/2025_H3N2,92,0.2533,0.2533
seqneut25to26_sera_3046,A/Guangdong-Maonan/11438/2025_H3N2,plate21-A/Guangdong-Maonan/11438/2025_H3N2,212,0.6173,0.6173
seqneut25to26_sera_3046,A/Guangdong-Maonan/11438/2025_H3N2,plate21-A/Guangdong-Maonan/11438/2025_H3N2,487,0.9189,0.9189
seqneut25to26_sera_3046,A/Guangdong-Maonan/11438/2025_H3N2,plate21-A/Guangdong-Maonan/11438/2025_H3N2,1119,1.489,1
seqneut25to26_sera_3046,A/Guangdong-Maonan/11438/2025_H3N2,plate21-A/Guangdong-Maonan/11438/2025_H3N2,2575,1.544,1
seqneut25to26_sera_3046,A/Guangdong-Maonan/11438/2025_H3N2,plate21-A/Guangdong-Maonan/11438/2025_H3N2,5921,1.79,1
seqneut25to26_sera_3046,A/Guangdong-Maonan/11438/2025_H3N2,plate21-A/Guangdong-Maonan/11438/2025_H3N2,1.362e+04,1.671,1
seqneut25to26_sera_3046,A/Guangdong-Meijiang/11256/2025_H3N2,plate21-A/Guangdong-Meijiang/11256/2025_H3N2,40,0.02534,0.02534
seqneut25to26_sera_3046,A/Guangdong-Meijiang/11256/2025_H3N2,plate21-A/Guangdong-Meijiang/11256/2025_H3N2,92,0.1025,0.1025
seqneut25to26_sera_3046,A/Guangdong-Meijiang/11256/2025_H3N2,plate21-A/Guangdong-Meijiang/11256/2025_H3N2,212,0.4175,0.4175
seqneut25to26_sera_3046,A/Guangdong-Meijiang/11256/2025_H3N2,plate21-A/Guangdong-Meijiang/11256/2025_H3N2,487,0.3203,0.3203
seqneut25to26_sera_3046,A/Guangdong-Meijiang/11256/2025_H3N2,plate21-A/Guangdong-Meijiang/11256/2025_H3N2,1119,0.7556,0.7556
seqneut25to26_sera_3046,A/Guangdong-Meijiang/11256/2025_H3N2,plate21-A/Guangdong-Meijiang/11256/2025_H3N2,2575,0.8988,0.8988
seqneut25to26_sera_3046,A/Guangdong-Meijiang/11256/2025_H3N2,plate21-A/Guangdong-Meijiang/11256/2025_H3N2,5921,1.269,1
seqneut25to26_sera_3046,A/Guangdong-Meijiang/11256/2025_H3N2,plate21-A/Guangdong-Meijiang/11256/2025_H3N2,1.362e+04,1.269,1
seqneut25to26_sera_3046,A/Guangxi-Daxin/1643/2025_H3N2,plate21-A/Guangxi-Daxin/1643/2025_H3N2,40,0.1709,0.1709
seqneut25to26_sera_3046,A/Guangxi-Daxin/1643/2025_H3N2,plate21-A/Guangxi-Daxin/1643/2025_H3N2,92,0.4348,0.4348
seqneut25to26_sera_3046,A/Guangxi-Daxin/1643/2025_H3N2,plate21-A/Guangxi-Daxin/1643/2025_H3N2,212,0.5213,0.5213
seqneut25to26_sera_3046,A/Guangxi-Daxin/1643/2025_H3N2,plate21-A/Guangxi-Daxin/1643/2025_H3N2,487,0.8819,0.8819
seqneut25to26_sera_3046,A/Guangxi-Daxin/1643/2025_H3N2,plate21-A/Guangxi-Daxin/1643/2025_H3N2,1119,1.113,1
seqneut25to26_sera_3046,A/Guangxi-Daxin/1643/2025_H3N2,plate21-A/Guangxi-Daxin/1643/2025_H3N2,2575,1.239,1
seqneut25to26_sera_3046,A/Guangxi-Daxin/1643/2025_H3N2,plate21-A/Guangxi-Daxin/1643/2025_H3N2,5921,1.227,1
seqneut25to26_sera_3046,A/Guangxi-Daxin/1643/2025_H3N2,plate21-A/Guangxi-Daxin/1643/2025_H3N2,1.362e+04,1.954,1
seqneut25to26_sera_3046,A/Guangxi-Qingxiu/SWL11742/2025_H1N1,plate21-A/Guangxi-Qingxiu/SWL11742/2025_H1N1,40,0.03968,0.03968
seqneut25to26_sera_3046,A/Guangxi-Qingxiu/SWL11742/2025_H1N1,plate21-A/Guangxi-Qingxiu/SWL11742/2025_H1N1,92,0.2396,0.2396
seqneut25to26_sera_3046,A/Guangxi-Qingxiu/SWL11742/2025_H1N1,plate21-A/Guangxi-Qingxiu/SWL11742/2025_H1N1,212,0.3737,0.3737
seqneut25to26_sera_3046,A/Guangxi-Qingxiu/SWL11742/2025_H1N1,plate21-A/Guangxi-Qingxiu/SWL11742/2025_H1N1,487,0.5211,0.5211
seqneut25to26_sera_3046,A/Guangxi-Qingxiu/SWL11742/2025_H1N1,plate21-A/Guangxi-Qingxiu/SWL11742/2025_H1N1,1119,0.8331,0.8331
seqneut25to26_sera_3046,A/Guangxi-Qingxiu/SWL11742/2025_H1N1,plate21-A/Guangxi-Qingxiu/SWL11742/2025_H1N1,2575,0.9697,0.9697
seqneut25to26_sera_3046,A/Guangxi-Qingxiu/SWL11742/2025_H1N1,plate21-A/Guangxi-Qingxiu/SWL11742/2025_H1N1,5921,1.082,1
seqneut25to26_sera_3046,A/Guangxi-Qingxiu/SWL11742/2025_H1N1,plate21-A/Guangxi-Qingxiu/SWL11742/2025_H1N1,1.362e+04,1.027,1
seqneut25to26_sera_3046,A/Hawaii/44/2025_H1N1,plate21-A/Hawaii/44/2025_H1N1,40,0.05304,0.05304
seqneut25to26_sera_3046,A/Hawaii/44/2025_H1N1,plate21-A/Hawaii/44/2025_H1N1,92,0.3084,0.3084
seqneut25to26_sera_3046,A/Hawaii/44/2025_H1N1,plate21-A/Hawaii/44/2025_H1N1,212,0.4791,0.4791
seqneut25to26_sera_3046,A/Hawaii/44/2025_H1N1,plate21-A/Hawaii/44/2025_H1N1,487,0.7272,0.7272
seqneut25to26_sera_3046,A/Hawaii/44/2025_H1N1,plate21-A/Hawaii/44/2025_H1N1,1119,0.9884,0.9884
seqneut25to26_sera_3046,A/Hawaii/44/2025_H1N1,plate21-A/Hawaii/44/2025_H1N1,2575,1.135,1
seqneut25to26_sera_3046,A/Hawaii/44/2025_H1N1,plate21-A/Hawaii/44/2025_H1N1,5921,1.142,1
seqneut25to26_sera_3046,A/Hawaii/44/2025_H1N1,plate21-A/Hawaii/44/2025_H1N1,1.362e+04,1.352,1
seqneut25to26_sera_3046,A/Hawaii/70/2019_H1N1,plate21-A/Hawaii/70/2019_H1N1,40,0.001755,0.001755
seqneut25to26_sera_3046,A/Hawaii/70/2019_H1N1,plate21-A/Hawaii/70/2019_H1N1,92,0.08338,0.08338
seqneut25to26_sera_3046,A/Hawaii/70/2019_H1N1,plate21-A/Hawaii/70/2019_H1N1,212,0.3206,0.3206
seqneut25to26_sera_3046,A/Hawaii/70/2019_H1N1,plate21-A/Hawaii/70/2019_H1N1,487,0.6145,0.6145
seqneut25to26_sera_3046,A/Hawaii/70/2019_H1N1,plate21-A/Hawaii/70/2019_H1N1,1119,1.041,1
seqneut25to26_sera_3046,A/Hawaii/70/2019_H1N1,plate21-A/Hawaii/70/2019_H1N1,2575,1.427,1
seqneut25to26_sera_3046,A/Hawaii/70/2019_H1N1,plate21-A/Hawaii/70/2019_H1N1,5921,1.445,1
seqneut25to26_sera_3046,A/Hawaii/70/2019_H1N1,plate21-A/Hawaii/70/2019_H1N1,1.362e+04,1.48,1
seqneut25to26_sera_3046,A/HongKong/1257/2025_H3N2,plate21-A/HongKong/1257/2025_H3N2,40,0.2133,0.2133
seqneut25to26_sera_3046,A/HongKong/1257/2025_H3N2,plate21-A/HongKong/1257/2025_H3N2,92,0.5946,0.5946
seqneut25to26_sera_3046,A/HongKong/1257/2025_H3N2,plate21-A/HongKong/1257/2025_H3N2,212,0.7483,0.7483
seqneut25to26_sera_3046,A/HongKong/1257/2025_H3N2,plate21-A/HongKong/1257/2025_H3N2,487,0.9242,0.9242
seqneut25to26_sera_3046,A/HongKong/1257/2025_H3N2,plate21-A/HongKong/1257/2025_H3N2,1119,1.104,1
seqneut25to26_sera_3046,A/HongKong/1257/2025_H3N2,plate21-A/HongKong/1257/2025_H3N2,2575,1.7,1
seqneut25to26_sera_3046,A/HongKong/1257/2025_H3N2,plate21-A/HongKong/1257/2025_H3N2,5921,1.484,1
seqneut25to26_sera_3046,A/HongKong/1257/2025_H3N2,plate21-A/HongKong/1257/2025_H3N2,1.362e+04,1.611,1
seqneut25to26_sera_3046,A/HongKong/1382/2025_H3N2,plate21-A/HongKong/1382/2025_H3N2,40,0.0003878,0.0003878
seqneut25to26_sera_3046,A/HongKong/1382/2025_H3N2,plate21-A/HongKong/1382/2025_H3N2,92,0.002973,0.002973
seqneut25to26_sera_3046,A/HongKong/1382/2025_H3N2,plate21-A/HongKong/1382/2025_H3N2,212,0.07375,0.07375
seqneut25to26_sera_3046,A/HongKong/1382/2025_H3N2,plate21-A/HongKong/1382/2025_H3N2,487,0.1278,0.1278
seqneut25to26_sera_3046,A/HongKong/1382/2025_H3N2,plate21-A/HongKong/1382/2025_H3N2,1119,0.5916,0.5916
seqneut25to26_sera_3046,A/HongKong/1382/2025_H3N2,plate21-A/HongKong/1382/2025_H3N2,2575,0.7736,0.7736
seqneut25to26_sera_3046,A/HongKong/1382/2025_H3N2,plate21-A/HongKong/1382/2025_H3N2,5921,1.397,1
seqneut25to26_sera_3046,A/HongKong/1382/2025_H3N2,plate21-A/HongKong/1382/2025_H3N2,1.362e+04,0.9778,0.9778
seqneut25to26_sera_3046,A/Indonesia/BIOKES-I-BT074/2025_H3N2,plate21-A/Indonesia/BIOKES-I-BT074/2025_H3N2,40,0.004903,0.004903
seqneut25to26_sera_3046,A/Indonesia/BIOKES-I-BT074/2025_H3N2,plate21-A/Indonesia/BIOKES-I-BT074/2025_H3N2,92,0.02014,0.02014
seqneut25to26_sera_3046,A/Indonesia/BIOKES-I-BT074/2025_H3N2,plate21-A/Indonesia/BIOKES-I-BT074/2025_H3N2,212,0.1019,0.1019
seqneut25to26_sera_3046,A/Indonesia/BIOKES-I-BT074/2025_H3N2,plate21-A/Indonesia/BIOKES-I-BT074/2025_H3N2,487,0.856,0.856
seqneut25to26_sera_3046,A/Indonesia/BIOKES-I-BT074/2025_H3N2,plate21-A/Indonesia/BIOKES-I-BT074/2025_H3N2,1119,1.105,1
seqneut25to26_sera_3046,A/Indonesia/BIOKES-I-BT074/2025_H3N2,plate21-A/Indonesia/BIOKES-I-BT074/2025_H3N2,2575,1.306,1
seqneut25to26_sera_3046,A/Indonesia/BIOKES-I-BT074/2025_H3N2,plate21-A/Indonesia/BIOKES-I-BT074/2025_H3N2,5921,1.544,1
seqneut25to26_sera_3046,A/Indonesia/BIOKES-I-BT074/2025_H3N2,plate21-A/Indonesia/BIOKES-I-BT074/2025_H3N2,1.362e+04,1.355,1
seqneut25to26_sera_3046,A/Indonesia/BIOKES-INAD491/2025_H3N2,plate21-A/Indonesia/BIOKES-INAD491/2025_H3N2,40,0.1123,0.1123
seqneut25to26_sera_3046,A/Indonesia/BIOKES-INAD491/2025_H3N2,plate21-A/Indonesia/BIOKES-INAD491/2025_H3N2,92,0.367,0.367
seqneut25to26_sera_3046,A/Indonesia/BIOKES-INAD491/2025_H3N2,plate21-A/Indonesia/BIOKES-INAD491/2025_H3N2,212,0.4422,0.4422
seqneut25to26_sera_3046,A/Indonesia/BIOKES-INAD491/2025_H3N2,plate21-A/Indonesia/BIOKES-INAD491/2025_H3N2,487,0.7483,0.7483
seqneut25to26_sera_3046,A/Indonesia/BIOKES-INAD491/2025_H3N2,plate21-A/Indonesia/BIOKES-INAD491/2025_H3N2,1119,1.082,1
seqneut25to26_sera_3046,A/Indonesia/BIOKES-INAD491/2025_H3N2,plate21-A/Indonesia/BIOKES-INAD491/2025_H3N2,2575,1.063,1
seqneut25to26_sera_3046,A/Indonesia/BIOKES-INAD491/2025_H3N2,plate21-A/Indonesia/BIOKES-INAD491/2025_H3N2,5921,1.317,1
seqneut25to26_sera_3046,A/Indonesia/BIOKES-INAD491/2025_H3N2,plate21-A/Indonesia/BIOKES-INAD491/2025_H3N2,1.362e+04,1.512,1
seqneut25to26_sera_3046,A/Lao/820-2750/2025_H3N2,plate21-A/Lao/820-2750/2025_H3N2,40,0.0296,0.0296
seqneut25to26_sera_3046,A/Lao/820-2750/2025_H3N2,plate21-A/Lao/820-2750/2025_H3N2,92,0.1193,0.1193
seqneut25to26_sera_3046,A/Lao/820-2750/2025_H3N2,plate21-A/Lao/820-2750/2025_H3N2,212,0.4659,0.4659
seqneut25to26_sera_3046,A/Lao/820-2750/2025_H3N2,plate21-A/Lao/820-2750/2025_H3N2,487,0.8013,0.8013
seqneut25to26_sera_3046,A/Lao/820-2750/2025_H3N2,plate21-A/Lao/820-2750/2025_H3N2,1119,0.9384,0.9384
seqneut25to26_sera_3046,A/Lao/820-2750/2025_H3N2,plate21-A/Lao/820-2750/2025_H3N2,2575,0.9452,0.9452
seqneut25to26_sera_3046,A/Lao/820-2750/2025_H3N2,plate21-A/Lao/820-2750/2025_H3N2,5921,1.068,1
seqneut25to26_sera_3046,A/Lao/820-2750/2025_H3N2,plate21-A/Lao/820-2750/2025_H3N2,1.362e+04,1.67,1
seqneut25to26_sera_3046,A/Malaysia/IMR/SARI/2028/2025_H3N2,plate21-A/Malaysia/IMR/SARI/2028/2025_H3N2,40,0.05441,0.05441
seqneut25to26_sera_3046,A/Malaysia/IMR/SARI/2028/2025_H3N2,plate21-A/Malaysia/IMR/SARI/2028/2025_H3N2,92,0.1296,0.1296
seqneut25to26_sera_3046,A/Malaysia/IMR/SARI/2028/2025_H3N2,plate21-A/Malaysia/IMR/SARI/2028/2025_H3N2,212,0.4428,0.4428
seqneut25to26_sera_3046,A/Malaysia/IMR/SARI/2028/2025_H3N2,plate21-A/Malaysia/IMR/SARI/2028/2025_H3N2,487,0.5859,0.5859
seqneut25to26_sera_3046,A/Malaysia/IMR/SARI/2028/2025_H3N2,plate21-A/Malaysia/IMR/SARI/2028/2025_H3N2,1119,0.9551,0.9551
seqneut25to26_sera_3046,A/Malaysia/IMR/SARI/2028/2025_H3N2,plate21-A/Malaysia/IMR/SARI/2028/2025_H3N2,2575,0.8573,0.8573
seqneut25to26_sera_3046,A/Malaysia/IMR/SARI/2028/2025_H3N2,plate21-A/Malaysia/IMR/SARI/2028/2025_H3N2,5921,1.282,1
seqneut25to26_sera_3046,A/Malaysia/IMR/SARI/2028/2025_H3N2,plate21-A/Malaysia/IMR/SARI/2028/2025_H3N2,1.362e+04,1.542,1
seqneut25to26_sera_3046,A/Malaysia/IMR/SARI/2406/2025_H3N2,plate21-A/Malaysia/IMR/SARI/2406/2025_H3N2,40,0.003277,0.003277
seqneut25to26_sera_3046,A/Malaysia/IMR/SARI/2406/2025_H3N2,plate21-A/Malaysia/IMR/SARI/2406/2025_H3N2,92,0.1315,0.1315
seqneut25to26_sera_3046,A/Malaysia/IMR/SARI/2406/2025_H3N2,plate21-A/Malaysia/IMR/SARI/2406/2025_H3N2,212,0.4395,0.4395
seqneut25to26_sera_3046,A/Malaysia/IMR/SARI/2406/2025_H3N2,plate21-A/Malaysia/IMR/SARI/2406/2025_H3N2,487,0.4958,0.4958
seqneut25to26_sera_3046,A/Malaysia/IMR/SARI/2406/2025_H3N2,plate21-A/Malaysia/IMR/SARI/2406/2025_H3N2,1119,1.015,1
seqneut25to26_sera_3046,A/Malaysia/IMR/SARI/2406/2025_H3N2,plate21-A/Malaysia/IMR/SARI/2406/2025_H3N2,2575,1.103,1
seqneut25to26_sera_3046,A/Malaysia/IMR/SARI/2406/2025_H3N2,plate21-A/Malaysia/IMR/SARI/2406/2025_H3N2,5921,1.366,1
seqneut25to26_sera_3046,A/Malaysia/IMR/SARI/2406/2025_H3N2,plate21-A/Malaysia/IMR/SARI/2406/2025_H3N2,1.362e+04,1.487,1
seqneut25to26_sera_3046,A/Malaysia/IMR/SARI/2517/2025_H3N2,plate21-A/Malaysia/IMR/SARI/2517/2025_H3N2,40,0.002319,0.002319
seqneut25to26_sera_3046,A/Malaysia/IMR/SARI/2517/2025_H3N2,plate21-A/Malaysia/IMR/SARI/2517/2025_H3N2,92,0.03557,0.03557
seqneut25to26_sera_3046,A/Malaysia/IMR/SARI/2517/2025_H3N2,plate21-A/Malaysia/IMR/SARI/2517/2025_H3N2,212,0.2485,0.2485
seqneut25to26_sera_3046,A/Malaysia/IMR/SARI/2517/2025_H3N2,plate21-A/Malaysia/IMR/SARI/2517/2025_H3N2,487,0.483,0.483
seqneut25to26_sera_3046,A/Malaysia/IMR/SARI/2517/2025_H3N2,plate21-A/Malaysia/IMR/SARI/2517/2025_H3N2,1119,1.09,1
seqneut25to26_sera_3046,A/Malaysia/IMR/SARI/2517/2025_H3N2,plate21-A/Malaysia/IMR/SARI/2517/2025_H3N2,2575,1.21,1
seqneut25to26_sera_3046,A/Malaysia/IMR/SARI/2517/2025_H3N2,plate21-A/Malaysia/IMR/SARI/2517/2025_H3N2,5921,1.495,1
seqneut25to26_sera_3046,A/Malaysia/IMR/SARI/2517/2025_H3N2,plate21-A/Malaysia/IMR/SARI/2517/2025_H3N2,1.362e+04,1.605,1
seqneut25to26_sera_3046,A/Massachusetts/18/2022_H3N2,plate21-A/Massachusetts/18/2022_H3N2,40,0.1916,0.1916
seqneut25to26_sera_3046,A/Massachusetts/18/2022_H3N2,plate21-A/Massachusetts/18/2022_H3N2,92,0.3854,0.3854
seqneut25to26_sera_3046,A/Massachusetts/18/2022_H3N2,plate21-A/Massachusetts/18/2022_H3N2,212,0.914,0.914
seqneut25to26_sera_3046,A/Massachusetts/18/2022_H3N2,plate21-A/Massachusetts/18/2022_H3N2,487,0.7851,0.7851
seqneut25to26_sera_3046,A/Massachusetts/18/2022_H3N2,plate21-A/Massachusetts/18/2022_H3N2,1119,1.343,1
seqneut25to26_sera_3046,A/Massachusetts/18/2022_H3N2,plate21-A/Massachusetts/18/2022_H3N2,2575,1.335,1
seqneut25to26_sera_3046,A/Massachusetts/18/2022_H3N2,plate21-A/Massachusetts/18/2022_H3N2,5921,1.316,1
seqneut25to26_sera_3046,A/Massachusetts/18/2022_H3N2,plate21-A/Massachusetts/18/2022_H3N2,1.362e+04,2.335,1
seqneut25to26_sera_3046,A/Michigan/110/2025_H3N2,plate21-A/Michigan/110/2025_H3N2,40,0.07583,0.07583
seqneut25to26_sera_3046,A/Michigan/110/2025_H3N2,plate21-A/Michigan/110/2025_H3N2,92,0.7212,0.7212
seqneut25to26_sera_3046,A/Michigan/110/2025_H3N2,plate21-A/Michigan/110/2025_H3N2,212,0.6241,0.6241
seqneut25to26_sera_3046,A/Michigan/110/2025_H3N2,plate21-A/Michigan/110/2025_H3N2,487,1.156,1
seqneut25to26_sera_3046,A/Michigan/110/2025_H3N2,plate21-A/Michigan/110/2025_H3N2,1119,1.272,1
seqneut25to26_sera_3046,A/Michigan/110/2025_H3N2,plate21-A/Michigan/110/2025_H3N2,2575,1.309,1
seqneut25to26_sera_3046,A/Michigan/110/2025_H3N2,plate21-A/Michigan/110/2025_H3N2,5921,1.573,1
seqneut25to26_sera_3046,A/Michigan/110/2025_H3N2,plate21-A/Michigan/110/2025_H3N2,1.362e+04,1.408,1
seqneut25to26_sera_3046,A/Minnesota/96/2025_H3N2,plate21-A/Minnesota/96/2025_H3N2,40,0.1139,0.1139
seqneut25to26_sera_3046,A/Minnesota/96/2025_H3N2,plate21-A/Minnesota/96/2025_H3N2,92,0.4767,0.4767
seqneut25to26_sera_3046,A/Minnesota/96/2025_H3N2,plate21-A/Minnesota/96/2025_H3N2,212,0.5122,0.5122
seqneut25to26_sera_3046,A/Minnesota/96/2025_H3N2,plate21-A/Minnesota/96/2025_H3N2,487,0.8188,0.8188
seqneut25to26_sera_3046,A/Minnesota/96/2025_H3N2,plate21-A/Minnesota/96/2025_H3N2,1119,0.9434,0.9434
seqneut25to26_sera_3046,A/Minnesota/96/2025_H3N2,plate21-A/Minnesota/96/2025_H3N2,2575,1.173,1
seqneut25to26_sera_3046,A/Minnesota/96/2025_H3N2,plate21-A/Minnesota/96/2025_H3N2,5921,1.493,1
seqneut25to26_sera_3046,A/Minnesota/96/2025_H3N2,plate21-A/Minnesota/96/2025_H3N2,1.362e+04,1.394,1
seqneut25to26_sera_3046,A/Missouri/11/2025_H1N1,plate21-A/Missouri/11/2025_H1N1,40,0.01302,0.01302
seqneut25to26_sera_3046,A/Missouri/11/2025_H1N1,plate21-A/Missouri/11/2025_H1N1,92,0.3049,0.3049
seqneut25to26_sera_3046,A/Missouri/11/2025_H1N1,plate21-A/Missouri/11/2025_H1N1,212,0.3784,0.3784
seqneut25to26_sera_3046,A/Missouri/11/2025_H1N1,plate21-A/Missouri/11/2025_H1N1,487,0.4555,0.4555
seqneut25to26_sera_3046,A/Missouri/11/2025_H1N1,plate21-A/Missouri/11/2025_H1N1,1119,0.919,0.919
seqneut25to26_sera_3046,A/Missouri/11/2025_H1N1,plate21-A/Missouri/11/2025_H1N1,2575,0.9389,0.9389
seqneut25to26_sera_3046,A/Missouri/11/2025_H1N1,plate21-A/Missouri/11/2025_H1N1,5921,0.9769,0.9769
seqneut25to26_sera_3046,A/Missouri/11/2025_H1N1,plate21-A/Missouri/11/2025_H1N1,1.362e+04,1.207,1
seqneut25to26_sera_3046,A/NewSouthWales/2526015582/2025_H3N2,plate21-A/NewSouthWales/2526015582/2025_H3N2,40,0.0002886,0.0002886
seqneut25to26_sera_3046,A/NewSouthWales/2526015582/2025_H3N2,plate21-A/NewSouthWales/2526015582/2025_H3N2,92,0.002424,0.002424
seqneut25to26_sera_3046,A/NewSouthWales/2526015582/2025_H3N2,plate21-A/NewSouthWales/2526015582/2025_H3N2,212,0.08279,0.08279
seqneut25to26_sera_3046,A/NewSouthWales/2526015582/2025_H3N2,plate21-A/NewSouthWales/2526015582/2025_H3N2,487,0.5056,0.5056
seqneut25to26_sera_3046,A/NewSouthWales/2526015582/2025_H3N2,plate21-A/NewSouthWales/2526015582/2025_H3N2,1119,0.8777,0.8777
seqneut25to26_sera_3046,A/NewSouthWales/2526015582/2025_H3N2,plate21-A/NewSouthWales/2526015582/2025_H3N2,2575,1.155,1
seqneut25to26_sera_3046,A/NewSouthWales/2526015582/2025_H3N2,plate21-A/NewSouthWales/2526015582/2025_H3N2,5921,1.332,1
seqneut25to26_sera_3046,A/NewSouthWales/2526015582/2025_H3N2,plate21-A/NewSouthWales/2526015582/2025_H3N2,1.362e+04,1.607,1
seqneut25to26_sera_3046,A/NewSouthWales/2526015584/2025_H3N2,plate21-A/NewSouthWales/2526015584/2025_H3N2,40,0.0001722,0.0001722
seqneut25to26_sera_3046,A/NewSouthWales/2526015584/2025_H3N2,plate21-A/NewSouthWales/2526015584/2025_H3N2,92,0.0005324,0.0005324
seqneut25to26_sera_3046,A/NewSouthWales/2526015584/2025_H3N2,plate21-A/NewSouthWales/2526015584/2025_H3N2,212,0.0221,0.0221
seqneut25to26_sera_3046,A/NewSouthWales/2526015584/2025_H3N2,plate21-A/NewSouthWales/2526015584/2025_H3N2,487,0.2096,0.2096
seqneut25to26_sera_3046,A/NewSouthWales/2526015584/2025_H3N2,plate21-A/NewSouthWales/2526015584/2025_H3N2,1119,0.4706,0.4706
seqneut25to26_sera_3046,A/NewSouthWales/2526015584/2025_H3N2,plate21-A/NewSouthWales/2526015584/2025_H3N2,2575,0.8979,0.8979
seqneut25to26_sera_3046,A/NewSouthWales/2526015584/2025_H3N2,plate21-A/NewSouthWales/2526015584/2025_H3N2,5921,1.287,1
seqneut25to26_sera_3046,A/NewSouthWales/2526015584/2025_H3N2,plate21-A/NewSouthWales/2526015584/2025_H3N2,1.362e+04,1.437,1
seqneut25to26_sera_3046,A/Norway/8765/2025_H3N2,plate21-A/Norway/8765/2025_H3N2,40,1.799e-05,1.799e-05
seqneut25to26_sera_3046,A/Norway/8765/2025_H3N2,plate21-A/Norway/8765/2025_H3N2,92,0.02164,0.02164
seqneut25to26_sera_3046,A/Norway/8765/2025_H3N2,plate21-A/Norway/8765/2025_H3N2,212,0.08092,0.08092
seqneut25to26_sera_3046,A/Norway/8765/2025_H3N2,plate21-A/Norway/8765/2025_H3N2,487,0.3472,0.3472
seqneut25to26_sera_3046,A/Norway/8765/2025_H3N2,plate21-A/Norway/8765/2025_H3N2,1119,0.8604,0.8604
seqneut25to26_sera_3046,A/Norway/8765/2025_H3N2,plate21-A/Norway/8765/2025_H3N2,2575,1.064,1
seqneut25to26_sera_3046,A/Norway/8765/2025_H3N2,plate21-A/Norway/8765/2025_H3N2,5921,1.16,1
seqneut25to26_sera_3046,A/Norway/8765/2025_H3N2,plate21-A/Norway/8765/2025_H3N2,1.362e+04,1.988,1
seqneut25to26_sera_3046,A/Norway/8976/2025_H3N2,plate21-A/Norway/8976/2025_H3N2,40,0.0005678,0.0005678
seqneut25to26_sera_3046,A/Norway/8976/2025_H3N2,plate21-A/Norway/8976/2025_H3N2,92,0.005313,0.005313
seqneut25to26_sera_3046,A/Norway/8976/2025_H3N2,plate21-A/Norway/8976/2025_H3N2,212,0.1095,0.1095
seqneut25to26_sera_3046,A/Norway/8976/2025_H3N2,plate21-A/Norway/8976/2025_H3N2,487,0.4032,0.4032
seqneut25to26_sera_3046,A/Norway/8976/2025_H3N2,plate21-A/Norway/8976/2025_H3N2,1119,0.7349,0.7349
seqneut25to26_sera_3046,A/Norway/8976/2025_H3N2,plate21-A/Norway/8976/2025_H3N2,2575,1.19,1
seqneut25to26_sera_3046,A/Norway/8976/2025_H3N2,plate21-A/Norway/8976/2025_H3N2,5921,1.7,1
seqneut25to26_sera_3046,A/Norway/8976/2025_H3N2,plate21-A/Norway/8976/2025_H3N2,1.362e+04,1.398,1
seqneut25to26_sera_3046,A/Norway/9107/2025_H1N1,plate21-A/Norway/9107/2025_H1N1,40,0.03692,0.03692
seqneut25to26_sera_3046,A/Norway/9107/2025_H1N1,plate21-A/Norway/9107/2025_H1N1,92,0.2869,0.2869
seqneut25to26_sera_3046,A/Norway/9107/2025_H1N1,plate21-A/Norway/9107/2025_H1N1,212,0.5128,0.5128
seqneut25to26_sera_3046,A/Norway/9107/2025_H1N1,plate21-A/Norway/9107/2025_H1N1,487,0.6859,0.6859
seqneut25to26_sera_3046,A/Norway/9107/2025_H1N1,plate21-A/Norway/9107/2025_H1N1,1119,1.105,1
seqneut25to26_sera_3046,A/Norway/9107/2025_H1N1,plate21-A/Norway/9107/2025_H1N1,2575,1.114,1
seqneut25to26_sera_3046,A/Norway/9107/2025_H1N1,plate21-A/Norway/9107/2025_H1N1,5921,1.222,1
seqneut25to26_sera_3046,A/Norway/9107/2025_H1N1,plate21-A/Norway/9107/2025_H1N1,1.362e+04,1.622,1
seqneut25to26_sera_3046,A/Norway/9556/2025_H1N1,plate21-A/Norway/9556/2025_H1N1,40,0.1389,0.1389
seqneut25to26_sera_3046,A/Norway/9556/2025_H1N1,plate21-A/Norway/9556/2025_H1N1,92,0.4056,0.4056
seqneut25to26_sera_3046,A/Norway/9556/2025_H1N1,plate21-A/Norway/9556/2025_H1N1,212,0.893,0.893
seqneut25to26_sera_3046,A/Norway/9556/2025_H1N1,plate21-A/Norway/9556/2025_H1N1,487,0.9473,0.9473
seqneut25to26_sera_3046,A/Norway/9556/2025_H1N1,plate21-A/Norway/9556/2025_H1N1,1119,1.527,1
seqneut25to26_sera_3046,A/Norway/9556/2025_H1N1,plate21-A/Norway/9556/2025_H1N1,2575,1.305,1
seqneut25to26_sera_3046,A/Norway/9556/2025_H1N1,plate21-A/Norway/9556/2025_H1N1,5921,2.101,1
seqneut25to26_sera_3046,A/Norway/9556/2025_H1N1,plate21-A/Norway/9556/2025_H1N1,1.362e+04,1.645,1
seqneut25to26_sera_3046,A/Peru/GIHSN-04-1089/2025_H3N2,plate21-A/Peru/GIHSN-04-1089/2025_H3N2,40,0.1701,0.1701
seqneut25to26_sera_3046,A/Peru/GIHSN-04-1089/2025_H3N2,plate21-A/Peru/GIHSN-04-1089/2025_H3N2,92,0.6534,0.6534
seqneut25to26_sera_3046,A/Peru/GIHSN-04-1089/2025_H3N2,plate21-A/Peru/GIHSN-04-1089/2025_H3N2,212,0.8413,0.8413
seqneut25to26_sera_3046,A/Peru/GIHSN-04-1089/2025_H3N2,plate21-A/Peru/GIHSN-04-1089/2025_H3N2,487,0.9148,0.9148
seqneut25to26_sera_3046,A/Peru/GIHSN-04-1089/2025_H3N2,plate21-A/Peru/GIHSN-04-1089/2025_H3N2,1119,1.074,1
seqneut25to26_sera_3046,A/Peru/GIHSN-04-1089/2025_H3N2,plate21-A/Peru/GIHSN-04-1089/2025_H3N2,2575,1.447,1
seqneut25to26_sera_3046,A/Peru/GIHSN-04-1089/2025_H3N2,plate21-A/Peru/GIHSN-04-1089/2025_H3N2,5921,1.328,1
seqneut25to26_sera_3046,A/Peru/GIHSN-04-1089/2025_H3N2,plate21-A/Peru/GIHSN-04-1089/2025_H3N2,1.362e+04,1.866,1
seqneut25to26_sera_3046,A/Philippines/SARI25-1425/2025_H1N1,plate21-A/Philippines/SARI25-1425/2025_H1N1,40,0.04262,0.04262
seqneut25to26_sera_3046,A/Philippines/SARI25-1425/2025_H1N1,plate21-A/Philippines/SARI25-1425/2025_H1N1,92,0.1564,0.1564
seqneut25to26_sera_3046,A/Philippines/SARI25-1425/2025_H1N1,plate21-A/Philippines/SARI25-1425/2025_H1N1,212,0.4771,0.4771
seqneut25to26_sera_3046,A/Philippines/SARI25-1425/2025_H1N1,plate21-A/Philippines/SARI25-1425/2025_H1N1,487,0.6273,0.6273
seqneut25to26_sera_3046,A/Philippines/SARI25-1425/2025_H1N1,plate21-A/Philippines/SARI25-1425/2025_H1N1,1119,0.7324,0.7324
seqneut25to26_sera_3046,A/Philippines/SARI25-1425/2025_H1N1,plate21-A/Philippines/SARI25-1425/2025_H1N1,2575,0.9884,0.9884
seqneut25to26_sera_3046,A/Philippines/SARI25-1425/2025_H1N1,plate21-A/Philippines/SARI25-1425/2025_H1N1,5921,0.9704,0.9704
seqneut25to26_sera_3046,A/Philippines/SARI25-1425/2025_H1N1,plate21-A/Philippines/SARI25-1425/2025_H1N1,1.362e+04,1.26,1
seqneut25to26_sera_3046,A/Queensland/2526516675/2025_H3N2,plate21-A/Queensland/2526516675/2025_H3N2,40,0.0002264,0.0002264
seqneut25to26_sera_3046,A/Queensland/2526516675/2025_H3N2,plate21-A/Queensland/2526516675/2025_H3N2,92,0.003672,0.003672
seqneut25to26_sera_3046,A/Queensland/2526516675/2025_H3N2,plate21-A/Queensland/2526516675/2025_H3N2,212,0.06304,0.06304
seqneut25to26_sera_3046,A/Queensland/2526516675/2025_H3N2,plate21-A/Queensland/2526516675/2025_H3N2,487,0.327,0.327
seqneut25to26_sera_3046,A/Queensland/2526516675/2025_H3N2,plate21-A/Queensland/2526516675/2025_H3N2,1119,0.8503,0.8503
seqneut25to26_sera_3046,A/Queensland/2526516675/2025_H3N2,plate21-A/Queensland/2526516675/2025_H3N2,2575,1.445,1
seqneut25to26_sera_3046,A/Queensland/2526516675/2025_H3N2,plate21-A/Queensland/2526516675/2025_H3N2,5921,1.475,1
seqneut25to26_sera_3046,A/Queensland/2526516675/2025_H3N2,plate21-A/Queensland/2526516675/2025_H3N2,1.362e+04,1.538,1
seqneut25to26_sera_3046,A/SouthAfrica/PET37604/2025_H3N2,plate21-A/SouthAfrica/PET37604/2025_H3N2,40,0.1318,0.1318
seqneut25to26_sera_3046,A/SouthAfrica/PET37604/2025_H3N2,plate21-A/SouthAfrica/PET37604/2025_H3N2,92,0.1733,0.1733
seqneut25to26_sera_3046,A/SouthAfrica/PET37604/2025_H3N2,plate21-A/SouthAfrica/PET37604/2025_H3N2,212,0.3984,0.3984
seqneut25to26_sera_3046,A/SouthAfrica/PET37604/2025_H3N2,plate21-A/SouthAfrica/PET37604/2025_H3N2,487,0.549,0.549
seqneut25to26_sera_3046,A/SouthAfrica/PET37604/2025_H3N2,plate21-A/SouthAfrica/PET37604/2025_H3N2,1119,0.9445,0.9445
seqneut25to26_sera_3046,A/SouthAfrica/PET37604/2025_H3N2,plate21-A/SouthAfrica/PET37604/2025_H3N2,2575,1.146,1
seqneut25to26_sera_3046,A/SouthAfrica/PET37604/2025_H3N2,plate21-A/SouthAfrica/PET37604/2025_H3N2,5921,1.4,1
seqneut25to26_sera_3046,A/SouthAfrica/PET37604/2025_H3N2,plate21-A/SouthAfrica/PET37604/2025_H3N2,1.362e+04,1.527,1
seqneut25to26_sera_3046,A/SouthAfrica/PET37625/2025_H3N2,plate21-A/SouthAfrica/PET37625/2025_H3N2,40,0.05498,0.05498
seqneut25to26_sera_3046,A/SouthAfrica/PET37625/2025_H3N2,plate21-A/SouthAfrica/PET37625/2025_H3N2,92,0.3615,0.3615
seqneut25to26_sera_3046,A/SouthAfrica/PET37625/2025_H3N2,plate21-A/SouthAfrica/PET37625/2025_H3N2,212,0.6767,0.6767
seqneut25to26_sera_3046,A/SouthAfrica/PET37625/2025_H3N2,plate21-A/SouthAfrica/PET37625/2025_H3N2,487,0.9938,0.9938
seqneut25to26_sera_3046,A/SouthAfrica/PET37625/2025_H3N2,plate21-A/SouthAfrica/PET37625/2025_H3N2,1119,1.135,1
seqneut25to26_sera_3046,A/SouthAfrica/PET37625/2025_H3N2,plate21-A/SouthAfrica/PET37625/2025_H3N2,2575,1.368,1
seqneut25to26_sera_3046,A/SouthAfrica/PET37625/2025_H3N2,plate21-A/SouthAfrica/PET37625/2025_H3N2,5921,1.332,1
seqneut25to26_sera_3046,A/SouthAfrica/PET37625/2025_H3N2,plate21-A/SouthAfrica/PET37625/2025_H3N2,1.362e+04,1.4,1
seqneut25to26_sera_3046,A/SouthAustralia/2519001037/2025_H1N1,plate21-A/SouthAustralia/2519001037/2025_H1N1,40,0.02784,0.02784
seqneut25to26_sera_3046,A/SouthAustralia/2519001037/2025_H1N1,plate21-A/SouthAustralia/2519001037/2025_H1N1,92,0.2869,0.2869
seqneut25to26_sera_3046,A/SouthAustralia/2519001037/2025_H1N1,plate21-A/SouthAustralia/2519001037/2025_H1N1,212,0.4951,0.4951
seqneut25to26_sera_3046,A/SouthAustralia/2519001037/2025_H1N1,plate21-A/SouthAustralia/2519001037/2025_H1N1,487,0.634,0.634
seqneut25to26_sera_3046,A/SouthAustralia/2519001037/2025_H1N1,plate21-A/SouthAustralia/2519001037/2025_H1N1,1119,1.072,1
seqneut25to26_sera_3046,A/SouthAustralia/2519001037/2025_H1N1,plate21-A/SouthAustralia/2519001037/2025_H1N1,2575,0.9489,0.9489
seqneut25to26_sera_3046,A/SouthAustralia/2519001037/2025_H1N1,plate21-A/SouthAustralia/2519001037/2025_H1N1,5921,1.121,1
seqneut25to26_sera_3046,A/SouthAustralia/2519001037/2025_H1N1,plate21-A/SouthAustralia/2519001037/2025_H1N1,1.362e+04,1.368,1
seqneut25to26_sera_3046,A/SouthAustralia/2520702747/2025_H1N1,plate21-A/SouthAustralia/2520702747/2025_H1N1,40,0.05554,0.05554
seqneut25to26_sera_3046,A/SouthAustralia/2520702747/2025_H1N1,plate21-A/SouthAustralia/2520702747/2025_H1N1,92,0.1889,0.1889
seqneut25to26_sera_3046,A/SouthAustralia/2520702747/2025_H1N1,plate21-A/SouthAustralia/2520702747/2025_H1N1,212,0.415,0.415
seqneut25to26_sera_3046,A/SouthAustralia/2520702747/2025_H1N1,plate21-A/SouthAustralia/2520702747/2025_H1N1,487,0.731,0.731
seqneut25to26_sera_3046,A/SouthAustralia/2520702747/2025_H1N1,plate21-A/SouthAustralia/2520702747/2025_H1N1,1119,0.9899,0.9899
seqneut25to26_sera_3046,A/SouthAustralia/2520702747/2025_H1N1,plate21-A/SouthAustralia/2520702747/2025_H1N1,2575,0.8276,0.8276
seqneut25to26_sera_3046,A/SouthAustralia/2520702747/2025_H1N1,plate21-A/SouthAustralia/2520702747/2025_H1N1,5921,1.324,1
seqneut25to26_sera_3046,A/SouthAustralia/2520702747/2025_H1N1,plate21-A/SouthAustralia/2520702747/2025_H1N1,1.362e+04,1.264,1
seqneut25to26_sera_3046,A/SouthAustralia/2523012764/2025_H1N1,plate21-A/SouthAustralia/2523012764/2025_H1N1,40,0.03069,0.03069
seqneut25to26_sera_3046,A/SouthAustralia/2523012764/2025_H1N1,plate21-A/SouthAustralia/2523012764/2025_H1N1,92,0.1476,0.1476
seqneut25to26_sera_3046,A/SouthAustralia/2523012764/2025_H1N1,plate21-A/SouthAustralia/2523012764/2025_H1N1,212,0.489,0.489
seqneut25to26_sera_3046,A/SouthAustralia/2523012764/2025_H1N1,plate21-A/SouthAustralia/2523012764/2025_H1N1,487,0.6278,0.6278
seqneut25to26_sera_3046,A/SouthAustralia/2523012764/2025_H1N1,plate21-A/SouthAustralia/2523012764/2025_H1N1,1119,0.7934,0.7934
seqneut25to26_sera_3046,A/SouthAustralia/2523012764/2025_H1N1,plate21-A/SouthAustralia/2523012764/2025_H1N1,2575,1.138,1
seqneut25to26_sera_3046,A/SouthAustralia/2523012764/2025_H1N1,plate21-A/SouthAustralia/2523012764/2025_H1N1,5921,1.218,1
seqneut25to26_sera_3046,A/SouthAustralia/2523012764/2025_H1N1,plate21-A/SouthAustralia/2523012764/2025_H1N1,1.362e+04,1.911,1
seqneut25to26_sera_3046,A/SouthAustralia/2523812314/2025_H3N2,plate21-A/SouthAustralia/2523812314/2025_H3N2,40,0.006534,0.006534
seqneut25to26_sera_3046,A/SouthAustralia/2523812314/2025_H3N2,plate21-A/SouthAustralia/2523812314/2025_H3N2,92,0.01771,0.01771
seqneut25to26_sera_3046,A/SouthAustralia/2523812314/2025_H3N2,plate21-A/SouthAustralia/2523812314/2025_H3N2,212,0.1253,0.1253
seqneut25to26_sera_3046,A/SouthAustralia/2523812314/2025_H3N2,plate21-A/SouthAustralia/2523812314/2025_H3N2,487,0.4706,0.4706
seqneut25to26_sera_3046,A/SouthAustralia/2523812314/2025_H3N2,plate21-A/SouthAustralia/2523812314/2025_H3N2,1119,0.9774,0.9774
seqneut25to26_sera_3046,A/SouthAustralia/2523812314/2025_H3N2,plate21-A/SouthAustralia/2523812314/2025_H3N2,2575,1.028,1
seqneut25to26_sera_3046,A/SouthAustralia/2523812314/2025_H3N2,plate21-A/SouthAustralia/2523812314/2025_H3N2,5921,1.609,1
seqneut25to26_sera_3046,A/SouthAustralia/2523812314/2025_H3N2,plate21-A/SouthAustralia/2523812314/2025_H3N2,1.362e+04,1.695,1
seqneut25to26_sera_3046,A/SouthAustralia/2524408801/2025_H3N2,plate21-A/SouthAustralia/2524408801/2025_H3N2,40,0.0009139,0.0009139
seqneut25to26_sera_3046,A/SouthAustralia/2524408801/2025_H3N2,plate21-A/SouthAustralia/2524408801/2025_H3N2,92,0.008619,0.008619
seqneut25to26_sera_3046,A/SouthAustralia/2524408801/2025_H3N2,plate21-A/SouthAustralia/2524408801/2025_H3N2,212,0.06556,0.06556
seqneut25to26_sera_3046,A/SouthAustralia/2524408801/2025_H3N2,plate21-A/SouthAustralia/2524408801/2025_H3N2,487,0.484,0.484
seqneut25to26_sera_3046,A/SouthAustralia/2524408801/2025_H3N2,plate21-A/SouthAustralia/2524408801/2025_H3N2,1119,0.8261,0.8261
seqneut25to26_sera_3046,A/SouthAustralia/2524408801/2025_H3N2,plate21-A/SouthAustralia/2524408801/2025_H3N2,2575,1.333,1
seqneut25to26_sera_3046,A/SouthAustralia/2524408801/2025_H3N2,plate21-A/SouthAustralia/2524408801/2025_H3N2,5921,1.343,1
seqneut25to26_sera_3046,A/SouthAustralia/2524408801/2025_H3N2,plate21-A/SouthAustralia/2524408801/2025_H3N2,1.362e+04,1.574,1
seqneut25to26_sera_3046,A/SouthAustralia/2524712956/2025_H1N1,plate21-A/SouthAustralia/2524712956/2025_H1N1,40,0.01072,0.01072
seqneut25to26_sera_3046,A/SouthAustralia/2524712956/2025_H1N1,plate21-A/SouthAustralia/2524712956/2025_H1N1,92,0.4099,0.4099
seqneut25to26_sera_3046,A/SouthAustralia/2524712956/2025_H1N1,plate21-A/SouthAustralia/2524712956/2025_H1N1,212,0.4132,0.4132
seqneut25to26_sera_3046,A/SouthAustralia/2524712956/2025_H1N1,plate21-A/SouthAustralia/2524712956/2025_H1N1,487,0.5964,0.5964
seqneut25to26_sera_3046,A/SouthAustralia/2524712956/2025_H1N1,plate21-A/SouthAustralia/2524712956/2025_H1N1,1119,0.9046,0.9046
seqneut25to26_sera_3046,A/SouthAustralia/2524712956/2025_H1N1,plate21-A/SouthAustralia/2524712956/2025_H1N1,2575,1.237,1
seqneut25to26_sera_3046,A/SouthAustralia/2524712956/2025_H1N1,plate21-A/SouthAustralia/2524712956/2025_H1N1,5921,1.37,1
seqneut25to26_sera_3046,A/SouthAustralia/2524712956/2025_H1N1,plate21-A/SouthAustralia/2524712956/2025_H1N1,1.362e+04,1.379,1
seqneut25to26_sera_3046,A/SouthAustralia/2525607496/2025_H3N2,plate21-A/SouthAustralia/2525607496/2025_H3N2,40,0.0002343,0.0002343
seqneut25to26_sera_3046,A/SouthAustralia/2525607496/2025_H3N2,plate21-A/SouthAustralia/2525607496/2025_H3N2,92,0.01219,0.01219
seqneut25to26_sera_3046,A/SouthAustralia/2525607496/2025_H3N2,plate21-A/SouthAustralia/2525607496/2025_H3N2,212,0.2877,0.2877
seqneut25to26_sera_3046,A/SouthAustralia/2525607496/2025_H3N2,plate21-A/SouthAustralia/2525607496/2025_H3N2,487,0.6992,0.6992
seqneut25to26_sera_3046,A/SouthAustralia/2525607496/2025_H3N2,plate21-A/SouthAustralia/2525607496/2025_H3N2,1119,0.9509,0.9509
seqneut25to26_sera_3046,A/SouthAustralia/2525607496/2025_H3N2,plate21-A/SouthAustralia/2525607496/2025_H3N2,2575,1.478,1
seqneut25to26_sera_3046,A/SouthAustralia/2525607496/2025_H3N2,plate21-A/SouthAustralia/2525607496/2025_H3N2,5921,1.428,1
seqneut25to26_sera_3046,A/SouthAustralia/2525607496/2025_H3N2,plate21-A/SouthAustralia/2525607496/2025_H3N2,1.362e+04,1.48,1
seqneut25to26_sera_3046,A/SouthAustralia/2527003588/2025_H3N2,plate21-A/SouthAustralia/2527003588/2025_H3N2,40,0.01219,0.01219
seqneut25to26_sera_3046,A/SouthAustralia/2527003588/2025_H3N2,plate21-A/SouthAustralia/2527003588/2025_H3N2,92,0.01997,0.01997
seqneut25to26_sera_3046,A/SouthAustralia/2527003588/2025_H3N2,plate21-A/SouthAustralia/2527003588/2025_H3N2,212,0.1583,0.1583
seqneut25to26_sera_3046,A/SouthAustralia/2527003588/2025_H3N2,plate21-A/SouthAustralia/2527003588/2025_H3N2,487,0.4138,0.4138
seqneut25to26_sera_3046,A/SouthAustralia/2527003588/2025_H3N2,plate21-A/SouthAustralia/2527003588/2025_H3N2,1119,1.72,1
seqneut25to26_sera_3046,A/SouthAustralia/2527003588/2025_H3N2,plate21-A/SouthAustralia/2527003588/2025_H3N2,2575,1.3,1
seqneut25to26_sera_3046,A/SouthAustralia/2527003588/2025_H3N2,plate21-A/SouthAustralia/2527003588/2025_H3N2,5921,1.414,1
seqneut25to26_sera_3046,A/SouthAustralia/2527003588/2025_H3N2,plate21-A/SouthAustralia/2527003588/2025_H3N2,1.362e+04,1.593,1
seqneut25to26_sera_3046,A/SouthAustralia/2527213276/2025_H3N2,plate21-A/SouthAustralia/2527213276/2025_H3N2,40,0.003874,0.003874
seqneut25to26_sera_3046,A/SouthAustralia/2527213276/2025_H3N2,plate21-A/SouthAustralia/2527213276/2025_H3N2,92,0.08094,0.08094
seqneut25to26_sera_3046,A/SouthAustralia/2527213276/2025_H3N2,plate21-A/SouthAustralia/2527213276/2025_H3N2,212,0.07843,0.07843
seqneut25to26_sera_3046,A/SouthAustralia/2527213276/2025_H3N2,plate21-A/SouthAustralia/2527213276/2025_H3N2,487,0.364,0.364
seqneut25to26_sera_3046,A/SouthAustralia/2527213276/2025_H3N2,plate21-A/SouthAustralia/2527213276/2025_H3N2,1119,0.6956,0.6956
seqneut25to26_sera_3046,A/SouthAustralia/2527213276/2025_H3N2,plate21-A/SouthAustralia/2527213276/2025_H3N2,2575,0.3883,0.3883
seqneut25to26_sera_3046,A/SouthAustralia/2527213276/2025_H3N2,plate21-A/SouthAustralia/2527213276/2025_H3N2,5921,0.7708,0.7708
seqneut25to26_sera_3046,A/SouthAustralia/2527213276/2025_H3N2,plate21-A/SouthAustralia/2527213276/2025_H3N2,1.362e+04,1.645,1
seqneut25to26_sera_3046,A/SouthAustralia/2527612456/2025_H1N1,plate21-A/SouthAustralia/2527612456/2025_H1N1,40,0.1281,0.1281
seqneut25to26_sera_3046,A/SouthAustralia/2527612456/2025_H1N1,plate21-A/SouthAustralia/2527612456/2025_H1N1,92,0.6481,0.6481
seqneut25to26_sera_3046,A/SouthAustralia/2527612456/2025_H1N1,plate21-A/SouthAustralia/2527612456/2025_H1N1,212,0.8076,0.8076
seqneut25to26_sera_3046,A/SouthAustralia/2527612456/2025_H1N1,plate21-A/SouthAustralia/2527612456/2025_H1N1,487,0.9773,0.9773
seqneut25to26_sera_3046,A/SouthAustralia/2527612456/2025_H1N1,plate21-A/SouthAustralia/2527612456/2025_H1N1,1119,1.22,1
seqneut25to26_sera_3046,A/SouthAustralia/2527612456/2025_H1N1,plate21-A/SouthAustralia/2527612456/2025_H1N1,2575,1.374,1
seqneut25to26_sera_3046,A/SouthAustralia/2527612456/2025_H1N1,plate21-A/SouthAustralia/2527612456/2025_H1N1,5921,1.874,1
seqneut25to26_sera_3046,A/SouthAustralia/2527612456/2025_H1N1,plate21-A/SouthAustralia/2527612456/2025_H1N1,1.362e+04,1.946,1
seqneut25to26_sera_3046,A/SouthAustralia/2527902708/2025_H3N2,plate21-A/SouthAustralia/2527902708/2025_H3N2,40,0.002338,0.002338
seqneut25to26_sera_3046,A/SouthAustralia/2527902708/2025_H3N2,plate21-A/SouthAustralia/2527902708/2025_H3N2,92,0.009978,0.009978
seqneut25to26_sera_3046,A/SouthAustralia/2527902708/2025_H3N2,plate21-A/SouthAustralia/2527902708/2025_H3N2,212,0.1456,0.1456
seqneut25to26_sera_3046,A/SouthAustralia/2527902708/2025_H3N2,plate21-A/SouthAustralia/2527902708/2025_H3N2,487,0.5296,0.5296
seqneut25to26_sera_3046,A/SouthAustralia/2527902708/2025_H3N2,plate21-A/SouthAustralia/2527902708/2025_H3N2,1119,0.9486,0.9486
seqneut25to26_sera_3046,A/SouthAustralia/2527902708/2025_H3N2,plate21-A/SouthAustralia/2527902708/2025_H3N2,2575,1.404,1
seqneut25to26_sera_3046,A/SouthAustralia/2527902708/2025_H3N2,plate21-A/SouthAustralia/2527902708/2025_H3N2,5921,1.555,1
seqneut25to26_sera_3046,A/SouthAustralia/2527902708/2025_H3N2,plate21-A/SouthAustralia/2527902708/2025_H3N2,1.362e+04,1.423,1
seqneut25to26_sera_3046,A/Sydney/1359/2024_H3N2,plate21-A/Sydney/1359/2024_H3N2,40,2.554e-05,2.554e-05
seqneut25to26_sera_3046,A/Sydney/1359/2024_H3N2,plate21-A/Sydney/1359/2024_H3N2,92,0.01071,0.01071
seqneut25to26_sera_3046,A/Sydney/1359/2024_H3N2,plate21-A/Sydney/1359/2024_H3N2,212,0.05711,0.05711
seqneut25to26_sera_3046,A/Sydney/1359/2024_H3N2,plate21-A/Sydney/1359/2024_H3N2,487,0.2945,0.2945
seqneut25to26_sera_3046,A/Sydney/1359/2024_H3N2,plate21-A/Sydney/1359/2024_H3N2,1119,0.9383,0.9383
seqneut25to26_sera_3046,A/Sydney/1359/2024_H3N2,plate21-A/Sydney/1359/2024_H3N2,2575,1.02,1
seqneut25to26_sera_3046,A/Sydney/1359/2024_H3N2,plate21-A/Sydney/1359/2024_H3N2,5921,1.346,1
seqneut25to26_sera_3046,A/Sydney/1359/2024_H3N2,plate21-A/Sydney/1359/2024_H3N2,1.362e+04,1.649,1
seqneut25to26_sera_3046,A/Sydney/400/2025_H1N1,plate21-A/Sydney/400/2025_H1N1,40,0.0012,0.0012
seqneut25to26_sera_3046,A/Sydney/400/2025_H1N1,plate21-A/Sydney/400/2025_H1N1,92,0.04215,0.04215
seqneut25to26_sera_3046,A/Sydney/400/2025_H1N1,plate21-A/Sydney/400/2025_H1N1,212,0.1986,0.1986
seqneut25to26_sera_3046,A/Sydney/400/2025_H1N1,plate21-A/Sydney/400/2025_H1N1,487,0.6334,0.6334
seqneut25to26_sera_3046,A/Sydney/400/2025_H1N1,plate21-A/Sydney/400/2025_H1N1,1119,0.8664,0.8664
seqneut25to26_sera_3046,A/Sydney/400/2025_H1N1,plate21-A/Sydney/400/2025_H1N1,2575,0.842,0.842
seqneut25to26_sera_3046,A/Sydney/400/2025_H1N1,plate21-A/Sydney/400/2025_H1N1,5921,0.7897,0.7897
seqneut25to26_sera_3046,A/Sydney/400/2025_H1N1,plate21-A/Sydney/400/2025_H1N1,1.362e+04,1.64,1
seqneut25to26_sera_3046,A/Tasmania/2521815682/2025_H3N2,plate21-A/Tasmania/2521815682/2025_H3N2,40,0.002015,0.002015
seqneut25to26_sera_3046,A/Tasmania/2521815682/2025_H3N2,plate21-A/Tasmania/2521815682/2025_H3N2,92,0.01512,0.01512
seqneut25to26_sera_3046,A/Tasmania/2521815682/2025_H3N2,plate21-A/Tasmania/2521815682/2025_H3N2,212,0.2349,0.2349
seqneut25to26_sera_3046,A/Tasmania/2521815682/2025_H3N2,plate21-A/Tasmania/2521815682/2025_H3N2,487,0.4063,0.4063
seqneut25to26_sera_3046,A/Tasmania/2521815682/2025_H3N2,plate21-A/Tasmania/2521815682/2025_H3N2,1119,0.9224,0.9224
seqneut25to26_sera_3046,A/Tasmania/2521815682/2025_H3N2,plate21-A/Tasmania/2521815682/2025_H3N2,2575,1.336,1
seqneut25to26_sera_3046,A/Tasmania/2521815682/2025_H3N2,plate21-A/Tasmania/2521815682/2025_H3N2,5921,1.531,1
seqneut25to26_sera_3046,A/Tasmania/2521815682/2025_H3N2,plate21-A/Tasmania/2521815682/2025_H3N2,1.362e+04,1.36,1
seqneut25to26_sera_3046,A/Thailand/8/2022_H3N2,plate21-A/Thailand/8/2022_H3N2,40,0.01771,0.01771
seqneut25to26_sera_3046,A/Thailand/8/2022_H3N2,plate21-A/Thailand/8/2022_H3N2,92,0.0683,0.0683
seqneut25to26_sera_3046,A/Thailand/8/2022_H3N2,plate21-A/Thailand/8/2022_H3N2,212,0.3676,0.3676
seqneut25to26_sera_3046,A/Thailand/8/2022_H3N2,plate21-A/Thailand/8/2022_H3N2,487,0.459,0.459
seqneut25to26_sera_3046,A/Thailand/8/2022_H3N2,plate21-A/Thailand/8/2022_H3N2,1119,1.149,1
seqneut25to26_sera_3046,A/Thailand/8/2022_H3N2,plate21-A/Thailand/8/2022_H3N2,2575,0.7948,0.7948
seqneut25to26_sera_3046,A/Thailand/8/2022_H3N2,plate21-A/Thailand/8/2022_H3N2,5921,1.026,1
seqneut25to26_sera_3046,A/Thailand/8/2022_H3N2,plate21-A/Thailand/8/2022_H3N2,1.362e+04,1.222,1
seqneut25to26_sera_3046,A/Vermont/73/2025_H3N2,plate21-A/Vermont/73/2025_H3N2,40,0.0134,0.0134
seqneut25to26_sera_3046,A/Vermont/73/2025_H3N2,plate21-A/Vermont/73/2025_H3N2,92,0.009379,0.009379
seqneut25to26_sera_3046,A/Vermont/73/2025_H3N2,plate21-A/Vermont/73/2025_H3N2,212,0.1505,0.1505
seqneut25to26_sera_3046,A/Vermont/73/2025_H3N2,plate21-A/Vermont/73/2025_H3N2,487,0.3545,0.3545
seqneut25to26_sera_3046,A/Vermont/73/2025_H3N2,plate21-A/Vermont/73/2025_H3N2,1119,1.447,1
seqneut25to26_sera_3046,A/Vermont/73/2025_H3N2,plate21-A/Vermont/73/2025_H3N2,2575,0.7064,0.7064
seqneut25to26_sera_3046,A/Vermont/73/2025_H3N2,plate21-A/Vermont/73/2025_H3N2,5921,1.21,1
seqneut25to26_sera_3046,A/Vermont/73/2025_H3N2,plate21-A/Vermont/73/2025_H3N2,1.362e+04,1.655,1
seqneut25to26_sera_3046,A/Victoria/4897/2022_IVR-238_H1N1,plate21-A/Victoria/4897/2022_IVR-238_H1N1,40,0.000178,0.000178
seqneut25to26_sera_3046,A/Victoria/4897/2022_IVR-238_H1N1,plate21-A/Victoria/4897/2022_IVR-238_H1N1,92,0.1468,0.1468
seqneut25to26_sera_3046,A/Victoria/4897/2022_IVR-238_H1N1,plate21-A/Victoria/4897/2022_IVR-238_H1N1,212,0.4477,0.4477
seqneut25to26_sera_3046,A/Victoria/4897/2022_IVR-238_H1N1,plate21-A/Victoria/4897/2022_IVR-238_H1N1,487,0.557,0.557
seqneut25to26_sera_3046,A/Victoria/4897/2022_IVR-238_H1N1,plate21-A/Victoria/4897/2022_IVR-238_H1N1,1119,1.503,1
seqneut25to26_sera_3046,A/Victoria/4897/2022_IVR-238_H1N1,plate21-A/Victoria/4897/2022_IVR-238_H1N1,2575,1.214,1
seqneut25to26_sera_3046,A/Victoria/4897/2022_IVR-238_H1N1,plate21-A/Victoria/4897/2022_IVR-238_H1N1,5921,1.881,1
seqneut25to26_sera_3046,A/Victoria/4897/2022_IVR-238_H1N1,plate21-A/Victoria/4897/2022_IVR-238_H1N1,1.362e+04,1.598,1
seqneut25to26_sera_3046,A/Wisconsin/588/2019_H1N1,plate21-A/Wisconsin/588/2019_H1N1,40,0.01017,0.01017
seqneut25to26_sera_3046,A/Wisconsin/588/2019_H1N1,plate21-A/Wisconsin/588/2019_H1N1,92,0.1613,0.1613
seqneut25to26_sera_3046,A/Wisconsin/588/2019_H1N1,plate21-A/Wisconsin/588/2019_H1N1,212,0.4979,0.4979
seqneut25to26_sera_3046,A/Wisconsin/588/2019_H1N1,plate21-A/Wisconsin/588/2019_H1N1,487,0.7004,0.7004
seqneut25to26_sera_3046,A/Wisconsin/588/2019_H1N1,plate21-A/Wisconsin/588/2019_H1N1,1119,1.199,1
seqneut25to26_sera_3046,A/Wisconsin/588/2019_H1N1,plate21-A/Wisconsin/588/2019_H1N1,2575,1.063,1
seqneut25to26_sera_3046,A/Wisconsin/588/2019_H1N1,plate21-A/Wisconsin/588/2019_H1N1,5921,1.424,1
seqneut25to26_sera_3046,A/Wisconsin/588/2019_H1N1,plate21-A/Wisconsin/588/2019_H1N1,1.362e+04,1.487,1
seqneut25to26_sera_3046,A/Wisconsin/67/2022_H1N1,plate21-A/Wisconsin/67/2022_H1N1,40,0.03205,0.03205
seqneut25to26_sera_3046,A/Wisconsin/67/2022_H1N1,plate21-A/Wisconsin/67/2022_H1N1,92,0.2121,0.2121
seqneut25to26_sera_3046,A/Wisconsin/67/2022_H1N1,plate21-A/Wisconsin/67/2022_H1N1,212,0.3659,0.3659
seqneut25to26_sera_3046,A/Wisconsin/67/2022_H1N1,plate21-A/Wisconsin/67/2022_H1N1,487,0.5757,0.5757
seqneut25to26_sera_3046,A/Wisconsin/67/2022_H1N1,plate21-A/Wisconsin/67/2022_H1N1,1119,0.941,0.941
seqneut25to26_sera_3046,A/Wisconsin/67/2022_H1N1,plate21-A/Wisconsin/67/2022_H1N1,2575,0.981,0.981
seqneut25to26_sera_3046,A/Wisconsin/67/2022_H1N1,plate21-A/Wisconsin/67/2022_H1N1,5921,0.9966,0.9966
seqneut25to26_sera_3046,A/Wisconsin/67/2022_H1N1,plate21-A/Wisconsin/67/2022_H1N1,1.362e+04,1.296,1
seqneut25to26_sera_3046,A/Zacapa/FLU-261/2025_H1N1,plate21-A/Zacapa/FLU-261/2025_H1N1,40,0.01078,0.01078
seqneut25to26_sera_3046,A/Zacapa/FLU-261/2025_H1N1,plate21-A/Zacapa/FLU-261/2025_H1N1,92,0.3495,0.3495
seqneut25to26_sera_3046,A/Zacapa/FLU-261/2025_H1N1,plate21-A/Zacapa/FLU-261/2025_H1N1,212,0.3879,0.3879
seqneut25to26_sera_3046,A/Zacapa/FLU-261/2025_H1N1,plate21-A/Zacapa/FLU-261/2025_H1N1,487,0.6215,0.6215
seqneut25to26_sera_3046,A/Zacapa/FLU-261/2025_H1N1,plate21-A/Zacapa/FLU-261/2025_H1N1,1119,0.9996,0.9996
seqneut25to26_sera_3046,A/Zacapa/FLU-261/2025_H1N1,plate21-A/Zacapa/FLU-261/2025_H1N1,2575,1.06,1
seqneut25to26_sera_3046,A/Zacapa/FLU-261/2025_H1N1,plate21-A/Zacapa/FLU-261/2025_H1N1,5921,0.9113,0.9113
seqneut25to26_sera_3046,A/Zacapa/FLU-261/2025_H1N1,plate21-A/Zacapa/FLU-261/2025_H1N1,1.362e+04,1.204,1
seqneut25to26_sera_3047,A/Alagoas/4130/2025_H3N2,plate21-A/Alagoas/4130/2025_H3N2,40,0.01348,0.01348
seqneut25to26_sera_3047,A/Alagoas/4130/2025_H3N2,plate21-A/Alagoas/4130/2025_H3N2,92,0.08643,0.08643
seqneut25to26_sera_3047,A/Alagoas/4130/2025_H3N2,plate21-A/Alagoas/4130/2025_H3N2,212,0.3004,0.3004
seqneut25to26_sera_3047,A/Alagoas/4130/2025_H3N2,plate21-A/Alagoas/4130/2025_H3N2,487,0.6813,0.6813
seqneut25to26_sera_3047,A/Alagoas/4130/2025_H3N2,plate21-A/Alagoas/4130/2025_H3N2,1119,0.8738,0.8738
seqneut25to26_sera_3047,A/Alagoas/4130/2025_H3N2,plate21-A/Alagoas/4130/2025_H3N2,2575,1.174,1
seqneut25to26_sera_3047,A/Alagoas/4130/2025_H3N2,plate21-A/Alagoas/4130/2025_H3N2,5921,1.488,1
seqneut25to26_sera_3047,A/Alagoas/4130/2025_H3N2,plate21-A/Alagoas/4130/2025_H3N2,1.362e+04,1.332,1
seqneut25to26_sera_3047,A/Anapolis/LEIAL6543/2025_H3N2,plate21-A/Anapolis/LEIAL6543/2025_H3N2,40,0.125,0.125
seqneut25to26_sera_3047,A/Anapolis/LEIAL6543/2025_H3N2,plate21-A/Anapolis/LEIAL6543/2025_H3N2,92,0.08922,0.08922
seqneut25to26_sera_3047,A/Anapolis/LEIAL6543/2025_H3N2,plate21-A/Anapolis/LEIAL6543/2025_H3N2,212,0.2126,0.2126
seqneut25to26_sera_3047,A/Anapolis/LEIAL6543/2025_H3N2,plate21-A/Anapolis/LEIAL6543/2025_H3N2,487,0.5441,0.5441
seqneut25to26_sera_3047,A/Anapolis/LEIAL6543/2025_H3N2,plate21-A/Anapolis/LEIAL6543/2025_H3N2,1119,0.8721,0.8721
seqneut25to26_sera_3047,A/Anapolis/LEIAL6543/2025_H3N2,plate21-A/Anapolis/LEIAL6543/2025_H3N2,2575,0.9192,0.9192
seqneut25to26_sera_3047,A/Anapolis/LEIAL6543/2025_H3N2,plate21-A/Anapolis/LEIAL6543/2025_H3N2,5921,0.9842,0.9842
seqneut25to26_sera_3047,A/Anapolis/LEIAL6543/2025_H3N2,plate21-A/Anapolis/LEIAL6543/2025_H3N2,1.362e+04,1.306,1
seqneut25to26_sera_3047,A/Andalucia/PMC-00977/2025_H1N1,plate21-A/Andalucia/PMC-00977/2025_H1N1,40,0.2146,0.2146
seqneut25to26_sera_3047,A/Andalucia/PMC-00977/2025_H1N1,plate21-A/Andalucia/PMC-00977/2025_H1N1,92,0.5487,0.5487
seqneut25to26_sera_3047,A/Andalucia/PMC-00977/2025_H1N1,plate21-A/Andalucia/PMC-00977/2025_H1N1,212,0.9139,0.9139
seqneut25to26_sera_3047,A/Andalucia/PMC-00977/2025_H1N1,plate21-A/Andalucia/PMC-00977/2025_H1N1,487,1.052,1
seqneut25to26_sera_3047,A/Andalucia/PMC-00977/2025_H1N1,plate21-A/Andalucia/PMC-00977/2025_H1N1,1119,1.48,1
seqneut25to26_sera_3047,A/Andalucia/PMC-00977/2025_H1N1,plate21-A/Andalucia/PMC-00977/2025_H1N1,2575,1.477,1
seqneut25to26_sera_3047,A/Andalucia/PMC-00977/2025_H1N1,plate21-A/Andalucia/PMC-00977/2025_H1N1,5921,1.334,1
seqneut25to26_sera_3047,A/Andalucia/PMC-00977/2025_H1N1,plate21-A/Andalucia/PMC-00977/2025_H1N1,1.362e+04,1.512,1
seqneut25to26_sera_3047,A/Aragon/2046/2025_H1N1,plate21-A/Aragon/2046/2025_H1N1,40,0.08447,0.08447
seqneut25to26_sera_3047,A/Aragon/2046/2025_H1N1,plate21-A/Aragon/2046/2025_H1N1,92,0.5518,0.5518
seqneut25to26_sera_3047,A/Aragon/2046/2025_H1N1,plate21-A/Aragon/2046/2025_H1N1,212,0.501,0.501
seqneut25to26_sera_3047,A/Aragon/2046/2025_H1N1,plate21-A/Aragon/2046/2025_H1N1,487,0.8756,0.8756
seqneut25to26_sera_3047,A/Aragon/2046/2025_H1N1,plate21-A/Aragon/2046/2025_H1N1,1119,1.144,1
seqneut25to26_sera_3047,A/Aragon/2046/2025_H1N1,plate21-A/Aragon/2046/2025_H1N1,2575,0.8957,0.8957
seqneut25to26_sera_3047,A/Aragon/2046/2025_H1N1,plate21-A/Aragon/2046/2025_H1N1,5921,1.092,1
seqneut25to26_sera_3047,A/Aragon/2046/2025_H1N1,plate21-A/Aragon/2046/2025_H1N1,1.362e+04,1.737,1
seqneut25to26_sera_3047,A/Arica/59150/2025_H3N2,plate21-A/Arica/59150/2025_H3N2,40,0.003833,0.003833
seqneut25to26_sera_3047,A/Arica/59150/2025_H3N2,plate21-A/Arica/59150/2025_H3N2,92,0.05677,0.05677
seqneut25to26_sera_3047,A/Arica/59150/2025_H3N2,plate21-A/Arica/59150/2025_H3N2,212,0.1733,0.1733
seqneut25to26_sera_3047,A/Arica/59150/2025_H3N2,plate21-A/Arica/59150/2025_H3N2,487,0.5812,0.5812
seqneut25to26_sera_3047,A/Arica/59150/2025_H3N2,plate21-A/Arica/59150/2025_H3N2,1119,0.9782,0.9782
seqneut25to26_sera_3047,A/Arica/59150/2025_H3N2,plate21-A/Arica/59150/2025_H3N2,2575,0.9247,0.9247
seqneut25to26_sera_3047,A/Arica/59150/2025_H3N2,plate21-A/Arica/59150/2025_H3N2,5921,1.215,1
seqneut25to26_sera_3047,A/Arica/59150/2025_H3N2,plate21-A/Arica/59150/2025_H3N2,1.362e+04,1.525,1
seqneut25to26_sera_3047,A/Bahia/3102/2025_H3N2,plate21-A/Bahia/3102/2025_H3N2,40,0.002985,0.002985
seqneut25to26_sera_3047,A/Bahia/3102/2025_H3N2,plate21-A/Bahia/3102/2025_H3N2,92,0.03583,0.03583
seqneut25to26_sera_3047,A/Bahia/3102/2025_H3N2,plate21-A/Bahia/3102/2025_H3N2,212,0.1911,0.1911
seqneut25to26_sera_3047,A/Bahia/3102/2025_H3N2,plate21-A/Bahia/3102/2025_H3N2,487,0.3617,0.3617
seqneut25to26_sera_3047,A/Bahia/3102/2025_H3N2,plate21-A/Bahia/3102/2025_H3N2,1119,1.032,1
seqneut25to26_sera_3047,A/Bahia/3102/2025_H3N2,plate21-A/Bahia/3102/2025_H3N2,2575,0.8557,0.8557
seqneut25to26_sera_3047,A/Bahia/3102/2025_H3N2,plate21-A/Bahia/3102/2025_H3N2,5921,0.9781,0.9781
seqneut25to26_sera_3047,A/Bahia/3102/2025_H3N2,plate21-A/Bahia/3102/2025_H3N2,1.362e+04,1.516,1
seqneut25to26_sera_3047,A/Bangkok/1803/2025_H1N1,plate21-A/Bangkok/1803/2025_H1N1,40,0.05124,0.05124
seqneut25to26_sera_3047,A/Bangkok/1803/2025_H1N1,plate21-A/Bangkok/1803/2025_H1N1,92,0.4589,0.4589
seqneut25to26_sera_3047,A/Bangkok/1803/2025_H1N1,plate21-A/Bangkok/1803/2025_H1N1,212,0.6137,0.6137
seqneut25to26_sera_3047,A/Bangkok/1803/2025_H1N1,plate21-A/Bangkok/1803/2025_H1N1,487,0.7946,0.7946
seqneut25to26_sera_3047,A/Bangkok/1803/2025_H1N1,plate21-A/Bangkok/1803/2025_H1N1,1119,1.105,1
seqneut25to26_sera_3047,A/Bangkok/1803/2025_H1N1,plate21-A/Bangkok/1803/2025_H1N1,2575,0.9098,0.9098
seqneut25to26_sera_3047,A/Bangkok/1803/2025_H1N1,plate21-A/Bangkok/1803/2025_H1N1,5921,1.382,1
seqneut25to26_sera_3047,A/Bangkok/1803/2025_H1N1,plate21-A/Bangkok/1803/2025_H1N1,1.362e+04,1.188,1
seqneut25to26_sera_3047,A/Bangkok/P2229/2025_H1N1,plate21-A/Bangkok/P2229/2025_H1N1,40,0.07146,0.07146
seqneut25to26_sera_3047,A/Bangkok/P2229/2025_H1N1,plate21-A/Bangkok/P2229/2025_H1N1,92,0.3315,0.3315
seqneut25to26_sera_3047,A/Bangkok/P2229/2025_H1N1,plate21-A/Bangkok/P2229/2025_H1N1,212,0.6037,0.6037
seqneut25to26_sera_3047,A/Bangkok/P2229/2025_H1N1,plate21-A/Bangkok/P2229/2025_H1N1,487,0.7956,0.7956
seqneut25to26_sera_3047,A/Bangkok/P2229/2025_H1N1,plate21-A/Bangkok/P2229/2025_H1N1,1119,0.8576,0.8576
seqneut25to26_sera_3047,A/Bangkok/P2229/2025_H1N1,plate21-A/Bangkok/P2229/2025_H1N1,2575,1.007,1
seqneut25to26_sera_3047,A/Bangkok/P2229/2025_H1N1,plate21-A/Bangkok/P2229/2025_H1N1,5921,0.9906,0.9906
seqneut25to26_sera_3047,A/Bangkok/P2229/2025_H1N1,plate21-A/Bangkok/P2229/2025_H1N1,1.362e+04,1.788,1
seqneut25to26_sera_3047,A/Bangkok/P2323/2025_H3N2,plate21-A/Bangkok/P2323/2025_H3N2,40,0.08654,0.08654
seqneut25to26_sera_3047,A/Bangkok/P2323/2025_H3N2,plate21-A/Bangkok/P2323/2025_H3N2,92,0.4232,0.4232
seqneut25to26_sera_3047,A/Bangkok/P2323/2025_H3N2,plate21-A/Bangkok/P2323/2025_H3N2,212,0.6306,0.6306
seqneut25to26_sera_3047,A/Bangkok/P2323/2025_H3N2,plate21-A/Bangkok/P2323/2025_H3N2,487,0.8058,0.8058
seqneut25to26_sera_3047,A/Bangkok/P2323/2025_H3N2,plate21-A/Bangkok/P2323/2025_H3N2,1119,1.184,1
seqneut25to26_sera_3047,A/Bangkok/P2323/2025_H3N2,plate21-A/Bangkok/P2323/2025_H3N2,2575,1.024,1
seqneut25to26_sera_3047,A/Bangkok/P2323/2025_H3N2,plate21-A/Bangkok/P2323/2025_H3N2,5921,1.314,1
seqneut25to26_sera_3047,A/Bangkok/P2323/2025_H3N2,plate21-A/Bangkok/P2323/2025_H3N2,1.362e+04,1.472,1
seqneut25to26_sera_3047,A/Bangkok/P2390/2025_H3N2,plate21-A/Bangkok/P2390/2025_H3N2,40,0.2556,0.2556
seqneut25to26_sera_3047,A/Bangkok/P2390/2025_H3N2,plate21-A/Bangkok/P2390/2025_H3N2,92,0.7058,0.7058
seqneut25to26_sera_3047,A/Bangkok/P2390/2025_H3N2,plate21-A/Bangkok/P2390/2025_H3N2,212,0.6322,0.6322
seqneut25to26_sera_3047,A/Bangkok/P2390/2025_H3N2,plate21-A/Bangkok/P2390/2025_H3N2,487,0.8585,0.8585
seqneut25to26_sera_3047,A/Bangkok/P2390/2025_H3N2,plate21-A/Bangkok/P2390/2025_H3N2,1119,1.32,1
seqneut25to26_sera_3047,A/Bangkok/P2390/2025_H3N2,plate21-A/Bangkok/P2390/2025_H3N2,2575,1.342,1
seqneut25to26_sera_3047,A/Bangkok/P2390/2025_H3N2,plate21-A/Bangkok/P2390/2025_H3N2,5921,1.345,1
seqneut25to26_sera_3047,A/Bangkok/P2390/2025_H3N2,plate21-A/Bangkok/P2390/2025_H3N2,1.362e+04,1.305,1
seqneut25to26_sera_3047,A/Bangkok/P2391/2025_H3N2,plate21-A/Bangkok/P2391/2025_H3N2,40,0.2232,0.2232
seqneut25to26_sera_3047,A/Bangkok/P2391/2025_H3N2,plate21-A/Bangkok/P2391/2025_H3N2,92,0.5367,0.5367
seqneut25to26_sera_3047,A/Bangkok/P2391/2025_H3N2,plate21-A/Bangkok/P2391/2025_H3N2,212,0.4058,0.4058
seqneut25to26_sera_3047,A/Bangkok/P2391/2025_H3N2,plate21-A/Bangkok/P2391/2025_H3N2,487,0.74,0.74
seqneut25to26_sera_3047,A/Bangkok/P2391/2025_H3N2,plate21-A/Bangkok/P2391/2025_H3N2,1119,1.418,1
seqneut25to26_sera_3047,A/Bangkok/P2391/2025_H3N2,plate21-A/Bangkok/P2391/2025_H3N2,2575,1.545,1
seqneut25to26_sera_3047,A/Bangkok/P2391/2025_H3N2,plate21-A/Bangkok/P2391/2025_H3N2,5921,1.192,1
seqneut25to26_sera_3047,A/Bangkok/P2391/2025_H3N2,plate21-A/Bangkok/P2391/2025_H3N2,1.362e+04,1.604,1
seqneut25to26_sera_3047,A/Bangkok/P2572/2025_H3N2,plate21-A/Bangkok/P2572/2025_H3N2,40,0.1268,0.1268
seqneut25to26_sera_3047,A/Bangkok/P2572/2025_H3N2,plate21-A/Bangkok/P2572/2025_H3N2,92,0.6005,0.6005
seqneut25to26_sera_3047,A/Bangkok/P2572/2025_H3N2,plate21-A/Bangkok/P2572/2025_H3N2,212,0.6641,0.6641
seqneut25to26_sera_3047,A/Bangkok/P2572/2025_H3N2,plate21-A/Bangkok/P2572/2025_H3N2,487,0.9302,0.9302
seqneut25to26_sera_3047,A/Bangkok/P2572/2025_H3N2,plate21-A/Bangkok/P2572/2025_H3N2,1119,0.9659,0.9659
seqneut25to26_sera_3047,A/Bangkok/P2572/2025_H3N2,plate21-A/Bangkok/P2572/2025_H3N2,2575,1.149,1
seqneut25to26_sera_3047,A/Bangkok/P2572/2025_H3N2,plate21-A/Bangkok/P2572/2025_H3N2,5921,1.354,1
seqneut25to26_sera_3047,A/Bangkok/P2572/2025_H3N2,plate21-A/Bangkok/P2572/2025_H3N2,1.362e+04,1.252,1
seqneut25to26_sera_3047,A/Bangkok/P2921/2025_H3N2,plate21-A/Bangkok/P2921/2025_H3N2,40,0,0
seqneut25to26_sera_3047,A/Bangkok/P2921/2025_H3N2,plate21-A/Bangkok/P2921/2025_H3N2,92,0.0006292,0.0006292
seqneut25to26_sera_3047,A/Bangkok/P2921/2025_H3N2,plate21-A/Bangkok/P2921/2025_H3N2,212,0.07352,0.07352
seqneut25to26_sera_3047,A/Bangkok/P2921/2025_H3N2,plate21-A/Bangkok/P2921/2025_H3N2,487,0.3798,0.3798
seqneut25to26_sera_3047,A/Bangkok/P2921/2025_H3N2,plate21-A/Bangkok/P2921/2025_H3N2,1119,0.7463,0.7463
seqneut25to26_sera_3047,A/Bangkok/P2921/2025_H3N2,plate21-A/Bangkok/P2921/2025_H3N2,2575,1.252,1
seqneut25to26_sera_3047,A/Bangkok/P2921/2025_H3N2,plate21-A/Bangkok/P2921/2025_H3N2,5921,1.491,1
seqneut25to26_sera_3047,A/Bangkok/P2921/2025_H3N2,plate21-A/Bangkok/P2921/2025_H3N2,1.362e+04,1.347,1
seqneut25to26_sera_3047,A/Bangkok/P3067/2025_H1N1,plate21-A/Bangkok/P3067/2025_H1N1,40,0.1318,0.1318
seqneut25to26_sera_3047,A/Bangkok/P3067/2025_H1N1,plate21-A/Bangkok/P3067/2025_H1N1,92,0.5077,0.5077
seqneut25to26_sera_3047,A/Bangkok/P3067/2025_H1N1,plate21-A/Bangkok/P3067/2025_H1N1,212,1.06,1
seqneut25to26_sera_3047,A/Bangkok/P3067/2025_H1N1,plate21-A/Bangkok/P3067/2025_H1N1,487,0.9447,0.9447
seqneut25to26_sera_3047,A/Bangkok/P3067/2025_H1N1,plate21-A/Bangkok/P3067/2025_H1N1,1119,0.982,0.982
seqneut25to26_sera_3047,A/Bangkok/P3067/2025_H1N1,plate21-A/Bangkok/P3067/2025_H1N1,2575,1.295,1
seqneut25to26_sera_3047,A/Bangkok/P3067/2025_H1N1,plate21-A/Bangkok/P3067/2025_H1N1,5921,1.372,1
seqneut25to26_sera_3047,A/Bangkok/P3067/2025_H1N1,plate21-A/Bangkok/P3067/2025_H1N1,1.362e+04,1.491,1
seqneut25to26_sera_3047,A/Bangkok/P3263/2025_H3N2,plate21-A/Bangkok/P3263/2025_H3N2,40,0.0272,0.0272
seqneut25to26_sera_3047,A/Bangkok/P3263/2025_H3N2,plate21-A/Bangkok/P3263/2025_H3N2,92,0.2351,0.2351
seqneut25to26_sera_3047,A/Bangkok/P3263/2025_H3N2,plate21-A/Bangkok/P3263/2025_H3N2,212,0.51,0.51
seqneut25to26_sera_3047,A/Bangkok/P3263/2025_H3N2,plate21-A/Bangkok/P3263/2025_H3N2,487,0.8141,0.8141
seqneut25to26_sera_3047,A/Bangkok/P3263/2025_H3N2,plate21-A/Bangkok/P3263/2025_H3N2,1119,1.006,1
seqneut25to26_sera_3047,A/Bangkok/P3263/2025_H3N2,plate21-A/Bangkok/P3263/2025_H3N2,2575,0.954,0.954
seqneut25to26_sera_3047,A/Bangkok/P3263/2025_H3N2,plate21-A/Bangkok/P3263/2025_H3N2,5921,1.347,1
seqneut25to26_sera_3047,A/Bangkok/P3263/2025_H3N2,plate21-A/Bangkok/P3263/2025_H3N2,1.362e+04,1.431,1
seqneut25to26_sera_3047,A/Belgium/H0097/2025_H3N2,plate21-A/Belgium/H0097/2025_H3N2,40,0.005595,0.005595
seqneut25to26_sera_3047,A/Belgium/H0097/2025_H3N2,plate21-A/Belgium/H0097/2025_H3N2,92,0.05474,0.05474
seqneut25to26_sera_3047,A/Belgium/H0097/2025_H3N2,plate21-A/Belgium/H0097/2025_H3N2,212,0.3236,0.3236
seqneut25to26_sera_3047,A/Belgium/H0097/2025_H3N2,plate21-A/Belgium/H0097/2025_H3N2,487,0.8946,0.8946
seqneut25to26_sera_3047,A/Belgium/H0097/2025_H3N2,plate21-A/Belgium/H0097/2025_H3N2,1119,1.51,1
seqneut25to26_sera_3047,A/Belgium/H0097/2025_H3N2,plate21-A/Belgium/H0097/2025_H3N2,2575,1.267,1
seqneut25to26_sera_3047,A/Belgium/H0097/2025_H3N2,plate21-A/Belgium/H0097/2025_H3N2,5921,1.464,1
seqneut25to26_sera_3047,A/Belgium/H0097/2025_H3N2,plate21-A/Belgium/H0097/2025_H3N2,1.362e+04,1.474,1
seqneut25to26_sera_3047,A/Bhutan/1267/2025_H3N2,plate21-A/Bhutan/1267/2025_H3N2,40,0.184,0.184
seqneut25to26_sera_3047,A/Bhutan/1267/2025_H3N2,plate21-A/Bhutan/1267/2025_H3N2,92,0.4428,0.4428
seqneut25to26_sera_3047,A/Bhutan/1267/2025_H3N2,plate21-A/Bhutan/1267/2025_H3N2,212,0.5112,0.5112
seqneut25to26_sera_3047,A/Bhutan/1267/2025_H3N2,plate21-A/Bhutan/1267/2025_H3N2,487,0.7103,0.7103
seqneut25to26_sera_3047,A/Bhutan/1267/2025_H3N2,plate21-A/Bhutan/1267/2025_H3N2,1119,0.8682,0.8682
seqneut25to26_sera_3047,A/Bhutan/1267/2025_H3N2,plate21-A/Bhutan/1267/2025_H3N2,2575,1.409,1
seqneut25to26_sera_3047,A/Bhutan/1267/2025_H3N2,plate21-A/Bhutan/1267/2025_H3N2,5921,1.402,1
seqneut25to26_sera_3047,A/Bhutan/1267/2025_H3N2,plate21-A/Bhutan/1267/2025_H3N2,1.362e+04,1.185,1
seqneut25to26_sera_3047,A/Bhutan/7/2025_H3N2,plate21-A/Bhutan/7/2025_H3N2,40,0.07666,0.07666
seqneut25to26_sera_3047,A/Bhutan/7/2025_H3N2,plate21-A/Bhutan/7/2025_H3N2,92,0.444,0.444
seqneut25to26_sera_3047,A/Bhutan/7/2025_H3N2,plate21-A/Bhutan/7/2025_H3N2,212,0.4445,0.4445
seqneut25to26_sera_3047,A/Bhutan/7/2025_H3N2,plate21-A/Bhutan/7/2025_H3N2,487,1.182,1
seqneut25to26_sera_3047,A/Bhutan/7/2025_H3N2,plate21-A/Bhutan/7/2025_H3N2,1119,0.8332,0.8332
seqneut25to26_sera_3047,A/Bhutan/7/2025_H3N2,plate21-A/Bhutan/7/2025_H3N2,2575,0.9655,0.9655
seqneut25to26_sera_3047,A/Bhutan/7/2025_H3N2,plate21-A/Bhutan/7/2025_H3N2,5921,1.328,1
seqneut25to26_sera_3047,A/Bhutan/7/2025_H3N2,plate21-A/Bhutan/7/2025_H3N2,1.362e+04,1.549,1
seqneut25to26_sera_3047,A/BritishColumbia/PHL-2473/2025_H1N1,plate21-A/BritishColumbia/PHL-2473/2025_H1N1,40,0.1007,0.1007
seqneut25to26_sera_3047,A/BritishColumbia/PHL-2473/2025_H1N1,plate21-A/BritishColumbia/PHL-2473/2025_H1N1,92,0.4473,0.4473
seqneut25to26_sera_3047,A/BritishColumbia/PHL-2473/2025_H1N1,plate21-A/BritishColumbia/PHL-2473/2025_H1N1,212,0.6069,0.6069
seqneut25to26_sera_3047,A/BritishColumbia/PHL-2473/2025_H1N1,plate21-A/BritishColumbia/PHL-2473/2025_H1N1,487,0.932,0.932
seqneut25to26_sera_3047,A/BritishColumbia/PHL-2473/2025_H1N1,plate21-A/BritishColumbia/PHL-2473/2025_H1N1,1119,1.092,1
seqneut25to26_sera_3047,A/BritishColumbia/PHL-2473/2025_H1N1,plate21-A/BritishColumbia/PHL-2473/2025_H1N1,2575,1.162,1
seqneut25to26_sera_3047,A/BritishColumbia/PHL-2473/2025_H1N1,plate21-A/BritishColumbia/PHL-2473/2025_H1N1,5921,1.214,1
seqneut25to26_sera_3047,A/BritishColumbia/PHL-2473/2025_H1N1,plate21-A/BritishColumbia/PHL-2473/2025_H1N1,1.362e+04,1.19,1
seqneut25to26_sera_3047,A/California/61/2025_H3N2,plate21-A/California/61/2025_H3N2,40,0.05369,0.05369
seqneut25to26_sera_3047,A/California/61/2025_H3N2,plate21-A/California/61/2025_H3N2,92,0.3846,0.3846
seqneut25to26_sera_3047,A/California/61/2025_H3N2,plate21-A/California/61/2025_H3N2,212,1.006,1
seqneut25to26_sera_3047,A/California/61/2025_H3N2,plate21-A/California/61/2025_H3N2,487,0.8798,0.8798
seqneut25to26_sera_3047,A/California/61/2025_H3N2,plate21-A/California/61/2025_H3N2,1119,0.9698,0.9698
seqneut25to26_sera_3047,A/California/61/2025_H3N2,plate21-A/California/61/2025_H3N2,2575,1.124,1
seqneut25to26_sera_3047,A/California/61/2025_H3N2,plate21-A/California/61/2025_H3N2,5921,0.9702,0.9702
seqneut25to26_sera_3047,A/California/61/2025_H3N2,plate21-A/California/61/2025_H3N2,1.362e+04,1.621,1
seqneut25to26_sera_3047,A/California/63/2025_H1N1,plate21-A/California/63/2025_H1N1,40,0.02987,0.02987
seqneut25to26_sera_3047,A/California/63/2025_H1N1,plate21-A/California/63/2025_H1N1,92,0.3759,0.3759
seqneut25to26_sera_3047,A/California/63/2025_H1N1,plate21-A/California/63/2025_H1N1,212,0.802,0.802
seqneut25to26_sera_3047,A/California/63/2025_H1N1,plate21-A/California/63/2025_H1N1,487,0.6784,0.6784
seqneut25to26_sera_3047,A/California/63/2025_H1N1,plate21-A/California/63/2025_H1N1,1119,1.165,1
seqneut25to26_sera_3047,A/California/63/2025_H1N1,plate21-A/California/63/2025_H1N1,2575,1.391,1
seqneut25to26_sera_3047,A/California/63/2025_H1N1,plate21-A/California/63/2025_H1N1,5921,1.197,1
seqneut25to26_sera_3047,A/California/63/2025_H1N1,plate21-A/California/63/2025_H1N1,1.362e+04,1.362,1
seqneut25to26_sera_3047,A/Canberra/465/2025_H1N1,plate21-A/Canberra/465/2025_H1N1,40,0.03833,0.03833
seqneut25to26_sera_3047,A/Canberra/465/2025_H1N1,plate21-A/Canberra/465/2025_H1N1,92,0.4965,0.4965
seqneut25to26_sera_3047,A/Canberra/465/2025_H1N1,plate21-A/Canberra/465/2025_H1N1,212,0.5323,0.5323
seqneut25to26_sera_3047,A/Canberra/465/2025_H1N1,plate21-A/Canberra/465/2025_H1N1,487,0.634,0.634
seqneut25to26_sera_3047,A/Canberra/465/2025_H1N1,plate21-A/Canberra/465/2025_H1N1,1119,1.197,1
seqneut25to26_sera_3047,A/Canberra/465/2025_H1N1,plate21-A/Canberra/465/2025_H1N1,2575,1.048,1
seqneut25to26_sera_3047,A/Canberra/465/2025_H1N1,plate21-A/Canberra/465/2025_H1N1,5921,1.122,1
seqneut25to26_sera_3047,A/Canberra/465/2025_H1N1,plate21-A/Canberra/465/2025_H1N1,1.362e+04,1.71,1
seqneut25to26_sera_3047,A/Canberra/530/2025_H1N1,plate21-A/Canberra/530/2025_H1N1,40,0.05051,0.05051
seqneut25to26_sera_3047,A/Canberra/530/2025_H1N1,plate21-A/Canberra/530/2025_H1N1,92,0.2677,0.2677
seqneut25to26_sera_3047,A/Canberra/530/2025_H1N1,plate21-A/Canberra/530/2025_H1N1,212,0.7248,0.7248
seqneut25to26_sera_3047,A/Canberra/530/2025_H1N1,plate21-A/Canberra/530/2025_H1N1,487,0.8578,0.8578
seqneut25to26_sera_3047,A/Canberra/530/2025_H1N1,plate21-A/Canberra/530/2025_H1N1,1119,1.077,1
seqneut25to26_sera_3047,A/Canberra/530/2025_H1N1,plate21-A/Canberra/530/2025_H1N1,2575,1.246,1
seqneut25to26_sera_3047,A/Canberra/530/2025_H1N1,plate21-A/Canberra/530/2025_H1N1,5921,1.2,1
seqneut25to26_sera_3047,A/Canberra/530/2025_H1N1,plate21-A/Canberra/530/2025_H1N1,1.362e+04,1.413,1
seqneut25to26_sera_3047,A/Catalonia/NSVH102689455/2025_H1N1,plate21-A/Catalonia/NSVH102689455/2025_H1N1,40,0.08408,0.08408
seqneut25to26_sera_3047,A/Catalonia/NSVH102689455/2025_H1N1,plate21-A/Catalonia/NSVH102689455/2025_H1N1,92,0.1839,0.1839
seqneut25to26_sera_3047,A/Catalonia/NSVH102689455/2025_H1N1,plate21-A/Catalonia/NSVH102689455/2025_H1N1,212,0.6014,0.6014
seqneut25to26_sera_3047,A/Catalonia/NSVH102689455/2025_H1N1,plate21-A/Catalonia/NSVH102689455/2025_H1N1,487,0.8852,0.8852
seqneut25to26_sera_3047,A/Catalonia/NSVH102689455/2025_H1N1,plate21-A/Catalonia/NSVH102689455/2025_H1N1,1119,1.265,1
seqneut25to26_sera_3047,A/Catalonia/NSVH102689455/2025_H1N1,plate21-A/Catalonia/NSVH102689455/2025_H1N1,2575,1.352,1
seqneut25to26_sera_3047,A/Catalonia/NSVH102689455/2025_H1N1,plate21-A/Catalonia/NSVH102689455/2025_H1N1,5921,1.425,1
seqneut25to26_sera_3047,A/Catalonia/NSVH102689455/2025_H1N1,plate21-A/Catalonia/NSVH102689455/2025_H1N1,1.362e+04,1.955,1
seqneut25to26_sera_3047,A/Colorado/105/2025_H1N1,plate21-A/Colorado/105/2025_H1N1,40,0.3106,0.3106
seqneut25to26_sera_3047,A/Colorado/105/2025_H1N1,plate21-A/Colorado/105/2025_H1N1,92,0.6101,0.6101
seqneut25to26_sera_3047,A/Colorado/105/2025_H1N1,plate21-A/Colorado/105/2025_H1N1,212,0.7993,0.7993
seqneut25to26_sera_3047,A/Colorado/105/2025_H1N1,plate21-A/Colorado/105/2025_H1N1,487,1.141,1
seqneut25to26_sera_3047,A/Colorado/105/2025_H1N1,plate21-A/Colorado/105/2025_H1N1,1119,1.311,1
seqneut25to26_sera_3047,A/Colorado/105/2025_H1N1,plate21-A/Colorado/105/2025_H1N1,2575,1.292,1
seqneut25to26_sera_3047,A/Colorado/105/2025_H1N1,plate21-A/Colorado/105/2025_H1N1,5921,1.364,1
seqneut25to26_sera_3047,A/Colorado/105/2025_H1N1,plate21-A/Colorado/105/2025_H1N1,1.362e+04,1.378,1
seqneut25to26_sera_3047,A/CoteDIvoire/2007/2025_H1N1,plate21-A/CoteDIvoire/2007/2025_H1N1,40,0.06099,0.06099
seqneut25to26_sera_3047,A/CoteDIvoire/2007/2025_H1N1,plate21-A/CoteDIvoire/2007/2025_H1N1,92,0.3459,0.3459
seqneut25to26_sera_3047,A/CoteDIvoire/2007/2025_H1N1,plate21-A/CoteDIvoire/2007/2025_H1N1,212,0.6563,0.6563
seqneut25to26_sera_3047,A/CoteDIvoire/2007/2025_H1N1,plate21-A/CoteDIvoire/2007/2025_H1N1,487,1.01,1
seqneut25to26_sera_3047,A/CoteDIvoire/2007/2025_H1N1,plate21-A/CoteDIvoire/2007/2025_H1N1,1119,1.109,1
seqneut25to26_sera_3047,A/CoteDIvoire/2007/2025_H1N1,plate21-A/CoteDIvoire/2007/2025_H1N1,2575,1.128,1
seqneut25to26_sera_3047,A/CoteDIvoire/2007/2025_H1N1,plate21-A/CoteDIvoire/2007/2025_H1N1,5921,1.208,1
seqneut25to26_sera_3047,A/CoteDIvoire/2007/2025_H1N1,plate21-A/CoteDIvoire/2007/2025_H1N1,1.362e+04,1.266,1
seqneut25to26_sera_3047,A/Croatia/10136RV/2023-egg_H3N2,plate21-A/Croatia/10136RV/2023-egg_H3N2,40,0.001913,0.001913
seqneut25to26_sera_3047,A/Croatia/10136RV/2023-egg_H3N2,plate21-A/Croatia/10136RV/2023-egg_H3N2,92,0.00508,0.00508
seqneut25to26_sera_3047,A/Croatia/10136RV/2023-egg_H3N2,plate21-A/Croatia/10136RV/2023-egg_H3N2,212,0.1418,0.1418
seqneut25to26_sera_3047,A/Croatia/10136RV/2023-egg_H3N2,plate21-A/Croatia/10136RV/2023-egg_H3N2,487,0.1486,0.1486
seqneut25to26_sera_3047,A/Croatia/10136RV/2023-egg_H3N2,plate21-A/Croatia/10136RV/2023-egg_H3N2,1119,0.3943,0.3943
seqneut25to26_sera_3047,A/Croatia/10136RV/2023-egg_H3N2,plate21-A/Croatia/10136RV/2023-egg_H3N2,2575,0.6705,0.6705
seqneut25to26_sera_3047,A/Croatia/10136RV/2023-egg_H3N2,plate21-A/Croatia/10136RV/2023-egg_H3N2,5921,0.6156,0.6156
seqneut25to26_sera_3047,A/Croatia/10136RV/2023-egg_H3N2,plate21-A/Croatia/10136RV/2023-egg_H3N2,1.362e+04,0.6076,0.6076
seqneut25to26_sera_3047,A/Darwin/1405/2025_H1N1,plate21-A/Darwin/1405/2025_H1N1,40,0.03108,0.03108
seqneut25to26_sera_3047,A/Darwin/1405/2025_H1N1,plate21-A/Darwin/1405/2025_H1N1,92,0.3489,0.3489
seqneut25to26_sera_3047,A/Darwin/1405/2025_H1N1,plate21-A/Darwin/1405/2025_H1N1,212,0.629,0.629
seqneut25to26_sera_3047,A/Darwin/1405/2025_H1N1,plate21-A/Darwin/1405/2025_H1N1,487,0.9162,0.9162
seqneut25to26_sera_3047,A/Darwin/1405/2025_H1N1,plate21-A/Darwin/1405/2025_H1N1,1119,1.111,1
seqneut25to26_sera_3047,A/Darwin/1405/2025_H1N1,plate21-A/Darwin/1405/2025_H1N1,2575,1.344,1
seqneut25to26_sera_3047,A/Darwin/1405/2025_H1N1,plate21-A/Darwin/1405/2025_H1N1,5921,1.051,1
seqneut25to26_sera_3047,A/Darwin/1405/2025_H1N1,plate21-A/Darwin/1405/2025_H1N1,1.362e+04,1.358,1
seqneut25to26_sera_3047,A/Darwin/1461/2025_H3N2,plate21-A/Darwin/1461/2025_H3N2,40,0.00377,0.00377
seqneut25to26_sera_3047,A/Darwin/1461/2025_H3N2,plate21-A/Darwin/1461/2025_H3N2,92,0.01864,0.01864
seqneut25to26_sera_3047,A/Darwin/1461/2025_H3N2,plate21-A/Darwin/1461/2025_H3N2,212,0.1245,0.1245
seqneut25to26_sera_3047,A/Darwin/1461/2025_H3N2,plate21-A/Darwin/1461/2025_H3N2,487,0.3732,0.3732
seqneut25to26_sera_3047,A/Darwin/1461/2025_H3N2,plate21-A/Darwin/1461/2025_H3N2,1119,1.274,1
seqneut25to26_sera_3047,A/Darwin/1461/2025_H3N2,plate21-A/Darwin/1461/2025_H3N2,2575,0.9285,0.9285
seqneut25to26_sera_3047,A/Darwin/1461/2025_H3N2,plate21-A/Darwin/1461/2025_H3N2,5921,0.9518,0.9518
seqneut25to26_sera_3047,A/Darwin/1461/2025_H3N2,plate21-A/Darwin/1461/2025_H3N2,1.362e+04,1.656,1
seqneut25to26_sera_3047,A/Denmark/3070/2025_H1N1,plate21-A/Denmark/3070/2025_H1N1,40,0.05857,0.05857
seqneut25to26_sera_3047,A/Denmark/3070/2025_H1N1,plate21-A/Denmark/3070/2025_H1N1,92,0.3523,0.3523
seqneut25to26_sera_3047,A/Denmark/3070/2025_H1N1,plate21-A/Denmark/3070/2025_H1N1,212,0.6486,0.6486
seqneut25to26_sera_3047,A/Denmark/3070/2025_H1N1,plate21-A/Denmark/3070/2025_H1N1,487,1.171,1
seqneut25to26_sera_3047,A/Denmark/3070/2025_H1N1,plate21-A/Denmark/3070/2025_H1N1,1119,1.167,1
seqneut25to26_sera_3047,A/Denmark/3070/2025_H1N1,plate21-A/Denmark/3070/2025_H1N1,2575,1.162,1
seqneut25to26_sera_3047,A/Denmark/3070/2025_H1N1,plate21-A/Denmark/3070/2025_H1N1,5921,1.186,1
seqneut25to26_sera_3047,A/Denmark/3070/2025_H1N1,plate21-A/Denmark/3070/2025_H1N1,1.362e+04,1.361,1
seqneut25to26_sera_3047,A/DistrictOfColumbia/27/2023_H3N2,plate21-A/DistrictOfColumbia/27/2023_H3N2,40,0,0
seqneut25to26_sera_3047,A/DistrictOfColumbia/27/2023_H3N2,plate21-A/DistrictOfColumbia/27/2023_H3N2,92,0.1238,0.1238
seqneut25to26_sera_3047,A/DistrictOfColumbia/27/2023_H3N2,plate21-A/DistrictOfColumbia/27/2023_H3N2,212,0.345,0.345
seqneut25to26_sera_3047,A/DistrictOfColumbia/27/2023_H3N2,plate21-A/DistrictOfColumbia/27/2023_H3N2,487,0.6235,0.6235
seqneut25to26_sera_3047,A/DistrictOfColumbia/27/2023_H3N2,plate21-A/DistrictOfColumbia/27/2023_H3N2,1119,1.007,1
seqneut25to26_sera_3047,A/DistrictOfColumbia/27/2023_H3N2,plate21-A/DistrictOfColumbia/27/2023_H3N2,2575,1.083,1
seqneut25to26_sera_3047,A/DistrictOfColumbia/27/2023_H3N2,plate21-A/DistrictOfColumbia/27/2023_H3N2,5921,1.204,1
seqneut25to26_sera_3047,A/DistrictOfColumbia/27/2023_H3N2,plate21-A/DistrictOfColumbia/27/2023_H3N2,1.362e+04,1.399,1
seqneut25to26_sera_3047,A/DistrictOfColumbia/57/2025_H3N2,plate21-A/DistrictOfColumbia/57/2025_H3N2,40,0.1792,0.1792
seqneut25to26_sera_3047,A/DistrictOfColumbia/57/2025_H3N2,plate21-A/DistrictOfColumbia/57/2025_H3N2,92,0.5071,0.5071
seqneut25to26_sera_3047,A/DistrictOfColumbia/57/2025_H3N2,plate21-A/DistrictOfColumbia/57/2025_H3N2,212,0.4655,0.4655
seqneut25to26_sera_3047,A/DistrictOfColumbia/57/2025_H3N2,plate21-A/DistrictOfColumbia/57/2025_H3N2,487,0.9953,0.9953
seqneut25to26_sera_3047,A/DistrictOfColumbia/57/2025_H3N2,plate21-A/DistrictOfColumbia/57/2025_H3N2,1119,1.031,1
seqneut25to26_sera_3047,A/DistrictOfColumbia/57/2025_H3N2,plate21-A/DistrictOfColumbia/57/2025_H3N2,2575,1.028,1
seqneut25to26_sera_3047,A/DistrictOfColumbia/57/2025_H3N2,plate21-A/DistrictOfColumbia/57/2025_H3N2,5921,1.048,1
seqneut25to26_sera_3047,A/DistrictOfColumbia/57/2025_H3N2,plate21-A/DistrictOfColumbia/57/2025_H3N2,1.362e+04,1.271,1
seqneut25to26_sera_3047,A/DistritoFederal/250106000728/2025_H3N2,plate21-A/DistritoFederal/250106000728/2025_H3N2,40,0,0
seqneut25to26_sera_3047,A/DistritoFederal/250106000728/2025_H3N2,plate21-A/DistritoFederal/250106000728/2025_H3N2,92,0.01265,0.01265
seqneut25to26_sera_3047,A/DistritoFederal/250106000728/2025_H3N2,plate21-A/DistritoFederal/250106000728/2025_H3N2,212,0.1519,0.1519
seqneut25to26_sera_3047,A/DistritoFederal/250106000728/2025_H3N2,plate21-A/DistritoFederal/250106000728/2025_H3N2,487,0.4924,0.4924
seqneut25to26_sera_3047,A/DistritoFederal/250106000728/2025_H3N2,plate21-A/DistritoFederal/250106000728/2025_H3N2,1119,0.8495,0.8495
seqneut25to26_sera_3047,A/DistritoFederal/250106000728/2025_H3N2,plate21-A/DistritoFederal/250106000728/2025_H3N2,2575,0.7338,0.7338
seqneut25to26_sera_3047,A/DistritoFederal/250106000728/2025_H3N2,plate21-A/DistritoFederal/250106000728/2025_H3N2,5921,1.166,1
seqneut25to26_sera_3047,A/DistritoFederal/250106000728/2025_H3N2,plate21-A/DistritoFederal/250106000728/2025_H3N2,1.362e+04,1.329,1
seqneut25to26_sera_3047,A/DistritoFederal/2578578201/2025_H3N2,plate21-A/DistritoFederal/2578578201/2025_H3N2,40,0.0007292,0.0007292
seqneut25to26_sera_3047,A/DistritoFederal/2578578201/2025_H3N2,plate21-A/DistritoFederal/2578578201/2025_H3N2,92,0.03598,0.03598
seqneut25to26_sera_3047,A/DistritoFederal/2578578201/2025_H3N2,plate21-A/DistritoFederal/2578578201/2025_H3N2,212,0.1975,0.1975
seqneut25to26_sera_3047,A/DistritoFederal/2578578201/2025_H3N2,plate21-A/DistritoFederal/2578578201/2025_H3N2,487,0.9174,0.9174
seqneut25to26_sera_3047,A/DistritoFederal/2578578201/2025_H3N2,plate21-A/DistritoFederal/2578578201/2025_H3N2,1119,0.9617,0.9617
seqneut25to26_sera_3047,A/DistritoFederal/2578578201/2025_H3N2,plate21-A/DistritoFederal/2578578201/2025_H3N2,2575,1.139,1
seqneut25to26_sera_3047,A/DistritoFederal/2578578201/2025_H3N2,plate21-A/DistritoFederal/2578578201/2025_H3N2,5921,1.59,1
seqneut25to26_sera_3047,A/DistritoFederal/2578578201/2025_H3N2,plate21-A/DistritoFederal/2578578201/2025_H3N2,1.362e+04,1.788,1
seqneut25to26_sera_3047,A/England/174/2025_H3N2,plate21-A/England/174/2025_H3N2,40,0,0
seqneut25to26_sera_3047,A/England/174/2025_H3N2,plate21-A/England/174/2025_H3N2,92,0.0003764,0.0003764
seqneut25to26_sera_3047,A/England/174/2025_H3N2,plate21-A/England/174/2025_H3N2,212,0.007719,0.007719
seqneut25to26_sera_3047,A/England/174/2025_H3N2,plate21-A/England/174/2025_H3N2,487,0.1696,0.1696
seqneut25to26_sera_3047,A/England/174/2025_H3N2,plate21-A/England/174/2025_H3N2,1119,0.451,0.451
seqneut25to26_sera_3047,A/England/174/2025_H3N2,plate21-A/England/174/2025_H3N2,2575,0.5682,0.5682
seqneut25to26_sera_3047,A/England/174/2025_H3N2,plate21-A/England/174/2025_H3N2,5921,1.221,1
seqneut25to26_sera_3047,A/England/174/2025_H3N2,plate21-A/England/174/2025_H3N2,1.362e+04,0.9867,0.9867
seqneut25to26_sera_3047,A/England/1822256/2025_H1N1,plate21-A/England/1822256/2025_H1N1,40,0.03004,0.03004
seqneut25to26_sera_3047,A/England/1822256/2025_H1N1,plate21-A/England/1822256/2025_H1N1,92,0.3395,0.3395
seqneut25to26_sera_3047,A/England/1822256/2025_H1N1,plate21-A/England/1822256/2025_H1N1,212,0.874,0.874
seqneut25to26_sera_3047,A/England/1822256/2025_H1N1,plate21-A/England/1822256/2025_H1N1,487,0.8271,0.8271
seqneut25to26_sera_3047,A/England/1822256/2025_H1N1,plate21-A/England/1822256/2025_H1N1,1119,1.374,1
seqneut25to26_sera_3047,A/England/1822256/2025_H1N1,plate21-A/England/1822256/2025_H1N1,2575,1.139,1
seqneut25to26_sera_3047,A/England/1822256/2025_H1N1,plate21-A/England/1822256/2025_H1N1,5921,1.48,1
seqneut25to26_sera_3047,A/England/1822256/2025_H1N1,plate21-A/England/1822256/2025_H1N1,1.362e+04,1.572,1
seqneut25to26_sera_3047,A/England/1837734/2025_H3N2,plate21-A/England/1837734/2025_H3N2,40,0.08821,0.08821
seqneut25to26_sera_3047,A/England/1837734/2025_H3N2,plate21-A/England/1837734/2025_H3N2,92,0.3307,0.3307
seqneut25to26_sera_3047,A/England/1837734/2025_H3N2,plate21-A/England/1837734/2025_H3N2,212,0.5806,0.5806
seqneut25to26_sera_3047,A/England/1837734/2025_H3N2,plate21-A/England/1837734/2025_H3N2,487,0.72,0.72
seqneut25to26_sera_3047,A/England/1837734/2025_H3N2,plate21-A/England/1837734/2025_H3N2,1119,0.9362,0.9362
seqneut25to26_sera_3047,A/England/1837734/2025_H3N2,plate21-A/England/1837734/2025_H3N2,2575,1.103,1
seqneut25to26_sera_3047,A/England/1837734/2025_H3N2,plate21-A/England/1837734/2025_H3N2,5921,1.179,1
seqneut25to26_sera_3047,A/England/1837734/2025_H3N2,plate21-A/England/1837734/2025_H3N2,1.362e+04,1.757,1
seqneut25to26_sera_3047,A/England/1837737/2025_H3N2,plate21-A/England/1837737/2025_H3N2,40,0.1926,0.1926
seqneut25to26_sera_3047,A/England/1837737/2025_H3N2,plate21-A/England/1837737/2025_H3N2,92,0.5115,0.5115
seqneut25to26_sera_3047,A/England/1837737/2025_H3N2,plate21-A/England/1837737/2025_H3N2,212,0.5005,0.5005
seqneut25to26_sera_3047,A/England/1837737/2025_H3N2,plate21-A/England/1837737/2025_H3N2,487,1.068,1
seqneut25to26_sera_3047,A/England/1837737/2025_H3N2,plate21-A/England/1837737/2025_H3N2,1119,1.201,1
seqneut25to26_sera_3047,A/England/1837737/2025_H3N2,plate21-A/England/1837737/2025_H3N2,2575,1.233,1
seqneut25to26_sera_3047,A/England/1837737/2025_H3N2,plate21-A/England/1837737/2025_H3N2,5921,1.179,1
seqneut25to26_sera_3047,A/England/1837737/2025_H3N2,plate21-A/England/1837737/2025_H3N2,1.362e+04,1.234,1
seqneut25to26_sera_3047,A/France/ARA-HCL025155099501/2025_H1N1,plate21-A/France/ARA-HCL025155099501/2025_H1N1,40,0.1357,0.1357
seqneut25to26_sera_3047,A/France/ARA-HCL025155099501/2025_H1N1,plate21-A/France/ARA-HCL025155099501/2025_H1N1,92,0.4937,0.4937
seqneut25to26_sera_3047,A/France/ARA-HCL025155099501/2025_H1N1,plate21-A/France/ARA-HCL025155099501/2025_H1N1,212,0.7431,0.7431
seqneut25to26_sera_3047,A/France/ARA-HCL025155099501/2025_H1N1,plate21-A/France/ARA-HCL025155099501/2025_H1N1,487,0.9003,0.9003
seqneut25to26_sera_3047,A/France/ARA-HCL025155099501/2025_H1N1,plate21-A/France/ARA-HCL025155099501/2025_H1N1,1119,1.273,1
seqneut25to26_sera_3047,A/France/ARA-HCL025155099501/2025_H1N1,plate21-A/France/ARA-HCL025155099501/2025_H1N1,2575,1.233,1
seqneut25to26_sera_3047,A/France/ARA-HCL025155099501/2025_H1N1,plate21-A/France/ARA-HCL025155099501/2025_H1N1,5921,1.119,1
seqneut25to26_sera_3047,A/France/ARA-HCL025155099501/2025_H1N1,plate21-A/France/ARA-HCL025155099501/2025_H1N1,1.362e+04,1.32,1
seqneut25to26_sera_3047,A/Galicia/GA-CHUAC-451/2025_H3N2,plate21-A/Galicia/GA-CHUAC-451/2025_H3N2,40,0,0
seqneut25to26_sera_3047,A/Galicia/GA-CHUAC-451/2025_H3N2,plate21-A/Galicia/GA-CHUAC-451/2025_H3N2,92,0.002232,0.002232
seqneut25to26_sera_3047,A/Galicia/GA-CHUAC-451/2025_H3N2,plate21-A/Galicia/GA-CHUAC-451/2025_H3N2,212,0.08566,0.08566
seqneut25to26_sera_3047,A/Galicia/GA-CHUAC-451/2025_H3N2,plate21-A/Galicia/GA-CHUAC-451/2025_H3N2,487,0.442,0.442
seqneut25to26_sera_3047,A/Galicia/GA-CHUAC-451/2025_H3N2,plate21-A/Galicia/GA-CHUAC-451/2025_H3N2,1119,0.913,0.913
seqneut25to26_sera_3047,A/Galicia/GA-CHUAC-451/2025_H3N2,plate21-A/Galicia/GA-CHUAC-451/2025_H3N2,2575,1.261,1
seqneut25to26_sera_3047,A/Galicia/GA-CHUAC-451/2025_H3N2,plate21-A/Galicia/GA-CHUAC-451/2025_H3N2,5921,1.333,1
seqneut25to26_sera_3047,A/Galicia/GA-CHUAC-451/2025_H3N2,plate21-A/Galicia/GA-CHUAC-451/2025_H3N2,1.362e+04,1.163,1
seqneut25to26_sera_3047,A/Ghana/ARI-25-1125/2025_H1N1,plate21-A/Ghana/ARI-25-1125/2025_H1N1,40,0.01373,0.01373
seqneut25to26_sera_3047,A/Ghana/ARI-25-1125/2025_H1N1,plate21-A/Ghana/ARI-25-1125/2025_H1N1,92,0.205,0.205
seqneut25to26_sera_3047,A/Ghana/ARI-25-1125/2025_H1N1,plate21-A/Ghana/ARI-25-1125/2025_H1N1,212,0.5711,0.5711
seqneut25to26_sera_3047,A/Ghana/ARI-25-1125/2025_H1N1,plate21-A/Ghana/ARI-25-1125/2025_H1N1,487,1.136,1
seqneut25to26_sera_3047,A/Ghana/ARI-25-1125/2025_H1N1,plate21-A/Ghana/ARI-25-1125/2025_H1N1,1119,1.052,1
seqneut25to26_sera_3047,A/Ghana/ARI-25-1125/2025_H1N1,plate21-A/Ghana/ARI-25-1125/2025_H1N1,2575,1.231,1
seqneut25to26_sera_3047,A/Ghana/ARI-25-1125/2025_H1N1,plate21-A/Ghana/ARI-25-1125/2025_H1N1,5921,1.465,1
seqneut25to26_sera_3047,A/Ghana/ARI-25-1125/2025_H1N1,plate21-A/Ghana/ARI-25-1125/2025_H1N1,1.362e+04,1.202,1
seqneut25to26_sera_3047,A/Ghana/FS-25-7077/2025_H3N2,plate21-A/Ghana/FS-25-7077/2025_H3N2,40,0.09631,0.09631
seqneut25to26_sera_3047,A/Ghana/FS-25-7077/2025_H3N2,plate21-A/Ghana/FS-25-7077/2025_H3N2,92,0.9069,0.9069
seqneut25to26_sera_3047,A/Ghana/FS-25-7077/2025_H3N2,plate21-A/Ghana/FS-25-7077/2025_H3N2,212,0.4814,0.4814
seqneut25to26_sera_3047,A/Ghana/FS-25-7077/2025_H3N2,plate21-A/Ghana/FS-25-7077/2025_H3N2,487,1.412,1
seqneut25to26_sera_3047,A/Ghana/FS-25-7077/2025_H3N2,plate21-A/Ghana/FS-25-7077/2025_H3N2,1119,1.461,1
seqneut25to26_sera_3047,A/Ghana/FS-25-7077/2025_H3N2,plate21-A/Ghana/FS-25-7077/2025_H3N2,2575,1.307,1
seqneut25to26_sera_3047,A/Ghana/FS-25-7077/2025_H3N2,plate21-A/Ghana/FS-25-7077/2025_H3N2,5921,1.225,1
seqneut25to26_sera_3047,A/Ghana/FS-25-7077/2025_H3N2,plate21-A/Ghana/FS-25-7077/2025_H3N2,1.362e+04,1.218,1
seqneut25to26_sera_3047,A/Guangdong-Maonan/11438/2025_H3N2,plate21-A/Guangdong-Maonan/11438/2025_H3N2,40,0,0
seqneut25to26_sera_3047,A/Guangdong-Maonan/11438/2025_H3N2,plate21-A/Guangdong-Maonan/11438/2025_H3N2,92,0,0
seqneut25to26_sera_3047,A/Guangdong-Maonan/11438/2025_H3N2,plate21-A/Guangdong-Maonan/11438/2025_H3N2,212,0.004415,0.004415
seqneut25to26_sera_3047,A/Guangdong-Maonan/11438/2025_H3N2,plate21-A/Guangdong-Maonan/11438/2025_H3N2,487,0.2051,0.2051
seqneut25to26_sera_3047,A/Guangdong-Maonan/11438/2025_H3N2,plate21-A/Guangdong-Maonan/11438/2025_H3N2,1119,0.7242,0.7242
seqneut25to26_sera_3047,A/Guangdong-Maonan/11438/2025_H3N2,plate21-A/Guangdong-Maonan/11438/2025_H3N2,2575,1.115,1
seqneut25to26_sera_3047,A/Guangdong-Maonan/11438/2025_H3N2,plate21-A/Guangdong-Maonan/11438/2025_H3N2,5921,2.462,1
seqneut25to26_sera_3047,A/Guangdong-Maonan/11438/2025_H3N2,plate21-A/Guangdong-Maonan/11438/2025_H3N2,1.362e+04,2.025,1
seqneut25to26_sera_3047,A/Guangdong-Meijiang/11256/2025_H3N2,plate21-A/Guangdong-Meijiang/11256/2025_H3N2,40,0,0
seqneut25to26_sera_3047,A/Guangdong-Meijiang/11256/2025_H3N2,plate21-A/Guangdong-Meijiang/11256/2025_H3N2,92,0.00709,0.00709
seqneut25to26_sera_3047,A/Guangdong-Meijiang/11256/2025_H3N2,plate21-A/Guangdong-Meijiang/11256/2025_H3N2,212,0.04399,0.04399
seqneut25to26_sera_3047,A/Guangdong-Meijiang/11256/2025_H3N2,plate21-A/Guangdong-Meijiang/11256/2025_H3N2,487,0.1864,0.1864
seqneut25to26_sera_3047,A/Guangdong-Meijiang/11256/2025_H3N2,plate21-A/Guangdong-Meijiang/11256/2025_H3N2,1119,0.4594,0.4594
seqneut25to26_sera_3047,A/Guangdong-Meijiang/11256/2025_H3N2,plate21-A/Guangdong-Meijiang/11256/2025_H3N2,2575,0.5836,0.5836
seqneut25to26_sera_3047,A/Guangdong-Meijiang/11256/2025_H3N2,plate21-A/Guangdong-Meijiang/11256/2025_H3N2,5921,0.8376,0.8376
seqneut25to26_sera_3047,A/Guangdong-Meijiang/11256/2025_H3N2,plate21-A/Guangdong-Meijiang/11256/2025_H3N2,1.362e+04,0.8902,0.8902
seqneut25to26_sera_3047,A/Guangxi-Daxin/1643/2025_H3N2,plate21-A/Guangxi-Daxin/1643/2025_H3N2,40,0,0
seqneut25to26_sera_3047,A/Guangxi-Daxin/1643/2025_H3N2,plate21-A/Guangxi-Daxin/1643/2025_H3N2,92,0.01205,0.01205
seqneut25to26_sera_3047,A/Guangxi-Daxin/1643/2025_H3N2,plate21-A/Guangxi-Daxin/1643/2025_H3N2,212,0.09986,0.09986
seqneut25to26_sera_3047,A/Guangxi-Daxin/1643/2025_H3N2,plate21-A/Guangxi-Daxin/1643/2025_H3N2,487,0.356,0.356
seqneut25to26_sera_3047,A/Guangxi-Daxin/1643/2025_H3N2,plate21-A/Guangxi-Daxin/1643/2025_H3N2,1119,0.9441,0.9441
seqneut25to26_sera_3047,A/Guangxi-Daxin/1643/2025_H3N2,plate21-A/Guangxi-Daxin/1643/2025_H3N2,2575,1.442,1
seqneut25to26_sera_3047,A/Guangxi-Daxin/1643/2025_H3N2,plate21-A/Guangxi-Daxin/1643/2025_H3N2,5921,1.347,1
seqneut25to26_sera_3047,A/Guangxi-Daxin/1643/2025_H3N2,plate21-A/Guangxi-Daxin/1643/2025_H3N2,1.362e+04,1.397,1
seqneut25to26_sera_3047,A/Guangxi-Qingxiu/SWL11742/2025_H1N1,plate21-A/Guangxi-Qingxiu/SWL11742/2025_H1N1,40,0.04488,0.04488
seqneut25to26_sera_3047,A/Guangxi-Qingxiu/SWL11742/2025_H1N1,plate21-A/Guangxi-Qingxiu/SWL11742/2025_H1N1,92,0.3758,0.3758
seqneut25to26_sera_3047,A/Guangxi-Qingxiu/SWL11742/2025_H1N1,plate21-A/Guangxi-Qingxiu/SWL11742/2025_H1N1,212,0.6882,0.6882
seqneut25to26_sera_3047,A/Guangxi-Qingxiu/SWL11742/2025_H1N1,plate21-A/Guangxi-Qingxiu/SWL11742/2025_H1N1,487,0.841,0.841
seqneut25to26_sera_3047,A/Guangxi-Qingxiu/SWL11742/2025_H1N1,plate21-A/Guangxi-Qingxiu/SWL11742/2025_H1N1,1119,1.065,1
seqneut25to26_sera_3047,A/Guangxi-Qingxiu/SWL11742/2025_H1N1,plate21-A/Guangxi-Qingxiu/SWL11742/2025_H1N1,2575,1.131,1
seqneut25to26_sera_3047,A/Guangxi-Qingxiu/SWL11742/2025_H1N1,plate21-A/Guangxi-Qingxiu/SWL11742/2025_H1N1,5921,1.216,1
seqneut25to26_sera_3047,A/Guangxi-Qingxiu/SWL11742/2025_H1N1,plate21-A/Guangxi-Qingxiu/SWL11742/2025_H1N1,1.362e+04,1.207,1
seqneut25to26_sera_3047,A/Hawaii/44/2025_H1N1,plate21-A/Hawaii/44/2025_H1N1,40,0.1143,0.1143
seqneut25to26_sera_3047,A/Hawaii/44/2025_H1N1,plate21-A/Hawaii/44/2025_H1N1,92,0.553,0.553
seqneut25to26_sera_3047,A/Hawaii/44/2025_H1N1,plate21-A/Hawaii/44/2025_H1N1,212,0.8311,0.8311
seqneut25to26_sera_3047,A/Hawaii/44/2025_H1N1,plate21-A/Hawaii/44/2025_H1N1,487,0.9634,0.9634
seqneut25to26_sera_3047,A/Hawaii/44/2025_H1N1,plate21-A/Hawaii/44/2025_H1N1,1119,0.9821,0.9821
seqneut25to26_sera_3047,A/Hawaii/44/2025_H1N1,plate21-A/Hawaii/44/2025_H1N1,2575,1.175,1
seqneut25to26_sera_3047,A/Hawaii/44/2025_H1N1,plate21-A/Hawaii/44/2025_H1N1,5921,1.289,1
seqneut25to26_sera_3047,A/Hawaii/44/2025_H1N1,plate21-A/Hawaii/44/2025_H1N1,1.362e+04,1.282,1
seqneut25to26_sera_3047,A/Hawaii/70/2019_H1N1,plate21-A/Hawaii/70/2019_H1N1,40,0.0005475,0.0005475
seqneut25to26_sera_3047,A/Hawaii/70/2019_H1N1,plate21-A/Hawaii/70/2019_H1N1,92,0.001031,0.001031
seqneut25to26_sera_3047,A/Hawaii/70/2019_H1N1,plate21-A/Hawaii/70/2019_H1N1,212,0.001172,0.001172
seqneut25to26_sera_3047,A/Hawaii/70/2019_H1N1,plate21-A/Hawaii/70/2019_H1N1,487,0.007666,0.007666
seqneut25to26_sera_3047,A/Hawaii/70/2019_H1N1,plate21-A/Hawaii/70/2019_H1N1,1119,0.1572,0.1572
seqneut25to26_sera_3047,A/Hawaii/70/2019_H1N1,plate21-A/Hawaii/70/2019_H1N1,2575,0.4866,0.4866
seqneut25to26_sera_3047,A/Hawaii/70/2019_H1N1,plate21-A/Hawaii/70/2019_H1N1,5921,0.7773,0.7773
seqneut25to26_sera_3047,A/Hawaii/70/2019_H1N1,plate21-A/Hawaii/70/2019_H1N1,1.362e+04,1.205,1
seqneut25to26_sera_3047,A/HongKong/1257/2025_H3N2,plate21-A/HongKong/1257/2025_H3N2,40,0.002002,0.002002
seqneut25to26_sera_3047,A/HongKong/1257/2025_H3N2,plate21-A/HongKong/1257/2025_H3N2,92,0.05403,0.05403
seqneut25to26_sera_3047,A/HongKong/1257/2025_H3N2,plate21-A/HongKong/1257/2025_H3N2,212,0.2456,0.2456
seqneut25to26_sera_3047,A/HongKong/1257/2025_H3N2,plate21-A/HongKong/1257/2025_H3N2,487,0.7082,0.7082
seqneut25to26_sera_3047,A/HongKong/1257/2025_H3N2,plate21-A/HongKong/1257/2025_H3N2,1119,0.9132,0.9132
seqneut25to26_sera_3047,A/HongKong/1257/2025_H3N2,plate21-A/HongKong/1257/2025_H3N2,2575,1.045,1
seqneut25to26_sera_3047,A/HongKong/1257/2025_H3N2,plate21-A/HongKong/1257/2025_H3N2,5921,1.34,1
seqneut25to26_sera_3047,A/HongKong/1257/2025_H3N2,plate21-A/HongKong/1257/2025_H3N2,1.362e+04,1.524,1
seqneut25to26_sera_3047,A/HongKong/1382/2025_H3N2,plate21-A/HongKong/1382/2025_H3N2,40,0.02379,0.02379
seqneut25to26_sera_3047,A/HongKong/1382/2025_H3N2,plate21-A/HongKong/1382/2025_H3N2,92,0.3665,0.3665
seqneut25to26_sera_3047,A/HongKong/1382/2025_H3N2,plate21-A/HongKong/1382/2025_H3N2,212,0.5417,0.5417
seqneut25to26_sera_3047,A/HongKong/1382/2025_H3N2,plate21-A/HongKong/1382/2025_H3N2,487,0.6809,0.6809
seqneut25to26_sera_3047,A/HongKong/1382/2025_H3N2,plate21-A/HongKong/1382/2025_H3N2,1119,0.8534,0.8534
seqneut25to26_sera_3047,A/HongKong/1382/2025_H3N2,plate21-A/HongKong/1382/2025_H3N2,2575,1.433,1
seqneut25to26_sera_3047,A/HongKong/1382/2025_H3N2,plate21-A/HongKong/1382/2025_H3N2,5921,0.9702,0.9702
seqneut25to26_sera_3047,A/HongKong/1382/2025_H3N2,plate21-A/HongKong/1382/2025_H3N2,1.362e+04,1.516,1
seqneut25to26_sera_3047,A/Indonesia/BIOKES-I-BT074/2025_H3N2,plate21-A/Indonesia/BIOKES-I-BT074/2025_H3N2,40,0,0
seqneut25to26_sera_3047,A/Indonesia/BIOKES-I-BT074/2025_H3N2,plate21-A/Indonesia/BIOKES-I-BT074/2025_H3N2,92,0.007593,0.007593
seqneut25to26_sera_3047,A/Indonesia/BIOKES-I-BT074/2025_H3N2,plate21-A/Indonesia/BIOKES-I-BT074/2025_H3N2,212,0.08603,0.08603
seqneut25to26_sera_3047,A/Indonesia/BIOKES-I-BT074/2025_H3N2,plate21-A/Indonesia/BIOKES-I-BT074/2025_H3N2,487,0.4907,0.4907
seqneut25to26_sera_3047,A/Indonesia/BIOKES-I-BT074/2025_H3N2,plate21-A/Indonesia/BIOKES-I-BT074/2025_H3N2,1119,0.9905,0.9905
seqneut25to26_sera_3047,A/Indonesia/BIOKES-I-BT074/2025_H3N2,plate21-A/Indonesia/BIOKES-I-BT074/2025_H3N2,2575,1.375,1
seqneut25to26_sera_3047,A/Indonesia/BIOKES-I-BT074/2025_H3N2,plate21-A/Indonesia/BIOKES-I-BT074/2025_H3N2,5921,1.188,1
seqneut25to26_sera_3047,A/Indonesia/BIOKES-I-BT074/2025_H3N2,plate21-A/Indonesia/BIOKES-I-BT074/2025_H3N2,1.362e+04,1.481,1
seqneut25to26_sera_3047,A/Indonesia/BIOKES-INAD491/2025_H3N2,plate21-A/Indonesia/BIOKES-INAD491/2025_H3N2,40,0,0
seqneut25to26_sera_3047,A/Indonesia/BIOKES-INAD491/2025_H3N2,plate21-A/Indonesia/BIOKES-INAD491/2025_H3N2,92,0,0
seqneut25to26_sera_3047,A/Indonesia/BIOKES-INAD491/2025_H3N2,plate21-A/Indonesia/BIOKES-INAD491/2025_H3N2,212,0.01133,0.01133
seqneut25to26_sera_3047,A/Indonesia/BIOKES-INAD491/2025_H3N2,plate21-A/Indonesia/BIOKES-INAD491/2025_H3N2,487,0.1177,0.1177
seqneut25to26_sera_3047,A/Indonesia/BIOKES-INAD491/2025_H3N2,plate21-A/Indonesia/BIOKES-INAD491/2025_H3N2,1119,0.6426,0.6426
seqneut25to26_sera_3047,A/Indonesia/BIOKES-INAD491/2025_H3N2,plate21-A/Indonesia/BIOKES-INAD491/2025_H3N2,2575,1.161,1
seqneut25to26_sera_3047,A/Indonesia/BIOKES-INAD491/2025_H3N2,plate21-A/Indonesia/BIOKES-INAD491/2025_H3N2,5921,1.048,1
seqneut25to26_sera_3047,A/Indonesia/BIOKES-INAD491/2025_H3N2,plate21-A/Indonesia/BIOKES-INAD491/2025_H3N2,1.362e+04,1.683,1
seqneut25to26_sera_3047,A/Lao/820-2750/2025_H3N2,plate21-A/Lao/820-2750/2025_H3N2,40,0.02081,0.02081
seqneut25to26_sera_3047,A/Lao/820-2750/2025_H3N2,plate21-A/Lao/820-2750/2025_H3N2,92,0.1627,0.1627
seqneut25to26_sera_3047,A/Lao/820-2750/2025_H3N2,plate21-A/Lao/820-2750/2025_H3N2,212,0.5139,0.5139
seqneut25to26_sera_3047,A/Lao/820-2750/2025_H3N2,plate21-A/Lao/820-2750/2025_H3N2,487,0.7288,0.7288
seqneut25to26_sera_3047,A/Lao/820-2750/2025_H3N2,plate21-A/Lao/820-2750/2025_H3N2,1119,1.055,1
seqneut25to26_sera_3047,A/Lao/820-2750/2025_H3N2,plate21-A/Lao/820-2750/2025_H3N2,2575,0.9117,0.9117
seqneut25to26_sera_3047,A/Lao/820-2750/2025_H3N2,plate21-A/Lao/820-2750/2025_H3N2,5921,1.263,1
seqneut25to26_sera_3047,A/Lao/820-2750/2025_H3N2,plate21-A/Lao/820-2750/2025_H3N2,1.362e+04,1.307,1
seqneut25to26_sera_3047,A/Malaysia/IMR/SARI/2028/2025_H3N2,plate21-A/Malaysia/IMR/SARI/2028/2025_H3N2,40,0,0
seqneut25to26_sera_3047,A/Malaysia/IMR/SARI/2028/2025_H3N2,plate21-A/Malaysia/IMR/SARI/2028/2025_H3N2,92,0.0008565,0.0008565
seqneut25to26_sera_3047,A/Malaysia/IMR/SARI/2028/2025_H3N2,plate21-A/Malaysia/IMR/SARI/2028/2025_H3N2,212,0.02192,0.02192
seqneut25to26_sera_3047,A/Malaysia/IMR/SARI/2028/2025_H3N2,plate21-A/Malaysia/IMR/SARI/2028/2025_H3N2,487,0.1851,0.1851
seqneut25to26_sera_3047,A/Malaysia/IMR/SARI/2028/2025_H3N2,plate21-A/Malaysia/IMR/SARI/2028/2025_H3N2,1119,0.5649,0.5649
seqneut25to26_sera_3047,A/Malaysia/IMR/SARI/2028/2025_H3N2,plate21-A/Malaysia/IMR/SARI/2028/2025_H3N2,2575,0.68,0.68
seqneut25to26_sera_3047,A/Malaysia/IMR/SARI/2028/2025_H3N2,plate21-A/Malaysia/IMR/SARI/2028/2025_H3N2,5921,0.8515,0.8515
seqneut25to26_sera_3047,A/Malaysia/IMR/SARI/2028/2025_H3N2,plate21-A/Malaysia/IMR/SARI/2028/2025_H3N2,1.362e+04,1.116,1
seqneut25to26_sera_3047,A/Malaysia/IMR/SARI/2406/2025_H3N2,plate21-A/Malaysia/IMR/SARI/2406/2025_H3N2,40,0.09509,0.09509
seqneut25to26_sera_3047,A/Malaysia/IMR/SARI/2406/2025_H3N2,plate21-A/Malaysia/IMR/SARI/2406/2025_H3N2,92,0.3763,0.3763
seqneut25to26_sera_3047,A/Malaysia/IMR/SARI/2406/2025_H3N2,plate21-A/Malaysia/IMR/SARI/2406/2025_H3N2,212,0.5087,0.5087
seqneut25to26_sera_3047,A/Malaysia/IMR/SARI/2406/2025_H3N2,plate21-A/Malaysia/IMR/SARI/2406/2025_H3N2,487,0.7324,0.7324
seqneut25to26_sera_3047,A/Malaysia/IMR/SARI/2406/2025_H3N2,plate21-A/Malaysia/IMR/SARI/2406/2025_H3N2,1119,1.105,1
seqneut25to26_sera_3047,A/Malaysia/IMR/SARI/2406/2025_H3N2,plate21-A/Malaysia/IMR/SARI/2406/2025_H3N2,2575,1.156,1
seqneut25to26_sera_3047,A/Malaysia/IMR/SARI/2406/2025_H3N2,plate21-A/Malaysia/IMR/SARI/2406/2025_H3N2,5921,1.042,1
seqneut25to26_sera_3047,A/Malaysia/IMR/SARI/2406/2025_H3N2,plate21-A/Malaysia/IMR/SARI/2406/2025_H3N2,1.362e+04,1.361,1
seqneut25to26_sera_3047,A/Malaysia/IMR/SARI/2517/2025_H3N2,plate21-A/Malaysia/IMR/SARI/2517/2025_H3N2,40,0.1022,0.1022
seqneut25to26_sera_3047,A/Malaysia/IMR/SARI/2517/2025_H3N2,plate21-A/Malaysia/IMR/SARI/2517/2025_H3N2,92,0.4738,0.4738
seqneut25to26_sera_3047,A/Malaysia/IMR/SARI/2517/2025_H3N2,plate21-A/Malaysia/IMR/SARI/2517/2025_H3N2,212,0.9747,0.9747
seqneut25to26_sera_3047,A/Malaysia/IMR/SARI/2517/2025_H3N2,plate21-A/Malaysia/IMR/SARI/2517/2025_H3N2,487,0.9289,0.9289
seqneut25to26_sera_3047,A/Malaysia/IMR/SARI/2517/2025_H3N2,plate21-A/Malaysia/IMR/SARI/2517/2025_H3N2,1119,1.162,1
seqneut25to26_sera_3047,A/Malaysia/IMR/SARI/2517/2025_H3N2,plate21-A/Malaysia/IMR/SARI/2517/2025_H3N2,2575,1.322,1
seqneut25to26_sera_3047,A/Malaysia/IMR/SARI/2517/2025_H3N2,plate21-A/Malaysia/IMR/SARI/2517/2025_H3N2,5921,1.609,1
seqneut25to26_sera_3047,A/Malaysia/IMR/SARI/2517/2025_H3N2,plate21-A/Malaysia/IMR/SARI/2517/2025_H3N2,1.362e+04,1.444,1
seqneut25to26_sera_3047,A/Massachusetts/18/2022_H3N2,plate21-A/Massachusetts/18/2022_H3N2,40,0.0005627,0.0005627
seqneut25to26_sera_3047,A/Massachusetts/18/2022_H3N2,plate21-A/Massachusetts/18/2022_H3N2,92,0.03295,0.03295
seqneut25to26_sera_3047,A/Massachusetts/18/2022_H3N2,plate21-A/Massachusetts/18/2022_H3N2,212,0.218,0.218
seqneut25to26_sera_3047,A/Massachusetts/18/2022_H3N2,plate21-A/Massachusetts/18/2022_H3N2,487,0.5107,0.5107
seqneut25to26_sera_3047,A/Massachusetts/18/2022_H3N2,plate21-A/Massachusetts/18/2022_H3N2,1119,1.209,1
seqneut25to26_sera_3047,A/Massachusetts/18/2022_H3N2,plate21-A/Massachusetts/18/2022_H3N2,2575,1.095,1
seqneut25to26_sera_3047,A/Massachusetts/18/2022_H3N2,plate21-A/Massachusetts/18/2022_H3N2,5921,1.161,1
seqneut25to26_sera_3047,A/Massachusetts/18/2022_H3N2,plate21-A/Massachusetts/18/2022_H3N2,1.362e+04,1.603,1
seqneut25to26_sera_3047,A/Michigan/110/2025_H3N2,plate21-A/Michigan/110/2025_H3N2,40,0.0003937,0.0003937
seqneut25to26_sera_3047,A/Michigan/110/2025_H3N2,plate21-A/Michigan/110/2025_H3N2,92,0.04349,0.04349
seqneut25to26_sera_3047,A/Michigan/110/2025_H3N2,plate21-A/Michigan/110/2025_H3N2,212,0.2827,0.2827
seqneut25to26_sera_3047,A/Michigan/110/2025_H3N2,plate21-A/Michigan/110/2025_H3N2,487,0.4899,0.4899
seqneut25to26_sera_3047,A/Michigan/110/2025_H3N2,plate21-A/Michigan/110/2025_H3N2,1119,1.158,1
seqneut25to26_sera_3047,A/Michigan/110/2025_H3N2,plate21-A/Michigan/110/2025_H3N2,2575,1.025,1
seqneut25to26_sera_3047,A/Michigan/110/2025_H3N2,plate21-A/Michigan/110/2025_H3N2,5921,1.035,1
seqneut25to26_sera_3047,A/Michigan/110/2025_H3N2,plate21-A/Michigan/110/2025_H3N2,1.362e+04,1.617,1
seqneut25to26_sera_3047,A/Minnesota/96/2025_H3N2,plate21-A/Minnesota/96/2025_H3N2,40,0.0004637,0.0004637
seqneut25to26_sera_3047,A/Minnesota/96/2025_H3N2,plate21-A/Minnesota/96/2025_H3N2,92,0.0433,0.0433
seqneut25to26_sera_3047,A/Minnesota/96/2025_H3N2,plate21-A/Minnesota/96/2025_H3N2,212,0.3134,0.3134
seqneut25to26_sera_3047,A/Minnesota/96/2025_H3N2,plate21-A/Minnesota/96/2025_H3N2,487,0.3752,0.3752
seqneut25to26_sera_3047,A/Minnesota/96/2025_H3N2,plate21-A/Minnesota/96/2025_H3N2,1119,0.7982,0.7982
seqneut25to26_sera_3047,A/Minnesota/96/2025_H3N2,plate21-A/Minnesota/96/2025_H3N2,2575,1.047,1
seqneut25to26_sera_3047,A/Minnesota/96/2025_H3N2,plate21-A/Minnesota/96/2025_H3N2,5921,1.245,1
seqneut25to26_sera_3047,A/Minnesota/96/2025_H3N2,plate21-A/Minnesota/96/2025_H3N2,1.362e+04,1.403,1
seqneut25to26_sera_3047,A/Missouri/11/2025_H1N1,plate21-A/Missouri/11/2025_H1N1,40,0.06698,0.06698
seqneut25to26_sera_3047,A/Missouri/11/2025_H1N1,plate21-A/Missouri/11/2025_H1N1,92,0.3099,0.3099
seqneut25to26_sera_3047,A/Missouri/11/2025_H1N1,plate21-A/Missouri/11/2025_H1N1,212,0.4391,0.4391
seqneut25to26_sera_3047,A/Missouri/11/2025_H1N1,plate21-A/Missouri/11/2025_H1N1,487,0.8402,0.8402
seqneut25to26_sera_3047,A/Missouri/11/2025_H1N1,plate21-A/Missouri/11/2025_H1N1,1119,1.837,1
seqneut25to26_sera_3047,A/Missouri/11/2025_H1N1,plate21-A/Missouri/11/2025_H1N1,2575,1.565,1
seqneut25to26_sera_3047,A/Missouri/11/2025_H1N1,plate21-A/Missouri/11/2025_H1N1,5921,1.298,1
seqneut25to26_sera_3047,A/Missouri/11/2025_H1N1,plate21-A/Missouri/11/2025_H1N1,1.362e+04,1.187,1
seqneut25to26_sera_3047,A/NewSouthWales/2526015582/2025_H3N2,plate21-A/NewSouthWales/2526015582/2025_H3N2,40,0.1461,0.1461
seqneut25to26_sera_3047,A/NewSouthWales/2526015582/2025_H3N2,plate21-A/NewSouthWales/2526015582/2025_H3N2,92,0.5121,0.5121
seqneut25to26_sera_3047,A/NewSouthWales/2526015582/2025_H3N2,plate21-A/NewSouthWales/2526015582/2025_H3N2,212,0.724,0.724
seqneut25to26_sera_3047,A/NewSouthWales/2526015582/2025_H3N2,plate21-A/NewSouthWales/2526015582/2025_H3N2,487,0.8593,0.8593
seqneut25to26_sera_3047,A/NewSouthWales/2526015582/2025_H3N2,plate21-A/NewSouthWales/2526015582/2025_H3N2,1119,1.199,1
seqneut25to26_sera_3047,A/NewSouthWales/2526015582/2025_H3N2,plate21-A/NewSouthWales/2526015582/2025_H3N2,2575,1.049,1
seqneut25to26_sera_3047,A/NewSouthWales/2526015582/2025_H3N2,plate21-A/NewSouthWales/2526015582/2025_H3N2,5921,1.16,1
seqneut25to26_sera_3047,A/NewSouthWales/2526015582/2025_H3N2,plate21-A/NewSouthWales/2526015582/2025_H3N2,1.362e+04,1.449,1
seqneut25to26_sera_3047,A/NewSouthWales/2526015584/2025_H3N2,plate21-A/NewSouthWales/2526015584/2025_H3N2,40,0.02661,0.02661
seqneut25to26_sera_3047,A/NewSouthWales/2526015584/2025_H3N2,plate21-A/NewSouthWales/2526015584/2025_H3N2,92,0.304,0.304
seqneut25to26_sera_3047,A/NewSouthWales/2526015584/2025_H3N2,plate21-A/NewSouthWales/2526015584/2025_H3N2,212,0.5493,0.5493
seqneut25to26_sera_3047,A/NewSouthWales/2526015584/2025_H3N2,plate21-A/NewSouthWales/2526015584/2025_H3N2,487,0.7739,0.7739
seqneut25to26_sera_3047,A/NewSouthWales/2526015584/2025_H3N2,plate21-A/NewSouthWales/2526015584/2025_H3N2,1119,0.9916,0.9916
seqneut25to26_sera_3047,A/NewSouthWales/2526015584/2025_H3N2,plate21-A/NewSouthWales/2526015584/2025_H3N2,2575,0.9522,0.9522
seqneut25to26_sera_3047,A/NewSouthWales/2526015584/2025_H3N2,plate21-A/NewSouthWales/2526015584/2025_H3N2,5921,1.303,1
seqneut25to26_sera_3047,A/NewSouthWales/2526015584/2025_H3N2,plate21-A/NewSouthWales/2526015584/2025_H3N2,1.362e+04,1.588,1
seqneut25to26_sera_3047,A/Norway/8765/2025_H3N2,plate21-A/Norway/8765/2025_H3N2,40,0.116,0.116
seqneut25to26_sera_3047,A/Norway/8765/2025_H3N2,plate21-A/Norway/8765/2025_H3N2,92,0.4989,0.4989
seqneut25to26_sera_3047,A/Norway/8765/2025_H3N2,plate21-A/Norway/8765/2025_H3N2,212,0.7035,0.7035
seqneut25to26_sera_3047,A/Norway/8765/2025_H3N2,plate21-A/Norway/8765/2025_H3N2,487,0.9207,0.9207
seqneut25to26_sera_3047,A/Norway/8765/2025_H3N2,plate21-A/Norway/8765/2025_H3N2,1119,1.154,1
seqneut25to26_sera_3047,A/Norway/8765/2025_H3N2,plate21-A/Norway/8765/2025_H3N2,2575,0.9571,0.9571
seqneut25to26_sera_3047,A/Norway/8765/2025_H3N2,plate21-A/Norway/8765/2025_H3N2,5921,1.023,1
seqneut25to26_sera_3047,A/Norway/8765/2025_H3N2,plate21-A/Norway/8765/2025_H3N2,1.362e+04,1.277,1
seqneut25to26_sera_3047,A/Norway/8976/2025_H3N2,plate21-A/Norway/8976/2025_H3N2,40,0.1697,0.1697
seqneut25to26_sera_3047,A/Norway/8976/2025_H3N2,plate21-A/Norway/8976/2025_H3N2,92,0.5549,0.5549
seqneut25to26_sera_3047,A/Norway/8976/2025_H3N2,plate21-A/Norway/8976/2025_H3N2,212,0.5857,0.5857
seqneut25to26_sera_3047,A/Norway/8976/2025_H3N2,plate21-A/Norway/8976/2025_H3N2,487,1.117,1
seqneut25to26_sera_3047,A/Norway/8976/2025_H3N2,plate21-A/Norway/8976/2025_H3N2,1119,0.976,0.976
seqneut25to26_sera_3047,A/Norway/8976/2025_H3N2,plate21-A/Norway/8976/2025_H3N2,2575,0.991,0.991
seqneut25to26_sera_3047,A/Norway/8976/2025_H3N2,plate21-A/Norway/8976/2025_H3N2,5921,1.309,1
seqneut25to26_sera_3047,A/Norway/8976/2025_H3N2,plate21-A/Norway/8976/2025_H3N2,1.362e+04,1.271,1
seqneut25to26_sera_3047,A/Norway/9107/2025_H1N1,plate21-A/Norway/9107/2025_H1N1,40,0.05819,0.05819
seqneut25to26_sera_3047,A/Norway/9107/2025_H1N1,plate21-A/Norway/9107/2025_H1N1,92,0.4563,0.4563
seqneut25to26_sera_3047,A/Norway/9107/2025_H1N1,plate21-A/Norway/9107/2025_H1N1,212,0.8005,0.8005
seqneut25to26_sera_3047,A/Norway/9107/2025_H1N1,plate21-A/Norway/9107/2025_H1N1,487,0.9926,0.9926
seqneut25to26_sera_3047,A/Norway/9107/2025_H1N1,plate21-A/Norway/9107/2025_H1N1,1119,1.146,1
seqneut25to26_sera_3047,A/Norway/9107/2025_H1N1,plate21-A/Norway/9107/2025_H1N1,2575,1.129,1
seqneut25to26_sera_3047,A/Norway/9107/2025_H1N1,plate21-A/Norway/9107/2025_H1N1,5921,1.352,1
seqneut25to26_sera_3047,A/Norway/9107/2025_H1N1,plate21-A/Norway/9107/2025_H1N1,1.362e+04,1.291,1
seqneut25to26_sera_3047,A/Norway/9556/2025_H1N1,plate21-A/Norway/9556/2025_H1N1,40,0.08839,0.08839
seqneut25to26_sera_3047,A/Norway/9556/2025_H1N1,plate21-A/Norway/9556/2025_H1N1,92,0.5872,0.5872
seqneut25to26_sera_3047,A/Norway/9556/2025_H1N1,plate21-A/Norway/9556/2025_H1N1,212,0.6622,0.6622
seqneut25to26_sera_3047,A/Norway/9556/2025_H1N1,plate21-A/Norway/9556/2025_H1N1,487,1.044,1
seqneut25to26_sera_3047,A/Norway/9556/2025_H1N1,plate21-A/Norway/9556/2025_H1N1,1119,1.156,1
seqneut25to26_sera_3047,A/Norway/9556/2025_H1N1,plate21-A/Norway/9556/2025_H1N1,2575,1.217,1
seqneut25to26_sera_3047,A/Norway/9556/2025_H1N1,plate21-A/Norway/9556/2025_H1N1,5921,1.586,1
seqneut25to26_sera_3047,A/Norway/9556/2025_H1N1,plate21-A/Norway/9556/2025_H1N1,1.362e+04,1.599,1
seqneut25to26_sera_3047,A/Peru/GIHSN-04-1089/2025_H3N2,plate21-A/Peru/GIHSN-04-1089/2025_H3N2,40,1.559e-05,1.559e-05
seqneut25to26_sera_3047,A/Peru/GIHSN-04-1089/2025_H3N2,plate21-A/Peru/GIHSN-04-1089/2025_H3N2,92,0.002305,0.002305
seqneut25to26_sera_3047,A/Peru/GIHSN-04-1089/2025_H3N2,plate21-A/Peru/GIHSN-04-1089/2025_H3N2,212,0.1271,0.1271
seqneut25to26_sera_3047,A/Peru/GIHSN-04-1089/2025_H3N2,plate21-A/Peru/GIHSN-04-1089/2025_H3N2,487,0.2739,0.2739
seqneut25to26_sera_3047,A/Peru/GIHSN-04-1089/2025_H3N2,plate21-A/Peru/GIHSN-04-1089/2025_H3N2,1119,0.8412,0.8412
seqneut25to26_sera_3047,A/Peru/GIHSN-04-1089/2025_H3N2,plate21-A/Peru/GIHSN-04-1089/2025_H3N2,2575,1.046,1
seqneut25to26_sera_3047,A/Peru/GIHSN-04-1089/2025_H3N2,plate21-A/Peru/GIHSN-04-1089/2025_H3N2,5921,1.226,1
seqneut25to26_sera_3047,A/Peru/GIHSN-04-1089/2025_H3N2,plate21-A/Peru/GIHSN-04-1089/2025_H3N2,1.362e+04,1.352,1
seqneut25to26_sera_3047,A/Philippines/SARI25-1425/2025_H1N1,plate21-A/Philippines/SARI25-1425/2025_H1N1,40,0.03724,0.03724
seqneut25to26_sera_3047,A/Philippines/SARI25-1425/2025_H1N1,plate21-A/Philippines/SARI25-1425/2025_H1N1,92,0.1926,0.1926
seqneut25to26_sera_3047,A/Philippines/SARI25-1425/2025_H1N1,plate21-A/Philippines/SARI25-1425/2025_H1N1,212,0.4591,0.4591
seqneut25to26_sera_3047,A/Philippines/SARI25-1425/2025_H1N1,plate21-A/Philippines/SARI25-1425/2025_H1N1,487,0.7413,0.7413
seqneut25to26_sera_3047,A/Philippines/SARI25-1425/2025_H1N1,plate21-A/Philippines/SARI25-1425/2025_H1N1,1119,0.9115,0.9115
seqneut25to26_sera_3047,A/Philippines/SARI25-1425/2025_H1N1,plate21-A/Philippines/SARI25-1425/2025_H1N1,2575,0.9909,0.9909
seqneut25to26_sera_3047,A/Philippines/SARI25-1425/2025_H1N1,plate21-A/Philippines/SARI25-1425/2025_H1N1,5921,1.093,1
seqneut25to26_sera_3047,A/Philippines/SARI25-1425/2025_H1N1,plate21-A/Philippines/SARI25-1425/2025_H1N1,1.362e+04,1.235,1
seqneut25to26_sera_3047,A/Queensland/2526516675/2025_H3N2,plate21-A/Queensland/2526516675/2025_H3N2,40,0.2006,0.2006
seqneut25to26_sera_3047,A/Queensland/2526516675/2025_H3N2,plate21-A/Queensland/2526516675/2025_H3N2,92,0.6682,0.6682
seqneut25to26_sera_3047,A/Queensland/2526516675/2025_H3N2,plate21-A/Queensland/2526516675/2025_H3N2,212,0.9103,0.9103
seqneut25to26_sera_3047,A/Queensland/2526516675/2025_H3N2,plate21-A/Queensland/2526516675/2025_H3N2,487,0.935,0.935
seqneut25to26_sera_3047,A/Queensland/2526516675/2025_H3N2,plate21-A/Queensland/2526516675/2025_H3N2,1119,1.228,1
seqneut25to26_sera_3047,A/Queensland/2526516675/2025_H3N2,plate21-A/Queensland/2526516675/2025_H3N2,2575,1.663,1
seqneut25to26_sera_3047,A/Queensland/2526516675/2025_H3N2,plate21-A/Queensland/2526516675/2025_H3N2,5921,1.29,1
seqneut25to26_sera_3047,A/Queensland/2526516675/2025_H3N2,plate21-A/Queensland/2526516675/2025_H3N2,1.362e+04,1.598,1
seqneut25to26_sera_3047,A/SouthAfrica/PET37604/2025_H3N2,plate21-A/SouthAfrica/PET37604/2025_H3N2,40,0,0
seqneut25to26_sera_3047,A/SouthAfrica/PET37604/2025_H3N2,plate21-A/SouthAfrica/PET37604/2025_H3N2,92,0.004527,0.004527
seqneut25to26_sera_3047,A/SouthAfrica/PET37604/2025_H3N2,plate21-A/SouthAfrica/PET37604/2025_H3N2,212,0.02755,0.02755
seqneut25to26_sera_3047,A/SouthAfrica/PET37604/2025_H3N2,plate21-A/SouthAfrica/PET37604/2025_H3N2,487,0.2603,0.2603
seqneut25to26_sera_3047,A/SouthAfrica/PET37604/2025_H3N2,plate21-A/SouthAfrica/PET37604/2025_H3N2,1119,0.5611,0.5611
seqneut25to26_sera_3047,A/SouthAfrica/PET37604/2025_H3N2,plate21-A/SouthAfrica/PET37604/2025_H3N2,2575,0.6049,0.6049
seqneut25to26_sera_3047,A/SouthAfrica/PET37604/2025_H3N2,plate21-A/SouthAfrica/PET37604/2025_H3N2,5921,1.554,1
seqneut25to26_sera_3047,A/SouthAfrica/PET37604/2025_H3N2,plate21-A/SouthAfrica/PET37604/2025_H3N2,1.362e+04,1.264,1
seqneut25to26_sera_3047,A/SouthAfrica/PET37625/2025_H3N2,plate21-A/SouthAfrica/PET37625/2025_H3N2,40,0,0
seqneut25to26_sera_3047,A/SouthAfrica/PET37625/2025_H3N2,plate21-A/SouthAfrica/PET37625/2025_H3N2,92,5.15e-05,5.15e-05
seqneut25to26_sera_3047,A/SouthAfrica/PET37625/2025_H3N2,plate21-A/SouthAfrica/PET37625/2025_H3N2,212,0.0202,0.0202
seqneut25to26_sera_3047,A/SouthAfrica/PET37625/2025_H3N2,plate21-A/SouthAfrica/PET37625/2025_H3N2,487,0.06745,0.06745
seqneut25to26_sera_3047,A/SouthAfrica/PET37625/2025_H3N2,plate21-A/SouthAfrica/PET37625/2025_H3N2,1119,0.6193,0.6193
seqneut25to26_sera_3047,A/SouthAfrica/PET37625/2025_H3N2,plate21-A/SouthAfrica/PET37625/2025_H3N2,2575,0.9339,0.9339
seqneut25to26_sera_3047,A/SouthAfrica/PET37625/2025_H3N2,plate21-A/SouthAfrica/PET37625/2025_H3N2,5921,1.223,1
seqneut25to26_sera_3047,A/SouthAfrica/PET37625/2025_H3N2,plate21-A/SouthAfrica/PET37625/2025_H3N2,1.362e+04,1.106,1
seqneut25to26_sera_3047,A/SouthAustralia/2519001037/2025_H1N1,plate21-A/SouthAustralia/2519001037/2025_H1N1,40,0.02227,0.02227
seqneut25to26_sera_3047,A/SouthAustralia/2519001037/2025_H1N1,plate21-A/SouthAustralia/2519001037/2025_H1N1,92,0.3524,0.3524
seqneut25to26_sera_3047,A/SouthAustralia/2519001037/2025_H1N1,plate21-A/SouthAustralia/2519001037/2025_H1N1,212,0.7402,0.7402
seqneut25to26_sera_3047,A/SouthAustralia/2519001037/2025_H1N1,plate21-A/SouthAustralia/2519001037/2025_H1N1,487,0.781,0.781
seqneut25to26_sera_3047,A/SouthAustralia/2519001037/2025_H1N1,plate21-A/SouthAustralia/2519001037/2025_H1N1,1119,1.107,1
seqneut25to26_sera_3047,A/SouthAustralia/2519001037/2025_H1N1,plate21-A/SouthAustralia/2519001037/2025_H1N1,2575,1.144,1
seqneut25to26_sera_3047,A/SouthAustralia/2519001037/2025_H1N1,plate21-A/SouthAustralia/2519001037/2025_H1N1,5921,1.255,1
seqneut25to26_sera_3047,A/SouthAustralia/2519001037/2025_H1N1,plate21-A/SouthAustralia/2519001037/2025_H1N1,1.362e+04,1.439,1
seqneut25to26_sera_3047,A/SouthAustralia/2520702747/2025_H1N1,plate21-A/SouthAustralia/2520702747/2025_H1N1,40,0.0368,0.0368
seqneut25to26_sera_3047,A/SouthAustralia/2520702747/2025_H1N1,plate21-A/SouthAustralia/2520702747/2025_H1N1,92,0.3823,0.3823
seqneut25to26_sera_3047,A/SouthAustralia/2520702747/2025_H1N1,plate21-A/SouthAustralia/2520702747/2025_H1N1,212,0.5421,0.5421
seqneut25to26_sera_3047,A/SouthAustralia/2520702747/2025_H1N1,plate21-A/SouthAustralia/2520702747/2025_H1N1,487,0.8155,0.8155
seqneut25to26_sera_3047,A/SouthAustralia/2520702747/2025_H1N1,plate21-A/SouthAustralia/2520702747/2025_H1N1,1119,0.9116,0.9116
seqneut25to26_sera_3047,A/SouthAustralia/2520702747/2025_H1N1,plate21-A/SouthAustralia/2520702747/2025_H1N1,2575,1.065,1
seqneut25to26_sera_3047,A/SouthAustralia/2520702747/2025_H1N1,plate21-A/SouthAustralia/2520702747/2025_H1N1,5921,0.9971,0.9971
seqneut25to26_sera_3047,A/SouthAustralia/2520702747/2025_H1N1,plate21-A/SouthAustralia/2520702747/2025_H1N1,1.362e+04,1.207,1
seqneut25to26_sera_3047,A/SouthAustralia/2523012764/2025_H1N1,plate21-A/SouthAustralia/2523012764/2025_H1N1,40,0.03327,0.03327
seqneut25to26_sera_3047,A/SouthAustralia/2523012764/2025_H1N1,plate21-A/SouthAustralia/2523012764/2025_H1N1,92,0.493,0.493
seqneut25to26_sera_3047,A/SouthAustralia/2523012764/2025_H1N1,plate21-A/SouthAustralia/2523012764/2025_H1N1,212,0.4299,0.4299
seqneut25to26_sera_3047,A/SouthAustralia/2523012764/2025_H1N1,plate21-A/SouthAustralia/2523012764/2025_H1N1,487,1.095,1
seqneut25to26_sera_3047,A/SouthAustralia/2523012764/2025_H1N1,plate21-A/SouthAustralia/2523012764/2025_H1N1,1119,0.7995,0.7995
seqneut25to26_sera_3047,A/SouthAustralia/2523012764/2025_H1N1,plate21-A/SouthAustralia/2523012764/2025_H1N1,2575,1.224,1
seqneut25to26_sera_3047,A/SouthAustralia/2523012764/2025_H1N1,plate21-A/SouthAustralia/2523012764/2025_H1N1,5921,0.952,0.952
seqneut25to26_sera_3047,A/SouthAustralia/2523012764/2025_H1N1,plate21-A/SouthAustralia/2523012764/2025_H1N1,1.362e+04,1.098,1
seqneut25to26_sera_3047,A/SouthAustralia/2523812314/2025_H3N2,plate21-A/SouthAustralia/2523812314/2025_H3N2,40,0.1494,0.1494
seqneut25to26_sera_3047,A/SouthAustralia/2523812314/2025_H3N2,plate21-A/SouthAustralia/2523812314/2025_H3N2,92,0.3582,0.3582
seqneut25to26_sera_3047,A/SouthAustralia/2523812314/2025_H3N2,plate21-A/SouthAustralia/2523812314/2025_H3N2,212,0.5324,0.5324
seqneut25to26_sera_3047,A/SouthAustralia/2523812314/2025_H3N2,plate21-A/SouthAustralia/2523812314/2025_H3N2,487,0.6398,0.6398
seqneut25to26_sera_3047,A/SouthAustralia/2523812314/2025_H3N2,plate21-A/SouthAustralia/2523812314/2025_H3N2,1119,1.141,1
seqneut25to26_sera_3047,A/SouthAustralia/2523812314/2025_H3N2,plate21-A/SouthAustralia/2523812314/2025_H3N2,2575,0.9877,0.9877
seqneut25to26_sera_3047,A/SouthAustralia/2523812314/2025_H3N2,plate21-A/SouthAustralia/2523812314/2025_H3N2,5921,1.176,1
seqneut25to26_sera_3047,A/SouthAustralia/2523812314/2025_H3N2,plate21-A/SouthAustralia/2523812314/2025_H3N2,1.362e+04,1.398,1
seqneut25to26_sera_3047,A/SouthAustralia/2524408801/2025_H3N2,plate21-A/SouthAustralia/2524408801/2025_H3N2,40,0.113,0.113
seqneut25to26_sera_3047,A/SouthAustralia/2524408801/2025_H3N2,plate21-A/SouthAustralia/2524408801/2025_H3N2,92,0.7905,0.7905
seqneut25to26_sera_3047,A/SouthAustralia/2524408801/2025_H3N2,plate21-A/SouthAustralia/2524408801/2025_H3N2,212,0.7511,0.7511
seqneut25to26_sera_3047,A/SouthAustralia/2524408801/2025_H3N2,plate21-A/SouthAustralia/2524408801/2025_H3N2,487,1.032,1
seqneut25to26_sera_3047,A/SouthAustralia/2524408801/2025_H3N2,plate21-A/SouthAustralia/2524408801/2025_H3N2,1119,1.414,1
seqneut25to26_sera_3047,A/SouthAustralia/2524408801/2025_H3N2,plate21-A/SouthAustralia/2524408801/2025_H3N2,2575,1.402,1
seqneut25to26_sera_3047,A/SouthAustralia/2524408801/2025_H3N2,plate21-A/SouthAustralia/2524408801/2025_H3N2,5921,1.45,1
seqneut25to26_sera_3047,A/SouthAustralia/2524408801/2025_H3N2,plate21-A/SouthAustralia/2524408801/2025_H3N2,1.362e+04,1.443,1
seqneut25to26_sera_3047,A/SouthAustralia/2524712956/2025_H1N1,plate21-A/SouthAustralia/2524712956/2025_H1N1,40,0.05698,0.05698
seqneut25to26_sera_3047,A/SouthAustralia/2524712956/2025_H1N1,plate21-A/SouthAustralia/2524712956/2025_H1N1,92,0.5457,0.5457
seqneut25to26_sera_3047,A/SouthAustralia/2524712956/2025_H1N1,plate21-A/SouthAustralia/2524712956/2025_H1N1,212,0.6459,0.6459
seqneut25to26_sera_3047,A/SouthAustralia/2524712956/2025_H1N1,plate21-A/SouthAustralia/2524712956/2025_H1N1,487,1.074,1
seqneut25to26_sera_3047,A/SouthAustralia/2524712956/2025_H1N1,plate21-A/SouthAustralia/2524712956/2025_H1N1,1119,1.088,1
seqneut25to26_sera_3047,A/SouthAustralia/2524712956/2025_H1N1,plate21-A/SouthAustralia/2524712956/2025_H1N1,2575,1.019,1
seqneut25to26_sera_3047,A/SouthAustralia/2524712956/2025_H1N1,plate21-A/SouthAustralia/2524712956/2025_H1N1,5921,1.178,1
seqneut25to26_sera_3047,A/SouthAustralia/2524712956/2025_H1N1,plate21-A/SouthAustralia/2524712956/2025_H1N1,1.362e+04,1.18,1
seqneut25to26_sera_3047,A/SouthAustralia/2525607496/2025_H3N2,plate21-A/SouthAustralia/2525607496/2025_H3N2,40,0,0
seqneut25to26_sera_3047,A/SouthAustralia/2525607496/2025_H3N2,plate21-A/SouthAustralia/2525607496/2025_H3N2,92,0.1163,0.1163
seqneut25to26_sera_3047,A/SouthAustralia/2525607496/2025_H3N2,plate21-A/SouthAustralia/2525607496/2025_H3N2,212,0.3586,0.3586
seqneut25to26_sera_3047,A/SouthAustralia/2525607496/2025_H3N2,plate21-A/SouthAustralia/2525607496/2025_H3N2,487,0.6569,0.6569
seqneut25to26_sera_3047,A/SouthAustralia/2525607496/2025_H3N2,plate21-A/SouthAustralia/2525607496/2025_H3N2,1119,0.9662,0.9662
seqneut25to26_sera_3047,A/SouthAustralia/2525607496/2025_H3N2,plate21-A/SouthAustralia/2525607496/2025_H3N2,2575,1.16,1
seqneut25to26_sera_3047,A/SouthAustralia/2525607496/2025_H3N2,plate21-A/SouthAustralia/2525607496/2025_H3N2,5921,1.224,1
seqneut25to26_sera_3047,A/SouthAustralia/2525607496/2025_H3N2,plate21-A/SouthAustralia/2525607496/2025_H3N2,1.362e+04,1.288,1
seqneut25to26_sera_3047,A/SouthAustralia/2527003588/2025_H3N2,plate21-A/SouthAustralia/2527003588/2025_H3N2,40,0.2454,0.2454
seqneut25to26_sera_3047,A/SouthAustralia/2527003588/2025_H3N2,plate21-A/SouthAustralia/2527003588/2025_H3N2,92,0.9532,0.9532
seqneut25to26_sera_3047,A/SouthAustralia/2527003588/2025_H3N2,plate21-A/SouthAustralia/2527003588/2025_H3N2,212,0.8172,0.8172
seqneut25to26_sera_3047,A/SouthAustralia/2527003588/2025_H3N2,plate21-A/SouthAustralia/2527003588/2025_H3N2,487,0.9636,0.9636
seqneut25to26_sera_3047,A/SouthAustralia/2527003588/2025_H3N2,plate21-A/SouthAustralia/2527003588/2025_H3N2,1119,1.191,1
seqneut25to26_sera_3047,A/SouthAustralia/2527003588/2025_H3N2,plate21-A/SouthAustralia/2527003588/2025_H3N2,2575,1.02,1
seqneut25to26_sera_3047,A/SouthAustralia/2527003588/2025_H3N2,plate21-A/SouthAustralia/2527003588/2025_H3N2,5921,1.358,1
seqneut25to26_sera_3047,A/SouthAustralia/2527003588/2025_H3N2,plate21-A/SouthAustralia/2527003588/2025_H3N2,1.362e+04,1.43,1
seqneut25to26_sera_3047,A/SouthAustralia/2527213276/2025_H3N2,plate21-A/SouthAustralia/2527213276/2025_H3N2,40,0.05882,0.05882
seqneut25to26_sera_3047,A/SouthAustralia/2527213276/2025_H3N2,plate21-A/SouthAustralia/2527213276/2025_H3N2,92,0.2931,0.2931
seqneut25to26_sera_3047,A/SouthAustralia/2527213276/2025_H3N2,plate21-A/SouthAustralia/2527213276/2025_H3N2,212,0.4228,0.4228
seqneut25to26_sera_3047,A/SouthAustralia/2527213276/2025_H3N2,plate21-A/SouthAustralia/2527213276/2025_H3N2,487,0.7864,0.7864
seqneut25to26_sera_3047,A/SouthAustralia/2527213276/2025_H3N2,plate21-A/SouthAustralia/2527213276/2025_H3N2,1119,0.5122,0.5122
seqneut25to26_sera_3047,A/SouthAustralia/2527213276/2025_H3N2,plate21-A/SouthAustralia/2527213276/2025_H3N2,2575,0.8814,0.8814
seqneut25to26_sera_3047,A/SouthAustralia/2527213276/2025_H3N2,plate21-A/SouthAustralia/2527213276/2025_H3N2,5921,1.023,1
seqneut25to26_sera_3047,A/SouthAustralia/2527213276/2025_H3N2,plate21-A/SouthAustralia/2527213276/2025_H3N2,1.362e+04,0.8876,0.8876
seqneut25to26_sera_3047,A/SouthAustralia/2527612456/2025_H1N1,plate21-A/SouthAustralia/2527612456/2025_H1N1,40,0.1508,0.1508
seqneut25to26_sera_3047,A/SouthAustralia/2527612456/2025_H1N1,plate21-A/SouthAustralia/2527612456/2025_H1N1,92,0.9671,0.9671
seqneut25to26_sera_3047,A/SouthAustralia/2527612456/2025_H1N1,plate21-A/SouthAustralia/2527612456/2025_H1N1,212,0.7795,0.7795
seqneut25to26_sera_3047,A/SouthAustralia/2527612456/2025_H1N1,plate21-A/SouthAustralia/2527612456/2025_H1N1,487,1.357,1
seqneut25to26_sera_3047,A/SouthAustralia/2527612456/2025_H1N1,plate21-A/SouthAustralia/2527612456/2025_H1N1,1119,1.388,1
seqneut25to26_sera_3047,A/SouthAustralia/2527612456/2025_H1N1,plate21-A/SouthAustralia/2527612456/2025_H1N1,2575,1.436,1
seqneut25to26_sera_3047,A/SouthAustralia/2527612456/2025_H1N1,plate21-A/SouthAustralia/2527612456/2025_H1N1,5921,1.465,1
seqneut25to26_sera_3047,A/SouthAustralia/2527612456/2025_H1N1,plate21-A/SouthAustralia/2527612456/2025_H1N1,1.362e+04,2.005,1
seqneut25to26_sera_3047,A/SouthAustralia/2527902708/2025_H3N2,plate21-A/SouthAustralia/2527902708/2025_H3N2,40,0.1284,0.1284
seqneut25to26_sera_3047,A/SouthAustralia/2527902708/2025_H3N2,plate21-A/SouthAustralia/2527902708/2025_H3N2,92,0.4455,0.4455
seqneut25to26_sera_3047,A/SouthAustralia/2527902708/2025_H3N2,plate21-A/SouthAustralia/2527902708/2025_H3N2,212,0.9101,0.9101
seqneut25to26_sera_3047,A/SouthAustralia/2527902708/2025_H3N2,plate21-A/SouthAustralia/2527902708/2025_H3N2,487,0.9417,0.9417
seqneut25to26_sera_3047,A/SouthAustralia/2527902708/2025_H3N2,plate21-A/SouthAustralia/2527902708/2025_H3N2,1119,1.201,1
seqneut25to26_sera_3047,A/SouthAustralia/2527902708/2025_H3N2,plate21-A/SouthAustralia/2527902708/2025_H3N2,2575,2.171,1
seqneut25to26_sera_3047,A/SouthAustralia/2527902708/2025_H3N2,plate21-A/SouthAustralia/2527902708/2025_H3N2,5921,0.7626,0.7626
seqneut25to26_sera_3047,A/SouthAustralia/2527902708/2025_H3N2,plate21-A/SouthAustralia/2527902708/2025_H3N2,1.362e+04,1.607,1
seqneut25to26_sera_3047,A/Sydney/1359/2024_H3N2,plate21-A/Sydney/1359/2024_H3N2,40,0.1537,0.1537
seqneut25to26_sera_3047,A/Sydney/1359/2024_H3N2,plate21-A/Sydney/1359/2024_H3N2,92,0.6539,0.6539
seqneut25to26_sera_3047,A/Sydney/1359/2024_H3N2,plate21-A/Sydney/1359/2024_H3N2,212,0.6428,0.6428
seqneut25to26_sera_3047,A/Sydney/1359/2024_H3N2,plate21-A/Sydney/1359/2024_H3N2,487,1.107,1
seqneut25to26_sera_3047,A/Sydney/1359/2024_H3N2,plate21-A/Sydney/1359/2024_H3N2,1119,1.329,1
seqneut25to26_sera_3047,A/Sydney/1359/2024_H3N2,plate21-A/Sydney/1359/2024_H3N2,2575,0.9397,0.9397
seqneut25to26_sera_3047,A/Sydney/1359/2024_H3N2,plate21-A/Sydney/1359/2024_H3N2,5921,1.04,1
seqneut25to26_sera_3047,A/Sydney/1359/2024_H3N2,plate21-A/Sydney/1359/2024_H3N2,1.362e+04,1.473,1
seqneut25to26_sera_3047,A/Sydney/400/2025_H1N1,plate21-A/Sydney/400/2025_H1N1,40,0.0006272,0.0006272
seqneut25to26_sera_3047,A/Sydney/400/2025_H1N1,plate21-A/Sydney/400/2025_H1N1,92,0.01951,0.01951
seqneut25to26_sera_3047,A/Sydney/400/2025_H1N1,plate21-A/Sydney/400/2025_H1N1,212,0.1637,0.1637
seqneut25to26_sera_3047,A/Sydney/400/2025_H1N1,plate21-A/Sydney/400/2025_H1N1,487,0.4446,0.4446
seqneut25to26_sera_3047,A/Sydney/400/2025_H1N1,plate21-A/Sydney/400/2025_H1N1,1119,0.643,0.643
seqneut25to26_sera_3047,A/Sydney/400/2025_H1N1,plate21-A/Sydney/400/2025_H1N1,2575,0.9014,0.9014
seqneut25to26_sera_3047,A/Sydney/400/2025_H1N1,plate21-A/Sydney/400/2025_H1N1,5921,1.147,1
seqneut25to26_sera_3047,A/Sydney/400/2025_H1N1,plate21-A/Sydney/400/2025_H1N1,1.362e+04,1.097,1
seqneut25to26_sera_3047,A/Tasmania/2521815682/2025_H3N2,plate21-A/Tasmania/2521815682/2025_H3N2,40,0.1244,0.1244
seqneut25to26_sera_3047,A/Tasmania/2521815682/2025_H3N2,plate21-A/Tasmania/2521815682/2025_H3N2,92,0.4788,0.4788
seqneut25to26_sera_3047,A/Tasmania/2521815682/2025_H3N2,plate21-A/Tasmania/2521815682/2025_H3N2,212,0.636,0.636
seqneut25to26_sera_3047,A/Tasmania/2521815682/2025_H3N2,plate21-A/Tasmania/2521815682/2025_H3N2,487,1.047,1
seqneut25to26_sera_3047,A/Tasmania/2521815682/2025_H3N2,plate21-A/Tasmania/2521815682/2025_H3N2,1119,0.9404,0.9404
seqneut25to26_sera_3047,A/Tasmania/2521815682/2025_H3N2,plate21-A/Tasmania/2521815682/2025_H3N2,2575,1.025,1
seqneut25to26_sera_3047,A/Tasmania/2521815682/2025_H3N2,plate21-A/Tasmania/2521815682/2025_H3N2,5921,1.388,1
seqneut25to26_sera_3047,A/Tasmania/2521815682/2025_H3N2,plate21-A/Tasmania/2521815682/2025_H3N2,1.362e+04,1.466,1
seqneut25to26_sera_3047,A/Thailand/8/2022_H3N2,plate21-A/Thailand/8/2022_H3N2,40,0.001562,0.001562
seqneut25to26_sera_3047,A/Thailand/8/2022_H3N2,plate21-A/Thailand/8/2022_H3N2,92,0.003577,0.003577
seqneut25to26_sera_3047,A/Thailand/8/2022_H3N2,plate21-A/Thailand/8/2022_H3N2,212,0.05831,0.05831
seqneut25to26_sera_3047,A/Thailand/8/2022_H3N2,plate21-A/Thailand/8/2022_H3N2,487,0.24,0.24
seqneut25to26_sera_3047,A/Thailand/8/2022_H3N2,plate21-A/Thailand/8/2022_H3N2,1119,0.501,0.501
seqneut25to26_sera_3047,A/Thailand/8/2022_H3N2,plate21-A/Thailand/8/2022_H3N2,2575,1.25,1
seqneut25to26_sera_3047,A/Thailand/8/2022_H3N2,plate21-A/Thailand/8/2022_H3N2,5921,0.8212,0.8212
seqneut25to26_sera_3047,A/Thailand/8/2022_H3N2,plate21-A/Thailand/8/2022_H3N2,1.362e+04,1.557,1
seqneut25to26_sera_3047,A/Vermont/73/2025_H3N2,plate21-A/Vermont/73/2025_H3N2,40,0.2645,0.2645
seqneut25to26_sera_3047,A/Vermont/73/2025_H3N2,plate21-A/Vermont/73/2025_H3N2,92,0.4134,0.4134
seqneut25to26_sera_3047,A/Vermont/73/2025_H3N2,plate21-A/Vermont/73/2025_H3N2,212,0.552,0.552
seqneut25to26_sera_3047,A/Vermont/73/2025_H3N2,plate21-A/Vermont/73/2025_H3N2,487,0.9585,0.9585
seqneut25to26_sera_3047,A/Vermont/73/2025_H3N2,plate21-A/Vermont/73/2025_H3N2,1119,1.443,1
seqneut25to26_sera_3047,A/Vermont/73/2025_H3N2,plate21-A/Vermont/73/2025_H3N2,2575,1.032,1
seqneut25to26_sera_3047,A/Vermont/73/2025_H3N2,plate21-A/Vermont/73/2025_H3N2,5921,1.119,1
seqneut25to26_sera_3047,A/Vermont/73/2025_H3N2,plate21-A/Vermont/73/2025_H3N2,1.362e+04,1.519,1
seqneut25to26_sera_3047,A/Victoria/4897/2022_IVR-238_H1N1,plate21-A/Victoria/4897/2022_IVR-238_H1N1,40,0,0
seqneut25to26_sera_3047,A/Victoria/4897/2022_IVR-238_H1N1,plate21-A/Victoria/4897/2022_IVR-238_H1N1,92,0.004848,0.004848
seqneut25to26_sera_3047,A/Victoria/4897/2022_IVR-238_H1N1,plate21-A/Victoria/4897/2022_IVR-238_H1N1,212,0.008991,0.008991
seqneut25to26_sera_3047,A/Victoria/4897/2022_IVR-238_H1N1,plate21-A/Victoria/4897/2022_IVR-238_H1N1,487,0.1282,0.1282
seqneut25to26_sera_3047,A/Victoria/4897/2022_IVR-238_H1N1,plate21-A/Victoria/4897/2022_IVR-238_H1N1,1119,0.5213,0.5213
seqneut25to26_sera_3047,A/Victoria/4897/2022_IVR-238_H1N1,plate21-A/Victoria/4897/2022_IVR-238_H1N1,2575,0.899,0.899
seqneut25to26_sera_3047,A/Victoria/4897/2022_IVR-238_H1N1,plate21-A/Victoria/4897/2022_IVR-238_H1N1,5921,1.172,1
seqneut25to26_sera_3047,A/Victoria/4897/2022_IVR-238_H1N1,plate21-A/Victoria/4897/2022_IVR-238_H1N1,1.362e+04,1.272,1
seqneut25to26_sera_3047,A/Wisconsin/588/2019_H1N1,plate21-A/Wisconsin/588/2019_H1N1,40,0.0001125,0.0001125
seqneut25to26_sera_3047,A/Wisconsin/588/2019_H1N1,plate21-A/Wisconsin/588/2019_H1N1,92,0.001318,0.001318
seqneut25to26_sera_3047,A/Wisconsin/588/2019_H1N1,plate21-A/Wisconsin/588/2019_H1N1,212,0.01377,0.01377
seqneut25to26_sera_3047,A/Wisconsin/588/2019_H1N1,plate21-A/Wisconsin/588/2019_H1N1,487,0.2929,0.2929
seqneut25to26_sera_3047,A/Wisconsin/588/2019_H1N1,plate21-A/Wisconsin/588/2019_H1N1,1119,0.9363,0.9363
seqneut25to26_sera_3047,A/Wisconsin/588/2019_H1N1,plate21-A/Wisconsin/588/2019_H1N1,2575,1.188,1
seqneut25to26_sera_3047,A/Wisconsin/588/2019_H1N1,plate21-A/Wisconsin/588/2019_H1N1,5921,1.06,1
seqneut25to26_sera_3047,A/Wisconsin/588/2019_H1N1,plate21-A/Wisconsin/588/2019_H1N1,1.362e+04,1.347,1
seqneut25to26_sera_3047,A/Wisconsin/67/2022_H1N1,plate21-A/Wisconsin/67/2022_H1N1,40,0.0388,0.0388
seqneut25to26_sera_3047,A/Wisconsin/67/2022_H1N1,plate21-A/Wisconsin/67/2022_H1N1,92,0.2256,0.2256
seqneut25to26_sera_3047,A/Wisconsin/67/2022_H1N1,plate21-A/Wisconsin/67/2022_H1N1,212,0.5391,0.5391
seqneut25to26_sera_3047,A/Wisconsin/67/2022_H1N1,plate21-A/Wisconsin/67/2022_H1N1,487,0.8741,0.8741
seqneut25to26_sera_3047,A/Wisconsin/67/2022_H1N1,plate21-A/Wisconsin/67/2022_H1N1,1119,1.047,1
seqneut25to26_sera_3047,A/Wisconsin/67/2022_H1N1,plate21-A/Wisconsin/67/2022_H1N1,2575,0.9477,0.9477
seqneut25to26_sera_3047,A/Wisconsin/67/2022_H1N1,plate21-A/Wisconsin/67/2022_H1N1,5921,1.12,1
seqneut25to26_sera_3047,A/Wisconsin/67/2022_H1N1,plate21-A/Wisconsin/67/2022_H1N1,1.362e+04,1.188,1
seqneut25to26_sera_3047,A/Zacapa/FLU-261/2025_H1N1,plate21-A/Zacapa/FLU-261/2025_H1N1,40,0.04144,0.04144
seqneut25to26_sera_3047,A/Zacapa/FLU-261/2025_H1N1,plate21-A/Zacapa/FLU-261/2025_H1N1,92,0.2489,0.2489
seqneut25to26_sera_3047,A/Zacapa/FLU-261/2025_H1N1,plate21-A/Zacapa/FLU-261/2025_H1N1,212,0.4578,0.4578
seqneut25to26_sera_3047,A/Zacapa/FLU-261/2025_H1N1,plate21-A/Zacapa/FLU-261/2025_H1N1,487,0.7394,0.7394
seqneut25to26_sera_3047,A/Zacapa/FLU-261/2025_H1N1,plate21-A/Zacapa/FLU-261/2025_H1N1,1119,0.8226,0.8226
seqneut25to26_sera_3047,A/Zacapa/FLU-261/2025_H1N1,plate21-A/Zacapa/FLU-261/2025_H1N1,2575,1.026,1
seqneut25to26_sera_3047,A/Zacapa/FLU-261/2025_H1N1,plate21-A/Zacapa/FLU-261/2025_H1N1,5921,1.147,1
seqneut25to26_sera_3047,A/Zacapa/FLU-261/2025_H1N1,plate21-A/Zacapa/FLU-261/2025_H1N1,1.362e+04,1.209,1
seqneut25to26_sera_3048,A/Alagoas/4130/2025_H3N2,plate21-A/Alagoas/4130/2025_H3N2,40,0.07582,0.07582
seqneut25to26_sera_3048,A/Alagoas/4130/2025_H3N2,plate21-A/Alagoas/4130/2025_H3N2,92,0.2449,0.2449
seqneut25to26_sera_3048,A/Alagoas/4130/2025_H3N2,plate21-A/Alagoas/4130/2025_H3N2,212,0.4079,0.4079
seqneut25to26_sera_3048,A/Alagoas/4130/2025_H3N2,plate21-A/Alagoas/4130/2025_H3N2,487,0.5966,0.5966
seqneut25to26_sera_3048,A/Alagoas/4130/2025_H3N2,plate21-A/Alagoas/4130/2025_H3N2,1119,1.121,1
seqneut25to26_sera_3048,A/Alagoas/4130/2025_H3N2,plate21-A/Alagoas/4130/2025_H3N2,2575,1.136,1
seqneut25to26_sera_3048,A/Alagoas/4130/2025_H3N2,plate21-A/Alagoas/4130/2025_H3N2,5921,1.089,1
seqneut25to26_sera_3048,A/Alagoas/4130/2025_H3N2,plate21-A/Alagoas/4130/2025_H3N2,1.362e+04,1.294,1
seqneut25to26_sera_3048,A/Anapolis/LEIAL6543/2025_H3N2,plate21-A/Anapolis/LEIAL6543/2025_H3N2,40,0.03648,0.03648
seqneut25to26_sera_3048,A/Anapolis/LEIAL6543/2025_H3N2,plate21-A/Anapolis/LEIAL6543/2025_H3N2,92,0.163,0.163
seqneut25to26_sera_3048,A/Anapolis/LEIAL6543/2025_H3N2,plate21-A/Anapolis/LEIAL6543/2025_H3N2,212,0.2325,0.2325
seqneut25to26_sera_3048,A/Anapolis/LEIAL6543/2025_H3N2,plate21-A/Anapolis/LEIAL6543/2025_H3N2,487,0.6629,0.6629
seqneut25to26_sera_3048,A/Anapolis/LEIAL6543/2025_H3N2,plate21-A/Anapolis/LEIAL6543/2025_H3N2,1119,1.075,1
seqneut25to26_sera_3048,A/Anapolis/LEIAL6543/2025_H3N2,plate21-A/Anapolis/LEIAL6543/2025_H3N2,2575,0.8283,0.8283
seqneut25to26_sera_3048,A/Anapolis/LEIAL6543/2025_H3N2,plate21-A/Anapolis/LEIAL6543/2025_H3N2,5921,1.022,1
seqneut25to26_sera_3048,A/Anapolis/LEIAL6543/2025_H3N2,plate21-A/Anapolis/LEIAL6543/2025_H3N2,1.362e+04,1.566,1
seqneut25to26_sera_3048,A/Andalucia/PMC-00977/2025_H1N1,plate21-A/Andalucia/PMC-00977/2025_H1N1,40,0.0001665,0.0001665
seqneut25to26_sera_3048,A/Andalucia/PMC-00977/2025_H1N1,plate21-A/Andalucia/PMC-00977/2025_H1N1,92,0.002954,0.002954
seqneut25to26_sera_3048,A/Andalucia/PMC-00977/2025_H1N1,plate21-A/Andalucia/PMC-00977/2025_H1N1,212,0.08991,0.08991
seqneut25to26_sera_3048,A/Andalucia/PMC-00977/2025_H1N1,plate21-A/Andalucia/PMC-00977/2025_H1N1,487,0.4883,0.4883
seqneut25to26_sera_3048,A/Andalucia/PMC-00977/2025_H1N1,plate21-A/Andalucia/PMC-00977/2025_H1N1,1119,1.168,1
seqneut25to26_sera_3048,A/Andalucia/PMC-00977/2025_H1N1,plate21-A/Andalucia/PMC-00977/2025_H1N1,2575,0.9468,0.9468
seqneut25to26_sera_3048,A/Andalucia/PMC-00977/2025_H1N1,plate21-A/Andalucia/PMC-00977/2025_H1N1,5921,1.258,1
seqneut25to26_sera_3048,A/Andalucia/PMC-00977/2025_H1N1,plate21-A/Andalucia/PMC-00977/2025_H1N1,1.362e+04,1.186,1
seqneut25to26_sera_3048,A/Aragon/2046/2025_H1N1,plate21-A/Aragon/2046/2025_H1N1,40,0.000228,0.000228
seqneut25to26_sera_3048,A/Aragon/2046/2025_H1N1,plate21-A/Aragon/2046/2025_H1N1,92,0.002931,0.002931
seqneut25to26_sera_3048,A/Aragon/2046/2025_H1N1,plate21-A/Aragon/2046/2025_H1N1,212,0.101,0.101
seqneut25to26_sera_3048,A/Aragon/2046/2025_H1N1,plate21-A/Aragon/2046/2025_H1N1,487,0.5258,0.5258
seqneut25to26_sera_3048,A/Aragon/2046/2025_H1N1,plate21-A/Aragon/2046/2025_H1N1,1119,0.8881,0.8881
seqneut25to26_sera_3048,A/Aragon/2046/2025_H1N1,plate21-A/Aragon/2046/2025_H1N1,2575,0.7413,0.7413
seqneut25to26_sera_3048,A/Aragon/2046/2025_H1N1,plate21-A/Aragon/2046/2025_H1N1,5921,1.198,1
seqneut25to26_sera_3048,A/Aragon/2046/2025_H1N1,plate21-A/Aragon/2046/2025_H1N1,1.362e+04,1.192,1
seqneut25to26_sera_3048,A/Arica/59150/2025_H3N2,plate21-A/Arica/59150/2025_H3N2,40,0.02797,0.02797
seqneut25to26_sera_3048,A/Arica/59150/2025_H3N2,plate21-A/Arica/59150/2025_H3N2,92,0.09164,0.09164
seqneut25to26_sera_3048,A/Arica/59150/2025_H3N2,plate21-A/Arica/59150/2025_H3N2,212,0.4042,0.4042
seqneut25to26_sera_3048,A/Arica/59150/2025_H3N2,plate21-A/Arica/59150/2025_H3N2,487,0.6249,0.6249
seqneut25to26_sera_3048,A/Arica/59150/2025_H3N2,plate21-A/Arica/59150/2025_H3N2,1119,1.125,1
seqneut25to26_sera_3048,A/Arica/59150/2025_H3N2,plate21-A/Arica/59150/2025_H3N2,2575,0.9523,0.9523
seqneut25to26_sera_3048,A/Arica/59150/2025_H3N2,plate21-A/Arica/59150/2025_H3N2,5921,1.121,1
seqneut25to26_sera_3048,A/Arica/59150/2025_H3N2,plate21-A/Arica/59150/2025_H3N2,1.362e+04,1.775,1
seqneut25to26_sera_3048,A/Bahia/3102/2025_H3N2,plate21-A/Bahia/3102/2025_H3N2,40,0.00268,0.00268
seqneut25to26_sera_3048,A/Bahia/3102/2025_H3N2,plate21-A/Bahia/3102/2025_H3N2,92,0.1216,0.1216
seqneut25to26_sera_3048,A/Bahia/3102/2025_H3N2,plate21-A/Bahia/3102/2025_H3N2,212,0.3303,0.3303
seqneut25to26_sera_3048,A/Bahia/3102/2025_H3N2,plate21-A/Bahia/3102/2025_H3N2,487,0.4518,0.4518
seqneut25to26_sera_3048,A/Bahia/3102/2025_H3N2,plate21-A/Bahia/3102/2025_H3N2,1119,1.006,1
seqneut25to26_sera_3048,A/Bahia/3102/2025_H3N2,plate21-A/Bahia/3102/2025_H3N2,2575,0.9308,0.9308
seqneut25to26_sera_3048,A/Bahia/3102/2025_H3N2,plate21-A/Bahia/3102/2025_H3N2,5921,1.389,1
seqneut25to26_sera_3048,A/Bahia/3102/2025_H3N2,plate21-A/Bahia/3102/2025_H3N2,1.362e+04,1.363,1
seqneut25to26_sera_3048,A/Bangkok/1803/2025_H1N1,plate21-A/Bangkok/1803/2025_H1N1,40,0.00112,0.00112
seqneut25to26_sera_3048,A/Bangkok/1803/2025_H1N1,plate21-A/Bangkok/1803/2025_H1N1,92,0.007618,0.007618
seqneut25to26_sera_3048,A/Bangkok/1803/2025_H1N1,plate21-A/Bangkok/1803/2025_H1N1,212,0.2476,0.2476
seqneut25to26_sera_3048,A/Bangkok/1803/2025_H1N1,plate21-A/Bangkok/1803/2025_H1N1,487,0.456,0.456
seqneut25to26_sera_3048,A/Bangkok/1803/2025_H1N1,plate21-A/Bangkok/1803/2025_H1N1,1119,0.8774,0.8774
seqneut25to26_sera_3048,A/Bangkok/1803/2025_H1N1,plate21-A/Bangkok/1803/2025_H1N1,2575,1.252,1
seqneut25to26_sera_3048,A/Bangkok/1803/2025_H1N1,plate21-A/Bangkok/1803/2025_H1N1,5921,1.557,1
seqneut25to26_sera_3048,A/Bangkok/1803/2025_H1N1,plate21-A/Bangkok/1803/2025_H1N1,1.362e+04,1.435,1
seqneut25to26_sera_3048,A/Bangkok/P2229/2025_H1N1,plate21-A/Bangkok/P2229/2025_H1N1,40,0.001185,0.001185
seqneut25to26_sera_3048,A/Bangkok/P2229/2025_H1N1,plate21-A/Bangkok/P2229/2025_H1N1,92,0.0015,0.0015
seqneut25to26_sera_3048,A/Bangkok/P2229/2025_H1N1,plate21-A/Bangkok/P2229/2025_H1N1,212,0.1688,0.1688
seqneut25to26_sera_3048,A/Bangkok/P2229/2025_H1N1,plate21-A/Bangkok/P2229/2025_H1N1,487,0.2745,0.2745
seqneut25to26_sera_3048,A/Bangkok/P2229/2025_H1N1,plate21-A/Bangkok/P2229/2025_H1N1,1119,0.5499,0.5499
seqneut25to26_sera_3048,A/Bangkok/P2229/2025_H1N1,plate21-A/Bangkok/P2229/2025_H1N1,2575,0.7813,0.7813
seqneut25to26_sera_3048,A/Bangkok/P2229/2025_H1N1,plate21-A/Bangkok/P2229/2025_H1N1,5921,1.013,1
seqneut25to26_sera_3048,A/Bangkok/P2229/2025_H1N1,plate21-A/Bangkok/P2229/2025_H1N1,1.362e+04,1.014,1
seqneut25to26_sera_3048,A/Bangkok/P2323/2025_H3N2,plate21-A/Bangkok/P2323/2025_H3N2,40,0.005883,0.005883
seqneut25to26_sera_3048,A/Bangkok/P2323/2025_H3N2,plate21-A/Bangkok/P2323/2025_H3N2,92,0.05396,0.05396
seqneut25to26_sera_3048,A/Bangkok/P2323/2025_H3N2,plate21-A/Bangkok/P2323/2025_H3N2,212,0.2583,0.2583
seqneut25to26_sera_3048,A/Bangkok/P2323/2025_H3N2,plate21-A/Bangkok/P2323/2025_H3N2,487,0.5864,0.5864
seqneut25to26_sera_3048,A/Bangkok/P2323/2025_H3N2,plate21-A/Bangkok/P2323/2025_H3N2,1119,1.187,1
seqneut25to26_sera_3048,A/Bangkok/P2323/2025_H3N2,plate21-A/Bangkok/P2323/2025_H3N2,2575,1.172,1
seqneut25to26_sera_3048,A/Bangkok/P2323/2025_H3N2,plate21-A/Bangkok/P2323/2025_H3N2,5921,1.62,1
seqneut25to26_sera_3048,A/Bangkok/P2323/2025_H3N2,plate21-A/Bangkok/P2323/2025_H3N2,1.362e+04,1.222,1
seqneut25to26_sera_3048,A/Bangkok/P2390/2025_H3N2,plate21-A/Bangkok/P2390/2025_H3N2,40,0.001432,0.001432
seqneut25to26_sera_3048,A/Bangkok/P2390/2025_H3N2,plate21-A/Bangkok/P2390/2025_H3N2,92,0.01103,0.01103
seqneut25to26_sera_3048,A/Bangkok/P2390/2025_H3N2,plate21-A/Bangkok/P2390/2025_H3N2,212,0.1656,0.1656
seqneut25to26_sera_3048,A/Bangkok/P2390/2025_H3N2,plate21-A/Bangkok/P2390/2025_H3N2,487,0.4463,0.4463
seqneut25to26_sera_3048,A/Bangkok/P2390/2025_H3N2,plate21-A/Bangkok/P2390/2025_H3N2,1119,1.126,1
seqneut25to26_sera_3048,A/Bangkok/P2390/2025_H3N2,plate21-A/Bangkok/P2390/2025_H3N2,2575,1.274,1
seqneut25to26_sera_3048,A/Bangkok/P2390/2025_H3N2,plate21-A/Bangkok/P2390/2025_H3N2,5921,1.109,1
seqneut25to26_sera_3048,A/Bangkok/P2390/2025_H3N2,plate21-A/Bangkok/P2390/2025_H3N2,1.362e+04,1.425,1
seqneut25to26_sera_3048,A/Bangkok/P2391/2025_H3N2,plate21-A/Bangkok/P2391/2025_H3N2,40,0.02634,0.02634
seqneut25to26_sera_3048,A/Bangkok/P2391/2025_H3N2,plate21-A/Bangkok/P2391/2025_H3N2,92,0.3288,0.3288
seqneut25to26_sera_3048,A/Bangkok/P2391/2025_H3N2,plate21-A/Bangkok/P2391/2025_H3N2,212,0.796,0.796
seqneut25to26_sera_3048,A/Bangkok/P2391/2025_H3N2,plate21-A/Bangkok/P2391/2025_H3N2,487,0.9491,0.9491
seqneut25to26_sera_3048,A/Bangkok/P2391/2025_H3N2,plate21-A/Bangkok/P2391/2025_H3N2,1119,1.772,1
seqneut25to26_sera_3048,A/Bangkok/P2391/2025_H3N2,plate21-A/Bangkok/P2391/2025_H3N2,2575,1.055,1
seqneut25to26_sera_3048,A/Bangkok/P2391/2025_H3N2,plate21-A/Bangkok/P2391/2025_H3N2,5921,1.012,1
seqneut25to26_sera_3048,A/Bangkok/P2391/2025_H3N2,plate21-A/Bangkok/P2391/2025_H3N2,1.362e+04,1.495,1
seqneut25to26_sera_3048,A/Bangkok/P2572/2025_H3N2,plate21-A/Bangkok/P2572/2025_H3N2,40,0.001565,0.001565
seqneut25to26_sera_3048,A/Bangkok/P2572/2025_H3N2,plate21-A/Bangkok/P2572/2025_H3N2,92,0.005491,0.005491
seqneut25to26_sera_3048,A/Bangkok/P2572/2025_H3N2,plate21-A/Bangkok/P2572/2025_H3N2,212,0.1989,0.1989
seqneut25to26_sera_3048,A/Bangkok/P2572/2025_H3N2,plate21-A/Bangkok/P2572/2025_H3N2,487,0.4704,0.4704
seqneut25to26_sera_3048,A/Bangkok/P2572/2025_H3N2,plate21-A/Bangkok/P2572/2025_H3N2,1119,1.125,1
seqneut25to26_sera_3048,A/Bangkok/P2572/2025_H3N2,plate21-A/Bangkok/P2572/2025_H3N2,2575,1.173,1
seqneut25to26_sera_3048,A/Bangkok/P2572/2025_H3N2,plate21-A/Bangkok/P2572/2025_H3N2,5921,1.12,1
seqneut25to26_sera_3048,A/Bangkok/P2572/2025_H3N2,plate21-A/Bangkok/P2572/2025_H3N2,1.362e+04,1.17,1
seqneut25to26_sera_3048,A/Bangkok/P2921/2025_H3N2,plate21-A/Bangkok/P2921/2025_H3N2,40,0.1108,0.1108
seqneut25to26_sera_3048,A/Bangkok/P2921/2025_H3N2,plate21-A/Bangkok/P2921/2025_H3N2,92,0.3539,0.3539
seqneut25to26_sera_3048,A/Bangkok/P2921/2025_H3N2,plate21-A/Bangkok/P2921/2025_H3N2,212,0.6648,0.6648
seqneut25to26_sera_3048,A/Bangkok/P2921/2025_H3N2,plate21-A/Bangkok/P2921/2025_H3N2,487,0.9598,0.9598
seqneut25to26_sera_3048,A/Bangkok/P2921/2025_H3N2,plate21-A/Bangkok/P2921/2025_H3N2,1119,1.2,1
seqneut25to26_sera_3048,A/Bangkok/P2921/2025_H3N2,plate21-A/Bangkok/P2921/2025_H3N2,2575,1.028,1
seqneut25to26_sera_3048,A/Bangkok/P2921/2025_H3N2,plate21-A/Bangkok/P2921/2025_H3N2,5921,1.154,1
seqneut25to26_sera_3048,A/Bangkok/P2921/2025_H3N2,plate21-A/Bangkok/P2921/2025_H3N2,1.362e+04,1.284,1
seqneut25to26_sera_3048,A/Bangkok/P3067/2025_H1N1,plate21-A/Bangkok/P3067/2025_H1N1,40,0.0001045,0.0001045
seqneut25to26_sera_3048,A/Bangkok/P3067/2025_H1N1,plate21-A/Bangkok/P3067/2025_H1N1,92,0.001488,0.001488
seqneut25to26_sera_3048,A/Bangkok/P3067/2025_H1N1,plate21-A/Bangkok/P3067/2025_H1N1,212,0.04468,0.04468
seqneut25to26_sera_3048,A/Bangkok/P3067/2025_H1N1,plate21-A/Bangkok/P3067/2025_H1N1,487,0.2323,0.2323
seqneut25to26_sera_3048,A/Bangkok/P3067/2025_H1N1,plate21-A/Bangkok/P3067/2025_H1N1,1119,0.6464,0.6464
seqneut25to26_sera_3048,A/Bangkok/P3067/2025_H1N1,plate21-A/Bangkok/P3067/2025_H1N1,2575,1.089,1
seqneut25to26_sera_3048,A/Bangkok/P3067/2025_H1N1,plate21-A/Bangkok/P3067/2025_H1N1,5921,0.925,0.925
seqneut25to26_sera_3048,A/Bangkok/P3067/2025_H1N1,plate21-A/Bangkok/P3067/2025_H1N1,1.362e+04,1.292,1
seqneut25to26_sera_3048,A/Bangkok/P3263/2025_H3N2,plate21-A/Bangkok/P3263/2025_H3N2,40,0.0007034,0.0007034
seqneut25to26_sera_3048,A/Bangkok/P3263/2025_H3N2,plate21-A/Bangkok/P3263/2025_H3N2,92,0.0163,0.0163
seqneut25to26_sera_3048,A/Bangkok/P3263/2025_H3N2,plate21-A/Bangkok/P3263/2025_H3N2,212,0.1067,0.1067
seqneut25to26_sera_3048,A/Bangkok/P3263/2025_H3N2,plate21-A/Bangkok/P3263/2025_H3N2,487,0.3277,0.3277
seqneut25to26_sera_3048,A/Bangkok/P3263/2025_H3N2,plate21-A/Bangkok/P3263/2025_H3N2,1119,0.901,0.901
seqneut25to26_sera_3048,A/Bangkok/P3263/2025_H3N2,plate21-A/Bangkok/P3263/2025_H3N2,2575,0.9315,0.9315
seqneut25to26_sera_3048,A/Bangkok/P3263/2025_H3N2,plate21-A/Bangkok/P3263/2025_H3N2,5921,1.143,1
seqneut25to26_sera_3048,A/Bangkok/P3263/2025_H3N2,plate21-A/Bangkok/P3263/2025_H3N2,1.362e+04,1.324,1
seqneut25to26_sera_3048,A/Belgium/H0097/2025_H3N2,plate21-A/Belgium/H0097/2025_H3N2,40,0.002391,0.002391
seqneut25to26_sera_3048,A/Belgium/H0097/2025_H3N2,plate21-A/Belgium/H0097/2025_H3N2,92,0.01895,0.01895
seqneut25to26_sera_3048,A/Belgium/H0097/2025_H3N2,plate21-A/Belgium/H0097/2025_H3N2,212,0.2044,0.2044
seqneut25to26_sera_3048,A/Belgium/H0097/2025_H3N2,plate21-A/Belgium/H0097/2025_H3N2,487,0.7363,0.7363
seqneut25to26_sera_3048,A/Belgium/H0097/2025_H3N2,plate21-A/Belgium/H0097/2025_H3N2,1119,1.251,1
seqneut25to26_sera_3048,A/Belgium/H0097/2025_H3N2,plate21-A/Belgium/H0097/2025_H3N2,2575,1.168,1
seqneut25to26_sera_3048,A/Belgium/H0097/2025_H3N2,plate21-A/Belgium/H0097/2025_H3N2,5921,1.468,1
seqneut25to26_sera_3048,A/Belgium/H0097/2025_H3N2,plate21-A/Belgium/H0097/2025_H3N2,1.362e+04,1.362,1
seqneut25to26_sera_3048,A/Bhutan/1267/2025_H3N2,plate21-A/Bhutan/1267/2025_H3N2,40,0.000313,0.000313
seqneut25to26_sera_3048,A/Bhutan/1267/2025_H3N2,plate21-A/Bhutan/1267/2025_H3N2,92,0.0081,0.0081
seqneut25to26_sera_3048,A/Bhutan/1267/2025_H3N2,plate21-A/Bhutan/1267/2025_H3N2,212,0.05785,0.05785
seqneut25to26_sera_3048,A/Bhutan/1267/2025_H3N2,plate21-A/Bhutan/1267/2025_H3N2,487,0.4224,0.4224
seqneut25to26_sera_3048,A/Bhutan/1267/2025_H3N2,plate21-A/Bhutan/1267/2025_H3N2,1119,1.285,1
seqneut25to26_sera_3048,A/Bhutan/1267/2025_H3N2,plate21-A/Bhutan/1267/2025_H3N2,2575,1.332,1
seqneut25to26_sera_3048,A/Bhutan/1267/2025_H3N2,plate21-A/Bhutan/1267/2025_H3N2,5921,1.151,1
seqneut25to26_sera_3048,A/Bhutan/1267/2025_H3N2,plate21-A/Bhutan/1267/2025_H3N2,1.362e+04,1.429,1
seqneut25to26_sera_3048,A/Bhutan/7/2025_H3N2,plate21-A/Bhutan/7/2025_H3N2,40,0.001416,0.001416
seqneut25to26_sera_3048,A/Bhutan/7/2025_H3N2,plate21-A/Bhutan/7/2025_H3N2,92,0.01372,0.01372
seqneut25to26_sera_3048,A/Bhutan/7/2025_H3N2,plate21-A/Bhutan/7/2025_H3N2,212,0.08233,0.08233
seqneut25to26_sera_3048,A/Bhutan/7/2025_H3N2,plate21-A/Bhutan/7/2025_H3N2,487,0.4526,0.4526
seqneut25to26_sera_3048,A/Bhutan/7/2025_H3N2,plate21-A/Bhutan/7/2025_H3N2,1119,1.001,1
seqneut25to26_sera_3048,A/Bhutan/7/2025_H3N2,plate21-A/Bhutan/7/2025_H3N2,2575,1.44,1
seqneut25to26_sera_3048,A/Bhutan/7/2025_H3N2,plate21-A/Bhutan/7/2025_H3N2,5921,1.201,1
seqneut25to26_sera_3048,A/Bhutan/7/2025_H3N2,plate21-A/Bhutan/7/2025_H3N2,1.362e+04,1.758,1
seqneut25to26_sera_3048,A/BritishColumbia/PHL-2473/2025_H1N1,plate21-A/BritishColumbia/PHL-2473/2025_H1N1,40,0.0009914,0.0009914
seqneut25to26_sera_3048,A/BritishColumbia/PHL-2473/2025_H1N1,plate21-A/BritishColumbia/PHL-2473/2025_H1N1,92,0.004306,0.004306
seqneut25to26_sera_3048,A/BritishColumbia/PHL-2473/2025_H1N1,plate21-A/BritishColumbia/PHL-2473/2025_H1N1,212,0.1079,0.1079
seqneut25to26_sera_3048,A/BritishColumbia/PHL-2473/2025_H1N1,plate21-A/BritishColumbia/PHL-2473/2025_H1N1,487,0.3087,0.3087
seqneut25to26_sera_3048,A/BritishColumbia/PHL-2473/2025_H1N1,plate21-A/BritishColumbia/PHL-2473/2025_H1N1,1119,0.7491,0.7491
seqneut25to26_sera_3048,A/BritishColumbia/PHL-2473/2025_H1N1,plate21-A/BritishColumbia/PHL-2473/2025_H1N1,2575,0.7823,0.7823
seqneut25to26_sera_3048,A/BritishColumbia/PHL-2473/2025_H1N1,plate21-A/BritishColumbia/PHL-2473/2025_H1N1,5921,1.06,1
seqneut25to26_sera_3048,A/BritishColumbia/PHL-2473/2025_H1N1,plate21-A/BritishColumbia/PHL-2473/2025_H1N1,1.362e+04,1.29,1
seqneut25to26_sera_3048,A/California/61/2025_H3N2,plate21-A/California/61/2025_H3N2,40,0.0009856,0.0009856
seqneut25to26_sera_3048,A/California/61/2025_H3N2,plate21-A/California/61/2025_H3N2,92,0.004985,0.004985
seqneut25to26_sera_3048,A/California/61/2025_H3N2,plate21-A/California/61/2025_H3N2,212,0.1586,0.1586
seqneut25to26_sera_3048,A/California/61/2025_H3N2,plate21-A/California/61/2025_H3N2,487,0.428,0.428
seqneut25to26_sera_3048,A/California/61/2025_H3N2,plate21-A/California/61/2025_H3N2,1119,0.8539,0.8539
seqneut25to26_sera_3048,A/California/61/2025_H3N2,plate21-A/California/61/2025_H3N2,2575,0.9633,0.9633
seqneut25to26_sera_3048,A/California/61/2025_H3N2,plate21-A/California/61/2025_H3N2,5921,1.317,1
seqneut25to26_sera_3048,A/California/61/2025_H3N2,plate21-A/California/61/2025_H3N2,1.362e+04,1.659,1
seqneut25to26_sera_3048,A/California/63/2025_H1N1,plate21-A/California/63/2025_H1N1,40,0.0003537,0.0003537
seqneut25to26_sera_3048,A/California/63/2025_H1N1,plate21-A/California/63/2025_H1N1,92,0.001886,0.001886
seqneut25to26_sera_3048,A/California/63/2025_H1N1,plate21-A/California/63/2025_H1N1,212,0.06932,0.06932
seqneut25to26_sera_3048,A/California/63/2025_H1N1,plate21-A/California/63/2025_H1N1,487,0.2295,0.2295
seqneut25to26_sera_3048,A/California/63/2025_H1N1,plate21-A/California/63/2025_H1N1,1119,0.6672,0.6672
seqneut25to26_sera_3048,A/California/63/2025_H1N1,plate21-A/California/63/2025_H1N1,2575,0.5725,0.5725
seqneut25to26_sera_3048,A/California/63/2025_H1N1,plate21-A/California/63/2025_H1N1,5921,1.016,1
seqneut25to26_sera_3048,A/California/63/2025_H1N1,plate21-A/California/63/2025_H1N1,1.362e+04,0.898,0.898
seqneut25to26_sera_3048,A/Canberra/465/2025_H1N1,plate21-A/Canberra/465/2025_H1N1,40,0.001426,0.001426
seqneut25to26_sera_3048,A/Canberra/465/2025_H1N1,plate21-A/Canberra/465/2025_H1N1,92,0.002773,0.002773
seqneut25to26_sera_3048,A/Canberra/465/2025_H1N1,plate21-A/Canberra/465/2025_H1N1,212,0.07378,0.07378
seqneut25to26_sera_3048,A/Canberra/465/2025_H1N1,plate21-A/Canberra/465/2025_H1N1,487,0.2495,0.2495
seqneut25to26_sera_3048,A/Canberra/465/2025_H1N1,plate21-A/Canberra/465/2025_H1N1,1119,0.7026,0.7026
seqneut25to26_sera_3048,A/Canberra/465/2025_H1N1,plate21-A/Canberra/465/2025_H1N1,2575,0.7946,0.7946
seqneut25to26_sera_3048,A/Canberra/465/2025_H1N1,plate21-A/Canberra/465/2025_H1N1,5921,0.8874,0.8874
seqneut25to26_sera_3048,A/Canberra/465/2025_H1N1,plate21-A/Canberra/465/2025_H1N1,1.362e+04,1.348,1
seqneut25to26_sera_3048,A/Canberra/530/2025_H1N1,plate21-A/Canberra/530/2025_H1N1,40,0.003144,0.003144
seqneut25to26_sera_3048,A/Canberra/530/2025_H1N1,plate21-A/Canberra/530/2025_H1N1,92,0.005246,0.005246
seqneut25to26_sera_3048,A/Canberra/530/2025_H1N1,plate21-A/Canberra/530/2025_H1N1,212,0.07252,0.07252
seqneut25to26_sera_3048,A/Canberra/530/2025_H1N1,plate21-A/Canberra/530/2025_H1N1,487,0.365,0.365
seqneut25to26_sera_3048,A/Canberra/530/2025_H1N1,plate21-A/Canberra/530/2025_H1N1,1119,0.6948,0.6948
seqneut25to26_sera_3048,A/Canberra/530/2025_H1N1,plate21-A/Canberra/530/2025_H1N1,2575,0.7383,0.7383
seqneut25to26_sera_3048,A/Canberra/530/2025_H1N1,plate21-A/Canberra/530/2025_H1N1,5921,1.117,1
seqneut25to26_sera_3048,A/Canberra/530/2025_H1N1,plate21-A/Canberra/530/2025_H1N1,1.362e+04,1.131,1
seqneut25to26_sera_3048,A/Catalonia/NSVH102689455/2025_H1N1,plate21-A/Catalonia/NSVH102689455/2025_H1N1,40,0.004916,0.004916
seqneut25to26_sera_3048,A/Catalonia/NSVH102689455/2025_H1N1,plate21-A/Catalonia/NSVH102689455/2025_H1N1,92,0.001877,0.001877
seqneut25to26_sera_3048,A/Catalonia/NSVH102689455/2025_H1N1,plate21-A/Catalonia/NSVH102689455/2025_H1N1,212,0.06562,0.06562
seqneut25to26_sera_3048,A/Catalonia/NSVH102689455/2025_H1N1,plate21-A/Catalonia/NSVH102689455/2025_H1N1,487,0.4104,0.4104
seqneut25to26_sera_3048,A/Catalonia/NSVH102689455/2025_H1N1,plate21-A/Catalonia/NSVH102689455/2025_H1N1,1119,0.8171,0.8171
seqneut25to26_sera_3048,A/Catalonia/NSVH102689455/2025_H1N1,plate21-A/Catalonia/NSVH102689455/2025_H1N1,2575,1.29,1
seqneut25to26_sera_3048,A/Catalonia/NSVH102689455/2025_H1N1,plate21-A/Catalonia/NSVH102689455/2025_H1N1,5921,1.483,1
seqneut25to26_sera_3048,A/Catalonia/NSVH102689455/2025_H1N1,plate21-A/Catalonia/NSVH102689455/2025_H1N1,1.362e+04,1.208,1
seqneut25to26_sera_3048,A/Colorado/105/2025_H1N1,plate21-A/Colorado/105/2025_H1N1,40,0.02043,0.02043
seqneut25to26_sera_3048,A/Colorado/105/2025_H1N1,plate21-A/Colorado/105/2025_H1N1,92,0.002505,0.002505
seqneut25to26_sera_3048,A/Colorado/105/2025_H1N1,plate21-A/Colorado/105/2025_H1N1,212,0.1548,0.1548
seqneut25to26_sera_3048,A/Colorado/105/2025_H1N1,plate21-A/Colorado/105/2025_H1N1,487,0.2822,0.2822
seqneut25to26_sera_3048,A/Colorado/105/2025_H1N1,plate21-A/Colorado/105/2025_H1N1,1119,1.31,1
seqneut25to26_sera_3048,A/Colorado/105/2025_H1N1,plate21-A/Colorado/105/2025_H1N1,2575,0.8654,0.8654
seqneut25to26_sera_3048,A/Colorado/105/2025_H1N1,plate21-A/Colorado/105/2025_H1N1,5921,1.09,1
seqneut25to26_sera_3048,A/Colorado/105/2025_H1N1,plate21-A/Colorado/105/2025_H1N1,1.362e+04,1.264,1
seqneut25to26_sera_3048,A/CoteDIvoire/2007/2025_H1N1,plate21-A/CoteDIvoire/2007/2025_H1N1,40,0.001052,0.001052
seqneut25to26_sera_3048,A/CoteDIvoire/2007/2025_H1N1,plate21-A/CoteDIvoire/2007/2025_H1N1,92,0.007715,0.007715
seqneut25to26_sera_3048,A/CoteDIvoire/2007/2025_H1N1,plate21-A/CoteDIvoire/2007/2025_H1N1,212,0.09506,0.09506
seqneut25to26_sera_3048,A/CoteDIvoire/2007/2025_H1N1,plate21-A/CoteDIvoire/2007/2025_H1N1,487,0.3244,0.3244
seqneut25to26_sera_3048,A/CoteDIvoire/2007/2025_H1N1,plate21-A/CoteDIvoire/2007/2025_H1N1,1119,0.889,0.889
seqneut25to26_sera_3048,A/CoteDIvoire/2007/2025_H1N1,plate21-A/CoteDIvoire/2007/2025_H1N1,2575,0.9309,0.9309
seqneut25to26_sera_3048,A/CoteDIvoire/2007/2025_H1N1,plate21-A/CoteDIvoire/2007/2025_H1N1,5921,1.041,1
seqneut25to26_sera_3048,A/CoteDIvoire/2007/2025_H1N1,plate21-A/CoteDIvoire/2007/2025_H1N1,1.362e+04,1.227,1
seqneut25to26_sera_3048,A/Croatia/10136RV/2023-egg_H3N2,plate21-A/Croatia/10136RV/2023-egg_H3N2,40,0.1923,0.1923
seqneut25to26_sera_3048,A/Croatia/10136RV/2023-egg_H3N2,plate21-A/Croatia/10136RV/2023-egg_H3N2,92,0.3068,0.3068
seqneut25to26_sera_3048,A/Croatia/10136RV/2023-egg_H3N2,plate21-A/Croatia/10136RV/2023-egg_H3N2,212,0.5943,0.5943
seqneut25to26_sera_3048,A/Croatia/10136RV/2023-egg_H3N2,plate21-A/Croatia/10136RV/2023-egg_H3N2,487,0.8557,0.8557
seqneut25to26_sera_3048,A/Croatia/10136RV/2023-egg_H3N2,plate21-A/Croatia/10136RV/2023-egg_H3N2,1119,1.559,1
seqneut25to26_sera_3048,A/Croatia/10136RV/2023-egg_H3N2,plate21-A/Croatia/10136RV/2023-egg_H3N2,2575,1.72,1
seqneut25to26_sera_3048,A/Croatia/10136RV/2023-egg_H3N2,plate21-A/Croatia/10136RV/2023-egg_H3N2,5921,1.384,1
seqneut25to26_sera_3048,A/Croatia/10136RV/2023-egg_H3N2,plate21-A/Croatia/10136RV/2023-egg_H3N2,1.362e+04,1.786,1
seqneut25to26_sera_3048,A/Darwin/1405/2025_H1N1,plate21-A/Darwin/1405/2025_H1N1,40,0.001129,0.001129
seqneut25to26_sera_3048,A/Darwin/1405/2025_H1N1,plate21-A/Darwin/1405/2025_H1N1,92,0.000827,0.000827
seqneut25to26_sera_3048,A/Darwin/1405/2025_H1N1,plate21-A/Darwin/1405/2025_H1N1,212,0.04245,0.04245
seqneut25to26_sera_3048,A/Darwin/1405/2025_H1N1,plate21-A/Darwin/1405/2025_H1N1,487,0.3015,0.3015
seqneut25to26_sera_3048,A/Darwin/1405/2025_H1N1,plate21-A/Darwin/1405/2025_H1N1,1119,0.7777,0.7777
seqneut25to26_sera_3048,A/Darwin/1405/2025_H1N1,plate21-A/Darwin/1405/2025_H1N1,2575,0.8488,0.8488
seqneut25to26_sera_3048,A/Darwin/1405/2025_H1N1,plate21-A/Darwin/1405/2025_H1N1,5921,1.096,1
seqneut25to26_sera_3048,A/Darwin/1405/2025_H1N1,plate21-A/Darwin/1405/2025_H1N1,1.362e+04,1.24,1
seqneut25to26_sera_3048,A/Darwin/1461/2025_H3N2,plate21-A/Darwin/1461/2025_H3N2,40,0.1175,0.1175
seqneut25to26_sera_3048,A/Darwin/1461/2025_H3N2,plate21-A/Darwin/1461/2025_H3N2,92,0.819,0.819
seqneut25to26_sera_3048,A/Darwin/1461/2025_H3N2,plate21-A/Darwin/1461/2025_H3N2,212,0.511,0.511
seqneut25to26_sera_3048,A/Darwin/1461/2025_H3N2,plate21-A/Darwin/1461/2025_H3N2,487,0.7189,0.7189
seqneut25to26_sera_3048,A/Darwin/1461/2025_H3N2,plate21-A/Darwin/1461/2025_H3N2,1119,1.347,1
seqneut25to26_sera_3048,A/Darwin/1461/2025_H3N2,plate21-A/Darwin/1461/2025_H3N2,2575,1.491,1
seqneut25to26_sera_3048,A/Darwin/1461/2025_H3N2,plate21-A/Darwin/1461/2025_H3N2,5921,1.186,1
seqneut25to26_sera_3048,A/Darwin/1461/2025_H3N2,plate21-A/Darwin/1461/2025_H3N2,1.362e+04,1.674,1
seqneut25to26_sera_3048,A/Denmark/3070/2025_H1N1,plate21-A/Denmark/3070/2025_H1N1,40,0.000935,0.000935
seqneut25to26_sera_3048,A/Denmark/3070/2025_H1N1,plate21-A/Denmark/3070/2025_H1N1,92,0.004244,0.004244
seqneut25to26_sera_3048,A/Denmark/3070/2025_H1N1,plate21-A/Denmark/3070/2025_H1N1,212,0.1537,0.1537
seqneut25to26_sera_3048,A/Denmark/3070/2025_H1N1,plate21-A/Denmark/3070/2025_H1N1,487,0.2611,0.2611
seqneut25to26_sera_3048,A/Denmark/3070/2025_H1N1,plate21-A/Denmark/3070/2025_H1N1,1119,0.7138,0.7138
seqneut25to26_sera_3048,A/Denmark/3070/2025_H1N1,plate21-A/Denmark/3070/2025_H1N1,2575,0.5975,0.5975
seqneut25to26_sera_3048,A/Denmark/3070/2025_H1N1,plate21-A/Denmark/3070/2025_H1N1,5921,1.229,1
seqneut25to26_sera_3048,A/Denmark/3070/2025_H1N1,plate21-A/Denmark/3070/2025_H1N1,1.362e+04,1.187,1
seqneut25to26_sera_3048,A/DistrictOfColumbia/27/2023_H3N2,plate21-A/DistrictOfColumbia/27/2023_H3N2,40,0.1698,0.1698
seqneut25to26_sera_3048,A/DistrictOfColumbia/27/2023_H3N2,plate21-A/DistrictOfColumbia/27/2023_H3N2,92,0.4504,0.4504
seqneut25to26_sera_3048,A/DistrictOfColumbia/27/2023_H3N2,plate21-A/DistrictOfColumbia/27/2023_H3N2,212,0.8458,0.8458
seqneut25to26_sera_3048,A/DistrictOfColumbia/27/2023_H3N2,plate21-A/DistrictOfColumbia/27/2023_H3N2,487,0.9769,0.9769
seqneut25to26_sera_3048,A/DistrictOfColumbia/27/2023_H3N2,plate21-A/DistrictOfColumbia/27/2023_H3N2,1119,1.76,1
seqneut25to26_sera_3048,A/DistrictOfColumbia/27/2023_H3N2,plate21-A/DistrictOfColumbia/27/2023_H3N2,2575,1.16,1
seqneut25to26_sera_3048,A/DistrictOfColumbia/27/2023_H3N2,plate21-A/DistrictOfColumbia/27/2023_H3N2,5921,1.098,1
seqneut25to26_sera_3048,A/DistrictOfColumbia/27/2023_H3N2,plate21-A/DistrictOfColumbia/27/2023_H3N2,1.362e+04,1.499,1
seqneut25to26_sera_3048,A/DistrictOfColumbia/57/2025_H3N2,plate21-A/DistrictOfColumbia/57/2025_H3N2,40,0.001648,0.001648
seqneut25to26_sera_3048,A/DistrictOfColumbia/57/2025_H3N2,plate21-A/DistrictOfColumbia/57/2025_H3N2,92,0.013,0.013
seqneut25to26_sera_3048,A/DistrictOfColumbia/57/2025_H3N2,plate21-A/DistrictOfColumbia/57/2025_H3N2,212,0.1948,0.1948
seqneut25to26_sera_3048,A/DistrictOfColumbia/57/2025_H3N2,plate21-A/DistrictOfColumbia/57/2025_H3N2,487,0.734,0.734
seqneut25to26_sera_3048,A/DistrictOfColumbia/57/2025_H3N2,plate21-A/DistrictOfColumbia/57/2025_H3N2,1119,1.228,1
seqneut25to26_sera_3048,A/DistrictOfColumbia/57/2025_H3N2,plate21-A/DistrictOfColumbia/57/2025_H3N2,2575,1.102,1
seqneut25to26_sera_3048,A/DistrictOfColumbia/57/2025_H3N2,plate21-A/DistrictOfColumbia/57/2025_H3N2,5921,1.097,1
seqneut25to26_sera_3048,A/DistrictOfColumbia/57/2025_H3N2,plate21-A/DistrictOfColumbia/57/2025_H3N2,1.362e+04,1.466,1
seqneut25to26_sera_3048,A/DistritoFederal/250106000728/2025_H3N2,plate21-A/DistritoFederal/250106000728/2025_H3N2,40,0.02355,0.02355
seqneut25to26_sera_3048,A/DistritoFederal/250106000728/2025_H3N2,plate21-A/DistritoFederal/250106000728/2025_H3N2,92,0.138,0.138
seqneut25to26_sera_3048,A/DistritoFederal/250106000728/2025_H3N2,plate21-A/DistritoFederal/250106000728/2025_H3N2,212,0.1951,0.1951
seqneut25to26_sera_3048,A/DistritoFederal/250106000728/2025_H3N2,plate21-A/DistritoFederal/250106000728/2025_H3N2,487,0.5137,0.5137
seqneut25to26_sera_3048,A/DistritoFederal/250106000728/2025_H3N2,plate21-A/DistritoFederal/250106000728/2025_H3N2,1119,1.111,1
seqneut25to26_sera_3048,A/DistritoFederal/250106000728/2025_H3N2,plate21-A/DistritoFederal/250106000728/2025_H3N2,2575,0.9142,0.9142
seqneut25to26_sera_3048,A/DistritoFederal/250106000728/2025_H3N2,plate21-A/DistritoFederal/250106000728/2025_H3N2,5921,1.38,1
seqneut25to26_sera_3048,A/DistritoFederal/250106000728/2025_H3N2,plate21-A/DistritoFederal/250106000728/2025_H3N2,1.362e+04,1.377,1
seqneut25to26_sera_3048,A/DistritoFederal/2578578201/2025_H3N2,plate21-A/DistritoFederal/2578578201/2025_H3N2,40,0.02335,0.02335
seqneut25to26_sera_3048,A/DistritoFederal/2578578201/2025_H3N2,plate21-A/DistritoFederal/2578578201/2025_H3N2,92,0.1305,0.1305
seqneut25to26_sera_3048,A/DistritoFederal/2578578201/2025_H3N2,plate21-A/DistritoFederal/2578578201/2025_H3N2,212,0.6406,0.6406
seqneut25to26_sera_3048,A/DistritoFederal/2578578201/2025_H3N2,plate21-A/DistritoFederal/2578578201/2025_H3N2,487,0.9396,0.9396
seqneut25to26_sera_3048,A/DistritoFederal/2578578201/2025_H3N2,plate21-A/DistritoFederal/2578578201/2025_H3N2,1119,1.581,1
seqneut25to26_sera_3048,A/DistritoFederal/2578578201/2025_H3N2,plate21-A/DistritoFederal/2578578201/2025_H3N2,2575,1.134,1
seqneut25to26_sera_3048,A/DistritoFederal/2578578201/2025_H3N2,plate21-A/DistritoFederal/2578578201/2025_H3N2,5921,1.418,1
seqneut25to26_sera_3048,A/DistritoFederal/2578578201/2025_H3N2,plate21-A/DistritoFederal/2578578201/2025_H3N2,1.362e+04,1.532,1
seqneut25to26_sera_3048,A/England/174/2025_H3N2,plate21-A/England/174/2025_H3N2,40,0.01812,0.01812
seqneut25to26_sera_3048,A/England/174/2025_H3N2,plate21-A/England/174/2025_H3N2,92,0.2324,0.2324
seqneut25to26_sera_3048,A/England/174/2025_H3N2,plate21-A/England/174/2025_H3N2,212,0.3823,0.3823
seqneut25to26_sera_3048,A/England/174/2025_H3N2,plate21-A/England/174/2025_H3N2,487,1.095,1
seqneut25to26_sera_3048,A/England/174/2025_H3N2,plate21-A/England/174/2025_H3N2,1119,0.9776,0.9776
seqneut25to26_sera_3048,A/England/174/2025_H3N2,plate21-A/England/174/2025_H3N2,2575,1.064,1
seqneut25to26_sera_3048,A/England/174/2025_H3N2,plate21-A/England/174/2025_H3N2,5921,1.063,1
seqneut25to26_sera_3048,A/England/174/2025_H3N2,plate21-A/England/174/2025_H3N2,1.362e+04,1.425,1
seqneut25to26_sera_3048,A/England/1822256/2025_H1N1,plate21-A/England/1822256/2025_H1N1,40,0.0003871,0.0003871
seqneut25to26_sera_3048,A/England/1822256/2025_H1N1,plate21-A/England/1822256/2025_H1N1,92,0.01748,0.01748
seqneut25to26_sera_3048,A/England/1822256/2025_H1N1,plate21-A/England/1822256/2025_H1N1,212,0.1999,0.1999
seqneut25to26_sera_3048,A/England/1822256/2025_H1N1,plate21-A/England/1822256/2025_H1N1,487,0.4769,0.4769
seqneut25to26_sera_3048,A/England/1822256/2025_H1N1,plate21-A/England/1822256/2025_H1N1,1119,0.9118,0.9118
seqneut25to26_sera_3048,A/England/1822256/2025_H1N1,plate21-A/England/1822256/2025_H1N1,2575,1.098,1
seqneut25to26_sera_3048,A/England/1822256/2025_H1N1,plate21-A/England/1822256/2025_H1N1,5921,1.636,1
seqneut25to26_sera_3048,A/England/1822256/2025_H1N1,plate21-A/England/1822256/2025_H1N1,1.362e+04,1.659,1
seqneut25to26_sera_3048,A/England/1837734/2025_H3N2,plate21-A/England/1837734/2025_H3N2,40,0.001637,0.001637
seqneut25to26_sera_3048,A/England/1837734/2025_H3N2,plate21-A/England/1837734/2025_H3N2,92,0.02424,0.02424
seqneut25to26_sera_3048,A/England/1837734/2025_H3N2,plate21-A/England/1837734/2025_H3N2,212,0.08107,0.08107
seqneut25to26_sera_3048,A/England/1837734/2025_H3N2,plate21-A/England/1837734/2025_H3N2,487,0.3546,0.3546
seqneut25to26_sera_3048,A/England/1837734/2025_H3N2,plate21-A/England/1837734/2025_H3N2,1119,0.9943,0.9943
seqneut25to26_sera_3048,A/England/1837734/2025_H3N2,plate21-A/England/1837734/2025_H3N2,2575,1.022,1
seqneut25to26_sera_3048,A/England/1837734/2025_H3N2,plate21-A/England/1837734/2025_H3N2,5921,1.151,1
seqneut25to26_sera_3048,A/England/1837734/2025_H3N2,plate21-A/England/1837734/2025_H3N2,1.362e+04,1.182,1
seqneut25to26_sera_3048,A/England/1837737/2025_H3N2,plate21-A/England/1837737/2025_H3N2,40,0.02066,0.02066
seqneut25to26_sera_3048,A/England/1837737/2025_H3N2,plate21-A/England/1837737/2025_H3N2,92,0.1491,0.1491
seqneut25to26_sera_3048,A/England/1837737/2025_H3N2,plate21-A/England/1837737/2025_H3N2,212,0.3861,0.3861
seqneut25to26_sera_3048,A/England/1837737/2025_H3N2,plate21-A/England/1837737/2025_H3N2,487,0.8193,0.8193
seqneut25to26_sera_3048,A/England/1837737/2025_H3N2,plate21-A/England/1837737/2025_H3N2,1119,1.369,1
seqneut25to26_sera_3048,A/England/1837737/2025_H3N2,plate21-A/England/1837737/2025_H3N2,2575,1.18,1
seqneut25to26_sera_3048,A/England/1837737/2025_H3N2,plate21-A/England/1837737/2025_H3N2,5921,1.101,1
seqneut25to26_sera_3048,A/England/1837737/2025_H3N2,plate21-A/England/1837737/2025_H3N2,1.362e+04,1.107,1
seqneut25to26_sera_3048,A/France/ARA-HCL025155099501/2025_H1N1,plate21-A/France/ARA-HCL025155099501/2025_H1N1,40,0.0009018,0.0009018
seqneut25to26_sera_3048,A/France/ARA-HCL025155099501/2025_H1N1,plate21-A/France/ARA-HCL025155099501/2025_H1N1,92,0.0001885,0.0001885
seqneut25to26_sera_3048,A/France/ARA-HCL025155099501/2025_H1N1,plate21-A/France/ARA-HCL025155099501/2025_H1N1,212,0.1087,0.1087
seqneut25to26_sera_3048,A/France/ARA-HCL025155099501/2025_H1N1,plate21-A/France/ARA-HCL025155099501/2025_H1N1,487,0.4179,0.4179
seqneut25to26_sera_3048,A/France/ARA-HCL025155099501/2025_H1N1,plate21-A/France/ARA-HCL025155099501/2025_H1N1,1119,1.003,1
seqneut25to26_sera_3048,A/France/ARA-HCL025155099501/2025_H1N1,plate21-A/France/ARA-HCL025155099501/2025_H1N1,2575,0.9539,0.9539
seqneut25to26_sera_3048,A/France/ARA-HCL025155099501/2025_H1N1,plate21-A/France/ARA-HCL025155099501/2025_H1N1,5921,1.059,1
seqneut25to26_sera_3048,A/France/ARA-HCL025155099501/2025_H1N1,plate21-A/France/ARA-HCL025155099501/2025_H1N1,1.362e+04,1.269,1
seqneut25to26_sera_3048,A/Galicia/GA-CHUAC-451/2025_H3N2,plate21-A/Galicia/GA-CHUAC-451/2025_H3N2,40,0.1633,0.1633
seqneut25to26_sera_3048,A/Galicia/GA-CHUAC-451/2025_H3N2,plate21-A/Galicia/GA-CHUAC-451/2025_H3N2,92,0.4192,0.4192
seqneut25to26_sera_3048,A/Galicia/GA-CHUAC-451/2025_H3N2,plate21-A/Galicia/GA-CHUAC-451/2025_H3N2,212,1.017,1
seqneut25to26_sera_3048,A/Galicia/GA-CHUAC-451/2025_H3N2,plate21-A/Galicia/GA-CHUAC-451/2025_H3N2,487,1.115,1
seqneut25to26_sera_3048,A/Galicia/GA-CHUAC-451/2025_H3N2,plate21-A/Galicia/GA-CHUAC-451/2025_H3N2,1119,1.532,1
seqneut25to26_sera_3048,A/Galicia/GA-CHUAC-451/2025_H3N2,plate21-A/Galicia/GA-CHUAC-451/2025_H3N2,2575,1.189,1
seqneut25to26_sera_3048,A/Galicia/GA-CHUAC-451/2025_H3N2,plate21-A/Galicia/GA-CHUAC-451/2025_H3N2,5921,1.26,1
seqneut25to26_sera_3048,A/Galicia/GA-CHUAC-451/2025_H3N2,plate21-A/Galicia/GA-CHUAC-451/2025_H3N2,1.362e+04,1.418,1
seqneut25to26_sera_3048,A/Ghana/ARI-25-1125/2025_H1N1,plate21-A/Ghana/ARI-25-1125/2025_H1N1,40,0.000401,0.000401
seqneut25to26_sera_3048,A/Ghana/ARI-25-1125/2025_H1N1,plate21-A/Ghana/ARI-25-1125/2025_H1N1,92,0.002164,0.002164
seqneut25to26_sera_3048,A/Ghana/ARI-25-1125/2025_H1N1,plate21-A/Ghana/ARI-25-1125/2025_H1N1,212,0.1008,0.1008
seqneut25to26_sera_3048,A/Ghana/ARI-25-1125/2025_H1N1,plate21-A/Ghana/ARI-25-1125/2025_H1N1,487,0.8161,0.8161
seqneut25to26_sera_3048,A/Ghana/ARI-25-1125/2025_H1N1,plate21-A/Ghana/ARI-25-1125/2025_H1N1,1119,0.8916,0.8916
seqneut25to26_sera_3048,A/Ghana/ARI-25-1125/2025_H1N1,plate21-A/Ghana/ARI-25-1125/2025_H1N1,2575,1.09,1
seqneut25to26_sera_3048,A/Ghana/ARI-25-1125/2025_H1N1,plate21-A/Ghana/ARI-25-1125/2025_H1N1,5921,1.514,1
seqneut25to26_sera_3048,A/Ghana/ARI-25-1125/2025_H1N1,plate21-A/Ghana/ARI-25-1125/2025_H1N1,1.362e+04,1.141,1
seqneut25to26_sera_3048,A/Ghana/FS-25-7077/2025_H3N2,plate21-A/Ghana/FS-25-7077/2025_H3N2,40,0.0002588,0.0002588
seqneut25to26_sera_3048,A/Ghana/FS-25-7077/2025_H3N2,plate21-A/Ghana/FS-25-7077/2025_H3N2,92,0.008234,0.008234
seqneut25to26_sera_3048,A/Ghana/FS-25-7077/2025_H3N2,plate21-A/Ghana/FS-25-7077/2025_H3N2,212,0.1459,0.1459
seqneut25to26_sera_3048,A/Ghana/FS-25-7077/2025_H3N2,plate21-A/Ghana/FS-25-7077/2025_H3N2,487,0.2496,0.2496
seqneut25to26_sera_3048,A/Ghana/FS-25-7077/2025_H3N2,plate21-A/Ghana/FS-25-7077/2025_H3N2,1119,1.134,1
seqneut25to26_sera_3048,A/Ghana/FS-25-7077/2025_H3N2,plate21-A/Ghana/FS-25-7077/2025_H3N2,2575,1.201,1
seqneut25to26_sera_3048,A/Ghana/FS-25-7077/2025_H3N2,plate21-A/Ghana/FS-25-7077/2025_H3N2,5921,1.021,1
seqneut25to26_sera_3048,A/Ghana/FS-25-7077/2025_H3N2,plate21-A/Ghana/FS-25-7077/2025_H3N2,1.362e+04,1.119,1
seqneut25to26_sera_3048,A/Guangdong-Maonan/11438/2025_H3N2,plate21-A/Guangdong-Maonan/11438/2025_H3N2,40,0.07166,0.07166
seqneut25to26_sera_3048,A/Guangdong-Maonan/11438/2025_H3N2,plate21-A/Guangdong-Maonan/11438/2025_H3N2,92,0.6774,0.6774
seqneut25to26_sera_3048,A/Guangdong-Maonan/11438/2025_H3N2,plate21-A/Guangdong-Maonan/11438/2025_H3N2,212,0.6376,0.6376
seqneut25to26_sera_3048,A/Guangdong-Maonan/11438/2025_H3N2,plate21-A/Guangdong-Maonan/11438/2025_H3N2,487,0.7467,0.7467
seqneut25to26_sera_3048,A/Guangdong-Maonan/11438/2025_H3N2,plate21-A/Guangdong-Maonan/11438/2025_H3N2,1119,1.288,1
seqneut25to26_sera_3048,A/Guangdong-Maonan/11438/2025_H3N2,plate21-A/Guangdong-Maonan/11438/2025_H3N2,2575,1.435,1
seqneut25to26_sera_3048,A/Guangdong-Maonan/11438/2025_H3N2,plate21-A/Guangdong-Maonan/11438/2025_H3N2,5921,1.693,1
seqneut25to26_sera_3048,A/Guangdong-Maonan/11438/2025_H3N2,plate21-A/Guangdong-Maonan/11438/2025_H3N2,1.362e+04,1.863,1
seqneut25to26_sera_3048,A/Guangdong-Meijiang/11256/2025_H3N2,plate21-A/Guangdong-Meijiang/11256/2025_H3N2,40,0.0566,0.0566
seqneut25to26_sera_3048,A/Guangdong-Meijiang/11256/2025_H3N2,plate21-A/Guangdong-Meijiang/11256/2025_H3N2,92,0.3245,0.3245
seqneut25to26_sera_3048,A/Guangdong-Meijiang/11256/2025_H3N2,plate21-A/Guangdong-Meijiang/11256/2025_H3N2,212,0.3572,0.3572
seqneut25to26_sera_3048,A/Guangdong-Meijiang/11256/2025_H3N2,plate21-A/Guangdong-Meijiang/11256/2025_H3N2,487,0.8165,0.8165
seqneut25to26_sera_3048,A/Guangdong-Meijiang/11256/2025_H3N2,plate21-A/Guangdong-Meijiang/11256/2025_H3N2,1119,1.018,1
seqneut25to26_sera_3048,A/Guangdong-Meijiang/11256/2025_H3N2,plate21-A/Guangdong-Meijiang/11256/2025_H3N2,2575,1.032,1
seqneut25to26_sera_3048,A/Guangdong-Meijiang/11256/2025_H3N2,plate21-A/Guangdong-Meijiang/11256/2025_H3N2,5921,1.108,1
seqneut25to26_sera_3048,A/Guangdong-Meijiang/11256/2025_H3N2,plate21-A/Guangdong-Meijiang/11256/2025_H3N2,1.362e+04,1.146,1
seqneut25to26_sera_3048,A/Guangxi-Daxin/1643/2025_H3N2,plate21-A/Guangxi-Daxin/1643/2025_H3N2,40,0.1253,0.1253
seqneut25to26_sera_3048,A/Guangxi-Daxin/1643/2025_H3N2,plate21-A/Guangxi-Daxin/1643/2025_H3N2,92,0.5541,0.5541
seqneut25to26_sera_3048,A/Guangxi-Daxin/1643/2025_H3N2,plate21-A/Guangxi-Daxin/1643/2025_H3N2,212,0.8193,0.8193
seqneut25to26_sera_3048,A/Guangxi-Daxin/1643/2025_H3N2,plate21-A/Guangxi-Daxin/1643/2025_H3N2,487,0.7527,0.7527
seqneut25to26_sera_3048,A/Guangxi-Daxin/1643/2025_H3N2,plate21-A/Guangxi-Daxin/1643/2025_H3N2,1119,1.08,1
seqneut25to26_sera_3048,A/Guangxi-Daxin/1643/2025_H3N2,plate21-A/Guangxi-Daxin/1643/2025_H3N2,2575,1.218,1
seqneut25to26_sera_3048,A/Guangxi-Daxin/1643/2025_H3N2,plate21-A/Guangxi-Daxin/1643/2025_H3N2,5921,1.608,1
seqneut25to26_sera_3048,A/Guangxi-Daxin/1643/2025_H3N2,plate21-A/Guangxi-Daxin/1643/2025_H3N2,1.362e+04,1.513,1
seqneut25to26_sera_3048,A/Guangxi-Qingxiu/SWL11742/2025_H1N1,plate21-A/Guangxi-Qingxiu/SWL11742/2025_H1N1,40,0.001606,0.001606
seqneut25to26_sera_3048,A/Guangxi-Qingxiu/SWL11742/2025_H1N1,plate21-A/Guangxi-Qingxiu/SWL11742/2025_H1N1,92,0.005057,0.005057
seqneut25to26_sera_3048,A/Guangxi-Qingxiu/SWL11742/2025_H1N1,plate21-A/Guangxi-Qingxiu/SWL11742/2025_H1N1,212,0.03991,0.03991
seqneut25to26_sera_3048,A/Guangxi-Qingxiu/SWL11742/2025_H1N1,plate21-A/Guangxi-Qingxiu/SWL11742/2025_H1N1,487,0.2768,0.2768
seqneut25to26_sera_3048,A/Guangxi-Qingxiu/SWL11742/2025_H1N1,plate21-A/Guangxi-Qingxiu/SWL11742/2025_H1N1,1119,0.5595,0.5595
seqneut25to26_sera_3048,A/Guangxi-Qingxiu/SWL11742/2025_H1N1,plate21-A/Guangxi-Qingxiu/SWL11742/2025_H1N1,2575,0.6523,0.6523
seqneut25to26_sera_3048,A/Guangxi-Qingxiu/SWL11742/2025_H1N1,plate21-A/Guangxi-Qingxiu/SWL11742/2025_H1N1,5921,1.072,1
seqneut25to26_sera_3048,A/Guangxi-Qingxiu/SWL11742/2025_H1N1,plate21-A/Guangxi-Qingxiu/SWL11742/2025_H1N1,1.362e+04,1.067,1
seqneut25to26_sera_3048,A/Hawaii/44/2025_H1N1,plate21-A/Hawaii/44/2025_H1N1,40,0.000186,0.000186
seqneut25to26_sera_3048,A/Hawaii/44/2025_H1N1,plate21-A/Hawaii/44/2025_H1N1,92,0.0003857,0.0003857
seqneut25to26_sera_3048,A/Hawaii/44/2025_H1N1,plate21-A/Hawaii/44/2025_H1N1,212,0.07463,0.07463
seqneut25to26_sera_3048,A/Hawaii/44/2025_H1N1,plate21-A/Hawaii/44/2025_H1N1,487,0.3204,0.3204
seqneut25to26_sera_3048,A/Hawaii/44/2025_H1N1,plate21-A/Hawaii/44/2025_H1N1,1119,0.9797,0.9797
seqneut25to26_sera_3048,A/Hawaii/44/2025_H1N1,plate21-A/Hawaii/44/2025_H1N1,2575,0.8503,0.8503
seqneut25to26_sera_3048,A/Hawaii/44/2025_H1N1,plate21-A/Hawaii/44/2025_H1N1,5921,1.134,1
seqneut25to26_sera_3048,A/Hawaii/44/2025_H1N1,plate21-A/Hawaii/44/2025_H1N1,1.362e+04,1.227,1
seqneut25to26_sera_3048,A/Hawaii/70/2019_H1N1,plate21-A/Hawaii/70/2019_H1N1,40,0.0004501,0.0004501
seqneut25to26_sera_3048,A/Hawaii/70/2019_H1N1,plate21-A/Hawaii/70/2019_H1N1,92,0.0006667,0.0006667
seqneut25to26_sera_3048,A/Hawaii/70/2019_H1N1,plate21-A/Hawaii/70/2019_H1N1,212,0.009316,0.009316
seqneut25to26_sera_3048,A/Hawaii/70/2019_H1N1,plate21-A/Hawaii/70/2019_H1N1,487,0.09011,0.09011
seqneut25to26_sera_3048,A/Hawaii/70/2019_H1N1,plate21-A/Hawaii/70/2019_H1N1,1119,0.4455,0.4455
seqneut25to26_sera_3048,A/Hawaii/70/2019_H1N1,plate21-A/Hawaii/70/2019_H1N1,2575,0.6836,0.6836
seqneut25to26_sera_3048,A/Hawaii/70/2019_H1N1,plate21-A/Hawaii/70/2019_H1N1,5921,0.983,0.983
seqneut25to26_sera_3048,A/Hawaii/70/2019_H1N1,plate21-A/Hawaii/70/2019_H1N1,1.362e+04,1.268,1
seqneut25to26_sera_3048,A/HongKong/1257/2025_H3N2,plate21-A/HongKong/1257/2025_H3N2,40,0.1657,0.1657
seqneut25to26_sera_3048,A/HongKong/1257/2025_H3N2,plate21-A/HongKong/1257/2025_H3N2,92,0.5454,0.5454
seqneut25to26_sera_3048,A/HongKong/1257/2025_H3N2,plate21-A/HongKong/1257/2025_H3N2,212,0.6509,0.6509
seqneut25to26_sera_3048,A/HongKong/1257/2025_H3N2,plate21-A/HongKong/1257/2025_H3N2,487,1.112,1
seqneut25to26_sera_3048,A/HongKong/1257/2025_H3N2,plate21-A/HongKong/1257/2025_H3N2,1119,1.306,1
seqneut25to26_sera_3048,A/HongKong/1257/2025_H3N2,plate21-A/HongKong/1257/2025_H3N2,2575,1.291,1
seqneut25to26_sera_3048,A/HongKong/1257/2025_H3N2,plate21-A/HongKong/1257/2025_H3N2,5921,1.23,1
seqneut25to26_sera_3048,A/HongKong/1257/2025_H3N2,plate21-A/HongKong/1257/2025_H3N2,1.362e+04,1.235,1
seqneut25to26_sera_3048,A/HongKong/1382/2025_H3N2,plate21-A/HongKong/1382/2025_H3N2,40,0.0002876,0.0002876
seqneut25to26_sera_3048,A/HongKong/1382/2025_H3N2,plate21-A/HongKong/1382/2025_H3N2,92,0.00407,0.00407
seqneut25to26_sera_3048,A/HongKong/1382/2025_H3N2,plate21-A/HongKong/1382/2025_H3N2,212,0.1337,0.1337
seqneut25to26_sera_3048,A/HongKong/1382/2025_H3N2,plate21-A/HongKong/1382/2025_H3N2,487,0.5345,0.5345
seqneut25to26_sera_3048,A/HongKong/1382/2025_H3N2,plate21-A/HongKong/1382/2025_H3N2,1119,0.5581,0.5581
seqneut25to26_sera_3048,A/HongKong/1382/2025_H3N2,plate21-A/HongKong/1382/2025_H3N2,2575,1.025,1
seqneut25to26_sera_3048,A/HongKong/1382/2025_H3N2,plate21-A/HongKong/1382/2025_H3N2,5921,1.063,1
seqneut25to26_sera_3048,A/HongKong/1382/2025_H3N2,plate21-A/HongKong/1382/2025_H3N2,1.362e+04,1.159,1
seqneut25to26_sera_3048,A/Indonesia/BIOKES-I-BT074/2025_H3N2,plate21-A/Indonesia/BIOKES-I-BT074/2025_H3N2,40,0.008643,0.008643
seqneut25to26_sera_3048,A/Indonesia/BIOKES-I-BT074/2025_H3N2,plate21-A/Indonesia/BIOKES-I-BT074/2025_H3N2,92,0.01679,0.01679
seqneut25to26_sera_3048,A/Indonesia/BIOKES-I-BT074/2025_H3N2,plate21-A/Indonesia/BIOKES-I-BT074/2025_H3N2,212,0.2774,0.2774
seqneut25to26_sera_3048,A/Indonesia/BIOKES-I-BT074/2025_H3N2,plate21-A/Indonesia/BIOKES-I-BT074/2025_H3N2,487,0.5582,0.5582
seqneut25to26_sera_3048,A/Indonesia/BIOKES-I-BT074/2025_H3N2,plate21-A/Indonesia/BIOKES-I-BT074/2025_H3N2,1119,0.9918,0.9918
seqneut25to26_sera_3048,A/Indonesia/BIOKES-I-BT074/2025_H3N2,plate21-A/Indonesia/BIOKES-I-BT074/2025_H3N2,2575,1.269,1
seqneut25to26_sera_3048,A/Indonesia/BIOKES-I-BT074/2025_H3N2,plate21-A/Indonesia/BIOKES-I-BT074/2025_H3N2,5921,1.249,1
seqneut25to26_sera_3048,A/Indonesia/BIOKES-I-BT074/2025_H3N2,plate21-A/Indonesia/BIOKES-I-BT074/2025_H3N2,1.362e+04,1.049,1
seqneut25to26_sera_3048,A/Indonesia/BIOKES-INAD491/2025_H3N2,plate21-A/Indonesia/BIOKES-INAD491/2025_H3N2,40,0.07671,0.07671
seqneut25to26_sera_3048,A/Indonesia/BIOKES-INAD491/2025_H3N2,plate21-A/Indonesia/BIOKES-INAD491/2025_H3N2,92,0.4447,0.4447
seqneut25to26_sera_3048,A/Indonesia/BIOKES-INAD491/2025_H3N2,plate21-A/Indonesia/BIOKES-INAD491/2025_H3N2,212,0.6235,0.6235
seqneut25to26_sera_3048,A/Indonesia/BIOKES-INAD491/2025_H3N2,plate21-A/Indonesia/BIOKES-INAD491/2025_H3N2,487,0.7122,0.7122
seqneut25to26_sera_3048,A/Indonesia/BIOKES-INAD491/2025_H3N2,plate21-A/Indonesia/BIOKES-INAD491/2025_H3N2,1119,1.41,1
seqneut25to26_sera_3048,A/Indonesia/BIOKES-INAD491/2025_H3N2,plate21-A/Indonesia/BIOKES-INAD491/2025_H3N2,2575,1.275,1
seqneut25to26_sera_3048,A/Indonesia/BIOKES-INAD491/2025_H3N2,plate21-A/Indonesia/BIOKES-INAD491/2025_H3N2,5921,1.331,1
seqneut25to26_sera_3048,A/Indonesia/BIOKES-INAD491/2025_H3N2,plate21-A/Indonesia/BIOKES-INAD491/2025_H3N2,1.362e+04,1.393,1
seqneut25to26_sera_3048,A/Lao/820-2750/2025_H3N2,plate21-A/Lao/820-2750/2025_H3N2,40,0.02338,0.02338
seqneut25to26_sera_3048,A/Lao/820-2750/2025_H3N2,plate21-A/Lao/820-2750/2025_H3N2,92,0.2084,0.2084
seqneut25to26_sera_3048,A/Lao/820-2750/2025_H3N2,plate21-A/Lao/820-2750/2025_H3N2,212,0.5206,0.5206
seqneut25to26_sera_3048,A/Lao/820-2750/2025_H3N2,plate21-A/Lao/820-2750/2025_H3N2,487,0.874,0.874
seqneut25to26_sera_3048,A/Lao/820-2750/2025_H3N2,plate21-A/Lao/820-2750/2025_H3N2,1119,1.915,1
seqneut25to26_sera_3048,A/Lao/820-2750/2025_H3N2,plate21-A/Lao/820-2750/2025_H3N2,2575,1.03,1
seqneut25to26_sera_3048,A/Lao/820-2750/2025_H3N2,plate21-A/Lao/820-2750/2025_H3N2,5921,1.163,1
seqneut25to26_sera_3048,A/Lao/820-2750/2025_H3N2,plate21-A/Lao/820-2750/2025_H3N2,1.362e+04,1.08,1
seqneut25to26_sera_3048,A/Malaysia/IMR/SARI/2028/2025_H3N2,plate21-A/Malaysia/IMR/SARI/2028/2025_H3N2,40,0.02879,0.02879
seqneut25to26_sera_3048,A/Malaysia/IMR/SARI/2028/2025_H3N2,plate21-A/Malaysia/IMR/SARI/2028/2025_H3N2,92,0.1933,0.1933
seqneut25to26_sera_3048,A/Malaysia/IMR/SARI/2028/2025_H3N2,plate21-A/Malaysia/IMR/SARI/2028/2025_H3N2,212,0.3544,0.3544
seqneut25to26_sera_3048,A/Malaysia/IMR/SARI/2028/2025_H3N2,plate21-A/Malaysia/IMR/SARI/2028/2025_H3N2,487,0.6084,0.6084
seqneut25to26_sera_3048,A/Malaysia/IMR/SARI/2028/2025_H3N2,plate21-A/Malaysia/IMR/SARI/2028/2025_H3N2,1119,0.8466,0.8466
seqneut25to26_sera_3048,A/Malaysia/IMR/SARI/2028/2025_H3N2,plate21-A/Malaysia/IMR/SARI/2028/2025_H3N2,2575,0.8745,0.8745
seqneut25to26_sera_3048,A/Malaysia/IMR/SARI/2028/2025_H3N2,plate21-A/Malaysia/IMR/SARI/2028/2025_H3N2,5921,1.207,1
seqneut25to26_sera_3048,A/Malaysia/IMR/SARI/2028/2025_H3N2,plate21-A/Malaysia/IMR/SARI/2028/2025_H3N2,1.362e+04,1.381,1
seqneut25to26_sera_3048,A/Malaysia/IMR/SARI/2406/2025_H3N2,plate21-A/Malaysia/IMR/SARI/2406/2025_H3N2,40,0.01034,0.01034
seqneut25to26_sera_3048,A/Malaysia/IMR/SARI/2406/2025_H3N2,plate21-A/Malaysia/IMR/SARI/2406/2025_H3N2,92,0.1096,0.1096
seqneut25to26_sera_3048,A/Malaysia/IMR/SARI/2406/2025_H3N2,plate21-A/Malaysia/IMR/SARI/2406/2025_H3N2,212,0.3547,0.3547
seqneut25to26_sera_3048,A/Malaysia/IMR/SARI/2406/2025_H3N2,plate21-A/Malaysia/IMR/SARI/2406/2025_H3N2,487,0.6468,0.6468
seqneut25to26_sera_3048,A/Malaysia/IMR/SARI/2406/2025_H3N2,plate21-A/Malaysia/IMR/SARI/2406/2025_H3N2,1119,1.471,1
seqneut25to26_sera_3048,A/Malaysia/IMR/SARI/2406/2025_H3N2,plate21-A/Malaysia/IMR/SARI/2406/2025_H3N2,2575,1.24,1
seqneut25to26_sera_3048,A/Malaysia/IMR/SARI/2406/2025_H3N2,plate21-A/Malaysia/IMR/SARI/2406/2025_H3N2,5921,1.313,1
seqneut25to26_sera_3048,A/Malaysia/IMR/SARI/2406/2025_H3N2,plate21-A/Malaysia/IMR/SARI/2406/2025_H3N2,1.362e+04,1.423,1
seqneut25to26_sera_3048,A/Malaysia/IMR/SARI/2517/2025_H3N2,plate21-A/Malaysia/IMR/SARI/2517/2025_H3N2,40,0.004543,0.004543
seqneut25to26_sera_3048,A/Malaysia/IMR/SARI/2517/2025_H3N2,plate21-A/Malaysia/IMR/SARI/2517/2025_H3N2,92,0.04417,0.04417
seqneut25to26_sera_3048,A/Malaysia/IMR/SARI/2517/2025_H3N2,plate21-A/Malaysia/IMR/SARI/2517/2025_H3N2,212,0.3587,0.3587
seqneut25to26_sera_3048,A/Malaysia/IMR/SARI/2517/2025_H3N2,plate21-A/Malaysia/IMR/SARI/2517/2025_H3N2,487,0.7934,0.7934
seqneut25to26_sera_3048,A/Malaysia/IMR/SARI/2517/2025_H3N2,plate21-A/Malaysia/IMR/SARI/2517/2025_H3N2,1119,1.396,1
seqneut25to26_sera_3048,A/Malaysia/IMR/SARI/2517/2025_H3N2,plate21-A/Malaysia/IMR/SARI/2517/2025_H3N2,2575,1.428,1
seqneut25to26_sera_3048,A/Malaysia/IMR/SARI/2517/2025_H3N2,plate21-A/Malaysia/IMR/SARI/2517/2025_H3N2,5921,1.767,1
seqneut25to26_sera_3048,A/Malaysia/IMR/SARI/2517/2025_H3N2,plate21-A/Malaysia/IMR/SARI/2517/2025_H3N2,1.362e+04,1.256,1
seqneut25to26_sera_3048,A/Massachusetts/18/2022_H3N2,plate21-A/Massachusetts/18/2022_H3N2,40,0.235,0.235
seqneut25to26_sera_3048,A/Massachusetts/18/2022_H3N2,plate21-A/Massachusetts/18/2022_H3N2,92,0.7575,0.7575
seqneut25to26_sera_3048,A/Massachusetts/18/2022_H3N2,plate21-A/Massachusetts/18/2022_H3N2,212,1.135,1
seqneut25to26_sera_3048,A/Massachusetts/18/2022_H3N2,plate21-A/Massachusetts/18/2022_H3N2,487,1.346,1
seqneut25to26_sera_3048,A/Massachusetts/18/2022_H3N2,plate21-A/Massachusetts/18/2022_H3N2,1119,2.062,1
seqneut25to26_sera_3048,A/Massachusetts/18/2022_H3N2,plate21-A/Massachusetts/18/2022_H3N2,2575,1.142,1
seqneut25to26_sera_3048,A/Massachusetts/18/2022_H3N2,plate21-A/Massachusetts/18/2022_H3N2,5921,1.396,1
seqneut25to26_sera_3048,A/Massachusetts/18/2022_H3N2,plate21-A/Massachusetts/18/2022_H3N2,1.362e+04,1.384,1
seqneut25to26_sera_3048,A/Michigan/110/2025_H3N2,plate21-A/Michigan/110/2025_H3N2,40,0.173,0.173
seqneut25to26_sera_3048,A/Michigan/110/2025_H3N2,plate21-A/Michigan/110/2025_H3N2,92,0.5455,0.5455
seqneut25to26_sera_3048,A/Michigan/110/2025_H3N2,plate21-A/Michigan/110/2025_H3N2,212,0.8911,0.8911
seqneut25to26_sera_3048,A/Michigan/110/2025_H3N2,plate21-A/Michigan/110/2025_H3N2,487,0.6634,0.6634
seqneut25to26_sera_3048,A/Michigan/110/2025_H3N2,plate21-A/Michigan/110/2025_H3N2,1119,2.112,1
seqneut25to26_sera_3048,A/Michigan/110/2025_H3N2,plate21-A/Michigan/110/2025_H3N2,2575,1.37,1
seqneut25to26_sera_3048,A/Michigan/110/2025_H3N2,plate21-A/Michigan/110/2025_H3N2,5921,1.127,1
seqneut25to26_sera_3048,A/Michigan/110/2025_H3N2,plate21-A/Michigan/110/2025_H3N2,1.362e+04,1.563,1
seqneut25to26_sera_3048,A/Minnesota/96/2025_H3N2,plate21-A/Minnesota/96/2025_H3N2,40,0.07631,0.07631
seqneut25to26_sera_3048,A/Minnesota/96/2025_H3N2,plate21-A/Minnesota/96/2025_H3N2,92,0.3733,0.3733
seqneut25to26_sera_3048,A/Minnesota/96/2025_H3N2,plate21-A/Minnesota/96/2025_H3N2,212,0.5094,0.5094
seqneut25to26_sera_3048,A/Minnesota/96/2025_H3N2,plate21-A/Minnesota/96/2025_H3N2,487,0.888,0.888
seqneut25to26_sera_3048,A/Minnesota/96/2025_H3N2,plate21-A/Minnesota/96/2025_H3N2,1119,1.243,1
seqneut25to26_sera_3048,A/Minnesota/96/2025_H3N2,plate21-A/Minnesota/96/2025_H3N2,2575,1.105,1
seqneut25to26_sera_3048,A/Minnesota/96/2025_H3N2,plate21-A/Minnesota/96/2025_H3N2,5921,1.101,1
seqneut25to26_sera_3048,A/Minnesota/96/2025_H3N2,plate21-A/Minnesota/96/2025_H3N2,1.362e+04,1.6,1
seqneut25to26_sera_3048,A/Missouri/11/2025_H1N1,plate21-A/Missouri/11/2025_H1N1,40,0.001584,0.001584
seqneut25to26_sera_3048,A/Missouri/11/2025_H1N1,plate21-A/Missouri/11/2025_H1N1,92,0.003697,0.003697
seqneut25to26_sera_3048,A/Missouri/11/2025_H1N1,plate21-A/Missouri/11/2025_H1N1,212,0.2054,0.2054
seqneut25to26_sera_3048,A/Missouri/11/2025_H1N1,plate21-A/Missouri/11/2025_H1N1,487,0.203,0.203
seqneut25to26_sera_3048,A/Missouri/11/2025_H1N1,plate21-A/Missouri/11/2025_H1N1,1119,0.6661,0.6661
seqneut25to26_sera_3048,A/Missouri/11/2025_H1N1,plate21-A/Missouri/11/2025_H1N1,2575,1.128,1
seqneut25to26_sera_3048,A/Missouri/11/2025_H1N1,plate21-A/Missouri/11/2025_H1N1,5921,0.8808,0.8808
seqneut25to26_sera_3048,A/Missouri/11/2025_H1N1,plate21-A/Missouri/11/2025_H1N1,1.362e+04,1.044,1
seqneut25to26_sera_3048,A/NewSouthWales/2526015582/2025_H3N2,plate21-A/NewSouthWales/2526015582/2025_H3N2,40,0.002146,0.002146
seqneut25to26_sera_3048,A/NewSouthWales/2526015582/2025_H3N2,plate21-A/NewSouthWales/2526015582/2025_H3N2,92,0.01357,0.01357
seqneut25to26_sera_3048,A/NewSouthWales/2526015582/2025_H3N2,plate21-A/NewSouthWales/2526015582/2025_H3N2,212,0.2108,0.2108
seqneut25to26_sera_3048,A/NewSouthWales/2526015582/2025_H3N2,plate21-A/NewSouthWales/2526015582/2025_H3N2,487,0.6162,0.6162
seqneut25to26_sera_3048,A/NewSouthWales/2526015582/2025_H3N2,plate21-A/NewSouthWales/2526015582/2025_H3N2,1119,1.017,1
seqneut25to26_sera_3048,A/NewSouthWales/2526015582/2025_H3N2,plate21-A/NewSouthWales/2526015582/2025_H3N2,2575,1.043,1
seqneut25to26_sera_3048,A/NewSouthWales/2526015582/2025_H3N2,plate21-A/NewSouthWales/2526015582/2025_H3N2,5921,1.438,1
seqneut25to26_sera_3048,A/NewSouthWales/2526015582/2025_H3N2,plate21-A/NewSouthWales/2526015582/2025_H3N2,1.362e+04,1.239,1
seqneut25to26_sera_3048,A/NewSouthWales/2526015584/2025_H3N2,plate21-A/NewSouthWales/2526015584/2025_H3N2,40,0.0001291,0.0001291
seqneut25to26_sera_3048,A/NewSouthWales/2526015584/2025_H3N2,plate21-A/NewSouthWales/2526015584/2025_H3N2,92,0.002059,0.002059
seqneut25to26_sera_3048,A/NewSouthWales/2526015584/2025_H3N2,plate21-A/NewSouthWales/2526015584/2025_H3N2,212,0.03469,0.03469
seqneut25to26_sera_3048,A/NewSouthWales/2526015584/2025_H3N2,plate21-A/NewSouthWales/2526015584/2025_H3N2,487,0.1954,0.1954
seqneut25to26_sera_3048,A/NewSouthWales/2526015584/2025_H3N2,plate21-A/NewSouthWales/2526015584/2025_H3N2,1119,0.7895,0.7895
seqneut25to26_sera_3048,A/NewSouthWales/2526015584/2025_H3N2,plate21-A/NewSouthWales/2526015584/2025_H3N2,2575,0.8779,0.8779
seqneut25to26_sera_3048,A/NewSouthWales/2526015584/2025_H3N2,plate21-A/NewSouthWales/2526015584/2025_H3N2,5921,1.11,1
seqneut25to26_sera_3048,A/NewSouthWales/2526015584/2025_H3N2,plate21-A/NewSouthWales/2526015584/2025_H3N2,1.362e+04,1.217,1
seqneut25to26_sera_3048,A/Norway/8765/2025_H3N2,plate21-A/Norway/8765/2025_H3N2,40,0.0009438,0.0009438
seqneut25to26_sera_3048,A/Norway/8765/2025_H3N2,plate21-A/Norway/8765/2025_H3N2,92,0.01925,0.01925
seqneut25to26_sera_3048,A/Norway/8765/2025_H3N2,plate21-A/Norway/8765/2025_H3N2,212,0.1005,0.1005
seqneut25to26_sera_3048,A/Norway/8765/2025_H3N2,plate21-A/Norway/8765/2025_H3N2,487,0.4117,0.4117
seqneut25to26_sera_3048,A/Norway/8765/2025_H3N2,plate21-A/Norway/8765/2025_H3N2,1119,1.283,1
seqneut25to26_sera_3048,A/Norway/8765/2025_H3N2,plate21-A/Norway/8765/2025_H3N2,2575,0.9471,0.9471
seqneut25to26_sera_3048,A/Norway/8765/2025_H3N2,plate21-A/Norway/8765/2025_H3N2,5921,1.03,1
seqneut25to26_sera_3048,A/Norway/8765/2025_H3N2,plate21-A/Norway/8765/2025_H3N2,1.362e+04,1.124,1
seqneut25to26_sera_3048,A/Norway/8976/2025_H3N2,plate21-A/Norway/8976/2025_H3N2,40,0.0002059,0.0002059
seqneut25to26_sera_3048,A/Norway/8976/2025_H3N2,plate21-A/Norway/8976/2025_H3N2,92,0.02921,0.02921
seqneut25to26_sera_3048,A/Norway/8976/2025_H3N2,plate21-A/Norway/8976/2025_H3N2,212,0.07913,0.07913
seqneut25to26_sera_3048,A/Norway/8976/2025_H3N2,plate21-A/Norway/8976/2025_H3N2,487,0.4106,0.4106
seqneut25to26_sera_3048,A/Norway/8976/2025_H3N2,plate21-A/Norway/8976/2025_H3N2,1119,0.9934,0.9934
seqneut25to26_sera_3048,A/Norway/8976/2025_H3N2,plate21-A/Norway/8976/2025_H3N2,2575,1.072,1
seqneut25to26_sera_3048,A/Norway/8976/2025_H3N2,plate21-A/Norway/8976/2025_H3N2,5921,1.194,1
seqneut25to26_sera_3048,A/Norway/8976/2025_H3N2,plate21-A/Norway/8976/2025_H3N2,1.362e+04,1.684,1
seqneut25to26_sera_3048,A/Norway/9107/2025_H1N1,plate21-A/Norway/9107/2025_H1N1,40,0.0008177,0.0008177
seqneut25to26_sera_3048,A/Norway/9107/2025_H1N1,plate21-A/Norway/9107/2025_H1N1,92,0.01106,0.01106
seqneut25to26_sera_3048,A/Norway/9107/2025_H1N1,plate21-A/Norway/9107/2025_H1N1,212,0.05236,0.05236
seqneut25to26_sera_3048,A/Norway/9107/2025_H1N1,plate21-A/Norway/9107/2025_H1N1,487,0.3341,0.3341
seqneut25to26_sera_3048,A/Norway/9107/2025_H1N1,plate21-A/Norway/9107/2025_H1N1,1119,0.6834,0.6834
seqneut25to26_sera_3048,A/Norway/9107/2025_H1N1,plate21-A/Norway/9107/2025_H1N1,2575,0.8382,0.8382
seqneut25to26_sera_3048,A/Norway/9107/2025_H1N1,plate21-A/Norway/9107/2025_H1N1,5921,1.005,1
seqneut25to26_sera_3048,A/Norway/9107/2025_H1N1,plate21-A/Norway/9107/2025_H1N1,1.362e+04,1.357,1
seqneut25to26_sera_3048,A/Norway/9556/2025_H1N1,plate21-A/Norway/9556/2025_H1N1,40,0.0002464,0.0002464
seqneut25to26_sera_3048,A/Norway/9556/2025_H1N1,plate21-A/Norway/9556/2025_H1N1,92,0.009576,0.009576
seqneut25to26_sera_3048,A/Norway/9556/2025_H1N1,plate21-A/Norway/9556/2025_H1N1,212,0.221,0.221
seqneut25to26_sera_3048,A/Norway/9556/2025_H1N1,plate21-A/Norway/9556/2025_H1N1,487,0.5968,0.5968
seqneut25to26_sera_3048,A/Norway/9556/2025_H1N1,plate21-A/Norway/9556/2025_H1N1,1119,1.311,1
seqneut25to26_sera_3048,A/Norway/9556/2025_H1N1,plate21-A/Norway/9556/2025_H1N1,2575,1.152,1
seqneut25to26_sera_3048,A/Norway/9556/2025_H1N1,plate21-A/Norway/9556/2025_H1N1,5921,1.509,1
seqneut25to26_sera_3048,A/Norway/9556/2025_H1N1,plate21-A/Norway/9556/2025_H1N1,1.362e+04,1.327,1
seqneut25to26_sera_3048,A/Peru/GIHSN-04-1089/2025_H3N2,plate21-A/Peru/GIHSN-04-1089/2025_H3N2,40,0.2462,0.2462
seqneut25to26_sera_3048,A/Peru/GIHSN-04-1089/2025_H3N2,plate21-A/Peru/GIHSN-04-1089/2025_H3N2,92,0.462,0.462
seqneut25to26_sera_3048,A/Peru/GIHSN-04-1089/2025_H3N2,plate21-A/Peru/GIHSN-04-1089/2025_H3N2,212,0.6949,0.6949
seqneut25to26_sera_3048,A/Peru/GIHSN-04-1089/2025_H3N2,plate21-A/Peru/GIHSN-04-1089/2025_H3N2,487,0.9484,0.9484
seqneut25to26_sera_3048,A/Peru/GIHSN-04-1089/2025_H3N2,plate21-A/Peru/GIHSN-04-1089/2025_H3N2,1119,1.492,1
seqneut25to26_sera_3048,A/Peru/GIHSN-04-1089/2025_H3N2,plate21-A/Peru/GIHSN-04-1089/2025_H3N2,2575,1.032,1
seqneut25to26_sera_3048,A/Peru/GIHSN-04-1089/2025_H3N2,plate21-A/Peru/GIHSN-04-1089/2025_H3N2,5921,1.607,1
seqneut25to26_sera_3048,A/Peru/GIHSN-04-1089/2025_H3N2,plate21-A/Peru/GIHSN-04-1089/2025_H3N2,1.362e+04,1.341,1
seqneut25to26_sera_3048,A/Philippines/SARI25-1425/2025_H1N1,plate21-A/Philippines/SARI25-1425/2025_H1N1,40,0.00158,0.00158
seqneut25to26_sera_3048,A/Philippines/SARI25-1425/2025_H1N1,plate21-A/Philippines/SARI25-1425/2025_H1N1,92,0.001082,0.001082
seqneut25to26_sera_3048,A/Philippines/SARI25-1425/2025_H1N1,plate21-A/Philippines/SARI25-1425/2025_H1N1,212,0.08908,0.08908
seqneut25to26_sera_3048,A/Philippines/SARI25-1425/2025_H1N1,plate21-A/Philippines/SARI25-1425/2025_H1N1,487,0.3077,0.3077
seqneut25to26_sera_3048,A/Philippines/SARI25-1425/2025_H1N1,plate21-A/Philippines/SARI25-1425/2025_H1N1,1119,1.021,1
seqneut25to26_sera_3048,A/Philippines/SARI25-1425/2025_H1N1,plate21-A/Philippines/SARI25-1425/2025_H1N1,2575,0.9547,0.9547
seqneut25to26_sera_3048,A/Philippines/SARI25-1425/2025_H1N1,plate21-A/Philippines/SARI25-1425/2025_H1N1,5921,0.9833,0.9833
seqneut25to26_sera_3048,A/Philippines/SARI25-1425/2025_H1N1,plate21-A/Philippines/SARI25-1425/2025_H1N1,1.362e+04,1.307,1
seqneut25to26_sera_3048,A/Queensland/2526516675/2025_H3N2,plate21-A/Queensland/2526516675/2025_H3N2,40,0.001685,0.001685
seqneut25to26_sera_3048,A/Queensland/2526516675/2025_H3N2,plate21-A/Queensland/2526516675/2025_H3N2,92,0.01657,0.01657
seqneut25to26_sera_3048,A/Queensland/2526516675/2025_H3N2,plate21-A/Queensland/2526516675/2025_H3N2,212,0.09879,0.09879
seqneut25to26_sera_3048,A/Queensland/2526516675/2025_H3N2,plate21-A/Queensland/2526516675/2025_H3N2,487,0.4213,0.4213
seqneut25to26_sera_3048,A/Queensland/2526516675/2025_H3N2,plate21-A/Queensland/2526516675/2025_H3N2,1119,0.9578,0.9578
seqneut25to26_sera_3048,A/Queensland/2526516675/2025_H3N2,plate21-A/Queensland/2526516675/2025_H3N2,2575,1.017,1
seqneut25to26_sera_3048,A/Queensland/2526516675/2025_H3N2,plate21-A/Queensland/2526516675/2025_H3N2,5921,1.205,1
seqneut25to26_sera_3048,A/Queensland/2526516675/2025_H3N2,plate21-A/Queensland/2526516675/2025_H3N2,1.362e+04,1.557,1
seqneut25to26_sera_3048,A/SouthAfrica/PET37604/2025_H3N2,plate21-A/SouthAfrica/PET37604/2025_H3N2,40,0.1607,0.1607
seqneut25to26_sera_3048,A/SouthAfrica/PET37604/2025_H3N2,plate21-A/SouthAfrica/PET37604/2025_H3N2,92,0.1639,0.1639
seqneut25to26_sera_3048,A/SouthAfrica/PET37604/2025_H3N2,plate21-A/SouthAfrica/PET37604/2025_H3N2,212,0.594,0.594
seqneut25to26_sera_3048,A/SouthAfrica/PET37604/2025_H3N2,plate21-A/SouthAfrica/PET37604/2025_H3N2,487,0.6832,0.6832
seqneut25to26_sera_3048,A/SouthAfrica/PET37604/2025_H3N2,plate21-A/SouthAfrica/PET37604/2025_H3N2,1119,1.01,1
seqneut25to26_sera_3048,A/SouthAfrica/PET37604/2025_H3N2,plate21-A/SouthAfrica/PET37604/2025_H3N2,2575,1.429,1
seqneut25to26_sera_3048,A/SouthAfrica/PET37604/2025_H3N2,plate21-A/SouthAfrica/PET37604/2025_H3N2,5921,1.09,1
seqneut25to26_sera_3048,A/SouthAfrica/PET37604/2025_H3N2,plate21-A/SouthAfrica/PET37604/2025_H3N2,1.362e+04,1.638,1
seqneut25to26_sera_3048,A/SouthAfrica/PET37625/2025_H3N2,plate21-A/SouthAfrica/PET37625/2025_H3N2,40,0.04588,0.04588
seqneut25to26_sera_3048,A/SouthAfrica/PET37625/2025_H3N2,plate21-A/SouthAfrica/PET37625/2025_H3N2,92,0.5961,0.5961
seqneut25to26_sera_3048,A/SouthAfrica/PET37625/2025_H3N2,plate21-A/SouthAfrica/PET37625/2025_H3N2,212,0.5243,0.5243
seqneut25to26_sera_3048,A/SouthAfrica/PET37625/2025_H3N2,plate21-A/SouthAfrica/PET37625/2025_H3N2,487,0.912,0.912
seqneut25to26_sera_3048,A/SouthAfrica/PET37625/2025_H3N2,plate21-A/SouthAfrica/PET37625/2025_H3N2,1119,1.425,1
seqneut25to26_sera_3048,A/SouthAfrica/PET37625/2025_H3N2,plate21-A/SouthAfrica/PET37625/2025_H3N2,2575,1.091,1
seqneut25to26_sera_3048,A/SouthAfrica/PET37625/2025_H3N2,plate21-A/SouthAfrica/PET37625/2025_H3N2,5921,1.367,1
seqneut25to26_sera_3048,A/SouthAfrica/PET37625/2025_H3N2,plate21-A/SouthAfrica/PET37625/2025_H3N2,1.362e+04,1.569,1
seqneut25to26_sera_3048,A/SouthAustralia/2519001037/2025_H1N1,plate21-A/SouthAustralia/2519001037/2025_H1N1,40,0.001005,0.001005
seqneut25to26_sera_3048,A/SouthAustralia/2519001037/2025_H1N1,plate21-A/SouthAustralia/2519001037/2025_H1N1,92,0.00737,0.00737
seqneut25to26_sera_3048,A/SouthAustralia/2519001037/2025_H1N1,plate21-A/SouthAustralia/2519001037/2025_H1N1,212,0.05341,0.05341
seqneut25to26_sera_3048,A/SouthAustralia/2519001037/2025_H1N1,plate21-A/SouthAustralia/2519001037/2025_H1N1,487,0.2946,0.2946
seqneut25to26_sera_3048,A/SouthAustralia/2519001037/2025_H1N1,plate21-A/SouthAustralia/2519001037/2025_H1N1,1119,0.6453,0.6453
seqneut25to26_sera_3048,A/SouthAustralia/2519001037/2025_H1N1,plate21-A/SouthAustralia/2519001037/2025_H1N1,2575,0.8035,0.8035
seqneut25to26_sera_3048,A/SouthAustralia/2519001037/2025_H1N1,plate21-A/SouthAustralia/2519001037/2025_H1N1,5921,0.9772,0.9772
seqneut25to26_sera_3048,A/SouthAustralia/2519001037/2025_H1N1,plate21-A/SouthAustralia/2519001037/2025_H1N1,1.362e+04,1.252,1
seqneut25to26_sera_3048,A/SouthAustralia/2520702747/2025_H1N1,plate21-A/SouthAustralia/2520702747/2025_H1N1,40,0.004102,0.004102
seqneut25to26_sera_3048,A/SouthAustralia/2520702747/2025_H1N1,plate21-A/SouthAustralia/2520702747/2025_H1N1,92,0.0007804,0.0007804
seqneut25to26_sera_3048,A/SouthAustralia/2520702747/2025_H1N1,plate21-A/SouthAustralia/2520702747/2025_H1N1,212,0.07316,0.07316
seqneut25to26_sera_3048,A/SouthAustralia/2520702747/2025_H1N1,plate21-A/SouthAustralia/2520702747/2025_H1N1,487,0.305,0.305
seqneut25to26_sera_3048,A/SouthAustralia/2520702747/2025_H1N1,plate21-A/SouthAustralia/2520702747/2025_H1N1,1119,0.9895,0.9895
seqneut25to26_sera_3048,A/SouthAustralia/2520702747/2025_H1N1,plate21-A/SouthAustralia/2520702747/2025_H1N1,2575,0.6676,0.6676
seqneut25to26_sera_3048,A/SouthAustralia/2520702747/2025_H1N1,plate21-A/SouthAustralia/2520702747/2025_H1N1,5921,1.018,1
seqneut25to26_sera_3048,A/SouthAustralia/2520702747/2025_H1N1,plate21-A/SouthAustralia/2520702747/2025_H1N1,1.362e+04,0.9863,0.9863
seqneut25to26_sera_3048,A/SouthAustralia/2523012764/2025_H1N1,plate21-A/SouthAustralia/2523012764/2025_H1N1,40,0.0002695,0.0002695
seqneut25to26_sera_3048,A/SouthAustralia/2523012764/2025_H1N1,plate21-A/SouthAustralia/2523012764/2025_H1N1,92,0.000915,0.000915
seqneut25to26_sera_3048,A/SouthAustralia/2523012764/2025_H1N1,plate21-A/SouthAustralia/2523012764/2025_H1N1,212,0.0441,0.0441
seqneut25to26_sera_3048,A/SouthAustralia/2523012764/2025_H1N1,plate21-A/SouthAustralia/2523012764/2025_H1N1,487,0.3543,0.3543
seqneut25to26_sera_3048,A/SouthAustralia/2523012764/2025_H1N1,plate21-A/SouthAustralia/2523012764/2025_H1N1,1119,0.893,0.893
seqneut25to26_sera_3048,A/SouthAustralia/2523012764/2025_H1N1,plate21-A/SouthAustralia/2523012764/2025_H1N1,2575,0.7706,0.7706
seqneut25to26_sera_3048,A/SouthAustralia/2523012764/2025_H1N1,plate21-A/SouthAustralia/2523012764/2025_H1N1,5921,1.098,1
seqneut25to26_sera_3048,A/SouthAustralia/2523012764/2025_H1N1,plate21-A/SouthAustralia/2523012764/2025_H1N1,1.362e+04,1.149,1
seqneut25to26_sera_3048,A/SouthAustralia/2523812314/2025_H3N2,plate21-A/SouthAustralia/2523812314/2025_H3N2,40,0.00899,0.00899
seqneut25to26_sera_3048,A/SouthAustralia/2523812314/2025_H3N2,plate21-A/SouthAustralia/2523812314/2025_H3N2,92,0.03262,0.03262
seqneut25to26_sera_3048,A/SouthAustralia/2523812314/2025_H3N2,plate21-A/SouthAustralia/2523812314/2025_H3N2,212,0.1464,0.1464
seqneut25to26_sera_3048,A/SouthAustralia/2523812314/2025_H3N2,plate21-A/SouthAustralia/2523812314/2025_H3N2,487,0.4803,0.4803
seqneut25to26_sera_3048,A/SouthAustralia/2523812314/2025_H3N2,plate21-A/SouthAustralia/2523812314/2025_H3N2,1119,1.195,1
seqneut25to26_sera_3048,A/SouthAustralia/2523812314/2025_H3N2,plate21-A/SouthAustralia/2523812314/2025_H3N2,2575,1.03,1
seqneut25to26_sera_3048,A/SouthAustralia/2523812314/2025_H3N2,plate21-A/SouthAustralia/2523812314/2025_H3N2,5921,1.197,1
seqneut25to26_sera_3048,A/SouthAustralia/2523812314/2025_H3N2,plate21-A/SouthAustralia/2523812314/2025_H3N2,1.362e+04,1.153,1
seqneut25to26_sera_3048,A/SouthAustralia/2524408801/2025_H3N2,plate21-A/SouthAustralia/2524408801/2025_H3N2,40,0.003207,0.003207
seqneut25to26_sera_3048,A/SouthAustralia/2524408801/2025_H3N2,plate21-A/SouthAustralia/2524408801/2025_H3N2,92,0.01024,0.01024
seqneut25to26_sera_3048,A/SouthAustralia/2524408801/2025_H3N2,plate21-A/SouthAustralia/2524408801/2025_H3N2,212,0.06347,0.06347
seqneut25to26_sera_3048,A/SouthAustralia/2524408801/2025_H3N2,plate21-A/SouthAustralia/2524408801/2025_H3N2,487,0.5508,0.5508
seqneut25to26_sera_3048,A/SouthAustralia/2524408801/2025_H3N2,plate21-A/SouthAustralia/2524408801/2025_H3N2,1119,1.153,1
seqneut25to26_sera_3048,A/SouthAustralia/2524408801/2025_H3N2,plate21-A/SouthAustralia/2524408801/2025_H3N2,2575,0.9523,0.9523
seqneut25to26_sera_3048,A/SouthAustralia/2524408801/2025_H3N2,plate21-A/SouthAustralia/2524408801/2025_H3N2,5921,1.528,1
seqneut25to26_sera_3048,A/SouthAustralia/2524408801/2025_H3N2,plate21-A/SouthAustralia/2524408801/2025_H3N2,1.362e+04,1.662,1
seqneut25to26_sera_3048,A/SouthAustralia/2524712956/2025_H1N1,plate21-A/SouthAustralia/2524712956/2025_H1N1,40,2.198e-05,2.198e-05
seqneut25to26_sera_3048,A/SouthAustralia/2524712956/2025_H1N1,plate21-A/SouthAustralia/2524712956/2025_H1N1,92,0.005797,0.005797
seqneut25to26_sera_3048,A/SouthAustralia/2524712956/2025_H1N1,plate21-A/SouthAustralia/2524712956/2025_H1N1,212,0.03319,0.03319
seqneut25to26_sera_3048,A/SouthAustralia/2524712956/2025_H1N1,plate21-A/SouthAustralia/2524712956/2025_H1N1,487,0.333,0.333
seqneut25to26_sera_3048,A/SouthAustralia/2524712956/2025_H1N1,plate21-A/SouthAustralia/2524712956/2025_H1N1,1119,0.8935,0.8935
seqneut25to26_sera_3048,A/SouthAustralia/2524712956/2025_H1N1,plate21-A/SouthAustralia/2524712956/2025_H1N1,2575,0.9126,0.9126
seqneut25to26_sera_3048,A/SouthAustralia/2524712956/2025_H1N1,plate21-A/SouthAustralia/2524712956/2025_H1N1,5921,1.318,1
seqneut25to26_sera_3048,A/SouthAustralia/2524712956/2025_H1N1,plate21-A/SouthAustralia/2524712956/2025_H1N1,1.362e+04,1.154,1
seqneut25to26_sera_3048,A/SouthAustralia/2525607496/2025_H3N2,plate21-A/SouthAustralia/2525607496/2025_H3N2,40,0.002565,0.002565
seqneut25to26_sera_3048,A/SouthAustralia/2525607496/2025_H3N2,plate21-A/SouthAustralia/2525607496/2025_H3N2,92,0.01322,0.01322
seqneut25to26_sera_3048,A/SouthAustralia/2525607496/2025_H3N2,plate21-A/SouthAustralia/2525607496/2025_H3N2,212,0.4595,0.4595
seqneut25to26_sera_3048,A/SouthAustralia/2525607496/2025_H3N2,plate21-A/SouthAustralia/2525607496/2025_H3N2,487,0.6833,0.6833
seqneut25to26_sera_3048,A/SouthAustralia/2525607496/2025_H3N2,plate21-A/SouthAustralia/2525607496/2025_H3N2,1119,1.224,1
seqneut25to26_sera_3048,A/SouthAustralia/2525607496/2025_H3N2,plate21-A/SouthAustralia/2525607496/2025_H3N2,2575,0.7988,0.7988
seqneut25to26_sera_3048,A/SouthAustralia/2525607496/2025_H3N2,plate21-A/SouthAustralia/2525607496/2025_H3N2,5921,1.347,1
seqneut25to26_sera_3048,A/SouthAustralia/2525607496/2025_H3N2,plate21-A/SouthAustralia/2525607496/2025_H3N2,1.362e+04,1.029,1
seqneut25to26_sera_3048,A/SouthAustralia/2527003588/2025_H3N2,plate21-A/SouthAustralia/2527003588/2025_H3N2,40,0.002091,0.002091
seqneut25to26_sera_3048,A/SouthAustralia/2527003588/2025_H3N2,plate21-A/SouthAustralia/2527003588/2025_H3N2,92,0.02997,0.02997
seqneut25to26_sera_3048,A/SouthAustralia/2527003588/2025_H3N2,plate21-A/SouthAustralia/2527003588/2025_H3N2,212,0.158,0.158
seqneut25to26_sera_3048,A/SouthAustralia/2527003588/2025_H3N2,plate21-A/SouthAustralia/2527003588/2025_H3N2,487,0.4929,0.4929
seqneut25to26_sera_3048,A/SouthAustralia/2527003588/2025_H3N2,plate21-A/SouthAustralia/2527003588/2025_H3N2,1119,1.33,1
seqneut25to26_sera_3048,A/SouthAustralia/2527003588/2025_H3N2,plate21-A/SouthAustralia/2527003588/2025_H3N2,2575,1.635,1
seqneut25to26_sera_3048,A/SouthAustralia/2527003588/2025_H3N2,plate21-A/SouthAustralia/2527003588/2025_H3N2,5921,1.27,1
seqneut25to26_sera_3048,A/SouthAustralia/2527003588/2025_H3N2,plate21-A/SouthAustralia/2527003588/2025_H3N2,1.362e+04,1.918,1
seqneut25to26_sera_3048,A/SouthAustralia/2527213276/2025_H3N2,plate21-A/SouthAustralia/2527213276/2025_H3N2,40,0.005506,0.005506
seqneut25to26_sera_3048,A/SouthAustralia/2527213276/2025_H3N2,plate21-A/SouthAustralia/2527213276/2025_H3N2,92,0.04043,0.04043
seqneut25to26_sera_3048,A/SouthAustralia/2527213276/2025_H3N2,plate21-A/SouthAustralia/2527213276/2025_H3N2,212,0.2909,0.2909
seqneut25to26_sera_3048,A/SouthAustralia/2527213276/2025_H3N2,plate21-A/SouthAustralia/2527213276/2025_H3N2,487,0.3962,0.3962
seqneut25to26_sera_3048,A/SouthAustralia/2527213276/2025_H3N2,plate21-A/SouthAustralia/2527213276/2025_H3N2,1119,0.6972,0.6972
seqneut25to26_sera_3048,A/SouthAustralia/2527213276/2025_H3N2,plate21-A/SouthAustralia/2527213276/2025_H3N2,2575,0.4932,0.4932
seqneut25to26_sera_3048,A/SouthAustralia/2527213276/2025_H3N2,plate21-A/SouthAustralia/2527213276/2025_H3N2,5921,0.6807,0.6807
seqneut25to26_sera_3048,A/SouthAustralia/2527213276/2025_H3N2,plate21-A/SouthAustralia/2527213276/2025_H3N2,1.362e+04,0.8602,0.8602
seqneut25to26_sera_3048,A/SouthAustralia/2527612456/2025_H1N1,plate21-A/SouthAustralia/2527612456/2025_H1N1,40,0.0001512,0.0001512
seqneut25to26_sera_3048,A/SouthAustralia/2527612456/2025_H1N1,plate21-A/SouthAustralia/2527612456/2025_H1N1,92,0.008898,0.008898
seqneut25to26_sera_3048,A/SouthAustralia/2527612456/2025_H1N1,plate21-A/SouthAustralia/2527612456/2025_H1N1,212,0.1973,0.1973
seqneut25to26_sera_3048,A/SouthAustralia/2527612456/2025_H1N1,plate21-A/SouthAustralia/2527612456/2025_H1N1,487,0.4337,0.4337
seqneut25to26_sera_3048,A/SouthAustralia/2527612456/2025_H1N1,plate21-A/SouthAustralia/2527612456/2025_H1N1,1119,0.9396,0.9396
seqneut25to26_sera_3048,A/SouthAustralia/2527612456/2025_H1N1,plate21-A/SouthAustralia/2527612456/2025_H1N1,2575,1.125,1
seqneut25to26_sera_3048,A/SouthAustralia/2527612456/2025_H1N1,plate21-A/SouthAustralia/2527612456/2025_H1N1,5921,1.908,1
seqneut25to26_sera_3048,A/SouthAustralia/2527612456/2025_H1N1,plate21-A/SouthAustralia/2527612456/2025_H1N1,1.362e+04,1.459,1
seqneut25to26_sera_3048,A/SouthAustralia/2527902708/2025_H3N2,plate21-A/SouthAustralia/2527902708/2025_H3N2,40,0.001186,0.001186
seqneut25to26_sera_3048,A/SouthAustralia/2527902708/2025_H3N2,plate21-A/SouthAustralia/2527902708/2025_H3N2,92,0.05459,0.05459
seqneut25to26_sera_3048,A/SouthAustralia/2527902708/2025_H3N2,plate21-A/SouthAustralia/2527902708/2025_H3N2,212,0.1776,0.1776
seqneut25to26_sera_3048,A/SouthAustralia/2527902708/2025_H3N2,plate21-A/SouthAustralia/2527902708/2025_H3N2,487,0.7475,0.7475
seqneut25to26_sera_3048,A/SouthAustralia/2527902708/2025_H3N2,plate21-A/SouthAustralia/2527902708/2025_H3N2,1119,1.442,1
seqneut25to26_sera_3048,A/SouthAustralia/2527902708/2025_H3N2,plate21-A/SouthAustralia/2527902708/2025_H3N2,2575,0.782,0.782
seqneut25to26_sera_3048,A/SouthAustralia/2527902708/2025_H3N2,plate21-A/SouthAustralia/2527902708/2025_H3N2,5921,1.585,1
seqneut25to26_sera_3048,A/SouthAustralia/2527902708/2025_H3N2,plate21-A/SouthAustralia/2527902708/2025_H3N2,1.362e+04,1.992,1
seqneut25to26_sera_3048,A/Sydney/1359/2024_H3N2,plate21-A/Sydney/1359/2024_H3N2,40,0.002302,0.002302
seqneut25to26_sera_3048,A/Sydney/1359/2024_H3N2,plate21-A/Sydney/1359/2024_H3N2,92,0.02031,0.02031
seqneut25to26_sera_3048,A/Sydney/1359/2024_H3N2,plate21-A/Sydney/1359/2024_H3N2,212,0.05998,0.05998
seqneut25to26_sera_3048,A/Sydney/1359/2024_H3N2,plate21-A/Sydney/1359/2024_H3N2,487,0.413,0.413
seqneut25to26_sera_3048,A/Sydney/1359/2024_H3N2,plate21-A/Sydney/1359/2024_H3N2,1119,1.09,1
seqneut25to26_sera_3048,A/Sydney/1359/2024_H3N2,plate21-A/Sydney/1359/2024_H3N2,2575,1.14,1
seqneut25to26_sera_3048,A/Sydney/1359/2024_H3N2,plate21-A/Sydney/1359/2024_H3N2,5921,0.9502,0.9502
seqneut25to26_sera_3048,A/Sydney/1359/2024_H3N2,plate21-A/Sydney/1359/2024_H3N2,1.362e+04,1.427,1
seqneut25to26_sera_3048,A/Sydney/400/2025_H1N1,plate21-A/Sydney/400/2025_H1N1,40,0.0007096,0.0007096
seqneut25to26_sera_3048,A/Sydney/400/2025_H1N1,plate21-A/Sydney/400/2025_H1N1,92,0.002281,0.002281
seqneut25to26_sera_3048,A/Sydney/400/2025_H1N1,plate21-A/Sydney/400/2025_H1N1,212,0.01136,0.01136
seqneut25to26_sera_3048,A/Sydney/400/2025_H1N1,plate21-A/Sydney/400/2025_H1N1,487,0.05862,0.05862
seqneut25to26_sera_3048,A/Sydney/400/2025_H1N1,plate21-A/Sydney/400/2025_H1N1,1119,0.2916,0.2916
seqneut25to26_sera_3048,A/Sydney/400/2025_H1N1,plate21-A/Sydney/400/2025_H1N1,2575,0.7286,0.7286
seqneut25to26_sera_3048,A/Sydney/400/2025_H1N1,plate21-A/Sydney/400/2025_H1N1,5921,0.7898,0.7898
seqneut25to26_sera_3048,A/Sydney/400/2025_H1N1,plate21-A/Sydney/400/2025_H1N1,1.362e+04,1.183,1
seqneut25to26_sera_3048,A/Tasmania/2521815682/2025_H3N2,plate21-A/Tasmania/2521815682/2025_H3N2,40,0.003149,0.003149
seqneut25to26_sera_3048,A/Tasmania/2521815682/2025_H3N2,plate21-A/Tasmania/2521815682/2025_H3N2,92,0.03595,0.03595
seqneut25to26_sera_3048,A/Tasmania/2521815682/2025_H3N2,plate21-A/Tasmania/2521815682/2025_H3N2,212,0.1513,0.1513
seqneut25to26_sera_3048,A/Tasmania/2521815682/2025_H3N2,plate21-A/Tasmania/2521815682/2025_H3N2,487,0.5443,0.5443
seqneut25to26_sera_3048,A/Tasmania/2521815682/2025_H3N2,plate21-A/Tasmania/2521815682/2025_H3N2,1119,1.103,1
seqneut25to26_sera_3048,A/Tasmania/2521815682/2025_H3N2,plate21-A/Tasmania/2521815682/2025_H3N2,2575,1.251,1
seqneut25to26_sera_3048,A/Tasmania/2521815682/2025_H3N2,plate21-A/Tasmania/2521815682/2025_H3N2,5921,1.074,1
seqneut25to26_sera_3048,A/Tasmania/2521815682/2025_H3N2,plate21-A/Tasmania/2521815682/2025_H3N2,1.362e+04,1.25,1
seqneut25to26_sera_3048,A/Thailand/8/2022_H3N2,plate21-A/Thailand/8/2022_H3N2,40,0.007093,0.007093
seqneut25to26_sera_3048,A/Thailand/8/2022_H3N2,plate21-A/Thailand/8/2022_H3N2,92,0.2914,0.2914
seqneut25to26_sera_3048,A/Thailand/8/2022_H3N2,plate21-A/Thailand/8/2022_H3N2,212,0.8261,0.8261
seqneut25to26_sera_3048,A/Thailand/8/2022_H3N2,plate21-A/Thailand/8/2022_H3N2,487,0.6973,0.6973
seqneut25to26_sera_3048,A/Thailand/8/2022_H3N2,plate21-A/Thailand/8/2022_H3N2,1119,1.459,1
seqneut25to26_sera_3048,A/Thailand/8/2022_H3N2,plate21-A/Thailand/8/2022_H3N2,2575,1.872,1
seqneut25to26_sera_3048,A/Thailand/8/2022_H3N2,plate21-A/Thailand/8/2022_H3N2,5921,0.977,0.977
seqneut25to26_sera_3048,A/Thailand/8/2022_H3N2,plate21-A/Thailand/8/2022_H3N2,1.362e+04,0.947,0.947
seqneut25to26_sera_3048,A/Vermont/73/2025_H3N2,plate21-A/Vermont/73/2025_H3N2,40,0.002489,0.002489
seqneut25to26_sera_3048,A/Vermont/73/2025_H3N2,plate21-A/Vermont/73/2025_H3N2,92,0.02685,0.02685
seqneut25to26_sera_3048,A/Vermont/73/2025_H3N2,plate21-A/Vermont/73/2025_H3N2,212,0.235,0.235
seqneut25to26_sera_3048,A/Vermont/73/2025_H3N2,plate21-A/Vermont/73/2025_H3N2,487,0.8541,0.8541
seqneut25to26_sera_3048,A/Vermont/73/2025_H3N2,plate21-A/Vermont/73/2025_H3N2,1119,1.348,1
seqneut25to26_sera_3048,A/Vermont/73/2025_H3N2,plate21-A/Vermont/73/2025_H3N2,2575,1.078,1
seqneut25to26_sera_3048,A/Vermont/73/2025_H3N2,plate21-A/Vermont/73/2025_H3N2,5921,1.181,1
seqneut25to26_sera_3048,A/Vermont/73/2025_H3N2,plate21-A/Vermont/73/2025_H3N2,1.362e+04,1.182,1
seqneut25to26_sera_3048,A/Victoria/4897/2022_IVR-238_H1N1,plate21-A/Victoria/4897/2022_IVR-238_H1N1,40,0.000389,0.000389
seqneut25to26_sera_3048,A/Victoria/4897/2022_IVR-238_H1N1,plate21-A/Victoria/4897/2022_IVR-238_H1N1,92,0.0003952,0.0003952
seqneut25to26_sera_3048,A/Victoria/4897/2022_IVR-238_H1N1,plate21-A/Victoria/4897/2022_IVR-238_H1N1,212,0,0
seqneut25to26_sera_3048,A/Victoria/4897/2022_IVR-238_H1N1,plate21-A/Victoria/4897/2022_IVR-238_H1N1,487,0.004166,0.004166
seqneut25to26_sera_3048,A/Victoria/4897/2022_IVR-238_H1N1,plate21-A/Victoria/4897/2022_IVR-238_H1N1,1119,0.2448,0.2448
seqneut25to26_sera_3048,A/Victoria/4897/2022_IVR-238_H1N1,plate21-A/Victoria/4897/2022_IVR-238_H1N1,2575,0.7603,0.7603
seqneut25to26_sera_3048,A/Victoria/4897/2022_IVR-238_H1N1,plate21-A/Victoria/4897/2022_IVR-238_H1N1,5921,1.188,1
seqneut25to26_sera_3048,A/Victoria/4897/2022_IVR-238_H1N1,plate21-A/Victoria/4897/2022_IVR-238_H1N1,1.362e+04,1.222,1
seqneut25to26_sera_3048,A/Wisconsin/588/2019_H1N1,plate21-A/Wisconsin/588/2019_H1N1,40,0.000738,0.000738
seqneut25to26_sera_3048,A/Wisconsin/588/2019_H1N1,plate21-A/Wisconsin/588/2019_H1N1,92,0.0007059,0.0007059
seqneut25to26_sera_3048,A/Wisconsin/588/2019_H1N1,plate21-A/Wisconsin/588/2019_H1N1,212,0.09104,0.09104
seqneut25to26_sera_3048,A/Wisconsin/588/2019_H1N1,plate21-A/Wisconsin/588/2019_H1N1,487,0.3469,0.3469
seqneut25to26_sera_3048,A/Wisconsin/588/2019_H1N1,plate21-A/Wisconsin/588/2019_H1N1,1119,1.011,1
seqneut25to26_sera_3048,A/Wisconsin/588/2019_H1N1,plate21-A/Wisconsin/588/2019_H1N1,2575,1.083,1
seqneut25to26_sera_3048,A/Wisconsin/588/2019_H1N1,plate21-A/Wisconsin/588/2019_H1N1,5921,1.242,1
seqneut25to26_sera_3048,A/Wisconsin/588/2019_H1N1,plate21-A/Wisconsin/588/2019_H1N1,1.362e+04,1.177,1
seqneut25to26_sera_3048,A/Wisconsin/67/2022_H1N1,plate21-A/Wisconsin/67/2022_H1N1,40,0.0008002,0.0008002
seqneut25to26_sera_3048,A/Wisconsin/67/2022_H1N1,plate21-A/Wisconsin/67/2022_H1N1,92,0.0007695,0.0007695
seqneut25to26_sera_3048,A/Wisconsin/67/2022_H1N1,plate21-A/Wisconsin/67/2022_H1N1,212,0.02111,0.02111
seqneut25to26_sera_3048,A/Wisconsin/67/2022_H1N1,plate21-A/Wisconsin/67/2022_H1N1,487,0.2408,0.2408
seqneut25to26_sera_3048,A/Wisconsin/67/2022_H1N1,plate21-A/Wisconsin/67/2022_H1N1,1119,0.8048,0.8048
seqneut25to26_sera_3048,A/Wisconsin/67/2022_H1N1,plate21-A/Wisconsin/67/2022_H1N1,2575,0.7463,0.7463
seqneut25to26_sera_3048,A/Wisconsin/67/2022_H1N1,plate21-A/Wisconsin/67/2022_H1N1,5921,0.9807,0.9807
seqneut25to26_sera_3048,A/Wisconsin/67/2022_H1N1,plate21-A/Wisconsin/67/2022_H1N1,1.362e+04,1.186,1
seqneut25to26_sera_3048,A/Zacapa/FLU-261/2025_H1N1,plate21-A/Zacapa/FLU-261/2025_H1N1,40,0.0004279,0.0004279
seqneut25to26_sera_3048,A/Zacapa/FLU-261/2025_H1N1,plate21-A/Zacapa/FLU-261/2025_H1N1,92,0.0022,0.0022
seqneut25to26_sera_3048,A/Zacapa/FLU-261/2025_H1N1,plate21-A/Zacapa/FLU-261/2025_H1N1,212,0.04205,0.04205
seqneut25to26_sera_3048,A/Zacapa/FLU-261/2025_H1N1,plate21-A/Zacapa/FLU-261/2025_H1N1,487,0.2537,0.2537
seqneut25to26_sera_3048,A/Zacapa/FLU-261/2025_H1N1,plate21-A/Zacapa/FLU-261/2025_H1N1,1119,0.6538,0.6538
seqneut25to26_sera_3048,A/Zacapa/FLU-261/2025_H1N1,plate21-A/Zacapa/FLU-261/2025_H1N1,2575,0.7746,0.7746
seqneut25to26_sera_3048,A/Zacapa/FLU-261/2025_H1N1,plate21-A/Zacapa/FLU-261/2025_H1N1,5921,1.076,1
seqneut25to26_sera_3048,A/Zacapa/FLU-261/2025_H1N1,plate21-A/Zacapa/FLU-261/2025_H1N1,1.362e+04,1.125,1
seqneut25to26_sera_5001,A/Alagoas/4130/2025_H3N2,plate21-A/Alagoas/4130/2025_H3N2,40,0.04086,0.04086
seqneut25to26_sera_5001,A/Alagoas/4130/2025_H3N2,plate21-A/Alagoas/4130/2025_H3N2,92,0.2842,0.2842
seqneut25to26_sera_5001,A/Alagoas/4130/2025_H3N2,plate21-A/Alagoas/4130/2025_H3N2,212,0.5643,0.5643
seqneut25to26_sera_5001,A/Alagoas/4130/2025_H3N2,plate21-A/Alagoas/4130/2025_H3N2,487,0.7211,0.7211
seqneut25to26_sera_5001,A/Alagoas/4130/2025_H3N2,plate21-A/Alagoas/4130/2025_H3N2,1119,0.8438,0.8438
seqneut25to26_sera_5001,A/Alagoas/4130/2025_H3N2,plate21-A/Alagoas/4130/2025_H3N2,2575,0.7866,0.7866
seqneut25to26_sera_5001,A/Alagoas/4130/2025_H3N2,plate21-A/Alagoas/4130/2025_H3N2,5921,1.207,1
seqneut25to26_sera_5001,A/Alagoas/4130/2025_H3N2,plate21-A/Alagoas/4130/2025_H3N2,1.362e+04,1.151,1
seqneut25to26_sera_5001,A/Anapolis/LEIAL6543/2025_H3N2,plate21-A/Anapolis/LEIAL6543/2025_H3N2,40,0.04455,0.04455
seqneut25to26_sera_5001,A/Anapolis/LEIAL6543/2025_H3N2,plate21-A/Anapolis/LEIAL6543/2025_H3N2,92,0.4038,0.4038
seqneut25to26_sera_5001,A/Anapolis/LEIAL6543/2025_H3N2,plate21-A/Anapolis/LEIAL6543/2025_H3N2,212,0.3354,0.3354
seqneut25to26_sera_5001,A/Anapolis/LEIAL6543/2025_H3N2,plate21-A/Anapolis/LEIAL6543/2025_H3N2,487,0.4068,0.4068
seqneut25to26_sera_5001,A/Anapolis/LEIAL6543/2025_H3N2,plate21-A/Anapolis/LEIAL6543/2025_H3N2,1119,0.6988,0.6988
seqneut25to26_sera_5001,A/Anapolis/LEIAL6543/2025_H3N2,plate21-A/Anapolis/LEIAL6543/2025_H3N2,2575,0.8646,0.8646
seqneut25to26_sera_5001,A/Anapolis/LEIAL6543/2025_H3N2,plate21-A/Anapolis/LEIAL6543/2025_H3N2,5921,0.96,0.96
seqneut25to26_sera_5001,A/Anapolis/LEIAL6543/2025_H3N2,plate21-A/Anapolis/LEIAL6543/2025_H3N2,1.362e+04,1.009,1
seqneut25to26_sera_5001,A/Andalucia/PMC-00977/2025_H1N1,plate21-A/Andalucia/PMC-00977/2025_H1N1,40,0.0358,0.0358
seqneut25to26_sera_5001,A/Andalucia/PMC-00977/2025_H1N1,plate21-A/Andalucia/PMC-00977/2025_H1N1,92,0.2618,0.2618
seqneut25to26_sera_5001,A/Andalucia/PMC-00977/2025_H1N1,plate21-A/Andalucia/PMC-00977/2025_H1N1,212,0.6274,0.6274
seqneut25to26_sera_5001,A/Andalucia/PMC-00977/2025_H1N1,plate21-A/Andalucia/PMC-00977/2025_H1N1,487,1.003,1
seqneut25to26_sera_5001,A/Andalucia/PMC-00977/2025_H1N1,plate21-A/Andalucia/PMC-00977/2025_H1N1,1119,0.955,0.955
seqneut25to26_sera_5001,A/Andalucia/PMC-00977/2025_H1N1,plate21-A/Andalucia/PMC-00977/2025_H1N1,2575,1.328,1
seqneut25to26_sera_5001,A/Andalucia/PMC-00977/2025_H1N1,plate21-A/Andalucia/PMC-00977/2025_H1N1,5921,1.271,1
seqneut25to26_sera_5001,A/Andalucia/PMC-00977/2025_H1N1,plate21-A/Andalucia/PMC-00977/2025_H1N1,1.362e+04,1.313,1
seqneut25to26_sera_5001,A/Aragon/2046/2025_H1N1,plate21-A/Aragon/2046/2025_H1N1,40,0.02515,0.02515
seqneut25to26_sera_5001,A/Aragon/2046/2025_H1N1,plate21-A/Aragon/2046/2025_H1N1,92,0.4285,0.4285
seqneut25to26_sera_5001,A/Aragon/2046/2025_H1N1,plate21-A/Aragon/2046/2025_H1N1,212,0.656,0.656
seqneut25to26_sera_5001,A/Aragon/2046/2025_H1N1,plate21-A/Aragon/2046/2025_H1N1,487,0.8932,0.8932
seqneut25to26_sera_5001,A/Aragon/2046/2025_H1N1,plate21-A/Aragon/2046/2025_H1N1,1119,0.9656,0.9656
seqneut25to26_sera_5001,A/Aragon/2046/2025_H1N1,plate21-A/Aragon/2046/2025_H1N1,2575,1.279,1
seqneut25to26_sera_5001,A/Aragon/2046/2025_H1N1,plate21-A/Aragon/2046/2025_H1N1,5921,1.073,1
seqneut25to26_sera_5001,A/Aragon/2046/2025_H1N1,plate21-A/Aragon/2046/2025_H1N1,1.362e+04,1.292,1
seqneut25to26_sera_5001,A/Arica/59150/2025_H3N2,plate21-A/Arica/59150/2025_H3N2,40,0.09304,0.09304
seqneut25to26_sera_5001,A/Arica/59150/2025_H3N2,plate21-A/Arica/59150/2025_H3N2,92,0.147,0.147
seqneut25to26_sera_5001,A/Arica/59150/2025_H3N2,plate21-A/Arica/59150/2025_H3N2,212,0.6416,0.6416
seqneut25to26_sera_5001,A/Arica/59150/2025_H3N2,plate21-A/Arica/59150/2025_H3N2,487,0.3263,0.3263
seqneut25to26_sera_5001,A/Arica/59150/2025_H3N2,plate21-A/Arica/59150/2025_H3N2,1119,0.7282,0.7282
seqneut25to26_sera_5001,A/Arica/59150/2025_H3N2,plate21-A/Arica/59150/2025_H3N2,2575,1.398,1
seqneut25to26_sera_5001,A/Arica/59150/2025_H3N2,plate21-A/Arica/59150/2025_H3N2,5921,1.291,1
seqneut25to26_sera_5001,A/Arica/59150/2025_H3N2,plate21-A/Arica/59150/2025_H3N2,1.362e+04,1.375,1
seqneut25to26_sera_5001,A/Bahia/3102/2025_H3N2,plate21-A/Bahia/3102/2025_H3N2,40,0.02341,0.02341
seqneut25to26_sera_5001,A/Bahia/3102/2025_H3N2,plate21-A/Bahia/3102/2025_H3N2,92,0.3391,0.3391
seqneut25to26_sera_5001,A/Bahia/3102/2025_H3N2,plate21-A/Bahia/3102/2025_H3N2,212,0.3003,0.3003
seqneut25to26_sera_5001,A/Bahia/3102/2025_H3N2,plate21-A/Bahia/3102/2025_H3N2,487,0.5739,0.5739
seqneut25to26_sera_5001,A/Bahia/3102/2025_H3N2,plate21-A/Bahia/3102/2025_H3N2,1119,0.6277,0.6277
seqneut25to26_sera_5001,A/Bahia/3102/2025_H3N2,plate21-A/Bahia/3102/2025_H3N2,2575,0.827,0.827
seqneut25to26_sera_5001,A/Bahia/3102/2025_H3N2,plate21-A/Bahia/3102/2025_H3N2,5921,1.023,1
seqneut25to26_sera_5001,A/Bahia/3102/2025_H3N2,plate21-A/Bahia/3102/2025_H3N2,1.362e+04,1.153,1
seqneut25to26_sera_5001,A/Bangkok/1803/2025_H1N1,plate21-A/Bangkok/1803/2025_H1N1,40,0.04035,0.04035
seqneut25to26_sera_5001,A/Bangkok/1803/2025_H1N1,plate21-A/Bangkok/1803/2025_H1N1,92,0.3314,0.3314
seqneut25to26_sera_5001,A/Bangkok/1803/2025_H1N1,plate21-A/Bangkok/1803/2025_H1N1,212,0.7143,0.7143
seqneut25to26_sera_5001,A/Bangkok/1803/2025_H1N1,plate21-A/Bangkok/1803/2025_H1N1,487,0.5391,0.5391
seqneut25to26_sera_5001,A/Bangkok/1803/2025_H1N1,plate21-A/Bangkok/1803/2025_H1N1,1119,1.244,1
seqneut25to26_sera_5001,A/Bangkok/1803/2025_H1N1,plate21-A/Bangkok/1803/2025_H1N1,2575,1.387,1
seqneut25to26_sera_5001,A/Bangkok/1803/2025_H1N1,plate21-A/Bangkok/1803/2025_H1N1,5921,1.29,1
seqneut25to26_sera_5001,A/Bangkok/1803/2025_H1N1,plate21-A/Bangkok/1803/2025_H1N1,1.362e+04,1.224,1
seqneut25to26_sera_5001,A/Bangkok/P2229/2025_H1N1,plate21-A/Bangkok/P2229/2025_H1N1,40,0.01732,0.01732
seqneut25to26_sera_5001,A/Bangkok/P2229/2025_H1N1,plate21-A/Bangkok/P2229/2025_H1N1,92,0.1078,0.1078
seqneut25to26_sera_5001,A/Bangkok/P2229/2025_H1N1,plate21-A/Bangkok/P2229/2025_H1N1,212,0.4095,0.4095
seqneut25to26_sera_5001,A/Bangkok/P2229/2025_H1N1,plate21-A/Bangkok/P2229/2025_H1N1,487,0.6047,0.6047
seqneut25to26_sera_5001,A/Bangkok/P2229/2025_H1N1,plate21-A/Bangkok/P2229/2025_H1N1,1119,0.859,0.859
seqneut25to26_sera_5001,A/Bangkok/P2229/2025_H1N1,plate21-A/Bangkok/P2229/2025_H1N1,2575,1.03,1
seqneut25to26_sera_5001,A/Bangkok/P2229/2025_H1N1,plate21-A/Bangkok/P2229/2025_H1N1,5921,1.528,1
seqneut25to26_sera_5001,A/Bangkok/P2229/2025_H1N1,plate21-A/Bangkok/P2229/2025_H1N1,1.362e+04,1.111,1
seqneut25to26_sera_5001,A/Bangkok/P2323/2025_H3N2,plate21-A/Bangkok/P2323/2025_H3N2,40,0.0774,0.0774
seqneut25to26_sera_5001,A/Bangkok/P2323/2025_H3N2,plate21-A/Bangkok/P2323/2025_H3N2,92,0.2556,0.2556
seqneut25to26_sera_5001,A/Bangkok/P2323/2025_H3N2,plate21-A/Bangkok/P2323/2025_H3N2,212,0.6863,0.6863
seqneut25to26_sera_5001,A/Bangkok/P2323/2025_H3N2,plate21-A/Bangkok/P2323/2025_H3N2,487,0.6484,0.6484
seqneut25to26_sera_5001,A/Bangkok/P2323/2025_H3N2,plate21-A/Bangkok/P2323/2025_H3N2,1119,0.7559,0.7559
seqneut25to26_sera_5001,A/Bangkok/P2323/2025_H3N2,plate21-A/Bangkok/P2323/2025_H3N2,2575,1.025,1
seqneut25to26_sera_5001,A/Bangkok/P2323/2025_H3N2,plate21-A/Bangkok/P2323/2025_H3N2,5921,0.9479,0.9479
seqneut25to26_sera_5001,A/Bangkok/P2323/2025_H3N2,plate21-A/Bangkok/P2323/2025_H3N2,1.362e+04,1.269,1
seqneut25to26_sera_5001,A/Bangkok/P2390/2025_H3N2,plate21-A/Bangkok/P2390/2025_H3N2,40,0.1778,0.1778
seqneut25to26_sera_5001,A/Bangkok/P2390/2025_H3N2,plate21-A/Bangkok/P2390/2025_H3N2,92,0.4338,0.4338
seqneut25to26_sera_5001,A/Bangkok/P2390/2025_H3N2,plate21-A/Bangkok/P2390/2025_H3N2,212,0.5089,0.5089
seqneut25to26_sera_5001,A/Bangkok/P2390/2025_H3N2,plate21-A/Bangkok/P2390/2025_H3N2,487,0.7513,0.7513
seqneut25to26_sera_5001,A/Bangkok/P2390/2025_H3N2,plate21-A/Bangkok/P2390/2025_H3N2,1119,0.6609,0.6609
seqneut25to26_sera_5001,A/Bangkok/P2390/2025_H3N2,plate21-A/Bangkok/P2390/2025_H3N2,2575,1.137,1
seqneut25to26_sera_5001,A/Bangkok/P2390/2025_H3N2,plate21-A/Bangkok/P2390/2025_H3N2,5921,1.291,1
seqneut25to26_sera_5001,A/Bangkok/P2390/2025_H3N2,plate21-A/Bangkok/P2390/2025_H3N2,1.362e+04,1.309,1
seqneut25to26_sera_5001,A/Bangkok/P2391/2025_H3N2,plate21-A/Bangkok/P2391/2025_H3N2,40,0.09533,0.09533
seqneut25to26_sera_5001,A/Bangkok/P2391/2025_H3N2,plate21-A/Bangkok/P2391/2025_H3N2,92,0.4249,0.4249
seqneut25to26_sera_5001,A/Bangkok/P2391/2025_H3N2,plate21-A/Bangkok/P2391/2025_H3N2,212,0.8732,0.8732
seqneut25to26_sera_5001,A/Bangkok/P2391/2025_H3N2,plate21-A/Bangkok/P2391/2025_H3N2,487,0.8533,0.8533
seqneut25to26_sera_5001,A/Bangkok/P2391/2025_H3N2,plate21-A/Bangkok/P2391/2025_H3N2,1119,0.7434,0.7434
seqneut25to26_sera_5001,A/Bangkok/P2391/2025_H3N2,plate21-A/Bangkok/P2391/2025_H3N2,2575,0.9906,0.9906
seqneut25to26_sera_5001,A/Bangkok/P2391/2025_H3N2,plate21-A/Bangkok/P2391/2025_H3N2,5921,0.6357,0.6357
seqneut25to26_sera_5001,A/Bangkok/P2391/2025_H3N2,plate21-A/Bangkok/P2391/2025_H3N2,1.362e+04,1.524,1
seqneut25to26_sera_5001,A/Bangkok/P2572/2025_H3N2,plate21-A/Bangkok/P2572/2025_H3N2,40,0.1681,0.1681
seqneut25to26_sera_5001,A/Bangkok/P2572/2025_H3N2,plate21-A/Bangkok/P2572/2025_H3N2,92,0.4908,0.4908
seqneut25to26_sera_5001,A/Bangkok/P2572/2025_H3N2,plate21-A/Bangkok/P2572/2025_H3N2,212,0.5533,0.5533
seqneut25to26_sera_5001,A/Bangkok/P2572/2025_H3N2,plate21-A/Bangkok/P2572/2025_H3N2,487,0.4158,0.4158
seqneut25to26_sera_5001,A/Bangkok/P2572/2025_H3N2,plate21-A/Bangkok/P2572/2025_H3N2,1119,0.9631,0.9631
seqneut25to26_sera_5001,A/Bangkok/P2572/2025_H3N2,plate21-A/Bangkok/P2572/2025_H3N2,2575,0.9881,0.9881
seqneut25to26_sera_5001,A/Bangkok/P2572/2025_H3N2,plate21-A/Bangkok/P2572/2025_H3N2,5921,1.376,1
seqneut25to26_sera_5001,A/Bangkok/P2572/2025_H3N2,plate21-A/Bangkok/P2572/2025_H3N2,1.362e+04,1.31,1
seqneut25to26_sera_5001,A/Bangkok/P2921/2025_H3N2,plate21-A/Bangkok/P2921/2025_H3N2,40,0.04447,0.04447
seqneut25to26_sera_5001,A/Bangkok/P2921/2025_H3N2,plate21-A/Bangkok/P2921/2025_H3N2,92,0.282,0.282
seqneut25to26_sera_5001,A/Bangkok/P2921/2025_H3N2,plate21-A/Bangkok/P2921/2025_H3N2,212,0.4426,0.4426
seqneut25to26_sera_5001,A/Bangkok/P2921/2025_H3N2,plate21-A/Bangkok/P2921/2025_H3N2,487,0.5628,0.5628
seqneut25to26_sera_5001,A/Bangkok/P2921/2025_H3N2,plate21-A/Bangkok/P2921/2025_H3N2,1119,0.5836,0.5836
seqneut25to26_sera_5001,A/Bangkok/P2921/2025_H3N2,plate21-A/Bangkok/P2921/2025_H3N2,2575,1.023,1
seqneut25to26_sera_5001,A/Bangkok/P2921/2025_H3N2,plate21-A/Bangkok/P2921/2025_H3N2,5921,0.8844,0.8844
seqneut25to26_sera_5001,A/Bangkok/P2921/2025_H3N2,plate21-A/Bangkok/P2921/2025_H3N2,1.362e+04,0.9845,0.9845
seqneut25to26_sera_5001,A/Bangkok/P3067/2025_H1N1,plate21-A/Bangkok/P3067/2025_H1N1,40,0.004885,0.004885
seqneut25to26_sera_5001,A/Bangkok/P3067/2025_H1N1,plate21-A/Bangkok/P3067/2025_H1N1,92,0.07985,0.07985
seqneut25to26_sera_5001,A/Bangkok/P3067/2025_H1N1,plate21-A/Bangkok/P3067/2025_H1N1,212,0.3894,0.3894
seqneut25to26_sera_5001,A/Bangkok/P3067/2025_H1N1,plate21-A/Bangkok/P3067/2025_H1N1,487,0.8133,0.8133
seqneut25to26_sera_5001,A/Bangkok/P3067/2025_H1N1,plate21-A/Bangkok/P3067/2025_H1N1,1119,1.136,1
seqneut25to26_sera_5001,A/Bangkok/P3067/2025_H1N1,plate21-A/Bangkok/P3067/2025_H1N1,2575,1.409,1
seqneut25to26_sera_5001,A/Bangkok/P3067/2025_H1N1,plate21-A/Bangkok/P3067/2025_H1N1,5921,1.075,1
seqneut25to26_sera_5001,A/Bangkok/P3067/2025_H1N1,plate21-A/Bangkok/P3067/2025_H1N1,1.362e+04,0.9932,0.9932
seqneut25to26_sera_5001,A/Bangkok/P3263/2025_H3N2,plate21-A/Bangkok/P3263/2025_H3N2,40,0.07762,0.07762
seqneut25to26_sera_5001,A/Bangkok/P3263/2025_H3N2,plate21-A/Bangkok/P3263/2025_H3N2,92,0.2155,0.2155
seqneut25to26_sera_5001,A/Bangkok/P3263/2025_H3N2,plate21-A/Bangkok/P3263/2025_H3N2,212,0.4957,0.4957
seqneut25to26_sera_5001,A/Bangkok/P3263/2025_H3N2,plate21-A/Bangkok/P3263/2025_H3N2,487,0.3661,0.3661
seqneut25to26_sera_5001,A/Bangkok/P3263/2025_H3N2,plate21-A/Bangkok/P3263/2025_H3N2,1119,0.8728,0.8728
seqneut25to26_sera_5001,A/Bangkok/P3263/2025_H3N2,plate21-A/Bangkok/P3263/2025_H3N2,2575,0.7887,0.7887
seqneut25to26_sera_5001,A/Bangkok/P3263/2025_H3N2,plate21-A/Bangkok/P3263/2025_H3N2,5921,1.348,1
seqneut25to26_sera_5001,A/Bangkok/P3263/2025_H3N2,plate21-A/Bangkok/P3263/2025_H3N2,1.362e+04,0.9849,0.9849
seqneut25to26_sera_5001,A/Belgium/H0097/2025_H3N2,plate21-A/Belgium/H0097/2025_H3N2,40,0.1431,0.1431
seqneut25to26_sera_5001,A/Belgium/H0097/2025_H3N2,plate21-A/Belgium/H0097/2025_H3N2,92,0.5223,0.5223
seqneut25to26_sera_5001,A/Belgium/H0097/2025_H3N2,plate21-A/Belgium/H0097/2025_H3N2,212,0.465,0.465
seqneut25to26_sera_5001,A/Belgium/H0097/2025_H3N2,plate21-A/Belgium/H0097/2025_H3N2,487,0.7822,0.7822
seqneut25to26_sera_5001,A/Belgium/H0097/2025_H3N2,plate21-A/Belgium/H0097/2025_H3N2,1119,1.123,1
seqneut25to26_sera_5001,A/Belgium/H0097/2025_H3N2,plate21-A/Belgium/H0097/2025_H3N2,2575,1.187,1
seqneut25to26_sera_5001,A/Belgium/H0097/2025_H3N2,plate21-A/Belgium/H0097/2025_H3N2,5921,1.101,1
seqneut25to26_sera_5001,A/Belgium/H0097/2025_H3N2,plate21-A/Belgium/H0097/2025_H3N2,1.362e+04,1.43,1
seqneut25to26_sera_5001,A/Bhutan/1267/2025_H3N2,plate21-A/Bhutan/1267/2025_H3N2,40,0.1364,0.1364
seqneut25to26_sera_5001,A/Bhutan/1267/2025_H3N2,plate21-A/Bhutan/1267/2025_H3N2,92,0.4883,0.4883
seqneut25to26_sera_5001,A/Bhutan/1267/2025_H3N2,plate21-A/Bhutan/1267/2025_H3N2,212,0.4165,0.4165
seqneut25to26_sera_5001,A/Bhutan/1267/2025_H3N2,plate21-A/Bhutan/1267/2025_H3N2,487,0.6227,0.6227
seqneut25to26_sera_5001,A/Bhutan/1267/2025_H3N2,plate21-A/Bhutan/1267/2025_H3N2,1119,0.8308,0.8308
seqneut25to26_sera_5001,A/Bhutan/1267/2025_H3N2,plate21-A/Bhutan/1267/2025_H3N2,2575,0.9741,0.9741
seqneut25to26_sera_5001,A/Bhutan/1267/2025_H3N2,plate21-A/Bhutan/1267/2025_H3N2,5921,1.099,1
seqneut25to26_sera_5001,A/Bhutan/1267/2025_H3N2,plate21-A/Bhutan/1267/2025_H3N2,1.362e+04,0.9413,0.9413
seqneut25to26_sera_5001,A/Bhutan/7/2025_H3N2,plate21-A/Bhutan/7/2025_H3N2,40,0.06776,0.06776
seqneut25to26_sera_5001,A/Bhutan/7/2025_H3N2,plate21-A/Bhutan/7/2025_H3N2,92,0.4704,0.4704
seqneut25to26_sera_5001,A/Bhutan/7/2025_H3N2,plate21-A/Bhutan/7/2025_H3N2,212,0.535,0.535
seqneut25to26_sera_5001,A/Bhutan/7/2025_H3N2,plate21-A/Bhutan/7/2025_H3N2,487,0.463,0.463
seqneut25to26_sera_5001,A/Bhutan/7/2025_H3N2,plate21-A/Bhutan/7/2025_H3N2,1119,1.008,1
seqneut25to26_sera_5001,A/Bhutan/7/2025_H3N2,plate21-A/Bhutan/7/2025_H3N2,2575,0.9967,0.9967
seqneut25to26_sera_5001,A/Bhutan/7/2025_H3N2,plate21-A/Bhutan/7/2025_H3N2,5921,1.061,1
seqneut25to26_sera_5001,A/Bhutan/7/2025_H3N2,plate21-A/Bhutan/7/2025_H3N2,1.362e+04,1.307,1
seqneut25to26_sera_5001,A/BritishColumbia/PHL-2473/2025_H1N1,plate21-A/BritishColumbia/PHL-2473/2025_H1N1,40,0.01315,0.01315
seqneut25to26_sera_5001,A/BritishColumbia/PHL-2473/2025_H1N1,plate21-A/BritishColumbia/PHL-2473/2025_H1N1,92,0.1266,0.1266
seqneut25to26_sera_5001,A/BritishColumbia/PHL-2473/2025_H1N1,plate21-A/BritishColumbia/PHL-2473/2025_H1N1,212,0.5932,0.5932
seqneut25to26_sera_5001,A/BritishColumbia/PHL-2473/2025_H1N1,plate21-A/BritishColumbia/PHL-2473/2025_H1N1,487,0.7333,0.7333
seqneut25to26_sera_5001,A/BritishColumbia/PHL-2473/2025_H1N1,plate21-A/BritishColumbia/PHL-2473/2025_H1N1,1119,0.8566,0.8566
seqneut25to26_sera_5001,A/BritishColumbia/PHL-2473/2025_H1N1,plate21-A/BritishColumbia/PHL-2473/2025_H1N1,2575,0.9544,0.9544
seqneut25to26_sera_5001,A/BritishColumbia/PHL-2473/2025_H1N1,plate21-A/BritishColumbia/PHL-2473/2025_H1N1,5921,1.146,1
seqneut25to26_sera_5001,A/BritishColumbia/PHL-2473/2025_H1N1,plate21-A/BritishColumbia/PHL-2473/2025_H1N1,1.362e+04,1.148,1
seqneut25to26_sera_5001,A/California/61/2025_H3N2,plate21-A/California/61/2025_H3N2,40,0.02726,0.02726
seqneut25to26_sera_5001,A/California/61/2025_H3N2,plate21-A/California/61/2025_H3N2,92,0.2368,0.2368
seqneut25to26_sera_5001,A/California/61/2025_H3N2,plate21-A/California/61/2025_H3N2,212,0.5956,0.5956
seqneut25to26_sera_5001,A/California/61/2025_H3N2,plate21-A/California/61/2025_H3N2,487,0.5763,0.5763
seqneut25to26_sera_5001,A/California/61/2025_H3N2,plate21-A/California/61/2025_H3N2,1119,0.8587,0.8587
seqneut25to26_sera_5001,A/California/61/2025_H3N2,plate21-A/California/61/2025_H3N2,2575,0.6407,0.6407
seqneut25to26_sera_5001,A/California/61/2025_H3N2,plate21-A/California/61/2025_H3N2,5921,0.9358,0.9358
seqneut25to26_sera_5001,A/California/61/2025_H3N2,plate21-A/California/61/2025_H3N2,1.362e+04,0.9759,0.9759
seqneut25to26_sera_5001,A/California/63/2025_H1N1,plate21-A/California/63/2025_H1N1,40,0.0219,0.0219
seqneut25to26_sera_5001,A/California/63/2025_H1N1,plate21-A/California/63/2025_H1N1,92,0.1547,0.1547
seqneut25to26_sera_5001,A/California/63/2025_H1N1,plate21-A/California/63/2025_H1N1,212,0.2428,0.2428
seqneut25to26_sera_5001,A/California/63/2025_H1N1,plate21-A/California/63/2025_H1N1,487,0.52,0.52
seqneut25to26_sera_5001,A/California/63/2025_H1N1,plate21-A/California/63/2025_H1N1,1119,0.7415,0.7415
seqneut25to26_sera_5001,A/California/63/2025_H1N1,plate21-A/California/63/2025_H1N1,2575,1.179,1
seqneut25to26_sera_5001,A/California/63/2025_H1N1,plate21-A/California/63/2025_H1N1,5921,1.256,1
seqneut25to26_sera_5001,A/California/63/2025_H1N1,plate21-A/California/63/2025_H1N1,1.362e+04,1.111,1
seqneut25to26_sera_5001,A/Canberra/465/2025_H1N1,plate21-A/Canberra/465/2025_H1N1,40,0.015,0.015
seqneut25to26_sera_5001,A/Canberra/465/2025_H1N1,plate21-A/Canberra/465/2025_H1N1,92,0.1122,0.1122
seqneut25to26_sera_5001,A/Canberra/465/2025_H1N1,plate21-A/Canberra/465/2025_H1N1,212,0.4165,0.4165
seqneut25to26_sera_5001,A/Canberra/465/2025_H1N1,plate21-A/Canberra/465/2025_H1N1,487,0.6076,0.6076
seqneut25to26_sera_5001,A/Canberra/465/2025_H1N1,plate21-A/Canberra/465/2025_H1N1,1119,0.9361,0.9361
seqneut25to26_sera_5001,A/Canberra/465/2025_H1N1,plate21-A/Canberra/465/2025_H1N1,2575,1.313,1
seqneut25to26_sera_5001,A/Canberra/465/2025_H1N1,plate21-A/Canberra/465/2025_H1N1,5921,1.284,1
seqneut25to26_sera_5001,A/Canberra/465/2025_H1N1,plate21-A/Canberra/465/2025_H1N1,1.362e+04,1.36,1
seqneut25to26_sera_5001,A/Canberra/530/2025_H1N1,plate21-A/Canberra/530/2025_H1N1,40,0.01502,0.01502
seqneut25to26_sera_5001,A/Canberra/530/2025_H1N1,plate21-A/Canberra/530/2025_H1N1,92,0.1525,0.1525
seqneut25to26_sera_5001,A/Canberra/530/2025_H1N1,plate21-A/Canberra/530/2025_H1N1,212,0.5585,0.5585
seqneut25to26_sera_5001,A/Canberra/530/2025_H1N1,plate21-A/Canberra/530/2025_H1N1,487,0.6433,0.6433
seqneut25to26_sera_5001,A/Canberra/530/2025_H1N1,plate21-A/Canberra/530/2025_H1N1,1119,0.818,0.818
seqneut25to26_sera_5001,A/Canberra/530/2025_H1N1,plate21-A/Canberra/530/2025_H1N1,2575,0.9736,0.9736
seqneut25to26_sera_5001,A/Canberra/530/2025_H1N1,plate21-A/Canberra/530/2025_H1N1,5921,1.041,1
seqneut25to26_sera_5001,A/Canberra/530/2025_H1N1,plate21-A/Canberra/530/2025_H1N1,1.362e+04,1.437,1
seqneut25to26_sera_5001,A/Catalonia/NSVH102689455/2025_H1N1,plate21-A/Catalonia/NSVH102689455/2025_H1N1,40,0.009709,0.009709
seqneut25to26_sera_5001,A/Catalonia/NSVH102689455/2025_H1N1,plate21-A/Catalonia/NSVH102689455/2025_H1N1,92,0.3133,0.3133
seqneut25to26_sera_5001,A/Catalonia/NSVH102689455/2025_H1N1,plate21-A/Catalonia/NSVH102689455/2025_H1N1,212,0.4871,0.4871
seqneut25to26_sera_5001,A/Catalonia/NSVH102689455/2025_H1N1,plate21-A/Catalonia/NSVH102689455/2025_H1N1,487,0.7495,0.7495
seqneut25to26_sera_5001,A/Catalonia/NSVH102689455/2025_H1N1,plate21-A/Catalonia/NSVH102689455/2025_H1N1,1119,1.21,1
seqneut25to26_sera_5001,A/Catalonia/NSVH102689455/2025_H1N1,plate21-A/Catalonia/NSVH102689455/2025_H1N1,2575,1.246,1
seqneut25to26_sera_5001,A/Catalonia/NSVH102689455/2025_H1N1,plate21-A/Catalonia/NSVH102689455/2025_H1N1,5921,1.252,1
seqneut25to26_sera_5001,A/Catalonia/NSVH102689455/2025_H1N1,plate21-A/Catalonia/NSVH102689455/2025_H1N1,1.362e+04,1.38,1
seqneut25to26_sera_5001,A/Colorado/105/2025_H1N1,plate21-A/Colorado/105/2025_H1N1,40,0.02354,0.02354
seqneut25to26_sera_5001,A/Colorado/105/2025_H1N1,plate21-A/Colorado/105/2025_H1N1,92,0.4839,0.4839
seqneut25to26_sera_5001,A/Colorado/105/2025_H1N1,plate21-A/Colorado/105/2025_H1N1,212,0.5138,0.5138
seqneut25to26_sera_5001,A/Colorado/105/2025_H1N1,plate21-A/Colorado/105/2025_H1N1,487,0.9035,0.9035
seqneut25to26_sera_5001,A/Colorado/105/2025_H1N1,plate21-A/Colorado/105/2025_H1N1,1119,1.296,1
seqneut25to26_sera_5001,A/Colorado/105/2025_H1N1,plate21-A/Colorado/105/2025_H1N1,2575,1.243,1
seqneut25to26_sera_5001,A/Colorado/105/2025_H1N1,plate21-A/Colorado/105/2025_H1N1,5921,1.229,1
seqneut25to26_sera_5001,A/Colorado/105/2025_H1N1,plate21-A/Colorado/105/2025_H1N1,1.362e+04,1.729,1
seqneut25to26_sera_5001,A/CoteDIvoire/2007/2025_H1N1,plate21-A/CoteDIvoire/2007/2025_H1N1,40,0.02371,0.02371
seqneut25to26_sera_5001,A/CoteDIvoire/2007/2025_H1N1,plate21-A/CoteDIvoire/2007/2025_H1N1,92,0.1257,0.1257
seqneut25to26_sera_5001,A/CoteDIvoire/2007/2025_H1N1,plate21-A/CoteDIvoire/2007/2025_H1N1,212,0.3285,0.3285
seqneut25to26_sera_5001,A/CoteDIvoire/2007/2025_H1N1,plate21-A/CoteDIvoire/2007/2025_H1N1,487,0.5602,0.5602
seqneut25to26_sera_5001,A/CoteDIvoire/2007/2025_H1N1,plate21-A/CoteDIvoire/2007/2025_H1N1,1119,0.8195,0.8195
seqneut25to26_sera_5001,A/CoteDIvoire/2007/2025_H1N1,plate21-A/CoteDIvoire/2007/2025_H1N1,2575,1.095,1
seqneut25to26_sera_5001,A/CoteDIvoire/2007/2025_H1N1,plate21-A/CoteDIvoire/2007/2025_H1N1,5921,1.065,1
seqneut25to26_sera_5001,A/CoteDIvoire/2007/2025_H1N1,plate21-A/CoteDIvoire/2007/2025_H1N1,1.362e+04,1.289,1
seqneut25to26_sera_5001,A/Croatia/10136RV/2023-egg_H3N2,plate21-A/Croatia/10136RV/2023-egg_H3N2,40,0.01393,0.01393
seqneut25to26_sera_5001,A/Croatia/10136RV/2023-egg_H3N2,plate21-A/Croatia/10136RV/2023-egg_H3N2,92,0.3269,0.3269
seqneut25to26_sera_5001,A/Croatia/10136RV/2023-egg_H3N2,plate21-A/Croatia/10136RV/2023-egg_H3N2,212,0.9764,0.9764
seqneut25to26_sera_5001,A/Croatia/10136RV/2023-egg_H3N2,plate21-A/Croatia/10136RV/2023-egg_H3N2,487,1.063,1
seqneut25to26_sera_5001,A/Croatia/10136RV/2023-egg_H3N2,plate21-A/Croatia/10136RV/2023-egg_H3N2,1119,1.189,1
seqneut25to26_sera_5001,A/Croatia/10136RV/2023-egg_H3N2,plate21-A/Croatia/10136RV/2023-egg_H3N2,2575,0.9955,0.9955
seqneut25to26_sera_5001,A/Croatia/10136RV/2023-egg_H3N2,plate21-A/Croatia/10136RV/2023-egg_H3N2,5921,1.642,1
seqneut25to26_sera_5001,A/Croatia/10136RV/2023-egg_H3N2,plate21-A/Croatia/10136RV/2023-egg_H3N2,1.362e+04,0.9815,0.9815
seqneut25to26_sera_5001,A/Darwin/1405/2025_H1N1,plate21-A/Darwin/1405/2025_H1N1,40,0.0137,0.0137
seqneut25to26_sera_5001,A/Darwin/1405/2025_H1N1,plate21-A/Darwin/1405/2025_H1N1,92,0.1234,0.1234
seqneut25to26_sera_5001,A/Darwin/1405/2025_H1N1,plate21-A/Darwin/1405/2025_H1N1,212,0.339,0.339
seqneut25to26_sera_5001,A/Darwin/1405/2025_H1N1,plate21-A/Darwin/1405/2025_H1N1,487,0.5517,0.5517
seqneut25to26_sera_5001,A/Darwin/1405/2025_H1N1,plate21-A/Darwin/1405/2025_H1N1,1119,1.143,1
seqneut25to26_sera_5001,A/Darwin/1405/2025_H1N1,plate21-A/Darwin/1405/2025_H1N1,2575,1.102,1
seqneut25to26_sera_5001,A/Darwin/1405/2025_H1N1,plate21-A/Darwin/1405/2025_H1N1,5921,1.166,1
seqneut25to26_sera_5001,A/Darwin/1405/2025_H1N1,plate21-A/Darwin/1405/2025_H1N1,1.362e+04,1.175,1
seqneut25to26_sera_5001,A/Darwin/1461/2025_H3N2,plate21-A/Darwin/1461/2025_H3N2,40,0.08463,0.08463
seqneut25to26_sera_5001,A/Darwin/1461/2025_H3N2,plate21-A/Darwin/1461/2025_H3N2,92,0.1101,0.1101
seqneut25to26_sera_5001,A/Darwin/1461/2025_H3N2,plate21-A/Darwin/1461/2025_H3N2,212,0.5888,0.5888
seqneut25to26_sera_5001,A/Darwin/1461/2025_H3N2,plate21-A/Darwin/1461/2025_H3N2,487,0.7923,0.7923
seqneut25to26_sera_5001,A/Darwin/1461/2025_H3N2,plate21-A/Darwin/1461/2025_H3N2,1119,0.718,0.718
seqneut25to26_sera_5001,A/Darwin/1461/2025_H3N2,plate21-A/Darwin/1461/2025_H3N2,2575,1.014,1
seqneut25to26_sera_5001,A/Darwin/1461/2025_H3N2,plate21-A/Darwin/1461/2025_H3N2,5921,1.006,1
seqneut25to26_sera_5001,A/Darwin/1461/2025_H3N2,plate21-A/Darwin/1461/2025_H3N2,1.362e+04,1.184,1
seqneut25to26_sera_5001,A/Denmark/3070/2025_H1N1,plate21-A/Denmark/3070/2025_H1N1,40,0.03895,0.03895
seqneut25to26_sera_5001,A/Denmark/3070/2025_H1N1,plate21-A/Denmark/3070/2025_H1N1,92,0.08715,0.08715
seqneut25to26_sera_5001,A/Denmark/3070/2025_H1N1,plate21-A/Denmark/3070/2025_H1N1,212,0.5619,0.5619
seqneut25to26_sera_5001,A/Denmark/3070/2025_H1N1,plate21-A/Denmark/3070/2025_H1N1,487,0.7284,0.7284
seqneut25to26_sera_5001,A/Denmark/3070/2025_H1N1,plate21-A/Denmark/3070/2025_H1N1,1119,0.942,0.942
seqneut25to26_sera_5001,A/Denmark/3070/2025_H1N1,plate21-A/Denmark/3070/2025_H1N1,2575,1.088,1
seqneut25to26_sera_5001,A/Denmark/3070/2025_H1N1,plate21-A/Denmark/3070/2025_H1N1,5921,1.293,1
seqneut25to26_sera_5001,A/Denmark/3070/2025_H1N1,plate21-A/Denmark/3070/2025_H1N1,1.362e+04,1.024,1
seqneut25to26_sera_5001,A/DistrictOfColumbia/27/2023_H3N2,plate21-A/DistrictOfColumbia/27/2023_H3N2,40,0.2675,0.2675
seqneut25to26_sera_5001,A/DistrictOfColumbia/27/2023_H3N2,plate21-A/DistrictOfColumbia/27/2023_H3N2,92,0.547,0.547
seqneut25to26_sera_5001,A/DistrictOfColumbia/27/2023_H3N2,plate21-A/DistrictOfColumbia/27/2023_H3N2,212,1.212,1
seqneut25to26_sera_5001,A/DistrictOfColumbia/27/2023_H3N2,plate21-A/DistrictOfColumbia/27/2023_H3N2,487,0.6928,0.6928
seqneut25to26_sera_5001,A/DistrictOfColumbia/27/2023_H3N2,plate21-A/DistrictOfColumbia/27/2023_H3N2,1119,0.7726,0.7726
seqneut25to26_sera_5001,A/DistrictOfColumbia/27/2023_H3N2,plate21-A/DistrictOfColumbia/27/2023_H3N2,2575,1.181,1
seqneut25to26_sera_5001,A/DistrictOfColumbia/27/2023_H3N2,plate21-A/DistrictOfColumbia/27/2023_H3N2,5921,1.081,1
seqneut25to26_sera_5001,A/DistrictOfColumbia/27/2023_H3N2,plate21-A/DistrictOfColumbia/27/2023_H3N2,1.362e+04,1.418,1
seqneut25to26_sera_5001,A/DistrictOfColumbia/57/2025_H3N2,plate21-A/DistrictOfColumbia/57/2025_H3N2,40,0.1155,0.1155
seqneut25to26_sera_5001,A/DistrictOfColumbia/57/2025_H3N2,plate21-A/DistrictOfColumbia/57/2025_H3N2,92,0.348,0.348
seqneut25to26_sera_5001,A/DistrictOfColumbia/57/2025_H3N2,plate21-A/DistrictOfColumbia/57/2025_H3N2,212,0.6561,0.6561
seqneut25to26_sera_5001,A/DistrictOfColumbia/57/2025_H3N2,plate21-A/DistrictOfColumbia/57/2025_H3N2,487,0.6767,0.6767
seqneut25to26_sera_5001,A/DistrictOfColumbia/57/2025_H3N2,plate21-A/DistrictOfColumbia/57/2025_H3N2,1119,1.017,1
seqneut25to26_sera_5001,A/DistrictOfColumbia/57/2025_H3N2,plate21-A/DistrictOfColumbia/57/2025_H3N2,2575,0.7699,0.7699
seqneut25to26_sera_5001,A/DistrictOfColumbia/57/2025_H3N2,plate21-A/DistrictOfColumbia/57/2025_H3N2,5921,0.9359,0.9359
seqneut25to26_sera_5001,A/DistrictOfColumbia/57/2025_H3N2,plate21-A/DistrictOfColumbia/57/2025_H3N2,1.362e+04,1.032,1
seqneut25to26_sera_5001,A/DistritoFederal/250106000728/2025_H3N2,plate21-A/DistritoFederal/250106000728/2025_H3N2,40,0.116,0.116
seqneut25to26_sera_5001,A/DistritoFederal/250106000728/2025_H3N2,plate21-A/DistritoFederal/250106000728/2025_H3N2,92,0.2983,0.2983
seqneut25to26_sera_5001,A/DistritoFederal/250106000728/2025_H3N2,plate21-A/DistritoFederal/250106000728/2025_H3N2,212,0.4816,0.4816
seqneut25to26_sera_5001,A/DistritoFederal/250106000728/2025_H3N2,plate21-A/DistritoFederal/250106000728/2025_H3N2,487,0.6135,0.6135
seqneut25to26_sera_5001,A/DistritoFederal/250106000728/2025_H3N2,plate21-A/DistritoFederal/250106000728/2025_H3N2,1119,0.8007,0.8007
seqneut25to26_sera_5001,A/DistritoFederal/250106000728/2025_H3N2,plate21-A/DistritoFederal/250106000728/2025_H3N2,2575,1.077,1
seqneut25to26_sera_5001,A/DistritoFederal/250106000728/2025_H3N2,plate21-A/DistritoFederal/250106000728/2025_H3N2,5921,0.9678,0.9678
seqneut25to26_sera_5001,A/DistritoFederal/250106000728/2025_H3N2,plate21-A/DistritoFederal/250106000728/2025_H3N2,1.362e+04,1.305,1
seqneut25to26_sera_5001,A/DistritoFederal/2578578201/2025_H3N2,plate21-A/DistritoFederal/2578578201/2025_H3N2,40,0.04026,0.04026
seqneut25to26_sera_5001,A/DistritoFederal/2578578201/2025_H3N2,plate21-A/DistritoFederal/2578578201/2025_H3N2,92,0.2442,0.2442
seqneut25to26_sera_5001,A/DistritoFederal/2578578201/2025_H3N2,plate21-A/DistritoFederal/2578578201/2025_H3N2,212,0.6195,0.6195
seqneut25to26_sera_5001,A/DistritoFederal/2578578201/2025_H3N2,plate21-A/DistritoFederal/2578578201/2025_H3N2,487,0.6125,0.6125
seqneut25to26_sera_5001,A/DistritoFederal/2578578201/2025_H3N2,plate21-A/DistritoFederal/2578578201/2025_H3N2,1119,0.9566,0.9566
seqneut25to26_sera_5001,A/DistritoFederal/2578578201/2025_H3N2,plate21-A/DistritoFederal/2578578201/2025_H3N2,2575,1.051,1
seqneut25to26_sera_5001,A/DistritoFederal/2578578201/2025_H3N2,plate21-A/DistritoFederal/2578578201/2025_H3N2,5921,1.16,1
seqneut25to26_sera_5001,A/DistritoFederal/2578578201/2025_H3N2,plate21-A/DistritoFederal/2578578201/2025_H3N2,1.362e+04,1.668,1
seqneut25to26_sera_5001,A/England/174/2025_H3N2,plate21-A/England/174/2025_H3N2,40,0.08235,0.08235
seqneut25to26_sera_5001,A/England/174/2025_H3N2,plate21-A/England/174/2025_H3N2,92,0.3406,0.3406
seqneut25to26_sera_5001,A/England/174/2025_H3N2,plate21-A/England/174/2025_H3N2,212,0.5168,0.5168
seqneut25to26_sera_5001,A/England/174/2025_H3N2,plate21-A/England/174/2025_H3N2,487,0.7735,0.7735
seqneut25to26_sera_5001,A/England/174/2025_H3N2,plate21-A/England/174/2025_H3N2,1119,0.8141,0.8141
seqneut25to26_sera_5001,A/England/174/2025_H3N2,plate21-A/England/174/2025_H3N2,2575,0.8965,0.8965
seqneut25to26_sera_5001,A/England/174/2025_H3N2,plate21-A/England/174/2025_H3N2,5921,0.8561,0.8561
seqneut25to26_sera_5001,A/England/174/2025_H3N2,plate21-A/England/174/2025_H3N2,1.362e+04,0.9655,0.9655
seqneut25to26_sera_5001,A/England/1822256/2025_H1N1,plate21-A/England/1822256/2025_H1N1,40,0.009132,0.009132
seqneut25to26_sera_5001,A/England/1822256/2025_H1N1,plate21-A/England/1822256/2025_H1N1,92,0.101,0.101
seqneut25to26_sera_5001,A/England/1822256/2025_H1N1,plate21-A/England/1822256/2025_H1N1,212,0.4501,0.4501
seqneut25to26_sera_5001,A/England/1822256/2025_H1N1,plate21-A/England/1822256/2025_H1N1,487,0.702,0.702
seqneut25to26_sera_5001,A/England/1822256/2025_H1N1,plate21-A/England/1822256/2025_H1N1,1119,1.186,1
seqneut25to26_sera_5001,A/England/1822256/2025_H1N1,plate21-A/England/1822256/2025_H1N1,2575,1.197,1
seqneut25to26_sera_5001,A/England/1822256/2025_H1N1,plate21-A/England/1822256/2025_H1N1,5921,1.442,1
seqneut25to26_sera_5001,A/England/1822256/2025_H1N1,plate21-A/England/1822256/2025_H1N1,1.362e+04,1.261,1
seqneut25to26_sera_5001,A/England/1837734/2025_H3N2,plate21-A/England/1837734/2025_H3N2,40,0.2006,0.2006
seqneut25to26_sera_5001,A/England/1837734/2025_H3N2,plate21-A/England/1837734/2025_H3N2,92,0.5347,0.5347
seqneut25to26_sera_5001,A/England/1837734/2025_H3N2,plate21-A/England/1837734/2025_H3N2,212,0.469,0.469
seqneut25to26_sera_5001,A/England/1837734/2025_H3N2,plate21-A/England/1837734/2025_H3N2,487,0.5017,0.5017
seqneut25to26_sera_5001,A/England/1837734/2025_H3N2,plate21-A/England/1837734/2025_H3N2,1119,0.5493,0.5493
seqneut25to26_sera_5001,A/England/1837734/2025_H3N2,plate21-A/England/1837734/2025_H3N2,2575,0.8555,0.8555
seqneut25to26_sera_5001,A/England/1837734/2025_H3N2,plate21-A/England/1837734/2025_H3N2,5921,1.345,1
seqneut25to26_sera_5001,A/England/1837734/2025_H3N2,plate21-A/England/1837734/2025_H3N2,1.362e+04,1.349,1
seqneut25to26_sera_5001,A/England/1837737/2025_H3N2,plate21-A/England/1837737/2025_H3N2,40,0.1207,0.1207
seqneut25to26_sera_5001,A/England/1837737/2025_H3N2,plate21-A/England/1837737/2025_H3N2,92,0.2432,0.2432
seqneut25to26_sera_5001,A/England/1837737/2025_H3N2,plate21-A/England/1837737/2025_H3N2,212,0.8209,0.8209
seqneut25to26_sera_5001,A/England/1837737/2025_H3N2,plate21-A/England/1837737/2025_H3N2,487,0.7076,0.7076
seqneut25to26_sera_5001,A/England/1837737/2025_H3N2,plate21-A/England/1837737/2025_H3N2,1119,0.8036,0.8036
seqneut25to26_sera_5001,A/England/1837737/2025_H3N2,plate21-A/England/1837737/2025_H3N2,2575,1.289,1
seqneut25to26_sera_5001,A/England/1837737/2025_H3N2,plate21-A/England/1837737/2025_H3N2,5921,1.162,1
seqneut25to26_sera_5001,A/England/1837737/2025_H3N2,plate21-A/England/1837737/2025_H3N2,1.362e+04,0.802,0.802
seqneut25to26_sera_5001,A/France/ARA-HCL025155099501/2025_H1N1,plate21-A/France/ARA-HCL025155099501/2025_H1N1,40,0.008765,0.008765
seqneut25to26_sera_5001,A/France/ARA-HCL025155099501/2025_H1N1,plate21-A/France/ARA-HCL025155099501/2025_H1N1,92,0.1893,0.1893
seqneut25to26_sera_5001,A/France/ARA-HCL025155099501/2025_H1N1,plate21-A/France/ARA-HCL025155099501/2025_H1N1,212,0.501,0.501
seqneut25to26_sera_5001,A/France/ARA-HCL025155099501/2025_H1N1,plate21-A/France/ARA-HCL025155099501/2025_H1N1,487,0.6718,0.6718
seqneut25to26_sera_5001,A/France/ARA-HCL025155099501/2025_H1N1,plate21-A/France/ARA-HCL025155099501/2025_H1N1,1119,0.8765,0.8765
seqneut25to26_sera_5001,A/France/ARA-HCL025155099501/2025_H1N1,plate21-A/France/ARA-HCL025155099501/2025_H1N1,2575,1.05,1
seqneut25to26_sera_5001,A/France/ARA-HCL025155099501/2025_H1N1,plate21-A/France/ARA-HCL025155099501/2025_H1N1,5921,1.142,1
seqneut25to26_sera_5001,A/France/ARA-HCL025155099501/2025_H1N1,plate21-A/France/ARA-HCL025155099501/2025_H1N1,1.362e+04,1.243,1
seqneut25to26_sera_5001,A/Galicia/GA-CHUAC-451/2025_H3N2,plate21-A/Galicia/GA-CHUAC-451/2025_H3N2,40,0.1094,0.1094
seqneut25to26_sera_5001,A/Galicia/GA-CHUAC-451/2025_H3N2,plate21-A/Galicia/GA-CHUAC-451/2025_H3N2,92,0.5272,0.5272
seqneut25to26_sera_5001,A/Galicia/GA-CHUAC-451/2025_H3N2,plate21-A/Galicia/GA-CHUAC-451/2025_H3N2,212,0.7814,0.7814
seqneut25to26_sera_5001,A/Galicia/GA-CHUAC-451/2025_H3N2,plate21-A/Galicia/GA-CHUAC-451/2025_H3N2,487,0.6457,0.6457
seqneut25to26_sera_5001,A/Galicia/GA-CHUAC-451/2025_H3N2,plate21-A/Galicia/GA-CHUAC-451/2025_H3N2,1119,0.7871,0.7871
seqneut25to26_sera_5001,A/Galicia/GA-CHUAC-451/2025_H3N2,plate21-A/Galicia/GA-CHUAC-451/2025_H3N2,2575,0.9683,0.9683
seqneut25to26_sera_5001,A/Galicia/GA-CHUAC-451/2025_H3N2,plate21-A/Galicia/GA-CHUAC-451/2025_H3N2,5921,1.117,1
seqneut25to26_sera_5001,A/Galicia/GA-CHUAC-451/2025_H3N2,plate21-A/Galicia/GA-CHUAC-451/2025_H3N2,1.362e+04,1.333,1
seqneut25to26_sera_5001,A/Ghana/ARI-25-1125/2025_H1N1,plate21-A/Ghana/ARI-25-1125/2025_H1N1,40,0.004659,0.004659
seqneut25to26_sera_5001,A/Ghana/ARI-25-1125/2025_H1N1,plate21-A/Ghana/ARI-25-1125/2025_H1N1,92,0.04895,0.04895
seqneut25to26_sera_5001,A/Ghana/ARI-25-1125/2025_H1N1,plate21-A/Ghana/ARI-25-1125/2025_H1N1,212,0.3652,0.3652
seqneut25to26_sera_5001,A/Ghana/ARI-25-1125/2025_H1N1,plate21-A/Ghana/ARI-25-1125/2025_H1N1,487,0.6201,0.6201
seqneut25to26_sera_5001,A/Ghana/ARI-25-1125/2025_H1N1,plate21-A/Ghana/ARI-25-1125/2025_H1N1,1119,1.058,1
seqneut25to26_sera_5001,A/Ghana/ARI-25-1125/2025_H1N1,plate21-A/Ghana/ARI-25-1125/2025_H1N1,2575,1.117,1
seqneut25to26_sera_5001,A/Ghana/ARI-25-1125/2025_H1N1,plate21-A/Ghana/ARI-25-1125/2025_H1N1,5921,1.147,1
seqneut25to26_sera_5001,A/Ghana/ARI-25-1125/2025_H1N1,plate21-A/Ghana/ARI-25-1125/2025_H1N1,1.362e+04,1.241,1
seqneut25to26_sera_5001,A/Ghana/FS-25-7077/2025_H3N2,plate21-A/Ghana/FS-25-7077/2025_H3N2,40,0.1931,0.1931
seqneut25to26_sera_5001,A/Ghana/FS-25-7077/2025_H3N2,plate21-A/Ghana/FS-25-7077/2025_H3N2,92,0.2928,0.2928
seqneut25to26_sera_5001,A/Ghana/FS-25-7077/2025_H3N2,plate21-A/Ghana/FS-25-7077/2025_H3N2,212,0.4704,0.4704
seqneut25to26_sera_5001,A/Ghana/FS-25-7077/2025_H3N2,plate21-A/Ghana/FS-25-7077/2025_H3N2,487,0.7194,0.7194
seqneut25to26_sera_5001,A/Ghana/FS-25-7077/2025_H3N2,plate21-A/Ghana/FS-25-7077/2025_H3N2,1119,0.9725,0.9725
seqneut25to26_sera_5001,A/Ghana/FS-25-7077/2025_H3N2,plate21-A/Ghana/FS-25-7077/2025_H3N2,2575,0.8617,0.8617
seqneut25to26_sera_5001,A/Ghana/FS-25-7077/2025_H3N2,plate21-A/Ghana/FS-25-7077/2025_H3N2,5921,0.8391,0.8391
seqneut25to26_sera_5001,A/Ghana/FS-25-7077/2025_H3N2,plate21-A/Ghana/FS-25-7077/2025_H3N2,1.362e+04,1.098,1
seqneut25to26_sera_5001,A/Guangdong-Maonan/11438/2025_H3N2,plate21-A/Guangdong-Maonan/11438/2025_H3N2,40,0.03167,0.03167
seqneut25to26_sera_5001,A/Guangdong-Maonan/11438/2025_H3N2,plate21-A/Guangdong-Maonan/11438/2025_H3N2,92,0.1283,0.1283
seqneut25to26_sera_5001,A/Guangdong-Maonan/11438/2025_H3N2,plate21-A/Guangdong-Maonan/11438/2025_H3N2,212,0.5861,0.5861
seqneut25to26_sera_5001,A/Guangdong-Maonan/11438/2025_H3N2,plate21-A/Guangdong-Maonan/11438/2025_H3N2,487,0.7325,0.7325
seqneut25to26_sera_5001,A/Guangdong-Maonan/11438/2025_H3N2,plate21-A/Guangdong-Maonan/11438/2025_H3N2,1119,0.4369,0.4369
seqneut25to26_sera_5001,A/Guangdong-Maonan/11438/2025_H3N2,plate21-A/Guangdong-Maonan/11438/2025_H3N2,2575,0.9315,0.9315
seqneut25to26_sera_5001,A/Guangdong-Maonan/11438/2025_H3N2,plate21-A/Guangdong-Maonan/11438/2025_H3N2,5921,1.132,1
seqneut25to26_sera_5001,A/Guangdong-Maonan/11438/2025_H3N2,plate21-A/Guangdong-Maonan/11438/2025_H3N2,1.362e+04,1.598,1
seqneut25to26_sera_5001,A/Guangdong-Meijiang/11256/2025_H3N2,plate21-A/Guangdong-Meijiang/11256/2025_H3N2,40,0.03825,0.03825
seqneut25to26_sera_5001,A/Guangdong-Meijiang/11256/2025_H3N2,plate21-A/Guangdong-Meijiang/11256/2025_H3N2,92,0.2125,0.2125
seqneut25to26_sera_5001,A/Guangdong-Meijiang/11256/2025_H3N2,plate21-A/Guangdong-Meijiang/11256/2025_H3N2,212,0.2883,0.2883
seqneut25to26_sera_5001,A/Guangdong-Meijiang/11256/2025_H3N2,plate21-A/Guangdong-Meijiang/11256/2025_H3N2,487,0.3142,0.3142
seqneut25to26_sera_5001,A/Guangdong-Meijiang/11256/2025_H3N2,plate21-A/Guangdong-Meijiang/11256/2025_H3N2,1119,0.6373,0.6373
seqneut25to26_sera_5001,A/Guangdong-Meijiang/11256/2025_H3N2,plate21-A/Guangdong-Meijiang/11256/2025_H3N2,2575,1.23,1
seqneut25to26_sera_5001,A/Guangdong-Meijiang/11256/2025_H3N2,plate21-A/Guangdong-Meijiang/11256/2025_H3N2,5921,0.9916,0.9916
seqneut25to26_sera_5001,A/Guangdong-Meijiang/11256/2025_H3N2,plate21-A/Guangdong-Meijiang/11256/2025_H3N2,1.362e+04,0.9532,0.9532
seqneut25to26_sera_5001,A/Guangxi-Daxin/1643/2025_H3N2,plate21-A/Guangxi-Daxin/1643/2025_H3N2,40,0.1994,0.1994
seqneut25to26_sera_5001,A/Guangxi-Daxin/1643/2025_H3N2,plate21-A/Guangxi-Daxin/1643/2025_H3N2,92,0.6273,0.6273
seqneut25to26_sera_5001,A/Guangxi-Daxin/1643/2025_H3N2,plate21-A/Guangxi-Daxin/1643/2025_H3N2,212,0.5939,0.5939
seqneut25to26_sera_5001,A/Guangxi-Daxin/1643/2025_H3N2,plate21-A/Guangxi-Daxin/1643/2025_H3N2,487,0.5643,0.5643
seqneut25to26_sera_5001,A/Guangxi-Daxin/1643/2025_H3N2,plate21-A/Guangxi-Daxin/1643/2025_H3N2,1119,0.6957,0.6957
seqneut25to26_sera_5001,A/Guangxi-Daxin/1643/2025_H3N2,plate21-A/Guangxi-Daxin/1643/2025_H3N2,2575,0.7368,0.7368
seqneut25to26_sera_5001,A/Guangxi-Daxin/1643/2025_H3N2,plate21-A/Guangxi-Daxin/1643/2025_H3N2,5921,1.052,1
seqneut25to26_sera_5001,A/Guangxi-Daxin/1643/2025_H3N2,plate21-A/Guangxi-Daxin/1643/2025_H3N2,1.362e+04,1.123,1
seqneut25to26_sera_5001,A/Guangxi-Qingxiu/SWL11742/2025_H1N1,plate21-A/Guangxi-Qingxiu/SWL11742/2025_H1N1,40,0.01892,0.01892
seqneut25to26_sera_5001,A/Guangxi-Qingxiu/SWL11742/2025_H1N1,plate21-A/Guangxi-Qingxiu/SWL11742/2025_H1N1,92,0.1312,0.1312
seqneut25to26_sera_5001,A/Guangxi-Qingxiu/SWL11742/2025_H1N1,plate21-A/Guangxi-Qingxiu/SWL11742/2025_H1N1,212,0.4606,0.4606
seqneut25to26_sera_5001,A/Guangxi-Qingxiu/SWL11742/2025_H1N1,plate21-A/Guangxi-Qingxiu/SWL11742/2025_H1N1,487,0.5821,0.5821
seqneut25to26_sera_5001,A/Guangxi-Qingxiu/SWL11742/2025_H1N1,plate21-A/Guangxi-Qingxiu/SWL11742/2025_H1N1,1119,1.313,1
seqneut25to26_sera_5001,A/Guangxi-Qingxiu/SWL11742/2025_H1N1,plate21-A/Guangxi-Qingxiu/SWL11742/2025_H1N1,2575,1.012,1
seqneut25to26_sera_5001,A/Guangxi-Qingxiu/SWL11742/2025_H1N1,plate21-A/Guangxi-Qingxiu/SWL11742/2025_H1N1,5921,1.176,1
seqneut25to26_sera_5001,A/Guangxi-Qingxiu/SWL11742/2025_H1N1,plate21-A/Guangxi-Qingxiu/SWL11742/2025_H1N1,1.362e+04,1.133,1
seqneut25to26_sera_5001,A/Hawaii/44/2025_H1N1,plate21-A/Hawaii/44/2025_H1N1,40,0.01377,0.01377
seqneut25to26_sera_5001,A/Hawaii/44/2025_H1N1,plate21-A/Hawaii/44/2025_H1N1,92,0.2322,0.2322
seqneut25to26_sera_5001,A/Hawaii/44/2025_H1N1,plate21-A/Hawaii/44/2025_H1N1,212,0.644,0.644
seqneut25to26_sera_5001,A/Hawaii/44/2025_H1N1,plate21-A/Hawaii/44/2025_H1N1,487,0.6334,0.6334
seqneut25to26_sera_5001,A/Hawaii/44/2025_H1N1,plate21-A/Hawaii/44/2025_H1N1,1119,0.9535,0.9535
seqneut25to26_sera_5001,A/Hawaii/44/2025_H1N1,plate21-A/Hawaii/44/2025_H1N1,2575,1.143,1
seqneut25to26_sera_5001,A/Hawaii/44/2025_H1N1,plate21-A/Hawaii/44/2025_H1N1,5921,1.179,1
seqneut25to26_sera_5001,A/Hawaii/44/2025_H1N1,plate21-A/Hawaii/44/2025_H1N1,1.362e+04,0.9965,0.9965
seqneut25to26_sera_5001,A/Hawaii/70/2019_H1N1,plate21-A/Hawaii/70/2019_H1N1,40,0.0001935,0.0001935
seqneut25to26_sera_5001,A/Hawaii/70/2019_H1N1,plate21-A/Hawaii/70/2019_H1N1,92,0.0007951,0.0007951
seqneut25to26_sera_5001,A/Hawaii/70/2019_H1N1,plate21-A/Hawaii/70/2019_H1N1,212,0.0007702,0.0007702
seqneut25to26_sera_5001,A/Hawaii/70/2019_H1N1,plate21-A/Hawaii/70/2019_H1N1,487,0.03124,0.03124
seqneut25to26_sera_5001,A/Hawaii/70/2019_H1N1,plate21-A/Hawaii/70/2019_H1N1,1119,0.1315,0.1315
seqneut25to26_sera_5001,A/Hawaii/70/2019_H1N1,plate21-A/Hawaii/70/2019_H1N1,2575,0.5855,0.5855
seqneut25to26_sera_5001,A/Hawaii/70/2019_H1N1,plate21-A/Hawaii/70/2019_H1N1,5921,0.8588,0.8588
seqneut25to26_sera_5001,A/Hawaii/70/2019_H1N1,plate21-A/Hawaii/70/2019_H1N1,1.362e+04,1.032,1
seqneut25to26_sera_5001,A/HongKong/1257/2025_H3N2,plate21-A/HongKong/1257/2025_H3N2,40,0.08635,0.08635
seqneut25to26_sera_5001,A/HongKong/1257/2025_H3N2,plate21-A/HongKong/1257/2025_H3N2,92,0.6313,0.6313
seqneut25to26_sera_5001,A/HongKong/1257/2025_H3N2,plate21-A/HongKong/1257/2025_H3N2,212,0.9106,0.9106
seqneut25to26_sera_5001,A/HongKong/1257/2025_H3N2,plate21-A/HongKong/1257/2025_H3N2,487,0.7714,0.7714
seqneut25to26_sera_5001,A/HongKong/1257/2025_H3N2,plate21-A/HongKong/1257/2025_H3N2,1119,0.8951,0.8951
seqneut25to26_sera_5001,A/HongKong/1257/2025_H3N2,plate21-A/HongKong/1257/2025_H3N2,2575,1.074,1
seqneut25to26_sera_5001,A/HongKong/1257/2025_H3N2,plate21-A/HongKong/1257/2025_H3N2,5921,1.097,1
seqneut25to26_sera_5001,A/HongKong/1257/2025_H3N2,plate21-A/HongKong/1257/2025_H3N2,1.362e+04,1.289,1
seqneut25to26_sera_5001,A/HongKong/1382/2025_H3N2,plate21-A/HongKong/1382/2025_H3N2,40,0.02593,0.02593
seqneut25to26_sera_5001,A/HongKong/1382/2025_H3N2,plate21-A/HongKong/1382/2025_H3N2,92,0.3156,0.3156
seqneut25to26_sera_5001,A/HongKong/1382/2025_H3N2,plate21-A/HongKong/1382/2025_H3N2,212,0.2368,0.2368
seqneut25to26_sera_5001,A/HongKong/1382/2025_H3N2,plate21-A/HongKong/1382/2025_H3N2,487,0.5616,0.5616
seqneut25to26_sera_5001,A/HongKong/1382/2025_H3N2,plate21-A/HongKong/1382/2025_H3N2,1119,0.5522,0.5522
seqneut25to26_sera_5001,A/HongKong/1382/2025_H3N2,plate21-A/HongKong/1382/2025_H3N2,2575,0.9144,0.9144
seqneut25to26_sera_5001,A/HongKong/1382/2025_H3N2,plate21-A/HongKong/1382/2025_H3N2,5921,1.184,1
seqneut25to26_sera_5001,A/HongKong/1382/2025_H3N2,plate21-A/HongKong/1382/2025_H3N2,1.362e+04,1.47,1
seqneut25to26_sera_5001,A/Indonesia/BIOKES-I-BT074/2025_H3N2,plate21-A/Indonesia/BIOKES-I-BT074/2025_H3N2,40,0.1522,0.1522
seqneut25to26_sera_5001,A/Indonesia/BIOKES-I-BT074/2025_H3N2,plate21-A/Indonesia/BIOKES-I-BT074/2025_H3N2,92,0.4091,0.4091
seqneut25to26_sera_5001,A/Indonesia/BIOKES-I-BT074/2025_H3N2,plate21-A/Indonesia/BIOKES-I-BT074/2025_H3N2,212,0.6136,0.6136
seqneut25to26_sera_5001,A/Indonesia/BIOKES-I-BT074/2025_H3N2,plate21-A/Indonesia/BIOKES-I-BT074/2025_H3N2,487,0.7038,0.7038
seqneut25to26_sera_5001,A/Indonesia/BIOKES-I-BT074/2025_H3N2,plate21-A/Indonesia/BIOKES-I-BT074/2025_H3N2,1119,0.9152,0.9152
seqneut25to26_sera_5001,A/Indonesia/BIOKES-I-BT074/2025_H3N2,plate21-A/Indonesia/BIOKES-I-BT074/2025_H3N2,2575,0.9235,0.9235
seqneut25to26_sera_5001,A/Indonesia/BIOKES-I-BT074/2025_H3N2,plate21-A/Indonesia/BIOKES-I-BT074/2025_H3N2,5921,1.256,1
seqneut25to26_sera_5001,A/Indonesia/BIOKES-I-BT074/2025_H3N2,plate21-A/Indonesia/BIOKES-I-BT074/2025_H3N2,1.362e+04,1.173,1
seqneut25to26_sera_5001,A/Indonesia/BIOKES-INAD491/2025_H3N2,plate21-A/Indonesia/BIOKES-INAD491/2025_H3N2,40,0.07128,0.07128
seqneut25to26_sera_5001,A/Indonesia/BIOKES-INAD491/2025_H3N2,plate21-A/Indonesia/BIOKES-INAD491/2025_H3N2,92,0.2218,0.2218
seqneut25to26_sera_5001,A/Indonesia/BIOKES-INAD491/2025_H3N2,plate21-A/Indonesia/BIOKES-INAD491/2025_H3N2,212,0.4786,0.4786
seqneut25to26_sera_5001,A/Indonesia/BIOKES-INAD491/2025_H3N2,plate21-A/Indonesia/BIOKES-INAD491/2025_H3N2,487,0.7762,0.7762
seqneut25to26_sera_5001,A/Indonesia/BIOKES-INAD491/2025_H3N2,plate21-A/Indonesia/BIOKES-INAD491/2025_H3N2,1119,1.067,1
seqneut25to26_sera_5001,A/Indonesia/BIOKES-INAD491/2025_H3N2,plate21-A/Indonesia/BIOKES-INAD491/2025_H3N2,2575,1.239,1
seqneut25to26_sera_5001,A/Indonesia/BIOKES-INAD491/2025_H3N2,plate21-A/Indonesia/BIOKES-INAD491/2025_H3N2,5921,0.9692,0.9692
seqneut25to26_sera_5001,A/Indonesia/BIOKES-INAD491/2025_H3N2,plate21-A/Indonesia/BIOKES-INAD491/2025_H3N2,1.362e+04,1.028,1
seqneut25to26_sera_5001,A/Lao/820-2750/2025_H3N2,plate21-A/Lao/820-2750/2025_H3N2,40,0.03967,0.03967
seqneut25to26_sera_5001,A/Lao/820-2750/2025_H3N2,plate21-A/Lao/820-2750/2025_H3N2,92,0.2061,0.2061
seqneut25to26_sera_5001,A/Lao/820-2750/2025_H3N2,plate21-A/Lao/820-2750/2025_H3N2,212,0.4648,0.4648
seqneut25to26_sera_5001,A/Lao/820-2750/2025_H3N2,plate21-A/Lao/820-2750/2025_H3N2,487,0.7049,0.7049
seqneut25to26_sera_5001,A/Lao/820-2750/2025_H3N2,plate21-A/Lao/820-2750/2025_H3N2,1119,0.7013,0.7013
seqneut25to26_sera_5001,A/Lao/820-2750/2025_H3N2,plate21-A/Lao/820-2750/2025_H3N2,2575,1.063,1
seqneut25to26_sera_5001,A/Lao/820-2750/2025_H3N2,plate21-A/Lao/820-2750/2025_H3N2,5921,0.8758,0.8758
seqneut25to26_sera_5001,A/Lao/820-2750/2025_H3N2,plate21-A/Lao/820-2750/2025_H3N2,1.362e+04,0.976,0.976
seqneut25to26_sera_5001,A/Malaysia/IMR/SARI/2028/2025_H3N2,plate21-A/Malaysia/IMR/SARI/2028/2025_H3N2,40,0.07951,0.07951
seqneut25to26_sera_5001,A/Malaysia/IMR/SARI/2028/2025_H3N2,plate21-A/Malaysia/IMR/SARI/2028/2025_H3N2,92,0.2683,0.2683
seqneut25to26_sera_5001,A/Malaysia/IMR/SARI/2028/2025_H3N2,plate21-A/Malaysia/IMR/SARI/2028/2025_H3N2,212,0.3405,0.3405
seqneut25to26_sera_5001,A/Malaysia/IMR/SARI/2028/2025_H3N2,plate21-A/Malaysia/IMR/SARI/2028/2025_H3N2,487,0.5359,0.5359
seqneut25to26_sera_5001,A/Malaysia/IMR/SARI/2028/2025_H3N2,plate21-A/Malaysia/IMR/SARI/2028/2025_H3N2,1119,0.7134,0.7134
seqneut25to26_sera_5001,A/Malaysia/IMR/SARI/2028/2025_H3N2,plate21-A/Malaysia/IMR/SARI/2028/2025_H3N2,2575,0.897,0.897
seqneut25to26_sera_5001,A/Malaysia/IMR/SARI/2028/2025_H3N2,plate21-A/Malaysia/IMR/SARI/2028/2025_H3N2,5921,1.032,1
seqneut25to26_sera_5001,A/Malaysia/IMR/SARI/2028/2025_H3N2,plate21-A/Malaysia/IMR/SARI/2028/2025_H3N2,1.362e+04,1.097,1
seqneut25to26_sera_5001,A/Malaysia/IMR/SARI/2406/2025_H3N2,plate21-A/Malaysia/IMR/SARI/2406/2025_H3N2,40,0.0434,0.0434
seqneut25to26_sera_5001,A/Malaysia/IMR/SARI/2406/2025_H3N2,plate21-A/Malaysia/IMR/SARI/2406/2025_H3N2,92,0.3059,0.3059
seqneut25to26_sera_5001,A/Malaysia/IMR/SARI/2406/2025_H3N2,plate21-A/Malaysia/IMR/SARI/2406/2025_H3N2,212,0.4978,0.4978
seqneut25to26_sera_5001,A/Malaysia/IMR/SARI/2406/2025_H3N2,plate21-A/Malaysia/IMR/SARI/2406/2025_H3N2,487,0.6099,0.6099
seqneut25to26_sera_5001,A/Malaysia/IMR/SARI/2406/2025_H3N2,plate21-A/Malaysia/IMR/SARI/2406/2025_H3N2,1119,0.7095,0.7095
seqneut25to26_sera_5001,A/Malaysia/IMR/SARI/2406/2025_H3N2,plate21-A/Malaysia/IMR/SARI/2406/2025_H3N2,2575,1.011,1
seqneut25to26_sera_5001,A/Malaysia/IMR/SARI/2406/2025_H3N2,plate21-A/Malaysia/IMR/SARI/2406/2025_H3N2,5921,1.062,1
seqneut25to26_sera_5001,A/Malaysia/IMR/SARI/2406/2025_H3N2,plate21-A/Malaysia/IMR/SARI/2406/2025_H3N2,1.362e+04,1.441,1
seqneut25to26_sera_5001,A/Malaysia/IMR/SARI/2517/2025_H3N2,plate21-A/Malaysia/IMR/SARI/2517/2025_H3N2,40,0.1097,0.1097
seqneut25to26_sera_5001,A/Malaysia/IMR/SARI/2517/2025_H3N2,plate21-A/Malaysia/IMR/SARI/2517/2025_H3N2,92,0.2607,0.2607
seqneut25to26_sera_5001,A/Malaysia/IMR/SARI/2517/2025_H3N2,plate21-A/Malaysia/IMR/SARI/2517/2025_H3N2,212,0.6007,0.6007
seqneut25to26_sera_5001,A/Malaysia/IMR/SARI/2517/2025_H3N2,plate21-A/Malaysia/IMR/SARI/2517/2025_H3N2,487,0.6643,0.6643
seqneut25to26_sera_5001,A/Malaysia/IMR/SARI/2517/2025_H3N2,plate21-A/Malaysia/IMR/SARI/2517/2025_H3N2,1119,0.8885,0.8885
seqneut25to26_sera_5001,A/Malaysia/IMR/SARI/2517/2025_H3N2,plate21-A/Malaysia/IMR/SARI/2517/2025_H3N2,2575,1.448,1
seqneut25to26_sera_5001,A/Malaysia/IMR/SARI/2517/2025_H3N2,plate21-A/Malaysia/IMR/SARI/2517/2025_H3N2,5921,0.9843,0.9843
seqneut25to26_sera_5001,A/Malaysia/IMR/SARI/2517/2025_H3N2,plate21-A/Malaysia/IMR/SARI/2517/2025_H3N2,1.362e+04,1.275,1
seqneut25to26_sera_5001,A/Massachusetts/18/2022_H3N2,plate21-A/Massachusetts/18/2022_H3N2,40,0.1871,0.1871
seqneut25to26_sera_5001,A/Massachusetts/18/2022_H3N2,plate21-A/Massachusetts/18/2022_H3N2,92,0.9024,0.9024
seqneut25to26_sera_5001,A/Massachusetts/18/2022_H3N2,plate21-A/Massachusetts/18/2022_H3N2,212,1.252,1
seqneut25to26_sera_5001,A/Massachusetts/18/2022_H3N2,plate21-A/Massachusetts/18/2022_H3N2,487,1.012,1
seqneut25to26_sera_5001,A/Massachusetts/18/2022_H3N2,plate21-A/Massachusetts/18/2022_H3N2,1119,1.273,1
seqneut25to26_sera_5001,A/Massachusetts/18/2022_H3N2,plate21-A/Massachusetts/18/2022_H3N2,2575,1.367,1
seqneut25to26_sera_5001,A/Massachusetts/18/2022_H3N2,plate21-A/Massachusetts/18/2022_H3N2,5921,1.382,1
seqneut25to26_sera_5001,A/Massachusetts/18/2022_H3N2,plate21-A/Massachusetts/18/2022_H3N2,1.362e+04,1.233,1
seqneut25to26_sera_5001,A/Michigan/110/2025_H3N2,plate21-A/Michigan/110/2025_H3N2,40,0.06292,0.06292
seqneut25to26_sera_5001,A/Michigan/110/2025_H3N2,plate21-A/Michigan/110/2025_H3N2,92,0.5755,0.5755
seqneut25to26_sera_5001,A/Michigan/110/2025_H3N2,plate21-A/Michigan/110/2025_H3N2,212,0.8307,0.8307
seqneut25to26_sera_5001,A/Michigan/110/2025_H3N2,plate21-A/Michigan/110/2025_H3N2,487,0.4988,0.4988
seqneut25to26_sera_5001,A/Michigan/110/2025_H3N2,plate21-A/Michigan/110/2025_H3N2,1119,0.9555,0.9555
seqneut25to26_sera_5001,A/Michigan/110/2025_H3N2,plate21-A/Michigan/110/2025_H3N2,2575,0.8848,0.8848
seqneut25to26_sera_5001,A/Michigan/110/2025_H3N2,plate21-A/Michigan/110/2025_H3N2,5921,1.212,1
seqneut25to26_sera_5001,A/Michigan/110/2025_H3N2,plate21-A/Michigan/110/2025_H3N2,1.362e+04,1.068,1
seqneut25to26_sera_5001,A/Minnesota/96/2025_H3N2,plate21-A/Minnesota/96/2025_H3N2,40,0.05446,0.05446
seqneut25to26_sera_5001,A/Minnesota/96/2025_H3N2,plate21-A/Minnesota/96/2025_H3N2,92,0.3805,0.3805
seqneut25to26_sera_5001,A/Minnesota/96/2025_H3N2,plate21-A/Minnesota/96/2025_H3N2,212,0.59,0.59
seqneut25to26_sera_5001,A/Minnesota/96/2025_H3N2,plate21-A/Minnesota/96/2025_H3N2,487,0.5522,0.5522
seqneut25to26_sera_5001,A/Minnesota/96/2025_H3N2,plate21-A/Minnesota/96/2025_H3N2,1119,0.9329,0.9329
seqneut25to26_sera_5001,A/Minnesota/96/2025_H3N2,plate21-A/Minnesota/96/2025_H3N2,2575,1.292,1
seqneut25to26_sera_5001,A/Minnesota/96/2025_H3N2,plate21-A/Minnesota/96/2025_H3N2,5921,0.8835,0.8835
seqneut25to26_sera_5001,A/Minnesota/96/2025_H3N2,plate21-A/Minnesota/96/2025_H3N2,1.362e+04,1.233,1
seqneut25to26_sera_5001,A/Missouri/11/2025_H1N1,plate21-A/Missouri/11/2025_H1N1,40,0.01124,0.01124
seqneut25to26_sera_5001,A/Missouri/11/2025_H1N1,plate21-A/Missouri/11/2025_H1N1,92,0.07715,0.07715
seqneut25to26_sera_5001,A/Missouri/11/2025_H1N1,plate21-A/Missouri/11/2025_H1N1,212,0.4369,0.4369
seqneut25to26_sera_5001,A/Missouri/11/2025_H1N1,plate21-A/Missouri/11/2025_H1N1,487,0.6633,0.6633
seqneut25to26_sera_5001,A/Missouri/11/2025_H1N1,plate21-A/Missouri/11/2025_H1N1,1119,0.8016,0.8016
seqneut25to26_sera_5001,A/Missouri/11/2025_H1N1,plate21-A/Missouri/11/2025_H1N1,2575,1.465,1
seqneut25to26_sera_5001,A/Missouri/11/2025_H1N1,plate21-A/Missouri/11/2025_H1N1,5921,1.722,1
seqneut25to26_sera_5001,A/Missouri/11/2025_H1N1,plate21-A/Missouri/11/2025_H1N1,1.362e+04,1.398,1
seqneut25to26_sera_5001,A/NewSouthWales/2526015582/2025_H3N2,plate21-A/NewSouthWales/2526015582/2025_H3N2,40,0.07031,0.07031
seqneut25to26_sera_5001,A/NewSouthWales/2526015582/2025_H3N2,plate21-A/NewSouthWales/2526015582/2025_H3N2,92,0.3798,0.3798
seqneut25to26_sera_5001,A/NewSouthWales/2526015582/2025_H3N2,plate21-A/NewSouthWales/2526015582/2025_H3N2,212,0.4608,0.4608
seqneut25to26_sera_5001,A/NewSouthWales/2526015582/2025_H3N2,plate21-A/NewSouthWales/2526015582/2025_H3N2,487,0.6628,0.6628
seqneut25to26_sera_5001,A/NewSouthWales/2526015582/2025_H3N2,plate21-A/NewSouthWales/2526015582/2025_H3N2,1119,0.988,0.988
seqneut25to26_sera_5001,A/NewSouthWales/2526015582/2025_H3N2,plate21-A/NewSouthWales/2526015582/2025_H3N2,2575,0.997,0.997
seqneut25to26_sera_5001,A/NewSouthWales/2526015582/2025_H3N2,plate21-A/NewSouthWales/2526015582/2025_H3N2,5921,1.144,1
seqneut25to26_sera_5001,A/NewSouthWales/2526015582/2025_H3N2,plate21-A/NewSouthWales/2526015582/2025_H3N2,1.362e+04,1.393,1
seqneut25to26_sera_5001,A/NewSouthWales/2526015584/2025_H3N2,plate21-A/NewSouthWales/2526015584/2025_H3N2,40,0.05266,0.05266
seqneut25to26_sera_5001,A/NewSouthWales/2526015584/2025_H3N2,plate21-A/NewSouthWales/2526015584/2025_H3N2,92,0.2218,0.2218
seqneut25to26_sera_5001,A/NewSouthWales/2526015584/2025_H3N2,plate21-A/NewSouthWales/2526015584/2025_H3N2,212,0.3899,0.3899
seqneut25to26_sera_5001,A/NewSouthWales/2526015584/2025_H3N2,plate21-A/NewSouthWales/2526015584/2025_H3N2,487,0.5477,0.5477
seqneut25to26_sera_5001,A/NewSouthWales/2526015584/2025_H3N2,plate21-A/NewSouthWales/2526015584/2025_H3N2,1119,0.7747,0.7747
seqneut25to26_sera_5001,A/NewSouthWales/2526015584/2025_H3N2,plate21-A/NewSouthWales/2526015584/2025_H3N2,2575,1.151,1
seqneut25to26_sera_5001,A/NewSouthWales/2526015584/2025_H3N2,plate21-A/NewSouthWales/2526015584/2025_H3N2,5921,1.242,1
seqneut25to26_sera_5001,A/NewSouthWales/2526015584/2025_H3N2,plate21-A/NewSouthWales/2526015584/2025_H3N2,1.362e+04,1.168,1
seqneut25to26_sera_5001,A/Norway/8765/2025_H3N2,plate21-A/Norway/8765/2025_H3N2,40,0.1242,0.1242
seqneut25to26_sera_5001,A/Norway/8765/2025_H3N2,plate21-A/Norway/8765/2025_H3N2,92,0.4068,0.4068
seqneut25to26_sera_5001,A/Norway/8765/2025_H3N2,plate21-A/Norway/8765/2025_H3N2,212,0.4529,0.4529
seqneut25to26_sera_5001,A/Norway/8765/2025_H3N2,plate21-A/Norway/8765/2025_H3N2,487,0.489,0.489
seqneut25to26_sera_5001,A/Norway/8765/2025_H3N2,plate21-A/Norway/8765/2025_H3N2,1119,0.9216,0.9216
seqneut25to26_sera_5001,A/Norway/8765/2025_H3N2,plate21-A/Norway/8765/2025_H3N2,2575,0.7713,0.7713
seqneut25to26_sera_5001,A/Norway/8765/2025_H3N2,plate21-A/Norway/8765/2025_H3N2,5921,0.9419,0.9419
seqneut25to26_sera_5001,A/Norway/8765/2025_H3N2,plate21-A/Norway/8765/2025_H3N2,1.362e+04,1.138,1
seqneut25to26_sera_5001,A/Norway/8976/2025_H3N2,plate21-A/Norway/8976/2025_H3N2,40,0.1698,0.1698
seqneut25to26_sera_5001,A/Norway/8976/2025_H3N2,plate21-A/Norway/8976/2025_H3N2,92,0.2079,0.2079
seqneut25to26_sera_5001,A/Norway/8976/2025_H3N2,plate21-A/Norway/8976/2025_H3N2,212,0.4351,0.4351
seqneut25to26_sera_5001,A/Norway/8976/2025_H3N2,plate21-A/Norway/8976/2025_H3N2,487,0.5523,0.5523
seqneut25to26_sera_5001,A/Norway/8976/2025_H3N2,plate21-A/Norway/8976/2025_H3N2,1119,0.9757,0.9757
seqneut25to26_sera_5001,A/Norway/8976/2025_H3N2,plate21-A/Norway/8976/2025_H3N2,2575,1.043,1
seqneut25to26_sera_5001,A/Norway/8976/2025_H3N2,plate21-A/Norway/8976/2025_H3N2,5921,1.009,1
seqneut25to26_sera_5001,A/Norway/8976/2025_H3N2,plate21-A/Norway/8976/2025_H3N2,1.362e+04,1.257,1
seqneut25to26_sera_5001,A/Norway/9107/2025_H1N1,plate21-A/Norway/9107/2025_H1N1,40,0.01557,0.01557
seqneut25to26_sera_5001,A/Norway/9107/2025_H1N1,plate21-A/Norway/9107/2025_H1N1,92,0.156,0.156
seqneut25to26_sera_5001,A/Norway/9107/2025_H1N1,plate21-A/Norway/9107/2025_H1N1,212,0.4932,0.4932
seqneut25to26_sera_5001,A/Norway/9107/2025_H1N1,plate21-A/Norway/9107/2025_H1N1,487,0.8408,0.8408
seqneut25to26_sera_5001,A/Norway/9107/2025_H1N1,plate21-A/Norway/9107/2025_H1N1,1119,0.9249,0.9249
seqneut25to26_sera_5001,A/Norway/9107/2025_H1N1,plate21-A/Norway/9107/2025_H1N1,2575,1.162,1
seqneut25to26_sera_5001,A/Norway/9107/2025_H1N1,plate21-A/Norway/9107/2025_H1N1,5921,1.43,1
seqneut25to26_sera_5001,A/Norway/9107/2025_H1N1,plate21-A/Norway/9107/2025_H1N1,1.362e+04,1.086,1
seqneut25to26_sera_5001,A/Norway/9556/2025_H1N1,plate21-A/Norway/9556/2025_H1N1,40,0.1009,0.1009
seqneut25to26_sera_5001,A/Norway/9556/2025_H1N1,plate21-A/Norway/9556/2025_H1N1,92,0.4559,0.4559
seqneut25to26_sera_5001,A/Norway/9556/2025_H1N1,plate21-A/Norway/9556/2025_H1N1,212,0.7554,0.7554
seqneut25to26_sera_5001,A/Norway/9556/2025_H1N1,plate21-A/Norway/9556/2025_H1N1,487,0.7609,0.7609
seqneut25to26_sera_5001,A/Norway/9556/2025_H1N1,plate21-A/Norway/9556/2025_H1N1,1119,0.9727,0.9727
seqneut25to26_sera_5001,A/Norway/9556/2025_H1N1,plate21-A/Norway/9556/2025_H1N1,2575,1.089,1
seqneut25to26_sera_5001,A/Norway/9556/2025_H1N1,plate21-A/Norway/9556/2025_H1N1,5921,1.297,1
seqneut25to26_sera_5001,A/Norway/9556/2025_H1N1,plate21-A/Norway/9556/2025_H1N1,1.362e+04,1.401,1
seqneut25to26_sera_5001,A/Peru/GIHSN-04-1089/2025_H3N2,plate21-A/Peru/GIHSN-04-1089/2025_H3N2,40,0.1288,0.1288
seqneut25to26_sera_5001,A/Peru/GIHSN-04-1089/2025_H3N2,plate21-A/Peru/GIHSN-04-1089/2025_H3N2,92,0.2427,0.2427
seqneut25to26_sera_5001,A/Peru/GIHSN-04-1089/2025_H3N2,plate21-A/Peru/GIHSN-04-1089/2025_H3N2,212,0.591,0.591
seqneut25to26_sera_5001,A/Peru/GIHSN-04-1089/2025_H3N2,plate21-A/Peru/GIHSN-04-1089/2025_H3N2,487,0.6698,0.6698
seqneut25to26_sera_5001,A/Peru/GIHSN-04-1089/2025_H3N2,plate21-A/Peru/GIHSN-04-1089/2025_H3N2,1119,0.7708,0.7708
seqneut25to26_sera_5001,A/Peru/GIHSN-04-1089/2025_H3N2,plate21-A/Peru/GIHSN-04-1089/2025_H3N2,2575,1.308,1
seqneut25to26_sera_5001,A/Peru/GIHSN-04-1089/2025_H3N2,plate21-A/Peru/GIHSN-04-1089/2025_H3N2,5921,1.253,1
seqneut25to26_sera_5001,A/Peru/GIHSN-04-1089/2025_H3N2,plate21-A/Peru/GIHSN-04-1089/2025_H3N2,1.362e+04,1.247,1
seqneut25to26_sera_5001,A/Philippines/SARI25-1425/2025_H1N1,plate21-A/Philippines/SARI25-1425/2025_H1N1,40,0.02434,0.02434
seqneut25to26_sera_5001,A/Philippines/SARI25-1425/2025_H1N1,plate21-A/Philippines/SARI25-1425/2025_H1N1,92,0.3421,0.3421
seqneut25to26_sera_5001,A/Philippines/SARI25-1425/2025_H1N1,plate21-A/Philippines/SARI25-1425/2025_H1N1,212,0.537,0.537
seqneut25to26_sera_5001,A/Philippines/SARI25-1425/2025_H1N1,plate21-A/Philippines/SARI25-1425/2025_H1N1,487,0.7498,0.7498
seqneut25to26_sera_5001,A/Philippines/SARI25-1425/2025_H1N1,plate21-A/Philippines/SARI25-1425/2025_H1N1,1119,0.9702,0.9702
seqneut25to26_sera_5001,A/Philippines/SARI25-1425/2025_H1N1,plate21-A/Philippines/SARI25-1425/2025_H1N1,2575,1.021,1
seqneut25to26_sera_5001,A/Philippines/SARI25-1425/2025_H1N1,plate21-A/Philippines/SARI25-1425/2025_H1N1,5921,0.9735,0.9735
seqneut25to26_sera_5001,A/Philippines/SARI25-1425/2025_H1N1,plate21-A/Philippines/SARI25-1425/2025_H1N1,1.362e+04,1.129,1
seqneut25to26_sera_5001,A/Queensland/2526516675/2025_H3N2,plate21-A/Queensland/2526516675/2025_H3N2,40,0.07806,0.07806
seqneut25to26_sera_5001,A/Queensland/2526516675/2025_H3N2,plate21-A/Queensland/2526516675/2025_H3N2,92,0.4166,0.4166
seqneut25to26_sera_5001,A/Queensland/2526516675/2025_H3N2,plate21-A/Queensland/2526516675/2025_H3N2,212,0.5489,0.5489
seqneut25to26_sera_5001,A/Queensland/2526516675/2025_H3N2,plate21-A/Queensland/2526516675/2025_H3N2,487,0.5109,0.5109
seqneut25to26_sera_5001,A/Queensland/2526516675/2025_H3N2,plate21-A/Queensland/2526516675/2025_H3N2,1119,0.8164,0.8164
seqneut25to26_sera_5001,A/Queensland/2526516675/2025_H3N2,plate21-A/Queensland/2526516675/2025_H3N2,2575,0.8766,0.8766
seqneut25to26_sera_5001,A/Queensland/2526516675/2025_H3N2,plate21-A/Queensland/2526516675/2025_H3N2,5921,1.148,1
seqneut25to26_sera_5001,A/Queensland/2526516675/2025_H3N2,plate21-A/Queensland/2526516675/2025_H3N2,1.362e+04,1.205,1
seqneut25to26_sera_5001,A/SouthAfrica/PET37604/2025_H3N2,plate21-A/SouthAfrica/PET37604/2025_H3N2,40,0.03999,0.03999
seqneut25to26_sera_5001,A/SouthAfrica/PET37604/2025_H3N2,plate21-A/SouthAfrica/PET37604/2025_H3N2,92,0.1463,0.1463
seqneut25to26_sera_5001,A/SouthAfrica/PET37604/2025_H3N2,plate21-A/SouthAfrica/PET37604/2025_H3N2,212,0.4381,0.4381
seqneut25to26_sera_5001,A/SouthAfrica/PET37604/2025_H3N2,plate21-A/SouthAfrica/PET37604/2025_H3N2,487,0.5061,0.5061
seqneut25to26_sera_5001,A/SouthAfrica/PET37604/2025_H3N2,plate21-A/SouthAfrica/PET37604/2025_H3N2,1119,0.6276,0.6276
seqneut25to26_sera_5001,A/SouthAfrica/PET37604/2025_H3N2,plate21-A/SouthAfrica/PET37604/2025_H3N2,2575,0.9018,0.9018
seqneut25to26_sera_5001,A/SouthAfrica/PET37604/2025_H3N2,plate21-A/SouthAfrica/PET37604/2025_H3N2,5921,1.075,1
seqneut25to26_sera_5001,A/SouthAfrica/PET37604/2025_H3N2,plate21-A/SouthAfrica/PET37604/2025_H3N2,1.362e+04,0.8293,0.8293
seqneut25to26_sera_5001,A/SouthAfrica/PET37625/2025_H3N2,plate21-A/SouthAfrica/PET37625/2025_H3N2,40,0.017,0.017
seqneut25to26_sera_5001,A/SouthAfrica/PET37625/2025_H3N2,plate21-A/SouthAfrica/PET37625/2025_H3N2,92,0.2376,0.2376
seqneut25to26_sera_5001,A/SouthAfrica/PET37625/2025_H3N2,plate21-A/SouthAfrica/PET37625/2025_H3N2,212,0.4422,0.4422
seqneut25to26_sera_5001,A/SouthAfrica/PET37625/2025_H3N2,plate21-A/SouthAfrica/PET37625/2025_H3N2,487,0.6152,0.6152
seqneut25to26_sera_5001,A/SouthAfrica/PET37625/2025_H3N2,plate21-A/SouthAfrica/PET37625/2025_H3N2,1119,1.008,1
seqneut25to26_sera_5001,A/SouthAfrica/PET37625/2025_H3N2,plate21-A/SouthAfrica/PET37625/2025_H3N2,2575,0.9015,0.9015
seqneut25to26_sera_5001,A/SouthAfrica/PET37625/2025_H3N2,plate21-A/SouthAfrica/PET37625/2025_H3N2,5921,0.9631,0.9631
seqneut25to26_sera_5001,A/SouthAfrica/PET37625/2025_H3N2,plate21-A/SouthAfrica/PET37625/2025_H3N2,1.362e+04,1.459,1
seqneut25to26_sera_5001,A/SouthAustralia/2519001037/2025_H1N1,plate21-A/SouthAustralia/2519001037/2025_H1N1,40,0.01318,0.01318
seqneut25to26_sera_5001,A/SouthAustralia/2519001037/2025_H1N1,plate21-A/SouthAustralia/2519001037/2025_H1N1,92,0.13,0.13
seqneut25to26_sera_5001,A/SouthAustralia/2519001037/2025_H1N1,plate21-A/SouthAustralia/2519001037/2025_H1N1,212,0.4818,0.4818
seqneut25to26_sera_5001,A/SouthAustralia/2519001037/2025_H1N1,plate21-A/SouthAustralia/2519001037/2025_H1N1,487,0.6605,0.6605
seqneut25to26_sera_5001,A/SouthAustralia/2519001037/2025_H1N1,plate21-A/SouthAustralia/2519001037/2025_H1N1,1119,0.9098,0.9098
seqneut25to26_sera_5001,A/SouthAustralia/2519001037/2025_H1N1,plate21-A/SouthAustralia/2519001037/2025_H1N1,2575,1.169,1
seqneut25to26_sera_5001,A/SouthAustralia/2519001037/2025_H1N1,plate21-A/SouthAustralia/2519001037/2025_H1N1,5921,1.204,1
seqneut25to26_sera_5001,A/SouthAustralia/2519001037/2025_H1N1,plate21-A/SouthAustralia/2519001037/2025_H1N1,1.362e+04,1.071,1
seqneut25to26_sera_5001,A/SouthAustralia/2520702747/2025_H1N1,plate21-A/SouthAustralia/2520702747/2025_H1N1,40,0.01261,0.01261
seqneut25to26_sera_5001,A/SouthAustralia/2520702747/2025_H1N1,plate21-A/SouthAustralia/2520702747/2025_H1N1,92,0.1094,0.1094
seqneut25to26_sera_5001,A/SouthAustralia/2520702747/2025_H1N1,plate21-A/SouthAustralia/2520702747/2025_H1N1,212,0.3361,0.3361
seqneut25to26_sera_5001,A/SouthAustralia/2520702747/2025_H1N1,plate21-A/SouthAustralia/2520702747/2025_H1N1,487,0.7482,0.7482
seqneut25to26_sera_5001,A/SouthAustralia/2520702747/2025_H1N1,plate21-A/SouthAustralia/2520702747/2025_H1N1,1119,0.795,0.795
seqneut25to26_sera_5001,A/SouthAustralia/2520702747/2025_H1N1,plate21-A/SouthAustralia/2520702747/2025_H1N1,2575,1.139,1
seqneut25to26_sera_5001,A/SouthAustralia/2520702747/2025_H1N1,plate21-A/SouthAustralia/2520702747/2025_H1N1,5921,1.073,1
seqneut25to26_sera_5001,A/SouthAustralia/2520702747/2025_H1N1,plate21-A/SouthAustralia/2520702747/2025_H1N1,1.362e+04,0.9437,0.9437
seqneut25to26_sera_5001,A/SouthAustralia/2523012764/2025_H1N1,plate21-A/SouthAustralia/2523012764/2025_H1N1,40,0.01018,0.01018
seqneut25to26_sera_5001,A/SouthAustralia/2523012764/2025_H1N1,plate21-A/SouthAustralia/2523012764/2025_H1N1,92,0.09425,0.09425
seqneut25to26_sera_5001,A/SouthAustralia/2523012764/2025_H1N1,plate21-A/SouthAustralia/2523012764/2025_H1N1,212,0.4597,0.4597
seqneut25to26_sera_5001,A/SouthAustralia/2523012764/2025_H1N1,plate21-A/SouthAustralia/2523012764/2025_H1N1,487,0.5729,0.5729
seqneut25to26_sera_5001,A/SouthAustralia/2523012764/2025_H1N1,plate21-A/SouthAustralia/2523012764/2025_H1N1,1119,0.6771,0.6771
seqneut25to26_sera_5001,A/SouthAustralia/2523012764/2025_H1N1,plate21-A/SouthAustralia/2523012764/2025_H1N1,2575,0.8394,0.8394
seqneut25to26_sera_5001,A/SouthAustralia/2523012764/2025_H1N1,plate21-A/SouthAustralia/2523012764/2025_H1N1,5921,0.876,0.876
seqneut25to26_sera_5001,A/SouthAustralia/2523012764/2025_H1N1,plate21-A/SouthAustralia/2523012764/2025_H1N1,1.362e+04,1.104,1
seqneut25to26_sera_5001,A/SouthAustralia/2523812314/2025_H3N2,plate21-A/SouthAustralia/2523812314/2025_H3N2,40,0.1285,0.1285
seqneut25to26_sera_5001,A/SouthAustralia/2523812314/2025_H3N2,plate21-A/SouthAustralia/2523812314/2025_H3N2,92,0.3199,0.3199
seqneut25to26_sera_5001,A/SouthAustralia/2523812314/2025_H3N2,plate21-A/SouthAustralia/2523812314/2025_H3N2,212,0.5084,0.5084
seqneut25to26_sera_5001,A/SouthAustralia/2523812314/2025_H3N2,plate21-A/SouthAustralia/2523812314/2025_H3N2,487,0.6294,0.6294
seqneut25to26_sera_5001,A/SouthAustralia/2523812314/2025_H3N2,plate21-A/SouthAustralia/2523812314/2025_H3N2,1119,0.9763,0.9763
seqneut25to26_sera_5001,A/SouthAustralia/2523812314/2025_H3N2,plate21-A/SouthAustralia/2523812314/2025_H3N2,2575,0.9606,0.9606
seqneut25to26_sera_5001,A/SouthAustralia/2523812314/2025_H3N2,plate21-A/SouthAustralia/2523812314/2025_H3N2,5921,0.8953,0.8953
seqneut25to26_sera_5001,A/SouthAustralia/2523812314/2025_H3N2,plate21-A/SouthAustralia/2523812314/2025_H3N2,1.362e+04,1.192,1
seqneut25to26_sera_5001,A/SouthAustralia/2524408801/2025_H3N2,plate21-A/SouthAustralia/2524408801/2025_H3N2,40,0.2027,0.2027
seqneut25to26_sera_5001,A/SouthAustralia/2524408801/2025_H3N2,plate21-A/SouthAustralia/2524408801/2025_H3N2,92,0.355,0.355
seqneut25to26_sera_5001,A/SouthAustralia/2524408801/2025_H3N2,plate21-A/SouthAustralia/2524408801/2025_H3N2,212,0.6938,0.6938
seqneut25to26_sera_5001,A/SouthAustralia/2524408801/2025_H3N2,plate21-A/SouthAustralia/2524408801/2025_H3N2,487,0.4314,0.4314
seqneut25to26_sera_5001,A/SouthAustralia/2524408801/2025_H3N2,plate21-A/SouthAustralia/2524408801/2025_H3N2,1119,0.694,0.694
seqneut25to26_sera_5001,A/SouthAustralia/2524408801/2025_H3N2,plate21-A/SouthAustralia/2524408801/2025_H3N2,2575,1.35,1
seqneut25to26_sera_5001,A/SouthAustralia/2524408801/2025_H3N2,plate21-A/SouthAustralia/2524408801/2025_H3N2,5921,0.9786,0.9786
seqneut25to26_sera_5001,A/SouthAustralia/2524408801/2025_H3N2,plate21-A/SouthAustralia/2524408801/2025_H3N2,1.362e+04,1.357,1
seqneut25to26_sera_5001,A/SouthAustralia/2524712956/2025_H1N1,plate21-A/SouthAustralia/2524712956/2025_H1N1,40,0.01393,0.01393
seqneut25to26_sera_5001,A/SouthAustralia/2524712956/2025_H1N1,plate21-A/SouthAustralia/2524712956/2025_H1N1,92,0.1353,0.1353
seqneut25to26_sera_5001,A/SouthAustralia/2524712956/2025_H1N1,plate21-A/SouthAustralia/2524712956/2025_H1N1,212,0.3443,0.3443
seqneut25to26_sera_5001,A/SouthAustralia/2524712956/2025_H1N1,plate21-A/SouthAustralia/2524712956/2025_H1N1,487,0.5936,0.5936
seqneut25to26_sera_5001,A/SouthAustralia/2524712956/2025_H1N1,plate21-A/SouthAustralia/2524712956/2025_H1N1,1119,0.8162,0.8162
seqneut25to26_sera_5001,A/SouthAustralia/2524712956/2025_H1N1,plate21-A/SouthAustralia/2524712956/2025_H1N1,2575,1.043,1
seqneut25to26_sera_5001,A/SouthAustralia/2524712956/2025_H1N1,plate21-A/SouthAustralia/2524712956/2025_H1N1,5921,1.117,1
seqneut25to26_sera_5001,A/SouthAustralia/2524712956/2025_H1N1,plate21-A/SouthAustralia/2524712956/2025_H1N1,1.362e+04,1.544,1
seqneut25to26_sera_5001,A/SouthAustralia/2525607496/2025_H3N2,plate21-A/SouthAustralia/2525607496/2025_H3N2,40,0.05237,0.05237
seqneut25to26_sera_5001,A/SouthAustralia/2525607496/2025_H3N2,plate21-A/SouthAustralia/2525607496/2025_H3N2,92,0.1073,0.1073
seqneut25to26_sera_5001,A/SouthAustralia/2525607496/2025_H3N2,plate21-A/SouthAustralia/2525607496/2025_H3N2,212,0.5496,0.5496
seqneut25to26_sera_5001,A/SouthAustralia/2525607496/2025_H3N2,plate21-A/SouthAustralia/2525607496/2025_H3N2,487,0.6102,0.6102
seqneut25to26_sera_5001,A/SouthAustralia/2525607496/2025_H3N2,plate21-A/SouthAustralia/2525607496/2025_H3N2,1119,0.8601,0.8601
seqneut25to26_sera_5001,A/SouthAustralia/2525607496/2025_H3N2,plate21-A/SouthAustralia/2525607496/2025_H3N2,2575,0.7959,0.7959
seqneut25to26_sera_5001,A/SouthAustralia/2525607496/2025_H3N2,plate21-A/SouthAustralia/2525607496/2025_H3N2,5921,1.139,1
seqneut25to26_sera_5001,A/SouthAustralia/2525607496/2025_H3N2,plate21-A/SouthAustralia/2525607496/2025_H3N2,1.362e+04,1.223,1
seqneut25to26_sera_5001,A/SouthAustralia/2527003588/2025_H3N2,plate21-A/SouthAustralia/2527003588/2025_H3N2,40,0.07473,0.07473
seqneut25to26_sera_5001,A/SouthAustralia/2527003588/2025_H3N2,plate21-A/SouthAustralia/2527003588/2025_H3N2,92,0.5706,0.5706
seqneut25to26_sera_5001,A/SouthAustralia/2527003588/2025_H3N2,plate21-A/SouthAustralia/2527003588/2025_H3N2,212,0.682,0.682
seqneut25to26_sera_5001,A/SouthAustralia/2527003588/2025_H3N2,plate21-A/SouthAustralia/2527003588/2025_H3N2,487,1.135,1
seqneut25to26_sera_5001,A/SouthAustralia/2527003588/2025_H3N2,plate21-A/SouthAustralia/2527003588/2025_H3N2,1119,1.037,1
seqneut25to26_sera_5001,A/SouthAustralia/2527003588/2025_H3N2,plate21-A/SouthAustralia/2527003588/2025_H3N2,2575,1.065,1
seqneut25to26_sera_5001,A/SouthAustralia/2527003588/2025_H3N2,plate21-A/SouthAustralia/2527003588/2025_H3N2,5921,0.9329,0.9329
seqneut25to26_sera_5001,A/SouthAustralia/2527003588/2025_H3N2,plate21-A/SouthAustralia/2527003588/2025_H3N2,1.362e+04,0.9553,0.9553
seqneut25to26_sera_5001,A/SouthAustralia/2527213276/2025_H3N2,plate21-A/SouthAustralia/2527213276/2025_H3N2,40,0.03178,0.03178
seqneut25to26_sera_5001,A/SouthAustralia/2527213276/2025_H3N2,plate21-A/SouthAustralia/2527213276/2025_H3N2,92,0.3795,0.3795
seqneut25to26_sera_5001,A/SouthAustralia/2527213276/2025_H3N2,plate21-A/SouthAustralia/2527213276/2025_H3N2,212,0.2948,0.2948
seqneut25to26_sera_5001,A/SouthAustralia/2527213276/2025_H3N2,plate21-A/SouthAustralia/2527213276/2025_H3N2,487,0.2575,0.2575
seqneut25to26_sera_5001,A/SouthAustralia/2527213276/2025_H3N2,plate21-A/SouthAustralia/2527213276/2025_H3N2,1119,0.3346,0.3346
seqneut25to26_sera_5001,A/SouthAustralia/2527213276/2025_H3N2,plate21-A/SouthAustralia/2527213276/2025_H3N2,2575,0.6111,0.6111
seqneut25to26_sera_5001,A/SouthAustralia/2527213276/2025_H3N2,plate21-A/SouthAustralia/2527213276/2025_H3N2,5921,0.6489,0.6489
seqneut25to26_sera_5001,A/SouthAustralia/2527213276/2025_H3N2,plate21-A/SouthAustralia/2527213276/2025_H3N2,1.362e+04,1.039,1
seqneut25to26_sera_5001,A/SouthAustralia/2527612456/2025_H1N1,plate21-A/SouthAustralia/2527612456/2025_H1N1,40,0.01627,0.01627
seqneut25to26_sera_5001,A/SouthAustralia/2527612456/2025_H1N1,plate21-A/SouthAustralia/2527612456/2025_H1N1,92,0.3275,0.3275
seqneut25to26_sera_5001,A/SouthAustralia/2527612456/2025_H1N1,plate21-A/SouthAustralia/2527612456/2025_H1N1,212,0.5699,0.5699
seqneut25to26_sera_5001,A/SouthAustralia/2527612456/2025_H1N1,plate21-A/SouthAustralia/2527612456/2025_H1N1,487,0.8861,0.8861
seqneut25to26_sera_5001,A/SouthAustralia/2527612456/2025_H1N1,plate21-A/SouthAustralia/2527612456/2025_H1N1,1119,1.399,1
seqneut25to26_sera_5001,A/SouthAustralia/2527612456/2025_H1N1,plate21-A/SouthAustralia/2527612456/2025_H1N1,2575,1.079,1
seqneut25to26_sera_5001,A/SouthAustralia/2527612456/2025_H1N1,plate21-A/SouthAustralia/2527612456/2025_H1N1,5921,1.152,1
seqneut25to26_sera_5001,A/SouthAustralia/2527612456/2025_H1N1,plate21-A/SouthAustralia/2527612456/2025_H1N1,1.362e+04,1.572,1
seqneut25to26_sera_5001,A/SouthAustralia/2527902708/2025_H3N2,plate21-A/SouthAustralia/2527902708/2025_H3N2,40,0.02505,0.02505
seqneut25to26_sera_5001,A/SouthAustralia/2527902708/2025_H3N2,plate21-A/SouthAustralia/2527902708/2025_H3N2,92,0.2686,0.2686
seqneut25to26_sera_5001,A/SouthAustralia/2527902708/2025_H3N2,plate21-A/SouthAustralia/2527902708/2025_H3N2,212,0.6217,0.6217
seqneut25to26_sera_5001,A/SouthAustralia/2527902708/2025_H3N2,plate21-A/SouthAustralia/2527902708/2025_H3N2,487,0.852,0.852
seqneut25to26_sera_5001,A/SouthAustralia/2527902708/2025_H3N2,plate21-A/SouthAustralia/2527902708/2025_H3N2,1119,0.7967,0.7967
seqneut25to26_sera_5001,A/SouthAustralia/2527902708/2025_H3N2,plate21-A/SouthAustralia/2527902708/2025_H3N2,2575,1.124,1
seqneut25to26_sera_5001,A/SouthAustralia/2527902708/2025_H3N2,plate21-A/SouthAustralia/2527902708/2025_H3N2,5921,0.747,0.747
seqneut25to26_sera_5001,A/SouthAustralia/2527902708/2025_H3N2,plate21-A/SouthAustralia/2527902708/2025_H3N2,1.362e+04,1.346,1
seqneut25to26_sera_5001,A/Sydney/1359/2024_H3N2,plate21-A/Sydney/1359/2024_H3N2,40,0.07546,0.07546
seqneut25to26_sera_5001,A/Sydney/1359/2024_H3N2,plate21-A/Sydney/1359/2024_H3N2,92,0.256,0.256
seqneut25to26_sera_5001,A/Sydney/1359/2024_H3N2,plate21-A/Sydney/1359/2024_H3N2,212,0.4618,0.4618
seqneut25to26_sera_5001,A/Sydney/1359/2024_H3N2,plate21-A/Sydney/1359/2024_H3N2,487,0.4507,0.4507
seqneut25to26_sera_5001,A/Sydney/1359/2024_H3N2,plate21-A/Sydney/1359/2024_H3N2,1119,0.7998,0.7998
seqneut25to26_sera_5001,A/Sydney/1359/2024_H3N2,plate21-A/Sydney/1359/2024_H3N2,2575,0.8842,0.8842
seqneut25to26_sera_5001,A/Sydney/1359/2024_H3N2,plate21-A/Sydney/1359/2024_H3N2,5921,0.8813,0.8813
seqneut25to26_sera_5001,A/Sydney/1359/2024_H3N2,plate21-A/Sydney/1359/2024_H3N2,1.362e+04,1.161,1
seqneut25to26_sera_5001,A/Sydney/400/2025_H1N1,plate21-A/Sydney/400/2025_H1N1,40,0.00131,0.00131
seqneut25to26_sera_5001,A/Sydney/400/2025_H1N1,plate21-A/Sydney/400/2025_H1N1,92,0.03067,0.03067
seqneut25to26_sera_5001,A/Sydney/400/2025_H1N1,plate21-A/Sydney/400/2025_H1N1,212,0.2109,0.2109
seqneut25to26_sera_5001,A/Sydney/400/2025_H1N1,plate21-A/Sydney/400/2025_H1N1,487,0.3735,0.3735
seqneut25to26_sera_5001,A/Sydney/400/2025_H1N1,plate21-A/Sydney/400/2025_H1N1,1119,0.6409,0.6409
seqneut25to26_sera_5001,A/Sydney/400/2025_H1N1,plate21-A/Sydney/400/2025_H1N1,2575,0.9711,0.9711
seqneut25to26_sera_5001,A/Sydney/400/2025_H1N1,plate21-A/Sydney/400/2025_H1N1,5921,0.8839,0.8839
seqneut25to26_sera_5001,A/Sydney/400/2025_H1N1,plate21-A/Sydney/400/2025_H1N1,1.362e+04,1.013,1
seqneut25to26_sera_5001,A/Tasmania/2521815682/2025_H3N2,plate21-A/Tasmania/2521815682/2025_H3N2,40,0.1194,0.1194
seqneut25to26_sera_5001,A/Tasmania/2521815682/2025_H3N2,plate21-A/Tasmania/2521815682/2025_H3N2,92,0.5502,0.5502
seqneut25to26_sera_5001,A/Tasmania/2521815682/2025_H3N2,plate21-A/Tasmania/2521815682/2025_H3N2,212,0.4649,0.4649
seqneut25to26_sera_5001,A/Tasmania/2521815682/2025_H3N2,plate21-A/Tasmania/2521815682/2025_H3N2,487,0.7008,0.7008
seqneut25to26_sera_5001,A/Tasmania/2521815682/2025_H3N2,plate21-A/Tasmania/2521815682/2025_H3N2,1119,0.7658,0.7658
seqneut25to26_sera_5001,A/Tasmania/2521815682/2025_H3N2,plate21-A/Tasmania/2521815682/2025_H3N2,2575,1.033,1
seqneut25to26_sera_5001,A/Tasmania/2521815682/2025_H3N2,plate21-A/Tasmania/2521815682/2025_H3N2,5921,0.8873,0.8873
seqneut25to26_sera_5001,A/Tasmania/2521815682/2025_H3N2,plate21-A/Tasmania/2521815682/2025_H3N2,1.362e+04,1.242,1
seqneut25to26_sera_5001,A/Thailand/8/2022_H3N2,plate21-A/Thailand/8/2022_H3N2,40,0.01453,0.01453
seqneut25to26_sera_5001,A/Thailand/8/2022_H3N2,plate21-A/Thailand/8/2022_H3N2,92,0.203,0.203
seqneut25to26_sera_5001,A/Thailand/8/2022_H3N2,plate21-A/Thailand/8/2022_H3N2,212,0.5659,0.5659
seqneut25to26_sera_5001,A/Thailand/8/2022_H3N2,plate21-A/Thailand/8/2022_H3N2,487,0.7561,0.7561
seqneut25to26_sera_5001,A/Thailand/8/2022_H3N2,plate21-A/Thailand/8/2022_H3N2,1119,1.154,1
seqneut25to26_sera_5001,A/Thailand/8/2022_H3N2,plate21-A/Thailand/8/2022_H3N2,2575,1.186,1
seqneut25to26_sera_5001,A/Thailand/8/2022_H3N2,plate21-A/Thailand/8/2022_H3N2,5921,1.552,1
seqneut25to26_sera_5001,A/Thailand/8/2022_H3N2,plate21-A/Thailand/8/2022_H3N2,1.362e+04,1.159,1
seqneut25to26_sera_5001,A/Vermont/73/2025_H3N2,plate21-A/Vermont/73/2025_H3N2,40,0.1716,0.1716
seqneut25to26_sera_5001,A/Vermont/73/2025_H3N2,plate21-A/Vermont/73/2025_H3N2,92,0.297,0.297
seqneut25to26_sera_5001,A/Vermont/73/2025_H3N2,plate21-A/Vermont/73/2025_H3N2,212,0.6986,0.6986
seqneut25to26_sera_5001,A/Vermont/73/2025_H3N2,plate21-A/Vermont/73/2025_H3N2,487,0.5394,0.5394
seqneut25to26_sera_5001,A/Vermont/73/2025_H3N2,plate21-A/Vermont/73/2025_H3N2,1119,0.9629,0.9629
seqneut25to26_sera_5001,A/Vermont/73/2025_H3N2,plate21-A/Vermont/73/2025_H3N2,2575,1.32,1
seqneut25to26_sera_5001,A/Vermont/73/2025_H3N2,plate21-A/Vermont/73/2025_H3N2,5921,1.099,1
seqneut25to26_sera_5001,A/Vermont/73/2025_H3N2,plate21-A/Vermont/73/2025_H3N2,1.362e+04,1.543,1
seqneut25to26_sera_5001,A/Victoria/4897/2022_IVR-238_H1N1,plate21-A/Victoria/4897/2022_IVR-238_H1N1,40,0.0004875,0.0004875
seqneut25to26_sera_5001,A/Victoria/4897/2022_IVR-238_H1N1,plate21-A/Victoria/4897/2022_IVR-238_H1N1,92,0.0004307,0.0004307
seqneut25to26_sera_5001,A/Victoria/4897/2022_IVR-238_H1N1,plate21-A/Victoria/4897/2022_IVR-238_H1N1,212,0.03794,0.03794
seqneut25to26_sera_5001,A/Victoria/4897/2022_IVR-238_H1N1,plate21-A/Victoria/4897/2022_IVR-238_H1N1,487,0.2684,0.2684
seqneut25to26_sera_5001,A/Victoria/4897/2022_IVR-238_H1N1,plate21-A/Victoria/4897/2022_IVR-238_H1N1,1119,0.67,0.67
seqneut25to26_sera_5001,A/Victoria/4897/2022_IVR-238_H1N1,plate21-A/Victoria/4897/2022_IVR-238_H1N1,2575,0.9432,0.9432
seqneut25to26_sera_5001,A/Victoria/4897/2022_IVR-238_H1N1,plate21-A/Victoria/4897/2022_IVR-238_H1N1,5921,1.021,1
seqneut25to26_sera_5001,A/Victoria/4897/2022_IVR-238_H1N1,plate21-A/Victoria/4897/2022_IVR-238_H1N1,1.362e+04,1.256,1
seqneut25to26_sera_5001,A/Wisconsin/588/2019_H1N1,plate21-A/Wisconsin/588/2019_H1N1,40,0.0007242,0.0007242
seqneut25to26_sera_5001,A/Wisconsin/588/2019_H1N1,plate21-A/Wisconsin/588/2019_H1N1,92,0.003468,0.003468
seqneut25to26_sera_5001,A/Wisconsin/588/2019_H1N1,plate21-A/Wisconsin/588/2019_H1N1,212,0.1126,0.1126
seqneut25to26_sera_5001,A/Wisconsin/588/2019_H1N1,plate21-A/Wisconsin/588/2019_H1N1,487,0.3006,0.3006
seqneut25to26_sera_5001,A/Wisconsin/588/2019_H1N1,plate21-A/Wisconsin/588/2019_H1N1,1119,0.7243,0.7243
seqneut25to26_sera_5001,A/Wisconsin/588/2019_H1N1,plate21-A/Wisconsin/588/2019_H1N1,2575,0.8525,0.8525
seqneut25to26_sera_5001,A/Wisconsin/588/2019_H1N1,plate21-A/Wisconsin/588/2019_H1N1,5921,1.192,1
seqneut25to26_sera_5001,A/Wisconsin/588/2019_H1N1,plate21-A/Wisconsin/588/2019_H1N1,1.362e+04,1.331,1
seqneut25to26_sera_5001,A/Wisconsin/67/2022_H1N1,plate21-A/Wisconsin/67/2022_H1N1,40,0.001087,0.001087
seqneut25to26_sera_5001,A/Wisconsin/67/2022_H1N1,plate21-A/Wisconsin/67/2022_H1N1,92,0.06029,0.06029
seqneut25to26_sera_5001,A/Wisconsin/67/2022_H1N1,plate21-A/Wisconsin/67/2022_H1N1,212,0.434,0.434
seqneut25to26_sera_5001,A/Wisconsin/67/2022_H1N1,plate21-A/Wisconsin/67/2022_H1N1,487,0.7202,0.7202
seqneut25to26_sera_5001,A/Wisconsin/67/2022_H1N1,plate21-A/Wisconsin/67/2022_H1N1,1119,1.005,1
seqneut25to26_sera_5001,A/Wisconsin/67/2022_H1N1,plate21-A/Wisconsin/67/2022_H1N1,2575,1.056,1
seqneut25to26_sera_5001,A/Wisconsin/67/2022_H1N1,plate21-A/Wisconsin/67/2022_H1N1,5921,1.233,1
seqneut25to26_sera_5001,A/Wisconsin/67/2022_H1N1,plate21-A/Wisconsin/67/2022_H1N1,1.362e+04,1.306,1
seqneut25to26_sera_5001,A/Zacapa/FLU-261/2025_H1N1,plate21-A/Zacapa/FLU-261/2025_H1N1,40,0.01334,0.01334
seqneut25to26_sera_5001,A/Zacapa/FLU-261/2025_H1N1,plate21-A/Zacapa/FLU-261/2025_H1N1,92,0.1096,0.1096
seqneut25to26_sera_5001,A/Zacapa/FLU-261/2025_H1N1,plate21-A/Zacapa/FLU-261/2025_H1N1,212,0.4013,0.4013
seqneut25to26_sera_5001,A/Zacapa/FLU-261/2025_H1N1,plate21-A/Zacapa/FLU-261/2025_H1N1,487,0.559,0.559
seqneut25to26_sera_5001,A/Zacapa/FLU-261/2025_H1N1,plate21-A/Zacapa/FLU-261/2025_H1N1,1119,0.9416,0.9416
seqneut25to26_sera_5001,A/Zacapa/FLU-261/2025_H1N1,plate21-A/Zacapa/FLU-261/2025_H1N1,2575,0.9306,0.9306
seqneut25to26_sera_5001,A/Zacapa/FLU-261/2025_H1N1,plate21-A/Zacapa/FLU-261/2025_H1N1,5921,1.042,1
seqneut25to26_sera_5001,A/Zacapa/FLU-261/2025_H1N1,plate21-A/Zacapa/FLU-261/2025_H1N1,1.362e+04,1.142,1
seqneut25to26_sera_5002,A/Alagoas/4130/2025_H3N2,plate21-A/Alagoas/4130/2025_H3N2,40,0.005892,0.005892
seqneut25to26_sera_5002,A/Alagoas/4130/2025_H3N2,plate21-A/Alagoas/4130/2025_H3N2,92,0.01695,0.01695
seqneut25to26_sera_5002,A/Alagoas/4130/2025_H3N2,plate21-A/Alagoas/4130/2025_H3N2,212,0.09012,0.09012
seqneut25to26_sera_5002,A/Alagoas/4130/2025_H3N2,plate21-A/Alagoas/4130/2025_H3N2,487,0.3237,0.3237
seqneut25to26_sera_5002,A/Alagoas/4130/2025_H3N2,plate21-A/Alagoas/4130/2025_H3N2,1119,0.6585,0.6585
seqneut25to26_sera_5002,A/Alagoas/4130/2025_H3N2,plate21-A/Alagoas/4130/2025_H3N2,2575,0.689,0.689
seqneut25to26_sera_5002,A/Alagoas/4130/2025_H3N2,plate21-A/Alagoas/4130/2025_H3N2,5921,0.9812,0.9812
seqneut25to26_sera_5002,A/Alagoas/4130/2025_H3N2,plate21-A/Alagoas/4130/2025_H3N2,1.362e+04,0.985,0.985
seqneut25to26_sera_5002,A/Anapolis/LEIAL6543/2025_H3N2,plate21-A/Anapolis/LEIAL6543/2025_H3N2,40,0.03259,0.03259
seqneut25to26_sera_5002,A/Anapolis/LEIAL6543/2025_H3N2,plate21-A/Anapolis/LEIAL6543/2025_H3N2,92,0.07868,0.07868
seqneut25to26_sera_5002,A/Anapolis/LEIAL6543/2025_H3N2,plate21-A/Anapolis/LEIAL6543/2025_H3N2,212,0.1713,0.1713
seqneut25to26_sera_5002,A/Anapolis/LEIAL6543/2025_H3N2,plate21-A/Anapolis/LEIAL6543/2025_H3N2,487,0.4032,0.4032
seqneut25to26_sera_5002,A/Anapolis/LEIAL6543/2025_H3N2,plate21-A/Anapolis/LEIAL6543/2025_H3N2,1119,0.6884,0.6884
seqneut25to26_sera_5002,A/Anapolis/LEIAL6543/2025_H3N2,plate21-A/Anapolis/LEIAL6543/2025_H3N2,2575,0.721,0.721
seqneut25to26_sera_5002,A/Anapolis/LEIAL6543/2025_H3N2,plate21-A/Anapolis/LEIAL6543/2025_H3N2,5921,0.9558,0.9558
seqneut25to26_sera_5002,A/Anapolis/LEIAL6543/2025_H3N2,plate21-A/Anapolis/LEIAL6543/2025_H3N2,1.362e+04,1.314,1
seqneut25to26_sera_5002,A/Andalucia/PMC-00977/2025_H1N1,plate21-A/Andalucia/PMC-00977/2025_H1N1,40,0.01316,0.01316
seqneut25to26_sera_5002,A/Andalucia/PMC-00977/2025_H1N1,plate21-A/Andalucia/PMC-00977/2025_H1N1,92,0.04659,0.04659
seqneut25to26_sera_5002,A/Andalucia/PMC-00977/2025_H1N1,plate21-A/Andalucia/PMC-00977/2025_H1N1,212,0.2353,0.2353
seqneut25to26_sera_5002,A/Andalucia/PMC-00977/2025_H1N1,plate21-A/Andalucia/PMC-00977/2025_H1N1,487,0.5595,0.5595
seqneut25to26_sera_5002,A/Andalucia/PMC-00977/2025_H1N1,plate21-A/Andalucia/PMC-00977/2025_H1N1,1119,1.028,1
seqneut25to26_sera_5002,A/Andalucia/PMC-00977/2025_H1N1,plate21-A/Andalucia/PMC-00977/2025_H1N1,2575,1.131,1
seqneut25to26_sera_5002,A/Andalucia/PMC-00977/2025_H1N1,plate21-A/Andalucia/PMC-00977/2025_H1N1,5921,1.142,1
seqneut25to26_sera_5002,A/Andalucia/PMC-00977/2025_H1N1,plate21-A/Andalucia/PMC-00977/2025_H1N1,1.362e+04,1.36,1
seqneut25to26_sera_5002,A/Aragon/2046/2025_H1N1,plate21-A/Aragon/2046/2025_H1N1,40,0.01306,0.01306
seqneut25to26_sera_5002,A/Aragon/2046/2025_H1N1,plate21-A/Aragon/2046/2025_H1N1,92,0.06102,0.06102
seqneut25to26_sera_5002,A/Aragon/2046/2025_H1N1,plate21-A/Aragon/2046/2025_H1N1,212,0.3191,0.3191
seqneut25to26_sera_5002,A/Aragon/2046/2025_H1N1,plate21-A/Aragon/2046/2025_H1N1,487,0.6068,0.6068
seqneut25to26_sera_5002,A/Aragon/2046/2025_H1N1,plate21-A/Aragon/2046/2025_H1N1,1119,1.068,1
seqneut25to26_sera_5002,A/Aragon/2046/2025_H1N1,plate21-A/Aragon/2046/2025_H1N1,2575,1.193,1
seqneut25to26_sera_5002,A/Aragon/2046/2025_H1N1,plate21-A/Aragon/2046/2025_H1N1,5921,1.108,1
seqneut25to26_sera_5002,A/Aragon/2046/2025_H1N1,plate21-A/Aragon/2046/2025_H1N1,1.362e+04,1.36,1
seqneut25to26_sera_5002,A/Arica/59150/2025_H3N2,plate21-A/Arica/59150/2025_H3N2,40,0.01641,0.01641
seqneut25to26_sera_5002,A/Arica/59150/2025_H3N2,plate21-A/Arica/59150/2025_H3N2,92,0.06635,0.06635
seqneut25to26_sera_5002,A/Arica/59150/2025_H3N2,plate21-A/Arica/59150/2025_H3N2,212,0.1549,0.1549
seqneut25to26_sera_5002,A/Arica/59150/2025_H3N2,plate21-A/Arica/59150/2025_H3N2,487,0.3814,0.3814
seqneut25to26_sera_5002,A/Arica/59150/2025_H3N2,plate21-A/Arica/59150/2025_H3N2,1119,0.8488,0.8488
seqneut25to26_sera_5002,A/Arica/59150/2025_H3N2,plate21-A/Arica/59150/2025_H3N2,2575,0.8351,0.8351
seqneut25to26_sera_5002,A/Arica/59150/2025_H3N2,plate21-A/Arica/59150/2025_H3N2,5921,0.836,0.836
seqneut25to26_sera_5002,A/Arica/59150/2025_H3N2,plate21-A/Arica/59150/2025_H3N2,1.362e+04,1.472,1
seqneut25to26_sera_5002,A/Bahia/3102/2025_H3N2,plate21-A/Bahia/3102/2025_H3N2,40,0.005045,0.005045
seqneut25to26_sera_5002,A/Bahia/3102/2025_H3N2,plate21-A/Bahia/3102/2025_H3N2,92,0.03459,0.03459
seqneut25to26_sera_5002,A/Bahia/3102/2025_H3N2,plate21-A/Bahia/3102/2025_H3N2,212,0.1529,0.1529
seqneut25to26_sera_5002,A/Bahia/3102/2025_H3N2,plate21-A/Bahia/3102/2025_H3N2,487,0.3502,0.3502
seqneut25to26_sera_5002,A/Bahia/3102/2025_H3N2,plate21-A/Bahia/3102/2025_H3N2,1119,0.6962,0.6962
seqneut25to26_sera_5002,A/Bahia/3102/2025_H3N2,plate21-A/Bahia/3102/2025_H3N2,2575,1.02,1
seqneut25to26_sera_5002,A/Bahia/3102/2025_H3N2,plate21-A/Bahia/3102/2025_H3N2,5921,1.065,1
seqneut25to26_sera_5002,A/Bahia/3102/2025_H3N2,plate21-A/Bahia/3102/2025_H3N2,1.362e+04,1.162,1
seqneut25to26_sera_5002,A/Bangkok/1803/2025_H1N1,plate21-A/Bangkok/1803/2025_H1N1,40,0.008023,0.008023
seqneut25to26_sera_5002,A/Bangkok/1803/2025_H1N1,plate21-A/Bangkok/1803/2025_H1N1,92,0.02717,0.02717
seqneut25to26_sera_5002,A/Bangkok/1803/2025_H1N1,plate21-A/Bangkok/1803/2025_H1N1,212,0.2622,0.2622
seqneut25to26_sera_5002,A/Bangkok/1803/2025_H1N1,plate21-A/Bangkok/1803/2025_H1N1,487,0.5778,0.5778
seqneut25to26_sera_5002,A/Bangkok/1803/2025_H1N1,plate21-A/Bangkok/1803/2025_H1N1,1119,0.9647,0.9647
seqneut25to26_sera_5002,A/Bangkok/1803/2025_H1N1,plate21-A/Bangkok/1803/2025_H1N1,2575,1.108,1
seqneut25to26_sera_5002,A/Bangkok/1803/2025_H1N1,plate21-A/Bangkok/1803/2025_H1N1,5921,1.354,1
seqneut25to26_sera_5002,A/Bangkok/1803/2025_H1N1,plate21-A/Bangkok/1803/2025_H1N1,1.362e+04,1.203,1
seqneut25to26_sera_5002,A/Bangkok/P2229/2025_H1N1,plate21-A/Bangkok/P2229/2025_H1N1,40,0.00314,0.00314
seqneut25to26_sera_5002,A/Bangkok/P2229/2025_H1N1,plate21-A/Bangkok/P2229/2025_H1N1,92,0.03735,0.03735
seqneut25to26_sera_5002,A/Bangkok/P2229/2025_H1N1,plate21-A/Bangkok/P2229/2025_H1N1,212,0.1535,0.1535
seqneut25to26_sera_5002,A/Bangkok/P2229/2025_H1N1,plate21-A/Bangkok/P2229/2025_H1N1,487,0.4762,0.4762
seqneut25to26_sera_5002,A/Bangkok/P2229/2025_H1N1,plate21-A/Bangkok/P2229/2025_H1N1,1119,0.8447,0.8447
seqneut25to26_sera_5002,A/Bangkok/P2229/2025_H1N1,plate21-A/Bangkok/P2229/2025_H1N1,2575,0.9457,0.9457
seqneut25to26_sera_5002,A/Bangkok/P2229/2025_H1N1,plate21-A/Bangkok/P2229/2025_H1N1,5921,1.024,1
seqneut25to26_sera_5002,A/Bangkok/P2229/2025_H1N1,plate21-A/Bangkok/P2229/2025_H1N1,1.362e+04,1.108,1
seqneut25to26_sera_5002,A/Bangkok/P2323/2025_H3N2,plate21-A/Bangkok/P2323/2025_H3N2,40,0.01973,0.01973
seqneut25to26_sera_5002,A/Bangkok/P2323/2025_H3N2,plate21-A/Bangkok/P2323/2025_H3N2,92,0.1026,0.1026
seqneut25to26_sera_5002,A/Bangkok/P2323/2025_H3N2,plate21-A/Bangkok/P2323/2025_H3N2,212,0.4443,0.4443
seqneut25to26_sera_5002,A/Bangkok/P2323/2025_H3N2,plate21-A/Bangkok/P2323/2025_H3N2,487,0.6612,0.6612
seqneut25to26_sera_5002,A/Bangkok/P2323/2025_H3N2,plate21-A/Bangkok/P2323/2025_H3N2,1119,1.228,1
seqneut25to26_sera_5002,A/Bangkok/P2323/2025_H3N2,plate21-A/Bangkok/P2323/2025_H3N2,2575,1.055,1
seqneut25to26_sera_5002,A/Bangkok/P2323/2025_H3N2,plate21-A/Bangkok/P2323/2025_H3N2,5921,1.209,1
seqneut25to26_sera_5002,A/Bangkok/P2323/2025_H3N2,plate21-A/Bangkok/P2323/2025_H3N2,1.362e+04,1.078,1
seqneut25to26_sera_5002,A/Bangkok/P2390/2025_H3N2,plate21-A/Bangkok/P2390/2025_H3N2,40,0.0404,0.0404
seqneut25to26_sera_5002,A/Bangkok/P2390/2025_H3N2,plate21-A/Bangkok/P2390/2025_H3N2,92,0.08001,0.08001
seqneut25to26_sera_5002,A/Bangkok/P2390/2025_H3N2,plate21-A/Bangkok/P2390/2025_H3N2,212,0.3159,0.3159
seqneut25to26_sera_5002,A/Bangkok/P2390/2025_H3N2,plate21-A/Bangkok/P2390/2025_H3N2,487,0.6775,0.6775
seqneut25to26_sera_5002,A/Bangkok/P2390/2025_H3N2,plate21-A/Bangkok/P2390/2025_H3N2,1119,0.9619,0.9619
seqneut25to26_sera_5002,A/Bangkok/P2390/2025_H3N2,plate21-A/Bangkok/P2390/2025_H3N2,2575,1.14,1
seqneut25to26_sera_5002,A/Bangkok/P2390/2025_H3N2,plate21-A/Bangkok/P2390/2025_H3N2,5921,1.219,1
seqneut25to26_sera_5002,A/Bangkok/P2390/2025_H3N2,plate21-A/Bangkok/P2390/2025_H3N2,1.362e+04,1.341,1
seqneut25to26_sera_5002,A/Bangkok/P2391/2025_H3N2,plate21-A/Bangkok/P2391/2025_H3N2,40,0.01509,0.01509
seqneut25to26_sera_5002,A/Bangkok/P2391/2025_H3N2,plate21-A/Bangkok/P2391/2025_H3N2,92,0.08862,0.08862
seqneut25to26_sera_5002,A/Bangkok/P2391/2025_H3N2,plate21-A/Bangkok/P2391/2025_H3N2,212,0.1825,0.1825
seqneut25to26_sera_5002,A/Bangkok/P2391/2025_H3N2,plate21-A/Bangkok/P2391/2025_H3N2,487,0.5251,0.5251
seqneut25to26_sera_5002,A/Bangkok/P2391/2025_H3N2,plate21-A/Bangkok/P2391/2025_H3N2,1119,0.9359,0.9359
seqneut25to26_sera_5002,A/Bangkok/P2391/2025_H3N2,plate21-A/Bangkok/P2391/2025_H3N2,2575,0.8424,0.8424
seqneut25to26_sera_5002,A/Bangkok/P2391/2025_H3N2,plate21-A/Bangkok/P2391/2025_H3N2,5921,0.7168,0.7168
seqneut25to26_sera_5002,A/Bangkok/P2391/2025_H3N2,plate21-A/Bangkok/P2391/2025_H3N2,1.362e+04,1.11,1
seqneut25to26_sera_5002,A/Bangkok/P2572/2025_H3N2,plate21-A/Bangkok/P2572/2025_H3N2,40,0.01849,0.01849
seqneut25to26_sera_5002,A/Bangkok/P2572/2025_H3N2,plate21-A/Bangkok/P2572/2025_H3N2,92,0.08136,0.08136
seqneut25to26_sera_5002,A/Bangkok/P2572/2025_H3N2,plate21-A/Bangkok/P2572/2025_H3N2,212,0.3196,0.3196
seqneut25to26_sera_5002,A/Bangkok/P2572/2025_H3N2,plate21-A/Bangkok/P2572/2025_H3N2,487,0.442,0.442
seqneut25to26_sera_5002,A/Bangkok/P2572/2025_H3N2,plate21-A/Bangkok/P2572/2025_H3N2,1119,0.6668,0.6668
seqneut25to26_sera_5002,A/Bangkok/P2572/2025_H3N2,plate21-A/Bangkok/P2572/2025_H3N2,2575,0.8079,0.8079
seqneut25to26_sera_5002,A/Bangkok/P2572/2025_H3N2,plate21-A/Bangkok/P2572/2025_H3N2,5921,1.179,1
seqneut25to26_sera_5002,A/Bangkok/P2572/2025_H3N2,plate21-A/Bangkok/P2572/2025_H3N2,1.362e+04,1.376,1
seqneut25to26_sera_5002,A/Bangkok/P2921/2025_H3N2,plate21-A/Bangkok/P2921/2025_H3N2,40,0.001479,0.001479
seqneut25to26_sera_5002,A/Bangkok/P2921/2025_H3N2,plate21-A/Bangkok/P2921/2025_H3N2,92,0.07052,0.07052
seqneut25to26_sera_5002,A/Bangkok/P2921/2025_H3N2,plate21-A/Bangkok/P2921/2025_H3N2,212,0.2057,0.2057
seqneut25to26_sera_5002,A/Bangkok/P2921/2025_H3N2,plate21-A/Bangkok/P2921/2025_H3N2,487,0.4209,0.4209
seqneut25to26_sera_5002,A/Bangkok/P2921/2025_H3N2,plate21-A/Bangkok/P2921/2025_H3N2,1119,0.7149,0.7149
seqneut25to26_sera_5002,A/Bangkok/P2921/2025_H3N2,plate21-A/Bangkok/P2921/2025_H3N2,2575,0.8102,0.8102
seqneut25to26_sera_5002,A/Bangkok/P2921/2025_H3N2,plate21-A/Bangkok/P2921/2025_H3N2,5921,0.8576,0.8576
seqneut25to26_sera_5002,A/Bangkok/P2921/2025_H3N2,plate21-A/Bangkok/P2921/2025_H3N2,1.362e+04,0.9834,0.9834
seqneut25to26_sera_5002,A/Bangkok/P3067/2025_H1N1,plate21-A/Bangkok/P3067/2025_H1N1,40,0.002807,0.002807
seqneut25to26_sera_5002,A/Bangkok/P3067/2025_H1N1,plate21-A/Bangkok/P3067/2025_H1N1,92,0.007461,0.007461
seqneut25to26_sera_5002,A/Bangkok/P3067/2025_H1N1,plate21-A/Bangkok/P3067/2025_H1N1,212,0.2769,0.2769
seqneut25to26_sera_5002,A/Bangkok/P3067/2025_H1N1,plate21-A/Bangkok/P3067/2025_H1N1,487,0.4333,0.4333
seqneut25to26_sera_5002,A/Bangkok/P3067/2025_H1N1,plate21-A/Bangkok/P3067/2025_H1N1,1119,1.012,1
seqneut25to26_sera_5002,A/Bangkok/P3067/2025_H1N1,plate21-A/Bangkok/P3067/2025_H1N1,2575,0.9684,0.9684
seqneut25to26_sera_5002,A/Bangkok/P3067/2025_H1N1,plate21-A/Bangkok/P3067/2025_H1N1,5921,1.038,1
seqneut25to26_sera_5002,A/Bangkok/P3067/2025_H1N1,plate21-A/Bangkok/P3067/2025_H1N1,1.362e+04,1.41,1
seqneut25to26_sera_5002,A/Bangkok/P3263/2025_H3N2,plate21-A/Bangkok/P3263/2025_H3N2,40,0.03937,0.03937
seqneut25to26_sera_5002,A/Bangkok/P3263/2025_H3N2,plate21-A/Bangkok/P3263/2025_H3N2,92,0.05184,0.05184
seqneut25to26_sera_5002,A/Bangkok/P3263/2025_H3N2,plate21-A/Bangkok/P3263/2025_H3N2,212,0.2738,0.2738
seqneut25to26_sera_5002,A/Bangkok/P3263/2025_H3N2,plate21-A/Bangkok/P3263/2025_H3N2,487,0.3512,0.3512
seqneut25to26_sera_5002,A/Bangkok/P3263/2025_H3N2,plate21-A/Bangkok/P3263/2025_H3N2,1119,0.8037,0.8037
seqneut25to26_sera_5002,A/Bangkok/P3263/2025_H3N2,plate21-A/Bangkok/P3263/2025_H3N2,2575,0.7867,0.7867
seqneut25to26_sera_5002,A/Bangkok/P3263/2025_H3N2,plate21-A/Bangkok/P3263/2025_H3N2,5921,1.116,1
seqneut25to26_sera_5002,A/Bangkok/P3263/2025_H3N2,plate21-A/Bangkok/P3263/2025_H3N2,1.362e+04,1.23,1
seqneut25to26_sera_5002,A/Belgium/H0097/2025_H3N2,plate21-A/Belgium/H0097/2025_H3N2,40,0.002377,0.002377
seqneut25to26_sera_5002,A/Belgium/H0097/2025_H3N2,plate21-A/Belgium/H0097/2025_H3N2,92,0.01105,0.01105
seqneut25to26_sera_5002,A/Belgium/H0097/2025_H3N2,plate21-A/Belgium/H0097/2025_H3N2,212,0.1368,0.1368
seqneut25to26_sera_5002,A/Belgium/H0097/2025_H3N2,plate21-A/Belgium/H0097/2025_H3N2,487,0.3986,0.3986
seqneut25to26_sera_5002,A/Belgium/H0097/2025_H3N2,plate21-A/Belgium/H0097/2025_H3N2,1119,1.065,1
seqneut25to26_sera_5002,A/Belgium/H0097/2025_H3N2,plate21-A/Belgium/H0097/2025_H3N2,2575,0.855,0.855
seqneut25to26_sera_5002,A/Belgium/H0097/2025_H3N2,plate21-A/Belgium/H0097/2025_H3N2,5921,1.05,1
seqneut25to26_sera_5002,A/Belgium/H0097/2025_H3N2,plate21-A/Belgium/H0097/2025_H3N2,1.362e+04,1.307,1
seqneut25to26_sera_5002,A/Bhutan/1267/2025_H3N2,plate21-A/Bhutan/1267/2025_H3N2,40,0.003353,0.003353
seqneut25to26_sera_5002,A/Bhutan/1267/2025_H3N2,plate21-A/Bhutan/1267/2025_H3N2,92,0.06381,0.06381
seqneut25to26_sera_5002,A/Bhutan/1267/2025_H3N2,plate21-A/Bhutan/1267/2025_H3N2,212,0.228,0.228
seqneut25to26_sera_5002,A/Bhutan/1267/2025_H3N2,plate21-A/Bhutan/1267/2025_H3N2,487,0.243,0.243
seqneut25to26_sera_5002,A/Bhutan/1267/2025_H3N2,plate21-A/Bhutan/1267/2025_H3N2,1119,0.6377,0.6377
seqneut25to26_sera_5002,A/Bhutan/1267/2025_H3N2,plate21-A/Bhutan/1267/2025_H3N2,2575,0.8944,0.8944
seqneut25to26_sera_5002,A/Bhutan/1267/2025_H3N2,plate21-A/Bhutan/1267/2025_H3N2,5921,1.08,1
seqneut25to26_sera_5002,A/Bhutan/1267/2025_H3N2,plate21-A/Bhutan/1267/2025_H3N2,1.362e+04,1.123,1
seqneut25to26_sera_5002,A/Bhutan/7/2025_H3N2,plate21-A/Bhutan/7/2025_H3N2,40,0.01435,0.01435
seqneut25to26_sera_5002,A/Bhutan/7/2025_H3N2,plate21-A/Bhutan/7/2025_H3N2,92,0.02897,0.02897
seqneut25to26_sera_5002,A/Bhutan/7/2025_H3N2,plate21-A/Bhutan/7/2025_H3N2,212,0.1324,0.1324
seqneut25to26_sera_5002,A/Bhutan/7/2025_H3N2,plate21-A/Bhutan/7/2025_H3N2,487,0.5282,0.5282
seqneut25to26_sera_5002,A/Bhutan/7/2025_H3N2,plate21-A/Bhutan/7/2025_H3N2,1119,0.6262,0.6262
seqneut25to26_sera_5002,A/Bhutan/7/2025_H3N2,plate21-A/Bhutan/7/2025_H3N2,2575,0.6166,0.6166
seqneut25to26_sera_5002,A/Bhutan/7/2025_H3N2,plate21-A/Bhutan/7/2025_H3N2,5921,1.275,1
seqneut25to26_sera_5002,A/Bhutan/7/2025_H3N2,plate21-A/Bhutan/7/2025_H3N2,1.362e+04,0.9089,0.9089
seqneut25to26_sera_5002,A/BritishColumbia/PHL-2473/2025_H1N1,plate21-A/BritishColumbia/PHL-2473/2025_H1N1,40,0.01398,0.01398
seqneut25to26_sera_5002,A/BritishColumbia/PHL-2473/2025_H1N1,plate21-A/BritishColumbia/PHL-2473/2025_H1N1,92,0.05055,0.05055
seqneut25to26_sera_5002,A/BritishColumbia/PHL-2473/2025_H1N1,plate21-A/BritishColumbia/PHL-2473/2025_H1N1,212,0.2558,0.2558
seqneut25to26_sera_5002,A/BritishColumbia/PHL-2473/2025_H1N1,plate21-A/BritishColumbia/PHL-2473/2025_H1N1,487,0.5277,0.5277
seqneut25to26_sera_5002,A/BritishColumbia/PHL-2473/2025_H1N1,plate21-A/BritishColumbia/PHL-2473/2025_H1N1,1119,1.161,1
seqneut25to26_sera_5002,A/BritishColumbia/PHL-2473/2025_H1N1,plate21-A/BritishColumbia/PHL-2473/2025_H1N1,2575,0.9517,0.9517
seqneut25to26_sera_5002,A/BritishColumbia/PHL-2473/2025_H1N1,plate21-A/BritishColumbia/PHL-2473/2025_H1N1,5921,1.155,1
seqneut25to26_sera_5002,A/BritishColumbia/PHL-2473/2025_H1N1,plate21-A/BritishColumbia/PHL-2473/2025_H1N1,1.362e+04,1.256,1
seqneut25to26_sera_5002,A/California/61/2025_H3N2,plate21-A/California/61/2025_H3N2,40,0.04481,0.04481
seqneut25to26_sera_5002,A/California/61/2025_H3N2,plate21-A/California/61/2025_H3N2,92,0.09871,0.09871
seqneut25to26_sera_5002,A/California/61/2025_H3N2,plate21-A/California/61/2025_H3N2,212,0.2213,0.2213
seqneut25to26_sera_5002,A/California/61/2025_H3N2,plate21-A/California/61/2025_H3N2,487,0.4514,0.4514
seqneut25to26_sera_5002,A/California/61/2025_H3N2,plate21-A/California/61/2025_H3N2,1119,1.187,1
seqneut25to26_sera_5002,A/California/61/2025_H3N2,plate21-A/California/61/2025_H3N2,2575,0.7891,0.7891
seqneut25to26_sera_5002,A/California/61/2025_H3N2,plate21-A/California/61/2025_H3N2,5921,1.096,1
seqneut25to26_sera_5002,A/California/61/2025_H3N2,plate21-A/California/61/2025_H3N2,1.362e+04,1.309,1
seqneut25to26_sera_5002,A/California/63/2025_H1N1,plate21-A/California/63/2025_H1N1,40,0.004993,0.004993
seqneut25to26_sera_5002,A/California/63/2025_H1N1,plate21-A/California/63/2025_H1N1,92,0.02858,0.02858
seqneut25to26_sera_5002,A/California/63/2025_H1N1,plate21-A/California/63/2025_H1N1,212,0.1727,0.1727
seqneut25to26_sera_5002,A/California/63/2025_H1N1,plate21-A/California/63/2025_H1N1,487,0.363,0.363
seqneut25to26_sera_5002,A/California/63/2025_H1N1,plate21-A/California/63/2025_H1N1,1119,1.09,1
seqneut25to26_sera_5002,A/California/63/2025_H1N1,plate21-A/California/63/2025_H1N1,2575,1.024,1
seqneut25to26_sera_5002,A/California/63/2025_H1N1,plate21-A/California/63/2025_H1N1,5921,0.9763,0.9763
seqneut25to26_sera_5002,A/California/63/2025_H1N1,plate21-A/California/63/2025_H1N1,1.362e+04,1.418,1
seqneut25to26_sera_5002,A/Canberra/465/2025_H1N1,plate21-A/Canberra/465/2025_H1N1,40,0.0139,0.0139
seqneut25to26_sera_5002,A/Canberra/465/2025_H1N1,plate21-A/Canberra/465/2025_H1N1,92,0.03682,0.03682
seqneut25to26_sera_5002,A/Canberra/465/2025_H1N1,plate21-A/Canberra/465/2025_H1N1,212,0.1474,0.1474
seqneut25to26_sera_5002,A/Canberra/465/2025_H1N1,plate21-A/Canberra/465/2025_H1N1,487,0.4583,0.4583
seqneut25to26_sera_5002,A/Canberra/465/2025_H1N1,plate21-A/Canberra/465/2025_H1N1,1119,0.8767,0.8767
seqneut25to26_sera_5002,A/Canberra/465/2025_H1N1,plate21-A/Canberra/465/2025_H1N1,2575,1.083,1
seqneut25to26_sera_5002,A/Canberra/465/2025_H1N1,plate21-A/Canberra/465/2025_H1N1,5921,1.309,1
seqneut25to26_sera_5002,A/Canberra/465/2025_H1N1,plate21-A/Canberra/465/2025_H1N1,1.362e+04,1.338,1
seqneut25to26_sera_5002,A/Canberra/530/2025_H1N1,plate21-A/Canberra/530/2025_H1N1,40,0.003835,0.003835
seqneut25to26_sera_5002,A/Canberra/530/2025_H1N1,plate21-A/Canberra/530/2025_H1N1,92,0.1325,0.1325
seqneut25to26_sera_5002,A/Canberra/530/2025_H1N1,plate21-A/Canberra/530/2025_H1N1,212,0.3043,0.3043
seqneut25to26_sera_5002,A/Canberra/530/2025_H1N1,plate21-A/Canberra/530/2025_H1N1,487,0.4264,0.4264
seqneut25to26_sera_5002,A/Canberra/530/2025_H1N1,plate21-A/Canberra/530/2025_H1N1,1119,1.118,1
seqneut25to26_sera_5002,A/Canberra/530/2025_H1N1,plate21-A/Canberra/530/2025_H1N1,2575,0.8493,0.8493
seqneut25to26_sera_5002,A/Canberra/530/2025_H1N1,plate21-A/Canberra/530/2025_H1N1,5921,0.9994,0.9994
seqneut25to26_sera_5002,A/Canberra/530/2025_H1N1,plate21-A/Canberra/530/2025_H1N1,1.362e+04,1.171,1
seqneut25to26_sera_5002,A/Catalonia/NSVH102689455/2025_H1N1,plate21-A/Catalonia/NSVH102689455/2025_H1N1,40,0.002269,0.002269
seqneut25to26_sera_5002,A/Catalonia/NSVH102689455/2025_H1N1,plate21-A/Catalonia/NSVH102689455/2025_H1N1,92,0.02925,0.02925
seqneut25to26_sera_5002,A/Catalonia/NSVH102689455/2025_H1N1,plate21-A/Catalonia/NSVH102689455/2025_H1N1,212,0.1534,0.1534
seqneut25to26_sera_5002,A/Catalonia/NSVH102689455/2025_H1N1,plate21-A/Catalonia/NSVH102689455/2025_H1N1,487,0.5511,0.5511
seqneut25to26_sera_5002,A/Catalonia/NSVH102689455/2025_H1N1,plate21-A/Catalonia/NSVH102689455/2025_H1N1,1119,0.8526,0.8526
seqneut25to26_sera_5002,A/Catalonia/NSVH102689455/2025_H1N1,plate21-A/Catalonia/NSVH102689455/2025_H1N1,2575,1.099,1
seqneut25to26_sera_5002,A/Catalonia/NSVH102689455/2025_H1N1,plate21-A/Catalonia/NSVH102689455/2025_H1N1,5921,1.096,1
seqneut25to26_sera_5002,A/Catalonia/NSVH102689455/2025_H1N1,plate21-A/Catalonia/NSVH102689455/2025_H1N1,1.362e+04,1.523,1
seqneut25to26_sera_5002,A/Colorado/105/2025_H1N1,plate21-A/Colorado/105/2025_H1N1,40,0.02218,0.02218
seqneut25to26_sera_5002,A/Colorado/105/2025_H1N1,plate21-A/Colorado/105/2025_H1N1,92,0.08944,0.08944
seqneut25to26_sera_5002,A/Colorado/105/2025_H1N1,plate21-A/Colorado/105/2025_H1N1,212,0.2835,0.2835
seqneut25to26_sera_5002,A/Colorado/105/2025_H1N1,plate21-A/Colorado/105/2025_H1N1,487,0.4555,0.4555
seqneut25to26_sera_5002,A/Colorado/105/2025_H1N1,plate21-A/Colorado/105/2025_H1N1,1119,1.186,1
seqneut25to26_sera_5002,A/Colorado/105/2025_H1N1,plate21-A/Colorado/105/2025_H1N1,2575,1.229,1
seqneut25to26_sera_5002,A/Colorado/105/2025_H1N1,plate21-A/Colorado/105/2025_H1N1,5921,1.108,1
seqneut25to26_sera_5002,A/Colorado/105/2025_H1N1,plate21-A/Colorado/105/2025_H1N1,1.362e+04,0.8242,0.8242
seqneut25to26_sera_5002,A/CoteDIvoire/2007/2025_H1N1,plate21-A/CoteDIvoire/2007/2025_H1N1,40,0.007946,0.007946
seqneut25to26_sera_5002,A/CoteDIvoire/2007/2025_H1N1,plate21-A/CoteDIvoire/2007/2025_H1N1,92,0.1301,0.1301
seqneut25to26_sera_5002,A/CoteDIvoire/2007/2025_H1N1,plate21-A/CoteDIvoire/2007/2025_H1N1,212,0.2267,0.2267
seqneut25to26_sera_5002,A/CoteDIvoire/2007/2025_H1N1,plate21-A/CoteDIvoire/2007/2025_H1N1,487,0.4686,0.4686
seqneut25to26_sera_5002,A/CoteDIvoire/2007/2025_H1N1,plate21-A/CoteDIvoire/2007/2025_H1N1,1119,0.9221,0.9221
seqneut25to26_sera_5002,A/CoteDIvoire/2007/2025_H1N1,plate21-A/CoteDIvoire/2007/2025_H1N1,2575,1.059,1
seqneut25to26_sera_5002,A/CoteDIvoire/2007/2025_H1N1,plate21-A/CoteDIvoire/2007/2025_H1N1,5921,1.154,1
seqneut25to26_sera_5002,A/CoteDIvoire/2007/2025_H1N1,plate21-A/CoteDIvoire/2007/2025_H1N1,1.362e+04,1.417,1
seqneut25to26_sera_5002,A/Croatia/10136RV/2023-egg_H3N2,plate21-A/Croatia/10136RV/2023-egg_H3N2,40,0.003698,0.003698
seqneut25to26_sera_5002,A/Croatia/10136RV/2023-egg_H3N2,plate21-A/Croatia/10136RV/2023-egg_H3N2,92,0.0247,0.0247
seqneut25to26_sera_5002,A/Croatia/10136RV/2023-egg_H3N2,plate21-A/Croatia/10136RV/2023-egg_H3N2,212,0.1468,0.1468
seqneut25to26_sera_5002,A/Croatia/10136RV/2023-egg_H3N2,plate21-A/Croatia/10136RV/2023-egg_H3N2,487,0.1184,0.1184
seqneut25to26_sera_5002,A/Croatia/10136RV/2023-egg_H3N2,plate21-A/Croatia/10136RV/2023-egg_H3N2,1119,0.5249,0.5249
seqneut25to26_sera_5002,A/Croatia/10136RV/2023-egg_H3N2,plate21-A/Croatia/10136RV/2023-egg_H3N2,2575,0.4343,0.4343
seqneut25to26_sera_5002,A/Croatia/10136RV/2023-egg_H3N2,plate21-A/Croatia/10136RV/2023-egg_H3N2,5921,0.6462,0.6462
seqneut25to26_sera_5002,A/Croatia/10136RV/2023-egg_H3N2,plate21-A/Croatia/10136RV/2023-egg_H3N2,1.362e+04,1.224,1
seqneut25to26_sera_5002,A/Darwin/1405/2025_H1N1,plate21-A/Darwin/1405/2025_H1N1,40,0.004006,0.004006
seqneut25to26_sera_5002,A/Darwin/1405/2025_H1N1,plate21-A/Darwin/1405/2025_H1N1,92,0.03683,0.03683
seqneut25to26_sera_5002,A/Darwin/1405/2025_H1N1,plate21-A/Darwin/1405/2025_H1N1,212,0.2765,0.2765
seqneut25to26_sera_5002,A/Darwin/1405/2025_H1N1,plate21-A/Darwin/1405/2025_H1N1,487,0.4767,0.4767
seqneut25to26_sera_5002,A/Darwin/1405/2025_H1N1,plate21-A/Darwin/1405/2025_H1N1,1119,0.9795,0.9795
seqneut25to26_sera_5002,A/Darwin/1405/2025_H1N1,plate21-A/Darwin/1405/2025_H1N1,2575,0.936,0.936
seqneut25to26_sera_5002,A/Darwin/1405/2025_H1N1,plate21-A/Darwin/1405/2025_H1N1,5921,0.9807,0.9807
seqneut25to26_sera_5002,A/Darwin/1405/2025_H1N1,plate21-A/Darwin/1405/2025_H1N1,1.362e+04,1.301,1
seqneut25to26_sera_5002,A/Darwin/1461/2025_H3N2,plate21-A/Darwin/1461/2025_H3N2,40,0.009973,0.009973
seqneut25to26_sera_5002,A/Darwin/1461/2025_H3N2,plate21-A/Darwin/1461/2025_H3N2,92,0.04811,0.04811
seqneut25to26_sera_5002,A/Darwin/1461/2025_H3N2,plate21-A/Darwin/1461/2025_H3N2,212,0.1972,0.1972
seqneut25to26_sera_5002,A/Darwin/1461/2025_H3N2,plate21-A/Darwin/1461/2025_H3N2,487,0.3667,0.3667
seqneut25to26_sera_5002,A/Darwin/1461/2025_H3N2,plate21-A/Darwin/1461/2025_H3N2,1119,0.636,0.636
seqneut25to26_sera_5002,A/Darwin/1461/2025_H3N2,plate21-A/Darwin/1461/2025_H3N2,2575,0.965,0.965
seqneut25to26_sera_5002,A/Darwin/1461/2025_H3N2,plate21-A/Darwin/1461/2025_H3N2,5921,1.018,1
seqneut25to26_sera_5002,A/Darwin/1461/2025_H3N2,plate21-A/Darwin/1461/2025_H3N2,1.362e+04,1.397,1
seqneut25to26_sera_5002,A/Denmark/3070/2025_H1N1,plate21-A/Denmark/3070/2025_H1N1,40,0.002911,0.002911
seqneut25to26_sera_5002,A/Denmark/3070/2025_H1N1,plate21-A/Denmark/3070/2025_H1N1,92,0.01319,0.01319
seqneut25to26_sera_5002,A/Denmark/3070/2025_H1N1,plate21-A/Denmark/3070/2025_H1N1,212,0.1608,0.1608
seqneut25to26_sera_5002,A/Denmark/3070/2025_H1N1,plate21-A/Denmark/3070/2025_H1N1,487,0.4414,0.4414
seqneut25to26_sera_5002,A/Denmark/3070/2025_H1N1,plate21-A/Denmark/3070/2025_H1N1,1119,1.076,1
seqneut25to26_sera_5002,A/Denmark/3070/2025_H1N1,plate21-A/Denmark/3070/2025_H1N1,2575,1.293,1
seqneut25to26_sera_5002,A/Denmark/3070/2025_H1N1,plate21-A/Denmark/3070/2025_H1N1,5921,1.125,1
seqneut25to26_sera_5002,A/Denmark/3070/2025_H1N1,plate21-A/Denmark/3070/2025_H1N1,1.362e+04,1.366,1
seqneut25to26_sera_5002,A/DistrictOfColumbia/27/2023_H3N2,plate21-A/DistrictOfColumbia/27/2023_H3N2,40,0.001505,0.001505
seqneut25to26_sera_5002,A/DistrictOfColumbia/27/2023_H3N2,plate21-A/DistrictOfColumbia/27/2023_H3N2,92,0.001734,0.001734
seqneut25to26_sera_5002,A/DistrictOfColumbia/27/2023_H3N2,plate21-A/DistrictOfColumbia/27/2023_H3N2,212,0.2266,0.2266
seqneut25to26_sera_5002,A/DistrictOfColumbia/27/2023_H3N2,plate21-A/DistrictOfColumbia/27/2023_H3N2,487,0.3086,0.3086
seqneut25to26_sera_5002,A/DistrictOfColumbia/27/2023_H3N2,plate21-A/DistrictOfColumbia/27/2023_H3N2,1119,1.343,1
seqneut25to26_sera_5002,A/DistrictOfColumbia/27/2023_H3N2,plate21-A/DistrictOfColumbia/27/2023_H3N2,2575,1.048,1
seqneut25to26_sera_5002,A/DistrictOfColumbia/27/2023_H3N2,plate21-A/DistrictOfColumbia/27/2023_H3N2,5921,1.297,1
seqneut25to26_sera_5002,A/DistrictOfColumbia/27/2023_H3N2,plate21-A/DistrictOfColumbia/27/2023_H3N2,1.362e+04,1.368,1
seqneut25to26_sera_5002,A/DistrictOfColumbia/57/2025_H3N2,plate21-A/DistrictOfColumbia/57/2025_H3N2,40,0.03992,0.03992
seqneut25to26_sera_5002,A/DistrictOfColumbia/57/2025_H3N2,plate21-A/DistrictOfColumbia/57/2025_H3N2,92,0.0992,0.0992
seqneut25to26_sera_5002,A/DistrictOfColumbia/57/2025_H3N2,plate21-A/DistrictOfColumbia/57/2025_H3N2,212,0.2511,0.2511
seqneut25to26_sera_5002,A/DistrictOfColumbia/57/2025_H3N2,plate21-A/DistrictOfColumbia/57/2025_H3N2,487,0.4566,0.4566
seqneut25to26_sera_5002,A/DistrictOfColumbia/57/2025_H3N2,plate21-A/DistrictOfColumbia/57/2025_H3N2,1119,1.072,1
seqneut25to26_sera_5002,A/DistrictOfColumbia/57/2025_H3N2,plate21-A/DistrictOfColumbia/57/2025_H3N2,2575,0.8821,0.8821
seqneut25to26_sera_5002,A/DistrictOfColumbia/57/2025_H3N2,plate21-A/DistrictOfColumbia/57/2025_H3N2,5921,0.8083,0.8083
seqneut25to26_sera_5002,A/DistrictOfColumbia/57/2025_H3N2,plate21-A/DistrictOfColumbia/57/2025_H3N2,1.362e+04,0.9595,0.9595
seqneut25to26_sera_5002,A/DistritoFederal/250106000728/2025_H3N2,plate21-A/DistritoFederal/250106000728/2025_H3N2,40,0.02597,0.02597
seqneut25to26_sera_5002,A/DistritoFederal/250106000728/2025_H3N2,plate21-A/DistritoFederal/250106000728/2025_H3N2,92,0.1878,0.1878
seqneut25to26_sera_5002,A/DistritoFederal/250106000728/2025_H3N2,plate21-A/DistritoFederal/250106000728/2025_H3N2,212,0.4022,0.4022
seqneut25to26_sera_5002,A/DistritoFederal/250106000728/2025_H3N2,plate21-A/DistritoFederal/250106000728/2025_H3N2,487,0.573,0.573
seqneut25to26_sera_5002,A/DistritoFederal/250106000728/2025_H3N2,plate21-A/DistritoFederal/250106000728/2025_H3N2,1119,0.7001,0.7001
seqneut25to26_sera_5002,A/DistritoFederal/250106000728/2025_H3N2,plate21-A/DistritoFederal/250106000728/2025_H3N2,2575,0.9045,0.9045
seqneut25to26_sera_5002,A/DistritoFederal/250106000728/2025_H3N2,plate21-A/DistritoFederal/250106000728/2025_H3N2,5921,0.9874,0.9874
seqneut25to26_sera_5002,A/DistritoFederal/250106000728/2025_H3N2,plate21-A/DistritoFederal/250106000728/2025_H3N2,1.362e+04,1.29,1
seqneut25to26_sera_5002,A/DistritoFederal/2578578201/2025_H3N2,plate21-A/DistritoFederal/2578578201/2025_H3N2,40,0.01219,0.01219
seqneut25to26_sera_5002,A/DistritoFederal/2578578201/2025_H3N2,plate21-A/DistritoFederal/2578578201/2025_H3N2,92,0.05082,0.05082
seqneut25to26_sera_5002,A/DistritoFederal/2578578201/2025_H3N2,plate21-A/DistritoFederal/2578578201/2025_H3N2,212,0.2279,0.2279
seqneut25to26_sera_5002,A/DistritoFederal/2578578201/2025_H3N2,plate21-A/DistritoFederal/2578578201/2025_H3N2,487,0.475,0.475
seqneut25to26_sera_5002,A/DistritoFederal/2578578201/2025_H3N2,plate21-A/DistritoFederal/2578578201/2025_H3N2,1119,0.9947,0.9947
seqneut25to26_sera_5002,A/DistritoFederal/2578578201/2025_H3N2,plate21-A/DistritoFederal/2578578201/2025_H3N2,2575,0.9207,0.9207
seqneut25to26_sera_5002,A/DistritoFederal/2578578201/2025_H3N2,plate21-A/DistritoFederal/2578578201/2025_H3N2,5921,1.073,1
seqneut25to26_sera_5002,A/DistritoFederal/2578578201/2025_H3N2,plate21-A/DistritoFederal/2578578201/2025_H3N2,1.362e+04,1.337,1
seqneut25to26_sera_5002,A/England/174/2025_H3N2,plate21-A/England/174/2025_H3N2,40,0.0008507,0.0008507
seqneut25to26_sera_5002,A/England/174/2025_H3N2,plate21-A/England/174/2025_H3N2,92,0.02792,0.02792
seqneut25to26_sera_5002,A/England/174/2025_H3N2,plate21-A/England/174/2025_H3N2,212,0.07726,0.07726
seqneut25to26_sera_5002,A/England/174/2025_H3N2,plate21-A/England/174/2025_H3N2,487,0.1742,0.1742
seqneut25to26_sera_5002,A/England/174/2025_H3N2,plate21-A/England/174/2025_H3N2,1119,0.4741,0.4741
seqneut25to26_sera_5002,A/England/174/2025_H3N2,plate21-A/England/174/2025_H3N2,2575,0.6715,0.6715
seqneut25to26_sera_5002,A/England/174/2025_H3N2,plate21-A/England/174/2025_H3N2,5921,0.6599,0.6599
seqneut25to26_sera_5002,A/England/174/2025_H3N2,plate21-A/England/174/2025_H3N2,1.362e+04,1.062,1
seqneut25to26_sera_5002,A/England/1822256/2025_H1N1,plate21-A/England/1822256/2025_H1N1,40,0.001411,0.001411
seqneut25to26_sera_5002,A/England/1822256/2025_H1N1,plate21-A/England/1822256/2025_H1N1,92,0.05048,0.05048
seqneut25to26_sera_5002,A/England/1822256/2025_H1N1,plate21-A/England/1822256/2025_H1N1,212,0.2334,0.2334
seqneut25to26_sera_5002,A/England/1822256/2025_H1N1,plate21-A/England/1822256/2025_H1N1,487,0.5333,0.5333
seqneut25to26_sera_5002,A/England/1822256/2025_H1N1,plate21-A/England/1822256/2025_H1N1,1119,1.239,1
seqneut25to26_sera_5002,A/England/1822256/2025_H1N1,plate21-A/England/1822256/2025_H1N1,2575,1.062,1
seqneut25to26_sera_5002,A/England/1822256/2025_H1N1,plate21-A/England/1822256/2025_H1N1,5921,1.066,1
seqneut25to26_sera_5002,A/England/1822256/2025_H1N1,plate21-A/England/1822256/2025_H1N1,1.362e+04,1.368,1
seqneut25to26_sera_5002,A/England/1837734/2025_H3N2,plate21-A/England/1837734/2025_H3N2,40,0.02695,0.02695
seqneut25to26_sera_5002,A/England/1837734/2025_H3N2,plate21-A/England/1837734/2025_H3N2,92,0.1766,0.1766
seqneut25to26_sera_5002,A/England/1837734/2025_H3N2,plate21-A/England/1837734/2025_H3N2,212,0.2455,0.2455
seqneut25to26_sera_5002,A/England/1837734/2025_H3N2,plate21-A/England/1837734/2025_H3N2,487,0.3494,0.3494
seqneut25to26_sera_5002,A/England/1837734/2025_H3N2,plate21-A/England/1837734/2025_H3N2,1119,0.5351,0.5351
seqneut25to26_sera_5002,A/England/1837734/2025_H3N2,plate21-A/England/1837734/2025_H3N2,2575,0.7846,0.7846
seqneut25to26_sera_5002,A/England/1837734/2025_H3N2,plate21-A/England/1837734/2025_H3N2,5921,1.13,1
seqneut25to26_sera_5002,A/England/1837734/2025_H3N2,plate21-A/England/1837734/2025_H3N2,1.362e+04,1.028,1
seqneut25to26_sera_5002,A/England/1837737/2025_H3N2,plate21-A/England/1837737/2025_H3N2,40,0.01502,0.01502
seqneut25to26_sera_5002,A/England/1837737/2025_H3N2,plate21-A/England/1837737/2025_H3N2,92,0.1281,0.1281
seqneut25to26_sera_5002,A/England/1837737/2025_H3N2,plate21-A/England/1837737/2025_H3N2,212,0.2543,0.2543
seqneut25to26_sera_5002,A/England/1837737/2025_H3N2,plate21-A/England/1837737/2025_H3N2,487,0.7072,0.7072
seqneut25to26_sera_5002,A/England/1837737/2025_H3N2,plate21-A/England/1837737/2025_H3N2,1119,1.255,1
seqneut25to26_sera_5002,A/England/1837737/2025_H3N2,plate21-A/England/1837737/2025_H3N2,2575,0.9861,0.9861
seqneut25to26_sera_5002,A/England/1837737/2025_H3N2,plate21-A/England/1837737/2025_H3N2,5921,1.243,1
seqneut25to26_sera_5002,A/England/1837737/2025_H3N2,plate21-A/England/1837737/2025_H3N2,1.362e+04,1.349,1
seqneut25to26_sera_5002,A/France/ARA-HCL025155099501/2025_H1N1,plate21-A/France/ARA-HCL025155099501/2025_H1N1,40,0.01008,0.01008
seqneut25to26_sera_5002,A/France/ARA-HCL025155099501/2025_H1N1,plate21-A/France/ARA-HCL025155099501/2025_H1N1,92,0.06446,0.06446
seqneut25to26_sera_5002,A/France/ARA-HCL025155099501/2025_H1N1,plate21-A/France/ARA-HCL025155099501/2025_H1N1,212,0.2618,0.2618
seqneut25to26_sera_5002,A/France/ARA-HCL025155099501/2025_H1N1,plate21-A/France/ARA-HCL025155099501/2025_H1N1,487,0.7758,0.7758
seqneut25to26_sera_5002,A/France/ARA-HCL025155099501/2025_H1N1,plate21-A/France/ARA-HCL025155099501/2025_H1N1,1119,1.02,1
seqneut25to26_sera_5002,A/France/ARA-HCL025155099501/2025_H1N1,plate21-A/France/ARA-HCL025155099501/2025_H1N1,2575,0.888,0.888
seqneut25to26_sera_5002,A/France/ARA-HCL025155099501/2025_H1N1,plate21-A/France/ARA-HCL025155099501/2025_H1N1,5921,1.057,1
seqneut25to26_sera_5002,A/France/ARA-HCL025155099501/2025_H1N1,plate21-A/France/ARA-HCL025155099501/2025_H1N1,1.362e+04,1.157,1
seqneut25to26_sera_5002,A/Galicia/GA-CHUAC-451/2025_H3N2,plate21-A/Galicia/GA-CHUAC-451/2025_H3N2,40,0.001836,0.001836
seqneut25to26_sera_5002,A/Galicia/GA-CHUAC-451/2025_H3N2,plate21-A/Galicia/GA-CHUAC-451/2025_H3N2,92,0.02515,0.02515
seqneut25to26_sera_5002,A/Galicia/GA-CHUAC-451/2025_H3N2,plate21-A/Galicia/GA-CHUAC-451/2025_H3N2,212,0.1481,0.1481
seqneut25to26_sera_5002,A/Galicia/GA-CHUAC-451/2025_H3N2,plate21-A/Galicia/GA-CHUAC-451/2025_H3N2,487,0.4551,0.4551
seqneut25to26_sera_5002,A/Galicia/GA-CHUAC-451/2025_H3N2,plate21-A/Galicia/GA-CHUAC-451/2025_H3N2,1119,0.8734,0.8734
seqneut25to26_sera_5002,A/Galicia/GA-CHUAC-451/2025_H3N2,plate21-A/Galicia/GA-CHUAC-451/2025_H3N2,2575,0.7584,0.7584
seqneut25to26_sera_5002,A/Galicia/GA-CHUAC-451/2025_H3N2,plate21-A/Galicia/GA-CHUAC-451/2025_H3N2,5921,1.223,1
seqneut25to26_sera_5002,A/Galicia/GA-CHUAC-451/2025_H3N2,plate21-A/Galicia/GA-CHUAC-451/2025_H3N2,1.362e+04,1.268,1
seqneut25to26_sera_5002,A/Ghana/ARI-25-1125/2025_H1N1,plate21-A/Ghana/ARI-25-1125/2025_H1N1,40,0.0002777,0.0002777
seqneut25to26_sera_5002,A/Ghana/ARI-25-1125/2025_H1N1,plate21-A/Ghana/ARI-25-1125/2025_H1N1,92,0.01384,0.01384
seqneut25to26_sera_5002,A/Ghana/ARI-25-1125/2025_H1N1,plate21-A/Ghana/ARI-25-1125/2025_H1N1,212,0.1494,0.1494
seqneut25to26_sera_5002,A/Ghana/ARI-25-1125/2025_H1N1,plate21-A/Ghana/ARI-25-1125/2025_H1N1,487,0.578,0.578
seqneut25to26_sera_5002,A/Ghana/ARI-25-1125/2025_H1N1,plate21-A/Ghana/ARI-25-1125/2025_H1N1,1119,1.024,1
seqneut25to26_sera_5002,A/Ghana/ARI-25-1125/2025_H1N1,plate21-A/Ghana/ARI-25-1125/2025_H1N1,2575,0.9248,0.9248
seqneut25to26_sera_5002,A/Ghana/ARI-25-1125/2025_H1N1,plate21-A/Ghana/ARI-25-1125/2025_H1N1,5921,1.025,1
seqneut25to26_sera_5002,A/Ghana/ARI-25-1125/2025_H1N1,plate21-A/Ghana/ARI-25-1125/2025_H1N1,1.362e+04,1.125,1
seqneut25to26_sera_5002,A/Ghana/FS-25-7077/2025_H3N2,plate21-A/Ghana/FS-25-7077/2025_H3N2,40,0.02737,0.02737
seqneut25to26_sera_5002,A/Ghana/FS-25-7077/2025_H3N2,plate21-A/Ghana/FS-25-7077/2025_H3N2,92,0.05282,0.05282
seqneut25to26_sera_5002,A/Ghana/FS-25-7077/2025_H3N2,plate21-A/Ghana/FS-25-7077/2025_H3N2,212,0.3912,0.3912
seqneut25to26_sera_5002,A/Ghana/FS-25-7077/2025_H3N2,plate21-A/Ghana/FS-25-7077/2025_H3N2,487,0.8211,0.8211
seqneut25to26_sera_5002,A/Ghana/FS-25-7077/2025_H3N2,plate21-A/Ghana/FS-25-7077/2025_H3N2,1119,0.8141,0.8141
seqneut25to26_sera_5002,A/Ghana/FS-25-7077/2025_H3N2,plate21-A/Ghana/FS-25-7077/2025_H3N2,2575,0.8857,0.8857
seqneut25to26_sera_5002,A/Ghana/FS-25-7077/2025_H3N2,plate21-A/Ghana/FS-25-7077/2025_H3N2,5921,0.8684,0.8684
seqneut25to26_sera_5002,A/Ghana/FS-25-7077/2025_H3N2,plate21-A/Ghana/FS-25-7077/2025_H3N2,1.362e+04,0.9812,0.9812
seqneut25to26_sera_5002,A/Guangdong-Maonan/11438/2025_H3N2,plate21-A/Guangdong-Maonan/11438/2025_H3N2,40,0.002685,0.002685
seqneut25to26_sera_5002,A/Guangdong-Maonan/11438/2025_H3N2,plate21-A/Guangdong-Maonan/11438/2025_H3N2,92,0.002074,0.002074
seqneut25to26_sera_5002,A/Guangdong-Maonan/11438/2025_H3N2,plate21-A/Guangdong-Maonan/11438/2025_H3N2,212,0.0613,0.0613
seqneut25to26_sera_5002,A/Guangdong-Maonan/11438/2025_H3N2,plate21-A/Guangdong-Maonan/11438/2025_H3N2,487,0.4431,0.4431
seqneut25to26_sera_5002,A/Guangdong-Maonan/11438/2025_H3N2,plate21-A/Guangdong-Maonan/11438/2025_H3N2,1119,1.072,1
seqneut25to26_sera_5002,A/Guangdong-Maonan/11438/2025_H3N2,plate21-A/Guangdong-Maonan/11438/2025_H3N2,2575,0.6754,0.6754
seqneut25to26_sera_5002,A/Guangdong-Maonan/11438/2025_H3N2,plate21-A/Guangdong-Maonan/11438/2025_H3N2,5921,0.6375,0.6375
seqneut25to26_sera_5002,A/Guangdong-Maonan/11438/2025_H3N2,plate21-A/Guangdong-Maonan/11438/2025_H3N2,1.362e+04,1.542,1
seqneut25to26_sera_5002,A/Guangdong-Meijiang/11256/2025_H3N2,plate21-A/Guangdong-Meijiang/11256/2025_H3N2,40,0.0001337,0.0001337
seqneut25to26_sera_5002,A/Guangdong-Meijiang/11256/2025_H3N2,plate21-A/Guangdong-Meijiang/11256/2025_H3N2,92,0.003872,0.003872
seqneut25to26_sera_5002,A/Guangdong-Meijiang/11256/2025_H3N2,plate21-A/Guangdong-Meijiang/11256/2025_H3N2,212,0.03643,0.03643
seqneut25to26_sera_5002,A/Guangdong-Meijiang/11256/2025_H3N2,plate21-A/Guangdong-Meijiang/11256/2025_H3N2,487,0.1349,0.1349
seqneut25to26_sera_5002,A/Guangdong-Meijiang/11256/2025_H3N2,plate21-A/Guangdong-Meijiang/11256/2025_H3N2,1119,0.3684,0.3684
seqneut25to26_sera_5002,A/Guangdong-Meijiang/11256/2025_H3N2,plate21-A/Guangdong-Meijiang/11256/2025_H3N2,2575,0.4218,0.4218
seqneut25to26_sera_5002,A/Guangdong-Meijiang/11256/2025_H3N2,plate21-A/Guangdong-Meijiang/11256/2025_H3N2,5921,0.9208,0.9208
seqneut25to26_sera_5002,A/Guangdong-Meijiang/11256/2025_H3N2,plate21-A/Guangdong-Meijiang/11256/2025_H3N2,1.362e+04,0.8737,0.8737
seqneut25to26_sera_5002,A/Guangxi-Daxin/1643/2025_H3N2,plate21-A/Guangxi-Daxin/1643/2025_H3N2,40,0.008809,0.008809
seqneut25to26_sera_5002,A/Guangxi-Daxin/1643/2025_H3N2,plate21-A/Guangxi-Daxin/1643/2025_H3N2,92,0.04107,0.04107
seqneut25to26_sera_5002,A/Guangxi-Daxin/1643/2025_H3N2,plate21-A/Guangxi-Daxin/1643/2025_H3N2,212,0.1683,0.1683
seqneut25to26_sera_5002,A/Guangxi-Daxin/1643/2025_H3N2,plate21-A/Guangxi-Daxin/1643/2025_H3N2,487,0.3491,0.3491
seqneut25to26_sera_5002,A/Guangxi-Daxin/1643/2025_H3N2,plate21-A/Guangxi-Daxin/1643/2025_H3N2,1119,0.7027,0.7027
seqneut25to26_sera_5002,A/Guangxi-Daxin/1643/2025_H3N2,plate21-A/Guangxi-Daxin/1643/2025_H3N2,2575,1.05,1
seqneut25to26_sera_5002,A/Guangxi-Daxin/1643/2025_H3N2,plate21-A/Guangxi-Daxin/1643/2025_H3N2,5921,1.353,1
seqneut25to26_sera_5002,A/Guangxi-Daxin/1643/2025_H3N2,plate21-A/Guangxi-Daxin/1643/2025_H3N2,1.362e+04,0.989,0.989
seqneut25to26_sera_5002,A/Guangxi-Qingxiu/SWL11742/2025_H1N1,plate21-A/Guangxi-Qingxiu/SWL11742/2025_H1N1,40,0.006409,0.006409
seqneut25to26_sera_5002,A/Guangxi-Qingxiu/SWL11742/2025_H1N1,plate21-A/Guangxi-Qingxiu/SWL11742/2025_H1N1,92,0.04803,0.04803
seqneut25to26_sera_5002,A/Guangxi-Qingxiu/SWL11742/2025_H1N1,plate21-A/Guangxi-Qingxiu/SWL11742/2025_H1N1,212,0.1488,0.1488
seqneut25to26_sera_5002,A/Guangxi-Qingxiu/SWL11742/2025_H1N1,plate21-A/Guangxi-Qingxiu/SWL11742/2025_H1N1,487,0.4538,0.4538
seqneut25to26_sera_5002,A/Guangxi-Qingxiu/SWL11742/2025_H1N1,plate21-A/Guangxi-Qingxiu/SWL11742/2025_H1N1,1119,0.9169,0.9169
seqneut25to26_sera_5002,A/Guangxi-Qingxiu/SWL11742/2025_H1N1,plate21-A/Guangxi-Qingxiu/SWL11742/2025_H1N1,2575,1.073,1
seqneut25to26_sera_5002,A/Guangxi-Qingxiu/SWL11742/2025_H1N1,plate21-A/Guangxi-Qingxiu/SWL11742/2025_H1N1,5921,1.009,1
seqneut25to26_sera_5002,A/Guangxi-Qingxiu/SWL11742/2025_H1N1,plate21-A/Guangxi-Qingxiu/SWL11742/2025_H1N1,1.362e+04,1.275,1
seqneut25to26_sera_5002,A/Hawaii/44/2025_H1N1,plate21-A/Hawaii/44/2025_H1N1,40,0.0007,0.0007
seqneut25to26_sera_5002,A/Hawaii/44/2025_H1N1,plate21-A/Hawaii/44/2025_H1N1,92,0.02373,0.02373
seqneut25to26_sera_5002,A/Hawaii/44/2025_H1N1,plate21-A/Hawaii/44/2025_H1N1,212,0.1803,0.1803
seqneut25to26_sera_5002,A/Hawaii/44/2025_H1N1,plate21-A/Hawaii/44/2025_H1N1,487,0.5495,0.5495
seqneut25to26_sera_5002,A/Hawaii/44/2025_H1N1,plate21-A/Hawaii/44/2025_H1N1,1119,0.8774,0.8774
seqneut25to26_sera_5002,A/Hawaii/44/2025_H1N1,plate21-A/Hawaii/44/2025_H1N1,2575,0.9503,0.9503
seqneut25to26_sera_5002,A/Hawaii/44/2025_H1N1,plate21-A/Hawaii/44/2025_H1N1,5921,1.066,1
seqneut25to26_sera_5002,A/Hawaii/44/2025_H1N1,plate21-A/Hawaii/44/2025_H1N1,1.362e+04,1.225,1
seqneut25to26_sera_5002,A/Hawaii/70/2019_H1N1,plate21-A/Hawaii/70/2019_H1N1,40,7.072e-05,7.072e-05
seqneut25to26_sera_5002,A/Hawaii/70/2019_H1N1,plate21-A/Hawaii/70/2019_H1N1,92,0.0003166,0.0003166
seqneut25to26_sera_5002,A/Hawaii/70/2019_H1N1,plate21-A/Hawaii/70/2019_H1N1,212,0.008355,0.008355
seqneut25to26_sera_5002,A/Hawaii/70/2019_H1N1,plate21-A/Hawaii/70/2019_H1N1,487,0.07484,0.07484
seqneut25to26_sera_5002,A/Hawaii/70/2019_H1N1,plate21-A/Hawaii/70/2019_H1N1,1119,0.503,0.503
seqneut25to26_sera_5002,A/Hawaii/70/2019_H1N1,plate21-A/Hawaii/70/2019_H1N1,2575,0.7979,0.7979
seqneut25to26_sera_5002,A/Hawaii/70/2019_H1N1,plate21-A/Hawaii/70/2019_H1N1,5921,0.9527,0.9527
seqneut25to26_sera_5002,A/Hawaii/70/2019_H1N1,plate21-A/Hawaii/70/2019_H1N1,1.362e+04,1.243,1
seqneut25to26_sera_5002,A/HongKong/1257/2025_H3N2,plate21-A/HongKong/1257/2025_H3N2,40,0.007075,0.007075
seqneut25to26_sera_5002,A/HongKong/1257/2025_H3N2,plate21-A/HongKong/1257/2025_H3N2,92,0.04973,0.04973
seqneut25to26_sera_5002,A/HongKong/1257/2025_H3N2,plate21-A/HongKong/1257/2025_H3N2,212,0.1586,0.1586
seqneut25to26_sera_5002,A/HongKong/1257/2025_H3N2,plate21-A/HongKong/1257/2025_H3N2,487,0.4377,0.4377
seqneut25to26_sera_5002,A/HongKong/1257/2025_H3N2,plate21-A/HongKong/1257/2025_H3N2,1119,0.7214,0.7214
seqneut25to26_sera_5002,A/HongKong/1257/2025_H3N2,plate21-A/HongKong/1257/2025_H3N2,2575,0.7121,0.7121
seqneut25to26_sera_5002,A/HongKong/1257/2025_H3N2,plate21-A/HongKong/1257/2025_H3N2,5921,1.346,1
seqneut25to26_sera_5002,A/HongKong/1257/2025_H3N2,plate21-A/HongKong/1257/2025_H3N2,1.362e+04,1.413,1
seqneut25to26_sera_5002,A/HongKong/1382/2025_H3N2,plate21-A/HongKong/1382/2025_H3N2,40,0.003364,0.003364
seqneut25to26_sera_5002,A/HongKong/1382/2025_H3N2,plate21-A/HongKong/1382/2025_H3N2,92,0.01854,0.01854
seqneut25to26_sera_5002,A/HongKong/1382/2025_H3N2,plate21-A/HongKong/1382/2025_H3N2,212,0.1483,0.1483
seqneut25to26_sera_5002,A/HongKong/1382/2025_H3N2,plate21-A/HongKong/1382/2025_H3N2,487,0.3765,0.3765
seqneut25to26_sera_5002,A/HongKong/1382/2025_H3N2,plate21-A/HongKong/1382/2025_H3N2,1119,0.8016,0.8016
seqneut25to26_sera_5002,A/HongKong/1382/2025_H3N2,plate21-A/HongKong/1382/2025_H3N2,2575,1.2,1
seqneut25to26_sera_5002,A/HongKong/1382/2025_H3N2,plate21-A/HongKong/1382/2025_H3N2,5921,0.8693,0.8693
seqneut25to26_sera_5002,A/HongKong/1382/2025_H3N2,plate21-A/HongKong/1382/2025_H3N2,1.362e+04,1.621,1
seqneut25to26_sera_5002,A/Indonesia/BIOKES-I-BT074/2025_H3N2,plate21-A/Indonesia/BIOKES-I-BT074/2025_H3N2,40,0.004326,0.004326
seqneut25to26_sera_5002,A/Indonesia/BIOKES-I-BT074/2025_H3N2,plate21-A/Indonesia/BIOKES-I-BT074/2025_H3N2,92,0.01686,0.01686
seqneut25to26_sera_5002,A/Indonesia/BIOKES-I-BT074/2025_H3N2,plate21-A/Indonesia/BIOKES-I-BT074/2025_H3N2,212,0.09938,0.09938
seqneut25to26_sera_5002,A/Indonesia/BIOKES-I-BT074/2025_H3N2,plate21-A/Indonesia/BIOKES-I-BT074/2025_H3N2,487,0.3469,0.3469
seqneut25to26_sera_5002,A/Indonesia/BIOKES-I-BT074/2025_H3N2,plate21-A/Indonesia/BIOKES-I-BT074/2025_H3N2,1119,0.741,0.741
seqneut25to26_sera_5002,A/Indonesia/BIOKES-I-BT074/2025_H3N2,plate21-A/Indonesia/BIOKES-I-BT074/2025_H3N2,2575,1.135,1
seqneut25to26_sera_5002,A/Indonesia/BIOKES-I-BT074/2025_H3N2,plate21-A/Indonesia/BIOKES-I-BT074/2025_H3N2,5921,1.046,1
seqneut25to26_sera_5002,A/Indonesia/BIOKES-I-BT074/2025_H3N2,plate21-A/Indonesia/BIOKES-I-BT074/2025_H3N2,1.362e+04,1.226,1
seqneut25to26_sera_5002,A/Indonesia/BIOKES-INAD491/2025_H3N2,plate21-A/Indonesia/BIOKES-INAD491/2025_H3N2,40,0.002067,0.002067
seqneut25to26_sera_5002,A/Indonesia/BIOKES-INAD491/2025_H3N2,plate21-A/Indonesia/BIOKES-INAD491/2025_H3N2,92,0.002197,0.002197
seqneut25to26_sera_5002,A/Indonesia/BIOKES-INAD491/2025_H3N2,plate21-A/Indonesia/BIOKES-INAD491/2025_H3N2,212,0.06899,0.06899
seqneut25to26_sera_5002,A/Indonesia/BIOKES-INAD491/2025_H3N2,plate21-A/Indonesia/BIOKES-INAD491/2025_H3N2,487,0.2703,0.2703
seqneut25to26_sera_5002,A/Indonesia/BIOKES-INAD491/2025_H3N2,plate21-A/Indonesia/BIOKES-INAD491/2025_H3N2,1119,0.6962,0.6962
seqneut25to26_sera_5002,A/Indonesia/BIOKES-INAD491/2025_H3N2,plate21-A/Indonesia/BIOKES-INAD491/2025_H3N2,2575,0.6774,0.6774
seqneut25to26_sera_5002,A/Indonesia/BIOKES-INAD491/2025_H3N2,plate21-A/Indonesia/BIOKES-INAD491/2025_H3N2,5921,0.9071,0.9071
seqneut25to26_sera_5002,A/Indonesia/BIOKES-INAD491/2025_H3N2,plate21-A/Indonesia/BIOKES-INAD491/2025_H3N2,1.362e+04,1.181,1
seqneut25to26_sera_5002,A/Lao/820-2750/2025_H3N2,plate21-A/Lao/820-2750/2025_H3N2,40,0.0006673,0.0006673
seqneut25to26_sera_5002,A/Lao/820-2750/2025_H3N2,plate21-A/Lao/820-2750/2025_H3N2,92,0.07298,0.07298
seqneut25to26_sera_5002,A/Lao/820-2750/2025_H3N2,plate21-A/Lao/820-2750/2025_H3N2,212,0.1187,0.1187
seqneut25to26_sera_5002,A/Lao/820-2750/2025_H3N2,plate21-A/Lao/820-2750/2025_H3N2,487,0.353,0.353
seqneut25to26_sera_5002,A/Lao/820-2750/2025_H3N2,plate21-A/Lao/820-2750/2025_H3N2,1119,0.992,0.992
seqneut25to26_sera_5002,A/Lao/820-2750/2025_H3N2,plate21-A/Lao/820-2750/2025_H3N2,2575,1.022,1
seqneut25to26_sera_5002,A/Lao/820-2750/2025_H3N2,plate21-A/Lao/820-2750/2025_H3N2,5921,1.087,1
seqneut25to26_sera_5002,A/Lao/820-2750/2025_H3N2,plate21-A/Lao/820-2750/2025_H3N2,1.362e+04,0.8251,0.8251
seqneut25to26_sera_5002,A/Malaysia/IMR/SARI/2028/2025_H3N2,plate21-A/Malaysia/IMR/SARI/2028/2025_H3N2,40,0.001827,0.001827
seqneut25to26_sera_5002,A/Malaysia/IMR/SARI/2028/2025_H3N2,plate21-A/Malaysia/IMR/SARI/2028/2025_H3N2,92,0.005971,0.005971
seqneut25to26_sera_5002,A/Malaysia/IMR/SARI/2028/2025_H3N2,plate21-A/Malaysia/IMR/SARI/2028/2025_H3N2,212,0.1209,0.1209
seqneut25to26_sera_5002,A/Malaysia/IMR/SARI/2028/2025_H3N2,plate21-A/Malaysia/IMR/SARI/2028/2025_H3N2,487,0.1611,0.1611
seqneut25to26_sera_5002,A/Malaysia/IMR/SARI/2028/2025_H3N2,plate21-A/Malaysia/IMR/SARI/2028/2025_H3N2,1119,0.5611,0.5611
seqneut25to26_sera_5002,A/Malaysia/IMR/SARI/2028/2025_H3N2,plate21-A/Malaysia/IMR/SARI/2028/2025_H3N2,2575,0.7633,0.7633
seqneut25to26_sera_5002,A/Malaysia/IMR/SARI/2028/2025_H3N2,plate21-A/Malaysia/IMR/SARI/2028/2025_H3N2,5921,0.7395,0.7395
seqneut25to26_sera_5002,A/Malaysia/IMR/SARI/2028/2025_H3N2,plate21-A/Malaysia/IMR/SARI/2028/2025_H3N2,1.362e+04,1.056,1
seqneut25to26_sera_5002,A/Malaysia/IMR/SARI/2406/2025_H3N2,plate21-A/Malaysia/IMR/SARI/2406/2025_H3N2,40,0.01989,0.01989
seqneut25to26_sera_5002,A/Malaysia/IMR/SARI/2406/2025_H3N2,plate21-A/Malaysia/IMR/SARI/2406/2025_H3N2,92,0.1505,0.1505
seqneut25to26_sera_5002,A/Malaysia/IMR/SARI/2406/2025_H3N2,plate21-A/Malaysia/IMR/SARI/2406/2025_H3N2,212,0.2731,0.2731
seqneut25to26_sera_5002,A/Malaysia/IMR/SARI/2406/2025_H3N2,plate21-A/Malaysia/IMR/SARI/2406/2025_H3N2,487,0.5652,0.5652
seqneut25to26_sera_5002,A/Malaysia/IMR/SARI/2406/2025_H3N2,plate21-A/Malaysia/IMR/SARI/2406/2025_H3N2,1119,0.8997,0.8997
seqneut25to26_sera_5002,A/Malaysia/IMR/SARI/2406/2025_H3N2,plate21-A/Malaysia/IMR/SARI/2406/2025_H3N2,2575,0.7972,0.7972
seqneut25to26_sera_5002,A/Malaysia/IMR/SARI/2406/2025_H3N2,plate21-A/Malaysia/IMR/SARI/2406/2025_H3N2,5921,1.271,1
seqneut25to26_sera_5002,A/Malaysia/IMR/SARI/2406/2025_H3N2,plate21-A/Malaysia/IMR/SARI/2406/2025_H3N2,1.362e+04,1.512,1
seqneut25to26_sera_5002,A/Malaysia/IMR/SARI/2517/2025_H3N2,plate21-A/Malaysia/IMR/SARI/2517/2025_H3N2,40,0.01756,0.01756
seqneut25to26_sera_5002,A/Malaysia/IMR/SARI/2517/2025_H3N2,plate21-A/Malaysia/IMR/SARI/2517/2025_H3N2,92,0.2506,0.2506
seqneut25to26_sera_5002,A/Malaysia/IMR/SARI/2517/2025_H3N2,plate21-A/Malaysia/IMR/SARI/2517/2025_H3N2,212,0.2669,0.2669
seqneut25to26_sera_5002,A/Malaysia/IMR/SARI/2517/2025_H3N2,plate21-A/Malaysia/IMR/SARI/2517/2025_H3N2,487,0.5225,0.5225
seqneut25to26_sera_5002,A/Malaysia/IMR/SARI/2517/2025_H3N2,plate21-A/Malaysia/IMR/SARI/2517/2025_H3N2,1119,0.8882,0.8882
seqneut25to26_sera_5002,A/Malaysia/IMR/SARI/2517/2025_H3N2,plate21-A/Malaysia/IMR/SARI/2517/2025_H3N2,2575,0.9679,0.9679
seqneut25to26_sera_5002,A/Malaysia/IMR/SARI/2517/2025_H3N2,plate21-A/Malaysia/IMR/SARI/2517/2025_H3N2,5921,1.004,1
seqneut25to26_sera_5002,A/Malaysia/IMR/SARI/2517/2025_H3N2,plate21-A/Malaysia/IMR/SARI/2517/2025_H3N2,1.362e+04,1.514,1
seqneut25to26_sera_5002,A/Massachusetts/18/2022_H3N2,plate21-A/Massachusetts/18/2022_H3N2,40,0.0007001,0.0007001
seqneut25to26_sera_5002,A/Massachusetts/18/2022_H3N2,plate21-A/Massachusetts/18/2022_H3N2,92,0.3903,0.3903
seqneut25to26_sera_5002,A/Massachusetts/18/2022_H3N2,plate21-A/Massachusetts/18/2022_H3N2,212,0.4753,0.4753
seqneut25to26_sera_5002,A/Massachusetts/18/2022_H3N2,plate21-A/Massachusetts/18/2022_H3N2,487,0.5843,0.5843
seqneut25to26_sera_5002,A/Massachusetts/18/2022_H3N2,plate21-A/Massachusetts/18/2022_H3N2,1119,1.214,1
seqneut25to26_sera_5002,A/Massachusetts/18/2022_H3N2,plate21-A/Massachusetts/18/2022_H3N2,2575,0.9335,0.9335
seqneut25to26_sera_5002,A/Massachusetts/18/2022_H3N2,plate21-A/Massachusetts/18/2022_H3N2,5921,1.208,1
seqneut25to26_sera_5002,A/Massachusetts/18/2022_H3N2,plate21-A/Massachusetts/18/2022_H3N2,1.362e+04,1.302,1
seqneut25to26_sera_5002,A/Michigan/110/2025_H3N2,plate21-A/Michigan/110/2025_H3N2,40,0.007326,0.007326
seqneut25to26_sera_5002,A/Michigan/110/2025_H3N2,plate21-A/Michigan/110/2025_H3N2,92,0.01654,0.01654
seqneut25to26_sera_5002,A/Michigan/110/2025_H3N2,plate21-A/Michigan/110/2025_H3N2,212,0.2328,0.2328
seqneut25to26_sera_5002,A/Michigan/110/2025_H3N2,plate21-A/Michigan/110/2025_H3N2,487,0.4367,0.4367
seqneut25to26_sera_5002,A/Michigan/110/2025_H3N2,plate21-A/Michigan/110/2025_H3N2,1119,0.9458,0.9458
seqneut25to26_sera_5002,A/Michigan/110/2025_H3N2,plate21-A/Michigan/110/2025_H3N2,2575,0.8479,0.8479
seqneut25to26_sera_5002,A/Michigan/110/2025_H3N2,plate21-A/Michigan/110/2025_H3N2,5921,0.9535,0.9535
seqneut25to26_sera_5002,A/Michigan/110/2025_H3N2,plate21-A/Michigan/110/2025_H3N2,1.362e+04,1.188,1
seqneut25to26_sera_5002,A/Minnesota/96/2025_H3N2,plate21-A/Minnesota/96/2025_H3N2,40,0.002227,0.002227
seqneut25to26_sera_5002,A/Minnesota/96/2025_H3N2,plate21-A/Minnesota/96/2025_H3N2,92,0.0183,0.0183
seqneut25to26_sera_5002,A/Minnesota/96/2025_H3N2,plate21-A/Minnesota/96/2025_H3N2,212,0.1108,0.1108
seqneut25to26_sera_5002,A/Minnesota/96/2025_H3N2,plate21-A/Minnesota/96/2025_H3N2,487,0.3387,0.3387
seqneut25to26_sera_5002,A/Minnesota/96/2025_H3N2,plate21-A/Minnesota/96/2025_H3N2,1119,0.6601,0.6601
seqneut25to26_sera_5002,A/Minnesota/96/2025_H3N2,plate21-A/Minnesota/96/2025_H3N2,2575,0.9509,0.9509
seqneut25to26_sera_5002,A/Minnesota/96/2025_H3N2,plate21-A/Minnesota/96/2025_H3N2,5921,1.177,1
seqneut25to26_sera_5002,A/Minnesota/96/2025_H3N2,plate21-A/Minnesota/96/2025_H3N2,1.362e+04,1.06,1
seqneut25to26_sera_5002,A/Missouri/11/2025_H1N1,plate21-A/Missouri/11/2025_H1N1,40,0.004902,0.004902
seqneut25to26_sera_5002,A/Missouri/11/2025_H1N1,plate21-A/Missouri/11/2025_H1N1,92,0.01303,0.01303
seqneut25to26_sera_5002,A/Missouri/11/2025_H1N1,plate21-A/Missouri/11/2025_H1N1,212,0.464,0.464
seqneut25to26_sera_5002,A/Missouri/11/2025_H1N1,plate21-A/Missouri/11/2025_H1N1,487,0.6169,0.6169
seqneut25to26_sera_5002,A/Missouri/11/2025_H1N1,plate21-A/Missouri/11/2025_H1N1,1119,1.065,1
seqneut25to26_sera_5002,A/Missouri/11/2025_H1N1,plate21-A/Missouri/11/2025_H1N1,2575,0.7989,0.7989
seqneut25to26_sera_5002,A/Missouri/11/2025_H1N1,plate21-A/Missouri/11/2025_H1N1,5921,0.9383,0.9383
seqneut25to26_sera_5002,A/Missouri/11/2025_H1N1,plate21-A/Missouri/11/2025_H1N1,1.362e+04,0.9947,0.9947
seqneut25to26_sera_5002,A/NewSouthWales/2526015582/2025_H3N2,plate21-A/NewSouthWales/2526015582/2025_H3N2,40,0.02006,0.02006
seqneut25to26_sera_5002,A/NewSouthWales/2526015582/2025_H3N2,plate21-A/NewSouthWales/2526015582/2025_H3N2,92,0.1135,0.1135
seqneut25to26_sera_5002,A/NewSouthWales/2526015582/2025_H3N2,plate21-A/NewSouthWales/2526015582/2025_H3N2,212,0.3045,0.3045
seqneut25to26_sera_5002,A/NewSouthWales/2526015582/2025_H3N2,plate21-A/NewSouthWales/2526015582/2025_H3N2,487,0.6527,0.6527
seqneut25to26_sera_5002,A/NewSouthWales/2526015582/2025_H3N2,plate21-A/NewSouthWales/2526015582/2025_H3N2,1119,0.9124,0.9124
seqneut25to26_sera_5002,A/NewSouthWales/2526015582/2025_H3N2,plate21-A/NewSouthWales/2526015582/2025_H3N2,2575,0.9607,0.9607
seqneut25to26_sera_5002,A/NewSouthWales/2526015582/2025_H3N2,plate21-A/NewSouthWales/2526015582/2025_H3N2,5921,1.047,1
seqneut25to26_sera_5002,A/NewSouthWales/2526015582/2025_H3N2,plate21-A/NewSouthWales/2526015582/2025_H3N2,1.362e+04,1.192,1
seqneut25to26_sera_5002,A/NewSouthWales/2526015584/2025_H3N2,plate21-A/NewSouthWales/2526015584/2025_H3N2,40,0.005777,0.005777
seqneut25to26_sera_5002,A/NewSouthWales/2526015584/2025_H3N2,plate21-A/NewSouthWales/2526015584/2025_H3N2,92,0.07178,0.07178
seqneut25to26_sera_5002,A/NewSouthWales/2526015584/2025_H3N2,plate21-A/NewSouthWales/2526015584/2025_H3N2,212,0.1463,0.1463
seqneut25to26_sera_5002,A/NewSouthWales/2526015584/2025_H3N2,plate21-A/NewSouthWales/2526015584/2025_H3N2,487,0.3939,0.3939
seqneut25to26_sera_5002,A/NewSouthWales/2526015584/2025_H3N2,plate21-A/NewSouthWales/2526015584/2025_H3N2,1119,0.7908,0.7908
seqneut25to26_sera_5002,A/NewSouthWales/2526015584/2025_H3N2,plate21-A/NewSouthWales/2526015584/2025_H3N2,2575,1.099,1
seqneut25to26_sera_5002,A/NewSouthWales/2526015584/2025_H3N2,plate21-A/NewSouthWales/2526015584/2025_H3N2,5921,0.964,0.964
seqneut25to26_sera_5002,A/NewSouthWales/2526015584/2025_H3N2,plate21-A/NewSouthWales/2526015584/2025_H3N2,1.362e+04,1.352,1
seqneut25to26_sera_5002,A/Norway/8765/2025_H3N2,plate21-A/Norway/8765/2025_H3N2,40,0.03086,0.03086
seqneut25to26_sera_5002,A/Norway/8765/2025_H3N2,plate21-A/Norway/8765/2025_H3N2,92,0.07184,0.07184
seqneut25to26_sera_5002,A/Norway/8765/2025_H3N2,plate21-A/Norway/8765/2025_H3N2,212,0.2709,0.2709
seqneut25to26_sera_5002,A/Norway/8765/2025_H3N2,plate21-A/Norway/8765/2025_H3N2,487,0.4706,0.4706
seqneut25to26_sera_5002,A/Norway/8765/2025_H3N2,plate21-A/Norway/8765/2025_H3N2,1119,0.8874,0.8874
seqneut25to26_sera_5002,A/Norway/8765/2025_H3N2,plate21-A/Norway/8765/2025_H3N2,2575,0.9575,0.9575
seqneut25to26_sera_5002,A/Norway/8765/2025_H3N2,plate21-A/Norway/8765/2025_H3N2,5921,0.9622,0.9622
seqneut25to26_sera_5002,A/Norway/8765/2025_H3N2,plate21-A/Norway/8765/2025_H3N2,1.362e+04,1.003,1
seqneut25to26_sera_5002,A/Norway/8976/2025_H3N2,plate21-A/Norway/8976/2025_H3N2,40,0.01633,0.01633
seqneut25to26_sera_5002,A/Norway/8976/2025_H3N2,plate21-A/Norway/8976/2025_H3N2,92,0.1199,0.1199
seqneut25to26_sera_5002,A/Norway/8976/2025_H3N2,plate21-A/Norway/8976/2025_H3N2,212,0.3409,0.3409
seqneut25to26_sera_5002,A/Norway/8976/2025_H3N2,plate21-A/Norway/8976/2025_H3N2,487,0.4776,0.4776
seqneut25to26_sera_5002,A/Norway/8976/2025_H3N2,plate21-A/Norway/8976/2025_H3N2,1119,1.022,1
seqneut25to26_sera_5002,A/Norway/8976/2025_H3N2,plate21-A/Norway/8976/2025_H3N2,2575,0.9877,0.9877
seqneut25to26_sera_5002,A/Norway/8976/2025_H3N2,plate21-A/Norway/8976/2025_H3N2,5921,1.212,1
seqneut25to26_sera_5002,A/Norway/8976/2025_H3N2,plate21-A/Norway/8976/2025_H3N2,1.362e+04,1.468,1
seqneut25to26_sera_5002,A/Norway/9107/2025_H1N1,plate21-A/Norway/9107/2025_H1N1,40,0.004627,0.004627
seqneut25to26_sera_5002,A/Norway/9107/2025_H1N1,plate21-A/Norway/9107/2025_H1N1,92,0.03338,0.03338
seqneut25to26_sera_5002,A/Norway/9107/2025_H1N1,plate21-A/Norway/9107/2025_H1N1,212,0.2293,0.2293
seqneut25to26_sera_5002,A/Norway/9107/2025_H1N1,plate21-A/Norway/9107/2025_H1N1,487,0.5847,0.5847
seqneut25to26_sera_5002,A/Norway/9107/2025_H1N1,plate21-A/Norway/9107/2025_H1N1,1119,1.029,1
seqneut25to26_sera_5002,A/Norway/9107/2025_H1N1,plate21-A/Norway/9107/2025_H1N1,2575,0.9677,0.9677
seqneut25to26_sera_5002,A/Norway/9107/2025_H1N1,plate21-A/Norway/9107/2025_H1N1,5921,1.204,1
seqneut25to26_sera_5002,A/Norway/9107/2025_H1N1,plate21-A/Norway/9107/2025_H1N1,1.362e+04,1.27,1
seqneut25to26_sera_5002,A/Norway/9556/2025_H1N1,plate21-A/Norway/9556/2025_H1N1,40,0.0148,0.0148
seqneut25to26_sera_5002,A/Norway/9556/2025_H1N1,plate21-A/Norway/9556/2025_H1N1,92,0.08154,0.08154
seqneut25to26_sera_5002,A/Norway/9556/2025_H1N1,plate21-A/Norway/9556/2025_H1N1,212,0.735,0.735
seqneut25to26_sera_5002,A/Norway/9556/2025_H1N1,plate21-A/Norway/9556/2025_H1N1,487,0.7175,0.7175
seqneut25to26_sera_5002,A/Norway/9556/2025_H1N1,plate21-A/Norway/9556/2025_H1N1,1119,1.111,1
seqneut25to26_sera_5002,A/Norway/9556/2025_H1N1,plate21-A/Norway/9556/2025_H1N1,2575,1.205,1
seqneut25to26_sera_5002,A/Norway/9556/2025_H1N1,plate21-A/Norway/9556/2025_H1N1,5921,1.403,1
seqneut25to26_sera_5002,A/Norway/9556/2025_H1N1,plate21-A/Norway/9556/2025_H1N1,1.362e+04,1.334,1
seqneut25to26_sera_5002,A/Peru/GIHSN-04-1089/2025_H3N2,plate21-A/Peru/GIHSN-04-1089/2025_H3N2,40,0.00574,0.00574
seqneut25to26_sera_5002,A/Peru/GIHSN-04-1089/2025_H3N2,plate21-A/Peru/GIHSN-04-1089/2025_H3N2,92,0.03595,0.03595
seqneut25to26_sera_5002,A/Peru/GIHSN-04-1089/2025_H3N2,plate21-A/Peru/GIHSN-04-1089/2025_H3N2,212,0.2363,0.2363
seqneut25to26_sera_5002,A/Peru/GIHSN-04-1089/2025_H3N2,plate21-A/Peru/GIHSN-04-1089/2025_H3N2,487,0.4283,0.4283
seqneut25to26_sera_5002,A/Peru/GIHSN-04-1089/2025_H3N2,plate21-A/Peru/GIHSN-04-1089/2025_H3N2,1119,0.7838,0.7838
seqneut25to26_sera_5002,A/Peru/GIHSN-04-1089/2025_H3N2,plate21-A/Peru/GIHSN-04-1089/2025_H3N2,2575,0.9186,0.9186
seqneut25to26_sera_5002,A/Peru/GIHSN-04-1089/2025_H3N2,plate21-A/Peru/GIHSN-04-1089/2025_H3N2,5921,0.7895,0.7895
seqneut25to26_sera_5002,A/Peru/GIHSN-04-1089/2025_H3N2,plate21-A/Peru/GIHSN-04-1089/2025_H3N2,1.362e+04,0.8853,0.8853
seqneut25to26_sera_5002,A/Philippines/SARI25-1425/2025_H1N1,plate21-A/Philippines/SARI25-1425/2025_H1N1,40,0.004158,0.004158
seqneut25to26_sera_5002,A/Philippines/SARI25-1425/2025_H1N1,plate21-A/Philippines/SARI25-1425/2025_H1N1,92,0.1092,0.1092
seqneut25to26_sera_5002,A/Philippines/SARI25-1425/2025_H1N1,plate21-A/Philippines/SARI25-1425/2025_H1N1,212,0.2113,0.2113
seqneut25to26_sera_5002,A/Philippines/SARI25-1425/2025_H1N1,plate21-A/Philippines/SARI25-1425/2025_H1N1,487,0.4601,0.4601
seqneut25to26_sera_5002,A/Philippines/SARI25-1425/2025_H1N1,plate21-A/Philippines/SARI25-1425/2025_H1N1,1119,0.7236,0.7236
seqneut25to26_sera_5002,A/Philippines/SARI25-1425/2025_H1N1,plate21-A/Philippines/SARI25-1425/2025_H1N1,2575,1.041,1
seqneut25to26_sera_5002,A/Philippines/SARI25-1425/2025_H1N1,plate21-A/Philippines/SARI25-1425/2025_H1N1,5921,1.026,1
seqneut25to26_sera_5002,A/Philippines/SARI25-1425/2025_H1N1,plate21-A/Philippines/SARI25-1425/2025_H1N1,1.362e+04,1.184,1
seqneut25to26_sera_5002,A/Queensland/2526516675/2025_H3N2,plate21-A/Queensland/2526516675/2025_H3N2,40,0.01851,0.01851
seqneut25to26_sera_5002,A/Queensland/2526516675/2025_H3N2,plate21-A/Queensland/2526516675/2025_H3N2,92,0.1444,0.1444
seqneut25to26_sera_5002,A/Queensland/2526516675/2025_H3N2,plate21-A/Queensland/2526516675/2025_H3N2,212,0.2998,0.2998
seqneut25to26_sera_5002,A/Queensland/2526516675/2025_H3N2,plate21-A/Queensland/2526516675/2025_H3N2,487,0.4033,0.4033
seqneut25to26_sera_5002,A/Queensland/2526516675/2025_H3N2,plate21-A/Queensland/2526516675/2025_H3N2,1119,1.001,1
seqneut25to26_sera_5002,A/Queensland/2526516675/2025_H3N2,plate21-A/Queensland/2526516675/2025_H3N2,2575,0.8237,0.8237
seqneut25to26_sera_5002,A/Queensland/2526516675/2025_H3N2,plate21-A/Queensland/2526516675/2025_H3N2,5921,1.287,1
seqneut25to26_sera_5002,A/Queensland/2526516675/2025_H3N2,plate21-A/Queensland/2526516675/2025_H3N2,1.362e+04,1.528,1
seqneut25to26_sera_5002,A/SouthAfrica/PET37604/2025_H3N2,plate21-A/SouthAfrica/PET37604/2025_H3N2,40,0.001365,0.001365
seqneut25to26_sera_5002,A/SouthAfrica/PET37604/2025_H3N2,plate21-A/SouthAfrica/PET37604/2025_H3N2,92,0.01452,0.01452
seqneut25to26_sera_5002,A/SouthAfrica/PET37604/2025_H3N2,plate21-A/SouthAfrica/PET37604/2025_H3N2,212,0.09662,0.09662
seqneut25to26_sera_5002,A/SouthAfrica/PET37604/2025_H3N2,plate21-A/SouthAfrica/PET37604/2025_H3N2,487,0.2551,0.2551
seqneut25to26_sera_5002,A/SouthAfrica/PET37604/2025_H3N2,plate21-A/SouthAfrica/PET37604/2025_H3N2,1119,0.7456,0.7456
seqneut25to26_sera_5002,A/SouthAfrica/PET37604/2025_H3N2,plate21-A/SouthAfrica/PET37604/2025_H3N2,2575,0.5296,0.5296
seqneut25to26_sera_5002,A/SouthAfrica/PET37604/2025_H3N2,plate21-A/SouthAfrica/PET37604/2025_H3N2,5921,0.868,0.868
seqneut25to26_sera_5002,A/SouthAfrica/PET37604/2025_H3N2,plate21-A/SouthAfrica/PET37604/2025_H3N2,1.362e+04,0.9344,0.9344
seqneut25to26_sera_5002,A/SouthAfrica/PET37625/2025_H3N2,plate21-A/SouthAfrica/PET37625/2025_H3N2,40,0.001903,0.001903
seqneut25to26_sera_5002,A/SouthAfrica/PET37625/2025_H3N2,plate21-A/SouthAfrica/PET37625/2025_H3N2,92,0.005633,0.005633
seqneut25to26_sera_5002,A/SouthAfrica/PET37625/2025_H3N2,plate21-A/SouthAfrica/PET37625/2025_H3N2,212,0.03481,0.03481
seqneut25to26_sera_5002,A/SouthAfrica/PET37625/2025_H3N2,plate21-A/SouthAfrica/PET37625/2025_H3N2,487,0.1699,0.1699
seqneut25to26_sera_5002,A/SouthAfrica/PET37625/2025_H3N2,plate21-A/SouthAfrica/PET37625/2025_H3N2,1119,0.7086,0.7086
seqneut25to26_sera_5002,A/SouthAfrica/PET37625/2025_H3N2,plate21-A/SouthAfrica/PET37625/2025_H3N2,2575,1.528,1
seqneut25to26_sera_5002,A/SouthAfrica/PET37625/2025_H3N2,plate21-A/SouthAfrica/PET37625/2025_H3N2,5921,0.9482,0.9482
seqneut25to26_sera_5002,A/SouthAfrica/PET37625/2025_H3N2,plate21-A/SouthAfrica/PET37625/2025_H3N2,1.362e+04,1.371,1
seqneut25to26_sera_5002,A/SouthAustralia/2519001037/2025_H1N1,plate21-A/SouthAustralia/2519001037/2025_H1N1,40,0.001595,0.001595
seqneut25to26_sera_5002,A/SouthAustralia/2519001037/2025_H1N1,plate21-A/SouthAustralia/2519001037/2025_H1N1,92,0.1088,0.1088
seqneut25to26_sera_5002,A/SouthAustralia/2519001037/2025_H1N1,plate21-A/SouthAustralia/2519001037/2025_H1N1,212,0.1814,0.1814
seqneut25to26_sera_5002,A/SouthAustralia/2519001037/2025_H1N1,plate21-A/SouthAustralia/2519001037/2025_H1N1,487,0.4144,0.4144
seqneut25to26_sera_5002,A/SouthAustralia/2519001037/2025_H1N1,plate21-A/SouthAustralia/2519001037/2025_H1N1,1119,0.7071,0.7071
seqneut25to26_sera_5002,A/SouthAustralia/2519001037/2025_H1N1,plate21-A/SouthAustralia/2519001037/2025_H1N1,2575,0.8857,0.8857
seqneut25to26_sera_5002,A/SouthAustralia/2519001037/2025_H1N1,plate21-A/SouthAustralia/2519001037/2025_H1N1,5921,1.175,1
seqneut25to26_sera_5002,A/SouthAustralia/2519001037/2025_H1N1,plate21-A/SouthAustralia/2519001037/2025_H1N1,1.362e+04,1.339,1
seqneut25to26_sera_5002,A/SouthAustralia/2520702747/2025_H1N1,plate21-A/SouthAustralia/2520702747/2025_H1N1,40,0.003911,0.003911
seqneut25to26_sera_5002,A/SouthAustralia/2520702747/2025_H1N1,plate21-A/SouthAustralia/2520702747/2025_H1N1,92,0.03882,0.03882
seqneut25to26_sera_5002,A/SouthAustralia/2520702747/2025_H1N1,plate21-A/SouthAustralia/2520702747/2025_H1N1,212,0.1212,0.1212
seqneut25to26_sera_5002,A/SouthAustralia/2520702747/2025_H1N1,plate21-A/SouthAustralia/2520702747/2025_H1N1,487,0.3752,0.3752
seqneut25to26_sera_5002,A/SouthAustralia/2520702747/2025_H1N1,plate21-A/SouthAustralia/2520702747/2025_H1N1,1119,0.8804,0.8804
seqneut25to26_sera_5002,A/SouthAustralia/2520702747/2025_H1N1,plate21-A/SouthAustralia/2520702747/2025_H1N1,2575,0.9133,0.9133
seqneut25to26_sera_5002,A/SouthAustralia/2520702747/2025_H1N1,plate21-A/SouthAustralia/2520702747/2025_H1N1,5921,1.157,1
seqneut25to26_sera_5002,A/SouthAustralia/2520702747/2025_H1N1,plate21-A/SouthAustralia/2520702747/2025_H1N1,1.362e+04,1.373,1
seqneut25to26_sera_5002,A/SouthAustralia/2523012764/2025_H1N1,plate21-A/SouthAustralia/2523012764/2025_H1N1,40,0.00447,0.00447
seqneut25to26_sera_5002,A/SouthAustralia/2523012764/2025_H1N1,plate21-A/SouthAustralia/2523012764/2025_H1N1,92,0.05161,0.05161
seqneut25to26_sera_5002,A/SouthAustralia/2523012764/2025_H1N1,plate21-A/SouthAustralia/2523012764/2025_H1N1,212,0.1207,0.1207
seqneut25to26_sera_5002,A/SouthAustralia/2523012764/2025_H1N1,plate21-A/SouthAustralia/2523012764/2025_H1N1,487,0.4096,0.4096
seqneut25to26_sera_5002,A/SouthAustralia/2523012764/2025_H1N1,plate21-A/SouthAustralia/2523012764/2025_H1N1,1119,0.7999,0.7999
seqneut25to26_sera_5002,A/SouthAustralia/2523012764/2025_H1N1,plate21-A/SouthAustralia/2523012764/2025_H1N1,2575,0.9552,0.9552
seqneut25to26_sera_5002,A/SouthAustralia/2523012764/2025_H1N1,plate21-A/SouthAustralia/2523012764/2025_H1N1,5921,1.062,1
seqneut25to26_sera_5002,A/SouthAustralia/2523012764/2025_H1N1,plate21-A/SouthAustralia/2523012764/2025_H1N1,1.362e+04,0.9176,0.9176
seqneut25to26_sera_5002,A/SouthAustralia/2523812314/2025_H3N2,plate21-A/SouthAustralia/2523812314/2025_H3N2,40,0.02647,0.02647
seqneut25to26_sera_5002,A/SouthAustralia/2523812314/2025_H3N2,plate21-A/SouthAustralia/2523812314/2025_H3N2,92,0.1832,0.1832
seqneut25to26_sera_5002,A/SouthAustralia/2523812314/2025_H3N2,plate21-A/SouthAustralia/2523812314/2025_H3N2,212,0.2023,0.2023
seqneut25to26_sera_5002,A/SouthAustralia/2523812314/2025_H3N2,plate21-A/SouthAustralia/2523812314/2025_H3N2,487,0.3319,0.3319
seqneut25to26_sera_5002,A/SouthAustralia/2523812314/2025_H3N2,plate21-A/SouthAustralia/2523812314/2025_H3N2,1119,0.8317,0.8317
seqneut25to26_sera_5002,A/SouthAustralia/2523812314/2025_H3N2,plate21-A/SouthAustralia/2523812314/2025_H3N2,2575,0.8744,0.8744
seqneut25to26_sera_5002,A/SouthAustralia/2523812314/2025_H3N2,plate21-A/SouthAustralia/2523812314/2025_H3N2,5921,1.098,1
seqneut25to26_sera_5002,A/SouthAustralia/2523812314/2025_H3N2,plate21-A/SouthAustralia/2523812314/2025_H3N2,1.362e+04,1.625,1
seqneut25to26_sera_5002,A/SouthAustralia/2524408801/2025_H3N2,plate21-A/SouthAustralia/2524408801/2025_H3N2,40,0.01642,0.01642
seqneut25to26_sera_5002,A/SouthAustralia/2524408801/2025_H3N2,plate21-A/SouthAustralia/2524408801/2025_H3N2,92,0.04826,0.04826
seqneut25to26_sera_5002,A/SouthAustralia/2524408801/2025_H3N2,plate21-A/SouthAustralia/2524408801/2025_H3N2,212,0.1984,0.1984
seqneut25to26_sera_5002,A/SouthAustralia/2524408801/2025_H3N2,plate21-A/SouthAustralia/2524408801/2025_H3N2,487,0.4488,0.4488
seqneut25to26_sera_5002,A/SouthAustralia/2524408801/2025_H3N2,plate21-A/SouthAustralia/2524408801/2025_H3N2,1119,1.211,1
seqneut25to26_sera_5002,A/SouthAustralia/2524408801/2025_H3N2,plate21-A/SouthAustralia/2524408801/2025_H3N2,2575,0.9883,0.9883
seqneut25to26_sera_5002,A/SouthAustralia/2524408801/2025_H3N2,plate21-A/SouthAustralia/2524408801/2025_H3N2,5921,1.28,1
seqneut25to26_sera_5002,A/SouthAustralia/2524408801/2025_H3N2,plate21-A/SouthAustralia/2524408801/2025_H3N2,1.362e+04,1.3,1
seqneut25to26_sera_5002,A/SouthAustralia/2524712956/2025_H1N1,plate21-A/SouthAustralia/2524712956/2025_H1N1,40,0.002577,0.002577
seqneut25to26_sera_5002,A/SouthAustralia/2524712956/2025_H1N1,plate21-A/SouthAustralia/2524712956/2025_H1N1,92,0.02267,0.02267
seqneut25to26_sera_5002,A/SouthAustralia/2524712956/2025_H1N1,plate21-A/SouthAustralia/2524712956/2025_H1N1,212,0.1767,0.1767
seqneut25to26_sera_5002,A/SouthAustralia/2524712956/2025_H1N1,plate21-A/SouthAustralia/2524712956/2025_H1N1,487,0.4057,0.4057
seqneut25to26_sera_5002,A/SouthAustralia/2524712956/2025_H1N1,plate21-A/SouthAustralia/2524712956/2025_H1N1,1119,0.7459,0.7459
seqneut25to26_sera_5002,A/SouthAustralia/2524712956/2025_H1N1,plate21-A/SouthAustralia/2524712956/2025_H1N1,2575,1.075,1
seqneut25to26_sera_5002,A/SouthAustralia/2524712956/2025_H1N1,plate21-A/SouthAustralia/2524712956/2025_H1N1,5921,1.099,1
seqneut25to26_sera_5002,A/SouthAustralia/2524712956/2025_H1N1,plate21-A/SouthAustralia/2524712956/2025_H1N1,1.362e+04,1.258,1
seqneut25to26_sera_5002,A/SouthAustralia/2525607496/2025_H3N2,plate21-A/SouthAustralia/2525607496/2025_H3N2,40,0.0007563,0.0007563
seqneut25to26_sera_5002,A/SouthAustralia/2525607496/2025_H3N2,plate21-A/SouthAustralia/2525607496/2025_H3N2,92,0.002291,0.002291
seqneut25to26_sera_5002,A/SouthAustralia/2525607496/2025_H3N2,plate21-A/SouthAustralia/2525607496/2025_H3N2,212,0.1071,0.1071
seqneut25to26_sera_5002,A/SouthAustralia/2525607496/2025_H3N2,plate21-A/SouthAustralia/2525607496/2025_H3N2,487,0.3233,0.3233
seqneut25to26_sera_5002,A/SouthAustralia/2525607496/2025_H3N2,plate21-A/SouthAustralia/2525607496/2025_H3N2,1119,0.9125,0.9125
seqneut25to26_sera_5002,A/SouthAustralia/2525607496/2025_H3N2,plate21-A/SouthAustralia/2525607496/2025_H3N2,2575,0.8203,0.8203
seqneut25to26_sera_5002,A/SouthAustralia/2525607496/2025_H3N2,plate21-A/SouthAustralia/2525607496/2025_H3N2,5921,1.053,1
seqneut25to26_sera_5002,A/SouthAustralia/2525607496/2025_H3N2,plate21-A/SouthAustralia/2525607496/2025_H3N2,1.362e+04,1.156,1
seqneut25to26_sera_5002,A/SouthAustralia/2527003588/2025_H3N2,plate21-A/SouthAustralia/2527003588/2025_H3N2,40,0.06047,0.06047
seqneut25to26_sera_5002,A/SouthAustralia/2527003588/2025_H3N2,plate21-A/SouthAustralia/2527003588/2025_H3N2,92,0.09099,0.09099
seqneut25to26_sera_5002,A/SouthAustralia/2527003588/2025_H3N2,plate21-A/SouthAustralia/2527003588/2025_H3N2,212,0.3216,0.3216
seqneut25to26_sera_5002,A/SouthAustralia/2527003588/2025_H3N2,plate21-A/SouthAustralia/2527003588/2025_H3N2,487,0.5527,0.5527
seqneut25to26_sera_5002,A/SouthAustralia/2527003588/2025_H3N2,plate21-A/SouthAustralia/2527003588/2025_H3N2,1119,1.175,1
seqneut25to26_sera_5002,A/SouthAustralia/2527003588/2025_H3N2,plate21-A/SouthAustralia/2527003588/2025_H3N2,2575,0.7667,0.7667
seqneut25to26_sera_5002,A/SouthAustralia/2527003588/2025_H3N2,plate21-A/SouthAustralia/2527003588/2025_H3N2,5921,1.294,1
seqneut25to26_sera_5002,A/SouthAustralia/2527003588/2025_H3N2,plate21-A/SouthAustralia/2527003588/2025_H3N2,1.362e+04,1.269,1
seqneut25to26_sera_5002,A/SouthAustralia/2527213276/2025_H3N2,plate21-A/SouthAustralia/2527213276/2025_H3N2,40,0.06009,0.06009
seqneut25to26_sera_5002,A/SouthAustralia/2527213276/2025_H3N2,plate21-A/SouthAustralia/2527213276/2025_H3N2,92,0.02224,0.02224
seqneut25to26_sera_5002,A/SouthAustralia/2527213276/2025_H3N2,plate21-A/SouthAustralia/2527213276/2025_H3N2,212,0.2111,0.2111
seqneut25to26_sera_5002,A/SouthAustralia/2527213276/2025_H3N2,plate21-A/SouthAustralia/2527213276/2025_H3N2,487,0.2523,0.2523
seqneut25to26_sera_5002,A/SouthAustralia/2527213276/2025_H3N2,plate21-A/SouthAustralia/2527213276/2025_H3N2,1119,0.6693,0.6693
seqneut25to26_sera_5002,A/SouthAustralia/2527213276/2025_H3N2,plate21-A/SouthAustralia/2527213276/2025_H3N2,2575,1.022,1
seqneut25to26_sera_5002,A/SouthAustralia/2527213276/2025_H3N2,plate21-A/SouthAustralia/2527213276/2025_H3N2,5921,0.7733,0.7733
seqneut25to26_sera_5002,A/SouthAustralia/2527213276/2025_H3N2,plate21-A/SouthAustralia/2527213276/2025_H3N2,1.362e+04,1.203,1
seqneut25to26_sera_5002,A/SouthAustralia/2527612456/2025_H1N1,plate21-A/SouthAustralia/2527612456/2025_H1N1,40,0.003323,0.003323
seqneut25to26_sera_5002,A/SouthAustralia/2527612456/2025_H1N1,plate21-A/SouthAustralia/2527612456/2025_H1N1,92,0.1041,0.1041
seqneut25to26_sera_5002,A/SouthAustralia/2527612456/2025_H1N1,plate21-A/SouthAustralia/2527612456/2025_H1N1,212,0.3756,0.3756
seqneut25to26_sera_5002,A/SouthAustralia/2527612456/2025_H1N1,plate21-A/SouthAustralia/2527612456/2025_H1N1,487,0.5778,0.5778
seqneut25to26_sera_5002,A/SouthAustralia/2527612456/2025_H1N1,plate21-A/SouthAustralia/2527612456/2025_H1N1,1119,0.8909,0.8909
seqneut25to26_sera_5002,A/SouthAustralia/2527612456/2025_H1N1,plate21-A/SouthAustralia/2527612456/2025_H1N1,2575,1.324,1
seqneut25to26_sera_5002,A/SouthAustralia/2527612456/2025_H1N1,plate21-A/SouthAustralia/2527612456/2025_H1N1,5921,1.171,1
seqneut25to26_sera_5002,A/SouthAustralia/2527612456/2025_H1N1,plate21-A/SouthAustralia/2527612456/2025_H1N1,1.362e+04,1.606,1
seqneut25to26_sera_5002,A/SouthAustralia/2527902708/2025_H3N2,plate21-A/SouthAustralia/2527902708/2025_H3N2,40,0.01957,0.01957
seqneut25to26_sera_5002,A/SouthAustralia/2527902708/2025_H3N2,plate21-A/SouthAustralia/2527902708/2025_H3N2,92,0.2147,0.2147
seqneut25to26_sera_5002,A/SouthAustralia/2527902708/2025_H3N2,plate21-A/SouthAustralia/2527902708/2025_H3N2,212,0.34,0.34
seqneut25to26_sera_5002,A/SouthAustralia/2527902708/2025_H3N2,plate21-A/SouthAustralia/2527902708/2025_H3N2,487,1.178,1
seqneut25to26_sera_5002,A/SouthAustralia/2527902708/2025_H3N2,plate21-A/SouthAustralia/2527902708/2025_H3N2,1119,1.259,1
seqneut25to26_sera_5002,A/SouthAustralia/2527902708/2025_H3N2,plate21-A/SouthAustralia/2527902708/2025_H3N2,2575,1.259,1
seqneut25to26_sera_5002,A/SouthAustralia/2527902708/2025_H3N2,plate21-A/SouthAustralia/2527902708/2025_H3N2,5921,1.129,1
seqneut25to26_sera_5002,A/SouthAustralia/2527902708/2025_H3N2,plate21-A/SouthAustralia/2527902708/2025_H3N2,1.362e+04,1.335,1
seqneut25to26_sera_5002,A/Sydney/1359/2024_H3N2,plate21-A/Sydney/1359/2024_H3N2,40,0.01412,0.01412
seqneut25to26_sera_5002,A/Sydney/1359/2024_H3N2,plate21-A/Sydney/1359/2024_H3N2,92,0.01505,0.01505
seqneut25to26_sera_5002,A/Sydney/1359/2024_H3N2,plate21-A/Sydney/1359/2024_H3N2,212,0.06469,0.06469
seqneut25to26_sera_5002,A/Sydney/1359/2024_H3N2,plate21-A/Sydney/1359/2024_H3N2,487,0.295,0.295
seqneut25to26_sera_5002,A/Sydney/1359/2024_H3N2,plate21-A/Sydney/1359/2024_H3N2,1119,0.5074,0.5074
seqneut25to26_sera_5002,A/Sydney/1359/2024_H3N2,plate21-A/Sydney/1359/2024_H3N2,2575,0.6473,0.6473
seqneut25to26_sera_5002,A/Sydney/1359/2024_H3N2,plate21-A/Sydney/1359/2024_H3N2,5921,0.7789,0.7789
seqneut25to26_sera_5002,A/Sydney/1359/2024_H3N2,plate21-A/Sydney/1359/2024_H3N2,1.362e+04,1.073,1
seqneut25to26_sera_5002,A/Sydney/400/2025_H1N1,plate21-A/Sydney/400/2025_H1N1,40,0.01094,0.01094
seqneut25to26_sera_5002,A/Sydney/400/2025_H1N1,plate21-A/Sydney/400/2025_H1N1,92,0.09047,0.09047
seqneut25to26_sera_5002,A/Sydney/400/2025_H1N1,plate21-A/Sydney/400/2025_H1N1,212,0.246,0.246
seqneut25to26_sera_5002,A/Sydney/400/2025_H1N1,plate21-A/Sydney/400/2025_H1N1,487,0.6673,0.6673
seqneut25to26_sera_5002,A/Sydney/400/2025_H1N1,plate21-A/Sydney/400/2025_H1N1,1119,1.058,1
seqneut25to26_sera_5002,A/Sydney/400/2025_H1N1,plate21-A/Sydney/400/2025_H1N1,2575,0.9109,0.9109
seqneut25to26_sera_5002,A/Sydney/400/2025_H1N1,plate21-A/Sydney/400/2025_H1N1,5921,1.185,1
seqneut25to26_sera_5002,A/Sydney/400/2025_H1N1,plate21-A/Sydney/400/2025_H1N1,1.362e+04,1.787,1
seqneut25to26_sera_5002,A/Tasmania/2521815682/2025_H3N2,plate21-A/Tasmania/2521815682/2025_H3N2,40,0.04245,0.04245
seqneut25to26_sera_5002,A/Tasmania/2521815682/2025_H3N2,plate21-A/Tasmania/2521815682/2025_H3N2,92,0.1263,0.1263
seqneut25to26_sera_5002,A/Tasmania/2521815682/2025_H3N2,plate21-A/Tasmania/2521815682/2025_H3N2,212,0.3418,0.3418
seqneut25to26_sera_5002,A/Tasmania/2521815682/2025_H3N2,plate21-A/Tasmania/2521815682/2025_H3N2,487,0.506,0.506
seqneut25to26_sera_5002,A/Tasmania/2521815682/2025_H3N2,plate21-A/Tasmania/2521815682/2025_H3N2,1119,0.6861,0.6861
seqneut25to26_sera_5002,A/Tasmania/2521815682/2025_H3N2,plate21-A/Tasmania/2521815682/2025_H3N2,2575,0.8289,0.8289
seqneut25to26_sera_5002,A/Tasmania/2521815682/2025_H3N2,plate21-A/Tasmania/2521815682/2025_H3N2,5921,1.297,1
seqneut25to26_sera_5002,A/Tasmania/2521815682/2025_H3N2,plate21-A/Tasmania/2521815682/2025_H3N2,1.362e+04,1.223,1
seqneut25to26_sera_5002,A/Thailand/8/2022_H3N2,plate21-A/Thailand/8/2022_H3N2,40,0.002779,0.002779
seqneut25to26_sera_5002,A/Thailand/8/2022_H3N2,plate21-A/Thailand/8/2022_H3N2,92,0.05408,0.05408
seqneut25to26_sera_5002,A/Thailand/8/2022_H3N2,plate21-A/Thailand/8/2022_H3N2,212,0.3548,0.3548
seqneut25to26_sera_5002,A/Thailand/8/2022_H3N2,plate21-A/Thailand/8/2022_H3N2,487,0.263,0.263
seqneut25to26_sera_5002,A/Thailand/8/2022_H3N2,plate21-A/Thailand/8/2022_H3N2,1119,1.41,1
seqneut25to26_sera_5002,A/Thailand/8/2022_H3N2,plate21-A/Thailand/8/2022_H3N2,2575,0.7554,0.7554
seqneut25to26_sera_5002,A/Thailand/8/2022_H3N2,plate21-A/Thailand/8/2022_H3N2,5921,0.8162,0.8162
seqneut25to26_sera_5002,A/Thailand/8/2022_H3N2,plate21-A/Thailand/8/2022_H3N2,1.362e+04,1.278,1
seqneut25to26_sera_5002,A/Vermont/73/2025_H3N2,plate21-A/Vermont/73/2025_H3N2,40,0.01193,0.01193
seqneut25to26_sera_5002,A/Vermont/73/2025_H3N2,plate21-A/Vermont/73/2025_H3N2,92,0.08114,0.08114
seqneut25to26_sera_5002,A/Vermont/73/2025_H3N2,plate21-A/Vermont/73/2025_H3N2,212,0.4202,0.4202
seqneut25to26_sera_5002,A/Vermont/73/2025_H3N2,plate21-A/Vermont/73/2025_H3N2,487,0.5773,0.5773
seqneut25to26_sera_5002,A/Vermont/73/2025_H3N2,plate21-A/Vermont/73/2025_H3N2,1119,0.707,0.707
seqneut25to26_sera_5002,A/Vermont/73/2025_H3N2,plate21-A/Vermont/73/2025_H3N2,2575,1.251,1
seqneut25to26_sera_5002,A/Vermont/73/2025_H3N2,plate21-A/Vermont/73/2025_H3N2,5921,0.9895,0.9895
seqneut25to26_sera_5002,A/Vermont/73/2025_H3N2,plate21-A/Vermont/73/2025_H3N2,1.362e+04,1.138,1
seqneut25to26_sera_5002,A/Victoria/4897/2022_IVR-238_H1N1,plate21-A/Victoria/4897/2022_IVR-238_H1N1,40,0,0
seqneut25to26_sera_5002,A/Victoria/4897/2022_IVR-238_H1N1,plate21-A/Victoria/4897/2022_IVR-238_H1N1,92,0,0
seqneut25to26_sera_5002,A/Victoria/4897/2022_IVR-238_H1N1,plate21-A/Victoria/4897/2022_IVR-238_H1N1,212,0,0
seqneut25to26_sera_5002,A/Victoria/4897/2022_IVR-238_H1N1,plate21-A/Victoria/4897/2022_IVR-238_H1N1,487,0.007149,0.007149
seqneut25to26_sera_5002,A/Victoria/4897/2022_IVR-238_H1N1,plate21-A/Victoria/4897/2022_IVR-238_H1N1,1119,0.06776,0.06776
seqneut25to26_sera_5002,A/Victoria/4897/2022_IVR-238_H1N1,plate21-A/Victoria/4897/2022_IVR-238_H1N1,2575,0.3287,0.3287
seqneut25to26_sera_5002,A/Victoria/4897/2022_IVR-238_H1N1,plate21-A/Victoria/4897/2022_IVR-238_H1N1,5921,0.8145,0.8145
seqneut25to26_sera_5002,A/Victoria/4897/2022_IVR-238_H1N1,plate21-A/Victoria/4897/2022_IVR-238_H1N1,1.362e+04,1.11,1
seqneut25to26_sera_5002,A/Wisconsin/588/2019_H1N1,plate21-A/Wisconsin/588/2019_H1N1,40,0.0002096,0.0002096
seqneut25to26_sera_5002,A/Wisconsin/588/2019_H1N1,plate21-A/Wisconsin/588/2019_H1N1,92,0.0008024,0.0008024
seqneut25to26_sera_5002,A/Wisconsin/588/2019_H1N1,plate21-A/Wisconsin/588/2019_H1N1,212,0.029,0.029
seqneut25to26_sera_5002,A/Wisconsin/588/2019_H1N1,plate21-A/Wisconsin/588/2019_H1N1,487,0.2158,0.2158
seqneut25to26_sera_5002,A/Wisconsin/588/2019_H1N1,plate21-A/Wisconsin/588/2019_H1N1,1119,0.9558,0.9558
seqneut25to26_sera_5002,A/Wisconsin/588/2019_H1N1,plate21-A/Wisconsin/588/2019_H1N1,2575,0.9653,0.9653
seqneut25to26_sera_5002,A/Wisconsin/588/2019_H1N1,plate21-A/Wisconsin/588/2019_H1N1,5921,1.126,1
seqneut25to26_sera_5002,A/Wisconsin/588/2019_H1N1,plate21-A/Wisconsin/588/2019_H1N1,1.362e+04,1.427,1
seqneut25to26_sera_5002,A/Wisconsin/67/2022_H1N1,plate21-A/Wisconsin/67/2022_H1N1,40,0.0002693,0.0002693
seqneut25to26_sera_5002,A/Wisconsin/67/2022_H1N1,plate21-A/Wisconsin/67/2022_H1N1,92,0.003228,0.003228
seqneut25to26_sera_5002,A/Wisconsin/67/2022_H1N1,plate21-A/Wisconsin/67/2022_H1N1,212,0.1445,0.1445
seqneut25to26_sera_5002,A/Wisconsin/67/2022_H1N1,plate21-A/Wisconsin/67/2022_H1N1,487,0.4145,0.4145
seqneut25to26_sera_5002,A/Wisconsin/67/2022_H1N1,plate21-A/Wisconsin/67/2022_H1N1,1119,0.8619,0.8619
seqneut25to26_sera_5002,A/Wisconsin/67/2022_H1N1,plate21-A/Wisconsin/67/2022_H1N1,2575,0.8566,0.8566
seqneut25to26_sera_5002,A/Wisconsin/67/2022_H1N1,plate21-A/Wisconsin/67/2022_H1N1,5921,1.05,1
seqneut25to26_sera_5002,A/Wisconsin/67/2022_H1N1,plate21-A/Wisconsin/67/2022_H1N1,1.362e+04,1.202,1
seqneut25to26_sera_5002,A/Zacapa/FLU-261/2025_H1N1,plate21-A/Zacapa/FLU-261/2025_H1N1,40,0.003712,0.003712
seqneut25to26_sera_5002,A/Zacapa/FLU-261/2025_H1N1,plate21-A/Zacapa/FLU-261/2025_H1N1,92,0.03086,0.03086
seqneut25to26_sera_5002,A/Zacapa/FLU-261/2025_H1N1,plate21-A/Zacapa/FLU-261/2025_H1N1,212,0.3137,0.3137
seqneut25to26_sera_5002,A/Zacapa/FLU-261/2025_H1N1,plate21-A/Zacapa/FLU-261/2025_H1N1,487,0.4771,0.4771
seqneut25to26_sera_5002,A/Zacapa/FLU-261/2025_H1N1,plate21-A/Zacapa/FLU-261/2025_H1N1,1119,0.949,0.949
seqneut25to26_sera_5002,A/Zacapa/FLU-261/2025_H1N1,plate21-A/Zacapa/FLU-261/2025_H1N1,2575,0.8276,0.8276
seqneut25to26_sera_5002,A/Zacapa/FLU-261/2025_H1N1,plate21-A/Zacapa/FLU-261/2025_H1N1,5921,1.227,1
seqneut25to26_sera_5002,A/Zacapa/FLU-261/2025_H1N1,plate21-A/Zacapa/FLU-261/2025_H1N1,1.362e+04,1.273,1
seqneut25to26_sera_5003,A/Alagoas/4130/2025_H3N2,plate21-A/Alagoas/4130/2025_H3N2,40,0.09678,0.09678
seqneut25to26_sera_5003,A/Alagoas/4130/2025_H3N2,plate21-A/Alagoas/4130/2025_H3N2,92,0.139,0.139
seqneut25to26_sera_5003,A/Alagoas/4130/2025_H3N2,plate21-A/Alagoas/4130/2025_H3N2,212,0.2916,0.2916
seqneut25to26_sera_5003,A/Alagoas/4130/2025_H3N2,plate21-A/Alagoas/4130/2025_H3N2,487,0.5307,0.5307
seqneut25to26_sera_5003,A/Alagoas/4130/2025_H3N2,plate21-A/Alagoas/4130/2025_H3N2,1119,0.7529,0.7529
seqneut25to26_sera_5003,A/Alagoas/4130/2025_H3N2,plate21-A/Alagoas/4130/2025_H3N2,2575,0.9769,0.9769
seqneut25to26_sera_5003,A/Alagoas/4130/2025_H3N2,plate21-A/Alagoas/4130/2025_H3N2,5921,0.7953,0.7953
seqneut25to26_sera_5003,A/Alagoas/4130/2025_H3N2,plate21-A/Alagoas/4130/2025_H3N2,1.362e+04,1.171,1
seqneut25to26_sera_5003,A/Anapolis/LEIAL6543/2025_H3N2,plate21-A/Anapolis/LEIAL6543/2025_H3N2,40,0.02869,0.02869
seqneut25to26_sera_5003,A/Anapolis/LEIAL6543/2025_H3N2,plate21-A/Anapolis/LEIAL6543/2025_H3N2,92,0.2616,0.2616
seqneut25to26_sera_5003,A/Anapolis/LEIAL6543/2025_H3N2,plate21-A/Anapolis/LEIAL6543/2025_H3N2,212,0.4028,0.4028
seqneut25to26_sera_5003,A/Anapolis/LEIAL6543/2025_H3N2,plate21-A/Anapolis/LEIAL6543/2025_H3N2,487,0.45,0.45
seqneut25to26_sera_5003,A/Anapolis/LEIAL6543/2025_H3N2,plate21-A/Anapolis/LEIAL6543/2025_H3N2,1119,0.7616,0.7616
seqneut25to26_sera_5003,A/Anapolis/LEIAL6543/2025_H3N2,plate21-A/Anapolis/LEIAL6543/2025_H3N2,2575,0.954,0.954
seqneut25to26_sera_5003,A/Anapolis/LEIAL6543/2025_H3N2,plate21-A/Anapolis/LEIAL6543/2025_H3N2,5921,0.8304,0.8304
seqneut25to26_sera_5003,A/Anapolis/LEIAL6543/2025_H3N2,plate21-A/Anapolis/LEIAL6543/2025_H3N2,1.362e+04,0.882,0.882
seqneut25to26_sera_5003,A/Andalucia/PMC-00977/2025_H1N1,plate21-A/Andalucia/PMC-00977/2025_H1N1,40,0.002115,0.002115
seqneut25to26_sera_5003,A/Andalucia/PMC-00977/2025_H1N1,plate21-A/Andalucia/PMC-00977/2025_H1N1,92,0.00949,0.00949
seqneut25to26_sera_5003,A/Andalucia/PMC-00977/2025_H1N1,plate21-A/Andalucia/PMC-00977/2025_H1N1,212,0.05929,0.05929
seqneut25to26_sera_5003,A/Andalucia/PMC-00977/2025_H1N1,plate21-A/Andalucia/PMC-00977/2025_H1N1,487,0.2409,0.2409
seqneut25to26_sera_5003,A/Andalucia/PMC-00977/2025_H1N1,plate21-A/Andalucia/PMC-00977/2025_H1N1,1119,0.8918,0.8918
seqneut25to26_sera_5003,A/Andalucia/PMC-00977/2025_H1N1,plate21-A/Andalucia/PMC-00977/2025_H1N1,2575,0.9463,0.9463
seqneut25to26_sera_5003,A/Andalucia/PMC-00977/2025_H1N1,plate21-A/Andalucia/PMC-00977/2025_H1N1,5921,1.063,1
seqneut25to26_sera_5003,A/Andalucia/PMC-00977/2025_H1N1,plate21-A/Andalucia/PMC-00977/2025_H1N1,1.362e+04,1.238,1
seqneut25to26_sera_5003,A/Aragon/2046/2025_H1N1,plate21-A/Aragon/2046/2025_H1N1,40,0.001724,0.001724
seqneut25to26_sera_5003,A/Aragon/2046/2025_H1N1,plate21-A/Aragon/2046/2025_H1N1,92,0.006601,0.006601
seqneut25to26_sera_5003,A/Aragon/2046/2025_H1N1,plate21-A/Aragon/2046/2025_H1N1,212,0.04932,0.04932
seqneut25to26_sera_5003,A/Aragon/2046/2025_H1N1,plate21-A/Aragon/2046/2025_H1N1,487,0.2031,0.2031
seqneut25to26_sera_5003,A/Aragon/2046/2025_H1N1,plate21-A/Aragon/2046/2025_H1N1,1119,0.8612,0.8612
seqneut25to26_sera_5003,A/Aragon/2046/2025_H1N1,plate21-A/Aragon/2046/2025_H1N1,2575,1.186,1
seqneut25to26_sera_5003,A/Aragon/2046/2025_H1N1,plate21-A/Aragon/2046/2025_H1N1,5921,0.8856,0.8856
seqneut25to26_sera_5003,A/Aragon/2046/2025_H1N1,plate21-A/Aragon/2046/2025_H1N1,1.362e+04,1.209,1
seqneut25to26_sera_5003,A/Arica/59150/2025_H3N2,plate21-A/Arica/59150/2025_H3N2,40,0.007622,0.007622
seqneut25to26_sera_5003,A/Arica/59150/2025_H3N2,plate21-A/Arica/59150/2025_H3N2,92,0.3187,0.3187
seqneut25to26_sera_5003,A/Arica/59150/2025_H3N2,plate21-A/Arica/59150/2025_H3N2,212,0.5207,0.5207
seqneut25to26_sera_5003,A/Arica/59150/2025_H3N2,plate21-A/Arica/59150/2025_H3N2,487,0.6948,0.6948
seqneut25to26_sera_5003,A/Arica/59150/2025_H3N2,plate21-A/Arica/59150/2025_H3N2,1119,0.8982,0.8982
seqneut25to26_sera_5003,A/Arica/59150/2025_H3N2,plate21-A/Arica/59150/2025_H3N2,2575,0.9134,0.9134
seqneut25to26_sera_5003,A/Arica/59150/2025_H3N2,plate21-A/Arica/59150/2025_H3N2,5921,0.8817,0.8817
seqneut25to26_sera_5003,A/Arica/59150/2025_H3N2,plate21-A/Arica/59150/2025_H3N2,1.362e+04,1.429,1
seqneut25to26_sera_5003,A/Bahia/3102/2025_H3N2,plate21-A/Bahia/3102/2025_H3N2,40,0.03028,0.03028
seqneut25to26_sera_5003,A/Bahia/3102/2025_H3N2,plate21-A/Bahia/3102/2025_H3N2,92,0.1059,0.1059
seqneut25to26_sera_5003,A/Bahia/3102/2025_H3N2,plate21-A/Bahia/3102/2025_H3N2,212,0.3458,0.3458
seqneut25to26_sera_5003,A/Bahia/3102/2025_H3N2,plate21-A/Bahia/3102/2025_H3N2,487,0.5618,0.5618
seqneut25to26_sera_5003,A/Bahia/3102/2025_H3N2,plate21-A/Bahia/3102/2025_H3N2,1119,0.6938,0.6938
seqneut25to26_sera_5003,A/Bahia/3102/2025_H3N2,plate21-A/Bahia/3102/2025_H3N2,2575,0.8349,0.8349
seqneut25to26_sera_5003,A/Bahia/3102/2025_H3N2,plate21-A/Bahia/3102/2025_H3N2,5921,1.039,1
seqneut25to26_sera_5003,A/Bahia/3102/2025_H3N2,plate21-A/Bahia/3102/2025_H3N2,1.362e+04,1.181,1
seqneut25to26_sera_5003,A/Bangkok/1803/2025_H1N1,plate21-A/Bangkok/1803/2025_H1N1,40,0.00244,0.00244
seqneut25to26_sera_5003,A/Bangkok/1803/2025_H1N1,plate21-A/Bangkok/1803/2025_H1N1,92,0.01034,0.01034
seqneut25to26_sera_5003,A/Bangkok/1803/2025_H1N1,plate21-A/Bangkok/1803/2025_H1N1,212,0.109,0.109
seqneut25to26_sera_5003,A/Bangkok/1803/2025_H1N1,plate21-A/Bangkok/1803/2025_H1N1,487,0.6809,0.6809
seqneut25to26_sera_5003,A/Bangkok/1803/2025_H1N1,plate21-A/Bangkok/1803/2025_H1N1,1119,0.9697,0.9697
seqneut25to26_sera_5003,A/Bangkok/1803/2025_H1N1,plate21-A/Bangkok/1803/2025_H1N1,2575,1.163,1
seqneut25to26_sera_5003,A/Bangkok/1803/2025_H1N1,plate21-A/Bangkok/1803/2025_H1N1,5921,1.263,1
seqneut25to26_sera_5003,A/Bangkok/1803/2025_H1N1,plate21-A/Bangkok/1803/2025_H1N1,1.362e+04,1.293,1
seqneut25to26_sera_5003,A/Bangkok/P2229/2025_H1N1,plate21-A/Bangkok/P2229/2025_H1N1,40,0.002584,0.002584
seqneut25to26_sera_5003,A/Bangkok/P2229/2025_H1N1,plate21-A/Bangkok/P2229/2025_H1N1,92,0.02321,0.02321
seqneut25to26_sera_5003,A/Bangkok/P2229/2025_H1N1,plate21-A/Bangkok/P2229/2025_H1N1,212,0.05401,0.05401
seqneut25to26_sera_5003,A/Bangkok/P2229/2025_H1N1,plate21-A/Bangkok/P2229/2025_H1N1,487,0.3088,0.3088
seqneut25to26_sera_5003,A/Bangkok/P2229/2025_H1N1,plate21-A/Bangkok/P2229/2025_H1N1,1119,0.7227,0.7227
seqneut25to26_sera_5003,A/Bangkok/P2229/2025_H1N1,plate21-A/Bangkok/P2229/2025_H1N1,2575,0.9741,0.9741
seqneut25to26_sera_5003,A/Bangkok/P2229/2025_H1N1,plate21-A/Bangkok/P2229/2025_H1N1,5921,1.064,1
seqneut25to26_sera_5003,A/Bangkok/P2229/2025_H1N1,plate21-A/Bangkok/P2229/2025_H1N1,1.362e+04,1.082,1
seqneut25to26_sera_5003,A/Bangkok/P2323/2025_H3N2,plate21-A/Bangkok/P2323/2025_H3N2,40,0.08622,0.08622
seqneut25to26_sera_5003,A/Bangkok/P2323/2025_H3N2,plate21-A/Bangkok/P2323/2025_H3N2,92,0.2448,0.2448
seqneut25to26_sera_5003,A/Bangkok/P2323/2025_H3N2,plate21-A/Bangkok/P2323/2025_H3N2,212,0.5153,0.5153
seqneut25to26_sera_5003,A/Bangkok/P2323/2025_H3N2,plate21-A/Bangkok/P2323/2025_H3N2,487,0.6904,0.6904
seqneut25to26_sera_5003,A/Bangkok/P2323/2025_H3N2,plate21-A/Bangkok/P2323/2025_H3N2,1119,0.7203,0.7203
seqneut25to26_sera_5003,A/Bangkok/P2323/2025_H3N2,plate21-A/Bangkok/P2323/2025_H3N2,2575,0.9658,0.9658
seqneut25to26_sera_5003,A/Bangkok/P2323/2025_H3N2,plate21-A/Bangkok/P2323/2025_H3N2,5921,1.24,1
seqneut25to26_sera_5003,A/Bangkok/P2323/2025_H3N2,plate21-A/Bangkok/P2323/2025_H3N2,1.362e+04,1.303,1
seqneut25to26_sera_5003,A/Bangkok/P2390/2025_H3N2,plate21-A/Bangkok/P2390/2025_H3N2,40,0.08949,0.08949
seqneut25to26_sera_5003,A/Bangkok/P2390/2025_H3N2,plate21-A/Bangkok/P2390/2025_H3N2,92,0.2233,0.2233
seqneut25to26_sera_5003,A/Bangkok/P2390/2025_H3N2,plate21-A/Bangkok/P2390/2025_H3N2,212,0.555,0.555
seqneut25to26_sera_5003,A/Bangkok/P2390/2025_H3N2,plate21-A/Bangkok/P2390/2025_H3N2,487,0.6533,0.6533
seqneut25to26_sera_5003,A/Bangkok/P2390/2025_H3N2,plate21-A/Bangkok/P2390/2025_H3N2,1119,0.7467,0.7467
seqneut25to26_sera_5003,A/Bangkok/P2390/2025_H3N2,plate21-A/Bangkok/P2390/2025_H3N2,2575,0.838,0.838
seqneut25to26_sera_5003,A/Bangkok/P2390/2025_H3N2,plate21-A/Bangkok/P2390/2025_H3N2,5921,0.9944,0.9944
seqneut25to26_sera_5003,A/Bangkok/P2390/2025_H3N2,plate21-A/Bangkok/P2390/2025_H3N2,1.362e+04,1.088,1
seqneut25to26_sera_5003,A/Bangkok/P2391/2025_H3N2,plate21-A/Bangkok/P2391/2025_H3N2,40,0.1466,0.1466
seqneut25to26_sera_5003,A/Bangkok/P2391/2025_H3N2,plate21-A/Bangkok/P2391/2025_H3N2,92,0.1967,0.1967
seqneut25to26_sera_5003,A/Bangkok/P2391/2025_H3N2,plate21-A/Bangkok/P2391/2025_H3N2,212,0.3703,0.3703
seqneut25to26_sera_5003,A/Bangkok/P2391/2025_H3N2,plate21-A/Bangkok/P2391/2025_H3N2,487,0.6956,0.6956
seqneut25to26_sera_5003,A/Bangkok/P2391/2025_H3N2,plate21-A/Bangkok/P2391/2025_H3N2,1119,0.6028,0.6028
seqneut25to26_sera_5003,A/Bangkok/P2391/2025_H3N2,plate21-A/Bangkok/P2391/2025_H3N2,2575,0.8808,0.8808
seqneut25to26_sera_5003,A/Bangkok/P2391/2025_H3N2,plate21-A/Bangkok/P2391/2025_H3N2,5921,1.249,1
seqneut25to26_sera_5003,A/Bangkok/P2391/2025_H3N2,plate21-A/Bangkok/P2391/2025_H3N2,1.362e+04,0.6228,0.6228
seqneut25to26_sera_5003,A/Bangkok/P2572/2025_H3N2,plate21-A/Bangkok/P2572/2025_H3N2,40,0.1384,0.1384
seqneut25to26_sera_5003,A/Bangkok/P2572/2025_H3N2,plate21-A/Bangkok/P2572/2025_H3N2,92,0.4421,0.4421
seqneut25to26_sera_5003,A/Bangkok/P2572/2025_H3N2,plate21-A/Bangkok/P2572/2025_H3N2,212,0.3496,0.3496
seqneut25to26_sera_5003,A/Bangkok/P2572/2025_H3N2,plate21-A/Bangkok/P2572/2025_H3N2,487,0.639,0.639
seqneut25to26_sera_5003,A/Bangkok/P2572/2025_H3N2,plate21-A/Bangkok/P2572/2025_H3N2,1119,0.7194,0.7194
seqneut25to26_sera_5003,A/Bangkok/P2572/2025_H3N2,plate21-A/Bangkok/P2572/2025_H3N2,2575,0.8876,0.8876
seqneut25to26_sera_5003,A/Bangkok/P2572/2025_H3N2,plate21-A/Bangkok/P2572/2025_H3N2,5921,1.012,1
seqneut25to26_sera_5003,A/Bangkok/P2572/2025_H3N2,plate21-A/Bangkok/P2572/2025_H3N2,1.362e+04,1.135,1
seqneut25to26_sera_5003,A/Bangkok/P2921/2025_H3N2,plate21-A/Bangkok/P2921/2025_H3N2,40,0.04387,0.04387
seqneut25to26_sera_5003,A/Bangkok/P2921/2025_H3N2,plate21-A/Bangkok/P2921/2025_H3N2,92,0.3207,0.3207
seqneut25to26_sera_5003,A/Bangkok/P2921/2025_H3N2,plate21-A/Bangkok/P2921/2025_H3N2,212,0.4114,0.4114
seqneut25to26_sera_5003,A/Bangkok/P2921/2025_H3N2,plate21-A/Bangkok/P2921/2025_H3N2,487,0.5596,0.5596
seqneut25to26_sera_5003,A/Bangkok/P2921/2025_H3N2,plate21-A/Bangkok/P2921/2025_H3N2,1119,0.8193,0.8193
seqneut25to26_sera_5003,A/Bangkok/P2921/2025_H3N2,plate21-A/Bangkok/P2921/2025_H3N2,2575,0.9387,0.9387
seqneut25to26_sera_5003,A/Bangkok/P2921/2025_H3N2,plate21-A/Bangkok/P2921/2025_H3N2,5921,0.9027,0.9027
seqneut25to26_sera_5003,A/Bangkok/P2921/2025_H3N2,plate21-A/Bangkok/P2921/2025_H3N2,1.362e+04,1.008,1
seqneut25to26_sera_5003,A/Bangkok/P3067/2025_H1N1,plate21-A/Bangkok/P3067/2025_H1N1,40,0.001755,0.001755
seqneut25to26_sera_5003,A/Bangkok/P3067/2025_H1N1,plate21-A/Bangkok/P3067/2025_H1N1,92,0.02974,0.02974
seqneut25to26_sera_5003,A/Bangkok/P3067/2025_H1N1,plate21-A/Bangkok/P3067/2025_H1N1,212,0.05259,0.05259
seqneut25to26_sera_5003,A/Bangkok/P3067/2025_H1N1,plate21-A/Bangkok/P3067/2025_H1N1,487,0.3393,0.3393
seqneut25to26_sera_5003,A/Bangkok/P3067/2025_H1N1,plate21-A/Bangkok/P3067/2025_H1N1,1119,0.8049,0.8049
seqneut25to26_sera_5003,A/Bangkok/P3067/2025_H1N1,plate21-A/Bangkok/P3067/2025_H1N1,2575,1.032,1
seqneut25to26_sera_5003,A/Bangkok/P3067/2025_H1N1,plate21-A/Bangkok/P3067/2025_H1N1,5921,1.084,1
seqneut25to26_sera_5003,A/Bangkok/P3067/2025_H1N1,plate21-A/Bangkok/P3067/2025_H1N1,1.362e+04,1.526,1
seqneut25to26_sera_5003,A/Bangkok/P3263/2025_H3N2,plate21-A/Bangkok/P3263/2025_H3N2,40,0.05195,0.05195
seqneut25to26_sera_5003,A/Bangkok/P3263/2025_H3N2,plate21-A/Bangkok/P3263/2025_H3N2,92,0.1244,0.1244
seqneut25to26_sera_5003,A/Bangkok/P3263/2025_H3N2,plate21-A/Bangkok/P3263/2025_H3N2,212,0.388,0.388
seqneut25to26_sera_5003,A/Bangkok/P3263/2025_H3N2,plate21-A/Bangkok/P3263/2025_H3N2,487,0.7986,0.7986
seqneut25to26_sera_5003,A/Bangkok/P3263/2025_H3N2,plate21-A/Bangkok/P3263/2025_H3N2,1119,0.9381,0.9381
seqneut25to26_sera_5003,A/Bangkok/P3263/2025_H3N2,plate21-A/Bangkok/P3263/2025_H3N2,2575,0.9874,0.9874
seqneut25to26_sera_5003,A/Bangkok/P3263/2025_H3N2,plate21-A/Bangkok/P3263/2025_H3N2,5921,1.162,1
seqneut25to26_sera_5003,A/Bangkok/P3263/2025_H3N2,plate21-A/Bangkok/P3263/2025_H3N2,1.362e+04,1.031,1
seqneut25to26_sera_5003,A/Belgium/H0097/2025_H3N2,plate21-A/Belgium/H0097/2025_H3N2,40,0.05741,0.05741
seqneut25to26_sera_5003,A/Belgium/H0097/2025_H3N2,plate21-A/Belgium/H0097/2025_H3N2,92,0.3897,0.3897
seqneut25to26_sera_5003,A/Belgium/H0097/2025_H3N2,plate21-A/Belgium/H0097/2025_H3N2,212,0.8572,0.8572
seqneut25to26_sera_5003,A/Belgium/H0097/2025_H3N2,plate21-A/Belgium/H0097/2025_H3N2,487,0.7224,0.7224
seqneut25to26_sera_5003,A/Belgium/H0097/2025_H3N2,plate21-A/Belgium/H0097/2025_H3N2,1119,0.8531,0.8531
seqneut25to26_sera_5003,A/Belgium/H0097/2025_H3N2,plate21-A/Belgium/H0097/2025_H3N2,2575,1.184,1
seqneut25to26_sera_5003,A/Belgium/H0097/2025_H3N2,plate21-A/Belgium/H0097/2025_H3N2,5921,0.9114,0.9114
seqneut25to26_sera_5003,A/Belgium/H0097/2025_H3N2,plate21-A/Belgium/H0097/2025_H3N2,1.362e+04,1.379,1
seqneut25to26_sera_5003,A/Bhutan/1267/2025_H3N2,plate21-A/Bhutan/1267/2025_H3N2,40,0.02587,0.02587
seqneut25to26_sera_5003,A/Bhutan/1267/2025_H3N2,plate21-A/Bhutan/1267/2025_H3N2,92,0.1447,0.1447
seqneut25to26_sera_5003,A/Bhutan/1267/2025_H3N2,plate21-A/Bhutan/1267/2025_H3N2,212,0.3988,0.3988
seqneut25to26_sera_5003,A/Bhutan/1267/2025_H3N2,plate21-A/Bhutan/1267/2025_H3N2,487,0.7961,0.7961
seqneut25to26_sera_5003,A/Bhutan/1267/2025_H3N2,plate21-A/Bhutan/1267/2025_H3N2,1119,1.003,1
seqneut25to26_sera_5003,A/Bhutan/1267/2025_H3N2,plate21-A/Bhutan/1267/2025_H3N2,2575,0.7555,0.7555
seqneut25to26_sera_5003,A/Bhutan/1267/2025_H3N2,plate21-A/Bhutan/1267/2025_H3N2,5921,1.166,1
seqneut25to26_sera_5003,A/Bhutan/1267/2025_H3N2,plate21-A/Bhutan/1267/2025_H3N2,1.362e+04,0.9223,0.9223
seqneut25to26_sera_5003,A/Bhutan/7/2025_H3N2,plate21-A/Bhutan/7/2025_H3N2,40,0.005248,0.005248
seqneut25to26_sera_5003,A/Bhutan/7/2025_H3N2,plate21-A/Bhutan/7/2025_H3N2,92,0.341,0.341
seqneut25to26_sera_5003,A/Bhutan/7/2025_H3N2,plate21-A/Bhutan/7/2025_H3N2,212,0.211,0.211
seqneut25to26_sera_5003,A/Bhutan/7/2025_H3N2,plate21-A/Bhutan/7/2025_H3N2,487,0.8486,0.8486
seqneut25to26_sera_5003,A/Bhutan/7/2025_H3N2,plate21-A/Bhutan/7/2025_H3N2,1119,0.9989,0.9989
seqneut25to26_sera_5003,A/Bhutan/7/2025_H3N2,plate21-A/Bhutan/7/2025_H3N2,2575,0.9078,0.9078
seqneut25to26_sera_5003,A/Bhutan/7/2025_H3N2,plate21-A/Bhutan/7/2025_H3N2,5921,0.8403,0.8403
seqneut25to26_sera_5003,A/Bhutan/7/2025_H3N2,plate21-A/Bhutan/7/2025_H3N2,1.362e+04,0.7491,0.7491
seqneut25to26_sera_5003,A/BritishColumbia/PHL-2473/2025_H1N1,plate21-A/BritishColumbia/PHL-2473/2025_H1N1,40,0.004818,0.004818
seqneut25to26_sera_5003,A/BritishColumbia/PHL-2473/2025_H1N1,plate21-A/BritishColumbia/PHL-2473/2025_H1N1,92,0.01871,0.01871
seqneut25to26_sera_5003,A/BritishColumbia/PHL-2473/2025_H1N1,plate21-A/BritishColumbia/PHL-2473/2025_H1N1,212,0.07503,0.07503
seqneut25to26_sera_5003,A/BritishColumbia/PHL-2473/2025_H1N1,plate21-A/BritishColumbia/PHL-2473/2025_H1N1,487,0.2547,0.2547
seqneut25to26_sera_5003,A/BritishColumbia/PHL-2473/2025_H1N1,plate21-A/BritishColumbia/PHL-2473/2025_H1N1,1119,0.6935,0.6935
seqneut25to26_sera_5003,A/BritishColumbia/PHL-2473/2025_H1N1,plate21-A/BritishColumbia/PHL-2473/2025_H1N1,2575,1.063,1
seqneut25to26_sera_5003,A/BritishColumbia/PHL-2473/2025_H1N1,plate21-A/BritishColumbia/PHL-2473/2025_H1N1,5921,1.182,1
seqneut25to26_sera_5003,A/BritishColumbia/PHL-2473/2025_H1N1,plate21-A/BritishColumbia/PHL-2473/2025_H1N1,1.362e+04,1.062,1
seqneut25to26_sera_5003,A/California/61/2025_H3N2,plate21-A/California/61/2025_H3N2,40,0.06011,0.06011
seqneut25to26_sera_5003,A/California/61/2025_H3N2,plate21-A/California/61/2025_H3N2,92,0.3003,0.3003
seqneut25to26_sera_5003,A/California/61/2025_H3N2,plate21-A/California/61/2025_H3N2,212,0.4122,0.4122
seqneut25to26_sera_5003,A/California/61/2025_H3N2,plate21-A/California/61/2025_H3N2,487,0.5263,0.5263
seqneut25to26_sera_5003,A/California/61/2025_H3N2,plate21-A/California/61/2025_H3N2,1119,0.7768,0.7768
seqneut25to26_sera_5003,A/California/61/2025_H3N2,plate21-A/California/61/2025_H3N2,2575,1.034,1
seqneut25to26_sera_5003,A/California/61/2025_H3N2,plate21-A/California/61/2025_H3N2,5921,1.36,1
seqneut25to26_sera_5003,A/California/61/2025_H3N2,plate21-A/California/61/2025_H3N2,1.362e+04,1.134,1
seqneut25to26_sera_5003,A/California/63/2025_H1N1,plate21-A/California/63/2025_H1N1,40,0.002143,0.002143
seqneut25to26_sera_5003,A/California/63/2025_H1N1,plate21-A/California/63/2025_H1N1,92,0.005039,0.005039
seqneut25to26_sera_5003,A/California/63/2025_H1N1,plate21-A/California/63/2025_H1N1,212,0.03727,0.03727
seqneut25to26_sera_5003,A/California/63/2025_H1N1,plate21-A/California/63/2025_H1N1,487,0.3113,0.3113
seqneut25to26_sera_5003,A/California/63/2025_H1N1,plate21-A/California/63/2025_H1N1,1119,0.7348,0.7348
seqneut25to26_sera_5003,A/California/63/2025_H1N1,plate21-A/California/63/2025_H1N1,2575,1.446,1
seqneut25to26_sera_5003,A/California/63/2025_H1N1,plate21-A/California/63/2025_H1N1,5921,1.088,1
seqneut25to26_sera_5003,A/California/63/2025_H1N1,plate21-A/California/63/2025_H1N1,1.362e+04,1.021,1
seqneut25to26_sera_5003,A/Canberra/465/2025_H1N1,plate21-A/Canberra/465/2025_H1N1,40,0.006424,0.006424
seqneut25to26_sera_5003,A/Canberra/465/2025_H1N1,plate21-A/Canberra/465/2025_H1N1,92,0.0169,0.0169
seqneut25to26_sera_5003,A/Canberra/465/2025_H1N1,plate21-A/Canberra/465/2025_H1N1,212,0.04908,0.04908
seqneut25to26_sera_5003,A/Canberra/465/2025_H1N1,plate21-A/Canberra/465/2025_H1N1,487,0.2442,0.2442
seqneut25to26_sera_5003,A/Canberra/465/2025_H1N1,plate21-A/Canberra/465/2025_H1N1,1119,0.7052,0.7052
seqneut25to26_sera_5003,A/Canberra/465/2025_H1N1,plate21-A/Canberra/465/2025_H1N1,2575,1.079,1
seqneut25to26_sera_5003,A/Canberra/465/2025_H1N1,plate21-A/Canberra/465/2025_H1N1,5921,1.012,1
seqneut25to26_sera_5003,A/Canberra/465/2025_H1N1,plate21-A/Canberra/465/2025_H1N1,1.362e+04,1.194,1
seqneut25to26_sera_5003,A/Canberra/530/2025_H1N1,plate21-A/Canberra/530/2025_H1N1,40,0.006573,0.006573
seqneut25to26_sera_5003,A/Canberra/530/2025_H1N1,plate21-A/Canberra/530/2025_H1N1,92,0.01113,0.01113
seqneut25to26_sera_5003,A/Canberra/530/2025_H1N1,plate21-A/Canberra/530/2025_H1N1,212,0.0689,0.0689
seqneut25to26_sera_5003,A/Canberra/530/2025_H1N1,plate21-A/Canberra/530/2025_H1N1,487,0.3213,0.3213
seqneut25to26_sera_5003,A/Canberra/530/2025_H1N1,plate21-A/Canberra/530/2025_H1N1,1119,0.9473,0.9473
seqneut25to26_sera_5003,A/Canberra/530/2025_H1N1,plate21-A/Canberra/530/2025_H1N1,2575,0.862,0.862
seqneut25to26_sera_5003,A/Canberra/530/2025_H1N1,plate21-A/Canberra/530/2025_H1N1,5921,0.9909,0.9909
seqneut25to26_sera_5003,A/Canberra/530/2025_H1N1,plate21-A/Canberra/530/2025_H1N1,1.362e+04,1.175,1
seqneut25to26_sera_5003,A/Catalonia/NSVH102689455/2025_H1N1,plate21-A/Catalonia/NSVH102689455/2025_H1N1,40,0.003526,0.003526
seqneut25to26_sera_5003,A/Catalonia/NSVH102689455/2025_H1N1,plate21-A/Catalonia/NSVH102689455/2025_H1N1,92,0.003571,0.003571
seqneut25to26_sera_5003,A/Catalonia/NSVH102689455/2025_H1N1,plate21-A/Catalonia/NSVH102689455/2025_H1N1,212,0.1191,0.1191
seqneut25to26_sera_5003,A/Catalonia/NSVH102689455/2025_H1N1,plate21-A/Catalonia/NSVH102689455/2025_H1N1,487,0.1911,0.1911
seqneut25to26_sera_5003,A/Catalonia/NSVH102689455/2025_H1N1,plate21-A/Catalonia/NSVH102689455/2025_H1N1,1119,0.7841,0.7841
seqneut25to26_sera_5003,A/Catalonia/NSVH102689455/2025_H1N1,plate21-A/Catalonia/NSVH102689455/2025_H1N1,2575,1.369,1
seqneut25to26_sera_5003,A/Catalonia/NSVH102689455/2025_H1N1,plate21-A/Catalonia/NSVH102689455/2025_H1N1,5921,1.462,1
seqneut25to26_sera_5003,A/Catalonia/NSVH102689455/2025_H1N1,plate21-A/Catalonia/NSVH102689455/2025_H1N1,1.362e+04,1.526,1
seqneut25to26_sera_5003,A/Colorado/105/2025_H1N1,plate21-A/Colorado/105/2025_H1N1,40,0.003876,0.003876
seqneut25to26_sera_5003,A/Colorado/105/2025_H1N1,plate21-A/Colorado/105/2025_H1N1,92,0.006628,0.006628
seqneut25to26_sera_5003,A/Colorado/105/2025_H1N1,plate21-A/Colorado/105/2025_H1N1,212,0.115,0.115
seqneut25to26_sera_5003,A/Colorado/105/2025_H1N1,plate21-A/Colorado/105/2025_H1N1,487,0.26,0.26
seqneut25to26_sera_5003,A/Colorado/105/2025_H1N1,plate21-A/Colorado/105/2025_H1N1,1119,0.5801,0.5801
seqneut25to26_sera_5003,A/Colorado/105/2025_H1N1,plate21-A/Colorado/105/2025_H1N1,2575,1.156,1
seqneut25to26_sera_5003,A/Colorado/105/2025_H1N1,plate21-A/Colorado/105/2025_H1N1,5921,1.362,1
seqneut25to26_sera_5003,A/Colorado/105/2025_H1N1,plate21-A/Colorado/105/2025_H1N1,1.362e+04,1.146,1
seqneut25to26_sera_5003,A/CoteDIvoire/2007/2025_H1N1,plate21-A/CoteDIvoire/2007/2025_H1N1,40,0.001109,0.001109
seqneut25to26_sera_5003,A/CoteDIvoire/2007/2025_H1N1,plate21-A/CoteDIvoire/2007/2025_H1N1,92,0.01005,0.01005
seqneut25to26_sera_5003,A/CoteDIvoire/2007/2025_H1N1,plate21-A/CoteDIvoire/2007/2025_H1N1,212,0.1359,0.1359
seqneut25to26_sera_5003,A/CoteDIvoire/2007/2025_H1N1,plate21-A/CoteDIvoire/2007/2025_H1N1,487,0.3733,0.3733
seqneut25to26_sera_5003,A/CoteDIvoire/2007/2025_H1N1,plate21-A/CoteDIvoire/2007/2025_H1N1,1119,0.9282,0.9282
seqneut25to26_sera_5003,A/CoteDIvoire/2007/2025_H1N1,plate21-A/CoteDIvoire/2007/2025_H1N1,2575,0.9582,0.9582
seqneut25to26_sera_5003,A/CoteDIvoire/2007/2025_H1N1,plate21-A/CoteDIvoire/2007/2025_H1N1,5921,1.181,1
seqneut25to26_sera_5003,A/CoteDIvoire/2007/2025_H1N1,plate21-A/CoteDIvoire/2007/2025_H1N1,1.362e+04,1.265,1
seqneut25to26_sera_5003,A/Croatia/10136RV/2023-egg_H3N2,plate21-A/Croatia/10136RV/2023-egg_H3N2,40,0.01144,0.01144
seqneut25to26_sera_5003,A/Croatia/10136RV/2023-egg_H3N2,plate21-A/Croatia/10136RV/2023-egg_H3N2,92,0.0863,0.0863
seqneut25to26_sera_5003,A/Croatia/10136RV/2023-egg_H3N2,plate21-A/Croatia/10136RV/2023-egg_H3N2,212,0.2091,0.2091
seqneut25to26_sera_5003,A/Croatia/10136RV/2023-egg_H3N2,plate21-A/Croatia/10136RV/2023-egg_H3N2,487,0.2927,0.2927
seqneut25to26_sera_5003,A/Croatia/10136RV/2023-egg_H3N2,plate21-A/Croatia/10136RV/2023-egg_H3N2,1119,0.3778,0.3778
seqneut25to26_sera_5003,A/Croatia/10136RV/2023-egg_H3N2,plate21-A/Croatia/10136RV/2023-egg_H3N2,2575,0.5822,0.5822
seqneut25to26_sera_5003,A/Croatia/10136RV/2023-egg_H3N2,plate21-A/Croatia/10136RV/2023-egg_H3N2,5921,0.644,0.644
seqneut25to26_sera_5003,A/Croatia/10136RV/2023-egg_H3N2,plate21-A/Croatia/10136RV/2023-egg_H3N2,1.362e+04,1.126,1
seqneut25to26_sera_5003,A/Darwin/1405/2025_H1N1,plate21-A/Darwin/1405/2025_H1N1,40,0.003067,0.003067
seqneut25to26_sera_5003,A/Darwin/1405/2025_H1N1,plate21-A/Darwin/1405/2025_H1N1,92,0.008976,0.008976
seqneut25to26_sera_5003,A/Darwin/1405/2025_H1N1,plate21-A/Darwin/1405/2025_H1N1,212,0.05542,0.05542
seqneut25to26_sera_5003,A/Darwin/1405/2025_H1N1,plate21-A/Darwin/1405/2025_H1N1,487,0.229,0.229
seqneut25to26_sera_5003,A/Darwin/1405/2025_H1N1,plate21-A/Darwin/1405/2025_H1N1,1119,0.9948,0.9948
seqneut25to26_sera_5003,A/Darwin/1405/2025_H1N1,plate21-A/Darwin/1405/2025_H1N1,2575,0.9704,0.9704
seqneut25to26_sera_5003,A/Darwin/1405/2025_H1N1,plate21-A/Darwin/1405/2025_H1N1,5921,1.013,1
seqneut25to26_sera_5003,A/Darwin/1405/2025_H1N1,plate21-A/Darwin/1405/2025_H1N1,1.362e+04,1.384,1
seqneut25to26_sera_5003,A/Darwin/1461/2025_H3N2,plate21-A/Darwin/1461/2025_H3N2,40,0.008687,0.008687
seqneut25to26_sera_5003,A/Darwin/1461/2025_H3N2,plate21-A/Darwin/1461/2025_H3N2,92,0.05109,0.05109
seqneut25to26_sera_5003,A/Darwin/1461/2025_H3N2,plate21-A/Darwin/1461/2025_H3N2,212,0.3971,0.3971
seqneut25to26_sera_5003,A/Darwin/1461/2025_H3N2,plate21-A/Darwin/1461/2025_H3N2,487,0.7432,0.7432
seqneut25to26_sera_5003,A/Darwin/1461/2025_H3N2,plate21-A/Darwin/1461/2025_H3N2,1119,0.8804,0.8804
seqneut25to26_sera_5003,A/Darwin/1461/2025_H3N2,plate21-A/Darwin/1461/2025_H3N2,2575,0.8833,0.8833
seqneut25to26_sera_5003,A/Darwin/1461/2025_H3N2,plate21-A/Darwin/1461/2025_H3N2,5921,1.014,1
seqneut25to26_sera_5003,A/Darwin/1461/2025_H3N2,plate21-A/Darwin/1461/2025_H3N2,1.362e+04,1.223,1
seqneut25to26_sera_5003,A/Denmark/3070/2025_H1N1,plate21-A/Denmark/3070/2025_H1N1,40,0.005773,0.005773
seqneut25to26_sera_5003,A/Denmark/3070/2025_H1N1,plate21-A/Denmark/3070/2025_H1N1,92,0.003654,0.003654
seqneut25to26_sera_5003,A/Denmark/3070/2025_H1N1,plate21-A/Denmark/3070/2025_H1N1,212,0.04795,0.04795
seqneut25to26_sera_5003,A/Denmark/3070/2025_H1N1,plate21-A/Denmark/3070/2025_H1N1,487,0.2707,0.2707
seqneut25to26_sera_5003,A/Denmark/3070/2025_H1N1,plate21-A/Denmark/3070/2025_H1N1,1119,0.8287,0.8287
seqneut25to26_sera_5003,A/Denmark/3070/2025_H1N1,plate21-A/Denmark/3070/2025_H1N1,2575,1.043,1
seqneut25to26_sera_5003,A/Denmark/3070/2025_H1N1,plate21-A/Denmark/3070/2025_H1N1,5921,1.159,1
seqneut25to26_sera_5003,A/Denmark/3070/2025_H1N1,plate21-A/Denmark/3070/2025_H1N1,1.362e+04,1.164,1
seqneut25to26_sera_5003,A/DistrictOfColumbia/27/2023_H3N2,plate21-A/DistrictOfColumbia/27/2023_H3N2,40,0.1104,0.1104
seqneut25to26_sera_5003,A/DistrictOfColumbia/27/2023_H3N2,plate21-A/DistrictOfColumbia/27/2023_H3N2,92,0.4026,0.4026
seqneut25to26_sera_5003,A/DistrictOfColumbia/27/2023_H3N2,plate21-A/DistrictOfColumbia/27/2023_H3N2,212,0.5861,0.5861
seqneut25to26_sera_5003,A/DistrictOfColumbia/27/2023_H3N2,plate21-A/DistrictOfColumbia/27/2023_H3N2,487,0.584,0.584
seqneut25to26_sera_5003,A/DistrictOfColumbia/27/2023_H3N2,plate21-A/DistrictOfColumbia/27/2023_H3N2,1119,0.9334,0.9334
seqneut25to26_sera_5003,A/DistrictOfColumbia/27/2023_H3N2,plate21-A/DistrictOfColumbia/27/2023_H3N2,2575,1.197,1
seqneut25to26_sera_5003,A/DistrictOfColumbia/27/2023_H3N2,plate21-A/DistrictOfColumbia/27/2023_H3N2,5921,0.9939,0.9939
seqneut25to26_sera_5003,A/DistrictOfColumbia/27/2023_H3N2,plate21-A/DistrictOfColumbia/27/2023_H3N2,1.362e+04,1.193,1
seqneut25to26_sera_5003,A/DistrictOfColumbia/57/2025_H3N2,plate21-A/DistrictOfColumbia/57/2025_H3N2,40,0.02473,0.02473
seqneut25to26_sera_5003,A/DistrictOfColumbia/57/2025_H3N2,plate21-A/DistrictOfColumbia/57/2025_H3N2,92,0.2774,0.2774
seqneut25to26_sera_5003,A/DistrictOfColumbia/57/2025_H3N2,plate21-A/DistrictOfColumbia/57/2025_H3N2,212,0.6996,0.6996
seqneut25to26_sera_5003,A/DistrictOfColumbia/57/2025_H3N2,plate21-A/DistrictOfColumbia/57/2025_H3N2,487,0.5868,0.5868
seqneut25to26_sera_5003,A/DistrictOfColumbia/57/2025_H3N2,plate21-A/DistrictOfColumbia/57/2025_H3N2,1119,0.8192,0.8192
seqneut25to26_sera_5003,A/DistrictOfColumbia/57/2025_H3N2,plate21-A/DistrictOfColumbia/57/2025_H3N2,2575,1.011,1
seqneut25to26_sera_5003,A/DistrictOfColumbia/57/2025_H3N2,plate21-A/DistrictOfColumbia/57/2025_H3N2,5921,0.8105,0.8105
seqneut25to26_sera_5003,A/DistrictOfColumbia/57/2025_H3N2,plate21-A/DistrictOfColumbia/57/2025_H3N2,1.362e+04,0.9692,0.9692
seqneut25to26_sera_5003,A/DistritoFederal/250106000728/2025_H3N2,plate21-A/DistritoFederal/250106000728/2025_H3N2,40,0.108,0.108
seqneut25to26_sera_5003,A/DistritoFederal/250106000728/2025_H3N2,plate21-A/DistritoFederal/250106000728/2025_H3N2,92,0.5532,0.5532
seqneut25to26_sera_5003,A/DistritoFederal/250106000728/2025_H3N2,plate21-A/DistritoFederal/250106000728/2025_H3N2,212,0.3516,0.3516
seqneut25to26_sera_5003,A/DistritoFederal/250106000728/2025_H3N2,plate21-A/DistritoFederal/250106000728/2025_H3N2,487,0.5568,0.5568
seqneut25to26_sera_5003,A/DistritoFederal/250106000728/2025_H3N2,plate21-A/DistritoFederal/250106000728/2025_H3N2,1119,1.009,1
seqneut25to26_sera_5003,A/DistritoFederal/250106000728/2025_H3N2,plate21-A/DistritoFederal/250106000728/2025_H3N2,2575,1.446,1
seqneut25to26_sera_5003,A/DistritoFederal/250106000728/2025_H3N2,plate21-A/DistritoFederal/250106000728/2025_H3N2,5921,1.067,1
seqneut25to26_sera_5003,A/DistritoFederal/250106000728/2025_H3N2,plate21-A/DistritoFederal/250106000728/2025_H3N2,1.362e+04,1.392,1
seqneut25to26_sera_5003,A/DistritoFederal/2578578201/2025_H3N2,plate21-A/DistritoFederal/2578578201/2025_H3N2,40,0.0141,0.0141
seqneut25to26_sera_5003,A/DistritoFederal/2578578201/2025_H3N2,plate21-A/DistritoFederal/2578578201/2025_H3N2,92,0.2393,0.2393
seqneut25to26_sera_5003,A/DistritoFederal/2578578201/2025_H3N2,plate21-A/DistritoFederal/2578578201/2025_H3N2,212,0.5308,0.5308
seqneut25to26_sera_5003,A/DistritoFederal/2578578201/2025_H3N2,plate21-A/DistritoFederal/2578578201/2025_H3N2,487,0.5434,0.5434
seqneut25to26_sera_5003,A/DistritoFederal/2578578201/2025_H3N2,plate21-A/DistritoFederal/2578578201/2025_H3N2,1119,0.8265,0.8265
seqneut25to26_sera_5003,A/DistritoFederal/2578578201/2025_H3N2,plate21-A/DistritoFederal/2578578201/2025_H3N2,2575,1.274,1
seqneut25to26_sera_5003,A/DistritoFederal/2578578201/2025_H3N2,plate21-A/DistritoFederal/2578578201/2025_H3N2,5921,1.095,1
seqneut25to26_sera_5003,A/DistritoFederal/2578578201/2025_H3N2,plate21-A/DistritoFederal/2578578201/2025_H3N2,1.362e+04,1.257,1
seqneut25to26_sera_5003,A/England/174/2025_H3N2,plate21-A/England/174/2025_H3N2,40,0.02841,0.02841
seqneut25to26_sera_5003,A/England/174/2025_H3N2,plate21-A/England/174/2025_H3N2,92,0.2334,0.2334
seqneut25to26_sera_5003,A/England/174/2025_H3N2,plate21-A/England/174/2025_H3N2,212,0.5589,0.5589
seqneut25to26_sera_5003,A/England/174/2025_H3N2,plate21-A/England/174/2025_H3N2,487,0.6113,0.6113
seqneut25to26_sera_5003,A/England/174/2025_H3N2,plate21-A/England/174/2025_H3N2,1119,0.5758,0.5758
seqneut25to26_sera_5003,A/England/174/2025_H3N2,plate21-A/England/174/2025_H3N2,2575,0.8197,0.8197
seqneut25to26_sera_5003,A/England/174/2025_H3N2,plate21-A/England/174/2025_H3N2,5921,0.9884,0.9884
seqneut25to26_sera_5003,A/England/174/2025_H3N2,plate21-A/England/174/2025_H3N2,1.362e+04,1.093,1
seqneut25to26_sera_5003,A/England/1822256/2025_H1N1,plate21-A/England/1822256/2025_H1N1,40,0.002508,0.002508
seqneut25to26_sera_5003,A/England/1822256/2025_H1N1,plate21-A/England/1822256/2025_H1N1,92,0.01281,0.01281
seqneut25to26_sera_5003,A/England/1822256/2025_H1N1,plate21-A/England/1822256/2025_H1N1,212,0.04192,0.04192
seqneut25to26_sera_5003,A/England/1822256/2025_H1N1,plate21-A/England/1822256/2025_H1N1,487,0.3119,0.3119
seqneut25to26_sera_5003,A/England/1822256/2025_H1N1,plate21-A/England/1822256/2025_H1N1,1119,0.9083,0.9083
seqneut25to26_sera_5003,A/England/1822256/2025_H1N1,plate21-A/England/1822256/2025_H1N1,2575,0.9873,0.9873
seqneut25to26_sera_5003,A/England/1822256/2025_H1N1,plate21-A/England/1822256/2025_H1N1,5921,1.048,1
seqneut25to26_sera_5003,A/England/1822256/2025_H1N1,plate21-A/England/1822256/2025_H1N1,1.362e+04,1.088,1
seqneut25to26_sera_5003,A/England/1837734/2025_H3N2,plate21-A/England/1837734/2025_H3N2,40,0.0118,0.0118
seqneut25to26_sera_5003,A/England/1837734/2025_H3N2,plate21-A/England/1837734/2025_H3N2,92,0.1592,0.1592
seqneut25to26_sera_5003,A/England/1837734/2025_H3N2,plate21-A/England/1837734/2025_H3N2,212,0.4165,0.4165
seqneut25to26_sera_5003,A/England/1837734/2025_H3N2,plate21-A/England/1837734/2025_H3N2,487,0.6662,0.6662
seqneut25to26_sera_5003,A/England/1837734/2025_H3N2,plate21-A/England/1837734/2025_H3N2,1119,0.7811,0.7811
seqneut25to26_sera_5003,A/England/1837734/2025_H3N2,plate21-A/England/1837734/2025_H3N2,2575,1.342,1
seqneut25to26_sera_5003,A/England/1837734/2025_H3N2,plate21-A/England/1837734/2025_H3N2,5921,1.001,1
seqneut25to26_sera_5003,A/England/1837734/2025_H3N2,plate21-A/England/1837734/2025_H3N2,1.362e+04,0.9052,0.9052
seqneut25to26_sera_5003,A/England/1837737/2025_H3N2,plate21-A/England/1837737/2025_H3N2,40,0.06603,0.06603
seqneut25to26_sera_5003,A/England/1837737/2025_H3N2,plate21-A/England/1837737/2025_H3N2,92,0.4255,0.4255
seqneut25to26_sera_5003,A/England/1837737/2025_H3N2,plate21-A/England/1837737/2025_H3N2,212,0.6898,0.6898
seqneut25to26_sera_5003,A/England/1837737/2025_H3N2,plate21-A/England/1837737/2025_H3N2,487,0.4495,0.4495
seqneut25to26_sera_5003,A/England/1837737/2025_H3N2,plate21-A/England/1837737/2025_H3N2,1119,0.68,0.68
seqneut25to26_sera_5003,A/England/1837737/2025_H3N2,plate21-A/England/1837737/2025_H3N2,2575,1.048,1
seqneut25to26_sera_5003,A/England/1837737/2025_H3N2,plate21-A/England/1837737/2025_H3N2,5921,1.169,1
seqneut25to26_sera_5003,A/England/1837737/2025_H3N2,plate21-A/England/1837737/2025_H3N2,1.362e+04,1.141,1
seqneut25to26_sera_5003,A/France/ARA-HCL025155099501/2025_H1N1,plate21-A/France/ARA-HCL025155099501/2025_H1N1,40,0.002204,0.002204
seqneut25to26_sera_5003,A/France/ARA-HCL025155099501/2025_H1N1,plate21-A/France/ARA-HCL025155099501/2025_H1N1,92,0.01426,0.01426
seqneut25to26_sera_5003,A/France/ARA-HCL025155099501/2025_H1N1,plate21-A/France/ARA-HCL025155099501/2025_H1N1,212,0.0613,0.0613
seqneut25to26_sera_5003,A/France/ARA-HCL025155099501/2025_H1N1,plate21-A/France/ARA-HCL025155099501/2025_H1N1,487,0.2836,0.2836
seqneut25to26_sera_5003,A/France/ARA-HCL025155099501/2025_H1N1,plate21-A/France/ARA-HCL025155099501/2025_H1N1,1119,0.7992,0.7992
seqneut25to26_sera_5003,A/France/ARA-HCL025155099501/2025_H1N1,plate21-A/France/ARA-HCL025155099501/2025_H1N1,2575,0.9509,0.9509
seqneut25to26_sera_5003,A/France/ARA-HCL025155099501/2025_H1N1,plate21-A/France/ARA-HCL025155099501/2025_H1N1,5921,1.061,1
seqneut25to26_sera_5003,A/France/ARA-HCL025155099501/2025_H1N1,plate21-A/France/ARA-HCL025155099501/2025_H1N1,1.362e+04,1.237,1
seqneut25to26_sera_5003,A/Galicia/GA-CHUAC-451/2025_H3N2,plate21-A/Galicia/GA-CHUAC-451/2025_H3N2,40,0.02697,0.02697
seqneut25to26_sera_5003,A/Galicia/GA-CHUAC-451/2025_H3N2,plate21-A/Galicia/GA-CHUAC-451/2025_H3N2,92,0.4381,0.4381
seqneut25to26_sera_5003,A/Galicia/GA-CHUAC-451/2025_H3N2,plate21-A/Galicia/GA-CHUAC-451/2025_H3N2,212,0.6604,0.6604
seqneut25to26_sera_5003,A/Galicia/GA-CHUAC-451/2025_H3N2,plate21-A/Galicia/GA-CHUAC-451/2025_H3N2,487,0.7219,0.7219
seqneut25to26_sera_5003,A/Galicia/GA-CHUAC-451/2025_H3N2,plate21-A/Galicia/GA-CHUAC-451/2025_H3N2,1119,0.8423,0.8423
seqneut25to26_sera_5003,A/Galicia/GA-CHUAC-451/2025_H3N2,plate21-A/Galicia/GA-CHUAC-451/2025_H3N2,2575,1.007,1
seqneut25to26_sera_5003,A/Galicia/GA-CHUAC-451/2025_H3N2,plate21-A/Galicia/GA-CHUAC-451/2025_H3N2,5921,1.131,1
seqneut25to26_sera_5003,A/Galicia/GA-CHUAC-451/2025_H3N2,plate21-A/Galicia/GA-CHUAC-451/2025_H3N2,1.362e+04,1.033,1
seqneut25to26_sera_5003,A/Ghana/ARI-25-1125/2025_H1N1,plate21-A/Ghana/ARI-25-1125/2025_H1N1,40,0.001877,0.001877
seqneut25to26_sera_5003,A/Ghana/ARI-25-1125/2025_H1N1,plate21-A/Ghana/ARI-25-1125/2025_H1N1,92,0.009118,0.009118
seqneut25to26_sera_5003,A/Ghana/ARI-25-1125/2025_H1N1,plate21-A/Ghana/ARI-25-1125/2025_H1N1,212,0.04473,0.04473
seqneut25to26_sera_5003,A/Ghana/ARI-25-1125/2025_H1N1,plate21-A/Ghana/ARI-25-1125/2025_H1N1,487,0.2757,0.2757
seqneut25to26_sera_5003,A/Ghana/ARI-25-1125/2025_H1N1,plate21-A/Ghana/ARI-25-1125/2025_H1N1,1119,0.8522,0.8522
seqneut25to26_sera_5003,A/Ghana/ARI-25-1125/2025_H1N1,plate21-A/Ghana/ARI-25-1125/2025_H1N1,2575,1.152,1
seqneut25to26_sera_5003,A/Ghana/ARI-25-1125/2025_H1N1,plate21-A/Ghana/ARI-25-1125/2025_H1N1,5921,0.9381,0.9381
seqneut25to26_sera_5003,A/Ghana/ARI-25-1125/2025_H1N1,plate21-A/Ghana/ARI-25-1125/2025_H1N1,1.362e+04,1.556,1
seqneut25to26_sera_5003,A/Ghana/FS-25-7077/2025_H3N2,plate21-A/Ghana/FS-25-7077/2025_H3N2,40,0.1598,0.1598
seqneut25to26_sera_5003,A/Ghana/FS-25-7077/2025_H3N2,plate21-A/Ghana/FS-25-7077/2025_H3N2,92,0.284,0.284
seqneut25to26_sera_5003,A/Ghana/FS-25-7077/2025_H3N2,plate21-A/Ghana/FS-25-7077/2025_H3N2,212,0.6193,0.6193
seqneut25to26_sera_5003,A/Ghana/FS-25-7077/2025_H3N2,plate21-A/Ghana/FS-25-7077/2025_H3N2,487,0.9687,0.9687
seqneut25to26_sera_5003,A/Ghana/FS-25-7077/2025_H3N2,plate21-A/Ghana/FS-25-7077/2025_H3N2,1119,0.6937,0.6937
seqneut25to26_sera_5003,A/Ghana/FS-25-7077/2025_H3N2,plate21-A/Ghana/FS-25-7077/2025_H3N2,2575,1.097,1
seqneut25to26_sera_5003,A/Ghana/FS-25-7077/2025_H3N2,plate21-A/Ghana/FS-25-7077/2025_H3N2,5921,0.9747,0.9747
seqneut25to26_sera_5003,A/Ghana/FS-25-7077/2025_H3N2,plate21-A/Ghana/FS-25-7077/2025_H3N2,1.362e+04,1.777,1
seqneut25to26_sera_5003,A/Guangdong-Maonan/11438/2025_H3N2,plate21-A/Guangdong-Maonan/11438/2025_H3N2,40,0.06256,0.06256
seqneut25to26_sera_5003,A/Guangdong-Maonan/11438/2025_H3N2,plate21-A/Guangdong-Maonan/11438/2025_H3N2,92,0.3405,0.3405
seqneut25to26_sera_5003,A/Guangdong-Maonan/11438/2025_H3N2,plate21-A/Guangdong-Maonan/11438/2025_H3N2,212,0.494,0.494
seqneut25to26_sera_5003,A/Guangdong-Maonan/11438/2025_H3N2,plate21-A/Guangdong-Maonan/11438/2025_H3N2,487,0.6172,0.6172
seqneut25to26_sera_5003,A/Guangdong-Maonan/11438/2025_H3N2,plate21-A/Guangdong-Maonan/11438/2025_H3N2,1119,1.03,1
seqneut25to26_sera_5003,A/Guangdong-Maonan/11438/2025_H3N2,plate21-A/Guangdong-Maonan/11438/2025_H3N2,2575,0.8251,0.8251
seqneut25to26_sera_5003,A/Guangdong-Maonan/11438/2025_H3N2,plate21-A/Guangdong-Maonan/11438/2025_H3N2,5921,1.289,1
seqneut25to26_sera_5003,A/Guangdong-Maonan/11438/2025_H3N2,plate21-A/Guangdong-Maonan/11438/2025_H3N2,1.362e+04,1.245,1
seqneut25to26_sera_5003,A/Guangdong-Meijiang/11256/2025_H3N2,plate21-A/Guangdong-Meijiang/11256/2025_H3N2,40,0.0001829,0.0001829
seqneut25to26_sera_5003,A/Guangdong-Meijiang/11256/2025_H3N2,plate21-A/Guangdong-Meijiang/11256/2025_H3N2,92,0.04829,0.04829
seqneut25to26_sera_5003,A/Guangdong-Meijiang/11256/2025_H3N2,plate21-A/Guangdong-Meijiang/11256/2025_H3N2,212,0.3466,0.3466
seqneut25to26_sera_5003,A/Guangdong-Meijiang/11256/2025_H3N2,plate21-A/Guangdong-Meijiang/11256/2025_H3N2,487,0.3642,0.3642
seqneut25to26_sera_5003,A/Guangdong-Meijiang/11256/2025_H3N2,plate21-A/Guangdong-Meijiang/11256/2025_H3N2,1119,0.9121,0.9121
seqneut25to26_sera_5003,A/Guangdong-Meijiang/11256/2025_H3N2,plate21-A/Guangdong-Meijiang/11256/2025_H3N2,2575,0.8543,0.8543
seqneut25to26_sera_5003,A/Guangdong-Meijiang/11256/2025_H3N2,plate21-A/Guangdong-Meijiang/11256/2025_H3N2,5921,0.8501,0.8501
seqneut25to26_sera_5003,A/Guangdong-Meijiang/11256/2025_H3N2,plate21-A/Guangdong-Meijiang/11256/2025_H3N2,1.362e+04,1.074,1
seqneut25to26_sera_5003,A/Guangxi-Daxin/1643/2025_H3N2,plate21-A/Guangxi-Daxin/1643/2025_H3N2,40,0.06947,0.06947
seqneut25to26_sera_5003,A/Guangxi-Daxin/1643/2025_H3N2,plate21-A/Guangxi-Daxin/1643/2025_H3N2,92,0.3584,0.3584
seqneut25to26_sera_5003,A/Guangxi-Daxin/1643/2025_H3N2,plate21-A/Guangxi-Daxin/1643/2025_H3N2,212,0.5142,0.5142
seqneut25to26_sera_5003,A/Guangxi-Daxin/1643/2025_H3N2,plate21-A/Guangxi-Daxin/1643/2025_H3N2,487,0.8211,0.8211
seqneut25to26_sera_5003,A/Guangxi-Daxin/1643/2025_H3N2,plate21-A/Guangxi-Daxin/1643/2025_H3N2,1119,1.06,1
seqneut25to26_sera_5003,A/Guangxi-Daxin/1643/2025_H3N2,plate21-A/Guangxi-Daxin/1643/2025_H3N2,2575,1.117,1
seqneut25to26_sera_5003,A/Guangxi-Daxin/1643/2025_H3N2,plate21-A/Guangxi-Daxin/1643/2025_H3N2,5921,1.494,1
seqneut25to26_sera_5003,A/Guangxi-Daxin/1643/2025_H3N2,plate21-A/Guangxi-Daxin/1643/2025_H3N2,1.362e+04,1.24,1
seqneut25to26_sera_5003,A/Guangxi-Qingxiu/SWL11742/2025_H1N1,plate21-A/Guangxi-Qingxiu/SWL11742/2025_H1N1,40,0.0034,0.0034
seqneut25to26_sera_5003,A/Guangxi-Qingxiu/SWL11742/2025_H1N1,plate21-A/Guangxi-Qingxiu/SWL11742/2025_H1N1,92,0.01001,0.01001
seqneut25to26_sera_5003,A/Guangxi-Qingxiu/SWL11742/2025_H1N1,plate21-A/Guangxi-Qingxiu/SWL11742/2025_H1N1,212,0.0326,0.0326
seqneut25to26_sera_5003,A/Guangxi-Qingxiu/SWL11742/2025_H1N1,plate21-A/Guangxi-Qingxiu/SWL11742/2025_H1N1,487,0.2268,0.2268
seqneut25to26_sera_5003,A/Guangxi-Qingxiu/SWL11742/2025_H1N1,plate21-A/Guangxi-Qingxiu/SWL11742/2025_H1N1,1119,0.7162,0.7162
seqneut25to26_sera_5003,A/Guangxi-Qingxiu/SWL11742/2025_H1N1,plate21-A/Guangxi-Qingxiu/SWL11742/2025_H1N1,2575,1.022,1
seqneut25to26_sera_5003,A/Guangxi-Qingxiu/SWL11742/2025_H1N1,plate21-A/Guangxi-Qingxiu/SWL11742/2025_H1N1,5921,1.152,1
seqneut25to26_sera_5003,A/Guangxi-Qingxiu/SWL11742/2025_H1N1,plate21-A/Guangxi-Qingxiu/SWL11742/2025_H1N1,1.362e+04,1.264,1
seqneut25to26_sera_5003,A/Hawaii/44/2025_H1N1,plate21-A/Hawaii/44/2025_H1N1,40,0.001085,0.001085
seqneut25to26_sera_5003,A/Hawaii/44/2025_H1N1,plate21-A/Hawaii/44/2025_H1N1,92,0.003846,0.003846
seqneut25to26_sera_5003,A/Hawaii/44/2025_H1N1,plate21-A/Hawaii/44/2025_H1N1,212,0.04297,0.04297
seqneut25to26_sera_5003,A/Hawaii/44/2025_H1N1,plate21-A/Hawaii/44/2025_H1N1,487,0.2252,0.2252
seqneut25to26_sera_5003,A/Hawaii/44/2025_H1N1,plate21-A/Hawaii/44/2025_H1N1,1119,0.804,0.804
seqneut25to26_sera_5003,A/Hawaii/44/2025_H1N1,plate21-A/Hawaii/44/2025_H1N1,2575,0.9818,0.9818
seqneut25to26_sera_5003,A/Hawaii/44/2025_H1N1,plate21-A/Hawaii/44/2025_H1N1,5921,1.086,1
seqneut25to26_sera_5003,A/Hawaii/44/2025_H1N1,plate21-A/Hawaii/44/2025_H1N1,1.362e+04,1.136,1
seqneut25to26_sera_5003,A/Hawaii/70/2019_H1N1,plate21-A/Hawaii/70/2019_H1N1,40,0.007463,0.007463
seqneut25to26_sera_5003,A/Hawaii/70/2019_H1N1,plate21-A/Hawaii/70/2019_H1N1,92,0.07668,0.07668
seqneut25to26_sera_5003,A/Hawaii/70/2019_H1N1,plate21-A/Hawaii/70/2019_H1N1,212,0.3535,0.3535
seqneut25to26_sera_5003,A/Hawaii/70/2019_H1N1,plate21-A/Hawaii/70/2019_H1N1,487,0.5139,0.5139
seqneut25to26_sera_5003,A/Hawaii/70/2019_H1N1,plate21-A/Hawaii/70/2019_H1N1,1119,0.9859,0.9859
seqneut25to26_sera_5003,A/Hawaii/70/2019_H1N1,plate21-A/Hawaii/70/2019_H1N1,2575,1.136,1
seqneut25to26_sera_5003,A/Hawaii/70/2019_H1N1,plate21-A/Hawaii/70/2019_H1N1,5921,1.164,1
seqneut25to26_sera_5003,A/Hawaii/70/2019_H1N1,plate21-A/Hawaii/70/2019_H1N1,1.362e+04,1.167,1
seqneut25to26_sera_5003,A/HongKong/1257/2025_H3N2,plate21-A/HongKong/1257/2025_H3N2,40,0.02748,0.02748
seqneut25to26_sera_5003,A/HongKong/1257/2025_H3N2,plate21-A/HongKong/1257/2025_H3N2,92,0.2717,0.2717
seqneut25to26_sera_5003,A/HongKong/1257/2025_H3N2,plate21-A/HongKong/1257/2025_H3N2,212,0.4216,0.4216
seqneut25to26_sera_5003,A/HongKong/1257/2025_H3N2,plate21-A/HongKong/1257/2025_H3N2,487,0.7349,0.7349
seqneut25to26_sera_5003,A/HongKong/1257/2025_H3N2,plate21-A/HongKong/1257/2025_H3N2,1119,0.8654,0.8654
seqneut25to26_sera_5003,A/HongKong/1257/2025_H3N2,plate21-A/HongKong/1257/2025_H3N2,2575,1.025,1
seqneut25to26_sera_5003,A/HongKong/1257/2025_H3N2,plate21-A/HongKong/1257/2025_H3N2,5921,1.179,1
seqneut25to26_sera_5003,A/HongKong/1257/2025_H3N2,plate21-A/HongKong/1257/2025_H3N2,1.362e+04,1.747,1
seqneut25to26_sera_5003,A/HongKong/1382/2025_H3N2,plate21-A/HongKong/1382/2025_H3N2,40,0.05473,0.05473
seqneut25to26_sera_5003,A/HongKong/1382/2025_H3N2,plate21-A/HongKong/1382/2025_H3N2,92,0.06615,0.06615
seqneut25to26_sera_5003,A/HongKong/1382/2025_H3N2,plate21-A/HongKong/1382/2025_H3N2,212,0.3643,0.3643
seqneut25to26_sera_5003,A/HongKong/1382/2025_H3N2,plate21-A/HongKong/1382/2025_H3N2,487,0.4594,0.4594
seqneut25to26_sera_5003,A/HongKong/1382/2025_H3N2,plate21-A/HongKong/1382/2025_H3N2,1119,0.4848,0.4848
seqneut25to26_sera_5003,A/HongKong/1382/2025_H3N2,plate21-A/HongKong/1382/2025_H3N2,2575,1.15,1
seqneut25to26_sera_5003,A/HongKong/1382/2025_H3N2,plate21-A/HongKong/1382/2025_H3N2,5921,0.9472,0.9472
seqneut25to26_sera_5003,A/HongKong/1382/2025_H3N2,plate21-A/HongKong/1382/2025_H3N2,1.362e+04,1.49,1
seqneut25to26_sera_5003,A/Indonesia/BIOKES-I-BT074/2025_H3N2,plate21-A/Indonesia/BIOKES-I-BT074/2025_H3N2,40,0.009769,0.009769
seqneut25to26_sera_5003,A/Indonesia/BIOKES-I-BT074/2025_H3N2,plate21-A/Indonesia/BIOKES-I-BT074/2025_H3N2,92,0.1403,0.1403
seqneut25to26_sera_5003,A/Indonesia/BIOKES-I-BT074/2025_H3N2,plate21-A/Indonesia/BIOKES-I-BT074/2025_H3N2,212,0.5869,0.5869
seqneut25to26_sera_5003,A/Indonesia/BIOKES-I-BT074/2025_H3N2,plate21-A/Indonesia/BIOKES-I-BT074/2025_H3N2,487,0.6545,0.6545
seqneut25to26_sera_5003,A/Indonesia/BIOKES-I-BT074/2025_H3N2,plate21-A/Indonesia/BIOKES-I-BT074/2025_H3N2,1119,0.7832,0.7832
seqneut25to26_sera_5003,A/Indonesia/BIOKES-I-BT074/2025_H3N2,plate21-A/Indonesia/BIOKES-I-BT074/2025_H3N2,2575,0.9986,0.9986
seqneut25to26_sera_5003,A/Indonesia/BIOKES-I-BT074/2025_H3N2,plate21-A/Indonesia/BIOKES-I-BT074/2025_H3N2,5921,0.8238,0.8238
seqneut25to26_sera_5003,A/Indonesia/BIOKES-I-BT074/2025_H3N2,plate21-A/Indonesia/BIOKES-I-BT074/2025_H3N2,1.362e+04,1.02,1
seqneut25to26_sera_5003,A/Indonesia/BIOKES-INAD491/2025_H3N2,plate21-A/Indonesia/BIOKES-INAD491/2025_H3N2,40,0.08315,0.08315
seqneut25to26_sera_5003,A/Indonesia/BIOKES-INAD491/2025_H3N2,plate21-A/Indonesia/BIOKES-INAD491/2025_H3N2,92,0.2661,0.2661
seqneut25to26_sera_5003,A/Indonesia/BIOKES-INAD491/2025_H3N2,plate21-A/Indonesia/BIOKES-INAD491/2025_H3N2,212,0.3859,0.3859
seqneut25to26_sera_5003,A/Indonesia/BIOKES-INAD491/2025_H3N2,plate21-A/Indonesia/BIOKES-INAD491/2025_H3N2,487,0.5122,0.5122
seqneut25to26_sera_5003,A/Indonesia/BIOKES-INAD491/2025_H3N2,plate21-A/Indonesia/BIOKES-INAD491/2025_H3N2,1119,0.8434,0.8434
seqneut25to26_sera_5003,A/Indonesia/BIOKES-INAD491/2025_H3N2,plate21-A/Indonesia/BIOKES-INAD491/2025_H3N2,2575,1.353,1
seqneut25to26_sera_5003,A/Indonesia/BIOKES-INAD491/2025_H3N2,plate21-A/Indonesia/BIOKES-INAD491/2025_H3N2,5921,1.122,1
seqneut25to26_sera_5003,A/Indonesia/BIOKES-INAD491/2025_H3N2,plate21-A/Indonesia/BIOKES-INAD491/2025_H3N2,1.362e+04,1.724,1
seqneut25to26_sera_5003,A/Lao/820-2750/2025_H3N2,plate21-A/Lao/820-2750/2025_H3N2,40,0.01743,0.01743
seqneut25to26_sera_5003,A/Lao/820-2750/2025_H3N2,plate21-A/Lao/820-2750/2025_H3N2,92,0.1947,0.1947
seqneut25to26_sera_5003,A/Lao/820-2750/2025_H3N2,plate21-A/Lao/820-2750/2025_H3N2,212,0.4312,0.4312
seqneut25to26_sera_5003,A/Lao/820-2750/2025_H3N2,plate21-A/Lao/820-2750/2025_H3N2,487,0.5377,0.5377
seqneut25to26_sera_5003,A/Lao/820-2750/2025_H3N2,plate21-A/Lao/820-2750/2025_H3N2,1119,0.8038,0.8038
seqneut25to26_sera_5003,A/Lao/820-2750/2025_H3N2,plate21-A/Lao/820-2750/2025_H3N2,2575,0.7395,0.7395
seqneut25to26_sera_5003,A/Lao/820-2750/2025_H3N2,plate21-A/Lao/820-2750/2025_H3N2,5921,0.9375,0.9375
seqneut25to26_sera_5003,A/Lao/820-2750/2025_H3N2,plate21-A/Lao/820-2750/2025_H3N2,1.362e+04,1.246,1
seqneut25to26_sera_5003,A/Malaysia/IMR/SARI/2028/2025_H3N2,plate21-A/Malaysia/IMR/SARI/2028/2025_H3N2,40,0.01153,0.01153
seqneut25to26_sera_5003,A/Malaysia/IMR/SARI/2028/2025_H3N2,plate21-A/Malaysia/IMR/SARI/2028/2025_H3N2,92,0.1223,0.1223
seqneut25to26_sera_5003,A/Malaysia/IMR/SARI/2028/2025_H3N2,plate21-A/Malaysia/IMR/SARI/2028/2025_H3N2,212,0.3227,0.3227
seqneut25to26_sera_5003,A/Malaysia/IMR/SARI/2028/2025_H3N2,plate21-A/Malaysia/IMR/SARI/2028/2025_H3N2,487,0.3807,0.3807
seqneut25to26_sera_5003,A/Malaysia/IMR/SARI/2028/2025_H3N2,plate21-A/Malaysia/IMR/SARI/2028/2025_H3N2,1119,0.6922,0.6922
seqneut25to26_sera_5003,A/Malaysia/IMR/SARI/2028/2025_H3N2,plate21-A/Malaysia/IMR/SARI/2028/2025_H3N2,2575,0.8693,0.8693
seqneut25to26_sera_5003,A/Malaysia/IMR/SARI/2028/2025_H3N2,plate21-A/Malaysia/IMR/SARI/2028/2025_H3N2,5921,0.8816,0.8816
seqneut25to26_sera_5003,A/Malaysia/IMR/SARI/2028/2025_H3N2,plate21-A/Malaysia/IMR/SARI/2028/2025_H3N2,1.362e+04,0.8419,0.8419
seqneut25to26_sera_5003,A/Malaysia/IMR/SARI/2406/2025_H3N2,plate21-A/Malaysia/IMR/SARI/2406/2025_H3N2,40,0.03648,0.03648
seqneut25to26_sera_5003,A/Malaysia/IMR/SARI/2406/2025_H3N2,plate21-A/Malaysia/IMR/SARI/2406/2025_H3N2,92,0.1476,0.1476
seqneut25to26_sera_5003,A/Malaysia/IMR/SARI/2406/2025_H3N2,plate21-A/Malaysia/IMR/SARI/2406/2025_H3N2,212,0.4646,0.4646
seqneut25to26_sera_5003,A/Malaysia/IMR/SARI/2406/2025_H3N2,plate21-A/Malaysia/IMR/SARI/2406/2025_H3N2,487,0.5998,0.5998
seqneut25to26_sera_5003,A/Malaysia/IMR/SARI/2406/2025_H3N2,plate21-A/Malaysia/IMR/SARI/2406/2025_H3N2,1119,0.7427,0.7427
seqneut25to26_sera_5003,A/Malaysia/IMR/SARI/2406/2025_H3N2,plate21-A/Malaysia/IMR/SARI/2406/2025_H3N2,2575,1.014,1
seqneut25to26_sera_5003,A/Malaysia/IMR/SARI/2406/2025_H3N2,plate21-A/Malaysia/IMR/SARI/2406/2025_H3N2,5921,1.053,1
seqneut25to26_sera_5003,A/Malaysia/IMR/SARI/2406/2025_H3N2,plate21-A/Malaysia/IMR/SARI/2406/2025_H3N2,1.362e+04,1.149,1
seqneut25to26_sera_5003,A/Malaysia/IMR/SARI/2517/2025_H3N2,plate21-A/Malaysia/IMR/SARI/2517/2025_H3N2,40,0.05806,0.05806
seqneut25to26_sera_5003,A/Malaysia/IMR/SARI/2517/2025_H3N2,plate21-A/Malaysia/IMR/SARI/2517/2025_H3N2,92,0.2951,0.2951
seqneut25to26_sera_5003,A/Malaysia/IMR/SARI/2517/2025_H3N2,plate21-A/Malaysia/IMR/SARI/2517/2025_H3N2,212,0.4639,0.4639
seqneut25to26_sera_5003,A/Malaysia/IMR/SARI/2517/2025_H3N2,plate21-A/Malaysia/IMR/SARI/2517/2025_H3N2,487,0.7494,0.7494
seqneut25to26_sera_5003,A/Malaysia/IMR/SARI/2517/2025_H3N2,plate21-A/Malaysia/IMR/SARI/2517/2025_H3N2,1119,0.7364,0.7364
seqneut25to26_sera_5003,A/Malaysia/IMR/SARI/2517/2025_H3N2,plate21-A/Malaysia/IMR/SARI/2517/2025_H3N2,2575,0.9604,0.9604
seqneut25to26_sera_5003,A/Malaysia/IMR/SARI/2517/2025_H3N2,plate21-A/Malaysia/IMR/SARI/2517/2025_H3N2,5921,0.9409,0.9409
seqneut25to26_sera_5003,A/Malaysia/IMR/SARI/2517/2025_H3N2,plate21-A/Malaysia/IMR/SARI/2517/2025_H3N2,1.362e+04,1.194,1
seqneut25to26_sera_5003,A/Massachusetts/18/2022_H3N2,plate21-A/Massachusetts/18/2022_H3N2,40,0.02855,0.02855
seqneut25to26_sera_5003,A/Massachusetts/18/2022_H3N2,plate21-A/Massachusetts/18/2022_H3N2,92,0.3666,0.3666
seqneut25to26_sera_5003,A/Massachusetts/18/2022_H3N2,plate21-A/Massachusetts/18/2022_H3N2,212,0.8048,0.8048
seqneut25to26_sera_5003,A/Massachusetts/18/2022_H3N2,plate21-A/Massachusetts/18/2022_H3N2,487,0.6833,0.6833
seqneut25to26_sera_5003,A/Massachusetts/18/2022_H3N2,plate21-A/Massachusetts/18/2022_H3N2,1119,1.167,1
seqneut25to26_sera_5003,A/Massachusetts/18/2022_H3N2,plate21-A/Massachusetts/18/2022_H3N2,2575,0.8467,0.8467
seqneut25to26_sera_5003,A/Massachusetts/18/2022_H3N2,plate21-A/Massachusetts/18/2022_H3N2,5921,1.122,1
seqneut25to26_sera_5003,A/Massachusetts/18/2022_H3N2,plate21-A/Massachusetts/18/2022_H3N2,1.362e+04,1.226,1
seqneut25to26_sera_5003,A/Michigan/110/2025_H3N2,plate21-A/Michigan/110/2025_H3N2,40,0.07991,0.07991
seqneut25to26_sera_5003,A/Michigan/110/2025_H3N2,plate21-A/Michigan/110/2025_H3N2,92,0.2194,0.2194
seqneut25to26_sera_5003,A/Michigan/110/2025_H3N2,plate21-A/Michigan/110/2025_H3N2,212,0.2814,0.2814
seqneut25to26_sera_5003,A/Michigan/110/2025_H3N2,plate21-A/Michigan/110/2025_H3N2,487,0.6662,0.6662
seqneut25to26_sera_5003,A/Michigan/110/2025_H3N2,plate21-A/Michigan/110/2025_H3N2,1119,0.9635,0.9635
seqneut25to26_sera_5003,A/Michigan/110/2025_H3N2,plate21-A/Michigan/110/2025_H3N2,2575,1.059,1
seqneut25to26_sera_5003,A/Michigan/110/2025_H3N2,plate21-A/Michigan/110/2025_H3N2,5921,0.9123,0.9123
seqneut25to26_sera_5003,A/Michigan/110/2025_H3N2,plate21-A/Michigan/110/2025_H3N2,1.362e+04,1.131,1
seqneut25to26_sera_5003,A/Minnesota/96/2025_H3N2,plate21-A/Minnesota/96/2025_H3N2,40,0.07518,0.07518
seqneut25to26_sera_5003,A/Minnesota/96/2025_H3N2,plate21-A/Minnesota/96/2025_H3N2,92,0.1353,0.1353
seqneut25to26_sera_5003,A/Minnesota/96/2025_H3N2,plate21-A/Minnesota/96/2025_H3N2,212,0.291,0.291
seqneut25to26_sera_5003,A/Minnesota/96/2025_H3N2,plate21-A/Minnesota/96/2025_H3N2,487,0.4577,0.4577
seqneut25to26_sera_5003,A/Minnesota/96/2025_H3N2,plate21-A/Minnesota/96/2025_H3N2,1119,0.9817,0.9817
seqneut25to26_sera_5003,A/Minnesota/96/2025_H3N2,plate21-A/Minnesota/96/2025_H3N2,2575,0.9458,0.9458
seqneut25to26_sera_5003,A/Minnesota/96/2025_H3N2,plate21-A/Minnesota/96/2025_H3N2,5921,1.173,1
seqneut25to26_sera_5003,A/Minnesota/96/2025_H3N2,plate21-A/Minnesota/96/2025_H3N2,1.362e+04,1.299,1
seqneut25to26_sera_5003,A/Missouri/11/2025_H1N1,plate21-A/Missouri/11/2025_H1N1,40,0.002074,0.002074
seqneut25to26_sera_5003,A/Missouri/11/2025_H1N1,plate21-A/Missouri/11/2025_H1N1,92,0.002996,0.002996
seqneut25to26_sera_5003,A/Missouri/11/2025_H1N1,plate21-A/Missouri/11/2025_H1N1,212,0.05024,0.05024
seqneut25to26_sera_5003,A/Missouri/11/2025_H1N1,plate21-A/Missouri/11/2025_H1N1,487,0.3052,0.3052
seqneut25to26_sera_5003,A/Missouri/11/2025_H1N1,plate21-A/Missouri/11/2025_H1N1,1119,0.6851,0.6851
seqneut25to26_sera_5003,A/Missouri/11/2025_H1N1,plate21-A/Missouri/11/2025_H1N1,2575,1.086,1
seqneut25to26_sera_5003,A/Missouri/11/2025_H1N1,plate21-A/Missouri/11/2025_H1N1,5921,0.8017,0.8017
seqneut25to26_sera_5003,A/Missouri/11/2025_H1N1,plate21-A/Missouri/11/2025_H1N1,1.362e+04,1.44,1
seqneut25to26_sera_5003,A/NewSouthWales/2526015582/2025_H3N2,plate21-A/NewSouthWales/2526015582/2025_H3N2,40,0.07835,0.07835
seqneut25to26_sera_5003,A/NewSouthWales/2526015582/2025_H3N2,plate21-A/NewSouthWales/2526015582/2025_H3N2,92,0.4084,0.4084
seqneut25to26_sera_5003,A/NewSouthWales/2526015582/2025_H3N2,plate21-A/NewSouthWales/2526015582/2025_H3N2,212,0.3937,0.3937
seqneut25to26_sera_5003,A/NewSouthWales/2526015582/2025_H3N2,plate21-A/NewSouthWales/2526015582/2025_H3N2,487,0.7777,0.7777
seqneut25to26_sera_5003,A/NewSouthWales/2526015582/2025_H3N2,plate21-A/NewSouthWales/2526015582/2025_H3N2,1119,0.9397,0.9397
seqneut25to26_sera_5003,A/NewSouthWales/2526015582/2025_H3N2,plate21-A/NewSouthWales/2526015582/2025_H3N2,2575,1.053,1
seqneut25to26_sera_5003,A/NewSouthWales/2526015582/2025_H3N2,plate21-A/NewSouthWales/2526015582/2025_H3N2,5921,1.096,1
seqneut25to26_sera_5003,A/NewSouthWales/2526015582/2025_H3N2,plate21-A/NewSouthWales/2526015582/2025_H3N2,1.362e+04,1.162,1
seqneut25to26_sera_5003,A/NewSouthWales/2526015584/2025_H3N2,plate21-A/NewSouthWales/2526015584/2025_H3N2,40,0.01229,0.01229
seqneut25to26_sera_5003,A/NewSouthWales/2526015584/2025_H3N2,plate21-A/NewSouthWales/2526015584/2025_H3N2,92,0.1584,0.1584
seqneut25to26_sera_5003,A/NewSouthWales/2526015584/2025_H3N2,plate21-A/NewSouthWales/2526015584/2025_H3N2,212,0.228,0.228
seqneut25to26_sera_5003,A/NewSouthWales/2526015584/2025_H3N2,plate21-A/NewSouthWales/2526015584/2025_H3N2,487,0.5611,0.5611
seqneut25to26_sera_5003,A/NewSouthWales/2526015584/2025_H3N2,plate21-A/NewSouthWales/2526015584/2025_H3N2,1119,1.021,1
seqneut25to26_sera_5003,A/NewSouthWales/2526015584/2025_H3N2,plate21-A/NewSouthWales/2526015584/2025_H3N2,2575,0.8576,0.8576
seqneut25to26_sera_5003,A/NewSouthWales/2526015584/2025_H3N2,plate21-A/NewSouthWales/2526015584/2025_H3N2,5921,1.159,1
seqneut25to26_sera_5003,A/NewSouthWales/2526015584/2025_H3N2,plate21-A/NewSouthWales/2526015584/2025_H3N2,1.362e+04,1.365,1
seqneut25to26_sera_5003,A/Norway/8765/2025_H3N2,plate21-A/Norway/8765/2025_H3N2,40,0.06989,0.06989
seqneut25to26_sera_5003,A/Norway/8765/2025_H3N2,plate21-A/Norway/8765/2025_H3N2,92,0.3645,0.3645
seqneut25to26_sera_5003,A/Norway/8765/2025_H3N2,plate21-A/Norway/8765/2025_H3N2,212,0.3925,0.3925
seqneut25to26_sera_5003,A/Norway/8765/2025_H3N2,plate21-A/Norway/8765/2025_H3N2,487,0.6979,0.6979
seqneut25to26_sera_5003,A/Norway/8765/2025_H3N2,plate21-A/Norway/8765/2025_H3N2,1119,0.8346,0.8346
seqneut25to26_sera_5003,A/Norway/8765/2025_H3N2,plate21-A/Norway/8765/2025_H3N2,2575,0.8308,0.8308
seqneut25to26_sera_5003,A/Norway/8765/2025_H3N2,plate21-A/Norway/8765/2025_H3N2,5921,1.128,1
seqneut25to26_sera_5003,A/Norway/8765/2025_H3N2,plate21-A/Norway/8765/2025_H3N2,1.362e+04,1.287,1
seqneut25to26_sera_5003,A/Norway/8976/2025_H3N2,plate21-A/Norway/8976/2025_H3N2,40,0.05785,0.05785
seqneut25to26_sera_5003,A/Norway/8976/2025_H3N2,plate21-A/Norway/8976/2025_H3N2,92,0.3903,0.3903
seqneut25to26_sera_5003,A/Norway/8976/2025_H3N2,plate21-A/Norway/8976/2025_H3N2,212,0.3714,0.3714
seqneut25to26_sera_5003,A/Norway/8976/2025_H3N2,plate21-A/Norway/8976/2025_H3N2,487,0.9026,0.9026
seqneut25to26_sera_5003,A/Norway/8976/2025_H3N2,plate21-A/Norway/8976/2025_H3N2,1119,0.7234,0.7234
seqneut25to26_sera_5003,A/Norway/8976/2025_H3N2,plate21-A/Norway/8976/2025_H3N2,2575,0.9363,0.9363
seqneut25to26_sera_5003,A/Norway/8976/2025_H3N2,plate21-A/Norway/8976/2025_H3N2,5921,1.091,1
seqneut25to26_sera_5003,A/Norway/8976/2025_H3N2,plate21-A/Norway/8976/2025_H3N2,1.362e+04,1.11,1
seqneut25to26_sera_5003,A/Norway/9107/2025_H1N1,plate21-A/Norway/9107/2025_H1N1,40,0.00547,0.00547
seqneut25to26_sera_5003,A/Norway/9107/2025_H1N1,plate21-A/Norway/9107/2025_H1N1,92,0.009376,0.009376
seqneut25to26_sera_5003,A/Norway/9107/2025_H1N1,plate21-A/Norway/9107/2025_H1N1,212,0.06618,0.06618
seqneut25to26_sera_5003,A/Norway/9107/2025_H1N1,plate21-A/Norway/9107/2025_H1N1,487,0.2732,0.2732
seqneut25to26_sera_5003,A/Norway/9107/2025_H1N1,plate21-A/Norway/9107/2025_H1N1,1119,0.8916,0.8916
seqneut25to26_sera_5003,A/Norway/9107/2025_H1N1,plate21-A/Norway/9107/2025_H1N1,2575,1.019,1
seqneut25to26_sera_5003,A/Norway/9107/2025_H1N1,plate21-A/Norway/9107/2025_H1N1,5921,1.312,1
seqneut25to26_sera_5003,A/Norway/9107/2025_H1N1,plate21-A/Norway/9107/2025_H1N1,1.362e+04,1.25,1
seqneut25to26_sera_5003,A/Norway/9556/2025_H1N1,plate21-A/Norway/9556/2025_H1N1,40,0.01416,0.01416
seqneut25to26_sera_5003,A/Norway/9556/2025_H1N1,plate21-A/Norway/9556/2025_H1N1,92,0.02291,0.02291
seqneut25to26_sera_5003,A/Norway/9556/2025_H1N1,plate21-A/Norway/9556/2025_H1N1,212,0.3076,0.3076
seqneut25to26_sera_5003,A/Norway/9556/2025_H1N1,plate21-A/Norway/9556/2025_H1N1,487,0.6187,0.6187
seqneut25to26_sera_5003,A/Norway/9556/2025_H1N1,plate21-A/Norway/9556/2025_H1N1,1119,0.8949,0.8949
seqneut25to26_sera_5003,A/Norway/9556/2025_H1N1,plate21-A/Norway/9556/2025_H1N1,2575,1.163,1
seqneut25to26_sera_5003,A/Norway/9556/2025_H1N1,plate21-A/Norway/9556/2025_H1N1,5921,1.128,1
seqneut25to26_sera_5003,A/Norway/9556/2025_H1N1,plate21-A/Norway/9556/2025_H1N1,1.362e+04,1.542,1
seqneut25to26_sera_5003,A/Peru/GIHSN-04-1089/2025_H3N2,plate21-A/Peru/GIHSN-04-1089/2025_H3N2,40,0.1087,0.1087
seqneut25to26_sera_5003,A/Peru/GIHSN-04-1089/2025_H3N2,plate21-A/Peru/GIHSN-04-1089/2025_H3N2,92,0.3199,0.3199
seqneut25to26_sera_5003,A/Peru/GIHSN-04-1089/2025_H3N2,plate21-A/Peru/GIHSN-04-1089/2025_H3N2,212,0.5498,0.5498
seqneut25to26_sera_5003,A/Peru/GIHSN-04-1089/2025_H3N2,plate21-A/Peru/GIHSN-04-1089/2025_H3N2,487,0.4993,0.4993
seqneut25to26_sera_5003,A/Peru/GIHSN-04-1089/2025_H3N2,plate21-A/Peru/GIHSN-04-1089/2025_H3N2,1119,0.5297,0.5297
seqneut25to26_sera_5003,A/Peru/GIHSN-04-1089/2025_H3N2,plate21-A/Peru/GIHSN-04-1089/2025_H3N2,2575,0.928,0.928
seqneut25to26_sera_5003,A/Peru/GIHSN-04-1089/2025_H3N2,plate21-A/Peru/GIHSN-04-1089/2025_H3N2,5921,1.068,1
seqneut25to26_sera_5003,A/Peru/GIHSN-04-1089/2025_H3N2,plate21-A/Peru/GIHSN-04-1089/2025_H3N2,1.362e+04,1.265,1
seqneut25to26_sera_5003,A/Philippines/SARI25-1425/2025_H1N1,plate21-A/Philippines/SARI25-1425/2025_H1N1,40,0.005438,0.005438
seqneut25to26_sera_5003,A/Philippines/SARI25-1425/2025_H1N1,plate21-A/Philippines/SARI25-1425/2025_H1N1,92,0.02463,0.02463
seqneut25to26_sera_5003,A/Philippines/SARI25-1425/2025_H1N1,plate21-A/Philippines/SARI25-1425/2025_H1N1,212,0.08703,0.08703
seqneut25to26_sera_5003,A/Philippines/SARI25-1425/2025_H1N1,plate21-A/Philippines/SARI25-1425/2025_H1N1,487,0.608,0.608
seqneut25to26_sera_5003,A/Philippines/SARI25-1425/2025_H1N1,plate21-A/Philippines/SARI25-1425/2025_H1N1,1119,1.024,1
seqneut25to26_sera_5003,A/Philippines/SARI25-1425/2025_H1N1,plate21-A/Philippines/SARI25-1425/2025_H1N1,2575,1.056,1
seqneut25to26_sera_5003,A/Philippines/SARI25-1425/2025_H1N1,plate21-A/Philippines/SARI25-1425/2025_H1N1,5921,1.385,1
seqneut25to26_sera_5003,A/Philippines/SARI25-1425/2025_H1N1,plate21-A/Philippines/SARI25-1425/2025_H1N1,1.362e+04,1.071,1
seqneut25to26_sera_5003,A/Queensland/2526516675/2025_H3N2,plate21-A/Queensland/2526516675/2025_H3N2,40,0.05652,0.05652
seqneut25to26_sera_5003,A/Queensland/2526516675/2025_H3N2,plate21-A/Queensland/2526516675/2025_H3N2,92,0.2871,0.2871
seqneut25to26_sera_5003,A/Queensland/2526516675/2025_H3N2,plate21-A/Queensland/2526516675/2025_H3N2,212,0.3687,0.3687
seqneut25to26_sera_5003,A/Queensland/2526516675/2025_H3N2,plate21-A/Queensland/2526516675/2025_H3N2,487,0.6246,0.6246
seqneut25to26_sera_5003,A/Queensland/2526516675/2025_H3N2,plate21-A/Queensland/2526516675/2025_H3N2,1119,0.8469,0.8469
seqneut25to26_sera_5003,A/Queensland/2526516675/2025_H3N2,plate21-A/Queensland/2526516675/2025_H3N2,2575,0.9443,0.9443
seqneut25to26_sera_5003,A/Queensland/2526516675/2025_H3N2,plate21-A/Queensland/2526516675/2025_H3N2,5921,0.9689,0.9689
seqneut25to26_sera_5003,A/Queensland/2526516675/2025_H3N2,plate21-A/Queensland/2526516675/2025_H3N2,1.362e+04,1.131,1
seqneut25to26_sera_5003,A/SouthAfrica/PET37604/2025_H3N2,plate21-A/SouthAfrica/PET37604/2025_H3N2,40,0.07576,0.07576
seqneut25to26_sera_5003,A/SouthAfrica/PET37604/2025_H3N2,plate21-A/SouthAfrica/PET37604/2025_H3N2,92,0.1355,0.1355
seqneut25to26_sera_5003,A/SouthAfrica/PET37604/2025_H3N2,plate21-A/SouthAfrica/PET37604/2025_H3N2,212,0.352,0.352
seqneut25to26_sera_5003,A/SouthAfrica/PET37604/2025_H3N2,plate21-A/SouthAfrica/PET37604/2025_H3N2,487,0.4147,0.4147
seqneut25to26_sera_5003,A/SouthAfrica/PET37604/2025_H3N2,plate21-A/SouthAfrica/PET37604/2025_H3N2,1119,0.7666,0.7666
seqneut25to26_sera_5003,A/SouthAfrica/PET37604/2025_H3N2,plate21-A/SouthAfrica/PET37604/2025_H3N2,2575,0.9467,0.9467
seqneut25to26_sera_5003,A/SouthAfrica/PET37604/2025_H3N2,plate21-A/SouthAfrica/PET37604/2025_H3N2,5921,0.8915,0.8915
seqneut25to26_sera_5003,A/SouthAfrica/PET37604/2025_H3N2,plate21-A/SouthAfrica/PET37604/2025_H3N2,1.362e+04,1.055,1
seqneut25to26_sera_5003,A/SouthAfrica/PET37625/2025_H3N2,plate21-A/SouthAfrica/PET37625/2025_H3N2,40,0.0329,0.0329
seqneut25to26_sera_5003,A/SouthAfrica/PET37625/2025_H3N2,plate21-A/SouthAfrica/PET37625/2025_H3N2,92,0.1329,0.1329
seqneut25to26_sera_5003,A/SouthAfrica/PET37625/2025_H3N2,plate21-A/SouthAfrica/PET37625/2025_H3N2,212,0.4162,0.4162
seqneut25to26_sera_5003,A/SouthAfrica/PET37625/2025_H3N2,plate21-A/SouthAfrica/PET37625/2025_H3N2,487,0.86,0.86
seqneut25to26_sera_5003,A/SouthAfrica/PET37625/2025_H3N2,plate21-A/SouthAfrica/PET37625/2025_H3N2,1119,0.9223,0.9223
seqneut25to26_sera_5003,A/SouthAfrica/PET37625/2025_H3N2,plate21-A/SouthAfrica/PET37625/2025_H3N2,2575,1.004,1
seqneut25to26_sera_5003,A/SouthAfrica/PET37625/2025_H3N2,plate21-A/SouthAfrica/PET37625/2025_H3N2,5921,1.189,1
seqneut25to26_sera_5003,A/SouthAfrica/PET37625/2025_H3N2,plate21-A/SouthAfrica/PET37625/2025_H3N2,1.362e+04,1.186,1
seqneut25to26_sera_5003,A/SouthAustralia/2519001037/2025_H1N1,plate21-A/SouthAustralia/2519001037/2025_H1N1,40,0.002704,0.002704
seqneut25to26_sera_5003,A/SouthAustralia/2519001037/2025_H1N1,plate21-A/SouthAustralia/2519001037/2025_H1N1,92,0.00673,0.00673
seqneut25to26_sera_5003,A/SouthAustralia/2519001037/2025_H1N1,plate21-A/SouthAustralia/2519001037/2025_H1N1,212,0.07324,0.07324
seqneut25to26_sera_5003,A/SouthAustralia/2519001037/2025_H1N1,plate21-A/SouthAustralia/2519001037/2025_H1N1,487,0.3407,0.3407
seqneut25to26_sera_5003,A/SouthAustralia/2519001037/2025_H1N1,plate21-A/SouthAustralia/2519001037/2025_H1N1,1119,0.7409,0.7409
seqneut25to26_sera_5003,A/SouthAustralia/2519001037/2025_H1N1,plate21-A/SouthAustralia/2519001037/2025_H1N1,2575,1.245,1
seqneut25to26_sera_5003,A/SouthAustralia/2519001037/2025_H1N1,plate21-A/SouthAustralia/2519001037/2025_H1N1,5921,0.9928,0.9928
seqneut25to26_sera_5003,A/SouthAustralia/2519001037/2025_H1N1,plate21-A/SouthAustralia/2519001037/2025_H1N1,1.362e+04,1.202,1
seqneut25to26_sera_5003,A/SouthAustralia/2520702747/2025_H1N1,plate21-A/SouthAustralia/2520702747/2025_H1N1,40,0.001789,0.001789
seqneut25to26_sera_5003,A/SouthAustralia/2520702747/2025_H1N1,plate21-A/SouthAustralia/2520702747/2025_H1N1,92,0.001162,0.001162
seqneut25to26_sera_5003,A/SouthAustralia/2520702747/2025_H1N1,plate21-A/SouthAustralia/2520702747/2025_H1N1,212,0.07965,0.07965
seqneut25to26_sera_5003,A/SouthAustralia/2520702747/2025_H1N1,plate21-A/SouthAustralia/2520702747/2025_H1N1,487,0.1565,0.1565
seqneut25to26_sera_5003,A/SouthAustralia/2520702747/2025_H1N1,plate21-A/SouthAustralia/2520702747/2025_H1N1,1119,0.7925,0.7925
seqneut25to26_sera_5003,A/SouthAustralia/2520702747/2025_H1N1,plate21-A/SouthAustralia/2520702747/2025_H1N1,2575,1.09,1
seqneut25to26_sera_5003,A/SouthAustralia/2520702747/2025_H1N1,plate21-A/SouthAustralia/2520702747/2025_H1N1,5921,1.037,1
seqneut25to26_sera_5003,A/SouthAustralia/2520702747/2025_H1N1,plate21-A/SouthAustralia/2520702747/2025_H1N1,1.362e+04,1.101,1
seqneut25to26_sera_5003,A/SouthAustralia/2523012764/2025_H1N1,plate21-A/SouthAustralia/2523012764/2025_H1N1,40,0.004062,0.004062
seqneut25to26_sera_5003,A/SouthAustralia/2523012764/2025_H1N1,plate21-A/SouthAustralia/2523012764/2025_H1N1,92,0.008611,0.008611
seqneut25to26_sera_5003,A/SouthAustralia/2523012764/2025_H1N1,plate21-A/SouthAustralia/2523012764/2025_H1N1,212,0.0273,0.0273
seqneut25to26_sera_5003,A/SouthAustralia/2523012764/2025_H1N1,plate21-A/SouthAustralia/2523012764/2025_H1N1,487,0.1535,0.1535
seqneut25to26_sera_5003,A/SouthAustralia/2523012764/2025_H1N1,plate21-A/SouthAustralia/2523012764/2025_H1N1,1119,0.6024,0.6024
seqneut25to26_sera_5003,A/SouthAustralia/2523012764/2025_H1N1,plate21-A/SouthAustralia/2523012764/2025_H1N1,2575,0.7268,0.7268
seqneut25to26_sera_5003,A/SouthAustralia/2523012764/2025_H1N1,plate21-A/SouthAustralia/2523012764/2025_H1N1,5921,1.438,1
seqneut25to26_sera_5003,A/SouthAustralia/2523012764/2025_H1N1,plate21-A/SouthAustralia/2523012764/2025_H1N1,1.362e+04,0.9415,0.9415
seqneut25to26_sera_5003,A/SouthAustralia/2523812314/2025_H3N2,plate21-A/SouthAustralia/2523812314/2025_H3N2,40,0.06235,0.06235
seqneut25to26_sera_5003,A/SouthAustralia/2523812314/2025_H3N2,plate21-A/SouthAustralia/2523812314/2025_H3N2,92,0.2484,0.2484
seqneut25to26_sera_5003,A/SouthAustralia/2523812314/2025_H3N2,plate21-A/SouthAustralia/2523812314/2025_H3N2,212,0.3052,0.3052
seqneut25to26_sera_5003,A/SouthAustralia/2523812314/2025_H3N2,plate21-A/SouthAustralia/2523812314/2025_H3N2,487,0.9424,0.9424
seqneut25to26_sera_5003,A/SouthAustralia/2523812314/2025_H3N2,plate21-A/SouthAustralia/2523812314/2025_H3N2,1119,0.7552,0.7552
seqneut25to26_sera_5003,A/SouthAustralia/2523812314/2025_H3N2,plate21-A/SouthAustralia/2523812314/2025_H3N2,2575,0.9544,0.9544
seqneut25to26_sera_5003,A/SouthAustralia/2523812314/2025_H3N2,plate21-A/SouthAustralia/2523812314/2025_H3N2,5921,0.9194,0.9194
seqneut25to26_sera_5003,A/SouthAustralia/2523812314/2025_H3N2,plate21-A/SouthAustralia/2523812314/2025_H3N2,1.362e+04,1.118,1
seqneut25to26_sera_5003,A/SouthAustralia/2524408801/2025_H3N2,plate21-A/SouthAustralia/2524408801/2025_H3N2,40,0.08295,0.08295
seqneut25to26_sera_5003,A/SouthAustralia/2524408801/2025_H3N2,plate21-A/SouthAustralia/2524408801/2025_H3N2,92,0.3802,0.3802
seqneut25to26_sera_5003,A/SouthAustralia/2524408801/2025_H3N2,plate21-A/SouthAustralia/2524408801/2025_H3N2,212,0.4563,0.4563
seqneut25to26_sera_5003,A/SouthAustralia/2524408801/2025_H3N2,plate21-A/SouthAustralia/2524408801/2025_H3N2,487,0.8501,0.8501
seqneut25to26_sera_5003,A/SouthAustralia/2524408801/2025_H3N2,plate21-A/SouthAustralia/2524408801/2025_H3N2,1119,0.8725,0.8725
seqneut25to26_sera_5003,A/SouthAustralia/2524408801/2025_H3N2,plate21-A/SouthAustralia/2524408801/2025_H3N2,2575,0.9042,0.9042
seqneut25to26_sera_5003,A/SouthAustralia/2524408801/2025_H3N2,plate21-A/SouthAustralia/2524408801/2025_H3N2,5921,1.185,1
seqneut25to26_sera_5003,A/SouthAustralia/2524408801/2025_H3N2,plate21-A/SouthAustralia/2524408801/2025_H3N2,1.362e+04,0.9914,0.9914
seqneut25to26_sera_5003,A/SouthAustralia/2524712956/2025_H1N1,plate21-A/SouthAustralia/2524712956/2025_H1N1,40,0.005206,0.005206
seqneut25to26_sera_5003,A/SouthAustralia/2524712956/2025_H1N1,plate21-A/SouthAustralia/2524712956/2025_H1N1,92,0.03287,0.03287
seqneut25to26_sera_5003,A/SouthAustralia/2524712956/2025_H1N1,plate21-A/SouthAustralia/2524712956/2025_H1N1,212,0.04475,0.04475
seqneut25to26_sera_5003,A/SouthAustralia/2524712956/2025_H1N1,plate21-A/SouthAustralia/2524712956/2025_H1N1,487,0.2539,0.2539
seqneut25to26_sera_5003,A/SouthAustralia/2524712956/2025_H1N1,plate21-A/SouthAustralia/2524712956/2025_H1N1,1119,0.6171,0.6171
seqneut25to26_sera_5003,A/SouthAustralia/2524712956/2025_H1N1,plate21-A/SouthAustralia/2524712956/2025_H1N1,2575,0.9505,0.9505
seqneut25to26_sera_5003,A/SouthAustralia/2524712956/2025_H1N1,plate21-A/SouthAustralia/2524712956/2025_H1N1,5921,1.102,1
seqneut25to26_sera_5003,A/SouthAustralia/2524712956/2025_H1N1,plate21-A/SouthAustralia/2524712956/2025_H1N1,1.362e+04,1.285,1
seqneut25to26_sera_5003,A/SouthAustralia/2525607496/2025_H3N2,plate21-A/SouthAustralia/2525607496/2025_H3N2,40,0.001442,0.001442
seqneut25to26_sera_5003,A/SouthAustralia/2525607496/2025_H3N2,plate21-A/SouthAustralia/2525607496/2025_H3N2,92,0.08898,0.08898
seqneut25to26_sera_5003,A/SouthAustralia/2525607496/2025_H3N2,plate21-A/SouthAustralia/2525607496/2025_H3N2,212,0.4676,0.4676
seqneut25to26_sera_5003,A/SouthAustralia/2525607496/2025_H3N2,plate21-A/SouthAustralia/2525607496/2025_H3N2,487,0.4187,0.4187
seqneut25to26_sera_5003,A/SouthAustralia/2525607496/2025_H3N2,plate21-A/SouthAustralia/2525607496/2025_H3N2,1119,0.9558,0.9558
seqneut25to26_sera_5003,A/SouthAustralia/2525607496/2025_H3N2,plate21-A/SouthAustralia/2525607496/2025_H3N2,2575,0.7777,0.7777
seqneut25to26_sera_5003,A/SouthAustralia/2525607496/2025_H3N2,plate21-A/SouthAustralia/2525607496/2025_H3N2,5921,0.7632,0.7632
seqneut25to26_sera_5003,A/SouthAustralia/2525607496/2025_H3N2,plate21-A/SouthAustralia/2525607496/2025_H3N2,1.362e+04,0.9747,0.9747
seqneut25to26_sera_5003,A/SouthAustralia/2527003588/2025_H3N2,plate21-A/SouthAustralia/2527003588/2025_H3N2,40,0.1002,0.1002
seqneut25to26_sera_5003,A/SouthAustralia/2527003588/2025_H3N2,plate21-A/SouthAustralia/2527003588/2025_H3N2,92,0.4349,0.4349
seqneut25to26_sera_5003,A/SouthAustralia/2527003588/2025_H3N2,plate21-A/SouthAustralia/2527003588/2025_H3N2,212,0.4135,0.4135
seqneut25to26_sera_5003,A/SouthAustralia/2527003588/2025_H3N2,plate21-A/SouthAustralia/2527003588/2025_H3N2,487,0.9688,0.9688
seqneut25to26_sera_5003,A/SouthAustralia/2527003588/2025_H3N2,plate21-A/SouthAustralia/2527003588/2025_H3N2,1119,1.184,1
seqneut25to26_sera_5003,A/SouthAustralia/2527003588/2025_H3N2,plate21-A/SouthAustralia/2527003588/2025_H3N2,2575,1.144,1
seqneut25to26_sera_5003,A/SouthAustralia/2527003588/2025_H3N2,plate21-A/SouthAustralia/2527003588/2025_H3N2,5921,0.8027,0.8027
seqneut25to26_sera_5003,A/SouthAustralia/2527003588/2025_H3N2,plate21-A/SouthAustralia/2527003588/2025_H3N2,1.362e+04,1.124,1
seqneut25to26_sera_5003,A/SouthAustralia/2527213276/2025_H3N2,plate21-A/SouthAustralia/2527213276/2025_H3N2,40,0.0292,0.0292
seqneut25to26_sera_5003,A/SouthAustralia/2527213276/2025_H3N2,plate21-A/SouthAustralia/2527213276/2025_H3N2,92,0.1536,0.1536
seqneut25to26_sera_5003,A/SouthAustralia/2527213276/2025_H3N2,plate21-A/SouthAustralia/2527213276/2025_H3N2,212,0.508,0.508
seqneut25to26_sera_5003,A/SouthAustralia/2527213276/2025_H3N2,plate21-A/SouthAustralia/2527213276/2025_H3N2,487,0.4735,0.4735
seqneut25to26_sera_5003,A/SouthAustralia/2527213276/2025_H3N2,plate21-A/SouthAustralia/2527213276/2025_H3N2,1119,0.7008,0.7008
seqneut25to26_sera_5003,A/SouthAustralia/2527213276/2025_H3N2,plate21-A/SouthAustralia/2527213276/2025_H3N2,2575,0.8619,0.8619
seqneut25to26_sera_5003,A/SouthAustralia/2527213276/2025_H3N2,plate21-A/SouthAustralia/2527213276/2025_H3N2,5921,1.188,1
seqneut25to26_sera_5003,A/SouthAustralia/2527213276/2025_H3N2,plate21-A/SouthAustralia/2527213276/2025_H3N2,1.362e+04,0.6625,0.6625
seqneut25to26_sera_5003,A/SouthAustralia/2527612456/2025_H1N1,plate21-A/SouthAustralia/2527612456/2025_H1N1,40,0.0005049,0.0005049
seqneut25to26_sera_5003,A/SouthAustralia/2527612456/2025_H1N1,plate21-A/SouthAustralia/2527612456/2025_H1N1,92,0.009728,0.009728
seqneut25to26_sera_5003,A/SouthAustralia/2527612456/2025_H1N1,plate21-A/SouthAustralia/2527612456/2025_H1N1,212,0.06306,0.06306
seqneut25to26_sera_5003,A/SouthAustralia/2527612456/2025_H1N1,plate21-A/SouthAustralia/2527612456/2025_H1N1,487,0.2685,0.2685
seqneut25to26_sera_5003,A/SouthAustralia/2527612456/2025_H1N1,plate21-A/SouthAustralia/2527612456/2025_H1N1,1119,1.163,1
seqneut25to26_sera_5003,A/SouthAustralia/2527612456/2025_H1N1,plate21-A/SouthAustralia/2527612456/2025_H1N1,2575,1.292,1
seqneut25to26_sera_5003,A/SouthAustralia/2527612456/2025_H1N1,plate21-A/SouthAustralia/2527612456/2025_H1N1,5921,1.363,1
seqneut25to26_sera_5003,A/SouthAustralia/2527612456/2025_H1N1,plate21-A/SouthAustralia/2527612456/2025_H1N1,1.362e+04,1.288,1
seqneut25to26_sera_5003,A/SouthAustralia/2527902708/2025_H3N2,plate21-A/SouthAustralia/2527902708/2025_H3N2,40,0.08111,0.08111
seqneut25to26_sera_5003,A/SouthAustralia/2527902708/2025_H3N2,plate21-A/SouthAustralia/2527902708/2025_H3N2,92,0.5127,0.5127
seqneut25to26_sera_5003,A/SouthAustralia/2527902708/2025_H3N2,plate21-A/SouthAustralia/2527902708/2025_H3N2,212,0.4567,0.4567
seqneut25to26_sera_5003,A/SouthAustralia/2527902708/2025_H3N2,plate21-A/SouthAustralia/2527902708/2025_H3N2,487,0.9327,0.9327
seqneut25to26_sera_5003,A/SouthAustralia/2527902708/2025_H3N2,plate21-A/SouthAustralia/2527902708/2025_H3N2,1119,1.622,1
seqneut25to26_sera_5003,A/SouthAustralia/2527902708/2025_H3N2,plate21-A/SouthAustralia/2527902708/2025_H3N2,2575,1.017,1
seqneut25to26_sera_5003,A/SouthAustralia/2527902708/2025_H3N2,plate21-A/SouthAustralia/2527902708/2025_H3N2,5921,0.8832,0.8832
seqneut25to26_sera_5003,A/SouthAustralia/2527902708/2025_H3N2,plate21-A/SouthAustralia/2527902708/2025_H3N2,1.362e+04,1.205,1
seqneut25to26_sera_5003,A/Sydney/1359/2024_H3N2,plate21-A/Sydney/1359/2024_H3N2,40,0.003457,0.003457
seqneut25to26_sera_5003,A/Sydney/1359/2024_H3N2,plate21-A/Sydney/1359/2024_H3N2,92,0.2054,0.2054
seqneut25to26_sera_5003,A/Sydney/1359/2024_H3N2,plate21-A/Sydney/1359/2024_H3N2,212,0.2594,0.2594
seqneut25to26_sera_5003,A/Sydney/1359/2024_H3N2,plate21-A/Sydney/1359/2024_H3N2,487,0.4751,0.4751
seqneut25to26_sera_5003,A/Sydney/1359/2024_H3N2,plate21-A/Sydney/1359/2024_H3N2,1119,1.101,1
seqneut25to26_sera_5003,A/Sydney/1359/2024_H3N2,plate21-A/Sydney/1359/2024_H3N2,2575,0.7811,0.7811
seqneut25to26_sera_5003,A/Sydney/1359/2024_H3N2,plate21-A/Sydney/1359/2024_H3N2,5921,0.8045,0.8045
seqneut25to26_sera_5003,A/Sydney/1359/2024_H3N2,plate21-A/Sydney/1359/2024_H3N2,1.362e+04,1.184,1
seqneut25to26_sera_5003,A/Sydney/400/2025_H1N1,plate21-A/Sydney/400/2025_H1N1,40,0.003829,0.003829
seqneut25to26_sera_5003,A/Sydney/400/2025_H1N1,plate21-A/Sydney/400/2025_H1N1,92,0.07358,0.07358
seqneut25to26_sera_5003,A/Sydney/400/2025_H1N1,plate21-A/Sydney/400/2025_H1N1,212,0.2033,0.2033
seqneut25to26_sera_5003,A/Sydney/400/2025_H1N1,plate21-A/Sydney/400/2025_H1N1,487,0.6075,0.6075
seqneut25to26_sera_5003,A/Sydney/400/2025_H1N1,plate21-A/Sydney/400/2025_H1N1,1119,0.8258,0.8258
seqneut25to26_sera_5003,A/Sydney/400/2025_H1N1,plate21-A/Sydney/400/2025_H1N1,2575,1.041,1
seqneut25to26_sera_5003,A/Sydney/400/2025_H1N1,plate21-A/Sydney/400/2025_H1N1,5921,1.295,1
seqneut25to26_sera_5003,A/Sydney/400/2025_H1N1,plate21-A/Sydney/400/2025_H1N1,1.362e+04,1.108,1
seqneut25to26_sera_5003,A/Tasmania/2521815682/2025_H3N2,plate21-A/Tasmania/2521815682/2025_H3N2,40,0.1557,0.1557
seqneut25to26_sera_5003,A/Tasmania/2521815682/2025_H3N2,plate21-A/Tasmania/2521815682/2025_H3N2,92,0.3237,0.3237
seqneut25to26_sera_5003,A/Tasmania/2521815682/2025_H3N2,plate21-A/Tasmania/2521815682/2025_H3N2,212,0.5662,0.5662
seqneut25to26_sera_5003,A/Tasmania/2521815682/2025_H3N2,plate21-A/Tasmania/2521815682/2025_H3N2,487,0.6207,0.6207
seqneut25to26_sera_5003,A/Tasmania/2521815682/2025_H3N2,plate21-A/Tasmania/2521815682/2025_H3N2,1119,0.8814,0.8814
seqneut25to26_sera_5003,A/Tasmania/2521815682/2025_H3N2,plate21-A/Tasmania/2521815682/2025_H3N2,2575,0.8614,0.8614
seqneut25to26_sera_5003,A/Tasmania/2521815682/2025_H3N2,plate21-A/Tasmania/2521815682/2025_H3N2,5921,1.071,1
seqneut25to26_sera_5003,A/Tasmania/2521815682/2025_H3N2,plate21-A/Tasmania/2521815682/2025_H3N2,1.362e+04,0.9585,0.9585
seqneut25to26_sera_5003,A/Thailand/8/2022_H3N2,plate21-A/Thailand/8/2022_H3N2,40,0.001799,0.001799
seqneut25to26_sera_5003,A/Thailand/8/2022_H3N2,plate21-A/Thailand/8/2022_H3N2,92,0.1286,0.1286
seqneut25to26_sera_5003,A/Thailand/8/2022_H3N2,plate21-A/Thailand/8/2022_H3N2,212,0.2292,0.2292
seqneut25to26_sera_5003,A/Thailand/8/2022_H3N2,plate21-A/Thailand/8/2022_H3N2,487,0.2914,0.2914
seqneut25to26_sera_5003,A/Thailand/8/2022_H3N2,plate21-A/Thailand/8/2022_H3N2,1119,1.229,1
seqneut25to26_sera_5003,A/Thailand/8/2022_H3N2,plate21-A/Thailand/8/2022_H3N2,2575,1.201,1
seqneut25to26_sera_5003,A/Thailand/8/2022_H3N2,plate21-A/Thailand/8/2022_H3N2,5921,0.8285,0.8285
seqneut25to26_sera_5003,A/Thailand/8/2022_H3N2,plate21-A/Thailand/8/2022_H3N2,1.362e+04,1.126,1
seqneut25to26_sera_5003,A/Vermont/73/2025_H3N2,plate21-A/Vermont/73/2025_H3N2,40,0.09207,0.09207
seqneut25to26_sera_5003,A/Vermont/73/2025_H3N2,plate21-A/Vermont/73/2025_H3N2,92,0.287,0.287
seqneut25to26_sera_5003,A/Vermont/73/2025_H3N2,plate21-A/Vermont/73/2025_H3N2,212,0.2655,0.2655
seqneut25to26_sera_5003,A/Vermont/73/2025_H3N2,plate21-A/Vermont/73/2025_H3N2,487,0.8844,0.8844
seqneut25to26_sera_5003,A/Vermont/73/2025_H3N2,plate21-A/Vermont/73/2025_H3N2,1119,0.7464,0.7464
seqneut25to26_sera_5003,A/Vermont/73/2025_H3N2,plate21-A/Vermont/73/2025_H3N2,2575,1.66,1
seqneut25to26_sera_5003,A/Vermont/73/2025_H3N2,plate21-A/Vermont/73/2025_H3N2,5921,1.107,1
seqneut25to26_sera_5003,A/Vermont/73/2025_H3N2,plate21-A/Vermont/73/2025_H3N2,1.362e+04,1.026,1
seqneut25to26_sera_5003,A/Victoria/4897/2022_IVR-238_H1N1,plate21-A/Victoria/4897/2022_IVR-238_H1N1,40,0,0
seqneut25to26_sera_5003,A/Victoria/4897/2022_IVR-238_H1N1,plate21-A/Victoria/4897/2022_IVR-238_H1N1,92,0,0
seqneut25to26_sera_5003,A/Victoria/4897/2022_IVR-238_H1N1,plate21-A/Victoria/4897/2022_IVR-238_H1N1,212,0.0001498,0.0001498
seqneut25to26_sera_5003,A/Victoria/4897/2022_IVR-238_H1N1,plate21-A/Victoria/4897/2022_IVR-238_H1N1,487,0,0
seqneut25to26_sera_5003,A/Victoria/4897/2022_IVR-238_H1N1,plate21-A/Victoria/4897/2022_IVR-238_H1N1,1119,0.01236,0.01236
seqneut25to26_sera_5003,A/Victoria/4897/2022_IVR-238_H1N1,plate21-A/Victoria/4897/2022_IVR-238_H1N1,2575,0.1848,0.1848
seqneut25to26_sera_5003,A/Victoria/4897/2022_IVR-238_H1N1,plate21-A/Victoria/4897/2022_IVR-238_H1N1,5921,0.6199,0.6199
seqneut25to26_sera_5003,A/Victoria/4897/2022_IVR-238_H1N1,plate21-A/Victoria/4897/2022_IVR-238_H1N1,1.362e+04,0.9853,0.9853
seqneut25to26_sera_5003,A/Wisconsin/588/2019_H1N1,plate21-A/Wisconsin/588/2019_H1N1,40,0.0005711,0.0005711
seqneut25to26_sera_5003,A/Wisconsin/588/2019_H1N1,plate21-A/Wisconsin/588/2019_H1N1,92,0.001402,0.001402
seqneut25to26_sera_5003,A/Wisconsin/588/2019_H1N1,plate21-A/Wisconsin/588/2019_H1N1,212,0.02227,0.02227
seqneut25to26_sera_5003,A/Wisconsin/588/2019_H1N1,plate21-A/Wisconsin/588/2019_H1N1,487,0.1946,0.1946
seqneut25to26_sera_5003,A/Wisconsin/588/2019_H1N1,plate21-A/Wisconsin/588/2019_H1N1,1119,0.777,0.777
seqneut25to26_sera_5003,A/Wisconsin/588/2019_H1N1,plate21-A/Wisconsin/588/2019_H1N1,2575,0.9255,0.9255
seqneut25to26_sera_5003,A/Wisconsin/588/2019_H1N1,plate21-A/Wisconsin/588/2019_H1N1,5921,1.003,1
seqneut25to26_sera_5003,A/Wisconsin/588/2019_H1N1,plate21-A/Wisconsin/588/2019_H1N1,1.362e+04,1.48,1
seqneut25to26_sera_5003,A/Wisconsin/67/2022_H1N1,plate21-A/Wisconsin/67/2022_H1N1,40,0.0007131,0.0007131
seqneut25to26_sera_5003,A/Wisconsin/67/2022_H1N1,plate21-A/Wisconsin/67/2022_H1N1,92,0,0
seqneut25to26_sera_5003,A/Wisconsin/67/2022_H1N1,plate21-A/Wisconsin/67/2022_H1N1,212,0.01065,0.01065
seqneut25to26_sera_5003,A/Wisconsin/67/2022_H1N1,plate21-A/Wisconsin/67/2022_H1N1,487,0.1477,0.1477
seqneut25to26_sera_5003,A/Wisconsin/67/2022_H1N1,plate21-A/Wisconsin/67/2022_H1N1,1119,0.8093,0.8093
seqneut25to26_sera_5003,A/Wisconsin/67/2022_H1N1,plate21-A/Wisconsin/67/2022_H1N1,2575,1.201,1
seqneut25to26_sera_5003,A/Wisconsin/67/2022_H1N1,plate21-A/Wisconsin/67/2022_H1N1,5921,1.054,1
seqneut25to26_sera_5003,A/Wisconsin/67/2022_H1N1,plate21-A/Wisconsin/67/2022_H1N1,1.362e+04,1.361,1
seqneut25to26_sera_5003,A/Zacapa/FLU-261/2025_H1N1,plate21-A/Zacapa/FLU-261/2025_H1N1,40,0.002232,0.002232
seqneut25to26_sera_5003,A/Zacapa/FLU-261/2025_H1N1,plate21-A/Zacapa/FLU-261/2025_H1N1,92,0.01426,0.01426
seqneut25to26_sera_5003,A/Zacapa/FLU-261/2025_H1N1,plate21-A/Zacapa/FLU-261/2025_H1N1,212,0.05533,0.05533
seqneut25to26_sera_5003,A/Zacapa/FLU-261/2025_H1N1,plate21-A/Zacapa/FLU-261/2025_H1N1,487,0.2269,0.2269
seqneut25to26_sera_5003,A/Zacapa/FLU-261/2025_H1N1,plate21-A/Zacapa/FLU-261/2025_H1N1,1119,0.6791,0.6791
seqneut25to26_sera_5003,A/Zacapa/FLU-261/2025_H1N1,plate21-A/Zacapa/FLU-261/2025_H1N1,2575,0.9171,0.9171
seqneut25to26_sera_5003,A/Zacapa/FLU-261/2025_H1N1,plate21-A/Zacapa/FLU-261/2025_H1N1,5921,1.103,1
seqneut25to26_sera_5003,A/Zacapa/FLU-261/2025_H1N1,plate21-A/Zacapa/FLU-261/2025_H1N1,1.362e+04,1.014,1
seqneut25to26_sera_5004,A/Alagoas/4130/2025_H3N2,plate21-A/Alagoas/4130/2025_H3N2,40,0.07689,0.07689
seqneut25to26_sera_5004,A/Alagoas/4130/2025_H3N2,plate21-A/Alagoas/4130/2025_H3N2,92,0.3018,0.3018
seqneut25to26_sera_5004,A/Alagoas/4130/2025_H3N2,plate21-A/Alagoas/4130/2025_H3N2,212,0.3386,0.3386
seqneut25to26_sera_5004,A/Alagoas/4130/2025_H3N2,plate21-A/Alagoas/4130/2025_H3N2,487,0.8022,0.8022
seqneut25to26_sera_5004,A/Alagoas/4130/2025_H3N2,plate21-A/Alagoas/4130/2025_H3N2,1119,0.6918,0.6918
seqneut25to26_sera_5004,A/Alagoas/4130/2025_H3N2,plate21-A/Alagoas/4130/2025_H3N2,2575,0.7982,0.7982
seqneut25to26_sera_5004,A/Alagoas/4130/2025_H3N2,plate21-A/Alagoas/4130/2025_H3N2,5921,0.8516,0.8516
seqneut25to26_sera_5004,A/Alagoas/4130/2025_H3N2,plate21-A/Alagoas/4130/2025_H3N2,1.362e+04,0.8698,0.8698
seqneut25to26_sera_5004,A/Anapolis/LEIAL6543/2025_H3N2,plate21-A/Anapolis/LEIAL6543/2025_H3N2,40,0.2294,0.2294
seqneut25to26_sera_5004,A/Anapolis/LEIAL6543/2025_H3N2,plate21-A/Anapolis/LEIAL6543/2025_H3N2,92,0.5076,0.5076
seqneut25to26_sera_5004,A/Anapolis/LEIAL6543/2025_H3N2,plate21-A/Anapolis/LEIAL6543/2025_H3N2,212,0.6407,0.6407
seqneut25to26_sera_5004,A/Anapolis/LEIAL6543/2025_H3N2,plate21-A/Anapolis/LEIAL6543/2025_H3N2,487,0.5557,0.5557
seqneut25to26_sera_5004,A/Anapolis/LEIAL6543/2025_H3N2,plate21-A/Anapolis/LEIAL6543/2025_H3N2,1119,0.6544,0.6544
seqneut25to26_sera_5004,A/Anapolis/LEIAL6543/2025_H3N2,plate21-A/Anapolis/LEIAL6543/2025_H3N2,2575,0.7088,0.7088
seqneut25to26_sera_5004,A/Anapolis/LEIAL6543/2025_H3N2,plate21-A/Anapolis/LEIAL6543/2025_H3N2,5921,1.255,1
seqneut25to26_sera_5004,A/Anapolis/LEIAL6543/2025_H3N2,plate21-A/Anapolis/LEIAL6543/2025_H3N2,1.362e+04,0.9393,0.9393
seqneut25to26_sera_5004,A/Andalucia/PMC-00977/2025_H1N1,plate21-A/Andalucia/PMC-00977/2025_H1N1,40,0.1563,0.1563
seqneut25to26_sera_5004,A/Andalucia/PMC-00977/2025_H1N1,plate21-A/Andalucia/PMC-00977/2025_H1N1,92,0.3828,0.3828
seqneut25to26_sera_5004,A/Andalucia/PMC-00977/2025_H1N1,plate21-A/Andalucia/PMC-00977/2025_H1N1,212,0.6372,0.6372
seqneut25to26_sera_5004,A/Andalucia/PMC-00977/2025_H1N1,plate21-A/Andalucia/PMC-00977/2025_H1N1,487,0.9175,0.9175
seqneut25to26_sera_5004,A/Andalucia/PMC-00977/2025_H1N1,plate21-A/Andalucia/PMC-00977/2025_H1N1,1119,0.7598,0.7598
seqneut25to26_sera_5004,A/Andalucia/PMC-00977/2025_H1N1,plate21-A/Andalucia/PMC-00977/2025_H1N1,2575,0.907,0.907
seqneut25to26_sera_5004,A/Andalucia/PMC-00977/2025_H1N1,plate21-A/Andalucia/PMC-00977/2025_H1N1,5921,1.056,1
seqneut25to26_sera_5004,A/Andalucia/PMC-00977/2025_H1N1,plate21-A/Andalucia/PMC-00977/2025_H1N1,1.362e+04,1.161,1
seqneut25to26_sera_5004,A/Aragon/2046/2025_H1N1,plate21-A/Aragon/2046/2025_H1N1,40,0.1608,0.1608
seqneut25to26_sera_5004,A/Aragon/2046/2025_H1N1,plate21-A/Aragon/2046/2025_H1N1,92,0.4059,0.4059
seqneut25to26_sera_5004,A/Aragon/2046/2025_H1N1,plate21-A/Aragon/2046/2025_H1N1,212,0.5076,0.5076
seqneut25to26_sera_5004,A/Aragon/2046/2025_H1N1,plate21-A/Aragon/2046/2025_H1N1,487,0.668,0.668
seqneut25to26_sera_5004,A/Aragon/2046/2025_H1N1,plate21-A/Aragon/2046/2025_H1N1,1119,1.012,1
seqneut25to26_sera_5004,A/Aragon/2046/2025_H1N1,plate21-A/Aragon/2046/2025_H1N1,2575,0.6893,0.6893
seqneut25to26_sera_5004,A/Aragon/2046/2025_H1N1,plate21-A/Aragon/2046/2025_H1N1,5921,1.04,1
seqneut25to26_sera_5004,A/Aragon/2046/2025_H1N1,plate21-A/Aragon/2046/2025_H1N1,1.362e+04,1.113,1
seqneut25to26_sera_5004,A/Arica/59150/2025_H3N2,plate21-A/Arica/59150/2025_H3N2,40,0.1305,0.1305
seqneut25to26_sera_5004,A/Arica/59150/2025_H3N2,plate21-A/Arica/59150/2025_H3N2,92,0.3729,0.3729
seqneut25to26_sera_5004,A/Arica/59150/2025_H3N2,plate21-A/Arica/59150/2025_H3N2,212,0.5704,0.5704
seqneut25to26_sera_5004,A/Arica/59150/2025_H3N2,plate21-A/Arica/59150/2025_H3N2,487,0.7363,0.7363
seqneut25to26_sera_5004,A/Arica/59150/2025_H3N2,plate21-A/Arica/59150/2025_H3N2,1119,0.6612,0.6612
seqneut25to26_sera_5004,A/Arica/59150/2025_H3N2,plate21-A/Arica/59150/2025_H3N2,2575,0.8782,0.8782
seqneut25to26_sera_5004,A/Arica/59150/2025_H3N2,plate21-A/Arica/59150/2025_H3N2,5921,0.8297,0.8297
seqneut25to26_sera_5004,A/Arica/59150/2025_H3N2,plate21-A/Arica/59150/2025_H3N2,1.362e+04,1.168,1
seqneut25to26_sera_5004,A/Bahia/3102/2025_H3N2,plate21-A/Bahia/3102/2025_H3N2,40,0.116,0.116
seqneut25to26_sera_5004,A/Bahia/3102/2025_H3N2,plate21-A/Bahia/3102/2025_H3N2,92,0.3215,0.3215
seqneut25to26_sera_5004,A/Bahia/3102/2025_H3N2,plate21-A/Bahia/3102/2025_H3N2,212,0.5275,0.5275
seqneut25to26_sera_5004,A/Bahia/3102/2025_H3N2,plate21-A/Bahia/3102/2025_H3N2,487,0.4444,0.4444
seqneut25to26_sera_5004,A/Bahia/3102/2025_H3N2,plate21-A/Bahia/3102/2025_H3N2,1119,0.7015,0.7015
seqneut25to26_sera_5004,A/Bahia/3102/2025_H3N2,plate21-A/Bahia/3102/2025_H3N2,2575,0.951,0.951
seqneut25to26_sera_5004,A/Bahia/3102/2025_H3N2,plate21-A/Bahia/3102/2025_H3N2,5921,0.9409,0.9409
seqneut25to26_sera_5004,A/Bahia/3102/2025_H3N2,plate21-A/Bahia/3102/2025_H3N2,1.362e+04,1.16,1
seqneut25to26_sera_5004,A/Bangkok/1803/2025_H1N1,plate21-A/Bangkok/1803/2025_H1N1,40,0.07971,0.07971
seqneut25to26_sera_5004,A/Bangkok/1803/2025_H1N1,plate21-A/Bangkok/1803/2025_H1N1,92,0.2888,0.2888
seqneut25to26_sera_5004,A/Bangkok/1803/2025_H1N1,plate21-A/Bangkok/1803/2025_H1N1,212,0.4326,0.4326
seqneut25to26_sera_5004,A/Bangkok/1803/2025_H1N1,plate21-A/Bangkok/1803/2025_H1N1,487,0.6439,0.6439
seqneut25to26_sera_5004,A/Bangkok/1803/2025_H1N1,plate21-A/Bangkok/1803/2025_H1N1,1119,0.9468,0.9468
seqneut25to26_sera_5004,A/Bangkok/1803/2025_H1N1,plate21-A/Bangkok/1803/2025_H1N1,2575,1.023,1
seqneut25to26_sera_5004,A/Bangkok/1803/2025_H1N1,plate21-A/Bangkok/1803/2025_H1N1,5921,0.9133,0.9133
seqneut25to26_sera_5004,A/Bangkok/1803/2025_H1N1,plate21-A/Bangkok/1803/2025_H1N1,1.362e+04,1.245,1
seqneut25to26_sera_5004,A/Bangkok/P2229/2025_H1N1,plate21-A/Bangkok/P2229/2025_H1N1,40,0.1035,0.1035
seqneut25to26_sera_5004,A/Bangkok/P2229/2025_H1N1,plate21-A/Bangkok/P2229/2025_H1N1,92,0.2341,0.2341
seqneut25to26_sera_5004,A/Bangkok/P2229/2025_H1N1,plate21-A/Bangkok/P2229/2025_H1N1,212,0.4053,0.4053
seqneut25to26_sera_5004,A/Bangkok/P2229/2025_H1N1,plate21-A/Bangkok/P2229/2025_H1N1,487,0.5771,0.5771
seqneut25to26_sera_5004,A/Bangkok/P2229/2025_H1N1,plate21-A/Bangkok/P2229/2025_H1N1,1119,0.8522,0.8522
seqneut25to26_sera_5004,A/Bangkok/P2229/2025_H1N1,plate21-A/Bangkok/P2229/2025_H1N1,2575,0.9044,0.9044
seqneut25to26_sera_5004,A/Bangkok/P2229/2025_H1N1,plate21-A/Bangkok/P2229/2025_H1N1,5921,0.8608,0.8608
seqneut25to26_sera_5004,A/Bangkok/P2229/2025_H1N1,plate21-A/Bangkok/P2229/2025_H1N1,1.362e+04,1.271,1
seqneut25to26_sera_5004,A/Bangkok/P2323/2025_H3N2,plate21-A/Bangkok/P2323/2025_H3N2,40,0.09515,0.09515
seqneut25to26_sera_5004,A/Bangkok/P2323/2025_H3N2,plate21-A/Bangkok/P2323/2025_H3N2,92,0.275,0.275
seqneut25to26_sera_5004,A/Bangkok/P2323/2025_H3N2,plate21-A/Bangkok/P2323/2025_H3N2,212,0.5361,0.5361
seqneut25to26_sera_5004,A/Bangkok/P2323/2025_H3N2,plate21-A/Bangkok/P2323/2025_H3N2,487,0.7725,0.7725
seqneut25to26_sera_5004,A/Bangkok/P2323/2025_H3N2,plate21-A/Bangkok/P2323/2025_H3N2,1119,0.9354,0.9354
seqneut25to26_sera_5004,A/Bangkok/P2323/2025_H3N2,plate21-A/Bangkok/P2323/2025_H3N2,2575,0.8437,0.8437
seqneut25to26_sera_5004,A/Bangkok/P2323/2025_H3N2,plate21-A/Bangkok/P2323/2025_H3N2,5921,1.122,1
seqneut25to26_sera_5004,A/Bangkok/P2323/2025_H3N2,plate21-A/Bangkok/P2323/2025_H3N2,1.362e+04,1.26,1
seqneut25to26_sera_5004,A/Bangkok/P2390/2025_H3N2,plate21-A/Bangkok/P2390/2025_H3N2,40,0.1115,0.1115
seqneut25to26_sera_5004,A/Bangkok/P2390/2025_H3N2,plate21-A/Bangkok/P2390/2025_H3N2,92,0.2079,0.2079
seqneut25to26_sera_5004,A/Bangkok/P2390/2025_H3N2,plate21-A/Bangkok/P2390/2025_H3N2,212,0.6064,0.6064
seqneut25to26_sera_5004,A/Bangkok/P2390/2025_H3N2,plate21-A/Bangkok/P2390/2025_H3N2,487,0.4465,0.4465
seqneut25to26_sera_5004,A/Bangkok/P2390/2025_H3N2,plate21-A/Bangkok/P2390/2025_H3N2,1119,0.7819,0.7819
seqneut25to26_sera_5004,A/Bangkok/P2390/2025_H3N2,plate21-A/Bangkok/P2390/2025_H3N2,2575,0.8988,0.8988
seqneut25to26_sera_5004,A/Bangkok/P2390/2025_H3N2,plate21-A/Bangkok/P2390/2025_H3N2,5921,0.8554,0.8554
seqneut25to26_sera_5004,A/Bangkok/P2390/2025_H3N2,plate21-A/Bangkok/P2390/2025_H3N2,1.362e+04,1.102,1
seqneut25to26_sera_5004,A/Bangkok/P2391/2025_H3N2,plate21-A/Bangkok/P2391/2025_H3N2,40,0.1101,0.1101
seqneut25to26_sera_5004,A/Bangkok/P2391/2025_H3N2,plate21-A/Bangkok/P2391/2025_H3N2,92,0.3921,0.3921
seqneut25to26_sera_5004,A/Bangkok/P2391/2025_H3N2,plate21-A/Bangkok/P2391/2025_H3N2,212,0.4178,0.4178
seqneut25to26_sera_5004,A/Bangkok/P2391/2025_H3N2,plate21-A/Bangkok/P2391/2025_H3N2,487,0.8214,0.8214
seqneut25to26_sera_5004,A/Bangkok/P2391/2025_H3N2,plate21-A/Bangkok/P2391/2025_H3N2,1119,0.8475,0.8475
seqneut25to26_sera_5004,A/Bangkok/P2391/2025_H3N2,plate21-A/Bangkok/P2391/2025_H3N2,2575,0.7389,0.7389
seqneut25to26_sera_5004,A/Bangkok/P2391/2025_H3N2,plate21-A/Bangkok/P2391/2025_H3N2,5921,0.9926,0.9926
seqneut25to26_sera_5004,A/Bangkok/P2391/2025_H3N2,plate21-A/Bangkok/P2391/2025_H3N2,1.362e+04,0.7682,0.7682
seqneut25to26_sera_5004,A/Bangkok/P2572/2025_H3N2,plate21-A/Bangkok/P2572/2025_H3N2,40,0.06158,0.06158
seqneut25to26_sera_5004,A/Bangkok/P2572/2025_H3N2,plate21-A/Bangkok/P2572/2025_H3N2,92,0.1725,0.1725
seqneut25to26_sera_5004,A/Bangkok/P2572/2025_H3N2,plate21-A/Bangkok/P2572/2025_H3N2,212,0.5765,0.5765
seqneut25to26_sera_5004,A/Bangkok/P2572/2025_H3N2,plate21-A/Bangkok/P2572/2025_H3N2,487,0.6361,0.6361
seqneut25to26_sera_5004,A/Bangkok/P2572/2025_H3N2,plate21-A/Bangkok/P2572/2025_H3N2,1119,0.8322,0.8322
seqneut25to26_sera_5004,A/Bangkok/P2572/2025_H3N2,plate21-A/Bangkok/P2572/2025_H3N2,2575,1.319,1
seqneut25to26_sera_5004,A/Bangkok/P2572/2025_H3N2,plate21-A/Bangkok/P2572/2025_H3N2,5921,0.6896,0.6896
seqneut25to26_sera_5004,A/Bangkok/P2572/2025_H3N2,plate21-A/Bangkok/P2572/2025_H3N2,1.362e+04,0.8113,0.8113
seqneut25to26_sera_5004,A/Bangkok/P2921/2025_H3N2,plate21-A/Bangkok/P2921/2025_H3N2,40,0.1743,0.1743
seqneut25to26_sera_5004,A/Bangkok/P2921/2025_H3N2,plate21-A/Bangkok/P2921/2025_H3N2,92,0.3331,0.3331
seqneut25to26_sera_5004,A/Bangkok/P2921/2025_H3N2,plate21-A/Bangkok/P2921/2025_H3N2,212,0.4606,0.4606
seqneut25to26_sera_5004,A/Bangkok/P2921/2025_H3N2,plate21-A/Bangkok/P2921/2025_H3N2,487,0.4789,0.4789
seqneut25to26_sera_5004,A/Bangkok/P2921/2025_H3N2,plate21-A/Bangkok/P2921/2025_H3N2,1119,0.7158,0.7158
seqneut25to26_sera_5004,A/Bangkok/P2921/2025_H3N2,plate21-A/Bangkok/P2921/2025_H3N2,2575,0.8288,0.8288
seqneut25to26_sera_5004,A/Bangkok/P2921/2025_H3N2,plate21-A/Bangkok/P2921/2025_H3N2,5921,0.9271,0.9271
seqneut25to26_sera_5004,A/Bangkok/P2921/2025_H3N2,plate21-A/Bangkok/P2921/2025_H3N2,1.362e+04,0.9446,0.9446
seqneut25to26_sera_5004,A/Bangkok/P3067/2025_H1N1,plate21-A/Bangkok/P3067/2025_H1N1,40,0.04802,0.04802
seqneut25to26_sera_5004,A/Bangkok/P3067/2025_H1N1,plate21-A/Bangkok/P3067/2025_H1N1,92,0.3171,0.3171
seqneut25to26_sera_5004,A/Bangkok/P3067/2025_H1N1,plate21-A/Bangkok/P3067/2025_H1N1,212,0.66,0.66
seqneut25to26_sera_5004,A/Bangkok/P3067/2025_H1N1,plate21-A/Bangkok/P3067/2025_H1N1,487,0.5679,0.5679
seqneut25to26_sera_5004,A/Bangkok/P3067/2025_H1N1,plate21-A/Bangkok/P3067/2025_H1N1,1119,0.7989,0.7989
seqneut25to26_sera_5004,A/Bangkok/P3067/2025_H1N1,plate21-A/Bangkok/P3067/2025_H1N1,2575,0.7103,0.7103
seqneut25to26_sera_5004,A/Bangkok/P3067/2025_H1N1,plate21-A/Bangkok/P3067/2025_H1N1,5921,0.7815,0.7815
seqneut25to26_sera_5004,A/Bangkok/P3067/2025_H1N1,plate21-A/Bangkok/P3067/2025_H1N1,1.362e+04,1.149,1
seqneut25to26_sera_5004,A/Bangkok/P3263/2025_H3N2,plate21-A/Bangkok/P3263/2025_H3N2,40,0.03843,0.03843
seqneut25to26_sera_5004,A/Bangkok/P3263/2025_H3N2,plate21-A/Bangkok/P3263/2025_H3N2,92,0.1524,0.1524
seqneut25to26_sera_5004,A/Bangkok/P3263/2025_H3N2,plate21-A/Bangkok/P3263/2025_H3N2,212,0.4212,0.4212
seqneut25to26_sera_5004,A/Bangkok/P3263/2025_H3N2,plate21-A/Bangkok/P3263/2025_H3N2,487,0.6599,0.6599
seqneut25to26_sera_5004,A/Bangkok/P3263/2025_H3N2,plate21-A/Bangkok/P3263/2025_H3N2,1119,0.6216,0.6216
seqneut25to26_sera_5004,A/Bangkok/P3263/2025_H3N2,plate21-A/Bangkok/P3263/2025_H3N2,2575,0.8808,0.8808
seqneut25to26_sera_5004,A/Bangkok/P3263/2025_H3N2,plate21-A/Bangkok/P3263/2025_H3N2,5921,1.194,1
seqneut25to26_sera_5004,A/Bangkok/P3263/2025_H3N2,plate21-A/Bangkok/P3263/2025_H3N2,1.362e+04,0.8717,0.8717
seqneut25to26_sera_5004,A/Belgium/H0097/2025_H3N2,plate21-A/Belgium/H0097/2025_H3N2,40,0.06484,0.06484
seqneut25to26_sera_5004,A/Belgium/H0097/2025_H3N2,plate21-A/Belgium/H0097/2025_H3N2,92,0.2137,0.2137
seqneut25to26_sera_5004,A/Belgium/H0097/2025_H3N2,plate21-A/Belgium/H0097/2025_H3N2,212,0.5441,0.5441
seqneut25to26_sera_5004,A/Belgium/H0097/2025_H3N2,plate21-A/Belgium/H0097/2025_H3N2,487,0.713,0.713
seqneut25to26_sera_5004,A/Belgium/H0097/2025_H3N2,plate21-A/Belgium/H0097/2025_H3N2,1119,0.9057,0.9057
seqneut25to26_sera_5004,A/Belgium/H0097/2025_H3N2,plate21-A/Belgium/H0097/2025_H3N2,2575,1.079,1
seqneut25to26_sera_5004,A/Belgium/H0097/2025_H3N2,plate21-A/Belgium/H0097/2025_H3N2,5921,0.9463,0.9463
seqneut25to26_sera_5004,A/Belgium/H0097/2025_H3N2,plate21-A/Belgium/H0097/2025_H3N2,1.362e+04,1.126,1
seqneut25to26_sera_5004,A/Bhutan/1267/2025_H3N2,plate21-A/Bhutan/1267/2025_H3N2,40,0.02134,0.02134
seqneut25to26_sera_5004,A/Bhutan/1267/2025_H3N2,plate21-A/Bhutan/1267/2025_H3N2,92,0.3002,0.3002
seqneut25to26_sera_5004,A/Bhutan/1267/2025_H3N2,plate21-A/Bhutan/1267/2025_H3N2,212,0.4083,0.4083
seqneut25to26_sera_5004,A/Bhutan/1267/2025_H3N2,plate21-A/Bhutan/1267/2025_H3N2,487,0.7513,0.7513
seqneut25to26_sera_5004,A/Bhutan/1267/2025_H3N2,plate21-A/Bhutan/1267/2025_H3N2,1119,0.5212,0.5212
seqneut25to26_sera_5004,A/Bhutan/1267/2025_H3N2,plate21-A/Bhutan/1267/2025_H3N2,2575,0.8936,0.8936
seqneut25to26_sera_5004,A/Bhutan/1267/2025_H3N2,plate21-A/Bhutan/1267/2025_H3N2,5921,0.892,0.892
seqneut25to26_sera_5004,A/Bhutan/1267/2025_H3N2,plate21-A/Bhutan/1267/2025_H3N2,1.362e+04,0.7025,0.7025
seqneut25to26_sera_5004,A/Bhutan/7/2025_H3N2,plate21-A/Bhutan/7/2025_H3N2,40,0.001789,0.001789
seqneut25to26_sera_5004,A/Bhutan/7/2025_H3N2,plate21-A/Bhutan/7/2025_H3N2,92,0.05116,0.05116
seqneut25to26_sera_5004,A/Bhutan/7/2025_H3N2,plate21-A/Bhutan/7/2025_H3N2,212,0.3355,0.3355
seqneut25to26_sera_5004,A/Bhutan/7/2025_H3N2,plate21-A/Bhutan/7/2025_H3N2,487,0.4789,0.4789
seqneut25to26_sera_5004,A/Bhutan/7/2025_H3N2,plate21-A/Bhutan/7/2025_H3N2,1119,0.5987,0.5987
seqneut25to26_sera_5004,A/Bhutan/7/2025_H3N2,plate21-A/Bhutan/7/2025_H3N2,2575,0.5823,0.5823
seqneut25to26_sera_5004,A/Bhutan/7/2025_H3N2,plate21-A/Bhutan/7/2025_H3N2,5921,1.003,1
seqneut25to26_sera_5004,A/Bhutan/7/2025_H3N2,plate21-A/Bhutan/7/2025_H3N2,1.362e+04,0.9443,0.9443
seqneut25to26_sera_5004,A/BritishColumbia/PHL-2473/2025_H1N1,plate21-A/BritishColumbia/PHL-2473/2025_H1N1,40,0.09382,0.09382
seqneut25to26_sera_5004,A/BritishColumbia/PHL-2473/2025_H1N1,plate21-A/BritishColumbia/PHL-2473/2025_H1N1,92,0.2222,0.2222
seqneut25to26_sera_5004,A/BritishColumbia/PHL-2473/2025_H1N1,plate21-A/BritishColumbia/PHL-2473/2025_H1N1,212,0.4271,0.4271
seqneut25to26_sera_5004,A/BritishColumbia/PHL-2473/2025_H1N1,plate21-A/BritishColumbia/PHL-2473/2025_H1N1,487,0.6127,0.6127
seqneut25to26_sera_5004,A/BritishColumbia/PHL-2473/2025_H1N1,plate21-A/BritishColumbia/PHL-2473/2025_H1N1,1119,0.788,0.788
seqneut25to26_sera_5004,A/BritishColumbia/PHL-2473/2025_H1N1,plate21-A/BritishColumbia/PHL-2473/2025_H1N1,2575,0.7697,0.7697
seqneut25to26_sera_5004,A/BritishColumbia/PHL-2473/2025_H1N1,plate21-A/BritishColumbia/PHL-2473/2025_H1N1,5921,0.9647,0.9647
seqneut25to26_sera_5004,A/BritishColumbia/PHL-2473/2025_H1N1,plate21-A/BritishColumbia/PHL-2473/2025_H1N1,1.362e+04,1.305,1
seqneut25to26_sera_5004,A/California/61/2025_H3N2,plate21-A/California/61/2025_H3N2,40,0.01657,0.01657
seqneut25to26_sera_5004,A/California/61/2025_H3N2,plate21-A/California/61/2025_H3N2,92,0.2648,0.2648
seqneut25to26_sera_5004,A/California/61/2025_H3N2,plate21-A/California/61/2025_H3N2,212,0.6461,0.6461
seqneut25to26_sera_5004,A/California/61/2025_H3N2,plate21-A/California/61/2025_H3N2,487,0.517,0.517
seqneut25to26_sera_5004,A/California/61/2025_H3N2,plate21-A/California/61/2025_H3N2,1119,0.7942,0.7942
seqneut25to26_sera_5004,A/California/61/2025_H3N2,plate21-A/California/61/2025_H3N2,2575,0.9436,0.9436
seqneut25to26_sera_5004,A/California/61/2025_H3N2,plate21-A/California/61/2025_H3N2,5921,0.9271,0.9271
seqneut25to26_sera_5004,A/California/61/2025_H3N2,plate21-A/California/61/2025_H3N2,1.362e+04,1.149,1
seqneut25to26_sera_5004,A/California/63/2025_H1N1,plate21-A/California/63/2025_H1N1,40,0.1691,0.1691
seqneut25to26_sera_5004,A/California/63/2025_H1N1,plate21-A/California/63/2025_H1N1,92,0.1767,0.1767
seqneut25to26_sera_5004,A/California/63/2025_H1N1,plate21-A/California/63/2025_H1N1,212,0.5306,0.5306
seqneut25to26_sera_5004,A/California/63/2025_H1N1,plate21-A/California/63/2025_H1N1,487,0.6973,0.6973
seqneut25to26_sera_5004,A/California/63/2025_H1N1,plate21-A/California/63/2025_H1N1,1119,0.5991,0.5991
seqneut25to26_sera_5004,A/California/63/2025_H1N1,plate21-A/California/63/2025_H1N1,2575,0.7889,0.7889
seqneut25to26_sera_5004,A/California/63/2025_H1N1,plate21-A/California/63/2025_H1N1,5921,1.103,1
seqneut25to26_sera_5004,A/California/63/2025_H1N1,plate21-A/California/63/2025_H1N1,1.362e+04,1.109,1
seqneut25to26_sera_5004,A/Canberra/465/2025_H1N1,plate21-A/Canberra/465/2025_H1N1,40,0.08628,0.08628
seqneut25to26_sera_5004,A/Canberra/465/2025_H1N1,plate21-A/Canberra/465/2025_H1N1,92,0.2855,0.2855
seqneut25to26_sera_5004,A/Canberra/465/2025_H1N1,plate21-A/Canberra/465/2025_H1N1,212,0.3736,0.3736
seqneut25to26_sera_5004,A/Canberra/465/2025_H1N1,plate21-A/Canberra/465/2025_H1N1,487,0.5509,0.5509
seqneut25to26_sera_5004,A/Canberra/465/2025_H1N1,plate21-A/Canberra/465/2025_H1N1,1119,0.8446,0.8446
seqneut25to26_sera_5004,A/Canberra/465/2025_H1N1,plate21-A/Canberra/465/2025_H1N1,2575,0.8839,0.8839
seqneut25to26_sera_5004,A/Canberra/465/2025_H1N1,plate21-A/Canberra/465/2025_H1N1,5921,1.11,1
seqneut25to26_sera_5004,A/Canberra/465/2025_H1N1,plate21-A/Canberra/465/2025_H1N1,1.362e+04,1.11,1
seqneut25to26_sera_5004,A/Canberra/530/2025_H1N1,plate21-A/Canberra/530/2025_H1N1,40,0.1561,0.1561
seqneut25to26_sera_5004,A/Canberra/530/2025_H1N1,plate21-A/Canberra/530/2025_H1N1,92,0.262,0.262
seqneut25to26_sera_5004,A/Canberra/530/2025_H1N1,plate21-A/Canberra/530/2025_H1N1,212,0.4961,0.4961
seqneut25to26_sera_5004,A/Canberra/530/2025_H1N1,plate21-A/Canberra/530/2025_H1N1,487,0.6187,0.6187
seqneut25to26_sera_5004,A/Canberra/530/2025_H1N1,plate21-A/Canberra/530/2025_H1N1,1119,0.8482,0.8482
seqneut25to26_sera_5004,A/Canberra/530/2025_H1N1,plate21-A/Canberra/530/2025_H1N1,2575,0.943,0.943
seqneut25to26_sera_5004,A/Canberra/530/2025_H1N1,plate21-A/Canberra/530/2025_H1N1,5921,0.9975,0.9975
seqneut25to26_sera_5004,A/Canberra/530/2025_H1N1,plate21-A/Canberra/530/2025_H1N1,1.362e+04,1.064,1
seqneut25to26_sera_5004,A/Catalonia/NSVH102689455/2025_H1N1,plate21-A/Catalonia/NSVH102689455/2025_H1N1,40,0.1082,0.1082
seqneut25to26_sera_5004,A/Catalonia/NSVH102689455/2025_H1N1,plate21-A/Catalonia/NSVH102689455/2025_H1N1,92,0.2692,0.2692
seqneut25to26_sera_5004,A/Catalonia/NSVH102689455/2025_H1N1,plate21-A/Catalonia/NSVH102689455/2025_H1N1,212,0.4145,0.4145
seqneut25to26_sera_5004,A/Catalonia/NSVH102689455/2025_H1N1,plate21-A/Catalonia/NSVH102689455/2025_H1N1,487,0.8129,0.8129
seqneut25to26_sera_5004,A/Catalonia/NSVH102689455/2025_H1N1,plate21-A/Catalonia/NSVH102689455/2025_H1N1,1119,1.264,1
seqneut25to26_sera_5004,A/Catalonia/NSVH102689455/2025_H1N1,plate21-A/Catalonia/NSVH102689455/2025_H1N1,2575,1.292,1
seqneut25to26_sera_5004,A/Catalonia/NSVH102689455/2025_H1N1,plate21-A/Catalonia/NSVH102689455/2025_H1N1,5921,1.364,1
seqneut25to26_sera_5004,A/Catalonia/NSVH102689455/2025_H1N1,plate21-A/Catalonia/NSVH102689455/2025_H1N1,1.362e+04,1.393,1
seqneut25to26_sera_5004,A/Colorado/105/2025_H1N1,plate21-A/Colorado/105/2025_H1N1,40,0.1862,0.1862
seqneut25to26_sera_5004,A/Colorado/105/2025_H1N1,plate21-A/Colorado/105/2025_H1N1,92,0.4512,0.4512
seqneut25to26_sera_5004,A/Colorado/105/2025_H1N1,plate21-A/Colorado/105/2025_H1N1,212,0.6262,0.6262
seqneut25to26_sera_5004,A/Colorado/105/2025_H1N1,plate21-A/Colorado/105/2025_H1N1,487,0.7789,0.7789
seqneut25to26_sera_5004,A/Colorado/105/2025_H1N1,plate21-A/Colorado/105/2025_H1N1,1119,0.7963,0.7963
seqneut25to26_sera_5004,A/Colorado/105/2025_H1N1,plate21-A/Colorado/105/2025_H1N1,2575,1.158,1
seqneut25to26_sera_5004,A/Colorado/105/2025_H1N1,plate21-A/Colorado/105/2025_H1N1,5921,1.182,1
seqneut25to26_sera_5004,A/Colorado/105/2025_H1N1,plate21-A/Colorado/105/2025_H1N1,1.362e+04,1.486,1
seqneut25to26_sera_5004,A/CoteDIvoire/2007/2025_H1N1,plate21-A/CoteDIvoire/2007/2025_H1N1,40,0.1198,0.1198
seqneut25to26_sera_5004,A/CoteDIvoire/2007/2025_H1N1,plate21-A/CoteDIvoire/2007/2025_H1N1,92,0.2515,0.2515
seqneut25to26_sera_5004,A/CoteDIvoire/2007/2025_H1N1,plate21-A/CoteDIvoire/2007/2025_H1N1,212,0.4896,0.4896
seqneut25to26_sera_5004,A/CoteDIvoire/2007/2025_H1N1,plate21-A/CoteDIvoire/2007/2025_H1N1,487,0.6415,0.6415
seqneut25to26_sera_5004,A/CoteDIvoire/2007/2025_H1N1,plate21-A/CoteDIvoire/2007/2025_H1N1,1119,0.8834,0.8834
seqneut25to26_sera_5004,A/CoteDIvoire/2007/2025_H1N1,plate21-A/CoteDIvoire/2007/2025_H1N1,2575,0.8007,0.8007
seqneut25to26_sera_5004,A/CoteDIvoire/2007/2025_H1N1,plate21-A/CoteDIvoire/2007/2025_H1N1,5921,1.048,1
seqneut25to26_sera_5004,A/CoteDIvoire/2007/2025_H1N1,plate21-A/CoteDIvoire/2007/2025_H1N1,1.362e+04,1.317,1
seqneut25to26_sera_5004,A/Croatia/10136RV/2023-egg_H3N2,plate21-A/Croatia/10136RV/2023-egg_H3N2,40,0.1054,0.1054
seqneut25to26_sera_5004,A/Croatia/10136RV/2023-egg_H3N2,plate21-A/Croatia/10136RV/2023-egg_H3N2,92,0.6322,0.6322
seqneut25to26_sera_5004,A/Croatia/10136RV/2023-egg_H3N2,plate21-A/Croatia/10136RV/2023-egg_H3N2,212,0.59,0.59
seqneut25to26_sera_5004,A/Croatia/10136RV/2023-egg_H3N2,plate21-A/Croatia/10136RV/2023-egg_H3N2,487,0.9152,0.9152
seqneut25to26_sera_5004,A/Croatia/10136RV/2023-egg_H3N2,plate21-A/Croatia/10136RV/2023-egg_H3N2,1119,1.482,1
seqneut25to26_sera_5004,A/Croatia/10136RV/2023-egg_H3N2,plate21-A/Croatia/10136RV/2023-egg_H3N2,2575,1.564,1
seqneut25to26_sera_5004,A/Croatia/10136RV/2023-egg_H3N2,plate21-A/Croatia/10136RV/2023-egg_H3N2,5921,1.075,1
seqneut25to26_sera_5004,A/Croatia/10136RV/2023-egg_H3N2,plate21-A/Croatia/10136RV/2023-egg_H3N2,1.362e+04,1.498,1
seqneut25to26_sera_5004,A/Darwin/1405/2025_H1N1,plate21-A/Darwin/1405/2025_H1N1,40,0.1217,0.1217
seqneut25to26_sera_5004,A/Darwin/1405/2025_H1N1,plate21-A/Darwin/1405/2025_H1N1,92,0.3074,0.3074
seqneut25to26_sera_5004,A/Darwin/1405/2025_H1N1,plate21-A/Darwin/1405/2025_H1N1,212,0.5637,0.5637
seqneut25to26_sera_5004,A/Darwin/1405/2025_H1N1,plate21-A/Darwin/1405/2025_H1N1,487,0.6281,0.6281
seqneut25to26_sera_5004,A/Darwin/1405/2025_H1N1,plate21-A/Darwin/1405/2025_H1N1,1119,0.8222,0.8222
seqneut25to26_sera_5004,A/Darwin/1405/2025_H1N1,plate21-A/Darwin/1405/2025_H1N1,2575,1.032,1
seqneut25to26_sera_5004,A/Darwin/1405/2025_H1N1,plate21-A/Darwin/1405/2025_H1N1,5921,1.011,1
seqneut25to26_sera_5004,A/Darwin/1405/2025_H1N1,plate21-A/Darwin/1405/2025_H1N1,1.362e+04,1.275,1
seqneut25to26_sera_5004,A/Darwin/1461/2025_H3N2,plate21-A/Darwin/1461/2025_H3N2,40,0.1945,0.1945
seqneut25to26_sera_5004,A/Darwin/1461/2025_H3N2,plate21-A/Darwin/1461/2025_H3N2,92,0.3087,0.3087
seqneut25to26_sera_5004,A/Darwin/1461/2025_H3N2,plate21-A/Darwin/1461/2025_H3N2,212,0.5134,0.5134
seqneut25to26_sera_5004,A/Darwin/1461/2025_H3N2,plate21-A/Darwin/1461/2025_H3N2,487,0.555,0.555
seqneut25to26_sera_5004,A/Darwin/1461/2025_H3N2,plate21-A/Darwin/1461/2025_H3N2,1119,0.801,0.801
seqneut25to26_sera_5004,A/Darwin/1461/2025_H3N2,plate21-A/Darwin/1461/2025_H3N2,2575,0.619,0.619
seqneut25to26_sera_5004,A/Darwin/1461/2025_H3N2,plate21-A/Darwin/1461/2025_H3N2,5921,1.494,1
seqneut25to26_sera_5004,A/Darwin/1461/2025_H3N2,plate21-A/Darwin/1461/2025_H3N2,1.362e+04,0.7997,0.7997
seqneut25to26_sera_5004,A/Denmark/3070/2025_H1N1,plate21-A/Denmark/3070/2025_H1N1,40,0.0281,0.0281
seqneut25to26_sera_5004,A/Denmark/3070/2025_H1N1,plate21-A/Denmark/3070/2025_H1N1,92,0.1364,0.1364
seqneut25to26_sera_5004,A/Denmark/3070/2025_H1N1,plate21-A/Denmark/3070/2025_H1N1,212,0.3106,0.3106
seqneut25to26_sera_5004,A/Denmark/3070/2025_H1N1,plate21-A/Denmark/3070/2025_H1N1,487,0.6563,0.6563
seqneut25to26_sera_5004,A/Denmark/3070/2025_H1N1,plate21-A/Denmark/3070/2025_H1N1,1119,1.02,1
seqneut25to26_sera_5004,A/Denmark/3070/2025_H1N1,plate21-A/Denmark/3070/2025_H1N1,2575,0.9753,0.9753
seqneut25to26_sera_5004,A/Denmark/3070/2025_H1N1,plate21-A/Denmark/3070/2025_H1N1,5921,1.018,1
seqneut25to26_sera_5004,A/Denmark/3070/2025_H1N1,plate21-A/Denmark/3070/2025_H1N1,1.362e+04,1.334,1
seqneut25to26_sera_5004,A/DistrictOfColumbia/27/2023_H3N2,plate21-A/DistrictOfColumbia/27/2023_H3N2,40,0.2464,0.2464
seqneut25to26_sera_5004,A/DistrictOfColumbia/27/2023_H3N2,plate21-A/DistrictOfColumbia/27/2023_H3N2,92,0.6671,0.6671
seqneut25to26_sera_5004,A/DistrictOfColumbia/27/2023_H3N2,plate21-A/DistrictOfColumbia/27/2023_H3N2,212,0.5604,0.5604
seqneut25to26_sera_5004,A/DistrictOfColumbia/27/2023_H3N2,plate21-A/DistrictOfColumbia/27/2023_H3N2,487,0.7729,0.7729
seqneut25to26_sera_5004,A/DistrictOfColumbia/27/2023_H3N2,plate21-A/DistrictOfColumbia/27/2023_H3N2,1119,0.6787,0.6787
seqneut25to26_sera_5004,A/DistrictOfColumbia/27/2023_H3N2,plate21-A/DistrictOfColumbia/27/2023_H3N2,2575,0.8514,0.8514
seqneut25to26_sera_5004,A/DistrictOfColumbia/27/2023_H3N2,plate21-A/DistrictOfColumbia/27/2023_H3N2,5921,0.9373,0.9373
seqneut25to26_sera_5004,A/DistrictOfColumbia/27/2023_H3N2,plate21-A/DistrictOfColumbia/27/2023_H3N2,1.362e+04,1.658,1
seqneut25to26_sera_5004,A/DistrictOfColumbia/57/2025_H3N2,plate21-A/DistrictOfColumbia/57/2025_H3N2,40,0.0468,0.0468
seqneut25to26_sera_5004,A/DistrictOfColumbia/57/2025_H3N2,plate21-A/DistrictOfColumbia/57/2025_H3N2,92,0.2213,0.2213
seqneut25to26_sera_5004,A/DistrictOfColumbia/57/2025_H3N2,plate21-A/DistrictOfColumbia/57/2025_H3N2,212,0.3778,0.3778
seqneut25to26_sera_5004,A/DistrictOfColumbia/57/2025_H3N2,plate21-A/DistrictOfColumbia/57/2025_H3N2,487,0.6697,0.6697
seqneut25to26_sera_5004,A/DistrictOfColumbia/57/2025_H3N2,plate21-A/DistrictOfColumbia/57/2025_H3N2,1119,0.7014,0.7014
seqneut25to26_sera_5004,A/DistrictOfColumbia/57/2025_H3N2,plate21-A/DistrictOfColumbia/57/2025_H3N2,2575,0.7098,0.7098
seqneut25to26_sera_5004,A/DistrictOfColumbia/57/2025_H3N2,plate21-A/DistrictOfColumbia/57/2025_H3N2,5921,0.696,0.696
seqneut25to26_sera_5004,A/DistrictOfColumbia/57/2025_H3N2,plate21-A/DistrictOfColumbia/57/2025_H3N2,1.362e+04,0.9285,0.9285
seqneut25to26_sera_5004,A/DistritoFederal/250106000728/2025_H3N2,plate21-A/DistritoFederal/250106000728/2025_H3N2,40,0.2452,0.2452
seqneut25to26_sera_5004,A/DistritoFederal/250106000728/2025_H3N2,plate21-A/DistritoFederal/250106000728/2025_H3N2,92,0.4321,0.4321
seqneut25to26_sera_5004,A/DistritoFederal/250106000728/2025_H3N2,plate21-A/DistritoFederal/250106000728/2025_H3N2,212,0.4352,0.4352
seqneut25to26_sera_5004,A/DistritoFederal/250106000728/2025_H3N2,plate21-A/DistritoFederal/250106000728/2025_H3N2,487,0.7013,0.7013
seqneut25to26_sera_5004,A/DistritoFederal/250106000728/2025_H3N2,plate21-A/DistritoFederal/250106000728/2025_H3N2,1119,0.73,0.73
seqneut25to26_sera_5004,A/DistritoFederal/250106000728/2025_H3N2,plate21-A/DistritoFederal/250106000728/2025_H3N2,2575,0.8178,0.8178
seqneut25to26_sera_5004,A/DistritoFederal/250106000728/2025_H3N2,plate21-A/DistritoFederal/250106000728/2025_H3N2,5921,0.9691,0.9691
seqneut25to26_sera_5004,A/DistritoFederal/250106000728/2025_H3N2,plate21-A/DistritoFederal/250106000728/2025_H3N2,1.362e+04,1.147,1
seqneut25to26_sera_5004,A/DistritoFederal/2578578201/2025_H3N2,plate21-A/DistritoFederal/2578578201/2025_H3N2,40,0.2017,0.2017
seqneut25to26_sera_5004,A/DistritoFederal/2578578201/2025_H3N2,plate21-A/DistritoFederal/2578578201/2025_H3N2,92,0.518,0.518
seqneut25to26_sera_5004,A/DistritoFederal/2578578201/2025_H3N2,plate21-A/DistritoFederal/2578578201/2025_H3N2,212,0.7319,0.7319
seqneut25to26_sera_5004,A/DistritoFederal/2578578201/2025_H3N2,plate21-A/DistritoFederal/2578578201/2025_H3N2,487,0.7893,0.7893
seqneut25to26_sera_5004,A/DistritoFederal/2578578201/2025_H3N2,plate21-A/DistritoFederal/2578578201/2025_H3N2,1119,0.8906,0.8906
seqneut25to26_sera_5004,A/DistritoFederal/2578578201/2025_H3N2,plate21-A/DistritoFederal/2578578201/2025_H3N2,2575,0.7312,0.7312
seqneut25to26_sera_5004,A/DistritoFederal/2578578201/2025_H3N2,plate21-A/DistritoFederal/2578578201/2025_H3N2,5921,1.046,1
seqneut25to26_sera_5004,A/DistritoFederal/2578578201/2025_H3N2,plate21-A/DistritoFederal/2578578201/2025_H3N2,1.362e+04,1.154,1
seqneut25to26_sera_5004,A/England/174/2025_H3N2,plate21-A/England/174/2025_H3N2,40,0.2165,0.2165
seqneut25to26_sera_5004,A/England/174/2025_H3N2,plate21-A/England/174/2025_H3N2,92,0.22,0.22
seqneut25to26_sera_5004,A/England/174/2025_H3N2,plate21-A/England/174/2025_H3N2,212,0.4147,0.4147
seqneut25to26_sera_5004,A/England/174/2025_H3N2,plate21-A/England/174/2025_H3N2,487,0.5307,0.5307
seqneut25to26_sera_5004,A/England/174/2025_H3N2,plate21-A/England/174/2025_H3N2,1119,0.5339,0.5339
seqneut25to26_sera_5004,A/England/174/2025_H3N2,plate21-A/England/174/2025_H3N2,2575,0.6016,0.6016
seqneut25to26_sera_5004,A/England/174/2025_H3N2,plate21-A/England/174/2025_H3N2,5921,1.188,1
seqneut25to26_sera_5004,A/England/174/2025_H3N2,plate21-A/England/174/2025_H3N2,1.362e+04,0.7639,0.7639
seqneut25to26_sera_5004,A/England/1822256/2025_H1N1,plate21-A/England/1822256/2025_H1N1,40,0.08271,0.08271
seqneut25to26_sera_5004,A/England/1822256/2025_H1N1,plate21-A/England/1822256/2025_H1N1,92,0.2952,0.2952
seqneut25to26_sera_5004,A/England/1822256/2025_H1N1,plate21-A/England/1822256/2025_H1N1,212,0.4668,0.4668
seqneut25to26_sera_5004,A/England/1822256/2025_H1N1,plate21-A/England/1822256/2025_H1N1,487,0.7418,0.7418
seqneut25to26_sera_5004,A/England/1822256/2025_H1N1,plate21-A/England/1822256/2025_H1N1,1119,0.9079,0.9079
seqneut25to26_sera_5004,A/England/1822256/2025_H1N1,plate21-A/England/1822256/2025_H1N1,2575,0.986,0.986
seqneut25to26_sera_5004,A/England/1822256/2025_H1N1,plate21-A/England/1822256/2025_H1N1,5921,1.118,1
seqneut25to26_sera_5004,A/England/1822256/2025_H1N1,plate21-A/England/1822256/2025_H1N1,1.362e+04,1.291,1
seqneut25to26_sera_5004,A/England/1837734/2025_H3N2,plate21-A/England/1837734/2025_H3N2,40,0.05353,0.05353
seqneut25to26_sera_5004,A/England/1837734/2025_H3N2,plate21-A/England/1837734/2025_H3N2,92,0.2763,0.2763
seqneut25to26_sera_5004,A/England/1837734/2025_H3N2,plate21-A/England/1837734/2025_H3N2,212,0.6106,0.6106
seqneut25to26_sera_5004,A/England/1837734/2025_H3N2,plate21-A/England/1837734/2025_H3N2,487,0.666,0.666
seqneut25to26_sera_5004,A/England/1837734/2025_H3N2,plate21-A/England/1837734/2025_H3N2,1119,0.6735,0.6735
seqneut25to26_sera_5004,A/England/1837734/2025_H3N2,plate21-A/England/1837734/2025_H3N2,2575,0.6631,0.6631
seqneut25to26_sera_5004,A/England/1837734/2025_H3N2,plate21-A/England/1837734/2025_H3N2,5921,0.803,0.803
seqneut25to26_sera_5004,A/England/1837734/2025_H3N2,plate21-A/England/1837734/2025_H3N2,1.362e+04,1.186,1
seqneut25to26_sera_5004,A/England/1837737/2025_H3N2,plate21-A/England/1837737/2025_H3N2,40,0.2375,0.2375
seqneut25to26_sera_5004,A/England/1837737/2025_H3N2,plate21-A/England/1837737/2025_H3N2,92,0.464,0.464
seqneut25to26_sera_5004,A/England/1837737/2025_H3N2,plate21-A/England/1837737/2025_H3N2,212,0.611,0.611
seqneut25to26_sera_5004,A/England/1837737/2025_H3N2,plate21-A/England/1837737/2025_H3N2,487,0.6479,0.6479
seqneut25to26_sera_5004,A/England/1837737/2025_H3N2,plate21-A/England/1837737/2025_H3N2,1119,0.7199,0.7199
seqneut25to26_sera_5004,A/England/1837737/2025_H3N2,plate21-A/England/1837737/2025_H3N2,2575,0.8126,0.8126
seqneut25to26_sera_5004,A/England/1837737/2025_H3N2,plate21-A/England/1837737/2025_H3N2,5921,0.8138,0.8138
seqneut25to26_sera_5004,A/England/1837737/2025_H3N2,plate21-A/England/1837737/2025_H3N2,1.362e+04,0.9565,0.9565
seqneut25to26_sera_5004,A/France/ARA-HCL025155099501/2025_H1N1,plate21-A/France/ARA-HCL025155099501/2025_H1N1,40,0.1726,0.1726
seqneut25to26_sera_5004,A/France/ARA-HCL025155099501/2025_H1N1,plate21-A/France/ARA-HCL025155099501/2025_H1N1,92,0.3331,0.3331
seqneut25to26_sera_5004,A/France/ARA-HCL025155099501/2025_H1N1,plate21-A/France/ARA-HCL025155099501/2025_H1N1,212,0.4645,0.4645
seqneut25to26_sera_5004,A/France/ARA-HCL025155099501/2025_H1N1,plate21-A/France/ARA-HCL025155099501/2025_H1N1,487,0.5207,0.5207
seqneut25to26_sera_5004,A/France/ARA-HCL025155099501/2025_H1N1,plate21-A/France/ARA-HCL025155099501/2025_H1N1,1119,0.8521,0.8521
seqneut25to26_sera_5004,A/France/ARA-HCL025155099501/2025_H1N1,plate21-A/France/ARA-HCL025155099501/2025_H1N1,2575,0.911,0.911
seqneut25to26_sera_5004,A/France/ARA-HCL025155099501/2025_H1N1,plate21-A/France/ARA-HCL025155099501/2025_H1N1,5921,1.182,1
seqneut25to26_sera_5004,A/France/ARA-HCL025155099501/2025_H1N1,plate21-A/France/ARA-HCL025155099501/2025_H1N1,1.362e+04,1.078,1
seqneut25to26_sera_5004,A/Galicia/GA-CHUAC-451/2025_H3N2,plate21-A/Galicia/GA-CHUAC-451/2025_H3N2,40,0.2724,0.2724
seqneut25to26_sera_5004,A/Galicia/GA-CHUAC-451/2025_H3N2,plate21-A/Galicia/GA-CHUAC-451/2025_H3N2,92,0.7249,0.7249
seqneut25to26_sera_5004,A/Galicia/GA-CHUAC-451/2025_H3N2,plate21-A/Galicia/GA-CHUAC-451/2025_H3N2,212,0.5434,0.5434
seqneut25to26_sera_5004,A/Galicia/GA-CHUAC-451/2025_H3N2,plate21-A/Galicia/GA-CHUAC-451/2025_H3N2,487,0.6391,0.6391
seqneut25to26_sera_5004,A/Galicia/GA-CHUAC-451/2025_H3N2,plate21-A/Galicia/GA-CHUAC-451/2025_H3N2,1119,0.8083,0.8083
seqneut25to26_sera_5004,A/Galicia/GA-CHUAC-451/2025_H3N2,plate21-A/Galicia/GA-CHUAC-451/2025_H3N2,2575,0.7748,0.7748
seqneut25to26_sera_5004,A/Galicia/GA-CHUAC-451/2025_H3N2,plate21-A/Galicia/GA-CHUAC-451/2025_H3N2,5921,1.037,1
seqneut25to26_sera_5004,A/Galicia/GA-CHUAC-451/2025_H3N2,plate21-A/Galicia/GA-CHUAC-451/2025_H3N2,1.362e+04,0.8286,0.8286
seqneut25to26_sera_5004,A/Ghana/ARI-25-1125/2025_H1N1,plate21-A/Ghana/ARI-25-1125/2025_H1N1,40,0.195,0.195
seqneut25to26_sera_5004,A/Ghana/ARI-25-1125/2025_H1N1,plate21-A/Ghana/ARI-25-1125/2025_H1N1,92,0.3122,0.3122
seqneut25to26_sera_5004,A/Ghana/ARI-25-1125/2025_H1N1,plate21-A/Ghana/ARI-25-1125/2025_H1N1,212,0.5711,0.5711
seqneut25to26_sera_5004,A/Ghana/ARI-25-1125/2025_H1N1,plate21-A/Ghana/ARI-25-1125/2025_H1N1,487,0.5519,0.5519
seqneut25to26_sera_5004,A/Ghana/ARI-25-1125/2025_H1N1,plate21-A/Ghana/ARI-25-1125/2025_H1N1,1119,0.8862,0.8862
seqneut25to26_sera_5004,A/Ghana/ARI-25-1125/2025_H1N1,plate21-A/Ghana/ARI-25-1125/2025_H1N1,2575,1.007,1
seqneut25to26_sera_5004,A/Ghana/ARI-25-1125/2025_H1N1,plate21-A/Ghana/ARI-25-1125/2025_H1N1,5921,1.05,1
seqneut25to26_sera_5004,A/Ghana/ARI-25-1125/2025_H1N1,plate21-A/Ghana/ARI-25-1125/2025_H1N1,1.362e+04,1.095,1
seqneut25to26_sera_5004,A/Ghana/FS-25-7077/2025_H3N2,plate21-A/Ghana/FS-25-7077/2025_H3N2,40,0.04085,0.04085
seqneut25to26_sera_5004,A/Ghana/FS-25-7077/2025_H3N2,plate21-A/Ghana/FS-25-7077/2025_H3N2,92,0.3372,0.3372
seqneut25to26_sera_5004,A/Ghana/FS-25-7077/2025_H3N2,plate21-A/Ghana/FS-25-7077/2025_H3N2,212,0.6418,0.6418
seqneut25to26_sera_5004,A/Ghana/FS-25-7077/2025_H3N2,plate21-A/Ghana/FS-25-7077/2025_H3N2,487,0.5873,0.5873
seqneut25to26_sera_5004,A/Ghana/FS-25-7077/2025_H3N2,plate21-A/Ghana/FS-25-7077/2025_H3N2,1119,0.5934,0.5934
seqneut25to26_sera_5004,A/Ghana/FS-25-7077/2025_H3N2,plate21-A/Ghana/FS-25-7077/2025_H3N2,2575,0.6311,0.6311
seqneut25to26_sera_5004,A/Ghana/FS-25-7077/2025_H3N2,plate21-A/Ghana/FS-25-7077/2025_H3N2,5921,0.9722,0.9722
seqneut25to26_sera_5004,A/Ghana/FS-25-7077/2025_H3N2,plate21-A/Ghana/FS-25-7077/2025_H3N2,1.362e+04,1.018,1
seqneut25to26_sera_5004,A/Guangdong-Maonan/11438/2025_H3N2,plate21-A/Guangdong-Maonan/11438/2025_H3N2,40,0.2502,0.2502
seqneut25to26_sera_5004,A/Guangdong-Maonan/11438/2025_H3N2,plate21-A/Guangdong-Maonan/11438/2025_H3N2,92,0.1574,0.1574
seqneut25to26_sera_5004,A/Guangdong-Maonan/11438/2025_H3N2,plate21-A/Guangdong-Maonan/11438/2025_H3N2,212,0.6149,0.6149
seqneut25to26_sera_5004,A/Guangdong-Maonan/11438/2025_H3N2,plate21-A/Guangdong-Maonan/11438/2025_H3N2,487,0.6797,0.6797
seqneut25to26_sera_5004,A/Guangdong-Maonan/11438/2025_H3N2,plate21-A/Guangdong-Maonan/11438/2025_H3N2,1119,0.6261,0.6261
seqneut25to26_sera_5004,A/Guangdong-Maonan/11438/2025_H3N2,plate21-A/Guangdong-Maonan/11438/2025_H3N2,2575,0.9313,0.9313
seqneut25to26_sera_5004,A/Guangdong-Maonan/11438/2025_H3N2,plate21-A/Guangdong-Maonan/11438/2025_H3N2,5921,1.069,1
seqneut25to26_sera_5004,A/Guangdong-Maonan/11438/2025_H3N2,plate21-A/Guangdong-Maonan/11438/2025_H3N2,1.362e+04,1.243,1
seqneut25to26_sera_5004,A/Guangdong-Meijiang/11256/2025_H3N2,plate21-A/Guangdong-Meijiang/11256/2025_H3N2,40,0.07252,0.07252
seqneut25to26_sera_5004,A/Guangdong-Meijiang/11256/2025_H3N2,plate21-A/Guangdong-Meijiang/11256/2025_H3N2,92,0.2515,0.2515
seqneut25to26_sera_5004,A/Guangdong-Meijiang/11256/2025_H3N2,plate21-A/Guangdong-Meijiang/11256/2025_H3N2,212,0.2486,0.2486
seqneut25to26_sera_5004,A/Guangdong-Meijiang/11256/2025_H3N2,plate21-A/Guangdong-Meijiang/11256/2025_H3N2,487,0.7591,0.7591
seqneut25to26_sera_5004,A/Guangdong-Meijiang/11256/2025_H3N2,plate21-A/Guangdong-Meijiang/11256/2025_H3N2,1119,0.5922,0.5922
seqneut25to26_sera_5004,A/Guangdong-Meijiang/11256/2025_H3N2,plate21-A/Guangdong-Meijiang/11256/2025_H3N2,2575,0.8263,0.8263
seqneut25to26_sera_5004,A/Guangdong-Meijiang/11256/2025_H3N2,plate21-A/Guangdong-Meijiang/11256/2025_H3N2,5921,1.026,1
seqneut25to26_sera_5004,A/Guangdong-Meijiang/11256/2025_H3N2,plate21-A/Guangdong-Meijiang/11256/2025_H3N2,1.362e+04,0.8873,0.8873
seqneut25to26_sera_5004,A/Guangxi-Daxin/1643/2025_H3N2,plate21-A/Guangxi-Daxin/1643/2025_H3N2,40,0.2957,0.2957
seqneut25to26_sera_5004,A/Guangxi-Daxin/1643/2025_H3N2,plate21-A/Guangxi-Daxin/1643/2025_H3N2,92,0.3347,0.3347
seqneut25to26_sera_5004,A/Guangxi-Daxin/1643/2025_H3N2,plate21-A/Guangxi-Daxin/1643/2025_H3N2,212,0.7559,0.7559
seqneut25to26_sera_5004,A/Guangxi-Daxin/1643/2025_H3N2,plate21-A/Guangxi-Daxin/1643/2025_H3N2,487,0.7284,0.7284
seqneut25to26_sera_5004,A/Guangxi-Daxin/1643/2025_H3N2,plate21-A/Guangxi-Daxin/1643/2025_H3N2,1119,0.8953,0.8953
seqneut25to26_sera_5004,A/Guangxi-Daxin/1643/2025_H3N2,plate21-A/Guangxi-Daxin/1643/2025_H3N2,2575,0.7826,0.7826
seqneut25to26_sera_5004,A/Guangxi-Daxin/1643/2025_H3N2,plate21-A/Guangxi-Daxin/1643/2025_H3N2,5921,0.8962,0.8962
seqneut25to26_sera_5004,A/Guangxi-Daxin/1643/2025_H3N2,plate21-A/Guangxi-Daxin/1643/2025_H3N2,1.362e+04,1.231,1
seqneut25to26_sera_5004,A/Guangxi-Qingxiu/SWL11742/2025_H1N1,plate21-A/Guangxi-Qingxiu/SWL11742/2025_H1N1,40,0.1094,0.1094
seqneut25to26_sera_5004,A/Guangxi-Qingxiu/SWL11742/2025_H1N1,plate21-A/Guangxi-Qingxiu/SWL11742/2025_H1N1,92,0.3164,0.3164
seqneut25to26_sera_5004,A/Guangxi-Qingxiu/SWL11742/2025_H1N1,plate21-A/Guangxi-Qingxiu/SWL11742/2025_H1N1,212,0.4448,0.4448
seqneut25to26_sera_5004,A/Guangxi-Qingxiu/SWL11742/2025_H1N1,plate21-A/Guangxi-Qingxiu/SWL11742/2025_H1N1,487,0.8556,0.8556
seqneut25to26_sera_5004,A/Guangxi-Qingxiu/SWL11742/2025_H1N1,plate21-A/Guangxi-Qingxiu/SWL11742/2025_H1N1,1119,0.7182,0.7182
seqneut25to26_sera_5004,A/Guangxi-Qingxiu/SWL11742/2025_H1N1,plate21-A/Guangxi-Qingxiu/SWL11742/2025_H1N1,2575,0.8206,0.8206
seqneut25to26_sera_5004,A/Guangxi-Qingxiu/SWL11742/2025_H1N1,plate21-A/Guangxi-Qingxiu/SWL11742/2025_H1N1,5921,1.153,1
seqneut25to26_sera_5004,A/Guangxi-Qingxiu/SWL11742/2025_H1N1,plate21-A/Guangxi-Qingxiu/SWL11742/2025_H1N1,1.362e+04,1.302,1
seqneut25to26_sera_5004,A/Hawaii/44/2025_H1N1,plate21-A/Hawaii/44/2025_H1N1,40,0.08091,0.08091
seqneut25to26_sera_5004,A/Hawaii/44/2025_H1N1,plate21-A/Hawaii/44/2025_H1N1,92,0.213,0.213
seqneut25to26_sera_5004,A/Hawaii/44/2025_H1N1,plate21-A/Hawaii/44/2025_H1N1,212,0.4685,0.4685
seqneut25to26_sera_5004,A/Hawaii/44/2025_H1N1,plate21-A/Hawaii/44/2025_H1N1,487,0.6513,0.6513
seqneut25to26_sera_5004,A/Hawaii/44/2025_H1N1,plate21-A/Hawaii/44/2025_H1N1,1119,0.8579,0.8579
seqneut25to26_sera_5004,A/Hawaii/44/2025_H1N1,plate21-A/Hawaii/44/2025_H1N1,2575,0.7095,0.7095
seqneut25to26_sera_5004,A/Hawaii/44/2025_H1N1,plate21-A/Hawaii/44/2025_H1N1,5921,0.9552,0.9552
seqneut25to26_sera_5004,A/Hawaii/44/2025_H1N1,plate21-A/Hawaii/44/2025_H1N1,1.362e+04,1.167,1
seqneut25to26_sera_5004,A/Hawaii/70/2019_H1N1,plate21-A/Hawaii/70/2019_H1N1,40,0.001581,0.001581
seqneut25to26_sera_5004,A/Hawaii/70/2019_H1N1,plate21-A/Hawaii/70/2019_H1N1,92,0.06085,0.06085
seqneut25to26_sera_5004,A/Hawaii/70/2019_H1N1,plate21-A/Hawaii/70/2019_H1N1,212,0.2683,0.2683
seqneut25to26_sera_5004,A/Hawaii/70/2019_H1N1,plate21-A/Hawaii/70/2019_H1N1,487,0.4584,0.4584
seqneut25to26_sera_5004,A/Hawaii/70/2019_H1N1,plate21-A/Hawaii/70/2019_H1N1,1119,0.7378,0.7378
seqneut25to26_sera_5004,A/Hawaii/70/2019_H1N1,plate21-A/Hawaii/70/2019_H1N1,2575,0.8904,0.8904
seqneut25to26_sera_5004,A/Hawaii/70/2019_H1N1,plate21-A/Hawaii/70/2019_H1N1,5921,1.004,1
seqneut25to26_sera_5004,A/Hawaii/70/2019_H1N1,plate21-A/Hawaii/70/2019_H1N1,1.362e+04,1.119,1
seqneut25to26_sera_5004,A/HongKong/1257/2025_H3N2,plate21-A/HongKong/1257/2025_H3N2,40,0.3748,0.3748
seqneut25to26_sera_5004,A/HongKong/1257/2025_H3N2,plate21-A/HongKong/1257/2025_H3N2,92,0.4611,0.4611
seqneut25to26_sera_5004,A/HongKong/1257/2025_H3N2,plate21-A/HongKong/1257/2025_H3N2,212,0.5136,0.5136
seqneut25to26_sera_5004,A/HongKong/1257/2025_H3N2,plate21-A/HongKong/1257/2025_H3N2,487,0.9481,0.9481
seqneut25to26_sera_5004,A/HongKong/1257/2025_H3N2,plate21-A/HongKong/1257/2025_H3N2,1119,0.9749,0.9749
seqneut25to26_sera_5004,A/HongKong/1257/2025_H3N2,plate21-A/HongKong/1257/2025_H3N2,2575,0.88,0.88
seqneut25to26_sera_5004,A/HongKong/1257/2025_H3N2,plate21-A/HongKong/1257/2025_H3N2,5921,0.8837,0.8837
seqneut25to26_sera_5004,A/HongKong/1257/2025_H3N2,plate21-A/HongKong/1257/2025_H3N2,1.362e+04,1.248,1
seqneut25to26_sera_5004,A/HongKong/1382/2025_H3N2,plate21-A/HongKong/1382/2025_H3N2,40,0.04415,0.04415
seqneut25to26_sera_5004,A/HongKong/1382/2025_H3N2,plate21-A/HongKong/1382/2025_H3N2,92,0.1628,0.1628
seqneut25to26_sera_5004,A/HongKong/1382/2025_H3N2,plate21-A/HongKong/1382/2025_H3N2,212,0.25,0.25
seqneut25to26_sera_5004,A/HongKong/1382/2025_H3N2,plate21-A/HongKong/1382/2025_H3N2,487,0.6467,0.6467
seqneut25to26_sera_5004,A/HongKong/1382/2025_H3N2,plate21-A/HongKong/1382/2025_H3N2,1119,0.5746,0.5746
seqneut25to26_sera_5004,A/HongKong/1382/2025_H3N2,plate21-A/HongKong/1382/2025_H3N2,2575,1.112,1
seqneut25to26_sera_5004,A/HongKong/1382/2025_H3N2,plate21-A/HongKong/1382/2025_H3N2,5921,0.7997,0.7997
seqneut25to26_sera_5004,A/HongKong/1382/2025_H3N2,plate21-A/HongKong/1382/2025_H3N2,1.362e+04,1.082,1
seqneut25to26_sera_5004,A/Indonesia/BIOKES-I-BT074/2025_H3N2,plate21-A/Indonesia/BIOKES-I-BT074/2025_H3N2,40,0.0008072,0.0008072
seqneut25to26_sera_5004,A/Indonesia/BIOKES-I-BT074/2025_H3N2,plate21-A/Indonesia/BIOKES-I-BT074/2025_H3N2,92,0.1087,0.1087
seqneut25to26_sera_5004,A/Indonesia/BIOKES-I-BT074/2025_H3N2,plate21-A/Indonesia/BIOKES-I-BT074/2025_H3N2,212,0.2667,0.2667
seqneut25to26_sera_5004,A/Indonesia/BIOKES-I-BT074/2025_H3N2,plate21-A/Indonesia/BIOKES-I-BT074/2025_H3N2,487,0.7704,0.7704
seqneut25to26_sera_5004,A/Indonesia/BIOKES-I-BT074/2025_H3N2,plate21-A/Indonesia/BIOKES-I-BT074/2025_H3N2,1119,0.9702,0.9702
seqneut25to26_sera_5004,A/Indonesia/BIOKES-I-BT074/2025_H3N2,plate21-A/Indonesia/BIOKES-I-BT074/2025_H3N2,2575,0.7966,0.7966
seqneut25to26_sera_5004,A/Indonesia/BIOKES-I-BT074/2025_H3N2,plate21-A/Indonesia/BIOKES-I-BT074/2025_H3N2,5921,0.8069,0.8069
seqneut25to26_sera_5004,A/Indonesia/BIOKES-I-BT074/2025_H3N2,plate21-A/Indonesia/BIOKES-I-BT074/2025_H3N2,1.362e+04,1.136,1
seqneut25to26_sera_5004,A/Indonesia/BIOKES-INAD491/2025_H3N2,plate21-A/Indonesia/BIOKES-INAD491/2025_H3N2,40,0.1219,0.1219
seqneut25to26_sera_5004,A/Indonesia/BIOKES-INAD491/2025_H3N2,plate21-A/Indonesia/BIOKES-INAD491/2025_H3N2,92,0.2667,0.2667
seqneut25to26_sera_5004,A/Indonesia/BIOKES-INAD491/2025_H3N2,plate21-A/Indonesia/BIOKES-INAD491/2025_H3N2,212,0.5065,0.5065
seqneut25to26_sera_5004,A/Indonesia/BIOKES-INAD491/2025_H3N2,plate21-A/Indonesia/BIOKES-INAD491/2025_H3N2,487,0.5428,0.5428
seqneut25to26_sera_5004,A/Indonesia/BIOKES-INAD491/2025_H3N2,plate21-A/Indonesia/BIOKES-INAD491/2025_H3N2,1119,0.776,0.776
seqneut25to26_sera_5004,A/Indonesia/BIOKES-INAD491/2025_H3N2,plate21-A/Indonesia/BIOKES-INAD491/2025_H3N2,2575,0.983,0.983
seqneut25to26_sera_5004,A/Indonesia/BIOKES-INAD491/2025_H3N2,plate21-A/Indonesia/BIOKES-INAD491/2025_H3N2,5921,1.168,1
seqneut25to26_sera_5004,A/Indonesia/BIOKES-INAD491/2025_H3N2,plate21-A/Indonesia/BIOKES-INAD491/2025_H3N2,1.362e+04,1.314,1
seqneut25to26_sera_5004,A/Lao/820-2750/2025_H3N2,plate21-A/Lao/820-2750/2025_H3N2,40,0.08784,0.08784
seqneut25to26_sera_5004,A/Lao/820-2750/2025_H3N2,plate21-A/Lao/820-2750/2025_H3N2,92,0.1679,0.1679
seqneut25to26_sera_5004,A/Lao/820-2750/2025_H3N2,plate21-A/Lao/820-2750/2025_H3N2,212,0.425,0.425
seqneut25to26_sera_5004,A/Lao/820-2750/2025_H3N2,plate21-A/Lao/820-2750/2025_H3N2,487,0.4172,0.4172
seqneut25to26_sera_5004,A/Lao/820-2750/2025_H3N2,plate21-A/Lao/820-2750/2025_H3N2,1119,0.5888,0.5888
seqneut25to26_sera_5004,A/Lao/820-2750/2025_H3N2,plate21-A/Lao/820-2750/2025_H3N2,2575,0.7146,0.7146
seqneut25to26_sera_5004,A/Lao/820-2750/2025_H3N2,plate21-A/Lao/820-2750/2025_H3N2,5921,0.6171,0.6171
seqneut25to26_sera_5004,A/Lao/820-2750/2025_H3N2,plate21-A/Lao/820-2750/2025_H3N2,1.362e+04,0.8743,0.8743
seqneut25to26_sera_5004,A/Malaysia/IMR/SARI/2028/2025_H3N2,plate21-A/Malaysia/IMR/SARI/2028/2025_H3N2,40,0.0811,0.0811
seqneut25to26_sera_5004,A/Malaysia/IMR/SARI/2028/2025_H3N2,plate21-A/Malaysia/IMR/SARI/2028/2025_H3N2,92,0.2405,0.2405
seqneut25to26_sera_5004,A/Malaysia/IMR/SARI/2028/2025_H3N2,plate21-A/Malaysia/IMR/SARI/2028/2025_H3N2,212,0.4536,0.4536
seqneut25to26_sera_5004,A/Malaysia/IMR/SARI/2028/2025_H3N2,plate21-A/Malaysia/IMR/SARI/2028/2025_H3N2,487,0.574,0.574
seqneut25to26_sera_5004,A/Malaysia/IMR/SARI/2028/2025_H3N2,plate21-A/Malaysia/IMR/SARI/2028/2025_H3N2,1119,0.6195,0.6195
seqneut25to26_sera_5004,A/Malaysia/IMR/SARI/2028/2025_H3N2,plate21-A/Malaysia/IMR/SARI/2028/2025_H3N2,2575,0.8414,0.8414
seqneut25to26_sera_5004,A/Malaysia/IMR/SARI/2028/2025_H3N2,plate21-A/Malaysia/IMR/SARI/2028/2025_H3N2,5921,0.9224,0.9224
seqneut25to26_sera_5004,A/Malaysia/IMR/SARI/2028/2025_H3N2,plate21-A/Malaysia/IMR/SARI/2028/2025_H3N2,1.362e+04,0.8754,0.8754
seqneut25to26_sera_5004,A/Malaysia/IMR/SARI/2406/2025_H3N2,plate21-A/Malaysia/IMR/SARI/2406/2025_H3N2,40,0.1664,0.1664
seqneut25to26_sera_5004,A/Malaysia/IMR/SARI/2406/2025_H3N2,plate21-A/Malaysia/IMR/SARI/2406/2025_H3N2,92,0.1977,0.1977
seqneut25to26_sera_5004,A/Malaysia/IMR/SARI/2406/2025_H3N2,plate21-A/Malaysia/IMR/SARI/2406/2025_H3N2,212,0.3808,0.3808
seqneut25to26_sera_5004,A/Malaysia/IMR/SARI/2406/2025_H3N2,plate21-A/Malaysia/IMR/SARI/2406/2025_H3N2,487,0.6256,0.6256
seqneut25to26_sera_5004,A/Malaysia/IMR/SARI/2406/2025_H3N2,plate21-A/Malaysia/IMR/SARI/2406/2025_H3N2,1119,1.032,1
seqneut25to26_sera_5004,A/Malaysia/IMR/SARI/2406/2025_H3N2,plate21-A/Malaysia/IMR/SARI/2406/2025_H3N2,2575,1.226,1
seqneut25to26_sera_5004,A/Malaysia/IMR/SARI/2406/2025_H3N2,plate21-A/Malaysia/IMR/SARI/2406/2025_H3N2,5921,1.014,1
seqneut25to26_sera_5004,A/Malaysia/IMR/SARI/2406/2025_H3N2,plate21-A/Malaysia/IMR/SARI/2406/2025_H3N2,1.362e+04,1.25,1
seqneut25to26_sera_5004,A/Malaysia/IMR/SARI/2517/2025_H3N2,plate21-A/Malaysia/IMR/SARI/2517/2025_H3N2,40,0.05798,0.05798
seqneut25to26_sera_5004,A/Malaysia/IMR/SARI/2517/2025_H3N2,plate21-A/Malaysia/IMR/SARI/2517/2025_H3N2,92,0.2873,0.2873
seqneut25to26_sera_5004,A/Malaysia/IMR/SARI/2517/2025_H3N2,plate21-A/Malaysia/IMR/SARI/2517/2025_H3N2,212,0.576,0.576
seqneut25to26_sera_5004,A/Malaysia/IMR/SARI/2517/2025_H3N2,plate21-A/Malaysia/IMR/SARI/2517/2025_H3N2,487,0.5712,0.5712
seqneut25to26_sera_5004,A/Malaysia/IMR/SARI/2517/2025_H3N2,plate21-A/Malaysia/IMR/SARI/2517/2025_H3N2,1119,0.7552,0.7552
seqneut25to26_sera_5004,A/Malaysia/IMR/SARI/2517/2025_H3N2,plate21-A/Malaysia/IMR/SARI/2517/2025_H3N2,2575,1.133,1
seqneut25to26_sera_5004,A/Malaysia/IMR/SARI/2517/2025_H3N2,plate21-A/Malaysia/IMR/SARI/2517/2025_H3N2,5921,0.744,0.744
seqneut25to26_sera_5004,A/Malaysia/IMR/SARI/2517/2025_H3N2,plate21-A/Malaysia/IMR/SARI/2517/2025_H3N2,1.362e+04,1.254,1
seqneut25to26_sera_5004,A/Massachusetts/18/2022_H3N2,plate21-A/Massachusetts/18/2022_H3N2,40,0.3855,0.3855
seqneut25to26_sera_5004,A/Massachusetts/18/2022_H3N2,plate21-A/Massachusetts/18/2022_H3N2,92,0.7142,0.7142
seqneut25to26_sera_5004,A/Massachusetts/18/2022_H3N2,plate21-A/Massachusetts/18/2022_H3N2,212,0.9064,0.9064
seqneut25to26_sera_5004,A/Massachusetts/18/2022_H3N2,plate21-A/Massachusetts/18/2022_H3N2,487,0.9393,0.9393
seqneut25to26_sera_5004,A/Massachusetts/18/2022_H3N2,plate21-A/Massachusetts/18/2022_H3N2,1119,1.167,1
seqneut25to26_sera_5004,A/Massachusetts/18/2022_H3N2,plate21-A/Massachusetts/18/2022_H3N2,2575,0.9079,0.9079
seqneut25to26_sera_5004,A/Massachusetts/18/2022_H3N2,plate21-A/Massachusetts/18/2022_H3N2,5921,1.121,1
seqneut25to26_sera_5004,A/Massachusetts/18/2022_H3N2,plate21-A/Massachusetts/18/2022_H3N2,1.362e+04,1.007,1
seqneut25to26_sera_5004,A/Michigan/110/2025_H3N2,plate21-A/Michigan/110/2025_H3N2,40,0.1678,0.1678
seqneut25to26_sera_5004,A/Michigan/110/2025_H3N2,plate21-A/Michigan/110/2025_H3N2,92,0.5334,0.5334
seqneut25to26_sera_5004,A/Michigan/110/2025_H3N2,plate21-A/Michigan/110/2025_H3N2,212,0.3729,0.3729
seqneut25to26_sera_5004,A/Michigan/110/2025_H3N2,plate21-A/Michigan/110/2025_H3N2,487,0.9261,0.9261
seqneut25to26_sera_5004,A/Michigan/110/2025_H3N2,plate21-A/Michigan/110/2025_H3N2,1119,1.006,1
seqneut25to26_sera_5004,A/Michigan/110/2025_H3N2,plate21-A/Michigan/110/2025_H3N2,2575,0.9931,0.9931
seqneut25to26_sera_5004,A/Michigan/110/2025_H3N2,plate21-A/Michigan/110/2025_H3N2,5921,1.098,1
seqneut25to26_sera_5004,A/Michigan/110/2025_H3N2,plate21-A/Michigan/110/2025_H3N2,1.362e+04,1.203,1
seqneut25to26_sera_5004,A/Minnesota/96/2025_H3N2,plate21-A/Minnesota/96/2025_H3N2,40,0.1595,0.1595
seqneut25to26_sera_5004,A/Minnesota/96/2025_H3N2,plate21-A/Minnesota/96/2025_H3N2,92,0.5159,0.5159
seqneut25to26_sera_5004,A/Minnesota/96/2025_H3N2,plate21-A/Minnesota/96/2025_H3N2,212,0.4345,0.4345
seqneut25to26_sera_5004,A/Minnesota/96/2025_H3N2,plate21-A/Minnesota/96/2025_H3N2,487,0.6034,0.6034
seqneut25to26_sera_5004,A/Minnesota/96/2025_H3N2,plate21-A/Minnesota/96/2025_H3N2,1119,0.9994,0.9994
seqneut25to26_sera_5004,A/Minnesota/96/2025_H3N2,plate21-A/Minnesota/96/2025_H3N2,2575,0.8238,0.8238
seqneut25to26_sera_5004,A/Minnesota/96/2025_H3N2,plate21-A/Minnesota/96/2025_H3N2,5921,0.9659,0.9659
seqneut25to26_sera_5004,A/Minnesota/96/2025_H3N2,plate21-A/Minnesota/96/2025_H3N2,1.362e+04,1.05,1
seqneut25to26_sera_5004,A/Missouri/11/2025_H1N1,plate21-A/Missouri/11/2025_H1N1,40,0.08656,0.08656
seqneut25to26_sera_5004,A/Missouri/11/2025_H1N1,plate21-A/Missouri/11/2025_H1N1,92,0.3019,0.3019
seqneut25to26_sera_5004,A/Missouri/11/2025_H1N1,plate21-A/Missouri/11/2025_H1N1,212,0.5792,0.5792
seqneut25to26_sera_5004,A/Missouri/11/2025_H1N1,plate21-A/Missouri/11/2025_H1N1,487,0.5545,0.5545
seqneut25to26_sera_5004,A/Missouri/11/2025_H1N1,plate21-A/Missouri/11/2025_H1N1,1119,1.326,1
seqneut25to26_sera_5004,A/Missouri/11/2025_H1N1,plate21-A/Missouri/11/2025_H1N1,2575,1.117,1
seqneut25to26_sera_5004,A/Missouri/11/2025_H1N1,plate21-A/Missouri/11/2025_H1N1,5921,0.9693,0.9693
seqneut25to26_sera_5004,A/Missouri/11/2025_H1N1,plate21-A/Missouri/11/2025_H1N1,1.362e+04,1.537,1
seqneut25to26_sera_5004,A/NewSouthWales/2526015582/2025_H3N2,plate21-A/NewSouthWales/2526015582/2025_H3N2,40,0.0539,0.0539
seqneut25to26_sera_5004,A/NewSouthWales/2526015582/2025_H3N2,plate21-A/NewSouthWales/2526015582/2025_H3N2,92,0.1701,0.1701
seqneut25to26_sera_5004,A/NewSouthWales/2526015582/2025_H3N2,plate21-A/NewSouthWales/2526015582/2025_H3N2,212,0.4507,0.4507
seqneut25to26_sera_5004,A/NewSouthWales/2526015582/2025_H3N2,plate21-A/NewSouthWales/2526015582/2025_H3N2,487,0.7105,0.7105
seqneut25to26_sera_5004,A/NewSouthWales/2526015582/2025_H3N2,plate21-A/NewSouthWales/2526015582/2025_H3N2,1119,0.8312,0.8312
seqneut25to26_sera_5004,A/NewSouthWales/2526015582/2025_H3N2,plate21-A/NewSouthWales/2526015582/2025_H3N2,2575,0.7272,0.7272
seqneut25to26_sera_5004,A/NewSouthWales/2526015582/2025_H3N2,plate21-A/NewSouthWales/2526015582/2025_H3N2,5921,0.8083,0.8083
seqneut25to26_sera_5004,A/NewSouthWales/2526015582/2025_H3N2,plate21-A/NewSouthWales/2526015582/2025_H3N2,1.362e+04,0.9471,0.9471
seqneut25to26_sera_5004,A/NewSouthWales/2526015584/2025_H3N2,plate21-A/NewSouthWales/2526015584/2025_H3N2,40,0.05556,0.05556
seqneut25to26_sera_5004,A/NewSouthWales/2526015584/2025_H3N2,plate21-A/NewSouthWales/2526015584/2025_H3N2,92,0.1744,0.1744
seqneut25to26_sera_5004,A/NewSouthWales/2526015584/2025_H3N2,plate21-A/NewSouthWales/2526015584/2025_H3N2,212,0.3162,0.3162
seqneut25to26_sera_5004,A/NewSouthWales/2526015584/2025_H3N2,plate21-A/NewSouthWales/2526015584/2025_H3N2,487,0.5021,0.5021
seqneut25to26_sera_5004,A/NewSouthWales/2526015584/2025_H3N2,plate21-A/NewSouthWales/2526015584/2025_H3N2,1119,0.7337,0.7337
seqneut25to26_sera_5004,A/NewSouthWales/2526015584/2025_H3N2,plate21-A/NewSouthWales/2526015584/2025_H3N2,2575,0.7007,0.7007
seqneut25to26_sera_5004,A/NewSouthWales/2526015584/2025_H3N2,plate21-A/NewSouthWales/2526015584/2025_H3N2,5921,1.066,1
seqneut25to26_sera_5004,A/NewSouthWales/2526015584/2025_H3N2,plate21-A/NewSouthWales/2526015584/2025_H3N2,1.362e+04,0.9062,0.9062
seqneut25to26_sera_5004,A/Norway/8765/2025_H3N2,plate21-A/Norway/8765/2025_H3N2,40,0.08587,0.08587
seqneut25to26_sera_5004,A/Norway/8765/2025_H3N2,plate21-A/Norway/8765/2025_H3N2,92,0.2629,0.2629
seqneut25to26_sera_5004,A/Norway/8765/2025_H3N2,plate21-A/Norway/8765/2025_H3N2,212,0.5124,0.5124
seqneut25to26_sera_5004,A/Norway/8765/2025_H3N2,plate21-A/Norway/8765/2025_H3N2,487,0.623,0.623
seqneut25to26_sera_5004,A/Norway/8765/2025_H3N2,plate21-A/Norway/8765/2025_H3N2,1119,0.8945,0.8945
seqneut25to26_sera_5004,A/Norway/8765/2025_H3N2,plate21-A/Norway/8765/2025_H3N2,2575,0.7283,0.7283
seqneut25to26_sera_5004,A/Norway/8765/2025_H3N2,plate21-A/Norway/8765/2025_H3N2,5921,0.7563,0.7563
seqneut25to26_sera_5004,A/Norway/8765/2025_H3N2,plate21-A/Norway/8765/2025_H3N2,1.362e+04,0.9496,0.9496
seqneut25to26_sera_5004,A/Norway/8976/2025_H3N2,plate21-A/Norway/8976/2025_H3N2,40,0.0519,0.0519
seqneut25to26_sera_5004,A/Norway/8976/2025_H3N2,plate21-A/Norway/8976/2025_H3N2,92,0.1604,0.1604
seqneut25to26_sera_5004,A/Norway/8976/2025_H3N2,plate21-A/Norway/8976/2025_H3N2,212,0.3767,0.3767
seqneut25to26_sera_5004,A/Norway/8976/2025_H3N2,plate21-A/Norway/8976/2025_H3N2,487,0.542,0.542
seqneut25to26_sera_5004,A/Norway/8976/2025_H3N2,plate21-A/Norway/8976/2025_H3N2,1119,0.6448,0.6448
seqneut25to26_sera_5004,A/Norway/8976/2025_H3N2,plate21-A/Norway/8976/2025_H3N2,2575,0.7477,0.7477
seqneut25to26_sera_5004,A/Norway/8976/2025_H3N2,plate21-A/Norway/8976/2025_H3N2,5921,0.8058,0.8058
seqneut25to26_sera_5004,A/Norway/8976/2025_H3N2,plate21-A/Norway/8976/2025_H3N2,1.362e+04,0.9728,0.9728
seqneut25to26_sera_5004,A/Norway/9107/2025_H1N1,plate21-A/Norway/9107/2025_H1N1,40,0.0852,0.0852
seqneut25to26_sera_5004,A/Norway/9107/2025_H1N1,plate21-A/Norway/9107/2025_H1N1,92,0.279,0.279
seqneut25to26_sera_5004,A/Norway/9107/2025_H1N1,plate21-A/Norway/9107/2025_H1N1,212,0.5766,0.5766
seqneut25to26_sera_5004,A/Norway/9107/2025_H1N1,plate21-A/Norway/9107/2025_H1N1,487,0.5638,0.5638
seqneut25to26_sera_5004,A/Norway/9107/2025_H1N1,plate21-A/Norway/9107/2025_H1N1,1119,0.7667,0.7667
seqneut25to26_sera_5004,A/Norway/9107/2025_H1N1,plate21-A/Norway/9107/2025_H1N1,2575,0.9394,0.9394
seqneut25to26_sera_5004,A/Norway/9107/2025_H1N1,plate21-A/Norway/9107/2025_H1N1,5921,0.9145,0.9145
seqneut25to26_sera_5004,A/Norway/9107/2025_H1N1,plate21-A/Norway/9107/2025_H1N1,1.362e+04,1.324,1
seqneut25to26_sera_5004,A/Norway/9556/2025_H1N1,plate21-A/Norway/9556/2025_H1N1,40,0.1116,0.1116
seqneut25to26_sera_5004,A/Norway/9556/2025_H1N1,plate21-A/Norway/9556/2025_H1N1,92,0.3958,0.3958
seqneut25to26_sera_5004,A/Norway/9556/2025_H1N1,plate21-A/Norway/9556/2025_H1N1,212,0.5349,0.5349
seqneut25to26_sera_5004,A/Norway/9556/2025_H1N1,plate21-A/Norway/9556/2025_H1N1,487,0.6954,0.6954
seqneut25to26_sera_5004,A/Norway/9556/2025_H1N1,plate21-A/Norway/9556/2025_H1N1,1119,0.8745,0.8745
seqneut25to26_sera_5004,A/Norway/9556/2025_H1N1,plate21-A/Norway/9556/2025_H1N1,2575,0.7691,0.7691
seqneut25to26_sera_5004,A/Norway/9556/2025_H1N1,plate21-A/Norway/9556/2025_H1N1,5921,1.149,1
seqneut25to26_sera_5004,A/Norway/9556/2025_H1N1,plate21-A/Norway/9556/2025_H1N1,1.362e+04,1.048,1
seqneut25to26_sera_5004,A/Peru/GIHSN-04-1089/2025_H3N2,plate21-A/Peru/GIHSN-04-1089/2025_H3N2,40,0.1918,0.1918
seqneut25to26_sera_5004,A/Peru/GIHSN-04-1089/2025_H3N2,plate21-A/Peru/GIHSN-04-1089/2025_H3N2,92,0.5428,0.5428
seqneut25to26_sera_5004,A/Peru/GIHSN-04-1089/2025_H3N2,plate21-A/Peru/GIHSN-04-1089/2025_H3N2,212,0.5084,0.5084
seqneut25to26_sera_5004,A/Peru/GIHSN-04-1089/2025_H3N2,plate21-A/Peru/GIHSN-04-1089/2025_H3N2,487,0.683,0.683
seqneut25to26_sera_5004,A/Peru/GIHSN-04-1089/2025_H3N2,plate21-A/Peru/GIHSN-04-1089/2025_H3N2,1119,0.7458,0.7458
seqneut25to26_sera_5004,A/Peru/GIHSN-04-1089/2025_H3N2,plate21-A/Peru/GIHSN-04-1089/2025_H3N2,2575,0.8289,0.8289
seqneut25to26_sera_5004,A/Peru/GIHSN-04-1089/2025_H3N2,plate21-A/Peru/GIHSN-04-1089/2025_H3N2,5921,0.773,0.773
seqneut25to26_sera_5004,A/Peru/GIHSN-04-1089/2025_H3N2,plate21-A/Peru/GIHSN-04-1089/2025_H3N2,1.362e+04,1.525,1
seqneut25to26_sera_5004,A/Philippines/SARI25-1425/2025_H1N1,plate21-A/Philippines/SARI25-1425/2025_H1N1,40,0.08752,0.08752
seqneut25to26_sera_5004,A/Philippines/SARI25-1425/2025_H1N1,plate21-A/Philippines/SARI25-1425/2025_H1N1,92,0.2389,0.2389
seqneut25to26_sera_5004,A/Philippines/SARI25-1425/2025_H1N1,plate21-A/Philippines/SARI25-1425/2025_H1N1,212,0.3918,0.3918
seqneut25to26_sera_5004,A/Philippines/SARI25-1425/2025_H1N1,plate21-A/Philippines/SARI25-1425/2025_H1N1,487,0.6358,0.6358
seqneut25to26_sera_5004,A/Philippines/SARI25-1425/2025_H1N1,plate21-A/Philippines/SARI25-1425/2025_H1N1,1119,0.877,0.877
seqneut25to26_sera_5004,A/Philippines/SARI25-1425/2025_H1N1,plate21-A/Philippines/SARI25-1425/2025_H1N1,2575,0.9252,0.9252
seqneut25to26_sera_5004,A/Philippines/SARI25-1425/2025_H1N1,plate21-A/Philippines/SARI25-1425/2025_H1N1,5921,0.9629,0.9629
seqneut25to26_sera_5004,A/Philippines/SARI25-1425/2025_H1N1,plate21-A/Philippines/SARI25-1425/2025_H1N1,1.362e+04,0.9002,0.9002
seqneut25to26_sera_5004,A/Queensland/2526516675/2025_H3N2,plate21-A/Queensland/2526516675/2025_H3N2,40,0.07746,0.07746
seqneut25to26_sera_5004,A/Queensland/2526516675/2025_H3N2,plate21-A/Queensland/2526516675/2025_H3N2,92,0.1879,0.1879
seqneut25to26_sera_5004,A/Queensland/2526516675/2025_H3N2,plate21-A/Queensland/2526516675/2025_H3N2,212,0.4161,0.4161
seqneut25to26_sera_5004,A/Queensland/2526516675/2025_H3N2,plate21-A/Queensland/2526516675/2025_H3N2,487,0.7237,0.7237
seqneut25to26_sera_5004,A/Queensland/2526516675/2025_H3N2,plate21-A/Queensland/2526516675/2025_H3N2,1119,0.7184,0.7184
seqneut25to26_sera_5004,A/Queensland/2526516675/2025_H3N2,plate21-A/Queensland/2526516675/2025_H3N2,2575,0.8604,0.8604
seqneut25to26_sera_5004,A/Queensland/2526516675/2025_H3N2,plate21-A/Queensland/2526516675/2025_H3N2,5921,0.9783,0.9783
seqneut25to26_sera_5004,A/Queensland/2526516675/2025_H3N2,plate21-A/Queensland/2526516675/2025_H3N2,1.362e+04,1.124,1
seqneut25to26_sera_5004,A/SouthAfrica/PET37604/2025_H3N2,plate21-A/SouthAfrica/PET37604/2025_H3N2,40,0.06308,0.06308
seqneut25to26_sera_5004,A/SouthAfrica/PET37604/2025_H3N2,plate21-A/SouthAfrica/PET37604/2025_H3N2,92,0.1705,0.1705
seqneut25to26_sera_5004,A/SouthAfrica/PET37604/2025_H3N2,plate21-A/SouthAfrica/PET37604/2025_H3N2,212,0.2954,0.2954
seqneut25to26_sera_5004,A/SouthAfrica/PET37604/2025_H3N2,plate21-A/SouthAfrica/PET37604/2025_H3N2,487,0.4923,0.4923
seqneut25to26_sera_5004,A/SouthAfrica/PET37604/2025_H3N2,plate21-A/SouthAfrica/PET37604/2025_H3N2,1119,0.5489,0.5489
seqneut25to26_sera_5004,A/SouthAfrica/PET37604/2025_H3N2,plate21-A/SouthAfrica/PET37604/2025_H3N2,2575,1.151,1
seqneut25to26_sera_5004,A/SouthAfrica/PET37604/2025_H3N2,plate21-A/SouthAfrica/PET37604/2025_H3N2,5921,0.7065,0.7065
seqneut25to26_sera_5004,A/SouthAfrica/PET37604/2025_H3N2,plate21-A/SouthAfrica/PET37604/2025_H3N2,1.362e+04,0.8529,0.8529
seqneut25to26_sera_5004,A/SouthAfrica/PET37625/2025_H3N2,plate21-A/SouthAfrica/PET37625/2025_H3N2,40,0.04408,0.04408
seqneut25to26_sera_5004,A/SouthAfrica/PET37625/2025_H3N2,plate21-A/SouthAfrica/PET37625/2025_H3N2,92,0.2061,0.2061
seqneut25to26_sera_5004,A/SouthAfrica/PET37625/2025_H3N2,plate21-A/SouthAfrica/PET37625/2025_H3N2,212,0.4559,0.4559
seqneut25to26_sera_5004,A/SouthAfrica/PET37625/2025_H3N2,plate21-A/SouthAfrica/PET37625/2025_H3N2,487,0.5557,0.5557
seqneut25to26_sera_5004,A/SouthAfrica/PET37625/2025_H3N2,plate21-A/SouthAfrica/PET37625/2025_H3N2,1119,0.8418,0.8418
seqneut25to26_sera_5004,A/SouthAfrica/PET37625/2025_H3N2,plate21-A/SouthAfrica/PET37625/2025_H3N2,2575,0.95,0.95
seqneut25to26_sera_5004,A/SouthAfrica/PET37625/2025_H3N2,plate21-A/SouthAfrica/PET37625/2025_H3N2,5921,1.108,1
seqneut25to26_sera_5004,A/SouthAfrica/PET37625/2025_H3N2,plate21-A/SouthAfrica/PET37625/2025_H3N2,1.362e+04,1.566,1
seqneut25to26_sera_5004,A/SouthAustralia/2519001037/2025_H1N1,plate21-A/SouthAustralia/2519001037/2025_H1N1,40,0.1007,0.1007
seqneut25to26_sera_5004,A/SouthAustralia/2519001037/2025_H1N1,plate21-A/SouthAustralia/2519001037/2025_H1N1,92,0.1986,0.1986
seqneut25to26_sera_5004,A/SouthAustralia/2519001037/2025_H1N1,plate21-A/SouthAustralia/2519001037/2025_H1N1,212,0.5307,0.5307
seqneut25to26_sera_5004,A/SouthAustralia/2519001037/2025_H1N1,plate21-A/SouthAustralia/2519001037/2025_H1N1,487,0.6076,0.6076
seqneut25to26_sera_5004,A/SouthAustralia/2519001037/2025_H1N1,plate21-A/SouthAustralia/2519001037/2025_H1N1,1119,0.6727,0.6727
seqneut25to26_sera_5004,A/SouthAustralia/2519001037/2025_H1N1,plate21-A/SouthAustralia/2519001037/2025_H1N1,2575,0.9001,0.9001
seqneut25to26_sera_5004,A/SouthAustralia/2519001037/2025_H1N1,plate21-A/SouthAustralia/2519001037/2025_H1N1,5921,0.8813,0.8813
seqneut25to26_sera_5004,A/SouthAustralia/2519001037/2025_H1N1,plate21-A/SouthAustralia/2519001037/2025_H1N1,1.362e+04,1.148,1
seqneut25to26_sera_5004,A/SouthAustralia/2520702747/2025_H1N1,plate21-A/SouthAustralia/2520702747/2025_H1N1,40,0.05762,0.05762
seqneut25to26_sera_5004,A/SouthAustralia/2520702747/2025_H1N1,plate21-A/SouthAustralia/2520702747/2025_H1N1,92,0.2788,0.2788
seqneut25to26_sera_5004,A/SouthAustralia/2520702747/2025_H1N1,plate21-A/SouthAustralia/2520702747/2025_H1N1,212,0.3864,0.3864
seqneut25to26_sera_5004,A/SouthAustralia/2520702747/2025_H1N1,plate21-A/SouthAustralia/2520702747/2025_H1N1,487,0.5362,0.5362
seqneut25to26_sera_5004,A/SouthAustralia/2520702747/2025_H1N1,plate21-A/SouthAustralia/2520702747/2025_H1N1,1119,0.6262,0.6262
seqneut25to26_sera_5004,A/SouthAustralia/2520702747/2025_H1N1,plate21-A/SouthAustralia/2520702747/2025_H1N1,2575,0.7797,0.7797
seqneut25to26_sera_5004,A/SouthAustralia/2520702747/2025_H1N1,plate21-A/SouthAustralia/2520702747/2025_H1N1,5921,0.8429,0.8429
seqneut25to26_sera_5004,A/SouthAustralia/2520702747/2025_H1N1,plate21-A/SouthAustralia/2520702747/2025_H1N1,1.362e+04,1.059,1
seqneut25to26_sera_5004,A/SouthAustralia/2523012764/2025_H1N1,plate21-A/SouthAustralia/2523012764/2025_H1N1,40,0.04652,0.04652
seqneut25to26_sera_5004,A/SouthAustralia/2523012764/2025_H1N1,plate21-A/SouthAustralia/2523012764/2025_H1N1,92,0.1944,0.1944
seqneut25to26_sera_5004,A/SouthAustralia/2523012764/2025_H1N1,plate21-A/SouthAustralia/2523012764/2025_H1N1,212,0.4376,0.4376
seqneut25to26_sera_5004,A/SouthAustralia/2523012764/2025_H1N1,plate21-A/SouthAustralia/2523012764/2025_H1N1,487,0.6422,0.6422
seqneut25to26_sera_5004,A/SouthAustralia/2523012764/2025_H1N1,plate21-A/SouthAustralia/2523012764/2025_H1N1,1119,0.7406,0.7406
seqneut25to26_sera_5004,A/SouthAustralia/2523012764/2025_H1N1,plate21-A/SouthAustralia/2523012764/2025_H1N1,2575,1.082,1
seqneut25to26_sera_5004,A/SouthAustralia/2523012764/2025_H1N1,plate21-A/SouthAustralia/2523012764/2025_H1N1,5921,1.045,1
seqneut25to26_sera_5004,A/SouthAustralia/2523012764/2025_H1N1,plate21-A/SouthAustralia/2523012764/2025_H1N1,1.362e+04,1.157,1
seqneut25to26_sera_5004,A/SouthAustralia/2523812314/2025_H3N2,plate21-A/SouthAustralia/2523812314/2025_H3N2,40,0.0126,0.0126
seqneut25to26_sera_5004,A/SouthAustralia/2523812314/2025_H3N2,plate21-A/SouthAustralia/2523812314/2025_H3N2,92,0.1927,0.1927
seqneut25to26_sera_5004,A/SouthAustralia/2523812314/2025_H3N2,plate21-A/SouthAustralia/2523812314/2025_H3N2,212,0.3692,0.3692
seqneut25to26_sera_5004,A/SouthAustralia/2523812314/2025_H3N2,plate21-A/SouthAustralia/2523812314/2025_H3N2,487,0.5572,0.5572
seqneut25to26_sera_5004,A/SouthAustralia/2523812314/2025_H3N2,plate21-A/SouthAustralia/2523812314/2025_H3N2,1119,0.7252,0.7252
seqneut25to26_sera_5004,A/SouthAustralia/2523812314/2025_H3N2,plate21-A/SouthAustralia/2523812314/2025_H3N2,2575,0.8844,0.8844
seqneut25to26_sera_5004,A/SouthAustralia/2523812314/2025_H3N2,plate21-A/SouthAustralia/2523812314/2025_H3N2,5921,0.9987,0.9987
seqneut25to26_sera_5004,A/SouthAustralia/2523812314/2025_H3N2,plate21-A/SouthAustralia/2523812314/2025_H3N2,1.362e+04,0.8196,0.8196
seqneut25to26_sera_5004,A/SouthAustralia/2524408801/2025_H3N2,plate21-A/SouthAustralia/2524408801/2025_H3N2,40,0.03106,0.03106
seqneut25to26_sera_5004,A/SouthAustralia/2524408801/2025_H3N2,plate21-A/SouthAustralia/2524408801/2025_H3N2,92,0.1976,0.1976
seqneut25to26_sera_5004,A/SouthAustralia/2524408801/2025_H3N2,plate21-A/SouthAustralia/2524408801/2025_H3N2,212,0.3577,0.3577
seqneut25to26_sera_5004,A/SouthAustralia/2524408801/2025_H3N2,plate21-A/SouthAustralia/2524408801/2025_H3N2,487,0.6879,0.6879
seqneut25to26_sera_5004,A/SouthAustralia/2524408801/2025_H3N2,plate21-A/SouthAustralia/2524408801/2025_H3N2,1119,0.9631,0.9631
seqneut25to26_sera_5004,A/SouthAustralia/2524408801/2025_H3N2,plate21-A/SouthAustralia/2524408801/2025_H3N2,2575,0.8515,0.8515
seqneut25to26_sera_5004,A/SouthAustralia/2524408801/2025_H3N2,plate21-A/SouthAustralia/2524408801/2025_H3N2,5921,1.226,1
seqneut25to26_sera_5004,A/SouthAustralia/2524408801/2025_H3N2,plate21-A/SouthAustralia/2524408801/2025_H3N2,1.362e+04,1.118,1
seqneut25to26_sera_5004,A/SouthAustralia/2524712956/2025_H1N1,plate21-A/SouthAustralia/2524712956/2025_H1N1,40,0.03651,0.03651
seqneut25to26_sera_5004,A/SouthAustralia/2524712956/2025_H1N1,plate21-A/SouthAustralia/2524712956/2025_H1N1,92,0.1921,0.1921
seqneut25to26_sera_5004,A/SouthAustralia/2524712956/2025_H1N1,plate21-A/SouthAustralia/2524712956/2025_H1N1,212,0.3814,0.3814
seqneut25to26_sera_5004,A/SouthAustralia/2524712956/2025_H1N1,plate21-A/SouthAustralia/2524712956/2025_H1N1,487,0.4484,0.4484
seqneut25to26_sera_5004,A/SouthAustralia/2524712956/2025_H1N1,plate21-A/SouthAustralia/2524712956/2025_H1N1,1119,0.9486,0.9486
seqneut25to26_sera_5004,A/SouthAustralia/2524712956/2025_H1N1,plate21-A/SouthAustralia/2524712956/2025_H1N1,2575,0.7356,0.7356
seqneut25to26_sera_5004,A/SouthAustralia/2524712956/2025_H1N1,plate21-A/SouthAustralia/2524712956/2025_H1N1,5921,0.792,0.792
seqneut25to26_sera_5004,A/SouthAustralia/2524712956/2025_H1N1,plate21-A/SouthAustralia/2524712956/2025_H1N1,1.362e+04,1.135,1
seqneut25to26_sera_5004,A/SouthAustralia/2525607496/2025_H3N2,plate21-A/SouthAustralia/2525607496/2025_H3N2,40,0.2467,0.2467
seqneut25to26_sera_5004,A/SouthAustralia/2525607496/2025_H3N2,plate21-A/SouthAustralia/2525607496/2025_H3N2,92,0.4871,0.4871
seqneut25to26_sera_5004,A/SouthAustralia/2525607496/2025_H3N2,plate21-A/SouthAustralia/2525607496/2025_H3N2,212,0.5621,0.5621
seqneut25to26_sera_5004,A/SouthAustralia/2525607496/2025_H3N2,plate21-A/SouthAustralia/2525607496/2025_H3N2,487,0.9078,0.9078
seqneut25to26_sera_5004,A/SouthAustralia/2525607496/2025_H3N2,plate21-A/SouthAustralia/2525607496/2025_H3N2,1119,0.8494,0.8494
seqneut25to26_sera_5004,A/SouthAustralia/2525607496/2025_H3N2,plate21-A/SouthAustralia/2525607496/2025_H3N2,2575,0.7423,0.7423
seqneut25to26_sera_5004,A/SouthAustralia/2525607496/2025_H3N2,plate21-A/SouthAustralia/2525607496/2025_H3N2,5921,0.7832,0.7832
seqneut25to26_sera_5004,A/SouthAustralia/2525607496/2025_H3N2,plate21-A/SouthAustralia/2525607496/2025_H3N2,1.362e+04,1.204,1
seqneut25to26_sera_5004,A/SouthAustralia/2527003588/2025_H3N2,plate21-A/SouthAustralia/2527003588/2025_H3N2,40,0.1007,0.1007
seqneut25to26_sera_5004,A/SouthAustralia/2527003588/2025_H3N2,plate21-A/SouthAustralia/2527003588/2025_H3N2,92,0.2642,0.2642
seqneut25to26_sera_5004,A/SouthAustralia/2527003588/2025_H3N2,plate21-A/SouthAustralia/2527003588/2025_H3N2,212,0.2787,0.2787
seqneut25to26_sera_5004,A/SouthAustralia/2527003588/2025_H3N2,plate21-A/SouthAustralia/2527003588/2025_H3N2,487,0.8134,0.8134
seqneut25to26_sera_5004,A/SouthAustralia/2527003588/2025_H3N2,plate21-A/SouthAustralia/2527003588/2025_H3N2,1119,0.7215,0.7215
seqneut25to26_sera_5004,A/SouthAustralia/2527003588/2025_H3N2,plate21-A/SouthAustralia/2527003588/2025_H3N2,2575,0.6801,0.6801
seqneut25to26_sera_5004,A/SouthAustralia/2527003588/2025_H3N2,plate21-A/SouthAustralia/2527003588/2025_H3N2,5921,1.602,1
seqneut25to26_sera_5004,A/SouthAustralia/2527003588/2025_H3N2,plate21-A/SouthAustralia/2527003588/2025_H3N2,1.362e+04,0.9257,0.9257
seqneut25to26_sera_5004,A/SouthAustralia/2527213276/2025_H3N2,plate21-A/SouthAustralia/2527213276/2025_H3N2,40,0.03726,0.03726
seqneut25to26_sera_5004,A/SouthAustralia/2527213276/2025_H3N2,plate21-A/SouthAustralia/2527213276/2025_H3N2,92,0.1306,0.1306
seqneut25to26_sera_5004,A/SouthAustralia/2527213276/2025_H3N2,plate21-A/SouthAustralia/2527213276/2025_H3N2,212,0.3049,0.3049
seqneut25to26_sera_5004,A/SouthAustralia/2527213276/2025_H3N2,plate21-A/SouthAustralia/2527213276/2025_H3N2,487,0.2264,0.2264
seqneut25to26_sera_5004,A/SouthAustralia/2527213276/2025_H3N2,plate21-A/SouthAustralia/2527213276/2025_H3N2,1119,0.6805,0.6805
seqneut25to26_sera_5004,A/SouthAustralia/2527213276/2025_H3N2,plate21-A/SouthAustralia/2527213276/2025_H3N2,2575,0.5651,0.5651
seqneut25to26_sera_5004,A/SouthAustralia/2527213276/2025_H3N2,plate21-A/SouthAustralia/2527213276/2025_H3N2,5921,0.818,0.818
seqneut25to26_sera_5004,A/SouthAustralia/2527213276/2025_H3N2,plate21-A/SouthAustralia/2527213276/2025_H3N2,1.362e+04,0.8795,0.8795
seqneut25to26_sera_5004,A/SouthAustralia/2527612456/2025_H1N1,plate21-A/SouthAustralia/2527612456/2025_H1N1,40,0.2854,0.2854
seqneut25to26_sera_5004,A/SouthAustralia/2527612456/2025_H1N1,plate21-A/SouthAustralia/2527612456/2025_H1N1,92,0.4705,0.4705
seqneut25to26_sera_5004,A/SouthAustralia/2527612456/2025_H1N1,plate21-A/SouthAustralia/2527612456/2025_H1N1,212,0.4732,0.4732
seqneut25to26_sera_5004,A/SouthAustralia/2527612456/2025_H1N1,plate21-A/SouthAustralia/2527612456/2025_H1N1,487,0.7056,0.7056
seqneut25to26_sera_5004,A/SouthAustralia/2527612456/2025_H1N1,plate21-A/SouthAustralia/2527612456/2025_H1N1,1119,0.6724,0.6724
seqneut25to26_sera_5004,A/SouthAustralia/2527612456/2025_H1N1,plate21-A/SouthAustralia/2527612456/2025_H1N1,2575,0.8308,0.8308
seqneut25to26_sera_5004,A/SouthAustralia/2527612456/2025_H1N1,plate21-A/SouthAustralia/2527612456/2025_H1N1,5921,1.279,1
seqneut25to26_sera_5004,A/SouthAustralia/2527612456/2025_H1N1,plate21-A/SouthAustralia/2527612456/2025_H1N1,1.362e+04,1.172,1
seqneut25to26_sera_5004,A/SouthAustralia/2527902708/2025_H3N2,plate21-A/SouthAustralia/2527902708/2025_H3N2,40,0.1834,0.1834
seqneut25to26_sera_5004,A/SouthAustralia/2527902708/2025_H3N2,plate21-A/SouthAustralia/2527902708/2025_H3N2,92,0.3376,0.3376
seqneut25to26_sera_5004,A/SouthAustralia/2527902708/2025_H3N2,plate21-A/SouthAustralia/2527902708/2025_H3N2,212,0.8711,0.8711
seqneut25to26_sera_5004,A/SouthAustralia/2527902708/2025_H3N2,plate21-A/SouthAustralia/2527902708/2025_H3N2,487,1.033,1
seqneut25to26_sera_5004,A/SouthAustralia/2527902708/2025_H3N2,plate21-A/SouthAustralia/2527902708/2025_H3N2,1119,0.8587,0.8587
seqneut25to26_sera_5004,A/SouthAustralia/2527902708/2025_H3N2,plate21-A/SouthAustralia/2527902708/2025_H3N2,2575,1.297,1
seqneut25to26_sera_5004,A/SouthAustralia/2527902708/2025_H3N2,plate21-A/SouthAustralia/2527902708/2025_H3N2,5921,0.8732,0.8732
seqneut25to26_sera_5004,A/SouthAustralia/2527902708/2025_H3N2,plate21-A/SouthAustralia/2527902708/2025_H3N2,1.362e+04,0.9853,0.9853
seqneut25to26_sera_5004,A/Sydney/1359/2024_H3N2,plate21-A/Sydney/1359/2024_H3N2,40,0.00143,0.00143
seqneut25to26_sera_5004,A/Sydney/1359/2024_H3N2,plate21-A/Sydney/1359/2024_H3N2,92,0.03214,0.03214
seqneut25to26_sera_5004,A/Sydney/1359/2024_H3N2,plate21-A/Sydney/1359/2024_H3N2,212,0.2806,0.2806
seqneut25to26_sera_5004,A/Sydney/1359/2024_H3N2,plate21-A/Sydney/1359/2024_H3N2,487,0.3055,0.3055
seqneut25to26_sera_5004,A/Sydney/1359/2024_H3N2,plate21-A/Sydney/1359/2024_H3N2,1119,0.6695,0.6695
seqneut25to26_sera_5004,A/Sydney/1359/2024_H3N2,plate21-A/Sydney/1359/2024_H3N2,2575,0.6954,0.6954
seqneut25to26_sera_5004,A/Sydney/1359/2024_H3N2,plate21-A/Sydney/1359/2024_H3N2,5921,0.7736,0.7736
seqneut25to26_sera_5004,A/Sydney/1359/2024_H3N2,plate21-A/Sydney/1359/2024_H3N2,1.362e+04,0.747,0.747
seqneut25to26_sera_5004,A/Sydney/400/2025_H1N1,plate21-A/Sydney/400/2025_H1N1,40,0.03513,0.03513
seqneut25to26_sera_5004,A/Sydney/400/2025_H1N1,plate21-A/Sydney/400/2025_H1N1,92,0.2167,0.2167
seqneut25to26_sera_5004,A/Sydney/400/2025_H1N1,plate21-A/Sydney/400/2025_H1N1,212,0.5456,0.5456
seqneut25to26_sera_5004,A/Sydney/400/2025_H1N1,plate21-A/Sydney/400/2025_H1N1,487,0.5,0.5
seqneut25to26_sera_5004,A/Sydney/400/2025_H1N1,plate21-A/Sydney/400/2025_H1N1,1119,0.9274,0.9274
seqneut25to26_sera_5004,A/Sydney/400/2025_H1N1,plate21-A/Sydney/400/2025_H1N1,2575,0.8303,0.8303
seqneut25to26_sera_5004,A/Sydney/400/2025_H1N1,plate21-A/Sydney/400/2025_H1N1,5921,0.9867,0.9867
seqneut25to26_sera_5004,A/Sydney/400/2025_H1N1,plate21-A/Sydney/400/2025_H1N1,1.362e+04,1.247,1
seqneut25to26_sera_5004,A/Tasmania/2521815682/2025_H3N2,plate21-A/Tasmania/2521815682/2025_H3N2,40,0.07132,0.07132
seqneut25to26_sera_5004,A/Tasmania/2521815682/2025_H3N2,plate21-A/Tasmania/2521815682/2025_H3N2,92,0.2165,0.2165
seqneut25to26_sera_5004,A/Tasmania/2521815682/2025_H3N2,plate21-A/Tasmania/2521815682/2025_H3N2,212,0.3079,0.3079
seqneut25to26_sera_5004,A/Tasmania/2521815682/2025_H3N2,plate21-A/Tasmania/2521815682/2025_H3N2,487,0.612,0.612
seqneut25to26_sera_5004,A/Tasmania/2521815682/2025_H3N2,plate21-A/Tasmania/2521815682/2025_H3N2,1119,0.8572,0.8572
seqneut25to26_sera_5004,A/Tasmania/2521815682/2025_H3N2,plate21-A/Tasmania/2521815682/2025_H3N2,2575,0.8496,0.8496
seqneut25to26_sera_5004,A/Tasmania/2521815682/2025_H3N2,plate21-A/Tasmania/2521815682/2025_H3N2,5921,0.9383,0.9383
seqneut25to26_sera_5004,A/Tasmania/2521815682/2025_H3N2,plate21-A/Tasmania/2521815682/2025_H3N2,1.362e+04,1.043,1
seqneut25to26_sera_5004,A/Thailand/8/2022_H3N2,plate21-A/Thailand/8/2022_H3N2,40,0.02659,0.02659
seqneut25to26_sera_5004,A/Thailand/8/2022_H3N2,plate21-A/Thailand/8/2022_H3N2,92,0.4229,0.4229
seqneut25to26_sera_5004,A/Thailand/8/2022_H3N2,plate21-A/Thailand/8/2022_H3N2,212,0.8004,0.8004
seqneut25to26_sera_5004,A/Thailand/8/2022_H3N2,plate21-A/Thailand/8/2022_H3N2,487,0.7246,0.7246
seqneut25to26_sera_5004,A/Thailand/8/2022_H3N2,plate21-A/Thailand/8/2022_H3N2,1119,0.7833,0.7833
seqneut25to26_sera_5004,A/Thailand/8/2022_H3N2,plate21-A/Thailand/8/2022_H3N2,2575,0.8123,0.8123
seqneut25to26_sera_5004,A/Thailand/8/2022_H3N2,plate21-A/Thailand/8/2022_H3N2,5921,1.073,1
seqneut25to26_sera_5004,A/Thailand/8/2022_H3N2,plate21-A/Thailand/8/2022_H3N2,1.362e+04,1.052,1
seqneut25to26_sera_5004,A/Vermont/73/2025_H3N2,plate21-A/Vermont/73/2025_H3N2,40,0.05748,0.05748
seqneut25to26_sera_5004,A/Vermont/73/2025_H3N2,plate21-A/Vermont/73/2025_H3N2,92,0.3626,0.3626
seqneut25to26_sera_5004,A/Vermont/73/2025_H3N2,plate21-A/Vermont/73/2025_H3N2,212,0.5072,0.5072
seqneut25to26_sera_5004,A/Vermont/73/2025_H3N2,plate21-A/Vermont/73/2025_H3N2,487,0.9272,0.9272
seqneut25to26_sera_5004,A/Vermont/73/2025_H3N2,plate21-A/Vermont/73/2025_H3N2,1119,0.9159,0.9159
seqneut25to26_sera_5004,A/Vermont/73/2025_H3N2,plate21-A/Vermont/73/2025_H3N2,2575,0.58,0.58
seqneut25to26_sera_5004,A/Vermont/73/2025_H3N2,plate21-A/Vermont/73/2025_H3N2,5921,1.164,1
seqneut25to26_sera_5004,A/Vermont/73/2025_H3N2,plate21-A/Vermont/73/2025_H3N2,1.362e+04,0.9603,0.9603
seqneut25to26_sera_5004,A/Victoria/4897/2022_IVR-238_H1N1,plate21-A/Victoria/4897/2022_IVR-238_H1N1,40,0.03213,0.03213
seqneut25to26_sera_5004,A/Victoria/4897/2022_IVR-238_H1N1,plate21-A/Victoria/4897/2022_IVR-238_H1N1,92,0.09777,0.09777
seqneut25to26_sera_5004,A/Victoria/4897/2022_IVR-238_H1N1,plate21-A/Victoria/4897/2022_IVR-238_H1N1,212,0.12,0.12
seqneut25to26_sera_5004,A/Victoria/4897/2022_IVR-238_H1N1,plate21-A/Victoria/4897/2022_IVR-238_H1N1,487,0.3174,0.3174
seqneut25to26_sera_5004,A/Victoria/4897/2022_IVR-238_H1N1,plate21-A/Victoria/4897/2022_IVR-238_H1N1,1119,0.476,0.476
seqneut25to26_sera_5004,A/Victoria/4897/2022_IVR-238_H1N1,plate21-A/Victoria/4897/2022_IVR-238_H1N1,2575,0.5696,0.5696
seqneut25to26_sera_5004,A/Victoria/4897/2022_IVR-238_H1N1,plate21-A/Victoria/4897/2022_IVR-238_H1N1,5921,0.6946,0.6946
seqneut25to26_sera_5004,A/Victoria/4897/2022_IVR-238_H1N1,plate21-A/Victoria/4897/2022_IVR-238_H1N1,1.362e+04,0.7744,0.7744
seqneut25to26_sera_5004,A/Wisconsin/588/2019_H1N1,plate21-A/Wisconsin/588/2019_H1N1,40,0.08357,0.08357
seqneut25to26_sera_5004,A/Wisconsin/588/2019_H1N1,plate21-A/Wisconsin/588/2019_H1N1,92,0.3301,0.3301
seqneut25to26_sera_5004,A/Wisconsin/588/2019_H1N1,plate21-A/Wisconsin/588/2019_H1N1,212,0.4574,0.4574
seqneut25to26_sera_5004,A/Wisconsin/588/2019_H1N1,plate21-A/Wisconsin/588/2019_H1N1,487,0.6297,0.6297
seqneut25to26_sera_5004,A/Wisconsin/588/2019_H1N1,plate21-A/Wisconsin/588/2019_H1N1,1119,0.8974,0.8974
seqneut25to26_sera_5004,A/Wisconsin/588/2019_H1N1,plate21-A/Wisconsin/588/2019_H1N1,2575,0.8039,0.8039
seqneut25to26_sera_5004,A/Wisconsin/588/2019_H1N1,plate21-A/Wisconsin/588/2019_H1N1,5921,1.128,1
seqneut25to26_sera_5004,A/Wisconsin/588/2019_H1N1,plate21-A/Wisconsin/588/2019_H1N1,1.362e+04,1.196,1
seqneut25to26_sera_5004,A/Wisconsin/67/2022_H1N1,plate21-A/Wisconsin/67/2022_H1N1,40,0.09899,0.09899
seqneut25to26_sera_5004,A/Wisconsin/67/2022_H1N1,plate21-A/Wisconsin/67/2022_H1N1,92,0.2816,0.2816
seqneut25to26_sera_5004,A/Wisconsin/67/2022_H1N1,plate21-A/Wisconsin/67/2022_H1N1,212,0.4322,0.4322
seqneut25to26_sera_5004,A/Wisconsin/67/2022_H1N1,plate21-A/Wisconsin/67/2022_H1N1,487,0.6647,0.6647
seqneut25to26_sera_5004,A/Wisconsin/67/2022_H1N1,plate21-A/Wisconsin/67/2022_H1N1,1119,0.7221,0.7221
seqneut25to26_sera_5004,A/Wisconsin/67/2022_H1N1,plate21-A/Wisconsin/67/2022_H1N1,2575,0.9403,0.9403
seqneut25to26_sera_5004,A/Wisconsin/67/2022_H1N1,plate21-A/Wisconsin/67/2022_H1N1,5921,0.9456,0.9456
seqneut25to26_sera_5004,A/Wisconsin/67/2022_H1N1,plate21-A/Wisconsin/67/2022_H1N1,1.362e+04,1.211,1
seqneut25to26_sera_5004,A/Zacapa/FLU-261/2025_H1N1,plate21-A/Zacapa/FLU-261/2025_H1N1,40,0.07442,0.07442
seqneut25to26_sera_5004,A/Zacapa/FLU-261/2025_H1N1,plate21-A/Zacapa/FLU-261/2025_H1N1,92,0.2178,0.2178
seqneut25to26_sera_5004,A/Zacapa/FLU-261/2025_H1N1,plate21-A/Zacapa/FLU-261/2025_H1N1,212,0.5667,0.5667
seqneut25to26_sera_5004,A/Zacapa/FLU-261/2025_H1N1,plate21-A/Zacapa/FLU-261/2025_H1N1,487,0.5581,0.5581
seqneut25to26_sera_5004,A/Zacapa/FLU-261/2025_H1N1,plate21-A/Zacapa/FLU-261/2025_H1N1,1119,0.6479,0.6479
seqneut25to26_sera_5004,A/Zacapa/FLU-261/2025_H1N1,plate21-A/Zacapa/FLU-261/2025_H1N1,2575,0.7195,0.7195
seqneut25to26_sera_5004,A/Zacapa/FLU-261/2025_H1N1,plate21-A/Zacapa/FLU-261/2025_H1N1,5921,0.8166,0.8166
seqneut25to26_sera_5004,A/Zacapa/FLU-261/2025_H1N1,plate21-A/Zacapa/FLU-261/2025_H1N1,1.362e+04,1.333,1
seqneut25to26_sera_5005,A/Alagoas/4130/2025_H3N2,plate21-A/Alagoas/4130/2025_H3N2,40,0.005283,0.005283
seqneut25to26_sera_5005,A/Alagoas/4130/2025_H3N2,plate21-A/Alagoas/4130/2025_H3N2,92,0.007858,0.007858
seqneut25to26_sera_5005,A/Alagoas/4130/2025_H3N2,plate21-A/Alagoas/4130/2025_H3N2,212,0.09364,0.09364
seqneut25to26_sera_5005,A/Alagoas/4130/2025_H3N2,plate21-A/Alagoas/4130/2025_H3N2,487,0.2956,0.2956
seqneut25to26_sera_5005,A/Alagoas/4130/2025_H3N2,plate21-A/Alagoas/4130/2025_H3N2,1119,0.4216,0.4216
seqneut25to26_sera_5005,A/Alagoas/4130/2025_H3N2,plate21-A/Alagoas/4130/2025_H3N2,2575,0.6297,0.6297
seqneut25to26_sera_5005,A/Alagoas/4130/2025_H3N2,plate21-A/Alagoas/4130/2025_H3N2,5921,0.9059,0.9059
seqneut25to26_sera_5005,A/Alagoas/4130/2025_H3N2,plate21-A/Alagoas/4130/2025_H3N2,1.362e+04,0.9489,0.9489
seqneut25to26_sera_5005,A/Anapolis/LEIAL6543/2025_H3N2,plate21-A/Anapolis/LEIAL6543/2025_H3N2,40,0.0003434,0.0003434
seqneut25to26_sera_5005,A/Anapolis/LEIAL6543/2025_H3N2,plate21-A/Anapolis/LEIAL6543/2025_H3N2,92,0.008051,0.008051
seqneut25to26_sera_5005,A/Anapolis/LEIAL6543/2025_H3N2,plate21-A/Anapolis/LEIAL6543/2025_H3N2,212,0.08035,0.08035
seqneut25to26_sera_5005,A/Anapolis/LEIAL6543/2025_H3N2,plate21-A/Anapolis/LEIAL6543/2025_H3N2,487,0.1901,0.1901
seqneut25to26_sera_5005,A/Anapolis/LEIAL6543/2025_H3N2,plate21-A/Anapolis/LEIAL6543/2025_H3N2,1119,0.4877,0.4877
seqneut25to26_sera_5005,A/Anapolis/LEIAL6543/2025_H3N2,plate21-A/Anapolis/LEIAL6543/2025_H3N2,2575,0.8057,0.8057
seqneut25to26_sera_5005,A/Anapolis/LEIAL6543/2025_H3N2,plate21-A/Anapolis/LEIAL6543/2025_H3N2,5921,0.5645,0.5645
seqneut25to26_sera_5005,A/Anapolis/LEIAL6543/2025_H3N2,plate21-A/Anapolis/LEIAL6543/2025_H3N2,1.362e+04,0.8447,0.8447
seqneut25to26_sera_5005,A/Andalucia/PMC-00977/2025_H1N1,plate21-A/Andalucia/PMC-00977/2025_H1N1,40,0,0
seqneut25to26_sera_5005,A/Andalucia/PMC-00977/2025_H1N1,plate21-A/Andalucia/PMC-00977/2025_H1N1,92,0.0001948,0.0001948
seqneut25to26_sera_5005,A/Andalucia/PMC-00977/2025_H1N1,plate21-A/Andalucia/PMC-00977/2025_H1N1,212,0.001511,0.001511
seqneut25to26_sera_5005,A/Andalucia/PMC-00977/2025_H1N1,plate21-A/Andalucia/PMC-00977/2025_H1N1,487,0.03367,0.03367
seqneut25to26_sera_5005,A/Andalucia/PMC-00977/2025_H1N1,plate21-A/Andalucia/PMC-00977/2025_H1N1,1119,0.37,0.37
seqneut25to26_sera_5005,A/Andalucia/PMC-00977/2025_H1N1,plate21-A/Andalucia/PMC-00977/2025_H1N1,2575,0.8719,0.8719
seqneut25to26_sera_5005,A/Andalucia/PMC-00977/2025_H1N1,plate21-A/Andalucia/PMC-00977/2025_H1N1,5921,0.901,0.901
seqneut25to26_sera_5005,A/Andalucia/PMC-00977/2025_H1N1,plate21-A/Andalucia/PMC-00977/2025_H1N1,1.362e+04,1.076,1
seqneut25to26_sera_5005,A/Aragon/2046/2025_H1N1,plate21-A/Aragon/2046/2025_H1N1,40,0.0001111,0.0001111
seqneut25to26_sera_5005,A/Aragon/2046/2025_H1N1,plate21-A/Aragon/2046/2025_H1N1,92,0.0004034,0.0004034
seqneut25to26_sera_5005,A/Aragon/2046/2025_H1N1,plate21-A/Aragon/2046/2025_H1N1,212,0.005308,0.005308
seqneut25to26_sera_5005,A/Aragon/2046/2025_H1N1,plate21-A/Aragon/2046/2025_H1N1,487,0.02844,0.02844
seqneut25to26_sera_5005,A/Aragon/2046/2025_H1N1,plate21-A/Aragon/2046/2025_H1N1,1119,0.21,0.21
seqneut25to26_sera_5005,A/Aragon/2046/2025_H1N1,plate21-A/Aragon/2046/2025_H1N1,2575,0.848,0.848
seqneut25to26_sera_5005,A/Aragon/2046/2025_H1N1,plate21-A/Aragon/2046/2025_H1N1,5921,0.8719,0.8719
seqneut25to26_sera_5005,A/Aragon/2046/2025_H1N1,plate21-A/Aragon/2046/2025_H1N1,1.362e+04,0.925,0.925
seqneut25to26_sera_5005,A/Arica/59150/2025_H3N2,plate21-A/Arica/59150/2025_H3N2,40,0.003282,0.003282
seqneut25to26_sera_5005,A/Arica/59150/2025_H3N2,plate21-A/Arica/59150/2025_H3N2,92,0.01642,0.01642
seqneut25to26_sera_5005,A/Arica/59150/2025_H3N2,plate21-A/Arica/59150/2025_H3N2,212,0.1458,0.1458
seqneut25to26_sera_5005,A/Arica/59150/2025_H3N2,plate21-A/Arica/59150/2025_H3N2,487,0.2256,0.2256
seqneut25to26_sera_5005,A/Arica/59150/2025_H3N2,plate21-A/Arica/59150/2025_H3N2,1119,0.4718,0.4718
seqneut25to26_sera_5005,A/Arica/59150/2025_H3N2,plate21-A/Arica/59150/2025_H3N2,2575,0.726,0.726
seqneut25to26_sera_5005,A/Arica/59150/2025_H3N2,plate21-A/Arica/59150/2025_H3N2,5921,0.8298,0.8298
seqneut25to26_sera_5005,A/Arica/59150/2025_H3N2,plate21-A/Arica/59150/2025_H3N2,1.362e+04,0.9396,0.9396
seqneut25to26_sera_5005,A/Bahia/3102/2025_H3N2,plate21-A/Bahia/3102/2025_H3N2,40,0.001513,0.001513
seqneut25to26_sera_5005,A/Bahia/3102/2025_H3N2,plate21-A/Bahia/3102/2025_H3N2,92,0.005216,0.005216
seqneut25to26_sera_5005,A/Bahia/3102/2025_H3N2,plate21-A/Bahia/3102/2025_H3N2,212,0.0524,0.0524
seqneut25to26_sera_5005,A/Bahia/3102/2025_H3N2,plate21-A/Bahia/3102/2025_H3N2,487,0.1756,0.1756
seqneut25to26_sera_5005,A/Bahia/3102/2025_H3N2,plate21-A/Bahia/3102/2025_H3N2,1119,0.3592,0.3592
seqneut25to26_sera_5005,A/Bahia/3102/2025_H3N2,plate21-A/Bahia/3102/2025_H3N2,2575,0.5722,0.5722
seqneut25to26_sera_5005,A/Bahia/3102/2025_H3N2,plate21-A/Bahia/3102/2025_H3N2,5921,1.099,1
seqneut25to26_sera_5005,A/Bahia/3102/2025_H3N2,plate21-A/Bahia/3102/2025_H3N2,1.362e+04,1.011,1
seqneut25to26_sera_5005,A/Bangkok/1803/2025_H1N1,plate21-A/Bangkok/1803/2025_H1N1,40,0.002123,0.002123
seqneut25to26_sera_5005,A/Bangkok/1803/2025_H1N1,plate21-A/Bangkok/1803/2025_H1N1,92,0.01251,0.01251
seqneut25to26_sera_5005,A/Bangkok/1803/2025_H1N1,plate21-A/Bangkok/1803/2025_H1N1,212,0.09156,0.09156
seqneut25to26_sera_5005,A/Bangkok/1803/2025_H1N1,plate21-A/Bangkok/1803/2025_H1N1,487,0.3436,0.3436
seqneut25to26_sera_5005,A/Bangkok/1803/2025_H1N1,plate21-A/Bangkok/1803/2025_H1N1,1119,0.6875,0.6875
seqneut25to26_sera_5005,A/Bangkok/1803/2025_H1N1,plate21-A/Bangkok/1803/2025_H1N1,2575,0.8228,0.8228
seqneut25to26_sera_5005,A/Bangkok/1803/2025_H1N1,plate21-A/Bangkok/1803/2025_H1N1,5921,1.061,1
seqneut25to26_sera_5005,A/Bangkok/1803/2025_H1N1,plate21-A/Bangkok/1803/2025_H1N1,1.362e+04,1.157,1
seqneut25to26_sera_5005,A/Bangkok/P2229/2025_H1N1,plate21-A/Bangkok/P2229/2025_H1N1,40,0,0
seqneut25to26_sera_5005,A/Bangkok/P2229/2025_H1N1,plate21-A/Bangkok/P2229/2025_H1N1,92,0.004295,0.004295
seqneut25to26_sera_5005,A/Bangkok/P2229/2025_H1N1,plate21-A/Bangkok/P2229/2025_H1N1,212,0.01353,0.01353
seqneut25to26_sera_5005,A/Bangkok/P2229/2025_H1N1,plate21-A/Bangkok/P2229/2025_H1N1,487,0.02583,0.02583
seqneut25to26_sera_5005,A/Bangkok/P2229/2025_H1N1,plate21-A/Bangkok/P2229/2025_H1N1,1119,0.2391,0.2391
seqneut25to26_sera_5005,A/Bangkok/P2229/2025_H1N1,plate21-A/Bangkok/P2229/2025_H1N1,2575,0.5691,0.5691
seqneut25to26_sera_5005,A/Bangkok/P2229/2025_H1N1,plate21-A/Bangkok/P2229/2025_H1N1,5921,0.6733,0.6733
seqneut25to26_sera_5005,A/Bangkok/P2229/2025_H1N1,plate21-A/Bangkok/P2229/2025_H1N1,1.362e+04,0.7693,0.7693
seqneut25to26_sera_5005,A/Bangkok/P2323/2025_H3N2,plate21-A/Bangkok/P2323/2025_H3N2,40,0.003106,0.003106
seqneut25to26_sera_5005,A/Bangkok/P2323/2025_H3N2,plate21-A/Bangkok/P2323/2025_H3N2,92,0.02628,0.02628
seqneut25to26_sera_5005,A/Bangkok/P2323/2025_H3N2,plate21-A/Bangkok/P2323/2025_H3N2,212,0.1159,0.1159
seqneut25to26_sera_5005,A/Bangkok/P2323/2025_H3N2,plate21-A/Bangkok/P2323/2025_H3N2,487,0.4648,0.4648
seqneut25to26_sera_5005,A/Bangkok/P2323/2025_H3N2,plate21-A/Bangkok/P2323/2025_H3N2,1119,0.5825,0.5825
seqneut25to26_sera_5005,A/Bangkok/P2323/2025_H3N2,plate21-A/Bangkok/P2323/2025_H3N2,2575,0.7517,0.7517
seqneut25to26_sera_5005,A/Bangkok/P2323/2025_H3N2,plate21-A/Bangkok/P2323/2025_H3N2,5921,1.191,1
seqneut25to26_sera_5005,A/Bangkok/P2323/2025_H3N2,plate21-A/Bangkok/P2323/2025_H3N2,1.362e+04,1.064,1
seqneut25to26_sera_5005,A/Bangkok/P2390/2025_H3N2,plate21-A/Bangkok/P2390/2025_H3N2,40,0.0002405,0.0002405
seqneut25to26_sera_5005,A/Bangkok/P2390/2025_H3N2,plate21-A/Bangkok/P2390/2025_H3N2,92,0.007493,0.007493
seqneut25to26_sera_5005,A/Bangkok/P2390/2025_H3N2,plate21-A/Bangkok/P2390/2025_H3N2,212,0.01996,0.01996
seqneut25to26_sera_5005,A/Bangkok/P2390/2025_H3N2,plate21-A/Bangkok/P2390/2025_H3N2,487,0.1896,0.1896
seqneut25to26_sera_5005,A/Bangkok/P2390/2025_H3N2,plate21-A/Bangkok/P2390/2025_H3N2,1119,0.4612,0.4612
seqneut25to26_sera_5005,A/Bangkok/P2390/2025_H3N2,plate21-A/Bangkok/P2390/2025_H3N2,2575,0.6763,0.6763
seqneut25to26_sera_5005,A/Bangkok/P2390/2025_H3N2,plate21-A/Bangkok/P2390/2025_H3N2,5921,0.8863,0.8863
seqneut25to26_sera_5005,A/Bangkok/P2390/2025_H3N2,plate21-A/Bangkok/P2390/2025_H3N2,1.362e+04,1.013,1
seqneut25to26_sera_5005,A/Bangkok/P2391/2025_H3N2,plate21-A/Bangkok/P2391/2025_H3N2,40,0.05035,0.05035
seqneut25to26_sera_5005,A/Bangkok/P2391/2025_H3N2,plate21-A/Bangkok/P2391/2025_H3N2,92,0.05356,0.05356
seqneut25to26_sera_5005,A/Bangkok/P2391/2025_H3N2,plate21-A/Bangkok/P2391/2025_H3N2,212,0.29,0.29
seqneut25to26_sera_5005,A/Bangkok/P2391/2025_H3N2,plate21-A/Bangkok/P2391/2025_H3N2,487,0.6402,0.6402
seqneut25to26_sera_5005,A/Bangkok/P2391/2025_H3N2,plate21-A/Bangkok/P2391/2025_H3N2,1119,0.6993,0.6993
seqneut25to26_sera_5005,A/Bangkok/P2391/2025_H3N2,plate21-A/Bangkok/P2391/2025_H3N2,2575,0.685,0.685
seqneut25to26_sera_5005,A/Bangkok/P2391/2025_H3N2,plate21-A/Bangkok/P2391/2025_H3N2,5921,0.9533,0.9533
seqneut25to26_sera_5005,A/Bangkok/P2391/2025_H3N2,plate21-A/Bangkok/P2391/2025_H3N2,1.362e+04,1.008,1
seqneut25to26_sera_5005,A/Bangkok/P2572/2025_H3N2,plate21-A/Bangkok/P2572/2025_H3N2,40,0,0
seqneut25to26_sera_5005,A/Bangkok/P2572/2025_H3N2,plate21-A/Bangkok/P2572/2025_H3N2,92,0.005272,0.005272
seqneut25to26_sera_5005,A/Bangkok/P2572/2025_H3N2,plate21-A/Bangkok/P2572/2025_H3N2,212,0.04634,0.04634
seqneut25to26_sera_5005,A/Bangkok/P2572/2025_H3N2,plate21-A/Bangkok/P2572/2025_H3N2,487,0.322,0.322
seqneut25to26_sera_5005,A/Bangkok/P2572/2025_H3N2,plate21-A/Bangkok/P2572/2025_H3N2,1119,0.3476,0.3476
seqneut25to26_sera_5005,A/Bangkok/P2572/2025_H3N2,plate21-A/Bangkok/P2572/2025_H3N2,2575,0.7269,0.7269
seqneut25to26_sera_5005,A/Bangkok/P2572/2025_H3N2,plate21-A/Bangkok/P2572/2025_H3N2,5921,0.9644,0.9644
seqneut25to26_sera_5005,A/Bangkok/P2572/2025_H3N2,plate21-A/Bangkok/P2572/2025_H3N2,1.362e+04,1.146,1
seqneut25to26_sera_5005,A/Bangkok/P2921/2025_H3N2,plate21-A/Bangkok/P2921/2025_H3N2,40,0,0
seqneut25to26_sera_5005,A/Bangkok/P2921/2025_H3N2,plate21-A/Bangkok/P2921/2025_H3N2,92,0,0
seqneut25to26_sera_5005,A/Bangkok/P2921/2025_H3N2,plate21-A/Bangkok/P2921/2025_H3N2,212,0.0002087,0.0002087
seqneut25to26_sera_5005,A/Bangkok/P2921/2025_H3N2,plate21-A/Bangkok/P2921/2025_H3N2,487,0.0002705,0.0002705
seqneut25to26_sera_5005,A/Bangkok/P2921/2025_H3N2,plate21-A/Bangkok/P2921/2025_H3N2,1119,0.05547,0.05547
seqneut25to26_sera_5005,A/Bangkok/P2921/2025_H3N2,plate21-A/Bangkok/P2921/2025_H3N2,2575,0.3965,0.3965
seqneut25to26_sera_5005,A/Bangkok/P2921/2025_H3N2,plate21-A/Bangkok/P2921/2025_H3N2,5921,0.6424,0.6424
seqneut25to26_sera_5005,A/Bangkok/P2921/2025_H3N2,plate21-A/Bangkok/P2921/2025_H3N2,1.362e+04,0.757,0.757
seqneut25to26_sera_5005,A/Bangkok/P3067/2025_H1N1,plate21-A/Bangkok/P3067/2025_H1N1,40,0.0006038,0.0006038
seqneut25to26_sera_5005,A/Bangkok/P3067/2025_H1N1,plate21-A/Bangkok/P3067/2025_H1N1,92,0.0006803,0.0006803
seqneut25to26_sera_5005,A/Bangkok/P3067/2025_H1N1,plate21-A/Bangkok/P3067/2025_H1N1,212,0.009772,0.009772
seqneut25to26_sera_5005,A/Bangkok/P3067/2025_H1N1,plate21-A/Bangkok/P3067/2025_H1N1,487,0.1479,0.1479
seqneut25to26_sera_5005,A/Bangkok/P3067/2025_H1N1,plate21-A/Bangkok/P3067/2025_H1N1,1119,0.1719,0.1719
seqneut25to26_sera_5005,A/Bangkok/P3067/2025_H1N1,plate21-A/Bangkok/P3067/2025_H1N1,2575,0.4872,0.4872
seqneut25to26_sera_5005,A/Bangkok/P3067/2025_H1N1,plate21-A/Bangkok/P3067/2025_H1N1,5921,0.6648,0.6648
seqneut25to26_sera_5005,A/Bangkok/P3067/2025_H1N1,plate21-A/Bangkok/P3067/2025_H1N1,1.362e+04,1.113,1
seqneut25to26_sera_5005,A/Bangkok/P3263/2025_H3N2,plate21-A/Bangkok/P3263/2025_H3N2,40,0.001087,0.001087
seqneut25to26_sera_5005,A/Bangkok/P3263/2025_H3N2,plate21-A/Bangkok/P3263/2025_H3N2,92,0.00206,0.00206
seqneut25to26_sera_5005,A/Bangkok/P3263/2025_H3N2,plate21-A/Bangkok/P3263/2025_H3N2,212,0.09687,0.09687
seqneut25to26_sera_5005,A/Bangkok/P3263/2025_H3N2,plate21-A/Bangkok/P3263/2025_H3N2,487,0.1524,0.1524
seqneut25to26_sera_5005,A/Bangkok/P3263/2025_H3N2,plate21-A/Bangkok/P3263/2025_H3N2,1119,0.3916,0.3916
seqneut25to26_sera_5005,A/Bangkok/P3263/2025_H3N2,plate21-A/Bangkok/P3263/2025_H3N2,2575,0.7003,0.7003
seqneut25to26_sera_5005,A/Bangkok/P3263/2025_H3N2,plate21-A/Bangkok/P3263/2025_H3N2,5921,0.873,0.873
seqneut25to26_sera_5005,A/Bangkok/P3263/2025_H3N2,plate21-A/Bangkok/P3263/2025_H3N2,1.362e+04,1.061,1
seqneut25to26_sera_5005,A/Belgium/H0097/2025_H3N2,plate21-A/Belgium/H0097/2025_H3N2,40,0.0001681,0.0001681
seqneut25to26_sera_5005,A/Belgium/H0097/2025_H3N2,plate21-A/Belgium/H0097/2025_H3N2,92,0,0
seqneut25to26_sera_5005,A/Belgium/H0097/2025_H3N2,plate21-A/Belgium/H0097/2025_H3N2,212,0.0002292,0.0002292
seqneut25to26_sera_5005,A/Belgium/H0097/2025_H3N2,plate21-A/Belgium/H0097/2025_H3N2,487,0,0
seqneut25to26_sera_5005,A/Belgium/H0097/2025_H3N2,plate21-A/Belgium/H0097/2025_H3N2,1119,0.0004306,0.0004306
seqneut25to26_sera_5005,A/Belgium/H0097/2025_H3N2,plate21-A/Belgium/H0097/2025_H3N2,2575,0.001474,0.001474
seqneut25to26_sera_5005,A/Belgium/H0097/2025_H3N2,plate21-A/Belgium/H0097/2025_H3N2,5921,0.1122,0.1122
seqneut25to26_sera_5005,A/Belgium/H0097/2025_H3N2,plate21-A/Belgium/H0097/2025_H3N2,1.362e+04,0.2742,0.2742
seqneut25to26_sera_5005,A/Bhutan/1267/2025_H3N2,plate21-A/Bhutan/1267/2025_H3N2,40,0.0003205,0.0003205
seqneut25to26_sera_5005,A/Bhutan/1267/2025_H3N2,plate21-A/Bhutan/1267/2025_H3N2,92,0.0005048,0.0005048
seqneut25to26_sera_5005,A/Bhutan/1267/2025_H3N2,plate21-A/Bhutan/1267/2025_H3N2,212,0.01808,0.01808
seqneut25to26_sera_5005,A/Bhutan/1267/2025_H3N2,plate21-A/Bhutan/1267/2025_H3N2,487,0.148,0.148
seqneut25to26_sera_5005,A/Bhutan/1267/2025_H3N2,plate21-A/Bhutan/1267/2025_H3N2,1119,0.4538,0.4538
seqneut25to26_sera_5005,A/Bhutan/1267/2025_H3N2,plate21-A/Bhutan/1267/2025_H3N2,2575,0.7039,0.7039
seqneut25to26_sera_5005,A/Bhutan/1267/2025_H3N2,plate21-A/Bhutan/1267/2025_H3N2,5921,0.8919,0.8919
seqneut25to26_sera_5005,A/Bhutan/1267/2025_H3N2,plate21-A/Bhutan/1267/2025_H3N2,1.362e+04,0.842,0.842
seqneut25to26_sera_5005,A/Bhutan/7/2025_H3N2,plate21-A/Bhutan/7/2025_H3N2,40,0,0
seqneut25to26_sera_5005,A/Bhutan/7/2025_H3N2,plate21-A/Bhutan/7/2025_H3N2,92,0,0
seqneut25to26_sera_5005,A/Bhutan/7/2025_H3N2,plate21-A/Bhutan/7/2025_H3N2,212,0.02593,0.02593
seqneut25to26_sera_5005,A/Bhutan/7/2025_H3N2,plate21-A/Bhutan/7/2025_H3N2,487,0.2053,0.2053
seqneut25to26_sera_5005,A/Bhutan/7/2025_H3N2,plate21-A/Bhutan/7/2025_H3N2,1119,0.4847,0.4847
seqneut25to26_sera_5005,A/Bhutan/7/2025_H3N2,plate21-A/Bhutan/7/2025_H3N2,2575,0.475,0.475
seqneut25to26_sera_5005,A/Bhutan/7/2025_H3N2,plate21-A/Bhutan/7/2025_H3N2,5921,1.24,1
seqneut25to26_sera_5005,A/Bhutan/7/2025_H3N2,plate21-A/Bhutan/7/2025_H3N2,1.362e+04,0.8908,0.8908
seqneut25to26_sera_5005,A/BritishColumbia/PHL-2473/2025_H1N1,plate21-A/BritishColumbia/PHL-2473/2025_H1N1,40,0.0001399,0.0001399
seqneut25to26_sera_5005,A/BritishColumbia/PHL-2473/2025_H1N1,plate21-A/BritishColumbia/PHL-2473/2025_H1N1,92,0.001811,0.001811
seqneut25to26_sera_5005,A/BritishColumbia/PHL-2473/2025_H1N1,plate21-A/BritishColumbia/PHL-2473/2025_H1N1,212,0.004645,0.004645
seqneut25to26_sera_5005,A/BritishColumbia/PHL-2473/2025_H1N1,plate21-A/BritishColumbia/PHL-2473/2025_H1N1,487,0.02968,0.02968
seqneut25to26_sera_5005,A/BritishColumbia/PHL-2473/2025_H1N1,plate21-A/BritishColumbia/PHL-2473/2025_H1N1,1119,0.3625,0.3625
seqneut25to26_sera_5005,A/BritishColumbia/PHL-2473/2025_H1N1,plate21-A/BritishColumbia/PHL-2473/2025_H1N1,2575,0.6342,0.6342
seqneut25to26_sera_5005,A/BritishColumbia/PHL-2473/2025_H1N1,plate21-A/BritishColumbia/PHL-2473/2025_H1N1,5921,0.8269,0.8269
seqneut25to26_sera_5005,A/BritishColumbia/PHL-2473/2025_H1N1,plate21-A/BritishColumbia/PHL-2473/2025_H1N1,1.362e+04,0.8425,0.8425
seqneut25to26_sera_5005,A/California/61/2025_H3N2,plate21-A/California/61/2025_H3N2,40,0,0
seqneut25to26_sera_5005,A/California/61/2025_H3N2,plate21-A/California/61/2025_H3N2,92,0.01183,0.01183
seqneut25to26_sera_5005,A/California/61/2025_H3N2,plate21-A/California/61/2025_H3N2,212,0.06977,0.06977
seqneut25to26_sera_5005,A/California/61/2025_H3N2,plate21-A/California/61/2025_H3N2,487,0.3793,0.3793
seqneut25to26_sera_5005,A/California/61/2025_H3N2,plate21-A/California/61/2025_H3N2,1119,0.253,0.253
seqneut25to26_sera_5005,A/California/61/2025_H3N2,plate21-A/California/61/2025_H3N2,2575,0.8844,0.8844
seqneut25to26_sera_5005,A/California/61/2025_H3N2,plate21-A/California/61/2025_H3N2,5921,0.7843,0.7843
seqneut25to26_sera_5005,A/California/61/2025_H3N2,plate21-A/California/61/2025_H3N2,1.362e+04,1.272,1
seqneut25to26_sera_5005,A/California/63/2025_H1N1,plate21-A/California/63/2025_H1N1,40,0.000157,0.000157
seqneut25to26_sera_5005,A/California/63/2025_H1N1,plate21-A/California/63/2025_H1N1,92,0.001147,0.001147
seqneut25to26_sera_5005,A/California/63/2025_H1N1,plate21-A/California/63/2025_H1N1,212,0.003617,0.003617
seqneut25to26_sera_5005,A/California/63/2025_H1N1,plate21-A/California/63/2025_H1N1,487,0.0308,0.0308
seqneut25to26_sera_5005,A/California/63/2025_H1N1,plate21-A/California/63/2025_H1N1,1119,0.1999,0.1999
seqneut25to26_sera_5005,A/California/63/2025_H1N1,plate21-A/California/63/2025_H1N1,2575,0.6248,0.6248
seqneut25to26_sera_5005,A/California/63/2025_H1N1,plate21-A/California/63/2025_H1N1,5921,1.383,1
seqneut25to26_sera_5005,A/California/63/2025_H1N1,plate21-A/California/63/2025_H1N1,1.362e+04,0.8722,0.8722
seqneut25to26_sera_5005,A/Canberra/465/2025_H1N1,plate21-A/Canberra/465/2025_H1N1,40,0.001898,0.001898
seqneut25to26_sera_5005,A/Canberra/465/2025_H1N1,plate21-A/Canberra/465/2025_H1N1,92,0.002858,0.002858
seqneut25to26_sera_5005,A/Canberra/465/2025_H1N1,plate21-A/Canberra/465/2025_H1N1,212,0.0105,0.0105
seqneut25to26_sera_5005,A/Canberra/465/2025_H1N1,plate21-A/Canberra/465/2025_H1N1,487,0.02613,0.02613
seqneut25to26_sera_5005,A/Canberra/465/2025_H1N1,plate21-A/Canberra/465/2025_H1N1,1119,0.3173,0.3173
seqneut25to26_sera_5005,A/Canberra/465/2025_H1N1,plate21-A/Canberra/465/2025_H1N1,2575,0.8359,0.8359
seqneut25to26_sera_5005,A/Canberra/465/2025_H1N1,plate21-A/Canberra/465/2025_H1N1,5921,0.7366,0.7366
seqneut25to26_sera_5005,A/Canberra/465/2025_H1N1,plate21-A/Canberra/465/2025_H1N1,1.362e+04,0.9892,0.9892
seqneut25to26_sera_5005,A/Canberra/530/2025_H1N1,plate21-A/Canberra/530/2025_H1N1,40,0.0014,0.0014
seqneut25to26_sera_5005,A/Canberra/530/2025_H1N1,plate21-A/Canberra/530/2025_H1N1,92,0.001982,0.001982
seqneut25to26_sera_5005,A/Canberra/530/2025_H1N1,plate21-A/Canberra/530/2025_H1N1,212,0.01554,0.01554
seqneut25to26_sera_5005,A/Canberra/530/2025_H1N1,plate21-A/Canberra/530/2025_H1N1,487,0.02212,0.02212
seqneut25to26_sera_5005,A/Canberra/530/2025_H1N1,plate21-A/Canberra/530/2025_H1N1,1119,0.2728,0.2728
seqneut25to26_sera_5005,A/Canberra/530/2025_H1N1,plate21-A/Canberra/530/2025_H1N1,2575,0.7458,0.7458
seqneut25to26_sera_5005,A/Canberra/530/2025_H1N1,plate21-A/Canberra/530/2025_H1N1,5921,0.7463,0.7463
seqneut25to26_sera_5005,A/Canberra/530/2025_H1N1,plate21-A/Canberra/530/2025_H1N1,1.362e+04,0.8146,0.8146
seqneut25to26_sera_5005,A/Catalonia/NSVH102689455/2025_H1N1,plate21-A/Catalonia/NSVH102689455/2025_H1N1,40,0.001217,0.001217
seqneut25to26_sera_5005,A/Catalonia/NSVH102689455/2025_H1N1,plate21-A/Catalonia/NSVH102689455/2025_H1N1,92,0.002953,0.002953
seqneut25to26_sera_5005,A/Catalonia/NSVH102689455/2025_H1N1,plate21-A/Catalonia/NSVH102689455/2025_H1N1,212,0.002606,0.002606
seqneut25to26_sera_5005,A/Catalonia/NSVH102689455/2025_H1N1,plate21-A/Catalonia/NSVH102689455/2025_H1N1,487,0.01651,0.01651
seqneut25to26_sera_5005,A/Catalonia/NSVH102689455/2025_H1N1,plate21-A/Catalonia/NSVH102689455/2025_H1N1,1119,0.1514,0.1514
seqneut25to26_sera_5005,A/Catalonia/NSVH102689455/2025_H1N1,plate21-A/Catalonia/NSVH102689455/2025_H1N1,2575,0.8145,0.8145
seqneut25to26_sera_5005,A/Catalonia/NSVH102689455/2025_H1N1,plate21-A/Catalonia/NSVH102689455/2025_H1N1,5921,1.02,1
seqneut25to26_sera_5005,A/Catalonia/NSVH102689455/2025_H1N1,plate21-A/Catalonia/NSVH102689455/2025_H1N1,1.362e+04,1.179,1
seqneut25to26_sera_5005,A/Colorado/105/2025_H1N1,plate21-A/Colorado/105/2025_H1N1,40,0,0
seqneut25to26_sera_5005,A/Colorado/105/2025_H1N1,plate21-A/Colorado/105/2025_H1N1,92,0.001372,0.001372
seqneut25to26_sera_5005,A/Colorado/105/2025_H1N1,plate21-A/Colorado/105/2025_H1N1,212,0.001203,0.001203
seqneut25to26_sera_5005,A/Colorado/105/2025_H1N1,plate21-A/Colorado/105/2025_H1N1,487,0.03588,0.03588
seqneut25to26_sera_5005,A/Colorado/105/2025_H1N1,plate21-A/Colorado/105/2025_H1N1,1119,0.274,0.274
seqneut25to26_sera_5005,A/Colorado/105/2025_H1N1,plate21-A/Colorado/105/2025_H1N1,2575,0.8052,0.8052
seqneut25to26_sera_5005,A/Colorado/105/2025_H1N1,plate21-A/Colorado/105/2025_H1N1,5921,0.7126,0.7126
seqneut25to26_sera_5005,A/Colorado/105/2025_H1N1,plate21-A/Colorado/105/2025_H1N1,1.362e+04,0.9112,0.9112
seqneut25to26_sera_5005,A/CoteDIvoire/2007/2025_H1N1,plate21-A/CoteDIvoire/2007/2025_H1N1,40,0.0006469,0.0006469
seqneut25to26_sera_5005,A/CoteDIvoire/2007/2025_H1N1,plate21-A/CoteDIvoire/2007/2025_H1N1,92,0.00301,0.00301
seqneut25to26_sera_5005,A/CoteDIvoire/2007/2025_H1N1,plate21-A/CoteDIvoire/2007/2025_H1N1,212,0.006787,0.006787
seqneut25to26_sera_5005,A/CoteDIvoire/2007/2025_H1N1,plate21-A/CoteDIvoire/2007/2025_H1N1,487,0.04216,0.04216
seqneut25to26_sera_5005,A/CoteDIvoire/2007/2025_H1N1,plate21-A/CoteDIvoire/2007/2025_H1N1,1119,0.3604,0.3604
seqneut25to26_sera_5005,A/CoteDIvoire/2007/2025_H1N1,plate21-A/CoteDIvoire/2007/2025_H1N1,2575,0.7224,0.7224
seqneut25to26_sera_5005,A/CoteDIvoire/2007/2025_H1N1,plate21-A/CoteDIvoire/2007/2025_H1N1,5921,0.7994,0.7994
seqneut25to26_sera_5005,A/CoteDIvoire/2007/2025_H1N1,plate21-A/CoteDIvoire/2007/2025_H1N1,1.362e+04,0.9691,0.9691
seqneut25to26_sera_5005,A/Croatia/10136RV/2023-egg_H3N2,plate21-A/Croatia/10136RV/2023-egg_H3N2,40,0.00128,0.00128
seqneut25to26_sera_5005,A/Croatia/10136RV/2023-egg_H3N2,plate21-A/Croatia/10136RV/2023-egg_H3N2,92,0.001777,0.001777
seqneut25to26_sera_5005,A/Croatia/10136RV/2023-egg_H3N2,plate21-A/Croatia/10136RV/2023-egg_H3N2,212,0.001974,0.001974
seqneut25to26_sera_5005,A/Croatia/10136RV/2023-egg_H3N2,plate21-A/Croatia/10136RV/2023-egg_H3N2,487,0.008402,0.008402
seqneut25to26_sera_5005,A/Croatia/10136RV/2023-egg_H3N2,plate21-A/Croatia/10136RV/2023-egg_H3N2,1119,0.004154,0.004154
seqneut25to26_sera_5005,A/Croatia/10136RV/2023-egg_H3N2,plate21-A/Croatia/10136RV/2023-egg_H3N2,2575,0.004922,0.004922
seqneut25to26_sera_5005,A/Croatia/10136RV/2023-egg_H3N2,plate21-A/Croatia/10136RV/2023-egg_H3N2,5921,0.01318,0.01318
seqneut25to26_sera_5005,A/Croatia/10136RV/2023-egg_H3N2,plate21-A/Croatia/10136RV/2023-egg_H3N2,1.362e+04,0.02745,0.02745
seqneut25to26_sera_5005,A/Darwin/1405/2025_H1N1,plate21-A/Darwin/1405/2025_H1N1,40,0.0008199,0.0008199
seqneut25to26_sera_5005,A/Darwin/1405/2025_H1N1,plate21-A/Darwin/1405/2025_H1N1,92,0.003163,0.003163
seqneut25to26_sera_5005,A/Darwin/1405/2025_H1N1,plate21-A/Darwin/1405/2025_H1N1,212,0.002594,0.002594
seqneut25to26_sera_5005,A/Darwin/1405/2025_H1N1,plate21-A/Darwin/1405/2025_H1N1,487,0.02282,0.02282
seqneut25to26_sera_5005,A/Darwin/1405/2025_H1N1,plate21-A/Darwin/1405/2025_H1N1,1119,0.2117,0.2117
seqneut25to26_sera_5005,A/Darwin/1405/2025_H1N1,plate21-A/Darwin/1405/2025_H1N1,2575,0.6617,0.6617
seqneut25to26_sera_5005,A/Darwin/1405/2025_H1N1,plate21-A/Darwin/1405/2025_H1N1,5921,0.7565,0.7565
seqneut25to26_sera_5005,A/Darwin/1405/2025_H1N1,plate21-A/Darwin/1405/2025_H1N1,1.362e+04,1.029,1
seqneut25to26_sera_5005,A/Darwin/1461/2025_H3N2,plate21-A/Darwin/1461/2025_H3N2,40,0,0
seqneut25to26_sera_5005,A/Darwin/1461/2025_H3N2,plate21-A/Darwin/1461/2025_H3N2,92,0,0
seqneut25to26_sera_5005,A/Darwin/1461/2025_H3N2,plate21-A/Darwin/1461/2025_H3N2,212,0,0
seqneut25to26_sera_5005,A/Darwin/1461/2025_H3N2,plate21-A/Darwin/1461/2025_H3N2,487,6.6e-05,6.6e-05
seqneut25to26_sera_5005,A/Darwin/1461/2025_H3N2,plate21-A/Darwin/1461/2025_H3N2,1119,0.0003986,0.0003986
seqneut25to26_sera_5005,A/Darwin/1461/2025_H3N2,plate21-A/Darwin/1461/2025_H3N2,2575,0.0004723,0.0004723
seqneut25to26_sera_5005,A/Darwin/1461/2025_H3N2,plate21-A/Darwin/1461/2025_H3N2,5921,0.08355,0.08355
seqneut25to26_sera_5005,A/Darwin/1461/2025_H3N2,plate21-A/Darwin/1461/2025_H3N2,1.362e+04,0.5411,0.5411
seqneut25to26_sera_5005,A/Denmark/3070/2025_H1N1,plate21-A/Denmark/3070/2025_H1N1,40,0.001247,0.001247
seqneut25to26_sera_5005,A/Denmark/3070/2025_H1N1,plate21-A/Denmark/3070/2025_H1N1,92,0.002401,0.002401
seqneut25to26_sera_5005,A/Denmark/3070/2025_H1N1,plate21-A/Denmark/3070/2025_H1N1,212,0.02153,0.02153
seqneut25to26_sera_5005,A/Denmark/3070/2025_H1N1,plate21-A/Denmark/3070/2025_H1N1,487,0.2589,0.2589
seqneut25to26_sera_5005,A/Denmark/3070/2025_H1N1,plate21-A/Denmark/3070/2025_H1N1,1119,0.7358,0.7358
seqneut25to26_sera_5005,A/Denmark/3070/2025_H1N1,plate21-A/Denmark/3070/2025_H1N1,2575,1.073,1
seqneut25to26_sera_5005,A/Denmark/3070/2025_H1N1,plate21-A/Denmark/3070/2025_H1N1,5921,1.012,1
seqneut25to26_sera_5005,A/Denmark/3070/2025_H1N1,plate21-A/Denmark/3070/2025_H1N1,1.362e+04,1.105,1
seqneut25to26_sera_5005,A/DistrictOfColumbia/27/2023_H3N2,plate21-A/DistrictOfColumbia/27/2023_H3N2,40,0,0
seqneut25to26_sera_5005,A/DistrictOfColumbia/27/2023_H3N2,plate21-A/DistrictOfColumbia/27/2023_H3N2,92,0,0
seqneut25to26_sera_5005,A/DistrictOfColumbia/27/2023_H3N2,plate21-A/DistrictOfColumbia/27/2023_H3N2,212,0.0004401,0.0004401
seqneut25to26_sera_5005,A/DistrictOfColumbia/27/2023_H3N2,plate21-A/DistrictOfColumbia/27/2023_H3N2,487,0.00044,0.00044
seqneut25to26_sera_5005,A/DistrictOfColumbia/27/2023_H3N2,plate21-A/DistrictOfColumbia/27/2023_H3N2,1119,0,0
seqneut25to26_sera_5005,A/DistrictOfColumbia/27/2023_H3N2,plate21-A/DistrictOfColumbia/27/2023_H3N2,2575,0.003148,0.003148
seqneut25to26_sera_5005,A/DistrictOfColumbia/27/2023_H3N2,plate21-A/DistrictOfColumbia/27/2023_H3N2,5921,0.1028,0.1028
seqneut25to26_sera_5005,A/DistrictOfColumbia/27/2023_H3N2,plate21-A/DistrictOfColumbia/27/2023_H3N2,1.362e+04,0.384,0.384
seqneut25to26_sera_5005,A/DistrictOfColumbia/57/2025_H3N2,plate21-A/DistrictOfColumbia/57/2025_H3N2,40,0.0005211,0.0005211
seqneut25to26_sera_5005,A/DistrictOfColumbia/57/2025_H3N2,plate21-A/DistrictOfColumbia/57/2025_H3N2,92,0.002581,0.002581
seqneut25to26_sera_5005,A/DistrictOfColumbia/57/2025_H3N2,plate21-A/DistrictOfColumbia/57/2025_H3N2,212,0.04154,0.04154
seqneut25to26_sera_5005,A/DistrictOfColumbia/57/2025_H3N2,plate21-A/DistrictOfColumbia/57/2025_H3N2,487,0.2973,0.2973
seqneut25to26_sera_5005,A/DistrictOfColumbia/57/2025_H3N2,plate21-A/DistrictOfColumbia/57/2025_H3N2,1119,0.547,0.547
seqneut25to26_sera_5005,A/DistrictOfColumbia/57/2025_H3N2,plate21-A/DistrictOfColumbia/57/2025_H3N2,2575,0.7913,0.7913
seqneut25to26_sera_5005,A/DistrictOfColumbia/57/2025_H3N2,plate21-A/DistrictOfColumbia/57/2025_H3N2,5921,1.085,1
seqneut25to26_sera_5005,A/DistrictOfColumbia/57/2025_H3N2,plate21-A/DistrictOfColumbia/57/2025_H3N2,1.362e+04,0.7961,0.7961
seqneut25to26_sera_5005,A/DistritoFederal/250106000728/2025_H3N2,plate21-A/DistritoFederal/250106000728/2025_H3N2,40,0.00193,0.00193
seqneut25to26_sera_5005,A/DistritoFederal/250106000728/2025_H3N2,plate21-A/DistritoFederal/250106000728/2025_H3N2,92,0.0245,0.0245
seqneut25to26_sera_5005,A/DistritoFederal/250106000728/2025_H3N2,plate21-A/DistritoFederal/250106000728/2025_H3N2,212,0.1205,0.1205
seqneut25to26_sera_5005,A/DistritoFederal/250106000728/2025_H3N2,plate21-A/DistritoFederal/250106000728/2025_H3N2,487,0.222,0.222
seqneut25to26_sera_5005,A/DistritoFederal/250106000728/2025_H3N2,plate21-A/DistritoFederal/250106000728/2025_H3N2,1119,0.3359,0.3359
seqneut25to26_sera_5005,A/DistritoFederal/250106000728/2025_H3N2,plate21-A/DistritoFederal/250106000728/2025_H3N2,2575,0.6968,0.6968
seqneut25to26_sera_5005,A/DistritoFederal/250106000728/2025_H3N2,plate21-A/DistritoFederal/250106000728/2025_H3N2,5921,0.7216,0.7216
seqneut25to26_sera_5005,A/DistritoFederal/250106000728/2025_H3N2,plate21-A/DistritoFederal/250106000728/2025_H3N2,1.362e+04,0.867,0.867
seqneut25to26_sera_5005,A/DistritoFederal/2578578201/2025_H3N2,plate21-A/DistritoFederal/2578578201/2025_H3N2,40,0.000166,0.000166
seqneut25to26_sera_5005,A/DistritoFederal/2578578201/2025_H3N2,plate21-A/DistritoFederal/2578578201/2025_H3N2,92,0.005825,0.005825
seqneut25to26_sera_5005,A/DistritoFederal/2578578201/2025_H3N2,plate21-A/DistritoFederal/2578578201/2025_H3N2,212,0.1152,0.1152
seqneut25to26_sera_5005,A/DistritoFederal/2578578201/2025_H3N2,plate21-A/DistritoFederal/2578578201/2025_H3N2,487,0.3069,0.3069
seqneut25to26_sera_5005,A/DistritoFederal/2578578201/2025_H3N2,plate21-A/DistritoFederal/2578578201/2025_H3N2,1119,0.617,0.617
seqneut25to26_sera_5005,A/DistritoFederal/2578578201/2025_H3N2,plate21-A/DistritoFederal/2578578201/2025_H3N2,2575,0.6548,0.6548
seqneut25to26_sera_5005,A/DistritoFederal/2578578201/2025_H3N2,plate21-A/DistritoFederal/2578578201/2025_H3N2,5921,0.912,0.912
seqneut25to26_sera_5005,A/DistritoFederal/2578578201/2025_H3N2,plate21-A/DistritoFederal/2578578201/2025_H3N2,1.362e+04,0.9764,0.9764
seqneut25to26_sera_5005,A/England/174/2025_H3N2,plate21-A/England/174/2025_H3N2,40,0,0
seqneut25to26_sera_5005,A/England/174/2025_H3N2,plate21-A/England/174/2025_H3N2,92,0,0
seqneut25to26_sera_5005,A/England/174/2025_H3N2,plate21-A/England/174/2025_H3N2,212,0,0
seqneut25to26_sera_5005,A/England/174/2025_H3N2,plate21-A/England/174/2025_H3N2,487,0.0003107,0.0003107
seqneut25to26_sera_5005,A/England/174/2025_H3N2,plate21-A/England/174/2025_H3N2,1119,0.06437,0.06437
seqneut25to26_sera_5005,A/England/174/2025_H3N2,plate21-A/England/174/2025_H3N2,2575,0.09207,0.09207
seqneut25to26_sera_5005,A/England/174/2025_H3N2,plate21-A/England/174/2025_H3N2,5921,0.3581,0.3581
seqneut25to26_sera_5005,A/England/174/2025_H3N2,plate21-A/England/174/2025_H3N2,1.362e+04,0.5176,0.5176
seqneut25to26_sera_5005,A/England/1822256/2025_H1N1,plate21-A/England/1822256/2025_H1N1,40,0.001037,0.001037
seqneut25to26_sera_5005,A/England/1822256/2025_H1N1,plate21-A/England/1822256/2025_H1N1,92,0,0
seqneut25to26_sera_5005,A/England/1822256/2025_H1N1,plate21-A/England/1822256/2025_H1N1,212,0.00475,0.00475
seqneut25to26_sera_5005,A/England/1822256/2025_H1N1,plate21-A/England/1822256/2025_H1N1,487,0.01894,0.01894
seqneut25to26_sera_5005,A/England/1822256/2025_H1N1,plate21-A/England/1822256/2025_H1N1,1119,0.2449,0.2449
seqneut25to26_sera_5005,A/England/1822256/2025_H1N1,plate21-A/England/1822256/2025_H1N1,2575,0.7571,0.7571
seqneut25to26_sera_5005,A/England/1822256/2025_H1N1,plate21-A/England/1822256/2025_H1N1,5921,0.8821,0.8821
seqneut25to26_sera_5005,A/England/1822256/2025_H1N1,plate21-A/England/1822256/2025_H1N1,1.362e+04,0.9472,0.9472
seqneut25to26_sera_5005,A/England/1837734/2025_H3N2,plate21-A/England/1837734/2025_H3N2,40,0,0
seqneut25to26_sera_5005,A/England/1837734/2025_H3N2,plate21-A/England/1837734/2025_H3N2,92,0,0
seqneut25to26_sera_5005,A/England/1837734/2025_H3N2,plate21-A/England/1837734/2025_H3N2,212,0.06386,0.06386
seqneut25to26_sera_5005,A/England/1837734/2025_H3N2,plate21-A/England/1837734/2025_H3N2,487,0.1092,0.1092
seqneut25to26_sera_5005,A/England/1837734/2025_H3N2,plate21-A/England/1837734/2025_H3N2,1119,0.4325,0.4325
seqneut25to26_sera_5005,A/England/1837734/2025_H3N2,plate21-A/England/1837734/2025_H3N2,2575,0.6549,0.6549
seqneut25to26_sera_5005,A/England/1837734/2025_H3N2,plate21-A/England/1837734/2025_H3N2,5921,0.7902,0.7902
seqneut25to26_sera_5005,A/England/1837734/2025_H3N2,plate21-A/England/1837734/2025_H3N2,1.362e+04,0.7633,0.7633
seqneut25to26_sera_5005,A/England/1837737/2025_H3N2,plate21-A/England/1837737/2025_H3N2,40,0.004761,0.004761
seqneut25to26_sera_5005,A/England/1837737/2025_H3N2,plate21-A/England/1837737/2025_H3N2,92,0.2089,0.2089
seqneut25to26_sera_5005,A/England/1837737/2025_H3N2,plate21-A/England/1837737/2025_H3N2,212,0.2348,0.2348
seqneut25to26_sera_5005,A/England/1837737/2025_H3N2,plate21-A/England/1837737/2025_H3N2,487,0.3952,0.3952
seqneut25to26_sera_5005,A/England/1837737/2025_H3N2,plate21-A/England/1837737/2025_H3N2,1119,0.4498,0.4498
seqneut25to26_sera_5005,A/England/1837737/2025_H3N2,plate21-A/England/1837737/2025_H3N2,2575,0.631,0.631
seqneut25to26_sera_5005,A/England/1837737/2025_H3N2,plate21-A/England/1837737/2025_H3N2,5921,1.2,1
seqneut25to26_sera_5005,A/England/1837737/2025_H3N2,plate21-A/England/1837737/2025_H3N2,1.362e+04,0.8266,0.8266
seqneut25to26_sera_5005,A/France/ARA-HCL025155099501/2025_H1N1,plate21-A/France/ARA-HCL025155099501/2025_H1N1,40,3.471e-05,3.471e-05
seqneut25to26_sera_5005,A/France/ARA-HCL025155099501/2025_H1N1,plate21-A/France/ARA-HCL025155099501/2025_H1N1,92,0.0008213,0.0008213
seqneut25to26_sera_5005,A/France/ARA-HCL025155099501/2025_H1N1,plate21-A/France/ARA-HCL025155099501/2025_H1N1,212,0.002516,0.002516
seqneut25to26_sera_5005,A/France/ARA-HCL025155099501/2025_H1N1,plate21-A/France/ARA-HCL025155099501/2025_H1N1,487,0.05182,0.05182
seqneut25to26_sera_5005,A/France/ARA-HCL025155099501/2025_H1N1,plate21-A/France/ARA-HCL025155099501/2025_H1N1,1119,0.413,0.413
seqneut25to26_sera_5005,A/France/ARA-HCL025155099501/2025_H1N1,plate21-A/France/ARA-HCL025155099501/2025_H1N1,2575,0.6877,0.6877
seqneut25to26_sera_5005,A/France/ARA-HCL025155099501/2025_H1N1,plate21-A/France/ARA-HCL025155099501/2025_H1N1,5921,0.8227,0.8227
seqneut25to26_sera_5005,A/France/ARA-HCL025155099501/2025_H1N1,plate21-A/France/ARA-HCL025155099501/2025_H1N1,1.362e+04,1.018,1
seqneut25to26_sera_5005,A/Galicia/GA-CHUAC-451/2025_H3N2,plate21-A/Galicia/GA-CHUAC-451/2025_H3N2,40,0,0
seqneut25to26_sera_5005,A/Galicia/GA-CHUAC-451/2025_H3N2,plate21-A/Galicia/GA-CHUAC-451/2025_H3N2,92,0,0
seqneut25to26_sera_5005,A/Galicia/GA-CHUAC-451/2025_H3N2,plate21-A/Galicia/GA-CHUAC-451/2025_H3N2,212,0.0001571,0.0001571
seqneut25to26_sera_5005,A/Galicia/GA-CHUAC-451/2025_H3N2,plate21-A/Galicia/GA-CHUAC-451/2025_H3N2,487,0.005832,0.005832
seqneut25to26_sera_5005,A/Galicia/GA-CHUAC-451/2025_H3N2,plate21-A/Galicia/GA-CHUAC-451/2025_H3N2,1119,0.08686,0.08686
seqneut25to26_sera_5005,A/Galicia/GA-CHUAC-451/2025_H3N2,plate21-A/Galicia/GA-CHUAC-451/2025_H3N2,2575,0.275,0.275
seqneut25to26_sera_5005,A/Galicia/GA-CHUAC-451/2025_H3N2,plate21-A/Galicia/GA-CHUAC-451/2025_H3N2,5921,0.4961,0.4961
seqneut25to26_sera_5005,A/Galicia/GA-CHUAC-451/2025_H3N2,plate21-A/Galicia/GA-CHUAC-451/2025_H3N2,1.362e+04,0.8236,0.8236
seqneut25to26_sera_5005,A/Ghana/ARI-25-1125/2025_H1N1,plate21-A/Ghana/ARI-25-1125/2025_H1N1,40,0,0
seqneut25to26_sera_5005,A/Ghana/ARI-25-1125/2025_H1N1,plate21-A/Ghana/ARI-25-1125/2025_H1N1,92,0.00507,0.00507
seqneut25to26_sera_5005,A/Ghana/ARI-25-1125/2025_H1N1,plate21-A/Ghana/ARI-25-1125/2025_H1N1,212,0.00128,0.00128
seqneut25to26_sera_5005,A/Ghana/ARI-25-1125/2025_H1N1,plate21-A/Ghana/ARI-25-1125/2025_H1N1,487,0.02194,0.02194
seqneut25to26_sera_5005,A/Ghana/ARI-25-1125/2025_H1N1,plate21-A/Ghana/ARI-25-1125/2025_H1N1,1119,0.1768,0.1768
seqneut25to26_sera_5005,A/Ghana/ARI-25-1125/2025_H1N1,plate21-A/Ghana/ARI-25-1125/2025_H1N1,2575,0.7461,0.7461
seqneut25to26_sera_5005,A/Ghana/ARI-25-1125/2025_H1N1,plate21-A/Ghana/ARI-25-1125/2025_H1N1,5921,0.6666,0.6666
seqneut25to26_sera_5005,A/Ghana/ARI-25-1125/2025_H1N1,plate21-A/Ghana/ARI-25-1125/2025_H1N1,1.362e+04,0.9312,0.9312
seqneut25to26_sera_5005,A/Ghana/FS-25-7077/2025_H3N2,plate21-A/Ghana/FS-25-7077/2025_H3N2,40,0.0005313,0.0005313
seqneut25to26_sera_5005,A/Ghana/FS-25-7077/2025_H3N2,plate21-A/Ghana/FS-25-7077/2025_H3N2,92,0.01043,0.01043
seqneut25to26_sera_5005,A/Ghana/FS-25-7077/2025_H3N2,plate21-A/Ghana/FS-25-7077/2025_H3N2,212,0.03874,0.03874
seqneut25to26_sera_5005,A/Ghana/FS-25-7077/2025_H3N2,plate21-A/Ghana/FS-25-7077/2025_H3N2,487,0.4083,0.4083
seqneut25to26_sera_5005,A/Ghana/FS-25-7077/2025_H3N2,plate21-A/Ghana/FS-25-7077/2025_H3N2,1119,0.619,0.619
seqneut25to26_sera_5005,A/Ghana/FS-25-7077/2025_H3N2,plate21-A/Ghana/FS-25-7077/2025_H3N2,2575,0.9274,0.9274
seqneut25to26_sera_5005,A/Ghana/FS-25-7077/2025_H3N2,plate21-A/Ghana/FS-25-7077/2025_H3N2,5921,0.668,0.668
seqneut25to26_sera_5005,A/Ghana/FS-25-7077/2025_H3N2,plate21-A/Ghana/FS-25-7077/2025_H3N2,1.362e+04,1.083,1
seqneut25to26_sera_5005,A/Guangdong-Maonan/11438/2025_H3N2,plate21-A/Guangdong-Maonan/11438/2025_H3N2,40,0,0
seqneut25to26_sera_5005,A/Guangdong-Maonan/11438/2025_H3N2,plate21-A/Guangdong-Maonan/11438/2025_H3N2,92,0,0
seqneut25to26_sera_5005,A/Guangdong-Maonan/11438/2025_H3N2,plate21-A/Guangdong-Maonan/11438/2025_H3N2,212,0,0
seqneut25to26_sera_5005,A/Guangdong-Maonan/11438/2025_H3N2,plate21-A/Guangdong-Maonan/11438/2025_H3N2,487,0,0
seqneut25to26_sera_5005,A/Guangdong-Maonan/11438/2025_H3N2,plate21-A/Guangdong-Maonan/11438/2025_H3N2,1119,0.008848,0.008848
seqneut25to26_sera_5005,A/Guangdong-Maonan/11438/2025_H3N2,plate21-A/Guangdong-Maonan/11438/2025_H3N2,2575,0.1256,0.1256
seqneut25to26_sera_5005,A/Guangdong-Maonan/11438/2025_H3N2,plate21-A/Guangdong-Maonan/11438/2025_H3N2,5921,0.5413,0.5413
seqneut25to26_sera_5005,A/Guangdong-Maonan/11438/2025_H3N2,plate21-A/Guangdong-Maonan/11438/2025_H3N2,1.362e+04,0.6007,0.6007
seqneut25to26_sera_5005,A/Guangdong-Meijiang/11256/2025_H3N2,plate21-A/Guangdong-Meijiang/11256/2025_H3N2,40,0,0
seqneut25to26_sera_5005,A/Guangdong-Meijiang/11256/2025_H3N2,plate21-A/Guangdong-Meijiang/11256/2025_H3N2,92,0,0
seqneut25to26_sera_5005,A/Guangdong-Meijiang/11256/2025_H3N2,plate21-A/Guangdong-Meijiang/11256/2025_H3N2,212,0,0
seqneut25to26_sera_5005,A/Guangdong-Meijiang/11256/2025_H3N2,plate21-A/Guangdong-Meijiang/11256/2025_H3N2,487,0.0002818,0.0002818
seqneut25to26_sera_5005,A/Guangdong-Meijiang/11256/2025_H3N2,plate21-A/Guangdong-Meijiang/11256/2025_H3N2,1119,0.007488,0.007488
seqneut25to26_sera_5005,A/Guangdong-Meijiang/11256/2025_H3N2,plate21-A/Guangdong-Meijiang/11256/2025_H3N2,2575,0.1754,0.1754
seqneut25to26_sera_5005,A/Guangdong-Meijiang/11256/2025_H3N2,plate21-A/Guangdong-Meijiang/11256/2025_H3N2,5921,0.432,0.432
seqneut25to26_sera_5005,A/Guangdong-Meijiang/11256/2025_H3N2,plate21-A/Guangdong-Meijiang/11256/2025_H3N2,1.362e+04,0.8858,0.8858
seqneut25to26_sera_5005,A/Guangxi-Daxin/1643/2025_H3N2,plate21-A/Guangxi-Daxin/1643/2025_H3N2,40,0.01139,0.01139
seqneut25to26_sera_5005,A/Guangxi-Daxin/1643/2025_H3N2,plate21-A/Guangxi-Daxin/1643/2025_H3N2,92,0,0
seqneut25to26_sera_5005,A/Guangxi-Daxin/1643/2025_H3N2,plate21-A/Guangxi-Daxin/1643/2025_H3N2,212,0.001393,0.001393
seqneut25to26_sera_5005,A/Guangxi-Daxin/1643/2025_H3N2,plate21-A/Guangxi-Daxin/1643/2025_H3N2,487,0.06531,0.06531
seqneut25to26_sera_5005,A/Guangxi-Daxin/1643/2025_H3N2,plate21-A/Guangxi-Daxin/1643/2025_H3N2,1119,0.1684,0.1684
seqneut25to26_sera_5005,A/Guangxi-Daxin/1643/2025_H3N2,plate21-A/Guangxi-Daxin/1643/2025_H3N2,2575,0.3959,0.3959
seqneut25to26_sera_5005,A/Guangxi-Daxin/1643/2025_H3N2,plate21-A/Guangxi-Daxin/1643/2025_H3N2,5921,0.9153,0.9153
seqneut25to26_sera_5005,A/Guangxi-Daxin/1643/2025_H3N2,plate21-A/Guangxi-Daxin/1643/2025_H3N2,1.362e+04,1.086,1
seqneut25to26_sera_5005,A/Guangxi-Qingxiu/SWL11742/2025_H1N1,plate21-A/Guangxi-Qingxiu/SWL11742/2025_H1N1,40,0.002067,0.002067
seqneut25to26_sera_5005,A/Guangxi-Qingxiu/SWL11742/2025_H1N1,plate21-A/Guangxi-Qingxiu/SWL11742/2025_H1N1,92,0.00259,0.00259
seqneut25to26_sera_5005,A/Guangxi-Qingxiu/SWL11742/2025_H1N1,plate21-A/Guangxi-Qingxiu/SWL11742/2025_H1N1,212,0.003124,0.003124
seqneut25to26_sera_5005,A/Guangxi-Qingxiu/SWL11742/2025_H1N1,plate21-A/Guangxi-Qingxiu/SWL11742/2025_H1N1,487,0.02007,0.02007
seqneut25to26_sera_5005,A/Guangxi-Qingxiu/SWL11742/2025_H1N1,plate21-A/Guangxi-Qingxiu/SWL11742/2025_H1N1,1119,0.1985,0.1985
seqneut25to26_sera_5005,A/Guangxi-Qingxiu/SWL11742/2025_H1N1,plate21-A/Guangxi-Qingxiu/SWL11742/2025_H1N1,2575,0.5539,0.5539
seqneut25to26_sera_5005,A/Guangxi-Qingxiu/SWL11742/2025_H1N1,plate21-A/Guangxi-Qingxiu/SWL11742/2025_H1N1,5921,1.036,1
seqneut25to26_sera_5005,A/Guangxi-Qingxiu/SWL11742/2025_H1N1,plate21-A/Guangxi-Qingxiu/SWL11742/2025_H1N1,1.362e+04,1.007,1
seqneut25to26_sera_5005,A/Hawaii/44/2025_H1N1,plate21-A/Hawaii/44/2025_H1N1,40,0.0003281,0.0003281
seqneut25to26_sera_5005,A/Hawaii/44/2025_H1N1,plate21-A/Hawaii/44/2025_H1N1,92,0.001283,0.001283
seqneut25to26_sera_5005,A/Hawaii/44/2025_H1N1,plate21-A/Hawaii/44/2025_H1N1,212,0.01373,0.01373
seqneut25to26_sera_5005,A/Hawaii/44/2025_H1N1,plate21-A/Hawaii/44/2025_H1N1,487,0.1543,0.1543
seqneut25to26_sera_5005,A/Hawaii/44/2025_H1N1,plate21-A/Hawaii/44/2025_H1N1,1119,0.4653,0.4653
seqneut25to26_sera_5005,A/Hawaii/44/2025_H1N1,plate21-A/Hawaii/44/2025_H1N1,2575,0.8127,0.8127
seqneut25to26_sera_5005,A/Hawaii/44/2025_H1N1,plate21-A/Hawaii/44/2025_H1N1,5921,0.7521,0.7521
seqneut25to26_sera_5005,A/Hawaii/44/2025_H1N1,plate21-A/Hawaii/44/2025_H1N1,1.362e+04,0.9934,0.9934
seqneut25to26_sera_5005,A/Hawaii/70/2019_H1N1,plate21-A/Hawaii/70/2019_H1N1,40,0.0003039,0.0003039
seqneut25to26_sera_5005,A/Hawaii/70/2019_H1N1,plate21-A/Hawaii/70/2019_H1N1,92,0.0005341,0.0005341
seqneut25to26_sera_5005,A/Hawaii/70/2019_H1N1,plate21-A/Hawaii/70/2019_H1N1,212,0.0004781,0.0004781
seqneut25to26_sera_5005,A/Hawaii/70/2019_H1N1,plate21-A/Hawaii/70/2019_H1N1,487,0.002597,0.002597
seqneut25to26_sera_5005,A/Hawaii/70/2019_H1N1,plate21-A/Hawaii/70/2019_H1N1,1119,0.07151,0.07151
seqneut25to26_sera_5005,A/Hawaii/70/2019_H1N1,plate21-A/Hawaii/70/2019_H1N1,2575,0.3342,0.3342
seqneut25to26_sera_5005,A/Hawaii/70/2019_H1N1,plate21-A/Hawaii/70/2019_H1N1,5921,0.5909,0.5909
seqneut25to26_sera_5005,A/Hawaii/70/2019_H1N1,plate21-A/Hawaii/70/2019_H1N1,1.362e+04,0.8634,0.8634
seqneut25to26_sera_5005,A/HongKong/1257/2025_H3N2,plate21-A/HongKong/1257/2025_H3N2,40,0,0
seqneut25to26_sera_5005,A/HongKong/1257/2025_H3N2,plate21-A/HongKong/1257/2025_H3N2,92,0,0
seqneut25to26_sera_5005,A/HongKong/1257/2025_H3N2,plate21-A/HongKong/1257/2025_H3N2,212,0.0005021,0.0005021
seqneut25to26_sera_5005,A/HongKong/1257/2025_H3N2,plate21-A/HongKong/1257/2025_H3N2,487,0,0
seqneut25to26_sera_5005,A/HongKong/1257/2025_H3N2,plate21-A/HongKong/1257/2025_H3N2,1119,0.001386,0.001386
seqneut25to26_sera_5005,A/HongKong/1257/2025_H3N2,plate21-A/HongKong/1257/2025_H3N2,2575,0,0
seqneut25to26_sera_5005,A/HongKong/1257/2025_H3N2,plate21-A/HongKong/1257/2025_H3N2,5921,0.1409,0.1409
seqneut25to26_sera_5005,A/HongKong/1257/2025_H3N2,plate21-A/HongKong/1257/2025_H3N2,1.362e+04,0.48,0.48
seqneut25to26_sera_5005,A/HongKong/1382/2025_H3N2,plate21-A/HongKong/1382/2025_H3N2,40,0,0
seqneut25to26_sera_5005,A/HongKong/1382/2025_H3N2,plate21-A/HongKong/1382/2025_H3N2,92,0.0004266,0.0004266
seqneut25to26_sera_5005,A/HongKong/1382/2025_H3N2,plate21-A/HongKong/1382/2025_H3N2,212,0,0
seqneut25to26_sera_5005,A/HongKong/1382/2025_H3N2,plate21-A/HongKong/1382/2025_H3N2,487,0,0
seqneut25to26_sera_5005,A/HongKong/1382/2025_H3N2,plate21-A/HongKong/1382/2025_H3N2,1119,0.002039,0.002039
seqneut25to26_sera_5005,A/HongKong/1382/2025_H3N2,plate21-A/HongKong/1382/2025_H3N2,2575,0.01007,0.01007
seqneut25to26_sera_5005,A/HongKong/1382/2025_H3N2,plate21-A/HongKong/1382/2025_H3N2,5921,0.08124,0.08124
seqneut25to26_sera_5005,A/HongKong/1382/2025_H3N2,plate21-A/HongKong/1382/2025_H3N2,1.362e+04,0.302,0.302
seqneut25to26_sera_5005,A/Indonesia/BIOKES-I-BT074/2025_H3N2,plate21-A/Indonesia/BIOKES-I-BT074/2025_H3N2,40,0,0
seqneut25to26_sera_5005,A/Indonesia/BIOKES-I-BT074/2025_H3N2,plate21-A/Indonesia/BIOKES-I-BT074/2025_H3N2,92,0,0
seqneut25to26_sera_5005,A/Indonesia/BIOKES-I-BT074/2025_H3N2,plate21-A/Indonesia/BIOKES-I-BT074/2025_H3N2,212,9.716e-06,9.716e-06
seqneut25to26_sera_5005,A/Indonesia/BIOKES-I-BT074/2025_H3N2,plate21-A/Indonesia/BIOKES-I-BT074/2025_H3N2,487,5.44e-05,5.44e-05
seqneut25to26_sera_5005,A/Indonesia/BIOKES-I-BT074/2025_H3N2,plate21-A/Indonesia/BIOKES-I-BT074/2025_H3N2,1119,0.0001095,0.0001095
seqneut25to26_sera_5005,A/Indonesia/BIOKES-I-BT074/2025_H3N2,plate21-A/Indonesia/BIOKES-I-BT074/2025_H3N2,2575,0.004455,0.004455
seqneut25to26_sera_5005,A/Indonesia/BIOKES-I-BT074/2025_H3N2,plate21-A/Indonesia/BIOKES-I-BT074/2025_H3N2,5921,0.005776,0.005776
seqneut25to26_sera_5005,A/Indonesia/BIOKES-I-BT074/2025_H3N2,plate21-A/Indonesia/BIOKES-I-BT074/2025_H3N2,1.362e+04,0.2864,0.2864
seqneut25to26_sera_5005,A/Indonesia/BIOKES-INAD491/2025_H3N2,plate21-A/Indonesia/BIOKES-INAD491/2025_H3N2,40,8.776e-06,8.776e-06
seqneut25to26_sera_5005,A/Indonesia/BIOKES-INAD491/2025_H3N2,plate21-A/Indonesia/BIOKES-INAD491/2025_H3N2,92,0,0
seqneut25to26_sera_5005,A/Indonesia/BIOKES-INAD491/2025_H3N2,plate21-A/Indonesia/BIOKES-INAD491/2025_H3N2,212,0,0
seqneut25to26_sera_5005,A/Indonesia/BIOKES-INAD491/2025_H3N2,plate21-A/Indonesia/BIOKES-INAD491/2025_H3N2,487,0.01278,0.01278
seqneut25to26_sera_5005,A/Indonesia/BIOKES-INAD491/2025_H3N2,plate21-A/Indonesia/BIOKES-INAD491/2025_H3N2,1119,0.01467,0.01467
seqneut25to26_sera_5005,A/Indonesia/BIOKES-INAD491/2025_H3N2,plate21-A/Indonesia/BIOKES-INAD491/2025_H3N2,2575,0.134,0.134
seqneut25to26_sera_5005,A/Indonesia/BIOKES-INAD491/2025_H3N2,plate21-A/Indonesia/BIOKES-INAD491/2025_H3N2,5921,0.653,0.653
seqneut25to26_sera_5005,A/Indonesia/BIOKES-INAD491/2025_H3N2,plate21-A/Indonesia/BIOKES-INAD491/2025_H3N2,1.362e+04,0.9422,0.9422
seqneut25to26_sera_5005,A/Lao/820-2750/2025_H3N2,plate21-A/Lao/820-2750/2025_H3N2,40,0,0
seqneut25to26_sera_5005,A/Lao/820-2750/2025_H3N2,plate21-A/Lao/820-2750/2025_H3N2,92,0,0
seqneut25to26_sera_5005,A/Lao/820-2750/2025_H3N2,plate21-A/Lao/820-2750/2025_H3N2,212,0,0
seqneut25to26_sera_5005,A/Lao/820-2750/2025_H3N2,plate21-A/Lao/820-2750/2025_H3N2,487,0.0003009,0.0003009
seqneut25to26_sera_5005,A/Lao/820-2750/2025_H3N2,plate21-A/Lao/820-2750/2025_H3N2,1119,0,0
seqneut25to26_sera_5005,A/Lao/820-2750/2025_H3N2,plate21-A/Lao/820-2750/2025_H3N2,2575,0,0
seqneut25to26_sera_5005,A/Lao/820-2750/2025_H3N2,plate21-A/Lao/820-2750/2025_H3N2,5921,0.01785,0.01785
seqneut25to26_sera_5005,A/Lao/820-2750/2025_H3N2,plate21-A/Lao/820-2750/2025_H3N2,1.362e+04,0.1373,0.1373
seqneut25to26_sera_5005,A/Malaysia/IMR/SARI/2028/2025_H3N2,plate21-A/Malaysia/IMR/SARI/2028/2025_H3N2,40,0.0002123,0.0002123
seqneut25to26_sera_5005,A/Malaysia/IMR/SARI/2028/2025_H3N2,plate21-A/Malaysia/IMR/SARI/2028/2025_H3N2,92,0.0002114,0.0002114
seqneut25to26_sera_5005,A/Malaysia/IMR/SARI/2028/2025_H3N2,plate21-A/Malaysia/IMR/SARI/2028/2025_H3N2,212,0.0005524,0.0005524
seqneut25to26_sera_5005,A/Malaysia/IMR/SARI/2028/2025_H3N2,plate21-A/Malaysia/IMR/SARI/2028/2025_H3N2,487,0,0
seqneut25to26_sera_5005,A/Malaysia/IMR/SARI/2028/2025_H3N2,plate21-A/Malaysia/IMR/SARI/2028/2025_H3N2,1119,0.007003,0.007003
seqneut25to26_sera_5005,A/Malaysia/IMR/SARI/2028/2025_H3N2,plate21-A/Malaysia/IMR/SARI/2028/2025_H3N2,2575,0.07775,0.07775
seqneut25to26_sera_5005,A/Malaysia/IMR/SARI/2028/2025_H3N2,plate21-A/Malaysia/IMR/SARI/2028/2025_H3N2,5921,0.3554,0.3554
seqneut25to26_sera_5005,A/Malaysia/IMR/SARI/2028/2025_H3N2,plate21-A/Malaysia/IMR/SARI/2028/2025_H3N2,1.362e+04,0.6062,0.6062
seqneut25to26_sera_5005,A/Malaysia/IMR/SARI/2406/2025_H3N2,plate21-A/Malaysia/IMR/SARI/2406/2025_H3N2,40,0,0
seqneut25to26_sera_5005,A/Malaysia/IMR/SARI/2406/2025_H3N2,plate21-A/Malaysia/IMR/SARI/2406/2025_H3N2,92,0.01058,0.01058
seqneut25to26_sera_5005,A/Malaysia/IMR/SARI/2406/2025_H3N2,plate21-A/Malaysia/IMR/SARI/2406/2025_H3N2,212,0.1257,0.1257
seqneut25to26_sera_5005,A/Malaysia/IMR/SARI/2406/2025_H3N2,plate21-A/Malaysia/IMR/SARI/2406/2025_H3N2,487,0.3912,0.3912
seqneut25to26_sera_5005,A/Malaysia/IMR/SARI/2406/2025_H3N2,plate21-A/Malaysia/IMR/SARI/2406/2025_H3N2,1119,0.767,0.767
seqneut25to26_sera_5005,A/Malaysia/IMR/SARI/2406/2025_H3N2,plate21-A/Malaysia/IMR/SARI/2406/2025_H3N2,2575,0.8029,0.8029
seqneut25to26_sera_5005,A/Malaysia/IMR/SARI/2406/2025_H3N2,plate21-A/Malaysia/IMR/SARI/2406/2025_H3N2,5921,0.8641,0.8641
seqneut25to26_sera_5005,A/Malaysia/IMR/SARI/2406/2025_H3N2,plate21-A/Malaysia/IMR/SARI/2406/2025_H3N2,1.362e+04,0.9939,0.9939
seqneut25to26_sera_5005,A/Malaysia/IMR/SARI/2517/2025_H3N2,plate21-A/Malaysia/IMR/SARI/2517/2025_H3N2,40,0.0006252,0.0006252
seqneut25to26_sera_5005,A/Malaysia/IMR/SARI/2517/2025_H3N2,plate21-A/Malaysia/IMR/SARI/2517/2025_H3N2,92,0.02168,0.02168
seqneut25to26_sera_5005,A/Malaysia/IMR/SARI/2517/2025_H3N2,plate21-A/Malaysia/IMR/SARI/2517/2025_H3N2,212,0.09505,0.09505
seqneut25to26_sera_5005,A/Malaysia/IMR/SARI/2517/2025_H3N2,plate21-A/Malaysia/IMR/SARI/2517/2025_H3N2,487,0.3863,0.3863
seqneut25to26_sera_5005,A/Malaysia/IMR/SARI/2517/2025_H3N2,plate21-A/Malaysia/IMR/SARI/2517/2025_H3N2,1119,0.5895,0.5895
seqneut25to26_sera_5005,A/Malaysia/IMR/SARI/2517/2025_H3N2,plate21-A/Malaysia/IMR/SARI/2517/2025_H3N2,2575,0.7614,0.7614
seqneut25to26_sera_5005,A/Malaysia/IMR/SARI/2517/2025_H3N2,plate21-A/Malaysia/IMR/SARI/2517/2025_H3N2,5921,1.065,1
seqneut25to26_sera_5005,A/Malaysia/IMR/SARI/2517/2025_H3N2,plate21-A/Malaysia/IMR/SARI/2517/2025_H3N2,1.362e+04,0.9496,0.9496
seqneut25to26_sera_5005,A/Massachusetts/18/2022_H3N2,plate21-A/Massachusetts/18/2022_H3N2,40,0,0
seqneut25to26_sera_5005,A/Massachusetts/18/2022_H3N2,plate21-A/Massachusetts/18/2022_H3N2,92,0,0
seqneut25to26_sera_5005,A/Massachusetts/18/2022_H3N2,plate21-A/Massachusetts/18/2022_H3N2,212,0.001103,0.001103
seqneut25to26_sera_5005,A/Massachusetts/18/2022_H3N2,plate21-A/Massachusetts/18/2022_H3N2,487,0.031,0.031
seqneut25to26_sera_5005,A/Massachusetts/18/2022_H3N2,plate21-A/Massachusetts/18/2022_H3N2,1119,0.1221,0.1221
seqneut25to26_sera_5005,A/Massachusetts/18/2022_H3N2,plate21-A/Massachusetts/18/2022_H3N2,2575,0.3223,0.3223
seqneut25to26_sera_5005,A/Massachusetts/18/2022_H3N2,plate21-A/Massachusetts/18/2022_H3N2,5921,0.7354,0.7354
seqneut25to26_sera_5005,A/Massachusetts/18/2022_H3N2,plate21-A/Massachusetts/18/2022_H3N2,1.362e+04,0.8249,0.8249
seqneut25to26_sera_5005,A/Michigan/110/2025_H3N2,plate21-A/Michigan/110/2025_H3N2,40,0,0
seqneut25to26_sera_5005,A/Michigan/110/2025_H3N2,plate21-A/Michigan/110/2025_H3N2,92,0,0
seqneut25to26_sera_5005,A/Michigan/110/2025_H3N2,plate21-A/Michigan/110/2025_H3N2,212,1.016e-05,1.016e-05
seqneut25to26_sera_5005,A/Michigan/110/2025_H3N2,plate21-A/Michigan/110/2025_H3N2,487,5.687e-05,5.687e-05
seqneut25to26_sera_5005,A/Michigan/110/2025_H3N2,plate21-A/Michigan/110/2025_H3N2,1119,0,0
seqneut25to26_sera_5005,A/Michigan/110/2025_H3N2,plate21-A/Michigan/110/2025_H3N2,2575,0.0007686,0.0007686
seqneut25to26_sera_5005,A/Michigan/110/2025_H3N2,plate21-A/Michigan/110/2025_H3N2,5921,0.02654,0.02654
seqneut25to26_sera_5005,A/Michigan/110/2025_H3N2,plate21-A/Michigan/110/2025_H3N2,1.362e+04,0.3767,0.3767
seqneut25to26_sera_5005,A/Minnesota/96/2025_H3N2,plate21-A/Minnesota/96/2025_H3N2,40,0,0
seqneut25to26_sera_5005,A/Minnesota/96/2025_H3N2,plate21-A/Minnesota/96/2025_H3N2,92,9.925e-06,9.925e-06
seqneut25to26_sera_5005,A/Minnesota/96/2025_H3N2,plate21-A/Minnesota/96/2025_H3N2,212,9.262e-06,9.262e-06
seqneut25to26_sera_5005,A/Minnesota/96/2025_H3N2,plate21-A/Minnesota/96/2025_H3N2,487,0,0
seqneut25to26_sera_5005,A/Minnesota/96/2025_H3N2,plate21-A/Minnesota/96/2025_H3N2,1119,0.0004175,0.0004175
seqneut25to26_sera_5005,A/Minnesota/96/2025_H3N2,plate21-A/Minnesota/96/2025_H3N2,2575,0.001896,0.001896
seqneut25to26_sera_5005,A/Minnesota/96/2025_H3N2,plate21-A/Minnesota/96/2025_H3N2,5921,0.08071,0.08071
seqneut25to26_sera_5005,A/Minnesota/96/2025_H3N2,plate21-A/Minnesota/96/2025_H3N2,1.362e+04,0.4598,0.4598
seqneut25to26_sera_5005,A/Missouri/11/2025_H1N1,plate21-A/Missouri/11/2025_H1N1,40,0,0
seqneut25to26_sera_5005,A/Missouri/11/2025_H1N1,plate21-A/Missouri/11/2025_H1N1,92,0.0006388,0.0006388
seqneut25to26_sera_5005,A/Missouri/11/2025_H1N1,plate21-A/Missouri/11/2025_H1N1,212,0.007027,0.007027
seqneut25to26_sera_5005,A/Missouri/11/2025_H1N1,plate21-A/Missouri/11/2025_H1N1,487,0.02687,0.02687
seqneut25to26_sera_5005,A/Missouri/11/2025_H1N1,plate21-A/Missouri/11/2025_H1N1,1119,0.4561,0.4561
seqneut25to26_sera_5005,A/Missouri/11/2025_H1N1,plate21-A/Missouri/11/2025_H1N1,2575,1.198,1
seqneut25to26_sera_5005,A/Missouri/11/2025_H1N1,plate21-A/Missouri/11/2025_H1N1,5921,0.8709,0.8709
seqneut25to26_sera_5005,A/Missouri/11/2025_H1N1,plate21-A/Missouri/11/2025_H1N1,1.362e+04,0.8721,0.8721
seqneut25to26_sera_5005,A/NewSouthWales/2526015582/2025_H3N2,plate21-A/NewSouthWales/2526015582/2025_H3N2,40,0.0002278,0.0002278
seqneut25to26_sera_5005,A/NewSouthWales/2526015582/2025_H3N2,plate21-A/NewSouthWales/2526015582/2025_H3N2,92,0.0009919,0.0009919
seqneut25to26_sera_5005,A/NewSouthWales/2526015582/2025_H3N2,plate21-A/NewSouthWales/2526015582/2025_H3N2,212,0.0218,0.0218
seqneut25to26_sera_5005,A/NewSouthWales/2526015582/2025_H3N2,plate21-A/NewSouthWales/2526015582/2025_H3N2,487,0.2228,0.2228
seqneut25to26_sera_5005,A/NewSouthWales/2526015582/2025_H3N2,plate21-A/NewSouthWales/2526015582/2025_H3N2,1119,0.5147,0.5147
seqneut25to26_sera_5005,A/NewSouthWales/2526015582/2025_H3N2,plate21-A/NewSouthWales/2526015582/2025_H3N2,2575,0.8984,0.8984
seqneut25to26_sera_5005,A/NewSouthWales/2526015582/2025_H3N2,plate21-A/NewSouthWales/2526015582/2025_H3N2,5921,1.026,1
seqneut25to26_sera_5005,A/NewSouthWales/2526015582/2025_H3N2,plate21-A/NewSouthWales/2526015582/2025_H3N2,1.362e+04,1.076,1
seqneut25to26_sera_5005,A/NewSouthWales/2526015584/2025_H3N2,plate21-A/NewSouthWales/2526015584/2025_H3N2,40,0,0
seqneut25to26_sera_5005,A/NewSouthWales/2526015584/2025_H3N2,plate21-A/NewSouthWales/2526015584/2025_H3N2,92,0.001502,0.001502
seqneut25to26_sera_5005,A/NewSouthWales/2526015584/2025_H3N2,plate21-A/NewSouthWales/2526015584/2025_H3N2,212,0.01925,0.01925
seqneut25to26_sera_5005,A/NewSouthWales/2526015584/2025_H3N2,plate21-A/NewSouthWales/2526015584/2025_H3N2,487,0.2458,0.2458
seqneut25to26_sera_5005,A/NewSouthWales/2526015584/2025_H3N2,plate21-A/NewSouthWales/2526015584/2025_H3N2,1119,0.3523,0.3523
seqneut25to26_sera_5005,A/NewSouthWales/2526015584/2025_H3N2,plate21-A/NewSouthWales/2526015584/2025_H3N2,2575,0.6837,0.6837
seqneut25to26_sera_5005,A/NewSouthWales/2526015584/2025_H3N2,plate21-A/NewSouthWales/2526015584/2025_H3N2,5921,0.8509,0.8509
seqneut25to26_sera_5005,A/NewSouthWales/2526015584/2025_H3N2,plate21-A/NewSouthWales/2526015584/2025_H3N2,1.362e+04,0.939,0.939
seqneut25to26_sera_5005,A/Norway/8765/2025_H3N2,plate21-A/Norway/8765/2025_H3N2,40,0,0
seqneut25to26_sera_5005,A/Norway/8765/2025_H3N2,plate21-A/Norway/8765/2025_H3N2,92,0.003434,0.003434
seqneut25to26_sera_5005,A/Norway/8765/2025_H3N2,plate21-A/Norway/8765/2025_H3N2,212,0.05278,0.05278
seqneut25to26_sera_5005,A/Norway/8765/2025_H3N2,plate21-A/Norway/8765/2025_H3N2,487,0.2128,0.2128
seqneut25to26_sera_5005,A/Norway/8765/2025_H3N2,plate21-A/Norway/8765/2025_H3N2,1119,0.4348,0.4348
seqneut25to26_sera_5005,A/Norway/8765/2025_H3N2,plate21-A/Norway/8765/2025_H3N2,2575,0.6577,0.6577
seqneut25to26_sera_5005,A/Norway/8765/2025_H3N2,plate21-A/Norway/8765/2025_H3N2,5921,0.8019,0.8019
seqneut25to26_sera_5005,A/Norway/8765/2025_H3N2,plate21-A/Norway/8765/2025_H3N2,1.362e+04,0.9185,0.9185
seqneut25to26_sera_5005,A/Norway/8976/2025_H3N2,plate21-A/Norway/8976/2025_H3N2,40,0,0
seqneut25to26_sera_5005,A/Norway/8976/2025_H3N2,plate21-A/Norway/8976/2025_H3N2,92,0.004684,0.004684
seqneut25to26_sera_5005,A/Norway/8976/2025_H3N2,plate21-A/Norway/8976/2025_H3N2,212,0.05015,0.05015
seqneut25to26_sera_5005,A/Norway/8976/2025_H3N2,plate21-A/Norway/8976/2025_H3N2,487,0.1923,0.1923
seqneut25to26_sera_5005,A/Norway/8976/2025_H3N2,plate21-A/Norway/8976/2025_H3N2,1119,0.4977,0.4977
seqneut25to26_sera_5005,A/Norway/8976/2025_H3N2,plate21-A/Norway/8976/2025_H3N2,2575,0.8337,0.8337
seqneut25to26_sera_5005,A/Norway/8976/2025_H3N2,plate21-A/Norway/8976/2025_H3N2,5921,1.453,1
seqneut25to26_sera_5005,A/Norway/8976/2025_H3N2,plate21-A/Norway/8976/2025_H3N2,1.362e+04,1.05,1
seqneut25to26_sera_5005,A/Norway/9107/2025_H1N1,plate21-A/Norway/9107/2025_H1N1,40,0.00105,0.00105
seqneut25to26_sera_5005,A/Norway/9107/2025_H1N1,plate21-A/Norway/9107/2025_H1N1,92,0.001185,0.001185
seqneut25to26_sera_5005,A/Norway/9107/2025_H1N1,plate21-A/Norway/9107/2025_H1N1,212,0.004639,0.004639
seqneut25to26_sera_5005,A/Norway/9107/2025_H1N1,plate21-A/Norway/9107/2025_H1N1,487,0.03709,0.03709
seqneut25to26_sera_5005,A/Norway/9107/2025_H1N1,plate21-A/Norway/9107/2025_H1N1,1119,0.2522,0.2522
seqneut25to26_sera_5005,A/Norway/9107/2025_H1N1,plate21-A/Norway/9107/2025_H1N1,2575,0.6159,0.6159
seqneut25to26_sera_5005,A/Norway/9107/2025_H1N1,plate21-A/Norway/9107/2025_H1N1,5921,0.7036,0.7036
seqneut25to26_sera_5005,A/Norway/9107/2025_H1N1,plate21-A/Norway/9107/2025_H1N1,1.362e+04,0.8686,0.8686
seqneut25to26_sera_5005,A/Norway/9556/2025_H1N1,plate21-A/Norway/9556/2025_H1N1,40,0.0007376,0.0007376
seqneut25to26_sera_5005,A/Norway/9556/2025_H1N1,plate21-A/Norway/9556/2025_H1N1,92,0.02454,0.02454
seqneut25to26_sera_5005,A/Norway/9556/2025_H1N1,plate21-A/Norway/9556/2025_H1N1,212,0.1154,0.1154
seqneut25to26_sera_5005,A/Norway/9556/2025_H1N1,plate21-A/Norway/9556/2025_H1N1,487,0.5356,0.5356
seqneut25to26_sera_5005,A/Norway/9556/2025_H1N1,plate21-A/Norway/9556/2025_H1N1,1119,0.6384,0.6384
seqneut25to26_sera_5005,A/Norway/9556/2025_H1N1,plate21-A/Norway/9556/2025_H1N1,2575,0.9041,0.9041
seqneut25to26_sera_5005,A/Norway/9556/2025_H1N1,plate21-A/Norway/9556/2025_H1N1,5921,0.8291,0.8291
seqneut25to26_sera_5005,A/Norway/9556/2025_H1N1,plate21-A/Norway/9556/2025_H1N1,1.362e+04,1.009,1
seqneut25to26_sera_5005,A/Peru/GIHSN-04-1089/2025_H3N2,plate21-A/Peru/GIHSN-04-1089/2025_H3N2,40,0,0
seqneut25to26_sera_5005,A/Peru/GIHSN-04-1089/2025_H3N2,plate21-A/Peru/GIHSN-04-1089/2025_H3N2,92,0,0
seqneut25to26_sera_5005,A/Peru/GIHSN-04-1089/2025_H3N2,plate21-A/Peru/GIHSN-04-1089/2025_H3N2,212,9.651e-06,9.651e-06
seqneut25to26_sera_5005,A/Peru/GIHSN-04-1089/2025_H3N2,plate21-A/Peru/GIHSN-04-1089/2025_H3N2,487,0.001855,0.001855
seqneut25to26_sera_5005,A/Peru/GIHSN-04-1089/2025_H3N2,plate21-A/Peru/GIHSN-04-1089/2025_H3N2,1119,0.05384,0.05384
seqneut25to26_sera_5005,A/Peru/GIHSN-04-1089/2025_H3N2,plate21-A/Peru/GIHSN-04-1089/2025_H3N2,2575,0.2472,0.2472
seqneut25to26_sera_5005,A/Peru/GIHSN-04-1089/2025_H3N2,plate21-A/Peru/GIHSN-04-1089/2025_H3N2,5921,0.6573,0.6573
seqneut25to26_sera_5005,A/Peru/GIHSN-04-1089/2025_H3N2,plate21-A/Peru/GIHSN-04-1089/2025_H3N2,1.362e+04,1.053,1
seqneut25to26_sera_5005,A/Philippines/SARI25-1425/2025_H1N1,plate21-A/Philippines/SARI25-1425/2025_H1N1,40,0.0003953,0.0003953
seqneut25to26_sera_5005,A/Philippines/SARI25-1425/2025_H1N1,plate21-A/Philippines/SARI25-1425/2025_H1N1,92,0.0122,0.0122
seqneut25to26_sera_5005,A/Philippines/SARI25-1425/2025_H1N1,plate21-A/Philippines/SARI25-1425/2025_H1N1,212,0.04534,0.04534
seqneut25to26_sera_5005,A/Philippines/SARI25-1425/2025_H1N1,plate21-A/Philippines/SARI25-1425/2025_H1N1,487,0.339,0.339
seqneut25to26_sera_5005,A/Philippines/SARI25-1425/2025_H1N1,plate21-A/Philippines/SARI25-1425/2025_H1N1,1119,0.6144,0.6144
seqneut25to26_sera_5005,A/Philippines/SARI25-1425/2025_H1N1,plate21-A/Philippines/SARI25-1425/2025_H1N1,2575,0.7926,0.7926
seqneut25to26_sera_5005,A/Philippines/SARI25-1425/2025_H1N1,plate21-A/Philippines/SARI25-1425/2025_H1N1,5921,0.8283,0.8283
seqneut25to26_sera_5005,A/Philippines/SARI25-1425/2025_H1N1,plate21-A/Philippines/SARI25-1425/2025_H1N1,1.362e+04,0.9128,0.9128
seqneut25to26_sera_5005,A/Queensland/2526516675/2025_H3N2,plate21-A/Queensland/2526516675/2025_H3N2,40,0.00018,0.00018
seqneut25to26_sera_5005,A/Queensland/2526516675/2025_H3N2,plate21-A/Queensland/2526516675/2025_H3N2,92,0.001035,0.001035
seqneut25to26_sera_5005,A/Queensland/2526516675/2025_H3N2,plate21-A/Queensland/2526516675/2025_H3N2,212,0.0404,0.0404
seqneut25to26_sera_5005,A/Queensland/2526516675/2025_H3N2,plate21-A/Queensland/2526516675/2025_H3N2,487,0.2648,0.2648
seqneut25to26_sera_5005,A/Queensland/2526516675/2025_H3N2,plate21-A/Queensland/2526516675/2025_H3N2,1119,0.3571,0.3571
seqneut25to26_sera_5005,A/Queensland/2526516675/2025_H3N2,plate21-A/Queensland/2526516675/2025_H3N2,2575,0.5737,0.5737
seqneut25to26_sera_5005,A/Queensland/2526516675/2025_H3N2,plate21-A/Queensland/2526516675/2025_H3N2,5921,0.9139,0.9139
seqneut25to26_sera_5005,A/Queensland/2526516675/2025_H3N2,plate21-A/Queensland/2526516675/2025_H3N2,1.362e+04,1.002,1
seqneut25to26_sera_5005,A/SouthAfrica/PET37604/2025_H3N2,plate21-A/SouthAfrica/PET37604/2025_H3N2,40,0,0
seqneut25to26_sera_5005,A/SouthAfrica/PET37604/2025_H3N2,plate21-A/SouthAfrica/PET37604/2025_H3N2,92,0,0
seqneut25to26_sera_5005,A/SouthAfrica/PET37604/2025_H3N2,plate21-A/SouthAfrica/PET37604/2025_H3N2,212,4.541e-05,4.541e-05
seqneut25to26_sera_5005,A/SouthAfrica/PET37604/2025_H3N2,plate21-A/SouthAfrica/PET37604/2025_H3N2,487,0.000452,0.000452
seqneut25to26_sera_5005,A/SouthAfrica/PET37604/2025_H3N2,plate21-A/SouthAfrica/PET37604/2025_H3N2,1119,0.0001706,0.0001706
seqneut25to26_sera_5005,A/SouthAfrica/PET37604/2025_H3N2,plate21-A/SouthAfrica/PET37604/2025_H3N2,2575,0.05942,0.05942
seqneut25to26_sera_5005,A/SouthAfrica/PET37604/2025_H3N2,plate21-A/SouthAfrica/PET37604/2025_H3N2,5921,0.2148,0.2148
seqneut25to26_sera_5005,A/SouthAfrica/PET37604/2025_H3N2,plate21-A/SouthAfrica/PET37604/2025_H3N2,1.362e+04,0.6108,0.6108
seqneut25to26_sera_5005,A/SouthAfrica/PET37625/2025_H3N2,plate21-A/SouthAfrica/PET37625/2025_H3N2,40,0,0
seqneut25to26_sera_5005,A/SouthAfrica/PET37625/2025_H3N2,plate21-A/SouthAfrica/PET37625/2025_H3N2,92,0.0002288,0.0002288
seqneut25to26_sera_5005,A/SouthAfrica/PET37625/2025_H3N2,plate21-A/SouthAfrica/PET37625/2025_H3N2,212,2.135e-05,2.135e-05
seqneut25to26_sera_5005,A/SouthAfrica/PET37625/2025_H3N2,plate21-A/SouthAfrica/PET37625/2025_H3N2,487,0.0007173,0.0007173
seqneut25to26_sera_5005,A/SouthAfrica/PET37625/2025_H3N2,plate21-A/SouthAfrica/PET37625/2025_H3N2,1119,0.0006016,0.0006016
seqneut25to26_sera_5005,A/SouthAfrica/PET37625/2025_H3N2,plate21-A/SouthAfrica/PET37625/2025_H3N2,2575,0.03939,0.03939
seqneut25to26_sera_5005,A/SouthAfrica/PET37625/2025_H3N2,plate21-A/SouthAfrica/PET37625/2025_H3N2,5921,0.5198,0.5198
seqneut25to26_sera_5005,A/SouthAfrica/PET37625/2025_H3N2,plate21-A/SouthAfrica/PET37625/2025_H3N2,1.362e+04,0.8402,0.8402
seqneut25to26_sera_5005,A/SouthAustralia/2519001037/2025_H1N1,plate21-A/SouthAustralia/2519001037/2025_H1N1,40,0.0009353,0.0009353
seqneut25to26_sera_5005,A/SouthAustralia/2519001037/2025_H1N1,plate21-A/SouthAustralia/2519001037/2025_H1N1,92,0.004109,0.004109
seqneut25to26_sera_5005,A/SouthAustralia/2519001037/2025_H1N1,plate21-A/SouthAustralia/2519001037/2025_H1N1,212,0.003872,0.003872
seqneut25to26_sera_5005,A/SouthAustralia/2519001037/2025_H1N1,plate21-A/SouthAustralia/2519001037/2025_H1N1,487,0.02646,0.02646
seqneut25to26_sera_5005,A/SouthAustralia/2519001037/2025_H1N1,plate21-A/SouthAustralia/2519001037/2025_H1N1,1119,0.3725,0.3725
seqneut25to26_sera_5005,A/SouthAustralia/2519001037/2025_H1N1,plate21-A/SouthAustralia/2519001037/2025_H1N1,2575,0.6043,0.6043
seqneut25to26_sera_5005,A/SouthAustralia/2519001037/2025_H1N1,plate21-A/SouthAustralia/2519001037/2025_H1N1,5921,0.7743,0.7743
seqneut25to26_sera_5005,A/SouthAustralia/2519001037/2025_H1N1,plate21-A/SouthAustralia/2519001037/2025_H1N1,1.362e+04,0.9893,0.9893
seqneut25to26_sera_5005,A/SouthAustralia/2520702747/2025_H1N1,plate21-A/SouthAustralia/2520702747/2025_H1N1,40,0.0004134,0.0004134
seqneut25to26_sera_5005,A/SouthAustralia/2520702747/2025_H1N1,plate21-A/SouthAustralia/2520702747/2025_H1N1,92,0.002009,0.002009
seqneut25to26_sera_5005,A/SouthAustralia/2520702747/2025_H1N1,plate21-A/SouthAustralia/2520702747/2025_H1N1,212,0.002541,0.002541
seqneut25to26_sera_5005,A/SouthAustralia/2520702747/2025_H1N1,plate21-A/SouthAustralia/2520702747/2025_H1N1,487,0.01636,0.01636
seqneut25to26_sera_5005,A/SouthAustralia/2520702747/2025_H1N1,plate21-A/SouthAustralia/2520702747/2025_H1N1,1119,0.188,0.188
seqneut25to26_sera_5005,A/SouthAustralia/2520702747/2025_H1N1,plate21-A/SouthAustralia/2520702747/2025_H1N1,2575,0.5788,0.5788
seqneut25to26_sera_5005,A/SouthAustralia/2520702747/2025_H1N1,plate21-A/SouthAustralia/2520702747/2025_H1N1,5921,0.7793,0.7793
seqneut25to26_sera_5005,A/SouthAustralia/2520702747/2025_H1N1,plate21-A/SouthAustralia/2520702747/2025_H1N1,1.362e+04,0.7111,0.7111
seqneut25to26_sera_5005,A/SouthAustralia/2523012764/2025_H1N1,plate21-A/SouthAustralia/2523012764/2025_H1N1,40,1.705e-05,1.705e-05
seqneut25to26_sera_5005,A/SouthAustralia/2523012764/2025_H1N1,plate21-A/SouthAustralia/2523012764/2025_H1N1,92,0.0006446,0.0006446
seqneut25to26_sera_5005,A/SouthAustralia/2523012764/2025_H1N1,plate21-A/SouthAustralia/2523012764/2025_H1N1,212,0.003757,0.003757
seqneut25to26_sera_5005,A/SouthAustralia/2523012764/2025_H1N1,plate21-A/SouthAustralia/2523012764/2025_H1N1,487,0.06381,0.06381
seqneut25to26_sera_5005,A/SouthAustralia/2523012764/2025_H1N1,plate21-A/SouthAustralia/2523012764/2025_H1N1,1119,0.199,0.199
seqneut25to26_sera_5005,A/SouthAustralia/2523012764/2025_H1N1,plate21-A/SouthAustralia/2523012764/2025_H1N1,2575,0.4678,0.4678
seqneut25to26_sera_5005,A/SouthAustralia/2523012764/2025_H1N1,plate21-A/SouthAustralia/2523012764/2025_H1N1,5921,0.9651,0.9651
seqneut25to26_sera_5005,A/SouthAustralia/2523012764/2025_H1N1,plate21-A/SouthAustralia/2523012764/2025_H1N1,1.362e+04,1.23,1
seqneut25to26_sera_5005,A/SouthAustralia/2523812314/2025_H3N2,plate21-A/SouthAustralia/2523812314/2025_H3N2,40,0,0
seqneut25to26_sera_5005,A/SouthAustralia/2523812314/2025_H3N2,plate21-A/SouthAustralia/2523812314/2025_H3N2,92,0.002533,0.002533
seqneut25to26_sera_5005,A/SouthAustralia/2523812314/2025_H3N2,plate21-A/SouthAustralia/2523812314/2025_H3N2,212,0.03951,0.03951
seqneut25to26_sera_5005,A/SouthAustralia/2523812314/2025_H3N2,plate21-A/SouthAustralia/2523812314/2025_H3N2,487,0.1979,0.1979
seqneut25to26_sera_5005,A/SouthAustralia/2523812314/2025_H3N2,plate21-A/SouthAustralia/2523812314/2025_H3N2,1119,0.4986,0.4986
seqneut25to26_sera_5005,A/SouthAustralia/2523812314/2025_H3N2,plate21-A/SouthAustralia/2523812314/2025_H3N2,2575,0.6297,0.6297
seqneut25to26_sera_5005,A/SouthAustralia/2523812314/2025_H3N2,plate21-A/SouthAustralia/2523812314/2025_H3N2,5921,0.9143,0.9143
seqneut25to26_sera_5005,A/SouthAustralia/2523812314/2025_H3N2,plate21-A/SouthAustralia/2523812314/2025_H3N2,1.362e+04,0.6721,0.6721
seqneut25to26_sera_5005,A/SouthAustralia/2524408801/2025_H3N2,plate21-A/SouthAustralia/2524408801/2025_H3N2,40,0,0
seqneut25to26_sera_5005,A/SouthAustralia/2524408801/2025_H3N2,plate21-A/SouthAustralia/2524408801/2025_H3N2,92,0.003801,0.003801
seqneut25to26_sera_5005,A/SouthAustralia/2524408801/2025_H3N2,plate21-A/SouthAustralia/2524408801/2025_H3N2,212,0.02742,0.02742
seqneut25to26_sera_5005,A/SouthAustralia/2524408801/2025_H3N2,plate21-A/SouthAustralia/2524408801/2025_H3N2,487,0.1936,0.1936
seqneut25to26_sera_5005,A/SouthAustralia/2524408801/2025_H3N2,plate21-A/SouthAustralia/2524408801/2025_H3N2,1119,0.4478,0.4478
seqneut25to26_sera_5005,A/SouthAustralia/2524408801/2025_H3N2,plate21-A/SouthAustralia/2524408801/2025_H3N2,2575,0.7822,0.7822
seqneut25to26_sera_5005,A/SouthAustralia/2524408801/2025_H3N2,plate21-A/SouthAustralia/2524408801/2025_H3N2,5921,0.8971,0.8971
seqneut25to26_sera_5005,A/SouthAustralia/2524408801/2025_H3N2,plate21-A/SouthAustralia/2524408801/2025_H3N2,1.362e+04,1.173,1
seqneut25to26_sera_5005,A/SouthAustralia/2524712956/2025_H1N1,plate21-A/SouthAustralia/2524712956/2025_H1N1,40,0,0
seqneut25to26_sera_5005,A/SouthAustralia/2524712956/2025_H1N1,plate21-A/SouthAustralia/2524712956/2025_H1N1,92,0.01092,0.01092
seqneut25to26_sera_5005,A/SouthAustralia/2524712956/2025_H1N1,plate21-A/SouthAustralia/2524712956/2025_H1N1,212,0.03695,0.03695
seqneut25to26_sera_5005,A/SouthAustralia/2524712956/2025_H1N1,plate21-A/SouthAustralia/2524712956/2025_H1N1,487,0.1495,0.1495
seqneut25to26_sera_5005,A/SouthAustralia/2524712956/2025_H1N1,plate21-A/SouthAustralia/2524712956/2025_H1N1,1119,0.5815,0.5815
seqneut25to26_sera_5005,A/SouthAustralia/2524712956/2025_H1N1,plate21-A/SouthAustralia/2524712956/2025_H1N1,2575,0.6659,0.6659
seqneut25to26_sera_5005,A/SouthAustralia/2524712956/2025_H1N1,plate21-A/SouthAustralia/2524712956/2025_H1N1,5921,0.8315,0.8315
seqneut25to26_sera_5005,A/SouthAustralia/2524712956/2025_H1N1,plate21-A/SouthAustralia/2524712956/2025_H1N1,1.362e+04,0.9412,0.9412
seqneut25to26_sera_5005,A/SouthAustralia/2525607496/2025_H3N2,plate21-A/SouthAustralia/2525607496/2025_H3N2,40,0,0
seqneut25to26_sera_5005,A/SouthAustralia/2525607496/2025_H3N2,plate21-A/SouthAustralia/2525607496/2025_H3N2,92,0,0
seqneut25to26_sera_5005,A/SouthAustralia/2525607496/2025_H3N2,plate21-A/SouthAustralia/2525607496/2025_H3N2,212,0,0
seqneut25to26_sera_5005,A/SouthAustralia/2525607496/2025_H3N2,plate21-A/SouthAustralia/2525607496/2025_H3N2,487,0.000408,0.000408
seqneut25to26_sera_5005,A/SouthAustralia/2525607496/2025_H3N2,plate21-A/SouthAustralia/2525607496/2025_H3N2,1119,0,0
seqneut25to26_sera_5005,A/SouthAustralia/2525607496/2025_H3N2,plate21-A/SouthAustralia/2525607496/2025_H3N2,2575,0,0
seqneut25to26_sera_5005,A/SouthAustralia/2525607496/2025_H3N2,plate21-A/SouthAustralia/2525607496/2025_H3N2,5921,0.01009,0.01009
seqneut25to26_sera_5005,A/SouthAustralia/2525607496/2025_H3N2,plate21-A/SouthAustralia/2525607496/2025_H3N2,1.362e+04,0.2085,0.2085
seqneut25to26_sera_5005,A/SouthAustralia/2527003588/2025_H3N2,plate21-A/SouthAustralia/2527003588/2025_H3N2,40,0.009566,0.009566
seqneut25to26_sera_5005,A/SouthAustralia/2527003588/2025_H3N2,plate21-A/SouthAustralia/2527003588/2025_H3N2,92,0.009389,0.009389
seqneut25to26_sera_5005,A/SouthAustralia/2527003588/2025_H3N2,plate21-A/SouthAustralia/2527003588/2025_H3N2,212,0.06092,0.06092
seqneut25to26_sera_5005,A/SouthAustralia/2527003588/2025_H3N2,plate21-A/SouthAustralia/2527003588/2025_H3N2,487,0.1301,0.1301
seqneut25to26_sera_5005,A/SouthAustralia/2527003588/2025_H3N2,plate21-A/SouthAustralia/2527003588/2025_H3N2,1119,0.6452,0.6452
seqneut25to26_sera_5005,A/SouthAustralia/2527003588/2025_H3N2,plate21-A/SouthAustralia/2527003588/2025_H3N2,2575,0.7535,0.7535
seqneut25to26_sera_5005,A/SouthAustralia/2527003588/2025_H3N2,plate21-A/SouthAustralia/2527003588/2025_H3N2,5921,1.126,1
seqneut25to26_sera_5005,A/SouthAustralia/2527003588/2025_H3N2,plate21-A/SouthAustralia/2527003588/2025_H3N2,1.362e+04,0.8344,0.8344
seqneut25to26_sera_5005,A/SouthAustralia/2527213276/2025_H3N2,plate21-A/SouthAustralia/2527213276/2025_H3N2,40,0.005714,0.005714
seqneut25to26_sera_5005,A/SouthAustralia/2527213276/2025_H3N2,plate21-A/SouthAustralia/2527213276/2025_H3N2,92,0.01943,0.01943
seqneut25to26_sera_5005,A/SouthAustralia/2527213276/2025_H3N2,plate21-A/SouthAustralia/2527213276/2025_H3N2,212,0.08288,0.08288
seqneut25to26_sera_5005,A/SouthAustralia/2527213276/2025_H3N2,plate21-A/SouthAustralia/2527213276/2025_H3N2,487,0.532,0.532
seqneut25to26_sera_5005,A/SouthAustralia/2527213276/2025_H3N2,plate21-A/SouthAustralia/2527213276/2025_H3N2,1119,0.5629,0.5629
seqneut25to26_sera_5005,A/SouthAustralia/2527213276/2025_H3N2,plate21-A/SouthAustralia/2527213276/2025_H3N2,2575,0.6883,0.6883
seqneut25to26_sera_5005,A/SouthAustralia/2527213276/2025_H3N2,plate21-A/SouthAustralia/2527213276/2025_H3N2,5921,0.8486,0.8486
seqneut25to26_sera_5005,A/SouthAustralia/2527213276/2025_H3N2,plate21-A/SouthAustralia/2527213276/2025_H3N2,1.362e+04,0.8088,0.8088
seqneut25to26_sera_5005,A/SouthAustralia/2527612456/2025_H1N1,plate21-A/SouthAustralia/2527612456/2025_H1N1,40,0,0
seqneut25to26_sera_5005,A/SouthAustralia/2527612456/2025_H1N1,plate21-A/SouthAustralia/2527612456/2025_H1N1,92,0.0001855,0.0001855
seqneut25to26_sera_5005,A/SouthAustralia/2527612456/2025_H1N1,plate21-A/SouthAustralia/2527612456/2025_H1N1,212,0.02402,0.02402
seqneut25to26_sera_5005,A/SouthAustralia/2527612456/2025_H1N1,plate21-A/SouthAustralia/2527612456/2025_H1N1,487,0.05699,0.05699
seqneut25to26_sera_5005,A/SouthAustralia/2527612456/2025_H1N1,plate21-A/SouthAustralia/2527612456/2025_H1N1,1119,0.3009,0.3009
seqneut25to26_sera_5005,A/SouthAustralia/2527612456/2025_H1N1,plate21-A/SouthAustralia/2527612456/2025_H1N1,2575,0.8279,0.8279
seqneut25to26_sera_5005,A/SouthAustralia/2527612456/2025_H1N1,plate21-A/SouthAustralia/2527612456/2025_H1N1,5921,0.8984,0.8984
seqneut25to26_sera_5005,A/SouthAustralia/2527612456/2025_H1N1,plate21-A/SouthAustralia/2527612456/2025_H1N1,1.362e+04,1.042,1
seqneut25to26_sera_5005,A/SouthAustralia/2527902708/2025_H3N2,plate21-A/SouthAustralia/2527902708/2025_H3N2,40,0.01472,0.01472
seqneut25to26_sera_5005,A/SouthAustralia/2527902708/2025_H3N2,plate21-A/SouthAustralia/2527902708/2025_H3N2,92,0.01603,0.01603
seqneut25to26_sera_5005,A/SouthAustralia/2527902708/2025_H3N2,plate21-A/SouthAustralia/2527902708/2025_H3N2,212,0.06674,0.06674
seqneut25to26_sera_5005,A/SouthAustralia/2527902708/2025_H3N2,plate21-A/SouthAustralia/2527902708/2025_H3N2,487,0.6275,0.6275
seqneut25to26_sera_5005,A/SouthAustralia/2527902708/2025_H3N2,plate21-A/SouthAustralia/2527902708/2025_H3N2,1119,0.9098,0.9098
seqneut25to26_sera_5005,A/SouthAustralia/2527902708/2025_H3N2,plate21-A/SouthAustralia/2527902708/2025_H3N2,2575,0.637,0.637
seqneut25to26_sera_5005,A/SouthAustralia/2527902708/2025_H3N2,plate21-A/SouthAustralia/2527902708/2025_H3N2,5921,1.031,1
seqneut25to26_sera_5005,A/SouthAustralia/2527902708/2025_H3N2,plate21-A/SouthAustralia/2527902708/2025_H3N2,1.362e+04,1.081,1
seqneut25to26_sera_5005,A/Sydney/1359/2024_H3N2,plate21-A/Sydney/1359/2024_H3N2,40,0.0002276,0.0002276
seqneut25to26_sera_5005,A/Sydney/1359/2024_H3N2,plate21-A/Sydney/1359/2024_H3N2,92,0.0008989,0.0008989
seqneut25to26_sera_5005,A/Sydney/1359/2024_H3N2,plate21-A/Sydney/1359/2024_H3N2,212,0.007943,0.007943
seqneut25to26_sera_5005,A/Sydney/1359/2024_H3N2,plate21-A/Sydney/1359/2024_H3N2,487,0.1637,0.1637
seqneut25to26_sera_5005,A/Sydney/1359/2024_H3N2,plate21-A/Sydney/1359/2024_H3N2,1119,0.382,0.382
seqneut25to26_sera_5005,A/Sydney/1359/2024_H3N2,plate21-A/Sydney/1359/2024_H3N2,2575,0.7282,0.7282
seqneut25to26_sera_5005,A/Sydney/1359/2024_H3N2,plate21-A/Sydney/1359/2024_H3N2,5921,0.9248,0.9248
seqneut25to26_sera_5005,A/Sydney/1359/2024_H3N2,plate21-A/Sydney/1359/2024_H3N2,1.362e+04,0.8385,0.8385
seqneut25to26_sera_5005,A/Sydney/400/2025_H1N1,plate21-A/Sydney/400/2025_H1N1,40,0.001255,0.001255
seqneut25to26_sera_5005,A/Sydney/400/2025_H1N1,plate21-A/Sydney/400/2025_H1N1,92,0.001722,0.001722
seqneut25to26_sera_5005,A/Sydney/400/2025_H1N1,plate21-A/Sydney/400/2025_H1N1,212,0.002223,0.002223
seqneut25to26_sera_5005,A/Sydney/400/2025_H1N1,plate21-A/Sydney/400/2025_H1N1,487,0.06443,0.06443
seqneut25to26_sera_5005,A/Sydney/400/2025_H1N1,plate21-A/Sydney/400/2025_H1N1,1119,0.1402,0.1402
seqneut25to26_sera_5005,A/Sydney/400/2025_H1N1,plate21-A/Sydney/400/2025_H1N1,2575,0.4639,0.4639
seqneut25to26_sera_5005,A/Sydney/400/2025_H1N1,plate21-A/Sydney/400/2025_H1N1,5921,0.8818,0.8818
seqneut25to26_sera_5005,A/Sydney/400/2025_H1N1,plate21-A/Sydney/400/2025_H1N1,1.362e+04,0.8718,0.8718
seqneut25to26_sera_5005,A/Tasmania/2521815682/2025_H3N2,plate21-A/Tasmania/2521815682/2025_H3N2,40,0.0039,0.0039
seqneut25to26_sera_5005,A/Tasmania/2521815682/2025_H3N2,plate21-A/Tasmania/2521815682/2025_H3N2,92,0.02787,0.02787
seqneut25to26_sera_5005,A/Tasmania/2521815682/2025_H3N2,plate21-A/Tasmania/2521815682/2025_H3N2,212,0.1558,0.1558
seqneut25to26_sera_5005,A/Tasmania/2521815682/2025_H3N2,plate21-A/Tasmania/2521815682/2025_H3N2,487,0.4743,0.4743
seqneut25to26_sera_5005,A/Tasmania/2521815682/2025_H3N2,plate21-A/Tasmania/2521815682/2025_H3N2,1119,0.6049,0.6049
seqneut25to26_sera_5005,A/Tasmania/2521815682/2025_H3N2,plate21-A/Tasmania/2521815682/2025_H3N2,2575,0.7561,0.7561
seqneut25to26_sera_5005,A/Tasmania/2521815682/2025_H3N2,plate21-A/Tasmania/2521815682/2025_H3N2,5921,0.7984,0.7984
seqneut25to26_sera_5005,A/Tasmania/2521815682/2025_H3N2,plate21-A/Tasmania/2521815682/2025_H3N2,1.362e+04,0.7479,0.7479
seqneut25to26_sera_5005,A/Thailand/8/2022_H3N2,plate21-A/Thailand/8/2022_H3N2,40,0.001985,0.001985
seqneut25to26_sera_5005,A/Thailand/8/2022_H3N2,plate21-A/Thailand/8/2022_H3N2,92,0.0006909,0.0006909
seqneut25to26_sera_5005,A/Thailand/8/2022_H3N2,plate21-A/Thailand/8/2022_H3N2,212,0.001161,0.001161
seqneut25to26_sera_5005,A/Thailand/8/2022_H3N2,plate21-A/Thailand/8/2022_H3N2,487,0.004131,0.004131
seqneut25to26_sera_5005,A/Thailand/8/2022_H3N2,plate21-A/Thailand/8/2022_H3N2,1119,0.0004844,0.0004844
seqneut25to26_sera_5005,A/Thailand/8/2022_H3N2,plate21-A/Thailand/8/2022_H3N2,2575,0.03052,0.03052
seqneut25to26_sera_5005,A/Thailand/8/2022_H3N2,plate21-A/Thailand/8/2022_H3N2,5921,0.1516,0.1516
seqneut25to26_sera_5005,A/Thailand/8/2022_H3N2,plate21-A/Thailand/8/2022_H3N2,1.362e+04,0.241,0.241
seqneut25to26_sera_5005,A/Vermont/73/2025_H3N2,plate21-A/Vermont/73/2025_H3N2,40,0.01695,0.01695
seqneut25to26_sera_5005,A/Vermont/73/2025_H3N2,plate21-A/Vermont/73/2025_H3N2,92,0.06121,0.06121
seqneut25to26_sera_5005,A/Vermont/73/2025_H3N2,plate21-A/Vermont/73/2025_H3N2,212,0.1829,0.1829
seqneut25to26_sera_5005,A/Vermont/73/2025_H3N2,plate21-A/Vermont/73/2025_H3N2,487,0.333,0.333
seqneut25to26_sera_5005,A/Vermont/73/2025_H3N2,plate21-A/Vermont/73/2025_H3N2,1119,0.5067,0.5067
seqneut25to26_sera_5005,A/Vermont/73/2025_H3N2,plate21-A/Vermont/73/2025_H3N2,2575,0.66,0.66
seqneut25to26_sera_5005,A/Vermont/73/2025_H3N2,plate21-A/Vermont/73/2025_H3N2,5921,1.112,1
seqneut25to26_sera_5005,A/Vermont/73/2025_H3N2,plate21-A/Vermont/73/2025_H3N2,1.362e+04,1.301,1
seqneut25to26_sera_5005,A/Victoria/4897/2022_IVR-238_H1N1,plate21-A/Victoria/4897/2022_IVR-238_H1N1,40,0,0
seqneut25to26_sera_5005,A/Victoria/4897/2022_IVR-238_H1N1,plate21-A/Victoria/4897/2022_IVR-238_H1N1,92,0.0005262,0.0005262
seqneut25to26_sera_5005,A/Victoria/4897/2022_IVR-238_H1N1,plate21-A/Victoria/4897/2022_IVR-238_H1N1,212,0,0
seqneut25to26_sera_5005,A/Victoria/4897/2022_IVR-238_H1N1,plate21-A/Victoria/4897/2022_IVR-238_H1N1,487,0.0004476,0.0004476
seqneut25to26_sera_5005,A/Victoria/4897/2022_IVR-238_H1N1,plate21-A/Victoria/4897/2022_IVR-238_H1N1,1119,0.002445,0.002445
seqneut25to26_sera_5005,A/Victoria/4897/2022_IVR-238_H1N1,plate21-A/Victoria/4897/2022_IVR-238_H1N1,2575,0.03131,0.03131
seqneut25to26_sera_5005,A/Victoria/4897/2022_IVR-238_H1N1,plate21-A/Victoria/4897/2022_IVR-238_H1N1,5921,0.305,0.305
seqneut25to26_sera_5005,A/Victoria/4897/2022_IVR-238_H1N1,plate21-A/Victoria/4897/2022_IVR-238_H1N1,1.362e+04,0.5578,0.5578
seqneut25to26_sera_5005,A/Wisconsin/588/2019_H1N1,plate21-A/Wisconsin/588/2019_H1N1,40,0.001987,0.001987
seqneut25to26_sera_5005,A/Wisconsin/588/2019_H1N1,plate21-A/Wisconsin/588/2019_H1N1,92,0.0003157,0.0003157
seqneut25to26_sera_5005,A/Wisconsin/588/2019_H1N1,plate21-A/Wisconsin/588/2019_H1N1,212,0.007794,0.007794
seqneut25to26_sera_5005,A/Wisconsin/588/2019_H1N1,plate21-A/Wisconsin/588/2019_H1N1,487,0.05701,0.05701
seqneut25to26_sera_5005,A/Wisconsin/588/2019_H1N1,plate21-A/Wisconsin/588/2019_H1N1,1119,0.2148,0.2148
seqneut25to26_sera_5005,A/Wisconsin/588/2019_H1N1,plate21-A/Wisconsin/588/2019_H1N1,2575,0.5197,0.5197
seqneut25to26_sera_5005,A/Wisconsin/588/2019_H1N1,plate21-A/Wisconsin/588/2019_H1N1,5921,0.8246,0.8246
seqneut25to26_sera_5005,A/Wisconsin/588/2019_H1N1,plate21-A/Wisconsin/588/2019_H1N1,1.362e+04,0.8935,0.8935
seqneut25to26_sera_5005,A/Wisconsin/67/2022_H1N1,plate21-A/Wisconsin/67/2022_H1N1,40,0.0002065,0.0002065
seqneut25to26_sera_5005,A/Wisconsin/67/2022_H1N1,plate21-A/Wisconsin/67/2022_H1N1,92,0.001056,0.001056
seqneut25to26_sera_5005,A/Wisconsin/67/2022_H1N1,plate21-A/Wisconsin/67/2022_H1N1,212,0.001195,0.001195
seqneut25to26_sera_5005,A/Wisconsin/67/2022_H1N1,plate21-A/Wisconsin/67/2022_H1N1,487,0.009772,0.009772
seqneut25to26_sera_5005,A/Wisconsin/67/2022_H1N1,plate21-A/Wisconsin/67/2022_H1N1,1119,0.1366,0.1366
seqneut25to26_sera_5005,A/Wisconsin/67/2022_H1N1,plate21-A/Wisconsin/67/2022_H1N1,2575,0.584,0.584
seqneut25to26_sera_5005,A/Wisconsin/67/2022_H1N1,plate21-A/Wisconsin/67/2022_H1N1,5921,0.7361,0.7361
seqneut25to26_sera_5005,A/Wisconsin/67/2022_H1N1,plate21-A/Wisconsin/67/2022_H1N1,1.362e+04,0.8797,0.8797
seqneut25to26_sera_5005,A/Zacapa/FLU-261/2025_H1N1,plate21-A/Zacapa/FLU-261/2025_H1N1,40,0.0005406,0.0005406
seqneut25to26_sera_5005,A/Zacapa/FLU-261/2025_H1N1,plate21-A/Zacapa/FLU-261/2025_H1N1,92,0.001177,0.001177
seqneut25to26_sera_5005,A/Zacapa/FLU-261/2025_H1N1,plate21-A/Zacapa/FLU-261/2025_H1N1,212,0.002922,0.002922
seqneut25to26_sera_5005,A/Zacapa/FLU-261/2025_H1N1,plate21-A/Zacapa/FLU-261/2025_H1N1,487,0.008319,0.008319
seqneut25to26_sera_5005,A/Zacapa/FLU-261/2025_H1N1,plate21-A/Zacapa/FLU-261/2025_H1N1,1119,0.2043,0.2043
seqneut25to26_sera_5005,A/Zacapa/FLU-261/2025_H1N1,plate21-A/Zacapa/FLU-261/2025_H1N1,2575,0.6469,0.6469
seqneut25to26_sera_5005,A/Zacapa/FLU-261/2025_H1N1,plate21-A/Zacapa/FLU-261/2025_H1N1,5921,0.7624,0.7624
seqneut25to26_sera_5005,A/Zacapa/FLU-261/2025_H1N1,plate21-A/Zacapa/FLU-261/2025_H1N1,1.362e+04,0.9183,0.9183
seqneut25to26_sera_5006,A/Alagoas/4130/2025_H3N2,plate21-A/Alagoas/4130/2025_H3N2,40,0,0
seqneut25to26_sera_5006,A/Alagoas/4130/2025_H3N2,plate21-A/Alagoas/4130/2025_H3N2,92,0,0
seqneut25to26_sera_5006,A/Alagoas/4130/2025_H3N2,plate21-A/Alagoas/4130/2025_H3N2,212,0,0
seqneut25to26_sera_5006,A/Alagoas/4130/2025_H3N2,plate21-A/Alagoas/4130/2025_H3N2,487,0.004841,0.004841
seqneut25to26_sera_5006,A/Alagoas/4130/2025_H3N2,plate21-A/Alagoas/4130/2025_H3N2,1119,0.0847,0.0847
seqneut25to26_sera_5006,A/Alagoas/4130/2025_H3N2,plate21-A/Alagoas/4130/2025_H3N2,2575,0.2828,0.2828
seqneut25to26_sera_5006,A/Alagoas/4130/2025_H3N2,plate21-A/Alagoas/4130/2025_H3N2,5921,1.321,1
seqneut25to26_sera_5006,A/Alagoas/4130/2025_H3N2,plate21-A/Alagoas/4130/2025_H3N2,1.362e+04,0.8688,0.8688
seqneut25to26_sera_5006,A/Anapolis/LEIAL6543/2025_H3N2,plate21-A/Anapolis/LEIAL6543/2025_H3N2,40,0,0
seqneut25to26_sera_5006,A/Anapolis/LEIAL6543/2025_H3N2,plate21-A/Anapolis/LEIAL6543/2025_H3N2,92,0,0
seqneut25to26_sera_5006,A/Anapolis/LEIAL6543/2025_H3N2,plate21-A/Anapolis/LEIAL6543/2025_H3N2,212,0.001038,0.001038
seqneut25to26_sera_5006,A/Anapolis/LEIAL6543/2025_H3N2,plate21-A/Anapolis/LEIAL6543/2025_H3N2,487,0.02851,0.02851
seqneut25to26_sera_5006,A/Anapolis/LEIAL6543/2025_H3N2,plate21-A/Anapolis/LEIAL6543/2025_H3N2,1119,0.1501,0.1501
seqneut25to26_sera_5006,A/Anapolis/LEIAL6543/2025_H3N2,plate21-A/Anapolis/LEIAL6543/2025_H3N2,2575,0.3691,0.3691
seqneut25to26_sera_5006,A/Anapolis/LEIAL6543/2025_H3N2,plate21-A/Anapolis/LEIAL6543/2025_H3N2,5921,0.9313,0.9313
seqneut25to26_sera_5006,A/Anapolis/LEIAL6543/2025_H3N2,plate21-A/Anapolis/LEIAL6543/2025_H3N2,1.362e+04,0.9383,0.9383
seqneut25to26_sera_5006,A/Andalucia/PMC-00977/2025_H1N1,plate21-A/Andalucia/PMC-00977/2025_H1N1,40,0.007461,0.007461
seqneut25to26_sera_5006,A/Andalucia/PMC-00977/2025_H1N1,plate21-A/Andalucia/PMC-00977/2025_H1N1,92,0.1136,0.1136
seqneut25to26_sera_5006,A/Andalucia/PMC-00977/2025_H1N1,plate21-A/Andalucia/PMC-00977/2025_H1N1,212,0.3638,0.3638
seqneut25to26_sera_5006,A/Andalucia/PMC-00977/2025_H1N1,plate21-A/Andalucia/PMC-00977/2025_H1N1,487,0.7377,0.7377
seqneut25to26_sera_5006,A/Andalucia/PMC-00977/2025_H1N1,plate21-A/Andalucia/PMC-00977/2025_H1N1,1119,0.777,0.777
seqneut25to26_sera_5006,A/Andalucia/PMC-00977/2025_H1N1,plate21-A/Andalucia/PMC-00977/2025_H1N1,2575,0.8971,0.8971
seqneut25to26_sera_5006,A/Andalucia/PMC-00977/2025_H1N1,plate21-A/Andalucia/PMC-00977/2025_H1N1,5921,1.127,1
seqneut25to26_sera_5006,A/Andalucia/PMC-00977/2025_H1N1,plate21-A/Andalucia/PMC-00977/2025_H1N1,1.362e+04,1.46,1
seqneut25to26_sera_5006,A/Aragon/2046/2025_H1N1,plate21-A/Aragon/2046/2025_H1N1,40,0.01258,0.01258
seqneut25to26_sera_5006,A/Aragon/2046/2025_H1N1,plate21-A/Aragon/2046/2025_H1N1,92,0.0928,0.0928
seqneut25to26_sera_5006,A/Aragon/2046/2025_H1N1,plate21-A/Aragon/2046/2025_H1N1,212,0.2519,0.2519
seqneut25to26_sera_5006,A/Aragon/2046/2025_H1N1,plate21-A/Aragon/2046/2025_H1N1,487,0.5228,0.5228
seqneut25to26_sera_5006,A/Aragon/2046/2025_H1N1,plate21-A/Aragon/2046/2025_H1N1,1119,0.7187,0.7187
seqneut25to26_sera_5006,A/Aragon/2046/2025_H1N1,plate21-A/Aragon/2046/2025_H1N1,2575,0.7985,0.7985
seqneut25to26_sera_5006,A/Aragon/2046/2025_H1N1,plate21-A/Aragon/2046/2025_H1N1,5921,1.237,1
seqneut25to26_sera_5006,A/Aragon/2046/2025_H1N1,plate21-A/Aragon/2046/2025_H1N1,1.362e+04,1.176,1
seqneut25to26_sera_5006,A/Arica/59150/2025_H3N2,plate21-A/Arica/59150/2025_H3N2,40,0,0
seqneut25to26_sera_5006,A/Arica/59150/2025_H3N2,plate21-A/Arica/59150/2025_H3N2,92,0.0001658,0.0001658
seqneut25to26_sera_5006,A/Arica/59150/2025_H3N2,plate21-A/Arica/59150/2025_H3N2,212,0.01555,0.01555
seqneut25to26_sera_5006,A/Arica/59150/2025_H3N2,plate21-A/Arica/59150/2025_H3N2,487,0.02887,0.02887
seqneut25to26_sera_5006,A/Arica/59150/2025_H3N2,plate21-A/Arica/59150/2025_H3N2,1119,0.2071,0.2071
seqneut25to26_sera_5006,A/Arica/59150/2025_H3N2,plate21-A/Arica/59150/2025_H3N2,2575,0.5013,0.5013
seqneut25to26_sera_5006,A/Arica/59150/2025_H3N2,plate21-A/Arica/59150/2025_H3N2,5921,0.7875,0.7875
seqneut25to26_sera_5006,A/Arica/59150/2025_H3N2,plate21-A/Arica/59150/2025_H3N2,1.362e+04,0.8778,0.8778
seqneut25to26_sera_5006,A/Bahia/3102/2025_H3N2,plate21-A/Bahia/3102/2025_H3N2,40,0.0002832,0.0002832
seqneut25to26_sera_5006,A/Bahia/3102/2025_H3N2,plate21-A/Bahia/3102/2025_H3N2,92,0,0
seqneut25to26_sera_5006,A/Bahia/3102/2025_H3N2,plate21-A/Bahia/3102/2025_H3N2,212,0.000886,0.000886
seqneut25to26_sera_5006,A/Bahia/3102/2025_H3N2,plate21-A/Bahia/3102/2025_H3N2,487,0.02961,0.02961
seqneut25to26_sera_5006,A/Bahia/3102/2025_H3N2,plate21-A/Bahia/3102/2025_H3N2,1119,0.1571,0.1571
seqneut25to26_sera_5006,A/Bahia/3102/2025_H3N2,plate21-A/Bahia/3102/2025_H3N2,2575,0.3133,0.3133
seqneut25to26_sera_5006,A/Bahia/3102/2025_H3N2,plate21-A/Bahia/3102/2025_H3N2,5921,0.7172,0.7172
seqneut25to26_sera_5006,A/Bahia/3102/2025_H3N2,plate21-A/Bahia/3102/2025_H3N2,1.362e+04,0.9514,0.9514
seqneut25to26_sera_5006,A/Bangkok/1803/2025_H1N1,plate21-A/Bangkok/1803/2025_H1N1,40,0.1687,0.1687
seqneut25to26_sera_5006,A/Bangkok/1803/2025_H1N1,plate21-A/Bangkok/1803/2025_H1N1,92,0.06324,0.06324
seqneut25to26_sera_5006,A/Bangkok/1803/2025_H1N1,plate21-A/Bangkok/1803/2025_H1N1,212,0.3482,0.3482
seqneut25to26_sera_5006,A/Bangkok/1803/2025_H1N1,plate21-A/Bangkok/1803/2025_H1N1,487,0.5048,0.5048
seqneut25to26_sera_5006,A/Bangkok/1803/2025_H1N1,plate21-A/Bangkok/1803/2025_H1N1,1119,0.9239,0.9239
seqneut25to26_sera_5006,A/Bangkok/1803/2025_H1N1,plate21-A/Bangkok/1803/2025_H1N1,2575,1.045,1
seqneut25to26_sera_5006,A/Bangkok/1803/2025_H1N1,plate21-A/Bangkok/1803/2025_H1N1,5921,1.003,1
seqneut25to26_sera_5006,A/Bangkok/1803/2025_H1N1,plate21-A/Bangkok/1803/2025_H1N1,1.362e+04,1.032,1
seqneut25to26_sera_5006,A/Bangkok/P2229/2025_H1N1,plate21-A/Bangkok/P2229/2025_H1N1,40,0.02292,0.02292
seqneut25to26_sera_5006,A/Bangkok/P2229/2025_H1N1,plate21-A/Bangkok/P2229/2025_H1N1,92,0.06669,0.06669
seqneut25to26_sera_5006,A/Bangkok/P2229/2025_H1N1,plate21-A/Bangkok/P2229/2025_H1N1,212,0.3985,0.3985
seqneut25to26_sera_5006,A/Bangkok/P2229/2025_H1N1,plate21-A/Bangkok/P2229/2025_H1N1,487,0.5753,0.5753
seqneut25to26_sera_5006,A/Bangkok/P2229/2025_H1N1,plate21-A/Bangkok/P2229/2025_H1N1,1119,0.618,0.618
seqneut25to26_sera_5006,A/Bangkok/P2229/2025_H1N1,plate21-A/Bangkok/P2229/2025_H1N1,2575,0.8328,0.8328
seqneut25to26_sera_5006,A/Bangkok/P2229/2025_H1N1,plate21-A/Bangkok/P2229/2025_H1N1,5921,1.003,1
seqneut25to26_sera_5006,A/Bangkok/P2229/2025_H1N1,plate21-A/Bangkok/P2229/2025_H1N1,1.362e+04,0.8975,0.8975
seqneut25to26_sera_5006,A/Bangkok/P2323/2025_H3N2,plate21-A/Bangkok/P2323/2025_H3N2,40,6.353e-06,6.353e-06
seqneut25to26_sera_5006,A/Bangkok/P2323/2025_H3N2,plate21-A/Bangkok/P2323/2025_H3N2,92,0.0003004,0.0003004
seqneut25to26_sera_5006,A/Bangkok/P2323/2025_H3N2,plate21-A/Bangkok/P2323/2025_H3N2,212,0.0002996,0.0002996
seqneut25to26_sera_5006,A/Bangkok/P2323/2025_H3N2,plate21-A/Bangkok/P2323/2025_H3N2,487,0.006613,0.006613
seqneut25to26_sera_5006,A/Bangkok/P2323/2025_H3N2,plate21-A/Bangkok/P2323/2025_H3N2,1119,0.0805,0.0805
seqneut25to26_sera_5006,A/Bangkok/P2323/2025_H3N2,plate21-A/Bangkok/P2323/2025_H3N2,2575,0.3964,0.3964
seqneut25to26_sera_5006,A/Bangkok/P2323/2025_H3N2,plate21-A/Bangkok/P2323/2025_H3N2,5921,0.7389,0.7389
seqneut25to26_sera_5006,A/Bangkok/P2323/2025_H3N2,plate21-A/Bangkok/P2323/2025_H3N2,1.362e+04,0.7827,0.7827
seqneut25to26_sera_5006,A/Bangkok/P2390/2025_H3N2,plate21-A/Bangkok/P2390/2025_H3N2,40,0,0
seqneut25to26_sera_5006,A/Bangkok/P2390/2025_H3N2,plate21-A/Bangkok/P2390/2025_H3N2,92,9.024e-06,9.024e-06
seqneut25to26_sera_5006,A/Bangkok/P2390/2025_H3N2,plate21-A/Bangkok/P2390/2025_H3N2,212,0,0
seqneut25to26_sera_5006,A/Bangkok/P2390/2025_H3N2,plate21-A/Bangkok/P2390/2025_H3N2,487,0.02202,0.02202
seqneut25to26_sera_5006,A/Bangkok/P2390/2025_H3N2,plate21-A/Bangkok/P2390/2025_H3N2,1119,0.0543,0.0543
seqneut25to26_sera_5006,A/Bangkok/P2390/2025_H3N2,plate21-A/Bangkok/P2390/2025_H3N2,2575,0.2049,0.2049
seqneut25to26_sera_5006,A/Bangkok/P2390/2025_H3N2,plate21-A/Bangkok/P2390/2025_H3N2,5921,0.8338,0.8338
seqneut25to26_sera_5006,A/Bangkok/P2390/2025_H3N2,plate21-A/Bangkok/P2390/2025_H3N2,1.362e+04,0.9865,0.9865
seqneut25to26_sera_5006,A/Bangkok/P2391/2025_H3N2,plate21-A/Bangkok/P2391/2025_H3N2,40,0,0
seqneut25to26_sera_5006,A/Bangkok/P2391/2025_H3N2,plate21-A/Bangkok/P2391/2025_H3N2,92,0,0
seqneut25to26_sera_5006,A/Bangkok/P2391/2025_H3N2,plate21-A/Bangkok/P2391/2025_H3N2,212,0.0011,0.0011
seqneut25to26_sera_5006,A/Bangkok/P2391/2025_H3N2,plate21-A/Bangkok/P2391/2025_H3N2,487,0.009622,0.009622
seqneut25to26_sera_5006,A/Bangkok/P2391/2025_H3N2,plate21-A/Bangkok/P2391/2025_H3N2,1119,0.1507,0.1507
seqneut25to26_sera_5006,A/Bangkok/P2391/2025_H3N2,plate21-A/Bangkok/P2391/2025_H3N2,2575,0.5919,0.5919
seqneut25to26_sera_5006,A/Bangkok/P2391/2025_H3N2,plate21-A/Bangkok/P2391/2025_H3N2,5921,0.5637,0.5637
seqneut25to26_sera_5006,A/Bangkok/P2391/2025_H3N2,plate21-A/Bangkok/P2391/2025_H3N2,1.362e+04,0.78,0.78
seqneut25to26_sera_5006,A/Bangkok/P2572/2025_H3N2,plate21-A/Bangkok/P2572/2025_H3N2,40,0,0
seqneut25to26_sera_5006,A/Bangkok/P2572/2025_H3N2,plate21-A/Bangkok/P2572/2025_H3N2,92,0,0
seqneut25to26_sera_5006,A/Bangkok/P2572/2025_H3N2,plate21-A/Bangkok/P2572/2025_H3N2,212,0,0
seqneut25to26_sera_5006,A/Bangkok/P2572/2025_H3N2,plate21-A/Bangkok/P2572/2025_H3N2,487,0.004151,0.004151
seqneut25to26_sera_5006,A/Bangkok/P2572/2025_H3N2,plate21-A/Bangkok/P2572/2025_H3N2,1119,0.06698,0.06698
seqneut25to26_sera_5006,A/Bangkok/P2572/2025_H3N2,plate21-A/Bangkok/P2572/2025_H3N2,2575,0.3048,0.3048
seqneut25to26_sera_5006,A/Bangkok/P2572/2025_H3N2,plate21-A/Bangkok/P2572/2025_H3N2,5921,0.7563,0.7563
seqneut25to26_sera_5006,A/Bangkok/P2572/2025_H3N2,plate21-A/Bangkok/P2572/2025_H3N2,1.362e+04,0.6782,0.6782
seqneut25to26_sera_5006,A/Bangkok/P2921/2025_H3N2,plate21-A/Bangkok/P2921/2025_H3N2,40,0,0
seqneut25to26_sera_5006,A/Bangkok/P2921/2025_H3N2,plate21-A/Bangkok/P2921/2025_H3N2,92,2.357e-05,2.357e-05
seqneut25to26_sera_5006,A/Bangkok/P2921/2025_H3N2,plate21-A/Bangkok/P2921/2025_H3N2,212,0.007384,0.007384
seqneut25to26_sera_5006,A/Bangkok/P2921/2025_H3N2,plate21-A/Bangkok/P2921/2025_H3N2,487,0.02031,0.02031
seqneut25to26_sera_5006,A/Bangkok/P2921/2025_H3N2,plate21-A/Bangkok/P2921/2025_H3N2,1119,0.1988,0.1988
seqneut25to26_sera_5006,A/Bangkok/P2921/2025_H3N2,plate21-A/Bangkok/P2921/2025_H3N2,2575,0.4388,0.4388
seqneut25to26_sera_5006,A/Bangkok/P2921/2025_H3N2,plate21-A/Bangkok/P2921/2025_H3N2,5921,0.803,0.803
seqneut25to26_sera_5006,A/Bangkok/P2921/2025_H3N2,plate21-A/Bangkok/P2921/2025_H3N2,1.362e+04,0.7447,0.7447
seqneut25to26_sera_5006,A/Bangkok/P3067/2025_H1N1,plate21-A/Bangkok/P3067/2025_H1N1,40,0.0113,0.0113
seqneut25to26_sera_5006,A/Bangkok/P3067/2025_H1N1,plate21-A/Bangkok/P3067/2025_H1N1,92,0.05922,0.05922
seqneut25to26_sera_5006,A/Bangkok/P3067/2025_H1N1,plate21-A/Bangkok/P3067/2025_H1N1,212,0.2967,0.2967
seqneut25to26_sera_5006,A/Bangkok/P3067/2025_H1N1,plate21-A/Bangkok/P3067/2025_H1N1,487,0.5059,0.5059
seqneut25to26_sera_5006,A/Bangkok/P3067/2025_H1N1,plate21-A/Bangkok/P3067/2025_H1N1,1119,0.7483,0.7483
seqneut25to26_sera_5006,A/Bangkok/P3067/2025_H1N1,plate21-A/Bangkok/P3067/2025_H1N1,2575,0.7693,0.7693
seqneut25to26_sera_5006,A/Bangkok/P3067/2025_H1N1,plate21-A/Bangkok/P3067/2025_H1N1,5921,1.095,1
seqneut25to26_sera_5006,A/Bangkok/P3067/2025_H1N1,plate21-A/Bangkok/P3067/2025_H1N1,1.362e+04,0.8575,0.8575
seqneut25to26_sera_5006,A/Bangkok/P3263/2025_H3N2,plate21-A/Bangkok/P3263/2025_H3N2,40,0.0003597,0.0003597
seqneut25to26_sera_5006,A/Bangkok/P3263/2025_H3N2,plate21-A/Bangkok/P3263/2025_H3N2,92,0,0
seqneut25to26_sera_5006,A/Bangkok/P3263/2025_H3N2,plate21-A/Bangkok/P3263/2025_H3N2,212,0,0
seqneut25to26_sera_5006,A/Bangkok/P3263/2025_H3N2,plate21-A/Bangkok/P3263/2025_H3N2,487,0.0141,0.0141
seqneut25to26_sera_5006,A/Bangkok/P3263/2025_H3N2,plate21-A/Bangkok/P3263/2025_H3N2,1119,0.09551,0.09551
seqneut25to26_sera_5006,A/Bangkok/P3263/2025_H3N2,plate21-A/Bangkok/P3263/2025_H3N2,2575,0.281,0.281
seqneut25to26_sera_5006,A/Bangkok/P3263/2025_H3N2,plate21-A/Bangkok/P3263/2025_H3N2,5921,0.7515,0.7515
seqneut25to26_sera_5006,A/Bangkok/P3263/2025_H3N2,plate21-A/Bangkok/P3263/2025_H3N2,1.362e+04,0.7687,0.7687
seqneut25to26_sera_5006,A/Belgium/H0097/2025_H3N2,plate21-A/Belgium/H0097/2025_H3N2,40,0,0
seqneut25to26_sera_5006,A/Belgium/H0097/2025_H3N2,plate21-A/Belgium/H0097/2025_H3N2,92,0,0
seqneut25to26_sera_5006,A/Belgium/H0097/2025_H3N2,plate21-A/Belgium/H0097/2025_H3N2,212,0,0
seqneut25to26_sera_5006,A/Belgium/H0097/2025_H3N2,plate21-A/Belgium/H0097/2025_H3N2,487,0.02774,0.02774
seqneut25to26_sera_5006,A/Belgium/H0097/2025_H3N2,plate21-A/Belgium/H0097/2025_H3N2,1119,0.05282,0.05282
seqneut25to26_sera_5006,A/Belgium/H0097/2025_H3N2,plate21-A/Belgium/H0097/2025_H3N2,2575,0.1845,0.1845
seqneut25to26_sera_5006,A/Belgium/H0097/2025_H3N2,plate21-A/Belgium/H0097/2025_H3N2,5921,0.9489,0.9489
seqneut25to26_sera_5006,A/Belgium/H0097/2025_H3N2,plate21-A/Belgium/H0097/2025_H3N2,1.362e+04,1.054,1
seqneut25to26_sera_5006,A/Bhutan/1267/2025_H3N2,plate21-A/Bhutan/1267/2025_H3N2,40,0,0
seqneut25to26_sera_5006,A/Bhutan/1267/2025_H3N2,plate21-A/Bhutan/1267/2025_H3N2,92,0,0
seqneut25to26_sera_5006,A/Bhutan/1267/2025_H3N2,plate21-A/Bhutan/1267/2025_H3N2,212,0,0
seqneut25to26_sera_5006,A/Bhutan/1267/2025_H3N2,plate21-A/Bhutan/1267/2025_H3N2,487,0.003933,0.003933
seqneut25to26_sera_5006,A/Bhutan/1267/2025_H3N2,plate21-A/Bhutan/1267/2025_H3N2,1119,0.04779,0.04779
seqneut25to26_sera_5006,A/Bhutan/1267/2025_H3N2,plate21-A/Bhutan/1267/2025_H3N2,2575,0.4527,0.4527
seqneut25to26_sera_5006,A/Bhutan/1267/2025_H3N2,plate21-A/Bhutan/1267/2025_H3N2,5921,0.7545,0.7545
seqneut25to26_sera_5006,A/Bhutan/1267/2025_H3N2,plate21-A/Bhutan/1267/2025_H3N2,1.362e+04,0.951,0.951
seqneut25to26_sera_5006,A/Bhutan/7/2025_H3N2,plate21-A/Bhutan/7/2025_H3N2,40,0,0
seqneut25to26_sera_5006,A/Bhutan/7/2025_H3N2,plate21-A/Bhutan/7/2025_H3N2,92,0,0
seqneut25to26_sera_5006,A/Bhutan/7/2025_H3N2,plate21-A/Bhutan/7/2025_H3N2,212,0.001028,0.001028
seqneut25to26_sera_5006,A/Bhutan/7/2025_H3N2,plate21-A/Bhutan/7/2025_H3N2,487,0.004501,0.004501
seqneut25to26_sera_5006,A/Bhutan/7/2025_H3N2,plate21-A/Bhutan/7/2025_H3N2,1119,0.03482,0.03482
seqneut25to26_sera_5006,A/Bhutan/7/2025_H3N2,plate21-A/Bhutan/7/2025_H3N2,2575,0.1144,0.1144
seqneut25to26_sera_5006,A/Bhutan/7/2025_H3N2,plate21-A/Bhutan/7/2025_H3N2,5921,0.7313,0.7313
seqneut25to26_sera_5006,A/Bhutan/7/2025_H3N2,plate21-A/Bhutan/7/2025_H3N2,1.362e+04,0.7721,0.7721
seqneut25to26_sera_5006,A/BritishColumbia/PHL-2473/2025_H1N1,plate21-A/BritishColumbia/PHL-2473/2025_H1N1,40,0.01151,0.01151
seqneut25to26_sera_5006,A/BritishColumbia/PHL-2473/2025_H1N1,plate21-A/BritishColumbia/PHL-2473/2025_H1N1,92,0.1491,0.1491
seqneut25to26_sera_5006,A/BritishColumbia/PHL-2473/2025_H1N1,plate21-A/BritishColumbia/PHL-2473/2025_H1N1,212,0.2631,0.2631
seqneut25to26_sera_5006,A/BritishColumbia/PHL-2473/2025_H1N1,plate21-A/BritishColumbia/PHL-2473/2025_H1N1,487,0.6381,0.6381
seqneut25to26_sera_5006,A/BritishColumbia/PHL-2473/2025_H1N1,plate21-A/BritishColumbia/PHL-2473/2025_H1N1,1119,0.695,0.695
seqneut25to26_sera_5006,A/BritishColumbia/PHL-2473/2025_H1N1,plate21-A/BritishColumbia/PHL-2473/2025_H1N1,2575,0.7188,0.7188
seqneut25to26_sera_5006,A/BritishColumbia/PHL-2473/2025_H1N1,plate21-A/BritishColumbia/PHL-2473/2025_H1N1,5921,1.09,1
seqneut25to26_sera_5006,A/BritishColumbia/PHL-2473/2025_H1N1,plate21-A/BritishColumbia/PHL-2473/2025_H1N1,1.362e+04,0.8458,0.8458
seqneut25to26_sera_5006,A/California/61/2025_H3N2,plate21-A/California/61/2025_H3N2,40,0,0
seqneut25to26_sera_5006,A/California/61/2025_H3N2,plate21-A/California/61/2025_H3N2,92,0.0001948,0.0001948
seqneut25to26_sera_5006,A/California/61/2025_H3N2,plate21-A/California/61/2025_H3N2,212,0,0
seqneut25to26_sera_5006,A/California/61/2025_H3N2,plate21-A/California/61/2025_H3N2,487,0.006607,0.006607
seqneut25to26_sera_5006,A/California/61/2025_H3N2,plate21-A/California/61/2025_H3N2,1119,0.2213,0.2213
seqneut25to26_sera_5006,A/California/61/2025_H3N2,plate21-A/California/61/2025_H3N2,2575,0.3254,0.3254
seqneut25to26_sera_5006,A/California/61/2025_H3N2,plate21-A/California/61/2025_H3N2,5921,0.7403,0.7403
seqneut25to26_sera_5006,A/California/61/2025_H3N2,plate21-A/California/61/2025_H3N2,1.362e+04,0.8853,0.8853
seqneut25to26_sera_5006,A/California/63/2025_H1N1,plate21-A/California/63/2025_H1N1,40,0.07601,0.07601
seqneut25to26_sera_5006,A/California/63/2025_H1N1,plate21-A/California/63/2025_H1N1,92,0.2102,0.2102
seqneut25to26_sera_5006,A/California/63/2025_H1N1,plate21-A/California/63/2025_H1N1,212,0.5231,0.5231
seqneut25to26_sera_5006,A/California/63/2025_H1N1,plate21-A/California/63/2025_H1N1,487,0.4867,0.4867
seqneut25to26_sera_5006,A/California/63/2025_H1N1,plate21-A/California/63/2025_H1N1,1119,0.7967,0.7967
seqneut25to26_sera_5006,A/California/63/2025_H1N1,plate21-A/California/63/2025_H1N1,2575,1.196,1
seqneut25to26_sera_5006,A/California/63/2025_H1N1,plate21-A/California/63/2025_H1N1,5921,0.7634,0.7634
seqneut25to26_sera_5006,A/California/63/2025_H1N1,plate21-A/California/63/2025_H1N1,1.362e+04,0.9792,0.9792
seqneut25to26_sera_5006,A/Canberra/465/2025_H1N1,plate21-A/Canberra/465/2025_H1N1,40,0.007512,0.007512
seqneut25to26_sera_5006,A/Canberra/465/2025_H1N1,plate21-A/Canberra/465/2025_H1N1,92,0.0727,0.0727
seqneut25to26_sera_5006,A/Canberra/465/2025_H1N1,plate21-A/Canberra/465/2025_H1N1,212,0.2772,0.2772
seqneut25to26_sera_5006,A/Canberra/465/2025_H1N1,plate21-A/Canberra/465/2025_H1N1,487,0.4854,0.4854
seqneut25to26_sera_5006,A/Canberra/465/2025_H1N1,plate21-A/Canberra/465/2025_H1N1,1119,0.7909,0.7909
seqneut25to26_sera_5006,A/Canberra/465/2025_H1N1,plate21-A/Canberra/465/2025_H1N1,2575,0.8294,0.8294
seqneut25to26_sera_5006,A/Canberra/465/2025_H1N1,plate21-A/Canberra/465/2025_H1N1,5921,1.036,1
seqneut25to26_sera_5006,A/Canberra/465/2025_H1N1,plate21-A/Canberra/465/2025_H1N1,1.362e+04,1.12,1
seqneut25to26_sera_5006,A/Canberra/530/2025_H1N1,plate21-A/Canberra/530/2025_H1N1,40,0.02363,0.02363
seqneut25to26_sera_5006,A/Canberra/530/2025_H1N1,plate21-A/Canberra/530/2025_H1N1,92,0.1573,0.1573
seqneut25to26_sera_5006,A/Canberra/530/2025_H1N1,plate21-A/Canberra/530/2025_H1N1,212,0.3062,0.3062
seqneut25to26_sera_5006,A/Canberra/530/2025_H1N1,plate21-A/Canberra/530/2025_H1N1,487,0.4857,0.4857
seqneut25to26_sera_5006,A/Canberra/530/2025_H1N1,plate21-A/Canberra/530/2025_H1N1,1119,0.685,0.685
seqneut25to26_sera_5006,A/Canberra/530/2025_H1N1,plate21-A/Canberra/530/2025_H1N1,2575,0.8909,0.8909
seqneut25to26_sera_5006,A/Canberra/530/2025_H1N1,plate21-A/Canberra/530/2025_H1N1,5921,1.012,1
seqneut25to26_sera_5006,A/Canberra/530/2025_H1N1,plate21-A/Canberra/530/2025_H1N1,1.362e+04,1.109,1
seqneut25to26_sera_5006,A/Catalonia/NSVH102689455/2025_H1N1,plate21-A/Catalonia/NSVH102689455/2025_H1N1,40,0.008514,0.008514
seqneut25to26_sera_5006,A/Catalonia/NSVH102689455/2025_H1N1,plate21-A/Catalonia/NSVH102689455/2025_H1N1,92,0.05033,0.05033
seqneut25to26_sera_5006,A/Catalonia/NSVH102689455/2025_H1N1,plate21-A/Catalonia/NSVH102689455/2025_H1N1,212,0.3455,0.3455
seqneut25to26_sera_5006,A/Catalonia/NSVH102689455/2025_H1N1,plate21-A/Catalonia/NSVH102689455/2025_H1N1,487,0.6682,0.6682
seqneut25to26_sera_5006,A/Catalonia/NSVH102689455/2025_H1N1,plate21-A/Catalonia/NSVH102689455/2025_H1N1,1119,0.8974,0.8974
seqneut25to26_sera_5006,A/Catalonia/NSVH102689455/2025_H1N1,plate21-A/Catalonia/NSVH102689455/2025_H1N1,2575,0.8441,0.8441
seqneut25to26_sera_5006,A/Catalonia/NSVH102689455/2025_H1N1,plate21-A/Catalonia/NSVH102689455/2025_H1N1,5921,0.8793,0.8793
seqneut25to26_sera_5006,A/Catalonia/NSVH102689455/2025_H1N1,plate21-A/Catalonia/NSVH102689455/2025_H1N1,1.362e+04,1.123,1
seqneut25to26_sera_5006,A/Colorado/105/2025_H1N1,plate21-A/Colorado/105/2025_H1N1,40,0.007439,0.007439
seqneut25to26_sera_5006,A/Colorado/105/2025_H1N1,plate21-A/Colorado/105/2025_H1N1,92,0.1266,0.1266
seqneut25to26_sera_5006,A/Colorado/105/2025_H1N1,plate21-A/Colorado/105/2025_H1N1,212,0.348,0.348
seqneut25to26_sera_5006,A/Colorado/105/2025_H1N1,plate21-A/Colorado/105/2025_H1N1,487,0.7081,0.7081
seqneut25to26_sera_5006,A/Colorado/105/2025_H1N1,plate21-A/Colorado/105/2025_H1N1,1119,0.9133,0.9133
seqneut25to26_sera_5006,A/Colorado/105/2025_H1N1,plate21-A/Colorado/105/2025_H1N1,2575,0.7487,0.7487
seqneut25to26_sera_5006,A/Colorado/105/2025_H1N1,plate21-A/Colorado/105/2025_H1N1,5921,1.376,1
seqneut25to26_sera_5006,A/Colorado/105/2025_H1N1,plate21-A/Colorado/105/2025_H1N1,1.362e+04,1.222,1
seqneut25to26_sera_5006,A/CoteDIvoire/2007/2025_H1N1,plate21-A/CoteDIvoire/2007/2025_H1N1,40,0.0148,0.0148
seqneut25to26_sera_5006,A/CoteDIvoire/2007/2025_H1N1,plate21-A/CoteDIvoire/2007/2025_H1N1,92,0.09657,0.09657
seqneut25to26_sera_5006,A/CoteDIvoire/2007/2025_H1N1,plate21-A/CoteDIvoire/2007/2025_H1N1,212,0.4304,0.4304
seqneut25to26_sera_5006,A/CoteDIvoire/2007/2025_H1N1,plate21-A/CoteDIvoire/2007/2025_H1N1,487,0.5125,0.5125
seqneut25to26_sera_5006,A/CoteDIvoire/2007/2025_H1N1,plate21-A/CoteDIvoire/2007/2025_H1N1,1119,0.7853,0.7853
seqneut25to26_sera_5006,A/CoteDIvoire/2007/2025_H1N1,plate21-A/CoteDIvoire/2007/2025_H1N1,2575,0.8262,0.8262
seqneut25to26_sera_5006,A/CoteDIvoire/2007/2025_H1N1,plate21-A/CoteDIvoire/2007/2025_H1N1,5921,1.034,1
seqneut25to26_sera_5006,A/CoteDIvoire/2007/2025_H1N1,plate21-A/CoteDIvoire/2007/2025_H1N1,1.362e+04,1.171,1
seqneut25to26_sera_5006,A/Croatia/10136RV/2023-egg_H3N2,plate21-A/Croatia/10136RV/2023-egg_H3N2,40,0.001437,0.001437
seqneut25to26_sera_5006,A/Croatia/10136RV/2023-egg_H3N2,plate21-A/Croatia/10136RV/2023-egg_H3N2,92,0.005869,0.005869
seqneut25to26_sera_5006,A/Croatia/10136RV/2023-egg_H3N2,plate21-A/Croatia/10136RV/2023-egg_H3N2,212,0.003831,0.003831
seqneut25to26_sera_5006,A/Croatia/10136RV/2023-egg_H3N2,plate21-A/Croatia/10136RV/2023-egg_H3N2,487,0.006449,0.006449
seqneut25to26_sera_5006,A/Croatia/10136RV/2023-egg_H3N2,plate21-A/Croatia/10136RV/2023-egg_H3N2,1119,0.03291,0.03291
seqneut25to26_sera_5006,A/Croatia/10136RV/2023-egg_H3N2,plate21-A/Croatia/10136RV/2023-egg_H3N2,2575,0.2119,0.2119
seqneut25to26_sera_5006,A/Croatia/10136RV/2023-egg_H3N2,plate21-A/Croatia/10136RV/2023-egg_H3N2,5921,0.3154,0.3154
seqneut25to26_sera_5006,A/Croatia/10136RV/2023-egg_H3N2,plate21-A/Croatia/10136RV/2023-egg_H3N2,1.362e+04,0.9022,0.9022
seqneut25to26_sera_5006,A/Darwin/1405/2025_H1N1,plate21-A/Darwin/1405/2025_H1N1,40,0.01608,0.01608
seqneut25to26_sera_5006,A/Darwin/1405/2025_H1N1,plate21-A/Darwin/1405/2025_H1N1,92,0.06439,0.06439
seqneut25to26_sera_5006,A/Darwin/1405/2025_H1N1,plate21-A/Darwin/1405/2025_H1N1,212,0.3225,0.3225
seqneut25to26_sera_5006,A/Darwin/1405/2025_H1N1,plate21-A/Darwin/1405/2025_H1N1,487,0.4917,0.4917
seqneut25to26_sera_5006,A/Darwin/1405/2025_H1N1,plate21-A/Darwin/1405/2025_H1N1,1119,0.7523,0.7523
seqneut25to26_sera_5006,A/Darwin/1405/2025_H1N1,plate21-A/Darwin/1405/2025_H1N1,2575,0.7419,0.7419
seqneut25to26_sera_5006,A/Darwin/1405/2025_H1N1,plate21-A/Darwin/1405/2025_H1N1,5921,0.9823,0.9823
seqneut25to26_sera_5006,A/Darwin/1405/2025_H1N1,plate21-A/Darwin/1405/2025_H1N1,1.362e+04,1.028,1
seqneut25to26_sera_5006,A/Darwin/1461/2025_H3N2,plate21-A/Darwin/1461/2025_H3N2,40,0,0
seqneut25to26_sera_5006,A/Darwin/1461/2025_H3N2,plate21-A/Darwin/1461/2025_H3N2,92,0,0
seqneut25to26_sera_5006,A/Darwin/1461/2025_H3N2,plate21-A/Darwin/1461/2025_H3N2,212,0.002573,0.002573
seqneut25to26_sera_5006,A/Darwin/1461/2025_H3N2,plate21-A/Darwin/1461/2025_H3N2,487,0.0214,0.0214
seqneut25to26_sera_5006,A/Darwin/1461/2025_H3N2,plate21-A/Darwin/1461/2025_H3N2,1119,0.1786,0.1786
seqneut25to26_sera_5006,A/Darwin/1461/2025_H3N2,plate21-A/Darwin/1461/2025_H3N2,2575,0.4452,0.4452
seqneut25to26_sera_5006,A/Darwin/1461/2025_H3N2,plate21-A/Darwin/1461/2025_H3N2,5921,0.8377,0.8377
seqneut25to26_sera_5006,A/Darwin/1461/2025_H3N2,plate21-A/Darwin/1461/2025_H3N2,1.362e+04,0.9742,0.9742
seqneut25to26_sera_5006,A/Denmark/3070/2025_H1N1,plate21-A/Denmark/3070/2025_H1N1,40,0.00825,0.00825
seqneut25to26_sera_5006,A/Denmark/3070/2025_H1N1,plate21-A/Denmark/3070/2025_H1N1,92,0.06324,0.06324
seqneut25to26_sera_5006,A/Denmark/3070/2025_H1N1,plate21-A/Denmark/3070/2025_H1N1,212,0.1935,0.1935
seqneut25to26_sera_5006,A/Denmark/3070/2025_H1N1,plate21-A/Denmark/3070/2025_H1N1,487,0.5791,0.5791
seqneut25to26_sera_5006,A/Denmark/3070/2025_H1N1,plate21-A/Denmark/3070/2025_H1N1,1119,0.7344,0.7344
seqneut25to26_sera_5006,A/Denmark/3070/2025_H1N1,plate21-A/Denmark/3070/2025_H1N1,2575,0.9412,0.9412
seqneut25to26_sera_5006,A/Denmark/3070/2025_H1N1,plate21-A/Denmark/3070/2025_H1N1,5921,0.9319,0.9319
seqneut25to26_sera_5006,A/Denmark/3070/2025_H1N1,plate21-A/Denmark/3070/2025_H1N1,1.362e+04,0.9433,0.9433
seqneut25to26_sera_5006,A/DistrictOfColumbia/27/2023_H3N2,plate21-A/DistrictOfColumbia/27/2023_H3N2,40,0,0
seqneut25to26_sera_5006,A/DistrictOfColumbia/27/2023_H3N2,plate21-A/DistrictOfColumbia/27/2023_H3N2,92,0,0
seqneut25to26_sera_5006,A/DistrictOfColumbia/27/2023_H3N2,plate21-A/DistrictOfColumbia/27/2023_H3N2,212,0,0
seqneut25to26_sera_5006,A/DistrictOfColumbia/27/2023_H3N2,plate21-A/DistrictOfColumbia/27/2023_H3N2,487,0.01521,0.01521
seqneut25to26_sera_5006,A/DistrictOfColumbia/27/2023_H3N2,plate21-A/DistrictOfColumbia/27/2023_H3N2,1119,0.2001,0.2001
seqneut25to26_sera_5006,A/DistrictOfColumbia/27/2023_H3N2,plate21-A/DistrictOfColumbia/27/2023_H3N2,2575,0.4854,0.4854
seqneut25to26_sera_5006,A/DistrictOfColumbia/27/2023_H3N2,plate21-A/DistrictOfColumbia/27/2023_H3N2,5921,0.6729,0.6729
seqneut25to26_sera_5006,A/DistrictOfColumbia/27/2023_H3N2,plate21-A/DistrictOfColumbia/27/2023_H3N2,1.362e+04,1.218,1
seqneut25to26_sera_5006,A/DistrictOfColumbia/57/2025_H3N2,plate21-A/DistrictOfColumbia/57/2025_H3N2,40,9.026e-06,9.026e-06
seqneut25to26_sera_5006,A/DistrictOfColumbia/57/2025_H3N2,plate21-A/DistrictOfColumbia/57/2025_H3N2,92,0,0
seqneut25to26_sera_5006,A/DistrictOfColumbia/57/2025_H3N2,plate21-A/DistrictOfColumbia/57/2025_H3N2,212,0,0
seqneut25to26_sera_5006,A/DistrictOfColumbia/57/2025_H3N2,plate21-A/DistrictOfColumbia/57/2025_H3N2,487,0.01343,0.01343
seqneut25to26_sera_5006,A/DistrictOfColumbia/57/2025_H3N2,plate21-A/DistrictOfColumbia/57/2025_H3N2,1119,0.06405,0.06405
seqneut25to26_sera_5006,A/DistrictOfColumbia/57/2025_H3N2,plate21-A/DistrictOfColumbia/57/2025_H3N2,2575,0.3726,0.3726
seqneut25to26_sera_5006,A/DistrictOfColumbia/57/2025_H3N2,plate21-A/DistrictOfColumbia/57/2025_H3N2,5921,0.6689,0.6689
seqneut25to26_sera_5006,A/DistrictOfColumbia/57/2025_H3N2,plate21-A/DistrictOfColumbia/57/2025_H3N2,1.362e+04,0.6125,0.6125
seqneut25to26_sera_5006,A/DistritoFederal/250106000728/2025_H3N2,plate21-A/DistritoFederal/250106000728/2025_H3N2,40,0.0003672,0.0003672
seqneut25to26_sera_5006,A/DistritoFederal/250106000728/2025_H3N2,plate21-A/DistritoFederal/250106000728/2025_H3N2,92,0.01638,0.01638
seqneut25to26_sera_5006,A/DistritoFederal/250106000728/2025_H3N2,plate21-A/DistritoFederal/250106000728/2025_H3N2,212,0.1397,0.1397
seqneut25to26_sera_5006,A/DistritoFederal/250106000728/2025_H3N2,plate21-A/DistritoFederal/250106000728/2025_H3N2,487,0.2005,0.2005
seqneut25to26_sera_5006,A/DistritoFederal/250106000728/2025_H3N2,plate21-A/DistritoFederal/250106000728/2025_H3N2,1119,0.3866,0.3866
seqneut25to26_sera_5006,A/DistritoFederal/250106000728/2025_H3N2,plate21-A/DistritoFederal/250106000728/2025_H3N2,2575,0.5763,0.5763
seqneut25to26_sera_5006,A/DistritoFederal/250106000728/2025_H3N2,plate21-A/DistritoFederal/250106000728/2025_H3N2,5921,1.09,1
seqneut25to26_sera_5006,A/DistritoFederal/250106000728/2025_H3N2,plate21-A/DistritoFederal/250106000728/2025_H3N2,1.362e+04,1.195,1
seqneut25to26_sera_5006,A/DistritoFederal/2578578201/2025_H3N2,plate21-A/DistritoFederal/2578578201/2025_H3N2,40,0,0
seqneut25to26_sera_5006,A/DistritoFederal/2578578201/2025_H3N2,plate21-A/DistritoFederal/2578578201/2025_H3N2,92,0,0
seqneut25to26_sera_5006,A/DistritoFederal/2578578201/2025_H3N2,plate21-A/DistritoFederal/2578578201/2025_H3N2,212,0.002915,0.002915
seqneut25to26_sera_5006,A/DistritoFederal/2578578201/2025_H3N2,plate21-A/DistritoFederal/2578578201/2025_H3N2,487,0.02214,0.02214
seqneut25to26_sera_5006,A/DistritoFederal/2578578201/2025_H3N2,plate21-A/DistritoFederal/2578578201/2025_H3N2,1119,0.1986,0.1986
seqneut25to26_sera_5006,A/DistritoFederal/2578578201/2025_H3N2,plate21-A/DistritoFederal/2578578201/2025_H3N2,2575,0.5438,0.5438
seqneut25to26_sera_5006,A/DistritoFederal/2578578201/2025_H3N2,plate21-A/DistritoFederal/2578578201/2025_H3N2,5921,0.7731,0.7731
seqneut25to26_sera_5006,A/DistritoFederal/2578578201/2025_H3N2,plate21-A/DistritoFederal/2578578201/2025_H3N2,1.362e+04,0.8101,0.8101
seqneut25to26_sera_5006,A/England/174/2025_H3N2,plate21-A/England/174/2025_H3N2,40,0.0002078,0.0002078
seqneut25to26_sera_5006,A/England/174/2025_H3N2,plate21-A/England/174/2025_H3N2,92,0,0
seqneut25to26_sera_5006,A/England/174/2025_H3N2,plate21-A/England/174/2025_H3N2,212,2.656e-05,2.656e-05
seqneut25to26_sera_5006,A/England/174/2025_H3N2,plate21-A/England/174/2025_H3N2,487,0.01593,0.01593
seqneut25to26_sera_5006,A/England/174/2025_H3N2,plate21-A/England/174/2025_H3N2,1119,0.09037,0.09037
seqneut25to26_sera_5006,A/England/174/2025_H3N2,plate21-A/England/174/2025_H3N2,2575,0.214,0.214
seqneut25to26_sera_5006,A/England/174/2025_H3N2,plate21-A/England/174/2025_H3N2,5921,0.3799,0.3799
seqneut25to26_sera_5006,A/England/174/2025_H3N2,plate21-A/England/174/2025_H3N2,1.362e+04,0.6674,0.6674
seqneut25to26_sera_5006,A/England/1822256/2025_H1N1,plate21-A/England/1822256/2025_H1N1,40,0.00851,0.00851
seqneut25to26_sera_5006,A/England/1822256/2025_H1N1,plate21-A/England/1822256/2025_H1N1,92,0.04391,0.04391
seqneut25to26_sera_5006,A/England/1822256/2025_H1N1,plate21-A/England/1822256/2025_H1N1,212,0.2404,0.2404
seqneut25to26_sera_5006,A/England/1822256/2025_H1N1,plate21-A/England/1822256/2025_H1N1,487,0.4455,0.4455
seqneut25to26_sera_5006,A/England/1822256/2025_H1N1,plate21-A/England/1822256/2025_H1N1,1119,0.8,0.8
seqneut25to26_sera_5006,A/England/1822256/2025_H1N1,plate21-A/England/1822256/2025_H1N1,2575,1.001,1
seqneut25to26_sera_5006,A/England/1822256/2025_H1N1,plate21-A/England/1822256/2025_H1N1,5921,1.115,1
seqneut25to26_sera_5006,A/England/1822256/2025_H1N1,plate21-A/England/1822256/2025_H1N1,1.362e+04,1.023,1
seqneut25to26_sera_5006,A/England/1837734/2025_H3N2,plate21-A/England/1837734/2025_H3N2,40,0,0
seqneut25to26_sera_5006,A/England/1837734/2025_H3N2,plate21-A/England/1837734/2025_H3N2,92,0,0
seqneut25to26_sera_5006,A/England/1837734/2025_H3N2,plate21-A/England/1837734/2025_H3N2,212,0,0
seqneut25to26_sera_5006,A/England/1837734/2025_H3N2,plate21-A/England/1837734/2025_H3N2,487,0.1667,0.1667
seqneut25to26_sera_5006,A/England/1837734/2025_H3N2,plate21-A/England/1837734/2025_H3N2,1119,0.1119,0.1119
seqneut25to26_sera_5006,A/England/1837734/2025_H3N2,plate21-A/England/1837734/2025_H3N2,2575,0.3397,0.3397
seqneut25to26_sera_5006,A/England/1837734/2025_H3N2,plate21-A/England/1837734/2025_H3N2,5921,0.8015,0.8015
seqneut25to26_sera_5006,A/England/1837734/2025_H3N2,plate21-A/England/1837734/2025_H3N2,1.362e+04,0.8239,0.8239
seqneut25to26_sera_5006,A/England/1837737/2025_H3N2,plate21-A/England/1837737/2025_H3N2,40,0,0
seqneut25to26_sera_5006,A/England/1837737/2025_H3N2,plate21-A/England/1837737/2025_H3N2,92,0,0
seqneut25to26_sera_5006,A/England/1837737/2025_H3N2,plate21-A/England/1837737/2025_H3N2,212,0.0007363,0.0007363
seqneut25to26_sera_5006,A/England/1837737/2025_H3N2,plate21-A/England/1837737/2025_H3N2,487,0.06286,0.06286
seqneut25to26_sera_5006,A/England/1837737/2025_H3N2,plate21-A/England/1837737/2025_H3N2,1119,0.1532,0.1532
seqneut25to26_sera_5006,A/England/1837737/2025_H3N2,plate21-A/England/1837737/2025_H3N2,2575,0.4135,0.4135
seqneut25to26_sera_5006,A/England/1837737/2025_H3N2,plate21-A/England/1837737/2025_H3N2,5921,1.435,1
seqneut25to26_sera_5006,A/England/1837737/2025_H3N2,plate21-A/England/1837737/2025_H3N2,1.362e+04,1.046,1
seqneut25to26_sera_5006,A/France/ARA-HCL025155099501/2025_H1N1,plate21-A/France/ARA-HCL025155099501/2025_H1N1,40,0.01401,0.01401
seqneut25to26_sera_5006,A/France/ARA-HCL025155099501/2025_H1N1,plate21-A/France/ARA-HCL025155099501/2025_H1N1,92,0.09907,0.09907
seqneut25to26_sera_5006,A/France/ARA-HCL025155099501/2025_H1N1,plate21-A/France/ARA-HCL025155099501/2025_H1N1,212,0.3486,0.3486
seqneut25to26_sera_5006,A/France/ARA-HCL025155099501/2025_H1N1,plate21-A/France/ARA-HCL025155099501/2025_H1N1,487,0.6311,0.6311
seqneut25to26_sera_5006,A/France/ARA-HCL025155099501/2025_H1N1,plate21-A/France/ARA-HCL025155099501/2025_H1N1,1119,0.8672,0.8672
seqneut25to26_sera_5006,A/France/ARA-HCL025155099501/2025_H1N1,plate21-A/France/ARA-HCL025155099501/2025_H1N1,2575,0.818,0.818
seqneut25to26_sera_5006,A/France/ARA-HCL025155099501/2025_H1N1,plate21-A/France/ARA-HCL025155099501/2025_H1N1,5921,1.049,1
seqneut25to26_sera_5006,A/France/ARA-HCL025155099501/2025_H1N1,plate21-A/France/ARA-HCL025155099501/2025_H1N1,1.362e+04,0.8735,0.8735
seqneut25to26_sera_5006,A/Galicia/GA-CHUAC-451/2025_H3N2,plate21-A/Galicia/GA-CHUAC-451/2025_H3N2,40,0,0
seqneut25to26_sera_5006,A/Galicia/GA-CHUAC-451/2025_H3N2,plate21-A/Galicia/GA-CHUAC-451/2025_H3N2,92,5.914e-06,5.914e-06
seqneut25to26_sera_5006,A/Galicia/GA-CHUAC-451/2025_H3N2,plate21-A/Galicia/GA-CHUAC-451/2025_H3N2,212,0.0002228,0.0002228
seqneut25to26_sera_5006,A/Galicia/GA-CHUAC-451/2025_H3N2,plate21-A/Galicia/GA-CHUAC-451/2025_H3N2,487,0.0263,0.0263
seqneut25to26_sera_5006,A/Galicia/GA-CHUAC-451/2025_H3N2,plate21-A/Galicia/GA-CHUAC-451/2025_H3N2,1119,0.2585,0.2585
seqneut25to26_sera_5006,A/Galicia/GA-CHUAC-451/2025_H3N2,plate21-A/Galicia/GA-CHUAC-451/2025_H3N2,2575,0.4973,0.4973
seqneut25to26_sera_5006,A/Galicia/GA-CHUAC-451/2025_H3N2,plate21-A/Galicia/GA-CHUAC-451/2025_H3N2,5921,0.8067,0.8067
seqneut25to26_sera_5006,A/Galicia/GA-CHUAC-451/2025_H3N2,plate21-A/Galicia/GA-CHUAC-451/2025_H3N2,1.362e+04,0.9185,0.9185
seqneut25to26_sera_5006,A/Ghana/ARI-25-1125/2025_H1N1,plate21-A/Ghana/ARI-25-1125/2025_H1N1,40,0.00148,0.00148
seqneut25to26_sera_5006,A/Ghana/ARI-25-1125/2025_H1N1,plate21-A/Ghana/ARI-25-1125/2025_H1N1,92,0.03066,0.03066
seqneut25to26_sera_5006,A/Ghana/ARI-25-1125/2025_H1N1,plate21-A/Ghana/ARI-25-1125/2025_H1N1,212,0.2932,0.2932
seqneut25to26_sera_5006,A/Ghana/ARI-25-1125/2025_H1N1,plate21-A/Ghana/ARI-25-1125/2025_H1N1,487,0.4746,0.4746
seqneut25to26_sera_5006,A/Ghana/ARI-25-1125/2025_H1N1,plate21-A/Ghana/ARI-25-1125/2025_H1N1,1119,0.6395,0.6395
seqneut25to26_sera_5006,A/Ghana/ARI-25-1125/2025_H1N1,plate21-A/Ghana/ARI-25-1125/2025_H1N1,2575,0.6647,0.6647
seqneut25to26_sera_5006,A/Ghana/ARI-25-1125/2025_H1N1,plate21-A/Ghana/ARI-25-1125/2025_H1N1,5921,1.025,1
seqneut25to26_sera_5006,A/Ghana/ARI-25-1125/2025_H1N1,plate21-A/Ghana/ARI-25-1125/2025_H1N1,1.362e+04,0.9574,0.9574
seqneut25to26_sera_5006,A/Ghana/FS-25-7077/2025_H3N2,plate21-A/Ghana/FS-25-7077/2025_H3N2,40,0,0
seqneut25to26_sera_5006,A/Ghana/FS-25-7077/2025_H3N2,plate21-A/Ghana/FS-25-7077/2025_H3N2,92,0.000353,0.000353
seqneut25to26_sera_5006,A/Ghana/FS-25-7077/2025_H3N2,plate21-A/Ghana/FS-25-7077/2025_H3N2,212,0,0
seqneut25to26_sera_5006,A/Ghana/FS-25-7077/2025_H3N2,plate21-A/Ghana/FS-25-7077/2025_H3N2,487,0.002433,0.002433
seqneut25to26_sera_5006,A/Ghana/FS-25-7077/2025_H3N2,plate21-A/Ghana/FS-25-7077/2025_H3N2,1119,0.05902,0.05902
seqneut25to26_sera_5006,A/Ghana/FS-25-7077/2025_H3N2,plate21-A/Ghana/FS-25-7077/2025_H3N2,2575,0.3227,0.3227
seqneut25to26_sera_5006,A/Ghana/FS-25-7077/2025_H3N2,plate21-A/Ghana/FS-25-7077/2025_H3N2,5921,0.7994,0.7994
seqneut25to26_sera_5006,A/Ghana/FS-25-7077/2025_H3N2,plate21-A/Ghana/FS-25-7077/2025_H3N2,1.362e+04,1.164,1
seqneut25to26_sera_5006,A/Guangdong-Maonan/11438/2025_H3N2,plate21-A/Guangdong-Maonan/11438/2025_H3N2,40,0,0
seqneut25to26_sera_5006,A/Guangdong-Maonan/11438/2025_H3N2,plate21-A/Guangdong-Maonan/11438/2025_H3N2,92,0,0
seqneut25to26_sera_5006,A/Guangdong-Maonan/11438/2025_H3N2,plate21-A/Guangdong-Maonan/11438/2025_H3N2,212,0,0
seqneut25to26_sera_5006,A/Guangdong-Maonan/11438/2025_H3N2,plate21-A/Guangdong-Maonan/11438/2025_H3N2,487,0.001443,0.001443
seqneut25to26_sera_5006,A/Guangdong-Maonan/11438/2025_H3N2,plate21-A/Guangdong-Maonan/11438/2025_H3N2,1119,0.04191,0.04191
seqneut25to26_sera_5006,A/Guangdong-Maonan/11438/2025_H3N2,plate21-A/Guangdong-Maonan/11438/2025_H3N2,2575,0.6029,0.6029
seqneut25to26_sera_5006,A/Guangdong-Maonan/11438/2025_H3N2,plate21-A/Guangdong-Maonan/11438/2025_H3N2,5921,0.5682,0.5682
seqneut25to26_sera_5006,A/Guangdong-Maonan/11438/2025_H3N2,plate21-A/Guangdong-Maonan/11438/2025_H3N2,1.362e+04,1.001,1
seqneut25to26_sera_5006,A/Guangdong-Meijiang/11256/2025_H3N2,plate21-A/Guangdong-Meijiang/11256/2025_H3N2,40,4.905e-06,4.905e-06
seqneut25to26_sera_5006,A/Guangdong-Meijiang/11256/2025_H3N2,plate21-A/Guangdong-Meijiang/11256/2025_H3N2,92,0,0
seqneut25to26_sera_5006,A/Guangdong-Meijiang/11256/2025_H3N2,plate21-A/Guangdong-Meijiang/11256/2025_H3N2,212,0,0
seqneut25to26_sera_5006,A/Guangdong-Meijiang/11256/2025_H3N2,plate21-A/Guangdong-Meijiang/11256/2025_H3N2,487,0.002244,0.002244
seqneut25to26_sera_5006,A/Guangdong-Meijiang/11256/2025_H3N2,plate21-A/Guangdong-Meijiang/11256/2025_H3N2,1119,0.03983,0.03983
seqneut25to26_sera_5006,A/Guangdong-Meijiang/11256/2025_H3N2,plate21-A/Guangdong-Meijiang/11256/2025_H3N2,2575,0.2858,0.2858
seqneut25to26_sera_5006,A/Guangdong-Meijiang/11256/2025_H3N2,plate21-A/Guangdong-Meijiang/11256/2025_H3N2,5921,0.5416,0.5416
seqneut25to26_sera_5006,A/Guangdong-Meijiang/11256/2025_H3N2,plate21-A/Guangdong-Meijiang/11256/2025_H3N2,1.362e+04,0.6202,0.6202
seqneut25to26_sera_5006,A/Guangxi-Daxin/1643/2025_H3N2,plate21-A/Guangxi-Daxin/1643/2025_H3N2,40,0,0
seqneut25to26_sera_5006,A/Guangxi-Daxin/1643/2025_H3N2,plate21-A/Guangxi-Daxin/1643/2025_H3N2,92,0,0
seqneut25to26_sera_5006,A/Guangxi-Daxin/1643/2025_H3N2,plate21-A/Guangxi-Daxin/1643/2025_H3N2,212,0.0895,0.0895
seqneut25to26_sera_5006,A/Guangxi-Daxin/1643/2025_H3N2,plate21-A/Guangxi-Daxin/1643/2025_H3N2,487,0.1851,0.1851
seqneut25to26_sera_5006,A/Guangxi-Daxin/1643/2025_H3N2,plate21-A/Guangxi-Daxin/1643/2025_H3N2,1119,0.6103,0.6103
seqneut25to26_sera_5006,A/Guangxi-Daxin/1643/2025_H3N2,plate21-A/Guangxi-Daxin/1643/2025_H3N2,2575,0.4858,0.4858
seqneut25to26_sera_5006,A/Guangxi-Daxin/1643/2025_H3N2,plate21-A/Guangxi-Daxin/1643/2025_H3N2,5921,0.8389,0.8389
seqneut25to26_sera_5006,A/Guangxi-Daxin/1643/2025_H3N2,plate21-A/Guangxi-Daxin/1643/2025_H3N2,1.362e+04,1.218,1
seqneut25to26_sera_5006,A/Guangxi-Qingxiu/SWL11742/2025_H1N1,plate21-A/Guangxi-Qingxiu/SWL11742/2025_H1N1,40,0.01615,0.01615
seqneut25to26_sera_5006,A/Guangxi-Qingxiu/SWL11742/2025_H1N1,plate21-A/Guangxi-Qingxiu/SWL11742/2025_H1N1,92,0.07195,0.07195
seqneut25to26_sera_5006,A/Guangxi-Qingxiu/SWL11742/2025_H1N1,plate21-A/Guangxi-Qingxiu/SWL11742/2025_H1N1,212,0.2141,0.2141
seqneut25to26_sera_5006,A/Guangxi-Qingxiu/SWL11742/2025_H1N1,plate21-A/Guangxi-Qingxiu/SWL11742/2025_H1N1,487,0.5063,0.5063
seqneut25to26_sera_5006,A/Guangxi-Qingxiu/SWL11742/2025_H1N1,plate21-A/Guangxi-Qingxiu/SWL11742/2025_H1N1,1119,0.6756,0.6756
seqneut25to26_sera_5006,A/Guangxi-Qingxiu/SWL11742/2025_H1N1,plate21-A/Guangxi-Qingxiu/SWL11742/2025_H1N1,2575,0.8679,0.8679
seqneut25to26_sera_5006,A/Guangxi-Qingxiu/SWL11742/2025_H1N1,plate21-A/Guangxi-Qingxiu/SWL11742/2025_H1N1,5921,0.9027,0.9027
seqneut25to26_sera_5006,A/Guangxi-Qingxiu/SWL11742/2025_H1N1,plate21-A/Guangxi-Qingxiu/SWL11742/2025_H1N1,1.362e+04,1.094,1
seqneut25to26_sera_5006,A/Hawaii/44/2025_H1N1,plate21-A/Hawaii/44/2025_H1N1,40,0.006194,0.006194
seqneut25to26_sera_5006,A/Hawaii/44/2025_H1N1,plate21-A/Hawaii/44/2025_H1N1,92,0.07284,0.07284
seqneut25to26_sera_5006,A/Hawaii/44/2025_H1N1,plate21-A/Hawaii/44/2025_H1N1,212,0.2295,0.2295
seqneut25to26_sera_5006,A/Hawaii/44/2025_H1N1,plate21-A/Hawaii/44/2025_H1N1,487,0.5532,0.5532
seqneut25to26_sera_5006,A/Hawaii/44/2025_H1N1,plate21-A/Hawaii/44/2025_H1N1,1119,0.7849,0.7849
seqneut25to26_sera_5006,A/Hawaii/44/2025_H1N1,plate21-A/Hawaii/44/2025_H1N1,2575,0.6767,0.6767
seqneut25to26_sera_5006,A/Hawaii/44/2025_H1N1,plate21-A/Hawaii/44/2025_H1N1,5921,1.078,1
seqneut25to26_sera_5006,A/Hawaii/44/2025_H1N1,plate21-A/Hawaii/44/2025_H1N1,1.362e+04,1.076,1
seqneut25to26_sera_5006,A/Hawaii/70/2019_H1N1,plate21-A/Hawaii/70/2019_H1N1,40,0.001832,0.001832
seqneut25to26_sera_5006,A/Hawaii/70/2019_H1N1,plate21-A/Hawaii/70/2019_H1N1,92,0.01704,0.01704
seqneut25to26_sera_5006,A/Hawaii/70/2019_H1N1,plate21-A/Hawaii/70/2019_H1N1,212,0.1449,0.1449
seqneut25to26_sera_5006,A/Hawaii/70/2019_H1N1,plate21-A/Hawaii/70/2019_H1N1,487,0.3906,0.3906
seqneut25to26_sera_5006,A/Hawaii/70/2019_H1N1,plate21-A/Hawaii/70/2019_H1N1,1119,0.7423,0.7423
seqneut25to26_sera_5006,A/Hawaii/70/2019_H1N1,plate21-A/Hawaii/70/2019_H1N1,2575,0.7947,0.7947
seqneut25to26_sera_5006,A/Hawaii/70/2019_H1N1,plate21-A/Hawaii/70/2019_H1N1,5921,1.085,1
seqneut25to26_sera_5006,A/Hawaii/70/2019_H1N1,plate21-A/Hawaii/70/2019_H1N1,1.362e+04,0.896,0.896
seqneut25to26_sera_5006,A/HongKong/1257/2025_H3N2,plate21-A/HongKong/1257/2025_H3N2,40,0,0
seqneut25to26_sera_5006,A/HongKong/1257/2025_H3N2,plate21-A/HongKong/1257/2025_H3N2,92,0,0
seqneut25to26_sera_5006,A/HongKong/1257/2025_H3N2,plate21-A/HongKong/1257/2025_H3N2,212,0.03165,0.03165
seqneut25to26_sera_5006,A/HongKong/1257/2025_H3N2,plate21-A/HongKong/1257/2025_H3N2,487,0.04681,0.04681
seqneut25to26_sera_5006,A/HongKong/1257/2025_H3N2,plate21-A/HongKong/1257/2025_H3N2,1119,0.2477,0.2477
seqneut25to26_sera_5006,A/HongKong/1257/2025_H3N2,plate21-A/HongKong/1257/2025_H3N2,2575,0.5703,0.5703
seqneut25to26_sera_5006,A/HongKong/1257/2025_H3N2,plate21-A/HongKong/1257/2025_H3N2,5921,1.08,1
seqneut25to26_sera_5006,A/HongKong/1257/2025_H3N2,plate21-A/HongKong/1257/2025_H3N2,1.362e+04,1.042,1
seqneut25to26_sera_5006,A/HongKong/1382/2025_H3N2,plate21-A/HongKong/1382/2025_H3N2,40,8.816e-06,8.816e-06
seqneut25to26_sera_5006,A/HongKong/1382/2025_H3N2,plate21-A/HongKong/1382/2025_H3N2,92,0,0
seqneut25to26_sera_5006,A/HongKong/1382/2025_H3N2,plate21-A/HongKong/1382/2025_H3N2,212,0.0001386,0.0001386
seqneut25to26_sera_5006,A/HongKong/1382/2025_H3N2,plate21-A/HongKong/1382/2025_H3N2,487,0.01512,0.01512
seqneut25to26_sera_5006,A/HongKong/1382/2025_H3N2,plate21-A/HongKong/1382/2025_H3N2,1119,0.1134,0.1134
seqneut25to26_sera_5006,A/HongKong/1382/2025_H3N2,plate21-A/HongKong/1382/2025_H3N2,2575,0.5604,0.5604
seqneut25to26_sera_5006,A/HongKong/1382/2025_H3N2,plate21-A/HongKong/1382/2025_H3N2,5921,0.8814,0.8814
seqneut25to26_sera_5006,A/HongKong/1382/2025_H3N2,plate21-A/HongKong/1382/2025_H3N2,1.362e+04,0.9336,0.9336
seqneut25to26_sera_5006,A/Indonesia/BIOKES-I-BT074/2025_H3N2,plate21-A/Indonesia/BIOKES-I-BT074/2025_H3N2,40,0,0
seqneut25to26_sera_5006,A/Indonesia/BIOKES-I-BT074/2025_H3N2,plate21-A/Indonesia/BIOKES-I-BT074/2025_H3N2,92,0,0
seqneut25to26_sera_5006,A/Indonesia/BIOKES-I-BT074/2025_H3N2,plate21-A/Indonesia/BIOKES-I-BT074/2025_H3N2,212,0,0
seqneut25to26_sera_5006,A/Indonesia/BIOKES-I-BT074/2025_H3N2,plate21-A/Indonesia/BIOKES-I-BT074/2025_H3N2,487,0.002285,0.002285
seqneut25to26_sera_5006,A/Indonesia/BIOKES-I-BT074/2025_H3N2,plate21-A/Indonesia/BIOKES-I-BT074/2025_H3N2,1119,0.01904,0.01904
seqneut25to26_sera_5006,A/Indonesia/BIOKES-I-BT074/2025_H3N2,plate21-A/Indonesia/BIOKES-I-BT074/2025_H3N2,2575,0.2768,0.2768
seqneut25to26_sera_5006,A/Indonesia/BIOKES-I-BT074/2025_H3N2,plate21-A/Indonesia/BIOKES-I-BT074/2025_H3N2,5921,0.6536,0.6536
seqneut25to26_sera_5006,A/Indonesia/BIOKES-I-BT074/2025_H3N2,plate21-A/Indonesia/BIOKES-I-BT074/2025_H3N2,1.362e+04,0.8256,0.8256
seqneut25to26_sera_5006,A/Indonesia/BIOKES-INAD491/2025_H3N2,plate21-A/Indonesia/BIOKES-INAD491/2025_H3N2,40,6.157e-06,6.157e-06
seqneut25to26_sera_5006,A/Indonesia/BIOKES-INAD491/2025_H3N2,plate21-A/Indonesia/BIOKES-INAD491/2025_H3N2,92,0.02724,0.02724
seqneut25to26_sera_5006,A/Indonesia/BIOKES-INAD491/2025_H3N2,plate21-A/Indonesia/BIOKES-INAD491/2025_H3N2,212,0.01529,0.01529
seqneut25to26_sera_5006,A/Indonesia/BIOKES-INAD491/2025_H3N2,plate21-A/Indonesia/BIOKES-INAD491/2025_H3N2,487,0.006934,0.006934
seqneut25to26_sera_5006,A/Indonesia/BIOKES-INAD491/2025_H3N2,plate21-A/Indonesia/BIOKES-INAD491/2025_H3N2,1119,0.07986,0.07986
seqneut25to26_sera_5006,A/Indonesia/BIOKES-INAD491/2025_H3N2,plate21-A/Indonesia/BIOKES-INAD491/2025_H3N2,2575,0.343,0.343
seqneut25to26_sera_5006,A/Indonesia/BIOKES-INAD491/2025_H3N2,plate21-A/Indonesia/BIOKES-INAD491/2025_H3N2,5921,0.9124,0.9124
seqneut25to26_sera_5006,A/Indonesia/BIOKES-INAD491/2025_H3N2,plate21-A/Indonesia/BIOKES-INAD491/2025_H3N2,1.362e+04,1.065,1
seqneut25to26_sera_5006,A/Lao/820-2750/2025_H3N2,plate21-A/Lao/820-2750/2025_H3N2,40,1.208e-05,1.208e-05
seqneut25to26_sera_5006,A/Lao/820-2750/2025_H3N2,plate21-A/Lao/820-2750/2025_H3N2,92,0.0002857,0.0002857
seqneut25to26_sera_5006,A/Lao/820-2750/2025_H3N2,plate21-A/Lao/820-2750/2025_H3N2,212,0.0003482,0.0003482
seqneut25to26_sera_5006,A/Lao/820-2750/2025_H3N2,plate21-A/Lao/820-2750/2025_H3N2,487,0.02139,0.02139
seqneut25to26_sera_5006,A/Lao/820-2750/2025_H3N2,plate21-A/Lao/820-2750/2025_H3N2,1119,0.1325,0.1325
seqneut25to26_sera_5006,A/Lao/820-2750/2025_H3N2,plate21-A/Lao/820-2750/2025_H3N2,2575,0.5034,0.5034
seqneut25to26_sera_5006,A/Lao/820-2750/2025_H3N2,plate21-A/Lao/820-2750/2025_H3N2,5921,1.047,1
seqneut25to26_sera_5006,A/Lao/820-2750/2025_H3N2,plate21-A/Lao/820-2750/2025_H3N2,1.362e+04,1.017,1
seqneut25to26_sera_5006,A/Malaysia/IMR/SARI/2028/2025_H3N2,plate21-A/Malaysia/IMR/SARI/2028/2025_H3N2,40,0,0
seqneut25to26_sera_5006,A/Malaysia/IMR/SARI/2028/2025_H3N2,plate21-A/Malaysia/IMR/SARI/2028/2025_H3N2,92,0,0
seqneut25to26_sera_5006,A/Malaysia/IMR/SARI/2028/2025_H3N2,plate21-A/Malaysia/IMR/SARI/2028/2025_H3N2,212,2.518e-05,2.518e-05
seqneut25to26_sera_5006,A/Malaysia/IMR/SARI/2028/2025_H3N2,plate21-A/Malaysia/IMR/SARI/2028/2025_H3N2,487,0.005533,0.005533
seqneut25to26_sera_5006,A/Malaysia/IMR/SARI/2028/2025_H3N2,plate21-A/Malaysia/IMR/SARI/2028/2025_H3N2,1119,0.07902,0.07902
seqneut25to26_sera_5006,A/Malaysia/IMR/SARI/2028/2025_H3N2,plate21-A/Malaysia/IMR/SARI/2028/2025_H3N2,2575,0.2975,0.2975
seqneut25to26_sera_5006,A/Malaysia/IMR/SARI/2028/2025_H3N2,plate21-A/Malaysia/IMR/SARI/2028/2025_H3N2,5921,0.6529,0.6529
seqneut25to26_sera_5006,A/Malaysia/IMR/SARI/2028/2025_H3N2,plate21-A/Malaysia/IMR/SARI/2028/2025_H3N2,1.362e+04,1.002,1
seqneut25to26_sera_5006,A/Malaysia/IMR/SARI/2406/2025_H3N2,plate21-A/Malaysia/IMR/SARI/2406/2025_H3N2,40,0,0
seqneut25to26_sera_5006,A/Malaysia/IMR/SARI/2406/2025_H3N2,plate21-A/Malaysia/IMR/SARI/2406/2025_H3N2,92,0.01325,0.01325
seqneut25to26_sera_5006,A/Malaysia/IMR/SARI/2406/2025_H3N2,plate21-A/Malaysia/IMR/SARI/2406/2025_H3N2,212,0.02267,0.02267
seqneut25to26_sera_5006,A/Malaysia/IMR/SARI/2406/2025_H3N2,plate21-A/Malaysia/IMR/SARI/2406/2025_H3N2,487,0.1163,0.1163
seqneut25to26_sera_5006,A/Malaysia/IMR/SARI/2406/2025_H3N2,plate21-A/Malaysia/IMR/SARI/2406/2025_H3N2,1119,0.3638,0.3638
seqneut25to26_sera_5006,A/Malaysia/IMR/SARI/2406/2025_H3N2,plate21-A/Malaysia/IMR/SARI/2406/2025_H3N2,2575,0.5231,0.5231
seqneut25to26_sera_5006,A/Malaysia/IMR/SARI/2406/2025_H3N2,plate21-A/Malaysia/IMR/SARI/2406/2025_H3N2,5921,1.008,1
seqneut25to26_sera_5006,A/Malaysia/IMR/SARI/2406/2025_H3N2,plate21-A/Malaysia/IMR/SARI/2406/2025_H3N2,1.362e+04,1.141,1
seqneut25to26_sera_5006,A/Malaysia/IMR/SARI/2517/2025_H3N2,plate21-A/Malaysia/IMR/SARI/2517/2025_H3N2,40,0.0003529,0.0003529
seqneut25to26_sera_5006,A/Malaysia/IMR/SARI/2517/2025_H3N2,plate21-A/Malaysia/IMR/SARI/2517/2025_H3N2,92,0,0
seqneut25to26_sera_5006,A/Malaysia/IMR/SARI/2517/2025_H3N2,plate21-A/Malaysia/IMR/SARI/2517/2025_H3N2,212,0,0
seqneut25to26_sera_5006,A/Malaysia/IMR/SARI/2517/2025_H3N2,plate21-A/Malaysia/IMR/SARI/2517/2025_H3N2,487,0.08586,0.08586
seqneut25to26_sera_5006,A/Malaysia/IMR/SARI/2517/2025_H3N2,plate21-A/Malaysia/IMR/SARI/2517/2025_H3N2,1119,0.1618,0.1618
seqneut25to26_sera_5006,A/Malaysia/IMR/SARI/2517/2025_H3N2,plate21-A/Malaysia/IMR/SARI/2517/2025_H3N2,2575,0.3591,0.3591
seqneut25to26_sera_5006,A/Malaysia/IMR/SARI/2517/2025_H3N2,plate21-A/Malaysia/IMR/SARI/2517/2025_H3N2,5921,0.7883,0.7883
seqneut25to26_sera_5006,A/Malaysia/IMR/SARI/2517/2025_H3N2,plate21-A/Malaysia/IMR/SARI/2517/2025_H3N2,1.362e+04,1.072,1
seqneut25to26_sera_5006,A/Massachusetts/18/2022_H3N2,plate21-A/Massachusetts/18/2022_H3N2,40,0,0
seqneut25to26_sera_5006,A/Massachusetts/18/2022_H3N2,plate21-A/Massachusetts/18/2022_H3N2,92,0.001298,0.001298
seqneut25to26_sera_5006,A/Massachusetts/18/2022_H3N2,plate21-A/Massachusetts/18/2022_H3N2,212,0.001075,0.001075
seqneut25to26_sera_5006,A/Massachusetts/18/2022_H3N2,plate21-A/Massachusetts/18/2022_H3N2,487,0.02977,0.02977
seqneut25to26_sera_5006,A/Massachusetts/18/2022_H3N2,plate21-A/Massachusetts/18/2022_H3N2,1119,0.2115,0.2115
seqneut25to26_sera_5006,A/Massachusetts/18/2022_H3N2,plate21-A/Massachusetts/18/2022_H3N2,2575,0.3023,0.3023
seqneut25to26_sera_5006,A/Massachusetts/18/2022_H3N2,plate21-A/Massachusetts/18/2022_H3N2,5921,0.7617,0.7617
seqneut25to26_sera_5006,A/Massachusetts/18/2022_H3N2,plate21-A/Massachusetts/18/2022_H3N2,1.362e+04,0.8938,0.8938
seqneut25to26_sera_5006,A/Michigan/110/2025_H3N2,plate21-A/Michigan/110/2025_H3N2,40,0,0
seqneut25to26_sera_5006,A/Michigan/110/2025_H3N2,plate21-A/Michigan/110/2025_H3N2,92,0,0
seqneut25to26_sera_5006,A/Michigan/110/2025_H3N2,plate21-A/Michigan/110/2025_H3N2,212,0.0005704,0.0005704
seqneut25to26_sera_5006,A/Michigan/110/2025_H3N2,plate21-A/Michigan/110/2025_H3N2,487,0.00627,0.00627
seqneut25to26_sera_5006,A/Michigan/110/2025_H3N2,plate21-A/Michigan/110/2025_H3N2,1119,0.1401,0.1401
seqneut25to26_sera_5006,A/Michigan/110/2025_H3N2,plate21-A/Michigan/110/2025_H3N2,2575,0.5241,0.5241
seqneut25to26_sera_5006,A/Michigan/110/2025_H3N2,plate21-A/Michigan/110/2025_H3N2,5921,0.7381,0.7381
seqneut25to26_sera_5006,A/Michigan/110/2025_H3N2,plate21-A/Michigan/110/2025_H3N2,1.362e+04,1.301,1
seqneut25to26_sera_5006,A/Minnesota/96/2025_H3N2,plate21-A/Minnesota/96/2025_H3N2,40,0,0
seqneut25to26_sera_5006,A/Minnesota/96/2025_H3N2,plate21-A/Minnesota/96/2025_H3N2,92,0,0
seqneut25to26_sera_5006,A/Minnesota/96/2025_H3N2,plate21-A/Minnesota/96/2025_H3N2,212,0.001939,0.001939
seqneut25to26_sera_5006,A/Minnesota/96/2025_H3N2,plate21-A/Minnesota/96/2025_H3N2,487,0.01239,0.01239
seqneut25to26_sera_5006,A/Minnesota/96/2025_H3N2,plate21-A/Minnesota/96/2025_H3N2,1119,0.2576,0.2576
seqneut25to26_sera_5006,A/Minnesota/96/2025_H3N2,plate21-A/Minnesota/96/2025_H3N2,2575,0.4253,0.4253
seqneut25to26_sera_5006,A/Minnesota/96/2025_H3N2,plate21-A/Minnesota/96/2025_H3N2,5921,1.032,1
seqneut25to26_sera_5006,A/Minnesota/96/2025_H3N2,plate21-A/Minnesota/96/2025_H3N2,1.362e+04,0.9142,0.9142
seqneut25to26_sera_5006,A/Missouri/11/2025_H1N1,plate21-A/Missouri/11/2025_H1N1,40,0.006093,0.006093
seqneut25to26_sera_5006,A/Missouri/11/2025_H1N1,plate21-A/Missouri/11/2025_H1N1,92,0.06219,0.06219
seqneut25to26_sera_5006,A/Missouri/11/2025_H1N1,plate21-A/Missouri/11/2025_H1N1,212,0.3044,0.3044
seqneut25to26_sera_5006,A/Missouri/11/2025_H1N1,plate21-A/Missouri/11/2025_H1N1,487,0.6929,0.6929
seqneut25to26_sera_5006,A/Missouri/11/2025_H1N1,plate21-A/Missouri/11/2025_H1N1,1119,0.952,0.952
seqneut25to26_sera_5006,A/Missouri/11/2025_H1N1,plate21-A/Missouri/11/2025_H1N1,2575,1.315,1
seqneut25to26_sera_5006,A/Missouri/11/2025_H1N1,plate21-A/Missouri/11/2025_H1N1,5921,0.8932,0.8932
seqneut25to26_sera_5006,A/Missouri/11/2025_H1N1,plate21-A/Missouri/11/2025_H1N1,1.362e+04,0.9638,0.9638
seqneut25to26_sera_5006,A/NewSouthWales/2526015582/2025_H3N2,plate21-A/NewSouthWales/2526015582/2025_H3N2,40,0,0
seqneut25to26_sera_5006,A/NewSouthWales/2526015582/2025_H3N2,plate21-A/NewSouthWales/2526015582/2025_H3N2,92,0,0
seqneut25to26_sera_5006,A/NewSouthWales/2526015582/2025_H3N2,plate21-A/NewSouthWales/2526015582/2025_H3N2,212,0,0
seqneut25to26_sera_5006,A/NewSouthWales/2526015582/2025_H3N2,plate21-A/NewSouthWales/2526015582/2025_H3N2,487,0.006557,0.006557
seqneut25to26_sera_5006,A/NewSouthWales/2526015582/2025_H3N2,plate21-A/NewSouthWales/2526015582/2025_H3N2,1119,0.1127,0.1127
seqneut25to26_sera_5006,A/NewSouthWales/2526015582/2025_H3N2,plate21-A/NewSouthWales/2526015582/2025_H3N2,2575,0.292,0.292
seqneut25to26_sera_5006,A/NewSouthWales/2526015582/2025_H3N2,plate21-A/NewSouthWales/2526015582/2025_H3N2,5921,0.6297,0.6297
seqneut25to26_sera_5006,A/NewSouthWales/2526015582/2025_H3N2,plate21-A/NewSouthWales/2526015582/2025_H3N2,1.362e+04,0.8463,0.8463
seqneut25to26_sera_5006,A/NewSouthWales/2526015584/2025_H3N2,plate21-A/NewSouthWales/2526015584/2025_H3N2,40,0,0
seqneut25to26_sera_5006,A/NewSouthWales/2526015584/2025_H3N2,plate21-A/NewSouthWales/2526015584/2025_H3N2,92,0,0
seqneut25to26_sera_5006,A/NewSouthWales/2526015584/2025_H3N2,plate21-A/NewSouthWales/2526015584/2025_H3N2,212,0,0
seqneut25to26_sera_5006,A/NewSouthWales/2526015584/2025_H3N2,plate21-A/NewSouthWales/2526015584/2025_H3N2,487,0.001841,0.001841
seqneut25to26_sera_5006,A/NewSouthWales/2526015584/2025_H3N2,plate21-A/NewSouthWales/2526015584/2025_H3N2,1119,0.05091,0.05091
seqneut25to26_sera_5006,A/NewSouthWales/2526015584/2025_H3N2,plate21-A/NewSouthWales/2526015584/2025_H3N2,2575,0.2035,0.2035
seqneut25to26_sera_5006,A/NewSouthWales/2526015584/2025_H3N2,plate21-A/NewSouthWales/2526015584/2025_H3N2,5921,0.5811,0.5811
seqneut25to26_sera_5006,A/NewSouthWales/2526015584/2025_H3N2,plate21-A/NewSouthWales/2526015584/2025_H3N2,1.362e+04,0.7394,0.7394
seqneut25to26_sera_5006,A/Norway/8765/2025_H3N2,plate21-A/Norway/8765/2025_H3N2,40,4.5e-05,4.5e-05
seqneut25to26_sera_5006,A/Norway/8765/2025_H3N2,plate21-A/Norway/8765/2025_H3N2,92,0,0
seqneut25to26_sera_5006,A/Norway/8765/2025_H3N2,plate21-A/Norway/8765/2025_H3N2,212,0.0001415,0.0001415
seqneut25to26_sera_5006,A/Norway/8765/2025_H3N2,plate21-A/Norway/8765/2025_H3N2,487,0.005068,0.005068
seqneut25to26_sera_5006,A/Norway/8765/2025_H3N2,plate21-A/Norway/8765/2025_H3N2,1119,0.05975,0.05975
seqneut25to26_sera_5006,A/Norway/8765/2025_H3N2,plate21-A/Norway/8765/2025_H3N2,2575,0.4842,0.4842
seqneut25to26_sera_5006,A/Norway/8765/2025_H3N2,plate21-A/Norway/8765/2025_H3N2,5921,0.6909,0.6909
seqneut25to26_sera_5006,A/Norway/8765/2025_H3N2,plate21-A/Norway/8765/2025_H3N2,1.362e+04,0.862,0.862
seqneut25to26_sera_5006,A/Norway/8976/2025_H3N2,plate21-A/Norway/8976/2025_H3N2,40,0,0
seqneut25to26_sera_5006,A/Norway/8976/2025_H3N2,plate21-A/Norway/8976/2025_H3N2,92,0,0
seqneut25to26_sera_5006,A/Norway/8976/2025_H3N2,plate21-A/Norway/8976/2025_H3N2,212,2.48e-05,2.48e-05
seqneut25to26_sera_5006,A/Norway/8976/2025_H3N2,plate21-A/Norway/8976/2025_H3N2,487,0.008638,0.008638
seqneut25to26_sera_5006,A/Norway/8976/2025_H3N2,plate21-A/Norway/8976/2025_H3N2,1119,0.1255,0.1255
seqneut25to26_sera_5006,A/Norway/8976/2025_H3N2,plate21-A/Norway/8976/2025_H3N2,2575,0.2806,0.2806
seqneut25to26_sera_5006,A/Norway/8976/2025_H3N2,plate21-A/Norway/8976/2025_H3N2,5921,0.6667,0.6667
seqneut25to26_sera_5006,A/Norway/8976/2025_H3N2,plate21-A/Norway/8976/2025_H3N2,1.362e+04,1.225,1
seqneut25to26_sera_5006,A/Norway/9107/2025_H1N1,plate21-A/Norway/9107/2025_H1N1,40,0.008278,0.008278
seqneut25to26_sera_5006,A/Norway/9107/2025_H1N1,plate21-A/Norway/9107/2025_H1N1,92,0.05788,0.05788
seqneut25to26_sera_5006,A/Norway/9107/2025_H1N1,plate21-A/Norway/9107/2025_H1N1,212,0.2399,0.2399
seqneut25to26_sera_5006,A/Norway/9107/2025_H1N1,plate21-A/Norway/9107/2025_H1N1,487,0.5733,0.5733
seqneut25to26_sera_5006,A/Norway/9107/2025_H1N1,plate21-A/Norway/9107/2025_H1N1,1119,0.6535,0.6535
seqneut25to26_sera_5006,A/Norway/9107/2025_H1N1,plate21-A/Norway/9107/2025_H1N1,2575,0.825,0.825
seqneut25to26_sera_5006,A/Norway/9107/2025_H1N1,plate21-A/Norway/9107/2025_H1N1,5921,1.054,1
seqneut25to26_sera_5006,A/Norway/9107/2025_H1N1,plate21-A/Norway/9107/2025_H1N1,1.362e+04,0.9765,0.9765
seqneut25to26_sera_5006,A/Norway/9556/2025_H1N1,plate21-A/Norway/9556/2025_H1N1,40,0.01655,0.01655
seqneut25to26_sera_5006,A/Norway/9556/2025_H1N1,plate21-A/Norway/9556/2025_H1N1,92,0.09712,0.09712
seqneut25to26_sera_5006,A/Norway/9556/2025_H1N1,plate21-A/Norway/9556/2025_H1N1,212,0.6159,0.6159
seqneut25to26_sera_5006,A/Norway/9556/2025_H1N1,plate21-A/Norway/9556/2025_H1N1,487,0.6724,0.6724
seqneut25to26_sera_5006,A/Norway/9556/2025_H1N1,plate21-A/Norway/9556/2025_H1N1,1119,0.8699,0.8699
seqneut25to26_sera_5006,A/Norway/9556/2025_H1N1,plate21-A/Norway/9556/2025_H1N1,2575,0.9217,0.9217
seqneut25to26_sera_5006,A/Norway/9556/2025_H1N1,plate21-A/Norway/9556/2025_H1N1,5921,1.255,1
seqneut25to26_sera_5006,A/Norway/9556/2025_H1N1,plate21-A/Norway/9556/2025_H1N1,1.362e+04,1.215,1
seqneut25to26_sera_5006,A/Peru/GIHSN-04-1089/2025_H3N2,plate21-A/Peru/GIHSN-04-1089/2025_H3N2,40,0,0
seqneut25to26_sera_5006,A/Peru/GIHSN-04-1089/2025_H3N2,plate21-A/Peru/GIHSN-04-1089/2025_H3N2,92,0,0
seqneut25to26_sera_5006,A/Peru/GIHSN-04-1089/2025_H3N2,plate21-A/Peru/GIHSN-04-1089/2025_H3N2,212,0,0
seqneut25to26_sera_5006,A/Peru/GIHSN-04-1089/2025_H3N2,plate21-A/Peru/GIHSN-04-1089/2025_H3N2,487,0.004374,0.004374
seqneut25to26_sera_5006,A/Peru/GIHSN-04-1089/2025_H3N2,plate21-A/Peru/GIHSN-04-1089/2025_H3N2,1119,0.2161,0.2161
seqneut25to26_sera_5006,A/Peru/GIHSN-04-1089/2025_H3N2,plate21-A/Peru/GIHSN-04-1089/2025_H3N2,2575,0.5232,0.5232
seqneut25to26_sera_5006,A/Peru/GIHSN-04-1089/2025_H3N2,plate21-A/Peru/GIHSN-04-1089/2025_H3N2,5921,0.8863,0.8863
seqneut25to26_sera_5006,A/Peru/GIHSN-04-1089/2025_H3N2,plate21-A/Peru/GIHSN-04-1089/2025_H3N2,1.362e+04,0.6885,0.6885
seqneut25to26_sera_5006,A/Philippines/SARI25-1425/2025_H1N1,plate21-A/Philippines/SARI25-1425/2025_H1N1,40,0.009754,0.009754
seqneut25to26_sera_5006,A/Philippines/SARI25-1425/2025_H1N1,plate21-A/Philippines/SARI25-1425/2025_H1N1,92,0.1158,0.1158
seqneut25to26_sera_5006,A/Philippines/SARI25-1425/2025_H1N1,plate21-A/Philippines/SARI25-1425/2025_H1N1,212,0.3643,0.3643
seqneut25to26_sera_5006,A/Philippines/SARI25-1425/2025_H1N1,plate21-A/Philippines/SARI25-1425/2025_H1N1,487,0.5541,0.5541
seqneut25to26_sera_5006,A/Philippines/SARI25-1425/2025_H1N1,plate21-A/Philippines/SARI25-1425/2025_H1N1,1119,0.7461,0.7461
seqneut25to26_sera_5006,A/Philippines/SARI25-1425/2025_H1N1,plate21-A/Philippines/SARI25-1425/2025_H1N1,2575,0.7128,0.7128
seqneut25to26_sera_5006,A/Philippines/SARI25-1425/2025_H1N1,plate21-A/Philippines/SARI25-1425/2025_H1N1,5921,1.046,1
seqneut25to26_sera_5006,A/Philippines/SARI25-1425/2025_H1N1,plate21-A/Philippines/SARI25-1425/2025_H1N1,1.362e+04,1.038,1
seqneut25to26_sera_5006,A/Queensland/2526516675/2025_H3N2,plate21-A/Queensland/2526516675/2025_H3N2,40,0.000257,0.000257
seqneut25to26_sera_5006,A/Queensland/2526516675/2025_H3N2,plate21-A/Queensland/2526516675/2025_H3N2,92,6.057e-06,6.057e-06
seqneut25to26_sera_5006,A/Queensland/2526516675/2025_H3N2,plate21-A/Queensland/2526516675/2025_H3N2,212,0.002099,0.002099
seqneut25to26_sera_5006,A/Queensland/2526516675/2025_H3N2,plate21-A/Queensland/2526516675/2025_H3N2,487,0.009066,0.009066
seqneut25to26_sera_5006,A/Queensland/2526516675/2025_H3N2,plate21-A/Queensland/2526516675/2025_H3N2,1119,0.1025,0.1025
seqneut25to26_sera_5006,A/Queensland/2526516675/2025_H3N2,plate21-A/Queensland/2526516675/2025_H3N2,2575,0.2669,0.2669
seqneut25to26_sera_5006,A/Queensland/2526516675/2025_H3N2,plate21-A/Queensland/2526516675/2025_H3N2,5921,0.6731,0.6731
seqneut25to26_sera_5006,A/Queensland/2526516675/2025_H3N2,plate21-A/Queensland/2526516675/2025_H3N2,1.362e+04,0.9046,0.9046
seqneut25to26_sera_5006,A/SouthAfrica/PET37604/2025_H3N2,plate21-A/SouthAfrica/PET37604/2025_H3N2,40,0,0
seqneut25to26_sera_5006,A/SouthAfrica/PET37604/2025_H3N2,plate21-A/SouthAfrica/PET37604/2025_H3N2,92,0.0001949,0.0001949
seqneut25to26_sera_5006,A/SouthAfrica/PET37604/2025_H3N2,plate21-A/SouthAfrica/PET37604/2025_H3N2,212,0.001777,0.001777
seqneut25to26_sera_5006,A/SouthAfrica/PET37604/2025_H3N2,plate21-A/SouthAfrica/PET37604/2025_H3N2,487,0.001224,0.001224
seqneut25to26_sera_5006,A/SouthAfrica/PET37604/2025_H3N2,plate21-A/SouthAfrica/PET37604/2025_H3N2,1119,0.06157,0.06157
seqneut25to26_sera_5006,A/SouthAfrica/PET37604/2025_H3N2,plate21-A/SouthAfrica/PET37604/2025_H3N2,2575,0.2092,0.2092
seqneut25to26_sera_5006,A/SouthAfrica/PET37604/2025_H3N2,plate21-A/SouthAfrica/PET37604/2025_H3N2,5921,0.5129,0.5129
seqneut25to26_sera_5006,A/SouthAfrica/PET37604/2025_H3N2,plate21-A/SouthAfrica/PET37604/2025_H3N2,1.362e+04,0.7376,0.7376
seqneut25to26_sera_5006,A/SouthAfrica/PET37625/2025_H3N2,plate21-A/SouthAfrica/PET37625/2025_H3N2,40,0,0
seqneut25to26_sera_5006,A/SouthAfrica/PET37625/2025_H3N2,plate21-A/SouthAfrica/PET37625/2025_H3N2,92,7.234e-06,7.234e-06
seqneut25to26_sera_5006,A/SouthAfrica/PET37625/2025_H3N2,plate21-A/SouthAfrica/PET37625/2025_H3N2,212,8.176e-05,8.176e-05
seqneut25to26_sera_5006,A/SouthAfrica/PET37625/2025_H3N2,plate21-A/SouthAfrica/PET37625/2025_H3N2,487,0.002092,0.002092
seqneut25to26_sera_5006,A/SouthAfrica/PET37625/2025_H3N2,plate21-A/SouthAfrica/PET37625/2025_H3N2,1119,0.09691,0.09691
seqneut25to26_sera_5006,A/SouthAfrica/PET37625/2025_H3N2,plate21-A/SouthAfrica/PET37625/2025_H3N2,2575,0.2824,0.2824
seqneut25to26_sera_5006,A/SouthAfrica/PET37625/2025_H3N2,plate21-A/SouthAfrica/PET37625/2025_H3N2,5921,0.5652,0.5652
seqneut25to26_sera_5006,A/SouthAfrica/PET37625/2025_H3N2,plate21-A/SouthAfrica/PET37625/2025_H3N2,1.362e+04,0.7936,0.7936
seqneut25to26_sera_5006,A/SouthAustralia/2519001037/2025_H1N1,plate21-A/SouthAustralia/2519001037/2025_H1N1,40,0.01973,0.01973
seqneut25to26_sera_5006,A/SouthAustralia/2519001037/2025_H1N1,plate21-A/SouthAustralia/2519001037/2025_H1N1,92,0.1649,0.1649
seqneut25to26_sera_5006,A/SouthAustralia/2519001037/2025_H1N1,plate21-A/SouthAustralia/2519001037/2025_H1N1,212,0.3124,0.3124
seqneut25to26_sera_5006,A/SouthAustralia/2519001037/2025_H1N1,plate21-A/SouthAustralia/2519001037/2025_H1N1,487,0.6002,0.6002
seqneut25to26_sera_5006,A/SouthAustralia/2519001037/2025_H1N1,plate21-A/SouthAustralia/2519001037/2025_H1N1,1119,0.9706,0.9706
seqneut25to26_sera_5006,A/SouthAustralia/2519001037/2025_H1N1,plate21-A/SouthAustralia/2519001037/2025_H1N1,2575,0.7657,0.7657
seqneut25to26_sera_5006,A/SouthAustralia/2519001037/2025_H1N1,plate21-A/SouthAustralia/2519001037/2025_H1N1,5921,1.096,1
seqneut25to26_sera_5006,A/SouthAustralia/2519001037/2025_H1N1,plate21-A/SouthAustralia/2519001037/2025_H1N1,1.362e+04,0.8675,0.8675
seqneut25to26_sera_5006,A/SouthAustralia/2520702747/2025_H1N1,plate21-A/SouthAustralia/2520702747/2025_H1N1,40,0.00493,0.00493
seqneut25to26_sera_5006,A/SouthAustralia/2520702747/2025_H1N1,plate21-A/SouthAustralia/2520702747/2025_H1N1,92,0.04195,0.04195
seqneut25to26_sera_5006,A/SouthAustralia/2520702747/2025_H1N1,plate21-A/SouthAustralia/2520702747/2025_H1N1,212,0.216,0.216
seqneut25to26_sera_5006,A/SouthAustralia/2520702747/2025_H1N1,plate21-A/SouthAustralia/2520702747/2025_H1N1,487,0.4334,0.4334
seqneut25to26_sera_5006,A/SouthAustralia/2520702747/2025_H1N1,plate21-A/SouthAustralia/2520702747/2025_H1N1,1119,0.6776,0.6776
seqneut25to26_sera_5006,A/SouthAustralia/2520702747/2025_H1N1,plate21-A/SouthAustralia/2520702747/2025_H1N1,2575,0.9089,0.9089
seqneut25to26_sera_5006,A/SouthAustralia/2520702747/2025_H1N1,plate21-A/SouthAustralia/2520702747/2025_H1N1,5921,0.9918,0.9918
seqneut25to26_sera_5006,A/SouthAustralia/2520702747/2025_H1N1,plate21-A/SouthAustralia/2520702747/2025_H1N1,1.362e+04,0.9273,0.9273
seqneut25to26_sera_5006,A/SouthAustralia/2523012764/2025_H1N1,plate21-A/SouthAustralia/2523012764/2025_H1N1,40,0.0032,0.0032
seqneut25to26_sera_5006,A/SouthAustralia/2523012764/2025_H1N1,plate21-A/SouthAustralia/2523012764/2025_H1N1,92,0.1157,0.1157
seqneut25to26_sera_5006,A/SouthAustralia/2523012764/2025_H1N1,plate21-A/SouthAustralia/2523012764/2025_H1N1,212,0.27,0.27
seqneut25to26_sera_5006,A/SouthAustralia/2523012764/2025_H1N1,plate21-A/SouthAustralia/2523012764/2025_H1N1,487,0.3826,0.3826
seqneut25to26_sera_5006,A/SouthAustralia/2523012764/2025_H1N1,plate21-A/SouthAustralia/2523012764/2025_H1N1,1119,0.8029,0.8029
seqneut25to26_sera_5006,A/SouthAustralia/2523012764/2025_H1N1,plate21-A/SouthAustralia/2523012764/2025_H1N1,2575,0.8653,0.8653
seqneut25to26_sera_5006,A/SouthAustralia/2523012764/2025_H1N1,plate21-A/SouthAustralia/2523012764/2025_H1N1,5921,0.9846,0.9846
seqneut25to26_sera_5006,A/SouthAustralia/2523012764/2025_H1N1,plate21-A/SouthAustralia/2523012764/2025_H1N1,1.362e+04,1.106,1
seqneut25to26_sera_5006,A/SouthAustralia/2523812314/2025_H3N2,plate21-A/SouthAustralia/2523812314/2025_H3N2,40,0,0
seqneut25to26_sera_5006,A/SouthAustralia/2523812314/2025_H3N2,plate21-A/SouthAustralia/2523812314/2025_H3N2,92,0.0002682,0.0002682
seqneut25to26_sera_5006,A/SouthAustralia/2523812314/2025_H3N2,plate21-A/SouthAustralia/2523812314/2025_H3N2,212,0.003705,0.003705
seqneut25to26_sera_5006,A/SouthAustralia/2523812314/2025_H3N2,plate21-A/SouthAustralia/2523812314/2025_H3N2,487,0.015,0.015
seqneut25to26_sera_5006,A/SouthAustralia/2523812314/2025_H3N2,plate21-A/SouthAustralia/2523812314/2025_H3N2,1119,0.0669,0.0669
seqneut25to26_sera_5006,A/SouthAustralia/2523812314/2025_H3N2,plate21-A/SouthAustralia/2523812314/2025_H3N2,2575,0.3025,0.3025
seqneut25to26_sera_5006,A/SouthAustralia/2523812314/2025_H3N2,plate21-A/SouthAustralia/2523812314/2025_H3N2,5921,0.5678,0.5678
seqneut25to26_sera_5006,A/SouthAustralia/2523812314/2025_H3N2,plate21-A/SouthAustralia/2523812314/2025_H3N2,1.362e+04,0.807,0.807
seqneut25to26_sera_5006,A/SouthAustralia/2524408801/2025_H3N2,plate21-A/SouthAustralia/2524408801/2025_H3N2,40,0,0
seqneut25to26_sera_5006,A/SouthAustralia/2524408801/2025_H3N2,plate21-A/SouthAustralia/2524408801/2025_H3N2,92,3.973e-05,3.973e-05
seqneut25to26_sera_5006,A/SouthAustralia/2524408801/2025_H3N2,plate21-A/SouthAustralia/2524408801/2025_H3N2,212,0,0
seqneut25to26_sera_5006,A/SouthAustralia/2524408801/2025_H3N2,plate21-A/SouthAustralia/2524408801/2025_H3N2,487,0.00693,0.00693
seqneut25to26_sera_5006,A/SouthAustralia/2524408801/2025_H3N2,plate21-A/SouthAustralia/2524408801/2025_H3N2,1119,0.04494,0.04494
seqneut25to26_sera_5006,A/SouthAustralia/2524408801/2025_H3N2,plate21-A/SouthAustralia/2524408801/2025_H3N2,2575,0.3658,0.3658
seqneut25to26_sera_5006,A/SouthAustralia/2524408801/2025_H3N2,plate21-A/SouthAustralia/2524408801/2025_H3N2,5921,1.013,1
seqneut25to26_sera_5006,A/SouthAustralia/2524408801/2025_H3N2,plate21-A/SouthAustralia/2524408801/2025_H3N2,1.362e+04,1.114,1
seqneut25to26_sera_5006,A/SouthAustralia/2524712956/2025_H1N1,plate21-A/SouthAustralia/2524712956/2025_H1N1,40,0.007441,0.007441
seqneut25to26_sera_5006,A/SouthAustralia/2524712956/2025_H1N1,plate21-A/SouthAustralia/2524712956/2025_H1N1,92,0.06356,0.06356
seqneut25to26_sera_5006,A/SouthAustralia/2524712956/2025_H1N1,plate21-A/SouthAustralia/2524712956/2025_H1N1,212,0.2204,0.2204
seqneut25to26_sera_5006,A/SouthAustralia/2524712956/2025_H1N1,plate21-A/SouthAustralia/2524712956/2025_H1N1,487,0.565,0.565
seqneut25to26_sera_5006,A/SouthAustralia/2524712956/2025_H1N1,plate21-A/SouthAustralia/2524712956/2025_H1N1,1119,0.6103,0.6103
seqneut25to26_sera_5006,A/SouthAustralia/2524712956/2025_H1N1,plate21-A/SouthAustralia/2524712956/2025_H1N1,2575,0.7869,0.7869
seqneut25to26_sera_5006,A/SouthAustralia/2524712956/2025_H1N1,plate21-A/SouthAustralia/2524712956/2025_H1N1,5921,1.276,1
seqneut25to26_sera_5006,A/SouthAustralia/2524712956/2025_H1N1,plate21-A/SouthAustralia/2524712956/2025_H1N1,1.362e+04,0.9737,0.9737
seqneut25to26_sera_5006,A/SouthAustralia/2525607496/2025_H3N2,plate21-A/SouthAustralia/2525607496/2025_H3N2,40,5.325e-06,5.325e-06
seqneut25to26_sera_5006,A/SouthAustralia/2525607496/2025_H3N2,plate21-A/SouthAustralia/2525607496/2025_H3N2,92,0.0008147,0.0008147
seqneut25to26_sera_5006,A/SouthAustralia/2525607496/2025_H3N2,plate21-A/SouthAustralia/2525607496/2025_H3N2,212,0,0
seqneut25to26_sera_5006,A/SouthAustralia/2525607496/2025_H3N2,plate21-A/SouthAustralia/2525607496/2025_H3N2,487,0.002035,0.002035
seqneut25to26_sera_5006,A/SouthAustralia/2525607496/2025_H3N2,plate21-A/SouthAustralia/2525607496/2025_H3N2,1119,0.1316,0.1316
seqneut25to26_sera_5006,A/SouthAustralia/2525607496/2025_H3N2,plate21-A/SouthAustralia/2525607496/2025_H3N2,2575,0.303,0.303
seqneut25to26_sera_5006,A/SouthAustralia/2525607496/2025_H3N2,plate21-A/SouthAustralia/2525607496/2025_H3N2,5921,0.6903,0.6903
seqneut25to26_sera_5006,A/SouthAustralia/2525607496/2025_H3N2,plate21-A/SouthAustralia/2525607496/2025_H3N2,1.362e+04,0.7838,0.7838
seqneut25to26_sera_5006,A/SouthAustralia/2527003588/2025_H3N2,plate21-A/SouthAustralia/2527003588/2025_H3N2,40,0.0005576,0.0005576
seqneut25to26_sera_5006,A/SouthAustralia/2527003588/2025_H3N2,plate21-A/SouthAustralia/2527003588/2025_H3N2,92,0,0
seqneut25to26_sera_5006,A/SouthAustralia/2527003588/2025_H3N2,plate21-A/SouthAustralia/2527003588/2025_H3N2,212,0.0003022,0.0003022
seqneut25to26_sera_5006,A/SouthAustralia/2527003588/2025_H3N2,plate21-A/SouthAustralia/2527003588/2025_H3N2,487,0.03321,0.03321
seqneut25to26_sera_5006,A/SouthAustralia/2527003588/2025_H3N2,plate21-A/SouthAustralia/2527003588/2025_H3N2,1119,0.1059,0.1059
seqneut25to26_sera_5006,A/SouthAustralia/2527003588/2025_H3N2,plate21-A/SouthAustralia/2527003588/2025_H3N2,2575,0.3513,0.3513
seqneut25to26_sera_5006,A/SouthAustralia/2527003588/2025_H3N2,plate21-A/SouthAustralia/2527003588/2025_H3N2,5921,1.15,1
seqneut25to26_sera_5006,A/SouthAustralia/2527003588/2025_H3N2,plate21-A/SouthAustralia/2527003588/2025_H3N2,1.362e+04,1.534,1
seqneut25to26_sera_5006,A/SouthAustralia/2527213276/2025_H3N2,plate21-A/SouthAustralia/2527213276/2025_H3N2,40,9.59e-06,9.59e-06
seqneut25to26_sera_5006,A/SouthAustralia/2527213276/2025_H3N2,plate21-A/SouthAustralia/2527213276/2025_H3N2,92,0,0
seqneut25to26_sera_5006,A/SouthAustralia/2527213276/2025_H3N2,plate21-A/SouthAustralia/2527213276/2025_H3N2,212,0,0
seqneut25to26_sera_5006,A/SouthAustralia/2527213276/2025_H3N2,plate21-A/SouthAustralia/2527213276/2025_H3N2,487,0.009042,0.009042
seqneut25to26_sera_5006,A/SouthAustralia/2527213276/2025_H3N2,plate21-A/SouthAustralia/2527213276/2025_H3N2,1119,0.05863,0.05863
seqneut25to26_sera_5006,A/SouthAustralia/2527213276/2025_H3N2,plate21-A/SouthAustralia/2527213276/2025_H3N2,2575,0.1963,0.1963
seqneut25to26_sera_5006,A/SouthAustralia/2527213276/2025_H3N2,plate21-A/SouthAustralia/2527213276/2025_H3N2,5921,0.7541,0.7541
seqneut25to26_sera_5006,A/SouthAustralia/2527213276/2025_H3N2,plate21-A/SouthAustralia/2527213276/2025_H3N2,1.362e+04,0.5725,0.5725
seqneut25to26_sera_5006,A/SouthAustralia/2527612456/2025_H1N1,plate21-A/SouthAustralia/2527612456/2025_H1N1,40,0.00693,0.00693
seqneut25to26_sera_5006,A/SouthAustralia/2527612456/2025_H1N1,plate21-A/SouthAustralia/2527612456/2025_H1N1,92,0.1815,0.1815
seqneut25to26_sera_5006,A/SouthAustralia/2527612456/2025_H1N1,plate21-A/SouthAustralia/2527612456/2025_H1N1,212,0.5085,0.5085
seqneut25to26_sera_5006,A/SouthAustralia/2527612456/2025_H1N1,plate21-A/SouthAustralia/2527612456/2025_H1N1,487,1.083,1
seqneut25to26_sera_5006,A/SouthAustralia/2527612456/2025_H1N1,plate21-A/SouthAustralia/2527612456/2025_H1N1,1119,0.9076,0.9076
seqneut25to26_sera_5006,A/SouthAustralia/2527612456/2025_H1N1,plate21-A/SouthAustralia/2527612456/2025_H1N1,2575,0.8337,0.8337
seqneut25to26_sera_5006,A/SouthAustralia/2527612456/2025_H1N1,plate21-A/SouthAustralia/2527612456/2025_H1N1,5921,1.056,1
seqneut25to26_sera_5006,A/SouthAustralia/2527612456/2025_H1N1,plate21-A/SouthAustralia/2527612456/2025_H1N1,1.362e+04,1.041,1
seqneut25to26_sera_5006,A/SouthAustralia/2527902708/2025_H3N2,plate21-A/SouthAustralia/2527902708/2025_H3N2,40,0.00232,0.00232
seqneut25to26_sera_5006,A/SouthAustralia/2527902708/2025_H3N2,plate21-A/SouthAustralia/2527902708/2025_H3N2,92,0,0
seqneut25to26_sera_5006,A/SouthAustralia/2527902708/2025_H3N2,plate21-A/SouthAustralia/2527902708/2025_H3N2,212,0.004157,0.004157
seqneut25to26_sera_5006,A/SouthAustralia/2527902708/2025_H3N2,plate21-A/SouthAustralia/2527902708/2025_H3N2,487,0.0467,0.0467
seqneut25to26_sera_5006,A/SouthAustralia/2527902708/2025_H3N2,plate21-A/SouthAustralia/2527902708/2025_H3N2,1119,0.3252,0.3252
seqneut25to26_sera_5006,A/SouthAustralia/2527902708/2025_H3N2,plate21-A/SouthAustralia/2527902708/2025_H3N2,2575,0.5437,0.5437
seqneut25to26_sera_5006,A/SouthAustralia/2527902708/2025_H3N2,plate21-A/SouthAustralia/2527902708/2025_H3N2,5921,0.5937,0.5937
seqneut25to26_sera_5006,A/SouthAustralia/2527902708/2025_H3N2,plate21-A/SouthAustralia/2527902708/2025_H3N2,1.362e+04,0.8612,0.8612
seqneut25to26_sera_5006,A/Sydney/1359/2024_H3N2,plate21-A/Sydney/1359/2024_H3N2,40,6.386e-06,6.386e-06
seqneut25to26_sera_5006,A/Sydney/1359/2024_H3N2,plate21-A/Sydney/1359/2024_H3N2,92,2.664e-05,2.664e-05
seqneut25to26_sera_5006,A/Sydney/1359/2024_H3N2,plate21-A/Sydney/1359/2024_H3N2,212,3.346e-05,3.346e-05
seqneut25to26_sera_5006,A/Sydney/1359/2024_H3N2,plate21-A/Sydney/1359/2024_H3N2,487,0.002408,0.002408
seqneut25to26_sera_5006,A/Sydney/1359/2024_H3N2,plate21-A/Sydney/1359/2024_H3N2,1119,0.02605,0.02605
seqneut25to26_sera_5006,A/Sydney/1359/2024_H3N2,plate21-A/Sydney/1359/2024_H3N2,2575,0.1349,0.1349
seqneut25to26_sera_5006,A/Sydney/1359/2024_H3N2,plate21-A/Sydney/1359/2024_H3N2,5921,0.5358,0.5358
seqneut25to26_sera_5006,A/Sydney/1359/2024_H3N2,plate21-A/Sydney/1359/2024_H3N2,1.362e+04,0.7685,0.7685
seqneut25to26_sera_5006,A/Sydney/400/2025_H1N1,plate21-A/Sydney/400/2025_H1N1,40,0.007536,0.007536
seqneut25to26_sera_5006,A/Sydney/400/2025_H1N1,plate21-A/Sydney/400/2025_H1N1,92,0.04904,0.04904
seqneut25to26_sera_5006,A/Sydney/400/2025_H1N1,plate21-A/Sydney/400/2025_H1N1,212,0.223,0.223
seqneut25to26_sera_5006,A/Sydney/400/2025_H1N1,plate21-A/Sydney/400/2025_H1N1,487,0.6332,0.6332
seqneut25to26_sera_5006,A/Sydney/400/2025_H1N1,plate21-A/Sydney/400/2025_H1N1,1119,0.953,0.953
seqneut25to26_sera_5006,A/Sydney/400/2025_H1N1,plate21-A/Sydney/400/2025_H1N1,2575,0.9354,0.9354
seqneut25to26_sera_5006,A/Sydney/400/2025_H1N1,plate21-A/Sydney/400/2025_H1N1,5921,1.093,1
seqneut25to26_sera_5006,A/Sydney/400/2025_H1N1,plate21-A/Sydney/400/2025_H1N1,1.362e+04,0.9849,0.9849
seqneut25to26_sera_5006,A/Tasmania/2521815682/2025_H3N2,plate21-A/Tasmania/2521815682/2025_H3N2,40,0,0
seqneut25to26_sera_5006,A/Tasmania/2521815682/2025_H3N2,plate21-A/Tasmania/2521815682/2025_H3N2,92,0.0002713,0.0002713
seqneut25to26_sera_5006,A/Tasmania/2521815682/2025_H3N2,plate21-A/Tasmania/2521815682/2025_H3N2,212,0,0
seqneut25to26_sera_5006,A/Tasmania/2521815682/2025_H3N2,plate21-A/Tasmania/2521815682/2025_H3N2,487,0.0422,0.0422
seqneut25to26_sera_5006,A/Tasmania/2521815682/2025_H3N2,plate21-A/Tasmania/2521815682/2025_H3N2,1119,0.05733,0.05733
seqneut25to26_sera_5006,A/Tasmania/2521815682/2025_H3N2,plate21-A/Tasmania/2521815682/2025_H3N2,2575,0.2267,0.2267
seqneut25to26_sera_5006,A/Tasmania/2521815682/2025_H3N2,plate21-A/Tasmania/2521815682/2025_H3N2,5921,0.7644,0.7644
seqneut25to26_sera_5006,A/Tasmania/2521815682/2025_H3N2,plate21-A/Tasmania/2521815682/2025_H3N2,1.362e+04,0.7273,0.7273
seqneut25to26_sera_5006,A/Thailand/8/2022_H3N2,plate21-A/Thailand/8/2022_H3N2,40,0.0003037,0.0003037
seqneut25to26_sera_5006,A/Thailand/8/2022_H3N2,plate21-A/Thailand/8/2022_H3N2,92,0.004107,0.004107
seqneut25to26_sera_5006,A/Thailand/8/2022_H3N2,plate21-A/Thailand/8/2022_H3N2,212,0.002249,0.002249
seqneut25to26_sera_5006,A/Thailand/8/2022_H3N2,plate21-A/Thailand/8/2022_H3N2,487,0.003528,0.003528
seqneut25to26_sera_5006,A/Thailand/8/2022_H3N2,plate21-A/Thailand/8/2022_H3N2,1119,0.09645,0.09645
seqneut25to26_sera_5006,A/Thailand/8/2022_H3N2,plate21-A/Thailand/8/2022_H3N2,2575,0.161,0.161
seqneut25to26_sera_5006,A/Thailand/8/2022_H3N2,plate21-A/Thailand/8/2022_H3N2,5921,0.7088,0.7088
seqneut25to26_sera_5006,A/Thailand/8/2022_H3N2,plate21-A/Thailand/8/2022_H3N2,1.362e+04,0.671,0.671
seqneut25to26_sera_5006,A/Vermont/73/2025_H3N2,plate21-A/Vermont/73/2025_H3N2,40,0,0
seqneut25to26_sera_5006,A/Vermont/73/2025_H3N2,plate21-A/Vermont/73/2025_H3N2,92,0,0
seqneut25to26_sera_5006,A/Vermont/73/2025_H3N2,plate21-A/Vermont/73/2025_H3N2,212,0.0006898,0.0006898
seqneut25to26_sera_5006,A/Vermont/73/2025_H3N2,plate21-A/Vermont/73/2025_H3N2,487,0.006252,0.006252
seqneut25to26_sera_5006,A/Vermont/73/2025_H3N2,plate21-A/Vermont/73/2025_H3N2,1119,0.149,0.149
seqneut25to26_sera_5006,A/Vermont/73/2025_H3N2,plate21-A/Vermont/73/2025_H3N2,2575,0.2913,0.2913
seqneut25to26_sera_5006,A/Vermont/73/2025_H3N2,plate21-A/Vermont/73/2025_H3N2,5921,0.9244,0.9244
seqneut25to26_sera_5006,A/Vermont/73/2025_H3N2,plate21-A/Vermont/73/2025_H3N2,1.362e+04,0.8549,0.8549
seqneut25to26_sera_5006,A/Victoria/4897/2022_IVR-238_H1N1,plate21-A/Victoria/4897/2022_IVR-238_H1N1,40,0,0
seqneut25to26_sera_5006,A/Victoria/4897/2022_IVR-238_H1N1,plate21-A/Victoria/4897/2022_IVR-238_H1N1,92,6.964e-05,6.964e-05
seqneut25to26_sera_5006,A/Victoria/4897/2022_IVR-238_H1N1,plate21-A/Victoria/4897/2022_IVR-238_H1N1,212,0.0004082,0.0004082
seqneut25to26_sera_5006,A/Victoria/4897/2022_IVR-238_H1N1,plate21-A/Victoria/4897/2022_IVR-238_H1N1,487,0.0181,0.0181
seqneut25to26_sera_5006,A/Victoria/4897/2022_IVR-238_H1N1,plate21-A/Victoria/4897/2022_IVR-238_H1N1,1119,0.2413,0.2413
seqneut25to26_sera_5006,A/Victoria/4897/2022_IVR-238_H1N1,plate21-A/Victoria/4897/2022_IVR-238_H1N1,2575,0.5396,0.5396
seqneut25to26_sera_5006,A/Victoria/4897/2022_IVR-238_H1N1,plate21-A/Victoria/4897/2022_IVR-238_H1N1,5921,0.8579,0.8579
seqneut25to26_sera_5006,A/Victoria/4897/2022_IVR-238_H1N1,plate21-A/Victoria/4897/2022_IVR-238_H1N1,1.362e+04,0.8291,0.8291
seqneut25to26_sera_5006,A/Wisconsin/588/2019_H1N1,plate21-A/Wisconsin/588/2019_H1N1,40,0.005995,0.005995
seqneut25to26_sera_5006,A/Wisconsin/588/2019_H1N1,plate21-A/Wisconsin/588/2019_H1N1,92,0.03879,0.03879
seqneut25to26_sera_5006,A/Wisconsin/588/2019_H1N1,plate21-A/Wisconsin/588/2019_H1N1,212,0.2623,0.2623
seqneut25to26_sera_5006,A/Wisconsin/588/2019_H1N1,plate21-A/Wisconsin/588/2019_H1N1,487,0.5662,0.5662
seqneut25to26_sera_5006,A/Wisconsin/588/2019_H1N1,plate21-A/Wisconsin/588/2019_H1N1,1119,0.7155,0.7155
seqneut25to26_sera_5006,A/Wisconsin/588/2019_H1N1,plate21-A/Wisconsin/588/2019_H1N1,2575,0.8592,0.8592
seqneut25to26_sera_5006,A/Wisconsin/588/2019_H1N1,plate21-A/Wisconsin/588/2019_H1N1,5921,1.072,1
seqneut25to26_sera_5006,A/Wisconsin/588/2019_H1N1,plate21-A/Wisconsin/588/2019_H1N1,1.362e+04,1.051,1
seqneut25to26_sera_5006,A/Wisconsin/67/2022_H1N1,plate21-A/Wisconsin/67/2022_H1N1,40,0.000228,0.000228
seqneut25to26_sera_5006,A/Wisconsin/67/2022_H1N1,plate21-A/Wisconsin/67/2022_H1N1,92,0.04103,0.04103
seqneut25to26_sera_5006,A/Wisconsin/67/2022_H1N1,plate21-A/Wisconsin/67/2022_H1N1,212,0.2485,0.2485
seqneut25to26_sera_5006,A/Wisconsin/67/2022_H1N1,plate21-A/Wisconsin/67/2022_H1N1,487,0.4485,0.4485
seqneut25to26_sera_5006,A/Wisconsin/67/2022_H1N1,plate21-A/Wisconsin/67/2022_H1N1,1119,0.7156,0.7156
seqneut25to26_sera_5006,A/Wisconsin/67/2022_H1N1,plate21-A/Wisconsin/67/2022_H1N1,2575,0.9385,0.9385
seqneut25to26_sera_5006,A/Wisconsin/67/2022_H1N1,plate21-A/Wisconsin/67/2022_H1N1,5921,1.047,1
seqneut25to26_sera_5006,A/Wisconsin/67/2022_H1N1,plate21-A/Wisconsin/67/2022_H1N1,1.362e+04,1.116,1
seqneut25to26_sera_5006,A/Zacapa/FLU-261/2025_H1N1,plate21-A/Zacapa/FLU-261/2025_H1N1,40,0.01114,0.01114
seqneut25to26_sera_5006,A/Zacapa/FLU-261/2025_H1N1,plate21-A/Zacapa/FLU-261/2025_H1N1,92,0.0443,0.0443
seqneut25to26_sera_5006,A/Zacapa/FLU-261/2025_H1N1,plate21-A/Zacapa/FLU-261/2025_H1N1,212,0.2537,0.2537
seqneut25to26_sera_5006,A/Zacapa/FLU-261/2025_H1N1,plate21-A/Zacapa/FLU-261/2025_H1N1,487,0.4154,0.4154
seqneut25to26_sera_5006,A/Zacapa/FLU-261/2025_H1N1,plate21-A/Zacapa/FLU-261/2025_H1N1,1119,0.5841,0.5841
seqneut25to26_sera_5006,A/Zacapa/FLU-261/2025_H1N1,plate21-A/Zacapa/FLU-261/2025_H1N1,2575,0.8007,0.8007
seqneut25to26_sera_5006,A/Zacapa/FLU-261/2025_H1N1,plate21-A/Zacapa/FLU-261/2025_H1N1,5921,0.9434,0.9434
seqneut25to26_sera_5006,A/Zacapa/FLU-261/2025_H1N1,plate21-A/Zacapa/FLU-261/2025_H1N1,1.362e+04,1.041,1
seqneut25to26_sera_5007,A/Alagoas/4130/2025_H3N2,plate21-A/Alagoas/4130/2025_H3N2,40,0.005734,0.005734
seqneut25to26_sera_5007,A/Alagoas/4130/2025_H3N2,plate21-A/Alagoas/4130/2025_H3N2,92,0.03691,0.03691
seqneut25to26_sera_5007,A/Alagoas/4130/2025_H3N2,plate21-A/Alagoas/4130/2025_H3N2,212,0.1867,0.1867
seqneut25to26_sera_5007,A/Alagoas/4130/2025_H3N2,plate21-A/Alagoas/4130/2025_H3N2,487,0.4991,0.4991
seqneut25to26_sera_5007,A/Alagoas/4130/2025_H3N2,plate21-A/Alagoas/4130/2025_H3N2,1119,1.123,1
seqneut25to26_sera_5007,A/Alagoas/4130/2025_H3N2,plate21-A/Alagoas/4130/2025_H3N2,2575,0.8237,0.8237
seqneut25to26_sera_5007,A/Alagoas/4130/2025_H3N2,plate21-A/Alagoas/4130/2025_H3N2,5921,0.8403,0.8403
seqneut25to26_sera_5007,A/Alagoas/4130/2025_H3N2,plate21-A/Alagoas/4130/2025_H3N2,1.362e+04,0.8689,0.8689
seqneut25to26_sera_5007,A/Anapolis/LEIAL6543/2025_H3N2,plate21-A/Anapolis/LEIAL6543/2025_H3N2,40,0.04779,0.04779
seqneut25to26_sera_5007,A/Anapolis/LEIAL6543/2025_H3N2,plate21-A/Anapolis/LEIAL6543/2025_H3N2,92,0.2242,0.2242
seqneut25to26_sera_5007,A/Anapolis/LEIAL6543/2025_H3N2,plate21-A/Anapolis/LEIAL6543/2025_H3N2,212,0.2274,0.2274
seqneut25to26_sera_5007,A/Anapolis/LEIAL6543/2025_H3N2,plate21-A/Anapolis/LEIAL6543/2025_H3N2,487,0.4749,0.4749
seqneut25to26_sera_5007,A/Anapolis/LEIAL6543/2025_H3N2,plate21-A/Anapolis/LEIAL6543/2025_H3N2,1119,0.7128,0.7128
seqneut25to26_sera_5007,A/Anapolis/LEIAL6543/2025_H3N2,plate21-A/Anapolis/LEIAL6543/2025_H3N2,2575,1.091,1
seqneut25to26_sera_5007,A/Anapolis/LEIAL6543/2025_H3N2,plate21-A/Anapolis/LEIAL6543/2025_H3N2,5921,0.7324,0.7324
seqneut25to26_sera_5007,A/Anapolis/LEIAL6543/2025_H3N2,plate21-A/Anapolis/LEIAL6543/2025_H3N2,1.362e+04,0.8058,0.8058
seqneut25to26_sera_5007,A/Andalucia/PMC-00977/2025_H1N1,plate21-A/Andalucia/PMC-00977/2025_H1N1,40,0.001154,0.001154
seqneut25to26_sera_5007,A/Andalucia/PMC-00977/2025_H1N1,plate21-A/Andalucia/PMC-00977/2025_H1N1,92,0.01652,0.01652
seqneut25to26_sera_5007,A/Andalucia/PMC-00977/2025_H1N1,plate21-A/Andalucia/PMC-00977/2025_H1N1,212,0.173,0.173
seqneut25to26_sera_5007,A/Andalucia/PMC-00977/2025_H1N1,plate21-A/Andalucia/PMC-00977/2025_H1N1,487,0.6085,0.6085
seqneut25to26_sera_5007,A/Andalucia/PMC-00977/2025_H1N1,plate21-A/Andalucia/PMC-00977/2025_H1N1,1119,0.9115,0.9115
seqneut25to26_sera_5007,A/Andalucia/PMC-00977/2025_H1N1,plate21-A/Andalucia/PMC-00977/2025_H1N1,2575,1.089,1
seqneut25to26_sera_5007,A/Andalucia/PMC-00977/2025_H1N1,plate21-A/Andalucia/PMC-00977/2025_H1N1,5921,0.9505,0.9505
seqneut25to26_sera_5007,A/Andalucia/PMC-00977/2025_H1N1,plate21-A/Andalucia/PMC-00977/2025_H1N1,1.362e+04,0.9342,0.9342
seqneut25to26_sera_5007,A/Aragon/2046/2025_H1N1,plate21-A/Aragon/2046/2025_H1N1,40,0.0005752,0.0005752
seqneut25to26_sera_5007,A/Aragon/2046/2025_H1N1,plate21-A/Aragon/2046/2025_H1N1,92,0.02503,0.02503
seqneut25to26_sera_5007,A/Aragon/2046/2025_H1N1,plate21-A/Aragon/2046/2025_H1N1,212,0.1303,0.1303
seqneut25to26_sera_5007,A/Aragon/2046/2025_H1N1,plate21-A/Aragon/2046/2025_H1N1,487,0.561,0.561
seqneut25to26_sera_5007,A/Aragon/2046/2025_H1N1,plate21-A/Aragon/2046/2025_H1N1,1119,0.9398,0.9398
seqneut25to26_sera_5007,A/Aragon/2046/2025_H1N1,plate21-A/Aragon/2046/2025_H1N1,2575,0.7539,0.7539
seqneut25to26_sera_5007,A/Aragon/2046/2025_H1N1,plate21-A/Aragon/2046/2025_H1N1,5921,0.8845,0.8845
seqneut25to26_sera_5007,A/Aragon/2046/2025_H1N1,plate21-A/Aragon/2046/2025_H1N1,1.362e+04,1.053,1
seqneut25to26_sera_5007,A/Arica/59150/2025_H3N2,plate21-A/Arica/59150/2025_H3N2,40,0.02105,0.02105
seqneut25to26_sera_5007,A/Arica/59150/2025_H3N2,plate21-A/Arica/59150/2025_H3N2,92,0.07857,0.07857
seqneut25to26_sera_5007,A/Arica/59150/2025_H3N2,plate21-A/Arica/59150/2025_H3N2,212,0.1893,0.1893
seqneut25to26_sera_5007,A/Arica/59150/2025_H3N2,plate21-A/Arica/59150/2025_H3N2,487,0.4887,0.4887
seqneut25to26_sera_5007,A/Arica/59150/2025_H3N2,plate21-A/Arica/59150/2025_H3N2,1119,0.7131,0.7131
seqneut25to26_sera_5007,A/Arica/59150/2025_H3N2,plate21-A/Arica/59150/2025_H3N2,2575,1.122,1
seqneut25to26_sera_5007,A/Arica/59150/2025_H3N2,plate21-A/Arica/59150/2025_H3N2,5921,1.099,1
seqneut25to26_sera_5007,A/Arica/59150/2025_H3N2,plate21-A/Arica/59150/2025_H3N2,1.362e+04,1.032,1
seqneut25to26_sera_5007,A/Bahia/3102/2025_H3N2,plate21-A/Bahia/3102/2025_H3N2,40,0.01246,0.01246
seqneut25to26_sera_5007,A/Bahia/3102/2025_H3N2,plate21-A/Bahia/3102/2025_H3N2,92,0.05488,0.05488
seqneut25to26_sera_5007,A/Bahia/3102/2025_H3N2,plate21-A/Bahia/3102/2025_H3N2,212,0.1951,0.1951
seqneut25to26_sera_5007,A/Bahia/3102/2025_H3N2,plate21-A/Bahia/3102/2025_H3N2,487,0.3411,0.3411
seqneut25to26_sera_5007,A/Bahia/3102/2025_H3N2,plate21-A/Bahia/3102/2025_H3N2,1119,0.7299,0.7299
seqneut25to26_sera_5007,A/Bahia/3102/2025_H3N2,plate21-A/Bahia/3102/2025_H3N2,2575,0.9643,0.9643
seqneut25to26_sera_5007,A/Bahia/3102/2025_H3N2,plate21-A/Bahia/3102/2025_H3N2,5921,1.214,1
seqneut25to26_sera_5007,A/Bahia/3102/2025_H3N2,plate21-A/Bahia/3102/2025_H3N2,1.362e+04,1.056,1
seqneut25to26_sera_5007,A/Bangkok/1803/2025_H1N1,plate21-A/Bangkok/1803/2025_H1N1,40,0.001278,0.001278
seqneut25to26_sera_5007,A/Bangkok/1803/2025_H1N1,plate21-A/Bangkok/1803/2025_H1N1,92,0.02568,0.02568
seqneut25to26_sera_5007,A/Bangkok/1803/2025_H1N1,plate21-A/Bangkok/1803/2025_H1N1,212,0.1713,0.1713
seqneut25to26_sera_5007,A/Bangkok/1803/2025_H1N1,plate21-A/Bangkok/1803/2025_H1N1,487,0.3834,0.3834
seqneut25to26_sera_5007,A/Bangkok/1803/2025_H1N1,plate21-A/Bangkok/1803/2025_H1N1,1119,0.8936,0.8936
seqneut25to26_sera_5007,A/Bangkok/1803/2025_H1N1,plate21-A/Bangkok/1803/2025_H1N1,2575,0.9132,0.9132
seqneut25to26_sera_5007,A/Bangkok/1803/2025_H1N1,plate21-A/Bangkok/1803/2025_H1N1,5921,1.433,1
seqneut25to26_sera_5007,A/Bangkok/1803/2025_H1N1,plate21-A/Bangkok/1803/2025_H1N1,1.362e+04,1.072,1
seqneut25to26_sera_5007,A/Bangkok/P2229/2025_H1N1,plate21-A/Bangkok/P2229/2025_H1N1,40,0.0008201,0.0008201
seqneut25to26_sera_5007,A/Bangkok/P2229/2025_H1N1,plate21-A/Bangkok/P2229/2025_H1N1,92,0.02537,0.02537
seqneut25to26_sera_5007,A/Bangkok/P2229/2025_H1N1,plate21-A/Bangkok/P2229/2025_H1N1,212,0.1043,0.1043
seqneut25to26_sera_5007,A/Bangkok/P2229/2025_H1N1,plate21-A/Bangkok/P2229/2025_H1N1,487,0.3497,0.3497
seqneut25to26_sera_5007,A/Bangkok/P2229/2025_H1N1,plate21-A/Bangkok/P2229/2025_H1N1,1119,0.8041,0.8041
seqneut25to26_sera_5007,A/Bangkok/P2229/2025_H1N1,plate21-A/Bangkok/P2229/2025_H1N1,2575,0.8798,0.8798
seqneut25to26_sera_5007,A/Bangkok/P2229/2025_H1N1,plate21-A/Bangkok/P2229/2025_H1N1,5921,0.9219,0.9219
seqneut25to26_sera_5007,A/Bangkok/P2229/2025_H1N1,plate21-A/Bangkok/P2229/2025_H1N1,1.362e+04,0.9287,0.9287
seqneut25to26_sera_5007,A/Bangkok/P2323/2025_H3N2,plate21-A/Bangkok/P2323/2025_H3N2,40,0.03948,0.03948
seqneut25to26_sera_5007,A/Bangkok/P2323/2025_H3N2,plate21-A/Bangkok/P2323/2025_H3N2,92,0.1358,0.1358
seqneut25to26_sera_5007,A/Bangkok/P2323/2025_H3N2,plate21-A/Bangkok/P2323/2025_H3N2,212,0.5329,0.5329
seqneut25to26_sera_5007,A/Bangkok/P2323/2025_H3N2,plate21-A/Bangkok/P2323/2025_H3N2,487,0.5993,0.5993
seqneut25to26_sera_5007,A/Bangkok/P2323/2025_H3N2,plate21-A/Bangkok/P2323/2025_H3N2,1119,1.241,1
seqneut25to26_sera_5007,A/Bangkok/P2323/2025_H3N2,plate21-A/Bangkok/P2323/2025_H3N2,2575,0.8505,0.8505
seqneut25to26_sera_5007,A/Bangkok/P2323/2025_H3N2,plate21-A/Bangkok/P2323/2025_H3N2,5921,0.9536,0.9536
seqneut25to26_sera_5007,A/Bangkok/P2323/2025_H3N2,plate21-A/Bangkok/P2323/2025_H3N2,1.362e+04,1.15,1
seqneut25to26_sera_5007,A/Bangkok/P2390/2025_H3N2,plate21-A/Bangkok/P2390/2025_H3N2,40,0.004131,0.004131
seqneut25to26_sera_5007,A/Bangkok/P2390/2025_H3N2,plate21-A/Bangkok/P2390/2025_H3N2,92,0.08691,0.08691
seqneut25to26_sera_5007,A/Bangkok/P2390/2025_H3N2,plate21-A/Bangkok/P2390/2025_H3N2,212,0.1476,0.1476
seqneut25to26_sera_5007,A/Bangkok/P2390/2025_H3N2,plate21-A/Bangkok/P2390/2025_H3N2,487,0.6647,0.6647
seqneut25to26_sera_5007,A/Bangkok/P2390/2025_H3N2,plate21-A/Bangkok/P2390/2025_H3N2,1119,0.6908,0.6908
seqneut25to26_sera_5007,A/Bangkok/P2390/2025_H3N2,plate21-A/Bangkok/P2390/2025_H3N2,2575,0.9264,0.9264
seqneut25to26_sera_5007,A/Bangkok/P2390/2025_H3N2,plate21-A/Bangkok/P2390/2025_H3N2,5921,0.9574,0.9574
seqneut25to26_sera_5007,A/Bangkok/P2390/2025_H3N2,plate21-A/Bangkok/P2390/2025_H3N2,1.362e+04,0.9453,0.9453
seqneut25to26_sera_5007,A/Bangkok/P2391/2025_H3N2,plate21-A/Bangkok/P2391/2025_H3N2,40,0.005072,0.005072
seqneut25to26_sera_5007,A/Bangkok/P2391/2025_H3N2,plate21-A/Bangkok/P2391/2025_H3N2,92,0.05727,0.05727
seqneut25to26_sera_5007,A/Bangkok/P2391/2025_H3N2,plate21-A/Bangkok/P2391/2025_H3N2,212,0.2572,0.2572
seqneut25to26_sera_5007,A/Bangkok/P2391/2025_H3N2,plate21-A/Bangkok/P2391/2025_H3N2,487,0.6248,0.6248
seqneut25to26_sera_5007,A/Bangkok/P2391/2025_H3N2,plate21-A/Bangkok/P2391/2025_H3N2,1119,0.5891,0.5891
seqneut25to26_sera_5007,A/Bangkok/P2391/2025_H3N2,plate21-A/Bangkok/P2391/2025_H3N2,2575,0.7472,0.7472
seqneut25to26_sera_5007,A/Bangkok/P2391/2025_H3N2,plate21-A/Bangkok/P2391/2025_H3N2,5921,1.043,1
seqneut25to26_sera_5007,A/Bangkok/P2391/2025_H3N2,plate21-A/Bangkok/P2391/2025_H3N2,1.362e+04,0.9791,0.9791
seqneut25to26_sera_5007,A/Bangkok/P2572/2025_H3N2,plate21-A/Bangkok/P2572/2025_H3N2,40,0.006012,0.006012
seqneut25to26_sera_5007,A/Bangkok/P2572/2025_H3N2,plate21-A/Bangkok/P2572/2025_H3N2,92,0.04729,0.04729
seqneut25to26_sera_5007,A/Bangkok/P2572/2025_H3N2,plate21-A/Bangkok/P2572/2025_H3N2,212,0.2221,0.2221
seqneut25to26_sera_5007,A/Bangkok/P2572/2025_H3N2,plate21-A/Bangkok/P2572/2025_H3N2,487,0.5284,0.5284
seqneut25to26_sera_5007,A/Bangkok/P2572/2025_H3N2,plate21-A/Bangkok/P2572/2025_H3N2,1119,0.7409,0.7409
seqneut25to26_sera_5007,A/Bangkok/P2572/2025_H3N2,plate21-A/Bangkok/P2572/2025_H3N2,2575,0.8994,0.8994
seqneut25to26_sera_5007,A/Bangkok/P2572/2025_H3N2,plate21-A/Bangkok/P2572/2025_H3N2,5921,0.7769,0.7769
seqneut25to26_sera_5007,A/Bangkok/P2572/2025_H3N2,plate21-A/Bangkok/P2572/2025_H3N2,1.362e+04,0.9913,0.9913
seqneut25to26_sera_5007,A/Bangkok/P2921/2025_H3N2,plate21-A/Bangkok/P2921/2025_H3N2,40,0.003287,0.003287
seqneut25to26_sera_5007,A/Bangkok/P2921/2025_H3N2,plate21-A/Bangkok/P2921/2025_H3N2,92,0.09925,0.09925
seqneut25to26_sera_5007,A/Bangkok/P2921/2025_H3N2,plate21-A/Bangkok/P2921/2025_H3N2,212,0.2724,0.2724
seqneut25to26_sera_5007,A/Bangkok/P2921/2025_H3N2,plate21-A/Bangkok/P2921/2025_H3N2,487,0.6282,0.6282
seqneut25to26_sera_5007,A/Bangkok/P2921/2025_H3N2,plate21-A/Bangkok/P2921/2025_H3N2,1119,0.7752,0.7752
seqneut25to26_sera_5007,A/Bangkok/P2921/2025_H3N2,plate21-A/Bangkok/P2921/2025_H3N2,2575,0.8149,0.8149
seqneut25to26_sera_5007,A/Bangkok/P2921/2025_H3N2,plate21-A/Bangkok/P2921/2025_H3N2,5921,0.9839,0.9839
seqneut25to26_sera_5007,A/Bangkok/P2921/2025_H3N2,plate21-A/Bangkok/P2921/2025_H3N2,1.362e+04,0.9041,0.9041
seqneut25to26_sera_5007,A/Bangkok/P3067/2025_H1N1,plate21-A/Bangkok/P3067/2025_H1N1,40,0.003388,0.003388
seqneut25to26_sera_5007,A/Bangkok/P3067/2025_H1N1,plate21-A/Bangkok/P3067/2025_H1N1,92,0.02449,0.02449
seqneut25to26_sera_5007,A/Bangkok/P3067/2025_H1N1,plate21-A/Bangkok/P3067/2025_H1N1,212,0.2568,0.2568
seqneut25to26_sera_5007,A/Bangkok/P3067/2025_H1N1,plate21-A/Bangkok/P3067/2025_H1N1,487,0.5721,0.5721
seqneut25to26_sera_5007,A/Bangkok/P3067/2025_H1N1,plate21-A/Bangkok/P3067/2025_H1N1,1119,0.9419,0.9419
seqneut25to26_sera_5007,A/Bangkok/P3067/2025_H1N1,plate21-A/Bangkok/P3067/2025_H1N1,2575,0.9383,0.9383
seqneut25to26_sera_5007,A/Bangkok/P3067/2025_H1N1,plate21-A/Bangkok/P3067/2025_H1N1,5921,0.8496,0.8496
seqneut25to26_sera_5007,A/Bangkok/P3067/2025_H1N1,plate21-A/Bangkok/P3067/2025_H1N1,1.362e+04,0.7766,0.7766
seqneut25to26_sera_5007,A/Bangkok/P3263/2025_H3N2,plate21-A/Bangkok/P3263/2025_H3N2,40,0.0005491,0.0005491
seqneut25to26_sera_5007,A/Bangkok/P3263/2025_H3N2,plate21-A/Bangkok/P3263/2025_H3N2,92,0.01545,0.01545
seqneut25to26_sera_5007,A/Bangkok/P3263/2025_H3N2,plate21-A/Bangkok/P3263/2025_H3N2,212,0.1544,0.1544
seqneut25to26_sera_5007,A/Bangkok/P3263/2025_H3N2,plate21-A/Bangkok/P3263/2025_H3N2,487,0.3153,0.3153
seqneut25to26_sera_5007,A/Bangkok/P3263/2025_H3N2,plate21-A/Bangkok/P3263/2025_H3N2,1119,0.5949,0.5949
seqneut25to26_sera_5007,A/Bangkok/P3263/2025_H3N2,plate21-A/Bangkok/P3263/2025_H3N2,2575,1.019,1
seqneut25to26_sera_5007,A/Bangkok/P3263/2025_H3N2,plate21-A/Bangkok/P3263/2025_H3N2,5921,1.009,1
seqneut25to26_sera_5007,A/Bangkok/P3263/2025_H3N2,plate21-A/Bangkok/P3263/2025_H3N2,1.362e+04,1.13,1
seqneut25to26_sera_5007,A/Belgium/H0097/2025_H3N2,plate21-A/Belgium/H0097/2025_H3N2,40,0.01456,0.01456
seqneut25to26_sera_5007,A/Belgium/H0097/2025_H3N2,plate21-A/Belgium/H0097/2025_H3N2,92,0.05631,0.05631
seqneut25to26_sera_5007,A/Belgium/H0097/2025_H3N2,plate21-A/Belgium/H0097/2025_H3N2,212,0.1948,0.1948
seqneut25to26_sera_5007,A/Belgium/H0097/2025_H3N2,plate21-A/Belgium/H0097/2025_H3N2,487,0.6002,0.6002
seqneut25to26_sera_5007,A/Belgium/H0097/2025_H3N2,plate21-A/Belgium/H0097/2025_H3N2,1119,0.9786,0.9786
seqneut25to26_sera_5007,A/Belgium/H0097/2025_H3N2,plate21-A/Belgium/H0097/2025_H3N2,2575,0.8238,0.8238
seqneut25to26_sera_5007,A/Belgium/H0097/2025_H3N2,plate21-A/Belgium/H0097/2025_H3N2,5921,1.007,1
seqneut25to26_sera_5007,A/Belgium/H0097/2025_H3N2,plate21-A/Belgium/H0097/2025_H3N2,1.362e+04,1.076,1
seqneut25to26_sera_5007,A/Bhutan/1267/2025_H3N2,plate21-A/Bhutan/1267/2025_H3N2,40,0.002642,0.002642
seqneut25to26_sera_5007,A/Bhutan/1267/2025_H3N2,plate21-A/Bhutan/1267/2025_H3N2,92,0.03828,0.03828
seqneut25to26_sera_5007,A/Bhutan/1267/2025_H3N2,plate21-A/Bhutan/1267/2025_H3N2,212,0.2287,0.2287
seqneut25to26_sera_5007,A/Bhutan/1267/2025_H3N2,plate21-A/Bhutan/1267/2025_H3N2,487,0.5418,0.5418
seqneut25to26_sera_5007,A/Bhutan/1267/2025_H3N2,plate21-A/Bhutan/1267/2025_H3N2,1119,0.8305,0.8305
seqneut25to26_sera_5007,A/Bhutan/1267/2025_H3N2,plate21-A/Bhutan/1267/2025_H3N2,2575,0.8349,0.8349
seqneut25to26_sera_5007,A/Bhutan/1267/2025_H3N2,plate21-A/Bhutan/1267/2025_H3N2,5921,0.9998,0.9998
seqneut25to26_sera_5007,A/Bhutan/1267/2025_H3N2,plate21-A/Bhutan/1267/2025_H3N2,1.362e+04,1.024,1
seqneut25to26_sera_5007,A/Bhutan/7/2025_H3N2,plate21-A/Bhutan/7/2025_H3N2,40,0.001935,0.001935
seqneut25to26_sera_5007,A/Bhutan/7/2025_H3N2,plate21-A/Bhutan/7/2025_H3N2,92,0.01425,0.01425
seqneut25to26_sera_5007,A/Bhutan/7/2025_H3N2,plate21-A/Bhutan/7/2025_H3N2,212,0.1062,0.1062
seqneut25to26_sera_5007,A/Bhutan/7/2025_H3N2,plate21-A/Bhutan/7/2025_H3N2,487,0.6774,0.6774
seqneut25to26_sera_5007,A/Bhutan/7/2025_H3N2,plate21-A/Bhutan/7/2025_H3N2,1119,0.7542,0.7542
seqneut25to26_sera_5007,A/Bhutan/7/2025_H3N2,plate21-A/Bhutan/7/2025_H3N2,2575,0.7055,0.7055
seqneut25to26_sera_5007,A/Bhutan/7/2025_H3N2,plate21-A/Bhutan/7/2025_H3N2,5921,0.7981,0.7981
seqneut25to26_sera_5007,A/Bhutan/7/2025_H3N2,plate21-A/Bhutan/7/2025_H3N2,1.362e+04,0.9352,0.9352
seqneut25to26_sera_5007,A/BritishColumbia/PHL-2473/2025_H1N1,plate21-A/BritishColumbia/PHL-2473/2025_H1N1,40,0.00311,0.00311
seqneut25to26_sera_5007,A/BritishColumbia/PHL-2473/2025_H1N1,plate21-A/BritishColumbia/PHL-2473/2025_H1N1,92,0.01631,0.01631
seqneut25to26_sera_5007,A/BritishColumbia/PHL-2473/2025_H1N1,plate21-A/BritishColumbia/PHL-2473/2025_H1N1,212,0.1072,0.1072
seqneut25to26_sera_5007,A/BritishColumbia/PHL-2473/2025_H1N1,plate21-A/BritishColumbia/PHL-2473/2025_H1N1,487,0.3974,0.3974
seqneut25to26_sera_5007,A/BritishColumbia/PHL-2473/2025_H1N1,plate21-A/BritishColumbia/PHL-2473/2025_H1N1,1119,0.7521,0.7521
seqneut25to26_sera_5007,A/BritishColumbia/PHL-2473/2025_H1N1,plate21-A/BritishColumbia/PHL-2473/2025_H1N1,2575,0.9468,0.9468
seqneut25to26_sera_5007,A/BritishColumbia/PHL-2473/2025_H1N1,plate21-A/BritishColumbia/PHL-2473/2025_H1N1,5921,0.9752,0.9752
seqneut25to26_sera_5007,A/BritishColumbia/PHL-2473/2025_H1N1,plate21-A/BritishColumbia/PHL-2473/2025_H1N1,1.362e+04,0.9866,0.9866
seqneut25to26_sera_5007,A/California/61/2025_H3N2,plate21-A/California/61/2025_H3N2,40,0.01207,0.01207
seqneut25to26_sera_5007,A/California/61/2025_H3N2,plate21-A/California/61/2025_H3N2,92,0.03855,0.03855
seqneut25to26_sera_5007,A/California/61/2025_H3N2,plate21-A/California/61/2025_H3N2,212,0.1905,0.1905
seqneut25to26_sera_5007,A/California/61/2025_H3N2,plate21-A/California/61/2025_H3N2,487,0.5505,0.5505
seqneut25to26_sera_5007,A/California/61/2025_H3N2,plate21-A/California/61/2025_H3N2,1119,0.7831,0.7831
seqneut25to26_sera_5007,A/California/61/2025_H3N2,plate21-A/California/61/2025_H3N2,2575,0.8438,0.8438
seqneut25to26_sera_5007,A/California/61/2025_H3N2,plate21-A/California/61/2025_H3N2,5921,1.533,1
seqneut25to26_sera_5007,A/California/61/2025_H3N2,plate21-A/California/61/2025_H3N2,1.362e+04,1.446,1
seqneut25to26_sera_5007,A/California/63/2025_H1N1,plate21-A/California/63/2025_H1N1,40,0.001904,0.001904
seqneut25to26_sera_5007,A/California/63/2025_H1N1,plate21-A/California/63/2025_H1N1,92,0.01453,0.01453
seqneut25to26_sera_5007,A/California/63/2025_H1N1,plate21-A/California/63/2025_H1N1,212,0.07333,0.07333
seqneut25to26_sera_5007,A/California/63/2025_H1N1,plate21-A/California/63/2025_H1N1,487,0.3631,0.3631
seqneut25to26_sera_5007,A/California/63/2025_H1N1,plate21-A/California/63/2025_H1N1,1119,0.9109,0.9109
seqneut25to26_sera_5007,A/California/63/2025_H1N1,plate21-A/California/63/2025_H1N1,2575,0.8528,0.8528
seqneut25to26_sera_5007,A/California/63/2025_H1N1,plate21-A/California/63/2025_H1N1,5921,1.261,1
seqneut25to26_sera_5007,A/California/63/2025_H1N1,plate21-A/California/63/2025_H1N1,1.362e+04,0.8822,0.8822
seqneut25to26_sera_5007,A/Canberra/465/2025_H1N1,plate21-A/Canberra/465/2025_H1N1,40,0.002012,0.002012
seqneut25to26_sera_5007,A/Canberra/465/2025_H1N1,plate21-A/Canberra/465/2025_H1N1,92,0.01453,0.01453
seqneut25to26_sera_5007,A/Canberra/465/2025_H1N1,plate21-A/Canberra/465/2025_H1N1,212,0.1031,0.1031
seqneut25to26_sera_5007,A/Canberra/465/2025_H1N1,plate21-A/Canberra/465/2025_H1N1,487,0.5471,0.5471
seqneut25to26_sera_5007,A/Canberra/465/2025_H1N1,plate21-A/Canberra/465/2025_H1N1,1119,0.7818,0.7818
seqneut25to26_sera_5007,A/Canberra/465/2025_H1N1,plate21-A/Canberra/465/2025_H1N1,2575,0.8126,0.8126
seqneut25to26_sera_5007,A/Canberra/465/2025_H1N1,plate21-A/Canberra/465/2025_H1N1,5921,0.8896,0.8896
seqneut25to26_sera_5007,A/Canberra/465/2025_H1N1,plate21-A/Canberra/465/2025_H1N1,1.362e+04,0.8891,0.8891
seqneut25to26_sera_5007,A/Canberra/530/2025_H1N1,plate21-A/Canberra/530/2025_H1N1,40,0.002273,0.002273
seqneut25to26_sera_5007,A/Canberra/530/2025_H1N1,plate21-A/Canberra/530/2025_H1N1,92,0.01609,0.01609
seqneut25to26_sera_5007,A/Canberra/530/2025_H1N1,plate21-A/Canberra/530/2025_H1N1,212,0.1571,0.1571
seqneut25to26_sera_5007,A/Canberra/530/2025_H1N1,plate21-A/Canberra/530/2025_H1N1,487,0.3749,0.3749
seqneut25to26_sera_5007,A/Canberra/530/2025_H1N1,plate21-A/Canberra/530/2025_H1N1,1119,1.003,1
seqneut25to26_sera_5007,A/Canberra/530/2025_H1N1,plate21-A/Canberra/530/2025_H1N1,2575,0.8228,0.8228
seqneut25to26_sera_5007,A/Canberra/530/2025_H1N1,plate21-A/Canberra/530/2025_H1N1,5921,0.993,0.993
seqneut25to26_sera_5007,A/Canberra/530/2025_H1N1,plate21-A/Canberra/530/2025_H1N1,1.362e+04,1.098,1
seqneut25to26_sera_5007,A/Catalonia/NSVH102689455/2025_H1N1,plate21-A/Catalonia/NSVH102689455/2025_H1N1,40,0.001141,0.001141
seqneut25to26_sera_5007,A/Catalonia/NSVH102689455/2025_H1N1,plate21-A/Catalonia/NSVH102689455/2025_H1N1,92,0.03817,0.03817
seqneut25to26_sera_5007,A/Catalonia/NSVH102689455/2025_H1N1,plate21-A/Catalonia/NSVH102689455/2025_H1N1,212,0.2276,0.2276
seqneut25to26_sera_5007,A/Catalonia/NSVH102689455/2025_H1N1,plate21-A/Catalonia/NSVH102689455/2025_H1N1,487,0.5539,0.5539
seqneut25to26_sera_5007,A/Catalonia/NSVH102689455/2025_H1N1,plate21-A/Catalonia/NSVH102689455/2025_H1N1,1119,0.8063,0.8063
seqneut25to26_sera_5007,A/Catalonia/NSVH102689455/2025_H1N1,plate21-A/Catalonia/NSVH102689455/2025_H1N1,2575,1.121,1
seqneut25to26_sera_5007,A/Catalonia/NSVH102689455/2025_H1N1,plate21-A/Catalonia/NSVH102689455/2025_H1N1,5921,1.092,1
seqneut25to26_sera_5007,A/Catalonia/NSVH102689455/2025_H1N1,plate21-A/Catalonia/NSVH102689455/2025_H1N1,1.362e+04,1.235,1
seqneut25to26_sera_5007,A/Colorado/105/2025_H1N1,plate21-A/Colorado/105/2025_H1N1,40,0,0
seqneut25to26_sera_5007,A/Colorado/105/2025_H1N1,plate21-A/Colorado/105/2025_H1N1,92,0.03951,0.03951
seqneut25to26_sera_5007,A/Colorado/105/2025_H1N1,plate21-A/Colorado/105/2025_H1N1,212,0.2408,0.2408
seqneut25to26_sera_5007,A/Colorado/105/2025_H1N1,plate21-A/Colorado/105/2025_H1N1,487,0.6371,0.6371
seqneut25to26_sera_5007,A/Colorado/105/2025_H1N1,plate21-A/Colorado/105/2025_H1N1,1119,0.7593,0.7593
seqneut25to26_sera_5007,A/Colorado/105/2025_H1N1,plate21-A/Colorado/105/2025_H1N1,2575,0.9751,0.9751
seqneut25to26_sera_5007,A/Colorado/105/2025_H1N1,plate21-A/Colorado/105/2025_H1N1,5921,0.9689,0.9689
seqneut25to26_sera_5007,A/Colorado/105/2025_H1N1,plate21-A/Colorado/105/2025_H1N1,1.362e+04,1.154,1
seqneut25to26_sera_5007,A/CoteDIvoire/2007/2025_H1N1,plate21-A/CoteDIvoire/2007/2025_H1N1,40,0.00467,0.00467
seqneut25to26_sera_5007,A/CoteDIvoire/2007/2025_H1N1,plate21-A/CoteDIvoire/2007/2025_H1N1,92,0.02179,0.02179
seqneut25to26_sera_5007,A/CoteDIvoire/2007/2025_H1N1,plate21-A/CoteDIvoire/2007/2025_H1N1,212,0.1927,0.1927
seqneut25to26_sera_5007,A/CoteDIvoire/2007/2025_H1N1,plate21-A/CoteDIvoire/2007/2025_H1N1,487,0.5064,0.5064
seqneut25to26_sera_5007,A/CoteDIvoire/2007/2025_H1N1,plate21-A/CoteDIvoire/2007/2025_H1N1,1119,1,1
seqneut25to26_sera_5007,A/CoteDIvoire/2007/2025_H1N1,plate21-A/CoteDIvoire/2007/2025_H1N1,2575,0.9475,0.9475
seqneut25to26_sera_5007,A/CoteDIvoire/2007/2025_H1N1,plate21-A/CoteDIvoire/2007/2025_H1N1,5921,0.9738,0.9738
seqneut25to26_sera_5007,A/CoteDIvoire/2007/2025_H1N1,plate21-A/CoteDIvoire/2007/2025_H1N1,1.362e+04,1.062,1
seqneut25to26_sera_5007,A/Croatia/10136RV/2023-egg_H3N2,plate21-A/Croatia/10136RV/2023-egg_H3N2,40,0.001149,0.001149
seqneut25to26_sera_5007,A/Croatia/10136RV/2023-egg_H3N2,plate21-A/Croatia/10136RV/2023-egg_H3N2,92,0.09334,0.09334
seqneut25to26_sera_5007,A/Croatia/10136RV/2023-egg_H3N2,plate21-A/Croatia/10136RV/2023-egg_H3N2,212,0.1141,0.1141
seqneut25to26_sera_5007,A/Croatia/10136RV/2023-egg_H3N2,plate21-A/Croatia/10136RV/2023-egg_H3N2,487,0.2322,0.2322
seqneut25to26_sera_5007,A/Croatia/10136RV/2023-egg_H3N2,plate21-A/Croatia/10136RV/2023-egg_H3N2,1119,0.5195,0.5195
seqneut25to26_sera_5007,A/Croatia/10136RV/2023-egg_H3N2,plate21-A/Croatia/10136RV/2023-egg_H3N2,2575,0.5096,0.5096
seqneut25to26_sera_5007,A/Croatia/10136RV/2023-egg_H3N2,plate21-A/Croatia/10136RV/2023-egg_H3N2,5921,0.7682,0.7682
seqneut25to26_sera_5007,A/Croatia/10136RV/2023-egg_H3N2,plate21-A/Croatia/10136RV/2023-egg_H3N2,1.362e+04,0.7979,0.7979
seqneut25to26_sera_5007,A/Darwin/1405/2025_H1N1,plate21-A/Darwin/1405/2025_H1N1,40,0.001037,0.001037
seqneut25to26_sera_5007,A/Darwin/1405/2025_H1N1,plate21-A/Darwin/1405/2025_H1N1,92,0.03328,0.03328
seqneut25to26_sera_5007,A/Darwin/1405/2025_H1N1,plate21-A/Darwin/1405/2025_H1N1,212,0.2372,0.2372
seqneut25to26_sera_5007,A/Darwin/1405/2025_H1N1,plate21-A/Darwin/1405/2025_H1N1,487,0.4278,0.4278
seqneut25to26_sera_5007,A/Darwin/1405/2025_H1N1,plate21-A/Darwin/1405/2025_H1N1,1119,0.9498,0.9498
seqneut25to26_sera_5007,A/Darwin/1405/2025_H1N1,plate21-A/Darwin/1405/2025_H1N1,2575,0.8349,0.8349
seqneut25to26_sera_5007,A/Darwin/1405/2025_H1N1,plate21-A/Darwin/1405/2025_H1N1,5921,0.8096,0.8096
seqneut25to26_sera_5007,A/Darwin/1405/2025_H1N1,plate21-A/Darwin/1405/2025_H1N1,1.362e+04,0.9967,0.9967
seqneut25to26_sera_5007,A/Darwin/1461/2025_H3N2,plate21-A/Darwin/1461/2025_H3N2,40,0.0005358,0.0005358
seqneut25to26_sera_5007,A/Darwin/1461/2025_H3N2,plate21-A/Darwin/1461/2025_H3N2,92,0.02304,0.02304
seqneut25to26_sera_5007,A/Darwin/1461/2025_H3N2,plate21-A/Darwin/1461/2025_H3N2,212,0.03346,0.03346
seqneut25to26_sera_5007,A/Darwin/1461/2025_H3N2,plate21-A/Darwin/1461/2025_H3N2,487,0.3645,0.3645
seqneut25to26_sera_5007,A/Darwin/1461/2025_H3N2,plate21-A/Darwin/1461/2025_H3N2,1119,0.5422,0.5422
seqneut25to26_sera_5007,A/Darwin/1461/2025_H3N2,plate21-A/Darwin/1461/2025_H3N2,2575,0.9019,0.9019
seqneut25to26_sera_5007,A/Darwin/1461/2025_H3N2,plate21-A/Darwin/1461/2025_H3N2,5921,0.8589,0.8589
seqneut25to26_sera_5007,A/Darwin/1461/2025_H3N2,plate21-A/Darwin/1461/2025_H3N2,1.362e+04,0.8677,0.8677
seqneut25to26_sera_5007,A/Denmark/3070/2025_H1N1,plate21-A/Denmark/3070/2025_H1N1,40,0.003577,0.003577
seqneut25to26_sera_5007,A/Denmark/3070/2025_H1N1,plate21-A/Denmark/3070/2025_H1N1,92,0.01371,0.01371
seqneut25to26_sera_5007,A/Denmark/3070/2025_H1N1,plate21-A/Denmark/3070/2025_H1N1,212,0.09989,0.09989
seqneut25to26_sera_5007,A/Denmark/3070/2025_H1N1,plate21-A/Denmark/3070/2025_H1N1,487,0.4573,0.4573
seqneut25to26_sera_5007,A/Denmark/3070/2025_H1N1,plate21-A/Denmark/3070/2025_H1N1,1119,0.9666,0.9666
seqneut25to26_sera_5007,A/Denmark/3070/2025_H1N1,plate21-A/Denmark/3070/2025_H1N1,2575,0.8706,0.8706
seqneut25to26_sera_5007,A/Denmark/3070/2025_H1N1,plate21-A/Denmark/3070/2025_H1N1,5921,0.9432,0.9432
seqneut25to26_sera_5007,A/Denmark/3070/2025_H1N1,plate21-A/Denmark/3070/2025_H1N1,1.362e+04,1.011,1
seqneut25to26_sera_5007,A/DistrictOfColumbia/27/2023_H3N2,plate21-A/DistrictOfColumbia/27/2023_H3N2,40,0.04683,0.04683
seqneut25to26_sera_5007,A/DistrictOfColumbia/27/2023_H3N2,plate21-A/DistrictOfColumbia/27/2023_H3N2,92,0.07378,0.07378
seqneut25to26_sera_5007,A/DistrictOfColumbia/27/2023_H3N2,plate21-A/DistrictOfColumbia/27/2023_H3N2,212,0.3841,0.3841
seqneut25to26_sera_5007,A/DistrictOfColumbia/27/2023_H3N2,plate21-A/DistrictOfColumbia/27/2023_H3N2,487,0.5312,0.5312
seqneut25to26_sera_5007,A/DistrictOfColumbia/27/2023_H3N2,plate21-A/DistrictOfColumbia/27/2023_H3N2,1119,0.6798,0.6798
seqneut25to26_sera_5007,A/DistrictOfColumbia/27/2023_H3N2,plate21-A/DistrictOfColumbia/27/2023_H3N2,2575,0.9216,0.9216
seqneut25to26_sera_5007,A/DistrictOfColumbia/27/2023_H3N2,plate21-A/DistrictOfColumbia/27/2023_H3N2,5921,1.036,1
seqneut25to26_sera_5007,A/DistrictOfColumbia/27/2023_H3N2,plate21-A/DistrictOfColumbia/27/2023_H3N2,1.362e+04,1.151,1
seqneut25to26_sera_5007,A/DistrictOfColumbia/57/2025_H3N2,plate21-A/DistrictOfColumbia/57/2025_H3N2,40,0.02704,0.02704
seqneut25to26_sera_5007,A/DistrictOfColumbia/57/2025_H3N2,plate21-A/DistrictOfColumbia/57/2025_H3N2,92,0.03716,0.03716
seqneut25to26_sera_5007,A/DistrictOfColumbia/57/2025_H3N2,plate21-A/DistrictOfColumbia/57/2025_H3N2,212,0.1901,0.1901
seqneut25to26_sera_5007,A/DistrictOfColumbia/57/2025_H3N2,plate21-A/DistrictOfColumbia/57/2025_H3N2,487,0.4155,0.4155
seqneut25to26_sera_5007,A/DistrictOfColumbia/57/2025_H3N2,plate21-A/DistrictOfColumbia/57/2025_H3N2,1119,0.6605,0.6605
seqneut25to26_sera_5007,A/DistrictOfColumbia/57/2025_H3N2,plate21-A/DistrictOfColumbia/57/2025_H3N2,2575,0.7167,0.7167
seqneut25to26_sera_5007,A/DistrictOfColumbia/57/2025_H3N2,plate21-A/DistrictOfColumbia/57/2025_H3N2,5921,0.8039,0.8039
seqneut25to26_sera_5007,A/DistrictOfColumbia/57/2025_H3N2,plate21-A/DistrictOfColumbia/57/2025_H3N2,1.362e+04,1.042,1
seqneut25to26_sera_5007,A/DistritoFederal/250106000728/2025_H3N2,plate21-A/DistritoFederal/250106000728/2025_H3N2,40,0.0654,0.0654
seqneut25to26_sera_5007,A/DistritoFederal/250106000728/2025_H3N2,plate21-A/DistritoFederal/250106000728/2025_H3N2,92,0.1237,0.1237
seqneut25to26_sera_5007,A/DistritoFederal/250106000728/2025_H3N2,plate21-A/DistritoFederal/250106000728/2025_H3N2,212,0.2811,0.2811
seqneut25to26_sera_5007,A/DistritoFederal/250106000728/2025_H3N2,plate21-A/DistritoFederal/250106000728/2025_H3N2,487,0.6635,0.6635
seqneut25to26_sera_5007,A/DistritoFederal/250106000728/2025_H3N2,plate21-A/DistritoFederal/250106000728/2025_H3N2,1119,0.7714,0.7714
seqneut25to26_sera_5007,A/DistritoFederal/250106000728/2025_H3N2,plate21-A/DistritoFederal/250106000728/2025_H3N2,2575,0.9621,0.9621
seqneut25to26_sera_5007,A/DistritoFederal/250106000728/2025_H3N2,plate21-A/DistritoFederal/250106000728/2025_H3N2,5921,0.7867,0.7867
seqneut25to26_sera_5007,A/DistritoFederal/250106000728/2025_H3N2,plate21-A/DistritoFederal/250106000728/2025_H3N2,1.362e+04,1.158,1
seqneut25to26_sera_5007,A/DistritoFederal/2578578201/2025_H3N2,plate21-A/DistritoFederal/2578578201/2025_H3N2,40,0.01153,0.01153
seqneut25to26_sera_5007,A/DistritoFederal/2578578201/2025_H3N2,plate21-A/DistritoFederal/2578578201/2025_H3N2,92,0.09492,0.09492
seqneut25to26_sera_5007,A/DistritoFederal/2578578201/2025_H3N2,plate21-A/DistritoFederal/2578578201/2025_H3N2,212,0.252,0.252
seqneut25to26_sera_5007,A/DistritoFederal/2578578201/2025_H3N2,plate21-A/DistritoFederal/2578578201/2025_H3N2,487,0.4106,0.4106
seqneut25to26_sera_5007,A/DistritoFederal/2578578201/2025_H3N2,plate21-A/DistritoFederal/2578578201/2025_H3N2,1119,0.854,0.854
seqneut25to26_sera_5007,A/DistritoFederal/2578578201/2025_H3N2,plate21-A/DistritoFederal/2578578201/2025_H3N2,2575,1.028,1
seqneut25to26_sera_5007,A/DistritoFederal/2578578201/2025_H3N2,plate21-A/DistritoFederal/2578578201/2025_H3N2,5921,0.979,0.979
seqneut25to26_sera_5007,A/DistritoFederal/2578578201/2025_H3N2,plate21-A/DistritoFederal/2578578201/2025_H3N2,1.362e+04,1.075,1
seqneut25to26_sera_5007,A/England/174/2025_H3N2,plate21-A/England/174/2025_H3N2,40,0.00638,0.00638
seqneut25to26_sera_5007,A/England/174/2025_H3N2,plate21-A/England/174/2025_H3N2,92,0.02902,0.02902
seqneut25to26_sera_5007,A/England/174/2025_H3N2,plate21-A/England/174/2025_H3N2,212,0.06462,0.06462
seqneut25to26_sera_5007,A/England/174/2025_H3N2,plate21-A/England/174/2025_H3N2,487,0.3921,0.3921
seqneut25to26_sera_5007,A/England/174/2025_H3N2,plate21-A/England/174/2025_H3N2,1119,0.496,0.496
seqneut25to26_sera_5007,A/England/174/2025_H3N2,plate21-A/England/174/2025_H3N2,2575,0.6502,0.6502
seqneut25to26_sera_5007,A/England/174/2025_H3N2,plate21-A/England/174/2025_H3N2,5921,0.9659,0.9659
seqneut25to26_sera_5007,A/England/174/2025_H3N2,plate21-A/England/174/2025_H3N2,1.362e+04,0.7061,0.7061
seqneut25to26_sera_5007,A/England/1822256/2025_H1N1,plate21-A/England/1822256/2025_H1N1,40,0.007526,0.007526
seqneut25to26_sera_5007,A/England/1822256/2025_H1N1,plate21-A/England/1822256/2025_H1N1,92,0.135,0.135
seqneut25to26_sera_5007,A/England/1822256/2025_H1N1,plate21-A/England/1822256/2025_H1N1,212,0.3288,0.3288
seqneut25to26_sera_5007,A/England/1822256/2025_H1N1,plate21-A/England/1822256/2025_H1N1,487,0.624,0.624
seqneut25to26_sera_5007,A/England/1822256/2025_H1N1,plate21-A/England/1822256/2025_H1N1,1119,1.225,1
seqneut25to26_sera_5007,A/England/1822256/2025_H1N1,plate21-A/England/1822256/2025_H1N1,2575,1.043,1
seqneut25to26_sera_5007,A/England/1822256/2025_H1N1,plate21-A/England/1822256/2025_H1N1,5921,0.883,0.883
seqneut25to26_sera_5007,A/England/1822256/2025_H1N1,plate21-A/England/1822256/2025_H1N1,1.362e+04,1.058,1
seqneut25to26_sera_5007,A/England/1837734/2025_H3N2,plate21-A/England/1837734/2025_H3N2,40,0.009326,0.009326
seqneut25to26_sera_5007,A/England/1837734/2025_H3N2,plate21-A/England/1837734/2025_H3N2,92,0.05459,0.05459
seqneut25to26_sera_5007,A/England/1837734/2025_H3N2,plate21-A/England/1837734/2025_H3N2,212,0.1373,0.1373
seqneut25to26_sera_5007,A/England/1837734/2025_H3N2,plate21-A/England/1837734/2025_H3N2,487,0.4986,0.4986
seqneut25to26_sera_5007,A/England/1837734/2025_H3N2,plate21-A/England/1837734/2025_H3N2,1119,0.8119,0.8119
seqneut25to26_sera_5007,A/England/1837734/2025_H3N2,plate21-A/England/1837734/2025_H3N2,2575,0.8551,0.8551
seqneut25to26_sera_5007,A/England/1837734/2025_H3N2,plate21-A/England/1837734/2025_H3N2,5921,1.054,1
seqneut25to26_sera_5007,A/England/1837734/2025_H3N2,plate21-A/England/1837734/2025_H3N2,1.362e+04,0.77,0.77
seqneut25to26_sera_5007,A/England/1837737/2025_H3N2,plate21-A/England/1837737/2025_H3N2,40,0.02464,0.02464
seqneut25to26_sera_5007,A/England/1837737/2025_H3N2,plate21-A/England/1837737/2025_H3N2,92,0.1189,0.1189
seqneut25to26_sera_5007,A/England/1837737/2025_H3N2,plate21-A/England/1837737/2025_H3N2,212,0.4856,0.4856
seqneut25to26_sera_5007,A/England/1837737/2025_H3N2,plate21-A/England/1837737/2025_H3N2,487,0.45,0.45
seqneut25to26_sera_5007,A/England/1837737/2025_H3N2,plate21-A/England/1837737/2025_H3N2,1119,0.6144,0.6144
seqneut25to26_sera_5007,A/England/1837737/2025_H3N2,plate21-A/England/1837737/2025_H3N2,2575,0.8496,0.8496
seqneut25to26_sera_5007,A/England/1837737/2025_H3N2,plate21-A/England/1837737/2025_H3N2,5921,0.8741,0.8741
seqneut25to26_sera_5007,A/England/1837737/2025_H3N2,plate21-A/England/1837737/2025_H3N2,1.362e+04,0.9163,0.9163
seqneut25to26_sera_5007,A/France/ARA-HCL025155099501/2025_H1N1,plate21-A/France/ARA-HCL025155099501/2025_H1N1,40,0.000676,0.000676
seqneut25to26_sera_5007,A/France/ARA-HCL025155099501/2025_H1N1,plate21-A/France/ARA-HCL025155099501/2025_H1N1,92,0.02425,0.02425
seqneut25to26_sera_5007,A/France/ARA-HCL025155099501/2025_H1N1,plate21-A/France/ARA-HCL025155099501/2025_H1N1,212,0.1768,0.1768
seqneut25to26_sera_5007,A/France/ARA-HCL025155099501/2025_H1N1,plate21-A/France/ARA-HCL025155099501/2025_H1N1,487,0.5129,0.5129
seqneut25to26_sera_5007,A/France/ARA-HCL025155099501/2025_H1N1,plate21-A/France/ARA-HCL025155099501/2025_H1N1,1119,0.8337,0.8337
seqneut25to26_sera_5007,A/France/ARA-HCL025155099501/2025_H1N1,plate21-A/France/ARA-HCL025155099501/2025_H1N1,2575,0.8587,0.8587
seqneut25to26_sera_5007,A/France/ARA-HCL025155099501/2025_H1N1,plate21-A/France/ARA-HCL025155099501/2025_H1N1,5921,0.9868,0.9868
seqneut25to26_sera_5007,A/France/ARA-HCL025155099501/2025_H1N1,plate21-A/France/ARA-HCL025155099501/2025_H1N1,1.362e+04,0.8233,0.8233
seqneut25to26_sera_5007,A/Galicia/GA-CHUAC-451/2025_H3N2,plate21-A/Galicia/GA-CHUAC-451/2025_H3N2,40,0.008705,0.008705
seqneut25to26_sera_5007,A/Galicia/GA-CHUAC-451/2025_H3N2,plate21-A/Galicia/GA-CHUAC-451/2025_H3N2,92,0.08037,0.08037
seqneut25to26_sera_5007,A/Galicia/GA-CHUAC-451/2025_H3N2,plate21-A/Galicia/GA-CHUAC-451/2025_H3N2,212,0.4625,0.4625
seqneut25to26_sera_5007,A/Galicia/GA-CHUAC-451/2025_H3N2,plate21-A/Galicia/GA-CHUAC-451/2025_H3N2,487,0.613,0.613
seqneut25to26_sera_5007,A/Galicia/GA-CHUAC-451/2025_H3N2,plate21-A/Galicia/GA-CHUAC-451/2025_H3N2,1119,0.9191,0.9191
seqneut25to26_sera_5007,A/Galicia/GA-CHUAC-451/2025_H3N2,plate21-A/Galicia/GA-CHUAC-451/2025_H3N2,2575,0.7409,0.7409
seqneut25to26_sera_5007,A/Galicia/GA-CHUAC-451/2025_H3N2,plate21-A/Galicia/GA-CHUAC-451/2025_H3N2,5921,1.034,1
seqneut25to26_sera_5007,A/Galicia/GA-CHUAC-451/2025_H3N2,plate21-A/Galicia/GA-CHUAC-451/2025_H3N2,1.362e+04,1.167,1
seqneut25to26_sera_5007,A/Ghana/ARI-25-1125/2025_H1N1,plate21-A/Ghana/ARI-25-1125/2025_H1N1,40,0.003405,0.003405
seqneut25to26_sera_5007,A/Ghana/ARI-25-1125/2025_H1N1,plate21-A/Ghana/ARI-25-1125/2025_H1N1,92,0.03669,0.03669
seqneut25to26_sera_5007,A/Ghana/ARI-25-1125/2025_H1N1,plate21-A/Ghana/ARI-25-1125/2025_H1N1,212,0.2035,0.2035
seqneut25to26_sera_5007,A/Ghana/ARI-25-1125/2025_H1N1,plate21-A/Ghana/ARI-25-1125/2025_H1N1,487,0.6367,0.6367
seqneut25to26_sera_5007,A/Ghana/ARI-25-1125/2025_H1N1,plate21-A/Ghana/ARI-25-1125/2025_H1N1,1119,0.9769,0.9769
seqneut25to26_sera_5007,A/Ghana/ARI-25-1125/2025_H1N1,plate21-A/Ghana/ARI-25-1125/2025_H1N1,2575,1.1,1
seqneut25to26_sera_5007,A/Ghana/ARI-25-1125/2025_H1N1,plate21-A/Ghana/ARI-25-1125/2025_H1N1,5921,0.96,0.96
seqneut25to26_sera_5007,A/Ghana/ARI-25-1125/2025_H1N1,plate21-A/Ghana/ARI-25-1125/2025_H1N1,1.362e+04,0.901,0.901
seqneut25to26_sera_5007,A/Ghana/FS-25-7077/2025_H3N2,plate21-A/Ghana/FS-25-7077/2025_H3N2,40,0.02273,0.02273
seqneut25to26_sera_5007,A/Ghana/FS-25-7077/2025_H3N2,plate21-A/Ghana/FS-25-7077/2025_H3N2,92,0.08943,0.08943
seqneut25to26_sera_5007,A/Ghana/FS-25-7077/2025_H3N2,plate21-A/Ghana/FS-25-7077/2025_H3N2,212,0.2122,0.2122
seqneut25to26_sera_5007,A/Ghana/FS-25-7077/2025_H3N2,plate21-A/Ghana/FS-25-7077/2025_H3N2,487,0.3211,0.3211
seqneut25to26_sera_5007,A/Ghana/FS-25-7077/2025_H3N2,plate21-A/Ghana/FS-25-7077/2025_H3N2,1119,0.6108,0.6108
seqneut25to26_sera_5007,A/Ghana/FS-25-7077/2025_H3N2,plate21-A/Ghana/FS-25-7077/2025_H3N2,2575,0.5651,0.5651
seqneut25to26_sera_5007,A/Ghana/FS-25-7077/2025_H3N2,plate21-A/Ghana/FS-25-7077/2025_H3N2,5921,0.9571,0.9571
seqneut25to26_sera_5007,A/Ghana/FS-25-7077/2025_H3N2,plate21-A/Ghana/FS-25-7077/2025_H3N2,1.362e+04,0.7018,0.7018
seqneut25to26_sera_5007,A/Guangdong-Maonan/11438/2025_H3N2,plate21-A/Guangdong-Maonan/11438/2025_H3N2,40,0,0
seqneut25to26_sera_5007,A/Guangdong-Maonan/11438/2025_H3N2,plate21-A/Guangdong-Maonan/11438/2025_H3N2,92,0.01118,0.01118
seqneut25to26_sera_5007,A/Guangdong-Maonan/11438/2025_H3N2,plate21-A/Guangdong-Maonan/11438/2025_H3N2,212,0.1883,0.1883
seqneut25to26_sera_5007,A/Guangdong-Maonan/11438/2025_H3N2,plate21-A/Guangdong-Maonan/11438/2025_H3N2,487,0.501,0.501
seqneut25to26_sera_5007,A/Guangdong-Maonan/11438/2025_H3N2,plate21-A/Guangdong-Maonan/11438/2025_H3N2,1119,0.7388,0.7388
seqneut25to26_sera_5007,A/Guangdong-Maonan/11438/2025_H3N2,plate21-A/Guangdong-Maonan/11438/2025_H3N2,2575,1.186,1
seqneut25to26_sera_5007,A/Guangdong-Maonan/11438/2025_H3N2,plate21-A/Guangdong-Maonan/11438/2025_H3N2,5921,0.9319,0.9319
seqneut25to26_sera_5007,A/Guangdong-Maonan/11438/2025_H3N2,plate21-A/Guangdong-Maonan/11438/2025_H3N2,1.362e+04,1.337,1
seqneut25to26_sera_5007,A/Guangdong-Meijiang/11256/2025_H3N2,plate21-A/Guangdong-Meijiang/11256/2025_H3N2,40,0.008308,0.008308
seqneut25to26_sera_5007,A/Guangdong-Meijiang/11256/2025_H3N2,plate21-A/Guangdong-Meijiang/11256/2025_H3N2,92,0.0535,0.0535
seqneut25to26_sera_5007,A/Guangdong-Meijiang/11256/2025_H3N2,plate21-A/Guangdong-Meijiang/11256/2025_H3N2,212,0.1712,0.1712
seqneut25to26_sera_5007,A/Guangdong-Meijiang/11256/2025_H3N2,plate21-A/Guangdong-Meijiang/11256/2025_H3N2,487,0.4111,0.4111
seqneut25to26_sera_5007,A/Guangdong-Meijiang/11256/2025_H3N2,plate21-A/Guangdong-Meijiang/11256/2025_H3N2,1119,0.572,0.572
seqneut25to26_sera_5007,A/Guangdong-Meijiang/11256/2025_H3N2,plate21-A/Guangdong-Meijiang/11256/2025_H3N2,2575,1.035,1
seqneut25to26_sera_5007,A/Guangdong-Meijiang/11256/2025_H3N2,plate21-A/Guangdong-Meijiang/11256/2025_H3N2,5921,0.7115,0.7115
seqneut25to26_sera_5007,A/Guangdong-Meijiang/11256/2025_H3N2,plate21-A/Guangdong-Meijiang/11256/2025_H3N2,1.362e+04,0.8133,0.8133
seqneut25to26_sera_5007,A/Guangxi-Daxin/1643/2025_H3N2,plate21-A/Guangxi-Daxin/1643/2025_H3N2,40,0.02482,0.02482
seqneut25to26_sera_5007,A/Guangxi-Daxin/1643/2025_H3N2,plate21-A/Guangxi-Daxin/1643/2025_H3N2,92,0.09552,0.09552
seqneut25to26_sera_5007,A/Guangxi-Daxin/1643/2025_H3N2,plate21-A/Guangxi-Daxin/1643/2025_H3N2,212,0.2981,0.2981
seqneut25to26_sera_5007,A/Guangxi-Daxin/1643/2025_H3N2,plate21-A/Guangxi-Daxin/1643/2025_H3N2,487,0.762,0.762
seqneut25to26_sera_5007,A/Guangxi-Daxin/1643/2025_H3N2,plate21-A/Guangxi-Daxin/1643/2025_H3N2,1119,0.9882,0.9882
seqneut25to26_sera_5007,A/Guangxi-Daxin/1643/2025_H3N2,plate21-A/Guangxi-Daxin/1643/2025_H3N2,2575,0.9842,0.9842
seqneut25to26_sera_5007,A/Guangxi-Daxin/1643/2025_H3N2,plate21-A/Guangxi-Daxin/1643/2025_H3N2,5921,1.526,1
seqneut25to26_sera_5007,A/Guangxi-Daxin/1643/2025_H3N2,plate21-A/Guangxi-Daxin/1643/2025_H3N2,1.362e+04,1.017,1
seqneut25to26_sera_5007,A/Guangxi-Qingxiu/SWL11742/2025_H1N1,plate21-A/Guangxi-Qingxiu/SWL11742/2025_H1N1,40,0.005024,0.005024
seqneut25to26_sera_5007,A/Guangxi-Qingxiu/SWL11742/2025_H1N1,plate21-A/Guangxi-Qingxiu/SWL11742/2025_H1N1,92,0.01808,0.01808
seqneut25to26_sera_5007,A/Guangxi-Qingxiu/SWL11742/2025_H1N1,plate21-A/Guangxi-Qingxiu/SWL11742/2025_H1N1,212,0.08804,0.08804
seqneut25to26_sera_5007,A/Guangxi-Qingxiu/SWL11742/2025_H1N1,plate21-A/Guangxi-Qingxiu/SWL11742/2025_H1N1,487,0.488,0.488
seqneut25to26_sera_5007,A/Guangxi-Qingxiu/SWL11742/2025_H1N1,plate21-A/Guangxi-Qingxiu/SWL11742/2025_H1N1,1119,0.7356,0.7356
seqneut25to26_sera_5007,A/Guangxi-Qingxiu/SWL11742/2025_H1N1,plate21-A/Guangxi-Qingxiu/SWL11742/2025_H1N1,2575,0.9147,0.9147
seqneut25to26_sera_5007,A/Guangxi-Qingxiu/SWL11742/2025_H1N1,plate21-A/Guangxi-Qingxiu/SWL11742/2025_H1N1,5921,0.9745,0.9745
seqneut25to26_sera_5007,A/Guangxi-Qingxiu/SWL11742/2025_H1N1,plate21-A/Guangxi-Qingxiu/SWL11742/2025_H1N1,1.362e+04,1.029,1
seqneut25to26_sera_5007,A/Hawaii/44/2025_H1N1,plate21-A/Hawaii/44/2025_H1N1,40,0.0002459,0.0002459
seqneut25to26_sera_5007,A/Hawaii/44/2025_H1N1,plate21-A/Hawaii/44/2025_H1N1,92,0.01381,0.01381
seqneut25to26_sera_5007,A/Hawaii/44/2025_H1N1,plate21-A/Hawaii/44/2025_H1N1,212,0.1279,0.1279
seqneut25to26_sera_5007,A/Hawaii/44/2025_H1N1,plate21-A/Hawaii/44/2025_H1N1,487,0.5301,0.5301
seqneut25to26_sera_5007,A/Hawaii/44/2025_H1N1,plate21-A/Hawaii/44/2025_H1N1,1119,0.9431,0.9431
seqneut25to26_sera_5007,A/Hawaii/44/2025_H1N1,plate21-A/Hawaii/44/2025_H1N1,2575,0.898,0.898
seqneut25to26_sera_5007,A/Hawaii/44/2025_H1N1,plate21-A/Hawaii/44/2025_H1N1,5921,0.8794,0.8794
seqneut25to26_sera_5007,A/Hawaii/44/2025_H1N1,plate21-A/Hawaii/44/2025_H1N1,1.362e+04,0.9345,0.9345
seqneut25to26_sera_5007,A/Hawaii/70/2019_H1N1,plate21-A/Hawaii/70/2019_H1N1,40,0.0001065,0.0001065
seqneut25to26_sera_5007,A/Hawaii/70/2019_H1N1,plate21-A/Hawaii/70/2019_H1N1,92,0.0005865,0.0005865
seqneut25to26_sera_5007,A/Hawaii/70/2019_H1N1,plate21-A/Hawaii/70/2019_H1N1,212,0.05838,0.05838
seqneut25to26_sera_5007,A/Hawaii/70/2019_H1N1,plate21-A/Hawaii/70/2019_H1N1,487,0.1556,0.1556
seqneut25to26_sera_5007,A/Hawaii/70/2019_H1N1,plate21-A/Hawaii/70/2019_H1N1,1119,0.663,0.663
seqneut25to26_sera_5007,A/Hawaii/70/2019_H1N1,plate21-A/Hawaii/70/2019_H1N1,2575,0.7796,0.7796
seqneut25to26_sera_5007,A/Hawaii/70/2019_H1N1,plate21-A/Hawaii/70/2019_H1N1,5921,0.9816,0.9816
seqneut25to26_sera_5007,A/Hawaii/70/2019_H1N1,plate21-A/Hawaii/70/2019_H1N1,1.362e+04,0.903,0.903
seqneut25to26_sera_5007,A/HongKong/1257/2025_H3N2,plate21-A/HongKong/1257/2025_H3N2,40,0.01193,0.01193
seqneut25to26_sera_5007,A/HongKong/1257/2025_H3N2,plate21-A/HongKong/1257/2025_H3N2,92,0.008183,0.008183
seqneut25to26_sera_5007,A/HongKong/1257/2025_H3N2,plate21-A/HongKong/1257/2025_H3N2,212,0.08785,0.08785
seqneut25to26_sera_5007,A/HongKong/1257/2025_H3N2,plate21-A/HongKong/1257/2025_H3N2,487,0.3504,0.3504
seqneut25to26_sera_5007,A/HongKong/1257/2025_H3N2,plate21-A/HongKong/1257/2025_H3N2,1119,0.5637,0.5637
seqneut25to26_sera_5007,A/HongKong/1257/2025_H3N2,plate21-A/HongKong/1257/2025_H3N2,2575,1.081,1
seqneut25to26_sera_5007,A/HongKong/1257/2025_H3N2,plate21-A/HongKong/1257/2025_H3N2,5921,0.8964,0.8964
seqneut25to26_sera_5007,A/HongKong/1257/2025_H3N2,plate21-A/HongKong/1257/2025_H3N2,1.362e+04,1.389,1
seqneut25to26_sera_5007,A/HongKong/1382/2025_H3N2,plate21-A/HongKong/1382/2025_H3N2,40,0.001273,0.001273
seqneut25to26_sera_5007,A/HongKong/1382/2025_H3N2,plate21-A/HongKong/1382/2025_H3N2,92,0.03454,0.03454
seqneut25to26_sera_5007,A/HongKong/1382/2025_H3N2,plate21-A/HongKong/1382/2025_H3N2,212,0.09096,0.09096
seqneut25to26_sera_5007,A/HongKong/1382/2025_H3N2,plate21-A/HongKong/1382/2025_H3N2,487,0.3202,0.3202
seqneut25to26_sera_5007,A/HongKong/1382/2025_H3N2,plate21-A/HongKong/1382/2025_H3N2,1119,0.7207,0.7207
seqneut25to26_sera_5007,A/HongKong/1382/2025_H3N2,plate21-A/HongKong/1382/2025_H3N2,2575,0.8585,0.8585
seqneut25to26_sera_5007,A/HongKong/1382/2025_H3N2,plate21-A/HongKong/1382/2025_H3N2,5921,1.051,1
seqneut25to26_sera_5007,A/HongKong/1382/2025_H3N2,plate21-A/HongKong/1382/2025_H3N2,1.362e+04,1.241,1
seqneut25to26_sera_5007,A/Indonesia/BIOKES-I-BT074/2025_H3N2,plate21-A/Indonesia/BIOKES-I-BT074/2025_H3N2,40,0.005604,0.005604
seqneut25to26_sera_5007,A/Indonesia/BIOKES-I-BT074/2025_H3N2,plate21-A/Indonesia/BIOKES-I-BT074/2025_H3N2,92,0.02738,0.02738
seqneut25to26_sera_5007,A/Indonesia/BIOKES-I-BT074/2025_H3N2,plate21-A/Indonesia/BIOKES-I-BT074/2025_H3N2,212,0.156,0.156
seqneut25to26_sera_5007,A/Indonesia/BIOKES-I-BT074/2025_H3N2,plate21-A/Indonesia/BIOKES-I-BT074/2025_H3N2,487,0.308,0.308
seqneut25to26_sera_5007,A/Indonesia/BIOKES-I-BT074/2025_H3N2,plate21-A/Indonesia/BIOKES-I-BT074/2025_H3N2,1119,0.7061,0.7061
seqneut25to26_sera_5007,A/Indonesia/BIOKES-I-BT074/2025_H3N2,plate21-A/Indonesia/BIOKES-I-BT074/2025_H3N2,2575,0.8627,0.8627
seqneut25to26_sera_5007,A/Indonesia/BIOKES-I-BT074/2025_H3N2,plate21-A/Indonesia/BIOKES-I-BT074/2025_H3N2,5921,1.063,1
seqneut25to26_sera_5007,A/Indonesia/BIOKES-I-BT074/2025_H3N2,plate21-A/Indonesia/BIOKES-I-BT074/2025_H3N2,1.362e+04,1.185,1
seqneut25to26_sera_5007,A/Indonesia/BIOKES-INAD491/2025_H3N2,plate21-A/Indonesia/BIOKES-INAD491/2025_H3N2,40,0.005711,0.005711
seqneut25to26_sera_5007,A/Indonesia/BIOKES-INAD491/2025_H3N2,plate21-A/Indonesia/BIOKES-INAD491/2025_H3N2,92,0.03887,0.03887
seqneut25to26_sera_5007,A/Indonesia/BIOKES-INAD491/2025_H3N2,plate21-A/Indonesia/BIOKES-INAD491/2025_H3N2,212,0.355,0.355
seqneut25to26_sera_5007,A/Indonesia/BIOKES-INAD491/2025_H3N2,plate21-A/Indonesia/BIOKES-INAD491/2025_H3N2,487,0.5166,0.5166
seqneut25to26_sera_5007,A/Indonesia/BIOKES-INAD491/2025_H3N2,plate21-A/Indonesia/BIOKES-INAD491/2025_H3N2,1119,0.803,0.803
seqneut25to26_sera_5007,A/Indonesia/BIOKES-INAD491/2025_H3N2,plate21-A/Indonesia/BIOKES-INAD491/2025_H3N2,2575,0.9696,0.9696
seqneut25to26_sera_5007,A/Indonesia/BIOKES-INAD491/2025_H3N2,plate21-A/Indonesia/BIOKES-INAD491/2025_H3N2,5921,0.8124,0.8124
seqneut25to26_sera_5007,A/Indonesia/BIOKES-INAD491/2025_H3N2,plate21-A/Indonesia/BIOKES-INAD491/2025_H3N2,1.362e+04,1.176,1
seqneut25to26_sera_5007,A/Lao/820-2750/2025_H3N2,plate21-A/Lao/820-2750/2025_H3N2,40,0.03825,0.03825
seqneut25to26_sera_5007,A/Lao/820-2750/2025_H3N2,plate21-A/Lao/820-2750/2025_H3N2,92,0.1646,0.1646
seqneut25to26_sera_5007,A/Lao/820-2750/2025_H3N2,plate21-A/Lao/820-2750/2025_H3N2,212,0.4378,0.4378
seqneut25to26_sera_5007,A/Lao/820-2750/2025_H3N2,plate21-A/Lao/820-2750/2025_H3N2,487,0.521,0.521
seqneut25to26_sera_5007,A/Lao/820-2750/2025_H3N2,plate21-A/Lao/820-2750/2025_H3N2,1119,0.8316,0.8316
seqneut25to26_sera_5007,A/Lao/820-2750/2025_H3N2,plate21-A/Lao/820-2750/2025_H3N2,2575,0.7623,0.7623
seqneut25to26_sera_5007,A/Lao/820-2750/2025_H3N2,plate21-A/Lao/820-2750/2025_H3N2,5921,1.078,1
seqneut25to26_sera_5007,A/Lao/820-2750/2025_H3N2,plate21-A/Lao/820-2750/2025_H3N2,1.362e+04,0.73,0.73
seqneut25to26_sera_5007,A/Malaysia/IMR/SARI/2028/2025_H3N2,plate21-A/Malaysia/IMR/SARI/2028/2025_H3N2,40,0.0006231,0.0006231
seqneut25to26_sera_5007,A/Malaysia/IMR/SARI/2028/2025_H3N2,plate21-A/Malaysia/IMR/SARI/2028/2025_H3N2,92,0.0172,0.0172
seqneut25to26_sera_5007,A/Malaysia/IMR/SARI/2028/2025_H3N2,plate21-A/Malaysia/IMR/SARI/2028/2025_H3N2,212,0.1112,0.1112
seqneut25to26_sera_5007,A/Malaysia/IMR/SARI/2028/2025_H3N2,plate21-A/Malaysia/IMR/SARI/2028/2025_H3N2,487,0.3001,0.3001
seqneut25to26_sera_5007,A/Malaysia/IMR/SARI/2028/2025_H3N2,plate21-A/Malaysia/IMR/SARI/2028/2025_H3N2,1119,0.5938,0.5938
seqneut25to26_sera_5007,A/Malaysia/IMR/SARI/2028/2025_H3N2,plate21-A/Malaysia/IMR/SARI/2028/2025_H3N2,2575,0.6412,0.6412
seqneut25to26_sera_5007,A/Malaysia/IMR/SARI/2028/2025_H3N2,plate21-A/Malaysia/IMR/SARI/2028/2025_H3N2,5921,0.8011,0.8011
seqneut25to26_sera_5007,A/Malaysia/IMR/SARI/2028/2025_H3N2,plate21-A/Malaysia/IMR/SARI/2028/2025_H3N2,1.362e+04,0.7707,0.7707
seqneut25to26_sera_5007,A/Malaysia/IMR/SARI/2406/2025_H3N2,plate21-A/Malaysia/IMR/SARI/2406/2025_H3N2,40,0.009826,0.009826
seqneut25to26_sera_5007,A/Malaysia/IMR/SARI/2406/2025_H3N2,plate21-A/Malaysia/IMR/SARI/2406/2025_H3N2,92,0.05466,0.05466
seqneut25to26_sera_5007,A/Malaysia/IMR/SARI/2406/2025_H3N2,plate21-A/Malaysia/IMR/SARI/2406/2025_H3N2,212,0.2117,0.2117
seqneut25to26_sera_5007,A/Malaysia/IMR/SARI/2406/2025_H3N2,plate21-A/Malaysia/IMR/SARI/2406/2025_H3N2,487,0.5125,0.5125
seqneut25to26_sera_5007,A/Malaysia/IMR/SARI/2406/2025_H3N2,plate21-A/Malaysia/IMR/SARI/2406/2025_H3N2,1119,0.7599,0.7599
seqneut25to26_sera_5007,A/Malaysia/IMR/SARI/2406/2025_H3N2,plate21-A/Malaysia/IMR/SARI/2406/2025_H3N2,2575,1.049,1
seqneut25to26_sera_5007,A/Malaysia/IMR/SARI/2406/2025_H3N2,plate21-A/Malaysia/IMR/SARI/2406/2025_H3N2,5921,1.142,1
seqneut25to26_sera_5007,A/Malaysia/IMR/SARI/2406/2025_H3N2,plate21-A/Malaysia/IMR/SARI/2406/2025_H3N2,1.362e+04,0.9845,0.9845
seqneut25to26_sera_5007,A/Malaysia/IMR/SARI/2517/2025_H3N2,plate21-A/Malaysia/IMR/SARI/2517/2025_H3N2,40,0.02839,0.02839
seqneut25to26_sera_5007,A/Malaysia/IMR/SARI/2517/2025_H3N2,plate21-A/Malaysia/IMR/SARI/2517/2025_H3N2,92,0.1738,0.1738
seqneut25to26_sera_5007,A/Malaysia/IMR/SARI/2517/2025_H3N2,plate21-A/Malaysia/IMR/SARI/2517/2025_H3N2,212,0.4511,0.4511
seqneut25to26_sera_5007,A/Malaysia/IMR/SARI/2517/2025_H3N2,plate21-A/Malaysia/IMR/SARI/2517/2025_H3N2,487,0.8455,0.8455
seqneut25to26_sera_5007,A/Malaysia/IMR/SARI/2517/2025_H3N2,plate21-A/Malaysia/IMR/SARI/2517/2025_H3N2,1119,0.9832,0.9832
seqneut25to26_sera_5007,A/Malaysia/IMR/SARI/2517/2025_H3N2,plate21-A/Malaysia/IMR/SARI/2517/2025_H3N2,2575,0.9581,0.9581
seqneut25to26_sera_5007,A/Malaysia/IMR/SARI/2517/2025_H3N2,plate21-A/Malaysia/IMR/SARI/2517/2025_H3N2,5921,1.12,1
seqneut25to26_sera_5007,A/Malaysia/IMR/SARI/2517/2025_H3N2,plate21-A/Malaysia/IMR/SARI/2517/2025_H3N2,1.362e+04,1.415,1
seqneut25to26_sera_5007,A/Massachusetts/18/2022_H3N2,plate21-A/Massachusetts/18/2022_H3N2,40,0.05713,0.05713
seqneut25to26_sera_5007,A/Massachusetts/18/2022_H3N2,plate21-A/Massachusetts/18/2022_H3N2,92,0.3473,0.3473
seqneut25to26_sera_5007,A/Massachusetts/18/2022_H3N2,plate21-A/Massachusetts/18/2022_H3N2,212,0.7158,0.7158
seqneut25to26_sera_5007,A/Massachusetts/18/2022_H3N2,plate21-A/Massachusetts/18/2022_H3N2,487,0.7131,0.7131
seqneut25to26_sera_5007,A/Massachusetts/18/2022_H3N2,plate21-A/Massachusetts/18/2022_H3N2,1119,0.8751,0.8751
seqneut25to26_sera_5007,A/Massachusetts/18/2022_H3N2,plate21-A/Massachusetts/18/2022_H3N2,2575,0.8185,0.8185
seqneut25to26_sera_5007,A/Massachusetts/18/2022_H3N2,plate21-A/Massachusetts/18/2022_H3N2,5921,1.251,1
seqneut25to26_sera_5007,A/Massachusetts/18/2022_H3N2,plate21-A/Massachusetts/18/2022_H3N2,1.362e+04,0.9037,0.9037
seqneut25to26_sera_5007,A/Michigan/110/2025_H3N2,plate21-A/Michigan/110/2025_H3N2,40,0.00602,0.00602
seqneut25to26_sera_5007,A/Michigan/110/2025_H3N2,plate21-A/Michigan/110/2025_H3N2,92,0.134,0.134
seqneut25to26_sera_5007,A/Michigan/110/2025_H3N2,plate21-A/Michigan/110/2025_H3N2,212,0.1877,0.1877
seqneut25to26_sera_5007,A/Michigan/110/2025_H3N2,plate21-A/Michigan/110/2025_H3N2,487,0.6088,0.6088
seqneut25to26_sera_5007,A/Michigan/110/2025_H3N2,plate21-A/Michigan/110/2025_H3N2,1119,0.7471,0.7471
seqneut25to26_sera_5007,A/Michigan/110/2025_H3N2,plate21-A/Michigan/110/2025_H3N2,2575,0.6962,0.6962
seqneut25to26_sera_5007,A/Michigan/110/2025_H3N2,plate21-A/Michigan/110/2025_H3N2,5921,1.047,1
seqneut25to26_sera_5007,A/Michigan/110/2025_H3N2,plate21-A/Michigan/110/2025_H3N2,1.362e+04,0.962,0.962
seqneut25to26_sera_5007,A/Minnesota/96/2025_H3N2,plate21-A/Minnesota/96/2025_H3N2,40,0.003206,0.003206
seqneut25to26_sera_5007,A/Minnesota/96/2025_H3N2,plate21-A/Minnesota/96/2025_H3N2,92,0.07687,0.07687
seqneut25to26_sera_5007,A/Minnesota/96/2025_H3N2,plate21-A/Minnesota/96/2025_H3N2,212,0.2324,0.2324
seqneut25to26_sera_5007,A/Minnesota/96/2025_H3N2,plate21-A/Minnesota/96/2025_H3N2,487,0.3536,0.3536
seqneut25to26_sera_5007,A/Minnesota/96/2025_H3N2,plate21-A/Minnesota/96/2025_H3N2,1119,0.6569,0.6569
seqneut25to26_sera_5007,A/Minnesota/96/2025_H3N2,plate21-A/Minnesota/96/2025_H3N2,2575,0.8254,0.8254
seqneut25to26_sera_5007,A/Minnesota/96/2025_H3N2,plate21-A/Minnesota/96/2025_H3N2,5921,0.8819,0.8819
seqneut25to26_sera_5007,A/Minnesota/96/2025_H3N2,plate21-A/Minnesota/96/2025_H3N2,1.362e+04,0.8925,0.8925
seqneut25to26_sera_5007,A/Missouri/11/2025_H1N1,plate21-A/Missouri/11/2025_H1N1,40,0.0007947,0.0007947
seqneut25to26_sera_5007,A/Missouri/11/2025_H1N1,plate21-A/Missouri/11/2025_H1N1,92,0.00951,0.00951
seqneut25to26_sera_5007,A/Missouri/11/2025_H1N1,plate21-A/Missouri/11/2025_H1N1,212,0.2038,0.2038
seqneut25to26_sera_5007,A/Missouri/11/2025_H1N1,plate21-A/Missouri/11/2025_H1N1,487,0.4138,0.4138
seqneut25to26_sera_5007,A/Missouri/11/2025_H1N1,plate21-A/Missouri/11/2025_H1N1,1119,1.207,1
seqneut25to26_sera_5007,A/Missouri/11/2025_H1N1,plate21-A/Missouri/11/2025_H1N1,2575,0.7084,0.7084
seqneut25to26_sera_5007,A/Missouri/11/2025_H1N1,plate21-A/Missouri/11/2025_H1N1,5921,0.9444,0.9444
seqneut25to26_sera_5007,A/Missouri/11/2025_H1N1,plate21-A/Missouri/11/2025_H1N1,1.362e+04,1.423,1
seqneut25to26_sera_5007,A/NewSouthWales/2526015582/2025_H3N2,plate21-A/NewSouthWales/2526015582/2025_H3N2,40,0.01791,0.01791
seqneut25to26_sera_5007,A/NewSouthWales/2526015582/2025_H3N2,plate21-A/NewSouthWales/2526015582/2025_H3N2,92,0.1513,0.1513
seqneut25to26_sera_5007,A/NewSouthWales/2526015582/2025_H3N2,plate21-A/NewSouthWales/2526015582/2025_H3N2,212,0.2467,0.2467
seqneut25to26_sera_5007,A/NewSouthWales/2526015582/2025_H3N2,plate21-A/NewSouthWales/2526015582/2025_H3N2,487,0.5715,0.5715
seqneut25to26_sera_5007,A/NewSouthWales/2526015582/2025_H3N2,plate21-A/NewSouthWales/2526015582/2025_H3N2,1119,0.8752,0.8752
seqneut25to26_sera_5007,A/NewSouthWales/2526015582/2025_H3N2,plate21-A/NewSouthWales/2526015582/2025_H3N2,2575,1.062,1
seqneut25to26_sera_5007,A/NewSouthWales/2526015582/2025_H3N2,plate21-A/NewSouthWales/2526015582/2025_H3N2,5921,0.8735,0.8735
seqneut25to26_sera_5007,A/NewSouthWales/2526015582/2025_H3N2,plate21-A/NewSouthWales/2526015582/2025_H3N2,1.362e+04,1.044,1
seqneut25to26_sera_5007,A/NewSouthWales/2526015584/2025_H3N2,plate21-A/NewSouthWales/2526015584/2025_H3N2,40,0.002825,0.002825
seqneut25to26_sera_5007,A/NewSouthWales/2526015584/2025_H3N2,plate21-A/NewSouthWales/2526015584/2025_H3N2,92,0.03749,0.03749
seqneut25to26_sera_5007,A/NewSouthWales/2526015584/2025_H3N2,plate21-A/NewSouthWales/2526015584/2025_H3N2,212,0.1387,0.1387
seqneut25to26_sera_5007,A/NewSouthWales/2526015584/2025_H3N2,plate21-A/NewSouthWales/2526015584/2025_H3N2,487,0.2965,0.2965
seqneut25to26_sera_5007,A/NewSouthWales/2526015584/2025_H3N2,plate21-A/NewSouthWales/2526015584/2025_H3N2,1119,0.7746,0.7746
seqneut25to26_sera_5007,A/NewSouthWales/2526015584/2025_H3N2,plate21-A/NewSouthWales/2526015584/2025_H3N2,2575,0.772,0.772
seqneut25to26_sera_5007,A/NewSouthWales/2526015584/2025_H3N2,plate21-A/NewSouthWales/2526015584/2025_H3N2,5921,1.062,1
seqneut25to26_sera_5007,A/NewSouthWales/2526015584/2025_H3N2,plate21-A/NewSouthWales/2526015584/2025_H3N2,1.362e+04,1.036,1
seqneut25to26_sera_5007,A/Norway/8765/2025_H3N2,plate21-A/Norway/8765/2025_H3N2,40,0.007428,0.007428
seqneut25to26_sera_5007,A/Norway/8765/2025_H3N2,plate21-A/Norway/8765/2025_H3N2,92,0.07015,0.07015
seqneut25to26_sera_5007,A/Norway/8765/2025_H3N2,plate21-A/Norway/8765/2025_H3N2,212,0.1926,0.1926
seqneut25to26_sera_5007,A/Norway/8765/2025_H3N2,plate21-A/Norway/8765/2025_H3N2,487,0.3964,0.3964
seqneut25to26_sera_5007,A/Norway/8765/2025_H3N2,plate21-A/Norway/8765/2025_H3N2,1119,0.7285,0.7285
seqneut25to26_sera_5007,A/Norway/8765/2025_H3N2,plate21-A/Norway/8765/2025_H3N2,2575,0.6676,0.6676
seqneut25to26_sera_5007,A/Norway/8765/2025_H3N2,plate21-A/Norway/8765/2025_H3N2,5921,0.848,0.848
seqneut25to26_sera_5007,A/Norway/8765/2025_H3N2,plate21-A/Norway/8765/2025_H3N2,1.362e+04,0.8684,0.8684
seqneut25to26_sera_5007,A/Norway/8976/2025_H3N2,plate21-A/Norway/8976/2025_H3N2,40,0.006525,0.006525
seqneut25to26_sera_5007,A/Norway/8976/2025_H3N2,plate21-A/Norway/8976/2025_H3N2,92,0.0541,0.0541
seqneut25to26_sera_5007,A/Norway/8976/2025_H3N2,plate21-A/Norway/8976/2025_H3N2,212,0.1952,0.1952
seqneut25to26_sera_5007,A/Norway/8976/2025_H3N2,plate21-A/Norway/8976/2025_H3N2,487,0.5912,0.5912
seqneut25to26_sera_5007,A/Norway/8976/2025_H3N2,plate21-A/Norway/8976/2025_H3N2,1119,0.8099,0.8099
seqneut25to26_sera_5007,A/Norway/8976/2025_H3N2,plate21-A/Norway/8976/2025_H3N2,2575,0.896,0.896
seqneut25to26_sera_5007,A/Norway/8976/2025_H3N2,plate21-A/Norway/8976/2025_H3N2,5921,0.9407,0.9407
seqneut25to26_sera_5007,A/Norway/8976/2025_H3N2,plate21-A/Norway/8976/2025_H3N2,1.362e+04,0.9352,0.9352
seqneut25to26_sera_5007,A/Norway/9107/2025_H1N1,plate21-A/Norway/9107/2025_H1N1,40,0.002317,0.002317
seqneut25to26_sera_5007,A/Norway/9107/2025_H1N1,plate21-A/Norway/9107/2025_H1N1,92,0.021,0.021
seqneut25to26_sera_5007,A/Norway/9107/2025_H1N1,plate21-A/Norway/9107/2025_H1N1,212,0.1489,0.1489
seqneut25to26_sera_5007,A/Norway/9107/2025_H1N1,plate21-A/Norway/9107/2025_H1N1,487,0.472,0.472
seqneut25to26_sera_5007,A/Norway/9107/2025_H1N1,plate21-A/Norway/9107/2025_H1N1,1119,0.8867,0.8867
seqneut25to26_sera_5007,A/Norway/9107/2025_H1N1,plate21-A/Norway/9107/2025_H1N1,2575,0.93,0.93
seqneut25to26_sera_5007,A/Norway/9107/2025_H1N1,plate21-A/Norway/9107/2025_H1N1,5921,1.163,1
seqneut25to26_sera_5007,A/Norway/9107/2025_H1N1,plate21-A/Norway/9107/2025_H1N1,1.362e+04,0.8851,0.8851
seqneut25to26_sera_5007,A/Norway/9556/2025_H1N1,plate21-A/Norway/9556/2025_H1N1,40,0.000475,0.000475
seqneut25to26_sera_5007,A/Norway/9556/2025_H1N1,plate21-A/Norway/9556/2025_H1N1,92,0.01036,0.01036
seqneut25to26_sera_5007,A/Norway/9556/2025_H1N1,plate21-A/Norway/9556/2025_H1N1,212,0.1879,0.1879
seqneut25to26_sera_5007,A/Norway/9556/2025_H1N1,plate21-A/Norway/9556/2025_H1N1,487,0.5156,0.5156
seqneut25to26_sera_5007,A/Norway/9556/2025_H1N1,plate21-A/Norway/9556/2025_H1N1,1119,0.8153,0.8153
seqneut25to26_sera_5007,A/Norway/9556/2025_H1N1,plate21-A/Norway/9556/2025_H1N1,2575,0.9247,0.9247
seqneut25to26_sera_5007,A/Norway/9556/2025_H1N1,plate21-A/Norway/9556/2025_H1N1,5921,0.9186,0.9186
seqneut25to26_sera_5007,A/Norway/9556/2025_H1N1,plate21-A/Norway/9556/2025_H1N1,1.362e+04,0.9635,0.9635
seqneut25to26_sera_5007,A/Peru/GIHSN-04-1089/2025_H3N2,plate21-A/Peru/GIHSN-04-1089/2025_H3N2,40,0.01322,0.01322
seqneut25to26_sera_5007,A/Peru/GIHSN-04-1089/2025_H3N2,plate21-A/Peru/GIHSN-04-1089/2025_H3N2,92,0.2008,0.2008
seqneut25to26_sera_5007,A/Peru/GIHSN-04-1089/2025_H3N2,plate21-A/Peru/GIHSN-04-1089/2025_H3N2,212,0.5298,0.5298
seqneut25to26_sera_5007,A/Peru/GIHSN-04-1089/2025_H3N2,plate21-A/Peru/GIHSN-04-1089/2025_H3N2,487,0.8196,0.8196
seqneut25to26_sera_5007,A/Peru/GIHSN-04-1089/2025_H3N2,plate21-A/Peru/GIHSN-04-1089/2025_H3N2,1119,1.078,1
seqneut25to26_sera_5007,A/Peru/GIHSN-04-1089/2025_H3N2,plate21-A/Peru/GIHSN-04-1089/2025_H3N2,2575,0.8362,0.8362
seqneut25to26_sera_5007,A/Peru/GIHSN-04-1089/2025_H3N2,plate21-A/Peru/GIHSN-04-1089/2025_H3N2,5921,0.9431,0.9431
seqneut25to26_sera_5007,A/Peru/GIHSN-04-1089/2025_H3N2,plate21-A/Peru/GIHSN-04-1089/2025_H3N2,1.362e+04,1.132,1
seqneut25to26_sera_5007,A/Philippines/SARI25-1425/2025_H1N1,plate21-A/Philippines/SARI25-1425/2025_H1N1,40,0.001183,0.001183
seqneut25to26_sera_5007,A/Philippines/SARI25-1425/2025_H1N1,plate21-A/Philippines/SARI25-1425/2025_H1N1,92,0.0113,0.0113
seqneut25to26_sera_5007,A/Philippines/SARI25-1425/2025_H1N1,plate21-A/Philippines/SARI25-1425/2025_H1N1,212,0.1185,0.1185
seqneut25to26_sera_5007,A/Philippines/SARI25-1425/2025_H1N1,plate21-A/Philippines/SARI25-1425/2025_H1N1,487,0.4505,0.4505
seqneut25to26_sera_5007,A/Philippines/SARI25-1425/2025_H1N1,plate21-A/Philippines/SARI25-1425/2025_H1N1,1119,0.7522,0.7522
seqneut25to26_sera_5007,A/Philippines/SARI25-1425/2025_H1N1,plate21-A/Philippines/SARI25-1425/2025_H1N1,2575,0.8544,0.8544
seqneut25to26_sera_5007,A/Philippines/SARI25-1425/2025_H1N1,plate21-A/Philippines/SARI25-1425/2025_H1N1,5921,0.9029,0.9029
seqneut25to26_sera_5007,A/Philippines/SARI25-1425/2025_H1N1,plate21-A/Philippines/SARI25-1425/2025_H1N1,1.362e+04,0.8824,0.8824
seqneut25to26_sera_5007,A/Queensland/2526516675/2025_H3N2,plate21-A/Queensland/2526516675/2025_H3N2,40,0.008484,0.008484
seqneut25to26_sera_5007,A/Queensland/2526516675/2025_H3N2,plate21-A/Queensland/2526516675/2025_H3N2,92,0.1004,0.1004
seqneut25to26_sera_5007,A/Queensland/2526516675/2025_H3N2,plate21-A/Queensland/2526516675/2025_H3N2,212,0.2719,0.2719
seqneut25to26_sera_5007,A/Queensland/2526516675/2025_H3N2,plate21-A/Queensland/2526516675/2025_H3N2,487,0.4901,0.4901
seqneut25to26_sera_5007,A/Queensland/2526516675/2025_H3N2,plate21-A/Queensland/2526516675/2025_H3N2,1119,0.9284,0.9284
seqneut25to26_sera_5007,A/Queensland/2526516675/2025_H3N2,plate21-A/Queensland/2526516675/2025_H3N2,2575,0.913,0.913
seqneut25to26_sera_5007,A/Queensland/2526516675/2025_H3N2,plate21-A/Queensland/2526516675/2025_H3N2,5921,1.227,1
seqneut25to26_sera_5007,A/Queensland/2526516675/2025_H3N2,plate21-A/Queensland/2526516675/2025_H3N2,1.362e+04,0.8582,0.8582
seqneut25to26_sera_5007,A/SouthAfrica/PET37604/2025_H3N2,plate21-A/SouthAfrica/PET37604/2025_H3N2,40,0.007882,0.007882
seqneut25to26_sera_5007,A/SouthAfrica/PET37604/2025_H3N2,plate21-A/SouthAfrica/PET37604/2025_H3N2,92,0.05707,0.05707
seqneut25to26_sera_5007,A/SouthAfrica/PET37604/2025_H3N2,plate21-A/SouthAfrica/PET37604/2025_H3N2,212,0.2415,0.2415
seqneut25to26_sera_5007,A/SouthAfrica/PET37604/2025_H3N2,plate21-A/SouthAfrica/PET37604/2025_H3N2,487,0.517,0.517
seqneut25to26_sera_5007,A/SouthAfrica/PET37604/2025_H3N2,plate21-A/SouthAfrica/PET37604/2025_H3N2,1119,0.7799,0.7799
seqneut25to26_sera_5007,A/SouthAfrica/PET37604/2025_H3N2,plate21-A/SouthAfrica/PET37604/2025_H3N2,2575,0.6246,0.6246
seqneut25to26_sera_5007,A/SouthAfrica/PET37604/2025_H3N2,plate21-A/SouthAfrica/PET37604/2025_H3N2,5921,0.9366,0.9366
seqneut25to26_sera_5007,A/SouthAfrica/PET37604/2025_H3N2,plate21-A/SouthAfrica/PET37604/2025_H3N2,1.362e+04,0.9953,0.9953
seqneut25to26_sera_5007,A/SouthAfrica/PET37625/2025_H3N2,plate21-A/SouthAfrica/PET37625/2025_H3N2,40,0.00454,0.00454
seqneut25to26_sera_5007,A/SouthAfrica/PET37625/2025_H3N2,plate21-A/SouthAfrica/PET37625/2025_H3N2,92,0.02921,0.02921
seqneut25to26_sera_5007,A/SouthAfrica/PET37625/2025_H3N2,plate21-A/SouthAfrica/PET37625/2025_H3N2,212,0.1192,0.1192
seqneut25to26_sera_5007,A/SouthAfrica/PET37625/2025_H3N2,plate21-A/SouthAfrica/PET37625/2025_H3N2,487,0.3292,0.3292
seqneut25to26_sera_5007,A/SouthAfrica/PET37625/2025_H3N2,plate21-A/SouthAfrica/PET37625/2025_H3N2,1119,0.7288,0.7288
seqneut25to26_sera_5007,A/SouthAfrica/PET37625/2025_H3N2,plate21-A/SouthAfrica/PET37625/2025_H3N2,2575,1.002,1
seqneut25to26_sera_5007,A/SouthAfrica/PET37625/2025_H3N2,plate21-A/SouthAfrica/PET37625/2025_H3N2,5921,1.119,1
seqneut25to26_sera_5007,A/SouthAfrica/PET37625/2025_H3N2,plate21-A/SouthAfrica/PET37625/2025_H3N2,1.362e+04,0.9931,0.9931
seqneut25to26_sera_5007,A/SouthAustralia/2519001037/2025_H1N1,plate21-A/SouthAustralia/2519001037/2025_H1N1,40,0.001556,0.001556
seqneut25to26_sera_5007,A/SouthAustralia/2519001037/2025_H1N1,plate21-A/SouthAustralia/2519001037/2025_H1N1,92,0.02252,0.02252
seqneut25to26_sera_5007,A/SouthAustralia/2519001037/2025_H1N1,plate21-A/SouthAustralia/2519001037/2025_H1N1,212,0.1401,0.1401
seqneut25to26_sera_5007,A/SouthAustralia/2519001037/2025_H1N1,plate21-A/SouthAustralia/2519001037/2025_H1N1,487,0.5037,0.5037
seqneut25to26_sera_5007,A/SouthAustralia/2519001037/2025_H1N1,plate21-A/SouthAustralia/2519001037/2025_H1N1,1119,0.833,0.833
seqneut25to26_sera_5007,A/SouthAustralia/2519001037/2025_H1N1,plate21-A/SouthAustralia/2519001037/2025_H1N1,2575,1.01,1
seqneut25to26_sera_5007,A/SouthAustralia/2519001037/2025_H1N1,plate21-A/SouthAustralia/2519001037/2025_H1N1,5921,0.9259,0.9259
seqneut25to26_sera_5007,A/SouthAustralia/2519001037/2025_H1N1,plate21-A/SouthAustralia/2519001037/2025_H1N1,1.362e+04,0.8978,0.8978
seqneut25to26_sera_5007,A/SouthAustralia/2520702747/2025_H1N1,plate21-A/SouthAustralia/2520702747/2025_H1N1,40,0.001058,0.001058
seqneut25to26_sera_5007,A/SouthAustralia/2520702747/2025_H1N1,plate21-A/SouthAustralia/2520702747/2025_H1N1,92,0.005709,0.005709
seqneut25to26_sera_5007,A/SouthAustralia/2520702747/2025_H1N1,plate21-A/SouthAustralia/2520702747/2025_H1N1,212,0.08939,0.08939
seqneut25to26_sera_5007,A/SouthAustralia/2520702747/2025_H1N1,plate21-A/SouthAustralia/2520702747/2025_H1N1,487,0.3148,0.3148
seqneut25to26_sera_5007,A/SouthAustralia/2520702747/2025_H1N1,plate21-A/SouthAustralia/2520702747/2025_H1N1,1119,0.895,0.895
seqneut25to26_sera_5007,A/SouthAustralia/2520702747/2025_H1N1,plate21-A/SouthAustralia/2520702747/2025_H1N1,2575,0.7316,0.7316
seqneut25to26_sera_5007,A/SouthAustralia/2520702747/2025_H1N1,plate21-A/SouthAustralia/2520702747/2025_H1N1,5921,0.7742,0.7742
seqneut25to26_sera_5007,A/SouthAustralia/2520702747/2025_H1N1,plate21-A/SouthAustralia/2520702747/2025_H1N1,1.362e+04,0.8642,0.8642
seqneut25to26_sera_5007,A/SouthAustralia/2523012764/2025_H1N1,plate21-A/SouthAustralia/2523012764/2025_H1N1,40,0.005138,0.005138
seqneut25to26_sera_5007,A/SouthAustralia/2523012764/2025_H1N1,plate21-A/SouthAustralia/2523012764/2025_H1N1,92,0.02745,0.02745
seqneut25to26_sera_5007,A/SouthAustralia/2523012764/2025_H1N1,plate21-A/SouthAustralia/2523012764/2025_H1N1,212,0.09616,0.09616
seqneut25to26_sera_5007,A/SouthAustralia/2523012764/2025_H1N1,plate21-A/SouthAustralia/2523012764/2025_H1N1,487,0.4662,0.4662
seqneut25to26_sera_5007,A/SouthAustralia/2523012764/2025_H1N1,plate21-A/SouthAustralia/2523012764/2025_H1N1,1119,0.9392,0.9392
seqneut25to26_sera_5007,A/SouthAustralia/2523012764/2025_H1N1,plate21-A/SouthAustralia/2523012764/2025_H1N1,2575,0.7323,0.7323
seqneut25to26_sera_5007,A/SouthAustralia/2523012764/2025_H1N1,plate21-A/SouthAustralia/2523012764/2025_H1N1,5921,1.287,1
seqneut25to26_sera_5007,A/SouthAustralia/2523012764/2025_H1N1,plate21-A/SouthAustralia/2523012764/2025_H1N1,1.362e+04,1.533,1
seqneut25to26_sera_5007,A/SouthAustralia/2523812314/2025_H3N2,plate21-A/SouthAustralia/2523812314/2025_H3N2,40,0.004687,0.004687
seqneut25to26_sera_5007,A/SouthAustralia/2523812314/2025_H3N2,plate21-A/SouthAustralia/2523812314/2025_H3N2,92,0.03386,0.03386
seqneut25to26_sera_5007,A/SouthAustralia/2523812314/2025_H3N2,plate21-A/SouthAustralia/2523812314/2025_H3N2,212,0.07712,0.07712
seqneut25to26_sera_5007,A/SouthAustralia/2523812314/2025_H3N2,plate21-A/SouthAustralia/2523812314/2025_H3N2,487,0.1853,0.1853
seqneut25to26_sera_5007,A/SouthAustralia/2523812314/2025_H3N2,plate21-A/SouthAustralia/2523812314/2025_H3N2,1119,0.5655,0.5655
seqneut25to26_sera_5007,A/SouthAustralia/2523812314/2025_H3N2,plate21-A/SouthAustralia/2523812314/2025_H3N2,2575,0.565,0.565
seqneut25to26_sera_5007,A/SouthAustralia/2523812314/2025_H3N2,plate21-A/SouthAustralia/2523812314/2025_H3N2,5921,0.779,0.779
seqneut25to26_sera_5007,A/SouthAustralia/2523812314/2025_H3N2,plate21-A/SouthAustralia/2523812314/2025_H3N2,1.362e+04,1.023,1
seqneut25to26_sera_5007,A/SouthAustralia/2524408801/2025_H3N2,plate21-A/SouthAustralia/2524408801/2025_H3N2,40,0.0764,0.0764
seqneut25to26_sera_5007,A/SouthAustralia/2524408801/2025_H3N2,plate21-A/SouthAustralia/2524408801/2025_H3N2,92,0.2556,0.2556
seqneut25to26_sera_5007,A/SouthAustralia/2524408801/2025_H3N2,plate21-A/SouthAustralia/2524408801/2025_H3N2,212,0.2464,0.2464
seqneut25to26_sera_5007,A/SouthAustralia/2524408801/2025_H3N2,plate21-A/SouthAustralia/2524408801/2025_H3N2,487,0.7036,0.7036
seqneut25to26_sera_5007,A/SouthAustralia/2524408801/2025_H3N2,plate21-A/SouthAustralia/2524408801/2025_H3N2,1119,1.002,1
seqneut25to26_sera_5007,A/SouthAustralia/2524408801/2025_H3N2,plate21-A/SouthAustralia/2524408801/2025_H3N2,2575,0.8939,0.8939
seqneut25to26_sera_5007,A/SouthAustralia/2524408801/2025_H3N2,plate21-A/SouthAustralia/2524408801/2025_H3N2,5921,0.9471,0.9471
seqneut25to26_sera_5007,A/SouthAustralia/2524408801/2025_H3N2,plate21-A/SouthAustralia/2524408801/2025_H3N2,1.362e+04,1.066,1
seqneut25to26_sera_5007,A/SouthAustralia/2524712956/2025_H1N1,plate21-A/SouthAustralia/2524712956/2025_H1N1,40,0.001372,0.001372
seqneut25to26_sera_5007,A/SouthAustralia/2524712956/2025_H1N1,plate21-A/SouthAustralia/2524712956/2025_H1N1,92,0.03567,0.03567
seqneut25to26_sera_5007,A/SouthAustralia/2524712956/2025_H1N1,plate21-A/SouthAustralia/2524712956/2025_H1N1,212,0.1015,0.1015
seqneut25to26_sera_5007,A/SouthAustralia/2524712956/2025_H1N1,plate21-A/SouthAustralia/2524712956/2025_H1N1,487,0.3373,0.3373
seqneut25to26_sera_5007,A/SouthAustralia/2524712956/2025_H1N1,plate21-A/SouthAustralia/2524712956/2025_H1N1,1119,0.6722,0.6722
seqneut25to26_sera_5007,A/SouthAustralia/2524712956/2025_H1N1,plate21-A/SouthAustralia/2524712956/2025_H1N1,2575,0.6842,0.6842
seqneut25to26_sera_5007,A/SouthAustralia/2524712956/2025_H1N1,plate21-A/SouthAustralia/2524712956/2025_H1N1,5921,0.9354,0.9354
seqneut25to26_sera_5007,A/SouthAustralia/2524712956/2025_H1N1,plate21-A/SouthAustralia/2524712956/2025_H1N1,1.362e+04,1.043,1
seqneut25to26_sera_5007,A/SouthAustralia/2525607496/2025_H3N2,plate21-A/SouthAustralia/2525607496/2025_H3N2,40,0.0005277,0.0005277
seqneut25to26_sera_5007,A/SouthAustralia/2525607496/2025_H3N2,plate21-A/SouthAustralia/2525607496/2025_H3N2,92,0.04612,0.04612
seqneut25to26_sera_5007,A/SouthAustralia/2525607496/2025_H3N2,plate21-A/SouthAustralia/2525607496/2025_H3N2,212,0.07404,0.07404
seqneut25to26_sera_5007,A/SouthAustralia/2525607496/2025_H3N2,plate21-A/SouthAustralia/2525607496/2025_H3N2,487,0.452,0.452
seqneut25to26_sera_5007,A/SouthAustralia/2525607496/2025_H3N2,plate21-A/SouthAustralia/2525607496/2025_H3N2,1119,0.8392,0.8392
seqneut25to26_sera_5007,A/SouthAustralia/2525607496/2025_H3N2,plate21-A/SouthAustralia/2525607496/2025_H3N2,2575,0.9635,0.9635
seqneut25to26_sera_5007,A/SouthAustralia/2525607496/2025_H3N2,plate21-A/SouthAustralia/2525607496/2025_H3N2,5921,1.164,1
seqneut25to26_sera_5007,A/SouthAustralia/2525607496/2025_H3N2,plate21-A/SouthAustralia/2525607496/2025_H3N2,1.362e+04,0.7601,0.7601
seqneut25to26_sera_5007,A/SouthAustralia/2527003588/2025_H3N2,plate21-A/SouthAustralia/2527003588/2025_H3N2,40,0.01115,0.01115
seqneut25to26_sera_5007,A/SouthAustralia/2527003588/2025_H3N2,plate21-A/SouthAustralia/2527003588/2025_H3N2,92,0.09819,0.09819
seqneut25to26_sera_5007,A/SouthAustralia/2527003588/2025_H3N2,plate21-A/SouthAustralia/2527003588/2025_H3N2,212,0.2502,0.2502
seqneut25to26_sera_5007,A/SouthAustralia/2527003588/2025_H3N2,plate21-A/SouthAustralia/2527003588/2025_H3N2,487,0.6994,0.6994
seqneut25to26_sera_5007,A/SouthAustralia/2527003588/2025_H3N2,plate21-A/SouthAustralia/2527003588/2025_H3N2,1119,0.9915,0.9915
seqneut25to26_sera_5007,A/SouthAustralia/2527003588/2025_H3N2,plate21-A/SouthAustralia/2527003588/2025_H3N2,2575,1.02,1
seqneut25to26_sera_5007,A/SouthAustralia/2527003588/2025_H3N2,plate21-A/SouthAustralia/2527003588/2025_H3N2,5921,1.204,1
seqneut25to26_sera_5007,A/SouthAustralia/2527003588/2025_H3N2,plate21-A/SouthAustralia/2527003588/2025_H3N2,1.362e+04,1.222,1
seqneut25to26_sera_5007,A/SouthAustralia/2527213276/2025_H3N2,plate21-A/SouthAustralia/2527213276/2025_H3N2,40,0.016,0.016
seqneut25to26_sera_5007,A/SouthAustralia/2527213276/2025_H3N2,plate21-A/SouthAustralia/2527213276/2025_H3N2,92,0.04991,0.04991
seqneut25to26_sera_5007,A/SouthAustralia/2527213276/2025_H3N2,plate21-A/SouthAustralia/2527213276/2025_H3N2,212,0.1383,0.1383
seqneut25to26_sera_5007,A/SouthAustralia/2527213276/2025_H3N2,plate21-A/SouthAustralia/2527213276/2025_H3N2,487,0.3913,0.3913
seqneut25to26_sera_5007,A/SouthAustralia/2527213276/2025_H3N2,plate21-A/SouthAustralia/2527213276/2025_H3N2,1119,0.9077,0.9077
seqneut25to26_sera_5007,A/SouthAustralia/2527213276/2025_H3N2,plate21-A/SouthAustralia/2527213276/2025_H3N2,2575,0.5199,0.5199
seqneut25to26_sera_5007,A/SouthAustralia/2527213276/2025_H3N2,plate21-A/SouthAustralia/2527213276/2025_H3N2,5921,0.7872,0.7872
seqneut25to26_sera_5007,A/SouthAustralia/2527213276/2025_H3N2,plate21-A/SouthAustralia/2527213276/2025_H3N2,1.362e+04,0.9103,0.9103
seqneut25to26_sera_5007,A/SouthAustralia/2527612456/2025_H1N1,plate21-A/SouthAustralia/2527612456/2025_H1N1,40,9.575e-05,9.575e-05
seqneut25to26_sera_5007,A/SouthAustralia/2527612456/2025_H1N1,plate21-A/SouthAustralia/2527612456/2025_H1N1,92,0.04377,0.04377
seqneut25to26_sera_5007,A/SouthAustralia/2527612456/2025_H1N1,plate21-A/SouthAustralia/2527612456/2025_H1N1,212,0.2141,0.2141
seqneut25to26_sera_5007,A/SouthAustralia/2527612456/2025_H1N1,plate21-A/SouthAustralia/2527612456/2025_H1N1,487,1.09,1
seqneut25to26_sera_5007,A/SouthAustralia/2527612456/2025_H1N1,plate21-A/SouthAustralia/2527612456/2025_H1N1,1119,0.8624,0.8624
seqneut25to26_sera_5007,A/SouthAustralia/2527612456/2025_H1N1,plate21-A/SouthAustralia/2527612456/2025_H1N1,2575,1.027,1
seqneut25to26_sera_5007,A/SouthAustralia/2527612456/2025_H1N1,plate21-A/SouthAustralia/2527612456/2025_H1N1,5921,1.059,1
seqneut25to26_sera_5007,A/SouthAustralia/2527612456/2025_H1N1,plate21-A/SouthAustralia/2527612456/2025_H1N1,1.362e+04,1.027,1
seqneut25to26_sera_5007,A/SouthAustralia/2527902708/2025_H3N2,plate21-A/SouthAustralia/2527902708/2025_H3N2,40,0.01818,0.01818
seqneut25to26_sera_5007,A/SouthAustralia/2527902708/2025_H3N2,plate21-A/SouthAustralia/2527902708/2025_H3N2,92,0.03013,0.03013
seqneut25to26_sera_5007,A/SouthAustralia/2527902708/2025_H3N2,plate21-A/SouthAustralia/2527902708/2025_H3N2,212,0.3787,0.3787
seqneut25to26_sera_5007,A/SouthAustralia/2527902708/2025_H3N2,plate21-A/SouthAustralia/2527902708/2025_H3N2,487,0.5623,0.5623
seqneut25to26_sera_5007,A/SouthAustralia/2527902708/2025_H3N2,plate21-A/SouthAustralia/2527902708/2025_H3N2,1119,0.6097,0.6097
seqneut25to26_sera_5007,A/SouthAustralia/2527902708/2025_H3N2,plate21-A/SouthAustralia/2527902708/2025_H3N2,2575,0.9577,0.9577
seqneut25to26_sera_5007,A/SouthAustralia/2527902708/2025_H3N2,plate21-A/SouthAustralia/2527902708/2025_H3N2,5921,1.382,1
seqneut25to26_sera_5007,A/SouthAustralia/2527902708/2025_H3N2,plate21-A/SouthAustralia/2527902708/2025_H3N2,1.362e+04,1.166,1
seqneut25to26_sera_5007,A/Sydney/1359/2024_H3N2,plate21-A/Sydney/1359/2024_H3N2,40,0.001151,0.001151
seqneut25to26_sera_5007,A/Sydney/1359/2024_H3N2,plate21-A/Sydney/1359/2024_H3N2,92,0.02614,0.02614
seqneut25to26_sera_5007,A/Sydney/1359/2024_H3N2,plate21-A/Sydney/1359/2024_H3N2,212,0.1809,0.1809
seqneut25to26_sera_5007,A/Sydney/1359/2024_H3N2,plate21-A/Sydney/1359/2024_H3N2,487,0.3525,0.3525
seqneut25to26_sera_5007,A/Sydney/1359/2024_H3N2,plate21-A/Sydney/1359/2024_H3N2,1119,0.503,0.503
seqneut25to26_sera_5007,A/Sydney/1359/2024_H3N2,plate21-A/Sydney/1359/2024_H3N2,2575,0.6522,0.6522
seqneut25to26_sera_5007,A/Sydney/1359/2024_H3N2,plate21-A/Sydney/1359/2024_H3N2,5921,0.7202,0.7202
seqneut25to26_sera_5007,A/Sydney/1359/2024_H3N2,plate21-A/Sydney/1359/2024_H3N2,1.362e+04,0.9182,0.9182
seqneut25to26_sera_5007,A/Sydney/400/2025_H1N1,plate21-A/Sydney/400/2025_H1N1,40,0.001231,0.001231
seqneut25to26_sera_5007,A/Sydney/400/2025_H1N1,plate21-A/Sydney/400/2025_H1N1,92,0.002923,0.002923
seqneut25to26_sera_5007,A/Sydney/400/2025_H1N1,plate21-A/Sydney/400/2025_H1N1,212,0.03586,0.03586
seqneut25to26_sera_5007,A/Sydney/400/2025_H1N1,plate21-A/Sydney/400/2025_H1N1,487,0.2294,0.2294
seqneut25to26_sera_5007,A/Sydney/400/2025_H1N1,plate21-A/Sydney/400/2025_H1N1,1119,0.7489,0.7489
seqneut25to26_sera_5007,A/Sydney/400/2025_H1N1,plate21-A/Sydney/400/2025_H1N1,2575,0.8934,0.8934
seqneut25to26_sera_5007,A/Sydney/400/2025_H1N1,plate21-A/Sydney/400/2025_H1N1,5921,0.958,0.958
seqneut25to26_sera_5007,A/Sydney/400/2025_H1N1,plate21-A/Sydney/400/2025_H1N1,1.362e+04,1.026,1
seqneut25to26_sera_5007,A/Tasmania/2521815682/2025_H3N2,plate21-A/Tasmania/2521815682/2025_H3N2,40,0.02888,0.02888
seqneut25to26_sera_5007,A/Tasmania/2521815682/2025_H3N2,plate21-A/Tasmania/2521815682/2025_H3N2,92,0.1004,0.1004
seqneut25to26_sera_5007,A/Tasmania/2521815682/2025_H3N2,plate21-A/Tasmania/2521815682/2025_H3N2,212,0.3793,0.3793
seqneut25to26_sera_5007,A/Tasmania/2521815682/2025_H3N2,plate21-A/Tasmania/2521815682/2025_H3N2,487,0.5436,0.5436
seqneut25to26_sera_5007,A/Tasmania/2521815682/2025_H3N2,plate21-A/Tasmania/2521815682/2025_H3N2,1119,0.6909,0.6909
seqneut25to26_sera_5007,A/Tasmania/2521815682/2025_H3N2,plate21-A/Tasmania/2521815682/2025_H3N2,2575,0.7522,0.7522
seqneut25to26_sera_5007,A/Tasmania/2521815682/2025_H3N2,plate21-A/Tasmania/2521815682/2025_H3N2,5921,0.8767,0.8767
seqneut25to26_sera_5007,A/Tasmania/2521815682/2025_H3N2,plate21-A/Tasmania/2521815682/2025_H3N2,1.362e+04,0.8368,0.8368
seqneut25to26_sera_5007,A/Thailand/8/2022_H3N2,plate21-A/Thailand/8/2022_H3N2,40,0.008146,0.008146
seqneut25to26_sera_5007,A/Thailand/8/2022_H3N2,plate21-A/Thailand/8/2022_H3N2,92,0.07856,0.07856
seqneut25to26_sera_5007,A/Thailand/8/2022_H3N2,plate21-A/Thailand/8/2022_H3N2,212,0.2684,0.2684
seqneut25to26_sera_5007,A/Thailand/8/2022_H3N2,plate21-A/Thailand/8/2022_H3N2,487,0.7099,0.7099
seqneut25to26_sera_5007,A/Thailand/8/2022_H3N2,plate21-A/Thailand/8/2022_H3N2,1119,0.766,0.766
seqneut25to26_sera_5007,A/Thailand/8/2022_H3N2,plate21-A/Thailand/8/2022_H3N2,2575,1.112,1
seqneut25to26_sera_5007,A/Thailand/8/2022_H3N2,plate21-A/Thailand/8/2022_H3N2,5921,0.8281,0.8281
seqneut25to26_sera_5007,A/Thailand/8/2022_H3N2,plate21-A/Thailand/8/2022_H3N2,1.362e+04,1.313,1
seqneut25to26_sera_5007,A/Vermont/73/2025_H3N2,plate21-A/Vermont/73/2025_H3N2,40,0.01634,0.01634
seqneut25to26_sera_5007,A/Vermont/73/2025_H3N2,plate21-A/Vermont/73/2025_H3N2,92,0.05039,0.05039
seqneut25to26_sera_5007,A/Vermont/73/2025_H3N2,plate21-A/Vermont/73/2025_H3N2,212,0.3251,0.3251
seqneut25to26_sera_5007,A/Vermont/73/2025_H3N2,plate21-A/Vermont/73/2025_H3N2,487,0.6044,0.6044
seqneut25to26_sera_5007,A/Vermont/73/2025_H3N2,plate21-A/Vermont/73/2025_H3N2,1119,0.6643,0.6643
seqneut25to26_sera_5007,A/Vermont/73/2025_H3N2,plate21-A/Vermont/73/2025_H3N2,2575,0.8108,0.8108
seqneut25to26_sera_5007,A/Vermont/73/2025_H3N2,plate21-A/Vermont/73/2025_H3N2,5921,0.9929,0.9929
seqneut25to26_sera_5007,A/Vermont/73/2025_H3N2,plate21-A/Vermont/73/2025_H3N2,1.362e+04,0.8105,0.8105
seqneut25to26_sera_5007,A/Victoria/4897/2022_IVR-238_H1N1,plate21-A/Victoria/4897/2022_IVR-238_H1N1,40,0.0004516,0.0004516
seqneut25to26_sera_5007,A/Victoria/4897/2022_IVR-238_H1N1,plate21-A/Victoria/4897/2022_IVR-238_H1N1,92,0.0007123,0.0007123
seqneut25to26_sera_5007,A/Victoria/4897/2022_IVR-238_H1N1,plate21-A/Victoria/4897/2022_IVR-238_H1N1,212,0,0
seqneut25to26_sera_5007,A/Victoria/4897/2022_IVR-238_H1N1,plate21-A/Victoria/4897/2022_IVR-238_H1N1,487,4.425e-05,4.425e-05
seqneut25to26_sera_5007,A/Victoria/4897/2022_IVR-238_H1N1,plate21-A/Victoria/4897/2022_IVR-238_H1N1,1119,0.002297,0.002297
seqneut25to26_sera_5007,A/Victoria/4897/2022_IVR-238_H1N1,plate21-A/Victoria/4897/2022_IVR-238_H1N1,2575,0.01811,0.01811
seqneut25to26_sera_5007,A/Victoria/4897/2022_IVR-238_H1N1,plate21-A/Victoria/4897/2022_IVR-238_H1N1,5921,0.4767,0.4767
seqneut25to26_sera_5007,A/Victoria/4897/2022_IVR-238_H1N1,plate21-A/Victoria/4897/2022_IVR-238_H1N1,1.362e+04,0.6242,0.6242
seqneut25to26_sera_5007,A/Wisconsin/588/2019_H1N1,plate21-A/Wisconsin/588/2019_H1N1,40,2.751e-06,2.751e-06
seqneut25to26_sera_5007,A/Wisconsin/588/2019_H1N1,plate21-A/Wisconsin/588/2019_H1N1,92,0.001097,0.001097
seqneut25to26_sera_5007,A/Wisconsin/588/2019_H1N1,plate21-A/Wisconsin/588/2019_H1N1,212,0.06787,0.06787
seqneut25to26_sera_5007,A/Wisconsin/588/2019_H1N1,plate21-A/Wisconsin/588/2019_H1N1,487,0.2565,0.2565
seqneut25to26_sera_5007,A/Wisconsin/588/2019_H1N1,plate21-A/Wisconsin/588/2019_H1N1,1119,0.8579,0.8579
seqneut25to26_sera_5007,A/Wisconsin/588/2019_H1N1,plate21-A/Wisconsin/588/2019_H1N1,2575,0.7537,0.7537
seqneut25to26_sera_5007,A/Wisconsin/588/2019_H1N1,plate21-A/Wisconsin/588/2019_H1N1,5921,0.805,0.805
seqneut25to26_sera_5007,A/Wisconsin/588/2019_H1N1,plate21-A/Wisconsin/588/2019_H1N1,1.362e+04,1.181,1
seqneut25to26_sera_5007,A/Wisconsin/67/2022_H1N1,plate21-A/Wisconsin/67/2022_H1N1,40,0.0009133,0.0009133
seqneut25to26_sera_5007,A/Wisconsin/67/2022_H1N1,plate21-A/Wisconsin/67/2022_H1N1,92,0.002463,0.002463
seqneut25to26_sera_5007,A/Wisconsin/67/2022_H1N1,plate21-A/Wisconsin/67/2022_H1N1,212,0.07786,0.07786
seqneut25to26_sera_5007,A/Wisconsin/67/2022_H1N1,plate21-A/Wisconsin/67/2022_H1N1,487,0.3629,0.3629
seqneut25to26_sera_5007,A/Wisconsin/67/2022_H1N1,plate21-A/Wisconsin/67/2022_H1N1,1119,0.8761,0.8761
seqneut25to26_sera_5007,A/Wisconsin/67/2022_H1N1,plate21-A/Wisconsin/67/2022_H1N1,2575,0.9375,0.9375
seqneut25to26_sera_5007,A/Wisconsin/67/2022_H1N1,plate21-A/Wisconsin/67/2022_H1N1,5921,0.9334,0.9334
seqneut25to26_sera_5007,A/Wisconsin/67/2022_H1N1,plate21-A/Wisconsin/67/2022_H1N1,1.362e+04,0.9571,0.9571
seqneut25to26_sera_5007,A/Zacapa/FLU-261/2025_H1N1,plate21-A/Zacapa/FLU-261/2025_H1N1,40,0.007552,0.007552
seqneut25to26_sera_5007,A/Zacapa/FLU-261/2025_H1N1,plate21-A/Zacapa/FLU-261/2025_H1N1,92,0.02552,0.02552
seqneut25to26_sera_5007,A/Zacapa/FLU-261/2025_H1N1,plate21-A/Zacapa/FLU-261/2025_H1N1,212,0.07991,0.07991
seqneut25to26_sera_5007,A/Zacapa/FLU-261/2025_H1N1,plate21-A/Zacapa/FLU-261/2025_H1N1,487,0.4172,0.4172
seqneut25to26_sera_5007,A/Zacapa/FLU-261/2025_H1N1,plate21-A/Zacapa/FLU-261/2025_H1N1,1119,0.8045,0.8045
seqneut25to26_sera_5007,A/Zacapa/FLU-261/2025_H1N1,plate21-A/Zacapa/FLU-261/2025_H1N1,2575,0.7859,0.7859
seqneut25to26_sera_5007,A/Zacapa/FLU-261/2025_H1N1,plate21-A/Zacapa/FLU-261/2025_H1N1,5921,0.8648,0.8648
seqneut25to26_sera_5007,A/Zacapa/FLU-261/2025_H1N1,plate21-A/Zacapa/FLU-261/2025_H1N1,1.362e+04,1.255,1
