serum,strain,plate_barcode,dilution_factor,frac_infectivity_raw,frac_infectivity_ceiling
seqneut25to26_sera_0035,A/Alagoas/4130/2025_H3N2,plate11-A/Alagoas/4130/2025_H3N2,40,0,0
seqneut25to26_sera_0035,A/Alagoas/4130/2025_H3N2,plate11-A/Alagoas/4130/2025_H3N2,92,0.0003733,0.0003733
seqneut25to26_sera_0035,A/Alagoas/4130/2025_H3N2,plate11-A/Alagoas/4130/2025_H3N2,212,0.04012,0.04012
seqneut25to26_sera_0035,A/Alagoas/4130/2025_H3N2,plate11-A/Alagoas/4130/2025_H3N2,487,0.2041,0.2041
seqneut25to26_sera_0035,A/Alagoas/4130/2025_H3N2,plate11-A/Alagoas/4130/2025_H3N2,1119,0.5021,0.5021
seqneut25to26_sera_0035,A/Alagoas/4130/2025_H3N2,plate11-A/Alagoas/4130/2025_H3N2,2575,0.6665,0.6665
seqneut25to26_sera_0035,A/Alagoas/4130/2025_H3N2,plate11-A/Alagoas/4130/2025_H3N2,5921,0.8012,0.8012
seqneut25to26_sera_0035,A/Alagoas/4130/2025_H3N2,plate11-A/Alagoas/4130/2025_H3N2,1.362e+04,1.283,1
seqneut25to26_sera_0035,A/Anapolis/LEIAL6543/2025_H3N2,plate11-A/Anapolis/LEIAL6543/2025_H3N2,40,0.01209,0.01209
seqneut25to26_sera_0035,A/Anapolis/LEIAL6543/2025_H3N2,plate11-A/Anapolis/LEIAL6543/2025_H3N2,92,0.1188,0.1188
seqneut25to26_sera_0035,A/Anapolis/LEIAL6543/2025_H3N2,plate11-A/Anapolis/LEIAL6543/2025_H3N2,212,0.3942,0.3942
seqneut25to26_sera_0035,A/Anapolis/LEIAL6543/2025_H3N2,plate11-A/Anapolis/LEIAL6543/2025_H3N2,487,0.5776,0.5776
seqneut25to26_sera_0035,A/Anapolis/LEIAL6543/2025_H3N2,plate11-A/Anapolis/LEIAL6543/2025_H3N2,1119,1.032,1
seqneut25to26_sera_0035,A/Anapolis/LEIAL6543/2025_H3N2,plate11-A/Anapolis/LEIAL6543/2025_H3N2,2575,0.7804,0.7804
seqneut25to26_sera_0035,A/Anapolis/LEIAL6543/2025_H3N2,plate11-A/Anapolis/LEIAL6543/2025_H3N2,5921,0.7509,0.7509
seqneut25to26_sera_0035,A/Anapolis/LEIAL6543/2025_H3N2,plate11-A/Anapolis/LEIAL6543/2025_H3N2,1.362e+04,1.364,1
seqneut25to26_sera_0035,A/Andalucia/PMC-00977/2025_H1N1,plate11-A/Andalucia/PMC-00977/2025_H1N1,40,0.001047,0.001047
seqneut25to26_sera_0035,A/Andalucia/PMC-00977/2025_H1N1,plate11-A/Andalucia/PMC-00977/2025_H1N1,92,0.0004329,0.0004329
seqneut25to26_sera_0035,A/Andalucia/PMC-00977/2025_H1N1,plate11-A/Andalucia/PMC-00977/2025_H1N1,212,0.003745,0.003745
seqneut25to26_sera_0035,A/Andalucia/PMC-00977/2025_H1N1,plate11-A/Andalucia/PMC-00977/2025_H1N1,487,0.19,0.19
seqneut25to26_sera_0035,A/Andalucia/PMC-00977/2025_H1N1,plate11-A/Andalucia/PMC-00977/2025_H1N1,1119,0.7361,0.7361
seqneut25to26_sera_0035,A/Andalucia/PMC-00977/2025_H1N1,plate11-A/Andalucia/PMC-00977/2025_H1N1,2575,0.9133,0.9133
seqneut25to26_sera_0035,A/Andalucia/PMC-00977/2025_H1N1,plate11-A/Andalucia/PMC-00977/2025_H1N1,5921,0.9226,0.9226
seqneut25to26_sera_0035,A/Andalucia/PMC-00977/2025_H1N1,plate11-A/Andalucia/PMC-00977/2025_H1N1,1.362e+04,1.253,1
seqneut25to26_sera_0035,A/Aragon/2046/2025_H1N1,plate11-A/Aragon/2046/2025_H1N1,40,4.322e-05,4.322e-05
seqneut25to26_sera_0035,A/Aragon/2046/2025_H1N1,plate11-A/Aragon/2046/2025_H1N1,92,0.0005746,0.0005746
seqneut25to26_sera_0035,A/Aragon/2046/2025_H1N1,plate11-A/Aragon/2046/2025_H1N1,212,0.007581,0.007581
seqneut25to26_sera_0035,A/Aragon/2046/2025_H1N1,plate11-A/Aragon/2046/2025_H1N1,487,0.1172,0.1172
seqneut25to26_sera_0035,A/Aragon/2046/2025_H1N1,plate11-A/Aragon/2046/2025_H1N1,1119,0.7103,0.7103
seqneut25to26_sera_0035,A/Aragon/2046/2025_H1N1,plate11-A/Aragon/2046/2025_H1N1,2575,0.9484,0.9484
seqneut25to26_sera_0035,A/Aragon/2046/2025_H1N1,plate11-A/Aragon/2046/2025_H1N1,5921,0.794,0.794
seqneut25to26_sera_0035,A/Aragon/2046/2025_H1N1,plate11-A/Aragon/2046/2025_H1N1,1.362e+04,1.287,1
seqneut25to26_sera_0035,A/Arica/59150/2025_H3N2,plate11-A/Arica/59150/2025_H3N2,40,0.01187,0.01187
seqneut25to26_sera_0035,A/Arica/59150/2025_H3N2,plate11-A/Arica/59150/2025_H3N2,92,0.08887,0.08887
seqneut25to26_sera_0035,A/Arica/59150/2025_H3N2,plate11-A/Arica/59150/2025_H3N2,212,0.3991,0.3991
seqneut25to26_sera_0035,A/Arica/59150/2025_H3N2,plate11-A/Arica/59150/2025_H3N2,487,0.5577,0.5577
seqneut25to26_sera_0035,A/Arica/59150/2025_H3N2,plate11-A/Arica/59150/2025_H3N2,1119,0.9275,0.9275
seqneut25to26_sera_0035,A/Arica/59150/2025_H3N2,plate11-A/Arica/59150/2025_H3N2,2575,1.01,1
seqneut25to26_sera_0035,A/Arica/59150/2025_H3N2,plate11-A/Arica/59150/2025_H3N2,5921,0.8809,0.8809
seqneut25to26_sera_0035,A/Arica/59150/2025_H3N2,plate11-A/Arica/59150/2025_H3N2,1.362e+04,1.06,1
seqneut25to26_sera_0035,A/Bahia/3102/2025_H3N2,plate11-A/Bahia/3102/2025_H3N2,40,0.002213,0.002213
seqneut25to26_sera_0035,A/Bahia/3102/2025_H3N2,plate11-A/Bahia/3102/2025_H3N2,92,0.05548,0.05548
seqneut25to26_sera_0035,A/Bahia/3102/2025_H3N2,plate11-A/Bahia/3102/2025_H3N2,212,0.3492,0.3492
seqneut25to26_sera_0035,A/Bahia/3102/2025_H3N2,plate11-A/Bahia/3102/2025_H3N2,487,0.5569,0.5569
seqneut25to26_sera_0035,A/Bahia/3102/2025_H3N2,plate11-A/Bahia/3102/2025_H3N2,1119,0.9065,0.9065
seqneut25to26_sera_0035,A/Bahia/3102/2025_H3N2,plate11-A/Bahia/3102/2025_H3N2,2575,0.7008,0.7008
seqneut25to26_sera_0035,A/Bahia/3102/2025_H3N2,plate11-A/Bahia/3102/2025_H3N2,5921,0.6723,0.6723
seqneut25to26_sera_0035,A/Bahia/3102/2025_H3N2,plate11-A/Bahia/3102/2025_H3N2,1.362e+04,0.967,0.967
seqneut25to26_sera_0035,A/Bangkok/1803/2025_H1N1,plate11-A/Bangkok/1803/2025_H1N1,40,0.0004939,0.0004939
seqneut25to26_sera_0035,A/Bangkok/1803/2025_H1N1,plate11-A/Bangkok/1803/2025_H1N1,92,0.0005412,0.0005412
seqneut25to26_sera_0035,A/Bangkok/1803/2025_H1N1,plate11-A/Bangkok/1803/2025_H1N1,212,0.06128,0.06128
seqneut25to26_sera_0035,A/Bangkok/1803/2025_H1N1,plate11-A/Bangkok/1803/2025_H1N1,487,0.5757,0.5757
seqneut25to26_sera_0035,A/Bangkok/1803/2025_H1N1,plate11-A/Bangkok/1803/2025_H1N1,1119,0.9905,0.9905
seqneut25to26_sera_0035,A/Bangkok/1803/2025_H1N1,plate11-A/Bangkok/1803/2025_H1N1,2575,0.9538,0.9538
seqneut25to26_sera_0035,A/Bangkok/1803/2025_H1N1,plate11-A/Bangkok/1803/2025_H1N1,5921,0.9206,0.9206
seqneut25to26_sera_0035,A/Bangkok/1803/2025_H1N1,plate11-A/Bangkok/1803/2025_H1N1,1.362e+04,1.375,1
seqneut25to26_sera_0035,A/Bangkok/P2229/2025_H1N1,plate11-A/Bangkok/P2229/2025_H1N1,40,0.0004905,0.0004905
seqneut25to26_sera_0035,A/Bangkok/P2229/2025_H1N1,plate11-A/Bangkok/P2229/2025_H1N1,92,0.001832,0.001832
seqneut25to26_sera_0035,A/Bangkok/P2229/2025_H1N1,plate11-A/Bangkok/P2229/2025_H1N1,212,0.01486,0.01486
seqneut25to26_sera_0035,A/Bangkok/P2229/2025_H1N1,plate11-A/Bangkok/P2229/2025_H1N1,487,0.2004,0.2004
seqneut25to26_sera_0035,A/Bangkok/P2229/2025_H1N1,plate11-A/Bangkok/P2229/2025_H1N1,1119,0.7583,0.7583
seqneut25to26_sera_0035,A/Bangkok/P2229/2025_H1N1,plate11-A/Bangkok/P2229/2025_H1N1,2575,0.9699,0.9699
seqneut25to26_sera_0035,A/Bangkok/P2229/2025_H1N1,plate11-A/Bangkok/P2229/2025_H1N1,5921,0.9231,0.9231
seqneut25to26_sera_0035,A/Bangkok/P2229/2025_H1N1,plate11-A/Bangkok/P2229/2025_H1N1,1.362e+04,1.473,1
seqneut25to26_sera_0035,A/Bangkok/P2323/2025_H3N2,plate11-A/Bangkok/P2323/2025_H3N2,40,0.03757,0.03757
seqneut25to26_sera_0035,A/Bangkok/P2323/2025_H3N2,plate11-A/Bangkok/P2323/2025_H3N2,92,0.3215,0.3215
seqneut25to26_sera_0035,A/Bangkok/P2323/2025_H3N2,plate11-A/Bangkok/P2323/2025_H3N2,212,0.5451,0.5451
seqneut25to26_sera_0035,A/Bangkok/P2323/2025_H3N2,plate11-A/Bangkok/P2323/2025_H3N2,487,0.5819,0.5819
seqneut25to26_sera_0035,A/Bangkok/P2323/2025_H3N2,plate11-A/Bangkok/P2323/2025_H3N2,1119,0.9515,0.9515
seqneut25to26_sera_0035,A/Bangkok/P2323/2025_H3N2,plate11-A/Bangkok/P2323/2025_H3N2,2575,0.7903,0.7903
seqneut25to26_sera_0035,A/Bangkok/P2323/2025_H3N2,plate11-A/Bangkok/P2323/2025_H3N2,5921,0.9526,0.9526
seqneut25to26_sera_0035,A/Bangkok/P2323/2025_H3N2,plate11-A/Bangkok/P2323/2025_H3N2,1.362e+04,0.9411,0.9411
seqneut25to26_sera_0035,A/Bangkok/P2390/2025_H3N2,plate11-A/Bangkok/P2390/2025_H3N2,40,0.02858,0.02858
seqneut25to26_sera_0035,A/Bangkok/P2390/2025_H3N2,plate11-A/Bangkok/P2390/2025_H3N2,92,0.2016,0.2016
seqneut25to26_sera_0035,A/Bangkok/P2390/2025_H3N2,plate11-A/Bangkok/P2390/2025_H3N2,212,0.3657,0.3657
seqneut25to26_sera_0035,A/Bangkok/P2390/2025_H3N2,plate11-A/Bangkok/P2390/2025_H3N2,487,0.6118,0.6118
seqneut25to26_sera_0035,A/Bangkok/P2390/2025_H3N2,plate11-A/Bangkok/P2390/2025_H3N2,1119,1.081,1
seqneut25to26_sera_0035,A/Bangkok/P2390/2025_H3N2,plate11-A/Bangkok/P2390/2025_H3N2,2575,0.9245,0.9245
seqneut25to26_sera_0035,A/Bangkok/P2390/2025_H3N2,plate11-A/Bangkok/P2390/2025_H3N2,5921,0.7557,0.7557
seqneut25to26_sera_0035,A/Bangkok/P2390/2025_H3N2,plate11-A/Bangkok/P2390/2025_H3N2,1.362e+04,1.163,1
seqneut25to26_sera_0035,A/Bangkok/P2391/2025_H3N2,plate11-A/Bangkok/P2391/2025_H3N2,40,5.211e-05,5.211e-05
seqneut25to26_sera_0035,A/Bangkok/P2391/2025_H3N2,plate11-A/Bangkok/P2391/2025_H3N2,92,0.009106,0.009106
seqneut25to26_sera_0035,A/Bangkok/P2391/2025_H3N2,plate11-A/Bangkok/P2391/2025_H3N2,212,0.1688,0.1688
seqneut25to26_sera_0035,A/Bangkok/P2391/2025_H3N2,plate11-A/Bangkok/P2391/2025_H3N2,487,0.3771,0.3771
seqneut25to26_sera_0035,A/Bangkok/P2391/2025_H3N2,plate11-A/Bangkok/P2391/2025_H3N2,1119,0.6463,0.6463
seqneut25to26_sera_0035,A/Bangkok/P2391/2025_H3N2,plate11-A/Bangkok/P2391/2025_H3N2,2575,0.8903,0.8903
seqneut25to26_sera_0035,A/Bangkok/P2391/2025_H3N2,plate11-A/Bangkok/P2391/2025_H3N2,5921,0.8266,0.8266
seqneut25to26_sera_0035,A/Bangkok/P2391/2025_H3N2,plate11-A/Bangkok/P2391/2025_H3N2,1.362e+04,0.9345,0.9345
seqneut25to26_sera_0035,A/Bangkok/P2572/2025_H3N2,plate11-A/Bangkok/P2572/2025_H3N2,40,0.06446,0.06446
seqneut25to26_sera_0035,A/Bangkok/P2572/2025_H3N2,plate11-A/Bangkok/P2572/2025_H3N2,92,0.2691,0.2691
seqneut25to26_sera_0035,A/Bangkok/P2572/2025_H3N2,plate11-A/Bangkok/P2572/2025_H3N2,212,0.4312,0.4312
seqneut25to26_sera_0035,A/Bangkok/P2572/2025_H3N2,plate11-A/Bangkok/P2572/2025_H3N2,487,0.8145,0.8145
seqneut25to26_sera_0035,A/Bangkok/P2572/2025_H3N2,plate11-A/Bangkok/P2572/2025_H3N2,1119,0.9332,0.9332
seqneut25to26_sera_0035,A/Bangkok/P2572/2025_H3N2,plate11-A/Bangkok/P2572/2025_H3N2,2575,0.9091,0.9091
seqneut25to26_sera_0035,A/Bangkok/P2572/2025_H3N2,plate11-A/Bangkok/P2572/2025_H3N2,5921,0.7985,0.7985
seqneut25to26_sera_0035,A/Bangkok/P2572/2025_H3N2,plate11-A/Bangkok/P2572/2025_H3N2,1.362e+04,1.18,1
seqneut25to26_sera_0035,A/Bangkok/P2921/2025_H3N2,plate11-A/Bangkok/P2921/2025_H3N2,40,4.424e-06,4.424e-06
seqneut25to26_sera_0035,A/Bangkok/P2921/2025_H3N2,plate11-A/Bangkok/P2921/2025_H3N2,92,0.0002521,0.0002521
seqneut25to26_sera_0035,A/Bangkok/P2921/2025_H3N2,plate11-A/Bangkok/P2921/2025_H3N2,212,0.1163,0.1163
seqneut25to26_sera_0035,A/Bangkok/P2921/2025_H3N2,plate11-A/Bangkok/P2921/2025_H3N2,487,0.3475,0.3475
seqneut25to26_sera_0035,A/Bangkok/P2921/2025_H3N2,plate11-A/Bangkok/P2921/2025_H3N2,1119,0.7511,0.7511
seqneut25to26_sera_0035,A/Bangkok/P2921/2025_H3N2,plate11-A/Bangkok/P2921/2025_H3N2,2575,0.9774,0.9774
seqneut25to26_sera_0035,A/Bangkok/P2921/2025_H3N2,plate11-A/Bangkok/P2921/2025_H3N2,5921,0.8688,0.8688
seqneut25to26_sera_0035,A/Bangkok/P2921/2025_H3N2,plate11-A/Bangkok/P2921/2025_H3N2,1.362e+04,1.327,1
seqneut25to26_sera_0035,A/Bangkok/P3067/2025_H1N1,plate11-A/Bangkok/P3067/2025_H1N1,40,7.951e-05,7.951e-05
seqneut25to26_sera_0035,A/Bangkok/P3067/2025_H1N1,plate11-A/Bangkok/P3067/2025_H1N1,92,0.01654,0.01654
seqneut25to26_sera_0035,A/Bangkok/P3067/2025_H1N1,plate11-A/Bangkok/P3067/2025_H1N1,212,0.003576,0.003576
seqneut25to26_sera_0035,A/Bangkok/P3067/2025_H1N1,plate11-A/Bangkok/P3067/2025_H1N1,487,0.1713,0.1713
seqneut25to26_sera_0035,A/Bangkok/P3067/2025_H1N1,plate11-A/Bangkok/P3067/2025_H1N1,1119,0.8322,0.8322
seqneut25to26_sera_0035,A/Bangkok/P3067/2025_H1N1,plate11-A/Bangkok/P3067/2025_H1N1,2575,0.9593,0.9593
seqneut25to26_sera_0035,A/Bangkok/P3067/2025_H1N1,plate11-A/Bangkok/P3067/2025_H1N1,5921,0.8954,0.8954
seqneut25to26_sera_0035,A/Bangkok/P3067/2025_H1N1,plate11-A/Bangkok/P3067/2025_H1N1,1.362e+04,1.201,1
seqneut25to26_sera_0035,A/Bangkok/P3263/2025_H3N2,plate11-A/Bangkok/P3263/2025_H3N2,40,0.005715,0.005715
seqneut25to26_sera_0035,A/Bangkok/P3263/2025_H3N2,plate11-A/Bangkok/P3263/2025_H3N2,92,0.3024,0.3024
seqneut25to26_sera_0035,A/Bangkok/P3263/2025_H3N2,plate11-A/Bangkok/P3263/2025_H3N2,212,0.4461,0.4461
seqneut25to26_sera_0035,A/Bangkok/P3263/2025_H3N2,plate11-A/Bangkok/P3263/2025_H3N2,487,0.6726,0.6726
seqneut25to26_sera_0035,A/Bangkok/P3263/2025_H3N2,plate11-A/Bangkok/P3263/2025_H3N2,1119,0.8814,0.8814
seqneut25to26_sera_0035,A/Bangkok/P3263/2025_H3N2,plate11-A/Bangkok/P3263/2025_H3N2,2575,0.8349,0.8349
seqneut25to26_sera_0035,A/Bangkok/P3263/2025_H3N2,plate11-A/Bangkok/P3263/2025_H3N2,5921,1.015,1
seqneut25to26_sera_0035,A/Bangkok/P3263/2025_H3N2,plate11-A/Bangkok/P3263/2025_H3N2,1.362e+04,1.264,1
seqneut25to26_sera_0035,A/Belgium/H0097/2025_H3N2,plate11-A/Belgium/H0097/2025_H3N2,40,0.01233,0.01233
seqneut25to26_sera_0035,A/Belgium/H0097/2025_H3N2,plate11-A/Belgium/H0097/2025_H3N2,92,0.148,0.148
seqneut25to26_sera_0035,A/Belgium/H0097/2025_H3N2,plate11-A/Belgium/H0097/2025_H3N2,212,0.3759,0.3759
seqneut25to26_sera_0035,A/Belgium/H0097/2025_H3N2,plate11-A/Belgium/H0097/2025_H3N2,487,0.72,0.72
seqneut25to26_sera_0035,A/Belgium/H0097/2025_H3N2,plate11-A/Belgium/H0097/2025_H3N2,1119,0.915,0.915
seqneut25to26_sera_0035,A/Belgium/H0097/2025_H3N2,plate11-A/Belgium/H0097/2025_H3N2,2575,0.9182,0.9182
seqneut25to26_sera_0035,A/Belgium/H0097/2025_H3N2,plate11-A/Belgium/H0097/2025_H3N2,5921,0.8022,0.8022
seqneut25to26_sera_0035,A/Belgium/H0097/2025_H3N2,plate11-A/Belgium/H0097/2025_H3N2,1.362e+04,1.192,1
seqneut25to26_sera_0035,A/Bhutan/1267/2025_H3N2,plate11-A/Bhutan/1267/2025_H3N2,40,0,0
seqneut25to26_sera_0035,A/Bhutan/1267/2025_H3N2,plate11-A/Bhutan/1267/2025_H3N2,92,0,0
seqneut25to26_sera_0035,A/Bhutan/1267/2025_H3N2,plate11-A/Bhutan/1267/2025_H3N2,212,0.03792,0.03792
seqneut25to26_sera_0035,A/Bhutan/1267/2025_H3N2,plate11-A/Bhutan/1267/2025_H3N2,487,0.1368,0.1368
seqneut25to26_sera_0035,A/Bhutan/1267/2025_H3N2,plate11-A/Bhutan/1267/2025_H3N2,1119,0.6524,0.6524
seqneut25to26_sera_0035,A/Bhutan/1267/2025_H3N2,plate11-A/Bhutan/1267/2025_H3N2,2575,0.8571,0.8571
seqneut25to26_sera_0035,A/Bhutan/1267/2025_H3N2,plate11-A/Bhutan/1267/2025_H3N2,5921,0.6734,0.6734
seqneut25to26_sera_0035,A/Bhutan/1267/2025_H3N2,plate11-A/Bhutan/1267/2025_H3N2,1.362e+04,0.881,0.881
seqneut25to26_sera_0035,A/Bhutan/7/2025_H3N2,plate11-A/Bhutan/7/2025_H3N2,40,4.979e-06,4.979e-06
seqneut25to26_sera_0035,A/Bhutan/7/2025_H3N2,plate11-A/Bhutan/7/2025_H3N2,92,0.0001513,0.0001513
seqneut25to26_sera_0035,A/Bhutan/7/2025_H3N2,plate11-A/Bhutan/7/2025_H3N2,212,0.00893,0.00893
seqneut25to26_sera_0035,A/Bhutan/7/2025_H3N2,plate11-A/Bhutan/7/2025_H3N2,487,0.1213,0.1213
seqneut25to26_sera_0035,A/Bhutan/7/2025_H3N2,plate11-A/Bhutan/7/2025_H3N2,1119,0.7482,0.7482
seqneut25to26_sera_0035,A/Bhutan/7/2025_H3N2,plate11-A/Bhutan/7/2025_H3N2,2575,0.7406,0.7406
seqneut25to26_sera_0035,A/Bhutan/7/2025_H3N2,plate11-A/Bhutan/7/2025_H3N2,5921,1.001,1
seqneut25to26_sera_0035,A/Bhutan/7/2025_H3N2,plate11-A/Bhutan/7/2025_H3N2,1.362e+04,1.048,1
seqneut25to26_sera_0035,A/BritishColumbia/PHL-2473/2025_H1N1,plate11-A/BritishColumbia/PHL-2473/2025_H1N1,40,6.418e-05,6.418e-05
seqneut25to26_sera_0035,A/BritishColumbia/PHL-2473/2025_H1N1,plate11-A/BritishColumbia/PHL-2473/2025_H1N1,92,0.001801,0.001801
seqneut25to26_sera_0035,A/BritishColumbia/PHL-2473/2025_H1N1,plate11-A/BritishColumbia/PHL-2473/2025_H1N1,212,0.005468,0.005468
seqneut25to26_sera_0035,A/BritishColumbia/PHL-2473/2025_H1N1,plate11-A/BritishColumbia/PHL-2473/2025_H1N1,487,0.1375,0.1375
seqneut25to26_sera_0035,A/BritishColumbia/PHL-2473/2025_H1N1,plate11-A/BritishColumbia/PHL-2473/2025_H1N1,1119,0.8288,0.8288
seqneut25to26_sera_0035,A/BritishColumbia/PHL-2473/2025_H1N1,plate11-A/BritishColumbia/PHL-2473/2025_H1N1,2575,0.9053,0.9053
seqneut25to26_sera_0035,A/BritishColumbia/PHL-2473/2025_H1N1,plate11-A/BritishColumbia/PHL-2473/2025_H1N1,5921,0.9414,0.9414
seqneut25to26_sera_0035,A/BritishColumbia/PHL-2473/2025_H1N1,plate11-A/BritishColumbia/PHL-2473/2025_H1N1,1.362e+04,1.377,1
seqneut25to26_sera_0035,A/California/61/2025_H3N2,plate11-A/California/61/2025_H3N2,40,0.0187,0.0187
seqneut25to26_sera_0035,A/California/61/2025_H3N2,plate11-A/California/61/2025_H3N2,92,0.2365,0.2365
seqneut25to26_sera_0035,A/California/61/2025_H3N2,plate11-A/California/61/2025_H3N2,212,0.434,0.434
seqneut25to26_sera_0035,A/California/61/2025_H3N2,plate11-A/California/61/2025_H3N2,487,0.7,0.7
seqneut25to26_sera_0035,A/California/61/2025_H3N2,plate11-A/California/61/2025_H3N2,1119,0.7945,0.7945
seqneut25to26_sera_0035,A/California/61/2025_H3N2,plate11-A/California/61/2025_H3N2,2575,0.7929,0.7929
seqneut25to26_sera_0035,A/California/61/2025_H3N2,plate11-A/California/61/2025_H3N2,5921,0.7679,0.7679
seqneut25to26_sera_0035,A/California/61/2025_H3N2,plate11-A/California/61/2025_H3N2,1.362e+04,1.19,1
seqneut25to26_sera_0035,A/California/63/2025_H1N1,plate11-A/California/63/2025_H1N1,40,0.0002327,0.0002327
seqneut25to26_sera_0035,A/California/63/2025_H1N1,plate11-A/California/63/2025_H1N1,92,0.001203,0.001203
seqneut25to26_sera_0035,A/California/63/2025_H1N1,plate11-A/California/63/2025_H1N1,212,0.00487,0.00487
seqneut25to26_sera_0035,A/California/63/2025_H1N1,plate11-A/California/63/2025_H1N1,487,0.1931,0.1931
seqneut25to26_sera_0035,A/California/63/2025_H1N1,plate11-A/California/63/2025_H1N1,1119,0.719,0.719
seqneut25to26_sera_0035,A/California/63/2025_H1N1,plate11-A/California/63/2025_H1N1,2575,0.8677,0.8677
seqneut25to26_sera_0035,A/California/63/2025_H1N1,plate11-A/California/63/2025_H1N1,5921,0.7871,0.7871
seqneut25to26_sera_0035,A/California/63/2025_H1N1,plate11-A/California/63/2025_H1N1,1.362e+04,1.039,1
seqneut25to26_sera_0035,A/Canberra/465/2025_H1N1,plate11-A/Canberra/465/2025_H1N1,40,0.0002639,0.0002639
seqneut25to26_sera_0035,A/Canberra/465/2025_H1N1,plate11-A/Canberra/465/2025_H1N1,92,0.008153,0.008153
seqneut25to26_sera_0035,A/Canberra/465/2025_H1N1,plate11-A/Canberra/465/2025_H1N1,212,0.03538,0.03538
seqneut25to26_sera_0035,A/Canberra/465/2025_H1N1,plate11-A/Canberra/465/2025_H1N1,487,0.1526,0.1526
seqneut25to26_sera_0035,A/Canberra/465/2025_H1N1,plate11-A/Canberra/465/2025_H1N1,1119,0.653,0.653
seqneut25to26_sera_0035,A/Canberra/465/2025_H1N1,plate11-A/Canberra/465/2025_H1N1,2575,0.8411,0.8411
seqneut25to26_sera_0035,A/Canberra/465/2025_H1N1,plate11-A/Canberra/465/2025_H1N1,5921,0.8591,0.8591
seqneut25to26_sera_0035,A/Canberra/465/2025_H1N1,plate11-A/Canberra/465/2025_H1N1,1.362e+04,1.197,1
seqneut25to26_sera_0035,A/Canberra/530/2025_H1N1,plate11-A/Canberra/530/2025_H1N1,40,0.0002537,0.0002537
seqneut25to26_sera_0035,A/Canberra/530/2025_H1N1,plate11-A/Canberra/530/2025_H1N1,92,0.001243,0.001243
seqneut25to26_sera_0035,A/Canberra/530/2025_H1N1,plate11-A/Canberra/530/2025_H1N1,212,0.01971,0.01971
seqneut25to26_sera_0035,A/Canberra/530/2025_H1N1,plate11-A/Canberra/530/2025_H1N1,487,0.1636,0.1636
seqneut25to26_sera_0035,A/Canberra/530/2025_H1N1,plate11-A/Canberra/530/2025_H1N1,1119,0.7138,0.7138
seqneut25to26_sera_0035,A/Canberra/530/2025_H1N1,plate11-A/Canberra/530/2025_H1N1,2575,0.9611,0.9611
seqneut25to26_sera_0035,A/Canberra/530/2025_H1N1,plate11-A/Canberra/530/2025_H1N1,5921,0.9127,0.9127
seqneut25to26_sera_0035,A/Canberra/530/2025_H1N1,plate11-A/Canberra/530/2025_H1N1,1.362e+04,1.088,1
seqneut25to26_sera_0035,A/Catalonia/NSVH102689455/2025_H1N1,plate11-A/Catalonia/NSVH102689455/2025_H1N1,40,9.937e-05,9.937e-05
seqneut25to26_sera_0035,A/Catalonia/NSVH102689455/2025_H1N1,plate11-A/Catalonia/NSVH102689455/2025_H1N1,92,0.0018,0.0018
seqneut25to26_sera_0035,A/Catalonia/NSVH102689455/2025_H1N1,plate11-A/Catalonia/NSVH102689455/2025_H1N1,212,0.006489,0.006489
seqneut25to26_sera_0035,A/Catalonia/NSVH102689455/2025_H1N1,plate11-A/Catalonia/NSVH102689455/2025_H1N1,487,0.1009,0.1009
seqneut25to26_sera_0035,A/Catalonia/NSVH102689455/2025_H1N1,plate11-A/Catalonia/NSVH102689455/2025_H1N1,1119,0.6162,0.6162
seqneut25to26_sera_0035,A/Catalonia/NSVH102689455/2025_H1N1,plate11-A/Catalonia/NSVH102689455/2025_H1N1,2575,1.097,1
seqneut25to26_sera_0035,A/Catalonia/NSVH102689455/2025_H1N1,plate11-A/Catalonia/NSVH102689455/2025_H1N1,5921,0.858,0.858
seqneut25to26_sera_0035,A/Catalonia/NSVH102689455/2025_H1N1,plate11-A/Catalonia/NSVH102689455/2025_H1N1,1.362e+04,1.245,1
seqneut25to26_sera_0035,A/Colorado/105/2025_H1N1,plate11-A/Colorado/105/2025_H1N1,40,0.0001985,0.0001985
seqneut25to26_sera_0035,A/Colorado/105/2025_H1N1,plate11-A/Colorado/105/2025_H1N1,92,0.001213,0.001213
seqneut25to26_sera_0035,A/Colorado/105/2025_H1N1,plate11-A/Colorado/105/2025_H1N1,212,0.01533,0.01533
seqneut25to26_sera_0035,A/Colorado/105/2025_H1N1,plate11-A/Colorado/105/2025_H1N1,487,0.1403,0.1403
seqneut25to26_sera_0035,A/Colorado/105/2025_H1N1,plate11-A/Colorado/105/2025_H1N1,1119,0.6831,0.6831
seqneut25to26_sera_0035,A/Colorado/105/2025_H1N1,plate11-A/Colorado/105/2025_H1N1,2575,0.7662,0.7662
seqneut25to26_sera_0035,A/Colorado/105/2025_H1N1,plate11-A/Colorado/105/2025_H1N1,5921,0.8013,0.8013
seqneut25to26_sera_0035,A/Colorado/105/2025_H1N1,plate11-A/Colorado/105/2025_H1N1,1.362e+04,1.046,1
seqneut25to26_sera_0035,A/CoteDIvoire/2007/2025_H1N1,plate11-A/CoteDIvoire/2007/2025_H1N1,40,0.0002073,0.0002073
seqneut25to26_sera_0035,A/CoteDIvoire/2007/2025_H1N1,plate11-A/CoteDIvoire/2007/2025_H1N1,92,0.0008271,0.0008271
seqneut25to26_sera_0035,A/CoteDIvoire/2007/2025_H1N1,plate11-A/CoteDIvoire/2007/2025_H1N1,212,0.01463,0.01463
seqneut25to26_sera_0035,A/CoteDIvoire/2007/2025_H1N1,plate11-A/CoteDIvoire/2007/2025_H1N1,487,0.1628,0.1628
seqneut25to26_sera_0035,A/CoteDIvoire/2007/2025_H1N1,plate11-A/CoteDIvoire/2007/2025_H1N1,1119,0.7933,0.7933
seqneut25to26_sera_0035,A/CoteDIvoire/2007/2025_H1N1,plate11-A/CoteDIvoire/2007/2025_H1N1,2575,0.9756,0.9756
seqneut25to26_sera_0035,A/CoteDIvoire/2007/2025_H1N1,plate11-A/CoteDIvoire/2007/2025_H1N1,5921,0.8576,0.8576
seqneut25to26_sera_0035,A/CoteDIvoire/2007/2025_H1N1,plate11-A/CoteDIvoire/2007/2025_H1N1,1.362e+04,1.189,1
seqneut25to26_sera_0035,A/Croatia/10136RV/2023-egg_H3N2,plate11-A/Croatia/10136RV/2023-egg_H3N2,40,0.0004494,0.0004494
seqneut25to26_sera_0035,A/Croatia/10136RV/2023-egg_H3N2,plate11-A/Croatia/10136RV/2023-egg_H3N2,92,0.0008985,0.0008985
seqneut25to26_sera_0035,A/Croatia/10136RV/2023-egg_H3N2,plate11-A/Croatia/10136RV/2023-egg_H3N2,212,0.2524,0.2524
seqneut25to26_sera_0035,A/Croatia/10136RV/2023-egg_H3N2,plate11-A/Croatia/10136RV/2023-egg_H3N2,487,0.1265,0.1265
seqneut25to26_sera_0035,A/Croatia/10136RV/2023-egg_H3N2,plate11-A/Croatia/10136RV/2023-egg_H3N2,1119,0.3477,0.3477
seqneut25to26_sera_0035,A/Croatia/10136RV/2023-egg_H3N2,plate11-A/Croatia/10136RV/2023-egg_H3N2,2575,0.424,0.424
seqneut25to26_sera_0035,A/Croatia/10136RV/2023-egg_H3N2,plate11-A/Croatia/10136RV/2023-egg_H3N2,5921,0.4766,0.4766
seqneut25to26_sera_0035,A/Croatia/10136RV/2023-egg_H3N2,plate11-A/Croatia/10136RV/2023-egg_H3N2,1.362e+04,0.958,0.958
seqneut25to26_sera_0035,A/Darwin/1405/2025_H1N1,plate11-A/Darwin/1405/2025_H1N1,40,0.0007331,0.0007331
seqneut25to26_sera_0035,A/Darwin/1405/2025_H1N1,plate11-A/Darwin/1405/2025_H1N1,92,0.0007445,0.0007445
seqneut25to26_sera_0035,A/Darwin/1405/2025_H1N1,plate11-A/Darwin/1405/2025_H1N1,212,0.004856,0.004856
seqneut25to26_sera_0035,A/Darwin/1405/2025_H1N1,plate11-A/Darwin/1405/2025_H1N1,487,0.138,0.138
seqneut25to26_sera_0035,A/Darwin/1405/2025_H1N1,plate11-A/Darwin/1405/2025_H1N1,1119,0.7147,0.7147
seqneut25to26_sera_0035,A/Darwin/1405/2025_H1N1,plate11-A/Darwin/1405/2025_H1N1,2575,0.9171,0.9171
seqneut25to26_sera_0035,A/Darwin/1405/2025_H1N1,plate11-A/Darwin/1405/2025_H1N1,5921,0.8628,0.8628
seqneut25to26_sera_0035,A/Darwin/1405/2025_H1N1,plate11-A/Darwin/1405/2025_H1N1,1.362e+04,1.153,1
seqneut25to26_sera_0035,A/Darwin/1461/2025_H3N2,plate11-A/Darwin/1461/2025_H3N2,40,0,0
seqneut25to26_sera_0035,A/Darwin/1461/2025_H3N2,plate11-A/Darwin/1461/2025_H3N2,92,0.002365,0.002365
seqneut25to26_sera_0035,A/Darwin/1461/2025_H3N2,plate11-A/Darwin/1461/2025_H3N2,212,0.06336,0.06336
seqneut25to26_sera_0035,A/Darwin/1461/2025_H3N2,plate11-A/Darwin/1461/2025_H3N2,487,0.2877,0.2877
seqneut25to26_sera_0035,A/Darwin/1461/2025_H3N2,plate11-A/Darwin/1461/2025_H3N2,1119,0.4042,0.4042
seqneut25to26_sera_0035,A/Darwin/1461/2025_H3N2,plate11-A/Darwin/1461/2025_H3N2,2575,0.6942,0.6942
seqneut25to26_sera_0035,A/Darwin/1461/2025_H3N2,plate11-A/Darwin/1461/2025_H3N2,5921,0.8729,0.8729
seqneut25to26_sera_0035,A/Darwin/1461/2025_H3N2,plate11-A/Darwin/1461/2025_H3N2,1.362e+04,1.121,1
seqneut25to26_sera_0035,A/Denmark/3070/2025_H1N1,plate11-A/Denmark/3070/2025_H1N1,40,0.0002068,0.0002068
seqneut25to26_sera_0035,A/Denmark/3070/2025_H1N1,plate11-A/Denmark/3070/2025_H1N1,92,0.001069,0.001069
seqneut25to26_sera_0035,A/Denmark/3070/2025_H1N1,plate11-A/Denmark/3070/2025_H1N1,212,0.003068,0.003068
seqneut25to26_sera_0035,A/Denmark/3070/2025_H1N1,plate11-A/Denmark/3070/2025_H1N1,487,0.1017,0.1017
seqneut25to26_sera_0035,A/Denmark/3070/2025_H1N1,plate11-A/Denmark/3070/2025_H1N1,1119,0.703,0.703
seqneut25to26_sera_0035,A/Denmark/3070/2025_H1N1,plate11-A/Denmark/3070/2025_H1N1,2575,0.9429,0.9429
seqneut25to26_sera_0035,A/Denmark/3070/2025_H1N1,plate11-A/Denmark/3070/2025_H1N1,5921,0.9184,0.9184
seqneut25to26_sera_0035,A/Denmark/3070/2025_H1N1,plate11-A/Denmark/3070/2025_H1N1,1.362e+04,1.264,1
seqneut25to26_sera_0035,A/DistrictOfColumbia/27/2023_H3N2,plate11-A/DistrictOfColumbia/27/2023_H3N2,40,0,0
seqneut25to26_sera_0035,A/DistrictOfColumbia/27/2023_H3N2,plate11-A/DistrictOfColumbia/27/2023_H3N2,92,0.004424,0.004424
seqneut25to26_sera_0035,A/DistrictOfColumbia/27/2023_H3N2,plate11-A/DistrictOfColumbia/27/2023_H3N2,212,0.06822,0.06822
seqneut25to26_sera_0035,A/DistrictOfColumbia/27/2023_H3N2,plate11-A/DistrictOfColumbia/27/2023_H3N2,487,0.2284,0.2284
seqneut25to26_sera_0035,A/DistrictOfColumbia/27/2023_H3N2,plate11-A/DistrictOfColumbia/27/2023_H3N2,1119,0.6265,0.6265
seqneut25to26_sera_0035,A/DistrictOfColumbia/27/2023_H3N2,plate11-A/DistrictOfColumbia/27/2023_H3N2,2575,0.6559,0.6559
seqneut25to26_sera_0035,A/DistrictOfColumbia/27/2023_H3N2,plate11-A/DistrictOfColumbia/27/2023_H3N2,5921,0.5886,0.5886
seqneut25to26_sera_0035,A/DistrictOfColumbia/27/2023_H3N2,plate11-A/DistrictOfColumbia/27/2023_H3N2,1.362e+04,0.9362,0.9362
seqneut25to26_sera_0035,A/DistrictOfColumbia/57/2025_H3N2,plate11-A/DistrictOfColumbia/57/2025_H3N2,40,0.03809,0.03809
seqneut25to26_sera_0035,A/DistrictOfColumbia/57/2025_H3N2,plate11-A/DistrictOfColumbia/57/2025_H3N2,92,0.3046,0.3046
seqneut25to26_sera_0035,A/DistrictOfColumbia/57/2025_H3N2,plate11-A/DistrictOfColumbia/57/2025_H3N2,212,0.4252,0.4252
seqneut25to26_sera_0035,A/DistrictOfColumbia/57/2025_H3N2,plate11-A/DistrictOfColumbia/57/2025_H3N2,487,0.7187,0.7187
seqneut25to26_sera_0035,A/DistrictOfColumbia/57/2025_H3N2,plate11-A/DistrictOfColumbia/57/2025_H3N2,1119,0.9691,0.9691
seqneut25to26_sera_0035,A/DistrictOfColumbia/57/2025_H3N2,plate11-A/DistrictOfColumbia/57/2025_H3N2,2575,0.7759,0.7759
seqneut25to26_sera_0035,A/DistrictOfColumbia/57/2025_H3N2,plate11-A/DistrictOfColumbia/57/2025_H3N2,5921,0.8464,0.8464
seqneut25to26_sera_0035,A/DistrictOfColumbia/57/2025_H3N2,plate11-A/DistrictOfColumbia/57/2025_H3N2,1.362e+04,1.232,1
seqneut25to26_sera_0035,A/DistritoFederal/250106000728/2025_H3N2,plate11-A/DistritoFederal/250106000728/2025_H3N2,40,0.01882,0.01882
seqneut25to26_sera_0035,A/DistritoFederal/250106000728/2025_H3N2,plate11-A/DistritoFederal/250106000728/2025_H3N2,92,0.2631,0.2631
seqneut25to26_sera_0035,A/DistritoFederal/250106000728/2025_H3N2,plate11-A/DistritoFederal/250106000728/2025_H3N2,212,0.4002,0.4002
seqneut25to26_sera_0035,A/DistritoFederal/250106000728/2025_H3N2,plate11-A/DistritoFederal/250106000728/2025_H3N2,487,0.5329,0.5329
seqneut25to26_sera_0035,A/DistritoFederal/250106000728/2025_H3N2,plate11-A/DistritoFederal/250106000728/2025_H3N2,1119,0.8732,0.8732
seqneut25to26_sera_0035,A/DistritoFederal/250106000728/2025_H3N2,plate11-A/DistritoFederal/250106000728/2025_H3N2,2575,0.9338,0.9338
seqneut25to26_sera_0035,A/DistritoFederal/250106000728/2025_H3N2,plate11-A/DistritoFederal/250106000728/2025_H3N2,5921,0.9469,0.9469
seqneut25to26_sera_0035,A/DistritoFederal/250106000728/2025_H3N2,plate11-A/DistritoFederal/250106000728/2025_H3N2,1.362e+04,1.045,1
seqneut25to26_sera_0035,A/DistritoFederal/2578578201/2025_H3N2,plate11-A/DistritoFederal/2578578201/2025_H3N2,40,0.0225,0.0225
seqneut25to26_sera_0035,A/DistritoFederal/2578578201/2025_H3N2,plate11-A/DistritoFederal/2578578201/2025_H3N2,92,0.1549,0.1549
seqneut25to26_sera_0035,A/DistritoFederal/2578578201/2025_H3N2,plate11-A/DistritoFederal/2578578201/2025_H3N2,212,0.4541,0.4541
seqneut25to26_sera_0035,A/DistritoFederal/2578578201/2025_H3N2,plate11-A/DistritoFederal/2578578201/2025_H3N2,487,0.702,0.702
seqneut25to26_sera_0035,A/DistritoFederal/2578578201/2025_H3N2,plate11-A/DistritoFederal/2578578201/2025_H3N2,1119,0.8473,0.8473
seqneut25to26_sera_0035,A/DistritoFederal/2578578201/2025_H3N2,plate11-A/DistritoFederal/2578578201/2025_H3N2,2575,0.9525,0.9525
seqneut25to26_sera_0035,A/DistritoFederal/2578578201/2025_H3N2,plate11-A/DistritoFederal/2578578201/2025_H3N2,5921,0.8817,0.8817
seqneut25to26_sera_0035,A/DistritoFederal/2578578201/2025_H3N2,plate11-A/DistritoFederal/2578578201/2025_H3N2,1.362e+04,1.287,1
seqneut25to26_sera_0035,A/England/174/2025_H3N2,plate11-A/England/174/2025_H3N2,40,0,0
seqneut25to26_sera_0035,A/England/174/2025_H3N2,plate11-A/England/174/2025_H3N2,92,0.001001,0.001001
seqneut25to26_sera_0035,A/England/174/2025_H3N2,plate11-A/England/174/2025_H3N2,212,0.06784,0.06784
seqneut25to26_sera_0035,A/England/174/2025_H3N2,plate11-A/England/174/2025_H3N2,487,0.3375,0.3375
seqneut25to26_sera_0035,A/England/174/2025_H3N2,plate11-A/England/174/2025_H3N2,1119,0.6202,0.6202
seqneut25to26_sera_0035,A/England/174/2025_H3N2,plate11-A/England/174/2025_H3N2,2575,0.7625,0.7625
seqneut25to26_sera_0035,A/England/174/2025_H3N2,plate11-A/England/174/2025_H3N2,5921,0.9657,0.9657
seqneut25to26_sera_0035,A/England/174/2025_H3N2,plate11-A/England/174/2025_H3N2,1.362e+04,1.294,1
seqneut25to26_sera_0035,A/England/1822256/2025_H1N1,plate11-A/England/1822256/2025_H1N1,40,0.001665,0.001665
seqneut25to26_sera_0035,A/England/1822256/2025_H1N1,plate11-A/England/1822256/2025_H1N1,92,0.002695,0.002695
seqneut25to26_sera_0035,A/England/1822256/2025_H1N1,plate11-A/England/1822256/2025_H1N1,212,0.03948,0.03948
seqneut25to26_sera_0035,A/England/1822256/2025_H1N1,plate11-A/England/1822256/2025_H1N1,487,0.6111,0.6111
seqneut25to26_sera_0035,A/England/1822256/2025_H1N1,plate11-A/England/1822256/2025_H1N1,1119,1.141,1
seqneut25to26_sera_0035,A/England/1822256/2025_H1N1,plate11-A/England/1822256/2025_H1N1,2575,1.032,1
seqneut25to26_sera_0035,A/England/1822256/2025_H1N1,plate11-A/England/1822256/2025_H1N1,5921,0.9675,0.9675
seqneut25to26_sera_0035,A/England/1822256/2025_H1N1,plate11-A/England/1822256/2025_H1N1,1.362e+04,1.177,1
seqneut25to26_sera_0035,A/England/1837734/2025_H3N2,plate11-A/England/1837734/2025_H3N2,40,0.03418,0.03418
seqneut25to26_sera_0035,A/England/1837734/2025_H3N2,plate11-A/England/1837734/2025_H3N2,92,0.2585,0.2585
seqneut25to26_sera_0035,A/England/1837734/2025_H3N2,plate11-A/England/1837734/2025_H3N2,212,0.8989,0.8989
seqneut25to26_sera_0035,A/England/1837734/2025_H3N2,plate11-A/England/1837734/2025_H3N2,487,1.118,1
seqneut25to26_sera_0035,A/England/1837734/2025_H3N2,plate11-A/England/1837734/2025_H3N2,1119,1.058,1
seqneut25to26_sera_0035,A/England/1837734/2025_H3N2,plate11-A/England/1837734/2025_H3N2,2575,0.9761,0.9761
seqneut25to26_sera_0035,A/England/1837734/2025_H3N2,plate11-A/England/1837734/2025_H3N2,5921,0.9094,0.9094
seqneut25to26_sera_0035,A/England/1837734/2025_H3N2,plate11-A/England/1837734/2025_H3N2,1.362e+04,1.337,1
seqneut25to26_sera_0035,A/England/1837737/2025_H3N2,plate11-A/England/1837737/2025_H3N2,40,0,0
seqneut25to26_sera_0035,A/England/1837737/2025_H3N2,plate11-A/England/1837737/2025_H3N2,92,0.008324,0.008324
seqneut25to26_sera_0035,A/England/1837737/2025_H3N2,plate11-A/England/1837737/2025_H3N2,212,0.1393,0.1393
seqneut25to26_sera_0035,A/England/1837737/2025_H3N2,plate11-A/England/1837737/2025_H3N2,487,0.5585,0.5585
seqneut25to26_sera_0035,A/England/1837737/2025_H3N2,plate11-A/England/1837737/2025_H3N2,1119,1.037,1
seqneut25to26_sera_0035,A/England/1837737/2025_H3N2,plate11-A/England/1837737/2025_H3N2,2575,0.9507,0.9507
seqneut25to26_sera_0035,A/England/1837737/2025_H3N2,plate11-A/England/1837737/2025_H3N2,5921,0.9702,0.9702
seqneut25to26_sera_0035,A/England/1837737/2025_H3N2,plate11-A/England/1837737/2025_H3N2,1.362e+04,1.312,1
seqneut25to26_sera_0035,A/France/ARA-HCL025155099501/2025_H1N1,plate11-A/France/ARA-HCL025155099501/2025_H1N1,40,0.0003093,0.0003093
seqneut25to26_sera_0035,A/France/ARA-HCL025155099501/2025_H1N1,plate11-A/France/ARA-HCL025155099501/2025_H1N1,92,0.001226,0.001226
seqneut25to26_sera_0035,A/France/ARA-HCL025155099501/2025_H1N1,plate11-A/France/ARA-HCL025155099501/2025_H1N1,212,0.00736,0.00736
seqneut25to26_sera_0035,A/France/ARA-HCL025155099501/2025_H1N1,plate11-A/France/ARA-HCL025155099501/2025_H1N1,487,0.123,0.123
seqneut25to26_sera_0035,A/France/ARA-HCL025155099501/2025_H1N1,plate11-A/France/ARA-HCL025155099501/2025_H1N1,1119,0.7431,0.7431
seqneut25to26_sera_0035,A/France/ARA-HCL025155099501/2025_H1N1,plate11-A/France/ARA-HCL025155099501/2025_H1N1,2575,0.9317,0.9317
seqneut25to26_sera_0035,A/France/ARA-HCL025155099501/2025_H1N1,plate11-A/France/ARA-HCL025155099501/2025_H1N1,5921,0.888,0.888
seqneut25to26_sera_0035,A/France/ARA-HCL025155099501/2025_H1N1,plate11-A/France/ARA-HCL025155099501/2025_H1N1,1.362e+04,1.162,1
seqneut25to26_sera_0035,A/Galicia/GA-CHUAC-451/2025_H3N2,plate11-A/Galicia/GA-CHUAC-451/2025_H3N2,40,0,0
seqneut25to26_sera_0035,A/Galicia/GA-CHUAC-451/2025_H3N2,plate11-A/Galicia/GA-CHUAC-451/2025_H3N2,92,0.002421,0.002421
seqneut25to26_sera_0035,A/Galicia/GA-CHUAC-451/2025_H3N2,plate11-A/Galicia/GA-CHUAC-451/2025_H3N2,212,0.06051,0.06051
seqneut25to26_sera_0035,A/Galicia/GA-CHUAC-451/2025_H3N2,plate11-A/Galicia/GA-CHUAC-451/2025_H3N2,487,0.3838,0.3838
seqneut25to26_sera_0035,A/Galicia/GA-CHUAC-451/2025_H3N2,plate11-A/Galicia/GA-CHUAC-451/2025_H3N2,1119,0.8567,0.8567
seqneut25to26_sera_0035,A/Galicia/GA-CHUAC-451/2025_H3N2,plate11-A/Galicia/GA-CHUAC-451/2025_H3N2,2575,0.6977,0.6977
seqneut25to26_sera_0035,A/Galicia/GA-CHUAC-451/2025_H3N2,plate11-A/Galicia/GA-CHUAC-451/2025_H3N2,5921,0.8588,0.8588
seqneut25to26_sera_0035,A/Galicia/GA-CHUAC-451/2025_H3N2,plate11-A/Galicia/GA-CHUAC-451/2025_H3N2,1.362e+04,1.068,1
seqneut25to26_sera_0035,A/Ghana/ARI-25-1125/2025_H1N1,plate11-A/Ghana/ARI-25-1125/2025_H1N1,40,0.0004957,0.0004957
seqneut25to26_sera_0035,A/Ghana/ARI-25-1125/2025_H1N1,plate11-A/Ghana/ARI-25-1125/2025_H1N1,92,0.001196,0.001196
seqneut25to26_sera_0035,A/Ghana/ARI-25-1125/2025_H1N1,plate11-A/Ghana/ARI-25-1125/2025_H1N1,212,0.03308,0.03308
seqneut25to26_sera_0035,A/Ghana/ARI-25-1125/2025_H1N1,plate11-A/Ghana/ARI-25-1125/2025_H1N1,487,0.5868,0.5868
seqneut25to26_sera_0035,A/Ghana/ARI-25-1125/2025_H1N1,plate11-A/Ghana/ARI-25-1125/2025_H1N1,1119,1.05,1
seqneut25to26_sera_0035,A/Ghana/ARI-25-1125/2025_H1N1,plate11-A/Ghana/ARI-25-1125/2025_H1N1,2575,1.063,1
seqneut25to26_sera_0035,A/Ghana/ARI-25-1125/2025_H1N1,plate11-A/Ghana/ARI-25-1125/2025_H1N1,5921,0.8676,0.8676
seqneut25to26_sera_0035,A/Ghana/ARI-25-1125/2025_H1N1,plate11-A/Ghana/ARI-25-1125/2025_H1N1,1.362e+04,1.283,1
seqneut25to26_sera_0035,A/Ghana/FS-25-7077/2025_H3N2,plate11-A/Ghana/FS-25-7077/2025_H3N2,40,0.04459,0.04459
seqneut25to26_sera_0035,A/Ghana/FS-25-7077/2025_H3N2,plate11-A/Ghana/FS-25-7077/2025_H3N2,92,0.39,0.39
seqneut25to26_sera_0035,A/Ghana/FS-25-7077/2025_H3N2,plate11-A/Ghana/FS-25-7077/2025_H3N2,212,0.6943,0.6943
seqneut25to26_sera_0035,A/Ghana/FS-25-7077/2025_H3N2,plate11-A/Ghana/FS-25-7077/2025_H3N2,487,0.9335,0.9335
seqneut25to26_sera_0035,A/Ghana/FS-25-7077/2025_H3N2,plate11-A/Ghana/FS-25-7077/2025_H3N2,1119,1.124,1
seqneut25to26_sera_0035,A/Ghana/FS-25-7077/2025_H3N2,plate11-A/Ghana/FS-25-7077/2025_H3N2,2575,1.13,1
seqneut25to26_sera_0035,A/Ghana/FS-25-7077/2025_H3N2,plate11-A/Ghana/FS-25-7077/2025_H3N2,5921,1.019,1
seqneut25to26_sera_0035,A/Ghana/FS-25-7077/2025_H3N2,plate11-A/Ghana/FS-25-7077/2025_H3N2,1.362e+04,1.301,1
seqneut25to26_sera_0035,A/Guangdong-Maonan/11438/2025_H3N2,plate11-A/Guangdong-Maonan/11438/2025_H3N2,40,0,0
seqneut25to26_sera_0035,A/Guangdong-Maonan/11438/2025_H3N2,plate11-A/Guangdong-Maonan/11438/2025_H3N2,92,0,0
seqneut25to26_sera_0035,A/Guangdong-Maonan/11438/2025_H3N2,plate11-A/Guangdong-Maonan/11438/2025_H3N2,212,0.02,0.02
seqneut25to26_sera_0035,A/Guangdong-Maonan/11438/2025_H3N2,plate11-A/Guangdong-Maonan/11438/2025_H3N2,487,0.2464,0.2464
seqneut25to26_sera_0035,A/Guangdong-Maonan/11438/2025_H3N2,plate11-A/Guangdong-Maonan/11438/2025_H3N2,1119,0.3917,0.3917
seqneut25to26_sera_0035,A/Guangdong-Maonan/11438/2025_H3N2,plate11-A/Guangdong-Maonan/11438/2025_H3N2,2575,0.6161,0.6161
seqneut25to26_sera_0035,A/Guangdong-Maonan/11438/2025_H3N2,plate11-A/Guangdong-Maonan/11438/2025_H3N2,5921,0.6006,0.6006
seqneut25to26_sera_0035,A/Guangdong-Maonan/11438/2025_H3N2,plate11-A/Guangdong-Maonan/11438/2025_H3N2,1.362e+04,0.9886,0.9886
seqneut25to26_sera_0035,A/Guangdong-Meijiang/11256/2025_H3N2,plate11-A/Guangdong-Meijiang/11256/2025_H3N2,40,6.625e-05,6.625e-05
seqneut25to26_sera_0035,A/Guangdong-Meijiang/11256/2025_H3N2,plate11-A/Guangdong-Meijiang/11256/2025_H3N2,92,0.000151,0.000151
seqneut25to26_sera_0035,A/Guangdong-Meijiang/11256/2025_H3N2,plate11-A/Guangdong-Meijiang/11256/2025_H3N2,212,0.05866,0.05866
seqneut25to26_sera_0035,A/Guangdong-Meijiang/11256/2025_H3N2,plate11-A/Guangdong-Meijiang/11256/2025_H3N2,487,0.2425,0.2425
seqneut25to26_sera_0035,A/Guangdong-Meijiang/11256/2025_H3N2,plate11-A/Guangdong-Meijiang/11256/2025_H3N2,1119,0.5355,0.5355
seqneut25to26_sera_0035,A/Guangdong-Meijiang/11256/2025_H3N2,plate11-A/Guangdong-Meijiang/11256/2025_H3N2,2575,0.8663,0.8663
seqneut25to26_sera_0035,A/Guangdong-Meijiang/11256/2025_H3N2,plate11-A/Guangdong-Meijiang/11256/2025_H3N2,5921,0.6499,0.6499
seqneut25to26_sera_0035,A/Guangdong-Meijiang/11256/2025_H3N2,plate11-A/Guangdong-Meijiang/11256/2025_H3N2,1.362e+04,0.9721,0.9721
seqneut25to26_sera_0035,A/Guangxi-Daxin/1643/2025_H3N2,plate11-A/Guangxi-Daxin/1643/2025_H3N2,40,0.0001316,0.0001316
seqneut25to26_sera_0035,A/Guangxi-Daxin/1643/2025_H3N2,plate11-A/Guangxi-Daxin/1643/2025_H3N2,92,0.001458,0.001458
seqneut25to26_sera_0035,A/Guangxi-Daxin/1643/2025_H3N2,plate11-A/Guangxi-Daxin/1643/2025_H3N2,212,0.1117,0.1117
seqneut25to26_sera_0035,A/Guangxi-Daxin/1643/2025_H3N2,plate11-A/Guangxi-Daxin/1643/2025_H3N2,487,0.4541,0.4541
seqneut25to26_sera_0035,A/Guangxi-Daxin/1643/2025_H3N2,plate11-A/Guangxi-Daxin/1643/2025_H3N2,1119,0.7702,0.7702
seqneut25to26_sera_0035,A/Guangxi-Daxin/1643/2025_H3N2,plate11-A/Guangxi-Daxin/1643/2025_H3N2,2575,0.8854,0.8854
seqneut25to26_sera_0035,A/Guangxi-Daxin/1643/2025_H3N2,plate11-A/Guangxi-Daxin/1643/2025_H3N2,5921,0.8672,0.8672
seqneut25to26_sera_0035,A/Guangxi-Daxin/1643/2025_H3N2,plate11-A/Guangxi-Daxin/1643/2025_H3N2,1.362e+04,1.006,1
seqneut25to26_sera_0035,A/Guangxi-Qingxiu/SWL11742/2025_H1N1,plate11-A/Guangxi-Qingxiu/SWL11742/2025_H1N1,40,0.0001795,0.0001795
seqneut25to26_sera_0035,A/Guangxi-Qingxiu/SWL11742/2025_H1N1,plate11-A/Guangxi-Qingxiu/SWL11742/2025_H1N1,92,0.0007403,0.0007403
seqneut25to26_sera_0035,A/Guangxi-Qingxiu/SWL11742/2025_H1N1,plate11-A/Guangxi-Qingxiu/SWL11742/2025_H1N1,212,0.008679,0.008679
seqneut25to26_sera_0035,A/Guangxi-Qingxiu/SWL11742/2025_H1N1,plate11-A/Guangxi-Qingxiu/SWL11742/2025_H1N1,487,0.1339,0.1339
seqneut25to26_sera_0035,A/Guangxi-Qingxiu/SWL11742/2025_H1N1,plate11-A/Guangxi-Qingxiu/SWL11742/2025_H1N1,1119,0.8375,0.8375
seqneut25to26_sera_0035,A/Guangxi-Qingxiu/SWL11742/2025_H1N1,plate11-A/Guangxi-Qingxiu/SWL11742/2025_H1N1,2575,1.011,1
seqneut25to26_sera_0035,A/Guangxi-Qingxiu/SWL11742/2025_H1N1,plate11-A/Guangxi-Qingxiu/SWL11742/2025_H1N1,5921,0.7926,0.7926
seqneut25to26_sera_0035,A/Guangxi-Qingxiu/SWL11742/2025_H1N1,plate11-A/Guangxi-Qingxiu/SWL11742/2025_H1N1,1.362e+04,1.127,1
seqneut25to26_sera_0035,A/Hawaii/44/2025_H1N1,plate11-A/Hawaii/44/2025_H1N1,40,4.367e-05,4.367e-05
seqneut25to26_sera_0035,A/Hawaii/44/2025_H1N1,plate11-A/Hawaii/44/2025_H1N1,92,0.0001797,0.0001797
seqneut25to26_sera_0035,A/Hawaii/44/2025_H1N1,plate11-A/Hawaii/44/2025_H1N1,212,0.0018,0.0018
seqneut25to26_sera_0035,A/Hawaii/44/2025_H1N1,plate11-A/Hawaii/44/2025_H1N1,487,0.09945,0.09945
seqneut25to26_sera_0035,A/Hawaii/44/2025_H1N1,plate11-A/Hawaii/44/2025_H1N1,1119,0.6595,0.6595
seqneut25to26_sera_0035,A/Hawaii/44/2025_H1N1,plate11-A/Hawaii/44/2025_H1N1,2575,0.9009,0.9009
seqneut25to26_sera_0035,A/Hawaii/44/2025_H1N1,plate11-A/Hawaii/44/2025_H1N1,5921,0.849,0.849
seqneut25to26_sera_0035,A/Hawaii/44/2025_H1N1,plate11-A/Hawaii/44/2025_H1N1,1.362e+04,1.131,1
seqneut25to26_sera_0035,A/Hawaii/70/2019_H1N1,plate11-A/Hawaii/70/2019_H1N1,40,0.07136,0.07136
seqneut25to26_sera_0035,A/Hawaii/70/2019_H1N1,plate11-A/Hawaii/70/2019_H1N1,92,0.3815,0.3815
seqneut25to26_sera_0035,A/Hawaii/70/2019_H1N1,plate11-A/Hawaii/70/2019_H1N1,212,0.621,0.621
seqneut25to26_sera_0035,A/Hawaii/70/2019_H1N1,plate11-A/Hawaii/70/2019_H1N1,487,0.9589,0.9589
seqneut25to26_sera_0035,A/Hawaii/70/2019_H1N1,plate11-A/Hawaii/70/2019_H1N1,1119,1.141,1
seqneut25to26_sera_0035,A/Hawaii/70/2019_H1N1,plate11-A/Hawaii/70/2019_H1N1,2575,0.9806,0.9806
seqneut25to26_sera_0035,A/Hawaii/70/2019_H1N1,plate11-A/Hawaii/70/2019_H1N1,5921,0.874,0.874
seqneut25to26_sera_0035,A/Hawaii/70/2019_H1N1,plate11-A/Hawaii/70/2019_H1N1,1.362e+04,1.331,1
seqneut25to26_sera_0035,A/HongKong/1257/2025_H3N2,plate11-A/HongKong/1257/2025_H3N2,40,0,0
seqneut25to26_sera_0035,A/HongKong/1257/2025_H3N2,plate11-A/HongKong/1257/2025_H3N2,92,0.001943,0.001943
seqneut25to26_sera_0035,A/HongKong/1257/2025_H3N2,plate11-A/HongKong/1257/2025_H3N2,212,0.05876,0.05876
seqneut25to26_sera_0035,A/HongKong/1257/2025_H3N2,plate11-A/HongKong/1257/2025_H3N2,487,0.2638,0.2638
seqneut25to26_sera_0035,A/HongKong/1257/2025_H3N2,plate11-A/HongKong/1257/2025_H3N2,1119,0.5604,0.5604
seqneut25to26_sera_0035,A/HongKong/1257/2025_H3N2,plate11-A/HongKong/1257/2025_H3N2,2575,0.659,0.659
seqneut25to26_sera_0035,A/HongKong/1257/2025_H3N2,plate11-A/HongKong/1257/2025_H3N2,5921,0.7905,0.7905
seqneut25to26_sera_0035,A/HongKong/1257/2025_H3N2,plate11-A/HongKong/1257/2025_H3N2,1.362e+04,0.9818,0.9818
seqneut25to26_sera_0035,A/HongKong/1382/2025_H3N2,plate11-A/HongKong/1382/2025_H3N2,40,0.0136,0.0136
seqneut25to26_sera_0035,A/HongKong/1382/2025_H3N2,plate11-A/HongKong/1382/2025_H3N2,92,0.2798,0.2798
seqneut25to26_sera_0035,A/HongKong/1382/2025_H3N2,plate11-A/HongKong/1382/2025_H3N2,212,0.4984,0.4984
seqneut25to26_sera_0035,A/HongKong/1382/2025_H3N2,plate11-A/HongKong/1382/2025_H3N2,487,0.533,0.533
seqneut25to26_sera_0035,A/HongKong/1382/2025_H3N2,plate11-A/HongKong/1382/2025_H3N2,1119,0.798,0.798
seqneut25to26_sera_0035,A/HongKong/1382/2025_H3N2,plate11-A/HongKong/1382/2025_H3N2,2575,0.6968,0.6968
seqneut25to26_sera_0035,A/HongKong/1382/2025_H3N2,plate11-A/HongKong/1382/2025_H3N2,5921,0.7525,0.7525
seqneut25to26_sera_0035,A/HongKong/1382/2025_H3N2,plate11-A/HongKong/1382/2025_H3N2,1.362e+04,1.044,1
seqneut25to26_sera_0035,A/Indonesia/BIOKES-I-BT074/2025_H3N2,plate11-A/Indonesia/BIOKES-I-BT074/2025_H3N2,40,4.198e-06,4.198e-06
seqneut25to26_sera_0035,A/Indonesia/BIOKES-I-BT074/2025_H3N2,plate11-A/Indonesia/BIOKES-I-BT074/2025_H3N2,92,0.005502,0.005502
seqneut25to26_sera_0035,A/Indonesia/BIOKES-I-BT074/2025_H3N2,plate11-A/Indonesia/BIOKES-I-BT074/2025_H3N2,212,0.01083,0.01083
seqneut25to26_sera_0035,A/Indonesia/BIOKES-I-BT074/2025_H3N2,plate11-A/Indonesia/BIOKES-I-BT074/2025_H3N2,487,0.2137,0.2137
seqneut25to26_sera_0035,A/Indonesia/BIOKES-I-BT074/2025_H3N2,plate11-A/Indonesia/BIOKES-I-BT074/2025_H3N2,1119,0.6129,0.6129
seqneut25to26_sera_0035,A/Indonesia/BIOKES-I-BT074/2025_H3N2,plate11-A/Indonesia/BIOKES-I-BT074/2025_H3N2,2575,0.9198,0.9198
seqneut25to26_sera_0035,A/Indonesia/BIOKES-I-BT074/2025_H3N2,plate11-A/Indonesia/BIOKES-I-BT074/2025_H3N2,5921,0.8007,0.8007
seqneut25to26_sera_0035,A/Indonesia/BIOKES-I-BT074/2025_H3N2,plate11-A/Indonesia/BIOKES-I-BT074/2025_H3N2,1.362e+04,1.111,1
seqneut25to26_sera_0035,A/Indonesia/BIOKES-INAD491/2025_H3N2,plate11-A/Indonesia/BIOKES-INAD491/2025_H3N2,40,0,0
seqneut25to26_sera_0035,A/Indonesia/BIOKES-INAD491/2025_H3N2,plate11-A/Indonesia/BIOKES-INAD491/2025_H3N2,92,0.0009168,0.0009168
seqneut25to26_sera_0035,A/Indonesia/BIOKES-INAD491/2025_H3N2,plate11-A/Indonesia/BIOKES-INAD491/2025_H3N2,212,0.006869,0.006869
seqneut25to26_sera_0035,A/Indonesia/BIOKES-INAD491/2025_H3N2,plate11-A/Indonesia/BIOKES-INAD491/2025_H3N2,487,0.1687,0.1687
seqneut25to26_sera_0035,A/Indonesia/BIOKES-INAD491/2025_H3N2,plate11-A/Indonesia/BIOKES-INAD491/2025_H3N2,1119,0.4241,0.4241
seqneut25to26_sera_0035,A/Indonesia/BIOKES-INAD491/2025_H3N2,plate11-A/Indonesia/BIOKES-INAD491/2025_H3N2,2575,0.7862,0.7862
seqneut25to26_sera_0035,A/Indonesia/BIOKES-INAD491/2025_H3N2,plate11-A/Indonesia/BIOKES-INAD491/2025_H3N2,5921,0.5858,0.5858
seqneut25to26_sera_0035,A/Indonesia/BIOKES-INAD491/2025_H3N2,plate11-A/Indonesia/BIOKES-INAD491/2025_H3N2,1.362e+04,1.44,1
seqneut25to26_sera_0035,A/Lao/820-2750/2025_H3N2,plate11-A/Lao/820-2750/2025_H3N2,40,6.878e-06,6.878e-06
seqneut25to26_sera_0035,A/Lao/820-2750/2025_H3N2,plate11-A/Lao/820-2750/2025_H3N2,92,0,0
seqneut25to26_sera_0035,A/Lao/820-2750/2025_H3N2,plate11-A/Lao/820-2750/2025_H3N2,212,0.04184,0.04184
seqneut25to26_sera_0035,A/Lao/820-2750/2025_H3N2,plate11-A/Lao/820-2750/2025_H3N2,487,0.1847,0.1847
seqneut25to26_sera_0035,A/Lao/820-2750/2025_H3N2,plate11-A/Lao/820-2750/2025_H3N2,1119,0.5361,0.5361
seqneut25to26_sera_0035,A/Lao/820-2750/2025_H3N2,plate11-A/Lao/820-2750/2025_H3N2,2575,0.9577,0.9577
seqneut25to26_sera_0035,A/Lao/820-2750/2025_H3N2,plate11-A/Lao/820-2750/2025_H3N2,5921,0.7773,0.7773
seqneut25to26_sera_0035,A/Lao/820-2750/2025_H3N2,plate11-A/Lao/820-2750/2025_H3N2,1.362e+04,0.9324,0.9324
seqneut25to26_sera_0035,A/Malaysia/IMR/SARI/2028/2025_H3N2,plate11-A/Malaysia/IMR/SARI/2028/2025_H3N2,40,0.0001518,0.0001518
seqneut25to26_sera_0035,A/Malaysia/IMR/SARI/2028/2025_H3N2,plate11-A/Malaysia/IMR/SARI/2028/2025_H3N2,92,0.00173,0.00173
seqneut25to26_sera_0035,A/Malaysia/IMR/SARI/2028/2025_H3N2,plate11-A/Malaysia/IMR/SARI/2028/2025_H3N2,212,0.05088,0.05088
seqneut25to26_sera_0035,A/Malaysia/IMR/SARI/2028/2025_H3N2,plate11-A/Malaysia/IMR/SARI/2028/2025_H3N2,487,0.2463,0.2463
seqneut25to26_sera_0035,A/Malaysia/IMR/SARI/2028/2025_H3N2,plate11-A/Malaysia/IMR/SARI/2028/2025_H3N2,1119,0.6183,0.6183
seqneut25to26_sera_0035,A/Malaysia/IMR/SARI/2028/2025_H3N2,plate11-A/Malaysia/IMR/SARI/2028/2025_H3N2,2575,0.7242,0.7242
seqneut25to26_sera_0035,A/Malaysia/IMR/SARI/2028/2025_H3N2,plate11-A/Malaysia/IMR/SARI/2028/2025_H3N2,5921,0.729,0.729
seqneut25to26_sera_0035,A/Malaysia/IMR/SARI/2028/2025_H3N2,plate11-A/Malaysia/IMR/SARI/2028/2025_H3N2,1.362e+04,1.234,1
seqneut25to26_sera_0035,A/Malaysia/IMR/SARI/2406/2025_H3N2,plate11-A/Malaysia/IMR/SARI/2406/2025_H3N2,40,0.1181,0.1181
seqneut25to26_sera_0035,A/Malaysia/IMR/SARI/2406/2025_H3N2,plate11-A/Malaysia/IMR/SARI/2406/2025_H3N2,92,0.3827,0.3827
seqneut25to26_sera_0035,A/Malaysia/IMR/SARI/2406/2025_H3N2,plate11-A/Malaysia/IMR/SARI/2406/2025_H3N2,212,0.67,0.67
seqneut25to26_sera_0035,A/Malaysia/IMR/SARI/2406/2025_H3N2,plate11-A/Malaysia/IMR/SARI/2406/2025_H3N2,487,0.7497,0.7497
seqneut25to26_sera_0035,A/Malaysia/IMR/SARI/2406/2025_H3N2,plate11-A/Malaysia/IMR/SARI/2406/2025_H3N2,1119,0.9363,0.9363
seqneut25to26_sera_0035,A/Malaysia/IMR/SARI/2406/2025_H3N2,plate11-A/Malaysia/IMR/SARI/2406/2025_H3N2,2575,0.9145,0.9145
seqneut25to26_sera_0035,A/Malaysia/IMR/SARI/2406/2025_H3N2,plate11-A/Malaysia/IMR/SARI/2406/2025_H3N2,5921,0.771,0.771
seqneut25to26_sera_0035,A/Malaysia/IMR/SARI/2406/2025_H3N2,plate11-A/Malaysia/IMR/SARI/2406/2025_H3N2,1.362e+04,1.28,1
seqneut25to26_sera_0035,A/Malaysia/IMR/SARI/2517/2025_H3N2,plate11-A/Malaysia/IMR/SARI/2517/2025_H3N2,40,0.02922,0.02922
seqneut25to26_sera_0035,A/Malaysia/IMR/SARI/2517/2025_H3N2,plate11-A/Malaysia/IMR/SARI/2517/2025_H3N2,92,0.2451,0.2451
seqneut25to26_sera_0035,A/Malaysia/IMR/SARI/2517/2025_H3N2,plate11-A/Malaysia/IMR/SARI/2517/2025_H3N2,212,0.6191,0.6191
seqneut25to26_sera_0035,A/Malaysia/IMR/SARI/2517/2025_H3N2,plate11-A/Malaysia/IMR/SARI/2517/2025_H3N2,487,0.8444,0.8444
seqneut25to26_sera_0035,A/Malaysia/IMR/SARI/2517/2025_H3N2,plate11-A/Malaysia/IMR/SARI/2517/2025_H3N2,1119,1.058,1
seqneut25to26_sera_0035,A/Malaysia/IMR/SARI/2517/2025_H3N2,plate11-A/Malaysia/IMR/SARI/2517/2025_H3N2,2575,0.9466,0.9466
seqneut25to26_sera_0035,A/Malaysia/IMR/SARI/2517/2025_H3N2,plate11-A/Malaysia/IMR/SARI/2517/2025_H3N2,5921,0.8227,0.8227
seqneut25to26_sera_0035,A/Malaysia/IMR/SARI/2517/2025_H3N2,plate11-A/Malaysia/IMR/SARI/2517/2025_H3N2,1.362e+04,1.143,1
seqneut25to26_sera_0035,A/Massachusetts/18/2022_H3N2,plate11-A/Massachusetts/18/2022_H3N2,40,0.000121,0.000121
seqneut25to26_sera_0035,A/Massachusetts/18/2022_H3N2,plate11-A/Massachusetts/18/2022_H3N2,92,0.02511,0.02511
seqneut25to26_sera_0035,A/Massachusetts/18/2022_H3N2,plate11-A/Massachusetts/18/2022_H3N2,212,0.149,0.149
seqneut25to26_sera_0035,A/Massachusetts/18/2022_H3N2,plate11-A/Massachusetts/18/2022_H3N2,487,0.4448,0.4448
seqneut25to26_sera_0035,A/Massachusetts/18/2022_H3N2,plate11-A/Massachusetts/18/2022_H3N2,1119,0.5818,0.5818
seqneut25to26_sera_0035,A/Massachusetts/18/2022_H3N2,plate11-A/Massachusetts/18/2022_H3N2,2575,0.7621,0.7621
seqneut25to26_sera_0035,A/Massachusetts/18/2022_H3N2,plate11-A/Massachusetts/18/2022_H3N2,5921,0.7475,0.7475
seqneut25to26_sera_0035,A/Massachusetts/18/2022_H3N2,plate11-A/Massachusetts/18/2022_H3N2,1.362e+04,1.279,1
seqneut25to26_sera_0035,A/Michigan/110/2025_H3N2,plate11-A/Michigan/110/2025_H3N2,40,0,0
seqneut25to26_sera_0035,A/Michigan/110/2025_H3N2,plate11-A/Michigan/110/2025_H3N2,92,0.0007875,0.0007875
seqneut25to26_sera_0035,A/Michigan/110/2025_H3N2,plate11-A/Michigan/110/2025_H3N2,212,0.05394,0.05394
seqneut25to26_sera_0035,A/Michigan/110/2025_H3N2,plate11-A/Michigan/110/2025_H3N2,487,0.2653,0.2653
seqneut25to26_sera_0035,A/Michigan/110/2025_H3N2,plate11-A/Michigan/110/2025_H3N2,1119,0.5447,0.5447
seqneut25to26_sera_0035,A/Michigan/110/2025_H3N2,plate11-A/Michigan/110/2025_H3N2,2575,0.6283,0.6283
seqneut25to26_sera_0035,A/Michigan/110/2025_H3N2,plate11-A/Michigan/110/2025_H3N2,5921,0.6232,0.6232
seqneut25to26_sera_0035,A/Michigan/110/2025_H3N2,plate11-A/Michigan/110/2025_H3N2,1.362e+04,1.127,1
seqneut25to26_sera_0035,A/Minnesota/96/2025_H3N2,plate11-A/Minnesota/96/2025_H3N2,40,0,0
seqneut25to26_sera_0035,A/Minnesota/96/2025_H3N2,plate11-A/Minnesota/96/2025_H3N2,92,0.0004632,0.0004632
seqneut25to26_sera_0035,A/Minnesota/96/2025_H3N2,plate11-A/Minnesota/96/2025_H3N2,212,0.04286,0.04286
seqneut25to26_sera_0035,A/Minnesota/96/2025_H3N2,plate11-A/Minnesota/96/2025_H3N2,487,0.2362,0.2362
seqneut25to26_sera_0035,A/Minnesota/96/2025_H3N2,plate11-A/Minnesota/96/2025_H3N2,1119,0.7216,0.7216
seqneut25to26_sera_0035,A/Minnesota/96/2025_H3N2,plate11-A/Minnesota/96/2025_H3N2,2575,0.7024,0.7024
seqneut25to26_sera_0035,A/Minnesota/96/2025_H3N2,plate11-A/Minnesota/96/2025_H3N2,5921,0.7266,0.7266
seqneut25to26_sera_0035,A/Minnesota/96/2025_H3N2,plate11-A/Minnesota/96/2025_H3N2,1.362e+04,1.094,1
seqneut25to26_sera_0035,A/Missouri/11/2025_H1N1,plate11-A/Missouri/11/2025_H1N1,40,0.0004413,0.0004413
seqneut25to26_sera_0035,A/Missouri/11/2025_H1N1,plate11-A/Missouri/11/2025_H1N1,92,0.002147,0.002147
seqneut25to26_sera_0035,A/Missouri/11/2025_H1N1,plate11-A/Missouri/11/2025_H1N1,212,0.006829,0.006829
seqneut25to26_sera_0035,A/Missouri/11/2025_H1N1,plate11-A/Missouri/11/2025_H1N1,487,0.21,0.21
seqneut25to26_sera_0035,A/Missouri/11/2025_H1N1,plate11-A/Missouri/11/2025_H1N1,1119,0.5459,0.5459
seqneut25to26_sera_0035,A/Missouri/11/2025_H1N1,plate11-A/Missouri/11/2025_H1N1,2575,0.9396,0.9396
seqneut25to26_sera_0035,A/Missouri/11/2025_H1N1,plate11-A/Missouri/11/2025_H1N1,5921,0.8373,0.8373
seqneut25to26_sera_0035,A/Missouri/11/2025_H1N1,plate11-A/Missouri/11/2025_H1N1,1.362e+04,1.146,1
seqneut25to26_sera_0035,A/NewSouthWales/2526015582/2025_H3N2,plate11-A/NewSouthWales/2526015582/2025_H3N2,40,0.04436,0.04436
seqneut25to26_sera_0035,A/NewSouthWales/2526015582/2025_H3N2,plate11-A/NewSouthWales/2526015582/2025_H3N2,92,0.227,0.227
seqneut25to26_sera_0035,A/NewSouthWales/2526015582/2025_H3N2,plate11-A/NewSouthWales/2526015582/2025_H3N2,212,0.4876,0.4876
seqneut25to26_sera_0035,A/NewSouthWales/2526015582/2025_H3N2,plate11-A/NewSouthWales/2526015582/2025_H3N2,487,0.6777,0.6777
seqneut25to26_sera_0035,A/NewSouthWales/2526015582/2025_H3N2,plate11-A/NewSouthWales/2526015582/2025_H3N2,1119,0.8411,0.8411
seqneut25to26_sera_0035,A/NewSouthWales/2526015582/2025_H3N2,plate11-A/NewSouthWales/2526015582/2025_H3N2,2575,0.8931,0.8931
seqneut25to26_sera_0035,A/NewSouthWales/2526015582/2025_H3N2,plate11-A/NewSouthWales/2526015582/2025_H3N2,5921,0.831,0.831
seqneut25to26_sera_0035,A/NewSouthWales/2526015582/2025_H3N2,plate11-A/NewSouthWales/2526015582/2025_H3N2,1.362e+04,1.248,1
seqneut25to26_sera_0035,A/NewSouthWales/2526015584/2025_H3N2,plate11-A/NewSouthWales/2526015584/2025_H3N2,40,0.02505,0.02505
seqneut25to26_sera_0035,A/NewSouthWales/2526015584/2025_H3N2,plate11-A/NewSouthWales/2526015584/2025_H3N2,92,0.1297,0.1297
seqneut25to26_sera_0035,A/NewSouthWales/2526015584/2025_H3N2,plate11-A/NewSouthWales/2526015584/2025_H3N2,212,0.4083,0.4083
seqneut25to26_sera_0035,A/NewSouthWales/2526015584/2025_H3N2,plate11-A/NewSouthWales/2526015584/2025_H3N2,487,0.6974,0.6974
seqneut25to26_sera_0035,A/NewSouthWales/2526015584/2025_H3N2,plate11-A/NewSouthWales/2526015584/2025_H3N2,1119,0.9375,0.9375
seqneut25to26_sera_0035,A/NewSouthWales/2526015584/2025_H3N2,plate11-A/NewSouthWales/2526015584/2025_H3N2,2575,0.9983,0.9983
seqneut25to26_sera_0035,A/NewSouthWales/2526015584/2025_H3N2,plate11-A/NewSouthWales/2526015584/2025_H3N2,5921,0.8081,0.8081
seqneut25to26_sera_0035,A/NewSouthWales/2526015584/2025_H3N2,plate11-A/NewSouthWales/2526015584/2025_H3N2,1.362e+04,1.145,1
seqneut25to26_sera_0035,A/Norway/8765/2025_H3N2,plate11-A/Norway/8765/2025_H3N2,40,0.04147,0.04147
seqneut25to26_sera_0035,A/Norway/8765/2025_H3N2,plate11-A/Norway/8765/2025_H3N2,92,0.2542,0.2542
seqneut25to26_sera_0035,A/Norway/8765/2025_H3N2,plate11-A/Norway/8765/2025_H3N2,212,0.5434,0.5434
seqneut25to26_sera_0035,A/Norway/8765/2025_H3N2,plate11-A/Norway/8765/2025_H3N2,487,0.7739,0.7739
seqneut25to26_sera_0035,A/Norway/8765/2025_H3N2,plate11-A/Norway/8765/2025_H3N2,1119,1.018,1
seqneut25to26_sera_0035,A/Norway/8765/2025_H3N2,plate11-A/Norway/8765/2025_H3N2,2575,0.9507,0.9507
seqneut25to26_sera_0035,A/Norway/8765/2025_H3N2,plate11-A/Norway/8765/2025_H3N2,5921,0.8367,0.8367
seqneut25to26_sera_0035,A/Norway/8765/2025_H3N2,plate11-A/Norway/8765/2025_H3N2,1.362e+04,1.163,1
seqneut25to26_sera_0035,A/Norway/8976/2025_H3N2,plate11-A/Norway/8976/2025_H3N2,40,0.03209,0.03209
seqneut25to26_sera_0035,A/Norway/8976/2025_H3N2,plate11-A/Norway/8976/2025_H3N2,92,0.2278,0.2278
seqneut25to26_sera_0035,A/Norway/8976/2025_H3N2,plate11-A/Norway/8976/2025_H3N2,212,0.6646,0.6646
seqneut25to26_sera_0035,A/Norway/8976/2025_H3N2,plate11-A/Norway/8976/2025_H3N2,487,0.8021,0.8021
seqneut25to26_sera_0035,A/Norway/8976/2025_H3N2,plate11-A/Norway/8976/2025_H3N2,1119,0.8616,0.8616
seqneut25to26_sera_0035,A/Norway/8976/2025_H3N2,plate11-A/Norway/8976/2025_H3N2,2575,0.7259,0.7259
seqneut25to26_sera_0035,A/Norway/8976/2025_H3N2,plate11-A/Norway/8976/2025_H3N2,5921,0.914,0.914
seqneut25to26_sera_0035,A/Norway/8976/2025_H3N2,plate11-A/Norway/8976/2025_H3N2,1.362e+04,1.274,1
seqneut25to26_sera_0035,A/Norway/9107/2025_H1N1,plate11-A/Norway/9107/2025_H1N1,40,0.0002211,0.0002211
seqneut25to26_sera_0035,A/Norway/9107/2025_H1N1,plate11-A/Norway/9107/2025_H1N1,92,0.001857,0.001857
seqneut25to26_sera_0035,A/Norway/9107/2025_H1N1,plate11-A/Norway/9107/2025_H1N1,212,0.005332,0.005332
seqneut25to26_sera_0035,A/Norway/9107/2025_H1N1,plate11-A/Norway/9107/2025_H1N1,487,0.1368,0.1368
seqneut25to26_sera_0035,A/Norway/9107/2025_H1N1,plate11-A/Norway/9107/2025_H1N1,1119,0.7973,0.7973
seqneut25to26_sera_0035,A/Norway/9107/2025_H1N1,plate11-A/Norway/9107/2025_H1N1,2575,0.857,0.857
seqneut25to26_sera_0035,A/Norway/9107/2025_H1N1,plate11-A/Norway/9107/2025_H1N1,5921,0.8488,0.8488
seqneut25to26_sera_0035,A/Norway/9107/2025_H1N1,plate11-A/Norway/9107/2025_H1N1,1.362e+04,1.253,1
seqneut25to26_sera_0035,A/Norway/9556/2025_H1N1,plate11-A/Norway/9556/2025_H1N1,40,0.0006117,0.0006117
seqneut25to26_sera_0035,A/Norway/9556/2025_H1N1,plate11-A/Norway/9556/2025_H1N1,92,0.001337,0.001337
seqneut25to26_sera_0035,A/Norway/9556/2025_H1N1,plate11-A/Norway/9556/2025_H1N1,212,0.05378,0.05378
seqneut25to26_sera_0035,A/Norway/9556/2025_H1N1,plate11-A/Norway/9556/2025_H1N1,487,0.5737,0.5737
seqneut25to26_sera_0035,A/Norway/9556/2025_H1N1,plate11-A/Norway/9556/2025_H1N1,1119,1.021,1
seqneut25to26_sera_0035,A/Norway/9556/2025_H1N1,plate11-A/Norway/9556/2025_H1N1,2575,0.943,0.943
seqneut25to26_sera_0035,A/Norway/9556/2025_H1N1,plate11-A/Norway/9556/2025_H1N1,5921,0.88,0.88
seqneut25to26_sera_0035,A/Norway/9556/2025_H1N1,plate11-A/Norway/9556/2025_H1N1,1.362e+04,1.206,1
seqneut25to26_sera_0035,A/Peru/GIHSN-04-1089/2025_H3N2,plate11-A/Peru/GIHSN-04-1089/2025_H3N2,40,0,0
seqneut25to26_sera_0035,A/Peru/GIHSN-04-1089/2025_H3N2,plate11-A/Peru/GIHSN-04-1089/2025_H3N2,92,0.002012,0.002012
seqneut25to26_sera_0035,A/Peru/GIHSN-04-1089/2025_H3N2,plate11-A/Peru/GIHSN-04-1089/2025_H3N2,212,0.07865,0.07865
seqneut25to26_sera_0035,A/Peru/GIHSN-04-1089/2025_H3N2,plate11-A/Peru/GIHSN-04-1089/2025_H3N2,487,0.4011,0.4011
seqneut25to26_sera_0035,A/Peru/GIHSN-04-1089/2025_H3N2,plate11-A/Peru/GIHSN-04-1089/2025_H3N2,1119,0.7076,0.7076
seqneut25to26_sera_0035,A/Peru/GIHSN-04-1089/2025_H3N2,plate11-A/Peru/GIHSN-04-1089/2025_H3N2,2575,0.7736,0.7736
seqneut25to26_sera_0035,A/Peru/GIHSN-04-1089/2025_H3N2,plate11-A/Peru/GIHSN-04-1089/2025_H3N2,5921,0.742,0.742
seqneut25to26_sera_0035,A/Peru/GIHSN-04-1089/2025_H3N2,plate11-A/Peru/GIHSN-04-1089/2025_H3N2,1.362e+04,1.258,1
seqneut25to26_sera_0035,A/Philippines/SARI25-1425/2025_H1N1,plate11-A/Philippines/SARI25-1425/2025_H1N1,40,0.0005066,0.0005066
seqneut25to26_sera_0035,A/Philippines/SARI25-1425/2025_H1N1,plate11-A/Philippines/SARI25-1425/2025_H1N1,92,0.004483,0.004483
seqneut25to26_sera_0035,A/Philippines/SARI25-1425/2025_H1N1,plate11-A/Philippines/SARI25-1425/2025_H1N1,212,0.0574,0.0574
seqneut25to26_sera_0035,A/Philippines/SARI25-1425/2025_H1N1,plate11-A/Philippines/SARI25-1425/2025_H1N1,487,0.6044,0.6044
seqneut25to26_sera_0035,A/Philippines/SARI25-1425/2025_H1N1,plate11-A/Philippines/SARI25-1425/2025_H1N1,1119,0.9046,0.9046
seqneut25to26_sera_0035,A/Philippines/SARI25-1425/2025_H1N1,plate11-A/Philippines/SARI25-1425/2025_H1N1,2575,1.065,1
seqneut25to26_sera_0035,A/Philippines/SARI25-1425/2025_H1N1,plate11-A/Philippines/SARI25-1425/2025_H1N1,5921,0.9401,0.9401
seqneut25to26_sera_0035,A/Philippines/SARI25-1425/2025_H1N1,plate11-A/Philippines/SARI25-1425/2025_H1N1,1.362e+04,1.211,1
seqneut25to26_sera_0035,A/Queensland/2526516675/2025_H3N2,plate11-A/Queensland/2526516675/2025_H3N2,40,0.03837,0.03837
seqneut25to26_sera_0035,A/Queensland/2526516675/2025_H3N2,plate11-A/Queensland/2526516675/2025_H3N2,92,0.2531,0.2531
seqneut25to26_sera_0035,A/Queensland/2526516675/2025_H3N2,plate11-A/Queensland/2526516675/2025_H3N2,212,0.5042,0.5042
seqneut25to26_sera_0035,A/Queensland/2526516675/2025_H3N2,plate11-A/Queensland/2526516675/2025_H3N2,487,0.6962,0.6962
seqneut25to26_sera_0035,A/Queensland/2526516675/2025_H3N2,plate11-A/Queensland/2526516675/2025_H3N2,1119,0.9249,0.9249
seqneut25to26_sera_0035,A/Queensland/2526516675/2025_H3N2,plate11-A/Queensland/2526516675/2025_H3N2,2575,1.003,1
seqneut25to26_sera_0035,A/Queensland/2526516675/2025_H3N2,plate11-A/Queensland/2526516675/2025_H3N2,5921,0.9373,0.9373
seqneut25to26_sera_0035,A/Queensland/2526516675/2025_H3N2,plate11-A/Queensland/2526516675/2025_H3N2,1.362e+04,1.237,1
seqneut25to26_sera_0035,A/SouthAfrica/PET37604/2025_H3N2,plate11-A/SouthAfrica/PET37604/2025_H3N2,40,0,0
seqneut25to26_sera_0035,A/SouthAfrica/PET37604/2025_H3N2,plate11-A/SouthAfrica/PET37604/2025_H3N2,92,0.003249,0.003249
seqneut25to26_sera_0035,A/SouthAfrica/PET37604/2025_H3N2,plate11-A/SouthAfrica/PET37604/2025_H3N2,212,0.05825,0.05825
seqneut25to26_sera_0035,A/SouthAfrica/PET37604/2025_H3N2,plate11-A/SouthAfrica/PET37604/2025_H3N2,487,0.2757,0.2757
seqneut25to26_sera_0035,A/SouthAfrica/PET37604/2025_H3N2,plate11-A/SouthAfrica/PET37604/2025_H3N2,1119,0.674,0.674
seqneut25to26_sera_0035,A/SouthAfrica/PET37604/2025_H3N2,plate11-A/SouthAfrica/PET37604/2025_H3N2,2575,0.6396,0.6396
seqneut25to26_sera_0035,A/SouthAfrica/PET37604/2025_H3N2,plate11-A/SouthAfrica/PET37604/2025_H3N2,5921,0.6888,0.6888
seqneut25to26_sera_0035,A/SouthAfrica/PET37604/2025_H3N2,plate11-A/SouthAfrica/PET37604/2025_H3N2,1.362e+04,0.9928,0.9928
seqneut25to26_sera_0035,A/SouthAfrica/PET37625/2025_H3N2,plate11-A/SouthAfrica/PET37625/2025_H3N2,40,0,0
seqneut25to26_sera_0035,A/SouthAfrica/PET37625/2025_H3N2,plate11-A/SouthAfrica/PET37625/2025_H3N2,92,0.001933,0.001933
seqneut25to26_sera_0035,A/SouthAfrica/PET37625/2025_H3N2,plate11-A/SouthAfrica/PET37625/2025_H3N2,212,0.03096,0.03096
seqneut25to26_sera_0035,A/SouthAfrica/PET37625/2025_H3N2,plate11-A/SouthAfrica/PET37625/2025_H3N2,487,0.1778,0.1778
seqneut25to26_sera_0035,A/SouthAfrica/PET37625/2025_H3N2,plate11-A/SouthAfrica/PET37625/2025_H3N2,1119,0.4154,0.4154
seqneut25to26_sera_0035,A/SouthAfrica/PET37625/2025_H3N2,plate11-A/SouthAfrica/PET37625/2025_H3N2,2575,0.5672,0.5672
seqneut25to26_sera_0035,A/SouthAfrica/PET37625/2025_H3N2,plate11-A/SouthAfrica/PET37625/2025_H3N2,5921,0.7771,0.7771
seqneut25to26_sera_0035,A/SouthAfrica/PET37625/2025_H3N2,plate11-A/SouthAfrica/PET37625/2025_H3N2,1.362e+04,0.8906,0.8906
seqneut25to26_sera_0035,A/SouthAustralia/2519001037/2025_H1N1,plate11-A/SouthAustralia/2519001037/2025_H1N1,40,0.0003839,0.0003839
seqneut25to26_sera_0035,A/SouthAustralia/2519001037/2025_H1N1,plate11-A/SouthAustralia/2519001037/2025_H1N1,92,0.0006988,0.0006988
seqneut25to26_sera_0035,A/SouthAustralia/2519001037/2025_H1N1,plate11-A/SouthAustralia/2519001037/2025_H1N1,212,0.003237,0.003237
seqneut25to26_sera_0035,A/SouthAustralia/2519001037/2025_H1N1,plate11-A/SouthAustralia/2519001037/2025_H1N1,487,0.1443,0.1443
seqneut25to26_sera_0035,A/SouthAustralia/2519001037/2025_H1N1,plate11-A/SouthAustralia/2519001037/2025_H1N1,1119,0.639,0.639
seqneut25to26_sera_0035,A/SouthAustralia/2519001037/2025_H1N1,plate11-A/SouthAustralia/2519001037/2025_H1N1,2575,0.9439,0.9439
seqneut25to26_sera_0035,A/SouthAustralia/2519001037/2025_H1N1,plate11-A/SouthAustralia/2519001037/2025_H1N1,5921,0.838,0.838
seqneut25to26_sera_0035,A/SouthAustralia/2519001037/2025_H1N1,plate11-A/SouthAustralia/2519001037/2025_H1N1,1.362e+04,1.259,1
seqneut25to26_sera_0035,A/SouthAustralia/2520702747/2025_H1N1,plate11-A/SouthAustralia/2520702747/2025_H1N1,40,0.0001838,0.0001838
seqneut25to26_sera_0035,A/SouthAustralia/2520702747/2025_H1N1,plate11-A/SouthAustralia/2520702747/2025_H1N1,92,0.003906,0.003906
seqneut25to26_sera_0035,A/SouthAustralia/2520702747/2025_H1N1,plate11-A/SouthAustralia/2520702747/2025_H1N1,212,0.002858,0.002858
seqneut25to26_sera_0035,A/SouthAustralia/2520702747/2025_H1N1,plate11-A/SouthAustralia/2520702747/2025_H1N1,487,0.1353,0.1353
seqneut25to26_sera_0035,A/SouthAustralia/2520702747/2025_H1N1,plate11-A/SouthAustralia/2520702747/2025_H1N1,1119,0.691,0.691
seqneut25to26_sera_0035,A/SouthAustralia/2520702747/2025_H1N1,plate11-A/SouthAustralia/2520702747/2025_H1N1,2575,0.8313,0.8313
seqneut25to26_sera_0035,A/SouthAustralia/2520702747/2025_H1N1,plate11-A/SouthAustralia/2520702747/2025_H1N1,5921,0.8587,0.8587
seqneut25to26_sera_0035,A/SouthAustralia/2520702747/2025_H1N1,plate11-A/SouthAustralia/2520702747/2025_H1N1,1.362e+04,1.217,1
seqneut25to26_sera_0035,A/SouthAustralia/2523012764/2025_H1N1,plate11-A/SouthAustralia/2523012764/2025_H1N1,40,0.0002209,0.0002209
seqneut25to26_sera_0035,A/SouthAustralia/2523012764/2025_H1N1,plate11-A/SouthAustralia/2523012764/2025_H1N1,92,0.0004536,0.0004536
seqneut25to26_sera_0035,A/SouthAustralia/2523012764/2025_H1N1,plate11-A/SouthAustralia/2523012764/2025_H1N1,212,0.005437,0.005437
seqneut25to26_sera_0035,A/SouthAustralia/2523012764/2025_H1N1,plate11-A/SouthAustralia/2523012764/2025_H1N1,487,0.1311,0.1311
seqneut25to26_sera_0035,A/SouthAustralia/2523012764/2025_H1N1,plate11-A/SouthAustralia/2523012764/2025_H1N1,1119,0.7046,0.7046
seqneut25to26_sera_0035,A/SouthAustralia/2523012764/2025_H1N1,plate11-A/SouthAustralia/2523012764/2025_H1N1,2575,0.738,0.738
seqneut25to26_sera_0035,A/SouthAustralia/2523012764/2025_H1N1,plate11-A/SouthAustralia/2523012764/2025_H1N1,5921,0.7169,0.7169
seqneut25to26_sera_0035,A/SouthAustralia/2523012764/2025_H1N1,plate11-A/SouthAustralia/2523012764/2025_H1N1,1.362e+04,1.142,1
seqneut25to26_sera_0035,A/SouthAustralia/2523812314/2025_H3N2,plate11-A/SouthAustralia/2523812314/2025_H3N2,40,0.05143,0.05143
seqneut25to26_sera_0035,A/SouthAustralia/2523812314/2025_H3N2,plate11-A/SouthAustralia/2523812314/2025_H3N2,92,0.154,0.154
seqneut25to26_sera_0035,A/SouthAustralia/2523812314/2025_H3N2,plate11-A/SouthAustralia/2523812314/2025_H3N2,212,0.4952,0.4952
seqneut25to26_sera_0035,A/SouthAustralia/2523812314/2025_H3N2,plate11-A/SouthAustralia/2523812314/2025_H3N2,487,0.6264,0.6264
seqneut25to26_sera_0035,A/SouthAustralia/2523812314/2025_H3N2,plate11-A/SouthAustralia/2523812314/2025_H3N2,1119,0.772,0.772
seqneut25to26_sera_0035,A/SouthAustralia/2523812314/2025_H3N2,plate11-A/SouthAustralia/2523812314/2025_H3N2,2575,0.8811,0.8811
seqneut25to26_sera_0035,A/SouthAustralia/2523812314/2025_H3N2,plate11-A/SouthAustralia/2523812314/2025_H3N2,5921,0.8051,0.8051
seqneut25to26_sera_0035,A/SouthAustralia/2523812314/2025_H3N2,plate11-A/SouthAustralia/2523812314/2025_H3N2,1.362e+04,1.042,1
seqneut25to26_sera_0035,A/SouthAustralia/2524408801/2025_H3N2,plate11-A/SouthAustralia/2524408801/2025_H3N2,40,0.06205,0.06205
seqneut25to26_sera_0035,A/SouthAustralia/2524408801/2025_H3N2,plate11-A/SouthAustralia/2524408801/2025_H3N2,92,0.2171,0.2171
seqneut25to26_sera_0035,A/SouthAustralia/2524408801/2025_H3N2,plate11-A/SouthAustralia/2524408801/2025_H3N2,212,0.4983,0.4983
seqneut25to26_sera_0035,A/SouthAustralia/2524408801/2025_H3N2,plate11-A/SouthAustralia/2524408801/2025_H3N2,487,0.6665,0.6665
seqneut25to26_sera_0035,A/SouthAustralia/2524408801/2025_H3N2,plate11-A/SouthAustralia/2524408801/2025_H3N2,1119,0.8187,0.8187
seqneut25to26_sera_0035,A/SouthAustralia/2524408801/2025_H3N2,plate11-A/SouthAustralia/2524408801/2025_H3N2,2575,0.7469,0.7469
seqneut25to26_sera_0035,A/SouthAustralia/2524408801/2025_H3N2,plate11-A/SouthAustralia/2524408801/2025_H3N2,5921,0.7568,0.7568
seqneut25to26_sera_0035,A/SouthAustralia/2524408801/2025_H3N2,plate11-A/SouthAustralia/2524408801/2025_H3N2,1.362e+04,1.148,1
seqneut25to26_sera_0035,A/SouthAustralia/2524712956/2025_H1N1,plate11-A/SouthAustralia/2524712956/2025_H1N1,40,0.0002014,0.0002014
seqneut25to26_sera_0035,A/SouthAustralia/2524712956/2025_H1N1,plate11-A/SouthAustralia/2524712956/2025_H1N1,92,0.0007141,0.0007141
seqneut25to26_sera_0035,A/SouthAustralia/2524712956/2025_H1N1,plate11-A/SouthAustralia/2524712956/2025_H1N1,212,0.004831,0.004831
seqneut25to26_sera_0035,A/SouthAustralia/2524712956/2025_H1N1,plate11-A/SouthAustralia/2524712956/2025_H1N1,487,0.1107,0.1107
seqneut25to26_sera_0035,A/SouthAustralia/2524712956/2025_H1N1,plate11-A/SouthAustralia/2524712956/2025_H1N1,1119,0.6633,0.6633
seqneut25to26_sera_0035,A/SouthAustralia/2524712956/2025_H1N1,plate11-A/SouthAustralia/2524712956/2025_H1N1,2575,0.9986,0.9986
seqneut25to26_sera_0035,A/SouthAustralia/2524712956/2025_H1N1,plate11-A/SouthAustralia/2524712956/2025_H1N1,5921,0.9102,0.9102
seqneut25to26_sera_0035,A/SouthAustralia/2524712956/2025_H1N1,plate11-A/SouthAustralia/2524712956/2025_H1N1,1.362e+04,1.372,1
seqneut25to26_sera_0035,A/SouthAustralia/2525607496/2025_H3N2,plate11-A/SouthAustralia/2525607496/2025_H3N2,40,0,0
seqneut25to26_sera_0035,A/SouthAustralia/2525607496/2025_H3N2,plate11-A/SouthAustralia/2525607496/2025_H3N2,92,0.00344,0.00344
seqneut25to26_sera_0035,A/SouthAustralia/2525607496/2025_H3N2,plate11-A/SouthAustralia/2525607496/2025_H3N2,212,0.05032,0.05032
seqneut25to26_sera_0035,A/SouthAustralia/2525607496/2025_H3N2,plate11-A/SouthAustralia/2525607496/2025_H3N2,487,0.3159,0.3159
seqneut25to26_sera_0035,A/SouthAustralia/2525607496/2025_H3N2,plate11-A/SouthAustralia/2525607496/2025_H3N2,1119,0.7797,0.7797
seqneut25to26_sera_0035,A/SouthAustralia/2525607496/2025_H3N2,plate11-A/SouthAustralia/2525607496/2025_H3N2,2575,0.8124,0.8124
seqneut25to26_sera_0035,A/SouthAustralia/2525607496/2025_H3N2,plate11-A/SouthAustralia/2525607496/2025_H3N2,5921,0.768,0.768
seqneut25to26_sera_0035,A/SouthAustralia/2525607496/2025_H3N2,plate11-A/SouthAustralia/2525607496/2025_H3N2,1.362e+04,1.136,1
seqneut25to26_sera_0035,A/SouthAustralia/2527003588/2025_H3N2,plate11-A/SouthAustralia/2527003588/2025_H3N2,40,0.03735,0.03735
seqneut25to26_sera_0035,A/SouthAustralia/2527003588/2025_H3N2,plate11-A/SouthAustralia/2527003588/2025_H3N2,92,0.2572,0.2572
seqneut25to26_sera_0035,A/SouthAustralia/2527003588/2025_H3N2,plate11-A/SouthAustralia/2527003588/2025_H3N2,212,0.6207,0.6207
seqneut25to26_sera_0035,A/SouthAustralia/2527003588/2025_H3N2,plate11-A/SouthAustralia/2527003588/2025_H3N2,487,0.8224,0.8224
seqneut25to26_sera_0035,A/SouthAustralia/2527003588/2025_H3N2,plate11-A/SouthAustralia/2527003588/2025_H3N2,1119,0.9412,0.9412
seqneut25to26_sera_0035,A/SouthAustralia/2527003588/2025_H3N2,plate11-A/SouthAustralia/2527003588/2025_H3N2,2575,0.9349,0.9349
seqneut25to26_sera_0035,A/SouthAustralia/2527003588/2025_H3N2,plate11-A/SouthAustralia/2527003588/2025_H3N2,5921,0.8248,0.8248
seqneut25to26_sera_0035,A/SouthAustralia/2527003588/2025_H3N2,plate11-A/SouthAustralia/2527003588/2025_H3N2,1.362e+04,1.427,1
seqneut25to26_sera_0035,A/SouthAustralia/2527213276/2025_H3N2,plate11-A/SouthAustralia/2527213276/2025_H3N2,40,0.02474,0.02474
seqneut25to26_sera_0035,A/SouthAustralia/2527213276/2025_H3N2,plate11-A/SouthAustralia/2527213276/2025_H3N2,92,0.2133,0.2133
seqneut25to26_sera_0035,A/SouthAustralia/2527213276/2025_H3N2,plate11-A/SouthAustralia/2527213276/2025_H3N2,212,0.5221,0.5221
seqneut25to26_sera_0035,A/SouthAustralia/2527213276/2025_H3N2,plate11-A/SouthAustralia/2527213276/2025_H3N2,487,0.9808,0.9808
seqneut25to26_sera_0035,A/SouthAustralia/2527213276/2025_H3N2,plate11-A/SouthAustralia/2527213276/2025_H3N2,1119,0.9226,0.9226
seqneut25to26_sera_0035,A/SouthAustralia/2527213276/2025_H3N2,plate11-A/SouthAustralia/2527213276/2025_H3N2,2575,1.104,1
seqneut25to26_sera_0035,A/SouthAustralia/2527213276/2025_H3N2,plate11-A/SouthAustralia/2527213276/2025_H3N2,5921,0.8527,0.8527
seqneut25to26_sera_0035,A/SouthAustralia/2527213276/2025_H3N2,plate11-A/SouthAustralia/2527213276/2025_H3N2,1.362e+04,1.301,1
seqneut25to26_sera_0035,A/SouthAustralia/2527612456/2025_H1N1,plate11-A/SouthAustralia/2527612456/2025_H1N1,40,0.0008501,0.0008501
seqneut25to26_sera_0035,A/SouthAustralia/2527612456/2025_H1N1,plate11-A/SouthAustralia/2527612456/2025_H1N1,92,0.0009465,0.0009465
seqneut25to26_sera_0035,A/SouthAustralia/2527612456/2025_H1N1,plate11-A/SouthAustralia/2527612456/2025_H1N1,212,0.009599,0.009599
seqneut25to26_sera_0035,A/SouthAustralia/2527612456/2025_H1N1,plate11-A/SouthAustralia/2527612456/2025_H1N1,487,0.1134,0.1134
seqneut25to26_sera_0035,A/SouthAustralia/2527612456/2025_H1N1,plate11-A/SouthAustralia/2527612456/2025_H1N1,1119,0.6168,0.6168
seqneut25to26_sera_0035,A/SouthAustralia/2527612456/2025_H1N1,plate11-A/SouthAustralia/2527612456/2025_H1N1,2575,0.9163,0.9163
seqneut25to26_sera_0035,A/SouthAustralia/2527612456/2025_H1N1,plate11-A/SouthAustralia/2527612456/2025_H1N1,5921,0.8626,0.8626
seqneut25to26_sera_0035,A/SouthAustralia/2527612456/2025_H1N1,plate11-A/SouthAustralia/2527612456/2025_H1N1,1.362e+04,1.371,1
seqneut25to26_sera_0035,A/SouthAustralia/2527902708/2025_H3N2,plate11-A/SouthAustralia/2527902708/2025_H3N2,40,0.04086,0.04086
seqneut25to26_sera_0035,A/SouthAustralia/2527902708/2025_H3N2,plate11-A/SouthAustralia/2527902708/2025_H3N2,92,0.2325,0.2325
seqneut25to26_sera_0035,A/SouthAustralia/2527902708/2025_H3N2,plate11-A/SouthAustralia/2527902708/2025_H3N2,212,0.6064,0.6064
seqneut25to26_sera_0035,A/SouthAustralia/2527902708/2025_H3N2,plate11-A/SouthAustralia/2527902708/2025_H3N2,487,1.065,1
seqneut25to26_sera_0035,A/SouthAustralia/2527902708/2025_H3N2,plate11-A/SouthAustralia/2527902708/2025_H3N2,1119,1.012,1
seqneut25to26_sera_0035,A/SouthAustralia/2527902708/2025_H3N2,plate11-A/SouthAustralia/2527902708/2025_H3N2,2575,0.8746,0.8746
seqneut25to26_sera_0035,A/SouthAustralia/2527902708/2025_H3N2,plate11-A/SouthAustralia/2527902708/2025_H3N2,5921,0.7154,0.7154
seqneut25to26_sera_0035,A/SouthAustralia/2527902708/2025_H3N2,plate11-A/SouthAustralia/2527902708/2025_H3N2,1.362e+04,1.356,1
seqneut25to26_sera_0035,A/Sydney/1359/2024_H3N2,plate11-A/Sydney/1359/2024_H3N2,40,0,0
seqneut25to26_sera_0035,A/Sydney/1359/2024_H3N2,plate11-A/Sydney/1359/2024_H3N2,92,0,0
seqneut25to26_sera_0035,A/Sydney/1359/2024_H3N2,plate11-A/Sydney/1359/2024_H3N2,212,0.0287,0.0287
seqneut25to26_sera_0035,A/Sydney/1359/2024_H3N2,plate11-A/Sydney/1359/2024_H3N2,487,0.1761,0.1761
seqneut25to26_sera_0035,A/Sydney/1359/2024_H3N2,plate11-A/Sydney/1359/2024_H3N2,1119,0.4162,0.4162
seqneut25to26_sera_0035,A/Sydney/1359/2024_H3N2,plate11-A/Sydney/1359/2024_H3N2,2575,0.7216,0.7216
seqneut25to26_sera_0035,A/Sydney/1359/2024_H3N2,plate11-A/Sydney/1359/2024_H3N2,5921,0.814,0.814
seqneut25to26_sera_0035,A/Sydney/1359/2024_H3N2,plate11-A/Sydney/1359/2024_H3N2,1.362e+04,0.9557,0.9557
seqneut25to26_sera_0035,A/Sydney/400/2025_H1N1,plate11-A/Sydney/400/2025_H1N1,40,0.00123,0.00123
seqneut25to26_sera_0035,A/Sydney/400/2025_H1N1,plate11-A/Sydney/400/2025_H1N1,92,0.01178,0.01178
seqneut25to26_sera_0035,A/Sydney/400/2025_H1N1,plate11-A/Sydney/400/2025_H1N1,212,0.2829,0.2829
seqneut25to26_sera_0035,A/Sydney/400/2025_H1N1,plate11-A/Sydney/400/2025_H1N1,487,0.6141,0.6141
seqneut25to26_sera_0035,A/Sydney/400/2025_H1N1,plate11-A/Sydney/400/2025_H1N1,1119,1.222,1
seqneut25to26_sera_0035,A/Sydney/400/2025_H1N1,plate11-A/Sydney/400/2025_H1N1,2575,1.097,1
seqneut25to26_sera_0035,A/Sydney/400/2025_H1N1,plate11-A/Sydney/400/2025_H1N1,5921,0.9163,0.9163
seqneut25to26_sera_0035,A/Sydney/400/2025_H1N1,plate11-A/Sydney/400/2025_H1N1,1.362e+04,1.242,1
seqneut25to26_sera_0035,A/Tasmania/2521815682/2025_H3N2,plate11-A/Tasmania/2521815682/2025_H3N2,40,0.06535,0.06535
seqneut25to26_sera_0035,A/Tasmania/2521815682/2025_H3N2,plate11-A/Tasmania/2521815682/2025_H3N2,92,0.3914,0.3914
seqneut25to26_sera_0035,A/Tasmania/2521815682/2025_H3N2,plate11-A/Tasmania/2521815682/2025_H3N2,212,0.5501,0.5501
seqneut25to26_sera_0035,A/Tasmania/2521815682/2025_H3N2,plate11-A/Tasmania/2521815682/2025_H3N2,487,0.8188,0.8188
seqneut25to26_sera_0035,A/Tasmania/2521815682/2025_H3N2,plate11-A/Tasmania/2521815682/2025_H3N2,1119,0.7404,0.7404
seqneut25to26_sera_0035,A/Tasmania/2521815682/2025_H3N2,plate11-A/Tasmania/2521815682/2025_H3N2,2575,0.9733,0.9733
seqneut25to26_sera_0035,A/Tasmania/2521815682/2025_H3N2,plate11-A/Tasmania/2521815682/2025_H3N2,5921,0.7606,0.7606
seqneut25to26_sera_0035,A/Tasmania/2521815682/2025_H3N2,plate11-A/Tasmania/2521815682/2025_H3N2,1.362e+04,1.269,1
seqneut25to26_sera_0035,A/Thailand/8/2022_H3N2,plate11-A/Thailand/8/2022_H3N2,40,0.001194,0.001194
seqneut25to26_sera_0035,A/Thailand/8/2022_H3N2,plate11-A/Thailand/8/2022_H3N2,92,0.006441,0.006441
seqneut25to26_sera_0035,A/Thailand/8/2022_H3N2,plate11-A/Thailand/8/2022_H3N2,212,0.05438,0.05438
seqneut25to26_sera_0035,A/Thailand/8/2022_H3N2,plate11-A/Thailand/8/2022_H3N2,487,0.1123,0.1123
seqneut25to26_sera_0035,A/Thailand/8/2022_H3N2,plate11-A/Thailand/8/2022_H3N2,1119,0.3599,0.3599
seqneut25to26_sera_0035,A/Thailand/8/2022_H3N2,plate11-A/Thailand/8/2022_H3N2,2575,1.324,1
seqneut25to26_sera_0035,A/Thailand/8/2022_H3N2,plate11-A/Thailand/8/2022_H3N2,5921,0.5706,0.5706
seqneut25to26_sera_0035,A/Thailand/8/2022_H3N2,plate11-A/Thailand/8/2022_H3N2,1.362e+04,0.9567,0.9567
seqneut25to26_sera_0035,A/Vermont/73/2025_H3N2,plate11-A/Vermont/73/2025_H3N2,40,0.04839,0.04839
seqneut25to26_sera_0035,A/Vermont/73/2025_H3N2,plate11-A/Vermont/73/2025_H3N2,92,0.1774,0.1774
seqneut25to26_sera_0035,A/Vermont/73/2025_H3N2,plate11-A/Vermont/73/2025_H3N2,212,0.7667,0.7667
seqneut25to26_sera_0035,A/Vermont/73/2025_H3N2,plate11-A/Vermont/73/2025_H3N2,487,0.7888,0.7888
seqneut25to26_sera_0035,A/Vermont/73/2025_H3N2,plate11-A/Vermont/73/2025_H3N2,1119,1.044,1
seqneut25to26_sera_0035,A/Vermont/73/2025_H3N2,plate11-A/Vermont/73/2025_H3N2,2575,0.9502,0.9502
seqneut25to26_sera_0035,A/Vermont/73/2025_H3N2,plate11-A/Vermont/73/2025_H3N2,5921,0.8391,0.8391
seqneut25to26_sera_0035,A/Vermont/73/2025_H3N2,plate11-A/Vermont/73/2025_H3N2,1.362e+04,1.108,1
seqneut25to26_sera_0035,A/Victoria/4897/2022_IVR-238_H1N1,plate11-A/Victoria/4897/2022_IVR-238_H1N1,40,7.304e-06,7.304e-06
seqneut25to26_sera_0035,A/Victoria/4897/2022_IVR-238_H1N1,plate11-A/Victoria/4897/2022_IVR-238_H1N1,92,0,0
seqneut25to26_sera_0035,A/Victoria/4897/2022_IVR-238_H1N1,plate11-A/Victoria/4897/2022_IVR-238_H1N1,212,0.001191,0.001191
seqneut25to26_sera_0035,A/Victoria/4897/2022_IVR-238_H1N1,plate11-A/Victoria/4897/2022_IVR-238_H1N1,487,0.02571,0.02571
seqneut25to26_sera_0035,A/Victoria/4897/2022_IVR-238_H1N1,plate11-A/Victoria/4897/2022_IVR-238_H1N1,1119,0.2588,0.2588
seqneut25to26_sera_0035,A/Victoria/4897/2022_IVR-238_H1N1,plate11-A/Victoria/4897/2022_IVR-238_H1N1,2575,0.6442,0.6442
seqneut25to26_sera_0035,A/Victoria/4897/2022_IVR-238_H1N1,plate11-A/Victoria/4897/2022_IVR-238_H1N1,5921,0.7688,0.7688
seqneut25to26_sera_0035,A/Victoria/4897/2022_IVR-238_H1N1,plate11-A/Victoria/4897/2022_IVR-238_H1N1,1.362e+04,1.17,1
seqneut25to26_sera_0035,A/Wisconsin/588/2019_H1N1,plate11-A/Wisconsin/588/2019_H1N1,40,6.442e-05,6.442e-05
seqneut25to26_sera_0035,A/Wisconsin/588/2019_H1N1,plate11-A/Wisconsin/588/2019_H1N1,92,0.0009993,0.0009993
seqneut25to26_sera_0035,A/Wisconsin/588/2019_H1N1,plate11-A/Wisconsin/588/2019_H1N1,212,0.1358,0.1358
seqneut25to26_sera_0035,A/Wisconsin/588/2019_H1N1,plate11-A/Wisconsin/588/2019_H1N1,487,0.6347,0.6347
seqneut25to26_sera_0035,A/Wisconsin/588/2019_H1N1,plate11-A/Wisconsin/588/2019_H1N1,1119,1.177,1
seqneut25to26_sera_0035,A/Wisconsin/588/2019_H1N1,plate11-A/Wisconsin/588/2019_H1N1,2575,1.082,1
seqneut25to26_sera_0035,A/Wisconsin/588/2019_H1N1,plate11-A/Wisconsin/588/2019_H1N1,5921,0.9106,0.9106
seqneut25to26_sera_0035,A/Wisconsin/588/2019_H1N1,plate11-A/Wisconsin/588/2019_H1N1,1.362e+04,1.157,1
seqneut25to26_sera_0035,A/Wisconsin/67/2022_H1N1,plate11-A/Wisconsin/67/2022_H1N1,40,9.205e-05,9.205e-05
seqneut25to26_sera_0035,A/Wisconsin/67/2022_H1N1,plate11-A/Wisconsin/67/2022_H1N1,92,6.358e-05,6.358e-05
seqneut25to26_sera_0035,A/Wisconsin/67/2022_H1N1,plate11-A/Wisconsin/67/2022_H1N1,212,0.0003881,0.0003881
seqneut25to26_sera_0035,A/Wisconsin/67/2022_H1N1,plate11-A/Wisconsin/67/2022_H1N1,487,0.08322,0.08322
seqneut25to26_sera_0035,A/Wisconsin/67/2022_H1N1,plate11-A/Wisconsin/67/2022_H1N1,1119,0.5275,0.5275
seqneut25to26_sera_0035,A/Wisconsin/67/2022_H1N1,plate11-A/Wisconsin/67/2022_H1N1,2575,0.8946,0.8946
seqneut25to26_sera_0035,A/Wisconsin/67/2022_H1N1,plate11-A/Wisconsin/67/2022_H1N1,5921,0.8704,0.8704
seqneut25to26_sera_0035,A/Wisconsin/67/2022_H1N1,plate11-A/Wisconsin/67/2022_H1N1,1.362e+04,1.207,1
seqneut25to26_sera_0035,A/Zacapa/FLU-261/2025_H1N1,plate11-A/Zacapa/FLU-261/2025_H1N1,40,6.024e-05,6.024e-05
seqneut25to26_sera_0035,A/Zacapa/FLU-261/2025_H1N1,plate11-A/Zacapa/FLU-261/2025_H1N1,92,0.0007629,0.0007629
seqneut25to26_sera_0035,A/Zacapa/FLU-261/2025_H1N1,plate11-A/Zacapa/FLU-261/2025_H1N1,212,0.01008,0.01008
seqneut25to26_sera_0035,A/Zacapa/FLU-261/2025_H1N1,plate11-A/Zacapa/FLU-261/2025_H1N1,487,0.121,0.121
seqneut25to26_sera_0035,A/Zacapa/FLU-261/2025_H1N1,plate11-A/Zacapa/FLU-261/2025_H1N1,1119,0.8134,0.8134
seqneut25to26_sera_0035,A/Zacapa/FLU-261/2025_H1N1,plate11-A/Zacapa/FLU-261/2025_H1N1,2575,1.027,1
seqneut25to26_sera_0035,A/Zacapa/FLU-261/2025_H1N1,plate11-A/Zacapa/FLU-261/2025_H1N1,5921,0.8479,0.8479
seqneut25to26_sera_0035,A/Zacapa/FLU-261/2025_H1N1,plate11-A/Zacapa/FLU-261/2025_H1N1,1.362e+04,1.184,1
seqneut25to26_sera_1006_d0,A/Alagoas/4130/2025_H3N2,plate11-A/Alagoas/4130/2025_H3N2,40,0,0
seqneut25to26_sera_1006_d0,A/Alagoas/4130/2025_H3N2,plate11-A/Alagoas/4130/2025_H3N2,92,0,0
seqneut25to26_sera_1006_d0,A/Alagoas/4130/2025_H3N2,plate11-A/Alagoas/4130/2025_H3N2,212,0.004544,0.004544
seqneut25to26_sera_1006_d0,A/Alagoas/4130/2025_H3N2,plate11-A/Alagoas/4130/2025_H3N2,487,0.1458,0.1458
seqneut25to26_sera_1006_d0,A/Alagoas/4130/2025_H3N2,plate11-A/Alagoas/4130/2025_H3N2,1119,0.3388,0.3388
seqneut25to26_sera_1006_d0,A/Alagoas/4130/2025_H3N2,plate11-A/Alagoas/4130/2025_H3N2,2575,0.5899,0.5899
seqneut25to26_sera_1006_d0,A/Alagoas/4130/2025_H3N2,plate11-A/Alagoas/4130/2025_H3N2,5921,0.9236,0.9236
seqneut25to26_sera_1006_d0,A/Alagoas/4130/2025_H3N2,plate11-A/Alagoas/4130/2025_H3N2,1.362e+04,0.8112,0.8112
seqneut25to26_sera_1006_d0,A/Anapolis/LEIAL6543/2025_H3N2,plate11-A/Anapolis/LEIAL6543/2025_H3N2,40,0,0
seqneut25to26_sera_1006_d0,A/Anapolis/LEIAL6543/2025_H3N2,plate11-A/Anapolis/LEIAL6543/2025_H3N2,92,0,0
seqneut25to26_sera_1006_d0,A/Anapolis/LEIAL6543/2025_H3N2,plate11-A/Anapolis/LEIAL6543/2025_H3N2,212,0.002642,0.002642
seqneut25to26_sera_1006_d0,A/Anapolis/LEIAL6543/2025_H3N2,plate11-A/Anapolis/LEIAL6543/2025_H3N2,487,0.04193,0.04193
seqneut25to26_sera_1006_d0,A/Anapolis/LEIAL6543/2025_H3N2,plate11-A/Anapolis/LEIAL6543/2025_H3N2,1119,0.2181,0.2181
seqneut25to26_sera_1006_d0,A/Anapolis/LEIAL6543/2025_H3N2,plate11-A/Anapolis/LEIAL6543/2025_H3N2,2575,0.5305,0.5305
seqneut25to26_sera_1006_d0,A/Anapolis/LEIAL6543/2025_H3N2,plate11-A/Anapolis/LEIAL6543/2025_H3N2,5921,0.8033,0.8033
seqneut25to26_sera_1006_d0,A/Anapolis/LEIAL6543/2025_H3N2,plate11-A/Anapolis/LEIAL6543/2025_H3N2,1.362e+04,0.872,0.872
seqneut25to26_sera_1006_d0,A/Andalucia/PMC-00977/2025_H1N1,plate11-A/Andalucia/PMC-00977/2025_H1N1,40,0.0002562,0.0002562
seqneut25to26_sera_1006_d0,A/Andalucia/PMC-00977/2025_H1N1,plate11-A/Andalucia/PMC-00977/2025_H1N1,92,0.002871,0.002871
seqneut25to26_sera_1006_d0,A/Andalucia/PMC-00977/2025_H1N1,plate11-A/Andalucia/PMC-00977/2025_H1N1,212,0.001397,0.001397
seqneut25to26_sera_1006_d0,A/Andalucia/PMC-00977/2025_H1N1,plate11-A/Andalucia/PMC-00977/2025_H1N1,487,0.08088,0.08088
seqneut25to26_sera_1006_d0,A/Andalucia/PMC-00977/2025_H1N1,plate11-A/Andalucia/PMC-00977/2025_H1N1,1119,0.8228,0.8228
seqneut25to26_sera_1006_d0,A/Andalucia/PMC-00977/2025_H1N1,plate11-A/Andalucia/PMC-00977/2025_H1N1,2575,0.8616,0.8616
seqneut25to26_sera_1006_d0,A/Andalucia/PMC-00977/2025_H1N1,plate11-A/Andalucia/PMC-00977/2025_H1N1,5921,1.119,1
seqneut25to26_sera_1006_d0,A/Andalucia/PMC-00977/2025_H1N1,plate11-A/Andalucia/PMC-00977/2025_H1N1,1.362e+04,1.137,1
seqneut25to26_sera_1006_d0,A/Aragon/2046/2025_H1N1,plate11-A/Aragon/2046/2025_H1N1,40,4.212e-05,4.212e-05
seqneut25to26_sera_1006_d0,A/Aragon/2046/2025_H1N1,plate11-A/Aragon/2046/2025_H1N1,92,0.000297,0.000297
seqneut25to26_sera_1006_d0,A/Aragon/2046/2025_H1N1,plate11-A/Aragon/2046/2025_H1N1,212,0.001788,0.001788
seqneut25to26_sera_1006_d0,A/Aragon/2046/2025_H1N1,plate11-A/Aragon/2046/2025_H1N1,487,0.05734,0.05734
seqneut25to26_sera_1006_d0,A/Aragon/2046/2025_H1N1,plate11-A/Aragon/2046/2025_H1N1,1119,0.515,0.515
seqneut25to26_sera_1006_d0,A/Aragon/2046/2025_H1N1,plate11-A/Aragon/2046/2025_H1N1,2575,0.6869,0.6869
seqneut25to26_sera_1006_d0,A/Aragon/2046/2025_H1N1,plate11-A/Aragon/2046/2025_H1N1,5921,1.179,1
seqneut25to26_sera_1006_d0,A/Aragon/2046/2025_H1N1,plate11-A/Aragon/2046/2025_H1N1,1.362e+04,1.01,1
seqneut25to26_sera_1006_d0,A/Arica/59150/2025_H3N2,plate11-A/Arica/59150/2025_H3N2,40,9.819e-05,9.819e-05
seqneut25to26_sera_1006_d0,A/Arica/59150/2025_H3N2,plate11-A/Arica/59150/2025_H3N2,92,5.508e-05,5.508e-05
seqneut25to26_sera_1006_d0,A/Arica/59150/2025_H3N2,plate11-A/Arica/59150/2025_H3N2,212,0.001726,0.001726
seqneut25to26_sera_1006_d0,A/Arica/59150/2025_H3N2,plate11-A/Arica/59150/2025_H3N2,487,0.05099,0.05099
seqneut25to26_sera_1006_d0,A/Arica/59150/2025_H3N2,plate11-A/Arica/59150/2025_H3N2,1119,0.1939,0.1939
seqneut25to26_sera_1006_d0,A/Arica/59150/2025_H3N2,plate11-A/Arica/59150/2025_H3N2,2575,0.3588,0.3588
seqneut25to26_sera_1006_d0,A/Arica/59150/2025_H3N2,plate11-A/Arica/59150/2025_H3N2,5921,0.7578,0.7578
seqneut25to26_sera_1006_d0,A/Arica/59150/2025_H3N2,plate11-A/Arica/59150/2025_H3N2,1.362e+04,0.7493,0.7493
seqneut25to26_sera_1006_d0,A/Bahia/3102/2025_H3N2,plate11-A/Bahia/3102/2025_H3N2,40,0,0
seqneut25to26_sera_1006_d0,A/Bahia/3102/2025_H3N2,plate11-A/Bahia/3102/2025_H3N2,92,8.07e-05,8.07e-05
seqneut25to26_sera_1006_d0,A/Bahia/3102/2025_H3N2,plate11-A/Bahia/3102/2025_H3N2,212,0.003601,0.003601
seqneut25to26_sera_1006_d0,A/Bahia/3102/2025_H3N2,plate11-A/Bahia/3102/2025_H3N2,487,0.02408,0.02408
seqneut25to26_sera_1006_d0,A/Bahia/3102/2025_H3N2,plate11-A/Bahia/3102/2025_H3N2,1119,0.2347,0.2347
seqneut25to26_sera_1006_d0,A/Bahia/3102/2025_H3N2,plate11-A/Bahia/3102/2025_H3N2,2575,0.3211,0.3211
seqneut25to26_sera_1006_d0,A/Bahia/3102/2025_H3N2,plate11-A/Bahia/3102/2025_H3N2,5921,0.5438,0.5438
seqneut25to26_sera_1006_d0,A/Bahia/3102/2025_H3N2,plate11-A/Bahia/3102/2025_H3N2,1.362e+04,0.7175,0.7175
seqneut25to26_sera_1006_d0,A/Bangkok/1803/2025_H1N1,plate11-A/Bangkok/1803/2025_H1N1,40,4.628e-05,4.628e-05
seqneut25to26_sera_1006_d0,A/Bangkok/1803/2025_H1N1,plate11-A/Bangkok/1803/2025_H1N1,92,0.03648,0.03648
seqneut25to26_sera_1006_d0,A/Bangkok/1803/2025_H1N1,plate11-A/Bangkok/1803/2025_H1N1,212,0.3352,0.3352
seqneut25to26_sera_1006_d0,A/Bangkok/1803/2025_H1N1,plate11-A/Bangkok/1803/2025_H1N1,487,0.8415,0.8415
seqneut25to26_sera_1006_d0,A/Bangkok/1803/2025_H1N1,plate11-A/Bangkok/1803/2025_H1N1,1119,1.449,1
seqneut25to26_sera_1006_d0,A/Bangkok/1803/2025_H1N1,plate11-A/Bangkok/1803/2025_H1N1,2575,0.927,0.927
seqneut25to26_sera_1006_d0,A/Bangkok/1803/2025_H1N1,plate11-A/Bangkok/1803/2025_H1N1,5921,1.234,1
seqneut25to26_sera_1006_d0,A/Bangkok/1803/2025_H1N1,plate11-A/Bangkok/1803/2025_H1N1,1.362e+04,1.104,1
seqneut25to26_sera_1006_d0,A/Bangkok/P2229/2025_H1N1,plate11-A/Bangkok/P2229/2025_H1N1,40,0,0
seqneut25to26_sera_1006_d0,A/Bangkok/P2229/2025_H1N1,plate11-A/Bangkok/P2229/2025_H1N1,92,0.0003311,0.0003311
seqneut25to26_sera_1006_d0,A/Bangkok/P2229/2025_H1N1,plate11-A/Bangkok/P2229/2025_H1N1,212,0.002017,0.002017
seqneut25to26_sera_1006_d0,A/Bangkok/P2229/2025_H1N1,plate11-A/Bangkok/P2229/2025_H1N1,487,0.1103,0.1103
seqneut25to26_sera_1006_d0,A/Bangkok/P2229/2025_H1N1,plate11-A/Bangkok/P2229/2025_H1N1,1119,0.6752,0.6752
seqneut25to26_sera_1006_d0,A/Bangkok/P2229/2025_H1N1,plate11-A/Bangkok/P2229/2025_H1N1,2575,0.6927,0.6927
seqneut25to26_sera_1006_d0,A/Bangkok/P2229/2025_H1N1,plate11-A/Bangkok/P2229/2025_H1N1,5921,1.146,1
seqneut25to26_sera_1006_d0,A/Bangkok/P2229/2025_H1N1,plate11-A/Bangkok/P2229/2025_H1N1,1.362e+04,1.226,1
seqneut25to26_sera_1006_d0,A/Bangkok/P2323/2025_H3N2,plate11-A/Bangkok/P2323/2025_H3N2,40,0.0002634,0.0002634
seqneut25to26_sera_1006_d0,A/Bangkok/P2323/2025_H3N2,plate11-A/Bangkok/P2323/2025_H3N2,92,0.02992,0.02992
seqneut25to26_sera_1006_d0,A/Bangkok/P2323/2025_H3N2,plate11-A/Bangkok/P2323/2025_H3N2,212,0.079,0.079
seqneut25to26_sera_1006_d0,A/Bangkok/P2323/2025_H3N2,plate11-A/Bangkok/P2323/2025_H3N2,487,0.313,0.313
seqneut25to26_sera_1006_d0,A/Bangkok/P2323/2025_H3N2,plate11-A/Bangkok/P2323/2025_H3N2,1119,0.6572,0.6572
seqneut25to26_sera_1006_d0,A/Bangkok/P2323/2025_H3N2,plate11-A/Bangkok/P2323/2025_H3N2,2575,0.7004,0.7004
seqneut25to26_sera_1006_d0,A/Bangkok/P2323/2025_H3N2,plate11-A/Bangkok/P2323/2025_H3N2,5921,0.8321,0.8321
seqneut25to26_sera_1006_d0,A/Bangkok/P2323/2025_H3N2,plate11-A/Bangkok/P2323/2025_H3N2,1.362e+04,0.9167,0.9167
seqneut25to26_sera_1006_d0,A/Bangkok/P2390/2025_H3N2,plate11-A/Bangkok/P2390/2025_H3N2,40,0.001167,0.001167
seqneut25to26_sera_1006_d0,A/Bangkok/P2390/2025_H3N2,plate11-A/Bangkok/P2390/2025_H3N2,92,0.08664,0.08664
seqneut25to26_sera_1006_d0,A/Bangkok/P2390/2025_H3N2,plate11-A/Bangkok/P2390/2025_H3N2,212,0.1128,0.1128
seqneut25to26_sera_1006_d0,A/Bangkok/P2390/2025_H3N2,plate11-A/Bangkok/P2390/2025_H3N2,487,0.3183,0.3183
seqneut25to26_sera_1006_d0,A/Bangkok/P2390/2025_H3N2,plate11-A/Bangkok/P2390/2025_H3N2,1119,0.7218,0.7218
seqneut25to26_sera_1006_d0,A/Bangkok/P2390/2025_H3N2,plate11-A/Bangkok/P2390/2025_H3N2,2575,0.5973,0.5973
seqneut25to26_sera_1006_d0,A/Bangkok/P2390/2025_H3N2,plate11-A/Bangkok/P2390/2025_H3N2,5921,1.005,1
seqneut25to26_sera_1006_d0,A/Bangkok/P2390/2025_H3N2,plate11-A/Bangkok/P2390/2025_H3N2,1.362e+04,0.9482,0.9482
seqneut25to26_sera_1006_d0,A/Bangkok/P2391/2025_H3N2,plate11-A/Bangkok/P2391/2025_H3N2,40,0,0
seqneut25to26_sera_1006_d0,A/Bangkok/P2391/2025_H3N2,plate11-A/Bangkok/P2391/2025_H3N2,92,0.002559,0.002559
seqneut25to26_sera_1006_d0,A/Bangkok/P2391/2025_H3N2,plate11-A/Bangkok/P2391/2025_H3N2,212,0.103,0.103
seqneut25to26_sera_1006_d0,A/Bangkok/P2391/2025_H3N2,plate11-A/Bangkok/P2391/2025_H3N2,487,0.2862,0.2862
seqneut25to26_sera_1006_d0,A/Bangkok/P2391/2025_H3N2,plate11-A/Bangkok/P2391/2025_H3N2,1119,0.6291,0.6291
seqneut25to26_sera_1006_d0,A/Bangkok/P2391/2025_H3N2,plate11-A/Bangkok/P2391/2025_H3N2,2575,0.5862,0.5862
seqneut25to26_sera_1006_d0,A/Bangkok/P2391/2025_H3N2,plate11-A/Bangkok/P2391/2025_H3N2,5921,0.8502,0.8502
seqneut25to26_sera_1006_d0,A/Bangkok/P2391/2025_H3N2,plate11-A/Bangkok/P2391/2025_H3N2,1.362e+04,1.091,1
seqneut25to26_sera_1006_d0,A/Bangkok/P2572/2025_H3N2,plate11-A/Bangkok/P2572/2025_H3N2,40,4.904e-05,4.904e-05
seqneut25to26_sera_1006_d0,A/Bangkok/P2572/2025_H3N2,plate11-A/Bangkok/P2572/2025_H3N2,92,0.007698,0.007698
seqneut25to26_sera_1006_d0,A/Bangkok/P2572/2025_H3N2,plate11-A/Bangkok/P2572/2025_H3N2,212,0.1647,0.1647
seqneut25to26_sera_1006_d0,A/Bangkok/P2572/2025_H3N2,plate11-A/Bangkok/P2572/2025_H3N2,487,0.2876,0.2876
seqneut25to26_sera_1006_d0,A/Bangkok/P2572/2025_H3N2,plate11-A/Bangkok/P2572/2025_H3N2,1119,0.5878,0.5878
seqneut25to26_sera_1006_d0,A/Bangkok/P2572/2025_H3N2,plate11-A/Bangkok/P2572/2025_H3N2,2575,0.855,0.855
seqneut25to26_sera_1006_d0,A/Bangkok/P2572/2025_H3N2,plate11-A/Bangkok/P2572/2025_H3N2,5921,0.8599,0.8599
seqneut25to26_sera_1006_d0,A/Bangkok/P2572/2025_H3N2,plate11-A/Bangkok/P2572/2025_H3N2,1.362e+04,0.7481,0.7481
seqneut25to26_sera_1006_d0,A/Bangkok/P2921/2025_H3N2,plate11-A/Bangkok/P2921/2025_H3N2,40,0,0
seqneut25to26_sera_1006_d0,A/Bangkok/P2921/2025_H3N2,plate11-A/Bangkok/P2921/2025_H3N2,92,0.003693,0.003693
seqneut25to26_sera_1006_d0,A/Bangkok/P2921/2025_H3N2,plate11-A/Bangkok/P2921/2025_H3N2,212,0.05052,0.05052
seqneut25to26_sera_1006_d0,A/Bangkok/P2921/2025_H3N2,plate11-A/Bangkok/P2921/2025_H3N2,487,0.3603,0.3603
seqneut25to26_sera_1006_d0,A/Bangkok/P2921/2025_H3N2,plate11-A/Bangkok/P2921/2025_H3N2,1119,0.6593,0.6593
seqneut25to26_sera_1006_d0,A/Bangkok/P2921/2025_H3N2,plate11-A/Bangkok/P2921/2025_H3N2,2575,0.8568,0.8568
seqneut25to26_sera_1006_d0,A/Bangkok/P2921/2025_H3N2,plate11-A/Bangkok/P2921/2025_H3N2,5921,0.9749,0.9749
seqneut25to26_sera_1006_d0,A/Bangkok/P2921/2025_H3N2,plate11-A/Bangkok/P2921/2025_H3N2,1.362e+04,1.155,1
seqneut25to26_sera_1006_d0,A/Bangkok/P3067/2025_H1N1,plate11-A/Bangkok/P3067/2025_H1N1,40,0.0001192,0.0001192
seqneut25to26_sera_1006_d0,A/Bangkok/P3067/2025_H1N1,plate11-A/Bangkok/P3067/2025_H1N1,92,0.0003916,0.0003916
seqneut25to26_sera_1006_d0,A/Bangkok/P3067/2025_H1N1,plate11-A/Bangkok/P3067/2025_H1N1,212,0.0002968,0.0002968
seqneut25to26_sera_1006_d0,A/Bangkok/P3067/2025_H1N1,plate11-A/Bangkok/P3067/2025_H1N1,487,0.03915,0.03915
seqneut25to26_sera_1006_d0,A/Bangkok/P3067/2025_H1N1,plate11-A/Bangkok/P3067/2025_H1N1,1119,0.5248,0.5248
seqneut25to26_sera_1006_d0,A/Bangkok/P3067/2025_H1N1,plate11-A/Bangkok/P3067/2025_H1N1,2575,0.6629,0.6629
seqneut25to26_sera_1006_d0,A/Bangkok/P3067/2025_H1N1,plate11-A/Bangkok/P3067/2025_H1N1,5921,0.9045,0.9045
seqneut25to26_sera_1006_d0,A/Bangkok/P3067/2025_H1N1,plate11-A/Bangkok/P3067/2025_H1N1,1.362e+04,0.9731,0.9731
seqneut25to26_sera_1006_d0,A/Bangkok/P3263/2025_H3N2,plate11-A/Bangkok/P3263/2025_H3N2,40,0,0
seqneut25to26_sera_1006_d0,A/Bangkok/P3263/2025_H3N2,plate11-A/Bangkok/P3263/2025_H3N2,92,0.01557,0.01557
seqneut25to26_sera_1006_d0,A/Bangkok/P3263/2025_H3N2,plate11-A/Bangkok/P3263/2025_H3N2,212,0.07967,0.07967
seqneut25to26_sera_1006_d0,A/Bangkok/P3263/2025_H3N2,plate11-A/Bangkok/P3263/2025_H3N2,487,0.4073,0.4073
seqneut25to26_sera_1006_d0,A/Bangkok/P3263/2025_H3N2,plate11-A/Bangkok/P3263/2025_H3N2,1119,0.7751,0.7751
seqneut25to26_sera_1006_d0,A/Bangkok/P3263/2025_H3N2,plate11-A/Bangkok/P3263/2025_H3N2,2575,0.7116,0.7116
seqneut25to26_sera_1006_d0,A/Bangkok/P3263/2025_H3N2,plate11-A/Bangkok/P3263/2025_H3N2,5921,0.9545,0.9545
seqneut25to26_sera_1006_d0,A/Bangkok/P3263/2025_H3N2,plate11-A/Bangkok/P3263/2025_H3N2,1.362e+04,1.051,1
seqneut25to26_sera_1006_d0,A/Belgium/H0097/2025_H3N2,plate11-A/Belgium/H0097/2025_H3N2,40,0.007127,0.007127
seqneut25to26_sera_1006_d0,A/Belgium/H0097/2025_H3N2,plate11-A/Belgium/H0097/2025_H3N2,92,0.022,0.022
seqneut25to26_sera_1006_d0,A/Belgium/H0097/2025_H3N2,plate11-A/Belgium/H0097/2025_H3N2,212,0.1456,0.1456
seqneut25to26_sera_1006_d0,A/Belgium/H0097/2025_H3N2,plate11-A/Belgium/H0097/2025_H3N2,487,0.4053,0.4053
seqneut25to26_sera_1006_d0,A/Belgium/H0097/2025_H3N2,plate11-A/Belgium/H0097/2025_H3N2,1119,1.005,1
seqneut25to26_sera_1006_d0,A/Belgium/H0097/2025_H3N2,plate11-A/Belgium/H0097/2025_H3N2,2575,0.7231,0.7231
seqneut25to26_sera_1006_d0,A/Belgium/H0097/2025_H3N2,plate11-A/Belgium/H0097/2025_H3N2,5921,0.8886,0.8886
seqneut25to26_sera_1006_d0,A/Belgium/H0097/2025_H3N2,plate11-A/Belgium/H0097/2025_H3N2,1.362e+04,0.9766,0.9766
seqneut25to26_sera_1006_d0,A/Bhutan/1267/2025_H3N2,plate11-A/Bhutan/1267/2025_H3N2,40,0,0
seqneut25to26_sera_1006_d0,A/Bhutan/1267/2025_H3N2,plate11-A/Bhutan/1267/2025_H3N2,92,0.0001705,0.0001705
seqneut25to26_sera_1006_d0,A/Bhutan/1267/2025_H3N2,plate11-A/Bhutan/1267/2025_H3N2,212,0.01798,0.01798
seqneut25to26_sera_1006_d0,A/Bhutan/1267/2025_H3N2,plate11-A/Bhutan/1267/2025_H3N2,487,0.1263,0.1263
seqneut25to26_sera_1006_d0,A/Bhutan/1267/2025_H3N2,plate11-A/Bhutan/1267/2025_H3N2,1119,0.6302,0.6302
seqneut25to26_sera_1006_d0,A/Bhutan/1267/2025_H3N2,plate11-A/Bhutan/1267/2025_H3N2,2575,0.5882,0.5882
seqneut25to26_sera_1006_d0,A/Bhutan/1267/2025_H3N2,plate11-A/Bhutan/1267/2025_H3N2,5921,0.7338,0.7338
seqneut25to26_sera_1006_d0,A/Bhutan/1267/2025_H3N2,plate11-A/Bhutan/1267/2025_H3N2,1.362e+04,0.9155,0.9155
seqneut25to26_sera_1006_d0,A/Bhutan/7/2025_H3N2,plate11-A/Bhutan/7/2025_H3N2,40,0,0
seqneut25to26_sera_1006_d0,A/Bhutan/7/2025_H3N2,plate11-A/Bhutan/7/2025_H3N2,92,0.0001827,0.0001827
seqneut25to26_sera_1006_d0,A/Bhutan/7/2025_H3N2,plate11-A/Bhutan/7/2025_H3N2,212,0.04628,0.04628
seqneut25to26_sera_1006_d0,A/Bhutan/7/2025_H3N2,plate11-A/Bhutan/7/2025_H3N2,487,0.1846,0.1846
seqneut25to26_sera_1006_d0,A/Bhutan/7/2025_H3N2,plate11-A/Bhutan/7/2025_H3N2,1119,0.6671,0.6671
seqneut25to26_sera_1006_d0,A/Bhutan/7/2025_H3N2,plate11-A/Bhutan/7/2025_H3N2,2575,0.7505,0.7505
seqneut25to26_sera_1006_d0,A/Bhutan/7/2025_H3N2,plate11-A/Bhutan/7/2025_H3N2,5921,1.07,1
seqneut25to26_sera_1006_d0,A/Bhutan/7/2025_H3N2,plate11-A/Bhutan/7/2025_H3N2,1.362e+04,0.8403,0.8403
seqneut25to26_sera_1006_d0,A/BritishColumbia/PHL-2473/2025_H1N1,plate11-A/BritishColumbia/PHL-2473/2025_H1N1,40,4.811e-05,4.811e-05
seqneut25to26_sera_1006_d0,A/BritishColumbia/PHL-2473/2025_H1N1,plate11-A/BritishColumbia/PHL-2473/2025_H1N1,92,0.0001658,0.0001658
seqneut25to26_sera_1006_d0,A/BritishColumbia/PHL-2473/2025_H1N1,plate11-A/BritishColumbia/PHL-2473/2025_H1N1,212,0.008817,0.008817
seqneut25to26_sera_1006_d0,A/BritishColumbia/PHL-2473/2025_H1N1,plate11-A/BritishColumbia/PHL-2473/2025_H1N1,487,0.1037,0.1037
seqneut25to26_sera_1006_d0,A/BritishColumbia/PHL-2473/2025_H1N1,plate11-A/BritishColumbia/PHL-2473/2025_H1N1,1119,0.7038,0.7038
seqneut25to26_sera_1006_d0,A/BritishColumbia/PHL-2473/2025_H1N1,plate11-A/BritishColumbia/PHL-2473/2025_H1N1,2575,0.6837,0.6837
seqneut25to26_sera_1006_d0,A/BritishColumbia/PHL-2473/2025_H1N1,plate11-A/BritishColumbia/PHL-2473/2025_H1N1,5921,0.9613,0.9613
seqneut25to26_sera_1006_d0,A/BritishColumbia/PHL-2473/2025_H1N1,plate11-A/BritishColumbia/PHL-2473/2025_H1N1,1.362e+04,0.9818,0.9818
seqneut25to26_sera_1006_d0,A/California/61/2025_H3N2,plate11-A/California/61/2025_H3N2,40,0.0002257,0.0002257
seqneut25to26_sera_1006_d0,A/California/61/2025_H3N2,plate11-A/California/61/2025_H3N2,92,0.02208,0.02208
seqneut25to26_sera_1006_d0,A/California/61/2025_H3N2,plate11-A/California/61/2025_H3N2,212,0.1264,0.1264
seqneut25to26_sera_1006_d0,A/California/61/2025_H3N2,plate11-A/California/61/2025_H3N2,487,0.5034,0.5034
seqneut25to26_sera_1006_d0,A/California/61/2025_H3N2,plate11-A/California/61/2025_H3N2,1119,0.6878,0.6878
seqneut25to26_sera_1006_d0,A/California/61/2025_H3N2,plate11-A/California/61/2025_H3N2,2575,0.8805,0.8805
seqneut25to26_sera_1006_d0,A/California/61/2025_H3N2,plate11-A/California/61/2025_H3N2,5921,0.9165,0.9165
seqneut25to26_sera_1006_d0,A/California/61/2025_H3N2,plate11-A/California/61/2025_H3N2,1.362e+04,1.069,1
seqneut25to26_sera_1006_d0,A/California/63/2025_H1N1,plate11-A/California/63/2025_H1N1,40,0.000189,0.000189
seqneut25to26_sera_1006_d0,A/California/63/2025_H1N1,plate11-A/California/63/2025_H1N1,92,0.001302,0.001302
seqneut25to26_sera_1006_d0,A/California/63/2025_H1N1,plate11-A/California/63/2025_H1N1,212,0.009283,0.009283
seqneut25to26_sera_1006_d0,A/California/63/2025_H1N1,plate11-A/California/63/2025_H1N1,487,0.0588,0.0588
seqneut25to26_sera_1006_d0,A/California/63/2025_H1N1,plate11-A/California/63/2025_H1N1,1119,0.4677,0.4677
seqneut25to26_sera_1006_d0,A/California/63/2025_H1N1,plate11-A/California/63/2025_H1N1,2575,0.6532,0.6532
seqneut25to26_sera_1006_d0,A/California/63/2025_H1N1,plate11-A/California/63/2025_H1N1,5921,0.9623,0.9623
seqneut25to26_sera_1006_d0,A/California/63/2025_H1N1,plate11-A/California/63/2025_H1N1,1.362e+04,1.054,1
seqneut25to26_sera_1006_d0,A/Canberra/465/2025_H1N1,plate11-A/Canberra/465/2025_H1N1,40,0.0002031,0.0002031
seqneut25to26_sera_1006_d0,A/Canberra/465/2025_H1N1,plate11-A/Canberra/465/2025_H1N1,92,0.000358,0.000358
seqneut25to26_sera_1006_d0,A/Canberra/465/2025_H1N1,plate11-A/Canberra/465/2025_H1N1,212,0.001402,0.001402
seqneut25to26_sera_1006_d0,A/Canberra/465/2025_H1N1,plate11-A/Canberra/465/2025_H1N1,487,0.06282,0.06282
seqneut25to26_sera_1006_d0,A/Canberra/465/2025_H1N1,plate11-A/Canberra/465/2025_H1N1,1119,0.4814,0.4814
seqneut25to26_sera_1006_d0,A/Canberra/465/2025_H1N1,plate11-A/Canberra/465/2025_H1N1,2575,0.803,0.803
seqneut25to26_sera_1006_d0,A/Canberra/465/2025_H1N1,plate11-A/Canberra/465/2025_H1N1,5921,0.9261,0.9261
seqneut25to26_sera_1006_d0,A/Canberra/465/2025_H1N1,plate11-A/Canberra/465/2025_H1N1,1.362e+04,1.125,1
seqneut25to26_sera_1006_d0,A/Canberra/530/2025_H1N1,plate11-A/Canberra/530/2025_H1N1,40,0.0002602,0.0002602
seqneut25to26_sera_1006_d0,A/Canberra/530/2025_H1N1,plate11-A/Canberra/530/2025_H1N1,92,0.0003389,0.0003389
seqneut25to26_sera_1006_d0,A/Canberra/530/2025_H1N1,plate11-A/Canberra/530/2025_H1N1,212,0.004985,0.004985
seqneut25to26_sera_1006_d0,A/Canberra/530/2025_H1N1,plate11-A/Canberra/530/2025_H1N1,487,0.08763,0.08763
seqneut25to26_sera_1006_d0,A/Canberra/530/2025_H1N1,plate11-A/Canberra/530/2025_H1N1,1119,0.6519,0.6519
seqneut25to26_sera_1006_d0,A/Canberra/530/2025_H1N1,plate11-A/Canberra/530/2025_H1N1,2575,0.7972,0.7972
seqneut25to26_sera_1006_d0,A/Canberra/530/2025_H1N1,plate11-A/Canberra/530/2025_H1N1,5921,1.122,1
seqneut25to26_sera_1006_d0,A/Canberra/530/2025_H1N1,plate11-A/Canberra/530/2025_H1N1,1.362e+04,1.005,1
seqneut25to26_sera_1006_d0,A/Catalonia/NSVH102689455/2025_H1N1,plate11-A/Catalonia/NSVH102689455/2025_H1N1,40,0.000149,0.000149
seqneut25to26_sera_1006_d0,A/Catalonia/NSVH102689455/2025_H1N1,plate11-A/Catalonia/NSVH102689455/2025_H1N1,92,0.0006088,0.0006088
seqneut25to26_sera_1006_d0,A/Catalonia/NSVH102689455/2025_H1N1,plate11-A/Catalonia/NSVH102689455/2025_H1N1,212,0.0007251,0.0007251
seqneut25to26_sera_1006_d0,A/Catalonia/NSVH102689455/2025_H1N1,plate11-A/Catalonia/NSVH102689455/2025_H1N1,487,0.04999,0.04999
seqneut25to26_sera_1006_d0,A/Catalonia/NSVH102689455/2025_H1N1,plate11-A/Catalonia/NSVH102689455/2025_H1N1,1119,0.5818,0.5818
seqneut25to26_sera_1006_d0,A/Catalonia/NSVH102689455/2025_H1N1,plate11-A/Catalonia/NSVH102689455/2025_H1N1,2575,0.8067,0.8067
seqneut25to26_sera_1006_d0,A/Catalonia/NSVH102689455/2025_H1N1,plate11-A/Catalonia/NSVH102689455/2025_H1N1,5921,1.119,1
seqneut25to26_sera_1006_d0,A/Catalonia/NSVH102689455/2025_H1N1,plate11-A/Catalonia/NSVH102689455/2025_H1N1,1.362e+04,1.034,1
seqneut25to26_sera_1006_d0,A/Colorado/105/2025_H1N1,plate11-A/Colorado/105/2025_H1N1,40,0.0003364,0.0003364
seqneut25to26_sera_1006_d0,A/Colorado/105/2025_H1N1,plate11-A/Colorado/105/2025_H1N1,92,0.0001415,0.0001415
seqneut25to26_sera_1006_d0,A/Colorado/105/2025_H1N1,plate11-A/Colorado/105/2025_H1N1,212,0.00675,0.00675
seqneut25to26_sera_1006_d0,A/Colorado/105/2025_H1N1,plate11-A/Colorado/105/2025_H1N1,487,0.1498,0.1498
seqneut25to26_sera_1006_d0,A/Colorado/105/2025_H1N1,plate11-A/Colorado/105/2025_H1N1,1119,0.7108,0.7108
seqneut25to26_sera_1006_d0,A/Colorado/105/2025_H1N1,plate11-A/Colorado/105/2025_H1N1,2575,0.7421,0.7421
seqneut25to26_sera_1006_d0,A/Colorado/105/2025_H1N1,plate11-A/Colorado/105/2025_H1N1,5921,1.101,1
seqneut25to26_sera_1006_d0,A/Colorado/105/2025_H1N1,plate11-A/Colorado/105/2025_H1N1,1.362e+04,1.138,1
seqneut25to26_sera_1006_d0,A/CoteDIvoire/2007/2025_H1N1,plate11-A/CoteDIvoire/2007/2025_H1N1,40,5.051e-05,5.051e-05
seqneut25to26_sera_1006_d0,A/CoteDIvoire/2007/2025_H1N1,plate11-A/CoteDIvoire/2007/2025_H1N1,92,0.0003926,0.0003926
seqneut25to26_sera_1006_d0,A/CoteDIvoire/2007/2025_H1N1,plate11-A/CoteDIvoire/2007/2025_H1N1,212,0.006575,0.006575
seqneut25to26_sera_1006_d0,A/CoteDIvoire/2007/2025_H1N1,plate11-A/CoteDIvoire/2007/2025_H1N1,487,0.05675,0.05675
seqneut25to26_sera_1006_d0,A/CoteDIvoire/2007/2025_H1N1,plate11-A/CoteDIvoire/2007/2025_H1N1,1119,0.5729,0.5729
seqneut25to26_sera_1006_d0,A/CoteDIvoire/2007/2025_H1N1,plate11-A/CoteDIvoire/2007/2025_H1N1,2575,0.6815,0.6815
seqneut25to26_sera_1006_d0,A/CoteDIvoire/2007/2025_H1N1,plate11-A/CoteDIvoire/2007/2025_H1N1,5921,1.006,1
seqneut25to26_sera_1006_d0,A/CoteDIvoire/2007/2025_H1N1,plate11-A/CoteDIvoire/2007/2025_H1N1,1.362e+04,1.006,1
seqneut25to26_sera_1006_d0,A/Croatia/10136RV/2023-egg_H3N2,plate11-A/Croatia/10136RV/2023-egg_H3N2,40,0.000461,0.000461
seqneut25to26_sera_1006_d0,A/Croatia/10136RV/2023-egg_H3N2,plate11-A/Croatia/10136RV/2023-egg_H3N2,92,0.06267,0.06267
seqneut25to26_sera_1006_d0,A/Croatia/10136RV/2023-egg_H3N2,plate11-A/Croatia/10136RV/2023-egg_H3N2,212,0.003026,0.003026
seqneut25to26_sera_1006_d0,A/Croatia/10136RV/2023-egg_H3N2,plate11-A/Croatia/10136RV/2023-egg_H3N2,487,0.03674,0.03674
seqneut25to26_sera_1006_d0,A/Croatia/10136RV/2023-egg_H3N2,plate11-A/Croatia/10136RV/2023-egg_H3N2,1119,0.3277,0.3277
seqneut25to26_sera_1006_d0,A/Croatia/10136RV/2023-egg_H3N2,plate11-A/Croatia/10136RV/2023-egg_H3N2,2575,0.8354,0.8354
seqneut25to26_sera_1006_d0,A/Croatia/10136RV/2023-egg_H3N2,plate11-A/Croatia/10136RV/2023-egg_H3N2,5921,0.4657,0.4657
seqneut25to26_sera_1006_d0,A/Croatia/10136RV/2023-egg_H3N2,plate11-A/Croatia/10136RV/2023-egg_H3N2,1.362e+04,0.5156,0.5156
seqneut25to26_sera_1006_d0,A/Darwin/1405/2025_H1N1,plate11-A/Darwin/1405/2025_H1N1,40,0.0008488,0.0008488
seqneut25to26_sera_1006_d0,A/Darwin/1405/2025_H1N1,plate11-A/Darwin/1405/2025_H1N1,92,0.0006405,0.0006405
seqneut25to26_sera_1006_d0,A/Darwin/1405/2025_H1N1,plate11-A/Darwin/1405/2025_H1N1,212,0.003819,0.003819
seqneut25to26_sera_1006_d0,A/Darwin/1405/2025_H1N1,plate11-A/Darwin/1405/2025_H1N1,487,0.0803,0.0803
seqneut25to26_sera_1006_d0,A/Darwin/1405/2025_H1N1,plate11-A/Darwin/1405/2025_H1N1,1119,0.6354,0.6354
seqneut25to26_sera_1006_d0,A/Darwin/1405/2025_H1N1,plate11-A/Darwin/1405/2025_H1N1,2575,0.7926,0.7926
seqneut25to26_sera_1006_d0,A/Darwin/1405/2025_H1N1,plate11-A/Darwin/1405/2025_H1N1,5921,1.099,1
seqneut25to26_sera_1006_d0,A/Darwin/1405/2025_H1N1,plate11-A/Darwin/1405/2025_H1N1,1.362e+04,1.109,1
seqneut25to26_sera_1006_d0,A/Darwin/1461/2025_H3N2,plate11-A/Darwin/1461/2025_H3N2,40,0,0
seqneut25to26_sera_1006_d0,A/Darwin/1461/2025_H3N2,plate11-A/Darwin/1461/2025_H3N2,92,0.0004576,0.0004576
seqneut25to26_sera_1006_d0,A/Darwin/1461/2025_H3N2,plate11-A/Darwin/1461/2025_H3N2,212,0.02505,0.02505
seqneut25to26_sera_1006_d0,A/Darwin/1461/2025_H3N2,plate11-A/Darwin/1461/2025_H3N2,487,0.1448,0.1448
seqneut25to26_sera_1006_d0,A/Darwin/1461/2025_H3N2,plate11-A/Darwin/1461/2025_H3N2,1119,0.6464,0.6464
seqneut25to26_sera_1006_d0,A/Darwin/1461/2025_H3N2,plate11-A/Darwin/1461/2025_H3N2,2575,0.5177,0.5177
seqneut25to26_sera_1006_d0,A/Darwin/1461/2025_H3N2,plate11-A/Darwin/1461/2025_H3N2,5921,0.5359,0.5359
seqneut25to26_sera_1006_d0,A/Darwin/1461/2025_H3N2,plate11-A/Darwin/1461/2025_H3N2,1.362e+04,0.8513,0.8513
seqneut25to26_sera_1006_d0,A/Denmark/3070/2025_H1N1,plate11-A/Denmark/3070/2025_H1N1,40,0.0001679,0.0001679
seqneut25to26_sera_1006_d0,A/Denmark/3070/2025_H1N1,plate11-A/Denmark/3070/2025_H1N1,92,0.0006774,0.0006774
seqneut25to26_sera_1006_d0,A/Denmark/3070/2025_H1N1,plate11-A/Denmark/3070/2025_H1N1,212,0.03526,0.03526
seqneut25to26_sera_1006_d0,A/Denmark/3070/2025_H1N1,plate11-A/Denmark/3070/2025_H1N1,487,0.4873,0.4873
seqneut25to26_sera_1006_d0,A/Denmark/3070/2025_H1N1,plate11-A/Denmark/3070/2025_H1N1,1119,1.323,1
seqneut25to26_sera_1006_d0,A/Denmark/3070/2025_H1N1,plate11-A/Denmark/3070/2025_H1N1,2575,0.9724,0.9724
seqneut25to26_sera_1006_d0,A/Denmark/3070/2025_H1N1,plate11-A/Denmark/3070/2025_H1N1,5921,1.232,1
seqneut25to26_sera_1006_d0,A/Denmark/3070/2025_H1N1,plate11-A/Denmark/3070/2025_H1N1,1.362e+04,1.097,1
seqneut25to26_sera_1006_d0,A/DistrictOfColumbia/27/2023_H3N2,plate11-A/DistrictOfColumbia/27/2023_H3N2,40,0,0
seqneut25to26_sera_1006_d0,A/DistrictOfColumbia/27/2023_H3N2,plate11-A/DistrictOfColumbia/27/2023_H3N2,92,0,0
seqneut25to26_sera_1006_d0,A/DistrictOfColumbia/27/2023_H3N2,plate11-A/DistrictOfColumbia/27/2023_H3N2,212,0.1111,0.1111
seqneut25to26_sera_1006_d0,A/DistrictOfColumbia/27/2023_H3N2,plate11-A/DistrictOfColumbia/27/2023_H3N2,487,0.2273,0.2273
seqneut25to26_sera_1006_d0,A/DistrictOfColumbia/27/2023_H3N2,plate11-A/DistrictOfColumbia/27/2023_H3N2,1119,0.4018,0.4018
seqneut25to26_sera_1006_d0,A/DistrictOfColumbia/27/2023_H3N2,plate11-A/DistrictOfColumbia/27/2023_H3N2,2575,0.6023,0.6023
seqneut25to26_sera_1006_d0,A/DistrictOfColumbia/27/2023_H3N2,plate11-A/DistrictOfColumbia/27/2023_H3N2,5921,0.5991,0.5991
seqneut25to26_sera_1006_d0,A/DistrictOfColumbia/27/2023_H3N2,plate11-A/DistrictOfColumbia/27/2023_H3N2,1.362e+04,0.8275,0.8275
seqneut25to26_sera_1006_d0,A/DistrictOfColumbia/57/2025_H3N2,plate11-A/DistrictOfColumbia/57/2025_H3N2,40,0.000198,0.000198
seqneut25to26_sera_1006_d0,A/DistrictOfColumbia/57/2025_H3N2,plate11-A/DistrictOfColumbia/57/2025_H3N2,92,0.02982,0.02982
seqneut25to26_sera_1006_d0,A/DistrictOfColumbia/57/2025_H3N2,plate11-A/DistrictOfColumbia/57/2025_H3N2,212,0.09521,0.09521
seqneut25to26_sera_1006_d0,A/DistrictOfColumbia/57/2025_H3N2,plate11-A/DistrictOfColumbia/57/2025_H3N2,487,0.3358,0.3358
seqneut25to26_sera_1006_d0,A/DistrictOfColumbia/57/2025_H3N2,plate11-A/DistrictOfColumbia/57/2025_H3N2,1119,0.7709,0.7709
seqneut25to26_sera_1006_d0,A/DistrictOfColumbia/57/2025_H3N2,plate11-A/DistrictOfColumbia/57/2025_H3N2,2575,0.7234,0.7234
seqneut25to26_sera_1006_d0,A/DistrictOfColumbia/57/2025_H3N2,plate11-A/DistrictOfColumbia/57/2025_H3N2,5921,0.9435,0.9435
seqneut25to26_sera_1006_d0,A/DistrictOfColumbia/57/2025_H3N2,plate11-A/DistrictOfColumbia/57/2025_H3N2,1.362e+04,1.031,1
seqneut25to26_sera_1006_d0,A/DistritoFederal/250106000728/2025_H3N2,plate11-A/DistritoFederal/250106000728/2025_H3N2,40,0,0
seqneut25to26_sera_1006_d0,A/DistritoFederal/250106000728/2025_H3N2,plate11-A/DistritoFederal/250106000728/2025_H3N2,92,0,0
seqneut25to26_sera_1006_d0,A/DistritoFederal/250106000728/2025_H3N2,plate11-A/DistritoFederal/250106000728/2025_H3N2,212,0.001777,0.001777
seqneut25to26_sera_1006_d0,A/DistritoFederal/250106000728/2025_H3N2,plate11-A/DistritoFederal/250106000728/2025_H3N2,487,0.04557,0.04557
seqneut25to26_sera_1006_d0,A/DistritoFederal/250106000728/2025_H3N2,plate11-A/DistritoFederal/250106000728/2025_H3N2,1119,0.1709,0.1709
seqneut25to26_sera_1006_d0,A/DistritoFederal/250106000728/2025_H3N2,plate11-A/DistritoFederal/250106000728/2025_H3N2,2575,0.409,0.409
seqneut25to26_sera_1006_d0,A/DistritoFederal/250106000728/2025_H3N2,plate11-A/DistritoFederal/250106000728/2025_H3N2,5921,0.6011,0.6011
seqneut25to26_sera_1006_d0,A/DistritoFederal/250106000728/2025_H3N2,plate11-A/DistritoFederal/250106000728/2025_H3N2,1.362e+04,0.8293,0.8293
seqneut25to26_sera_1006_d0,A/DistritoFederal/2578578201/2025_H3N2,plate11-A/DistritoFederal/2578578201/2025_H3N2,40,0,0
seqneut25to26_sera_1006_d0,A/DistritoFederal/2578578201/2025_H3N2,plate11-A/DistritoFederal/2578578201/2025_H3N2,92,7.531e-05,7.531e-05
seqneut25to26_sera_1006_d0,A/DistritoFederal/2578578201/2025_H3N2,plate11-A/DistritoFederal/2578578201/2025_H3N2,212,0.001848,0.001848
seqneut25to26_sera_1006_d0,A/DistritoFederal/2578578201/2025_H3N2,plate11-A/DistritoFederal/2578578201/2025_H3N2,487,0.026,0.026
seqneut25to26_sera_1006_d0,A/DistritoFederal/2578578201/2025_H3N2,plate11-A/DistritoFederal/2578578201/2025_H3N2,1119,0.2156,0.2156
seqneut25to26_sera_1006_d0,A/DistritoFederal/2578578201/2025_H3N2,plate11-A/DistritoFederal/2578578201/2025_H3N2,2575,0.4592,0.4592
seqneut25to26_sera_1006_d0,A/DistritoFederal/2578578201/2025_H3N2,plate11-A/DistritoFederal/2578578201/2025_H3N2,5921,0.8734,0.8734
seqneut25to26_sera_1006_d0,A/DistritoFederal/2578578201/2025_H3N2,plate11-A/DistritoFederal/2578578201/2025_H3N2,1.362e+04,0.7791,0.7791
seqneut25to26_sera_1006_d0,A/England/174/2025_H3N2,plate11-A/England/174/2025_H3N2,40,0,0
seqneut25to26_sera_1006_d0,A/England/174/2025_H3N2,plate11-A/England/174/2025_H3N2,92,0,0
seqneut25to26_sera_1006_d0,A/England/174/2025_H3N2,plate11-A/England/174/2025_H3N2,212,0.001773,0.001773
seqneut25to26_sera_1006_d0,A/England/174/2025_H3N2,plate11-A/England/174/2025_H3N2,487,0.1567,0.1567
seqneut25to26_sera_1006_d0,A/England/174/2025_H3N2,plate11-A/England/174/2025_H3N2,1119,0.3913,0.3913
seqneut25to26_sera_1006_d0,A/England/174/2025_H3N2,plate11-A/England/174/2025_H3N2,2575,0.6582,0.6582
seqneut25to26_sera_1006_d0,A/England/174/2025_H3N2,plate11-A/England/174/2025_H3N2,5921,0.9459,0.9459
seqneut25to26_sera_1006_d0,A/England/174/2025_H3N2,plate11-A/England/174/2025_H3N2,1.362e+04,0.9404,0.9404
seqneut25to26_sera_1006_d0,A/England/1822256/2025_H1N1,plate11-A/England/1822256/2025_H1N1,40,0.0001758,0.0001758
seqneut25to26_sera_1006_d0,A/England/1822256/2025_H1N1,plate11-A/England/1822256/2025_H1N1,92,4.695e-05,4.695e-05
seqneut25to26_sera_1006_d0,A/England/1822256/2025_H1N1,plate11-A/England/1822256/2025_H1N1,212,0.002042,0.002042
seqneut25to26_sera_1006_d0,A/England/1822256/2025_H1N1,plate11-A/England/1822256/2025_H1N1,487,0.03501,0.03501
seqneut25to26_sera_1006_d0,A/England/1822256/2025_H1N1,plate11-A/England/1822256/2025_H1N1,1119,0.5467,0.5467
seqneut25to26_sera_1006_d0,A/England/1822256/2025_H1N1,plate11-A/England/1822256/2025_H1N1,2575,0.6953,0.6953
seqneut25to26_sera_1006_d0,A/England/1822256/2025_H1N1,plate11-A/England/1822256/2025_H1N1,5921,1.024,1
seqneut25to26_sera_1006_d0,A/England/1822256/2025_H1N1,plate11-A/England/1822256/2025_H1N1,1.362e+04,0.9739,0.9739
seqneut25to26_sera_1006_d0,A/England/1837734/2025_H3N2,plate11-A/England/1837734/2025_H3N2,40,0,0
seqneut25to26_sera_1006_d0,A/England/1837734/2025_H3N2,plate11-A/England/1837734/2025_H3N2,92,0.008867,0.008867
seqneut25to26_sera_1006_d0,A/England/1837734/2025_H3N2,plate11-A/England/1837734/2025_H3N2,212,0.2714,0.2714
seqneut25to26_sera_1006_d0,A/England/1837734/2025_H3N2,plate11-A/England/1837734/2025_H3N2,487,0.4606,0.4606
seqneut25to26_sera_1006_d0,A/England/1837734/2025_H3N2,plate11-A/England/1837734/2025_H3N2,1119,0.8197,0.8197
seqneut25to26_sera_1006_d0,A/England/1837734/2025_H3N2,plate11-A/England/1837734/2025_H3N2,2575,0.8129,0.8129
seqneut25to26_sera_1006_d0,A/England/1837734/2025_H3N2,plate11-A/England/1837734/2025_H3N2,5921,1.081,1
seqneut25to26_sera_1006_d0,A/England/1837734/2025_H3N2,plate11-A/England/1837734/2025_H3N2,1.362e+04,0.9811,0.9811
seqneut25to26_sera_1006_d0,A/England/1837737/2025_H3N2,plate11-A/England/1837737/2025_H3N2,40,0.0002542,0.0002542
seqneut25to26_sera_1006_d0,A/England/1837737/2025_H3N2,plate11-A/England/1837737/2025_H3N2,92,0.001421,0.001421
seqneut25to26_sera_1006_d0,A/England/1837737/2025_H3N2,plate11-A/England/1837737/2025_H3N2,212,0.06824,0.06824
seqneut25to26_sera_1006_d0,A/England/1837737/2025_H3N2,plate11-A/England/1837737/2025_H3N2,487,0.332,0.332
seqneut25to26_sera_1006_d0,A/England/1837737/2025_H3N2,plate11-A/England/1837737/2025_H3N2,1119,0.7803,0.7803
seqneut25to26_sera_1006_d0,A/England/1837737/2025_H3N2,plate11-A/England/1837737/2025_H3N2,2575,0.7925,0.7925
seqneut25to26_sera_1006_d0,A/England/1837737/2025_H3N2,plate11-A/England/1837737/2025_H3N2,5921,1.173,1
seqneut25to26_sera_1006_d0,A/England/1837737/2025_H3N2,plate11-A/England/1837737/2025_H3N2,1.362e+04,1.105,1
seqneut25to26_sera_1006_d0,A/France/ARA-HCL025155099501/2025_H1N1,plate11-A/France/ARA-HCL025155099501/2025_H1N1,40,0,0
seqneut25to26_sera_1006_d0,A/France/ARA-HCL025155099501/2025_H1N1,plate11-A/France/ARA-HCL025155099501/2025_H1N1,92,0.0003361,0.0003361
seqneut25to26_sera_1006_d0,A/France/ARA-HCL025155099501/2025_H1N1,plate11-A/France/ARA-HCL025155099501/2025_H1N1,212,0.001543,0.001543
seqneut25to26_sera_1006_d0,A/France/ARA-HCL025155099501/2025_H1N1,plate11-A/France/ARA-HCL025155099501/2025_H1N1,487,0.1025,0.1025
seqneut25to26_sera_1006_d0,A/France/ARA-HCL025155099501/2025_H1N1,plate11-A/France/ARA-HCL025155099501/2025_H1N1,1119,0.6863,0.6863
seqneut25to26_sera_1006_d0,A/France/ARA-HCL025155099501/2025_H1N1,plate11-A/France/ARA-HCL025155099501/2025_H1N1,2575,0.7625,0.7625
seqneut25to26_sera_1006_d0,A/France/ARA-HCL025155099501/2025_H1N1,plate11-A/France/ARA-HCL025155099501/2025_H1N1,5921,1.065,1
seqneut25to26_sera_1006_d0,A/France/ARA-HCL025155099501/2025_H1N1,plate11-A/France/ARA-HCL025155099501/2025_H1N1,1.362e+04,1.116,1
seqneut25to26_sera_1006_d0,A/Galicia/GA-CHUAC-451/2025_H3N2,plate11-A/Galicia/GA-CHUAC-451/2025_H3N2,40,0,0
seqneut25to26_sera_1006_d0,A/Galicia/GA-CHUAC-451/2025_H3N2,plate11-A/Galicia/GA-CHUAC-451/2025_H3N2,92,0.005266,0.005266
seqneut25to26_sera_1006_d0,A/Galicia/GA-CHUAC-451/2025_H3N2,plate11-A/Galicia/GA-CHUAC-451/2025_H3N2,212,0.04381,0.04381
seqneut25to26_sera_1006_d0,A/Galicia/GA-CHUAC-451/2025_H3N2,plate11-A/Galicia/GA-CHUAC-451/2025_H3N2,487,0.2596,0.2596
seqneut25to26_sera_1006_d0,A/Galicia/GA-CHUAC-451/2025_H3N2,plate11-A/Galicia/GA-CHUAC-451/2025_H3N2,1119,0.6581,0.6581
seqneut25to26_sera_1006_d0,A/Galicia/GA-CHUAC-451/2025_H3N2,plate11-A/Galicia/GA-CHUAC-451/2025_H3N2,2575,0.7553,0.7553
seqneut25to26_sera_1006_d0,A/Galicia/GA-CHUAC-451/2025_H3N2,plate11-A/Galicia/GA-CHUAC-451/2025_H3N2,5921,0.9544,0.9544
seqneut25to26_sera_1006_d0,A/Galicia/GA-CHUAC-451/2025_H3N2,plate11-A/Galicia/GA-CHUAC-451/2025_H3N2,1.362e+04,1.109,1
seqneut25to26_sera_1006_d0,A/Ghana/ARI-25-1125/2025_H1N1,plate11-A/Ghana/ARI-25-1125/2025_H1N1,40,9.792e-05,9.792e-05
seqneut25to26_sera_1006_d0,A/Ghana/ARI-25-1125/2025_H1N1,plate11-A/Ghana/ARI-25-1125/2025_H1N1,92,0.0001255,0.0001255
seqneut25to26_sera_1006_d0,A/Ghana/ARI-25-1125/2025_H1N1,plate11-A/Ghana/ARI-25-1125/2025_H1N1,212,0.0004359,0.0004359
seqneut25to26_sera_1006_d0,A/Ghana/ARI-25-1125/2025_H1N1,plate11-A/Ghana/ARI-25-1125/2025_H1N1,487,0.02281,0.02281
seqneut25to26_sera_1006_d0,A/Ghana/ARI-25-1125/2025_H1N1,plate11-A/Ghana/ARI-25-1125/2025_H1N1,1119,0.4234,0.4234
seqneut25to26_sera_1006_d0,A/Ghana/ARI-25-1125/2025_H1N1,plate11-A/Ghana/ARI-25-1125/2025_H1N1,2575,0.7478,0.7478
seqneut25to26_sera_1006_d0,A/Ghana/ARI-25-1125/2025_H1N1,plate11-A/Ghana/ARI-25-1125/2025_H1N1,5921,0.8709,0.8709
seqneut25to26_sera_1006_d0,A/Ghana/ARI-25-1125/2025_H1N1,plate11-A/Ghana/ARI-25-1125/2025_H1N1,1.362e+04,0.8943,0.8943
seqneut25to26_sera_1006_d0,A/Ghana/FS-25-7077/2025_H3N2,plate11-A/Ghana/FS-25-7077/2025_H3N2,40,0,0
seqneut25to26_sera_1006_d0,A/Ghana/FS-25-7077/2025_H3N2,plate11-A/Ghana/FS-25-7077/2025_H3N2,92,0.03165,0.03165
seqneut25to26_sera_1006_d0,A/Ghana/FS-25-7077/2025_H3N2,plate11-A/Ghana/FS-25-7077/2025_H3N2,212,0.1798,0.1798
seqneut25to26_sera_1006_d0,A/Ghana/FS-25-7077/2025_H3N2,plate11-A/Ghana/FS-25-7077/2025_H3N2,487,0.5446,0.5446
seqneut25to26_sera_1006_d0,A/Ghana/FS-25-7077/2025_H3N2,plate11-A/Ghana/FS-25-7077/2025_H3N2,1119,0.7879,0.7879
seqneut25to26_sera_1006_d0,A/Ghana/FS-25-7077/2025_H3N2,plate11-A/Ghana/FS-25-7077/2025_H3N2,2575,0.5245,0.5245
seqneut25to26_sera_1006_d0,A/Ghana/FS-25-7077/2025_H3N2,plate11-A/Ghana/FS-25-7077/2025_H3N2,5921,1.071,1
seqneut25to26_sera_1006_d0,A/Ghana/FS-25-7077/2025_H3N2,plate11-A/Ghana/FS-25-7077/2025_H3N2,1.362e+04,1.052,1
seqneut25to26_sera_1006_d0,A/Guangdong-Maonan/11438/2025_H3N2,plate11-A/Guangdong-Maonan/11438/2025_H3N2,40,0,0
seqneut25to26_sera_1006_d0,A/Guangdong-Maonan/11438/2025_H3N2,plate11-A/Guangdong-Maonan/11438/2025_H3N2,92,0,0
seqneut25to26_sera_1006_d0,A/Guangdong-Maonan/11438/2025_H3N2,plate11-A/Guangdong-Maonan/11438/2025_H3N2,212,0.03548,0.03548
seqneut25to26_sera_1006_d0,A/Guangdong-Maonan/11438/2025_H3N2,plate11-A/Guangdong-Maonan/11438/2025_H3N2,487,0.2196,0.2196
seqneut25to26_sera_1006_d0,A/Guangdong-Maonan/11438/2025_H3N2,plate11-A/Guangdong-Maonan/11438/2025_H3N2,1119,0.5495,0.5495
seqneut25to26_sera_1006_d0,A/Guangdong-Maonan/11438/2025_H3N2,plate11-A/Guangdong-Maonan/11438/2025_H3N2,2575,0.99,0.99
seqneut25to26_sera_1006_d0,A/Guangdong-Maonan/11438/2025_H3N2,plate11-A/Guangdong-Maonan/11438/2025_H3N2,5921,0.8543,0.8543
seqneut25to26_sera_1006_d0,A/Guangdong-Maonan/11438/2025_H3N2,plate11-A/Guangdong-Maonan/11438/2025_H3N2,1.362e+04,0.854,0.854
seqneut25to26_sera_1006_d0,A/Guangdong-Meijiang/11256/2025_H3N2,plate11-A/Guangdong-Meijiang/11256/2025_H3N2,40,0,0
seqneut25to26_sera_1006_d0,A/Guangdong-Meijiang/11256/2025_H3N2,plate11-A/Guangdong-Meijiang/11256/2025_H3N2,92,0,0
seqneut25to26_sera_1006_d0,A/Guangdong-Meijiang/11256/2025_H3N2,plate11-A/Guangdong-Meijiang/11256/2025_H3N2,212,0.02277,0.02277
seqneut25to26_sera_1006_d0,A/Guangdong-Meijiang/11256/2025_H3N2,plate11-A/Guangdong-Meijiang/11256/2025_H3N2,487,0.1506,0.1506
seqneut25to26_sera_1006_d0,A/Guangdong-Meijiang/11256/2025_H3N2,plate11-A/Guangdong-Meijiang/11256/2025_H3N2,1119,0.284,0.284
seqneut25to26_sera_1006_d0,A/Guangdong-Meijiang/11256/2025_H3N2,plate11-A/Guangdong-Meijiang/11256/2025_H3N2,2575,0.4539,0.4539
seqneut25to26_sera_1006_d0,A/Guangdong-Meijiang/11256/2025_H3N2,plate11-A/Guangdong-Meijiang/11256/2025_H3N2,5921,0.8748,0.8748
seqneut25to26_sera_1006_d0,A/Guangdong-Meijiang/11256/2025_H3N2,plate11-A/Guangdong-Meijiang/11256/2025_H3N2,1.362e+04,1.014,1
seqneut25to26_sera_1006_d0,A/Guangxi-Daxin/1643/2025_H3N2,plate11-A/Guangxi-Daxin/1643/2025_H3N2,40,0,0
seqneut25to26_sera_1006_d0,A/Guangxi-Daxin/1643/2025_H3N2,plate11-A/Guangxi-Daxin/1643/2025_H3N2,92,0.02209,0.02209
seqneut25to26_sera_1006_d0,A/Guangxi-Daxin/1643/2025_H3N2,plate11-A/Guangxi-Daxin/1643/2025_H3N2,212,0.1206,0.1206
seqneut25to26_sera_1006_d0,A/Guangxi-Daxin/1643/2025_H3N2,plate11-A/Guangxi-Daxin/1643/2025_H3N2,487,0.1421,0.1421
seqneut25to26_sera_1006_d0,A/Guangxi-Daxin/1643/2025_H3N2,plate11-A/Guangxi-Daxin/1643/2025_H3N2,1119,0.5877,0.5877
seqneut25to26_sera_1006_d0,A/Guangxi-Daxin/1643/2025_H3N2,plate11-A/Guangxi-Daxin/1643/2025_H3N2,2575,0.711,0.711
seqneut25to26_sera_1006_d0,A/Guangxi-Daxin/1643/2025_H3N2,plate11-A/Guangxi-Daxin/1643/2025_H3N2,5921,1.246,1
seqneut25to26_sera_1006_d0,A/Guangxi-Daxin/1643/2025_H3N2,plate11-A/Guangxi-Daxin/1643/2025_H3N2,1.362e+04,1.04,1
seqneut25to26_sera_1006_d0,A/Guangxi-Qingxiu/SWL11742/2025_H1N1,plate11-A/Guangxi-Qingxiu/SWL11742/2025_H1N1,40,0.0004998,0.0004998
seqneut25to26_sera_1006_d0,A/Guangxi-Qingxiu/SWL11742/2025_H1N1,plate11-A/Guangxi-Qingxiu/SWL11742/2025_H1N1,92,0.003308,0.003308
seqneut25to26_sera_1006_d0,A/Guangxi-Qingxiu/SWL11742/2025_H1N1,plate11-A/Guangxi-Qingxiu/SWL11742/2025_H1N1,212,0.001358,0.001358
seqneut25to26_sera_1006_d0,A/Guangxi-Qingxiu/SWL11742/2025_H1N1,plate11-A/Guangxi-Qingxiu/SWL11742/2025_H1N1,487,0.06978,0.06978
seqneut25to26_sera_1006_d0,A/Guangxi-Qingxiu/SWL11742/2025_H1N1,plate11-A/Guangxi-Qingxiu/SWL11742/2025_H1N1,1119,0.5127,0.5127
seqneut25to26_sera_1006_d0,A/Guangxi-Qingxiu/SWL11742/2025_H1N1,plate11-A/Guangxi-Qingxiu/SWL11742/2025_H1N1,2575,0.6635,0.6635
seqneut25to26_sera_1006_d0,A/Guangxi-Qingxiu/SWL11742/2025_H1N1,plate11-A/Guangxi-Qingxiu/SWL11742/2025_H1N1,5921,1.064,1
seqneut25to26_sera_1006_d0,A/Guangxi-Qingxiu/SWL11742/2025_H1N1,plate11-A/Guangxi-Qingxiu/SWL11742/2025_H1N1,1.362e+04,0.9384,0.9384
seqneut25to26_sera_1006_d0,A/Hawaii/44/2025_H1N1,plate11-A/Hawaii/44/2025_H1N1,40,0,0
seqneut25to26_sera_1006_d0,A/Hawaii/44/2025_H1N1,plate11-A/Hawaii/44/2025_H1N1,92,0.002538,0.002538
seqneut25to26_sera_1006_d0,A/Hawaii/44/2025_H1N1,plate11-A/Hawaii/44/2025_H1N1,212,0.02584,0.02584
seqneut25to26_sera_1006_d0,A/Hawaii/44/2025_H1N1,plate11-A/Hawaii/44/2025_H1N1,487,0.3961,0.3961
seqneut25to26_sera_1006_d0,A/Hawaii/44/2025_H1N1,plate11-A/Hawaii/44/2025_H1N1,1119,1.114,1
seqneut25to26_sera_1006_d0,A/Hawaii/44/2025_H1N1,plate11-A/Hawaii/44/2025_H1N1,2575,1.053,1
seqneut25to26_sera_1006_d0,A/Hawaii/44/2025_H1N1,plate11-A/Hawaii/44/2025_H1N1,5921,1.091,1
seqneut25to26_sera_1006_d0,A/Hawaii/44/2025_H1N1,plate11-A/Hawaii/44/2025_H1N1,1.362e+04,1.122,1
seqneut25to26_sera_1006_d0,A/Hawaii/70/2019_H1N1,plate11-A/Hawaii/70/2019_H1N1,40,0.0001349,0.0001349
seqneut25to26_sera_1006_d0,A/Hawaii/70/2019_H1N1,plate11-A/Hawaii/70/2019_H1N1,92,0.0001222,0.0001222
seqneut25to26_sera_1006_d0,A/Hawaii/70/2019_H1N1,plate11-A/Hawaii/70/2019_H1N1,212,0.0005193,0.0005193
seqneut25to26_sera_1006_d0,A/Hawaii/70/2019_H1N1,plate11-A/Hawaii/70/2019_H1N1,487,0.004195,0.004195
seqneut25to26_sera_1006_d0,A/Hawaii/70/2019_H1N1,plate11-A/Hawaii/70/2019_H1N1,1119,0.2066,0.2066
seqneut25to26_sera_1006_d0,A/Hawaii/70/2019_H1N1,plate11-A/Hawaii/70/2019_H1N1,2575,0.4847,0.4847
seqneut25to26_sera_1006_d0,A/Hawaii/70/2019_H1N1,plate11-A/Hawaii/70/2019_H1N1,5921,0.8488,0.8488
seqneut25to26_sera_1006_d0,A/Hawaii/70/2019_H1N1,plate11-A/Hawaii/70/2019_H1N1,1.362e+04,0.91,0.91
seqneut25to26_sera_1006_d0,A/HongKong/1257/2025_H3N2,plate11-A/HongKong/1257/2025_H3N2,40,0,0
seqneut25to26_sera_1006_d0,A/HongKong/1257/2025_H3N2,plate11-A/HongKong/1257/2025_H3N2,92,0,0
seqneut25to26_sera_1006_d0,A/HongKong/1257/2025_H3N2,plate11-A/HongKong/1257/2025_H3N2,212,0.068,0.068
seqneut25to26_sera_1006_d0,A/HongKong/1257/2025_H3N2,plate11-A/HongKong/1257/2025_H3N2,487,0.1337,0.1337
seqneut25to26_sera_1006_d0,A/HongKong/1257/2025_H3N2,plate11-A/HongKong/1257/2025_H3N2,1119,0.428,0.428
seqneut25to26_sera_1006_d0,A/HongKong/1257/2025_H3N2,plate11-A/HongKong/1257/2025_H3N2,2575,0.5501,0.5501
seqneut25to26_sera_1006_d0,A/HongKong/1257/2025_H3N2,plate11-A/HongKong/1257/2025_H3N2,5921,0.8833,0.8833
seqneut25to26_sera_1006_d0,A/HongKong/1257/2025_H3N2,plate11-A/HongKong/1257/2025_H3N2,1.362e+04,0.8782,0.8782
seqneut25to26_sera_1006_d0,A/HongKong/1382/2025_H3N2,plate11-A/HongKong/1382/2025_H3N2,40,0.00037,0.00037
seqneut25to26_sera_1006_d0,A/HongKong/1382/2025_H3N2,plate11-A/HongKong/1382/2025_H3N2,92,0.009976,0.009976
seqneut25to26_sera_1006_d0,A/HongKong/1382/2025_H3N2,plate11-A/HongKong/1382/2025_H3N2,212,0.08677,0.08677
seqneut25to26_sera_1006_d0,A/HongKong/1382/2025_H3N2,plate11-A/HongKong/1382/2025_H3N2,487,0.524,0.524
seqneut25to26_sera_1006_d0,A/HongKong/1382/2025_H3N2,plate11-A/HongKong/1382/2025_H3N2,1119,0.5769,0.5769
seqneut25to26_sera_1006_d0,A/HongKong/1382/2025_H3N2,plate11-A/HongKong/1382/2025_H3N2,2575,0.4901,0.4901
seqneut25to26_sera_1006_d0,A/HongKong/1382/2025_H3N2,plate11-A/HongKong/1382/2025_H3N2,5921,0.9206,0.9206
seqneut25to26_sera_1006_d0,A/HongKong/1382/2025_H3N2,plate11-A/HongKong/1382/2025_H3N2,1.362e+04,0.8686,0.8686
seqneut25to26_sera_1006_d0,A/Indonesia/BIOKES-I-BT074/2025_H3N2,plate11-A/Indonesia/BIOKES-I-BT074/2025_H3N2,40,0,0
seqneut25to26_sera_1006_d0,A/Indonesia/BIOKES-I-BT074/2025_H3N2,plate11-A/Indonesia/BIOKES-I-BT074/2025_H3N2,92,3.278e-06,3.278e-06
seqneut25to26_sera_1006_d0,A/Indonesia/BIOKES-I-BT074/2025_H3N2,plate11-A/Indonesia/BIOKES-I-BT074/2025_H3N2,212,0.01076,0.01076
seqneut25to26_sera_1006_d0,A/Indonesia/BIOKES-I-BT074/2025_H3N2,plate11-A/Indonesia/BIOKES-I-BT074/2025_H3N2,487,0.1543,0.1543
seqneut25to26_sera_1006_d0,A/Indonesia/BIOKES-I-BT074/2025_H3N2,plate11-A/Indonesia/BIOKES-I-BT074/2025_H3N2,1119,0.6087,0.6087
seqneut25to26_sera_1006_d0,A/Indonesia/BIOKES-I-BT074/2025_H3N2,plate11-A/Indonesia/BIOKES-I-BT074/2025_H3N2,2575,0.7394,0.7394
seqneut25to26_sera_1006_d0,A/Indonesia/BIOKES-I-BT074/2025_H3N2,plate11-A/Indonesia/BIOKES-I-BT074/2025_H3N2,5921,0.792,0.792
seqneut25to26_sera_1006_d0,A/Indonesia/BIOKES-I-BT074/2025_H3N2,plate11-A/Indonesia/BIOKES-I-BT074/2025_H3N2,1.362e+04,1.057,1
seqneut25to26_sera_1006_d0,A/Indonesia/BIOKES-INAD491/2025_H3N2,plate11-A/Indonesia/BIOKES-INAD491/2025_H3N2,40,0,0
seqneut25to26_sera_1006_d0,A/Indonesia/BIOKES-INAD491/2025_H3N2,plate11-A/Indonesia/BIOKES-INAD491/2025_H3N2,92,0,0
seqneut25to26_sera_1006_d0,A/Indonesia/BIOKES-INAD491/2025_H3N2,plate11-A/Indonesia/BIOKES-INAD491/2025_H3N2,212,0.005998,0.005998
seqneut25to26_sera_1006_d0,A/Indonesia/BIOKES-INAD491/2025_H3N2,plate11-A/Indonesia/BIOKES-INAD491/2025_H3N2,487,0.1601,0.1601
seqneut25to26_sera_1006_d0,A/Indonesia/BIOKES-INAD491/2025_H3N2,plate11-A/Indonesia/BIOKES-INAD491/2025_H3N2,1119,0.5145,0.5145
seqneut25to26_sera_1006_d0,A/Indonesia/BIOKES-INAD491/2025_H3N2,plate11-A/Indonesia/BIOKES-INAD491/2025_H3N2,2575,0.5856,0.5856
seqneut25to26_sera_1006_d0,A/Indonesia/BIOKES-INAD491/2025_H3N2,plate11-A/Indonesia/BIOKES-INAD491/2025_H3N2,5921,0.9005,0.9005
seqneut25to26_sera_1006_d0,A/Indonesia/BIOKES-INAD491/2025_H3N2,plate11-A/Indonesia/BIOKES-INAD491/2025_H3N2,1.362e+04,1.074,1
seqneut25to26_sera_1006_d0,A/Lao/820-2750/2025_H3N2,plate11-A/Lao/820-2750/2025_H3N2,40,0,0
seqneut25to26_sera_1006_d0,A/Lao/820-2750/2025_H3N2,plate11-A/Lao/820-2750/2025_H3N2,92,1.611e-05,1.611e-05
seqneut25to26_sera_1006_d0,A/Lao/820-2750/2025_H3N2,plate11-A/Lao/820-2750/2025_H3N2,212,0.006767,0.006767
seqneut25to26_sera_1006_d0,A/Lao/820-2750/2025_H3N2,plate11-A/Lao/820-2750/2025_H3N2,487,0.1586,0.1586
seqneut25to26_sera_1006_d0,A/Lao/820-2750/2025_H3N2,plate11-A/Lao/820-2750/2025_H3N2,1119,0.7422,0.7422
seqneut25to26_sera_1006_d0,A/Lao/820-2750/2025_H3N2,plate11-A/Lao/820-2750/2025_H3N2,2575,0.6273,0.6273
seqneut25to26_sera_1006_d0,A/Lao/820-2750/2025_H3N2,plate11-A/Lao/820-2750/2025_H3N2,5921,0.842,0.842
seqneut25to26_sera_1006_d0,A/Lao/820-2750/2025_H3N2,plate11-A/Lao/820-2750/2025_H3N2,1.362e+04,1.029,1
seqneut25to26_sera_1006_d0,A/Malaysia/IMR/SARI/2028/2025_H3N2,plate11-A/Malaysia/IMR/SARI/2028/2025_H3N2,40,0,0
seqneut25to26_sera_1006_d0,A/Malaysia/IMR/SARI/2028/2025_H3N2,plate11-A/Malaysia/IMR/SARI/2028/2025_H3N2,92,0.001216,0.001216
seqneut25to26_sera_1006_d0,A/Malaysia/IMR/SARI/2028/2025_H3N2,plate11-A/Malaysia/IMR/SARI/2028/2025_H3N2,212,0.02238,0.02238
seqneut25to26_sera_1006_d0,A/Malaysia/IMR/SARI/2028/2025_H3N2,plate11-A/Malaysia/IMR/SARI/2028/2025_H3N2,487,0.1965,0.1965
seqneut25to26_sera_1006_d0,A/Malaysia/IMR/SARI/2028/2025_H3N2,plate11-A/Malaysia/IMR/SARI/2028/2025_H3N2,1119,0.5301,0.5301
seqneut25to26_sera_1006_d0,A/Malaysia/IMR/SARI/2028/2025_H3N2,plate11-A/Malaysia/IMR/SARI/2028/2025_H3N2,2575,0.6706,0.6706
seqneut25to26_sera_1006_d0,A/Malaysia/IMR/SARI/2028/2025_H3N2,plate11-A/Malaysia/IMR/SARI/2028/2025_H3N2,5921,0.9798,0.9798
seqneut25to26_sera_1006_d0,A/Malaysia/IMR/SARI/2028/2025_H3N2,plate11-A/Malaysia/IMR/SARI/2028/2025_H3N2,1.362e+04,0.9124,0.9124
seqneut25to26_sera_1006_d0,A/Malaysia/IMR/SARI/2406/2025_H3N2,plate11-A/Malaysia/IMR/SARI/2406/2025_H3N2,40,0,0
seqneut25to26_sera_1006_d0,A/Malaysia/IMR/SARI/2406/2025_H3N2,plate11-A/Malaysia/IMR/SARI/2406/2025_H3N2,92,0.007927,0.007927
seqneut25to26_sera_1006_d0,A/Malaysia/IMR/SARI/2406/2025_H3N2,plate11-A/Malaysia/IMR/SARI/2406/2025_H3N2,212,0.1125,0.1125
seqneut25to26_sera_1006_d0,A/Malaysia/IMR/SARI/2406/2025_H3N2,plate11-A/Malaysia/IMR/SARI/2406/2025_H3N2,487,0.4623,0.4623
seqneut25to26_sera_1006_d0,A/Malaysia/IMR/SARI/2406/2025_H3N2,plate11-A/Malaysia/IMR/SARI/2406/2025_H3N2,1119,1.088,1
seqneut25to26_sera_1006_d0,A/Malaysia/IMR/SARI/2406/2025_H3N2,plate11-A/Malaysia/IMR/SARI/2406/2025_H3N2,2575,0.9346,0.9346
seqneut25to26_sera_1006_d0,A/Malaysia/IMR/SARI/2406/2025_H3N2,plate11-A/Malaysia/IMR/SARI/2406/2025_H3N2,5921,1.036,1
seqneut25to26_sera_1006_d0,A/Malaysia/IMR/SARI/2406/2025_H3N2,plate11-A/Malaysia/IMR/SARI/2406/2025_H3N2,1.362e+04,0.8471,0.8471
seqneut25to26_sera_1006_d0,A/Malaysia/IMR/SARI/2517/2025_H3N2,plate11-A/Malaysia/IMR/SARI/2517/2025_H3N2,40,0,0
seqneut25to26_sera_1006_d0,A/Malaysia/IMR/SARI/2517/2025_H3N2,plate11-A/Malaysia/IMR/SARI/2517/2025_H3N2,92,0.04061,0.04061
seqneut25to26_sera_1006_d0,A/Malaysia/IMR/SARI/2517/2025_H3N2,plate11-A/Malaysia/IMR/SARI/2517/2025_H3N2,212,0.1358,0.1358
seqneut25to26_sera_1006_d0,A/Malaysia/IMR/SARI/2517/2025_H3N2,plate11-A/Malaysia/IMR/SARI/2517/2025_H3N2,487,0.5619,0.5619
seqneut25to26_sera_1006_d0,A/Malaysia/IMR/SARI/2517/2025_H3N2,plate11-A/Malaysia/IMR/SARI/2517/2025_H3N2,1119,0.8219,0.8219
seqneut25to26_sera_1006_d0,A/Malaysia/IMR/SARI/2517/2025_H3N2,plate11-A/Malaysia/IMR/SARI/2517/2025_H3N2,2575,0.9038,0.9038
seqneut25to26_sera_1006_d0,A/Malaysia/IMR/SARI/2517/2025_H3N2,plate11-A/Malaysia/IMR/SARI/2517/2025_H3N2,5921,1.125,1
seqneut25to26_sera_1006_d0,A/Malaysia/IMR/SARI/2517/2025_H3N2,plate11-A/Malaysia/IMR/SARI/2517/2025_H3N2,1.362e+04,1.017,1
seqneut25to26_sera_1006_d0,A/Massachusetts/18/2022_H3N2,plate11-A/Massachusetts/18/2022_H3N2,40,0,0
seqneut25to26_sera_1006_d0,A/Massachusetts/18/2022_H3N2,plate11-A/Massachusetts/18/2022_H3N2,92,0.0004016,0.0004016
seqneut25to26_sera_1006_d0,A/Massachusetts/18/2022_H3N2,plate11-A/Massachusetts/18/2022_H3N2,212,0.0603,0.0603
seqneut25to26_sera_1006_d0,A/Massachusetts/18/2022_H3N2,plate11-A/Massachusetts/18/2022_H3N2,487,0.1039,0.1039
seqneut25to26_sera_1006_d0,A/Massachusetts/18/2022_H3N2,plate11-A/Massachusetts/18/2022_H3N2,1119,0.2157,0.2157
seqneut25to26_sera_1006_d0,A/Massachusetts/18/2022_H3N2,plate11-A/Massachusetts/18/2022_H3N2,2575,0.2414,0.2414
seqneut25to26_sera_1006_d0,A/Massachusetts/18/2022_H3N2,plate11-A/Massachusetts/18/2022_H3N2,5921,0.4002,0.4002
seqneut25to26_sera_1006_d0,A/Massachusetts/18/2022_H3N2,plate11-A/Massachusetts/18/2022_H3N2,1.362e+04,0.6307,0.6307
seqneut25to26_sera_1006_d0,A/Michigan/110/2025_H3N2,plate11-A/Michigan/110/2025_H3N2,40,0,0
seqneut25to26_sera_1006_d0,A/Michigan/110/2025_H3N2,plate11-A/Michigan/110/2025_H3N2,92,1.156e-05,1.156e-05
seqneut25to26_sera_1006_d0,A/Michigan/110/2025_H3N2,plate11-A/Michigan/110/2025_H3N2,212,0.01177,0.01177
seqneut25to26_sera_1006_d0,A/Michigan/110/2025_H3N2,plate11-A/Michigan/110/2025_H3N2,487,0.09886,0.09886
seqneut25to26_sera_1006_d0,A/Michigan/110/2025_H3N2,plate11-A/Michigan/110/2025_H3N2,1119,0.4202,0.4202
seqneut25to26_sera_1006_d0,A/Michigan/110/2025_H3N2,plate11-A/Michigan/110/2025_H3N2,2575,0.6325,0.6325
seqneut25to26_sera_1006_d0,A/Michigan/110/2025_H3N2,plate11-A/Michigan/110/2025_H3N2,5921,0.9336,0.9336
seqneut25to26_sera_1006_d0,A/Michigan/110/2025_H3N2,plate11-A/Michigan/110/2025_H3N2,1.362e+04,0.8044,0.8044
seqneut25to26_sera_1006_d0,A/Minnesota/96/2025_H3N2,plate11-A/Minnesota/96/2025_H3N2,40,0.0001398,0.0001398
seqneut25to26_sera_1006_d0,A/Minnesota/96/2025_H3N2,plate11-A/Minnesota/96/2025_H3N2,92,0.00233,0.00233
seqneut25to26_sera_1006_d0,A/Minnesota/96/2025_H3N2,plate11-A/Minnesota/96/2025_H3N2,212,0.04899,0.04899
seqneut25to26_sera_1006_d0,A/Minnesota/96/2025_H3N2,plate11-A/Minnesota/96/2025_H3N2,487,0.1728,0.1728
seqneut25to26_sera_1006_d0,A/Minnesota/96/2025_H3N2,plate11-A/Minnesota/96/2025_H3N2,1119,0.4002,0.4002
seqneut25to26_sera_1006_d0,A/Minnesota/96/2025_H3N2,plate11-A/Minnesota/96/2025_H3N2,2575,0.5971,0.5971
seqneut25to26_sera_1006_d0,A/Minnesota/96/2025_H3N2,plate11-A/Minnesota/96/2025_H3N2,5921,0.7766,0.7766
seqneut25to26_sera_1006_d0,A/Minnesota/96/2025_H3N2,plate11-A/Minnesota/96/2025_H3N2,1.362e+04,0.9936,0.9936
seqneut25to26_sera_1006_d0,A/Missouri/11/2025_H1N1,plate11-A/Missouri/11/2025_H1N1,40,4.831e-05,4.831e-05
seqneut25to26_sera_1006_d0,A/Missouri/11/2025_H1N1,plate11-A/Missouri/11/2025_H1N1,92,0.0003446,0.0003446
seqneut25to26_sera_1006_d0,A/Missouri/11/2025_H1N1,plate11-A/Missouri/11/2025_H1N1,212,0.0014,0.0014
seqneut25to26_sera_1006_d0,A/Missouri/11/2025_H1N1,plate11-A/Missouri/11/2025_H1N1,487,0.07814,0.07814
seqneut25to26_sera_1006_d0,A/Missouri/11/2025_H1N1,plate11-A/Missouri/11/2025_H1N1,1119,0.5687,0.5687
seqneut25to26_sera_1006_d0,A/Missouri/11/2025_H1N1,plate11-A/Missouri/11/2025_H1N1,2575,0.6806,0.6806
seqneut25to26_sera_1006_d0,A/Missouri/11/2025_H1N1,plate11-A/Missouri/11/2025_H1N1,5921,0.9232,0.9232
seqneut25to26_sera_1006_d0,A/Missouri/11/2025_H1N1,plate11-A/Missouri/11/2025_H1N1,1.362e+04,0.9389,0.9389
seqneut25to26_sera_1006_d0,A/NewSouthWales/2526015582/2025_H3N2,plate11-A/NewSouthWales/2526015582/2025_H3N2,40,5.159e-05,5.159e-05
seqneut25to26_sera_1006_d0,A/NewSouthWales/2526015582/2025_H3N2,plate11-A/NewSouthWales/2526015582/2025_H3N2,92,0.03284,0.03284
seqneut25to26_sera_1006_d0,A/NewSouthWales/2526015582/2025_H3N2,plate11-A/NewSouthWales/2526015582/2025_H3N2,212,0.1579,0.1579
seqneut25to26_sera_1006_d0,A/NewSouthWales/2526015582/2025_H3N2,plate11-A/NewSouthWales/2526015582/2025_H3N2,487,0.3762,0.3762
seqneut25to26_sera_1006_d0,A/NewSouthWales/2526015582/2025_H3N2,plate11-A/NewSouthWales/2526015582/2025_H3N2,1119,0.6777,0.6777
seqneut25to26_sera_1006_d0,A/NewSouthWales/2526015582/2025_H3N2,plate11-A/NewSouthWales/2526015582/2025_H3N2,2575,0.7036,0.7036
seqneut25to26_sera_1006_d0,A/NewSouthWales/2526015582/2025_H3N2,plate11-A/NewSouthWales/2526015582/2025_H3N2,5921,0.9794,0.9794
seqneut25to26_sera_1006_d0,A/NewSouthWales/2526015582/2025_H3N2,plate11-A/NewSouthWales/2526015582/2025_H3N2,1.362e+04,0.8851,0.8851
seqneut25to26_sera_1006_d0,A/NewSouthWales/2526015584/2025_H3N2,plate11-A/NewSouthWales/2526015584/2025_H3N2,40,0,0
seqneut25to26_sera_1006_d0,A/NewSouthWales/2526015584/2025_H3N2,plate11-A/NewSouthWales/2526015584/2025_H3N2,92,0.008657,0.008657
seqneut25to26_sera_1006_d0,A/NewSouthWales/2526015584/2025_H3N2,plate11-A/NewSouthWales/2526015584/2025_H3N2,212,0.1142,0.1142
seqneut25to26_sera_1006_d0,A/NewSouthWales/2526015584/2025_H3N2,plate11-A/NewSouthWales/2526015584/2025_H3N2,487,0.3456,0.3456
seqneut25to26_sera_1006_d0,A/NewSouthWales/2526015584/2025_H3N2,plate11-A/NewSouthWales/2526015584/2025_H3N2,1119,0.8352,0.8352
seqneut25to26_sera_1006_d0,A/NewSouthWales/2526015584/2025_H3N2,plate11-A/NewSouthWales/2526015584/2025_H3N2,2575,0.6785,0.6785
seqneut25to26_sera_1006_d0,A/NewSouthWales/2526015584/2025_H3N2,plate11-A/NewSouthWales/2526015584/2025_H3N2,5921,0.8952,0.8952
seqneut25to26_sera_1006_d0,A/NewSouthWales/2526015584/2025_H3N2,plate11-A/NewSouthWales/2526015584/2025_H3N2,1.362e+04,0.9639,0.9639
seqneut25to26_sera_1006_d0,A/Norway/8765/2025_H3N2,plate11-A/Norway/8765/2025_H3N2,40,0.0003816,0.0003816
seqneut25to26_sera_1006_d0,A/Norway/8765/2025_H3N2,plate11-A/Norway/8765/2025_H3N2,92,0.03942,0.03942
seqneut25to26_sera_1006_d0,A/Norway/8765/2025_H3N2,plate11-A/Norway/8765/2025_H3N2,212,0.1899,0.1899
seqneut25to26_sera_1006_d0,A/Norway/8765/2025_H3N2,plate11-A/Norway/8765/2025_H3N2,487,0.3402,0.3402
seqneut25to26_sera_1006_d0,A/Norway/8765/2025_H3N2,plate11-A/Norway/8765/2025_H3N2,1119,0.8583,0.8583
seqneut25to26_sera_1006_d0,A/Norway/8765/2025_H3N2,plate11-A/Norway/8765/2025_H3N2,2575,0.6628,0.6628
seqneut25to26_sera_1006_d0,A/Norway/8765/2025_H3N2,plate11-A/Norway/8765/2025_H3N2,5921,0.9144,0.9144
seqneut25to26_sera_1006_d0,A/Norway/8765/2025_H3N2,plate11-A/Norway/8765/2025_H3N2,1.362e+04,1.124,1
seqneut25to26_sera_1006_d0,A/Norway/8976/2025_H3N2,plate11-A/Norway/8976/2025_H3N2,40,0,0
seqneut25to26_sera_1006_d0,A/Norway/8976/2025_H3N2,plate11-A/Norway/8976/2025_H3N2,92,0.01039,0.01039
seqneut25to26_sera_1006_d0,A/Norway/8976/2025_H3N2,plate11-A/Norway/8976/2025_H3N2,212,0.0889,0.0889
seqneut25to26_sera_1006_d0,A/Norway/8976/2025_H3N2,plate11-A/Norway/8976/2025_H3N2,487,0.4948,0.4948
seqneut25to26_sera_1006_d0,A/Norway/8976/2025_H3N2,plate11-A/Norway/8976/2025_H3N2,1119,0.8492,0.8492
seqneut25to26_sera_1006_d0,A/Norway/8976/2025_H3N2,plate11-A/Norway/8976/2025_H3N2,2575,0.7467,0.7467
seqneut25to26_sera_1006_d0,A/Norway/8976/2025_H3N2,plate11-A/Norway/8976/2025_H3N2,5921,0.9386,0.9386
seqneut25to26_sera_1006_d0,A/Norway/8976/2025_H3N2,plate11-A/Norway/8976/2025_H3N2,1.362e+04,1.002,1
seqneut25to26_sera_1006_d0,A/Norway/9107/2025_H1N1,plate11-A/Norway/9107/2025_H1N1,40,0.0006237,0.0006237
seqneut25to26_sera_1006_d0,A/Norway/9107/2025_H1N1,plate11-A/Norway/9107/2025_H1N1,92,0.0006179,0.0006179
seqneut25to26_sera_1006_d0,A/Norway/9107/2025_H1N1,plate11-A/Norway/9107/2025_H1N1,212,0.001945,0.001945
seqneut25to26_sera_1006_d0,A/Norway/9107/2025_H1N1,plate11-A/Norway/9107/2025_H1N1,487,0.06985,0.06985
seqneut25to26_sera_1006_d0,A/Norway/9107/2025_H1N1,plate11-A/Norway/9107/2025_H1N1,1119,0.5543,0.5543
seqneut25to26_sera_1006_d0,A/Norway/9107/2025_H1N1,plate11-A/Norway/9107/2025_H1N1,2575,0.7302,0.7302
seqneut25to26_sera_1006_d0,A/Norway/9107/2025_H1N1,plate11-A/Norway/9107/2025_H1N1,5921,1.069,1
seqneut25to26_sera_1006_d0,A/Norway/9107/2025_H1N1,plate11-A/Norway/9107/2025_H1N1,1.362e+04,1.026,1
seqneut25to26_sera_1006_d0,A/Norway/9556/2025_H1N1,plate11-A/Norway/9556/2025_H1N1,40,0.002479,0.002479
seqneut25to26_sera_1006_d0,A/Norway/9556/2025_H1N1,plate11-A/Norway/9556/2025_H1N1,92,0.02935,0.02935
seqneut25to26_sera_1006_d0,A/Norway/9556/2025_H1N1,plate11-A/Norway/9556/2025_H1N1,212,0.3829,0.3829
seqneut25to26_sera_1006_d0,A/Norway/9556/2025_H1N1,plate11-A/Norway/9556/2025_H1N1,487,0.8098,0.8098
seqneut25to26_sera_1006_d0,A/Norway/9556/2025_H1N1,plate11-A/Norway/9556/2025_H1N1,1119,1.327,1
seqneut25to26_sera_1006_d0,A/Norway/9556/2025_H1N1,plate11-A/Norway/9556/2025_H1N1,2575,0.978,0.978
seqneut25to26_sera_1006_d0,A/Norway/9556/2025_H1N1,plate11-A/Norway/9556/2025_H1N1,5921,1.185,1
seqneut25to26_sera_1006_d0,A/Norway/9556/2025_H1N1,plate11-A/Norway/9556/2025_H1N1,1.362e+04,1.2,1
seqneut25to26_sera_1006_d0,A/Peru/GIHSN-04-1089/2025_H3N2,plate11-A/Peru/GIHSN-04-1089/2025_H3N2,40,0,0
seqneut25to26_sera_1006_d0,A/Peru/GIHSN-04-1089/2025_H3N2,plate11-A/Peru/GIHSN-04-1089/2025_H3N2,92,6.083e-06,6.083e-06
seqneut25to26_sera_1006_d0,A/Peru/GIHSN-04-1089/2025_H3N2,plate11-A/Peru/GIHSN-04-1089/2025_H3N2,212,0.05506,0.05506
seqneut25to26_sera_1006_d0,A/Peru/GIHSN-04-1089/2025_H3N2,plate11-A/Peru/GIHSN-04-1089/2025_H3N2,487,0.2616,0.2616
seqneut25to26_sera_1006_d0,A/Peru/GIHSN-04-1089/2025_H3N2,plate11-A/Peru/GIHSN-04-1089/2025_H3N2,1119,0.6802,0.6802
seqneut25to26_sera_1006_d0,A/Peru/GIHSN-04-1089/2025_H3N2,plate11-A/Peru/GIHSN-04-1089/2025_H3N2,2575,0.6931,0.6931
seqneut25to26_sera_1006_d0,A/Peru/GIHSN-04-1089/2025_H3N2,plate11-A/Peru/GIHSN-04-1089/2025_H3N2,5921,0.9782,0.9782
seqneut25to26_sera_1006_d0,A/Peru/GIHSN-04-1089/2025_H3N2,plate11-A/Peru/GIHSN-04-1089/2025_H3N2,1.362e+04,1.025,1
seqneut25to26_sera_1006_d0,A/Philippines/SARI25-1425/2025_H1N1,plate11-A/Philippines/SARI25-1425/2025_H1N1,40,5.808e-05,5.808e-05
seqneut25to26_sera_1006_d0,A/Philippines/SARI25-1425/2025_H1N1,plate11-A/Philippines/SARI25-1425/2025_H1N1,92,0.01979,0.01979
seqneut25to26_sera_1006_d0,A/Philippines/SARI25-1425/2025_H1N1,plate11-A/Philippines/SARI25-1425/2025_H1N1,212,0.169,0.169
seqneut25to26_sera_1006_d0,A/Philippines/SARI25-1425/2025_H1N1,plate11-A/Philippines/SARI25-1425/2025_H1N1,487,0.6786,0.6786
seqneut25to26_sera_1006_d0,A/Philippines/SARI25-1425/2025_H1N1,plate11-A/Philippines/SARI25-1425/2025_H1N1,1119,1.404,1
seqneut25to26_sera_1006_d0,A/Philippines/SARI25-1425/2025_H1N1,plate11-A/Philippines/SARI25-1425/2025_H1N1,2575,1.034,1
seqneut25to26_sera_1006_d0,A/Philippines/SARI25-1425/2025_H1N1,plate11-A/Philippines/SARI25-1425/2025_H1N1,5921,1.222,1
seqneut25to26_sera_1006_d0,A/Philippines/SARI25-1425/2025_H1N1,plate11-A/Philippines/SARI25-1425/2025_H1N1,1.362e+04,1.157,1
seqneut25to26_sera_1006_d0,A/Queensland/2526516675/2025_H3N2,plate11-A/Queensland/2526516675/2025_H3N2,40,0.0011,0.0011
seqneut25to26_sera_1006_d0,A/Queensland/2526516675/2025_H3N2,plate11-A/Queensland/2526516675/2025_H3N2,92,0.02726,0.02726
seqneut25to26_sera_1006_d0,A/Queensland/2526516675/2025_H3N2,plate11-A/Queensland/2526516675/2025_H3N2,212,0.1648,0.1648
seqneut25to26_sera_1006_d0,A/Queensland/2526516675/2025_H3N2,plate11-A/Queensland/2526516675/2025_H3N2,487,0.4885,0.4885
seqneut25to26_sera_1006_d0,A/Queensland/2526516675/2025_H3N2,plate11-A/Queensland/2526516675/2025_H3N2,1119,0.7626,0.7626
seqneut25to26_sera_1006_d0,A/Queensland/2526516675/2025_H3N2,plate11-A/Queensland/2526516675/2025_H3N2,2575,0.6797,0.6797
seqneut25to26_sera_1006_d0,A/Queensland/2526516675/2025_H3N2,plate11-A/Queensland/2526516675/2025_H3N2,5921,0.8619,0.8619
seqneut25to26_sera_1006_d0,A/Queensland/2526516675/2025_H3N2,plate11-A/Queensland/2526516675/2025_H3N2,1.362e+04,1.031,1
seqneut25to26_sera_1006_d0,A/SouthAfrica/PET37604/2025_H3N2,plate11-A/SouthAfrica/PET37604/2025_H3N2,40,0,0
seqneut25to26_sera_1006_d0,A/SouthAfrica/PET37604/2025_H3N2,plate11-A/SouthAfrica/PET37604/2025_H3N2,92,0,0
seqneut25to26_sera_1006_d0,A/SouthAfrica/PET37604/2025_H3N2,plate11-A/SouthAfrica/PET37604/2025_H3N2,212,0.005931,0.005931
seqneut25to26_sera_1006_d0,A/SouthAfrica/PET37604/2025_H3N2,plate11-A/SouthAfrica/PET37604/2025_H3N2,487,0.1643,0.1643
seqneut25to26_sera_1006_d0,A/SouthAfrica/PET37604/2025_H3N2,plate11-A/SouthAfrica/PET37604/2025_H3N2,1119,0.3545,0.3545
seqneut25to26_sera_1006_d0,A/SouthAfrica/PET37604/2025_H3N2,plate11-A/SouthAfrica/PET37604/2025_H3N2,2575,0.4527,0.4527
seqneut25to26_sera_1006_d0,A/SouthAfrica/PET37604/2025_H3N2,plate11-A/SouthAfrica/PET37604/2025_H3N2,5921,0.8294,0.8294
seqneut25to26_sera_1006_d0,A/SouthAfrica/PET37604/2025_H3N2,plate11-A/SouthAfrica/PET37604/2025_H3N2,1.362e+04,0.941,0.941
seqneut25to26_sera_1006_d0,A/SouthAfrica/PET37625/2025_H3N2,plate11-A/SouthAfrica/PET37625/2025_H3N2,40,0,0
seqneut25to26_sera_1006_d0,A/SouthAfrica/PET37625/2025_H3N2,plate11-A/SouthAfrica/PET37625/2025_H3N2,92,0,0
seqneut25to26_sera_1006_d0,A/SouthAfrica/PET37625/2025_H3N2,plate11-A/SouthAfrica/PET37625/2025_H3N2,212,0.01844,0.01844
seqneut25to26_sera_1006_d0,A/SouthAfrica/PET37625/2025_H3N2,plate11-A/SouthAfrica/PET37625/2025_H3N2,487,0.1006,0.1006
seqneut25to26_sera_1006_d0,A/SouthAfrica/PET37625/2025_H3N2,plate11-A/SouthAfrica/PET37625/2025_H3N2,1119,0.3529,0.3529
seqneut25to26_sera_1006_d0,A/SouthAfrica/PET37625/2025_H3N2,plate11-A/SouthAfrica/PET37625/2025_H3N2,2575,0.5213,0.5213
seqneut25to26_sera_1006_d0,A/SouthAfrica/PET37625/2025_H3N2,plate11-A/SouthAfrica/PET37625/2025_H3N2,5921,0.8155,0.8155
seqneut25to26_sera_1006_d0,A/SouthAfrica/PET37625/2025_H3N2,plate11-A/SouthAfrica/PET37625/2025_H3N2,1.362e+04,0.6437,0.6437
seqneut25to26_sera_1006_d0,A/SouthAustralia/2519001037/2025_H1N1,plate11-A/SouthAustralia/2519001037/2025_H1N1,40,7.794e-05,7.794e-05
seqneut25to26_sera_1006_d0,A/SouthAustralia/2519001037/2025_H1N1,plate11-A/SouthAustralia/2519001037/2025_H1N1,92,0.0003185,0.0003185
seqneut25to26_sera_1006_d0,A/SouthAustralia/2519001037/2025_H1N1,plate11-A/SouthAustralia/2519001037/2025_H1N1,212,0.001517,0.001517
seqneut25to26_sera_1006_d0,A/SouthAustralia/2519001037/2025_H1N1,plate11-A/SouthAustralia/2519001037/2025_H1N1,487,0.042,0.042
seqneut25to26_sera_1006_d0,A/SouthAustralia/2519001037/2025_H1N1,plate11-A/SouthAustralia/2519001037/2025_H1N1,1119,0.5535,0.5535
seqneut25to26_sera_1006_d0,A/SouthAustralia/2519001037/2025_H1N1,plate11-A/SouthAustralia/2519001037/2025_H1N1,2575,0.7316,0.7316
seqneut25to26_sera_1006_d0,A/SouthAustralia/2519001037/2025_H1N1,plate11-A/SouthAustralia/2519001037/2025_H1N1,5921,1.179,1
seqneut25to26_sera_1006_d0,A/SouthAustralia/2519001037/2025_H1N1,plate11-A/SouthAustralia/2519001037/2025_H1N1,1.362e+04,0.9731,0.9731
seqneut25to26_sera_1006_d0,A/SouthAustralia/2520702747/2025_H1N1,plate11-A/SouthAustralia/2520702747/2025_H1N1,40,0.0003048,0.0003048
seqneut25to26_sera_1006_d0,A/SouthAustralia/2520702747/2025_H1N1,plate11-A/SouthAustralia/2520702747/2025_H1N1,92,0.0002961,0.0002961
seqneut25to26_sera_1006_d0,A/SouthAustralia/2520702747/2025_H1N1,plate11-A/SouthAustralia/2520702747/2025_H1N1,212,0.0005736,0.0005736
seqneut25to26_sera_1006_d0,A/SouthAustralia/2520702747/2025_H1N1,plate11-A/SouthAustralia/2520702747/2025_H1N1,487,0.07008,0.07008
seqneut25to26_sera_1006_d0,A/SouthAustralia/2520702747/2025_H1N1,plate11-A/SouthAustralia/2520702747/2025_H1N1,1119,0.4373,0.4373
seqneut25to26_sera_1006_d0,A/SouthAustralia/2520702747/2025_H1N1,plate11-A/SouthAustralia/2520702747/2025_H1N1,2575,0.7095,0.7095
seqneut25to26_sera_1006_d0,A/SouthAustralia/2520702747/2025_H1N1,plate11-A/SouthAustralia/2520702747/2025_H1N1,5921,1.019,1
seqneut25to26_sera_1006_d0,A/SouthAustralia/2520702747/2025_H1N1,plate11-A/SouthAustralia/2520702747/2025_H1N1,1.362e+04,0.9758,0.9758
seqneut25to26_sera_1006_d0,A/SouthAustralia/2523012764/2025_H1N1,plate11-A/SouthAustralia/2523012764/2025_H1N1,40,0.0002909,0.0002909
seqneut25to26_sera_1006_d0,A/SouthAustralia/2523012764/2025_H1N1,plate11-A/SouthAustralia/2523012764/2025_H1N1,92,0.0001305,0.0001305
seqneut25to26_sera_1006_d0,A/SouthAustralia/2523012764/2025_H1N1,plate11-A/SouthAustralia/2523012764/2025_H1N1,212,0.0004873,0.0004873
seqneut25to26_sera_1006_d0,A/SouthAustralia/2523012764/2025_H1N1,plate11-A/SouthAustralia/2523012764/2025_H1N1,487,0.04099,0.04099
seqneut25to26_sera_1006_d0,A/SouthAustralia/2523012764/2025_H1N1,plate11-A/SouthAustralia/2523012764/2025_H1N1,1119,0.5208,0.5208
seqneut25to26_sera_1006_d0,A/SouthAustralia/2523012764/2025_H1N1,plate11-A/SouthAustralia/2523012764/2025_H1N1,2575,0.7757,0.7757
seqneut25to26_sera_1006_d0,A/SouthAustralia/2523012764/2025_H1N1,plate11-A/SouthAustralia/2523012764/2025_H1N1,5921,0.8803,0.8803
seqneut25to26_sera_1006_d0,A/SouthAustralia/2523012764/2025_H1N1,plate11-A/SouthAustralia/2523012764/2025_H1N1,1.362e+04,1.034,1
seqneut25to26_sera_1006_d0,A/SouthAustralia/2523812314/2025_H3N2,plate11-A/SouthAustralia/2523812314/2025_H3N2,40,0.000315,0.000315
seqneut25to26_sera_1006_d0,A/SouthAustralia/2523812314/2025_H3N2,plate11-A/SouthAustralia/2523812314/2025_H3N2,92,0.007165,0.007165
seqneut25to26_sera_1006_d0,A/SouthAustralia/2523812314/2025_H3N2,plate11-A/SouthAustralia/2523812314/2025_H3N2,212,0.1039,0.1039
seqneut25to26_sera_1006_d0,A/SouthAustralia/2523812314/2025_H3N2,plate11-A/SouthAustralia/2523812314/2025_H3N2,487,0.2724,0.2724
seqneut25to26_sera_1006_d0,A/SouthAustralia/2523812314/2025_H3N2,plate11-A/SouthAustralia/2523812314/2025_H3N2,1119,0.5898,0.5898
seqneut25to26_sera_1006_d0,A/SouthAustralia/2523812314/2025_H3N2,plate11-A/SouthAustralia/2523812314/2025_H3N2,2575,0.5563,0.5563
seqneut25to26_sera_1006_d0,A/SouthAustralia/2523812314/2025_H3N2,plate11-A/SouthAustralia/2523812314/2025_H3N2,5921,0.9788,0.9788
seqneut25to26_sera_1006_d0,A/SouthAustralia/2523812314/2025_H3N2,plate11-A/SouthAustralia/2523812314/2025_H3N2,1.362e+04,1.03,1
seqneut25to26_sera_1006_d0,A/SouthAustralia/2524408801/2025_H3N2,plate11-A/SouthAustralia/2524408801/2025_H3N2,40,0.001624,0.001624
seqneut25to26_sera_1006_d0,A/SouthAustralia/2524408801/2025_H3N2,plate11-A/SouthAustralia/2524408801/2025_H3N2,92,0.04036,0.04036
seqneut25to26_sera_1006_d0,A/SouthAustralia/2524408801/2025_H3N2,plate11-A/SouthAustralia/2524408801/2025_H3N2,212,0.09055,0.09055
seqneut25to26_sera_1006_d0,A/SouthAustralia/2524408801/2025_H3N2,plate11-A/SouthAustralia/2524408801/2025_H3N2,487,0.2889,0.2889
seqneut25to26_sera_1006_d0,A/SouthAustralia/2524408801/2025_H3N2,plate11-A/SouthAustralia/2524408801/2025_H3N2,1119,0.673,0.673
seqneut25to26_sera_1006_d0,A/SouthAustralia/2524408801/2025_H3N2,plate11-A/SouthAustralia/2524408801/2025_H3N2,2575,0.7077,0.7077
seqneut25to26_sera_1006_d0,A/SouthAustralia/2524408801/2025_H3N2,plate11-A/SouthAustralia/2524408801/2025_H3N2,5921,1.013,1
seqneut25to26_sera_1006_d0,A/SouthAustralia/2524408801/2025_H3N2,plate11-A/SouthAustralia/2524408801/2025_H3N2,1.362e+04,1.057,1
seqneut25to26_sera_1006_d0,A/SouthAustralia/2524712956/2025_H1N1,plate11-A/SouthAustralia/2524712956/2025_H1N1,40,0.0001308,0.0001308
seqneut25to26_sera_1006_d0,A/SouthAustralia/2524712956/2025_H1N1,plate11-A/SouthAustralia/2524712956/2025_H1N1,92,0.008524,0.008524
seqneut25to26_sera_1006_d0,A/SouthAustralia/2524712956/2025_H1N1,plate11-A/SouthAustralia/2524712956/2025_H1N1,212,0.04103,0.04103
seqneut25to26_sera_1006_d0,A/SouthAustralia/2524712956/2025_H1N1,plate11-A/SouthAustralia/2524712956/2025_H1N1,487,0.5541,0.5541
seqneut25to26_sera_1006_d0,A/SouthAustralia/2524712956/2025_H1N1,plate11-A/SouthAustralia/2524712956/2025_H1N1,1119,1.31,1
seqneut25to26_sera_1006_d0,A/SouthAustralia/2524712956/2025_H1N1,plate11-A/SouthAustralia/2524712956/2025_H1N1,2575,1.017,1
seqneut25to26_sera_1006_d0,A/SouthAustralia/2524712956/2025_H1N1,plate11-A/SouthAustralia/2524712956/2025_H1N1,5921,1.278,1
seqneut25to26_sera_1006_d0,A/SouthAustralia/2524712956/2025_H1N1,plate11-A/SouthAustralia/2524712956/2025_H1N1,1.362e+04,1.252,1
seqneut25to26_sera_1006_d0,A/SouthAustralia/2525607496/2025_H3N2,plate11-A/SouthAustralia/2525607496/2025_H3N2,40,0,0
seqneut25to26_sera_1006_d0,A/SouthAustralia/2525607496/2025_H3N2,plate11-A/SouthAustralia/2525607496/2025_H3N2,92,0,0
seqneut25to26_sera_1006_d0,A/SouthAustralia/2525607496/2025_H3N2,plate11-A/SouthAustralia/2525607496/2025_H3N2,212,0.01996,0.01996
seqneut25to26_sera_1006_d0,A/SouthAustralia/2525607496/2025_H3N2,plate11-A/SouthAustralia/2525607496/2025_H3N2,487,0.09209,0.09209
seqneut25to26_sera_1006_d0,A/SouthAustralia/2525607496/2025_H3N2,plate11-A/SouthAustralia/2525607496/2025_H3N2,1119,0.4705,0.4705
seqneut25to26_sera_1006_d0,A/SouthAustralia/2525607496/2025_H3N2,plate11-A/SouthAustralia/2525607496/2025_H3N2,2575,0.5341,0.5341
seqneut25to26_sera_1006_d0,A/SouthAustralia/2525607496/2025_H3N2,plate11-A/SouthAustralia/2525607496/2025_H3N2,5921,1.077,1
seqneut25to26_sera_1006_d0,A/SouthAustralia/2525607496/2025_H3N2,plate11-A/SouthAustralia/2525607496/2025_H3N2,1.362e+04,1.06,1
seqneut25to26_sera_1006_d0,A/SouthAustralia/2527003588/2025_H3N2,plate11-A/SouthAustralia/2527003588/2025_H3N2,40,0,0
seqneut25to26_sera_1006_d0,A/SouthAustralia/2527003588/2025_H3N2,plate11-A/SouthAustralia/2527003588/2025_H3N2,92,0.08674,0.08674
seqneut25to26_sera_1006_d0,A/SouthAustralia/2527003588/2025_H3N2,plate11-A/SouthAustralia/2527003588/2025_H3N2,212,0.2563,0.2563
seqneut25to26_sera_1006_d0,A/SouthAustralia/2527003588/2025_H3N2,plate11-A/SouthAustralia/2527003588/2025_H3N2,487,0.6589,0.6589
seqneut25to26_sera_1006_d0,A/SouthAustralia/2527003588/2025_H3N2,plate11-A/SouthAustralia/2527003588/2025_H3N2,1119,1.046,1
seqneut25to26_sera_1006_d0,A/SouthAustralia/2527003588/2025_H3N2,plate11-A/SouthAustralia/2527003588/2025_H3N2,2575,0.8776,0.8776
seqneut25to26_sera_1006_d0,A/SouthAustralia/2527003588/2025_H3N2,plate11-A/SouthAustralia/2527003588/2025_H3N2,5921,0.8559,0.8559
seqneut25to26_sera_1006_d0,A/SouthAustralia/2527003588/2025_H3N2,plate11-A/SouthAustralia/2527003588/2025_H3N2,1.362e+04,1.217,1
seqneut25to26_sera_1006_d0,A/SouthAustralia/2527213276/2025_H3N2,plate11-A/SouthAustralia/2527213276/2025_H3N2,40,5.521e-05,5.521e-05
seqneut25to26_sera_1006_d0,A/SouthAustralia/2527213276/2025_H3N2,plate11-A/SouthAustralia/2527213276/2025_H3N2,92,0.01477,0.01477
seqneut25to26_sera_1006_d0,A/SouthAustralia/2527213276/2025_H3N2,plate11-A/SouthAustralia/2527213276/2025_H3N2,212,0.0931,0.0931
seqneut25to26_sera_1006_d0,A/SouthAustralia/2527213276/2025_H3N2,plate11-A/SouthAustralia/2527213276/2025_H3N2,487,0.3335,0.3335
seqneut25to26_sera_1006_d0,A/SouthAustralia/2527213276/2025_H3N2,plate11-A/SouthAustralia/2527213276/2025_H3N2,1119,0.6349,0.6349
seqneut25to26_sera_1006_d0,A/SouthAustralia/2527213276/2025_H3N2,plate11-A/SouthAustralia/2527213276/2025_H3N2,2575,0.7208,0.7208
seqneut25to26_sera_1006_d0,A/SouthAustralia/2527213276/2025_H3N2,plate11-A/SouthAustralia/2527213276/2025_H3N2,5921,0.9282,0.9282
seqneut25to26_sera_1006_d0,A/SouthAustralia/2527213276/2025_H3N2,plate11-A/SouthAustralia/2527213276/2025_H3N2,1.362e+04,0.694,0.694
seqneut25to26_sera_1006_d0,A/SouthAustralia/2527612456/2025_H1N1,plate11-A/SouthAustralia/2527612456/2025_H1N1,40,0,0
seqneut25to26_sera_1006_d0,A/SouthAustralia/2527612456/2025_H1N1,plate11-A/SouthAustralia/2527612456/2025_H1N1,92,2.289e-05,2.289e-05
seqneut25to26_sera_1006_d0,A/SouthAustralia/2527612456/2025_H1N1,plate11-A/SouthAustralia/2527612456/2025_H1N1,212,0.005812,0.005812
seqneut25to26_sera_1006_d0,A/SouthAustralia/2527612456/2025_H1N1,plate11-A/SouthAustralia/2527612456/2025_H1N1,487,0.06361,0.06361
seqneut25to26_sera_1006_d0,A/SouthAustralia/2527612456/2025_H1N1,plate11-A/SouthAustralia/2527612456/2025_H1N1,1119,0.6957,0.6957
seqneut25to26_sera_1006_d0,A/SouthAustralia/2527612456/2025_H1N1,plate11-A/SouthAustralia/2527612456/2025_H1N1,2575,0.7681,0.7681
seqneut25to26_sera_1006_d0,A/SouthAustralia/2527612456/2025_H1N1,plate11-A/SouthAustralia/2527612456/2025_H1N1,5921,1.082,1
seqneut25to26_sera_1006_d0,A/SouthAustralia/2527612456/2025_H1N1,plate11-A/SouthAustralia/2527612456/2025_H1N1,1.362e+04,0.9734,0.9734
seqneut25to26_sera_1006_d0,A/SouthAustralia/2527902708/2025_H3N2,plate11-A/SouthAustralia/2527902708/2025_H3N2,40,0.0004718,0.0004718
seqneut25to26_sera_1006_d0,A/SouthAustralia/2527902708/2025_H3N2,plate11-A/SouthAustralia/2527902708/2025_H3N2,92,0.0954,0.0954
seqneut25to26_sera_1006_d0,A/SouthAustralia/2527902708/2025_H3N2,plate11-A/SouthAustralia/2527902708/2025_H3N2,212,0.3788,0.3788
seqneut25to26_sera_1006_d0,A/SouthAustralia/2527902708/2025_H3N2,plate11-A/SouthAustralia/2527902708/2025_H3N2,487,0.6849,0.6849
seqneut25to26_sera_1006_d0,A/SouthAustralia/2527902708/2025_H3N2,plate11-A/SouthAustralia/2527902708/2025_H3N2,1119,1.228,1
seqneut25to26_sera_1006_d0,A/SouthAustralia/2527902708/2025_H3N2,plate11-A/SouthAustralia/2527902708/2025_H3N2,2575,0.9496,0.9496
seqneut25to26_sera_1006_d0,A/SouthAustralia/2527902708/2025_H3N2,plate11-A/SouthAustralia/2527902708/2025_H3N2,5921,1.24,1
seqneut25to26_sera_1006_d0,A/SouthAustralia/2527902708/2025_H3N2,plate11-A/SouthAustralia/2527902708/2025_H3N2,1.362e+04,1.099,1
seqneut25to26_sera_1006_d0,A/Sydney/1359/2024_H3N2,plate11-A/Sydney/1359/2024_H3N2,40,0,0
seqneut25to26_sera_1006_d0,A/Sydney/1359/2024_H3N2,plate11-A/Sydney/1359/2024_H3N2,92,6.277e-06,6.277e-06
seqneut25to26_sera_1006_d0,A/Sydney/1359/2024_H3N2,plate11-A/Sydney/1359/2024_H3N2,212,0.03734,0.03734
seqneut25to26_sera_1006_d0,A/Sydney/1359/2024_H3N2,plate11-A/Sydney/1359/2024_H3N2,487,0.1388,0.1388
seqneut25to26_sera_1006_d0,A/Sydney/1359/2024_H3N2,plate11-A/Sydney/1359/2024_H3N2,1119,0.5722,0.5722
seqneut25to26_sera_1006_d0,A/Sydney/1359/2024_H3N2,plate11-A/Sydney/1359/2024_H3N2,2575,0.7184,0.7184
seqneut25to26_sera_1006_d0,A/Sydney/1359/2024_H3N2,plate11-A/Sydney/1359/2024_H3N2,5921,1.038,1
seqneut25to26_sera_1006_d0,A/Sydney/1359/2024_H3N2,plate11-A/Sydney/1359/2024_H3N2,1.362e+04,0.9601,0.9601
seqneut25to26_sera_1006_d0,A/Sydney/400/2025_H1N1,plate11-A/Sydney/400/2025_H1N1,40,0.0004609,0.0004609
seqneut25to26_sera_1006_d0,A/Sydney/400/2025_H1N1,plate11-A/Sydney/400/2025_H1N1,92,0.0005803,0.0005803
seqneut25to26_sera_1006_d0,A/Sydney/400/2025_H1N1,plate11-A/Sydney/400/2025_H1N1,212,0.00591,0.00591
seqneut25to26_sera_1006_d0,A/Sydney/400/2025_H1N1,plate11-A/Sydney/400/2025_H1N1,487,0.1309,0.1309
seqneut25to26_sera_1006_d0,A/Sydney/400/2025_H1N1,plate11-A/Sydney/400/2025_H1N1,1119,0.5926,0.5926
seqneut25to26_sera_1006_d0,A/Sydney/400/2025_H1N1,plate11-A/Sydney/400/2025_H1N1,2575,0.6962,0.6962
seqneut25to26_sera_1006_d0,A/Sydney/400/2025_H1N1,plate11-A/Sydney/400/2025_H1N1,5921,0.8687,0.8687
seqneut25to26_sera_1006_d0,A/Sydney/400/2025_H1N1,plate11-A/Sydney/400/2025_H1N1,1.362e+04,1.135,1
seqneut25to26_sera_1006_d0,A/Tasmania/2521815682/2025_H3N2,plate11-A/Tasmania/2521815682/2025_H3N2,40,0.001239,0.001239
seqneut25to26_sera_1006_d0,A/Tasmania/2521815682/2025_H3N2,plate11-A/Tasmania/2521815682/2025_H3N2,92,0.01891,0.01891
seqneut25to26_sera_1006_d0,A/Tasmania/2521815682/2025_H3N2,plate11-A/Tasmania/2521815682/2025_H3N2,212,0.1033,0.1033
seqneut25to26_sera_1006_d0,A/Tasmania/2521815682/2025_H3N2,plate11-A/Tasmania/2521815682/2025_H3N2,487,0.3095,0.3095
seqneut25to26_sera_1006_d0,A/Tasmania/2521815682/2025_H3N2,plate11-A/Tasmania/2521815682/2025_H3N2,1119,0.7554,0.7554
seqneut25to26_sera_1006_d0,A/Tasmania/2521815682/2025_H3N2,plate11-A/Tasmania/2521815682/2025_H3N2,2575,0.8631,0.8631
seqneut25to26_sera_1006_d0,A/Tasmania/2521815682/2025_H3N2,plate11-A/Tasmania/2521815682/2025_H3N2,5921,0.9269,0.9269
seqneut25to26_sera_1006_d0,A/Tasmania/2521815682/2025_H3N2,plate11-A/Tasmania/2521815682/2025_H3N2,1.362e+04,0.9634,0.9634
seqneut25to26_sera_1006_d0,A/Thailand/8/2022_H3N2,plate11-A/Thailand/8/2022_H3N2,40,0.00256,0.00256
seqneut25to26_sera_1006_d0,A/Thailand/8/2022_H3N2,plate11-A/Thailand/8/2022_H3N2,92,0.002219,0.002219
seqneut25to26_sera_1006_d0,A/Thailand/8/2022_H3N2,plate11-A/Thailand/8/2022_H3N2,212,0.00922,0.00922
seqneut25to26_sera_1006_d0,A/Thailand/8/2022_H3N2,plate11-A/Thailand/8/2022_H3N2,487,0.03876,0.03876
seqneut25to26_sera_1006_d0,A/Thailand/8/2022_H3N2,plate11-A/Thailand/8/2022_H3N2,1119,0.1182,0.1182
seqneut25to26_sera_1006_d0,A/Thailand/8/2022_H3N2,plate11-A/Thailand/8/2022_H3N2,2575,0.1522,0.1522
seqneut25to26_sera_1006_d0,A/Thailand/8/2022_H3N2,plate11-A/Thailand/8/2022_H3N2,5921,0.3006,0.3006
seqneut25to26_sera_1006_d0,A/Thailand/8/2022_H3N2,plate11-A/Thailand/8/2022_H3N2,1.362e+04,0.6245,0.6245
seqneut25to26_sera_1006_d0,A/Vermont/73/2025_H3N2,plate11-A/Vermont/73/2025_H3N2,40,0,0
seqneut25to26_sera_1006_d0,A/Vermont/73/2025_H3N2,plate11-A/Vermont/73/2025_H3N2,92,0.06907,0.06907
seqneut25to26_sera_1006_d0,A/Vermont/73/2025_H3N2,plate11-A/Vermont/73/2025_H3N2,212,0.04423,0.04423
seqneut25to26_sera_1006_d0,A/Vermont/73/2025_H3N2,plate11-A/Vermont/73/2025_H3N2,487,0.4079,0.4079
seqneut25to26_sera_1006_d0,A/Vermont/73/2025_H3N2,plate11-A/Vermont/73/2025_H3N2,1119,0.6793,0.6793
seqneut25to26_sera_1006_d0,A/Vermont/73/2025_H3N2,plate11-A/Vermont/73/2025_H3N2,2575,0.6942,0.6942
seqneut25to26_sera_1006_d0,A/Vermont/73/2025_H3N2,plate11-A/Vermont/73/2025_H3N2,5921,1.118,1
seqneut25to26_sera_1006_d0,A/Vermont/73/2025_H3N2,plate11-A/Vermont/73/2025_H3N2,1.362e+04,0.9207,0.9207
seqneut25to26_sera_1006_d0,A/Victoria/4897/2022_IVR-238_H1N1,plate11-A/Victoria/4897/2022_IVR-238_H1N1,40,0,0
seqneut25to26_sera_1006_d0,A/Victoria/4897/2022_IVR-238_H1N1,plate11-A/Victoria/4897/2022_IVR-238_H1N1,92,0,0
seqneut25to26_sera_1006_d0,A/Victoria/4897/2022_IVR-238_H1N1,plate11-A/Victoria/4897/2022_IVR-238_H1N1,212,0,0
seqneut25to26_sera_1006_d0,A/Victoria/4897/2022_IVR-238_H1N1,plate11-A/Victoria/4897/2022_IVR-238_H1N1,487,0.0001489,0.0001489
seqneut25to26_sera_1006_d0,A/Victoria/4897/2022_IVR-238_H1N1,plate11-A/Victoria/4897/2022_IVR-238_H1N1,1119,0.007084,0.007084
seqneut25to26_sera_1006_d0,A/Victoria/4897/2022_IVR-238_H1N1,plate11-A/Victoria/4897/2022_IVR-238_H1N1,2575,0.02764,0.02764
seqneut25to26_sera_1006_d0,A/Victoria/4897/2022_IVR-238_H1N1,plate11-A/Victoria/4897/2022_IVR-238_H1N1,5921,0.4103,0.4103
seqneut25to26_sera_1006_d0,A/Victoria/4897/2022_IVR-238_H1N1,plate11-A/Victoria/4897/2022_IVR-238_H1N1,1.362e+04,0.8608,0.8608
seqneut25to26_sera_1006_d0,A/Wisconsin/588/2019_H1N1,plate11-A/Wisconsin/588/2019_H1N1,40,2.616e-05,2.616e-05
seqneut25to26_sera_1006_d0,A/Wisconsin/588/2019_H1N1,plate11-A/Wisconsin/588/2019_H1N1,92,0.0001593,0.0001593
seqneut25to26_sera_1006_d0,A/Wisconsin/588/2019_H1N1,plate11-A/Wisconsin/588/2019_H1N1,212,0.0001569,0.0001569
seqneut25to26_sera_1006_d0,A/Wisconsin/588/2019_H1N1,plate11-A/Wisconsin/588/2019_H1N1,487,0.001445,0.001445
seqneut25to26_sera_1006_d0,A/Wisconsin/588/2019_H1N1,plate11-A/Wisconsin/588/2019_H1N1,1119,0.1428,0.1428
seqneut25to26_sera_1006_d0,A/Wisconsin/588/2019_H1N1,plate11-A/Wisconsin/588/2019_H1N1,2575,0.4834,0.4834
seqneut25to26_sera_1006_d0,A/Wisconsin/588/2019_H1N1,plate11-A/Wisconsin/588/2019_H1N1,5921,0.888,0.888
seqneut25to26_sera_1006_d0,A/Wisconsin/588/2019_H1N1,plate11-A/Wisconsin/588/2019_H1N1,1.362e+04,0.8932,0.8932
seqneut25to26_sera_1006_d0,A/Wisconsin/67/2022_H1N1,plate11-A/Wisconsin/67/2022_H1N1,40,6.116e-05,6.116e-05
seqneut25to26_sera_1006_d0,A/Wisconsin/67/2022_H1N1,plate11-A/Wisconsin/67/2022_H1N1,92,0.0001699,0.0001699
seqneut25to26_sera_1006_d0,A/Wisconsin/67/2022_H1N1,plate11-A/Wisconsin/67/2022_H1N1,212,0.0005861,0.0005861
seqneut25to26_sera_1006_d0,A/Wisconsin/67/2022_H1N1,plate11-A/Wisconsin/67/2022_H1N1,487,0.03263,0.03263
seqneut25to26_sera_1006_d0,A/Wisconsin/67/2022_H1N1,plate11-A/Wisconsin/67/2022_H1N1,1119,0.4574,0.4574
seqneut25to26_sera_1006_d0,A/Wisconsin/67/2022_H1N1,plate11-A/Wisconsin/67/2022_H1N1,2575,0.7254,0.7254
seqneut25to26_sera_1006_d0,A/Wisconsin/67/2022_H1N1,plate11-A/Wisconsin/67/2022_H1N1,5921,0.9593,0.9593
seqneut25to26_sera_1006_d0,A/Wisconsin/67/2022_H1N1,plate11-A/Wisconsin/67/2022_H1N1,1.362e+04,1.012,1
seqneut25to26_sera_1006_d0,A/Zacapa/FLU-261/2025_H1N1,plate11-A/Zacapa/FLU-261/2025_H1N1,40,4.892e-05,4.892e-05
seqneut25to26_sera_1006_d0,A/Zacapa/FLU-261/2025_H1N1,plate11-A/Zacapa/FLU-261/2025_H1N1,92,0.000541,0.000541
seqneut25to26_sera_1006_d0,A/Zacapa/FLU-261/2025_H1N1,plate11-A/Zacapa/FLU-261/2025_H1N1,212,0.00412,0.00412
seqneut25to26_sera_1006_d0,A/Zacapa/FLU-261/2025_H1N1,plate11-A/Zacapa/FLU-261/2025_H1N1,487,0.04485,0.04485
seqneut25to26_sera_1006_d0,A/Zacapa/FLU-261/2025_H1N1,plate11-A/Zacapa/FLU-261/2025_H1N1,1119,0.5491,0.5491
seqneut25to26_sera_1006_d0,A/Zacapa/FLU-261/2025_H1N1,plate11-A/Zacapa/FLU-261/2025_H1N1,2575,0.6929,0.6929
seqneut25to26_sera_1006_d0,A/Zacapa/FLU-261/2025_H1N1,plate11-A/Zacapa/FLU-261/2025_H1N1,5921,1.086,1
seqneut25to26_sera_1006_d0,A/Zacapa/FLU-261/2025_H1N1,plate11-A/Zacapa/FLU-261/2025_H1N1,1.362e+04,1.095,1
seqneut25to26_sera_1006_d28,A/Alagoas/4130/2025_H3N2,plate11-A/Alagoas/4130/2025_H3N2,40,6.416e-05,6.416e-05
seqneut25to26_sera_1006_d28,A/Alagoas/4130/2025_H3N2,plate11-A/Alagoas/4130/2025_H3N2,92,0.0001807,0.0001807
seqneut25to26_sera_1006_d28,A/Alagoas/4130/2025_H3N2,plate11-A/Alagoas/4130/2025_H3N2,212,0.0002088,0.0002088
seqneut25to26_sera_1006_d28,A/Alagoas/4130/2025_H3N2,plate11-A/Alagoas/4130/2025_H3N2,487,0.01641,0.01641
seqneut25to26_sera_1006_d28,A/Alagoas/4130/2025_H3N2,plate11-A/Alagoas/4130/2025_H3N2,1119,0.1525,0.1525
seqneut25to26_sera_1006_d28,A/Alagoas/4130/2025_H3N2,plate11-A/Alagoas/4130/2025_H3N2,2575,0.292,0.292
seqneut25to26_sera_1006_d28,A/Alagoas/4130/2025_H3N2,plate11-A/Alagoas/4130/2025_H3N2,5921,0.9252,0.9252
seqneut25to26_sera_1006_d28,A/Alagoas/4130/2025_H3N2,plate11-A/Alagoas/4130/2025_H3N2,1.362e+04,0.7098,0.7098
seqneut25to26_sera_1006_d28,A/Anapolis/LEIAL6543/2025_H3N2,plate11-A/Anapolis/LEIAL6543/2025_H3N2,40,0,0
seqneut25to26_sera_1006_d28,A/Anapolis/LEIAL6543/2025_H3N2,plate11-A/Anapolis/LEIAL6543/2025_H3N2,92,0,0
seqneut25to26_sera_1006_d28,A/Anapolis/LEIAL6543/2025_H3N2,plate11-A/Anapolis/LEIAL6543/2025_H3N2,212,0,0
seqneut25to26_sera_1006_d28,A/Anapolis/LEIAL6543/2025_H3N2,plate11-A/Anapolis/LEIAL6543/2025_H3N2,487,0.001645,0.001645
seqneut25to26_sera_1006_d28,A/Anapolis/LEIAL6543/2025_H3N2,plate11-A/Anapolis/LEIAL6543/2025_H3N2,1119,0.08439,0.08439
seqneut25to26_sera_1006_d28,A/Anapolis/LEIAL6543/2025_H3N2,plate11-A/Anapolis/LEIAL6543/2025_H3N2,2575,0.2458,0.2458
seqneut25to26_sera_1006_d28,A/Anapolis/LEIAL6543/2025_H3N2,plate11-A/Anapolis/LEIAL6543/2025_H3N2,5921,0.678,0.678
seqneut25to26_sera_1006_d28,A/Anapolis/LEIAL6543/2025_H3N2,plate11-A/Anapolis/LEIAL6543/2025_H3N2,1.362e+04,0.9362,0.9362
seqneut25to26_sera_1006_d28,A/Andalucia/PMC-00977/2025_H1N1,plate11-A/Andalucia/PMC-00977/2025_H1N1,40,4.133e-06,4.133e-06
seqneut25to26_sera_1006_d28,A/Andalucia/PMC-00977/2025_H1N1,plate11-A/Andalucia/PMC-00977/2025_H1N1,92,8.382e-05,8.382e-05
seqneut25to26_sera_1006_d28,A/Andalucia/PMC-00977/2025_H1N1,plate11-A/Andalucia/PMC-00977/2025_H1N1,212,0.00342,0.00342
seqneut25to26_sera_1006_d28,A/Andalucia/PMC-00977/2025_H1N1,plate11-A/Andalucia/PMC-00977/2025_H1N1,487,0.006911,0.006911
seqneut25to26_sera_1006_d28,A/Andalucia/PMC-00977/2025_H1N1,plate11-A/Andalucia/PMC-00977/2025_H1N1,1119,0.2359,0.2359
seqneut25to26_sera_1006_d28,A/Andalucia/PMC-00977/2025_H1N1,plate11-A/Andalucia/PMC-00977/2025_H1N1,2575,0.6485,0.6485
seqneut25to26_sera_1006_d28,A/Andalucia/PMC-00977/2025_H1N1,plate11-A/Andalucia/PMC-00977/2025_H1N1,5921,1.15,1
seqneut25to26_sera_1006_d28,A/Andalucia/PMC-00977/2025_H1N1,plate11-A/Andalucia/PMC-00977/2025_H1N1,1.362e+04,0.9424,0.9424
seqneut25to26_sera_1006_d28,A/Aragon/2046/2025_H1N1,plate11-A/Aragon/2046/2025_H1N1,40,0.0002242,0.0002242
seqneut25to26_sera_1006_d28,A/Aragon/2046/2025_H1N1,plate11-A/Aragon/2046/2025_H1N1,92,9.299e-05,9.299e-05
seqneut25to26_sera_1006_d28,A/Aragon/2046/2025_H1N1,plate11-A/Aragon/2046/2025_H1N1,212,7.163e-05,7.163e-05
seqneut25to26_sera_1006_d28,A/Aragon/2046/2025_H1N1,plate11-A/Aragon/2046/2025_H1N1,487,0.002928,0.002928
seqneut25to26_sera_1006_d28,A/Aragon/2046/2025_H1N1,plate11-A/Aragon/2046/2025_H1N1,1119,0.1885,0.1885
seqneut25to26_sera_1006_d28,A/Aragon/2046/2025_H1N1,plate11-A/Aragon/2046/2025_H1N1,2575,0.6911,0.6911
seqneut25to26_sera_1006_d28,A/Aragon/2046/2025_H1N1,plate11-A/Aragon/2046/2025_H1N1,5921,1.023,1
seqneut25to26_sera_1006_d28,A/Aragon/2046/2025_H1N1,plate11-A/Aragon/2046/2025_H1N1,1.362e+04,1.052,1
seqneut25to26_sera_1006_d28,A/Arica/59150/2025_H3N2,plate11-A/Arica/59150/2025_H3N2,40,4.434e-05,4.434e-05
seqneut25to26_sera_1006_d28,A/Arica/59150/2025_H3N2,plate11-A/Arica/59150/2025_H3N2,92,0.0001874,0.0001874
seqneut25to26_sera_1006_d28,A/Arica/59150/2025_H3N2,plate11-A/Arica/59150/2025_H3N2,212,7.422e-05,7.422e-05
seqneut25to26_sera_1006_d28,A/Arica/59150/2025_H3N2,plate11-A/Arica/59150/2025_H3N2,487,0.002741,0.002741
seqneut25to26_sera_1006_d28,A/Arica/59150/2025_H3N2,plate11-A/Arica/59150/2025_H3N2,1119,0.06349,0.06349
seqneut25to26_sera_1006_d28,A/Arica/59150/2025_H3N2,plate11-A/Arica/59150/2025_H3N2,2575,0.2189,0.2189
seqneut25to26_sera_1006_d28,A/Arica/59150/2025_H3N2,plate11-A/Arica/59150/2025_H3N2,5921,0.5372,0.5372
seqneut25to26_sera_1006_d28,A/Arica/59150/2025_H3N2,plate11-A/Arica/59150/2025_H3N2,1.362e+04,0.9122,0.9122
seqneut25to26_sera_1006_d28,A/Bahia/3102/2025_H3N2,plate11-A/Bahia/3102/2025_H3N2,40,0.0001152,0.0001152
seqneut25to26_sera_1006_d28,A/Bahia/3102/2025_H3N2,plate11-A/Bahia/3102/2025_H3N2,92,0.0004717,0.0004717
seqneut25to26_sera_1006_d28,A/Bahia/3102/2025_H3N2,plate11-A/Bahia/3102/2025_H3N2,212,0.0001557,0.0001557
seqneut25to26_sera_1006_d28,A/Bahia/3102/2025_H3N2,plate11-A/Bahia/3102/2025_H3N2,487,0.001675,0.001675
seqneut25to26_sera_1006_d28,A/Bahia/3102/2025_H3N2,plate11-A/Bahia/3102/2025_H3N2,1119,0.05344,0.05344
seqneut25to26_sera_1006_d28,A/Bahia/3102/2025_H3N2,plate11-A/Bahia/3102/2025_H3N2,2575,0.1601,0.1601
seqneut25to26_sera_1006_d28,A/Bahia/3102/2025_H3N2,plate11-A/Bahia/3102/2025_H3N2,5921,0.4633,0.4633
seqneut25to26_sera_1006_d28,A/Bahia/3102/2025_H3N2,plate11-A/Bahia/3102/2025_H3N2,1.362e+04,0.6935,0.6935
seqneut25to26_sera_1006_d28,A/Bangkok/1803/2025_H1N1,plate11-A/Bangkok/1803/2025_H1N1,40,4.479e-06,4.479e-06
seqneut25to26_sera_1006_d28,A/Bangkok/1803/2025_H1N1,plate11-A/Bangkok/1803/2025_H1N1,92,0.003887,0.003887
seqneut25to26_sera_1006_d28,A/Bangkok/1803/2025_H1N1,plate11-A/Bangkok/1803/2025_H1N1,212,0.0804,0.0804
seqneut25to26_sera_1006_d28,A/Bangkok/1803/2025_H1N1,plate11-A/Bangkok/1803/2025_H1N1,487,0.4057,0.4057
seqneut25to26_sera_1006_d28,A/Bangkok/1803/2025_H1N1,plate11-A/Bangkok/1803/2025_H1N1,1119,0.8885,0.8885
seqneut25to26_sera_1006_d28,A/Bangkok/1803/2025_H1N1,plate11-A/Bangkok/1803/2025_H1N1,2575,0.8519,0.8519
seqneut25to26_sera_1006_d28,A/Bangkok/1803/2025_H1N1,plate11-A/Bangkok/1803/2025_H1N1,5921,1.099,1
seqneut25to26_sera_1006_d28,A/Bangkok/1803/2025_H1N1,plate11-A/Bangkok/1803/2025_H1N1,1.362e+04,1.239,1
seqneut25to26_sera_1006_d28,A/Bangkok/P2229/2025_H1N1,plate11-A/Bangkok/P2229/2025_H1N1,40,0.0001725,0.0001725
seqneut25to26_sera_1006_d28,A/Bangkok/P2229/2025_H1N1,plate11-A/Bangkok/P2229/2025_H1N1,92,0.0002915,0.0002915
seqneut25to26_sera_1006_d28,A/Bangkok/P2229/2025_H1N1,plate11-A/Bangkok/P2229/2025_H1N1,212,0.0003904,0.0003904
seqneut25to26_sera_1006_d28,A/Bangkok/P2229/2025_H1N1,plate11-A/Bangkok/P2229/2025_H1N1,487,0.005501,0.005501
seqneut25to26_sera_1006_d28,A/Bangkok/P2229/2025_H1N1,plate11-A/Bangkok/P2229/2025_H1N1,1119,0.2154,0.2154
seqneut25to26_sera_1006_d28,A/Bangkok/P2229/2025_H1N1,plate11-A/Bangkok/P2229/2025_H1N1,2575,0.6344,0.6344
seqneut25to26_sera_1006_d28,A/Bangkok/P2229/2025_H1N1,plate11-A/Bangkok/P2229/2025_H1N1,5921,1.028,1
seqneut25to26_sera_1006_d28,A/Bangkok/P2229/2025_H1N1,plate11-A/Bangkok/P2229/2025_H1N1,1.362e+04,0.9692,0.9692
seqneut25to26_sera_1006_d28,A/Bangkok/P2323/2025_H3N2,plate11-A/Bangkok/P2323/2025_H3N2,40,6.374e-05,6.374e-05
seqneut25to26_sera_1006_d28,A/Bangkok/P2323/2025_H3N2,plate11-A/Bangkok/P2323/2025_H3N2,92,8.079e-05,8.079e-05
seqneut25to26_sera_1006_d28,A/Bangkok/P2323/2025_H3N2,plate11-A/Bangkok/P2323/2025_H3N2,212,0.01756,0.01756
seqneut25to26_sera_1006_d28,A/Bangkok/P2323/2025_H3N2,plate11-A/Bangkok/P2323/2025_H3N2,487,0.113,0.113
seqneut25to26_sera_1006_d28,A/Bangkok/P2323/2025_H3N2,plate11-A/Bangkok/P2323/2025_H3N2,1119,0.5604,0.5604
seqneut25to26_sera_1006_d28,A/Bangkok/P2323/2025_H3N2,plate11-A/Bangkok/P2323/2025_H3N2,2575,0.6382,0.6382
seqneut25to26_sera_1006_d28,A/Bangkok/P2323/2025_H3N2,plate11-A/Bangkok/P2323/2025_H3N2,5921,1.122,1
seqneut25to26_sera_1006_d28,A/Bangkok/P2323/2025_H3N2,plate11-A/Bangkok/P2323/2025_H3N2,1.362e+04,0.9085,0.9085
seqneut25to26_sera_1006_d28,A/Bangkok/P2390/2025_H3N2,plate11-A/Bangkok/P2390/2025_H3N2,40,0,0
seqneut25to26_sera_1006_d28,A/Bangkok/P2390/2025_H3N2,plate11-A/Bangkok/P2390/2025_H3N2,92,5.451e-05,5.451e-05
seqneut25to26_sera_1006_d28,A/Bangkok/P2390/2025_H3N2,plate11-A/Bangkok/P2390/2025_H3N2,212,0.05888,0.05888
seqneut25to26_sera_1006_d28,A/Bangkok/P2390/2025_H3N2,plate11-A/Bangkok/P2390/2025_H3N2,487,0.1823,0.1823
seqneut25to26_sera_1006_d28,A/Bangkok/P2390/2025_H3N2,plate11-A/Bangkok/P2390/2025_H3N2,1119,0.5214,0.5214
seqneut25to26_sera_1006_d28,A/Bangkok/P2390/2025_H3N2,plate11-A/Bangkok/P2390/2025_H3N2,2575,0.7167,0.7167
seqneut25to26_sera_1006_d28,A/Bangkok/P2390/2025_H3N2,plate11-A/Bangkok/P2390/2025_H3N2,5921,0.8236,0.8236
seqneut25to26_sera_1006_d28,A/Bangkok/P2390/2025_H3N2,plate11-A/Bangkok/P2390/2025_H3N2,1.362e+04,1.031,1
seqneut25to26_sera_1006_d28,A/Bangkok/P2391/2025_H3N2,plate11-A/Bangkok/P2391/2025_H3N2,40,0,0
seqneut25to26_sera_1006_d28,A/Bangkok/P2391/2025_H3N2,plate11-A/Bangkok/P2391/2025_H3N2,92,0,0
seqneut25to26_sera_1006_d28,A/Bangkok/P2391/2025_H3N2,plate11-A/Bangkok/P2391/2025_H3N2,212,0.0118,0.0118
seqneut25to26_sera_1006_d28,A/Bangkok/P2391/2025_H3N2,plate11-A/Bangkok/P2391/2025_H3N2,487,0.098,0.098
seqneut25to26_sera_1006_d28,A/Bangkok/P2391/2025_H3N2,plate11-A/Bangkok/P2391/2025_H3N2,1119,0.3447,0.3447
seqneut25to26_sera_1006_d28,A/Bangkok/P2391/2025_H3N2,plate11-A/Bangkok/P2391/2025_H3N2,2575,0.4953,0.4953
seqneut25to26_sera_1006_d28,A/Bangkok/P2391/2025_H3N2,plate11-A/Bangkok/P2391/2025_H3N2,5921,0.7879,0.7879
seqneut25to26_sera_1006_d28,A/Bangkok/P2391/2025_H3N2,plate11-A/Bangkok/P2391/2025_H3N2,1.362e+04,0.9952,0.9952
seqneut25to26_sera_1006_d28,A/Bangkok/P2572/2025_H3N2,plate11-A/Bangkok/P2572/2025_H3N2,40,6.17e-05,6.17e-05
seqneut25to26_sera_1006_d28,A/Bangkok/P2572/2025_H3N2,plate11-A/Bangkok/P2572/2025_H3N2,92,0.01097,0.01097
seqneut25to26_sera_1006_d28,A/Bangkok/P2572/2025_H3N2,plate11-A/Bangkok/P2572/2025_H3N2,212,0.05527,0.05527
seqneut25to26_sera_1006_d28,A/Bangkok/P2572/2025_H3N2,plate11-A/Bangkok/P2572/2025_H3N2,487,0.1571,0.1571
seqneut25to26_sera_1006_d28,A/Bangkok/P2572/2025_H3N2,plate11-A/Bangkok/P2572/2025_H3N2,1119,0.4896,0.4896
seqneut25to26_sera_1006_d28,A/Bangkok/P2572/2025_H3N2,plate11-A/Bangkok/P2572/2025_H3N2,2575,0.5996,0.5996
seqneut25to26_sera_1006_d28,A/Bangkok/P2572/2025_H3N2,plate11-A/Bangkok/P2572/2025_H3N2,5921,0.9992,0.9992
seqneut25to26_sera_1006_d28,A/Bangkok/P2572/2025_H3N2,plate11-A/Bangkok/P2572/2025_H3N2,1.362e+04,1.013,1
seqneut25to26_sera_1006_d28,A/Bangkok/P2921/2025_H3N2,plate11-A/Bangkok/P2921/2025_H3N2,40,4.172e-06,4.172e-06
seqneut25to26_sera_1006_d28,A/Bangkok/P2921/2025_H3N2,plate11-A/Bangkok/P2921/2025_H3N2,92,5.289e-05,5.289e-05
seqneut25to26_sera_1006_d28,A/Bangkok/P2921/2025_H3N2,plate11-A/Bangkok/P2921/2025_H3N2,212,0.002237,0.002237
seqneut25to26_sera_1006_d28,A/Bangkok/P2921/2025_H3N2,plate11-A/Bangkok/P2921/2025_H3N2,487,0.09283,0.09283
seqneut25to26_sera_1006_d28,A/Bangkok/P2921/2025_H3N2,plate11-A/Bangkok/P2921/2025_H3N2,1119,0.3473,0.3473
seqneut25to26_sera_1006_d28,A/Bangkok/P2921/2025_H3N2,plate11-A/Bangkok/P2921/2025_H3N2,2575,0.6363,0.6363
seqneut25to26_sera_1006_d28,A/Bangkok/P2921/2025_H3N2,plate11-A/Bangkok/P2921/2025_H3N2,5921,1.132,1
seqneut25to26_sera_1006_d28,A/Bangkok/P2921/2025_H3N2,plate11-A/Bangkok/P2921/2025_H3N2,1.362e+04,0.9823,0.9823
seqneut25to26_sera_1006_d28,A/Bangkok/P3067/2025_H1N1,plate11-A/Bangkok/P3067/2025_H1N1,40,0.0001327,0.0001327
seqneut25to26_sera_1006_d28,A/Bangkok/P3067/2025_H1N1,plate11-A/Bangkok/P3067/2025_H1N1,92,0.000463,0.000463
seqneut25to26_sera_1006_d28,A/Bangkok/P3067/2025_H1N1,plate11-A/Bangkok/P3067/2025_H1N1,212,0.0003294,0.0003294
seqneut25to26_sera_1006_d28,A/Bangkok/P3067/2025_H1N1,plate11-A/Bangkok/P3067/2025_H1N1,487,0.004168,0.004168
seqneut25to26_sera_1006_d28,A/Bangkok/P3067/2025_H1N1,plate11-A/Bangkok/P3067/2025_H1N1,1119,0.1374,0.1374
seqneut25to26_sera_1006_d28,A/Bangkok/P3067/2025_H1N1,plate11-A/Bangkok/P3067/2025_H1N1,2575,0.6506,0.6506
seqneut25to26_sera_1006_d28,A/Bangkok/P3067/2025_H1N1,plate11-A/Bangkok/P3067/2025_H1N1,5921,0.828,0.828
seqneut25to26_sera_1006_d28,A/Bangkok/P3067/2025_H1N1,plate11-A/Bangkok/P3067/2025_H1N1,1.362e+04,1.082,1
seqneut25to26_sera_1006_d28,A/Bangkok/P3263/2025_H3N2,plate11-A/Bangkok/P3263/2025_H3N2,40,0,0
seqneut25to26_sera_1006_d28,A/Bangkok/P3263/2025_H3N2,plate11-A/Bangkok/P3263/2025_H3N2,92,0,0
seqneut25to26_sera_1006_d28,A/Bangkok/P3263/2025_H3N2,plate11-A/Bangkok/P3263/2025_H3N2,212,0.06384,0.06384
seqneut25to26_sera_1006_d28,A/Bangkok/P3263/2025_H3N2,plate11-A/Bangkok/P3263/2025_H3N2,487,0.1189,0.1189
seqneut25to26_sera_1006_d28,A/Bangkok/P3263/2025_H3N2,plate11-A/Bangkok/P3263/2025_H3N2,1119,0.4641,0.4641
seqneut25to26_sera_1006_d28,A/Bangkok/P3263/2025_H3N2,plate11-A/Bangkok/P3263/2025_H3N2,2575,0.7172,0.7172
seqneut25to26_sera_1006_d28,A/Bangkok/P3263/2025_H3N2,plate11-A/Bangkok/P3263/2025_H3N2,5921,0.9547,0.9547
seqneut25to26_sera_1006_d28,A/Bangkok/P3263/2025_H3N2,plate11-A/Bangkok/P3263/2025_H3N2,1.362e+04,0.972,0.972
seqneut25to26_sera_1006_d28,A/Belgium/H0097/2025_H3N2,plate11-A/Belgium/H0097/2025_H3N2,40,0,0
seqneut25to26_sera_1006_d28,A/Belgium/H0097/2025_H3N2,plate11-A/Belgium/H0097/2025_H3N2,92,7.903e-05,7.903e-05
seqneut25to26_sera_1006_d28,A/Belgium/H0097/2025_H3N2,plate11-A/Belgium/H0097/2025_H3N2,212,0.07632,0.07632
seqneut25to26_sera_1006_d28,A/Belgium/H0097/2025_H3N2,plate11-A/Belgium/H0097/2025_H3N2,487,0.2003,0.2003
seqneut25to26_sera_1006_d28,A/Belgium/H0097/2025_H3N2,plate11-A/Belgium/H0097/2025_H3N2,1119,0.4321,0.4321
seqneut25to26_sera_1006_d28,A/Belgium/H0097/2025_H3N2,plate11-A/Belgium/H0097/2025_H3N2,2575,0.7148,0.7148
seqneut25to26_sera_1006_d28,A/Belgium/H0097/2025_H3N2,plate11-A/Belgium/H0097/2025_H3N2,5921,0.9714,0.9714
seqneut25to26_sera_1006_d28,A/Belgium/H0097/2025_H3N2,plate11-A/Belgium/H0097/2025_H3N2,1.362e+04,0.8523,0.8523
seqneut25to26_sera_1006_d28,A/Bhutan/1267/2025_H3N2,plate11-A/Bhutan/1267/2025_H3N2,40,4.68e-06,4.68e-06
seqneut25to26_sera_1006_d28,A/Bhutan/1267/2025_H3N2,plate11-A/Bhutan/1267/2025_H3N2,92,8.7e-05,8.7e-05
seqneut25to26_sera_1006_d28,A/Bhutan/1267/2025_H3N2,plate11-A/Bhutan/1267/2025_H3N2,212,0.005936,0.005936
seqneut25to26_sera_1006_d28,A/Bhutan/1267/2025_H3N2,plate11-A/Bhutan/1267/2025_H3N2,487,0.04899,0.04899
seqneut25to26_sera_1006_d28,A/Bhutan/1267/2025_H3N2,plate11-A/Bhutan/1267/2025_H3N2,1119,0.1694,0.1694
seqneut25to26_sera_1006_d28,A/Bhutan/1267/2025_H3N2,plate11-A/Bhutan/1267/2025_H3N2,2575,0.4917,0.4917
seqneut25to26_sera_1006_d28,A/Bhutan/1267/2025_H3N2,plate11-A/Bhutan/1267/2025_H3N2,5921,1.091,1
seqneut25to26_sera_1006_d28,A/Bhutan/1267/2025_H3N2,plate11-A/Bhutan/1267/2025_H3N2,1.362e+04,0.6654,0.6654
seqneut25to26_sera_1006_d28,A/Bhutan/7/2025_H3N2,plate11-A/Bhutan/7/2025_H3N2,40,0,0
seqneut25to26_sera_1006_d28,A/Bhutan/7/2025_H3N2,plate11-A/Bhutan/7/2025_H3N2,92,0,0
seqneut25to26_sera_1006_d28,A/Bhutan/7/2025_H3N2,plate11-A/Bhutan/7/2025_H3N2,212,0.00121,0.00121
seqneut25to26_sera_1006_d28,A/Bhutan/7/2025_H3N2,plate11-A/Bhutan/7/2025_H3N2,487,0.09968,0.09968
seqneut25to26_sera_1006_d28,A/Bhutan/7/2025_H3N2,plate11-A/Bhutan/7/2025_H3N2,1119,0.08259,0.08259
seqneut25to26_sera_1006_d28,A/Bhutan/7/2025_H3N2,plate11-A/Bhutan/7/2025_H3N2,2575,0.3238,0.3238
seqneut25to26_sera_1006_d28,A/Bhutan/7/2025_H3N2,plate11-A/Bhutan/7/2025_H3N2,5921,0.9391,0.9391
seqneut25to26_sera_1006_d28,A/Bhutan/7/2025_H3N2,plate11-A/Bhutan/7/2025_H3N2,1.362e+04,1.002,1
seqneut25to26_sera_1006_d28,A/BritishColumbia/PHL-2473/2025_H1N1,plate11-A/BritishColumbia/PHL-2473/2025_H1N1,40,0.0001164,0.0001164
seqneut25to26_sera_1006_d28,A/BritishColumbia/PHL-2473/2025_H1N1,plate11-A/BritishColumbia/PHL-2473/2025_H1N1,92,7.869e-05,7.869e-05
seqneut25to26_sera_1006_d28,A/BritishColumbia/PHL-2473/2025_H1N1,plate11-A/BritishColumbia/PHL-2473/2025_H1N1,212,0.0001364,0.0001364
seqneut25to26_sera_1006_d28,A/BritishColumbia/PHL-2473/2025_H1N1,plate11-A/BritishColumbia/PHL-2473/2025_H1N1,487,0.005946,0.005946
seqneut25to26_sera_1006_d28,A/BritishColumbia/PHL-2473/2025_H1N1,plate11-A/BritishColumbia/PHL-2473/2025_H1N1,1119,0.2527,0.2527
seqneut25to26_sera_1006_d28,A/BritishColumbia/PHL-2473/2025_H1N1,plate11-A/BritishColumbia/PHL-2473/2025_H1N1,2575,0.5596,0.5596
seqneut25to26_sera_1006_d28,A/BritishColumbia/PHL-2473/2025_H1N1,plate11-A/BritishColumbia/PHL-2473/2025_H1N1,5921,0.8687,0.8687
seqneut25to26_sera_1006_d28,A/BritishColumbia/PHL-2473/2025_H1N1,plate11-A/BritishColumbia/PHL-2473/2025_H1N1,1.362e+04,0.9319,0.9319
seqneut25to26_sera_1006_d28,A/California/61/2025_H3N2,plate11-A/California/61/2025_H3N2,40,0,0
seqneut25to26_sera_1006_d28,A/California/61/2025_H3N2,plate11-A/California/61/2025_H3N2,92,0.00571,0.00571
seqneut25to26_sera_1006_d28,A/California/61/2025_H3N2,plate11-A/California/61/2025_H3N2,212,0.06313,0.06313
seqneut25to26_sera_1006_d28,A/California/61/2025_H3N2,plate11-A/California/61/2025_H3N2,487,0.1806,0.1806
seqneut25to26_sera_1006_d28,A/California/61/2025_H3N2,plate11-A/California/61/2025_H3N2,1119,0.5993,0.5993
seqneut25to26_sera_1006_d28,A/California/61/2025_H3N2,plate11-A/California/61/2025_H3N2,2575,0.6629,0.6629
seqneut25to26_sera_1006_d28,A/California/61/2025_H3N2,plate11-A/California/61/2025_H3N2,5921,1.212,1
seqneut25to26_sera_1006_d28,A/California/61/2025_H3N2,plate11-A/California/61/2025_H3N2,1.362e+04,0.8497,0.8497
seqneut25to26_sera_1006_d28,A/California/63/2025_H1N1,plate11-A/California/63/2025_H1N1,40,0.0002804,0.0002804
seqneut25to26_sera_1006_d28,A/California/63/2025_H1N1,plate11-A/California/63/2025_H1N1,92,0.0005409,0.0005409
seqneut25to26_sera_1006_d28,A/California/63/2025_H1N1,plate11-A/California/63/2025_H1N1,212,0.0004553,0.0004553
seqneut25to26_sera_1006_d28,A/California/63/2025_H1N1,plate11-A/California/63/2025_H1N1,487,0.004123,0.004123
seqneut25to26_sera_1006_d28,A/California/63/2025_H1N1,plate11-A/California/63/2025_H1N1,1119,0.1423,0.1423
seqneut25to26_sera_1006_d28,A/California/63/2025_H1N1,plate11-A/California/63/2025_H1N1,2575,0.5919,0.5919
seqneut25to26_sera_1006_d28,A/California/63/2025_H1N1,plate11-A/California/63/2025_H1N1,5921,0.7807,0.7807
seqneut25to26_sera_1006_d28,A/California/63/2025_H1N1,plate11-A/California/63/2025_H1N1,1.362e+04,0.8668,0.8668
seqneut25to26_sera_1006_d28,A/Canberra/465/2025_H1N1,plate11-A/Canberra/465/2025_H1N1,40,0.0003734,0.0003734
seqneut25to26_sera_1006_d28,A/Canberra/465/2025_H1N1,plate11-A/Canberra/465/2025_H1N1,92,0.0006642,0.0006642
seqneut25to26_sera_1006_d28,A/Canberra/465/2025_H1N1,plate11-A/Canberra/465/2025_H1N1,212,0.0007674,0.0007674
seqneut25to26_sera_1006_d28,A/Canberra/465/2025_H1N1,plate11-A/Canberra/465/2025_H1N1,487,0.01274,0.01274
seqneut25to26_sera_1006_d28,A/Canberra/465/2025_H1N1,plate11-A/Canberra/465/2025_H1N1,1119,0.2348,0.2348
seqneut25to26_sera_1006_d28,A/Canberra/465/2025_H1N1,plate11-A/Canberra/465/2025_H1N1,2575,0.4783,0.4783
seqneut25to26_sera_1006_d28,A/Canberra/465/2025_H1N1,plate11-A/Canberra/465/2025_H1N1,5921,0.8871,0.8871
seqneut25to26_sera_1006_d28,A/Canberra/465/2025_H1N1,plate11-A/Canberra/465/2025_H1N1,1.362e+04,1.081,1
seqneut25to26_sera_1006_d28,A/Canberra/530/2025_H1N1,plate11-A/Canberra/530/2025_H1N1,40,0.0003463,0.0003463
seqneut25to26_sera_1006_d28,A/Canberra/530/2025_H1N1,plate11-A/Canberra/530/2025_H1N1,92,0.0001011,0.0001011
seqneut25to26_sera_1006_d28,A/Canberra/530/2025_H1N1,plate11-A/Canberra/530/2025_H1N1,212,0.0004795,0.0004795
seqneut25to26_sera_1006_d28,A/Canberra/530/2025_H1N1,plate11-A/Canberra/530/2025_H1N1,487,0.01439,0.01439
seqneut25to26_sera_1006_d28,A/Canberra/530/2025_H1N1,plate11-A/Canberra/530/2025_H1N1,1119,0.1857,0.1857
seqneut25to26_sera_1006_d28,A/Canberra/530/2025_H1N1,plate11-A/Canberra/530/2025_H1N1,2575,0.4702,0.4702
seqneut25to26_sera_1006_d28,A/Canberra/530/2025_H1N1,plate11-A/Canberra/530/2025_H1N1,5921,0.8664,0.8664
seqneut25to26_sera_1006_d28,A/Canberra/530/2025_H1N1,plate11-A/Canberra/530/2025_H1N1,1.362e+04,0.8499,0.8499
seqneut25to26_sera_1006_d28,A/Catalonia/NSVH102689455/2025_H1N1,plate11-A/Catalonia/NSVH102689455/2025_H1N1,40,2.163e-05,2.163e-05
seqneut25to26_sera_1006_d28,A/Catalonia/NSVH102689455/2025_H1N1,plate11-A/Catalonia/NSVH102689455/2025_H1N1,92,0.0002741,0.0002741
seqneut25to26_sera_1006_d28,A/Catalonia/NSVH102689455/2025_H1N1,plate11-A/Catalonia/NSVH102689455/2025_H1N1,212,0.0002639,0.0002639
seqneut25to26_sera_1006_d28,A/Catalonia/NSVH102689455/2025_H1N1,plate11-A/Catalonia/NSVH102689455/2025_H1N1,487,0.00209,0.00209
seqneut25to26_sera_1006_d28,A/Catalonia/NSVH102689455/2025_H1N1,plate11-A/Catalonia/NSVH102689455/2025_H1N1,1119,0.1398,0.1398
seqneut25to26_sera_1006_d28,A/Catalonia/NSVH102689455/2025_H1N1,plate11-A/Catalonia/NSVH102689455/2025_H1N1,2575,0.4877,0.4877
seqneut25to26_sera_1006_d28,A/Catalonia/NSVH102689455/2025_H1N1,plate11-A/Catalonia/NSVH102689455/2025_H1N1,5921,1.028,1
seqneut25to26_sera_1006_d28,A/Catalonia/NSVH102689455/2025_H1N1,plate11-A/Catalonia/NSVH102689455/2025_H1N1,1.362e+04,0.9256,0.9256
seqneut25to26_sera_1006_d28,A/Colorado/105/2025_H1N1,plate11-A/Colorado/105/2025_H1N1,40,0,0
seqneut25to26_sera_1006_d28,A/Colorado/105/2025_H1N1,plate11-A/Colorado/105/2025_H1N1,92,0,0
seqneut25to26_sera_1006_d28,A/Colorado/105/2025_H1N1,plate11-A/Colorado/105/2025_H1N1,212,0.001752,0.001752
seqneut25to26_sera_1006_d28,A/Colorado/105/2025_H1N1,plate11-A/Colorado/105/2025_H1N1,487,0.007352,0.007352
seqneut25to26_sera_1006_d28,A/Colorado/105/2025_H1N1,plate11-A/Colorado/105/2025_H1N1,1119,0.2241,0.2241
seqneut25to26_sera_1006_d28,A/Colorado/105/2025_H1N1,plate11-A/Colorado/105/2025_H1N1,2575,0.6448,0.6448
seqneut25to26_sera_1006_d28,A/Colorado/105/2025_H1N1,plate11-A/Colorado/105/2025_H1N1,5921,0.9925,0.9925
seqneut25to26_sera_1006_d28,A/Colorado/105/2025_H1N1,plate11-A/Colorado/105/2025_H1N1,1.362e+04,0.9136,0.9136
seqneut25to26_sera_1006_d28,A/CoteDIvoire/2007/2025_H1N1,plate11-A/CoteDIvoire/2007/2025_H1N1,40,0.0003471,0.0003471
seqneut25to26_sera_1006_d28,A/CoteDIvoire/2007/2025_H1N1,plate11-A/CoteDIvoire/2007/2025_H1N1,92,0.000285,0.000285
seqneut25to26_sera_1006_d28,A/CoteDIvoire/2007/2025_H1N1,plate11-A/CoteDIvoire/2007/2025_H1N1,212,0.0004009,0.0004009
seqneut25to26_sera_1006_d28,A/CoteDIvoire/2007/2025_H1N1,plate11-A/CoteDIvoire/2007/2025_H1N1,487,0.007783,0.007783
seqneut25to26_sera_1006_d28,A/CoteDIvoire/2007/2025_H1N1,plate11-A/CoteDIvoire/2007/2025_H1N1,1119,0.1637,0.1637
seqneut25to26_sera_1006_d28,A/CoteDIvoire/2007/2025_H1N1,plate11-A/CoteDIvoire/2007/2025_H1N1,2575,0.494,0.494
seqneut25to26_sera_1006_d28,A/CoteDIvoire/2007/2025_H1N1,plate11-A/CoteDIvoire/2007/2025_H1N1,5921,0.9228,0.9228
seqneut25to26_sera_1006_d28,A/CoteDIvoire/2007/2025_H1N1,plate11-A/CoteDIvoire/2007/2025_H1N1,1.362e+04,0.912,0.912
seqneut25to26_sera_1006_d28,A/Croatia/10136RV/2023-egg_H3N2,plate11-A/Croatia/10136RV/2023-egg_H3N2,40,0.0003792,0.0003792
seqneut25to26_sera_1006_d28,A/Croatia/10136RV/2023-egg_H3N2,plate11-A/Croatia/10136RV/2023-egg_H3N2,92,0.05819,0.05819
seqneut25to26_sera_1006_d28,A/Croatia/10136RV/2023-egg_H3N2,plate11-A/Croatia/10136RV/2023-egg_H3N2,212,0.001764,0.001764
seqneut25to26_sera_1006_d28,A/Croatia/10136RV/2023-egg_H3N2,plate11-A/Croatia/10136RV/2023-egg_H3N2,487,0.05322,0.05322
seqneut25to26_sera_1006_d28,A/Croatia/10136RV/2023-egg_H3N2,plate11-A/Croatia/10136RV/2023-egg_H3N2,1119,0.2242,0.2242
seqneut25to26_sera_1006_d28,A/Croatia/10136RV/2023-egg_H3N2,plate11-A/Croatia/10136RV/2023-egg_H3N2,2575,0.1049,0.1049
seqneut25to26_sera_1006_d28,A/Croatia/10136RV/2023-egg_H3N2,plate11-A/Croatia/10136RV/2023-egg_H3N2,5921,0.1986,0.1986
seqneut25to26_sera_1006_d28,A/Croatia/10136RV/2023-egg_H3N2,plate11-A/Croatia/10136RV/2023-egg_H3N2,1.362e+04,0.4646,0.4646
seqneut25to26_sera_1006_d28,A/Darwin/1405/2025_H1N1,plate11-A/Darwin/1405/2025_H1N1,40,0.000575,0.000575
seqneut25to26_sera_1006_d28,A/Darwin/1405/2025_H1N1,plate11-A/Darwin/1405/2025_H1N1,92,0.0002603,0.0002603
seqneut25to26_sera_1006_d28,A/Darwin/1405/2025_H1N1,plate11-A/Darwin/1405/2025_H1N1,212,0.0001805,0.0001805
seqneut25to26_sera_1006_d28,A/Darwin/1405/2025_H1N1,plate11-A/Darwin/1405/2025_H1N1,487,0.01861,0.01861
seqneut25to26_sera_1006_d28,A/Darwin/1405/2025_H1N1,plate11-A/Darwin/1405/2025_H1N1,1119,0.1052,0.1052
seqneut25to26_sera_1006_d28,A/Darwin/1405/2025_H1N1,plate11-A/Darwin/1405/2025_H1N1,2575,0.4878,0.4878
seqneut25to26_sera_1006_d28,A/Darwin/1405/2025_H1N1,plate11-A/Darwin/1405/2025_H1N1,5921,0.9839,0.9839
seqneut25to26_sera_1006_d28,A/Darwin/1405/2025_H1N1,plate11-A/Darwin/1405/2025_H1N1,1.362e+04,0.9296,0.9296
seqneut25to26_sera_1006_d28,A/Darwin/1461/2025_H3N2,plate11-A/Darwin/1461/2025_H3N2,40,0,0
seqneut25to26_sera_1006_d28,A/Darwin/1461/2025_H3N2,plate11-A/Darwin/1461/2025_H3N2,92,0,0
seqneut25to26_sera_1006_d28,A/Darwin/1461/2025_H3N2,plate11-A/Darwin/1461/2025_H3N2,212,0.0003541,0.0003541
seqneut25to26_sera_1006_d28,A/Darwin/1461/2025_H3N2,plate11-A/Darwin/1461/2025_H3N2,487,0.009819,0.009819
seqneut25to26_sera_1006_d28,A/Darwin/1461/2025_H3N2,plate11-A/Darwin/1461/2025_H3N2,1119,0.1602,0.1602
seqneut25to26_sera_1006_d28,A/Darwin/1461/2025_H3N2,plate11-A/Darwin/1461/2025_H3N2,2575,0.326,0.326
seqneut25to26_sera_1006_d28,A/Darwin/1461/2025_H3N2,plate11-A/Darwin/1461/2025_H3N2,5921,0.8742,0.8742
seqneut25to26_sera_1006_d28,A/Darwin/1461/2025_H3N2,plate11-A/Darwin/1461/2025_H3N2,1.362e+04,0.7948,0.7948
seqneut25to26_sera_1006_d28,A/Denmark/3070/2025_H1N1,plate11-A/Denmark/3070/2025_H1N1,40,6.501e-05,6.501e-05
seqneut25to26_sera_1006_d28,A/Denmark/3070/2025_H1N1,plate11-A/Denmark/3070/2025_H1N1,92,0.0004486,0.0004486
seqneut25to26_sera_1006_d28,A/Denmark/3070/2025_H1N1,plate11-A/Denmark/3070/2025_H1N1,212,0.002587,0.002587
seqneut25to26_sera_1006_d28,A/Denmark/3070/2025_H1N1,plate11-A/Denmark/3070/2025_H1N1,487,0.08166,0.08166
seqneut25to26_sera_1006_d28,A/Denmark/3070/2025_H1N1,plate11-A/Denmark/3070/2025_H1N1,1119,0.9935,0.9935
seqneut25to26_sera_1006_d28,A/Denmark/3070/2025_H1N1,plate11-A/Denmark/3070/2025_H1N1,2575,0.9645,0.9645
seqneut25to26_sera_1006_d28,A/Denmark/3070/2025_H1N1,plate11-A/Denmark/3070/2025_H1N1,5921,1.254,1
seqneut25to26_sera_1006_d28,A/Denmark/3070/2025_H1N1,plate11-A/Denmark/3070/2025_H1N1,1.362e+04,1.183,1
seqneut25to26_sera_1006_d28,A/DistrictOfColumbia/27/2023_H3N2,plate11-A/DistrictOfColumbia/27/2023_H3N2,40,0,0
seqneut25to26_sera_1006_d28,A/DistrictOfColumbia/27/2023_H3N2,plate11-A/DistrictOfColumbia/27/2023_H3N2,92,0,0
seqneut25to26_sera_1006_d28,A/DistrictOfColumbia/27/2023_H3N2,plate11-A/DistrictOfColumbia/27/2023_H3N2,212,0.009156,0.009156
seqneut25to26_sera_1006_d28,A/DistrictOfColumbia/27/2023_H3N2,plate11-A/DistrictOfColumbia/27/2023_H3N2,487,0.03274,0.03274
seqneut25to26_sera_1006_d28,A/DistrictOfColumbia/27/2023_H3N2,plate11-A/DistrictOfColumbia/27/2023_H3N2,1119,0.1715,0.1715
seqneut25to26_sera_1006_d28,A/DistrictOfColumbia/27/2023_H3N2,plate11-A/DistrictOfColumbia/27/2023_H3N2,2575,0.3623,0.3623
seqneut25to26_sera_1006_d28,A/DistrictOfColumbia/27/2023_H3N2,plate11-A/DistrictOfColumbia/27/2023_H3N2,5921,0.6907,0.6907
seqneut25to26_sera_1006_d28,A/DistrictOfColumbia/27/2023_H3N2,plate11-A/DistrictOfColumbia/27/2023_H3N2,1.362e+04,0.9194,0.9194
seqneut25to26_sera_1006_d28,A/DistrictOfColumbia/57/2025_H3N2,plate11-A/DistrictOfColumbia/57/2025_H3N2,40,0,0
seqneut25to26_sera_1006_d28,A/DistrictOfColumbia/57/2025_H3N2,plate11-A/DistrictOfColumbia/57/2025_H3N2,92,0.0006396,0.0006396
seqneut25to26_sera_1006_d28,A/DistrictOfColumbia/57/2025_H3N2,plate11-A/DistrictOfColumbia/57/2025_H3N2,212,0.03572,0.03572
seqneut25to26_sera_1006_d28,A/DistrictOfColumbia/57/2025_H3N2,plate11-A/DistrictOfColumbia/57/2025_H3N2,487,0.1859,0.1859
seqneut25to26_sera_1006_d28,A/DistrictOfColumbia/57/2025_H3N2,plate11-A/DistrictOfColumbia/57/2025_H3N2,1119,0.4695,0.4695
seqneut25to26_sera_1006_d28,A/DistrictOfColumbia/57/2025_H3N2,plate11-A/DistrictOfColumbia/57/2025_H3N2,2575,0.7297,0.7297
seqneut25to26_sera_1006_d28,A/DistrictOfColumbia/57/2025_H3N2,plate11-A/DistrictOfColumbia/57/2025_H3N2,5921,0.8727,0.8727
seqneut25to26_sera_1006_d28,A/DistrictOfColumbia/57/2025_H3N2,plate11-A/DistrictOfColumbia/57/2025_H3N2,1.362e+04,0.8881,0.8881
seqneut25to26_sera_1006_d28,A/DistritoFederal/250106000728/2025_H3N2,plate11-A/DistritoFederal/250106000728/2025_H3N2,40,0,0
seqneut25to26_sera_1006_d28,A/DistritoFederal/250106000728/2025_H3N2,plate11-A/DistritoFederal/250106000728/2025_H3N2,92,0,0
seqneut25to26_sera_1006_d28,A/DistritoFederal/250106000728/2025_H3N2,plate11-A/DistritoFederal/250106000728/2025_H3N2,212,0,0
seqneut25to26_sera_1006_d28,A/DistritoFederal/250106000728/2025_H3N2,plate11-A/DistritoFederal/250106000728/2025_H3N2,487,0.004214,0.004214
seqneut25to26_sera_1006_d28,A/DistritoFederal/250106000728/2025_H3N2,plate11-A/DistritoFederal/250106000728/2025_H3N2,1119,0.05876,0.05876
seqneut25to26_sera_1006_d28,A/DistritoFederal/250106000728/2025_H3N2,plate11-A/DistritoFederal/250106000728/2025_H3N2,2575,0.2499,0.2499
seqneut25to26_sera_1006_d28,A/DistritoFederal/250106000728/2025_H3N2,plate11-A/DistritoFederal/250106000728/2025_H3N2,5921,0.4459,0.4459
seqneut25to26_sera_1006_d28,A/DistritoFederal/250106000728/2025_H3N2,plate11-A/DistritoFederal/250106000728/2025_H3N2,1.362e+04,0.649,0.649
seqneut25to26_sera_1006_d28,A/DistritoFederal/2578578201/2025_H3N2,plate11-A/DistritoFederal/2578578201/2025_H3N2,40,5.684e-06,5.684e-06
seqneut25to26_sera_1006_d28,A/DistritoFederal/2578578201/2025_H3N2,plate11-A/DistritoFederal/2578578201/2025_H3N2,92,0,0
seqneut25to26_sera_1006_d28,A/DistritoFederal/2578578201/2025_H3N2,plate11-A/DistritoFederal/2578578201/2025_H3N2,212,0,0
seqneut25to26_sera_1006_d28,A/DistritoFederal/2578578201/2025_H3N2,plate11-A/DistritoFederal/2578578201/2025_H3N2,487,0.00406,0.00406
seqneut25to26_sera_1006_d28,A/DistritoFederal/2578578201/2025_H3N2,plate11-A/DistritoFederal/2578578201/2025_H3N2,1119,0.0671,0.0671
seqneut25to26_sera_1006_d28,A/DistritoFederal/2578578201/2025_H3N2,plate11-A/DistritoFederal/2578578201/2025_H3N2,2575,0.2195,0.2195
seqneut25to26_sera_1006_d28,A/DistritoFederal/2578578201/2025_H3N2,plate11-A/DistritoFederal/2578578201/2025_H3N2,5921,0.6439,0.6439
seqneut25to26_sera_1006_d28,A/DistritoFederal/2578578201/2025_H3N2,plate11-A/DistritoFederal/2578578201/2025_H3N2,1.362e+04,0.7198,0.7198
seqneut25to26_sera_1006_d28,A/England/174/2025_H3N2,plate11-A/England/174/2025_H3N2,40,0,0
seqneut25to26_sera_1006_d28,A/England/174/2025_H3N2,plate11-A/England/174/2025_H3N2,92,0,0
seqneut25to26_sera_1006_d28,A/England/174/2025_H3N2,plate11-A/England/174/2025_H3N2,212,0.0001527,0.0001527
seqneut25to26_sera_1006_d28,A/England/174/2025_H3N2,plate11-A/England/174/2025_H3N2,487,0.06489,0.06489
seqneut25to26_sera_1006_d28,A/England/174/2025_H3N2,plate11-A/England/174/2025_H3N2,1119,0.221,0.221
seqneut25to26_sera_1006_d28,A/England/174/2025_H3N2,plate11-A/England/174/2025_H3N2,2575,0.4081,0.4081
seqneut25to26_sera_1006_d28,A/England/174/2025_H3N2,plate11-A/England/174/2025_H3N2,5921,1.009,1
seqneut25to26_sera_1006_d28,A/England/174/2025_H3N2,plate11-A/England/174/2025_H3N2,1.362e+04,0.8498,0.8498
seqneut25to26_sera_1006_d28,A/England/1822256/2025_H1N1,plate11-A/England/1822256/2025_H1N1,40,0.0001191,0.0001191
seqneut25to26_sera_1006_d28,A/England/1822256/2025_H1N1,plate11-A/England/1822256/2025_H1N1,92,0.0001198,0.0001198
seqneut25to26_sera_1006_d28,A/England/1822256/2025_H1N1,plate11-A/England/1822256/2025_H1N1,212,0.0002491,0.0002491
seqneut25to26_sera_1006_d28,A/England/1822256/2025_H1N1,plate11-A/England/1822256/2025_H1N1,487,0.001286,0.001286
seqneut25to26_sera_1006_d28,A/England/1822256/2025_H1N1,plate11-A/England/1822256/2025_H1N1,1119,0.1166,0.1166
seqneut25to26_sera_1006_d28,A/England/1822256/2025_H1N1,plate11-A/England/1822256/2025_H1N1,2575,0.4226,0.4226
seqneut25to26_sera_1006_d28,A/England/1822256/2025_H1N1,plate11-A/England/1822256/2025_H1N1,5921,0.8945,0.8945
seqneut25to26_sera_1006_d28,A/England/1822256/2025_H1N1,plate11-A/England/1822256/2025_H1N1,1.362e+04,0.9793,0.9793
seqneut25to26_sera_1006_d28,A/England/1837734/2025_H3N2,plate11-A/England/1837734/2025_H3N2,40,0,0
seqneut25to26_sera_1006_d28,A/England/1837734/2025_H3N2,plate11-A/England/1837734/2025_H3N2,92,0.001627,0.001627
seqneut25to26_sera_1006_d28,A/England/1837734/2025_H3N2,plate11-A/England/1837734/2025_H3N2,212,0.03101,0.03101
seqneut25to26_sera_1006_d28,A/England/1837734/2025_H3N2,plate11-A/England/1837734/2025_H3N2,487,0.1271,0.1271
seqneut25to26_sera_1006_d28,A/England/1837734/2025_H3N2,plate11-A/England/1837734/2025_H3N2,1119,0.6016,0.6016
seqneut25to26_sera_1006_d28,A/England/1837734/2025_H3N2,plate11-A/England/1837734/2025_H3N2,2575,0.6699,0.6699
seqneut25to26_sera_1006_d28,A/England/1837734/2025_H3N2,plate11-A/England/1837734/2025_H3N2,5921,1.134,1
seqneut25to26_sera_1006_d28,A/England/1837734/2025_H3N2,plate11-A/England/1837734/2025_H3N2,1.362e+04,0.8757,0.8757
seqneut25to26_sera_1006_d28,A/England/1837737/2025_H3N2,plate11-A/England/1837737/2025_H3N2,40,6.15e-06,6.15e-06
seqneut25to26_sera_1006_d28,A/England/1837737/2025_H3N2,plate11-A/England/1837737/2025_H3N2,92,0,0
seqneut25to26_sera_1006_d28,A/England/1837737/2025_H3N2,plate11-A/England/1837737/2025_H3N2,212,0.001693,0.001693
seqneut25to26_sera_1006_d28,A/England/1837737/2025_H3N2,plate11-A/England/1837737/2025_H3N2,487,0.1163,0.1163
seqneut25to26_sera_1006_d28,A/England/1837737/2025_H3N2,plate11-A/England/1837737/2025_H3N2,1119,0.4048,0.4048
seqneut25to26_sera_1006_d28,A/England/1837737/2025_H3N2,plate11-A/England/1837737/2025_H3N2,2575,0.5584,0.5584
seqneut25to26_sera_1006_d28,A/England/1837737/2025_H3N2,plate11-A/England/1837737/2025_H3N2,5921,0.9618,0.9618
seqneut25to26_sera_1006_d28,A/England/1837737/2025_H3N2,plate11-A/England/1837737/2025_H3N2,1.362e+04,0.9366,0.9366
seqneut25to26_sera_1006_d28,A/France/ARA-HCL025155099501/2025_H1N1,plate11-A/France/ARA-HCL025155099501/2025_H1N1,40,0,0
seqneut25to26_sera_1006_d28,A/France/ARA-HCL025155099501/2025_H1N1,plate11-A/France/ARA-HCL025155099501/2025_H1N1,92,9.646e-05,9.646e-05
seqneut25to26_sera_1006_d28,A/France/ARA-HCL025155099501/2025_H1N1,plate11-A/France/ARA-HCL025155099501/2025_H1N1,212,0.0008049,0.0008049
seqneut25to26_sera_1006_d28,A/France/ARA-HCL025155099501/2025_H1N1,plate11-A/France/ARA-HCL025155099501/2025_H1N1,487,0.01028,0.01028
seqneut25to26_sera_1006_d28,A/France/ARA-HCL025155099501/2025_H1N1,plate11-A/France/ARA-HCL025155099501/2025_H1N1,1119,0.1974,0.1974
seqneut25to26_sera_1006_d28,A/France/ARA-HCL025155099501/2025_H1N1,plate11-A/France/ARA-HCL025155099501/2025_H1N1,2575,0.6005,0.6005
seqneut25to26_sera_1006_d28,A/France/ARA-HCL025155099501/2025_H1N1,plate11-A/France/ARA-HCL025155099501/2025_H1N1,5921,1.147,1
seqneut25to26_sera_1006_d28,A/France/ARA-HCL025155099501/2025_H1N1,plate11-A/France/ARA-HCL025155099501/2025_H1N1,1.362e+04,1.01,1
seqneut25to26_sera_1006_d28,A/Galicia/GA-CHUAC-451/2025_H3N2,plate11-A/Galicia/GA-CHUAC-451/2025_H3N2,40,0.0001366,0.0001366
seqneut25to26_sera_1006_d28,A/Galicia/GA-CHUAC-451/2025_H3N2,plate11-A/Galicia/GA-CHUAC-451/2025_H3N2,92,0,0
seqneut25to26_sera_1006_d28,A/Galicia/GA-CHUAC-451/2025_H3N2,plate11-A/Galicia/GA-CHUAC-451/2025_H3N2,212,0.004832,0.004832
seqneut25to26_sera_1006_d28,A/Galicia/GA-CHUAC-451/2025_H3N2,plate11-A/Galicia/GA-CHUAC-451/2025_H3N2,487,0.08104,0.08104
seqneut25to26_sera_1006_d28,A/Galicia/GA-CHUAC-451/2025_H3N2,plate11-A/Galicia/GA-CHUAC-451/2025_H3N2,1119,0.2467,0.2467
seqneut25to26_sera_1006_d28,A/Galicia/GA-CHUAC-451/2025_H3N2,plate11-A/Galicia/GA-CHUAC-451/2025_H3N2,2575,0.607,0.607
seqneut25to26_sera_1006_d28,A/Galicia/GA-CHUAC-451/2025_H3N2,plate11-A/Galicia/GA-CHUAC-451/2025_H3N2,5921,0.9712,0.9712
seqneut25to26_sera_1006_d28,A/Galicia/GA-CHUAC-451/2025_H3N2,plate11-A/Galicia/GA-CHUAC-451/2025_H3N2,1.362e+04,0.9403,0.9403
seqneut25to26_sera_1006_d28,A/Ghana/ARI-25-1125/2025_H1N1,plate11-A/Ghana/ARI-25-1125/2025_H1N1,40,0.0001011,0.0001011
seqneut25to26_sera_1006_d28,A/Ghana/ARI-25-1125/2025_H1N1,plate11-A/Ghana/ARI-25-1125/2025_H1N1,92,0.0002429,0.0002429
seqneut25to26_sera_1006_d28,A/Ghana/ARI-25-1125/2025_H1N1,plate11-A/Ghana/ARI-25-1125/2025_H1N1,212,3.238e-05,3.238e-05
seqneut25to26_sera_1006_d28,A/Ghana/ARI-25-1125/2025_H1N1,plate11-A/Ghana/ARI-25-1125/2025_H1N1,487,0.007311,0.007311
seqneut25to26_sera_1006_d28,A/Ghana/ARI-25-1125/2025_H1N1,plate11-A/Ghana/ARI-25-1125/2025_H1N1,1119,0.09546,0.09546
seqneut25to26_sera_1006_d28,A/Ghana/ARI-25-1125/2025_H1N1,plate11-A/Ghana/ARI-25-1125/2025_H1N1,2575,0.4265,0.4265
seqneut25to26_sera_1006_d28,A/Ghana/ARI-25-1125/2025_H1N1,plate11-A/Ghana/ARI-25-1125/2025_H1N1,5921,0.9865,0.9865
seqneut25to26_sera_1006_d28,A/Ghana/ARI-25-1125/2025_H1N1,plate11-A/Ghana/ARI-25-1125/2025_H1N1,1.362e+04,0.9129,0.9129
seqneut25to26_sera_1006_d28,A/Ghana/FS-25-7077/2025_H3N2,plate11-A/Ghana/FS-25-7077/2025_H3N2,40,0,0
seqneut25to26_sera_1006_d28,A/Ghana/FS-25-7077/2025_H3N2,plate11-A/Ghana/FS-25-7077/2025_H3N2,92,0,0
seqneut25to26_sera_1006_d28,A/Ghana/FS-25-7077/2025_H3N2,plate11-A/Ghana/FS-25-7077/2025_H3N2,212,0.02563,0.02563
seqneut25to26_sera_1006_d28,A/Ghana/FS-25-7077/2025_H3N2,plate11-A/Ghana/FS-25-7077/2025_H3N2,487,0.1794,0.1794
seqneut25to26_sera_1006_d28,A/Ghana/FS-25-7077/2025_H3N2,plate11-A/Ghana/FS-25-7077/2025_H3N2,1119,0.5984,0.5984
seqneut25to26_sera_1006_d28,A/Ghana/FS-25-7077/2025_H3N2,plate11-A/Ghana/FS-25-7077/2025_H3N2,2575,0.7744,0.7744
seqneut25to26_sera_1006_d28,A/Ghana/FS-25-7077/2025_H3N2,plate11-A/Ghana/FS-25-7077/2025_H3N2,5921,1.073,1
seqneut25to26_sera_1006_d28,A/Ghana/FS-25-7077/2025_H3N2,plate11-A/Ghana/FS-25-7077/2025_H3N2,1.362e+04,0.8615,0.8615
seqneut25to26_sera_1006_d28,A/Guangdong-Maonan/11438/2025_H3N2,plate11-A/Guangdong-Maonan/11438/2025_H3N2,40,0,0
seqneut25to26_sera_1006_d28,A/Guangdong-Maonan/11438/2025_H3N2,plate11-A/Guangdong-Maonan/11438/2025_H3N2,92,0,0
seqneut25to26_sera_1006_d28,A/Guangdong-Maonan/11438/2025_H3N2,plate11-A/Guangdong-Maonan/11438/2025_H3N2,212,0,0
seqneut25to26_sera_1006_d28,A/Guangdong-Maonan/11438/2025_H3N2,plate11-A/Guangdong-Maonan/11438/2025_H3N2,487,0.02121,0.02121
seqneut25to26_sera_1006_d28,A/Guangdong-Maonan/11438/2025_H3N2,plate11-A/Guangdong-Maonan/11438/2025_H3N2,1119,0.1717,0.1717
seqneut25to26_sera_1006_d28,A/Guangdong-Maonan/11438/2025_H3N2,plate11-A/Guangdong-Maonan/11438/2025_H3N2,2575,0.353,0.353
seqneut25to26_sera_1006_d28,A/Guangdong-Maonan/11438/2025_H3N2,plate11-A/Guangdong-Maonan/11438/2025_H3N2,5921,1.016,1
seqneut25to26_sera_1006_d28,A/Guangdong-Maonan/11438/2025_H3N2,plate11-A/Guangdong-Maonan/11438/2025_H3N2,1.362e+04,0.7371,0.7371
seqneut25to26_sera_1006_d28,A/Guangdong-Meijiang/11256/2025_H3N2,plate11-A/Guangdong-Meijiang/11256/2025_H3N2,40,0,0
seqneut25to26_sera_1006_d28,A/Guangdong-Meijiang/11256/2025_H3N2,plate11-A/Guangdong-Meijiang/11256/2025_H3N2,92,0,0
seqneut25to26_sera_1006_d28,A/Guangdong-Meijiang/11256/2025_H3N2,plate11-A/Guangdong-Meijiang/11256/2025_H3N2,212,0.0005033,0.0005033
seqneut25to26_sera_1006_d28,A/Guangdong-Meijiang/11256/2025_H3N2,plate11-A/Guangdong-Meijiang/11256/2025_H3N2,487,0.1087,0.1087
seqneut25to26_sera_1006_d28,A/Guangdong-Meijiang/11256/2025_H3N2,plate11-A/Guangdong-Meijiang/11256/2025_H3N2,1119,0.2568,0.2568
seqneut25to26_sera_1006_d28,A/Guangdong-Meijiang/11256/2025_H3N2,plate11-A/Guangdong-Meijiang/11256/2025_H3N2,2575,0.394,0.394
seqneut25to26_sera_1006_d28,A/Guangdong-Meijiang/11256/2025_H3N2,plate11-A/Guangdong-Meijiang/11256/2025_H3N2,5921,0.6712,0.6712
seqneut25to26_sera_1006_d28,A/Guangdong-Meijiang/11256/2025_H3N2,plate11-A/Guangdong-Meijiang/11256/2025_H3N2,1.362e+04,0.954,0.954
seqneut25to26_sera_1006_d28,A/Guangxi-Daxin/1643/2025_H3N2,plate11-A/Guangxi-Daxin/1643/2025_H3N2,40,0,0
seqneut25to26_sera_1006_d28,A/Guangxi-Daxin/1643/2025_H3N2,plate11-A/Guangxi-Daxin/1643/2025_H3N2,92,0,0
seqneut25to26_sera_1006_d28,A/Guangxi-Daxin/1643/2025_H3N2,plate11-A/Guangxi-Daxin/1643/2025_H3N2,212,0.06019,0.06019
seqneut25to26_sera_1006_d28,A/Guangxi-Daxin/1643/2025_H3N2,plate11-A/Guangxi-Daxin/1643/2025_H3N2,487,0.2343,0.2343
seqneut25to26_sera_1006_d28,A/Guangxi-Daxin/1643/2025_H3N2,plate11-A/Guangxi-Daxin/1643/2025_H3N2,1119,0.4045,0.4045
seqneut25to26_sera_1006_d28,A/Guangxi-Daxin/1643/2025_H3N2,plate11-A/Guangxi-Daxin/1643/2025_H3N2,2575,0.6354,0.6354
seqneut25to26_sera_1006_d28,A/Guangxi-Daxin/1643/2025_H3N2,plate11-A/Guangxi-Daxin/1643/2025_H3N2,5921,0.9067,0.9067
seqneut25to26_sera_1006_d28,A/Guangxi-Daxin/1643/2025_H3N2,plate11-A/Guangxi-Daxin/1643/2025_H3N2,1.362e+04,0.7722,0.7722
seqneut25to26_sera_1006_d28,A/Guangxi-Qingxiu/SWL11742/2025_H1N1,plate11-A/Guangxi-Qingxiu/SWL11742/2025_H1N1,40,0.0004933,0.0004933
seqneut25to26_sera_1006_d28,A/Guangxi-Qingxiu/SWL11742/2025_H1N1,plate11-A/Guangxi-Qingxiu/SWL11742/2025_H1N1,92,0.0004823,0.0004823
seqneut25to26_sera_1006_d28,A/Guangxi-Qingxiu/SWL11742/2025_H1N1,plate11-A/Guangxi-Qingxiu/SWL11742/2025_H1N1,212,0.002118,0.002118
seqneut25to26_sera_1006_d28,A/Guangxi-Qingxiu/SWL11742/2025_H1N1,plate11-A/Guangxi-Qingxiu/SWL11742/2025_H1N1,487,0.003027,0.003027
seqneut25to26_sera_1006_d28,A/Guangxi-Qingxiu/SWL11742/2025_H1N1,plate11-A/Guangxi-Qingxiu/SWL11742/2025_H1N1,1119,0.07612,0.07612
seqneut25to26_sera_1006_d28,A/Guangxi-Qingxiu/SWL11742/2025_H1N1,plate11-A/Guangxi-Qingxiu/SWL11742/2025_H1N1,2575,0.54,0.54
seqneut25to26_sera_1006_d28,A/Guangxi-Qingxiu/SWL11742/2025_H1N1,plate11-A/Guangxi-Qingxiu/SWL11742/2025_H1N1,5921,0.9646,0.9646
seqneut25to26_sera_1006_d28,A/Guangxi-Qingxiu/SWL11742/2025_H1N1,plate11-A/Guangxi-Qingxiu/SWL11742/2025_H1N1,1.362e+04,0.9247,0.9247
seqneut25to26_sera_1006_d28,A/Hawaii/44/2025_H1N1,plate11-A/Hawaii/44/2025_H1N1,40,9.266e-05,9.266e-05
seqneut25to26_sera_1006_d28,A/Hawaii/44/2025_H1N1,plate11-A/Hawaii/44/2025_H1N1,92,9.86e-05,9.86e-05
seqneut25to26_sera_1006_d28,A/Hawaii/44/2025_H1N1,plate11-A/Hawaii/44/2025_H1N1,212,0.005886,0.005886
seqneut25to26_sera_1006_d28,A/Hawaii/44/2025_H1N1,plate11-A/Hawaii/44/2025_H1N1,487,0.07418,0.07418
seqneut25to26_sera_1006_d28,A/Hawaii/44/2025_H1N1,plate11-A/Hawaii/44/2025_H1N1,1119,0.696,0.696
seqneut25to26_sera_1006_d28,A/Hawaii/44/2025_H1N1,plate11-A/Hawaii/44/2025_H1N1,2575,0.9011,0.9011
seqneut25to26_sera_1006_d28,A/Hawaii/44/2025_H1N1,plate11-A/Hawaii/44/2025_H1N1,5921,1.068,1
seqneut25to26_sera_1006_d28,A/Hawaii/44/2025_H1N1,plate11-A/Hawaii/44/2025_H1N1,1.362e+04,0.9848,0.9848
seqneut25to26_sera_1006_d28,A/Hawaii/70/2019_H1N1,plate11-A/Hawaii/70/2019_H1N1,40,0.0001006,0.0001006
seqneut25to26_sera_1006_d28,A/Hawaii/70/2019_H1N1,plate11-A/Hawaii/70/2019_H1N1,92,0.0001655,0.0001655
seqneut25to26_sera_1006_d28,A/Hawaii/70/2019_H1N1,plate11-A/Hawaii/70/2019_H1N1,212,8.607e-05,8.607e-05
seqneut25to26_sera_1006_d28,A/Hawaii/70/2019_H1N1,plate11-A/Hawaii/70/2019_H1N1,487,0.0002853,0.0002853
seqneut25to26_sera_1006_d28,A/Hawaii/70/2019_H1N1,plate11-A/Hawaii/70/2019_H1N1,1119,0.02698,0.02698
seqneut25to26_sera_1006_d28,A/Hawaii/70/2019_H1N1,plate11-A/Hawaii/70/2019_H1N1,2575,0.2514,0.2514
seqneut25to26_sera_1006_d28,A/Hawaii/70/2019_H1N1,plate11-A/Hawaii/70/2019_H1N1,5921,0.6284,0.6284
seqneut25to26_sera_1006_d28,A/Hawaii/70/2019_H1N1,plate11-A/Hawaii/70/2019_H1N1,1.362e+04,0.796,0.796
seqneut25to26_sera_1006_d28,A/HongKong/1257/2025_H3N2,plate11-A/HongKong/1257/2025_H3N2,40,0.0002723,0.0002723
seqneut25to26_sera_1006_d28,A/HongKong/1257/2025_H3N2,plate11-A/HongKong/1257/2025_H3N2,92,0,0
seqneut25to26_sera_1006_d28,A/HongKong/1257/2025_H3N2,plate11-A/HongKong/1257/2025_H3N2,212,0.01427,0.01427
seqneut25to26_sera_1006_d28,A/HongKong/1257/2025_H3N2,plate11-A/HongKong/1257/2025_H3N2,487,0.05027,0.05027
seqneut25to26_sera_1006_d28,A/HongKong/1257/2025_H3N2,plate11-A/HongKong/1257/2025_H3N2,1119,0.1515,0.1515
seqneut25to26_sera_1006_d28,A/HongKong/1257/2025_H3N2,plate11-A/HongKong/1257/2025_H3N2,2575,0.4188,0.4188
seqneut25to26_sera_1006_d28,A/HongKong/1257/2025_H3N2,plate11-A/HongKong/1257/2025_H3N2,5921,0.7534,0.7534
seqneut25to26_sera_1006_d28,A/HongKong/1257/2025_H3N2,plate11-A/HongKong/1257/2025_H3N2,1.362e+04,0.8017,0.8017
seqneut25to26_sera_1006_d28,A/HongKong/1382/2025_H3N2,plate11-A/HongKong/1382/2025_H3N2,40,5.968e-06,5.968e-06
seqneut25to26_sera_1006_d28,A/HongKong/1382/2025_H3N2,plate11-A/HongKong/1382/2025_H3N2,92,0,0
seqneut25to26_sera_1006_d28,A/HongKong/1382/2025_H3N2,plate11-A/HongKong/1382/2025_H3N2,212,0.03566,0.03566
seqneut25to26_sera_1006_d28,A/HongKong/1382/2025_H3N2,plate11-A/HongKong/1382/2025_H3N2,487,0.1416,0.1416
seqneut25to26_sera_1006_d28,A/HongKong/1382/2025_H3N2,plate11-A/HongKong/1382/2025_H3N2,1119,0.4647,0.4647
seqneut25to26_sera_1006_d28,A/HongKong/1382/2025_H3N2,plate11-A/HongKong/1382/2025_H3N2,2575,0.4356,0.4356
seqneut25to26_sera_1006_d28,A/HongKong/1382/2025_H3N2,plate11-A/HongKong/1382/2025_H3N2,5921,0.689,0.689
seqneut25to26_sera_1006_d28,A/HongKong/1382/2025_H3N2,plate11-A/HongKong/1382/2025_H3N2,1.362e+04,0.8584,0.8584
seqneut25to26_sera_1006_d28,A/Indonesia/BIOKES-I-BT074/2025_H3N2,plate11-A/Indonesia/BIOKES-I-BT074/2025_H3N2,40,8.71e-05,8.71e-05
seqneut25to26_sera_1006_d28,A/Indonesia/BIOKES-I-BT074/2025_H3N2,plate11-A/Indonesia/BIOKES-I-BT074/2025_H3N2,92,0,0
seqneut25to26_sera_1006_d28,A/Indonesia/BIOKES-I-BT074/2025_H3N2,plate11-A/Indonesia/BIOKES-I-BT074/2025_H3N2,212,0,0
seqneut25to26_sera_1006_d28,A/Indonesia/BIOKES-I-BT074/2025_H3N2,plate11-A/Indonesia/BIOKES-I-BT074/2025_H3N2,487,0.02292,0.02292
seqneut25to26_sera_1006_d28,A/Indonesia/BIOKES-I-BT074/2025_H3N2,plate11-A/Indonesia/BIOKES-I-BT074/2025_H3N2,1119,0.2418,0.2418
seqneut25to26_sera_1006_d28,A/Indonesia/BIOKES-I-BT074/2025_H3N2,plate11-A/Indonesia/BIOKES-I-BT074/2025_H3N2,2575,0.4152,0.4152
seqneut25to26_sera_1006_d28,A/Indonesia/BIOKES-I-BT074/2025_H3N2,plate11-A/Indonesia/BIOKES-I-BT074/2025_H3N2,5921,0.7435,0.7435
seqneut25to26_sera_1006_d28,A/Indonesia/BIOKES-I-BT074/2025_H3N2,plate11-A/Indonesia/BIOKES-I-BT074/2025_H3N2,1.362e+04,1.031,1
seqneut25to26_sera_1006_d28,A/Indonesia/BIOKES-INAD491/2025_H3N2,plate11-A/Indonesia/BIOKES-INAD491/2025_H3N2,40,0,0
seqneut25to26_sera_1006_d28,A/Indonesia/BIOKES-INAD491/2025_H3N2,plate11-A/Indonesia/BIOKES-INAD491/2025_H3N2,92,0,0
seqneut25to26_sera_1006_d28,A/Indonesia/BIOKES-INAD491/2025_H3N2,plate11-A/Indonesia/BIOKES-INAD491/2025_H3N2,212,0.005781,0.005781
seqneut25to26_sera_1006_d28,A/Indonesia/BIOKES-INAD491/2025_H3N2,plate11-A/Indonesia/BIOKES-INAD491/2025_H3N2,487,0.03475,0.03475
seqneut25to26_sera_1006_d28,A/Indonesia/BIOKES-INAD491/2025_H3N2,plate11-A/Indonesia/BIOKES-INAD491/2025_H3N2,1119,0.3101,0.3101
seqneut25to26_sera_1006_d28,A/Indonesia/BIOKES-INAD491/2025_H3N2,plate11-A/Indonesia/BIOKES-INAD491/2025_H3N2,2575,0.3487,0.3487
seqneut25to26_sera_1006_d28,A/Indonesia/BIOKES-INAD491/2025_H3N2,plate11-A/Indonesia/BIOKES-INAD491/2025_H3N2,5921,0.8403,0.8403
seqneut25to26_sera_1006_d28,A/Indonesia/BIOKES-INAD491/2025_H3N2,plate11-A/Indonesia/BIOKES-INAD491/2025_H3N2,1.362e+04,0.7154,0.7154
seqneut25to26_sera_1006_d28,A/Lao/820-2750/2025_H3N2,plate11-A/Lao/820-2750/2025_H3N2,40,6.486e-06,6.486e-06
seqneut25to26_sera_1006_d28,A/Lao/820-2750/2025_H3N2,plate11-A/Lao/820-2750/2025_H3N2,92,2.192e-05,2.192e-05
seqneut25to26_sera_1006_d28,A/Lao/820-2750/2025_H3N2,plate11-A/Lao/820-2750/2025_H3N2,212,1.9e-05,1.9e-05
seqneut25to26_sera_1006_d28,A/Lao/820-2750/2025_H3N2,plate11-A/Lao/820-2750/2025_H3N2,487,0.04521,0.04521
seqneut25to26_sera_1006_d28,A/Lao/820-2750/2025_H3N2,plate11-A/Lao/820-2750/2025_H3N2,1119,0.1976,0.1976
seqneut25to26_sera_1006_d28,A/Lao/820-2750/2025_H3N2,plate11-A/Lao/820-2750/2025_H3N2,2575,0.6146,0.6146
seqneut25to26_sera_1006_d28,A/Lao/820-2750/2025_H3N2,plate11-A/Lao/820-2750/2025_H3N2,5921,1.091,1
seqneut25to26_sera_1006_d28,A/Lao/820-2750/2025_H3N2,plate11-A/Lao/820-2750/2025_H3N2,1.362e+04,1.11,1
seqneut25to26_sera_1006_d28,A/Malaysia/IMR/SARI/2028/2025_H3N2,plate11-A/Malaysia/IMR/SARI/2028/2025_H3N2,40,0,0
seqneut25to26_sera_1006_d28,A/Malaysia/IMR/SARI/2028/2025_H3N2,plate11-A/Malaysia/IMR/SARI/2028/2025_H3N2,92,0,0
seqneut25to26_sera_1006_d28,A/Malaysia/IMR/SARI/2028/2025_H3N2,plate11-A/Malaysia/IMR/SARI/2028/2025_H3N2,212,0.0009482,0.0009482
seqneut25to26_sera_1006_d28,A/Malaysia/IMR/SARI/2028/2025_H3N2,plate11-A/Malaysia/IMR/SARI/2028/2025_H3N2,487,0.06088,0.06088
seqneut25to26_sera_1006_d28,A/Malaysia/IMR/SARI/2028/2025_H3N2,plate11-A/Malaysia/IMR/SARI/2028/2025_H3N2,1119,0.1984,0.1984
seqneut25to26_sera_1006_d28,A/Malaysia/IMR/SARI/2028/2025_H3N2,plate11-A/Malaysia/IMR/SARI/2028/2025_H3N2,2575,0.3812,0.3812
seqneut25to26_sera_1006_d28,A/Malaysia/IMR/SARI/2028/2025_H3N2,plate11-A/Malaysia/IMR/SARI/2028/2025_H3N2,5921,0.7434,0.7434
seqneut25to26_sera_1006_d28,A/Malaysia/IMR/SARI/2028/2025_H3N2,plate11-A/Malaysia/IMR/SARI/2028/2025_H3N2,1.362e+04,0.7968,0.7968
seqneut25to26_sera_1006_d28,A/Malaysia/IMR/SARI/2406/2025_H3N2,plate11-A/Malaysia/IMR/SARI/2406/2025_H3N2,40,0,0
seqneut25to26_sera_1006_d28,A/Malaysia/IMR/SARI/2406/2025_H3N2,plate11-A/Malaysia/IMR/SARI/2406/2025_H3N2,92,4.364e-06,4.364e-06
seqneut25to26_sera_1006_d28,A/Malaysia/IMR/SARI/2406/2025_H3N2,plate11-A/Malaysia/IMR/SARI/2406/2025_H3N2,212,0.04465,0.04465
seqneut25to26_sera_1006_d28,A/Malaysia/IMR/SARI/2406/2025_H3N2,plate11-A/Malaysia/IMR/SARI/2406/2025_H3N2,487,0.2279,0.2279
seqneut25to26_sera_1006_d28,A/Malaysia/IMR/SARI/2406/2025_H3N2,plate11-A/Malaysia/IMR/SARI/2406/2025_H3N2,1119,0.4718,0.4718
seqneut25to26_sera_1006_d28,A/Malaysia/IMR/SARI/2406/2025_H3N2,plate11-A/Malaysia/IMR/SARI/2406/2025_H3N2,2575,0.7445,0.7445
seqneut25to26_sera_1006_d28,A/Malaysia/IMR/SARI/2406/2025_H3N2,plate11-A/Malaysia/IMR/SARI/2406/2025_H3N2,5921,1.186,1
seqneut25to26_sera_1006_d28,A/Malaysia/IMR/SARI/2406/2025_H3N2,plate11-A/Malaysia/IMR/SARI/2406/2025_H3N2,1.362e+04,1.013,1
seqneut25to26_sera_1006_d28,A/Malaysia/IMR/SARI/2517/2025_H3N2,plate11-A/Malaysia/IMR/SARI/2517/2025_H3N2,40,7e-05,7e-05
seqneut25to26_sera_1006_d28,A/Malaysia/IMR/SARI/2517/2025_H3N2,plate11-A/Malaysia/IMR/SARI/2517/2025_H3N2,92,0.0003253,0.0003253
seqneut25to26_sera_1006_d28,A/Malaysia/IMR/SARI/2517/2025_H3N2,plate11-A/Malaysia/IMR/SARI/2517/2025_H3N2,212,0.04443,0.04443
seqneut25to26_sera_1006_d28,A/Malaysia/IMR/SARI/2517/2025_H3N2,plate11-A/Malaysia/IMR/SARI/2517/2025_H3N2,487,0.3435,0.3435
seqneut25to26_sera_1006_d28,A/Malaysia/IMR/SARI/2517/2025_H3N2,plate11-A/Malaysia/IMR/SARI/2517/2025_H3N2,1119,0.5883,0.5883
seqneut25to26_sera_1006_d28,A/Malaysia/IMR/SARI/2517/2025_H3N2,plate11-A/Malaysia/IMR/SARI/2517/2025_H3N2,2575,0.6315,0.6315
seqneut25to26_sera_1006_d28,A/Malaysia/IMR/SARI/2517/2025_H3N2,plate11-A/Malaysia/IMR/SARI/2517/2025_H3N2,5921,0.8609,0.8609
seqneut25to26_sera_1006_d28,A/Malaysia/IMR/SARI/2517/2025_H3N2,plate11-A/Malaysia/IMR/SARI/2517/2025_H3N2,1.362e+04,1.082,1
seqneut25to26_sera_1006_d28,A/Massachusetts/18/2022_H3N2,plate11-A/Massachusetts/18/2022_H3N2,40,0,0
seqneut25to26_sera_1006_d28,A/Massachusetts/18/2022_H3N2,plate11-A/Massachusetts/18/2022_H3N2,92,0.0004581,0.0004581
seqneut25to26_sera_1006_d28,A/Massachusetts/18/2022_H3N2,plate11-A/Massachusetts/18/2022_H3N2,212,4.178e-05,4.178e-05
seqneut25to26_sera_1006_d28,A/Massachusetts/18/2022_H3N2,plate11-A/Massachusetts/18/2022_H3N2,487,0.05357,0.05357
seqneut25to26_sera_1006_d28,A/Massachusetts/18/2022_H3N2,plate11-A/Massachusetts/18/2022_H3N2,1119,0.1942,0.1942
seqneut25to26_sera_1006_d28,A/Massachusetts/18/2022_H3N2,plate11-A/Massachusetts/18/2022_H3N2,2575,0.2212,0.2212
seqneut25to26_sera_1006_d28,A/Massachusetts/18/2022_H3N2,plate11-A/Massachusetts/18/2022_H3N2,5921,0.4652,0.4652
seqneut25to26_sera_1006_d28,A/Massachusetts/18/2022_H3N2,plate11-A/Massachusetts/18/2022_H3N2,1.362e+04,0.5189,0.5189
seqneut25to26_sera_1006_d28,A/Michigan/110/2025_H3N2,plate11-A/Michigan/110/2025_H3N2,40,0,0
seqneut25to26_sera_1006_d28,A/Michigan/110/2025_H3N2,plate11-A/Michigan/110/2025_H3N2,92,0,0
seqneut25to26_sera_1006_d28,A/Michigan/110/2025_H3N2,plate11-A/Michigan/110/2025_H3N2,212,8.18e-05,8.18e-05
seqneut25to26_sera_1006_d28,A/Michigan/110/2025_H3N2,plate11-A/Michigan/110/2025_H3N2,487,0.0576,0.0576
seqneut25to26_sera_1006_d28,A/Michigan/110/2025_H3N2,plate11-A/Michigan/110/2025_H3N2,1119,0.1564,0.1564
seqneut25to26_sera_1006_d28,A/Michigan/110/2025_H3N2,plate11-A/Michigan/110/2025_H3N2,2575,0.3128,0.3128
seqneut25to26_sera_1006_d28,A/Michigan/110/2025_H3N2,plate11-A/Michigan/110/2025_H3N2,5921,0.7179,0.7179
seqneut25to26_sera_1006_d28,A/Michigan/110/2025_H3N2,plate11-A/Michigan/110/2025_H3N2,1.362e+04,0.8455,0.8455
seqneut25to26_sera_1006_d28,A/Minnesota/96/2025_H3N2,plate11-A/Minnesota/96/2025_H3N2,40,0,0
seqneut25to26_sera_1006_d28,A/Minnesota/96/2025_H3N2,plate11-A/Minnesota/96/2025_H3N2,92,0,0
seqneut25to26_sera_1006_d28,A/Minnesota/96/2025_H3N2,plate11-A/Minnesota/96/2025_H3N2,212,0.0001882,0.0001882
seqneut25to26_sera_1006_d28,A/Minnesota/96/2025_H3N2,plate11-A/Minnesota/96/2025_H3N2,487,0.08138,0.08138
seqneut25to26_sera_1006_d28,A/Minnesota/96/2025_H3N2,plate11-A/Minnesota/96/2025_H3N2,1119,0.2478,0.2478
seqneut25to26_sera_1006_d28,A/Minnesota/96/2025_H3N2,plate11-A/Minnesota/96/2025_H3N2,2575,0.4598,0.4598
seqneut25to26_sera_1006_d28,A/Minnesota/96/2025_H3N2,plate11-A/Minnesota/96/2025_H3N2,5921,0.8178,0.8178
seqneut25to26_sera_1006_d28,A/Minnesota/96/2025_H3N2,plate11-A/Minnesota/96/2025_H3N2,1.362e+04,0.78,0.78
seqneut25to26_sera_1006_d28,A/Missouri/11/2025_H1N1,plate11-A/Missouri/11/2025_H1N1,40,0.0001543,0.0001543
seqneut25to26_sera_1006_d28,A/Missouri/11/2025_H1N1,plate11-A/Missouri/11/2025_H1N1,92,0.0002924,0.0002924
seqneut25to26_sera_1006_d28,A/Missouri/11/2025_H1N1,plate11-A/Missouri/11/2025_H1N1,212,0.0005067,0.0005067
seqneut25to26_sera_1006_d28,A/Missouri/11/2025_H1N1,plate11-A/Missouri/11/2025_H1N1,487,0.004734,0.004734
seqneut25to26_sera_1006_d28,A/Missouri/11/2025_H1N1,plate11-A/Missouri/11/2025_H1N1,1119,0.1001,0.1001
seqneut25to26_sera_1006_d28,A/Missouri/11/2025_H1N1,plate11-A/Missouri/11/2025_H1N1,2575,0.5563,0.5563
seqneut25to26_sera_1006_d28,A/Missouri/11/2025_H1N1,plate11-A/Missouri/11/2025_H1N1,5921,0.8282,0.8282
seqneut25to26_sera_1006_d28,A/Missouri/11/2025_H1N1,plate11-A/Missouri/11/2025_H1N1,1.362e+04,0.8718,0.8718
seqneut25to26_sera_1006_d28,A/NewSouthWales/2526015582/2025_H3N2,plate11-A/NewSouthWales/2526015582/2025_H3N2,40,0.0001048,0.0001048
seqneut25to26_sera_1006_d28,A/NewSouthWales/2526015582/2025_H3N2,plate11-A/NewSouthWales/2526015582/2025_H3N2,92,0.0004472,0.0004472
seqneut25to26_sera_1006_d28,A/NewSouthWales/2526015582/2025_H3N2,plate11-A/NewSouthWales/2526015582/2025_H3N2,212,0.04094,0.04094
seqneut25to26_sera_1006_d28,A/NewSouthWales/2526015582/2025_H3N2,plate11-A/NewSouthWales/2526015582/2025_H3N2,487,0.1664,0.1664
seqneut25to26_sera_1006_d28,A/NewSouthWales/2526015582/2025_H3N2,plate11-A/NewSouthWales/2526015582/2025_H3N2,1119,0.4887,0.4887
seqneut25to26_sera_1006_d28,A/NewSouthWales/2526015582/2025_H3N2,plate11-A/NewSouthWales/2526015582/2025_H3N2,2575,0.6792,0.6792
seqneut25to26_sera_1006_d28,A/NewSouthWales/2526015582/2025_H3N2,plate11-A/NewSouthWales/2526015582/2025_H3N2,5921,1.043,1
seqneut25to26_sera_1006_d28,A/NewSouthWales/2526015582/2025_H3N2,plate11-A/NewSouthWales/2526015582/2025_H3N2,1.362e+04,0.8964,0.8964
seqneut25to26_sera_1006_d28,A/NewSouthWales/2526015584/2025_H3N2,plate11-A/NewSouthWales/2526015584/2025_H3N2,40,4.002e-05,4.002e-05
seqneut25to26_sera_1006_d28,A/NewSouthWales/2526015584/2025_H3N2,plate11-A/NewSouthWales/2526015584/2025_H3N2,92,4.377e-05,4.377e-05
seqneut25to26_sera_1006_d28,A/NewSouthWales/2526015584/2025_H3N2,plate11-A/NewSouthWales/2526015584/2025_H3N2,212,0.08113,0.08113
seqneut25to26_sera_1006_d28,A/NewSouthWales/2526015584/2025_H3N2,plate11-A/NewSouthWales/2526015584/2025_H3N2,487,0.1911,0.1911
seqneut25to26_sera_1006_d28,A/NewSouthWales/2526015584/2025_H3N2,plate11-A/NewSouthWales/2526015584/2025_H3N2,1119,0.5305,0.5305
seqneut25to26_sera_1006_d28,A/NewSouthWales/2526015584/2025_H3N2,plate11-A/NewSouthWales/2526015584/2025_H3N2,2575,0.6189,0.6189
seqneut25to26_sera_1006_d28,A/NewSouthWales/2526015584/2025_H3N2,plate11-A/NewSouthWales/2526015584/2025_H3N2,5921,0.9746,0.9746
seqneut25to26_sera_1006_d28,A/NewSouthWales/2526015584/2025_H3N2,plate11-A/NewSouthWales/2526015584/2025_H3N2,1.362e+04,0.8367,0.8367
seqneut25to26_sera_1006_d28,A/Norway/8765/2025_H3N2,plate11-A/Norway/8765/2025_H3N2,40,0,0
seqneut25to26_sera_1006_d28,A/Norway/8765/2025_H3N2,plate11-A/Norway/8765/2025_H3N2,92,0.004788,0.004788
seqneut25to26_sera_1006_d28,A/Norway/8765/2025_H3N2,plate11-A/Norway/8765/2025_H3N2,212,0.04249,0.04249
seqneut25to26_sera_1006_d28,A/Norway/8765/2025_H3N2,plate11-A/Norway/8765/2025_H3N2,487,0.2079,0.2079
seqneut25to26_sera_1006_d28,A/Norway/8765/2025_H3N2,plate11-A/Norway/8765/2025_H3N2,1119,0.5529,0.5529
seqneut25to26_sera_1006_d28,A/Norway/8765/2025_H3N2,plate11-A/Norway/8765/2025_H3N2,2575,0.594,0.594
seqneut25to26_sera_1006_d28,A/Norway/8765/2025_H3N2,plate11-A/Norway/8765/2025_H3N2,5921,0.8478,0.8478
seqneut25to26_sera_1006_d28,A/Norway/8765/2025_H3N2,plate11-A/Norway/8765/2025_H3N2,1.362e+04,0.924,0.924
seqneut25to26_sera_1006_d28,A/Norway/8976/2025_H3N2,plate11-A/Norway/8976/2025_H3N2,40,0,0
seqneut25to26_sera_1006_d28,A/Norway/8976/2025_H3N2,plate11-A/Norway/8976/2025_H3N2,92,0.001017,0.001017
seqneut25to26_sera_1006_d28,A/Norway/8976/2025_H3N2,plate11-A/Norway/8976/2025_H3N2,212,0.02788,0.02788
seqneut25to26_sera_1006_d28,A/Norway/8976/2025_H3N2,plate11-A/Norway/8976/2025_H3N2,487,0.183,0.183
seqneut25to26_sera_1006_d28,A/Norway/8976/2025_H3N2,plate11-A/Norway/8976/2025_H3N2,1119,0.5141,0.5141
seqneut25to26_sera_1006_d28,A/Norway/8976/2025_H3N2,plate11-A/Norway/8976/2025_H3N2,2575,0.6274,0.6274
seqneut25to26_sera_1006_d28,A/Norway/8976/2025_H3N2,plate11-A/Norway/8976/2025_H3N2,5921,0.8555,0.8555
seqneut25to26_sera_1006_d28,A/Norway/8976/2025_H3N2,plate11-A/Norway/8976/2025_H3N2,1.362e+04,0.9853,0.9853
seqneut25to26_sera_1006_d28,A/Norway/9107/2025_H1N1,plate11-A/Norway/9107/2025_H1N1,40,5.487e-05,5.487e-05
seqneut25to26_sera_1006_d28,A/Norway/9107/2025_H1N1,plate11-A/Norway/9107/2025_H1N1,92,0.0004962,0.0004962
seqneut25to26_sera_1006_d28,A/Norway/9107/2025_H1N1,plate11-A/Norway/9107/2025_H1N1,212,0.0005224,0.0005224
seqneut25to26_sera_1006_d28,A/Norway/9107/2025_H1N1,plate11-A/Norway/9107/2025_H1N1,487,0.003089,0.003089
seqneut25to26_sera_1006_d28,A/Norway/9107/2025_H1N1,plate11-A/Norway/9107/2025_H1N1,1119,0.1054,0.1054
seqneut25to26_sera_1006_d28,A/Norway/9107/2025_H1N1,plate11-A/Norway/9107/2025_H1N1,2575,0.4936,0.4936
seqneut25to26_sera_1006_d28,A/Norway/9107/2025_H1N1,plate11-A/Norway/9107/2025_H1N1,5921,0.9976,0.9976
seqneut25to26_sera_1006_d28,A/Norway/9107/2025_H1N1,plate11-A/Norway/9107/2025_H1N1,1.362e+04,0.9586,0.9586
seqneut25to26_sera_1006_d28,A/Norway/9556/2025_H1N1,plate11-A/Norway/9556/2025_H1N1,40,0.0001685,0.0001685
seqneut25to26_sera_1006_d28,A/Norway/9556/2025_H1N1,plate11-A/Norway/9556/2025_H1N1,92,0.00969,0.00969
seqneut25to26_sera_1006_d28,A/Norway/9556/2025_H1N1,plate11-A/Norway/9556/2025_H1N1,212,0.0959,0.0959
seqneut25to26_sera_1006_d28,A/Norway/9556/2025_H1N1,plate11-A/Norway/9556/2025_H1N1,487,0.4794,0.4794
seqneut25to26_sera_1006_d28,A/Norway/9556/2025_H1N1,plate11-A/Norway/9556/2025_H1N1,1119,0.8981,0.8981
seqneut25to26_sera_1006_d28,A/Norway/9556/2025_H1N1,plate11-A/Norway/9556/2025_H1N1,2575,0.865,0.865
seqneut25to26_sera_1006_d28,A/Norway/9556/2025_H1N1,plate11-A/Norway/9556/2025_H1N1,5921,1.182,1
seqneut25to26_sera_1006_d28,A/Norway/9556/2025_H1N1,plate11-A/Norway/9556/2025_H1N1,1.362e+04,1.108,1
seqneut25to26_sera_1006_d28,A/Peru/GIHSN-04-1089/2025_H3N2,plate11-A/Peru/GIHSN-04-1089/2025_H3N2,40,0.000213,0.000213
seqneut25to26_sera_1006_d28,A/Peru/GIHSN-04-1089/2025_H3N2,plate11-A/Peru/GIHSN-04-1089/2025_H3N2,92,5.587e-05,5.587e-05
seqneut25to26_sera_1006_d28,A/Peru/GIHSN-04-1089/2025_H3N2,plate11-A/Peru/GIHSN-04-1089/2025_H3N2,212,0.001044,0.001044
seqneut25to26_sera_1006_d28,A/Peru/GIHSN-04-1089/2025_H3N2,plate11-A/Peru/GIHSN-04-1089/2025_H3N2,487,0.03901,0.03901
seqneut25to26_sera_1006_d28,A/Peru/GIHSN-04-1089/2025_H3N2,plate11-A/Peru/GIHSN-04-1089/2025_H3N2,1119,0.3714,0.3714
seqneut25to26_sera_1006_d28,A/Peru/GIHSN-04-1089/2025_H3N2,plate11-A/Peru/GIHSN-04-1089/2025_H3N2,2575,0.6792,0.6792
seqneut25to26_sera_1006_d28,A/Peru/GIHSN-04-1089/2025_H3N2,plate11-A/Peru/GIHSN-04-1089/2025_H3N2,5921,0.9548,0.9548
seqneut25to26_sera_1006_d28,A/Peru/GIHSN-04-1089/2025_H3N2,plate11-A/Peru/GIHSN-04-1089/2025_H3N2,1.362e+04,0.8634,0.8634
seqneut25to26_sera_1006_d28,A/Philippines/SARI25-1425/2025_H1N1,plate11-A/Philippines/SARI25-1425/2025_H1N1,40,0.0002979,0.0002979
seqneut25to26_sera_1006_d28,A/Philippines/SARI25-1425/2025_H1N1,plate11-A/Philippines/SARI25-1425/2025_H1N1,92,0.003372,0.003372
seqneut25to26_sera_1006_d28,A/Philippines/SARI25-1425/2025_H1N1,plate11-A/Philippines/SARI25-1425/2025_H1N1,212,0.04114,0.04114
seqneut25to26_sera_1006_d28,A/Philippines/SARI25-1425/2025_H1N1,plate11-A/Philippines/SARI25-1425/2025_H1N1,487,0.3874,0.3874
seqneut25to26_sera_1006_d28,A/Philippines/SARI25-1425/2025_H1N1,plate11-A/Philippines/SARI25-1425/2025_H1N1,1119,0.9008,0.9008
seqneut25to26_sera_1006_d28,A/Philippines/SARI25-1425/2025_H1N1,plate11-A/Philippines/SARI25-1425/2025_H1N1,2575,0.9986,0.9986
seqneut25to26_sera_1006_d28,A/Philippines/SARI25-1425/2025_H1N1,plate11-A/Philippines/SARI25-1425/2025_H1N1,5921,1.169,1
seqneut25to26_sera_1006_d28,A/Philippines/SARI25-1425/2025_H1N1,plate11-A/Philippines/SARI25-1425/2025_H1N1,1.362e+04,1.092,1
seqneut25to26_sera_1006_d28,A/Queensland/2526516675/2025_H3N2,plate11-A/Queensland/2526516675/2025_H3N2,40,0,0
seqneut25to26_sera_1006_d28,A/Queensland/2526516675/2025_H3N2,plate11-A/Queensland/2526516675/2025_H3N2,92,0.0007059,0.0007059
seqneut25to26_sera_1006_d28,A/Queensland/2526516675/2025_H3N2,plate11-A/Queensland/2526516675/2025_H3N2,212,0.05421,0.05421
seqneut25to26_sera_1006_d28,A/Queensland/2526516675/2025_H3N2,plate11-A/Queensland/2526516675/2025_H3N2,487,0.1868,0.1868
seqneut25to26_sera_1006_d28,A/Queensland/2526516675/2025_H3N2,plate11-A/Queensland/2526516675/2025_H3N2,1119,0.5827,0.5827
seqneut25to26_sera_1006_d28,A/Queensland/2526516675/2025_H3N2,plate11-A/Queensland/2526516675/2025_H3N2,2575,0.5945,0.5945
seqneut25to26_sera_1006_d28,A/Queensland/2526516675/2025_H3N2,plate11-A/Queensland/2526516675/2025_H3N2,5921,0.8277,0.8277
seqneut25to26_sera_1006_d28,A/Queensland/2526516675/2025_H3N2,plate11-A/Queensland/2526516675/2025_H3N2,1.362e+04,0.9329,0.9329
seqneut25to26_sera_1006_d28,A/SouthAfrica/PET37604/2025_H3N2,plate11-A/SouthAfrica/PET37604/2025_H3N2,40,0,0
seqneut25to26_sera_1006_d28,A/SouthAfrica/PET37604/2025_H3N2,plate11-A/SouthAfrica/PET37604/2025_H3N2,92,6.26e-05,6.26e-05
seqneut25to26_sera_1006_d28,A/SouthAfrica/PET37604/2025_H3N2,plate11-A/SouthAfrica/PET37604/2025_H3N2,212,2.411e-05,2.411e-05
seqneut25to26_sera_1006_d28,A/SouthAfrica/PET37604/2025_H3N2,plate11-A/SouthAfrica/PET37604/2025_H3N2,487,0.05581,0.05581
seqneut25to26_sera_1006_d28,A/SouthAfrica/PET37604/2025_H3N2,plate11-A/SouthAfrica/PET37604/2025_H3N2,1119,0.1708,0.1708
seqneut25to26_sera_1006_d28,A/SouthAfrica/PET37604/2025_H3N2,plate11-A/SouthAfrica/PET37604/2025_H3N2,2575,0.338,0.338
seqneut25to26_sera_1006_d28,A/SouthAfrica/PET37604/2025_H3N2,plate11-A/SouthAfrica/PET37604/2025_H3N2,5921,0.658,0.658
seqneut25to26_sera_1006_d28,A/SouthAfrica/PET37604/2025_H3N2,plate11-A/SouthAfrica/PET37604/2025_H3N2,1.362e+04,0.7687,0.7687
seqneut25to26_sera_1006_d28,A/SouthAfrica/PET37625/2025_H3N2,plate11-A/SouthAfrica/PET37625/2025_H3N2,40,0,0
seqneut25to26_sera_1006_d28,A/SouthAfrica/PET37625/2025_H3N2,plate11-A/SouthAfrica/PET37625/2025_H3N2,92,0,0
seqneut25to26_sera_1006_d28,A/SouthAfrica/PET37625/2025_H3N2,plate11-A/SouthAfrica/PET37625/2025_H3N2,212,0.005292,0.005292
seqneut25to26_sera_1006_d28,A/SouthAfrica/PET37625/2025_H3N2,plate11-A/SouthAfrica/PET37625/2025_H3N2,487,0.01466,0.01466
seqneut25to26_sera_1006_d28,A/SouthAfrica/PET37625/2025_H3N2,plate11-A/SouthAfrica/PET37625/2025_H3N2,1119,0.1455,0.1455
seqneut25to26_sera_1006_d28,A/SouthAfrica/PET37625/2025_H3N2,plate11-A/SouthAfrica/PET37625/2025_H3N2,2575,0.2666,0.2666
seqneut25to26_sera_1006_d28,A/SouthAfrica/PET37625/2025_H3N2,plate11-A/SouthAfrica/PET37625/2025_H3N2,5921,0.655,0.655
seqneut25to26_sera_1006_d28,A/SouthAfrica/PET37625/2025_H3N2,plate11-A/SouthAfrica/PET37625/2025_H3N2,1.362e+04,0.8122,0.8122
seqneut25to26_sera_1006_d28,A/SouthAustralia/2519001037/2025_H1N1,plate11-A/SouthAustralia/2519001037/2025_H1N1,40,0.0003394,0.0003394
seqneut25to26_sera_1006_d28,A/SouthAustralia/2519001037/2025_H1N1,plate11-A/SouthAustralia/2519001037/2025_H1N1,92,0.0003633,0.0003633
seqneut25to26_sera_1006_d28,A/SouthAustralia/2519001037/2025_H1N1,plate11-A/SouthAustralia/2519001037/2025_H1N1,212,0.0001657,0.0001657
seqneut25to26_sera_1006_d28,A/SouthAustralia/2519001037/2025_H1N1,plate11-A/SouthAustralia/2519001037/2025_H1N1,487,0.00583,0.00583
seqneut25to26_sera_1006_d28,A/SouthAustralia/2519001037/2025_H1N1,plate11-A/SouthAustralia/2519001037/2025_H1N1,1119,0.1723,0.1723
seqneut25to26_sera_1006_d28,A/SouthAustralia/2519001037/2025_H1N1,plate11-A/SouthAustralia/2519001037/2025_H1N1,2575,0.4732,0.4732
seqneut25to26_sera_1006_d28,A/SouthAustralia/2519001037/2025_H1N1,plate11-A/SouthAustralia/2519001037/2025_H1N1,5921,1.082,1
seqneut25to26_sera_1006_d28,A/SouthAustralia/2519001037/2025_H1N1,plate11-A/SouthAustralia/2519001037/2025_H1N1,1.362e+04,0.9036,0.9036
seqneut25to26_sera_1006_d28,A/SouthAustralia/2520702747/2025_H1N1,plate11-A/SouthAustralia/2520702747/2025_H1N1,40,0.000177,0.000177
seqneut25to26_sera_1006_d28,A/SouthAustralia/2520702747/2025_H1N1,plate11-A/SouthAustralia/2520702747/2025_H1N1,92,0.0003209,0.0003209
seqneut25to26_sera_1006_d28,A/SouthAustralia/2520702747/2025_H1N1,plate11-A/SouthAustralia/2520702747/2025_H1N1,212,0.0001998,0.0001998
seqneut25to26_sera_1006_d28,A/SouthAustralia/2520702747/2025_H1N1,plate11-A/SouthAustralia/2520702747/2025_H1N1,487,0.0009914,0.0009914
seqneut25to26_sera_1006_d28,A/SouthAustralia/2520702747/2025_H1N1,plate11-A/SouthAustralia/2520702747/2025_H1N1,1119,0.09964,0.09964
seqneut25to26_sera_1006_d28,A/SouthAustralia/2520702747/2025_H1N1,plate11-A/SouthAustralia/2520702747/2025_H1N1,2575,0.4854,0.4854
seqneut25to26_sera_1006_d28,A/SouthAustralia/2520702747/2025_H1N1,plate11-A/SouthAustralia/2520702747/2025_H1N1,5921,0.9162,0.9162
seqneut25to26_sera_1006_d28,A/SouthAustralia/2520702747/2025_H1N1,plate11-A/SouthAustralia/2520702747/2025_H1N1,1.362e+04,0.8777,0.8777
seqneut25to26_sera_1006_d28,A/SouthAustralia/2523012764/2025_H1N1,plate11-A/SouthAustralia/2523012764/2025_H1N1,40,0,0
seqneut25to26_sera_1006_d28,A/SouthAustralia/2523012764/2025_H1N1,plate11-A/SouthAustralia/2523012764/2025_H1N1,92,0.0003235,0.0003235
seqneut25to26_sera_1006_d28,A/SouthAustralia/2523012764/2025_H1N1,plate11-A/SouthAustralia/2523012764/2025_H1N1,212,7.421e-05,7.421e-05
seqneut25to26_sera_1006_d28,A/SouthAustralia/2523012764/2025_H1N1,plate11-A/SouthAustralia/2523012764/2025_H1N1,487,0.04657,0.04657
seqneut25to26_sera_1006_d28,A/SouthAustralia/2523012764/2025_H1N1,plate11-A/SouthAustralia/2523012764/2025_H1N1,1119,0.0955,0.0955
seqneut25to26_sera_1006_d28,A/SouthAustralia/2523012764/2025_H1N1,plate11-A/SouthAustralia/2523012764/2025_H1N1,2575,0.4637,0.4637
seqneut25to26_sera_1006_d28,A/SouthAustralia/2523012764/2025_H1N1,plate11-A/SouthAustralia/2523012764/2025_H1N1,5921,0.878,0.878
seqneut25to26_sera_1006_d28,A/SouthAustralia/2523012764/2025_H1N1,plate11-A/SouthAustralia/2523012764/2025_H1N1,1.362e+04,1.151,1
seqneut25to26_sera_1006_d28,A/SouthAustralia/2523812314/2025_H3N2,plate11-A/SouthAustralia/2523812314/2025_H3N2,40,7.621e-05,7.621e-05
seqneut25to26_sera_1006_d28,A/SouthAustralia/2523812314/2025_H3N2,plate11-A/SouthAustralia/2523812314/2025_H3N2,92,0.001717,0.001717
seqneut25to26_sera_1006_d28,A/SouthAustralia/2523812314/2025_H3N2,plate11-A/SouthAustralia/2523812314/2025_H3N2,212,0.02326,0.02326
seqneut25to26_sera_1006_d28,A/SouthAustralia/2523812314/2025_H3N2,plate11-A/SouthAustralia/2523812314/2025_H3N2,487,0.2173,0.2173
seqneut25to26_sera_1006_d28,A/SouthAustralia/2523812314/2025_H3N2,plate11-A/SouthAustralia/2523812314/2025_H3N2,1119,0.3105,0.3105
seqneut25to26_sera_1006_d28,A/SouthAustralia/2523812314/2025_H3N2,plate11-A/SouthAustralia/2523812314/2025_H3N2,2575,0.5203,0.5203
seqneut25to26_sera_1006_d28,A/SouthAustralia/2523812314/2025_H3N2,plate11-A/SouthAustralia/2523812314/2025_H3N2,5921,0.9936,0.9936
seqneut25to26_sera_1006_d28,A/SouthAustralia/2523812314/2025_H3N2,plate11-A/SouthAustralia/2523812314/2025_H3N2,1.362e+04,0.9405,0.9405
seqneut25to26_sera_1006_d28,A/SouthAustralia/2524408801/2025_H3N2,plate11-A/SouthAustralia/2524408801/2025_H3N2,40,1.367e-05,1.367e-05
seqneut25to26_sera_1006_d28,A/SouthAustralia/2524408801/2025_H3N2,plate11-A/SouthAustralia/2524408801/2025_H3N2,92,0.002783,0.002783
seqneut25to26_sera_1006_d28,A/SouthAustralia/2524408801/2025_H3N2,plate11-A/SouthAustralia/2524408801/2025_H3N2,212,0.03001,0.03001
seqneut25to26_sera_1006_d28,A/SouthAustralia/2524408801/2025_H3N2,plate11-A/SouthAustralia/2524408801/2025_H3N2,487,0.212,0.212
seqneut25to26_sera_1006_d28,A/SouthAustralia/2524408801/2025_H3N2,plate11-A/SouthAustralia/2524408801/2025_H3N2,1119,0.3755,0.3755
seqneut25to26_sera_1006_d28,A/SouthAustralia/2524408801/2025_H3N2,plate11-A/SouthAustralia/2524408801/2025_H3N2,2575,0.6396,0.6396
seqneut25to26_sera_1006_d28,A/SouthAustralia/2524408801/2025_H3N2,plate11-A/SouthAustralia/2524408801/2025_H3N2,5921,1.043,1
seqneut25to26_sera_1006_d28,A/SouthAustralia/2524408801/2025_H3N2,plate11-A/SouthAustralia/2524408801/2025_H3N2,1.362e+04,0.8933,0.8933
seqneut25to26_sera_1006_d28,A/SouthAustralia/2524712956/2025_H1N1,plate11-A/SouthAustralia/2524712956/2025_H1N1,40,0.0001899,0.0001899
seqneut25to26_sera_1006_d28,A/SouthAustralia/2524712956/2025_H1N1,plate11-A/SouthAustralia/2524712956/2025_H1N1,92,0.0007597,0.0007597
seqneut25to26_sera_1006_d28,A/SouthAustralia/2524712956/2025_H1N1,plate11-A/SouthAustralia/2524712956/2025_H1N1,212,0.003125,0.003125
seqneut25to26_sera_1006_d28,A/SouthAustralia/2524712956/2025_H1N1,plate11-A/SouthAustralia/2524712956/2025_H1N1,487,0.1197,0.1197
seqneut25to26_sera_1006_d28,A/SouthAustralia/2524712956/2025_H1N1,plate11-A/SouthAustralia/2524712956/2025_H1N1,1119,0.7537,0.7537
seqneut25to26_sera_1006_d28,A/SouthAustralia/2524712956/2025_H1N1,plate11-A/SouthAustralia/2524712956/2025_H1N1,2575,0.9173,0.9173
seqneut25to26_sera_1006_d28,A/SouthAustralia/2524712956/2025_H1N1,plate11-A/SouthAustralia/2524712956/2025_H1N1,5921,1.337,1
seqneut25to26_sera_1006_d28,A/SouthAustralia/2524712956/2025_H1N1,plate11-A/SouthAustralia/2524712956/2025_H1N1,1.362e+04,1.147,1
seqneut25to26_sera_1006_d28,A/SouthAustralia/2525607496/2025_H3N2,plate11-A/SouthAustralia/2525607496/2025_H3N2,40,0,0
seqneut25to26_sera_1006_d28,A/SouthAustralia/2525607496/2025_H3N2,plate11-A/SouthAustralia/2525607496/2025_H3N2,92,0,0
seqneut25to26_sera_1006_d28,A/SouthAustralia/2525607496/2025_H3N2,plate11-A/SouthAustralia/2525607496/2025_H3N2,212,0.0002415,0.0002415
seqneut25to26_sera_1006_d28,A/SouthAustralia/2525607496/2025_H3N2,plate11-A/SouthAustralia/2525607496/2025_H3N2,487,0.004404,0.004404
seqneut25to26_sera_1006_d28,A/SouthAustralia/2525607496/2025_H3N2,plate11-A/SouthAustralia/2525607496/2025_H3N2,1119,0.1121,0.1121
seqneut25to26_sera_1006_d28,A/SouthAustralia/2525607496/2025_H3N2,plate11-A/SouthAustralia/2525607496/2025_H3N2,2575,0.37,0.37
seqneut25to26_sera_1006_d28,A/SouthAustralia/2525607496/2025_H3N2,plate11-A/SouthAustralia/2525607496/2025_H3N2,5921,0.805,0.805
seqneut25to26_sera_1006_d28,A/SouthAustralia/2525607496/2025_H3N2,plate11-A/SouthAustralia/2525607496/2025_H3N2,1.362e+04,0.8736,0.8736
seqneut25to26_sera_1006_d28,A/SouthAustralia/2527003588/2025_H3N2,plate11-A/SouthAustralia/2527003588/2025_H3N2,40,0,0
seqneut25to26_sera_1006_d28,A/SouthAustralia/2527003588/2025_H3N2,plate11-A/SouthAustralia/2527003588/2025_H3N2,92,0.007599,0.007599
seqneut25to26_sera_1006_d28,A/SouthAustralia/2527003588/2025_H3N2,plate11-A/SouthAustralia/2527003588/2025_H3N2,212,0.06564,0.06564
seqneut25to26_sera_1006_d28,A/SouthAustralia/2527003588/2025_H3N2,plate11-A/SouthAustralia/2527003588/2025_H3N2,487,0.336,0.336
seqneut25to26_sera_1006_d28,A/SouthAustralia/2527003588/2025_H3N2,plate11-A/SouthAustralia/2527003588/2025_H3N2,1119,1.074,1
seqneut25to26_sera_1006_d28,A/SouthAustralia/2527003588/2025_H3N2,plate11-A/SouthAustralia/2527003588/2025_H3N2,2575,1.006,1
seqneut25to26_sera_1006_d28,A/SouthAustralia/2527003588/2025_H3N2,plate11-A/SouthAustralia/2527003588/2025_H3N2,5921,1.09,1
seqneut25to26_sera_1006_d28,A/SouthAustralia/2527003588/2025_H3N2,plate11-A/SouthAustralia/2527003588/2025_H3N2,1.362e+04,1.167,1
seqneut25to26_sera_1006_d28,A/SouthAustralia/2527213276/2025_H3N2,plate11-A/SouthAustralia/2527213276/2025_H3N2,40,0,0
seqneut25to26_sera_1006_d28,A/SouthAustralia/2527213276/2025_H3N2,plate11-A/SouthAustralia/2527213276/2025_H3N2,92,0.000149,0.000149
seqneut25to26_sera_1006_d28,A/SouthAustralia/2527213276/2025_H3N2,plate11-A/SouthAustralia/2527213276/2025_H3N2,212,0.04204,0.04204
seqneut25to26_sera_1006_d28,A/SouthAustralia/2527213276/2025_H3N2,plate11-A/SouthAustralia/2527213276/2025_H3N2,487,0.2444,0.2444
seqneut25to26_sera_1006_d28,A/SouthAustralia/2527213276/2025_H3N2,plate11-A/SouthAustralia/2527213276/2025_H3N2,1119,0.6113,0.6113
seqneut25to26_sera_1006_d28,A/SouthAustralia/2527213276/2025_H3N2,plate11-A/SouthAustralia/2527213276/2025_H3N2,2575,0.5287,0.5287
seqneut25to26_sera_1006_d28,A/SouthAustralia/2527213276/2025_H3N2,plate11-A/SouthAustralia/2527213276/2025_H3N2,5921,0.7438,0.7438
seqneut25to26_sera_1006_d28,A/SouthAustralia/2527213276/2025_H3N2,plate11-A/SouthAustralia/2527213276/2025_H3N2,1.362e+04,0.9667,0.9667
seqneut25to26_sera_1006_d28,A/SouthAustralia/2527612456/2025_H1N1,plate11-A/SouthAustralia/2527612456/2025_H1N1,40,0.0001866,0.0001866
seqneut25to26_sera_1006_d28,A/SouthAustralia/2527612456/2025_H1N1,plate11-A/SouthAustralia/2527612456/2025_H1N1,92,0.0002511,0.0002511
seqneut25to26_sera_1006_d28,A/SouthAustralia/2527612456/2025_H1N1,plate11-A/SouthAustralia/2527612456/2025_H1N1,212,0.0003947,0.0003947
seqneut25to26_sera_1006_d28,A/SouthAustralia/2527612456/2025_H1N1,plate11-A/SouthAustralia/2527612456/2025_H1N1,487,0.004906,0.004906
seqneut25to26_sera_1006_d28,A/SouthAustralia/2527612456/2025_H1N1,plate11-A/SouthAustralia/2527612456/2025_H1N1,1119,0.2399,0.2399
seqneut25to26_sera_1006_d28,A/SouthAustralia/2527612456/2025_H1N1,plate11-A/SouthAustralia/2527612456/2025_H1N1,2575,0.9893,0.9893
seqneut25to26_sera_1006_d28,A/SouthAustralia/2527612456/2025_H1N1,plate11-A/SouthAustralia/2527612456/2025_H1N1,5921,1.227,1
seqneut25to26_sera_1006_d28,A/SouthAustralia/2527612456/2025_H1N1,plate11-A/SouthAustralia/2527612456/2025_H1N1,1.362e+04,0.9399,0.9399
seqneut25to26_sera_1006_d28,A/SouthAustralia/2527902708/2025_H3N2,plate11-A/SouthAustralia/2527902708/2025_H3N2,40,6.523e-06,6.523e-06
seqneut25to26_sera_1006_d28,A/SouthAustralia/2527902708/2025_H3N2,plate11-A/SouthAustralia/2527902708/2025_H3N2,92,0.01077,0.01077
seqneut25to26_sera_1006_d28,A/SouthAustralia/2527902708/2025_H3N2,plate11-A/SouthAustralia/2527902708/2025_H3N2,212,0.1884,0.1884
seqneut25to26_sera_1006_d28,A/SouthAustralia/2527902708/2025_H3N2,plate11-A/SouthAustralia/2527902708/2025_H3N2,487,0.3764,0.3764
seqneut25to26_sera_1006_d28,A/SouthAustralia/2527902708/2025_H3N2,plate11-A/SouthAustralia/2527902708/2025_H3N2,1119,0.6504,0.6504
seqneut25to26_sera_1006_d28,A/SouthAustralia/2527902708/2025_H3N2,plate11-A/SouthAustralia/2527902708/2025_H3N2,2575,0.8536,0.8536
seqneut25to26_sera_1006_d28,A/SouthAustralia/2527902708/2025_H3N2,plate11-A/SouthAustralia/2527902708/2025_H3N2,5921,1.301,1
seqneut25to26_sera_1006_d28,A/SouthAustralia/2527902708/2025_H3N2,plate11-A/SouthAustralia/2527902708/2025_H3N2,1.362e+04,0.9646,0.9646
seqneut25to26_sera_1006_d28,A/Sydney/1359/2024_H3N2,plate11-A/Sydney/1359/2024_H3N2,40,0,0
seqneut25to26_sera_1006_d28,A/Sydney/1359/2024_H3N2,plate11-A/Sydney/1359/2024_H3N2,92,0.0001025,0.0001025
seqneut25to26_sera_1006_d28,A/Sydney/1359/2024_H3N2,plate11-A/Sydney/1359/2024_H3N2,212,7.772e-05,7.772e-05
seqneut25to26_sera_1006_d28,A/Sydney/1359/2024_H3N2,plate11-A/Sydney/1359/2024_H3N2,487,0.03261,0.03261
seqneut25to26_sera_1006_d28,A/Sydney/1359/2024_H3N2,plate11-A/Sydney/1359/2024_H3N2,1119,0.1292,0.1292
seqneut25to26_sera_1006_d28,A/Sydney/1359/2024_H3N2,plate11-A/Sydney/1359/2024_H3N2,2575,0.3695,0.3695
seqneut25to26_sera_1006_d28,A/Sydney/1359/2024_H3N2,plate11-A/Sydney/1359/2024_H3N2,5921,0.9161,0.9161
seqneut25to26_sera_1006_d28,A/Sydney/1359/2024_H3N2,plate11-A/Sydney/1359/2024_H3N2,1.362e+04,0.9276,0.9276
seqneut25to26_sera_1006_d28,A/Sydney/400/2025_H1N1,plate11-A/Sydney/400/2025_H1N1,40,0.0004205,0.0004205
seqneut25to26_sera_1006_d28,A/Sydney/400/2025_H1N1,plate11-A/Sydney/400/2025_H1N1,92,0.000673,0.000673
seqneut25to26_sera_1006_d28,A/Sydney/400/2025_H1N1,plate11-A/Sydney/400/2025_H1N1,212,0.005049,0.005049
seqneut25to26_sera_1006_d28,A/Sydney/400/2025_H1N1,plate11-A/Sydney/400/2025_H1N1,487,0.02216,0.02216
seqneut25to26_sera_1006_d28,A/Sydney/400/2025_H1N1,plate11-A/Sydney/400/2025_H1N1,1119,0.3095,0.3095
seqneut25to26_sera_1006_d28,A/Sydney/400/2025_H1N1,plate11-A/Sydney/400/2025_H1N1,2575,0.6531,0.6531
seqneut25to26_sera_1006_d28,A/Sydney/400/2025_H1N1,plate11-A/Sydney/400/2025_H1N1,5921,0.9962,0.9962
seqneut25to26_sera_1006_d28,A/Sydney/400/2025_H1N1,plate11-A/Sydney/400/2025_H1N1,1.362e+04,1.093,1
seqneut25to26_sera_1006_d28,A/Tasmania/2521815682/2025_H3N2,plate11-A/Tasmania/2521815682/2025_H3N2,40,0.0001499,0.0001499
seqneut25to26_sera_1006_d28,A/Tasmania/2521815682/2025_H3N2,plate11-A/Tasmania/2521815682/2025_H3N2,92,0.001855,0.001855
seqneut25to26_sera_1006_d28,A/Tasmania/2521815682/2025_H3N2,plate11-A/Tasmania/2521815682/2025_H3N2,212,0.03676,0.03676
seqneut25to26_sera_1006_d28,A/Tasmania/2521815682/2025_H3N2,plate11-A/Tasmania/2521815682/2025_H3N2,487,0.2464,0.2464
seqneut25to26_sera_1006_d28,A/Tasmania/2521815682/2025_H3N2,plate11-A/Tasmania/2521815682/2025_H3N2,1119,0.5419,0.5419
seqneut25to26_sera_1006_d28,A/Tasmania/2521815682/2025_H3N2,plate11-A/Tasmania/2521815682/2025_H3N2,2575,0.7208,0.7208
seqneut25to26_sera_1006_d28,A/Tasmania/2521815682/2025_H3N2,plate11-A/Tasmania/2521815682/2025_H3N2,5921,1.041,1
seqneut25to26_sera_1006_d28,A/Tasmania/2521815682/2025_H3N2,plate11-A/Tasmania/2521815682/2025_H3N2,1.362e+04,0.9991,0.9991
seqneut25to26_sera_1006_d28,A/Thailand/8/2022_H3N2,plate11-A/Thailand/8/2022_H3N2,40,0.001441,0.001441
seqneut25to26_sera_1006_d28,A/Thailand/8/2022_H3N2,plate11-A/Thailand/8/2022_H3N2,92,0.0007993,0.0007993
seqneut25to26_sera_1006_d28,A/Thailand/8/2022_H3N2,plate11-A/Thailand/8/2022_H3N2,212,0.0008246,0.0008246
seqneut25to26_sera_1006_d28,A/Thailand/8/2022_H3N2,plate11-A/Thailand/8/2022_H3N2,487,0.004352,0.004352
seqneut25to26_sera_1006_d28,A/Thailand/8/2022_H3N2,plate11-A/Thailand/8/2022_H3N2,1119,0.1246,0.1246
seqneut25to26_sera_1006_d28,A/Thailand/8/2022_H3N2,plate11-A/Thailand/8/2022_H3N2,2575,0.2295,0.2295
seqneut25to26_sera_1006_d28,A/Thailand/8/2022_H3N2,plate11-A/Thailand/8/2022_H3N2,5921,0.2154,0.2154
seqneut25to26_sera_1006_d28,A/Thailand/8/2022_H3N2,plate11-A/Thailand/8/2022_H3N2,1.362e+04,0.2652,0.2652
seqneut25to26_sera_1006_d28,A/Vermont/73/2025_H3N2,plate11-A/Vermont/73/2025_H3N2,40,0.000147,0.000147
seqneut25to26_sera_1006_d28,A/Vermont/73/2025_H3N2,plate11-A/Vermont/73/2025_H3N2,92,0.0003415,0.0003415
seqneut25to26_sera_1006_d28,A/Vermont/73/2025_H3N2,plate11-A/Vermont/73/2025_H3N2,212,0.0641,0.0641
seqneut25to26_sera_1006_d28,A/Vermont/73/2025_H3N2,plate11-A/Vermont/73/2025_H3N2,487,0.1632,0.1632
seqneut25to26_sera_1006_d28,A/Vermont/73/2025_H3N2,plate11-A/Vermont/73/2025_H3N2,1119,0.7198,0.7198
seqneut25to26_sera_1006_d28,A/Vermont/73/2025_H3N2,plate11-A/Vermont/73/2025_H3N2,2575,0.5435,0.5435
seqneut25to26_sera_1006_d28,A/Vermont/73/2025_H3N2,plate11-A/Vermont/73/2025_H3N2,5921,1.098,1
seqneut25to26_sera_1006_d28,A/Vermont/73/2025_H3N2,plate11-A/Vermont/73/2025_H3N2,1.362e+04,0.9997,0.9997
seqneut25to26_sera_1006_d28,A/Victoria/4897/2022_IVR-238_H1N1,plate11-A/Victoria/4897/2022_IVR-238_H1N1,40,0,0
seqneut25to26_sera_1006_d28,A/Victoria/4897/2022_IVR-238_H1N1,plate11-A/Victoria/4897/2022_IVR-238_H1N1,92,0,0
seqneut25to26_sera_1006_d28,A/Victoria/4897/2022_IVR-238_H1N1,plate11-A/Victoria/4897/2022_IVR-238_H1N1,212,0.0002926,0.0002926
seqneut25to26_sera_1006_d28,A/Victoria/4897/2022_IVR-238_H1N1,plate11-A/Victoria/4897/2022_IVR-238_H1N1,487,2.894e-05,2.894e-05
seqneut25to26_sera_1006_d28,A/Victoria/4897/2022_IVR-238_H1N1,plate11-A/Victoria/4897/2022_IVR-238_H1N1,1119,0.0004863,0.0004863
seqneut25to26_sera_1006_d28,A/Victoria/4897/2022_IVR-238_H1N1,plate11-A/Victoria/4897/2022_IVR-238_H1N1,2575,0.0007199,0.0007199
seqneut25to26_sera_1006_d28,A/Victoria/4897/2022_IVR-238_H1N1,plate11-A/Victoria/4897/2022_IVR-238_H1N1,5921,0.0631,0.0631
seqneut25to26_sera_1006_d28,A/Victoria/4897/2022_IVR-238_H1N1,plate11-A/Victoria/4897/2022_IVR-238_H1N1,1.362e+04,0.4131,0.4131
seqneut25to26_sera_1006_d28,A/Wisconsin/588/2019_H1N1,plate11-A/Wisconsin/588/2019_H1N1,40,0,0
seqneut25to26_sera_1006_d28,A/Wisconsin/588/2019_H1N1,plate11-A/Wisconsin/588/2019_H1N1,92,0.0002674,0.0002674
seqneut25to26_sera_1006_d28,A/Wisconsin/588/2019_H1N1,plate11-A/Wisconsin/588/2019_H1N1,212,0.0001223,0.0001223
seqneut25to26_sera_1006_d28,A/Wisconsin/588/2019_H1N1,plate11-A/Wisconsin/588/2019_H1N1,487,0.0001595,0.0001595
seqneut25to26_sera_1006_d28,A/Wisconsin/588/2019_H1N1,plate11-A/Wisconsin/588/2019_H1N1,1119,0.01856,0.01856
seqneut25to26_sera_1006_d28,A/Wisconsin/588/2019_H1N1,plate11-A/Wisconsin/588/2019_H1N1,2575,0.2028,0.2028
seqneut25to26_sera_1006_d28,A/Wisconsin/588/2019_H1N1,plate11-A/Wisconsin/588/2019_H1N1,5921,0.7957,0.7957
seqneut25to26_sera_1006_d28,A/Wisconsin/588/2019_H1N1,plate11-A/Wisconsin/588/2019_H1N1,1.362e+04,0.8056,0.8056
seqneut25to26_sera_1006_d28,A/Wisconsin/67/2022_H1N1,plate11-A/Wisconsin/67/2022_H1N1,40,0.0002506,0.0002506
seqneut25to26_sera_1006_d28,A/Wisconsin/67/2022_H1N1,plate11-A/Wisconsin/67/2022_H1N1,92,0.0002934,0.0002934
seqneut25to26_sera_1006_d28,A/Wisconsin/67/2022_H1N1,plate11-A/Wisconsin/67/2022_H1N1,212,0.000156,0.000156
seqneut25to26_sera_1006_d28,A/Wisconsin/67/2022_H1N1,plate11-A/Wisconsin/67/2022_H1N1,487,0.003887,0.003887
seqneut25to26_sera_1006_d28,A/Wisconsin/67/2022_H1N1,plate11-A/Wisconsin/67/2022_H1N1,1119,0.08052,0.08052
seqneut25to26_sera_1006_d28,A/Wisconsin/67/2022_H1N1,plate11-A/Wisconsin/67/2022_H1N1,2575,0.4409,0.4409
seqneut25to26_sera_1006_d28,A/Wisconsin/67/2022_H1N1,plate11-A/Wisconsin/67/2022_H1N1,5921,0.8982,0.8982
seqneut25to26_sera_1006_d28,A/Wisconsin/67/2022_H1N1,plate11-A/Wisconsin/67/2022_H1N1,1.362e+04,0.8627,0.8627
seqneut25to26_sera_1006_d28,A/Zacapa/FLU-261/2025_H1N1,plate11-A/Zacapa/FLU-261/2025_H1N1,40,0.0001846,0.0001846
seqneut25to26_sera_1006_d28,A/Zacapa/FLU-261/2025_H1N1,plate11-A/Zacapa/FLU-261/2025_H1N1,92,0.000212,0.000212
seqneut25to26_sera_1006_d28,A/Zacapa/FLU-261/2025_H1N1,plate11-A/Zacapa/FLU-261/2025_H1N1,212,0.0003606,0.0003606
seqneut25to26_sera_1006_d28,A/Zacapa/FLU-261/2025_H1N1,plate11-A/Zacapa/FLU-261/2025_H1N1,487,0.00187,0.00187
seqneut25to26_sera_1006_d28,A/Zacapa/FLU-261/2025_H1N1,plate11-A/Zacapa/FLU-261/2025_H1N1,1119,0.1147,0.1147
seqneut25to26_sera_1006_d28,A/Zacapa/FLU-261/2025_H1N1,plate11-A/Zacapa/FLU-261/2025_H1N1,2575,0.4418,0.4418
seqneut25to26_sera_1006_d28,A/Zacapa/FLU-261/2025_H1N1,plate11-A/Zacapa/FLU-261/2025_H1N1,5921,0.9592,0.9592
seqneut25to26_sera_1006_d28,A/Zacapa/FLU-261/2025_H1N1,plate11-A/Zacapa/FLU-261/2025_H1N1,1.362e+04,0.9809,0.9809
seqneut25to26_sera_1026_d0,A/Alagoas/4130/2025_H3N2,plate11-A/Alagoas/4130/2025_H3N2,40,0.2631,0.2631
seqneut25to26_sera_1026_d0,A/Alagoas/4130/2025_H3N2,plate11-A/Alagoas/4130/2025_H3N2,92,0.4658,0.4658
seqneut25to26_sera_1026_d0,A/Alagoas/4130/2025_H3N2,plate11-A/Alagoas/4130/2025_H3N2,212,0.4142,0.4142
seqneut25to26_sera_1026_d0,A/Alagoas/4130/2025_H3N2,plate11-A/Alagoas/4130/2025_H3N2,487,0.6232,0.6232
seqneut25to26_sera_1026_d0,A/Alagoas/4130/2025_H3N2,plate11-A/Alagoas/4130/2025_H3N2,1119,0.7516,0.7516
seqneut25to26_sera_1026_d0,A/Alagoas/4130/2025_H3N2,plate11-A/Alagoas/4130/2025_H3N2,2575,0.914,0.914
seqneut25to26_sera_1026_d0,A/Alagoas/4130/2025_H3N2,plate11-A/Alagoas/4130/2025_H3N2,5921,1.163,1
seqneut25to26_sera_1026_d0,A/Alagoas/4130/2025_H3N2,plate11-A/Alagoas/4130/2025_H3N2,1.362e+04,1.093,1
seqneut25to26_sera_1026_d0,A/Anapolis/LEIAL6543/2025_H3N2,plate11-A/Anapolis/LEIAL6543/2025_H3N2,40,0.3317,0.3317
seqneut25to26_sera_1026_d0,A/Anapolis/LEIAL6543/2025_H3N2,plate11-A/Anapolis/LEIAL6543/2025_H3N2,92,0.3779,0.3779
seqneut25to26_sera_1026_d0,A/Anapolis/LEIAL6543/2025_H3N2,plate11-A/Anapolis/LEIAL6543/2025_H3N2,212,0.4402,0.4402
seqneut25to26_sera_1026_d0,A/Anapolis/LEIAL6543/2025_H3N2,plate11-A/Anapolis/LEIAL6543/2025_H3N2,487,0.5918,0.5918
seqneut25to26_sera_1026_d0,A/Anapolis/LEIAL6543/2025_H3N2,plate11-A/Anapolis/LEIAL6543/2025_H3N2,1119,0.8275,0.8275
seqneut25to26_sera_1026_d0,A/Anapolis/LEIAL6543/2025_H3N2,plate11-A/Anapolis/LEIAL6543/2025_H3N2,2575,0.8701,0.8701
seqneut25to26_sera_1026_d0,A/Anapolis/LEIAL6543/2025_H3N2,plate11-A/Anapolis/LEIAL6543/2025_H3N2,5921,0.8816,0.8816
seqneut25to26_sera_1026_d0,A/Anapolis/LEIAL6543/2025_H3N2,plate11-A/Anapolis/LEIAL6543/2025_H3N2,1.362e+04,0.9578,0.9578
seqneut25to26_sera_1026_d0,A/Andalucia/PMC-00977/2025_H1N1,plate11-A/Andalucia/PMC-00977/2025_H1N1,40,0.4328,0.4328
seqneut25to26_sera_1026_d0,A/Andalucia/PMC-00977/2025_H1N1,plate11-A/Andalucia/PMC-00977/2025_H1N1,92,0.8064,0.8064
seqneut25to26_sera_1026_d0,A/Andalucia/PMC-00977/2025_H1N1,plate11-A/Andalucia/PMC-00977/2025_H1N1,212,0.7815,0.7815
seqneut25to26_sera_1026_d0,A/Andalucia/PMC-00977/2025_H1N1,plate11-A/Andalucia/PMC-00977/2025_H1N1,487,0.9042,0.9042
seqneut25to26_sera_1026_d0,A/Andalucia/PMC-00977/2025_H1N1,plate11-A/Andalucia/PMC-00977/2025_H1N1,1119,1.075,1
seqneut25to26_sera_1026_d0,A/Andalucia/PMC-00977/2025_H1N1,plate11-A/Andalucia/PMC-00977/2025_H1N1,2575,0.8939,0.8939
seqneut25to26_sera_1026_d0,A/Andalucia/PMC-00977/2025_H1N1,plate11-A/Andalucia/PMC-00977/2025_H1N1,5921,1.145,1
seqneut25to26_sera_1026_d0,A/Andalucia/PMC-00977/2025_H1N1,plate11-A/Andalucia/PMC-00977/2025_H1N1,1.362e+04,1.126,1
seqneut25to26_sera_1026_d0,A/Aragon/2046/2025_H1N1,plate11-A/Aragon/2046/2025_H1N1,40,0.4097,0.4097
seqneut25to26_sera_1026_d0,A/Aragon/2046/2025_H1N1,plate11-A/Aragon/2046/2025_H1N1,92,0.7276,0.7276
seqneut25to26_sera_1026_d0,A/Aragon/2046/2025_H1N1,plate11-A/Aragon/2046/2025_H1N1,212,0.9136,0.9136
seqneut25to26_sera_1026_d0,A/Aragon/2046/2025_H1N1,plate11-A/Aragon/2046/2025_H1N1,487,0.9384,0.9384
seqneut25to26_sera_1026_d0,A/Aragon/2046/2025_H1N1,plate11-A/Aragon/2046/2025_H1N1,1119,1.156,1
seqneut25to26_sera_1026_d0,A/Aragon/2046/2025_H1N1,plate11-A/Aragon/2046/2025_H1N1,2575,0.8942,0.8942
seqneut25to26_sera_1026_d0,A/Aragon/2046/2025_H1N1,plate11-A/Aragon/2046/2025_H1N1,5921,1.23,1
seqneut25to26_sera_1026_d0,A/Aragon/2046/2025_H1N1,plate11-A/Aragon/2046/2025_H1N1,1.362e+04,1.046,1
seqneut25to26_sera_1026_d0,A/Arica/59150/2025_H3N2,plate11-A/Arica/59150/2025_H3N2,40,0.2961,0.2961
seqneut25to26_sera_1026_d0,A/Arica/59150/2025_H3N2,plate11-A/Arica/59150/2025_H3N2,92,0.4726,0.4726
seqneut25to26_sera_1026_d0,A/Arica/59150/2025_H3N2,plate11-A/Arica/59150/2025_H3N2,212,0.4001,0.4001
seqneut25to26_sera_1026_d0,A/Arica/59150/2025_H3N2,plate11-A/Arica/59150/2025_H3N2,487,0.5522,0.5522
seqneut25to26_sera_1026_d0,A/Arica/59150/2025_H3N2,plate11-A/Arica/59150/2025_H3N2,1119,0.8947,0.8947
seqneut25to26_sera_1026_d0,A/Arica/59150/2025_H3N2,plate11-A/Arica/59150/2025_H3N2,2575,0.835,0.835
seqneut25to26_sera_1026_d0,A/Arica/59150/2025_H3N2,plate11-A/Arica/59150/2025_H3N2,5921,0.9474,0.9474
seqneut25to26_sera_1026_d0,A/Arica/59150/2025_H3N2,plate11-A/Arica/59150/2025_H3N2,1.362e+04,0.9731,0.9731
seqneut25to26_sera_1026_d0,A/Bahia/3102/2025_H3N2,plate11-A/Bahia/3102/2025_H3N2,40,0.2178,0.2178
seqneut25to26_sera_1026_d0,A/Bahia/3102/2025_H3N2,plate11-A/Bahia/3102/2025_H3N2,92,0.346,0.346
seqneut25to26_sera_1026_d0,A/Bahia/3102/2025_H3N2,plate11-A/Bahia/3102/2025_H3N2,212,0.4744,0.4744
seqneut25to26_sera_1026_d0,A/Bahia/3102/2025_H3N2,plate11-A/Bahia/3102/2025_H3N2,487,0.5243,0.5243
seqneut25to26_sera_1026_d0,A/Bahia/3102/2025_H3N2,plate11-A/Bahia/3102/2025_H3N2,1119,0.8454,0.8454
seqneut25to26_sera_1026_d0,A/Bahia/3102/2025_H3N2,plate11-A/Bahia/3102/2025_H3N2,2575,0.7274,0.7274
seqneut25to26_sera_1026_d0,A/Bahia/3102/2025_H3N2,plate11-A/Bahia/3102/2025_H3N2,5921,0.895,0.895
seqneut25to26_sera_1026_d0,A/Bahia/3102/2025_H3N2,plate11-A/Bahia/3102/2025_H3N2,1.362e+04,0.9689,0.9689
seqneut25to26_sera_1026_d0,A/Bangkok/1803/2025_H1N1,plate11-A/Bangkok/1803/2025_H1N1,40,0.469,0.469
seqneut25to26_sera_1026_d0,A/Bangkok/1803/2025_H1N1,plate11-A/Bangkok/1803/2025_H1N1,92,0.7777,0.7777
seqneut25to26_sera_1026_d0,A/Bangkok/1803/2025_H1N1,plate11-A/Bangkok/1803/2025_H1N1,212,0.7094,0.7094
seqneut25to26_sera_1026_d0,A/Bangkok/1803/2025_H1N1,plate11-A/Bangkok/1803/2025_H1N1,487,0.9315,0.9315
seqneut25to26_sera_1026_d0,A/Bangkok/1803/2025_H1N1,plate11-A/Bangkok/1803/2025_H1N1,1119,1.344,1
seqneut25to26_sera_1026_d0,A/Bangkok/1803/2025_H1N1,plate11-A/Bangkok/1803/2025_H1N1,2575,0.9035,0.9035
seqneut25to26_sera_1026_d0,A/Bangkok/1803/2025_H1N1,plate11-A/Bangkok/1803/2025_H1N1,5921,1.198,1
seqneut25to26_sera_1026_d0,A/Bangkok/1803/2025_H1N1,plate11-A/Bangkok/1803/2025_H1N1,1.362e+04,1.012,1
seqneut25to26_sera_1026_d0,A/Bangkok/P2229/2025_H1N1,plate11-A/Bangkok/P2229/2025_H1N1,40,0.3088,0.3088
seqneut25to26_sera_1026_d0,A/Bangkok/P2229/2025_H1N1,plate11-A/Bangkok/P2229/2025_H1N1,92,0.5847,0.5847
seqneut25to26_sera_1026_d0,A/Bangkok/P2229/2025_H1N1,plate11-A/Bangkok/P2229/2025_H1N1,212,1.019,1
seqneut25to26_sera_1026_d0,A/Bangkok/P2229/2025_H1N1,plate11-A/Bangkok/P2229/2025_H1N1,487,0.8412,0.8412
seqneut25to26_sera_1026_d0,A/Bangkok/P2229/2025_H1N1,plate11-A/Bangkok/P2229/2025_H1N1,1119,1.212,1
seqneut25to26_sera_1026_d0,A/Bangkok/P2229/2025_H1N1,plate11-A/Bangkok/P2229/2025_H1N1,2575,1.05,1
seqneut25to26_sera_1026_d0,A/Bangkok/P2229/2025_H1N1,plate11-A/Bangkok/P2229/2025_H1N1,5921,1.224,1
seqneut25to26_sera_1026_d0,A/Bangkok/P2229/2025_H1N1,plate11-A/Bangkok/P2229/2025_H1N1,1.362e+04,1.287,1
seqneut25to26_sera_1026_d0,A/Bangkok/P2323/2025_H3N2,plate11-A/Bangkok/P2323/2025_H3N2,40,0.4469,0.4469
seqneut25to26_sera_1026_d0,A/Bangkok/P2323/2025_H3N2,plate11-A/Bangkok/P2323/2025_H3N2,92,0.4262,0.4262
seqneut25to26_sera_1026_d0,A/Bangkok/P2323/2025_H3N2,plate11-A/Bangkok/P2323/2025_H3N2,212,0.5801,0.5801
seqneut25to26_sera_1026_d0,A/Bangkok/P2323/2025_H3N2,plate11-A/Bangkok/P2323/2025_H3N2,487,0.8917,0.8917
seqneut25to26_sera_1026_d0,A/Bangkok/P2323/2025_H3N2,plate11-A/Bangkok/P2323/2025_H3N2,1119,0.9238,0.9238
seqneut25to26_sera_1026_d0,A/Bangkok/P2323/2025_H3N2,plate11-A/Bangkok/P2323/2025_H3N2,2575,0.7865,0.7865
seqneut25to26_sera_1026_d0,A/Bangkok/P2323/2025_H3N2,plate11-A/Bangkok/P2323/2025_H3N2,5921,0.8695,0.8695
seqneut25to26_sera_1026_d0,A/Bangkok/P2323/2025_H3N2,plate11-A/Bangkok/P2323/2025_H3N2,1.362e+04,1.007,1
seqneut25to26_sera_1026_d0,A/Bangkok/P2390/2025_H3N2,plate11-A/Bangkok/P2390/2025_H3N2,40,0.4006,0.4006
seqneut25to26_sera_1026_d0,A/Bangkok/P2390/2025_H3N2,plate11-A/Bangkok/P2390/2025_H3N2,92,0.4467,0.4467
seqneut25to26_sera_1026_d0,A/Bangkok/P2390/2025_H3N2,plate11-A/Bangkok/P2390/2025_H3N2,212,0.6458,0.6458
seqneut25to26_sera_1026_d0,A/Bangkok/P2390/2025_H3N2,plate11-A/Bangkok/P2390/2025_H3N2,487,0.8165,0.8165
seqneut25to26_sera_1026_d0,A/Bangkok/P2390/2025_H3N2,plate11-A/Bangkok/P2390/2025_H3N2,1119,1.024,1
seqneut25to26_sera_1026_d0,A/Bangkok/P2390/2025_H3N2,plate11-A/Bangkok/P2390/2025_H3N2,2575,0.6562,0.6562
seqneut25to26_sera_1026_d0,A/Bangkok/P2390/2025_H3N2,plate11-A/Bangkok/P2390/2025_H3N2,5921,0.9162,0.9162
seqneut25to26_sera_1026_d0,A/Bangkok/P2390/2025_H3N2,plate11-A/Bangkok/P2390/2025_H3N2,1.362e+04,0.8398,0.8398
seqneut25to26_sera_1026_d0,A/Bangkok/P2391/2025_H3N2,plate11-A/Bangkok/P2391/2025_H3N2,40,0.325,0.325
seqneut25to26_sera_1026_d0,A/Bangkok/P2391/2025_H3N2,plate11-A/Bangkok/P2391/2025_H3N2,92,0.298,0.298
seqneut25to26_sera_1026_d0,A/Bangkok/P2391/2025_H3N2,plate11-A/Bangkok/P2391/2025_H3N2,212,0.4236,0.4236
seqneut25to26_sera_1026_d0,A/Bangkok/P2391/2025_H3N2,plate11-A/Bangkok/P2391/2025_H3N2,487,0.6274,0.6274
seqneut25to26_sera_1026_d0,A/Bangkok/P2391/2025_H3N2,plate11-A/Bangkok/P2391/2025_H3N2,1119,0.9726,0.9726
seqneut25to26_sera_1026_d0,A/Bangkok/P2391/2025_H3N2,plate11-A/Bangkok/P2391/2025_H3N2,2575,0.7577,0.7577
seqneut25to26_sera_1026_d0,A/Bangkok/P2391/2025_H3N2,plate11-A/Bangkok/P2391/2025_H3N2,5921,0.7261,0.7261
seqneut25to26_sera_1026_d0,A/Bangkok/P2391/2025_H3N2,plate11-A/Bangkok/P2391/2025_H3N2,1.362e+04,0.7681,0.7681
seqneut25to26_sera_1026_d0,A/Bangkok/P2572/2025_H3N2,plate11-A/Bangkok/P2572/2025_H3N2,40,0.6652,0.6652
seqneut25to26_sera_1026_d0,A/Bangkok/P2572/2025_H3N2,plate11-A/Bangkok/P2572/2025_H3N2,92,0.6339,0.6339
seqneut25to26_sera_1026_d0,A/Bangkok/P2572/2025_H3N2,plate11-A/Bangkok/P2572/2025_H3N2,212,0.6785,0.6785
seqneut25to26_sera_1026_d0,A/Bangkok/P2572/2025_H3N2,plate11-A/Bangkok/P2572/2025_H3N2,487,0.7818,0.7818
seqneut25to26_sera_1026_d0,A/Bangkok/P2572/2025_H3N2,plate11-A/Bangkok/P2572/2025_H3N2,1119,0.9646,0.9646
seqneut25to26_sera_1026_d0,A/Bangkok/P2572/2025_H3N2,plate11-A/Bangkok/P2572/2025_H3N2,2575,0.6434,0.6434
seqneut25to26_sera_1026_d0,A/Bangkok/P2572/2025_H3N2,plate11-A/Bangkok/P2572/2025_H3N2,5921,0.8221,0.8221
seqneut25to26_sera_1026_d0,A/Bangkok/P2572/2025_H3N2,plate11-A/Bangkok/P2572/2025_H3N2,1.362e+04,1.072,1
seqneut25to26_sera_1026_d0,A/Bangkok/P2921/2025_H3N2,plate11-A/Bangkok/P2921/2025_H3N2,40,0.4155,0.4155
seqneut25to26_sera_1026_d0,A/Bangkok/P2921/2025_H3N2,plate11-A/Bangkok/P2921/2025_H3N2,92,0.6457,0.6457
seqneut25to26_sera_1026_d0,A/Bangkok/P2921/2025_H3N2,plate11-A/Bangkok/P2921/2025_H3N2,212,0.6639,0.6639
seqneut25to26_sera_1026_d0,A/Bangkok/P2921/2025_H3N2,plate11-A/Bangkok/P2921/2025_H3N2,487,0.6442,0.6442
seqneut25to26_sera_1026_d0,A/Bangkok/P2921/2025_H3N2,plate11-A/Bangkok/P2921/2025_H3N2,1119,1.002,1
seqneut25to26_sera_1026_d0,A/Bangkok/P2921/2025_H3N2,plate11-A/Bangkok/P2921/2025_H3N2,2575,0.8311,0.8311
seqneut25to26_sera_1026_d0,A/Bangkok/P2921/2025_H3N2,plate11-A/Bangkok/P2921/2025_H3N2,5921,1.034,1
seqneut25to26_sera_1026_d0,A/Bangkok/P2921/2025_H3N2,plate11-A/Bangkok/P2921/2025_H3N2,1.362e+04,1.095,1
seqneut25to26_sera_1026_d0,A/Bangkok/P3067/2025_H1N1,plate11-A/Bangkok/P3067/2025_H1N1,40,0.1857,0.1857
seqneut25to26_sera_1026_d0,A/Bangkok/P3067/2025_H1N1,plate11-A/Bangkok/P3067/2025_H1N1,92,0.6359,0.6359
seqneut25to26_sera_1026_d0,A/Bangkok/P3067/2025_H1N1,plate11-A/Bangkok/P3067/2025_H1N1,212,0.747,0.747
seqneut25to26_sera_1026_d0,A/Bangkok/P3067/2025_H1N1,plate11-A/Bangkok/P3067/2025_H1N1,487,0.7841,0.7841
seqneut25to26_sera_1026_d0,A/Bangkok/P3067/2025_H1N1,plate11-A/Bangkok/P3067/2025_H1N1,1119,1.069,1
seqneut25to26_sera_1026_d0,A/Bangkok/P3067/2025_H1N1,plate11-A/Bangkok/P3067/2025_H1N1,2575,0.9155,0.9155
seqneut25to26_sera_1026_d0,A/Bangkok/P3067/2025_H1N1,plate11-A/Bangkok/P3067/2025_H1N1,5921,1.112,1
seqneut25to26_sera_1026_d0,A/Bangkok/P3067/2025_H1N1,plate11-A/Bangkok/P3067/2025_H1N1,1.362e+04,1.231,1
seqneut25to26_sera_1026_d0,A/Bangkok/P3263/2025_H3N2,plate11-A/Bangkok/P3263/2025_H3N2,40,0.4428,0.4428
seqneut25to26_sera_1026_d0,A/Bangkok/P3263/2025_H3N2,plate11-A/Bangkok/P3263/2025_H3N2,92,0.474,0.474
seqneut25to26_sera_1026_d0,A/Bangkok/P3263/2025_H3N2,plate11-A/Bangkok/P3263/2025_H3N2,212,0.6816,0.6816
seqneut25to26_sera_1026_d0,A/Bangkok/P3263/2025_H3N2,plate11-A/Bangkok/P3263/2025_H3N2,487,0.5829,0.5829
seqneut25to26_sera_1026_d0,A/Bangkok/P3263/2025_H3N2,plate11-A/Bangkok/P3263/2025_H3N2,1119,0.783,0.783
seqneut25to26_sera_1026_d0,A/Bangkok/P3263/2025_H3N2,plate11-A/Bangkok/P3263/2025_H3N2,2575,0.7813,0.7813
seqneut25to26_sera_1026_d0,A/Bangkok/P3263/2025_H3N2,plate11-A/Bangkok/P3263/2025_H3N2,5921,0.8574,0.8574
seqneut25to26_sera_1026_d0,A/Bangkok/P3263/2025_H3N2,plate11-A/Bangkok/P3263/2025_H3N2,1.362e+04,0.909,0.909
seqneut25to26_sera_1026_d0,A/Belgium/H0097/2025_H3N2,plate11-A/Belgium/H0097/2025_H3N2,40,0.4496,0.4496
seqneut25to26_sera_1026_d0,A/Belgium/H0097/2025_H3N2,plate11-A/Belgium/H0097/2025_H3N2,92,0.5675,0.5675
seqneut25to26_sera_1026_d0,A/Belgium/H0097/2025_H3N2,plate11-A/Belgium/H0097/2025_H3N2,212,0.5135,0.5135
seqneut25to26_sera_1026_d0,A/Belgium/H0097/2025_H3N2,plate11-A/Belgium/H0097/2025_H3N2,487,0.7308,0.7308
seqneut25to26_sera_1026_d0,A/Belgium/H0097/2025_H3N2,plate11-A/Belgium/H0097/2025_H3N2,1119,0.9301,0.9301
seqneut25to26_sera_1026_d0,A/Belgium/H0097/2025_H3N2,plate11-A/Belgium/H0097/2025_H3N2,2575,0.7447,0.7447
seqneut25to26_sera_1026_d0,A/Belgium/H0097/2025_H3N2,plate11-A/Belgium/H0097/2025_H3N2,5921,0.9468,0.9468
seqneut25to26_sera_1026_d0,A/Belgium/H0097/2025_H3N2,plate11-A/Belgium/H0097/2025_H3N2,1.362e+04,0.9835,0.9835
seqneut25to26_sera_1026_d0,A/Bhutan/1267/2025_H3N2,plate11-A/Bhutan/1267/2025_H3N2,40,0.3281,0.3281
seqneut25to26_sera_1026_d0,A/Bhutan/1267/2025_H3N2,plate11-A/Bhutan/1267/2025_H3N2,92,0.51,0.51
seqneut25to26_sera_1026_d0,A/Bhutan/1267/2025_H3N2,plate11-A/Bhutan/1267/2025_H3N2,212,0.5931,0.5931
seqneut25to26_sera_1026_d0,A/Bhutan/1267/2025_H3N2,plate11-A/Bhutan/1267/2025_H3N2,487,0.6299,0.6299
seqneut25to26_sera_1026_d0,A/Bhutan/1267/2025_H3N2,plate11-A/Bhutan/1267/2025_H3N2,1119,1.193,1
seqneut25to26_sera_1026_d0,A/Bhutan/1267/2025_H3N2,plate11-A/Bhutan/1267/2025_H3N2,2575,0.7454,0.7454
seqneut25to26_sera_1026_d0,A/Bhutan/1267/2025_H3N2,plate11-A/Bhutan/1267/2025_H3N2,5921,0.8414,0.8414
seqneut25to26_sera_1026_d0,A/Bhutan/1267/2025_H3N2,plate11-A/Bhutan/1267/2025_H3N2,1.362e+04,0.8231,0.8231
seqneut25to26_sera_1026_d0,A/Bhutan/7/2025_H3N2,plate11-A/Bhutan/7/2025_H3N2,40,0.4331,0.4331
seqneut25to26_sera_1026_d0,A/Bhutan/7/2025_H3N2,plate11-A/Bhutan/7/2025_H3N2,92,0.8364,0.8364
seqneut25to26_sera_1026_d0,A/Bhutan/7/2025_H3N2,plate11-A/Bhutan/7/2025_H3N2,212,0.8326,0.8326
seqneut25to26_sera_1026_d0,A/Bhutan/7/2025_H3N2,plate11-A/Bhutan/7/2025_H3N2,487,0.8919,0.8919
seqneut25to26_sera_1026_d0,A/Bhutan/7/2025_H3N2,plate11-A/Bhutan/7/2025_H3N2,1119,1.298,1
seqneut25to26_sera_1026_d0,A/Bhutan/7/2025_H3N2,plate11-A/Bhutan/7/2025_H3N2,2575,0.7987,0.7987
seqneut25to26_sera_1026_d0,A/Bhutan/7/2025_H3N2,plate11-A/Bhutan/7/2025_H3N2,5921,0.8707,0.8707
seqneut25to26_sera_1026_d0,A/Bhutan/7/2025_H3N2,plate11-A/Bhutan/7/2025_H3N2,1.362e+04,1.169,1
seqneut25to26_sera_1026_d0,A/BritishColumbia/PHL-2473/2025_H1N1,plate11-A/BritishColumbia/PHL-2473/2025_H1N1,40,0.39,0.39
seqneut25to26_sera_1026_d0,A/BritishColumbia/PHL-2473/2025_H1N1,plate11-A/BritishColumbia/PHL-2473/2025_H1N1,92,0.5864,0.5864
seqneut25to26_sera_1026_d0,A/BritishColumbia/PHL-2473/2025_H1N1,plate11-A/BritishColumbia/PHL-2473/2025_H1N1,212,0.7378,0.7378
seqneut25to26_sera_1026_d0,A/BritishColumbia/PHL-2473/2025_H1N1,plate11-A/BritishColumbia/PHL-2473/2025_H1N1,487,0.7481,0.7481
seqneut25to26_sera_1026_d0,A/BritishColumbia/PHL-2473/2025_H1N1,plate11-A/BritishColumbia/PHL-2473/2025_H1N1,1119,1.027,1
seqneut25to26_sera_1026_d0,A/BritishColumbia/PHL-2473/2025_H1N1,plate11-A/BritishColumbia/PHL-2473/2025_H1N1,2575,1.012,1
seqneut25to26_sera_1026_d0,A/BritishColumbia/PHL-2473/2025_H1N1,plate11-A/BritishColumbia/PHL-2473/2025_H1N1,5921,0.9717,0.9717
seqneut25to26_sera_1026_d0,A/BritishColumbia/PHL-2473/2025_H1N1,plate11-A/BritishColumbia/PHL-2473/2025_H1N1,1.362e+04,1.107,1
seqneut25to26_sera_1026_d0,A/California/61/2025_H3N2,plate11-A/California/61/2025_H3N2,40,0.2539,0.2539
seqneut25to26_sera_1026_d0,A/California/61/2025_H3N2,plate11-A/California/61/2025_H3N2,92,0.5028,0.5028
seqneut25to26_sera_1026_d0,A/California/61/2025_H3N2,plate11-A/California/61/2025_H3N2,212,0.8145,0.8145
seqneut25to26_sera_1026_d0,A/California/61/2025_H3N2,plate11-A/California/61/2025_H3N2,487,0.7978,0.7978
seqneut25to26_sera_1026_d0,A/California/61/2025_H3N2,plate11-A/California/61/2025_H3N2,1119,0.9734,0.9734
seqneut25to26_sera_1026_d0,A/California/61/2025_H3N2,plate11-A/California/61/2025_H3N2,2575,0.7382,0.7382
seqneut25to26_sera_1026_d0,A/California/61/2025_H3N2,plate11-A/California/61/2025_H3N2,5921,1.025,1
seqneut25to26_sera_1026_d0,A/California/61/2025_H3N2,plate11-A/California/61/2025_H3N2,1.362e+04,0.9946,0.9946
seqneut25to26_sera_1026_d0,A/California/63/2025_H1N1,plate11-A/California/63/2025_H1N1,40,0.4516,0.4516
seqneut25to26_sera_1026_d0,A/California/63/2025_H1N1,plate11-A/California/63/2025_H1N1,92,0.5462,0.5462
seqneut25to26_sera_1026_d0,A/California/63/2025_H1N1,plate11-A/California/63/2025_H1N1,212,0.7142,0.7142
seqneut25to26_sera_1026_d0,A/California/63/2025_H1N1,plate11-A/California/63/2025_H1N1,487,0.792,0.792
seqneut25to26_sera_1026_d0,A/California/63/2025_H1N1,plate11-A/California/63/2025_H1N1,1119,1.284,1
seqneut25to26_sera_1026_d0,A/California/63/2025_H1N1,plate11-A/California/63/2025_H1N1,2575,0.9955,0.9955
seqneut25to26_sera_1026_d0,A/California/63/2025_H1N1,plate11-A/California/63/2025_H1N1,5921,0.9318,0.9318
seqneut25to26_sera_1026_d0,A/California/63/2025_H1N1,plate11-A/California/63/2025_H1N1,1.362e+04,0.8321,0.8321
seqneut25to26_sera_1026_d0,A/Canberra/465/2025_H1N1,plate11-A/Canberra/465/2025_H1N1,40,0.3495,0.3495
seqneut25to26_sera_1026_d0,A/Canberra/465/2025_H1N1,plate11-A/Canberra/465/2025_H1N1,92,0.5768,0.5768
seqneut25to26_sera_1026_d0,A/Canberra/465/2025_H1N1,plate11-A/Canberra/465/2025_H1N1,212,0.6084,0.6084
seqneut25to26_sera_1026_d0,A/Canberra/465/2025_H1N1,plate11-A/Canberra/465/2025_H1N1,487,0.9397,0.9397
seqneut25to26_sera_1026_d0,A/Canberra/465/2025_H1N1,plate11-A/Canberra/465/2025_H1N1,1119,1.031,1
seqneut25to26_sera_1026_d0,A/Canberra/465/2025_H1N1,plate11-A/Canberra/465/2025_H1N1,2575,0.8903,0.8903
seqneut25to26_sera_1026_d0,A/Canberra/465/2025_H1N1,plate11-A/Canberra/465/2025_H1N1,5921,1.071,1
seqneut25to26_sera_1026_d0,A/Canberra/465/2025_H1N1,plate11-A/Canberra/465/2025_H1N1,1.362e+04,1.11,1
seqneut25to26_sera_1026_d0,A/Canberra/530/2025_H1N1,plate11-A/Canberra/530/2025_H1N1,40,0.3441,0.3441
seqneut25to26_sera_1026_d0,A/Canberra/530/2025_H1N1,plate11-A/Canberra/530/2025_H1N1,92,0.617,0.617
seqneut25to26_sera_1026_d0,A/Canberra/530/2025_H1N1,plate11-A/Canberra/530/2025_H1N1,212,0.7381,0.7381
seqneut25to26_sera_1026_d0,A/Canberra/530/2025_H1N1,plate11-A/Canberra/530/2025_H1N1,487,0.7609,0.7609
seqneut25to26_sera_1026_d0,A/Canberra/530/2025_H1N1,plate11-A/Canberra/530/2025_H1N1,1119,1.177,1
seqneut25to26_sera_1026_d0,A/Canberra/530/2025_H1N1,plate11-A/Canberra/530/2025_H1N1,2575,0.9062,0.9062
seqneut25to26_sera_1026_d0,A/Canberra/530/2025_H1N1,plate11-A/Canberra/530/2025_H1N1,5921,1.066,1
seqneut25to26_sera_1026_d0,A/Canberra/530/2025_H1N1,plate11-A/Canberra/530/2025_H1N1,1.362e+04,0.939,0.939
seqneut25to26_sera_1026_d0,A/Catalonia/NSVH102689455/2025_H1N1,plate11-A/Catalonia/NSVH102689455/2025_H1N1,40,0.3414,0.3414
seqneut25to26_sera_1026_d0,A/Catalonia/NSVH102689455/2025_H1N1,plate11-A/Catalonia/NSVH102689455/2025_H1N1,92,0.7291,0.7291
seqneut25to26_sera_1026_d0,A/Catalonia/NSVH102689455/2025_H1N1,plate11-A/Catalonia/NSVH102689455/2025_H1N1,212,0.8978,0.8978
seqneut25to26_sera_1026_d0,A/Catalonia/NSVH102689455/2025_H1N1,plate11-A/Catalonia/NSVH102689455/2025_H1N1,487,0.7854,0.7854
seqneut25to26_sera_1026_d0,A/Catalonia/NSVH102689455/2025_H1N1,plate11-A/Catalonia/NSVH102689455/2025_H1N1,1119,1.071,1
seqneut25to26_sera_1026_d0,A/Catalonia/NSVH102689455/2025_H1N1,plate11-A/Catalonia/NSVH102689455/2025_H1N1,2575,0.986,0.986
seqneut25to26_sera_1026_d0,A/Catalonia/NSVH102689455/2025_H1N1,plate11-A/Catalonia/NSVH102689455/2025_H1N1,5921,1.085,1
seqneut25to26_sera_1026_d0,A/Catalonia/NSVH102689455/2025_H1N1,plate11-A/Catalonia/NSVH102689455/2025_H1N1,1.362e+04,0.9888,0.9888
seqneut25to26_sera_1026_d0,A/Colorado/105/2025_H1N1,plate11-A/Colorado/105/2025_H1N1,40,0.3197,0.3197
seqneut25to26_sera_1026_d0,A/Colorado/105/2025_H1N1,plate11-A/Colorado/105/2025_H1N1,92,0.682,0.682
seqneut25to26_sera_1026_d0,A/Colorado/105/2025_H1N1,plate11-A/Colorado/105/2025_H1N1,212,0.8569,0.8569
seqneut25to26_sera_1026_d0,A/Colorado/105/2025_H1N1,plate11-A/Colorado/105/2025_H1N1,487,0.8002,0.8002
seqneut25to26_sera_1026_d0,A/Colorado/105/2025_H1N1,plate11-A/Colorado/105/2025_H1N1,1119,1.082,1
seqneut25to26_sera_1026_d0,A/Colorado/105/2025_H1N1,plate11-A/Colorado/105/2025_H1N1,2575,0.9368,0.9368
seqneut25to26_sera_1026_d0,A/Colorado/105/2025_H1N1,plate11-A/Colorado/105/2025_H1N1,5921,1,1
seqneut25to26_sera_1026_d0,A/Colorado/105/2025_H1N1,plate11-A/Colorado/105/2025_H1N1,1.362e+04,1.065,1
seqneut25to26_sera_1026_d0,A/CoteDIvoire/2007/2025_H1N1,plate11-A/CoteDIvoire/2007/2025_H1N1,40,0.03823,0.03823
seqneut25to26_sera_1026_d0,A/CoteDIvoire/2007/2025_H1N1,plate11-A/CoteDIvoire/2007/2025_H1N1,92,0.2478,0.2478
seqneut25to26_sera_1026_d0,A/CoteDIvoire/2007/2025_H1N1,plate11-A/CoteDIvoire/2007/2025_H1N1,212,0.5342,0.5342
seqneut25to26_sera_1026_d0,A/CoteDIvoire/2007/2025_H1N1,plate11-A/CoteDIvoire/2007/2025_H1N1,487,0.7661,0.7661
seqneut25to26_sera_1026_d0,A/CoteDIvoire/2007/2025_H1N1,plate11-A/CoteDIvoire/2007/2025_H1N1,1119,1.025,1
seqneut25to26_sera_1026_d0,A/CoteDIvoire/2007/2025_H1N1,plate11-A/CoteDIvoire/2007/2025_H1N1,2575,0.9017,0.9017
seqneut25to26_sera_1026_d0,A/CoteDIvoire/2007/2025_H1N1,plate11-A/CoteDIvoire/2007/2025_H1N1,5921,0.9906,0.9906
seqneut25to26_sera_1026_d0,A/CoteDIvoire/2007/2025_H1N1,plate11-A/CoteDIvoire/2007/2025_H1N1,1.362e+04,0.9994,0.9994
seqneut25to26_sera_1026_d0,A/Darwin/1405/2025_H1N1,plate11-A/Darwin/1405/2025_H1N1,40,0.2834,0.2834
seqneut25to26_sera_1026_d0,A/Darwin/1405/2025_H1N1,plate11-A/Darwin/1405/2025_H1N1,92,0.607,0.607
seqneut25to26_sera_1026_d0,A/Darwin/1405/2025_H1N1,plate11-A/Darwin/1405/2025_H1N1,212,0.7001,0.7001
seqneut25to26_sera_1026_d0,A/Darwin/1405/2025_H1N1,plate11-A/Darwin/1405/2025_H1N1,487,0.9003,0.9003
seqneut25to26_sera_1026_d0,A/Darwin/1405/2025_H1N1,plate11-A/Darwin/1405/2025_H1N1,1119,1.143,1
seqneut25to26_sera_1026_d0,A/Darwin/1405/2025_H1N1,plate11-A/Darwin/1405/2025_H1N1,2575,1.016,1
seqneut25to26_sera_1026_d0,A/Darwin/1405/2025_H1N1,plate11-A/Darwin/1405/2025_H1N1,5921,1.052,1
seqneut25to26_sera_1026_d0,A/Darwin/1405/2025_H1N1,plate11-A/Darwin/1405/2025_H1N1,1.362e+04,1.113,1
seqneut25to26_sera_1026_d0,A/Darwin/1461/2025_H3N2,plate11-A/Darwin/1461/2025_H3N2,40,0.3983,0.3983
seqneut25to26_sera_1026_d0,A/Darwin/1461/2025_H3N2,plate11-A/Darwin/1461/2025_H3N2,92,0.4324,0.4324
seqneut25to26_sera_1026_d0,A/Darwin/1461/2025_H3N2,plate11-A/Darwin/1461/2025_H3N2,212,0.2554,0.2554
seqneut25to26_sera_1026_d0,A/Darwin/1461/2025_H3N2,plate11-A/Darwin/1461/2025_H3N2,487,0.6057,0.6057
seqneut25to26_sera_1026_d0,A/Darwin/1461/2025_H3N2,plate11-A/Darwin/1461/2025_H3N2,1119,0.8571,0.8571
seqneut25to26_sera_1026_d0,A/Darwin/1461/2025_H3N2,plate11-A/Darwin/1461/2025_H3N2,2575,0.6564,0.6564
seqneut25to26_sera_1026_d0,A/Darwin/1461/2025_H3N2,plate11-A/Darwin/1461/2025_H3N2,5921,1.164,1
seqneut25to26_sera_1026_d0,A/Darwin/1461/2025_H3N2,plate11-A/Darwin/1461/2025_H3N2,1.362e+04,1.073,1
seqneut25to26_sera_1026_d0,A/Denmark/3070/2025_H1N1,plate11-A/Denmark/3070/2025_H1N1,40,0.4119,0.4119
seqneut25to26_sera_1026_d0,A/Denmark/3070/2025_H1N1,plate11-A/Denmark/3070/2025_H1N1,92,0.9133,0.9133
seqneut25to26_sera_1026_d0,A/Denmark/3070/2025_H1N1,plate11-A/Denmark/3070/2025_H1N1,212,0.789,0.789
seqneut25to26_sera_1026_d0,A/Denmark/3070/2025_H1N1,plate11-A/Denmark/3070/2025_H1N1,487,0.8275,0.8275
seqneut25to26_sera_1026_d0,A/Denmark/3070/2025_H1N1,plate11-A/Denmark/3070/2025_H1N1,1119,1.407,1
seqneut25to26_sera_1026_d0,A/Denmark/3070/2025_H1N1,plate11-A/Denmark/3070/2025_H1N1,2575,0.9324,0.9324
seqneut25to26_sera_1026_d0,A/Denmark/3070/2025_H1N1,plate11-A/Denmark/3070/2025_H1N1,5921,1.163,1
seqneut25to26_sera_1026_d0,A/Denmark/3070/2025_H1N1,plate11-A/Denmark/3070/2025_H1N1,1.362e+04,1.006,1
seqneut25to26_sera_1026_d0,A/DistrictOfColumbia/27/2023_H3N2,plate11-A/DistrictOfColumbia/27/2023_H3N2,40,0.1852,0.1852
seqneut25to26_sera_1026_d0,A/DistrictOfColumbia/27/2023_H3N2,plate11-A/DistrictOfColumbia/27/2023_H3N2,92,0.4316,0.4316
seqneut25to26_sera_1026_d0,A/DistrictOfColumbia/27/2023_H3N2,plate11-A/DistrictOfColumbia/27/2023_H3N2,212,0.4231,0.4231
seqneut25to26_sera_1026_d0,A/DistrictOfColumbia/27/2023_H3N2,plate11-A/DistrictOfColumbia/27/2023_H3N2,487,0.6249,0.6249
seqneut25to26_sera_1026_d0,A/DistrictOfColumbia/27/2023_H3N2,plate11-A/DistrictOfColumbia/27/2023_H3N2,1119,0.9659,0.9659
seqneut25to26_sera_1026_d0,A/DistrictOfColumbia/27/2023_H3N2,plate11-A/DistrictOfColumbia/27/2023_H3N2,2575,0.7787,0.7787
seqneut25to26_sera_1026_d0,A/DistrictOfColumbia/27/2023_H3N2,plate11-A/DistrictOfColumbia/27/2023_H3N2,5921,0.777,0.777
seqneut25to26_sera_1026_d0,A/DistrictOfColumbia/27/2023_H3N2,plate11-A/DistrictOfColumbia/27/2023_H3N2,1.362e+04,0.8424,0.8424
seqneut25to26_sera_1026_d0,A/DistrictOfColumbia/57/2025_H3N2,plate11-A/DistrictOfColumbia/57/2025_H3N2,40,0.4755,0.4755
seqneut25to26_sera_1026_d0,A/DistrictOfColumbia/57/2025_H3N2,plate11-A/DistrictOfColumbia/57/2025_H3N2,92,0.5746,0.5746
seqneut25to26_sera_1026_d0,A/DistrictOfColumbia/57/2025_H3N2,plate11-A/DistrictOfColumbia/57/2025_H3N2,212,0.5185,0.5185
seqneut25to26_sera_1026_d0,A/DistrictOfColumbia/57/2025_H3N2,plate11-A/DistrictOfColumbia/57/2025_H3N2,487,0.6371,0.6371
seqneut25to26_sera_1026_d0,A/DistrictOfColumbia/57/2025_H3N2,plate11-A/DistrictOfColumbia/57/2025_H3N2,1119,0.8937,0.8937
seqneut25to26_sera_1026_d0,A/DistrictOfColumbia/57/2025_H3N2,plate11-A/DistrictOfColumbia/57/2025_H3N2,2575,0.5744,0.5744
seqneut25to26_sera_1026_d0,A/DistrictOfColumbia/57/2025_H3N2,plate11-A/DistrictOfColumbia/57/2025_H3N2,5921,0.8806,0.8806
seqneut25to26_sera_1026_d0,A/DistrictOfColumbia/57/2025_H3N2,plate11-A/DistrictOfColumbia/57/2025_H3N2,1.362e+04,0.9022,0.9022
seqneut25to26_sera_1026_d0,A/DistritoFederal/250106000728/2025_H3N2,plate11-A/DistritoFederal/250106000728/2025_H3N2,40,0.3129,0.3129
seqneut25to26_sera_1026_d0,A/DistritoFederal/250106000728/2025_H3N2,plate11-A/DistritoFederal/250106000728/2025_H3N2,92,0.3187,0.3187
seqneut25to26_sera_1026_d0,A/DistritoFederal/250106000728/2025_H3N2,plate11-A/DistritoFederal/250106000728/2025_H3N2,212,0.5017,0.5017
seqneut25to26_sera_1026_d0,A/DistritoFederal/250106000728/2025_H3N2,plate11-A/DistritoFederal/250106000728/2025_H3N2,487,0.529,0.529
seqneut25to26_sera_1026_d0,A/DistritoFederal/250106000728/2025_H3N2,plate11-A/DistritoFederal/250106000728/2025_H3N2,1119,0.8819,0.8819
seqneut25to26_sera_1026_d0,A/DistritoFederal/250106000728/2025_H3N2,plate11-A/DistritoFederal/250106000728/2025_H3N2,2575,0.7711,0.7711
seqneut25to26_sera_1026_d0,A/DistritoFederal/250106000728/2025_H3N2,plate11-A/DistritoFederal/250106000728/2025_H3N2,5921,0.7752,0.7752
seqneut25to26_sera_1026_d0,A/DistritoFederal/250106000728/2025_H3N2,plate11-A/DistritoFederal/250106000728/2025_H3N2,1.362e+04,1.042,1
seqneut25to26_sera_1026_d0,A/DistritoFederal/2578578201/2025_H3N2,plate11-A/DistritoFederal/2578578201/2025_H3N2,40,0.3767,0.3767
seqneut25to26_sera_1026_d0,A/DistritoFederal/2578578201/2025_H3N2,plate11-A/DistritoFederal/2578578201/2025_H3N2,92,0.4912,0.4912
seqneut25to26_sera_1026_d0,A/DistritoFederal/2578578201/2025_H3N2,plate11-A/DistritoFederal/2578578201/2025_H3N2,212,0.9403,0.9403
seqneut25to26_sera_1026_d0,A/DistritoFederal/2578578201/2025_H3N2,plate11-A/DistritoFederal/2578578201/2025_H3N2,487,0.7595,0.7595
seqneut25to26_sera_1026_d0,A/DistritoFederal/2578578201/2025_H3N2,plate11-A/DistritoFederal/2578578201/2025_H3N2,1119,0.9811,0.9811
seqneut25to26_sera_1026_d0,A/DistritoFederal/2578578201/2025_H3N2,plate11-A/DistritoFederal/2578578201/2025_H3N2,2575,0.8078,0.8078
seqneut25to26_sera_1026_d0,A/DistritoFederal/2578578201/2025_H3N2,plate11-A/DistritoFederal/2578578201/2025_H3N2,5921,1.06,1
seqneut25to26_sera_1026_d0,A/DistritoFederal/2578578201/2025_H3N2,plate11-A/DistritoFederal/2578578201/2025_H3N2,1.362e+04,0.9873,0.9873
seqneut25to26_sera_1026_d0,A/England/1822256/2025_H1N1,plate11-A/England/1822256/2025_H1N1,40,0.205,0.205
seqneut25to26_sera_1026_d0,A/England/1822256/2025_H1N1,plate11-A/England/1822256/2025_H1N1,92,0.6011,0.6011
seqneut25to26_sera_1026_d0,A/England/1822256/2025_H1N1,plate11-A/England/1822256/2025_H1N1,212,0.7592,0.7592
seqneut25to26_sera_1026_d0,A/England/1822256/2025_H1N1,plate11-A/England/1822256/2025_H1N1,487,0.9792,0.9792
seqneut25to26_sera_1026_d0,A/England/1822256/2025_H1N1,plate11-A/England/1822256/2025_H1N1,1119,1.13,1
seqneut25to26_sera_1026_d0,A/England/1822256/2025_H1N1,plate11-A/England/1822256/2025_H1N1,2575,0.9767,0.9767
seqneut25to26_sera_1026_d0,A/England/1822256/2025_H1N1,plate11-A/England/1822256/2025_H1N1,5921,1.1,1
seqneut25to26_sera_1026_d0,A/England/1822256/2025_H1N1,plate11-A/England/1822256/2025_H1N1,1.362e+04,1.125,1
seqneut25to26_sera_1026_d0,A/England/1837734/2025_H3N2,plate11-A/England/1837734/2025_H3N2,40,0.3393,0.3393
seqneut25to26_sera_1026_d0,A/England/1837734/2025_H3N2,plate11-A/England/1837734/2025_H3N2,92,0.4444,0.4444
seqneut25to26_sera_1026_d0,A/England/1837734/2025_H3N2,plate11-A/England/1837734/2025_H3N2,212,0.5031,0.5031
seqneut25to26_sera_1026_d0,A/England/1837734/2025_H3N2,plate11-A/England/1837734/2025_H3N2,487,0.7367,0.7367
seqneut25to26_sera_1026_d0,A/England/1837734/2025_H3N2,plate11-A/England/1837734/2025_H3N2,1119,0.8694,0.8694
seqneut25to26_sera_1026_d0,A/England/1837734/2025_H3N2,plate11-A/England/1837734/2025_H3N2,2575,1.018,1
seqneut25to26_sera_1026_d0,A/England/1837734/2025_H3N2,plate11-A/England/1837734/2025_H3N2,5921,0.9347,0.9347
seqneut25to26_sera_1026_d0,A/England/1837734/2025_H3N2,plate11-A/England/1837734/2025_H3N2,1.362e+04,0.9793,0.9793
seqneut25to26_sera_1026_d0,A/England/1837737/2025_H3N2,plate11-A/England/1837737/2025_H3N2,40,0.6389,0.6389
seqneut25to26_sera_1026_d0,A/England/1837737/2025_H3N2,plate11-A/England/1837737/2025_H3N2,92,0.7568,0.7568
seqneut25to26_sera_1026_d0,A/England/1837737/2025_H3N2,plate11-A/England/1837737/2025_H3N2,212,0.4954,0.4954
seqneut25to26_sera_1026_d0,A/England/1837737/2025_H3N2,plate11-A/England/1837737/2025_H3N2,487,0.5116,0.5116
seqneut25to26_sera_1026_d0,A/England/1837737/2025_H3N2,plate11-A/England/1837737/2025_H3N2,1119,0.8007,0.8007
seqneut25to26_sera_1026_d0,A/England/1837737/2025_H3N2,plate11-A/England/1837737/2025_H3N2,2575,0.8041,0.8041
seqneut25to26_sera_1026_d0,A/England/1837737/2025_H3N2,plate11-A/England/1837737/2025_H3N2,5921,0.9463,0.9463
seqneut25to26_sera_1026_d0,A/England/1837737/2025_H3N2,plate11-A/England/1837737/2025_H3N2,1.362e+04,0.8538,0.8538
seqneut25to26_sera_1026_d0,A/France/ARA-HCL025155099501/2025_H1N1,plate11-A/France/ARA-HCL025155099501/2025_H1N1,40,0.4373,0.4373
seqneut25to26_sera_1026_d0,A/France/ARA-HCL025155099501/2025_H1N1,plate11-A/France/ARA-HCL025155099501/2025_H1N1,92,0.6521,0.6521
seqneut25to26_sera_1026_d0,A/France/ARA-HCL025155099501/2025_H1N1,plate11-A/France/ARA-HCL025155099501/2025_H1N1,212,0.8443,0.8443
seqneut25to26_sera_1026_d0,A/France/ARA-HCL025155099501/2025_H1N1,plate11-A/France/ARA-HCL025155099501/2025_H1N1,487,0.9834,0.9834
seqneut25to26_sera_1026_d0,A/France/ARA-HCL025155099501/2025_H1N1,plate11-A/France/ARA-HCL025155099501/2025_H1N1,1119,1.06,1
seqneut25to26_sera_1026_d0,A/France/ARA-HCL025155099501/2025_H1N1,plate11-A/France/ARA-HCL025155099501/2025_H1N1,2575,0.9693,0.9693
seqneut25to26_sera_1026_d0,A/France/ARA-HCL025155099501/2025_H1N1,plate11-A/France/ARA-HCL025155099501/2025_H1N1,5921,1.043,1
seqneut25to26_sera_1026_d0,A/France/ARA-HCL025155099501/2025_H1N1,plate11-A/France/ARA-HCL025155099501/2025_H1N1,1.362e+04,1.019,1
seqneut25to26_sera_1026_d0,A/Galicia/GA-CHUAC-451/2025_H3N2,plate11-A/Galicia/GA-CHUAC-451/2025_H3N2,40,0.4558,0.4558
seqneut25to26_sera_1026_d0,A/Galicia/GA-CHUAC-451/2025_H3N2,plate11-A/Galicia/GA-CHUAC-451/2025_H3N2,92,0.5021,0.5021
seqneut25to26_sera_1026_d0,A/Galicia/GA-CHUAC-451/2025_H3N2,plate11-A/Galicia/GA-CHUAC-451/2025_H3N2,212,0.5471,0.5471
seqneut25to26_sera_1026_d0,A/Galicia/GA-CHUAC-451/2025_H3N2,plate11-A/Galicia/GA-CHUAC-451/2025_H3N2,487,0.6858,0.6858
seqneut25to26_sera_1026_d0,A/Galicia/GA-CHUAC-451/2025_H3N2,plate11-A/Galicia/GA-CHUAC-451/2025_H3N2,1119,0.7615,0.7615
seqneut25to26_sera_1026_d0,A/Galicia/GA-CHUAC-451/2025_H3N2,plate11-A/Galicia/GA-CHUAC-451/2025_H3N2,2575,0.7867,0.7867
seqneut25to26_sera_1026_d0,A/Galicia/GA-CHUAC-451/2025_H3N2,plate11-A/Galicia/GA-CHUAC-451/2025_H3N2,5921,0.9081,0.9081
seqneut25to26_sera_1026_d0,A/Galicia/GA-CHUAC-451/2025_H3N2,plate11-A/Galicia/GA-CHUAC-451/2025_H3N2,1.362e+04,0.9993,0.9993
seqneut25to26_sera_1026_d0,A/Ghana/ARI-25-1125/2025_H1N1,plate11-A/Ghana/ARI-25-1125/2025_H1N1,40,0.1387,0.1387
seqneut25to26_sera_1026_d0,A/Ghana/ARI-25-1125/2025_H1N1,plate11-A/Ghana/ARI-25-1125/2025_H1N1,92,0.4257,0.4257
seqneut25to26_sera_1026_d0,A/Ghana/ARI-25-1125/2025_H1N1,plate11-A/Ghana/ARI-25-1125/2025_H1N1,212,0.7084,0.7084
seqneut25to26_sera_1026_d0,A/Ghana/ARI-25-1125/2025_H1N1,plate11-A/Ghana/ARI-25-1125/2025_H1N1,487,0.936,0.936
seqneut25to26_sera_1026_d0,A/Ghana/ARI-25-1125/2025_H1N1,plate11-A/Ghana/ARI-25-1125/2025_H1N1,1119,1.189,1
seqneut25to26_sera_1026_d0,A/Ghana/ARI-25-1125/2025_H1N1,plate11-A/Ghana/ARI-25-1125/2025_H1N1,2575,0.9789,0.9789
seqneut25to26_sera_1026_d0,A/Ghana/ARI-25-1125/2025_H1N1,plate11-A/Ghana/ARI-25-1125/2025_H1N1,5921,1.138,1
seqneut25to26_sera_1026_d0,A/Ghana/ARI-25-1125/2025_H1N1,plate11-A/Ghana/ARI-25-1125/2025_H1N1,1.362e+04,1.028,1
seqneut25to26_sera_1026_d0,A/Guangdong-Maonan/11438/2025_H3N2,plate11-A/Guangdong-Maonan/11438/2025_H3N2,40,0.3474,0.3474
seqneut25to26_sera_1026_d0,A/Guangdong-Maonan/11438/2025_H3N2,plate11-A/Guangdong-Maonan/11438/2025_H3N2,92,0.5744,0.5744
seqneut25to26_sera_1026_d0,A/Guangdong-Maonan/11438/2025_H3N2,plate11-A/Guangdong-Maonan/11438/2025_H3N2,212,0.535,0.535
seqneut25to26_sera_1026_d0,A/Guangdong-Maonan/11438/2025_H3N2,plate11-A/Guangdong-Maonan/11438/2025_H3N2,487,0.7466,0.7466
seqneut25to26_sera_1026_d0,A/Guangdong-Maonan/11438/2025_H3N2,plate11-A/Guangdong-Maonan/11438/2025_H3N2,1119,1.049,1
seqneut25to26_sera_1026_d0,A/Guangdong-Maonan/11438/2025_H3N2,plate11-A/Guangdong-Maonan/11438/2025_H3N2,2575,0.5392,0.5392
seqneut25to26_sera_1026_d0,A/Guangdong-Maonan/11438/2025_H3N2,plate11-A/Guangdong-Maonan/11438/2025_H3N2,5921,0.8639,0.8639
seqneut25to26_sera_1026_d0,A/Guangdong-Maonan/11438/2025_H3N2,plate11-A/Guangdong-Maonan/11438/2025_H3N2,1.362e+04,0.7012,0.7012
seqneut25to26_sera_1026_d0,A/Guangdong-Meijiang/11256/2025_H3N2,plate11-A/Guangdong-Meijiang/11256/2025_H3N2,40,0.1829,0.1829
seqneut25to26_sera_1026_d0,A/Guangdong-Meijiang/11256/2025_H3N2,plate11-A/Guangdong-Meijiang/11256/2025_H3N2,92,0.4357,0.4357
seqneut25to26_sera_1026_d0,A/Guangdong-Meijiang/11256/2025_H3N2,plate11-A/Guangdong-Meijiang/11256/2025_H3N2,212,0.4328,0.4328
seqneut25to26_sera_1026_d0,A/Guangdong-Meijiang/11256/2025_H3N2,plate11-A/Guangdong-Meijiang/11256/2025_H3N2,487,0.641,0.641
seqneut25to26_sera_1026_d0,A/Guangdong-Meijiang/11256/2025_H3N2,plate11-A/Guangdong-Meijiang/11256/2025_H3N2,1119,0.8561,0.8561
seqneut25to26_sera_1026_d0,A/Guangdong-Meijiang/11256/2025_H3N2,plate11-A/Guangdong-Meijiang/11256/2025_H3N2,2575,0.5514,0.5514
seqneut25to26_sera_1026_d0,A/Guangdong-Meijiang/11256/2025_H3N2,plate11-A/Guangdong-Meijiang/11256/2025_H3N2,5921,0.855,0.855
seqneut25to26_sera_1026_d0,A/Guangdong-Meijiang/11256/2025_H3N2,plate11-A/Guangdong-Meijiang/11256/2025_H3N2,1.362e+04,0.9895,0.9895
seqneut25to26_sera_1026_d0,A/Guangxi-Daxin/1643/2025_H3N2,plate11-A/Guangxi-Daxin/1643/2025_H3N2,40,0.5107,0.5107
seqneut25to26_sera_1026_d0,A/Guangxi-Daxin/1643/2025_H3N2,plate11-A/Guangxi-Daxin/1643/2025_H3N2,92,0.4136,0.4136
seqneut25to26_sera_1026_d0,A/Guangxi-Daxin/1643/2025_H3N2,plate11-A/Guangxi-Daxin/1643/2025_H3N2,212,0.5589,0.5589
seqneut25to26_sera_1026_d0,A/Guangxi-Daxin/1643/2025_H3N2,plate11-A/Guangxi-Daxin/1643/2025_H3N2,487,0.4334,0.4334
seqneut25to26_sera_1026_d0,A/Guangxi-Daxin/1643/2025_H3N2,plate11-A/Guangxi-Daxin/1643/2025_H3N2,1119,0.9111,0.9111
seqneut25to26_sera_1026_d0,A/Guangxi-Daxin/1643/2025_H3N2,plate11-A/Guangxi-Daxin/1643/2025_H3N2,2575,0.8052,0.8052
seqneut25to26_sera_1026_d0,A/Guangxi-Daxin/1643/2025_H3N2,plate11-A/Guangxi-Daxin/1643/2025_H3N2,5921,1.047,1
seqneut25to26_sera_1026_d0,A/Guangxi-Daxin/1643/2025_H3N2,plate11-A/Guangxi-Daxin/1643/2025_H3N2,1.362e+04,1.053,1
seqneut25to26_sera_1026_d0,A/Guangxi-Qingxiu/SWL11742/2025_H1N1,plate11-A/Guangxi-Qingxiu/SWL11742/2025_H1N1,40,0.3467,0.3467
seqneut25to26_sera_1026_d0,A/Guangxi-Qingxiu/SWL11742/2025_H1N1,plate11-A/Guangxi-Qingxiu/SWL11742/2025_H1N1,92,0.7049,0.7049
seqneut25to26_sera_1026_d0,A/Guangxi-Qingxiu/SWL11742/2025_H1N1,plate11-A/Guangxi-Qingxiu/SWL11742/2025_H1N1,212,0.8221,0.8221
seqneut25to26_sera_1026_d0,A/Guangxi-Qingxiu/SWL11742/2025_H1N1,plate11-A/Guangxi-Qingxiu/SWL11742/2025_H1N1,487,0.9593,0.9593
seqneut25to26_sera_1026_d0,A/Guangxi-Qingxiu/SWL11742/2025_H1N1,plate11-A/Guangxi-Qingxiu/SWL11742/2025_H1N1,1119,1.133,1
seqneut25to26_sera_1026_d0,A/Guangxi-Qingxiu/SWL11742/2025_H1N1,plate11-A/Guangxi-Qingxiu/SWL11742/2025_H1N1,2575,1.104,1
seqneut25to26_sera_1026_d0,A/Guangxi-Qingxiu/SWL11742/2025_H1N1,plate11-A/Guangxi-Qingxiu/SWL11742/2025_H1N1,5921,1.117,1
seqneut25to26_sera_1026_d0,A/Guangxi-Qingxiu/SWL11742/2025_H1N1,plate11-A/Guangxi-Qingxiu/SWL11742/2025_H1N1,1.362e+04,1.168,1
seqneut25to26_sera_1026_d0,A/Hawaii/44/2025_H1N1,plate11-A/Hawaii/44/2025_H1N1,40,0.3437,0.3437
seqneut25to26_sera_1026_d0,A/Hawaii/44/2025_H1N1,plate11-A/Hawaii/44/2025_H1N1,92,0.6152,0.6152
seqneut25to26_sera_1026_d0,A/Hawaii/44/2025_H1N1,plate11-A/Hawaii/44/2025_H1N1,212,0.7902,0.7902
seqneut25to26_sera_1026_d0,A/Hawaii/44/2025_H1N1,plate11-A/Hawaii/44/2025_H1N1,487,0.9275,0.9275
seqneut25to26_sera_1026_d0,A/Hawaii/44/2025_H1N1,plate11-A/Hawaii/44/2025_H1N1,1119,1.249,1
seqneut25to26_sera_1026_d0,A/Hawaii/44/2025_H1N1,plate11-A/Hawaii/44/2025_H1N1,2575,0.9852,0.9852
seqneut25to26_sera_1026_d0,A/Hawaii/44/2025_H1N1,plate11-A/Hawaii/44/2025_H1N1,5921,1.05,1
seqneut25to26_sera_1026_d0,A/Hawaii/44/2025_H1N1,plate11-A/Hawaii/44/2025_H1N1,1.362e+04,1.01,1
seqneut25to26_sera_1026_d0,A/Hawaii/70/2019_H1N1,plate11-A/Hawaii/70/2019_H1N1,40,0.0007743,0.0007743
seqneut25to26_sera_1026_d0,A/Hawaii/70/2019_H1N1,plate11-A/Hawaii/70/2019_H1N1,92,0.08898,0.08898
seqneut25to26_sera_1026_d0,A/Hawaii/70/2019_H1N1,plate11-A/Hawaii/70/2019_H1N1,212,0.3687,0.3687
seqneut25to26_sera_1026_d0,A/Hawaii/70/2019_H1N1,plate11-A/Hawaii/70/2019_H1N1,487,0.7255,0.7255
seqneut25to26_sera_1026_d0,A/Hawaii/70/2019_H1N1,plate11-A/Hawaii/70/2019_H1N1,1119,1.017,1
seqneut25to26_sera_1026_d0,A/Hawaii/70/2019_H1N1,plate11-A/Hawaii/70/2019_H1N1,2575,0.9062,0.9062
seqneut25to26_sera_1026_d0,A/Hawaii/70/2019_H1N1,plate11-A/Hawaii/70/2019_H1N1,5921,0.9451,0.9451
seqneut25to26_sera_1026_d0,A/Hawaii/70/2019_H1N1,plate11-A/Hawaii/70/2019_H1N1,1.362e+04,0.9946,0.9946
seqneut25to26_sera_1026_d0,A/HongKong/1257/2025_H3N2,plate11-A/HongKong/1257/2025_H3N2,40,0.3295,0.3295
seqneut25to26_sera_1026_d0,A/HongKong/1257/2025_H3N2,plate11-A/HongKong/1257/2025_H3N2,92,0.5247,0.5247
seqneut25to26_sera_1026_d0,A/HongKong/1257/2025_H3N2,plate11-A/HongKong/1257/2025_H3N2,212,0.378,0.378
seqneut25to26_sera_1026_d0,A/HongKong/1257/2025_H3N2,plate11-A/HongKong/1257/2025_H3N2,487,0.6454,0.6454
seqneut25to26_sera_1026_d0,A/HongKong/1257/2025_H3N2,plate11-A/HongKong/1257/2025_H3N2,1119,0.8225,0.8225
seqneut25to26_sera_1026_d0,A/HongKong/1257/2025_H3N2,plate11-A/HongKong/1257/2025_H3N2,2575,0.6876,0.6876
seqneut25to26_sera_1026_d0,A/HongKong/1257/2025_H3N2,plate11-A/HongKong/1257/2025_H3N2,5921,0.9716,0.9716
seqneut25to26_sera_1026_d0,A/HongKong/1257/2025_H3N2,plate11-A/HongKong/1257/2025_H3N2,1.362e+04,1,1
seqneut25to26_sera_1026_d0,A/HongKong/1382/2025_H3N2,plate11-A/HongKong/1382/2025_H3N2,40,0.1743,0.1743
seqneut25to26_sera_1026_d0,A/HongKong/1382/2025_H3N2,plate11-A/HongKong/1382/2025_H3N2,92,0.4668,0.4668
seqneut25to26_sera_1026_d0,A/HongKong/1382/2025_H3N2,plate11-A/HongKong/1382/2025_H3N2,212,0.3907,0.3907
seqneut25to26_sera_1026_d0,A/HongKong/1382/2025_H3N2,plate11-A/HongKong/1382/2025_H3N2,487,0.5839,0.5839
seqneut25to26_sera_1026_d0,A/HongKong/1382/2025_H3N2,plate11-A/HongKong/1382/2025_H3N2,1119,0.9529,0.9529
seqneut25to26_sera_1026_d0,A/HongKong/1382/2025_H3N2,plate11-A/HongKong/1382/2025_H3N2,2575,0.7275,0.7275
seqneut25to26_sera_1026_d0,A/HongKong/1382/2025_H3N2,plate11-A/HongKong/1382/2025_H3N2,5921,0.9922,0.9922
seqneut25to26_sera_1026_d0,A/HongKong/1382/2025_H3N2,plate11-A/HongKong/1382/2025_H3N2,1.362e+04,1.074,1
seqneut25to26_sera_1026_d0,A/Indonesia/BIOKES-I-BT074/2025_H3N2,plate11-A/Indonesia/BIOKES-I-BT074/2025_H3N2,40,0.3685,0.3685
seqneut25to26_sera_1026_d0,A/Indonesia/BIOKES-I-BT074/2025_H3N2,plate11-A/Indonesia/BIOKES-I-BT074/2025_H3N2,92,0.653,0.653
seqneut25to26_sera_1026_d0,A/Indonesia/BIOKES-I-BT074/2025_H3N2,plate11-A/Indonesia/BIOKES-I-BT074/2025_H3N2,212,0.6316,0.6316
seqneut25to26_sera_1026_d0,A/Indonesia/BIOKES-I-BT074/2025_H3N2,plate11-A/Indonesia/BIOKES-I-BT074/2025_H3N2,487,0.6083,0.6083
seqneut25to26_sera_1026_d0,A/Indonesia/BIOKES-I-BT074/2025_H3N2,plate11-A/Indonesia/BIOKES-I-BT074/2025_H3N2,1119,1.01,1
seqneut25to26_sera_1026_d0,A/Indonesia/BIOKES-I-BT074/2025_H3N2,plate11-A/Indonesia/BIOKES-I-BT074/2025_H3N2,2575,0.9466,0.9466
seqneut25to26_sera_1026_d0,A/Indonesia/BIOKES-I-BT074/2025_H3N2,plate11-A/Indonesia/BIOKES-I-BT074/2025_H3N2,5921,0.9761,0.9761
seqneut25to26_sera_1026_d0,A/Indonesia/BIOKES-I-BT074/2025_H3N2,plate11-A/Indonesia/BIOKES-I-BT074/2025_H3N2,1.362e+04,0.949,0.949
seqneut25to26_sera_1026_d0,A/Indonesia/BIOKES-INAD491/2025_H3N2,plate11-A/Indonesia/BIOKES-INAD491/2025_H3N2,40,0.2537,0.2537
seqneut25to26_sera_1026_d0,A/Indonesia/BIOKES-INAD491/2025_H3N2,plate11-A/Indonesia/BIOKES-INAD491/2025_H3N2,92,0.5076,0.5076
seqneut25to26_sera_1026_d0,A/Indonesia/BIOKES-INAD491/2025_H3N2,plate11-A/Indonesia/BIOKES-INAD491/2025_H3N2,212,0.5164,0.5164
seqneut25to26_sera_1026_d0,A/Indonesia/BIOKES-INAD491/2025_H3N2,plate11-A/Indonesia/BIOKES-INAD491/2025_H3N2,487,0.5995,0.5995
seqneut25to26_sera_1026_d0,A/Indonesia/BIOKES-INAD491/2025_H3N2,plate11-A/Indonesia/BIOKES-INAD491/2025_H3N2,1119,0.7441,0.7441
seqneut25to26_sera_1026_d0,A/Indonesia/BIOKES-INAD491/2025_H3N2,plate11-A/Indonesia/BIOKES-INAD491/2025_H3N2,2575,0.8787,0.8787
seqneut25to26_sera_1026_d0,A/Indonesia/BIOKES-INAD491/2025_H3N2,plate11-A/Indonesia/BIOKES-INAD491/2025_H3N2,5921,1.03,1
seqneut25to26_sera_1026_d0,A/Indonesia/BIOKES-INAD491/2025_H3N2,plate11-A/Indonesia/BIOKES-INAD491/2025_H3N2,1.362e+04,0.8762,0.8762
seqneut25to26_sera_1026_d0,A/Lao/820-2750/2025_H3N2,plate11-A/Lao/820-2750/2025_H3N2,40,0.4604,0.4604
seqneut25to26_sera_1026_d0,A/Lao/820-2750/2025_H3N2,plate11-A/Lao/820-2750/2025_H3N2,92,0.7142,0.7142
seqneut25to26_sera_1026_d0,A/Lao/820-2750/2025_H3N2,plate11-A/Lao/820-2750/2025_H3N2,212,0.5305,0.5305
seqneut25to26_sera_1026_d0,A/Lao/820-2750/2025_H3N2,plate11-A/Lao/820-2750/2025_H3N2,487,0.6331,0.6331
seqneut25to26_sera_1026_d0,A/Lao/820-2750/2025_H3N2,plate11-A/Lao/820-2750/2025_H3N2,1119,0.9432,0.9432
seqneut25to26_sera_1026_d0,A/Lao/820-2750/2025_H3N2,plate11-A/Lao/820-2750/2025_H3N2,2575,0.7821,0.7821
seqneut25to26_sera_1026_d0,A/Lao/820-2750/2025_H3N2,plate11-A/Lao/820-2750/2025_H3N2,5921,0.9615,0.9615
seqneut25to26_sera_1026_d0,A/Lao/820-2750/2025_H3N2,plate11-A/Lao/820-2750/2025_H3N2,1.362e+04,0.8244,0.8244
seqneut25to26_sera_1026_d0,A/Malaysia/IMR/SARI/2028/2025_H3N2,plate11-A/Malaysia/IMR/SARI/2028/2025_H3N2,40,0.2485,0.2485
seqneut25to26_sera_1026_d0,A/Malaysia/IMR/SARI/2028/2025_H3N2,plate11-A/Malaysia/IMR/SARI/2028/2025_H3N2,92,0.3308,0.3308
seqneut25to26_sera_1026_d0,A/Malaysia/IMR/SARI/2028/2025_H3N2,plate11-A/Malaysia/IMR/SARI/2028/2025_H3N2,212,0.4782,0.4782
seqneut25to26_sera_1026_d0,A/Malaysia/IMR/SARI/2028/2025_H3N2,plate11-A/Malaysia/IMR/SARI/2028/2025_H3N2,487,0.7034,0.7034
seqneut25to26_sera_1026_d0,A/Malaysia/IMR/SARI/2028/2025_H3N2,plate11-A/Malaysia/IMR/SARI/2028/2025_H3N2,1119,0.8736,0.8736
seqneut25to26_sera_1026_d0,A/Malaysia/IMR/SARI/2028/2025_H3N2,plate11-A/Malaysia/IMR/SARI/2028/2025_H3N2,2575,0.7199,0.7199
seqneut25to26_sera_1026_d0,A/Malaysia/IMR/SARI/2028/2025_H3N2,plate11-A/Malaysia/IMR/SARI/2028/2025_H3N2,5921,0.9726,0.9726
seqneut25to26_sera_1026_d0,A/Malaysia/IMR/SARI/2028/2025_H3N2,plate11-A/Malaysia/IMR/SARI/2028/2025_H3N2,1.362e+04,0.8578,0.8578
seqneut25to26_sera_1026_d0,A/Malaysia/IMR/SARI/2406/2025_H3N2,plate11-A/Malaysia/IMR/SARI/2406/2025_H3N2,40,0.6226,0.6226
seqneut25to26_sera_1026_d0,A/Malaysia/IMR/SARI/2406/2025_H3N2,plate11-A/Malaysia/IMR/SARI/2406/2025_H3N2,92,0.8517,0.8517
seqneut25to26_sera_1026_d0,A/Malaysia/IMR/SARI/2406/2025_H3N2,plate11-A/Malaysia/IMR/SARI/2406/2025_H3N2,212,0.6599,0.6599
seqneut25to26_sera_1026_d0,A/Malaysia/IMR/SARI/2406/2025_H3N2,plate11-A/Malaysia/IMR/SARI/2406/2025_H3N2,487,0.7641,0.7641
seqneut25to26_sera_1026_d0,A/Malaysia/IMR/SARI/2406/2025_H3N2,plate11-A/Malaysia/IMR/SARI/2406/2025_H3N2,1119,0.953,0.953
seqneut25to26_sera_1026_d0,A/Malaysia/IMR/SARI/2406/2025_H3N2,plate11-A/Malaysia/IMR/SARI/2406/2025_H3N2,2575,0.821,0.821
seqneut25to26_sera_1026_d0,A/Malaysia/IMR/SARI/2406/2025_H3N2,plate11-A/Malaysia/IMR/SARI/2406/2025_H3N2,5921,0.9826,0.9826
seqneut25to26_sera_1026_d0,A/Malaysia/IMR/SARI/2406/2025_H3N2,plate11-A/Malaysia/IMR/SARI/2406/2025_H3N2,1.362e+04,1.011,1
seqneut25to26_sera_1026_d0,A/Malaysia/IMR/SARI/2517/2025_H3N2,plate11-A/Malaysia/IMR/SARI/2517/2025_H3N2,40,0.3808,0.3808
seqneut25to26_sera_1026_d0,A/Malaysia/IMR/SARI/2517/2025_H3N2,plate11-A/Malaysia/IMR/SARI/2517/2025_H3N2,92,0.5616,0.5616
seqneut25to26_sera_1026_d0,A/Malaysia/IMR/SARI/2517/2025_H3N2,plate11-A/Malaysia/IMR/SARI/2517/2025_H3N2,212,0.6238,0.6238
seqneut25to26_sera_1026_d0,A/Malaysia/IMR/SARI/2517/2025_H3N2,plate11-A/Malaysia/IMR/SARI/2517/2025_H3N2,487,0.7044,0.7044
seqneut25to26_sera_1026_d0,A/Malaysia/IMR/SARI/2517/2025_H3N2,plate11-A/Malaysia/IMR/SARI/2517/2025_H3N2,1119,0.914,0.914
seqneut25to26_sera_1026_d0,A/Malaysia/IMR/SARI/2517/2025_H3N2,plate11-A/Malaysia/IMR/SARI/2517/2025_H3N2,2575,0.7266,0.7266
seqneut25to26_sera_1026_d0,A/Malaysia/IMR/SARI/2517/2025_H3N2,plate11-A/Malaysia/IMR/SARI/2517/2025_H3N2,5921,0.9373,0.9373
seqneut25to26_sera_1026_d0,A/Malaysia/IMR/SARI/2517/2025_H3N2,plate11-A/Malaysia/IMR/SARI/2517/2025_H3N2,1.362e+04,1.089,1
seqneut25to26_sera_1026_d0,A/Massachusetts/18/2022_H3N2,plate11-A/Massachusetts/18/2022_H3N2,40,0.5524,0.5524
seqneut25to26_sera_1026_d0,A/Massachusetts/18/2022_H3N2,plate11-A/Massachusetts/18/2022_H3N2,92,0.5571,0.5571
seqneut25to26_sera_1026_d0,A/Massachusetts/18/2022_H3N2,plate11-A/Massachusetts/18/2022_H3N2,212,0.4627,0.4627
seqneut25to26_sera_1026_d0,A/Massachusetts/18/2022_H3N2,plate11-A/Massachusetts/18/2022_H3N2,487,0.7054,0.7054
seqneut25to26_sera_1026_d0,A/Massachusetts/18/2022_H3N2,plate11-A/Massachusetts/18/2022_H3N2,1119,0.9204,0.9204
seqneut25to26_sera_1026_d0,A/Massachusetts/18/2022_H3N2,plate11-A/Massachusetts/18/2022_H3N2,2575,0.721,0.721
seqneut25to26_sera_1026_d0,A/Massachusetts/18/2022_H3N2,plate11-A/Massachusetts/18/2022_H3N2,5921,0.9797,0.9797
seqneut25to26_sera_1026_d0,A/Massachusetts/18/2022_H3N2,plate11-A/Massachusetts/18/2022_H3N2,1.362e+04,1.25,1
seqneut25to26_sera_1026_d0,A/Michigan/110/2025_H3N2,plate11-A/Michigan/110/2025_H3N2,40,0.4453,0.4453
seqneut25to26_sera_1026_d0,A/Michigan/110/2025_H3N2,plate11-A/Michigan/110/2025_H3N2,92,0.422,0.422
seqneut25to26_sera_1026_d0,A/Michigan/110/2025_H3N2,plate11-A/Michigan/110/2025_H3N2,212,0.6998,0.6998
seqneut25to26_sera_1026_d0,A/Michigan/110/2025_H3N2,plate11-A/Michigan/110/2025_H3N2,487,0.7179,0.7179
seqneut25to26_sera_1026_d0,A/Michigan/110/2025_H3N2,plate11-A/Michigan/110/2025_H3N2,1119,0.9795,0.9795
seqneut25to26_sera_1026_d0,A/Michigan/110/2025_H3N2,plate11-A/Michigan/110/2025_H3N2,2575,0.864,0.864
seqneut25to26_sera_1026_d0,A/Michigan/110/2025_H3N2,plate11-A/Michigan/110/2025_H3N2,5921,0.7828,0.7828
seqneut25to26_sera_1026_d0,A/Michigan/110/2025_H3N2,plate11-A/Michigan/110/2025_H3N2,1.362e+04,1.079,1
seqneut25to26_sera_1026_d0,A/Minnesota/96/2025_H3N2,plate11-A/Minnesota/96/2025_H3N2,40,0.2642,0.2642
seqneut25to26_sera_1026_d0,A/Minnesota/96/2025_H3N2,plate11-A/Minnesota/96/2025_H3N2,92,0.5061,0.5061
seqneut25to26_sera_1026_d0,A/Minnesota/96/2025_H3N2,plate11-A/Minnesota/96/2025_H3N2,212,0.5239,0.5239
seqneut25to26_sera_1026_d0,A/Minnesota/96/2025_H3N2,plate11-A/Minnesota/96/2025_H3N2,487,0.6656,0.6656
seqneut25to26_sera_1026_d0,A/Minnesota/96/2025_H3N2,plate11-A/Minnesota/96/2025_H3N2,1119,0.7666,0.7666
seqneut25to26_sera_1026_d0,A/Minnesota/96/2025_H3N2,plate11-A/Minnesota/96/2025_H3N2,2575,0.727,0.727
seqneut25to26_sera_1026_d0,A/Minnesota/96/2025_H3N2,plate11-A/Minnesota/96/2025_H3N2,5921,0.8371,0.8371
seqneut25to26_sera_1026_d0,A/Minnesota/96/2025_H3N2,plate11-A/Minnesota/96/2025_H3N2,1.362e+04,0.8204,0.8204
seqneut25to26_sera_1026_d0,A/Missouri/11/2025_H1N1,plate11-A/Missouri/11/2025_H1N1,40,0.3393,0.3393
seqneut25to26_sera_1026_d0,A/Missouri/11/2025_H1N1,plate11-A/Missouri/11/2025_H1N1,92,0.6466,0.6466
seqneut25to26_sera_1026_d0,A/Missouri/11/2025_H1N1,plate11-A/Missouri/11/2025_H1N1,212,0.6568,0.6568
seqneut25to26_sera_1026_d0,A/Missouri/11/2025_H1N1,plate11-A/Missouri/11/2025_H1N1,487,0.8644,0.8644
seqneut25to26_sera_1026_d0,A/Missouri/11/2025_H1N1,plate11-A/Missouri/11/2025_H1N1,1119,1.162,1
seqneut25to26_sera_1026_d0,A/Missouri/11/2025_H1N1,plate11-A/Missouri/11/2025_H1N1,2575,0.8325,0.8325
seqneut25to26_sera_1026_d0,A/Missouri/11/2025_H1N1,plate11-A/Missouri/11/2025_H1N1,5921,1.106,1
seqneut25to26_sera_1026_d0,A/Missouri/11/2025_H1N1,plate11-A/Missouri/11/2025_H1N1,1.362e+04,0.9887,0.9887
seqneut25to26_sera_1026_d0,A/NewSouthWales/2526015582/2025_H3N2,plate11-A/NewSouthWales/2526015582/2025_H3N2,40,0.405,0.405
seqneut25to26_sera_1026_d0,A/NewSouthWales/2526015582/2025_H3N2,plate11-A/NewSouthWales/2526015582/2025_H3N2,92,0.5212,0.5212
seqneut25to26_sera_1026_d0,A/NewSouthWales/2526015582/2025_H3N2,plate11-A/NewSouthWales/2526015582/2025_H3N2,212,0.556,0.556
seqneut25to26_sera_1026_d0,A/NewSouthWales/2526015582/2025_H3N2,plate11-A/NewSouthWales/2526015582/2025_H3N2,487,0.6469,0.6469
seqneut25to26_sera_1026_d0,A/NewSouthWales/2526015582/2025_H3N2,plate11-A/NewSouthWales/2526015582/2025_H3N2,1119,0.8885,0.8885
seqneut25to26_sera_1026_d0,A/NewSouthWales/2526015582/2025_H3N2,plate11-A/NewSouthWales/2526015582/2025_H3N2,2575,0.8084,0.8084
seqneut25to26_sera_1026_d0,A/NewSouthWales/2526015582/2025_H3N2,plate11-A/NewSouthWales/2526015582/2025_H3N2,5921,0.8231,0.8231
seqneut25to26_sera_1026_d0,A/NewSouthWales/2526015582/2025_H3N2,plate11-A/NewSouthWales/2526015582/2025_H3N2,1.362e+04,0.8897,0.8897
seqneut25to26_sera_1026_d0,A/NewSouthWales/2526015584/2025_H3N2,plate11-A/NewSouthWales/2526015584/2025_H3N2,40,0.3581,0.3581
seqneut25to26_sera_1026_d0,A/NewSouthWales/2526015584/2025_H3N2,plate11-A/NewSouthWales/2526015584/2025_H3N2,92,0.4695,0.4695
seqneut25to26_sera_1026_d0,A/NewSouthWales/2526015584/2025_H3N2,plate11-A/NewSouthWales/2526015584/2025_H3N2,212,0.708,0.708
seqneut25to26_sera_1026_d0,A/NewSouthWales/2526015584/2025_H3N2,plate11-A/NewSouthWales/2526015584/2025_H3N2,487,0.6681,0.6681
seqneut25to26_sera_1026_d0,A/NewSouthWales/2526015584/2025_H3N2,plate11-A/NewSouthWales/2526015584/2025_H3N2,1119,0.8708,0.8708
seqneut25to26_sera_1026_d0,A/NewSouthWales/2526015584/2025_H3N2,plate11-A/NewSouthWales/2526015584/2025_H3N2,2575,0.7471,0.7471
seqneut25to26_sera_1026_d0,A/NewSouthWales/2526015584/2025_H3N2,plate11-A/NewSouthWales/2526015584/2025_H3N2,5921,0.9506,0.9506
seqneut25to26_sera_1026_d0,A/NewSouthWales/2526015584/2025_H3N2,plate11-A/NewSouthWales/2526015584/2025_H3N2,1.362e+04,0.8654,0.8654
seqneut25to26_sera_1026_d0,A/Norway/8765/2025_H3N2,plate11-A/Norway/8765/2025_H3N2,40,0.383,0.383
seqneut25to26_sera_1026_d0,A/Norway/8765/2025_H3N2,plate11-A/Norway/8765/2025_H3N2,92,0.4846,0.4846
seqneut25to26_sera_1026_d0,A/Norway/8765/2025_H3N2,plate11-A/Norway/8765/2025_H3N2,212,0.5567,0.5567
seqneut25to26_sera_1026_d0,A/Norway/8765/2025_H3N2,plate11-A/Norway/8765/2025_H3N2,487,0.7112,0.7112
seqneut25to26_sera_1026_d0,A/Norway/8765/2025_H3N2,plate11-A/Norway/8765/2025_H3N2,1119,0.9404,0.9404
seqneut25to26_sera_1026_d0,A/Norway/8765/2025_H3N2,plate11-A/Norway/8765/2025_H3N2,2575,0.6919,0.6919
seqneut25to26_sera_1026_d0,A/Norway/8765/2025_H3N2,plate11-A/Norway/8765/2025_H3N2,5921,1.076,1
seqneut25to26_sera_1026_d0,A/Norway/8765/2025_H3N2,plate11-A/Norway/8765/2025_H3N2,1.362e+04,0.9534,0.9534
seqneut25to26_sera_1026_d0,A/Norway/8976/2025_H3N2,plate11-A/Norway/8976/2025_H3N2,40,0.4417,0.4417
seqneut25to26_sera_1026_d0,A/Norway/8976/2025_H3N2,plate11-A/Norway/8976/2025_H3N2,92,0.6156,0.6156
seqneut25to26_sera_1026_d0,A/Norway/8976/2025_H3N2,plate11-A/Norway/8976/2025_H3N2,212,0.6193,0.6193
seqneut25to26_sera_1026_d0,A/Norway/8976/2025_H3N2,plate11-A/Norway/8976/2025_H3N2,487,0.6139,0.6139
seqneut25to26_sera_1026_d0,A/Norway/8976/2025_H3N2,plate11-A/Norway/8976/2025_H3N2,1119,0.8867,0.8867
seqneut25to26_sera_1026_d0,A/Norway/8976/2025_H3N2,plate11-A/Norway/8976/2025_H3N2,2575,0.7717,0.7717
seqneut25to26_sera_1026_d0,A/Norway/8976/2025_H3N2,plate11-A/Norway/8976/2025_H3N2,5921,0.9564,0.9564
seqneut25to26_sera_1026_d0,A/Norway/8976/2025_H3N2,plate11-A/Norway/8976/2025_H3N2,1.362e+04,0.9099,0.9099
seqneut25to26_sera_1026_d0,A/Norway/9107/2025_H1N1,plate11-A/Norway/9107/2025_H1N1,40,0.3938,0.3938
seqneut25to26_sera_1026_d0,A/Norway/9107/2025_H1N1,plate11-A/Norway/9107/2025_H1N1,92,0.604,0.604
seqneut25to26_sera_1026_d0,A/Norway/9107/2025_H1N1,plate11-A/Norway/9107/2025_H1N1,212,0.7986,0.7986
seqneut25to26_sera_1026_d0,A/Norway/9107/2025_H1N1,plate11-A/Norway/9107/2025_H1N1,487,0.8211,0.8211
seqneut25to26_sera_1026_d0,A/Norway/9107/2025_H1N1,plate11-A/Norway/9107/2025_H1N1,1119,1.252,1
seqneut25to26_sera_1026_d0,A/Norway/9107/2025_H1N1,plate11-A/Norway/9107/2025_H1N1,2575,0.9513,0.9513
seqneut25to26_sera_1026_d0,A/Norway/9107/2025_H1N1,plate11-A/Norway/9107/2025_H1N1,5921,1.149,1
seqneut25to26_sera_1026_d0,A/Norway/9107/2025_H1N1,plate11-A/Norway/9107/2025_H1N1,1.362e+04,1.134,1
seqneut25to26_sera_1026_d0,A/Norway/9556/2025_H1N1,plate11-A/Norway/9556/2025_H1N1,40,0.6271,0.6271
seqneut25to26_sera_1026_d0,A/Norway/9556/2025_H1N1,plate11-A/Norway/9556/2025_H1N1,92,0.7984,0.7984
seqneut25to26_sera_1026_d0,A/Norway/9556/2025_H1N1,plate11-A/Norway/9556/2025_H1N1,212,0.8166,0.8166
seqneut25to26_sera_1026_d0,A/Norway/9556/2025_H1N1,plate11-A/Norway/9556/2025_H1N1,487,0.8696,0.8696
seqneut25to26_sera_1026_d0,A/Norway/9556/2025_H1N1,plate11-A/Norway/9556/2025_H1N1,1119,1.289,1
seqneut25to26_sera_1026_d0,A/Norway/9556/2025_H1N1,plate11-A/Norway/9556/2025_H1N1,2575,0.9078,0.9078
seqneut25to26_sera_1026_d0,A/Norway/9556/2025_H1N1,plate11-A/Norway/9556/2025_H1N1,5921,1.095,1
seqneut25to26_sera_1026_d0,A/Norway/9556/2025_H1N1,plate11-A/Norway/9556/2025_H1N1,1.362e+04,1.101,1
seqneut25to26_sera_1026_d0,A/Peru/GIHSN-04-1089/2025_H3N2,plate11-A/Peru/GIHSN-04-1089/2025_H3N2,40,0.6397,0.6397
seqneut25to26_sera_1026_d0,A/Peru/GIHSN-04-1089/2025_H3N2,plate11-A/Peru/GIHSN-04-1089/2025_H3N2,92,0.5756,0.5756
seqneut25to26_sera_1026_d0,A/Peru/GIHSN-04-1089/2025_H3N2,plate11-A/Peru/GIHSN-04-1089/2025_H3N2,212,0.6667,0.6667
seqneut25to26_sera_1026_d0,A/Peru/GIHSN-04-1089/2025_H3N2,plate11-A/Peru/GIHSN-04-1089/2025_H3N2,487,0.5925,0.5925
seqneut25to26_sera_1026_d0,A/Peru/GIHSN-04-1089/2025_H3N2,plate11-A/Peru/GIHSN-04-1089/2025_H3N2,1119,1.194,1
seqneut25to26_sera_1026_d0,A/Peru/GIHSN-04-1089/2025_H3N2,plate11-A/Peru/GIHSN-04-1089/2025_H3N2,2575,1.005,1
seqneut25to26_sera_1026_d0,A/Peru/GIHSN-04-1089/2025_H3N2,plate11-A/Peru/GIHSN-04-1089/2025_H3N2,5921,0.9591,0.9591
seqneut25to26_sera_1026_d0,A/Peru/GIHSN-04-1089/2025_H3N2,plate11-A/Peru/GIHSN-04-1089/2025_H3N2,1.362e+04,1.003,1
seqneut25to26_sera_1026_d0,A/Philippines/SARI25-1425/2025_H1N1,plate11-A/Philippines/SARI25-1425/2025_H1N1,40,0.4992,0.4992
seqneut25to26_sera_1026_d0,A/Philippines/SARI25-1425/2025_H1N1,plate11-A/Philippines/SARI25-1425/2025_H1N1,92,0.7012,0.7012
seqneut25to26_sera_1026_d0,A/Philippines/SARI25-1425/2025_H1N1,plate11-A/Philippines/SARI25-1425/2025_H1N1,212,0.7651,0.7651
seqneut25to26_sera_1026_d0,A/Philippines/SARI25-1425/2025_H1N1,plate11-A/Philippines/SARI25-1425/2025_H1N1,487,0.9406,0.9406
seqneut25to26_sera_1026_d0,A/Philippines/SARI25-1425/2025_H1N1,plate11-A/Philippines/SARI25-1425/2025_H1N1,1119,1.158,1
seqneut25to26_sera_1026_d0,A/Philippines/SARI25-1425/2025_H1N1,plate11-A/Philippines/SARI25-1425/2025_H1N1,2575,0.9396,0.9396
seqneut25to26_sera_1026_d0,A/Philippines/SARI25-1425/2025_H1N1,plate11-A/Philippines/SARI25-1425/2025_H1N1,5921,1.061,1
seqneut25to26_sera_1026_d0,A/Philippines/SARI25-1425/2025_H1N1,plate11-A/Philippines/SARI25-1425/2025_H1N1,1.362e+04,1.09,1
seqneut25to26_sera_1026_d0,A/Queensland/2526516675/2025_H3N2,plate11-A/Queensland/2526516675/2025_H3N2,40,0.2968,0.2968
seqneut25to26_sera_1026_d0,A/Queensland/2526516675/2025_H3N2,plate11-A/Queensland/2526516675/2025_H3N2,92,0.4423,0.4423
seqneut25to26_sera_1026_d0,A/Queensland/2526516675/2025_H3N2,plate11-A/Queensland/2526516675/2025_H3N2,212,0.5101,0.5101
seqneut25to26_sera_1026_d0,A/Queensland/2526516675/2025_H3N2,plate11-A/Queensland/2526516675/2025_H3N2,487,0.8161,0.8161
seqneut25to26_sera_1026_d0,A/Queensland/2526516675/2025_H3N2,plate11-A/Queensland/2526516675/2025_H3N2,1119,0.9138,0.9138
seqneut25to26_sera_1026_d0,A/Queensland/2526516675/2025_H3N2,plate11-A/Queensland/2526516675/2025_H3N2,2575,0.7329,0.7329
seqneut25to26_sera_1026_d0,A/Queensland/2526516675/2025_H3N2,plate11-A/Queensland/2526516675/2025_H3N2,5921,0.9759,0.9759
seqneut25to26_sera_1026_d0,A/Queensland/2526516675/2025_H3N2,plate11-A/Queensland/2526516675/2025_H3N2,1.362e+04,0.9333,0.9333
seqneut25to26_sera_1026_d0,A/SouthAfrica/PET37604/2025_H3N2,plate11-A/SouthAfrica/PET37604/2025_H3N2,40,0.2104,0.2104
seqneut25to26_sera_1026_d0,A/SouthAfrica/PET37604/2025_H3N2,plate11-A/SouthAfrica/PET37604/2025_H3N2,92,0.2827,0.2827
seqneut25to26_sera_1026_d0,A/SouthAfrica/PET37604/2025_H3N2,plate11-A/SouthAfrica/PET37604/2025_H3N2,212,0.3524,0.3524
seqneut25to26_sera_1026_d0,A/SouthAfrica/PET37604/2025_H3N2,plate11-A/SouthAfrica/PET37604/2025_H3N2,487,0.5116,0.5116
seqneut25to26_sera_1026_d0,A/SouthAfrica/PET37604/2025_H3N2,plate11-A/SouthAfrica/PET37604/2025_H3N2,1119,0.8827,0.8827
seqneut25to26_sera_1026_d0,A/SouthAfrica/PET37604/2025_H3N2,plate11-A/SouthAfrica/PET37604/2025_H3N2,2575,0.6707,0.6707
seqneut25to26_sera_1026_d0,A/SouthAfrica/PET37604/2025_H3N2,plate11-A/SouthAfrica/PET37604/2025_H3N2,5921,0.7908,0.7908
seqneut25to26_sera_1026_d0,A/SouthAfrica/PET37604/2025_H3N2,plate11-A/SouthAfrica/PET37604/2025_H3N2,1.362e+04,0.8719,0.8719
seqneut25to26_sera_1026_d0,A/SouthAfrica/PET37625/2025_H3N2,plate11-A/SouthAfrica/PET37625/2025_H3N2,40,0.177,0.177
seqneut25to26_sera_1026_d0,A/SouthAfrica/PET37625/2025_H3N2,plate11-A/SouthAfrica/PET37625/2025_H3N2,92,0.3122,0.3122
seqneut25to26_sera_1026_d0,A/SouthAfrica/PET37625/2025_H3N2,plate11-A/SouthAfrica/PET37625/2025_H3N2,212,0.4019,0.4019
seqneut25to26_sera_1026_d0,A/SouthAfrica/PET37625/2025_H3N2,plate11-A/SouthAfrica/PET37625/2025_H3N2,487,0.5078,0.5078
seqneut25to26_sera_1026_d0,A/SouthAfrica/PET37625/2025_H3N2,plate11-A/SouthAfrica/PET37625/2025_H3N2,1119,0.6983,0.6983
seqneut25to26_sera_1026_d0,A/SouthAfrica/PET37625/2025_H3N2,plate11-A/SouthAfrica/PET37625/2025_H3N2,2575,0.7527,0.7527
seqneut25to26_sera_1026_d0,A/SouthAfrica/PET37625/2025_H3N2,plate11-A/SouthAfrica/PET37625/2025_H3N2,5921,0.8612,0.8612
seqneut25to26_sera_1026_d0,A/SouthAfrica/PET37625/2025_H3N2,plate11-A/SouthAfrica/PET37625/2025_H3N2,1.362e+04,1.029,1
seqneut25to26_sera_1026_d0,A/SouthAustralia/2519001037/2025_H1N1,plate11-A/SouthAustralia/2519001037/2025_H1N1,40,0.3312,0.3312
seqneut25to26_sera_1026_d0,A/SouthAustralia/2519001037/2025_H1N1,plate11-A/SouthAustralia/2519001037/2025_H1N1,92,0.501,0.501
seqneut25to26_sera_1026_d0,A/SouthAustralia/2519001037/2025_H1N1,plate11-A/SouthAustralia/2519001037/2025_H1N1,212,0.8059,0.8059
seqneut25to26_sera_1026_d0,A/SouthAustralia/2519001037/2025_H1N1,plate11-A/SouthAustralia/2519001037/2025_H1N1,487,0.807,0.807
seqneut25to26_sera_1026_d0,A/SouthAustralia/2519001037/2025_H1N1,plate11-A/SouthAustralia/2519001037/2025_H1N1,1119,1.089,1
seqneut25to26_sera_1026_d0,A/SouthAustralia/2519001037/2025_H1N1,plate11-A/SouthAustralia/2519001037/2025_H1N1,2575,0.8447,0.8447
seqneut25to26_sera_1026_d0,A/SouthAustralia/2519001037/2025_H1N1,plate11-A/SouthAustralia/2519001037/2025_H1N1,5921,1.023,1
seqneut25to26_sera_1026_d0,A/SouthAustralia/2519001037/2025_H1N1,plate11-A/SouthAustralia/2519001037/2025_H1N1,1.362e+04,1.209,1
seqneut25to26_sera_1026_d0,A/SouthAustralia/2520702747/2025_H1N1,plate11-A/SouthAustralia/2520702747/2025_H1N1,40,0.2609,0.2609
seqneut25to26_sera_1026_d0,A/SouthAustralia/2520702747/2025_H1N1,plate11-A/SouthAustralia/2520702747/2025_H1N1,92,0.7163,0.7163
seqneut25to26_sera_1026_d0,A/SouthAustralia/2520702747/2025_H1N1,plate11-A/SouthAustralia/2520702747/2025_H1N1,212,0.7587,0.7587
seqneut25to26_sera_1026_d0,A/SouthAustralia/2520702747/2025_H1N1,plate11-A/SouthAustralia/2520702747/2025_H1N1,487,0.8368,0.8368
seqneut25to26_sera_1026_d0,A/SouthAustralia/2520702747/2025_H1N1,plate11-A/SouthAustralia/2520702747/2025_H1N1,1119,1.039,1
seqneut25to26_sera_1026_d0,A/SouthAustralia/2520702747/2025_H1N1,plate11-A/SouthAustralia/2520702747/2025_H1N1,2575,0.9698,0.9698
seqneut25to26_sera_1026_d0,A/SouthAustralia/2520702747/2025_H1N1,plate11-A/SouthAustralia/2520702747/2025_H1N1,5921,1.157,1
seqneut25to26_sera_1026_d0,A/SouthAustralia/2520702747/2025_H1N1,plate11-A/SouthAustralia/2520702747/2025_H1N1,1.362e+04,0.9344,0.9344
seqneut25to26_sera_1026_d0,A/SouthAustralia/2523012764/2025_H1N1,plate11-A/SouthAustralia/2523012764/2025_H1N1,40,0.344,0.344
seqneut25to26_sera_1026_d0,A/SouthAustralia/2523012764/2025_H1N1,plate11-A/SouthAustralia/2523012764/2025_H1N1,92,0.6886,0.6886
seqneut25to26_sera_1026_d0,A/SouthAustralia/2523012764/2025_H1N1,plate11-A/SouthAustralia/2523012764/2025_H1N1,212,0.7037,0.7037
seqneut25to26_sera_1026_d0,A/SouthAustralia/2523012764/2025_H1N1,plate11-A/SouthAustralia/2523012764/2025_H1N1,487,0.9007,0.9007
seqneut25to26_sera_1026_d0,A/SouthAustralia/2523012764/2025_H1N1,plate11-A/SouthAustralia/2523012764/2025_H1N1,1119,1.038,1
seqneut25to26_sera_1026_d0,A/SouthAustralia/2523012764/2025_H1N1,plate11-A/SouthAustralia/2523012764/2025_H1N1,2575,0.932,0.932
seqneut25to26_sera_1026_d0,A/SouthAustralia/2523012764/2025_H1N1,plate11-A/SouthAustralia/2523012764/2025_H1N1,5921,1.032,1
seqneut25to26_sera_1026_d0,A/SouthAustralia/2523012764/2025_H1N1,plate11-A/SouthAustralia/2523012764/2025_H1N1,1.362e+04,0.8895,0.8895
seqneut25to26_sera_1026_d0,A/SouthAustralia/2523812314/2025_H3N2,plate11-A/SouthAustralia/2523812314/2025_H3N2,40,0.2396,0.2396
seqneut25to26_sera_1026_d0,A/SouthAustralia/2523812314/2025_H3N2,plate11-A/SouthAustralia/2523812314/2025_H3N2,92,0.3411,0.3411
seqneut25to26_sera_1026_d0,A/SouthAustralia/2523812314/2025_H3N2,plate11-A/SouthAustralia/2523812314/2025_H3N2,212,0.552,0.552
seqneut25to26_sera_1026_d0,A/SouthAustralia/2523812314/2025_H3N2,plate11-A/SouthAustralia/2523812314/2025_H3N2,487,0.604,0.604
seqneut25to26_sera_1026_d0,A/SouthAustralia/2523812314/2025_H3N2,plate11-A/SouthAustralia/2523812314/2025_H3N2,1119,1.017,1
seqneut25to26_sera_1026_d0,A/SouthAustralia/2523812314/2025_H3N2,plate11-A/SouthAustralia/2523812314/2025_H3N2,2575,0.774,0.774
seqneut25to26_sera_1026_d0,A/SouthAustralia/2523812314/2025_H3N2,plate11-A/SouthAustralia/2523812314/2025_H3N2,5921,0.9992,0.9992
seqneut25to26_sera_1026_d0,A/SouthAustralia/2523812314/2025_H3N2,plate11-A/SouthAustralia/2523812314/2025_H3N2,1.362e+04,0.9868,0.9868
seqneut25to26_sera_1026_d0,A/SouthAustralia/2524408801/2025_H3N2,plate11-A/SouthAustralia/2524408801/2025_H3N2,40,0.4937,0.4937
seqneut25to26_sera_1026_d0,A/SouthAustralia/2524408801/2025_H3N2,plate11-A/SouthAustralia/2524408801/2025_H3N2,92,0.4521,0.4521
seqneut25to26_sera_1026_d0,A/SouthAustralia/2524408801/2025_H3N2,plate11-A/SouthAustralia/2524408801/2025_H3N2,212,0.5542,0.5542
seqneut25to26_sera_1026_d0,A/SouthAustralia/2524408801/2025_H3N2,plate11-A/SouthAustralia/2524408801/2025_H3N2,487,0.674,0.674
seqneut25to26_sera_1026_d0,A/SouthAustralia/2524408801/2025_H3N2,plate11-A/SouthAustralia/2524408801/2025_H3N2,1119,0.7789,0.7789
seqneut25to26_sera_1026_d0,A/SouthAustralia/2524408801/2025_H3N2,plate11-A/SouthAustralia/2524408801/2025_H3N2,2575,0.8,0.8
seqneut25to26_sera_1026_d0,A/SouthAustralia/2524408801/2025_H3N2,plate11-A/SouthAustralia/2524408801/2025_H3N2,5921,0.9618,0.9618
seqneut25to26_sera_1026_d0,A/SouthAustralia/2524408801/2025_H3N2,plate11-A/SouthAustralia/2524408801/2025_H3N2,1.362e+04,0.943,0.943
seqneut25to26_sera_1026_d0,A/SouthAustralia/2524712956/2025_H1N1,plate11-A/SouthAustralia/2524712956/2025_H1N1,40,0.3583,0.3583
seqneut25to26_sera_1026_d0,A/SouthAustralia/2524712956/2025_H1N1,plate11-A/SouthAustralia/2524712956/2025_H1N1,92,0.6799,0.6799
seqneut25to26_sera_1026_d0,A/SouthAustralia/2524712956/2025_H1N1,plate11-A/SouthAustralia/2524712956/2025_H1N1,212,0.7708,0.7708
seqneut25to26_sera_1026_d0,A/SouthAustralia/2524712956/2025_H1N1,plate11-A/SouthAustralia/2524712956/2025_H1N1,487,0.9086,0.9086
seqneut25to26_sera_1026_d0,A/SouthAustralia/2524712956/2025_H1N1,plate11-A/SouthAustralia/2524712956/2025_H1N1,1119,1.287,1
seqneut25to26_sera_1026_d0,A/SouthAustralia/2524712956/2025_H1N1,plate11-A/SouthAustralia/2524712956/2025_H1N1,2575,0.9658,0.9658
seqneut25to26_sera_1026_d0,A/SouthAustralia/2524712956/2025_H1N1,plate11-A/SouthAustralia/2524712956/2025_H1N1,5921,1.082,1
seqneut25to26_sera_1026_d0,A/SouthAustralia/2524712956/2025_H1N1,plate11-A/SouthAustralia/2524712956/2025_H1N1,1.362e+04,1.176,1
seqneut25to26_sera_1026_d0,A/SouthAustralia/2525607496/2025_H3N2,plate11-A/SouthAustralia/2525607496/2025_H3N2,40,0.4502,0.4502
seqneut25to26_sera_1026_d0,A/SouthAustralia/2525607496/2025_H3N2,plate11-A/SouthAustralia/2525607496/2025_H3N2,92,0.7564,0.7564
seqneut25to26_sera_1026_d0,A/SouthAustralia/2525607496/2025_H3N2,plate11-A/SouthAustralia/2525607496/2025_H3N2,212,0.6677,0.6677
seqneut25to26_sera_1026_d0,A/SouthAustralia/2525607496/2025_H3N2,plate11-A/SouthAustralia/2525607496/2025_H3N2,487,0.8408,0.8408
seqneut25to26_sera_1026_d0,A/SouthAustralia/2525607496/2025_H3N2,plate11-A/SouthAustralia/2525607496/2025_H3N2,1119,0.9989,0.9989
seqneut25to26_sera_1026_d0,A/SouthAustralia/2525607496/2025_H3N2,plate11-A/SouthAustralia/2525607496/2025_H3N2,2575,0.6388,0.6388
seqneut25to26_sera_1026_d0,A/SouthAustralia/2525607496/2025_H3N2,plate11-A/SouthAustralia/2525607496/2025_H3N2,5921,1.04,1
seqneut25to26_sera_1026_d0,A/SouthAustralia/2525607496/2025_H3N2,plate11-A/SouthAustralia/2525607496/2025_H3N2,1.362e+04,0.9191,0.9191
seqneut25to26_sera_1026_d0,A/SouthAustralia/2527003588/2025_H3N2,plate11-A/SouthAustralia/2527003588/2025_H3N2,40,0.5052,0.5052
seqneut25to26_sera_1026_d0,A/SouthAustralia/2527003588/2025_H3N2,plate11-A/SouthAustralia/2527003588/2025_H3N2,92,0.6738,0.6738
seqneut25to26_sera_1026_d0,A/SouthAustralia/2527003588/2025_H3N2,plate11-A/SouthAustralia/2527003588/2025_H3N2,212,0.9469,0.9469
seqneut25to26_sera_1026_d0,A/SouthAustralia/2527003588/2025_H3N2,plate11-A/SouthAustralia/2527003588/2025_H3N2,487,0.8822,0.8822
seqneut25to26_sera_1026_d0,A/SouthAustralia/2527003588/2025_H3N2,plate11-A/SouthAustralia/2527003588/2025_H3N2,1119,1.29,1
seqneut25to26_sera_1026_d0,A/SouthAustralia/2527003588/2025_H3N2,plate11-A/SouthAustralia/2527003588/2025_H3N2,2575,0.7648,0.7648
seqneut25to26_sera_1026_d0,A/SouthAustralia/2527003588/2025_H3N2,plate11-A/SouthAustralia/2527003588/2025_H3N2,5921,0.9425,0.9425
seqneut25to26_sera_1026_d0,A/SouthAustralia/2527003588/2025_H3N2,plate11-A/SouthAustralia/2527003588/2025_H3N2,1.362e+04,1.014,1
seqneut25to26_sera_1026_d0,A/SouthAustralia/2527213276/2025_H3N2,plate11-A/SouthAustralia/2527213276/2025_H3N2,40,0.4,0.4
seqneut25to26_sera_1026_d0,A/SouthAustralia/2527213276/2025_H3N2,plate11-A/SouthAustralia/2527213276/2025_H3N2,92,0.4026,0.4026
seqneut25to26_sera_1026_d0,A/SouthAustralia/2527213276/2025_H3N2,plate11-A/SouthAustralia/2527213276/2025_H3N2,212,0.5844,0.5844
seqneut25to26_sera_1026_d0,A/SouthAustralia/2527213276/2025_H3N2,plate11-A/SouthAustralia/2527213276/2025_H3N2,487,0.6049,0.6049
seqneut25to26_sera_1026_d0,A/SouthAustralia/2527213276/2025_H3N2,plate11-A/SouthAustralia/2527213276/2025_H3N2,1119,0.9395,0.9395
seqneut25to26_sera_1026_d0,A/SouthAustralia/2527213276/2025_H3N2,plate11-A/SouthAustralia/2527213276/2025_H3N2,2575,0.8723,0.8723
seqneut25to26_sera_1026_d0,A/SouthAustralia/2527213276/2025_H3N2,plate11-A/SouthAustralia/2527213276/2025_H3N2,5921,1.087,1
seqneut25to26_sera_1026_d0,A/SouthAustralia/2527213276/2025_H3N2,plate11-A/SouthAustralia/2527213276/2025_H3N2,1.362e+04,1.122,1
seqneut25to26_sera_1026_d0,A/SouthAustralia/2527612456/2025_H1N1,plate11-A/SouthAustralia/2527612456/2025_H1N1,40,0.647,0.647
seqneut25to26_sera_1026_d0,A/SouthAustralia/2527612456/2025_H1N1,plate11-A/SouthAustralia/2527612456/2025_H1N1,92,0.7364,0.7364
seqneut25to26_sera_1026_d0,A/SouthAustralia/2527612456/2025_H1N1,plate11-A/SouthAustralia/2527612456/2025_H1N1,212,0.9256,0.9256
seqneut25to26_sera_1026_d0,A/SouthAustralia/2527612456/2025_H1N1,plate11-A/SouthAustralia/2527612456/2025_H1N1,487,0.8732,0.8732
seqneut25to26_sera_1026_d0,A/SouthAustralia/2527612456/2025_H1N1,plate11-A/SouthAustralia/2527612456/2025_H1N1,1119,1.093,1
seqneut25to26_sera_1026_d0,A/SouthAustralia/2527612456/2025_H1N1,plate11-A/SouthAustralia/2527612456/2025_H1N1,2575,0.8158,0.8158
seqneut25to26_sera_1026_d0,A/SouthAustralia/2527612456/2025_H1N1,plate11-A/SouthAustralia/2527612456/2025_H1N1,5921,1.027,1
seqneut25to26_sera_1026_d0,A/SouthAustralia/2527612456/2025_H1N1,plate11-A/SouthAustralia/2527612456/2025_H1N1,1.362e+04,1.113,1
seqneut25to26_sera_1026_d0,A/SouthAustralia/2527902708/2025_H3N2,plate11-A/SouthAustralia/2527902708/2025_H3N2,40,0.3979,0.3979
seqneut25to26_sera_1026_d0,A/SouthAustralia/2527902708/2025_H3N2,plate11-A/SouthAustralia/2527902708/2025_H3N2,92,0.5594,0.5594
seqneut25to26_sera_1026_d0,A/SouthAustralia/2527902708/2025_H3N2,plate11-A/SouthAustralia/2527902708/2025_H3N2,212,0.6207,0.6207
seqneut25to26_sera_1026_d0,A/SouthAustralia/2527902708/2025_H3N2,plate11-A/SouthAustralia/2527902708/2025_H3N2,487,0.7114,0.7114
seqneut25to26_sera_1026_d0,A/SouthAustralia/2527902708/2025_H3N2,plate11-A/SouthAustralia/2527902708/2025_H3N2,1119,0.8203,0.8203
seqneut25to26_sera_1026_d0,A/SouthAustralia/2527902708/2025_H3N2,plate11-A/SouthAustralia/2527902708/2025_H3N2,2575,0.7198,0.7198
seqneut25to26_sera_1026_d0,A/SouthAustralia/2527902708/2025_H3N2,plate11-A/SouthAustralia/2527902708/2025_H3N2,5921,0.8267,0.8267
seqneut25to26_sera_1026_d0,A/SouthAustralia/2527902708/2025_H3N2,plate11-A/SouthAustralia/2527902708/2025_H3N2,1.362e+04,0.9588,0.9588
seqneut25to26_sera_1026_d0,A/Sydney/1359/2024_H3N2,plate11-A/Sydney/1359/2024_H3N2,40,0.4616,0.4616
seqneut25to26_sera_1026_d0,A/Sydney/1359/2024_H3N2,plate11-A/Sydney/1359/2024_H3N2,92,0.6799,0.6799
seqneut25to26_sera_1026_d0,A/Sydney/1359/2024_H3N2,plate11-A/Sydney/1359/2024_H3N2,212,0.7277,0.7277
seqneut25to26_sera_1026_d0,A/Sydney/1359/2024_H3N2,plate11-A/Sydney/1359/2024_H3N2,487,0.7346,0.7346
seqneut25to26_sera_1026_d0,A/Sydney/1359/2024_H3N2,plate11-A/Sydney/1359/2024_H3N2,1119,1.113,1
seqneut25to26_sera_1026_d0,A/Sydney/1359/2024_H3N2,plate11-A/Sydney/1359/2024_H3N2,2575,0.9478,0.9478
seqneut25to26_sera_1026_d0,A/Sydney/1359/2024_H3N2,plate11-A/Sydney/1359/2024_H3N2,5921,0.8183,0.8183
seqneut25to26_sera_1026_d0,A/Sydney/1359/2024_H3N2,plate11-A/Sydney/1359/2024_H3N2,1.362e+04,1.034,1
seqneut25to26_sera_1026_d0,A/Sydney/400/2025_H1N1,plate11-A/Sydney/400/2025_H1N1,40,0.2639,0.2639
seqneut25to26_sera_1026_d0,A/Sydney/400/2025_H1N1,plate11-A/Sydney/400/2025_H1N1,92,0.5095,0.5095
seqneut25to26_sera_1026_d0,A/Sydney/400/2025_H1N1,plate11-A/Sydney/400/2025_H1N1,212,0.716,0.716
seqneut25to26_sera_1026_d0,A/Sydney/400/2025_H1N1,plate11-A/Sydney/400/2025_H1N1,487,1.049,1
seqneut25to26_sera_1026_d0,A/Sydney/400/2025_H1N1,plate11-A/Sydney/400/2025_H1N1,1119,1.082,1
seqneut25to26_sera_1026_d0,A/Sydney/400/2025_H1N1,plate11-A/Sydney/400/2025_H1N1,2575,0.9241,0.9241
seqneut25to26_sera_1026_d0,A/Sydney/400/2025_H1N1,plate11-A/Sydney/400/2025_H1N1,5921,1.071,1
seqneut25to26_sera_1026_d0,A/Sydney/400/2025_H1N1,plate11-A/Sydney/400/2025_H1N1,1.362e+04,1.127,1
seqneut25to26_sera_1026_d0,A/Tasmania/2521815682/2025_H3N2,plate11-A/Tasmania/2521815682/2025_H3N2,40,0.5069,0.5069
seqneut25to26_sera_1026_d0,A/Tasmania/2521815682/2025_H3N2,plate11-A/Tasmania/2521815682/2025_H3N2,92,0.4779,0.4779
seqneut25to26_sera_1026_d0,A/Tasmania/2521815682/2025_H3N2,plate11-A/Tasmania/2521815682/2025_H3N2,212,0.5134,0.5134
seqneut25to26_sera_1026_d0,A/Tasmania/2521815682/2025_H3N2,plate11-A/Tasmania/2521815682/2025_H3N2,487,0.6651,0.6651
seqneut25to26_sera_1026_d0,A/Tasmania/2521815682/2025_H3N2,plate11-A/Tasmania/2521815682/2025_H3N2,1119,1.102,1
seqneut25to26_sera_1026_d0,A/Tasmania/2521815682/2025_H3N2,plate11-A/Tasmania/2521815682/2025_H3N2,2575,0.7797,0.7797
seqneut25to26_sera_1026_d0,A/Tasmania/2521815682/2025_H3N2,plate11-A/Tasmania/2521815682/2025_H3N2,5921,0.8435,0.8435
seqneut25to26_sera_1026_d0,A/Tasmania/2521815682/2025_H3N2,plate11-A/Tasmania/2521815682/2025_H3N2,1.362e+04,1.105,1
seqneut25to26_sera_1026_d0,A/Thailand/8/2022_H3N2,plate11-A/Thailand/8/2022_H3N2,40,0.1538,0.1538
seqneut25to26_sera_1026_d0,A/Thailand/8/2022_H3N2,plate11-A/Thailand/8/2022_H3N2,92,0.3413,0.3413
seqneut25to26_sera_1026_d0,A/Thailand/8/2022_H3N2,plate11-A/Thailand/8/2022_H3N2,212,0.3732,0.3732
seqneut25to26_sera_1026_d0,A/Thailand/8/2022_H3N2,plate11-A/Thailand/8/2022_H3N2,487,0.3424,0.3424
seqneut25to26_sera_1026_d0,A/Thailand/8/2022_H3N2,plate11-A/Thailand/8/2022_H3N2,1119,0.7622,0.7622
seqneut25to26_sera_1026_d0,A/Thailand/8/2022_H3N2,plate11-A/Thailand/8/2022_H3N2,2575,0.8058,0.8058
seqneut25to26_sera_1026_d0,A/Thailand/8/2022_H3N2,plate11-A/Thailand/8/2022_H3N2,5921,0.6221,0.6221
seqneut25to26_sera_1026_d0,A/Thailand/8/2022_H3N2,plate11-A/Thailand/8/2022_H3N2,1.362e+04,0.6874,0.6874
seqneut25to26_sera_1026_d0,A/Vermont/73/2025_H3N2,plate11-A/Vermont/73/2025_H3N2,40,0.4897,0.4897
seqneut25to26_sera_1026_d0,A/Vermont/73/2025_H3N2,plate11-A/Vermont/73/2025_H3N2,92,0.6742,0.6742
seqneut25to26_sera_1026_d0,A/Vermont/73/2025_H3N2,plate11-A/Vermont/73/2025_H3N2,212,0.6362,0.6362
seqneut25to26_sera_1026_d0,A/Vermont/73/2025_H3N2,plate11-A/Vermont/73/2025_H3N2,487,0.7258,0.7258
seqneut25to26_sera_1026_d0,A/Vermont/73/2025_H3N2,plate11-A/Vermont/73/2025_H3N2,1119,1.209,1
seqneut25to26_sera_1026_d0,A/Vermont/73/2025_H3N2,plate11-A/Vermont/73/2025_H3N2,2575,0.6611,0.6611
seqneut25to26_sera_1026_d0,A/Vermont/73/2025_H3N2,plate11-A/Vermont/73/2025_H3N2,5921,0.9455,0.9455
seqneut25to26_sera_1026_d0,A/Vermont/73/2025_H3N2,plate11-A/Vermont/73/2025_H3N2,1.362e+04,0.9838,0.9838
seqneut25to26_sera_1026_d0,A/Victoria/4897/2022_IVR-238_H1N1,plate11-A/Victoria/4897/2022_IVR-238_H1N1,40,0,0
seqneut25to26_sera_1026_d0,A/Victoria/4897/2022_IVR-238_H1N1,plate11-A/Victoria/4897/2022_IVR-238_H1N1,92,0.001954,0.001954
seqneut25to26_sera_1026_d0,A/Victoria/4897/2022_IVR-238_H1N1,plate11-A/Victoria/4897/2022_IVR-238_H1N1,212,0.1898,0.1898
seqneut25to26_sera_1026_d0,A/Victoria/4897/2022_IVR-238_H1N1,plate11-A/Victoria/4897/2022_IVR-238_H1N1,487,0.6636,0.6636
seqneut25to26_sera_1026_d0,A/Victoria/4897/2022_IVR-238_H1N1,plate11-A/Victoria/4897/2022_IVR-238_H1N1,1119,1.437,1
seqneut25to26_sera_1026_d0,A/Victoria/4897/2022_IVR-238_H1N1,plate11-A/Victoria/4897/2022_IVR-238_H1N1,2575,0.9441,0.9441
seqneut25to26_sera_1026_d0,A/Victoria/4897/2022_IVR-238_H1N1,plate11-A/Victoria/4897/2022_IVR-238_H1N1,5921,1.127,1
seqneut25to26_sera_1026_d0,A/Victoria/4897/2022_IVR-238_H1N1,plate11-A/Victoria/4897/2022_IVR-238_H1N1,1.362e+04,1.177,1
seqneut25to26_sera_1026_d0,A/Wisconsin/588/2019_H1N1,plate11-A/Wisconsin/588/2019_H1N1,40,0.0003881,0.0003881
seqneut25to26_sera_1026_d0,A/Wisconsin/588/2019_H1N1,plate11-A/Wisconsin/588/2019_H1N1,92,0.04548,0.04548
seqneut25to26_sera_1026_d0,A/Wisconsin/588/2019_H1N1,plate11-A/Wisconsin/588/2019_H1N1,212,0.3835,0.3835
seqneut25to26_sera_1026_d0,A/Wisconsin/588/2019_H1N1,plate11-A/Wisconsin/588/2019_H1N1,487,0.6834,0.6834
seqneut25to26_sera_1026_d0,A/Wisconsin/588/2019_H1N1,plate11-A/Wisconsin/588/2019_H1N1,1119,1.047,1
seqneut25to26_sera_1026_d0,A/Wisconsin/588/2019_H1N1,plate11-A/Wisconsin/588/2019_H1N1,2575,0.8916,0.8916
seqneut25to26_sera_1026_d0,A/Wisconsin/588/2019_H1N1,plate11-A/Wisconsin/588/2019_H1N1,5921,1.029,1
seqneut25to26_sera_1026_d0,A/Wisconsin/588/2019_H1N1,plate11-A/Wisconsin/588/2019_H1N1,1.362e+04,1.124,1
seqneut25to26_sera_1026_d0,A/Wisconsin/67/2022_H1N1,plate11-A/Wisconsin/67/2022_H1N1,40,0.2234,0.2234
seqneut25to26_sera_1026_d0,A/Wisconsin/67/2022_H1N1,plate11-A/Wisconsin/67/2022_H1N1,92,0.6423,0.6423
seqneut25to26_sera_1026_d0,A/Wisconsin/67/2022_H1N1,plate11-A/Wisconsin/67/2022_H1N1,212,0.7817,0.7817
seqneut25to26_sera_1026_d0,A/Wisconsin/67/2022_H1N1,plate11-A/Wisconsin/67/2022_H1N1,487,0.8068,0.8068
seqneut25to26_sera_1026_d0,A/Wisconsin/67/2022_H1N1,plate11-A/Wisconsin/67/2022_H1N1,1119,1.089,1
seqneut25to26_sera_1026_d0,A/Wisconsin/67/2022_H1N1,plate11-A/Wisconsin/67/2022_H1N1,2575,1.001,1
seqneut25to26_sera_1026_d0,A/Wisconsin/67/2022_H1N1,plate11-A/Wisconsin/67/2022_H1N1,5921,1.029,1
seqneut25to26_sera_1026_d0,A/Wisconsin/67/2022_H1N1,plate11-A/Wisconsin/67/2022_H1N1,1.362e+04,1.049,1
seqneut25to26_sera_1026_d0,A/Zacapa/FLU-261/2025_H1N1,plate11-A/Zacapa/FLU-261/2025_H1N1,40,0.2899,0.2899
seqneut25to26_sera_1026_d0,A/Zacapa/FLU-261/2025_H1N1,plate11-A/Zacapa/FLU-261/2025_H1N1,92,0.7501,0.7501
seqneut25to26_sera_1026_d0,A/Zacapa/FLU-261/2025_H1N1,plate11-A/Zacapa/FLU-261/2025_H1N1,212,0.8066,0.8066
seqneut25to26_sera_1026_d0,A/Zacapa/FLU-261/2025_H1N1,plate11-A/Zacapa/FLU-261/2025_H1N1,487,0.871,0.871
seqneut25to26_sera_1026_d0,A/Zacapa/FLU-261/2025_H1N1,plate11-A/Zacapa/FLU-261/2025_H1N1,1119,1.396,1
seqneut25to26_sera_1026_d0,A/Zacapa/FLU-261/2025_H1N1,plate11-A/Zacapa/FLU-261/2025_H1N1,2575,1.113,1
seqneut25to26_sera_1026_d0,A/Zacapa/FLU-261/2025_H1N1,plate11-A/Zacapa/FLU-261/2025_H1N1,5921,1.066,1
seqneut25to26_sera_1026_d0,A/Zacapa/FLU-261/2025_H1N1,plate11-A/Zacapa/FLU-261/2025_H1N1,1.362e+04,1,1
seqneut25to26_sera_1026_d28,A/Alagoas/4130/2025_H3N2,plate11-A/Alagoas/4130/2025_H3N2,40,0.08609,0.08609
seqneut25to26_sera_1026_d28,A/Alagoas/4130/2025_H3N2,plate11-A/Alagoas/4130/2025_H3N2,92,0.2152,0.2152
seqneut25to26_sera_1026_d28,A/Alagoas/4130/2025_H3N2,plate11-A/Alagoas/4130/2025_H3N2,212,0.4152,0.4152
seqneut25to26_sera_1026_d28,A/Alagoas/4130/2025_H3N2,plate11-A/Alagoas/4130/2025_H3N2,487,0.6098,0.6098
seqneut25to26_sera_1026_d28,A/Alagoas/4130/2025_H3N2,plate11-A/Alagoas/4130/2025_H3N2,1119,0.9361,0.9361
seqneut25to26_sera_1026_d28,A/Alagoas/4130/2025_H3N2,plate11-A/Alagoas/4130/2025_H3N2,2575,1.127,1
seqneut25to26_sera_1026_d28,A/Alagoas/4130/2025_H3N2,plate11-A/Alagoas/4130/2025_H3N2,5921,1.186,1
seqneut25to26_sera_1026_d28,A/Alagoas/4130/2025_H3N2,plate11-A/Alagoas/4130/2025_H3N2,1.362e+04,0.9835,0.9835
seqneut25to26_sera_1026_d28,A/Anapolis/LEIAL6543/2025_H3N2,plate11-A/Anapolis/LEIAL6543/2025_H3N2,40,0.2065,0.2065
seqneut25to26_sera_1026_d28,A/Anapolis/LEIAL6543/2025_H3N2,plate11-A/Anapolis/LEIAL6543/2025_H3N2,92,0.2063,0.2063
seqneut25to26_sera_1026_d28,A/Anapolis/LEIAL6543/2025_H3N2,plate11-A/Anapolis/LEIAL6543/2025_H3N2,212,0.5793,0.5793
seqneut25to26_sera_1026_d28,A/Anapolis/LEIAL6543/2025_H3N2,plate11-A/Anapolis/LEIAL6543/2025_H3N2,487,0.7658,0.7658
seqneut25to26_sera_1026_d28,A/Anapolis/LEIAL6543/2025_H3N2,plate11-A/Anapolis/LEIAL6543/2025_H3N2,1119,0.6997,0.6997
seqneut25to26_sera_1026_d28,A/Anapolis/LEIAL6543/2025_H3N2,plate11-A/Anapolis/LEIAL6543/2025_H3N2,2575,0.9801,0.9801
seqneut25to26_sera_1026_d28,A/Anapolis/LEIAL6543/2025_H3N2,plate11-A/Anapolis/LEIAL6543/2025_H3N2,5921,1.138,1
seqneut25to26_sera_1026_d28,A/Anapolis/LEIAL6543/2025_H3N2,plate11-A/Anapolis/LEIAL6543/2025_H3N2,1.362e+04,0.9669,0.9669
seqneut25to26_sera_1026_d28,A/Andalucia/PMC-00977/2025_H1N1,plate11-A/Andalucia/PMC-00977/2025_H1N1,40,0.3554,0.3554
seqneut25to26_sera_1026_d28,A/Andalucia/PMC-00977/2025_H1N1,plate11-A/Andalucia/PMC-00977/2025_H1N1,92,0.7216,0.7216
seqneut25to26_sera_1026_d28,A/Andalucia/PMC-00977/2025_H1N1,plate11-A/Andalucia/PMC-00977/2025_H1N1,212,0.865,0.865
seqneut25to26_sera_1026_d28,A/Andalucia/PMC-00977/2025_H1N1,plate11-A/Andalucia/PMC-00977/2025_H1N1,487,1.022,1
seqneut25to26_sera_1026_d28,A/Andalucia/PMC-00977/2025_H1N1,plate11-A/Andalucia/PMC-00977/2025_H1N1,1119,1.211,1
seqneut25to26_sera_1026_d28,A/Andalucia/PMC-00977/2025_H1N1,plate11-A/Andalucia/PMC-00977/2025_H1N1,2575,1.082,1
seqneut25to26_sera_1026_d28,A/Andalucia/PMC-00977/2025_H1N1,plate11-A/Andalucia/PMC-00977/2025_H1N1,5921,1.402,1
seqneut25to26_sera_1026_d28,A/Andalucia/PMC-00977/2025_H1N1,plate11-A/Andalucia/PMC-00977/2025_H1N1,1.362e+04,1.002,1
seqneut25to26_sera_1026_d28,A/Aragon/2046/2025_H1N1,plate11-A/Aragon/2046/2025_H1N1,40,0.3308,0.3308
seqneut25to26_sera_1026_d28,A/Aragon/2046/2025_H1N1,plate11-A/Aragon/2046/2025_H1N1,92,0.6855,0.6855
seqneut25to26_sera_1026_d28,A/Aragon/2046/2025_H1N1,plate11-A/Aragon/2046/2025_H1N1,212,0.8619,0.8619
seqneut25to26_sera_1026_d28,A/Aragon/2046/2025_H1N1,plate11-A/Aragon/2046/2025_H1N1,487,1.046,1
seqneut25to26_sera_1026_d28,A/Aragon/2046/2025_H1N1,plate11-A/Aragon/2046/2025_H1N1,1119,1.137,1
seqneut25to26_sera_1026_d28,A/Aragon/2046/2025_H1N1,plate11-A/Aragon/2046/2025_H1N1,2575,1.192,1
seqneut25to26_sera_1026_d28,A/Aragon/2046/2025_H1N1,plate11-A/Aragon/2046/2025_H1N1,5921,1.355,1
seqneut25to26_sera_1026_d28,A/Aragon/2046/2025_H1N1,plate11-A/Aragon/2046/2025_H1N1,1.362e+04,1.149,1
seqneut25to26_sera_1026_d28,A/Arica/59150/2025_H3N2,plate11-A/Arica/59150/2025_H3N2,40,0.1772,0.1772
seqneut25to26_sera_1026_d28,A/Arica/59150/2025_H3N2,plate11-A/Arica/59150/2025_H3N2,92,0.2782,0.2782
seqneut25to26_sera_1026_d28,A/Arica/59150/2025_H3N2,plate11-A/Arica/59150/2025_H3N2,212,0.4757,0.4757
seqneut25to26_sera_1026_d28,A/Arica/59150/2025_H3N2,plate11-A/Arica/59150/2025_H3N2,487,0.8181,0.8181
seqneut25to26_sera_1026_d28,A/Arica/59150/2025_H3N2,plate11-A/Arica/59150/2025_H3N2,1119,0.8736,0.8736
seqneut25to26_sera_1026_d28,A/Arica/59150/2025_H3N2,plate11-A/Arica/59150/2025_H3N2,2575,0.9539,0.9539
seqneut25to26_sera_1026_d28,A/Arica/59150/2025_H3N2,plate11-A/Arica/59150/2025_H3N2,5921,1.217,1
seqneut25to26_sera_1026_d28,A/Arica/59150/2025_H3N2,plate11-A/Arica/59150/2025_H3N2,1.362e+04,0.9057,0.9057
seqneut25to26_sera_1026_d28,A/Bahia/3102/2025_H3N2,plate11-A/Bahia/3102/2025_H3N2,40,0.1269,0.1269
seqneut25to26_sera_1026_d28,A/Bahia/3102/2025_H3N2,plate11-A/Bahia/3102/2025_H3N2,92,0.2169,0.2169
seqneut25to26_sera_1026_d28,A/Bahia/3102/2025_H3N2,plate11-A/Bahia/3102/2025_H3N2,212,0.4047,0.4047
seqneut25to26_sera_1026_d28,A/Bahia/3102/2025_H3N2,plate11-A/Bahia/3102/2025_H3N2,487,0.6238,0.6238
seqneut25to26_sera_1026_d28,A/Bahia/3102/2025_H3N2,plate11-A/Bahia/3102/2025_H3N2,1119,0.6513,0.6513
seqneut25to26_sera_1026_d28,A/Bahia/3102/2025_H3N2,plate11-A/Bahia/3102/2025_H3N2,2575,0.774,0.774
seqneut25to26_sera_1026_d28,A/Bahia/3102/2025_H3N2,plate11-A/Bahia/3102/2025_H3N2,5921,0.8941,0.8941
seqneut25to26_sera_1026_d28,A/Bahia/3102/2025_H3N2,plate11-A/Bahia/3102/2025_H3N2,1.362e+04,0.9136,0.9136
seqneut25to26_sera_1026_d28,A/Bangkok/1803/2025_H1N1,plate11-A/Bangkok/1803/2025_H1N1,40,0.3049,0.3049
seqneut25to26_sera_1026_d28,A/Bangkok/1803/2025_H1N1,plate11-A/Bangkok/1803/2025_H1N1,92,0.7031,0.7031
seqneut25to26_sera_1026_d28,A/Bangkok/1803/2025_H1N1,plate11-A/Bangkok/1803/2025_H1N1,212,0.8109,0.8109
seqneut25to26_sera_1026_d28,A/Bangkok/1803/2025_H1N1,plate11-A/Bangkok/1803/2025_H1N1,487,1.036,1
seqneut25to26_sera_1026_d28,A/Bangkok/1803/2025_H1N1,plate11-A/Bangkok/1803/2025_H1N1,1119,1.112,1
seqneut25to26_sera_1026_d28,A/Bangkok/1803/2025_H1N1,plate11-A/Bangkok/1803/2025_H1N1,2575,1.154,1
seqneut25to26_sera_1026_d28,A/Bangkok/1803/2025_H1N1,plate11-A/Bangkok/1803/2025_H1N1,5921,1.42,1
seqneut25to26_sera_1026_d28,A/Bangkok/1803/2025_H1N1,plate11-A/Bangkok/1803/2025_H1N1,1.362e+04,1.043,1
seqneut25to26_sera_1026_d28,A/Bangkok/P2229/2025_H1N1,plate11-A/Bangkok/P2229/2025_H1N1,40,0.2737,0.2737
seqneut25to26_sera_1026_d28,A/Bangkok/P2229/2025_H1N1,plate11-A/Bangkok/P2229/2025_H1N1,92,0.6504,0.6504
seqneut25to26_sera_1026_d28,A/Bangkok/P2229/2025_H1N1,plate11-A/Bangkok/P2229/2025_H1N1,212,1.208,1
seqneut25to26_sera_1026_d28,A/Bangkok/P2229/2025_H1N1,plate11-A/Bangkok/P2229/2025_H1N1,487,1.051,1
seqneut25to26_sera_1026_d28,A/Bangkok/P2229/2025_H1N1,plate11-A/Bangkok/P2229/2025_H1N1,1119,1.265,1
seqneut25to26_sera_1026_d28,A/Bangkok/P2229/2025_H1N1,plate11-A/Bangkok/P2229/2025_H1N1,2575,1.311,1
seqneut25to26_sera_1026_d28,A/Bangkok/P2229/2025_H1N1,plate11-A/Bangkok/P2229/2025_H1N1,5921,1.294,1
seqneut25to26_sera_1026_d28,A/Bangkok/P2229/2025_H1N1,plate11-A/Bangkok/P2229/2025_H1N1,1.362e+04,1.063,1
seqneut25to26_sera_1026_d28,A/Bangkok/P2323/2025_H3N2,plate11-A/Bangkok/P2323/2025_H3N2,40,0.2706,0.2706
seqneut25to26_sera_1026_d28,A/Bangkok/P2323/2025_H3N2,plate11-A/Bangkok/P2323/2025_H3N2,92,0.4629,0.4629
seqneut25to26_sera_1026_d28,A/Bangkok/P2323/2025_H3N2,plate11-A/Bangkok/P2323/2025_H3N2,212,0.6875,0.6875
seqneut25to26_sera_1026_d28,A/Bangkok/P2323/2025_H3N2,plate11-A/Bangkok/P2323/2025_H3N2,487,0.6758,0.6758
seqneut25to26_sera_1026_d28,A/Bangkok/P2323/2025_H3N2,plate11-A/Bangkok/P2323/2025_H3N2,1119,1.006,1
seqneut25to26_sera_1026_d28,A/Bangkok/P2323/2025_H3N2,plate11-A/Bangkok/P2323/2025_H3N2,2575,0.7752,0.7752
seqneut25to26_sera_1026_d28,A/Bangkok/P2323/2025_H3N2,plate11-A/Bangkok/P2323/2025_H3N2,5921,1.186,1
seqneut25to26_sera_1026_d28,A/Bangkok/P2323/2025_H3N2,plate11-A/Bangkok/P2323/2025_H3N2,1.362e+04,0.9118,0.9118
seqneut25to26_sera_1026_d28,A/Bangkok/P2390/2025_H3N2,plate11-A/Bangkok/P2390/2025_H3N2,40,0.2122,0.2122
seqneut25to26_sera_1026_d28,A/Bangkok/P2390/2025_H3N2,plate11-A/Bangkok/P2390/2025_H3N2,92,0.3416,0.3416
seqneut25to26_sera_1026_d28,A/Bangkok/P2390/2025_H3N2,plate11-A/Bangkok/P2390/2025_H3N2,212,0.5725,0.5725
seqneut25to26_sera_1026_d28,A/Bangkok/P2390/2025_H3N2,plate11-A/Bangkok/P2390/2025_H3N2,487,0.765,0.765
seqneut25to26_sera_1026_d28,A/Bangkok/P2390/2025_H3N2,plate11-A/Bangkok/P2390/2025_H3N2,1119,0.6915,0.6915
seqneut25to26_sera_1026_d28,A/Bangkok/P2390/2025_H3N2,plate11-A/Bangkok/P2390/2025_H3N2,2575,0.9308,0.9308
seqneut25to26_sera_1026_d28,A/Bangkok/P2390/2025_H3N2,plate11-A/Bangkok/P2390/2025_H3N2,5921,0.9947,0.9947
seqneut25to26_sera_1026_d28,A/Bangkok/P2390/2025_H3N2,plate11-A/Bangkok/P2390/2025_H3N2,1.362e+04,0.8297,0.8297
seqneut25to26_sera_1026_d28,A/Bangkok/P2391/2025_H3N2,plate11-A/Bangkok/P2391/2025_H3N2,40,0.1232,0.1232
seqneut25to26_sera_1026_d28,A/Bangkok/P2391/2025_H3N2,plate11-A/Bangkok/P2391/2025_H3N2,92,0.4134,0.4134
seqneut25to26_sera_1026_d28,A/Bangkok/P2391/2025_H3N2,plate11-A/Bangkok/P2391/2025_H3N2,212,0.4406,0.4406
seqneut25to26_sera_1026_d28,A/Bangkok/P2391/2025_H3N2,plate11-A/Bangkok/P2391/2025_H3N2,487,0.9018,0.9018
seqneut25to26_sera_1026_d28,A/Bangkok/P2391/2025_H3N2,plate11-A/Bangkok/P2391/2025_H3N2,1119,0.856,0.856
seqneut25to26_sera_1026_d28,A/Bangkok/P2391/2025_H3N2,plate11-A/Bangkok/P2391/2025_H3N2,2575,1.135,1
seqneut25to26_sera_1026_d28,A/Bangkok/P2391/2025_H3N2,plate11-A/Bangkok/P2391/2025_H3N2,5921,0.9487,0.9487
seqneut25to26_sera_1026_d28,A/Bangkok/P2391/2025_H3N2,plate11-A/Bangkok/P2391/2025_H3N2,1.362e+04,0.8376,0.8376
seqneut25to26_sera_1026_d28,A/Bangkok/P2572/2025_H3N2,plate11-A/Bangkok/P2572/2025_H3N2,40,0.2744,0.2744
seqneut25to26_sera_1026_d28,A/Bangkok/P2572/2025_H3N2,plate11-A/Bangkok/P2572/2025_H3N2,92,0.4301,0.4301
seqneut25to26_sera_1026_d28,A/Bangkok/P2572/2025_H3N2,plate11-A/Bangkok/P2572/2025_H3N2,212,0.6581,0.6581
seqneut25to26_sera_1026_d28,A/Bangkok/P2572/2025_H3N2,plate11-A/Bangkok/P2572/2025_H3N2,487,0.7279,0.7279
seqneut25to26_sera_1026_d28,A/Bangkok/P2572/2025_H3N2,plate11-A/Bangkok/P2572/2025_H3N2,1119,1.013,1
seqneut25to26_sera_1026_d28,A/Bangkok/P2572/2025_H3N2,plate11-A/Bangkok/P2572/2025_H3N2,2575,0.9642,0.9642
seqneut25to26_sera_1026_d28,A/Bangkok/P2572/2025_H3N2,plate11-A/Bangkok/P2572/2025_H3N2,5921,1.039,1
seqneut25to26_sera_1026_d28,A/Bangkok/P2572/2025_H3N2,plate11-A/Bangkok/P2572/2025_H3N2,1.362e+04,0.9319,0.9319
seqneut25to26_sera_1026_d28,A/Bangkok/P2921/2025_H3N2,plate11-A/Bangkok/P2921/2025_H3N2,40,0.261,0.261
seqneut25to26_sera_1026_d28,A/Bangkok/P2921/2025_H3N2,plate11-A/Bangkok/P2921/2025_H3N2,92,0.3285,0.3285
seqneut25to26_sera_1026_d28,A/Bangkok/P2921/2025_H3N2,plate11-A/Bangkok/P2921/2025_H3N2,212,0.5945,0.5945
seqneut25to26_sera_1026_d28,A/Bangkok/P2921/2025_H3N2,plate11-A/Bangkok/P2921/2025_H3N2,487,0.8824,0.8824
seqneut25to26_sera_1026_d28,A/Bangkok/P2921/2025_H3N2,plate11-A/Bangkok/P2921/2025_H3N2,1119,1.109,1
seqneut25to26_sera_1026_d28,A/Bangkok/P2921/2025_H3N2,plate11-A/Bangkok/P2921/2025_H3N2,2575,0.8288,0.8288
seqneut25to26_sera_1026_d28,A/Bangkok/P2921/2025_H3N2,plate11-A/Bangkok/P2921/2025_H3N2,5921,1.479,1
seqneut25to26_sera_1026_d28,A/Bangkok/P2921/2025_H3N2,plate11-A/Bangkok/P2921/2025_H3N2,1.362e+04,0.9148,0.9148
seqneut25to26_sera_1026_d28,A/Bangkok/P3067/2025_H1N1,plate11-A/Bangkok/P3067/2025_H1N1,40,0.2271,0.2271
seqneut25to26_sera_1026_d28,A/Bangkok/P3067/2025_H1N1,plate11-A/Bangkok/P3067/2025_H1N1,92,0.7144,0.7144
seqneut25to26_sera_1026_d28,A/Bangkok/P3067/2025_H1N1,plate11-A/Bangkok/P3067/2025_H1N1,212,0.9569,0.9569
seqneut25to26_sera_1026_d28,A/Bangkok/P3067/2025_H1N1,plate11-A/Bangkok/P3067/2025_H1N1,487,0.9694,0.9694
seqneut25to26_sera_1026_d28,A/Bangkok/P3067/2025_H1N1,plate11-A/Bangkok/P3067/2025_H1N1,1119,1.215,1
seqneut25to26_sera_1026_d28,A/Bangkok/P3067/2025_H1N1,plate11-A/Bangkok/P3067/2025_H1N1,2575,1.24,1
seqneut25to26_sera_1026_d28,A/Bangkok/P3067/2025_H1N1,plate11-A/Bangkok/P3067/2025_H1N1,5921,1.184,1
seqneut25to26_sera_1026_d28,A/Bangkok/P3067/2025_H1N1,plate11-A/Bangkok/P3067/2025_H1N1,1.362e+04,0.9234,0.9234
seqneut25to26_sera_1026_d28,A/Bangkok/P3263/2025_H3N2,plate11-A/Bangkok/P3263/2025_H3N2,40,0.144,0.144
seqneut25to26_sera_1026_d28,A/Bangkok/P3263/2025_H3N2,plate11-A/Bangkok/P3263/2025_H3N2,92,0.4044,0.4044
seqneut25to26_sera_1026_d28,A/Bangkok/P3263/2025_H3N2,plate11-A/Bangkok/P3263/2025_H3N2,212,0.6874,0.6874
seqneut25to26_sera_1026_d28,A/Bangkok/P3263/2025_H3N2,plate11-A/Bangkok/P3263/2025_H3N2,487,0.745,0.745
seqneut25to26_sera_1026_d28,A/Bangkok/P3263/2025_H3N2,plate11-A/Bangkok/P3263/2025_H3N2,1119,0.8634,0.8634
seqneut25to26_sera_1026_d28,A/Bangkok/P3263/2025_H3N2,plate11-A/Bangkok/P3263/2025_H3N2,2575,0.729,0.729
seqneut25to26_sera_1026_d28,A/Bangkok/P3263/2025_H3N2,plate11-A/Bangkok/P3263/2025_H3N2,5921,1.235,1
seqneut25to26_sera_1026_d28,A/Bangkok/P3263/2025_H3N2,plate11-A/Bangkok/P3263/2025_H3N2,1.362e+04,1.033,1
seqneut25to26_sera_1026_d28,A/Belgium/H0097/2025_H3N2,plate11-A/Belgium/H0097/2025_H3N2,40,0.1278,0.1278
seqneut25to26_sera_1026_d28,A/Belgium/H0097/2025_H3N2,plate11-A/Belgium/H0097/2025_H3N2,92,0.4523,0.4523
seqneut25to26_sera_1026_d28,A/Belgium/H0097/2025_H3N2,plate11-A/Belgium/H0097/2025_H3N2,212,0.5622,0.5622
seqneut25to26_sera_1026_d28,A/Belgium/H0097/2025_H3N2,plate11-A/Belgium/H0097/2025_H3N2,487,0.7494,0.7494
seqneut25to26_sera_1026_d28,A/Belgium/H0097/2025_H3N2,plate11-A/Belgium/H0097/2025_H3N2,1119,0.995,0.995
seqneut25to26_sera_1026_d28,A/Belgium/H0097/2025_H3N2,plate11-A/Belgium/H0097/2025_H3N2,2575,1.078,1
seqneut25to26_sera_1026_d28,A/Belgium/H0097/2025_H3N2,plate11-A/Belgium/H0097/2025_H3N2,5921,1.179,1
seqneut25to26_sera_1026_d28,A/Belgium/H0097/2025_H3N2,plate11-A/Belgium/H0097/2025_H3N2,1.362e+04,0.9321,0.9321
seqneut25to26_sera_1026_d28,A/Bhutan/1267/2025_H3N2,plate11-A/Bhutan/1267/2025_H3N2,40,0.1513,0.1513
seqneut25to26_sera_1026_d28,A/Bhutan/1267/2025_H3N2,plate11-A/Bhutan/1267/2025_H3N2,92,0.4435,0.4435
seqneut25to26_sera_1026_d28,A/Bhutan/1267/2025_H3N2,plate11-A/Bhutan/1267/2025_H3N2,212,0.587,0.587
seqneut25to26_sera_1026_d28,A/Bhutan/1267/2025_H3N2,plate11-A/Bhutan/1267/2025_H3N2,487,0.6481,0.6481
seqneut25to26_sera_1026_d28,A/Bhutan/1267/2025_H3N2,plate11-A/Bhutan/1267/2025_H3N2,1119,0.8955,0.8955
seqneut25to26_sera_1026_d28,A/Bhutan/1267/2025_H3N2,plate11-A/Bhutan/1267/2025_H3N2,2575,0.7861,0.7861
seqneut25to26_sera_1026_d28,A/Bhutan/1267/2025_H3N2,plate11-A/Bhutan/1267/2025_H3N2,5921,1,1
seqneut25to26_sera_1026_d28,A/Bhutan/1267/2025_H3N2,plate11-A/Bhutan/1267/2025_H3N2,1.362e+04,0.8602,0.8602
seqneut25to26_sera_1026_d28,A/Bhutan/7/2025_H3N2,plate11-A/Bhutan/7/2025_H3N2,40,0.232,0.232
seqneut25to26_sera_1026_d28,A/Bhutan/7/2025_H3N2,plate11-A/Bhutan/7/2025_H3N2,92,0.7549,0.7549
seqneut25to26_sera_1026_d28,A/Bhutan/7/2025_H3N2,plate11-A/Bhutan/7/2025_H3N2,212,0.6114,0.6114
seqneut25to26_sera_1026_d28,A/Bhutan/7/2025_H3N2,plate11-A/Bhutan/7/2025_H3N2,487,1.256,1
seqneut25to26_sera_1026_d28,A/Bhutan/7/2025_H3N2,plate11-A/Bhutan/7/2025_H3N2,1119,0.8829,0.8829
seqneut25to26_sera_1026_d28,A/Bhutan/7/2025_H3N2,plate11-A/Bhutan/7/2025_H3N2,2575,0.8557,0.8557
seqneut25to26_sera_1026_d28,A/Bhutan/7/2025_H3N2,plate11-A/Bhutan/7/2025_H3N2,5921,1.114,1
seqneut25to26_sera_1026_d28,A/Bhutan/7/2025_H3N2,plate11-A/Bhutan/7/2025_H3N2,1.362e+04,0.9246,0.9246
seqneut25to26_sera_1026_d28,A/BritishColumbia/PHL-2473/2025_H1N1,plate11-A/BritishColumbia/PHL-2473/2025_H1N1,40,0.3148,0.3148
seqneut25to26_sera_1026_d28,A/BritishColumbia/PHL-2473/2025_H1N1,plate11-A/BritishColumbia/PHL-2473/2025_H1N1,92,0.7771,0.7771
seqneut25to26_sera_1026_d28,A/BritishColumbia/PHL-2473/2025_H1N1,plate11-A/BritishColumbia/PHL-2473/2025_H1N1,212,0.7976,0.7976
seqneut25to26_sera_1026_d28,A/BritishColumbia/PHL-2473/2025_H1N1,plate11-A/BritishColumbia/PHL-2473/2025_H1N1,487,1.082,1
seqneut25to26_sera_1026_d28,A/BritishColumbia/PHL-2473/2025_H1N1,plate11-A/BritishColumbia/PHL-2473/2025_H1N1,1119,1.25,1
seqneut25to26_sera_1026_d28,A/BritishColumbia/PHL-2473/2025_H1N1,plate11-A/BritishColumbia/PHL-2473/2025_H1N1,2575,1.093,1
seqneut25to26_sera_1026_d28,A/BritishColumbia/PHL-2473/2025_H1N1,plate11-A/BritishColumbia/PHL-2473/2025_H1N1,5921,1.302,1
seqneut25to26_sera_1026_d28,A/BritishColumbia/PHL-2473/2025_H1N1,plate11-A/BritishColumbia/PHL-2473/2025_H1N1,1.362e+04,1.026,1
seqneut25to26_sera_1026_d28,A/California/61/2025_H3N2,plate11-A/California/61/2025_H3N2,40,0.1953,0.1953
seqneut25to26_sera_1026_d28,A/California/61/2025_H3N2,plate11-A/California/61/2025_H3N2,92,0.4307,0.4307
seqneut25to26_sera_1026_d28,A/California/61/2025_H3N2,plate11-A/California/61/2025_H3N2,212,0.4877,0.4877
seqneut25to26_sera_1026_d28,A/California/61/2025_H3N2,plate11-A/California/61/2025_H3N2,487,0.6636,0.6636
seqneut25to26_sera_1026_d28,A/California/61/2025_H3N2,plate11-A/California/61/2025_H3N2,1119,1.094,1
seqneut25to26_sera_1026_d28,A/California/61/2025_H3N2,plate11-A/California/61/2025_H3N2,2575,0.9748,0.9748
seqneut25to26_sera_1026_d28,A/California/61/2025_H3N2,plate11-A/California/61/2025_H3N2,5921,1.205,1
seqneut25to26_sera_1026_d28,A/California/61/2025_H3N2,plate11-A/California/61/2025_H3N2,1.362e+04,1.02,1
seqneut25to26_sera_1026_d28,A/California/63/2025_H1N1,plate11-A/California/63/2025_H1N1,40,0.2023,0.2023
seqneut25to26_sera_1026_d28,A/California/63/2025_H1N1,plate11-A/California/63/2025_H1N1,92,0.5842,0.5842
seqneut25to26_sera_1026_d28,A/California/63/2025_H1N1,plate11-A/California/63/2025_H1N1,212,0.925,0.925
seqneut25to26_sera_1026_d28,A/California/63/2025_H1N1,plate11-A/California/63/2025_H1N1,487,1.022,1
seqneut25to26_sera_1026_d28,A/California/63/2025_H1N1,plate11-A/California/63/2025_H1N1,1119,1.009,1
seqneut25to26_sera_1026_d28,A/California/63/2025_H1N1,plate11-A/California/63/2025_H1N1,2575,1.211,1
seqneut25to26_sera_1026_d28,A/California/63/2025_H1N1,plate11-A/California/63/2025_H1N1,5921,1.39,1
seqneut25to26_sera_1026_d28,A/California/63/2025_H1N1,plate11-A/California/63/2025_H1N1,1.362e+04,0.9993,0.9993
seqneut25to26_sera_1026_d28,A/Canberra/465/2025_H1N1,plate11-A/Canberra/465/2025_H1N1,40,0.2127,0.2127
seqneut25to26_sera_1026_d28,A/Canberra/465/2025_H1N1,plate11-A/Canberra/465/2025_H1N1,92,0.5483,0.5483
seqneut25to26_sera_1026_d28,A/Canberra/465/2025_H1N1,plate11-A/Canberra/465/2025_H1N1,212,0.7988,0.7988
seqneut25to26_sera_1026_d28,A/Canberra/465/2025_H1N1,plate11-A/Canberra/465/2025_H1N1,487,0.9591,0.9591
seqneut25to26_sera_1026_d28,A/Canberra/465/2025_H1N1,plate11-A/Canberra/465/2025_H1N1,1119,1.058,1
seqneut25to26_sera_1026_d28,A/Canberra/465/2025_H1N1,plate11-A/Canberra/465/2025_H1N1,2575,1.069,1
seqneut25to26_sera_1026_d28,A/Canberra/465/2025_H1N1,plate11-A/Canberra/465/2025_H1N1,5921,1.442,1
seqneut25to26_sera_1026_d28,A/Canberra/465/2025_H1N1,plate11-A/Canberra/465/2025_H1N1,1.362e+04,0.9633,0.9633
seqneut25to26_sera_1026_d28,A/Canberra/530/2025_H1N1,plate11-A/Canberra/530/2025_H1N1,40,0.2331,0.2331
seqneut25to26_sera_1026_d28,A/Canberra/530/2025_H1N1,plate11-A/Canberra/530/2025_H1N1,92,0.6087,0.6087
seqneut25to26_sera_1026_d28,A/Canberra/530/2025_H1N1,plate11-A/Canberra/530/2025_H1N1,212,0.7874,0.7874
seqneut25to26_sera_1026_d28,A/Canberra/530/2025_H1N1,plate11-A/Canberra/530/2025_H1N1,487,0.9613,0.9613
seqneut25to26_sera_1026_d28,A/Canberra/530/2025_H1N1,plate11-A/Canberra/530/2025_H1N1,1119,1.172,1
seqneut25to26_sera_1026_d28,A/Canberra/530/2025_H1N1,plate11-A/Canberra/530/2025_H1N1,2575,1.12,1
seqneut25to26_sera_1026_d28,A/Canberra/530/2025_H1N1,plate11-A/Canberra/530/2025_H1N1,5921,1.351,1
seqneut25to26_sera_1026_d28,A/Canberra/530/2025_H1N1,plate11-A/Canberra/530/2025_H1N1,1.362e+04,0.9804,0.9804
seqneut25to26_sera_1026_d28,A/Catalonia/NSVH102689455/2025_H1N1,plate11-A/Catalonia/NSVH102689455/2025_H1N1,40,0.3118,0.3118
seqneut25to26_sera_1026_d28,A/Catalonia/NSVH102689455/2025_H1N1,plate11-A/Catalonia/NSVH102689455/2025_H1N1,92,0.6181,0.6181
seqneut25to26_sera_1026_d28,A/Catalonia/NSVH102689455/2025_H1N1,plate11-A/Catalonia/NSVH102689455/2025_H1N1,212,0.877,0.877
seqneut25to26_sera_1026_d28,A/Catalonia/NSVH102689455/2025_H1N1,plate11-A/Catalonia/NSVH102689455/2025_H1N1,487,0.9306,0.9306
seqneut25to26_sera_1026_d28,A/Catalonia/NSVH102689455/2025_H1N1,plate11-A/Catalonia/NSVH102689455/2025_H1N1,1119,1.215,1
seqneut25to26_sera_1026_d28,A/Catalonia/NSVH102689455/2025_H1N1,plate11-A/Catalonia/NSVH102689455/2025_H1N1,2575,1.237,1
seqneut25to26_sera_1026_d28,A/Catalonia/NSVH102689455/2025_H1N1,plate11-A/Catalonia/NSVH102689455/2025_H1N1,5921,1.669,1
seqneut25to26_sera_1026_d28,A/Catalonia/NSVH102689455/2025_H1N1,plate11-A/Catalonia/NSVH102689455/2025_H1N1,1.362e+04,0.9087,0.9087
seqneut25to26_sera_1026_d28,A/Colorado/105/2025_H1N1,plate11-A/Colorado/105/2025_H1N1,40,0.3495,0.3495
seqneut25to26_sera_1026_d28,A/Colorado/105/2025_H1N1,plate11-A/Colorado/105/2025_H1N1,92,0.6002,0.6002
seqneut25to26_sera_1026_d28,A/Colorado/105/2025_H1N1,plate11-A/Colorado/105/2025_H1N1,212,0.8767,0.8767
seqneut25to26_sera_1026_d28,A/Colorado/105/2025_H1N1,plate11-A/Colorado/105/2025_H1N1,487,0.8151,0.8151
seqneut25to26_sera_1026_d28,A/Colorado/105/2025_H1N1,plate11-A/Colorado/105/2025_H1N1,1119,1.155,1
seqneut25to26_sera_1026_d28,A/Colorado/105/2025_H1N1,plate11-A/Colorado/105/2025_H1N1,2575,1.07,1
seqneut25to26_sera_1026_d28,A/Colorado/105/2025_H1N1,plate11-A/Colorado/105/2025_H1N1,5921,1.232,1
seqneut25to26_sera_1026_d28,A/Colorado/105/2025_H1N1,plate11-A/Colorado/105/2025_H1N1,1.362e+04,0.834,0.834
seqneut25to26_sera_1026_d28,A/CoteDIvoire/2007/2025_H1N1,plate11-A/CoteDIvoire/2007/2025_H1N1,40,0.03783,0.03783
seqneut25to26_sera_1026_d28,A/CoteDIvoire/2007/2025_H1N1,plate11-A/CoteDIvoire/2007/2025_H1N1,92,0.2674,0.2674
seqneut25to26_sera_1026_d28,A/CoteDIvoire/2007/2025_H1N1,plate11-A/CoteDIvoire/2007/2025_H1N1,212,0.5437,0.5437
seqneut25to26_sera_1026_d28,A/CoteDIvoire/2007/2025_H1N1,plate11-A/CoteDIvoire/2007/2025_H1N1,487,0.7917,0.7917
seqneut25to26_sera_1026_d28,A/CoteDIvoire/2007/2025_H1N1,plate11-A/CoteDIvoire/2007/2025_H1N1,1119,1.037,1
seqneut25to26_sera_1026_d28,A/CoteDIvoire/2007/2025_H1N1,plate11-A/CoteDIvoire/2007/2025_H1N1,2575,1.068,1
seqneut25to26_sera_1026_d28,A/CoteDIvoire/2007/2025_H1N1,plate11-A/CoteDIvoire/2007/2025_H1N1,5921,1.275,1
seqneut25to26_sera_1026_d28,A/CoteDIvoire/2007/2025_H1N1,plate11-A/CoteDIvoire/2007/2025_H1N1,1.362e+04,1.063,1
seqneut25to26_sera_1026_d28,A/Croatia/10136RV/2023-egg_H3N2,plate11-A/Croatia/10136RV/2023-egg_H3N2,40,0.01682,0.01682
seqneut25to26_sera_1026_d28,A/Croatia/10136RV/2023-egg_H3N2,plate11-A/Croatia/10136RV/2023-egg_H3N2,92,0.03413,0.03413
seqneut25to26_sera_1026_d28,A/Croatia/10136RV/2023-egg_H3N2,plate11-A/Croatia/10136RV/2023-egg_H3N2,212,0.108,0.108
seqneut25to26_sera_1026_d28,A/Croatia/10136RV/2023-egg_H3N2,plate11-A/Croatia/10136RV/2023-egg_H3N2,487,0.2319,0.2319
seqneut25to26_sera_1026_d28,A/Croatia/10136RV/2023-egg_H3N2,plate11-A/Croatia/10136RV/2023-egg_H3N2,1119,0.3412,0.3412
seqneut25to26_sera_1026_d28,A/Croatia/10136RV/2023-egg_H3N2,plate11-A/Croatia/10136RV/2023-egg_H3N2,2575,0.5664,0.5664
seqneut25to26_sera_1026_d28,A/Croatia/10136RV/2023-egg_H3N2,plate11-A/Croatia/10136RV/2023-egg_H3N2,5921,1.203,1
seqneut25to26_sera_1026_d28,A/Croatia/10136RV/2023-egg_H3N2,plate11-A/Croatia/10136RV/2023-egg_H3N2,1.362e+04,0.8734,0.8734
seqneut25to26_sera_1026_d28,A/Darwin/1405/2025_H1N1,plate11-A/Darwin/1405/2025_H1N1,40,0.2565,0.2565
seqneut25to26_sera_1026_d28,A/Darwin/1405/2025_H1N1,plate11-A/Darwin/1405/2025_H1N1,92,0.6622,0.6622
seqneut25to26_sera_1026_d28,A/Darwin/1405/2025_H1N1,plate11-A/Darwin/1405/2025_H1N1,212,0.9145,0.9145
seqneut25to26_sera_1026_d28,A/Darwin/1405/2025_H1N1,plate11-A/Darwin/1405/2025_H1N1,487,1.089,1
seqneut25to26_sera_1026_d28,A/Darwin/1405/2025_H1N1,plate11-A/Darwin/1405/2025_H1N1,1119,1.209,1
seqneut25to26_sera_1026_d28,A/Darwin/1405/2025_H1N1,plate11-A/Darwin/1405/2025_H1N1,2575,1.184,1
seqneut25to26_sera_1026_d28,A/Darwin/1405/2025_H1N1,plate11-A/Darwin/1405/2025_H1N1,5921,1.32,1
seqneut25to26_sera_1026_d28,A/Darwin/1405/2025_H1N1,plate11-A/Darwin/1405/2025_H1N1,1.362e+04,1.062,1
seqneut25to26_sera_1026_d28,A/Darwin/1461/2025_H3N2,plate11-A/Darwin/1461/2025_H3N2,40,0.1318,0.1318
seqneut25to26_sera_1026_d28,A/Darwin/1461/2025_H3N2,plate11-A/Darwin/1461/2025_H3N2,92,0.14,0.14
seqneut25to26_sera_1026_d28,A/Darwin/1461/2025_H3N2,plate11-A/Darwin/1461/2025_H3N2,212,0.3378,0.3378
seqneut25to26_sera_1026_d28,A/Darwin/1461/2025_H3N2,plate11-A/Darwin/1461/2025_H3N2,487,0.5348,0.5348
seqneut25to26_sera_1026_d28,A/Darwin/1461/2025_H3N2,plate11-A/Darwin/1461/2025_H3N2,1119,0.7682,0.7682
seqneut25to26_sera_1026_d28,A/Darwin/1461/2025_H3N2,plate11-A/Darwin/1461/2025_H3N2,2575,0.7435,0.7435
seqneut25to26_sera_1026_d28,A/Darwin/1461/2025_H3N2,plate11-A/Darwin/1461/2025_H3N2,5921,1.561,1
seqneut25to26_sera_1026_d28,A/Darwin/1461/2025_H3N2,plate11-A/Darwin/1461/2025_H3N2,1.362e+04,0.7966,0.7966
seqneut25to26_sera_1026_d28,A/Denmark/3070/2025_H1N1,plate11-A/Denmark/3070/2025_H1N1,40,0.3887,0.3887
seqneut25to26_sera_1026_d28,A/Denmark/3070/2025_H1N1,plate11-A/Denmark/3070/2025_H1N1,92,0.838,0.838
seqneut25to26_sera_1026_d28,A/Denmark/3070/2025_H1N1,plate11-A/Denmark/3070/2025_H1N1,212,1.012,1
seqneut25to26_sera_1026_d28,A/Denmark/3070/2025_H1N1,plate11-A/Denmark/3070/2025_H1N1,487,1.012,1
seqneut25to26_sera_1026_d28,A/Denmark/3070/2025_H1N1,plate11-A/Denmark/3070/2025_H1N1,1119,1.3,1
seqneut25to26_sera_1026_d28,A/Denmark/3070/2025_H1N1,plate11-A/Denmark/3070/2025_H1N1,2575,1.155,1
seqneut25to26_sera_1026_d28,A/Denmark/3070/2025_H1N1,plate11-A/Denmark/3070/2025_H1N1,5921,1.318,1
seqneut25to26_sera_1026_d28,A/Denmark/3070/2025_H1N1,plate11-A/Denmark/3070/2025_H1N1,1.362e+04,1.064,1
seqneut25to26_sera_1026_d28,A/DistrictOfColumbia/27/2023_H3N2,plate11-A/DistrictOfColumbia/27/2023_H3N2,40,0.07922,0.07922
seqneut25to26_sera_1026_d28,A/DistrictOfColumbia/27/2023_H3N2,plate11-A/DistrictOfColumbia/27/2023_H3N2,92,0.07944,0.07944
seqneut25to26_sera_1026_d28,A/DistrictOfColumbia/27/2023_H3N2,plate11-A/DistrictOfColumbia/27/2023_H3N2,212,0.4453,0.4453
seqneut25to26_sera_1026_d28,A/DistrictOfColumbia/27/2023_H3N2,plate11-A/DistrictOfColumbia/27/2023_H3N2,487,0.7384,0.7384
seqneut25to26_sera_1026_d28,A/DistrictOfColumbia/27/2023_H3N2,plate11-A/DistrictOfColumbia/27/2023_H3N2,1119,0.6818,0.6818
seqneut25to26_sera_1026_d28,A/DistrictOfColumbia/27/2023_H3N2,plate11-A/DistrictOfColumbia/27/2023_H3N2,2575,0.8567,0.8567
seqneut25to26_sera_1026_d28,A/DistrictOfColumbia/27/2023_H3N2,plate11-A/DistrictOfColumbia/27/2023_H3N2,5921,1.151,1
seqneut25to26_sera_1026_d28,A/DistrictOfColumbia/27/2023_H3N2,plate11-A/DistrictOfColumbia/27/2023_H3N2,1.362e+04,0.7173,0.7173
seqneut25to26_sera_1026_d28,A/DistrictOfColumbia/57/2025_H3N2,plate11-A/DistrictOfColumbia/57/2025_H3N2,40,0.2547,0.2547
seqneut25to26_sera_1026_d28,A/DistrictOfColumbia/57/2025_H3N2,plate11-A/DistrictOfColumbia/57/2025_H3N2,92,0.4976,0.4976
seqneut25to26_sera_1026_d28,A/DistrictOfColumbia/57/2025_H3N2,plate11-A/DistrictOfColumbia/57/2025_H3N2,212,0.5386,0.5386
seqneut25to26_sera_1026_d28,A/DistrictOfColumbia/57/2025_H3N2,plate11-A/DistrictOfColumbia/57/2025_H3N2,487,0.7613,0.7613
seqneut25to26_sera_1026_d28,A/DistrictOfColumbia/57/2025_H3N2,plate11-A/DistrictOfColumbia/57/2025_H3N2,1119,0.7908,0.7908
seqneut25to26_sera_1026_d28,A/DistrictOfColumbia/57/2025_H3N2,plate11-A/DistrictOfColumbia/57/2025_H3N2,2575,0.9594,0.9594
seqneut25to26_sera_1026_d28,A/DistrictOfColumbia/57/2025_H3N2,plate11-A/DistrictOfColumbia/57/2025_H3N2,5921,0.9124,0.9124
seqneut25to26_sera_1026_d28,A/DistrictOfColumbia/57/2025_H3N2,plate11-A/DistrictOfColumbia/57/2025_H3N2,1.362e+04,0.8824,0.8824
seqneut25to26_sera_1026_d28,A/DistritoFederal/250106000728/2025_H3N2,plate11-A/DistritoFederal/250106000728/2025_H3N2,40,0.1717,0.1717
seqneut25to26_sera_1026_d28,A/DistritoFederal/250106000728/2025_H3N2,plate11-A/DistritoFederal/250106000728/2025_H3N2,92,0.3531,0.3531
seqneut25to26_sera_1026_d28,A/DistritoFederal/250106000728/2025_H3N2,plate11-A/DistritoFederal/250106000728/2025_H3N2,212,0.5555,0.5555
seqneut25to26_sera_1026_d28,A/DistritoFederal/250106000728/2025_H3N2,plate11-A/DistritoFederal/250106000728/2025_H3N2,487,0.5759,0.5759
seqneut25to26_sera_1026_d28,A/DistritoFederal/250106000728/2025_H3N2,plate11-A/DistritoFederal/250106000728/2025_H3N2,1119,0.9147,0.9147
seqneut25to26_sera_1026_d28,A/DistritoFederal/250106000728/2025_H3N2,plate11-A/DistritoFederal/250106000728/2025_H3N2,2575,0.9926,0.9926
seqneut25to26_sera_1026_d28,A/DistritoFederal/250106000728/2025_H3N2,plate11-A/DistritoFederal/250106000728/2025_H3N2,5921,1.179,1
seqneut25to26_sera_1026_d28,A/DistritoFederal/250106000728/2025_H3N2,plate11-A/DistritoFederal/250106000728/2025_H3N2,1.362e+04,0.7841,0.7841
seqneut25to26_sera_1026_d28,A/DistritoFederal/2578578201/2025_H3N2,plate11-A/DistritoFederal/2578578201/2025_H3N2,40,0.1586,0.1586
seqneut25to26_sera_1026_d28,A/DistritoFederal/2578578201/2025_H3N2,plate11-A/DistritoFederal/2578578201/2025_H3N2,92,0.4856,0.4856
seqneut25to26_sera_1026_d28,A/DistritoFederal/2578578201/2025_H3N2,plate11-A/DistritoFederal/2578578201/2025_H3N2,212,0.4932,0.4932
seqneut25to26_sera_1026_d28,A/DistritoFederal/2578578201/2025_H3N2,plate11-A/DistritoFederal/2578578201/2025_H3N2,487,0.8306,0.8306
seqneut25to26_sera_1026_d28,A/DistritoFederal/2578578201/2025_H3N2,plate11-A/DistritoFederal/2578578201/2025_H3N2,1119,0.8288,0.8288
seqneut25to26_sera_1026_d28,A/DistritoFederal/2578578201/2025_H3N2,plate11-A/DistritoFederal/2578578201/2025_H3N2,2575,0.8519,0.8519
seqneut25to26_sera_1026_d28,A/DistritoFederal/2578578201/2025_H3N2,plate11-A/DistritoFederal/2578578201/2025_H3N2,5921,1.158,1
seqneut25to26_sera_1026_d28,A/DistritoFederal/2578578201/2025_H3N2,plate11-A/DistritoFederal/2578578201/2025_H3N2,1.362e+04,0.8324,0.8324
seqneut25to26_sera_1026_d28,A/England/174/2025_H3N2,plate11-A/England/174/2025_H3N2,40,0.1529,0.1529
seqneut25to26_sera_1026_d28,A/England/174/2025_H3N2,plate11-A/England/174/2025_H3N2,92,0.2409,0.2409
seqneut25to26_sera_1026_d28,A/England/174/2025_H3N2,plate11-A/England/174/2025_H3N2,212,0.3526,0.3526
seqneut25to26_sera_1026_d28,A/England/174/2025_H3N2,plate11-A/England/174/2025_H3N2,487,0.6647,0.6647
seqneut25to26_sera_1026_d28,A/England/174/2025_H3N2,plate11-A/England/174/2025_H3N2,1119,1.018,1
seqneut25to26_sera_1026_d28,A/England/174/2025_H3N2,plate11-A/England/174/2025_H3N2,2575,0.723,0.723
seqneut25to26_sera_1026_d28,A/England/174/2025_H3N2,plate11-A/England/174/2025_H3N2,5921,1.426,1
seqneut25to26_sera_1026_d28,A/England/174/2025_H3N2,plate11-A/England/174/2025_H3N2,1.362e+04,1.105,1
seqneut25to26_sera_1026_d28,A/England/1822256/2025_H1N1,plate11-A/England/1822256/2025_H1N1,40,0.1274,0.1274
seqneut25to26_sera_1026_d28,A/England/1822256/2025_H1N1,plate11-A/England/1822256/2025_H1N1,92,0.445,0.445
seqneut25to26_sera_1026_d28,A/England/1822256/2025_H1N1,plate11-A/England/1822256/2025_H1N1,212,0.7942,0.7942
seqneut25to26_sera_1026_d28,A/England/1822256/2025_H1N1,plate11-A/England/1822256/2025_H1N1,487,0.9856,0.9856
seqneut25to26_sera_1026_d28,A/England/1822256/2025_H1N1,plate11-A/England/1822256/2025_H1N1,1119,1.175,1
seqneut25to26_sera_1026_d28,A/England/1822256/2025_H1N1,plate11-A/England/1822256/2025_H1N1,2575,1.204,1
seqneut25to26_sera_1026_d28,A/England/1822256/2025_H1N1,plate11-A/England/1822256/2025_H1N1,5921,1.428,1
seqneut25to26_sera_1026_d28,A/England/1822256/2025_H1N1,plate11-A/England/1822256/2025_H1N1,1.362e+04,0.9691,0.9691
seqneut25to26_sera_1026_d28,A/England/1837734/2025_H3N2,plate11-A/England/1837734/2025_H3N2,40,0.2609,0.2609
seqneut25to26_sera_1026_d28,A/England/1837734/2025_H3N2,plate11-A/England/1837734/2025_H3N2,92,0.4616,0.4616
seqneut25to26_sera_1026_d28,A/England/1837734/2025_H3N2,plate11-A/England/1837734/2025_H3N2,212,0.6446,0.6446
seqneut25to26_sera_1026_d28,A/England/1837734/2025_H3N2,plate11-A/England/1837734/2025_H3N2,487,0.8249,0.8249
seqneut25to26_sera_1026_d28,A/England/1837734/2025_H3N2,plate11-A/England/1837734/2025_H3N2,1119,0.8249,0.8249
seqneut25to26_sera_1026_d28,A/England/1837734/2025_H3N2,plate11-A/England/1837734/2025_H3N2,2575,1.042,1
seqneut25to26_sera_1026_d28,A/England/1837734/2025_H3N2,plate11-A/England/1837734/2025_H3N2,5921,1.313,1
seqneut25to26_sera_1026_d28,A/England/1837734/2025_H3N2,plate11-A/England/1837734/2025_H3N2,1.362e+04,0.9285,0.9285
seqneut25to26_sera_1026_d28,A/England/1837737/2025_H3N2,plate11-A/England/1837737/2025_H3N2,40,0.1724,0.1724
seqneut25to26_sera_1026_d28,A/England/1837737/2025_H3N2,plate11-A/England/1837737/2025_H3N2,92,0.2655,0.2655
seqneut25to26_sera_1026_d28,A/England/1837737/2025_H3N2,plate11-A/England/1837737/2025_H3N2,212,0.6424,0.6424
seqneut25to26_sera_1026_d28,A/England/1837737/2025_H3N2,plate11-A/England/1837737/2025_H3N2,487,0.6309,0.6309
seqneut25to26_sera_1026_d28,A/England/1837737/2025_H3N2,plate11-A/England/1837737/2025_H3N2,1119,1.041,1
seqneut25to26_sera_1026_d28,A/England/1837737/2025_H3N2,plate11-A/England/1837737/2025_H3N2,2575,0.9115,0.9115
seqneut25to26_sera_1026_d28,A/England/1837737/2025_H3N2,plate11-A/England/1837737/2025_H3N2,5921,0.9032,0.9032
seqneut25to26_sera_1026_d28,A/England/1837737/2025_H3N2,plate11-A/England/1837737/2025_H3N2,1.362e+04,0.7206,0.7206
seqneut25to26_sera_1026_d28,A/France/ARA-HCL025155099501/2025_H1N1,plate11-A/France/ARA-HCL025155099501/2025_H1N1,40,0.3303,0.3303
seqneut25to26_sera_1026_d28,A/France/ARA-HCL025155099501/2025_H1N1,plate11-A/France/ARA-HCL025155099501/2025_H1N1,92,0.6574,0.6574
seqneut25to26_sera_1026_d28,A/France/ARA-HCL025155099501/2025_H1N1,plate11-A/France/ARA-HCL025155099501/2025_H1N1,212,0.8311,0.8311
seqneut25to26_sera_1026_d28,A/France/ARA-HCL025155099501/2025_H1N1,plate11-A/France/ARA-HCL025155099501/2025_H1N1,487,1.054,1
seqneut25to26_sera_1026_d28,A/France/ARA-HCL025155099501/2025_H1N1,plate11-A/France/ARA-HCL025155099501/2025_H1N1,1119,1.143,1
seqneut25to26_sera_1026_d28,A/France/ARA-HCL025155099501/2025_H1N1,plate11-A/France/ARA-HCL025155099501/2025_H1N1,2575,1.252,1
seqneut25to26_sera_1026_d28,A/France/ARA-HCL025155099501/2025_H1N1,plate11-A/France/ARA-HCL025155099501/2025_H1N1,5921,1.395,1
seqneut25to26_sera_1026_d28,A/France/ARA-HCL025155099501/2025_H1N1,plate11-A/France/ARA-HCL025155099501/2025_H1N1,1.362e+04,1.084,1
seqneut25to26_sera_1026_d28,A/Galicia/GA-CHUAC-451/2025_H3N2,plate11-A/Galicia/GA-CHUAC-451/2025_H3N2,40,0.2131,0.2131
seqneut25to26_sera_1026_d28,A/Galicia/GA-CHUAC-451/2025_H3N2,plate11-A/Galicia/GA-CHUAC-451/2025_H3N2,92,0.2735,0.2735
seqneut25to26_sera_1026_d28,A/Galicia/GA-CHUAC-451/2025_H3N2,plate11-A/Galicia/GA-CHUAC-451/2025_H3N2,212,0.5061,0.5061
seqneut25to26_sera_1026_d28,A/Galicia/GA-CHUAC-451/2025_H3N2,plate11-A/Galicia/GA-CHUAC-451/2025_H3N2,487,0.6878,0.6878
seqneut25to26_sera_1026_d28,A/Galicia/GA-CHUAC-451/2025_H3N2,plate11-A/Galicia/GA-CHUAC-451/2025_H3N2,1119,1.005,1
seqneut25to26_sera_1026_d28,A/Galicia/GA-CHUAC-451/2025_H3N2,plate11-A/Galicia/GA-CHUAC-451/2025_H3N2,2575,0.9702,0.9702
seqneut25to26_sera_1026_d28,A/Galicia/GA-CHUAC-451/2025_H3N2,plate11-A/Galicia/GA-CHUAC-451/2025_H3N2,5921,1.06,1
seqneut25to26_sera_1026_d28,A/Galicia/GA-CHUAC-451/2025_H3N2,plate11-A/Galicia/GA-CHUAC-451/2025_H3N2,1.362e+04,0.9214,0.9214
seqneut25to26_sera_1026_d28,A/Ghana/ARI-25-1125/2025_H1N1,plate11-A/Ghana/ARI-25-1125/2025_H1N1,40,0.0883,0.0883
seqneut25to26_sera_1026_d28,A/Ghana/ARI-25-1125/2025_H1N1,plate11-A/Ghana/ARI-25-1125/2025_H1N1,92,0.4896,0.4896
seqneut25to26_sera_1026_d28,A/Ghana/ARI-25-1125/2025_H1N1,plate11-A/Ghana/ARI-25-1125/2025_H1N1,212,0.8839,0.8839
seqneut25to26_sera_1026_d28,A/Ghana/ARI-25-1125/2025_H1N1,plate11-A/Ghana/ARI-25-1125/2025_H1N1,487,0.8563,0.8563
seqneut25to26_sera_1026_d28,A/Ghana/ARI-25-1125/2025_H1N1,plate11-A/Ghana/ARI-25-1125/2025_H1N1,1119,1.104,1
seqneut25to26_sera_1026_d28,A/Ghana/ARI-25-1125/2025_H1N1,plate11-A/Ghana/ARI-25-1125/2025_H1N1,2575,1.287,1
seqneut25to26_sera_1026_d28,A/Ghana/ARI-25-1125/2025_H1N1,plate11-A/Ghana/ARI-25-1125/2025_H1N1,5921,1.456,1
seqneut25to26_sera_1026_d28,A/Ghana/ARI-25-1125/2025_H1N1,plate11-A/Ghana/ARI-25-1125/2025_H1N1,1.362e+04,1.032,1
seqneut25to26_sera_1026_d28,A/Ghana/FS-25-7077/2025_H3N2,plate11-A/Ghana/FS-25-7077/2025_H3N2,40,0.266,0.266
seqneut25to26_sera_1026_d28,A/Ghana/FS-25-7077/2025_H3N2,plate11-A/Ghana/FS-25-7077/2025_H3N2,92,0.4725,0.4725
seqneut25to26_sera_1026_d28,A/Ghana/FS-25-7077/2025_H3N2,plate11-A/Ghana/FS-25-7077/2025_H3N2,212,0.5287,0.5287
seqneut25to26_sera_1026_d28,A/Ghana/FS-25-7077/2025_H3N2,plate11-A/Ghana/FS-25-7077/2025_H3N2,487,0.8397,0.8397
seqneut25to26_sera_1026_d28,A/Ghana/FS-25-7077/2025_H3N2,plate11-A/Ghana/FS-25-7077/2025_H3N2,1119,1.075,1
seqneut25to26_sera_1026_d28,A/Ghana/FS-25-7077/2025_H3N2,plate11-A/Ghana/FS-25-7077/2025_H3N2,2575,1.029,1
seqneut25to26_sera_1026_d28,A/Ghana/FS-25-7077/2025_H3N2,plate11-A/Ghana/FS-25-7077/2025_H3N2,5921,1.045,1
seqneut25to26_sera_1026_d28,A/Ghana/FS-25-7077/2025_H3N2,plate11-A/Ghana/FS-25-7077/2025_H3N2,1.362e+04,0.7548,0.7548
seqneut25to26_sera_1026_d28,A/Guangdong-Maonan/11438/2025_H3N2,plate11-A/Guangdong-Maonan/11438/2025_H3N2,40,0.02756,0.02756
seqneut25to26_sera_1026_d28,A/Guangdong-Maonan/11438/2025_H3N2,plate11-A/Guangdong-Maonan/11438/2025_H3N2,92,0.177,0.177
seqneut25to26_sera_1026_d28,A/Guangdong-Maonan/11438/2025_H3N2,plate11-A/Guangdong-Maonan/11438/2025_H3N2,212,0.468,0.468
seqneut25to26_sera_1026_d28,A/Guangdong-Maonan/11438/2025_H3N2,plate11-A/Guangdong-Maonan/11438/2025_H3N2,487,0.6052,0.6052
seqneut25to26_sera_1026_d28,A/Guangdong-Maonan/11438/2025_H3N2,plate11-A/Guangdong-Maonan/11438/2025_H3N2,1119,1.338,1
seqneut25to26_sera_1026_d28,A/Guangdong-Maonan/11438/2025_H3N2,plate11-A/Guangdong-Maonan/11438/2025_H3N2,2575,1.05,1
seqneut25to26_sera_1026_d28,A/Guangdong-Maonan/11438/2025_H3N2,plate11-A/Guangdong-Maonan/11438/2025_H3N2,5921,1.336,1
seqneut25to26_sera_1026_d28,A/Guangdong-Maonan/11438/2025_H3N2,plate11-A/Guangdong-Maonan/11438/2025_H3N2,1.362e+04,1.027,1
seqneut25to26_sera_1026_d28,A/Guangdong-Meijiang/11256/2025_H3N2,plate11-A/Guangdong-Meijiang/11256/2025_H3N2,40,0.07882,0.07882
seqneut25to26_sera_1026_d28,A/Guangdong-Meijiang/11256/2025_H3N2,plate11-A/Guangdong-Meijiang/11256/2025_H3N2,92,0.1425,0.1425
seqneut25to26_sera_1026_d28,A/Guangdong-Meijiang/11256/2025_H3N2,plate11-A/Guangdong-Meijiang/11256/2025_H3N2,212,0.3263,0.3263
seqneut25to26_sera_1026_d28,A/Guangdong-Meijiang/11256/2025_H3N2,plate11-A/Guangdong-Meijiang/11256/2025_H3N2,487,0.5248,0.5248
seqneut25to26_sera_1026_d28,A/Guangdong-Meijiang/11256/2025_H3N2,plate11-A/Guangdong-Meijiang/11256/2025_H3N2,1119,0.7188,0.7188
seqneut25to26_sera_1026_d28,A/Guangdong-Meijiang/11256/2025_H3N2,plate11-A/Guangdong-Meijiang/11256/2025_H3N2,2575,0.8455,0.8455
seqneut25to26_sera_1026_d28,A/Guangdong-Meijiang/11256/2025_H3N2,plate11-A/Guangdong-Meijiang/11256/2025_H3N2,5921,0.8902,0.8902
seqneut25to26_sera_1026_d28,A/Guangdong-Meijiang/11256/2025_H3N2,plate11-A/Guangdong-Meijiang/11256/2025_H3N2,1.362e+04,0.9723,0.9723
seqneut25to26_sera_1026_d28,A/Guangxi-Daxin/1643/2025_H3N2,plate11-A/Guangxi-Daxin/1643/2025_H3N2,40,0.1753,0.1753
seqneut25to26_sera_1026_d28,A/Guangxi-Daxin/1643/2025_H3N2,plate11-A/Guangxi-Daxin/1643/2025_H3N2,92,0.2526,0.2526
seqneut25to26_sera_1026_d28,A/Guangxi-Daxin/1643/2025_H3N2,plate11-A/Guangxi-Daxin/1643/2025_H3N2,212,0.398,0.398
seqneut25to26_sera_1026_d28,A/Guangxi-Daxin/1643/2025_H3N2,plate11-A/Guangxi-Daxin/1643/2025_H3N2,487,0.5961,0.5961
seqneut25to26_sera_1026_d28,A/Guangxi-Daxin/1643/2025_H3N2,plate11-A/Guangxi-Daxin/1643/2025_H3N2,1119,0.7547,0.7547
seqneut25to26_sera_1026_d28,A/Guangxi-Daxin/1643/2025_H3N2,plate11-A/Guangxi-Daxin/1643/2025_H3N2,2575,0.9174,0.9174
seqneut25to26_sera_1026_d28,A/Guangxi-Daxin/1643/2025_H3N2,plate11-A/Guangxi-Daxin/1643/2025_H3N2,5921,1.118,1
seqneut25to26_sera_1026_d28,A/Guangxi-Daxin/1643/2025_H3N2,plate11-A/Guangxi-Daxin/1643/2025_H3N2,1.362e+04,0.8172,0.8172
seqneut25to26_sera_1026_d28,A/Guangxi-Qingxiu/SWL11742/2025_H1N1,plate11-A/Guangxi-Qingxiu/SWL11742/2025_H1N1,40,0.2697,0.2697
seqneut25to26_sera_1026_d28,A/Guangxi-Qingxiu/SWL11742/2025_H1N1,plate11-A/Guangxi-Qingxiu/SWL11742/2025_H1N1,92,0.6594,0.6594
seqneut25to26_sera_1026_d28,A/Guangxi-Qingxiu/SWL11742/2025_H1N1,plate11-A/Guangxi-Qingxiu/SWL11742/2025_H1N1,212,0.7925,0.7925
seqneut25to26_sera_1026_d28,A/Guangxi-Qingxiu/SWL11742/2025_H1N1,plate11-A/Guangxi-Qingxiu/SWL11742/2025_H1N1,487,0.8624,0.8624
seqneut25to26_sera_1026_d28,A/Guangxi-Qingxiu/SWL11742/2025_H1N1,plate11-A/Guangxi-Qingxiu/SWL11742/2025_H1N1,1119,1.291,1
seqneut25to26_sera_1026_d28,A/Guangxi-Qingxiu/SWL11742/2025_H1N1,plate11-A/Guangxi-Qingxiu/SWL11742/2025_H1N1,2575,1.061,1
seqneut25to26_sera_1026_d28,A/Guangxi-Qingxiu/SWL11742/2025_H1N1,plate11-A/Guangxi-Qingxiu/SWL11742/2025_H1N1,5921,1.37,1
seqneut25to26_sera_1026_d28,A/Guangxi-Qingxiu/SWL11742/2025_H1N1,plate11-A/Guangxi-Qingxiu/SWL11742/2025_H1N1,1.362e+04,1.125,1
seqneut25to26_sera_1026_d28,A/Hawaii/44/2025_H1N1,plate11-A/Hawaii/44/2025_H1N1,40,0.3165,0.3165
seqneut25to26_sera_1026_d28,A/Hawaii/44/2025_H1N1,plate11-A/Hawaii/44/2025_H1N1,92,0.7876,0.7876
seqneut25to26_sera_1026_d28,A/Hawaii/44/2025_H1N1,plate11-A/Hawaii/44/2025_H1N1,212,0.8246,0.8246
seqneut25to26_sera_1026_d28,A/Hawaii/44/2025_H1N1,plate11-A/Hawaii/44/2025_H1N1,487,0.9573,0.9573
seqneut25to26_sera_1026_d28,A/Hawaii/44/2025_H1N1,plate11-A/Hawaii/44/2025_H1N1,1119,1.15,1
seqneut25to26_sera_1026_d28,A/Hawaii/44/2025_H1N1,plate11-A/Hawaii/44/2025_H1N1,2575,1.08,1
seqneut25to26_sera_1026_d28,A/Hawaii/44/2025_H1N1,plate11-A/Hawaii/44/2025_H1N1,5921,1.319,1
seqneut25to26_sera_1026_d28,A/Hawaii/44/2025_H1N1,plate11-A/Hawaii/44/2025_H1N1,1.362e+04,0.9935,0.9935
seqneut25to26_sera_1026_d28,A/Hawaii/70/2019_H1N1,plate11-A/Hawaii/70/2019_H1N1,40,0.006964,0.006964
seqneut25to26_sera_1026_d28,A/Hawaii/70/2019_H1N1,plate11-A/Hawaii/70/2019_H1N1,92,0.07981,0.07981
seqneut25to26_sera_1026_d28,A/Hawaii/70/2019_H1N1,plate11-A/Hawaii/70/2019_H1N1,212,0.516,0.516
seqneut25to26_sera_1026_d28,A/Hawaii/70/2019_H1N1,plate11-A/Hawaii/70/2019_H1N1,487,0.7641,0.7641
seqneut25to26_sera_1026_d28,A/Hawaii/70/2019_H1N1,plate11-A/Hawaii/70/2019_H1N1,1119,1.052,1
seqneut25to26_sera_1026_d28,A/Hawaii/70/2019_H1N1,plate11-A/Hawaii/70/2019_H1N1,2575,1.081,1
seqneut25to26_sera_1026_d28,A/Hawaii/70/2019_H1N1,plate11-A/Hawaii/70/2019_H1N1,5921,1.277,1
seqneut25to26_sera_1026_d28,A/Hawaii/70/2019_H1N1,plate11-A/Hawaii/70/2019_H1N1,1.362e+04,1.04,1
seqneut25to26_sera_1026_d28,A/HongKong/1257/2025_H3N2,plate11-A/HongKong/1257/2025_H3N2,40,0.1261,0.1261
seqneut25to26_sera_1026_d28,A/HongKong/1257/2025_H3N2,plate11-A/HongKong/1257/2025_H3N2,92,0.1896,0.1896
seqneut25to26_sera_1026_d28,A/HongKong/1257/2025_H3N2,plate11-A/HongKong/1257/2025_H3N2,212,0.3823,0.3823
seqneut25to26_sera_1026_d28,A/HongKong/1257/2025_H3N2,plate11-A/HongKong/1257/2025_H3N2,487,0.5749,0.5749
seqneut25to26_sera_1026_d28,A/HongKong/1257/2025_H3N2,plate11-A/HongKong/1257/2025_H3N2,1119,0.822,0.822
seqneut25to26_sera_1026_d28,A/HongKong/1257/2025_H3N2,plate11-A/HongKong/1257/2025_H3N2,2575,0.7934,0.7934
seqneut25to26_sera_1026_d28,A/HongKong/1257/2025_H3N2,plate11-A/HongKong/1257/2025_H3N2,5921,1.163,1
seqneut25to26_sera_1026_d28,A/HongKong/1257/2025_H3N2,plate11-A/HongKong/1257/2025_H3N2,1.362e+04,0.929,0.929
seqneut25to26_sera_1026_d28,A/HongKong/1382/2025_H3N2,plate11-A/HongKong/1382/2025_H3N2,40,0.0906,0.0906
seqneut25to26_sera_1026_d28,A/HongKong/1382/2025_H3N2,plate11-A/HongKong/1382/2025_H3N2,92,0.3495,0.3495
seqneut25to26_sera_1026_d28,A/HongKong/1382/2025_H3N2,plate11-A/HongKong/1382/2025_H3N2,212,0.5985,0.5985
seqneut25to26_sera_1026_d28,A/HongKong/1382/2025_H3N2,plate11-A/HongKong/1382/2025_H3N2,487,0.6764,0.6764
seqneut25to26_sera_1026_d28,A/HongKong/1382/2025_H3N2,plate11-A/HongKong/1382/2025_H3N2,1119,0.8211,0.8211
seqneut25to26_sera_1026_d28,A/HongKong/1382/2025_H3N2,plate11-A/HongKong/1382/2025_H3N2,2575,0.847,0.847
seqneut25to26_sera_1026_d28,A/HongKong/1382/2025_H3N2,plate11-A/HongKong/1382/2025_H3N2,5921,1.032,1
seqneut25to26_sera_1026_d28,A/HongKong/1382/2025_H3N2,plate11-A/HongKong/1382/2025_H3N2,1.362e+04,0.7902,0.7902
seqneut25to26_sera_1026_d28,A/Indonesia/BIOKES-I-BT074/2025_H3N2,plate11-A/Indonesia/BIOKES-I-BT074/2025_H3N2,40,0.0814,0.0814
seqneut25to26_sera_1026_d28,A/Indonesia/BIOKES-I-BT074/2025_H3N2,plate11-A/Indonesia/BIOKES-I-BT074/2025_H3N2,92,0.2702,0.2702
seqneut25to26_sera_1026_d28,A/Indonesia/BIOKES-I-BT074/2025_H3N2,plate11-A/Indonesia/BIOKES-I-BT074/2025_H3N2,212,0.5145,0.5145
seqneut25to26_sera_1026_d28,A/Indonesia/BIOKES-I-BT074/2025_H3N2,plate11-A/Indonesia/BIOKES-I-BT074/2025_H3N2,487,0.8663,0.8663
seqneut25to26_sera_1026_d28,A/Indonesia/BIOKES-I-BT074/2025_H3N2,plate11-A/Indonesia/BIOKES-I-BT074/2025_H3N2,1119,0.8597,0.8597
seqneut25to26_sera_1026_d28,A/Indonesia/BIOKES-I-BT074/2025_H3N2,plate11-A/Indonesia/BIOKES-I-BT074/2025_H3N2,2575,1.019,1
seqneut25to26_sera_1026_d28,A/Indonesia/BIOKES-I-BT074/2025_H3N2,plate11-A/Indonesia/BIOKES-I-BT074/2025_H3N2,5921,1.143,1
seqneut25to26_sera_1026_d28,A/Indonesia/BIOKES-I-BT074/2025_H3N2,plate11-A/Indonesia/BIOKES-I-BT074/2025_H3N2,1.362e+04,0.8916,0.8916
seqneut25to26_sera_1026_d28,A/Indonesia/BIOKES-INAD491/2025_H3N2,plate11-A/Indonesia/BIOKES-INAD491/2025_H3N2,40,0.0608,0.0608
seqneut25to26_sera_1026_d28,A/Indonesia/BIOKES-INAD491/2025_H3N2,plate11-A/Indonesia/BIOKES-INAD491/2025_H3N2,92,0.2,0.2
seqneut25to26_sera_1026_d28,A/Indonesia/BIOKES-INAD491/2025_H3N2,plate11-A/Indonesia/BIOKES-INAD491/2025_H3N2,212,0.4774,0.4774
seqneut25to26_sera_1026_d28,A/Indonesia/BIOKES-INAD491/2025_H3N2,plate11-A/Indonesia/BIOKES-INAD491/2025_H3N2,487,0.5578,0.5578
seqneut25to26_sera_1026_d28,A/Indonesia/BIOKES-INAD491/2025_H3N2,plate11-A/Indonesia/BIOKES-INAD491/2025_H3N2,1119,0.7304,0.7304
seqneut25to26_sera_1026_d28,A/Indonesia/BIOKES-INAD491/2025_H3N2,plate11-A/Indonesia/BIOKES-INAD491/2025_H3N2,2575,0.8324,0.8324
seqneut25to26_sera_1026_d28,A/Indonesia/BIOKES-INAD491/2025_H3N2,plate11-A/Indonesia/BIOKES-INAD491/2025_H3N2,5921,1.185,1
seqneut25to26_sera_1026_d28,A/Indonesia/BIOKES-INAD491/2025_H3N2,plate11-A/Indonesia/BIOKES-INAD491/2025_H3N2,1.362e+04,0.8313,0.8313
seqneut25to26_sera_1026_d28,A/Lao/820-2750/2025_H3N2,plate11-A/Lao/820-2750/2025_H3N2,40,0.1024,0.1024
seqneut25to26_sera_1026_d28,A/Lao/820-2750/2025_H3N2,plate11-A/Lao/820-2750/2025_H3N2,92,0.3067,0.3067
seqneut25to26_sera_1026_d28,A/Lao/820-2750/2025_H3N2,plate11-A/Lao/820-2750/2025_H3N2,212,0.5705,0.5705
seqneut25to26_sera_1026_d28,A/Lao/820-2750/2025_H3N2,plate11-A/Lao/820-2750/2025_H3N2,487,0.804,0.804
seqneut25to26_sera_1026_d28,A/Lao/820-2750/2025_H3N2,plate11-A/Lao/820-2750/2025_H3N2,1119,0.8091,0.8091
seqneut25to26_sera_1026_d28,A/Lao/820-2750/2025_H3N2,plate11-A/Lao/820-2750/2025_H3N2,2575,0.9411,0.9411
seqneut25to26_sera_1026_d28,A/Lao/820-2750/2025_H3N2,plate11-A/Lao/820-2750/2025_H3N2,5921,1.136,1
seqneut25to26_sera_1026_d28,A/Lao/820-2750/2025_H3N2,plate11-A/Lao/820-2750/2025_H3N2,1.362e+04,0.9141,0.9141
seqneut25to26_sera_1026_d28,A/Malaysia/IMR/SARI/2028/2025_H3N2,plate11-A/Malaysia/IMR/SARI/2028/2025_H3N2,40,0.08697,0.08697
seqneut25to26_sera_1026_d28,A/Malaysia/IMR/SARI/2028/2025_H3N2,plate11-A/Malaysia/IMR/SARI/2028/2025_H3N2,92,0.1933,0.1933
seqneut25to26_sera_1026_d28,A/Malaysia/IMR/SARI/2028/2025_H3N2,plate11-A/Malaysia/IMR/SARI/2028/2025_H3N2,212,0.3579,0.3579
seqneut25to26_sera_1026_d28,A/Malaysia/IMR/SARI/2028/2025_H3N2,plate11-A/Malaysia/IMR/SARI/2028/2025_H3N2,487,0.5951,0.5951
seqneut25to26_sera_1026_d28,A/Malaysia/IMR/SARI/2028/2025_H3N2,plate11-A/Malaysia/IMR/SARI/2028/2025_H3N2,1119,0.7651,0.7651
seqneut25to26_sera_1026_d28,A/Malaysia/IMR/SARI/2028/2025_H3N2,plate11-A/Malaysia/IMR/SARI/2028/2025_H3N2,2575,0.9336,0.9336
seqneut25to26_sera_1026_d28,A/Malaysia/IMR/SARI/2028/2025_H3N2,plate11-A/Malaysia/IMR/SARI/2028/2025_H3N2,5921,1.083,1
seqneut25to26_sera_1026_d28,A/Malaysia/IMR/SARI/2028/2025_H3N2,plate11-A/Malaysia/IMR/SARI/2028/2025_H3N2,1.362e+04,0.7761,0.7761
seqneut25to26_sera_1026_d28,A/Malaysia/IMR/SARI/2406/2025_H3N2,plate11-A/Malaysia/IMR/SARI/2406/2025_H3N2,40,0.4585,0.4585
seqneut25to26_sera_1026_d28,A/Malaysia/IMR/SARI/2406/2025_H3N2,plate11-A/Malaysia/IMR/SARI/2406/2025_H3N2,92,0.6595,0.6595
seqneut25to26_sera_1026_d28,A/Malaysia/IMR/SARI/2406/2025_H3N2,plate11-A/Malaysia/IMR/SARI/2406/2025_H3N2,212,0.791,0.791
seqneut25to26_sera_1026_d28,A/Malaysia/IMR/SARI/2406/2025_H3N2,plate11-A/Malaysia/IMR/SARI/2406/2025_H3N2,487,0.8235,0.8235
seqneut25to26_sera_1026_d28,A/Malaysia/IMR/SARI/2406/2025_H3N2,plate11-A/Malaysia/IMR/SARI/2406/2025_H3N2,1119,1.121,1
seqneut25to26_sera_1026_d28,A/Malaysia/IMR/SARI/2406/2025_H3N2,plate11-A/Malaysia/IMR/SARI/2406/2025_H3N2,2575,0.8659,0.8659
seqneut25to26_sera_1026_d28,A/Malaysia/IMR/SARI/2406/2025_H3N2,plate11-A/Malaysia/IMR/SARI/2406/2025_H3N2,5921,1.231,1
seqneut25to26_sera_1026_d28,A/Malaysia/IMR/SARI/2406/2025_H3N2,plate11-A/Malaysia/IMR/SARI/2406/2025_H3N2,1.362e+04,0.9323,0.9323
seqneut25to26_sera_1026_d28,A/Malaysia/IMR/SARI/2517/2025_H3N2,plate11-A/Malaysia/IMR/SARI/2517/2025_H3N2,40,0.2863,0.2863
seqneut25to26_sera_1026_d28,A/Malaysia/IMR/SARI/2517/2025_H3N2,plate11-A/Malaysia/IMR/SARI/2517/2025_H3N2,92,0.4902,0.4902
seqneut25to26_sera_1026_d28,A/Malaysia/IMR/SARI/2517/2025_H3N2,plate11-A/Malaysia/IMR/SARI/2517/2025_H3N2,212,0.641,0.641
seqneut25to26_sera_1026_d28,A/Malaysia/IMR/SARI/2517/2025_H3N2,plate11-A/Malaysia/IMR/SARI/2517/2025_H3N2,487,0.7365,0.7365
seqneut25to26_sera_1026_d28,A/Malaysia/IMR/SARI/2517/2025_H3N2,plate11-A/Malaysia/IMR/SARI/2517/2025_H3N2,1119,0.8399,0.8399
seqneut25to26_sera_1026_d28,A/Malaysia/IMR/SARI/2517/2025_H3N2,plate11-A/Malaysia/IMR/SARI/2517/2025_H3N2,2575,0.938,0.938
seqneut25to26_sera_1026_d28,A/Malaysia/IMR/SARI/2517/2025_H3N2,plate11-A/Malaysia/IMR/SARI/2517/2025_H3N2,5921,1.042,1
seqneut25to26_sera_1026_d28,A/Malaysia/IMR/SARI/2517/2025_H3N2,plate11-A/Malaysia/IMR/SARI/2517/2025_H3N2,1.362e+04,0.9159,0.9159
seqneut25to26_sera_1026_d28,A/Massachusetts/18/2022_H3N2,plate11-A/Massachusetts/18/2022_H3N2,40,0.2975,0.2975
seqneut25to26_sera_1026_d28,A/Massachusetts/18/2022_H3N2,plate11-A/Massachusetts/18/2022_H3N2,92,0.349,0.349
seqneut25to26_sera_1026_d28,A/Massachusetts/18/2022_H3N2,plate11-A/Massachusetts/18/2022_H3N2,212,0.4009,0.4009
seqneut25to26_sera_1026_d28,A/Massachusetts/18/2022_H3N2,plate11-A/Massachusetts/18/2022_H3N2,487,0.7324,0.7324
seqneut25to26_sera_1026_d28,A/Massachusetts/18/2022_H3N2,plate11-A/Massachusetts/18/2022_H3N2,1119,0.7315,0.7315
seqneut25to26_sera_1026_d28,A/Massachusetts/18/2022_H3N2,plate11-A/Massachusetts/18/2022_H3N2,2575,0.8728,0.8728
seqneut25to26_sera_1026_d28,A/Massachusetts/18/2022_H3N2,plate11-A/Massachusetts/18/2022_H3N2,5921,1.183,1
seqneut25to26_sera_1026_d28,A/Massachusetts/18/2022_H3N2,plate11-A/Massachusetts/18/2022_H3N2,1.362e+04,1.082,1
seqneut25to26_sera_1026_d28,A/Michigan/110/2025_H3N2,plate11-A/Michigan/110/2025_H3N2,40,0.09097,0.09097
seqneut25to26_sera_1026_d28,A/Michigan/110/2025_H3N2,plate11-A/Michigan/110/2025_H3N2,92,0.3399,0.3399
seqneut25to26_sera_1026_d28,A/Michigan/110/2025_H3N2,plate11-A/Michigan/110/2025_H3N2,212,0.379,0.379
seqneut25to26_sera_1026_d28,A/Michigan/110/2025_H3N2,plate11-A/Michigan/110/2025_H3N2,487,0.9831,0.9831
seqneut25to26_sera_1026_d28,A/Michigan/110/2025_H3N2,plate11-A/Michigan/110/2025_H3N2,1119,0.8264,0.8264
seqneut25to26_sera_1026_d28,A/Michigan/110/2025_H3N2,plate11-A/Michigan/110/2025_H3N2,2575,0.7316,0.7316
seqneut25to26_sera_1026_d28,A/Michigan/110/2025_H3N2,plate11-A/Michigan/110/2025_H3N2,5921,1.367,1
seqneut25to26_sera_1026_d28,A/Michigan/110/2025_H3N2,plate11-A/Michigan/110/2025_H3N2,1.362e+04,1.039,1
seqneut25to26_sera_1026_d28,A/Minnesota/96/2025_H3N2,plate11-A/Minnesota/96/2025_H3N2,40,0.09908,0.09908
seqneut25to26_sera_1026_d28,A/Minnesota/96/2025_H3N2,plate11-A/Minnesota/96/2025_H3N2,92,0.1258,0.1258
seqneut25to26_sera_1026_d28,A/Minnesota/96/2025_H3N2,plate11-A/Minnesota/96/2025_H3N2,212,0.4431,0.4431
seqneut25to26_sera_1026_d28,A/Minnesota/96/2025_H3N2,plate11-A/Minnesota/96/2025_H3N2,487,0.5208,0.5208
seqneut25to26_sera_1026_d28,A/Minnesota/96/2025_H3N2,plate11-A/Minnesota/96/2025_H3N2,1119,0.9811,0.9811
seqneut25to26_sera_1026_d28,A/Minnesota/96/2025_H3N2,plate11-A/Minnesota/96/2025_H3N2,2575,1.004,1
seqneut25to26_sera_1026_d28,A/Minnesota/96/2025_H3N2,plate11-A/Minnesota/96/2025_H3N2,5921,0.9852,0.9852
seqneut25to26_sera_1026_d28,A/Minnesota/96/2025_H3N2,plate11-A/Minnesota/96/2025_H3N2,1.362e+04,0.9521,0.9521
seqneut25to26_sera_1026_d28,A/Missouri/11/2025_H1N1,plate11-A/Missouri/11/2025_H1N1,40,0.3164,0.3164
seqneut25to26_sera_1026_d28,A/Missouri/11/2025_H1N1,plate11-A/Missouri/11/2025_H1N1,92,0.6621,0.6621
seqneut25to26_sera_1026_d28,A/Missouri/11/2025_H1N1,plate11-A/Missouri/11/2025_H1N1,212,0.9662,0.9662
seqneut25to26_sera_1026_d28,A/Missouri/11/2025_H1N1,plate11-A/Missouri/11/2025_H1N1,487,1.02,1
seqneut25to26_sera_1026_d28,A/Missouri/11/2025_H1N1,plate11-A/Missouri/11/2025_H1N1,1119,1.158,1
seqneut25to26_sera_1026_d28,A/Missouri/11/2025_H1N1,plate11-A/Missouri/11/2025_H1N1,2575,1.139,1
seqneut25to26_sera_1026_d28,A/Missouri/11/2025_H1N1,plate11-A/Missouri/11/2025_H1N1,5921,1.079,1
seqneut25to26_sera_1026_d28,A/Missouri/11/2025_H1N1,plate11-A/Missouri/11/2025_H1N1,1.362e+04,0.8307,0.8307
seqneut25to26_sera_1026_d28,A/NewSouthWales/2526015582/2025_H3N2,plate11-A/NewSouthWales/2526015582/2025_H3N2,40,0.2009,0.2009
seqneut25to26_sera_1026_d28,A/NewSouthWales/2526015582/2025_H3N2,plate11-A/NewSouthWales/2526015582/2025_H3N2,92,0.4795,0.4795
seqneut25to26_sera_1026_d28,A/NewSouthWales/2526015582/2025_H3N2,plate11-A/NewSouthWales/2526015582/2025_H3N2,212,0.528,0.528
seqneut25to26_sera_1026_d28,A/NewSouthWales/2526015582/2025_H3N2,plate11-A/NewSouthWales/2526015582/2025_H3N2,487,0.6145,0.6145
seqneut25to26_sera_1026_d28,A/NewSouthWales/2526015582/2025_H3N2,plate11-A/NewSouthWales/2526015582/2025_H3N2,1119,0.8045,0.8045
seqneut25to26_sera_1026_d28,A/NewSouthWales/2526015582/2025_H3N2,plate11-A/NewSouthWales/2526015582/2025_H3N2,2575,0.8766,0.8766
seqneut25to26_sera_1026_d28,A/NewSouthWales/2526015582/2025_H3N2,plate11-A/NewSouthWales/2526015582/2025_H3N2,5921,1.118,1
seqneut25to26_sera_1026_d28,A/NewSouthWales/2526015582/2025_H3N2,plate11-A/NewSouthWales/2526015582/2025_H3N2,1.362e+04,0.8834,0.8834
seqneut25to26_sera_1026_d28,A/NewSouthWales/2526015584/2025_H3N2,plate11-A/NewSouthWales/2526015584/2025_H3N2,40,0.2107,0.2107
seqneut25to26_sera_1026_d28,A/NewSouthWales/2526015584/2025_H3N2,plate11-A/NewSouthWales/2526015584/2025_H3N2,92,0.3882,0.3882
seqneut25to26_sera_1026_d28,A/NewSouthWales/2526015584/2025_H3N2,plate11-A/NewSouthWales/2526015584/2025_H3N2,212,0.5818,0.5818
seqneut25to26_sera_1026_d28,A/NewSouthWales/2526015584/2025_H3N2,plate11-A/NewSouthWales/2526015584/2025_H3N2,487,0.768,0.768
seqneut25to26_sera_1026_d28,A/NewSouthWales/2526015584/2025_H3N2,plate11-A/NewSouthWales/2526015584/2025_H3N2,1119,0.8897,0.8897
seqneut25to26_sera_1026_d28,A/NewSouthWales/2526015584/2025_H3N2,plate11-A/NewSouthWales/2526015584/2025_H3N2,2575,0.8259,0.8259
seqneut25to26_sera_1026_d28,A/NewSouthWales/2526015584/2025_H3N2,plate11-A/NewSouthWales/2526015584/2025_H3N2,5921,1.098,1
seqneut25to26_sera_1026_d28,A/NewSouthWales/2526015584/2025_H3N2,plate11-A/NewSouthWales/2526015584/2025_H3N2,1.362e+04,0.8973,0.8973
seqneut25to26_sera_1026_d28,A/Norway/8765/2025_H3N2,plate11-A/Norway/8765/2025_H3N2,40,0.2413,0.2413
seqneut25to26_sera_1026_d28,A/Norway/8765/2025_H3N2,plate11-A/Norway/8765/2025_H3N2,92,0.3278,0.3278
seqneut25to26_sera_1026_d28,A/Norway/8765/2025_H3N2,plate11-A/Norway/8765/2025_H3N2,212,0.5951,0.5951
seqneut25to26_sera_1026_d28,A/Norway/8765/2025_H3N2,plate11-A/Norway/8765/2025_H3N2,487,0.7084,0.7084
seqneut25to26_sera_1026_d28,A/Norway/8765/2025_H3N2,plate11-A/Norway/8765/2025_H3N2,1119,0.9795,0.9795
seqneut25to26_sera_1026_d28,A/Norway/8765/2025_H3N2,plate11-A/Norway/8765/2025_H3N2,2575,0.9183,0.9183
seqneut25to26_sera_1026_d28,A/Norway/8765/2025_H3N2,plate11-A/Norway/8765/2025_H3N2,5921,1.104,1
seqneut25to26_sera_1026_d28,A/Norway/8765/2025_H3N2,plate11-A/Norway/8765/2025_H3N2,1.362e+04,0.9966,0.9966
seqneut25to26_sera_1026_d28,A/Norway/8976/2025_H3N2,plate11-A/Norway/8976/2025_H3N2,40,0.2625,0.2625
seqneut25to26_sera_1026_d28,A/Norway/8976/2025_H3N2,plate11-A/Norway/8976/2025_H3N2,92,0.429,0.429
seqneut25to26_sera_1026_d28,A/Norway/8976/2025_H3N2,plate11-A/Norway/8976/2025_H3N2,212,0.527,0.527
seqneut25to26_sera_1026_d28,A/Norway/8976/2025_H3N2,plate11-A/Norway/8976/2025_H3N2,487,0.7152,0.7152
seqneut25to26_sera_1026_d28,A/Norway/8976/2025_H3N2,plate11-A/Norway/8976/2025_H3N2,1119,0.8916,0.8916
seqneut25to26_sera_1026_d28,A/Norway/8976/2025_H3N2,plate11-A/Norway/8976/2025_H3N2,2575,0.7816,0.7816
seqneut25to26_sera_1026_d28,A/Norway/8976/2025_H3N2,plate11-A/Norway/8976/2025_H3N2,5921,1.319,1
seqneut25to26_sera_1026_d28,A/Norway/8976/2025_H3N2,plate11-A/Norway/8976/2025_H3N2,1.362e+04,0.87,0.87
seqneut25to26_sera_1026_d28,A/Norway/9107/2025_H1N1,plate11-A/Norway/9107/2025_H1N1,40,0.2862,0.2862
seqneut25to26_sera_1026_d28,A/Norway/9107/2025_H1N1,plate11-A/Norway/9107/2025_H1N1,92,0.7892,0.7892
seqneut25to26_sera_1026_d28,A/Norway/9107/2025_H1N1,plate11-A/Norway/9107/2025_H1N1,212,0.8564,0.8564
seqneut25to26_sera_1026_d28,A/Norway/9107/2025_H1N1,plate11-A/Norway/9107/2025_H1N1,487,0.9535,0.9535
seqneut25to26_sera_1026_d28,A/Norway/9107/2025_H1N1,plate11-A/Norway/9107/2025_H1N1,1119,1.242,1
seqneut25to26_sera_1026_d28,A/Norway/9107/2025_H1N1,plate11-A/Norway/9107/2025_H1N1,2575,1.117,1
seqneut25to26_sera_1026_d28,A/Norway/9107/2025_H1N1,plate11-A/Norway/9107/2025_H1N1,5921,1.325,1
seqneut25to26_sera_1026_d28,A/Norway/9107/2025_H1N1,plate11-A/Norway/9107/2025_H1N1,1.362e+04,1.02,1
seqneut25to26_sera_1026_d28,A/Norway/9556/2025_H1N1,plate11-A/Norway/9556/2025_H1N1,40,0.3807,0.3807
seqneut25to26_sera_1026_d28,A/Norway/9556/2025_H1N1,plate11-A/Norway/9556/2025_H1N1,92,0.7014,0.7014
seqneut25to26_sera_1026_d28,A/Norway/9556/2025_H1N1,plate11-A/Norway/9556/2025_H1N1,212,1.002,1
seqneut25to26_sera_1026_d28,A/Norway/9556/2025_H1N1,plate11-A/Norway/9556/2025_H1N1,487,1.031,1
seqneut25to26_sera_1026_d28,A/Norway/9556/2025_H1N1,plate11-A/Norway/9556/2025_H1N1,1119,1.402,1
seqneut25to26_sera_1026_d28,A/Norway/9556/2025_H1N1,plate11-A/Norway/9556/2025_H1N1,2575,1.095,1
seqneut25to26_sera_1026_d28,A/Norway/9556/2025_H1N1,plate11-A/Norway/9556/2025_H1N1,5921,1.361,1
seqneut25to26_sera_1026_d28,A/Norway/9556/2025_H1N1,plate11-A/Norway/9556/2025_H1N1,1.362e+04,0.9231,0.9231
seqneut25to26_sera_1026_d28,A/Peru/GIHSN-04-1089/2025_H3N2,plate11-A/Peru/GIHSN-04-1089/2025_H3N2,40,0.2977,0.2977
seqneut25to26_sera_1026_d28,A/Peru/GIHSN-04-1089/2025_H3N2,plate11-A/Peru/GIHSN-04-1089/2025_H3N2,92,0.4267,0.4267
seqneut25to26_sera_1026_d28,A/Peru/GIHSN-04-1089/2025_H3N2,plate11-A/Peru/GIHSN-04-1089/2025_H3N2,212,0.8045,0.8045
seqneut25to26_sera_1026_d28,A/Peru/GIHSN-04-1089/2025_H3N2,plate11-A/Peru/GIHSN-04-1089/2025_H3N2,487,0.7575,0.7575
seqneut25to26_sera_1026_d28,A/Peru/GIHSN-04-1089/2025_H3N2,plate11-A/Peru/GIHSN-04-1089/2025_H3N2,1119,1.176,1
seqneut25to26_sera_1026_d28,A/Peru/GIHSN-04-1089/2025_H3N2,plate11-A/Peru/GIHSN-04-1089/2025_H3N2,2575,0.9231,0.9231
seqneut25to26_sera_1026_d28,A/Peru/GIHSN-04-1089/2025_H3N2,plate11-A/Peru/GIHSN-04-1089/2025_H3N2,5921,1.005,1
seqneut25to26_sera_1026_d28,A/Peru/GIHSN-04-1089/2025_H3N2,plate11-A/Peru/GIHSN-04-1089/2025_H3N2,1.362e+04,1.145,1
seqneut25to26_sera_1026_d28,A/Philippines/SARI25-1425/2025_H1N1,plate11-A/Philippines/SARI25-1425/2025_H1N1,40,0.3422,0.3422
seqneut25to26_sera_1026_d28,A/Philippines/SARI25-1425/2025_H1N1,plate11-A/Philippines/SARI25-1425/2025_H1N1,92,0.7852,0.7852
seqneut25to26_sera_1026_d28,A/Philippines/SARI25-1425/2025_H1N1,plate11-A/Philippines/SARI25-1425/2025_H1N1,212,0.9406,0.9406
seqneut25to26_sera_1026_d28,A/Philippines/SARI25-1425/2025_H1N1,plate11-A/Philippines/SARI25-1425/2025_H1N1,487,1.009,1
seqneut25to26_sera_1026_d28,A/Philippines/SARI25-1425/2025_H1N1,plate11-A/Philippines/SARI25-1425/2025_H1N1,1119,1.168,1
seqneut25to26_sera_1026_d28,A/Philippines/SARI25-1425/2025_H1N1,plate11-A/Philippines/SARI25-1425/2025_H1N1,2575,1.182,1
seqneut25to26_sera_1026_d28,A/Philippines/SARI25-1425/2025_H1N1,plate11-A/Philippines/SARI25-1425/2025_H1N1,5921,1.289,1
seqneut25to26_sera_1026_d28,A/Philippines/SARI25-1425/2025_H1N1,plate11-A/Philippines/SARI25-1425/2025_H1N1,1.362e+04,1.092,1
seqneut25to26_sera_1026_d28,A/Queensland/2526516675/2025_H3N2,plate11-A/Queensland/2526516675/2025_H3N2,40,0.1672,0.1672
seqneut25to26_sera_1026_d28,A/Queensland/2526516675/2025_H3N2,plate11-A/Queensland/2526516675/2025_H3N2,92,0.3996,0.3996
seqneut25to26_sera_1026_d28,A/Queensland/2526516675/2025_H3N2,plate11-A/Queensland/2526516675/2025_H3N2,212,0.6512,0.6512
seqneut25to26_sera_1026_d28,A/Queensland/2526516675/2025_H3N2,plate11-A/Queensland/2526516675/2025_H3N2,487,0.7899,0.7899
seqneut25to26_sera_1026_d28,A/Queensland/2526516675/2025_H3N2,plate11-A/Queensland/2526516675/2025_H3N2,1119,0.8939,0.8939
seqneut25to26_sera_1026_d28,A/Queensland/2526516675/2025_H3N2,plate11-A/Queensland/2526516675/2025_H3N2,2575,0.9099,0.9099
seqneut25to26_sera_1026_d28,A/Queensland/2526516675/2025_H3N2,plate11-A/Queensland/2526516675/2025_H3N2,5921,1.261,1
seqneut25to26_sera_1026_d28,A/Queensland/2526516675/2025_H3N2,plate11-A/Queensland/2526516675/2025_H3N2,1.362e+04,0.9725,0.9725
seqneut25to26_sera_1026_d28,A/SouthAfrica/PET37604/2025_H3N2,plate11-A/SouthAfrica/PET37604/2025_H3N2,40,0.03199,0.03199
seqneut25to26_sera_1026_d28,A/SouthAfrica/PET37604/2025_H3N2,plate11-A/SouthAfrica/PET37604/2025_H3N2,92,0.3238,0.3238
seqneut25to26_sera_1026_d28,A/SouthAfrica/PET37604/2025_H3N2,plate11-A/SouthAfrica/PET37604/2025_H3N2,212,0.3506,0.3506
seqneut25to26_sera_1026_d28,A/SouthAfrica/PET37604/2025_H3N2,plate11-A/SouthAfrica/PET37604/2025_H3N2,487,0.6079,0.6079
seqneut25to26_sera_1026_d28,A/SouthAfrica/PET37604/2025_H3N2,plate11-A/SouthAfrica/PET37604/2025_H3N2,1119,0.7619,0.7619
seqneut25to26_sera_1026_d28,A/SouthAfrica/PET37604/2025_H3N2,plate11-A/SouthAfrica/PET37604/2025_H3N2,2575,0.8418,0.8418
seqneut25to26_sera_1026_d28,A/SouthAfrica/PET37604/2025_H3N2,plate11-A/SouthAfrica/PET37604/2025_H3N2,5921,1.043,1
seqneut25to26_sera_1026_d28,A/SouthAfrica/PET37604/2025_H3N2,plate11-A/SouthAfrica/PET37604/2025_H3N2,1.362e+04,0.7614,0.7614
seqneut25to26_sera_1026_d28,A/SouthAfrica/PET37625/2025_H3N2,plate11-A/SouthAfrica/PET37625/2025_H3N2,40,0.07608,0.07608
seqneut25to26_sera_1026_d28,A/SouthAfrica/PET37625/2025_H3N2,plate11-A/SouthAfrica/PET37625/2025_H3N2,92,0.1766,0.1766
seqneut25to26_sera_1026_d28,A/SouthAfrica/PET37625/2025_H3N2,plate11-A/SouthAfrica/PET37625/2025_H3N2,212,0.3872,0.3872
seqneut25to26_sera_1026_d28,A/SouthAfrica/PET37625/2025_H3N2,plate11-A/SouthAfrica/PET37625/2025_H3N2,487,0.5905,0.5905
seqneut25to26_sera_1026_d28,A/SouthAfrica/PET37625/2025_H3N2,plate11-A/SouthAfrica/PET37625/2025_H3N2,1119,0.8771,0.8771
seqneut25to26_sera_1026_d28,A/SouthAfrica/PET37625/2025_H3N2,plate11-A/SouthAfrica/PET37625/2025_H3N2,2575,0.8398,0.8398
seqneut25to26_sera_1026_d28,A/SouthAfrica/PET37625/2025_H3N2,plate11-A/SouthAfrica/PET37625/2025_H3N2,5921,1.048,1
seqneut25to26_sera_1026_d28,A/SouthAfrica/PET37625/2025_H3N2,plate11-A/SouthAfrica/PET37625/2025_H3N2,1.362e+04,0.8615,0.8615
seqneut25to26_sera_1026_d28,A/SouthAustralia/2519001037/2025_H1N1,plate11-A/SouthAustralia/2519001037/2025_H1N1,40,0.21,0.21
seqneut25to26_sera_1026_d28,A/SouthAustralia/2519001037/2025_H1N1,plate11-A/SouthAustralia/2519001037/2025_H1N1,92,0.5796,0.5796
seqneut25to26_sera_1026_d28,A/SouthAustralia/2519001037/2025_H1N1,plate11-A/SouthAustralia/2519001037/2025_H1N1,212,0.788,0.788
seqneut25to26_sera_1026_d28,A/SouthAustralia/2519001037/2025_H1N1,plate11-A/SouthAustralia/2519001037/2025_H1N1,487,1.06,1
seqneut25to26_sera_1026_d28,A/SouthAustralia/2519001037/2025_H1N1,plate11-A/SouthAustralia/2519001037/2025_H1N1,1119,1.195,1
seqneut25to26_sera_1026_d28,A/SouthAustralia/2519001037/2025_H1N1,plate11-A/SouthAustralia/2519001037/2025_H1N1,2575,1.119,1
seqneut25to26_sera_1026_d28,A/SouthAustralia/2519001037/2025_H1N1,plate11-A/SouthAustralia/2519001037/2025_H1N1,5921,1.352,1
seqneut25to26_sera_1026_d28,A/SouthAustralia/2519001037/2025_H1N1,plate11-A/SouthAustralia/2519001037/2025_H1N1,1.362e+04,1.001,1
seqneut25to26_sera_1026_d28,A/SouthAustralia/2520702747/2025_H1N1,plate11-A/SouthAustralia/2520702747/2025_H1N1,40,0.2834,0.2834
seqneut25to26_sera_1026_d28,A/SouthAustralia/2520702747/2025_H1N1,plate11-A/SouthAustralia/2520702747/2025_H1N1,92,0.6191,0.6191
seqneut25to26_sera_1026_d28,A/SouthAustralia/2520702747/2025_H1N1,plate11-A/SouthAustralia/2520702747/2025_H1N1,212,0.8408,0.8408
seqneut25to26_sera_1026_d28,A/SouthAustralia/2520702747/2025_H1N1,plate11-A/SouthAustralia/2520702747/2025_H1N1,487,0.9517,0.9517
seqneut25to26_sera_1026_d28,A/SouthAustralia/2520702747/2025_H1N1,plate11-A/SouthAustralia/2520702747/2025_H1N1,1119,1.171,1
seqneut25to26_sera_1026_d28,A/SouthAustralia/2520702747/2025_H1N1,plate11-A/SouthAustralia/2520702747/2025_H1N1,2575,1.336,1
seqneut25to26_sera_1026_d28,A/SouthAustralia/2520702747/2025_H1N1,plate11-A/SouthAustralia/2520702747/2025_H1N1,5921,1.345,1
seqneut25to26_sera_1026_d28,A/SouthAustralia/2520702747/2025_H1N1,plate11-A/SouthAustralia/2520702747/2025_H1N1,1.362e+04,0.9812,0.9812
seqneut25to26_sera_1026_d28,A/SouthAustralia/2523012764/2025_H1N1,plate11-A/SouthAustralia/2523012764/2025_H1N1,40,0.2807,0.2807
seqneut25to26_sera_1026_d28,A/SouthAustralia/2523012764/2025_H1N1,plate11-A/SouthAustralia/2523012764/2025_H1N1,92,0.5508,0.5508
seqneut25to26_sera_1026_d28,A/SouthAustralia/2523012764/2025_H1N1,plate11-A/SouthAustralia/2523012764/2025_H1N1,212,0.9214,0.9214
seqneut25to26_sera_1026_d28,A/SouthAustralia/2523012764/2025_H1N1,plate11-A/SouthAustralia/2523012764/2025_H1N1,487,1.103,1
seqneut25to26_sera_1026_d28,A/SouthAustralia/2523012764/2025_H1N1,plate11-A/SouthAustralia/2523012764/2025_H1N1,1119,1.076,1
seqneut25to26_sera_1026_d28,A/SouthAustralia/2523012764/2025_H1N1,plate11-A/SouthAustralia/2523012764/2025_H1N1,2575,1.025,1
seqneut25to26_sera_1026_d28,A/SouthAustralia/2523012764/2025_H1N1,plate11-A/SouthAustralia/2523012764/2025_H1N1,5921,1.138,1
seqneut25to26_sera_1026_d28,A/SouthAustralia/2523012764/2025_H1N1,plate11-A/SouthAustralia/2523012764/2025_H1N1,1.362e+04,0.8899,0.8899
seqneut25to26_sera_1026_d28,A/SouthAustralia/2523812314/2025_H3N2,plate11-A/SouthAustralia/2523812314/2025_H3N2,40,0.1788,0.1788
seqneut25to26_sera_1026_d28,A/SouthAustralia/2523812314/2025_H3N2,plate11-A/SouthAustralia/2523812314/2025_H3N2,92,0.4343,0.4343
seqneut25to26_sera_1026_d28,A/SouthAustralia/2523812314/2025_H3N2,plate11-A/SouthAustralia/2523812314/2025_H3N2,212,0.5303,0.5303
seqneut25to26_sera_1026_d28,A/SouthAustralia/2523812314/2025_H3N2,plate11-A/SouthAustralia/2523812314/2025_H3N2,487,0.6473,0.6473
seqneut25to26_sera_1026_d28,A/SouthAustralia/2523812314/2025_H3N2,plate11-A/SouthAustralia/2523812314/2025_H3N2,1119,0.7794,0.7794
seqneut25to26_sera_1026_d28,A/SouthAustralia/2523812314/2025_H3N2,plate11-A/SouthAustralia/2523812314/2025_H3N2,2575,0.8091,0.8091
seqneut25to26_sera_1026_d28,A/SouthAustralia/2523812314/2025_H3N2,plate11-A/SouthAustralia/2523812314/2025_H3N2,5921,1.049,1
seqneut25to26_sera_1026_d28,A/SouthAustralia/2523812314/2025_H3N2,plate11-A/SouthAustralia/2523812314/2025_H3N2,1.362e+04,0.9497,0.9497
seqneut25to26_sera_1026_d28,A/SouthAustralia/2524408801/2025_H3N2,plate11-A/SouthAustralia/2524408801/2025_H3N2,40,0.2817,0.2817
seqneut25to26_sera_1026_d28,A/SouthAustralia/2524408801/2025_H3N2,plate11-A/SouthAustralia/2524408801/2025_H3N2,92,0.3302,0.3302
seqneut25to26_sera_1026_d28,A/SouthAustralia/2524408801/2025_H3N2,plate11-A/SouthAustralia/2524408801/2025_H3N2,212,0.5892,0.5892
seqneut25to26_sera_1026_d28,A/SouthAustralia/2524408801/2025_H3N2,plate11-A/SouthAustralia/2524408801/2025_H3N2,487,0.7971,0.7971
seqneut25to26_sera_1026_d28,A/SouthAustralia/2524408801/2025_H3N2,plate11-A/SouthAustralia/2524408801/2025_H3N2,1119,0.9036,0.9036
seqneut25to26_sera_1026_d28,A/SouthAustralia/2524408801/2025_H3N2,plate11-A/SouthAustralia/2524408801/2025_H3N2,2575,0.8741,0.8741
seqneut25to26_sera_1026_d28,A/SouthAustralia/2524408801/2025_H3N2,plate11-A/SouthAustralia/2524408801/2025_H3N2,5921,1.078,1
seqneut25to26_sera_1026_d28,A/SouthAustralia/2524408801/2025_H3N2,plate11-A/SouthAustralia/2524408801/2025_H3N2,1.362e+04,0.8149,0.8149
seqneut25to26_sera_1026_d28,A/SouthAustralia/2524712956/2025_H1N1,plate11-A/SouthAustralia/2524712956/2025_H1N1,40,0.2897,0.2897
seqneut25to26_sera_1026_d28,A/SouthAustralia/2524712956/2025_H1N1,plate11-A/SouthAustralia/2524712956/2025_H1N1,92,0.5835,0.5835
seqneut25to26_sera_1026_d28,A/SouthAustralia/2524712956/2025_H1N1,plate11-A/SouthAustralia/2524712956/2025_H1N1,212,0.8529,0.8529
seqneut25to26_sera_1026_d28,A/SouthAustralia/2524712956/2025_H1N1,plate11-A/SouthAustralia/2524712956/2025_H1N1,487,0.9241,0.9241
seqneut25to26_sera_1026_d28,A/SouthAustralia/2524712956/2025_H1N1,plate11-A/SouthAustralia/2524712956/2025_H1N1,1119,1.431,1
seqneut25to26_sera_1026_d28,A/SouthAustralia/2524712956/2025_H1N1,plate11-A/SouthAustralia/2524712956/2025_H1N1,2575,1.224,1
seqneut25to26_sera_1026_d28,A/SouthAustralia/2524712956/2025_H1N1,plate11-A/SouthAustralia/2524712956/2025_H1N1,5921,1.403,1
seqneut25to26_sera_1026_d28,A/SouthAustralia/2524712956/2025_H1N1,plate11-A/SouthAustralia/2524712956/2025_H1N1,1.362e+04,1.132,1
seqneut25to26_sera_1026_d28,A/SouthAustralia/2525607496/2025_H3N2,plate11-A/SouthAustralia/2525607496/2025_H3N2,40,0.02049,0.02049
seqneut25to26_sera_1026_d28,A/SouthAustralia/2525607496/2025_H3N2,plate11-A/SouthAustralia/2525607496/2025_H3N2,92,0.1932,0.1932
seqneut25to26_sera_1026_d28,A/SouthAustralia/2525607496/2025_H3N2,plate11-A/SouthAustralia/2525607496/2025_H3N2,212,0.5972,0.5972
seqneut25to26_sera_1026_d28,A/SouthAustralia/2525607496/2025_H3N2,plate11-A/SouthAustralia/2525607496/2025_H3N2,487,0.68,0.68
seqneut25to26_sera_1026_d28,A/SouthAustralia/2525607496/2025_H3N2,plate11-A/SouthAustralia/2525607496/2025_H3N2,1119,0.9639,0.9639
seqneut25to26_sera_1026_d28,A/SouthAustralia/2525607496/2025_H3N2,plate11-A/SouthAustralia/2525607496/2025_H3N2,2575,1.06,1
seqneut25to26_sera_1026_d28,A/SouthAustralia/2525607496/2025_H3N2,plate11-A/SouthAustralia/2525607496/2025_H3N2,5921,1.426,1
seqneut25to26_sera_1026_d28,A/SouthAustralia/2525607496/2025_H3N2,plate11-A/SouthAustralia/2525607496/2025_H3N2,1.362e+04,0.8475,0.8475
seqneut25to26_sera_1026_d28,A/SouthAustralia/2527003588/2025_H3N2,plate11-A/SouthAustralia/2527003588/2025_H3N2,40,0.2902,0.2902
seqneut25to26_sera_1026_d28,A/SouthAustralia/2527003588/2025_H3N2,plate11-A/SouthAustralia/2527003588/2025_H3N2,92,0.7377,0.7377
seqneut25to26_sera_1026_d28,A/SouthAustralia/2527003588/2025_H3N2,plate11-A/SouthAustralia/2527003588/2025_H3N2,212,0.9361,0.9361
seqneut25to26_sera_1026_d28,A/SouthAustralia/2527003588/2025_H3N2,plate11-A/SouthAustralia/2527003588/2025_H3N2,487,0.8373,0.8373
seqneut25to26_sera_1026_d28,A/SouthAustralia/2527003588/2025_H3N2,plate11-A/SouthAustralia/2527003588/2025_H3N2,1119,0.8738,0.8738
seqneut25to26_sera_1026_d28,A/SouthAustralia/2527003588/2025_H3N2,plate11-A/SouthAustralia/2527003588/2025_H3N2,2575,0.9996,0.9996
seqneut25to26_sera_1026_d28,A/SouthAustralia/2527003588/2025_H3N2,plate11-A/SouthAustralia/2527003588/2025_H3N2,5921,1.453,1
seqneut25to26_sera_1026_d28,A/SouthAustralia/2527003588/2025_H3N2,plate11-A/SouthAustralia/2527003588/2025_H3N2,1.362e+04,0.8019,0.8019
seqneut25to26_sera_1026_d28,A/SouthAustralia/2527213276/2025_H3N2,plate11-A/SouthAustralia/2527213276/2025_H3N2,40,0.3092,0.3092
seqneut25to26_sera_1026_d28,A/SouthAustralia/2527213276/2025_H3N2,plate11-A/SouthAustralia/2527213276/2025_H3N2,92,0.3702,0.3702
seqneut25to26_sera_1026_d28,A/SouthAustralia/2527213276/2025_H3N2,plate11-A/SouthAustralia/2527213276/2025_H3N2,212,0.5829,0.5829
seqneut25to26_sera_1026_d28,A/SouthAustralia/2527213276/2025_H3N2,plate11-A/SouthAustralia/2527213276/2025_H3N2,487,0.9885,0.9885
seqneut25to26_sera_1026_d28,A/SouthAustralia/2527213276/2025_H3N2,plate11-A/SouthAustralia/2527213276/2025_H3N2,1119,0.9666,0.9666
seqneut25to26_sera_1026_d28,A/SouthAustralia/2527213276/2025_H3N2,plate11-A/SouthAustralia/2527213276/2025_H3N2,2575,1.123,1
seqneut25to26_sera_1026_d28,A/SouthAustralia/2527213276/2025_H3N2,plate11-A/SouthAustralia/2527213276/2025_H3N2,5921,1.78,1
seqneut25to26_sera_1026_d28,A/SouthAustralia/2527213276/2025_H3N2,plate11-A/SouthAustralia/2527213276/2025_H3N2,1.362e+04,1.071,1
seqneut25to26_sera_1026_d28,A/SouthAustralia/2527612456/2025_H1N1,plate11-A/SouthAustralia/2527612456/2025_H1N1,40,0.3394,0.3394
seqneut25to26_sera_1026_d28,A/SouthAustralia/2527612456/2025_H1N1,plate11-A/SouthAustralia/2527612456/2025_H1N1,92,0.696,0.696
seqneut25to26_sera_1026_d28,A/SouthAustralia/2527612456/2025_H1N1,plate11-A/SouthAustralia/2527612456/2025_H1N1,212,0.9698,0.9698
seqneut25to26_sera_1026_d28,A/SouthAustralia/2527612456/2025_H1N1,plate11-A/SouthAustralia/2527612456/2025_H1N1,487,1.161,1
seqneut25to26_sera_1026_d28,A/SouthAustralia/2527612456/2025_H1N1,plate11-A/SouthAustralia/2527612456/2025_H1N1,1119,1.194,1
seqneut25to26_sera_1026_d28,A/SouthAustralia/2527612456/2025_H1N1,plate11-A/SouthAustralia/2527612456/2025_H1N1,2575,1.095,1
seqneut25to26_sera_1026_d28,A/SouthAustralia/2527612456/2025_H1N1,plate11-A/SouthAustralia/2527612456/2025_H1N1,5921,1.41,1
seqneut25to26_sera_1026_d28,A/SouthAustralia/2527612456/2025_H1N1,plate11-A/SouthAustralia/2527612456/2025_H1N1,1.362e+04,1.017,1
seqneut25to26_sera_1026_d28,A/SouthAustralia/2527902708/2025_H3N2,plate11-A/SouthAustralia/2527902708/2025_H3N2,40,0.4274,0.4274
seqneut25to26_sera_1026_d28,A/SouthAustralia/2527902708/2025_H3N2,plate11-A/SouthAustralia/2527902708/2025_H3N2,92,0.5399,0.5399
seqneut25to26_sera_1026_d28,A/SouthAustralia/2527902708/2025_H3N2,plate11-A/SouthAustralia/2527902708/2025_H3N2,212,0.7694,0.7694
seqneut25to26_sera_1026_d28,A/SouthAustralia/2527902708/2025_H3N2,plate11-A/SouthAustralia/2527902708/2025_H3N2,487,0.8249,0.8249
seqneut25to26_sera_1026_d28,A/SouthAustralia/2527902708/2025_H3N2,plate11-A/SouthAustralia/2527902708/2025_H3N2,1119,1.052,1
seqneut25to26_sera_1026_d28,A/SouthAustralia/2527902708/2025_H3N2,plate11-A/SouthAustralia/2527902708/2025_H3N2,2575,1.069,1
seqneut25to26_sera_1026_d28,A/SouthAustralia/2527902708/2025_H3N2,plate11-A/SouthAustralia/2527902708/2025_H3N2,5921,1.15,1
seqneut25to26_sera_1026_d28,A/SouthAustralia/2527902708/2025_H3N2,plate11-A/SouthAustralia/2527902708/2025_H3N2,1.362e+04,1.002,1
seqneut25to26_sera_1026_d28,A/Sydney/1359/2024_H3N2,plate11-A/Sydney/1359/2024_H3N2,40,0.242,0.242
seqneut25to26_sera_1026_d28,A/Sydney/1359/2024_H3N2,plate11-A/Sydney/1359/2024_H3N2,92,0.3553,0.3553
seqneut25to26_sera_1026_d28,A/Sydney/1359/2024_H3N2,plate11-A/Sydney/1359/2024_H3N2,212,0.5923,0.5923
seqneut25to26_sera_1026_d28,A/Sydney/1359/2024_H3N2,plate11-A/Sydney/1359/2024_H3N2,487,0.7299,0.7299
seqneut25to26_sera_1026_d28,A/Sydney/1359/2024_H3N2,plate11-A/Sydney/1359/2024_H3N2,1119,0.9056,0.9056
seqneut25to26_sera_1026_d28,A/Sydney/1359/2024_H3N2,plate11-A/Sydney/1359/2024_H3N2,2575,1.051,1
seqneut25to26_sera_1026_d28,A/Sydney/1359/2024_H3N2,plate11-A/Sydney/1359/2024_H3N2,5921,1.179,1
seqneut25to26_sera_1026_d28,A/Sydney/1359/2024_H3N2,plate11-A/Sydney/1359/2024_H3N2,1.362e+04,0.9293,0.9293
seqneut25to26_sera_1026_d28,A/Sydney/400/2025_H1N1,plate11-A/Sydney/400/2025_H1N1,40,0.2182,0.2182
seqneut25to26_sera_1026_d28,A/Sydney/400/2025_H1N1,plate11-A/Sydney/400/2025_H1N1,92,0.5956,0.5956
seqneut25to26_sera_1026_d28,A/Sydney/400/2025_H1N1,plate11-A/Sydney/400/2025_H1N1,212,0.7752,0.7752
seqneut25to26_sera_1026_d28,A/Sydney/400/2025_H1N1,plate11-A/Sydney/400/2025_H1N1,487,1.211,1
seqneut25to26_sera_1026_d28,A/Sydney/400/2025_H1N1,plate11-A/Sydney/400/2025_H1N1,1119,1.227,1
seqneut25to26_sera_1026_d28,A/Sydney/400/2025_H1N1,plate11-A/Sydney/400/2025_H1N1,2575,0.9548,0.9548
seqneut25to26_sera_1026_d28,A/Sydney/400/2025_H1N1,plate11-A/Sydney/400/2025_H1N1,5921,1.208,1
seqneut25to26_sera_1026_d28,A/Sydney/400/2025_H1N1,plate11-A/Sydney/400/2025_H1N1,1.362e+04,0.997,0.997
seqneut25to26_sera_1026_d28,A/Tasmania/2521815682/2025_H3N2,plate11-A/Tasmania/2521815682/2025_H3N2,40,0.4323,0.4323
seqneut25to26_sera_1026_d28,A/Tasmania/2521815682/2025_H3N2,plate11-A/Tasmania/2521815682/2025_H3N2,92,0.4453,0.4453
seqneut25to26_sera_1026_d28,A/Tasmania/2521815682/2025_H3N2,plate11-A/Tasmania/2521815682/2025_H3N2,212,0.8318,0.8318
seqneut25to26_sera_1026_d28,A/Tasmania/2521815682/2025_H3N2,plate11-A/Tasmania/2521815682/2025_H3N2,487,0.8936,0.8936
seqneut25to26_sera_1026_d28,A/Tasmania/2521815682/2025_H3N2,plate11-A/Tasmania/2521815682/2025_H3N2,1119,1.117,1
seqneut25to26_sera_1026_d28,A/Tasmania/2521815682/2025_H3N2,plate11-A/Tasmania/2521815682/2025_H3N2,2575,0.8743,0.8743
seqneut25to26_sera_1026_d28,A/Tasmania/2521815682/2025_H3N2,plate11-A/Tasmania/2521815682/2025_H3N2,5921,1.29,1
seqneut25to26_sera_1026_d28,A/Tasmania/2521815682/2025_H3N2,plate11-A/Tasmania/2521815682/2025_H3N2,1.362e+04,0.9623,0.9623
seqneut25to26_sera_1026_d28,A/Thailand/8/2022_H3N2,plate11-A/Thailand/8/2022_H3N2,40,0.09736,0.09736
seqneut25to26_sera_1026_d28,A/Thailand/8/2022_H3N2,plate11-A/Thailand/8/2022_H3N2,92,0.2428,0.2428
seqneut25to26_sera_1026_d28,A/Thailand/8/2022_H3N2,plate11-A/Thailand/8/2022_H3N2,212,0.2311,0.2311
seqneut25to26_sera_1026_d28,A/Thailand/8/2022_H3N2,plate11-A/Thailand/8/2022_H3N2,487,0.5516,0.5516
seqneut25to26_sera_1026_d28,A/Thailand/8/2022_H3N2,plate11-A/Thailand/8/2022_H3N2,1119,0.4821,0.4821
seqneut25to26_sera_1026_d28,A/Thailand/8/2022_H3N2,plate11-A/Thailand/8/2022_H3N2,2575,0.9034,0.9034
seqneut25to26_sera_1026_d28,A/Thailand/8/2022_H3N2,plate11-A/Thailand/8/2022_H3N2,5921,0.6821,0.6821
seqneut25to26_sera_1026_d28,A/Thailand/8/2022_H3N2,plate11-A/Thailand/8/2022_H3N2,1.362e+04,0.7503,0.7503
seqneut25to26_sera_1026_d28,A/Vermont/73/2025_H3N2,plate11-A/Vermont/73/2025_H3N2,40,0.4042,0.4042
seqneut25to26_sera_1026_d28,A/Vermont/73/2025_H3N2,plate11-A/Vermont/73/2025_H3N2,92,0.4716,0.4716
seqneut25to26_sera_1026_d28,A/Vermont/73/2025_H3N2,plate11-A/Vermont/73/2025_H3N2,212,0.915,0.915
seqneut25to26_sera_1026_d28,A/Vermont/73/2025_H3N2,plate11-A/Vermont/73/2025_H3N2,487,0.648,0.648
seqneut25to26_sera_1026_d28,A/Vermont/73/2025_H3N2,plate11-A/Vermont/73/2025_H3N2,1119,0.8598,0.8598
seqneut25to26_sera_1026_d28,A/Vermont/73/2025_H3N2,plate11-A/Vermont/73/2025_H3N2,2575,1.006,1
seqneut25to26_sera_1026_d28,A/Vermont/73/2025_H3N2,plate11-A/Vermont/73/2025_H3N2,5921,1.097,1
seqneut25to26_sera_1026_d28,A/Vermont/73/2025_H3N2,plate11-A/Vermont/73/2025_H3N2,1.362e+04,0.8751,0.8751
seqneut25to26_sera_1026_d28,A/Victoria/4897/2022_IVR-238_H1N1,plate11-A/Victoria/4897/2022_IVR-238_H1N1,40,0,0
seqneut25to26_sera_1026_d28,A/Victoria/4897/2022_IVR-238_H1N1,plate11-A/Victoria/4897/2022_IVR-238_H1N1,92,0.0002108,0.0002108
seqneut25to26_sera_1026_d28,A/Victoria/4897/2022_IVR-238_H1N1,plate11-A/Victoria/4897/2022_IVR-238_H1N1,212,0.05,0.05
seqneut25to26_sera_1026_d28,A/Victoria/4897/2022_IVR-238_H1N1,plate11-A/Victoria/4897/2022_IVR-238_H1N1,487,0.5249,0.5249
seqneut25to26_sera_1026_d28,A/Victoria/4897/2022_IVR-238_H1N1,plate11-A/Victoria/4897/2022_IVR-238_H1N1,1119,1.029,1
seqneut25to26_sera_1026_d28,A/Victoria/4897/2022_IVR-238_H1N1,plate11-A/Victoria/4897/2022_IVR-238_H1N1,2575,1.006,1
seqneut25to26_sera_1026_d28,A/Victoria/4897/2022_IVR-238_H1N1,plate11-A/Victoria/4897/2022_IVR-238_H1N1,5921,1.247,1
seqneut25to26_sera_1026_d28,A/Victoria/4897/2022_IVR-238_H1N1,plate11-A/Victoria/4897/2022_IVR-238_H1N1,1.362e+04,1.065,1
seqneut25to26_sera_1026_d28,A/Wisconsin/588/2019_H1N1,plate11-A/Wisconsin/588/2019_H1N1,40,0.00105,0.00105
seqneut25to26_sera_1026_d28,A/Wisconsin/588/2019_H1N1,plate11-A/Wisconsin/588/2019_H1N1,92,0.04543,0.04543
seqneut25to26_sera_1026_d28,A/Wisconsin/588/2019_H1N1,plate11-A/Wisconsin/588/2019_H1N1,212,0.337,0.337
seqneut25to26_sera_1026_d28,A/Wisconsin/588/2019_H1N1,plate11-A/Wisconsin/588/2019_H1N1,487,0.7546,0.7546
seqneut25to26_sera_1026_d28,A/Wisconsin/588/2019_H1N1,plate11-A/Wisconsin/588/2019_H1N1,1119,1.06,1
seqneut25to26_sera_1026_d28,A/Wisconsin/588/2019_H1N1,plate11-A/Wisconsin/588/2019_H1N1,2575,1.129,1
seqneut25to26_sera_1026_d28,A/Wisconsin/588/2019_H1N1,plate11-A/Wisconsin/588/2019_H1N1,5921,1.229,1
seqneut25to26_sera_1026_d28,A/Wisconsin/588/2019_H1N1,plate11-A/Wisconsin/588/2019_H1N1,1.362e+04,0.9888,0.9888
seqneut25to26_sera_1026_d28,A/Wisconsin/67/2022_H1N1,plate11-A/Wisconsin/67/2022_H1N1,40,0.1959,0.1959
seqneut25to26_sera_1026_d28,A/Wisconsin/67/2022_H1N1,plate11-A/Wisconsin/67/2022_H1N1,92,0.6072,0.6072
seqneut25to26_sera_1026_d28,A/Wisconsin/67/2022_H1N1,plate11-A/Wisconsin/67/2022_H1N1,212,0.7762,0.7762
seqneut25to26_sera_1026_d28,A/Wisconsin/67/2022_H1N1,plate11-A/Wisconsin/67/2022_H1N1,487,0.9985,0.9985
seqneut25to26_sera_1026_d28,A/Wisconsin/67/2022_H1N1,plate11-A/Wisconsin/67/2022_H1N1,1119,1.101,1
seqneut25to26_sera_1026_d28,A/Wisconsin/67/2022_H1N1,plate11-A/Wisconsin/67/2022_H1N1,2575,1.153,1
seqneut25to26_sera_1026_d28,A/Wisconsin/67/2022_H1N1,plate11-A/Wisconsin/67/2022_H1N1,5921,1.34,1
seqneut25to26_sera_1026_d28,A/Wisconsin/67/2022_H1N1,plate11-A/Wisconsin/67/2022_H1N1,1.362e+04,1.032,1
seqneut25to26_sera_1026_d28,A/Zacapa/FLU-261/2025_H1N1,plate11-A/Zacapa/FLU-261/2025_H1N1,40,0.2192,0.2192
seqneut25to26_sera_1026_d28,A/Zacapa/FLU-261/2025_H1N1,plate11-A/Zacapa/FLU-261/2025_H1N1,92,0.6437,0.6437
seqneut25to26_sera_1026_d28,A/Zacapa/FLU-261/2025_H1N1,plate11-A/Zacapa/FLU-261/2025_H1N1,212,0.955,0.955
seqneut25to26_sera_1026_d28,A/Zacapa/FLU-261/2025_H1N1,plate11-A/Zacapa/FLU-261/2025_H1N1,487,1.082,1
seqneut25to26_sera_1026_d28,A/Zacapa/FLU-261/2025_H1N1,plate11-A/Zacapa/FLU-261/2025_H1N1,1119,1.319,1
seqneut25to26_sera_1026_d28,A/Zacapa/FLU-261/2025_H1N1,plate11-A/Zacapa/FLU-261/2025_H1N1,2575,1.135,1
seqneut25to26_sera_1026_d28,A/Zacapa/FLU-261/2025_H1N1,plate11-A/Zacapa/FLU-261/2025_H1N1,5921,1.406,1
seqneut25to26_sera_1026_d28,A/Zacapa/FLU-261/2025_H1N1,plate11-A/Zacapa/FLU-261/2025_H1N1,1.362e+04,0.9694,0.9694
seqneut25to26_sera_1037_d0,A/Alagoas/4130/2025_H3N2,plate11-A/Alagoas/4130/2025_H3N2,40,9.187e-05,9.187e-05
seqneut25to26_sera_1037_d0,A/Alagoas/4130/2025_H3N2,plate11-A/Alagoas/4130/2025_H3N2,92,0.0006363,0.0006363
seqneut25to26_sera_1037_d0,A/Alagoas/4130/2025_H3N2,plate11-A/Alagoas/4130/2025_H3N2,212,0.01333,0.01333
seqneut25to26_sera_1037_d0,A/Alagoas/4130/2025_H3N2,plate11-A/Alagoas/4130/2025_H3N2,487,0.1688,0.1688
seqneut25to26_sera_1037_d0,A/Alagoas/4130/2025_H3N2,plate11-A/Alagoas/4130/2025_H3N2,1119,0.4542,0.4542
seqneut25to26_sera_1037_d0,A/Alagoas/4130/2025_H3N2,plate11-A/Alagoas/4130/2025_H3N2,2575,0.5842,0.5842
seqneut25to26_sera_1037_d0,A/Alagoas/4130/2025_H3N2,plate11-A/Alagoas/4130/2025_H3N2,5921,0.8824,0.8824
seqneut25to26_sera_1037_d0,A/Alagoas/4130/2025_H3N2,plate11-A/Alagoas/4130/2025_H3N2,1.362e+04,1.292,1
seqneut25to26_sera_1037_d0,A/Anapolis/LEIAL6543/2025_H3N2,plate11-A/Anapolis/LEIAL6543/2025_H3N2,40,0.01857,0.01857
seqneut25to26_sera_1037_d0,A/Anapolis/LEIAL6543/2025_H3N2,plate11-A/Anapolis/LEIAL6543/2025_H3N2,92,0.05095,0.05095
seqneut25to26_sera_1037_d0,A/Anapolis/LEIAL6543/2025_H3N2,plate11-A/Anapolis/LEIAL6543/2025_H3N2,212,0.2269,0.2269
seqneut25to26_sera_1037_d0,A/Anapolis/LEIAL6543/2025_H3N2,plate11-A/Anapolis/LEIAL6543/2025_H3N2,487,0.4761,0.4761
seqneut25to26_sera_1037_d0,A/Anapolis/LEIAL6543/2025_H3N2,plate11-A/Anapolis/LEIAL6543/2025_H3N2,1119,0.564,0.564
seqneut25to26_sera_1037_d0,A/Anapolis/LEIAL6543/2025_H3N2,plate11-A/Anapolis/LEIAL6543/2025_H3N2,2575,0.7734,0.7734
seqneut25to26_sera_1037_d0,A/Anapolis/LEIAL6543/2025_H3N2,plate11-A/Anapolis/LEIAL6543/2025_H3N2,5921,0.8438,0.8438
seqneut25to26_sera_1037_d0,A/Anapolis/LEIAL6543/2025_H3N2,plate11-A/Anapolis/LEIAL6543/2025_H3N2,1.362e+04,1.394,1
seqneut25to26_sera_1037_d0,A/Andalucia/PMC-00977/2025_H1N1,plate11-A/Andalucia/PMC-00977/2025_H1N1,40,0.329,0.329
seqneut25to26_sera_1037_d0,A/Andalucia/PMC-00977/2025_H1N1,plate11-A/Andalucia/PMC-00977/2025_H1N1,92,0.793,0.793
seqneut25to26_sera_1037_d0,A/Andalucia/PMC-00977/2025_H1N1,plate11-A/Andalucia/PMC-00977/2025_H1N1,212,0.9979,0.9979
seqneut25to26_sera_1037_d0,A/Andalucia/PMC-00977/2025_H1N1,plate11-A/Andalucia/PMC-00977/2025_H1N1,487,1.303,1
seqneut25to26_sera_1037_d0,A/Andalucia/PMC-00977/2025_H1N1,plate11-A/Andalucia/PMC-00977/2025_H1N1,1119,1.091,1
seqneut25to26_sera_1037_d0,A/Andalucia/PMC-00977/2025_H1N1,plate11-A/Andalucia/PMC-00977/2025_H1N1,2575,1.008,1
seqneut25to26_sera_1037_d0,A/Andalucia/PMC-00977/2025_H1N1,plate11-A/Andalucia/PMC-00977/2025_H1N1,5921,1.073,1
seqneut25to26_sera_1037_d0,A/Andalucia/PMC-00977/2025_H1N1,plate11-A/Andalucia/PMC-00977/2025_H1N1,1.362e+04,1.36,1
seqneut25to26_sera_1037_d0,A/Aragon/2046/2025_H1N1,plate11-A/Aragon/2046/2025_H1N1,40,0.3485,0.3485
seqneut25to26_sera_1037_d0,A/Aragon/2046/2025_H1N1,plate11-A/Aragon/2046/2025_H1N1,92,0.8024,0.8024
seqneut25to26_sera_1037_d0,A/Aragon/2046/2025_H1N1,plate11-A/Aragon/2046/2025_H1N1,212,0.8169,0.8169
seqneut25to26_sera_1037_d0,A/Aragon/2046/2025_H1N1,plate11-A/Aragon/2046/2025_H1N1,487,1.409,1
seqneut25to26_sera_1037_d0,A/Aragon/2046/2025_H1N1,plate11-A/Aragon/2046/2025_H1N1,1119,1.129,1
seqneut25to26_sera_1037_d0,A/Aragon/2046/2025_H1N1,plate11-A/Aragon/2046/2025_H1N1,2575,1.037,1
seqneut25to26_sera_1037_d0,A/Aragon/2046/2025_H1N1,plate11-A/Aragon/2046/2025_H1N1,5921,0.9944,0.9944
seqneut25to26_sera_1037_d0,A/Aragon/2046/2025_H1N1,plate11-A/Aragon/2046/2025_H1N1,1.362e+04,1.311,1
seqneut25to26_sera_1037_d0,A/Arica/59150/2025_H3N2,plate11-A/Arica/59150/2025_H3N2,40,0.01994,0.01994
seqneut25to26_sera_1037_d0,A/Arica/59150/2025_H3N2,plate11-A/Arica/59150/2025_H3N2,92,0.03856,0.03856
seqneut25to26_sera_1037_d0,A/Arica/59150/2025_H3N2,plate11-A/Arica/59150/2025_H3N2,212,0.1377,0.1377
seqneut25to26_sera_1037_d0,A/Arica/59150/2025_H3N2,plate11-A/Arica/59150/2025_H3N2,487,0.4509,0.4509
seqneut25to26_sera_1037_d0,A/Arica/59150/2025_H3N2,plate11-A/Arica/59150/2025_H3N2,1119,0.6155,0.6155
seqneut25to26_sera_1037_d0,A/Arica/59150/2025_H3N2,plate11-A/Arica/59150/2025_H3N2,2575,0.7589,0.7589
seqneut25to26_sera_1037_d0,A/Arica/59150/2025_H3N2,plate11-A/Arica/59150/2025_H3N2,5921,0.7232,0.7232
seqneut25to26_sera_1037_d0,A/Arica/59150/2025_H3N2,plate11-A/Arica/59150/2025_H3N2,1.362e+04,1.159,1
seqneut25to26_sera_1037_d0,A/Bahia/3102/2025_H3N2,plate11-A/Bahia/3102/2025_H3N2,40,0.005224,0.005224
seqneut25to26_sera_1037_d0,A/Bahia/3102/2025_H3N2,plate11-A/Bahia/3102/2025_H3N2,92,0.04041,0.04041
seqneut25to26_sera_1037_d0,A/Bahia/3102/2025_H3N2,plate11-A/Bahia/3102/2025_H3N2,212,0.06419,0.06419
seqneut25to26_sera_1037_d0,A/Bahia/3102/2025_H3N2,plate11-A/Bahia/3102/2025_H3N2,487,0.3444,0.3444
seqneut25to26_sera_1037_d0,A/Bahia/3102/2025_H3N2,plate11-A/Bahia/3102/2025_H3N2,1119,0.663,0.663
seqneut25to26_sera_1037_d0,A/Bahia/3102/2025_H3N2,plate11-A/Bahia/3102/2025_H3N2,2575,0.54,0.54
seqneut25to26_sera_1037_d0,A/Bahia/3102/2025_H3N2,plate11-A/Bahia/3102/2025_H3N2,5921,0.6541,0.6541
seqneut25to26_sera_1037_d0,A/Bahia/3102/2025_H3N2,plate11-A/Bahia/3102/2025_H3N2,1.362e+04,1.209,1
seqneut25to26_sera_1037_d0,A/Bangkok/1803/2025_H1N1,plate11-A/Bangkok/1803/2025_H1N1,40,0.269,0.269
seqneut25to26_sera_1037_d0,A/Bangkok/1803/2025_H1N1,plate11-A/Bangkok/1803/2025_H1N1,92,0.8114,0.8114
seqneut25to26_sera_1037_d0,A/Bangkok/1803/2025_H1N1,plate11-A/Bangkok/1803/2025_H1N1,212,0.9283,0.9283
seqneut25to26_sera_1037_d0,A/Bangkok/1803/2025_H1N1,plate11-A/Bangkok/1803/2025_H1N1,487,1.353,1
seqneut25to26_sera_1037_d0,A/Bangkok/1803/2025_H1N1,plate11-A/Bangkok/1803/2025_H1N1,1119,1.147,1
seqneut25to26_sera_1037_d0,A/Bangkok/1803/2025_H1N1,plate11-A/Bangkok/1803/2025_H1N1,2575,1.28,1
seqneut25to26_sera_1037_d0,A/Bangkok/1803/2025_H1N1,plate11-A/Bangkok/1803/2025_H1N1,5921,1.103,1
seqneut25to26_sera_1037_d0,A/Bangkok/1803/2025_H1N1,plate11-A/Bangkok/1803/2025_H1N1,1.362e+04,1.385,1
seqneut25to26_sera_1037_d0,A/Bangkok/P2229/2025_H1N1,plate11-A/Bangkok/P2229/2025_H1N1,40,0.2262,0.2262
seqneut25to26_sera_1037_d0,A/Bangkok/P2229/2025_H1N1,plate11-A/Bangkok/P2229/2025_H1N1,92,0.6823,0.6823
seqneut25to26_sera_1037_d0,A/Bangkok/P2229/2025_H1N1,plate11-A/Bangkok/P2229/2025_H1N1,212,0.7623,0.7623
seqneut25to26_sera_1037_d0,A/Bangkok/P2229/2025_H1N1,plate11-A/Bangkok/P2229/2025_H1N1,487,1.273,1
seqneut25to26_sera_1037_d0,A/Bangkok/P2229/2025_H1N1,plate11-A/Bangkok/P2229/2025_H1N1,1119,1.251,1
seqneut25to26_sera_1037_d0,A/Bangkok/P2229/2025_H1N1,plate11-A/Bangkok/P2229/2025_H1N1,2575,1.019,1
seqneut25to26_sera_1037_d0,A/Bangkok/P2229/2025_H1N1,plate11-A/Bangkok/P2229/2025_H1N1,5921,1.093,1
seqneut25to26_sera_1037_d0,A/Bangkok/P2229/2025_H1N1,plate11-A/Bangkok/P2229/2025_H1N1,1.362e+04,1.591,1
seqneut25to26_sera_1037_d0,A/Bangkok/P2323/2025_H3N2,plate11-A/Bangkok/P2323/2025_H3N2,40,0.0278,0.0278
seqneut25to26_sera_1037_d0,A/Bangkok/P2323/2025_H3N2,plate11-A/Bangkok/P2323/2025_H3N2,92,0.169,0.169
seqneut25to26_sera_1037_d0,A/Bangkok/P2323/2025_H3N2,plate11-A/Bangkok/P2323/2025_H3N2,212,0.3128,0.3128
seqneut25to26_sera_1037_d0,A/Bangkok/P2323/2025_H3N2,plate11-A/Bangkok/P2323/2025_H3N2,487,0.5558,0.5558
seqneut25to26_sera_1037_d0,A/Bangkok/P2323/2025_H3N2,plate11-A/Bangkok/P2323/2025_H3N2,1119,0.7736,0.7736
seqneut25to26_sera_1037_d0,A/Bangkok/P2323/2025_H3N2,plate11-A/Bangkok/P2323/2025_H3N2,2575,0.7788,0.7788
seqneut25to26_sera_1037_d0,A/Bangkok/P2323/2025_H3N2,plate11-A/Bangkok/P2323/2025_H3N2,5921,0.7713,0.7713
seqneut25to26_sera_1037_d0,A/Bangkok/P2323/2025_H3N2,plate11-A/Bangkok/P2323/2025_H3N2,1.362e+04,1.12,1
seqneut25to26_sera_1037_d0,A/Bangkok/P2390/2025_H3N2,plate11-A/Bangkok/P2390/2025_H3N2,40,0.02227,0.02227
seqneut25to26_sera_1037_d0,A/Bangkok/P2390/2025_H3N2,plate11-A/Bangkok/P2390/2025_H3N2,92,0.1303,0.1303
seqneut25to26_sera_1037_d0,A/Bangkok/P2390/2025_H3N2,plate11-A/Bangkok/P2390/2025_H3N2,212,0.2836,0.2836
seqneut25to26_sera_1037_d0,A/Bangkok/P2390/2025_H3N2,plate11-A/Bangkok/P2390/2025_H3N2,487,0.5994,0.5994
seqneut25to26_sera_1037_d0,A/Bangkok/P2390/2025_H3N2,plate11-A/Bangkok/P2390/2025_H3N2,1119,0.7613,0.7613
seqneut25to26_sera_1037_d0,A/Bangkok/P2390/2025_H3N2,plate11-A/Bangkok/P2390/2025_H3N2,2575,0.8375,0.8375
seqneut25to26_sera_1037_d0,A/Bangkok/P2390/2025_H3N2,plate11-A/Bangkok/P2390/2025_H3N2,5921,0.9347,0.9347
seqneut25to26_sera_1037_d0,A/Bangkok/P2390/2025_H3N2,plate11-A/Bangkok/P2390/2025_H3N2,1.362e+04,1.217,1
seqneut25to26_sera_1037_d0,A/Bangkok/P2391/2025_H3N2,plate11-A/Bangkok/P2391/2025_H3N2,40,0.004939,0.004939
seqneut25to26_sera_1037_d0,A/Bangkok/P2391/2025_H3N2,plate11-A/Bangkok/P2391/2025_H3N2,92,0.1241,0.1241
seqneut25to26_sera_1037_d0,A/Bangkok/P2391/2025_H3N2,plate11-A/Bangkok/P2391/2025_H3N2,212,0.1299,0.1299
seqneut25to26_sera_1037_d0,A/Bangkok/P2391/2025_H3N2,plate11-A/Bangkok/P2391/2025_H3N2,487,0.3764,0.3764
seqneut25to26_sera_1037_d0,A/Bangkok/P2391/2025_H3N2,plate11-A/Bangkok/P2391/2025_H3N2,1119,0.6074,0.6074
seqneut25to26_sera_1037_d0,A/Bangkok/P2391/2025_H3N2,plate11-A/Bangkok/P2391/2025_H3N2,2575,0.6256,0.6256
seqneut25to26_sera_1037_d0,A/Bangkok/P2391/2025_H3N2,plate11-A/Bangkok/P2391/2025_H3N2,5921,0.8612,0.8612
seqneut25to26_sera_1037_d0,A/Bangkok/P2391/2025_H3N2,plate11-A/Bangkok/P2391/2025_H3N2,1.362e+04,1.035,1
seqneut25to26_sera_1037_d0,A/Bangkok/P2572/2025_H3N2,plate11-A/Bangkok/P2572/2025_H3N2,40,0.01355,0.01355
seqneut25to26_sera_1037_d0,A/Bangkok/P2572/2025_H3N2,plate11-A/Bangkok/P2572/2025_H3N2,92,0.1999,0.1999
seqneut25to26_sera_1037_d0,A/Bangkok/P2572/2025_H3N2,plate11-A/Bangkok/P2572/2025_H3N2,212,0.3231,0.3231
seqneut25to26_sera_1037_d0,A/Bangkok/P2572/2025_H3N2,plate11-A/Bangkok/P2572/2025_H3N2,487,0.7923,0.7923
seqneut25to26_sera_1037_d0,A/Bangkok/P2572/2025_H3N2,plate11-A/Bangkok/P2572/2025_H3N2,1119,0.6803,0.6803
seqneut25to26_sera_1037_d0,A/Bangkok/P2572/2025_H3N2,plate11-A/Bangkok/P2572/2025_H3N2,2575,0.8827,0.8827
seqneut25to26_sera_1037_d0,A/Bangkok/P2572/2025_H3N2,plate11-A/Bangkok/P2572/2025_H3N2,5921,0.9399,0.9399
seqneut25to26_sera_1037_d0,A/Bangkok/P2572/2025_H3N2,plate11-A/Bangkok/P2572/2025_H3N2,1.362e+04,1.277,1
seqneut25to26_sera_1037_d0,A/Bangkok/P2921/2025_H3N2,plate11-A/Bangkok/P2921/2025_H3N2,40,2.688e-05,2.688e-05
seqneut25to26_sera_1037_d0,A/Bangkok/P2921/2025_H3N2,plate11-A/Bangkok/P2921/2025_H3N2,92,7.448e-05,7.448e-05
seqneut25to26_sera_1037_d0,A/Bangkok/P2921/2025_H3N2,plate11-A/Bangkok/P2921/2025_H3N2,212,0.004352,0.004352
seqneut25to26_sera_1037_d0,A/Bangkok/P2921/2025_H3N2,plate11-A/Bangkok/P2921/2025_H3N2,487,0.1024,0.1024
seqneut25to26_sera_1037_d0,A/Bangkok/P2921/2025_H3N2,plate11-A/Bangkok/P2921/2025_H3N2,1119,0.4362,0.4362
seqneut25to26_sera_1037_d0,A/Bangkok/P2921/2025_H3N2,plate11-A/Bangkok/P2921/2025_H3N2,2575,0.637,0.637
seqneut25to26_sera_1037_d0,A/Bangkok/P2921/2025_H3N2,plate11-A/Bangkok/P2921/2025_H3N2,5921,0.9056,0.9056
seqneut25to26_sera_1037_d0,A/Bangkok/P2921/2025_H3N2,plate11-A/Bangkok/P2921/2025_H3N2,1.362e+04,1.254,1
seqneut25to26_sera_1037_d0,A/Bangkok/P3067/2025_H1N1,plate11-A/Bangkok/P3067/2025_H1N1,40,0.1665,0.1665
seqneut25to26_sera_1037_d0,A/Bangkok/P3067/2025_H1N1,plate11-A/Bangkok/P3067/2025_H1N1,92,0.5305,0.5305
seqneut25to26_sera_1037_d0,A/Bangkok/P3067/2025_H1N1,plate11-A/Bangkok/P3067/2025_H1N1,212,0.8299,0.8299
seqneut25to26_sera_1037_d0,A/Bangkok/P3067/2025_H1N1,plate11-A/Bangkok/P3067/2025_H1N1,487,0.9183,0.9183
seqneut25to26_sera_1037_d0,A/Bangkok/P3067/2025_H1N1,plate11-A/Bangkok/P3067/2025_H1N1,1119,1.153,1
seqneut25to26_sera_1037_d0,A/Bangkok/P3067/2025_H1N1,plate11-A/Bangkok/P3067/2025_H1N1,2575,0.8189,0.8189
seqneut25to26_sera_1037_d0,A/Bangkok/P3067/2025_H1N1,plate11-A/Bangkok/P3067/2025_H1N1,5921,1.033,1
seqneut25to26_sera_1037_d0,A/Bangkok/P3067/2025_H1N1,plate11-A/Bangkok/P3067/2025_H1N1,1.362e+04,1.47,1
seqneut25to26_sera_1037_d0,A/Bangkok/P3263/2025_H3N2,plate11-A/Bangkok/P3263/2025_H3N2,40,0.01161,0.01161
seqneut25to26_sera_1037_d0,A/Bangkok/P3263/2025_H3N2,plate11-A/Bangkok/P3263/2025_H3N2,92,0.1018,0.1018
seqneut25to26_sera_1037_d0,A/Bangkok/P3263/2025_H3N2,plate11-A/Bangkok/P3263/2025_H3N2,212,0.2384,0.2384
seqneut25to26_sera_1037_d0,A/Bangkok/P3263/2025_H3N2,plate11-A/Bangkok/P3263/2025_H3N2,487,0.518,0.518
seqneut25to26_sera_1037_d0,A/Bangkok/P3263/2025_H3N2,plate11-A/Bangkok/P3263/2025_H3N2,1119,0.7836,0.7836
seqneut25to26_sera_1037_d0,A/Bangkok/P3263/2025_H3N2,plate11-A/Bangkok/P3263/2025_H3N2,2575,0.9144,0.9144
seqneut25to26_sera_1037_d0,A/Bangkok/P3263/2025_H3N2,plate11-A/Bangkok/P3263/2025_H3N2,5921,0.873,0.873
seqneut25to26_sera_1037_d0,A/Bangkok/P3263/2025_H3N2,plate11-A/Bangkok/P3263/2025_H3N2,1.362e+04,1.09,1
seqneut25to26_sera_1037_d0,A/Belgium/H0097/2025_H3N2,plate11-A/Belgium/H0097/2025_H3N2,40,0.005725,0.005725
seqneut25to26_sera_1037_d0,A/Belgium/H0097/2025_H3N2,plate11-A/Belgium/H0097/2025_H3N2,92,0.05426,0.05426
seqneut25to26_sera_1037_d0,A/Belgium/H0097/2025_H3N2,plate11-A/Belgium/H0097/2025_H3N2,212,0.2017,0.2017
seqneut25to26_sera_1037_d0,A/Belgium/H0097/2025_H3N2,plate11-A/Belgium/H0097/2025_H3N2,487,0.4342,0.4342
seqneut25to26_sera_1037_d0,A/Belgium/H0097/2025_H3N2,plate11-A/Belgium/H0097/2025_H3N2,1119,0.708,0.708
seqneut25to26_sera_1037_d0,A/Belgium/H0097/2025_H3N2,plate11-A/Belgium/H0097/2025_H3N2,2575,0.7569,0.7569
seqneut25to26_sera_1037_d0,A/Belgium/H0097/2025_H3N2,plate11-A/Belgium/H0097/2025_H3N2,5921,0.9737,0.9737
seqneut25to26_sera_1037_d0,A/Belgium/H0097/2025_H3N2,plate11-A/Belgium/H0097/2025_H3N2,1.362e+04,1.437,1
seqneut25to26_sera_1037_d0,A/Bhutan/1267/2025_H3N2,plate11-A/Bhutan/1267/2025_H3N2,40,6.031e-05,6.031e-05
seqneut25to26_sera_1037_d0,A/Bhutan/1267/2025_H3N2,plate11-A/Bhutan/1267/2025_H3N2,92,0.001671,0.001671
seqneut25to26_sera_1037_d0,A/Bhutan/1267/2025_H3N2,plate11-A/Bhutan/1267/2025_H3N2,212,0.03876,0.03876
seqneut25to26_sera_1037_d0,A/Bhutan/1267/2025_H3N2,plate11-A/Bhutan/1267/2025_H3N2,487,0.2349,0.2349
seqneut25to26_sera_1037_d0,A/Bhutan/1267/2025_H3N2,plate11-A/Bhutan/1267/2025_H3N2,1119,0.6357,0.6357
seqneut25to26_sera_1037_d0,A/Bhutan/1267/2025_H3N2,plate11-A/Bhutan/1267/2025_H3N2,2575,0.5459,0.5459
seqneut25to26_sera_1037_d0,A/Bhutan/1267/2025_H3N2,plate11-A/Bhutan/1267/2025_H3N2,5921,0.7432,0.7432
seqneut25to26_sera_1037_d0,A/Bhutan/1267/2025_H3N2,plate11-A/Bhutan/1267/2025_H3N2,1.362e+04,0.9832,0.9832
seqneut25to26_sera_1037_d0,A/Bhutan/7/2025_H3N2,plate11-A/Bhutan/7/2025_H3N2,40,0.001059,0.001059
seqneut25to26_sera_1037_d0,A/Bhutan/7/2025_H3N2,plate11-A/Bhutan/7/2025_H3N2,92,0.005029,0.005029
seqneut25to26_sera_1037_d0,A/Bhutan/7/2025_H3N2,plate11-A/Bhutan/7/2025_H3N2,212,0.02692,0.02692
seqneut25to26_sera_1037_d0,A/Bhutan/7/2025_H3N2,plate11-A/Bhutan/7/2025_H3N2,487,0.2718,0.2718
seqneut25to26_sera_1037_d0,A/Bhutan/7/2025_H3N2,plate11-A/Bhutan/7/2025_H3N2,1119,0.4897,0.4897
seqneut25to26_sera_1037_d0,A/Bhutan/7/2025_H3N2,plate11-A/Bhutan/7/2025_H3N2,2575,0.6217,0.6217
seqneut25to26_sera_1037_d0,A/Bhutan/7/2025_H3N2,plate11-A/Bhutan/7/2025_H3N2,5921,0.7541,0.7541
seqneut25to26_sera_1037_d0,A/Bhutan/7/2025_H3N2,plate11-A/Bhutan/7/2025_H3N2,1.362e+04,1.3,1
seqneut25to26_sera_1037_d0,A/BritishColumbia/PHL-2473/2025_H1N1,plate11-A/BritishColumbia/PHL-2473/2025_H1N1,40,0.2871,0.2871
seqneut25to26_sera_1037_d0,A/BritishColumbia/PHL-2473/2025_H1N1,plate11-A/BritishColumbia/PHL-2473/2025_H1N1,92,0.5371,0.5371
seqneut25to26_sera_1037_d0,A/BritishColumbia/PHL-2473/2025_H1N1,plate11-A/BritishColumbia/PHL-2473/2025_H1N1,212,0.8441,0.8441
seqneut25to26_sera_1037_d0,A/BritishColumbia/PHL-2473/2025_H1N1,plate11-A/BritishColumbia/PHL-2473/2025_H1N1,487,1.042,1
seqneut25to26_sera_1037_d0,A/BritishColumbia/PHL-2473/2025_H1N1,plate11-A/BritishColumbia/PHL-2473/2025_H1N1,1119,1.145,1
seqneut25to26_sera_1037_d0,A/BritishColumbia/PHL-2473/2025_H1N1,plate11-A/BritishColumbia/PHL-2473/2025_H1N1,2575,0.9886,0.9886
seqneut25to26_sera_1037_d0,A/BritishColumbia/PHL-2473/2025_H1N1,plate11-A/BritishColumbia/PHL-2473/2025_H1N1,5921,1.053,1
seqneut25to26_sera_1037_d0,A/BritishColumbia/PHL-2473/2025_H1N1,plate11-A/BritishColumbia/PHL-2473/2025_H1N1,1.362e+04,1.312,1
seqneut25to26_sera_1037_d0,A/California/61/2025_H3N2,plate11-A/California/61/2025_H3N2,40,0.009923,0.009923
seqneut25to26_sera_1037_d0,A/California/61/2025_H3N2,plate11-A/California/61/2025_H3N2,92,0.09352,0.09352
seqneut25to26_sera_1037_d0,A/California/61/2025_H3N2,plate11-A/California/61/2025_H3N2,212,0.2092,0.2092
seqneut25to26_sera_1037_d0,A/California/61/2025_H3N2,plate11-A/California/61/2025_H3N2,487,0.5388,0.5388
seqneut25to26_sera_1037_d0,A/California/61/2025_H3N2,plate11-A/California/61/2025_H3N2,1119,0.6371,0.6371
seqneut25to26_sera_1037_d0,A/California/61/2025_H3N2,plate11-A/California/61/2025_H3N2,2575,0.8052,0.8052
seqneut25to26_sera_1037_d0,A/California/61/2025_H3N2,plate11-A/California/61/2025_H3N2,5921,0.7818,0.7818
seqneut25to26_sera_1037_d0,A/California/61/2025_H3N2,plate11-A/California/61/2025_H3N2,1.362e+04,1.259,1
seqneut25to26_sera_1037_d0,A/California/63/2025_H1N1,plate11-A/California/63/2025_H1N1,40,0.3398,0.3398
seqneut25to26_sera_1037_d0,A/California/63/2025_H1N1,plate11-A/California/63/2025_H1N1,92,0.5477,0.5477
seqneut25to26_sera_1037_d0,A/California/63/2025_H1N1,plate11-A/California/63/2025_H1N1,212,0.8743,0.8743
seqneut25to26_sera_1037_d0,A/California/63/2025_H1N1,plate11-A/California/63/2025_H1N1,487,1.317,1
seqneut25to26_sera_1037_d0,A/California/63/2025_H1N1,plate11-A/California/63/2025_H1N1,1119,1.066,1
seqneut25to26_sera_1037_d0,A/California/63/2025_H1N1,plate11-A/California/63/2025_H1N1,2575,0.7772,0.7772
seqneut25to26_sera_1037_d0,A/California/63/2025_H1N1,plate11-A/California/63/2025_H1N1,5921,1.223,1
seqneut25to26_sera_1037_d0,A/California/63/2025_H1N1,plate11-A/California/63/2025_H1N1,1.362e+04,1.305,1
seqneut25to26_sera_1037_d0,A/Canberra/465/2025_H1N1,plate11-A/Canberra/465/2025_H1N1,40,0.3014,0.3014
seqneut25to26_sera_1037_d0,A/Canberra/465/2025_H1N1,plate11-A/Canberra/465/2025_H1N1,92,0.5194,0.5194
seqneut25to26_sera_1037_d0,A/Canberra/465/2025_H1N1,plate11-A/Canberra/465/2025_H1N1,212,0.715,0.715
seqneut25to26_sera_1037_d0,A/Canberra/465/2025_H1N1,plate11-A/Canberra/465/2025_H1N1,487,0.9952,0.9952
seqneut25to26_sera_1037_d0,A/Canberra/465/2025_H1N1,plate11-A/Canberra/465/2025_H1N1,1119,1.078,1
seqneut25to26_sera_1037_d0,A/Canberra/465/2025_H1N1,plate11-A/Canberra/465/2025_H1N1,2575,1.008,1
seqneut25to26_sera_1037_d0,A/Canberra/465/2025_H1N1,plate11-A/Canberra/465/2025_H1N1,5921,1.052,1
seqneut25to26_sera_1037_d0,A/Canberra/465/2025_H1N1,plate11-A/Canberra/465/2025_H1N1,1.362e+04,1.314,1
seqneut25to26_sera_1037_d0,A/Canberra/530/2025_H1N1,plate11-A/Canberra/530/2025_H1N1,40,0.2489,0.2489
seqneut25to26_sera_1037_d0,A/Canberra/530/2025_H1N1,plate11-A/Canberra/530/2025_H1N1,92,0.714,0.714
seqneut25to26_sera_1037_d0,A/Canberra/530/2025_H1N1,plate11-A/Canberra/530/2025_H1N1,212,0.6809,0.6809
seqneut25to26_sera_1037_d0,A/Canberra/530/2025_H1N1,plate11-A/Canberra/530/2025_H1N1,487,1.031,1
seqneut25to26_sera_1037_d0,A/Canberra/530/2025_H1N1,plate11-A/Canberra/530/2025_H1N1,1119,0.9403,0.9403
seqneut25to26_sera_1037_d0,A/Canberra/530/2025_H1N1,plate11-A/Canberra/530/2025_H1N1,2575,1.015,1
seqneut25to26_sera_1037_d0,A/Canberra/530/2025_H1N1,plate11-A/Canberra/530/2025_H1N1,5921,1.121,1
seqneut25to26_sera_1037_d0,A/Canberra/530/2025_H1N1,plate11-A/Canberra/530/2025_H1N1,1.362e+04,1.284,1
seqneut25to26_sera_1037_d0,A/Catalonia/NSVH102689455/2025_H1N1,plate11-A/Catalonia/NSVH102689455/2025_H1N1,40,0.3122,0.3122
seqneut25to26_sera_1037_d0,A/Catalonia/NSVH102689455/2025_H1N1,plate11-A/Catalonia/NSVH102689455/2025_H1N1,92,0.648,0.648
seqneut25to26_sera_1037_d0,A/Catalonia/NSVH102689455/2025_H1N1,plate11-A/Catalonia/NSVH102689455/2025_H1N1,212,0.7466,0.7466
seqneut25to26_sera_1037_d0,A/Catalonia/NSVH102689455/2025_H1N1,plate11-A/Catalonia/NSVH102689455/2025_H1N1,487,1.1,1
seqneut25to26_sera_1037_d0,A/Catalonia/NSVH102689455/2025_H1N1,plate11-A/Catalonia/NSVH102689455/2025_H1N1,1119,1.387,1
seqneut25to26_sera_1037_d0,A/Catalonia/NSVH102689455/2025_H1N1,plate11-A/Catalonia/NSVH102689455/2025_H1N1,2575,0.7792,0.7792
seqneut25to26_sera_1037_d0,A/Catalonia/NSVH102689455/2025_H1N1,plate11-A/Catalonia/NSVH102689455/2025_H1N1,5921,0.91,0.91
seqneut25to26_sera_1037_d0,A/Catalonia/NSVH102689455/2025_H1N1,plate11-A/Catalonia/NSVH102689455/2025_H1N1,1.362e+04,1.367,1
seqneut25to26_sera_1037_d0,A/Colorado/105/2025_H1N1,plate11-A/Colorado/105/2025_H1N1,40,0.3021,0.3021
seqneut25to26_sera_1037_d0,A/Colorado/105/2025_H1N1,plate11-A/Colorado/105/2025_H1N1,92,0.6506,0.6506
seqneut25to26_sera_1037_d0,A/Colorado/105/2025_H1N1,plate11-A/Colorado/105/2025_H1N1,212,1.047,1
seqneut25to26_sera_1037_d0,A/Colorado/105/2025_H1N1,plate11-A/Colorado/105/2025_H1N1,487,1.17,1
seqneut25to26_sera_1037_d0,A/Colorado/105/2025_H1N1,plate11-A/Colorado/105/2025_H1N1,1119,1.246,1
seqneut25to26_sera_1037_d0,A/Colorado/105/2025_H1N1,plate11-A/Colorado/105/2025_H1N1,2575,1.008,1
seqneut25to26_sera_1037_d0,A/Colorado/105/2025_H1N1,plate11-A/Colorado/105/2025_H1N1,5921,0.8018,0.8018
seqneut25to26_sera_1037_d0,A/Colorado/105/2025_H1N1,plate11-A/Colorado/105/2025_H1N1,1.362e+04,1.413,1
seqneut25to26_sera_1037_d0,A/CoteDIvoire/2007/2025_H1N1,plate11-A/CoteDIvoire/2007/2025_H1N1,40,0.2551,0.2551
seqneut25to26_sera_1037_d0,A/CoteDIvoire/2007/2025_H1N1,plate11-A/CoteDIvoire/2007/2025_H1N1,92,0.483,0.483
seqneut25to26_sera_1037_d0,A/CoteDIvoire/2007/2025_H1N1,plate11-A/CoteDIvoire/2007/2025_H1N1,212,0.7766,0.7766
seqneut25to26_sera_1037_d0,A/CoteDIvoire/2007/2025_H1N1,plate11-A/CoteDIvoire/2007/2025_H1N1,487,1.103,1
seqneut25to26_sera_1037_d0,A/CoteDIvoire/2007/2025_H1N1,plate11-A/CoteDIvoire/2007/2025_H1N1,1119,1.17,1
seqneut25to26_sera_1037_d0,A/CoteDIvoire/2007/2025_H1N1,plate11-A/CoteDIvoire/2007/2025_H1N1,2575,0.913,0.913
seqneut25to26_sera_1037_d0,A/CoteDIvoire/2007/2025_H1N1,plate11-A/CoteDIvoire/2007/2025_H1N1,5921,1.041,1
seqneut25to26_sera_1037_d0,A/CoteDIvoire/2007/2025_H1N1,plate11-A/CoteDIvoire/2007/2025_H1N1,1.362e+04,1.347,1
seqneut25to26_sera_1037_d0,A/Croatia/10136RV/2023-egg_H3N2,plate11-A/Croatia/10136RV/2023-egg_H3N2,40,0.001437,0.001437
seqneut25to26_sera_1037_d0,A/Croatia/10136RV/2023-egg_H3N2,plate11-A/Croatia/10136RV/2023-egg_H3N2,92,0.001593,0.001593
seqneut25to26_sera_1037_d0,A/Croatia/10136RV/2023-egg_H3N2,plate11-A/Croatia/10136RV/2023-egg_H3N2,212,0.00645,0.00645
seqneut25to26_sera_1037_d0,A/Croatia/10136RV/2023-egg_H3N2,plate11-A/Croatia/10136RV/2023-egg_H3N2,487,0.008879,0.008879
seqneut25to26_sera_1037_d0,A/Croatia/10136RV/2023-egg_H3N2,plate11-A/Croatia/10136RV/2023-egg_H3N2,1119,0.09712,0.09712
seqneut25to26_sera_1037_d0,A/Croatia/10136RV/2023-egg_H3N2,plate11-A/Croatia/10136RV/2023-egg_H3N2,2575,0.1538,0.1538
seqneut25to26_sera_1037_d0,A/Croatia/10136RV/2023-egg_H3N2,plate11-A/Croatia/10136RV/2023-egg_H3N2,5921,0.2577,0.2577
seqneut25to26_sera_1037_d0,A/Croatia/10136RV/2023-egg_H3N2,plate11-A/Croatia/10136RV/2023-egg_H3N2,1.362e+04,0.6745,0.6745
seqneut25to26_sera_1037_d0,A/Darwin/1405/2025_H1N1,plate11-A/Darwin/1405/2025_H1N1,40,0.2131,0.2131
seqneut25to26_sera_1037_d0,A/Darwin/1405/2025_H1N1,plate11-A/Darwin/1405/2025_H1N1,92,0.5108,0.5108
seqneut25to26_sera_1037_d0,A/Darwin/1405/2025_H1N1,plate11-A/Darwin/1405/2025_H1N1,212,0.7954,0.7954
seqneut25to26_sera_1037_d0,A/Darwin/1405/2025_H1N1,plate11-A/Darwin/1405/2025_H1N1,487,1.023,1
seqneut25to26_sera_1037_d0,A/Darwin/1405/2025_H1N1,plate11-A/Darwin/1405/2025_H1N1,1119,1.211,1
seqneut25to26_sera_1037_d0,A/Darwin/1405/2025_H1N1,plate11-A/Darwin/1405/2025_H1N1,2575,1.019,1
seqneut25to26_sera_1037_d0,A/Darwin/1405/2025_H1N1,plate11-A/Darwin/1405/2025_H1N1,5921,1.142,1
seqneut25to26_sera_1037_d0,A/Darwin/1405/2025_H1N1,plate11-A/Darwin/1405/2025_H1N1,1.362e+04,1.495,1
seqneut25to26_sera_1037_d0,A/Darwin/1461/2025_H3N2,plate11-A/Darwin/1461/2025_H3N2,40,0,0
seqneut25to26_sera_1037_d0,A/Darwin/1461/2025_H3N2,plate11-A/Darwin/1461/2025_H3N2,92,0,0
seqneut25to26_sera_1037_d0,A/Darwin/1461/2025_H3N2,plate11-A/Darwin/1461/2025_H3N2,212,0.0002378,0.0002378
seqneut25to26_sera_1037_d0,A/Darwin/1461/2025_H3N2,plate11-A/Darwin/1461/2025_H3N2,487,0.04675,0.04675
seqneut25to26_sera_1037_d0,A/Darwin/1461/2025_H3N2,plate11-A/Darwin/1461/2025_H3N2,1119,0.1236,0.1236
seqneut25to26_sera_1037_d0,A/Darwin/1461/2025_H3N2,plate11-A/Darwin/1461/2025_H3N2,2575,0.2804,0.2804
seqneut25to26_sera_1037_d0,A/Darwin/1461/2025_H3N2,plate11-A/Darwin/1461/2025_H3N2,5921,0.7434,0.7434
seqneut25to26_sera_1037_d0,A/Darwin/1461/2025_H3N2,plate11-A/Darwin/1461/2025_H3N2,1.362e+04,1.058,1
seqneut25to26_sera_1037_d0,A/Denmark/3070/2025_H1N1,plate11-A/Denmark/3070/2025_H1N1,40,0.3224,0.3224
seqneut25to26_sera_1037_d0,A/Denmark/3070/2025_H1N1,plate11-A/Denmark/3070/2025_H1N1,92,0.6483,0.6483
seqneut25to26_sera_1037_d0,A/Denmark/3070/2025_H1N1,plate11-A/Denmark/3070/2025_H1N1,212,0.8708,0.8708
seqneut25to26_sera_1037_d0,A/Denmark/3070/2025_H1N1,plate11-A/Denmark/3070/2025_H1N1,487,1.05,1
seqneut25to26_sera_1037_d0,A/Denmark/3070/2025_H1N1,plate11-A/Denmark/3070/2025_H1N1,1119,1.154,1
seqneut25to26_sera_1037_d0,A/Denmark/3070/2025_H1N1,plate11-A/Denmark/3070/2025_H1N1,2575,0.9874,0.9874
seqneut25to26_sera_1037_d0,A/Denmark/3070/2025_H1N1,plate11-A/Denmark/3070/2025_H1N1,5921,1.125,1
seqneut25to26_sera_1037_d0,A/Denmark/3070/2025_H1N1,plate11-A/Denmark/3070/2025_H1N1,1.362e+04,1.365,1
seqneut25to26_sera_1037_d0,A/DistrictOfColumbia/27/2023_H3N2,plate11-A/DistrictOfColumbia/27/2023_H3N2,40,6.207e-05,6.207e-05
seqneut25to26_sera_1037_d0,A/DistrictOfColumbia/27/2023_H3N2,plate11-A/DistrictOfColumbia/27/2023_H3N2,92,0.000172,0.000172
seqneut25to26_sera_1037_d0,A/DistrictOfColumbia/27/2023_H3N2,plate11-A/DistrictOfColumbia/27/2023_H3N2,212,0.003184,0.003184
seqneut25to26_sera_1037_d0,A/DistrictOfColumbia/27/2023_H3N2,plate11-A/DistrictOfColumbia/27/2023_H3N2,487,0.05113,0.05113
seqneut25to26_sera_1037_d0,A/DistrictOfColumbia/27/2023_H3N2,plate11-A/DistrictOfColumbia/27/2023_H3N2,1119,0.1702,0.1702
seqneut25to26_sera_1037_d0,A/DistrictOfColumbia/27/2023_H3N2,plate11-A/DistrictOfColumbia/27/2023_H3N2,2575,0.516,0.516
seqneut25to26_sera_1037_d0,A/DistrictOfColumbia/27/2023_H3N2,plate11-A/DistrictOfColumbia/27/2023_H3N2,5921,0.7555,0.7555
seqneut25to26_sera_1037_d0,A/DistrictOfColumbia/27/2023_H3N2,plate11-A/DistrictOfColumbia/27/2023_H3N2,1.362e+04,0.9464,0.9464
seqneut25to26_sera_1037_d0,A/DistrictOfColumbia/57/2025_H3N2,plate11-A/DistrictOfColumbia/57/2025_H3N2,40,0.04948,0.04948
seqneut25to26_sera_1037_d0,A/DistrictOfColumbia/57/2025_H3N2,plate11-A/DistrictOfColumbia/57/2025_H3N2,92,0.2413,0.2413
seqneut25to26_sera_1037_d0,A/DistrictOfColumbia/57/2025_H3N2,plate11-A/DistrictOfColumbia/57/2025_H3N2,212,0.351,0.351
seqneut25to26_sera_1037_d0,A/DistrictOfColumbia/57/2025_H3N2,plate11-A/DistrictOfColumbia/57/2025_H3N2,487,0.6343,0.6343
seqneut25to26_sera_1037_d0,A/DistrictOfColumbia/57/2025_H3N2,plate11-A/DistrictOfColumbia/57/2025_H3N2,1119,0.7946,0.7946
seqneut25to26_sera_1037_d0,A/DistrictOfColumbia/57/2025_H3N2,plate11-A/DistrictOfColumbia/57/2025_H3N2,2575,0.6287,0.6287
seqneut25to26_sera_1037_d0,A/DistrictOfColumbia/57/2025_H3N2,plate11-A/DistrictOfColumbia/57/2025_H3N2,5921,0.7797,0.7797
seqneut25to26_sera_1037_d0,A/DistrictOfColumbia/57/2025_H3N2,plate11-A/DistrictOfColumbia/57/2025_H3N2,1.362e+04,0.9953,0.9953
seqneut25to26_sera_1037_d0,A/DistritoFederal/250106000728/2025_H3N2,plate11-A/DistritoFederal/250106000728/2025_H3N2,40,0.01388,0.01388
seqneut25to26_sera_1037_d0,A/DistritoFederal/250106000728/2025_H3N2,plate11-A/DistritoFederal/250106000728/2025_H3N2,92,0.1137,0.1137
seqneut25to26_sera_1037_d0,A/DistritoFederal/250106000728/2025_H3N2,plate11-A/DistritoFederal/250106000728/2025_H3N2,212,0.2336,0.2336
seqneut25to26_sera_1037_d0,A/DistritoFederal/250106000728/2025_H3N2,plate11-A/DistritoFederal/250106000728/2025_H3N2,487,0.394,0.394
seqneut25to26_sera_1037_d0,A/DistritoFederal/250106000728/2025_H3N2,plate11-A/DistritoFederal/250106000728/2025_H3N2,1119,0.7137,0.7137
seqneut25to26_sera_1037_d0,A/DistritoFederal/250106000728/2025_H3N2,plate11-A/DistritoFederal/250106000728/2025_H3N2,2575,0.6931,0.6931
seqneut25to26_sera_1037_d0,A/DistritoFederal/250106000728/2025_H3N2,plate11-A/DistritoFederal/250106000728/2025_H3N2,5921,0.8467,0.8467
seqneut25to26_sera_1037_d0,A/DistritoFederal/250106000728/2025_H3N2,plate11-A/DistritoFederal/250106000728/2025_H3N2,1.362e+04,0.9814,0.9814
seqneut25to26_sera_1037_d0,A/DistritoFederal/2578578201/2025_H3N2,plate11-A/DistritoFederal/2578578201/2025_H3N2,40,0.001465,0.001465
seqneut25to26_sera_1037_d0,A/DistritoFederal/2578578201/2025_H3N2,plate11-A/DistritoFederal/2578578201/2025_H3N2,92,0.05753,0.05753
seqneut25to26_sera_1037_d0,A/DistritoFederal/2578578201/2025_H3N2,plate11-A/DistritoFederal/2578578201/2025_H3N2,212,0.1461,0.1461
seqneut25to26_sera_1037_d0,A/DistritoFederal/2578578201/2025_H3N2,plate11-A/DistritoFederal/2578578201/2025_H3N2,487,0.5119,0.5119
seqneut25to26_sera_1037_d0,A/DistritoFederal/2578578201/2025_H3N2,plate11-A/DistritoFederal/2578578201/2025_H3N2,1119,0.7439,0.7439
seqneut25to26_sera_1037_d0,A/DistritoFederal/2578578201/2025_H3N2,plate11-A/DistritoFederal/2578578201/2025_H3N2,2575,0.8237,0.8237
seqneut25to26_sera_1037_d0,A/DistritoFederal/2578578201/2025_H3N2,plate11-A/DistritoFederal/2578578201/2025_H3N2,5921,0.9289,0.9289
seqneut25to26_sera_1037_d0,A/DistritoFederal/2578578201/2025_H3N2,plate11-A/DistritoFederal/2578578201/2025_H3N2,1.362e+04,1.284,1
seqneut25to26_sera_1037_d0,A/England/174/2025_H3N2,plate11-A/England/174/2025_H3N2,40,0,0
seqneut25to26_sera_1037_d0,A/England/174/2025_H3N2,plate11-A/England/174/2025_H3N2,92,0,0
seqneut25to26_sera_1037_d0,A/England/174/2025_H3N2,plate11-A/England/174/2025_H3N2,212,0.001739,0.001739
seqneut25to26_sera_1037_d0,A/England/174/2025_H3N2,plate11-A/England/174/2025_H3N2,487,0.1769,0.1769
seqneut25to26_sera_1037_d0,A/England/174/2025_H3N2,plate11-A/England/174/2025_H3N2,1119,0.1573,0.1573
seqneut25to26_sera_1037_d0,A/England/174/2025_H3N2,plate11-A/England/174/2025_H3N2,2575,0.3996,0.3996
seqneut25to26_sera_1037_d0,A/England/174/2025_H3N2,plate11-A/England/174/2025_H3N2,5921,0.789,0.789
seqneut25to26_sera_1037_d0,A/England/174/2025_H3N2,plate11-A/England/174/2025_H3N2,1.362e+04,1.174,1
seqneut25to26_sera_1037_d0,A/England/1822256/2025_H1N1,plate11-A/England/1822256/2025_H1N1,40,0.1978,0.1978
seqneut25to26_sera_1037_d0,A/England/1822256/2025_H1N1,plate11-A/England/1822256/2025_H1N1,92,0.5052,0.5052
seqneut25to26_sera_1037_d0,A/England/1822256/2025_H1N1,plate11-A/England/1822256/2025_H1N1,212,0.7918,0.7918
seqneut25to26_sera_1037_d0,A/England/1822256/2025_H1N1,plate11-A/England/1822256/2025_H1N1,487,1.114,1
seqneut25to26_sera_1037_d0,A/England/1822256/2025_H1N1,plate11-A/England/1822256/2025_H1N1,1119,1.187,1
seqneut25to26_sera_1037_d0,A/England/1822256/2025_H1N1,plate11-A/England/1822256/2025_H1N1,2575,1.079,1
seqneut25to26_sera_1037_d0,A/England/1822256/2025_H1N1,plate11-A/England/1822256/2025_H1N1,5921,1.088,1
seqneut25to26_sera_1037_d0,A/England/1822256/2025_H1N1,plate11-A/England/1822256/2025_H1N1,1.362e+04,1.223,1
seqneut25to26_sera_1037_d0,A/England/1837734/2025_H3N2,plate11-A/England/1837734/2025_H3N2,40,0.04807,0.04807
seqneut25to26_sera_1037_d0,A/England/1837734/2025_H3N2,plate11-A/England/1837734/2025_H3N2,92,0.1233,0.1233
seqneut25to26_sera_1037_d0,A/England/1837734/2025_H3N2,plate11-A/England/1837734/2025_H3N2,212,0.5415,0.5415
seqneut25to26_sera_1037_d0,A/England/1837734/2025_H3N2,plate11-A/England/1837734/2025_H3N2,487,0.5941,0.5941
seqneut25to26_sera_1037_d0,A/England/1837734/2025_H3N2,plate11-A/England/1837734/2025_H3N2,1119,0.9152,0.9152
seqneut25to26_sera_1037_d0,A/England/1837734/2025_H3N2,plate11-A/England/1837734/2025_H3N2,2575,1.072,1
seqneut25to26_sera_1037_d0,A/England/1837734/2025_H3N2,plate11-A/England/1837734/2025_H3N2,5921,0.8534,0.8534
seqneut25to26_sera_1037_d0,A/England/1837734/2025_H3N2,plate11-A/England/1837734/2025_H3N2,1.362e+04,1.415,1
seqneut25to26_sera_1037_d0,A/England/1837737/2025_H3N2,plate11-A/England/1837737/2025_H3N2,40,0.01621,0.01621
seqneut25to26_sera_1037_d0,A/England/1837737/2025_H3N2,plate11-A/England/1837737/2025_H3N2,92,0.1103,0.1103
seqneut25to26_sera_1037_d0,A/England/1837737/2025_H3N2,plate11-A/England/1837737/2025_H3N2,212,0.1578,0.1578
seqneut25to26_sera_1037_d0,A/England/1837737/2025_H3N2,plate11-A/England/1837737/2025_H3N2,487,0.3973,0.3973
seqneut25to26_sera_1037_d0,A/England/1837737/2025_H3N2,plate11-A/England/1837737/2025_H3N2,1119,0.6065,0.6065
seqneut25to26_sera_1037_d0,A/England/1837737/2025_H3N2,plate11-A/England/1837737/2025_H3N2,2575,0.8052,0.8052
seqneut25to26_sera_1037_d0,A/England/1837737/2025_H3N2,plate11-A/England/1837737/2025_H3N2,5921,0.9405,0.9405
seqneut25to26_sera_1037_d0,A/England/1837737/2025_H3N2,plate11-A/England/1837737/2025_H3N2,1.362e+04,1.107,1
seqneut25to26_sera_1037_d0,A/France/ARA-HCL025155099501/2025_H1N1,plate11-A/France/ARA-HCL025155099501/2025_H1N1,40,0.3792,0.3792
seqneut25to26_sera_1037_d0,A/France/ARA-HCL025155099501/2025_H1N1,plate11-A/France/ARA-HCL025155099501/2025_H1N1,92,0.5963,0.5963
seqneut25to26_sera_1037_d0,A/France/ARA-HCL025155099501/2025_H1N1,plate11-A/France/ARA-HCL025155099501/2025_H1N1,212,0.8014,0.8014
seqneut25to26_sera_1037_d0,A/France/ARA-HCL025155099501/2025_H1N1,plate11-A/France/ARA-HCL025155099501/2025_H1N1,487,1.228,1
seqneut25to26_sera_1037_d0,A/France/ARA-HCL025155099501/2025_H1N1,plate11-A/France/ARA-HCL025155099501/2025_H1N1,1119,1.075,1
seqneut25to26_sera_1037_d0,A/France/ARA-HCL025155099501/2025_H1N1,plate11-A/France/ARA-HCL025155099501/2025_H1N1,2575,0.9821,0.9821
seqneut25to26_sera_1037_d0,A/France/ARA-HCL025155099501/2025_H1N1,plate11-A/France/ARA-HCL025155099501/2025_H1N1,5921,0.9874,0.9874
seqneut25to26_sera_1037_d0,A/France/ARA-HCL025155099501/2025_H1N1,plate11-A/France/ARA-HCL025155099501/2025_H1N1,1.362e+04,1.495,1
seqneut25to26_sera_1037_d0,A/Galicia/GA-CHUAC-451/2025_H3N2,plate11-A/Galicia/GA-CHUAC-451/2025_H3N2,40,8.802e-05,8.802e-05
seqneut25to26_sera_1037_d0,A/Galicia/GA-CHUAC-451/2025_H3N2,plate11-A/Galicia/GA-CHUAC-451/2025_H3N2,92,0.0003658,0.0003658
seqneut25to26_sera_1037_d0,A/Galicia/GA-CHUAC-451/2025_H3N2,plate11-A/Galicia/GA-CHUAC-451/2025_H3N2,212,0.002187,0.002187
seqneut25to26_sera_1037_d0,A/Galicia/GA-CHUAC-451/2025_H3N2,plate11-A/Galicia/GA-CHUAC-451/2025_H3N2,487,0.08122,0.08122
seqneut25to26_sera_1037_d0,A/Galicia/GA-CHUAC-451/2025_H3N2,plate11-A/Galicia/GA-CHUAC-451/2025_H3N2,1119,0.3644,0.3644
seqneut25to26_sera_1037_d0,A/Galicia/GA-CHUAC-451/2025_H3N2,plate11-A/Galicia/GA-CHUAC-451/2025_H3N2,2575,0.5915,0.5915
seqneut25to26_sera_1037_d0,A/Galicia/GA-CHUAC-451/2025_H3N2,plate11-A/Galicia/GA-CHUAC-451/2025_H3N2,5921,0.8578,0.8578
seqneut25to26_sera_1037_d0,A/Galicia/GA-CHUAC-451/2025_H3N2,plate11-A/Galicia/GA-CHUAC-451/2025_H3N2,1.362e+04,1.344,1
seqneut25to26_sera_1037_d0,A/Ghana/ARI-25-1125/2025_H1N1,plate11-A/Ghana/ARI-25-1125/2025_H1N1,40,0.1127,0.1127
seqneut25to26_sera_1037_d0,A/Ghana/ARI-25-1125/2025_H1N1,plate11-A/Ghana/ARI-25-1125/2025_H1N1,92,0.4249,0.4249
seqneut25to26_sera_1037_d0,A/Ghana/ARI-25-1125/2025_H1N1,plate11-A/Ghana/ARI-25-1125/2025_H1N1,212,0.6752,0.6752
seqneut25to26_sera_1037_d0,A/Ghana/ARI-25-1125/2025_H1N1,plate11-A/Ghana/ARI-25-1125/2025_H1N1,487,1.014,1
seqneut25to26_sera_1037_d0,A/Ghana/ARI-25-1125/2025_H1N1,plate11-A/Ghana/ARI-25-1125/2025_H1N1,1119,1.379,1
seqneut25to26_sera_1037_d0,A/Ghana/ARI-25-1125/2025_H1N1,plate11-A/Ghana/ARI-25-1125/2025_H1N1,2575,0.9821,0.9821
seqneut25to26_sera_1037_d0,A/Ghana/ARI-25-1125/2025_H1N1,plate11-A/Ghana/ARI-25-1125/2025_H1N1,5921,0.9742,0.9742
seqneut25to26_sera_1037_d0,A/Ghana/ARI-25-1125/2025_H1N1,plate11-A/Ghana/ARI-25-1125/2025_H1N1,1.362e+04,1.207,1
seqneut25to26_sera_1037_d0,A/Ghana/FS-25-7077/2025_H3N2,plate11-A/Ghana/FS-25-7077/2025_H3N2,40,0.09528,0.09528
seqneut25to26_sera_1037_d0,A/Ghana/FS-25-7077/2025_H3N2,plate11-A/Ghana/FS-25-7077/2025_H3N2,92,0.1803,0.1803
seqneut25to26_sera_1037_d0,A/Ghana/FS-25-7077/2025_H3N2,plate11-A/Ghana/FS-25-7077/2025_H3N2,212,0.4804,0.4804
seqneut25to26_sera_1037_d0,A/Ghana/FS-25-7077/2025_H3N2,plate11-A/Ghana/FS-25-7077/2025_H3N2,487,0.8384,0.8384
seqneut25to26_sera_1037_d0,A/Ghana/FS-25-7077/2025_H3N2,plate11-A/Ghana/FS-25-7077/2025_H3N2,1119,1.247,1
seqneut25to26_sera_1037_d0,A/Ghana/FS-25-7077/2025_H3N2,plate11-A/Ghana/FS-25-7077/2025_H3N2,2575,0.8096,0.8096
seqneut25to26_sera_1037_d0,A/Ghana/FS-25-7077/2025_H3N2,plate11-A/Ghana/FS-25-7077/2025_H3N2,5921,0.8481,0.8481
seqneut25to26_sera_1037_d0,A/Ghana/FS-25-7077/2025_H3N2,plate11-A/Ghana/FS-25-7077/2025_H3N2,1.362e+04,1.335,1
seqneut25to26_sera_1037_d0,A/Guangdong-Maonan/11438/2025_H3N2,plate11-A/Guangdong-Maonan/11438/2025_H3N2,40,0,0
seqneut25to26_sera_1037_d0,A/Guangdong-Maonan/11438/2025_H3N2,plate11-A/Guangdong-Maonan/11438/2025_H3N2,92,0,0
seqneut25to26_sera_1037_d0,A/Guangdong-Maonan/11438/2025_H3N2,plate11-A/Guangdong-Maonan/11438/2025_H3N2,212,0,0
seqneut25to26_sera_1037_d0,A/Guangdong-Maonan/11438/2025_H3N2,plate11-A/Guangdong-Maonan/11438/2025_H3N2,487,0.08826,0.08826
seqneut25to26_sera_1037_d0,A/Guangdong-Maonan/11438/2025_H3N2,plate11-A/Guangdong-Maonan/11438/2025_H3N2,1119,0.2451,0.2451
seqneut25to26_sera_1037_d0,A/Guangdong-Maonan/11438/2025_H3N2,plate11-A/Guangdong-Maonan/11438/2025_H3N2,2575,0.5603,0.5603
seqneut25to26_sera_1037_d0,A/Guangdong-Maonan/11438/2025_H3N2,plate11-A/Guangdong-Maonan/11438/2025_H3N2,5921,1.01,1
seqneut25to26_sera_1037_d0,A/Guangdong-Maonan/11438/2025_H3N2,plate11-A/Guangdong-Maonan/11438/2025_H3N2,1.362e+04,1.167,1
seqneut25to26_sera_1037_d0,A/Guangdong-Meijiang/11256/2025_H3N2,plate11-A/Guangdong-Meijiang/11256/2025_H3N2,40,0,0
seqneut25to26_sera_1037_d0,A/Guangdong-Meijiang/11256/2025_H3N2,plate11-A/Guangdong-Meijiang/11256/2025_H3N2,92,0,0
seqneut25to26_sera_1037_d0,A/Guangdong-Meijiang/11256/2025_H3N2,plate11-A/Guangdong-Meijiang/11256/2025_H3N2,212,0.0008388,0.0008388
seqneut25to26_sera_1037_d0,A/Guangdong-Meijiang/11256/2025_H3N2,plate11-A/Guangdong-Meijiang/11256/2025_H3N2,487,0.04427,0.04427
seqneut25to26_sera_1037_d0,A/Guangdong-Meijiang/11256/2025_H3N2,plate11-A/Guangdong-Meijiang/11256/2025_H3N2,1119,0.229,0.229
seqneut25to26_sera_1037_d0,A/Guangdong-Meijiang/11256/2025_H3N2,plate11-A/Guangdong-Meijiang/11256/2025_H3N2,2575,0.3826,0.3826
seqneut25to26_sera_1037_d0,A/Guangdong-Meijiang/11256/2025_H3N2,plate11-A/Guangdong-Meijiang/11256/2025_H3N2,5921,0.6459,0.6459
seqneut25to26_sera_1037_d0,A/Guangdong-Meijiang/11256/2025_H3N2,plate11-A/Guangdong-Meijiang/11256/2025_H3N2,1.362e+04,1.072,1
seqneut25to26_sera_1037_d0,A/Guangxi-Daxin/1643/2025_H3N2,plate11-A/Guangxi-Daxin/1643/2025_H3N2,40,0,0
seqneut25to26_sera_1037_d0,A/Guangxi-Daxin/1643/2025_H3N2,plate11-A/Guangxi-Daxin/1643/2025_H3N2,92,0,0
seqneut25to26_sera_1037_d0,A/Guangxi-Daxin/1643/2025_H3N2,plate11-A/Guangxi-Daxin/1643/2025_H3N2,212,0.007583,0.007583
seqneut25to26_sera_1037_d0,A/Guangxi-Daxin/1643/2025_H3N2,plate11-A/Guangxi-Daxin/1643/2025_H3N2,487,0.07521,0.07521
seqneut25to26_sera_1037_d0,A/Guangxi-Daxin/1643/2025_H3N2,plate11-A/Guangxi-Daxin/1643/2025_H3N2,1119,0.2566,0.2566
seqneut25to26_sera_1037_d0,A/Guangxi-Daxin/1643/2025_H3N2,plate11-A/Guangxi-Daxin/1643/2025_H3N2,2575,0.6463,0.6463
seqneut25to26_sera_1037_d0,A/Guangxi-Daxin/1643/2025_H3N2,plate11-A/Guangxi-Daxin/1643/2025_H3N2,5921,0.8917,0.8917
seqneut25to26_sera_1037_d0,A/Guangxi-Daxin/1643/2025_H3N2,plate11-A/Guangxi-Daxin/1643/2025_H3N2,1.362e+04,0.9017,0.9017
seqneut25to26_sera_1037_d0,A/Guangxi-Qingxiu/SWL11742/2025_H1N1,plate11-A/Guangxi-Qingxiu/SWL11742/2025_H1N1,40,0.2079,0.2079
seqneut25to26_sera_1037_d0,A/Guangxi-Qingxiu/SWL11742/2025_H1N1,plate11-A/Guangxi-Qingxiu/SWL11742/2025_H1N1,92,0.5241,0.5241
seqneut25to26_sera_1037_d0,A/Guangxi-Qingxiu/SWL11742/2025_H1N1,plate11-A/Guangxi-Qingxiu/SWL11742/2025_H1N1,212,0.6728,0.6728
seqneut25to26_sera_1037_d0,A/Guangxi-Qingxiu/SWL11742/2025_H1N1,plate11-A/Guangxi-Qingxiu/SWL11742/2025_H1N1,487,1.016,1
seqneut25to26_sera_1037_d0,A/Guangxi-Qingxiu/SWL11742/2025_H1N1,plate11-A/Guangxi-Qingxiu/SWL11742/2025_H1N1,1119,1.141,1
seqneut25to26_sera_1037_d0,A/Guangxi-Qingxiu/SWL11742/2025_H1N1,plate11-A/Guangxi-Qingxiu/SWL11742/2025_H1N1,2575,1,1
seqneut25to26_sera_1037_d0,A/Guangxi-Qingxiu/SWL11742/2025_H1N1,plate11-A/Guangxi-Qingxiu/SWL11742/2025_H1N1,5921,0.9641,0.9641
seqneut25to26_sera_1037_d0,A/Guangxi-Qingxiu/SWL11742/2025_H1N1,plate11-A/Guangxi-Qingxiu/SWL11742/2025_H1N1,1.362e+04,1.273,1
seqneut25to26_sera_1037_d0,A/Hawaii/44/2025_H1N1,plate11-A/Hawaii/44/2025_H1N1,40,0.4112,0.4112
seqneut25to26_sera_1037_d0,A/Hawaii/44/2025_H1N1,plate11-A/Hawaii/44/2025_H1N1,92,0.7164,0.7164
seqneut25to26_sera_1037_d0,A/Hawaii/44/2025_H1N1,plate11-A/Hawaii/44/2025_H1N1,212,0.8066,0.8066
seqneut25to26_sera_1037_d0,A/Hawaii/44/2025_H1N1,plate11-A/Hawaii/44/2025_H1N1,487,1.066,1
seqneut25to26_sera_1037_d0,A/Hawaii/44/2025_H1N1,plate11-A/Hawaii/44/2025_H1N1,1119,1.102,1
seqneut25to26_sera_1037_d0,A/Hawaii/44/2025_H1N1,plate11-A/Hawaii/44/2025_H1N1,2575,0.9653,0.9653
seqneut25to26_sera_1037_d0,A/Hawaii/44/2025_H1N1,plate11-A/Hawaii/44/2025_H1N1,5921,0.9596,0.9596
seqneut25to26_sera_1037_d0,A/Hawaii/44/2025_H1N1,plate11-A/Hawaii/44/2025_H1N1,1.362e+04,1.268,1
seqneut25to26_sera_1037_d0,A/Hawaii/70/2019_H1N1,plate11-A/Hawaii/70/2019_H1N1,40,0.000101,0.000101
seqneut25to26_sera_1037_d0,A/Hawaii/70/2019_H1N1,plate11-A/Hawaii/70/2019_H1N1,92,0.03135,0.03135
seqneut25to26_sera_1037_d0,A/Hawaii/70/2019_H1N1,plate11-A/Hawaii/70/2019_H1N1,212,0.2034,0.2034
seqneut25to26_sera_1037_d0,A/Hawaii/70/2019_H1N1,plate11-A/Hawaii/70/2019_H1N1,487,0.683,0.683
seqneut25to26_sera_1037_d0,A/Hawaii/70/2019_H1N1,plate11-A/Hawaii/70/2019_H1N1,1119,0.8478,0.8478
seqneut25to26_sera_1037_d0,A/Hawaii/70/2019_H1N1,plate11-A/Hawaii/70/2019_H1N1,2575,0.8853,0.8853
seqneut25to26_sera_1037_d0,A/Hawaii/70/2019_H1N1,plate11-A/Hawaii/70/2019_H1N1,5921,1.051,1
seqneut25to26_sera_1037_d0,A/Hawaii/70/2019_H1N1,plate11-A/Hawaii/70/2019_H1N1,1.362e+04,1.323,1
seqneut25to26_sera_1037_d0,A/HongKong/1257/2025_H3N2,plate11-A/HongKong/1257/2025_H3N2,40,0,0
seqneut25to26_sera_1037_d0,A/HongKong/1257/2025_H3N2,plate11-A/HongKong/1257/2025_H3N2,92,0,0
seqneut25to26_sera_1037_d0,A/HongKong/1257/2025_H3N2,plate11-A/HongKong/1257/2025_H3N2,212,0.004339,0.004339
seqneut25to26_sera_1037_d0,A/HongKong/1257/2025_H3N2,plate11-A/HongKong/1257/2025_H3N2,487,0.03799,0.03799
seqneut25to26_sera_1037_d0,A/HongKong/1257/2025_H3N2,plate11-A/HongKong/1257/2025_H3N2,1119,0.2835,0.2835
seqneut25to26_sera_1037_d0,A/HongKong/1257/2025_H3N2,plate11-A/HongKong/1257/2025_H3N2,2575,0.5592,0.5592
seqneut25to26_sera_1037_d0,A/HongKong/1257/2025_H3N2,plate11-A/HongKong/1257/2025_H3N2,5921,0.6387,0.6387
seqneut25to26_sera_1037_d0,A/HongKong/1257/2025_H3N2,plate11-A/HongKong/1257/2025_H3N2,1.362e+04,0.9752,0.9752
seqneut25to26_sera_1037_d0,A/HongKong/1382/2025_H3N2,plate11-A/HongKong/1382/2025_H3N2,40,0.02407,0.02407
seqneut25to26_sera_1037_d0,A/HongKong/1382/2025_H3N2,plate11-A/HongKong/1382/2025_H3N2,92,0.1998,0.1998
seqneut25to26_sera_1037_d0,A/HongKong/1382/2025_H3N2,plate11-A/HongKong/1382/2025_H3N2,212,0.3706,0.3706
seqneut25to26_sera_1037_d0,A/HongKong/1382/2025_H3N2,plate11-A/HongKong/1382/2025_H3N2,487,0.3345,0.3345
seqneut25to26_sera_1037_d0,A/HongKong/1382/2025_H3N2,plate11-A/HongKong/1382/2025_H3N2,1119,0.5255,0.5255
seqneut25to26_sera_1037_d0,A/HongKong/1382/2025_H3N2,plate11-A/HongKong/1382/2025_H3N2,2575,0.7752,0.7752
seqneut25to26_sera_1037_d0,A/HongKong/1382/2025_H3N2,plate11-A/HongKong/1382/2025_H3N2,5921,0.8709,0.8709
seqneut25to26_sera_1037_d0,A/HongKong/1382/2025_H3N2,plate11-A/HongKong/1382/2025_H3N2,1.362e+04,1.022,1
seqneut25to26_sera_1037_d0,A/Indonesia/BIOKES-I-BT074/2025_H3N2,plate11-A/Indonesia/BIOKES-I-BT074/2025_H3N2,40,0,0
seqneut25to26_sera_1037_d0,A/Indonesia/BIOKES-I-BT074/2025_H3N2,plate11-A/Indonesia/BIOKES-I-BT074/2025_H3N2,92,0,0
seqneut25to26_sera_1037_d0,A/Indonesia/BIOKES-I-BT074/2025_H3N2,plate11-A/Indonesia/BIOKES-I-BT074/2025_H3N2,212,0.0008995,0.0008995
seqneut25to26_sera_1037_d0,A/Indonesia/BIOKES-I-BT074/2025_H3N2,plate11-A/Indonesia/BIOKES-I-BT074/2025_H3N2,487,0.02847,0.02847
seqneut25to26_sera_1037_d0,A/Indonesia/BIOKES-I-BT074/2025_H3N2,plate11-A/Indonesia/BIOKES-I-BT074/2025_H3N2,1119,0.3315,0.3315
seqneut25to26_sera_1037_d0,A/Indonesia/BIOKES-I-BT074/2025_H3N2,plate11-A/Indonesia/BIOKES-I-BT074/2025_H3N2,2575,0.6837,0.6837
seqneut25to26_sera_1037_d0,A/Indonesia/BIOKES-I-BT074/2025_H3N2,plate11-A/Indonesia/BIOKES-I-BT074/2025_H3N2,5921,0.7643,0.7643
seqneut25to26_sera_1037_d0,A/Indonesia/BIOKES-I-BT074/2025_H3N2,plate11-A/Indonesia/BIOKES-I-BT074/2025_H3N2,1.362e+04,1.14,1
seqneut25to26_sera_1037_d0,A/Indonesia/BIOKES-INAD491/2025_H3N2,plate11-A/Indonesia/BIOKES-INAD491/2025_H3N2,40,0,0
seqneut25to26_sera_1037_d0,A/Indonesia/BIOKES-INAD491/2025_H3N2,plate11-A/Indonesia/BIOKES-INAD491/2025_H3N2,92,0,0
seqneut25to26_sera_1037_d0,A/Indonesia/BIOKES-INAD491/2025_H3N2,plate11-A/Indonesia/BIOKES-INAD491/2025_H3N2,212,0.00595,0.00595
seqneut25to26_sera_1037_d0,A/Indonesia/BIOKES-INAD491/2025_H3N2,plate11-A/Indonesia/BIOKES-INAD491/2025_H3N2,487,0.09174,0.09174
seqneut25to26_sera_1037_d0,A/Indonesia/BIOKES-INAD491/2025_H3N2,plate11-A/Indonesia/BIOKES-INAD491/2025_H3N2,1119,0.2487,0.2487
seqneut25to26_sera_1037_d0,A/Indonesia/BIOKES-INAD491/2025_H3N2,plate11-A/Indonesia/BIOKES-INAD491/2025_H3N2,2575,0.517,0.517
seqneut25to26_sera_1037_d0,A/Indonesia/BIOKES-INAD491/2025_H3N2,plate11-A/Indonesia/BIOKES-INAD491/2025_H3N2,5921,0.8509,0.8509
seqneut25to26_sera_1037_d0,A/Indonesia/BIOKES-INAD491/2025_H3N2,plate11-A/Indonesia/BIOKES-INAD491/2025_H3N2,1.362e+04,1.1,1
seqneut25to26_sera_1037_d0,A/Lao/820-2750/2025_H3N2,plate11-A/Lao/820-2750/2025_H3N2,40,0,0
seqneut25to26_sera_1037_d0,A/Lao/820-2750/2025_H3N2,plate11-A/Lao/820-2750/2025_H3N2,92,0.001274,0.001274
seqneut25to26_sera_1037_d0,A/Lao/820-2750/2025_H3N2,plate11-A/Lao/820-2750/2025_H3N2,212,0.0004019,0.0004019
seqneut25to26_sera_1037_d0,A/Lao/820-2750/2025_H3N2,plate11-A/Lao/820-2750/2025_H3N2,487,0.01515,0.01515
seqneut25to26_sera_1037_d0,A/Lao/820-2750/2025_H3N2,plate11-A/Lao/820-2750/2025_H3N2,1119,0.4864,0.4864
seqneut25to26_sera_1037_d0,A/Lao/820-2750/2025_H3N2,plate11-A/Lao/820-2750/2025_H3N2,2575,0.4775,0.4775
seqneut25to26_sera_1037_d0,A/Lao/820-2750/2025_H3N2,plate11-A/Lao/820-2750/2025_H3N2,5921,0.8455,0.8455
seqneut25to26_sera_1037_d0,A/Lao/820-2750/2025_H3N2,plate11-A/Lao/820-2750/2025_H3N2,1.362e+04,1.02,1
seqneut25to26_sera_1037_d0,A/Malaysia/IMR/SARI/2028/2025_H3N2,plate11-A/Malaysia/IMR/SARI/2028/2025_H3N2,40,4.011e-05,4.011e-05
seqneut25to26_sera_1037_d0,A/Malaysia/IMR/SARI/2028/2025_H3N2,plate11-A/Malaysia/IMR/SARI/2028/2025_H3N2,92,0,0
seqneut25to26_sera_1037_d0,A/Malaysia/IMR/SARI/2028/2025_H3N2,plate11-A/Malaysia/IMR/SARI/2028/2025_H3N2,212,0.0005786,0.0005786
seqneut25to26_sera_1037_d0,A/Malaysia/IMR/SARI/2028/2025_H3N2,plate11-A/Malaysia/IMR/SARI/2028/2025_H3N2,487,0.05832,0.05832
seqneut25to26_sera_1037_d0,A/Malaysia/IMR/SARI/2028/2025_H3N2,plate11-A/Malaysia/IMR/SARI/2028/2025_H3N2,1119,0.1832,0.1832
seqneut25to26_sera_1037_d0,A/Malaysia/IMR/SARI/2028/2025_H3N2,plate11-A/Malaysia/IMR/SARI/2028/2025_H3N2,2575,0.4747,0.4747
seqneut25to26_sera_1037_d0,A/Malaysia/IMR/SARI/2028/2025_H3N2,plate11-A/Malaysia/IMR/SARI/2028/2025_H3N2,5921,0.7348,0.7348
seqneut25to26_sera_1037_d0,A/Malaysia/IMR/SARI/2028/2025_H3N2,plate11-A/Malaysia/IMR/SARI/2028/2025_H3N2,1.362e+04,1.122,1
seqneut25to26_sera_1037_d0,A/Malaysia/IMR/SARI/2406/2025_H3N2,plate11-A/Malaysia/IMR/SARI/2406/2025_H3N2,40,0.1094,0.1094
seqneut25to26_sera_1037_d0,A/Malaysia/IMR/SARI/2406/2025_H3N2,plate11-A/Malaysia/IMR/SARI/2406/2025_H3N2,92,0.2007,0.2007
seqneut25to26_sera_1037_d0,A/Malaysia/IMR/SARI/2406/2025_H3N2,plate11-A/Malaysia/IMR/SARI/2406/2025_H3N2,212,0.4297,0.4297
seqneut25to26_sera_1037_d0,A/Malaysia/IMR/SARI/2406/2025_H3N2,plate11-A/Malaysia/IMR/SARI/2406/2025_H3N2,487,0.67,0.67
seqneut25to26_sera_1037_d0,A/Malaysia/IMR/SARI/2406/2025_H3N2,plate11-A/Malaysia/IMR/SARI/2406/2025_H3N2,1119,1.002,1
seqneut25to26_sera_1037_d0,A/Malaysia/IMR/SARI/2406/2025_H3N2,plate11-A/Malaysia/IMR/SARI/2406/2025_H3N2,2575,0.8901,0.8901
seqneut25to26_sera_1037_d0,A/Malaysia/IMR/SARI/2406/2025_H3N2,plate11-A/Malaysia/IMR/SARI/2406/2025_H3N2,5921,0.9484,0.9484
seqneut25to26_sera_1037_d0,A/Malaysia/IMR/SARI/2406/2025_H3N2,plate11-A/Malaysia/IMR/SARI/2406/2025_H3N2,1.362e+04,1.258,1
seqneut25to26_sera_1037_d0,A/Malaysia/IMR/SARI/2517/2025_H3N2,plate11-A/Malaysia/IMR/SARI/2517/2025_H3N2,40,0.03363,0.03363
seqneut25to26_sera_1037_d0,A/Malaysia/IMR/SARI/2517/2025_H3N2,plate11-A/Malaysia/IMR/SARI/2517/2025_H3N2,92,0.1698,0.1698
seqneut25to26_sera_1037_d0,A/Malaysia/IMR/SARI/2517/2025_H3N2,plate11-A/Malaysia/IMR/SARI/2517/2025_H3N2,212,0.2983,0.2983
seqneut25to26_sera_1037_d0,A/Malaysia/IMR/SARI/2517/2025_H3N2,plate11-A/Malaysia/IMR/SARI/2517/2025_H3N2,487,0.5557,0.5557
seqneut25to26_sera_1037_d0,A/Malaysia/IMR/SARI/2517/2025_H3N2,plate11-A/Malaysia/IMR/SARI/2517/2025_H3N2,1119,0.744,0.744
seqneut25to26_sera_1037_d0,A/Malaysia/IMR/SARI/2517/2025_H3N2,plate11-A/Malaysia/IMR/SARI/2517/2025_H3N2,2575,0.6973,0.6973
seqneut25to26_sera_1037_d0,A/Malaysia/IMR/SARI/2517/2025_H3N2,plate11-A/Malaysia/IMR/SARI/2517/2025_H3N2,5921,0.9594,0.9594
seqneut25to26_sera_1037_d0,A/Malaysia/IMR/SARI/2517/2025_H3N2,plate11-A/Malaysia/IMR/SARI/2517/2025_H3N2,1.362e+04,1.271,1
seqneut25to26_sera_1037_d0,A/Massachusetts/18/2022_H3N2,plate11-A/Massachusetts/18/2022_H3N2,40,0,0
seqneut25to26_sera_1037_d0,A/Massachusetts/18/2022_H3N2,plate11-A/Massachusetts/18/2022_H3N2,92,0.001273,0.001273
seqneut25to26_sera_1037_d0,A/Massachusetts/18/2022_H3N2,plate11-A/Massachusetts/18/2022_H3N2,212,0.005746,0.005746
seqneut25to26_sera_1037_d0,A/Massachusetts/18/2022_H3N2,plate11-A/Massachusetts/18/2022_H3N2,487,0.06095,0.06095
seqneut25to26_sera_1037_d0,A/Massachusetts/18/2022_H3N2,plate11-A/Massachusetts/18/2022_H3N2,1119,0.1887,0.1887
seqneut25to26_sera_1037_d0,A/Massachusetts/18/2022_H3N2,plate11-A/Massachusetts/18/2022_H3N2,2575,0.3094,0.3094
seqneut25to26_sera_1037_d0,A/Massachusetts/18/2022_H3N2,plate11-A/Massachusetts/18/2022_H3N2,5921,0.8417,0.8417
seqneut25to26_sera_1037_d0,A/Massachusetts/18/2022_H3N2,plate11-A/Massachusetts/18/2022_H3N2,1.362e+04,1.102,1
seqneut25to26_sera_1037_d0,A/Michigan/110/2025_H3N2,plate11-A/Michigan/110/2025_H3N2,40,0,0
seqneut25to26_sera_1037_d0,A/Michigan/110/2025_H3N2,plate11-A/Michigan/110/2025_H3N2,92,0.0002492,0.0002492
seqneut25to26_sera_1037_d0,A/Michigan/110/2025_H3N2,plate11-A/Michigan/110/2025_H3N2,212,7.21e-05,7.21e-05
seqneut25to26_sera_1037_d0,A/Michigan/110/2025_H3N2,plate11-A/Michigan/110/2025_H3N2,487,0.05707,0.05707
seqneut25to26_sera_1037_d0,A/Michigan/110/2025_H3N2,plate11-A/Michigan/110/2025_H3N2,1119,0.2866,0.2866
seqneut25to26_sera_1037_d0,A/Michigan/110/2025_H3N2,plate11-A/Michigan/110/2025_H3N2,2575,0.4785,0.4785
seqneut25to26_sera_1037_d0,A/Michigan/110/2025_H3N2,plate11-A/Michigan/110/2025_H3N2,5921,0.7348,0.7348
seqneut25to26_sera_1037_d0,A/Michigan/110/2025_H3N2,plate11-A/Michigan/110/2025_H3N2,1.362e+04,1.326,1
seqneut25to26_sera_1037_d0,A/Minnesota/96/2025_H3N2,plate11-A/Minnesota/96/2025_H3N2,40,4.358e-05,4.358e-05
seqneut25to26_sera_1037_d0,A/Minnesota/96/2025_H3N2,plate11-A/Minnesota/96/2025_H3N2,92,0,0
seqneut25to26_sera_1037_d0,A/Minnesota/96/2025_H3N2,plate11-A/Minnesota/96/2025_H3N2,212,0.003004,0.003004
seqneut25to26_sera_1037_d0,A/Minnesota/96/2025_H3N2,plate11-A/Minnesota/96/2025_H3N2,487,0.05242,0.05242
seqneut25to26_sera_1037_d0,A/Minnesota/96/2025_H3N2,plate11-A/Minnesota/96/2025_H3N2,1119,0.2696,0.2696
seqneut25to26_sera_1037_d0,A/Minnesota/96/2025_H3N2,plate11-A/Minnesota/96/2025_H3N2,2575,0.5209,0.5209
seqneut25to26_sera_1037_d0,A/Minnesota/96/2025_H3N2,plate11-A/Minnesota/96/2025_H3N2,5921,0.6031,0.6031
seqneut25to26_sera_1037_d0,A/Minnesota/96/2025_H3N2,plate11-A/Minnesota/96/2025_H3N2,1.362e+04,0.9845,0.9845
seqneut25to26_sera_1037_d0,A/Missouri/11/2025_H1N1,plate11-A/Missouri/11/2025_H1N1,40,0.1451,0.1451
seqneut25to26_sera_1037_d0,A/Missouri/11/2025_H1N1,plate11-A/Missouri/11/2025_H1N1,92,0.6448,0.6448
seqneut25to26_sera_1037_d0,A/Missouri/11/2025_H1N1,plate11-A/Missouri/11/2025_H1N1,212,0.6976,0.6976
seqneut25to26_sera_1037_d0,A/Missouri/11/2025_H1N1,plate11-A/Missouri/11/2025_H1N1,487,1.127,1
seqneut25to26_sera_1037_d0,A/Missouri/11/2025_H1N1,plate11-A/Missouri/11/2025_H1N1,1119,0.9132,0.9132
seqneut25to26_sera_1037_d0,A/Missouri/11/2025_H1N1,plate11-A/Missouri/11/2025_H1N1,2575,0.8213,0.8213
seqneut25to26_sera_1037_d0,A/Missouri/11/2025_H1N1,plate11-A/Missouri/11/2025_H1N1,5921,0.9996,0.9996
seqneut25to26_sera_1037_d0,A/Missouri/11/2025_H1N1,plate11-A/Missouri/11/2025_H1N1,1.362e+04,1.276,1
seqneut25to26_sera_1037_d0,A/NewSouthWales/2526015582/2025_H3N2,plate11-A/NewSouthWales/2526015582/2025_H3N2,40,0.04013,0.04013
seqneut25to26_sera_1037_d0,A/NewSouthWales/2526015582/2025_H3N2,plate11-A/NewSouthWales/2526015582/2025_H3N2,92,0.152,0.152
seqneut25to26_sera_1037_d0,A/NewSouthWales/2526015582/2025_H3N2,plate11-A/NewSouthWales/2526015582/2025_H3N2,212,0.3347,0.3347
seqneut25to26_sera_1037_d0,A/NewSouthWales/2526015582/2025_H3N2,plate11-A/NewSouthWales/2526015582/2025_H3N2,487,0.6062,0.6062
seqneut25to26_sera_1037_d0,A/NewSouthWales/2526015582/2025_H3N2,plate11-A/NewSouthWales/2526015582/2025_H3N2,1119,0.8486,0.8486
seqneut25to26_sera_1037_d0,A/NewSouthWales/2526015582/2025_H3N2,plate11-A/NewSouthWales/2526015582/2025_H3N2,2575,0.7612,0.7612
seqneut25to26_sera_1037_d0,A/NewSouthWales/2526015582/2025_H3N2,plate11-A/NewSouthWales/2526015582/2025_H3N2,5921,0.9261,0.9261
seqneut25to26_sera_1037_d0,A/NewSouthWales/2526015582/2025_H3N2,plate11-A/NewSouthWales/2526015582/2025_H3N2,1.362e+04,1.272,1
seqneut25to26_sera_1037_d0,A/NewSouthWales/2526015584/2025_H3N2,plate11-A/NewSouthWales/2526015584/2025_H3N2,40,0.01139,0.01139
seqneut25to26_sera_1037_d0,A/NewSouthWales/2526015584/2025_H3N2,plate11-A/NewSouthWales/2526015584/2025_H3N2,92,0.07421,0.07421
seqneut25to26_sera_1037_d0,A/NewSouthWales/2526015584/2025_H3N2,plate11-A/NewSouthWales/2526015584/2025_H3N2,212,0.2373,0.2373
seqneut25to26_sera_1037_d0,A/NewSouthWales/2526015584/2025_H3N2,plate11-A/NewSouthWales/2526015584/2025_H3N2,487,0.5075,0.5075
seqneut25to26_sera_1037_d0,A/NewSouthWales/2526015584/2025_H3N2,plate11-A/NewSouthWales/2526015584/2025_H3N2,1119,0.6502,0.6502
seqneut25to26_sera_1037_d0,A/NewSouthWales/2526015584/2025_H3N2,plate11-A/NewSouthWales/2526015584/2025_H3N2,2575,0.6983,0.6983
seqneut25to26_sera_1037_d0,A/NewSouthWales/2526015584/2025_H3N2,plate11-A/NewSouthWales/2526015584/2025_H3N2,5921,0.8258,0.8258
seqneut25to26_sera_1037_d0,A/NewSouthWales/2526015584/2025_H3N2,plate11-A/NewSouthWales/2526015584/2025_H3N2,1.362e+04,1.308,1
seqneut25to26_sera_1037_d0,A/Norway/8765/2025_H3N2,plate11-A/Norway/8765/2025_H3N2,40,0.04072,0.04072
seqneut25to26_sera_1037_d0,A/Norway/8765/2025_H3N2,plate11-A/Norway/8765/2025_H3N2,92,0.1811,0.1811
seqneut25to26_sera_1037_d0,A/Norway/8765/2025_H3N2,plate11-A/Norway/8765/2025_H3N2,212,0.3729,0.3729
seqneut25to26_sera_1037_d0,A/Norway/8765/2025_H3N2,plate11-A/Norway/8765/2025_H3N2,487,0.6095,0.6095
seqneut25to26_sera_1037_d0,A/Norway/8765/2025_H3N2,plate11-A/Norway/8765/2025_H3N2,1119,0.8963,0.8963
seqneut25to26_sera_1037_d0,A/Norway/8765/2025_H3N2,plate11-A/Norway/8765/2025_H3N2,2575,0.7247,0.7247
seqneut25to26_sera_1037_d0,A/Norway/8765/2025_H3N2,plate11-A/Norway/8765/2025_H3N2,5921,0.8622,0.8622
seqneut25to26_sera_1037_d0,A/Norway/8765/2025_H3N2,plate11-A/Norway/8765/2025_H3N2,1.362e+04,1.257,1
seqneut25to26_sera_1037_d0,A/Norway/8976/2025_H3N2,plate11-A/Norway/8976/2025_H3N2,40,0.05473,0.05473
seqneut25to26_sera_1037_d0,A/Norway/8976/2025_H3N2,plate11-A/Norway/8976/2025_H3N2,92,0.1143,0.1143
seqneut25to26_sera_1037_d0,A/Norway/8976/2025_H3N2,plate11-A/Norway/8976/2025_H3N2,212,0.3069,0.3069
seqneut25to26_sera_1037_d0,A/Norway/8976/2025_H3N2,plate11-A/Norway/8976/2025_H3N2,487,0.6574,0.6574
seqneut25to26_sera_1037_d0,A/Norway/8976/2025_H3N2,plate11-A/Norway/8976/2025_H3N2,1119,0.9314,0.9314
seqneut25to26_sera_1037_d0,A/Norway/8976/2025_H3N2,plate11-A/Norway/8976/2025_H3N2,2575,0.7465,0.7465
seqneut25to26_sera_1037_d0,A/Norway/8976/2025_H3N2,plate11-A/Norway/8976/2025_H3N2,5921,0.7127,0.7127
seqneut25to26_sera_1037_d0,A/Norway/8976/2025_H3N2,plate11-A/Norway/8976/2025_H3N2,1.362e+04,1.334,1
seqneut25to26_sera_1037_d0,A/Norway/9107/2025_H1N1,plate11-A/Norway/9107/2025_H1N1,40,0.2772,0.2772
seqneut25to26_sera_1037_d0,A/Norway/9107/2025_H1N1,plate11-A/Norway/9107/2025_H1N1,92,0.5999,0.5999
seqneut25to26_sera_1037_d0,A/Norway/9107/2025_H1N1,plate11-A/Norway/9107/2025_H1N1,212,0.7639,0.7639
seqneut25to26_sera_1037_d0,A/Norway/9107/2025_H1N1,plate11-A/Norway/9107/2025_H1N1,487,1.153,1
seqneut25to26_sera_1037_d0,A/Norway/9107/2025_H1N1,plate11-A/Norway/9107/2025_H1N1,1119,1.213,1
seqneut25to26_sera_1037_d0,A/Norway/9107/2025_H1N1,plate11-A/Norway/9107/2025_H1N1,2575,0.9044,0.9044
seqneut25to26_sera_1037_d0,A/Norway/9107/2025_H1N1,plate11-A/Norway/9107/2025_H1N1,5921,1.006,1
seqneut25to26_sera_1037_d0,A/Norway/9107/2025_H1N1,plate11-A/Norway/9107/2025_H1N1,1.362e+04,1.264,1
seqneut25to26_sera_1037_d0,A/Norway/9556/2025_H1N1,plate11-A/Norway/9556/2025_H1N1,40,0.4318,0.4318
seqneut25to26_sera_1037_d0,A/Norway/9556/2025_H1N1,plate11-A/Norway/9556/2025_H1N1,92,0.8442,0.8442
seqneut25to26_sera_1037_d0,A/Norway/9556/2025_H1N1,plate11-A/Norway/9556/2025_H1N1,212,0.9543,0.9543
seqneut25to26_sera_1037_d0,A/Norway/9556/2025_H1N1,plate11-A/Norway/9556/2025_H1N1,487,1.216,1
seqneut25to26_sera_1037_d0,A/Norway/9556/2025_H1N1,plate11-A/Norway/9556/2025_H1N1,1119,1.212,1
seqneut25to26_sera_1037_d0,A/Norway/9556/2025_H1N1,plate11-A/Norway/9556/2025_H1N1,2575,0.9258,0.9258
seqneut25to26_sera_1037_d0,A/Norway/9556/2025_H1N1,plate11-A/Norway/9556/2025_H1N1,5921,1.056,1
seqneut25to26_sera_1037_d0,A/Norway/9556/2025_H1N1,plate11-A/Norway/9556/2025_H1N1,1.362e+04,1.396,1
seqneut25to26_sera_1037_d0,A/Peru/GIHSN-04-1089/2025_H3N2,plate11-A/Peru/GIHSN-04-1089/2025_H3N2,40,0,0
seqneut25to26_sera_1037_d0,A/Peru/GIHSN-04-1089/2025_H3N2,plate11-A/Peru/GIHSN-04-1089/2025_H3N2,92,0.00577,0.00577
seqneut25to26_sera_1037_d0,A/Peru/GIHSN-04-1089/2025_H3N2,plate11-A/Peru/GIHSN-04-1089/2025_H3N2,212,0.008042,0.008042
seqneut25to26_sera_1037_d0,A/Peru/GIHSN-04-1089/2025_H3N2,plate11-A/Peru/GIHSN-04-1089/2025_H3N2,487,0.05888,0.05888
seqneut25to26_sera_1037_d0,A/Peru/GIHSN-04-1089/2025_H3N2,plate11-A/Peru/GIHSN-04-1089/2025_H3N2,1119,0.2894,0.2894
seqneut25to26_sera_1037_d0,A/Peru/GIHSN-04-1089/2025_H3N2,plate11-A/Peru/GIHSN-04-1089/2025_H3N2,2575,0.8073,0.8073
seqneut25to26_sera_1037_d0,A/Peru/GIHSN-04-1089/2025_H3N2,plate11-A/Peru/GIHSN-04-1089/2025_H3N2,5921,0.8472,0.8472
seqneut25to26_sera_1037_d0,A/Peru/GIHSN-04-1089/2025_H3N2,plate11-A/Peru/GIHSN-04-1089/2025_H3N2,1.362e+04,1.578,1
seqneut25to26_sera_1037_d0,A/Philippines/SARI25-1425/2025_H1N1,plate11-A/Philippines/SARI25-1425/2025_H1N1,40,0.416,0.416
seqneut25to26_sera_1037_d0,A/Philippines/SARI25-1425/2025_H1N1,plate11-A/Philippines/SARI25-1425/2025_H1N1,92,0.6085,0.6085
seqneut25to26_sera_1037_d0,A/Philippines/SARI25-1425/2025_H1N1,plate11-A/Philippines/SARI25-1425/2025_H1N1,212,0.859,0.859
seqneut25to26_sera_1037_d0,A/Philippines/SARI25-1425/2025_H1N1,plate11-A/Philippines/SARI25-1425/2025_H1N1,487,1.235,1
seqneut25to26_sera_1037_d0,A/Philippines/SARI25-1425/2025_H1N1,plate11-A/Philippines/SARI25-1425/2025_H1N1,1119,1.069,1
seqneut25to26_sera_1037_d0,A/Philippines/SARI25-1425/2025_H1N1,plate11-A/Philippines/SARI25-1425/2025_H1N1,2575,0.9488,0.9488
seqneut25to26_sera_1037_d0,A/Philippines/SARI25-1425/2025_H1N1,plate11-A/Philippines/SARI25-1425/2025_H1N1,5921,0.9919,0.9919
seqneut25to26_sera_1037_d0,A/Philippines/SARI25-1425/2025_H1N1,plate11-A/Philippines/SARI25-1425/2025_H1N1,1.362e+04,1.35,1
seqneut25to26_sera_1037_d0,A/Queensland/2526516675/2025_H3N2,plate11-A/Queensland/2526516675/2025_H3N2,40,0.02543,0.02543
seqneut25to26_sera_1037_d0,A/Queensland/2526516675/2025_H3N2,plate11-A/Queensland/2526516675/2025_H3N2,92,0.1072,0.1072
seqneut25to26_sera_1037_d0,A/Queensland/2526516675/2025_H3N2,plate11-A/Queensland/2526516675/2025_H3N2,212,0.345,0.345
seqneut25to26_sera_1037_d0,A/Queensland/2526516675/2025_H3N2,plate11-A/Queensland/2526516675/2025_H3N2,487,0.6507,0.6507
seqneut25to26_sera_1037_d0,A/Queensland/2526516675/2025_H3N2,plate11-A/Queensland/2526516675/2025_H3N2,1119,0.7928,0.7928
seqneut25to26_sera_1037_d0,A/Queensland/2526516675/2025_H3N2,plate11-A/Queensland/2526516675/2025_H3N2,2575,0.7967,0.7967
seqneut25to26_sera_1037_d0,A/Queensland/2526516675/2025_H3N2,plate11-A/Queensland/2526516675/2025_H3N2,5921,0.9608,0.9608
seqneut25to26_sera_1037_d0,A/Queensland/2526516675/2025_H3N2,plate11-A/Queensland/2526516675/2025_H3N2,1.362e+04,1.407,1
seqneut25to26_sera_1037_d0,A/SouthAfrica/PET37604/2025_H3N2,plate11-A/SouthAfrica/PET37604/2025_H3N2,40,0.0001591,0.0001591
seqneut25to26_sera_1037_d0,A/SouthAfrica/PET37604/2025_H3N2,plate11-A/SouthAfrica/PET37604/2025_H3N2,92,0.0001469,0.0001469
seqneut25to26_sera_1037_d0,A/SouthAfrica/PET37604/2025_H3N2,plate11-A/SouthAfrica/PET37604/2025_H3N2,212,0.0008501,0.0008501
seqneut25to26_sera_1037_d0,A/SouthAfrica/PET37604/2025_H3N2,plate11-A/SouthAfrica/PET37604/2025_H3N2,487,0.03189,0.03189
seqneut25to26_sera_1037_d0,A/SouthAfrica/PET37604/2025_H3N2,plate11-A/SouthAfrica/PET37604/2025_H3N2,1119,0.2324,0.2324
seqneut25to26_sera_1037_d0,A/SouthAfrica/PET37604/2025_H3N2,plate11-A/SouthAfrica/PET37604/2025_H3N2,2575,0.5534,0.5534
seqneut25to26_sera_1037_d0,A/SouthAfrica/PET37604/2025_H3N2,plate11-A/SouthAfrica/PET37604/2025_H3N2,5921,0.7128,0.7128
seqneut25to26_sera_1037_d0,A/SouthAfrica/PET37604/2025_H3N2,plate11-A/SouthAfrica/PET37604/2025_H3N2,1.362e+04,1.043,1
seqneut25to26_sera_1037_d0,A/SouthAfrica/PET37625/2025_H3N2,plate11-A/SouthAfrica/PET37625/2025_H3N2,40,3.22e-05,3.22e-05
seqneut25to26_sera_1037_d0,A/SouthAfrica/PET37625/2025_H3N2,plate11-A/SouthAfrica/PET37625/2025_H3N2,92,0,0
seqneut25to26_sera_1037_d0,A/SouthAfrica/PET37625/2025_H3N2,plate11-A/SouthAfrica/PET37625/2025_H3N2,212,0.0003613,0.0003613
seqneut25to26_sera_1037_d0,A/SouthAfrica/PET37625/2025_H3N2,plate11-A/SouthAfrica/PET37625/2025_H3N2,487,0.03541,0.03541
seqneut25to26_sera_1037_d0,A/SouthAfrica/PET37625/2025_H3N2,plate11-A/SouthAfrica/PET37625/2025_H3N2,1119,0.2848,0.2848
seqneut25to26_sera_1037_d0,A/SouthAfrica/PET37625/2025_H3N2,plate11-A/SouthAfrica/PET37625/2025_H3N2,2575,0.5036,0.5036
seqneut25to26_sera_1037_d0,A/SouthAfrica/PET37625/2025_H3N2,plate11-A/SouthAfrica/PET37625/2025_H3N2,5921,0.8296,0.8296
seqneut25to26_sera_1037_d0,A/SouthAfrica/PET37625/2025_H3N2,plate11-A/SouthAfrica/PET37625/2025_H3N2,1.362e+04,1.031,1
seqneut25to26_sera_1037_d0,A/SouthAustralia/2519001037/2025_H1N1,plate11-A/SouthAustralia/2519001037/2025_H1N1,40,0.1806,0.1806
seqneut25to26_sera_1037_d0,A/SouthAustralia/2519001037/2025_H1N1,plate11-A/SouthAustralia/2519001037/2025_H1N1,92,0.5384,0.5384
seqneut25to26_sera_1037_d0,A/SouthAustralia/2519001037/2025_H1N1,plate11-A/SouthAustralia/2519001037/2025_H1N1,212,0.8099,0.8099
seqneut25to26_sera_1037_d0,A/SouthAustralia/2519001037/2025_H1N1,plate11-A/SouthAustralia/2519001037/2025_H1N1,487,1.106,1
seqneut25to26_sera_1037_d0,A/SouthAustralia/2519001037/2025_H1N1,plate11-A/SouthAustralia/2519001037/2025_H1N1,1119,1.154,1
seqneut25to26_sera_1037_d0,A/SouthAustralia/2519001037/2025_H1N1,plate11-A/SouthAustralia/2519001037/2025_H1N1,2575,0.8536,0.8536
seqneut25to26_sera_1037_d0,A/SouthAustralia/2519001037/2025_H1N1,plate11-A/SouthAustralia/2519001037/2025_H1N1,5921,1,1
seqneut25to26_sera_1037_d0,A/SouthAustralia/2519001037/2025_H1N1,plate11-A/SouthAustralia/2519001037/2025_H1N1,1.362e+04,1.315,1
seqneut25to26_sera_1037_d0,A/SouthAustralia/2520702747/2025_H1N1,plate11-A/SouthAustralia/2520702747/2025_H1N1,40,0.1265,0.1265
seqneut25to26_sera_1037_d0,A/SouthAustralia/2520702747/2025_H1N1,plate11-A/SouthAustralia/2520702747/2025_H1N1,92,0.4364,0.4364
seqneut25to26_sera_1037_d0,A/SouthAustralia/2520702747/2025_H1N1,plate11-A/SouthAustralia/2520702747/2025_H1N1,212,0.6713,0.6713
seqneut25to26_sera_1037_d0,A/SouthAustralia/2520702747/2025_H1N1,plate11-A/SouthAustralia/2520702747/2025_H1N1,487,0.9518,0.9518
seqneut25to26_sera_1037_d0,A/SouthAustralia/2520702747/2025_H1N1,plate11-A/SouthAustralia/2520702747/2025_H1N1,1119,1.069,1
seqneut25to26_sera_1037_d0,A/SouthAustralia/2520702747/2025_H1N1,plate11-A/SouthAustralia/2520702747/2025_H1N1,2575,0.8628,0.8628
seqneut25to26_sera_1037_d0,A/SouthAustralia/2520702747/2025_H1N1,plate11-A/SouthAustralia/2520702747/2025_H1N1,5921,0.9994,0.9994
seqneut25to26_sera_1037_d0,A/SouthAustralia/2520702747/2025_H1N1,plate11-A/SouthAustralia/2520702747/2025_H1N1,1.362e+04,1.212,1
seqneut25to26_sera_1037_d0,A/SouthAustralia/2523012764/2025_H1N1,plate11-A/SouthAustralia/2523012764/2025_H1N1,40,0.2472,0.2472
seqneut25to26_sera_1037_d0,A/SouthAustralia/2523012764/2025_H1N1,plate11-A/SouthAustralia/2523012764/2025_H1N1,92,0.3911,0.3911
seqneut25to26_sera_1037_d0,A/SouthAustralia/2523012764/2025_H1N1,plate11-A/SouthAustralia/2523012764/2025_H1N1,212,0.7274,0.7274
seqneut25to26_sera_1037_d0,A/SouthAustralia/2523012764/2025_H1N1,plate11-A/SouthAustralia/2523012764/2025_H1N1,487,0.8494,0.8494
seqneut25to26_sera_1037_d0,A/SouthAustralia/2523012764/2025_H1N1,plate11-A/SouthAustralia/2523012764/2025_H1N1,1119,1.38,1
seqneut25to26_sera_1037_d0,A/SouthAustralia/2523012764/2025_H1N1,plate11-A/SouthAustralia/2523012764/2025_H1N1,2575,0.8797,0.8797
seqneut25to26_sera_1037_d0,A/SouthAustralia/2523012764/2025_H1N1,plate11-A/SouthAustralia/2523012764/2025_H1N1,5921,1.061,1
seqneut25to26_sera_1037_d0,A/SouthAustralia/2523012764/2025_H1N1,plate11-A/SouthAustralia/2523012764/2025_H1N1,1.362e+04,1.481,1
seqneut25to26_sera_1037_d0,A/SouthAustralia/2523812314/2025_H3N2,plate11-A/SouthAustralia/2523812314/2025_H3N2,40,0.1165,0.1165
seqneut25to26_sera_1037_d0,A/SouthAustralia/2523812314/2025_H3N2,plate11-A/SouthAustralia/2523812314/2025_H3N2,92,0.1309,0.1309
seqneut25to26_sera_1037_d0,A/SouthAustralia/2523812314/2025_H3N2,plate11-A/SouthAustralia/2523812314/2025_H3N2,212,0.2328,0.2328
seqneut25to26_sera_1037_d0,A/SouthAustralia/2523812314/2025_H3N2,plate11-A/SouthAustralia/2523812314/2025_H3N2,487,0.5117,0.5117
seqneut25to26_sera_1037_d0,A/SouthAustralia/2523812314/2025_H3N2,plate11-A/SouthAustralia/2523812314/2025_H3N2,1119,0.7301,0.7301
seqneut25to26_sera_1037_d0,A/SouthAustralia/2523812314/2025_H3N2,plate11-A/SouthAustralia/2523812314/2025_H3N2,2575,0.794,0.794
seqneut25to26_sera_1037_d0,A/SouthAustralia/2523812314/2025_H3N2,plate11-A/SouthAustralia/2523812314/2025_H3N2,5921,1.055,1
seqneut25to26_sera_1037_d0,A/SouthAustralia/2523812314/2025_H3N2,plate11-A/SouthAustralia/2523812314/2025_H3N2,1.362e+04,1.41,1
seqneut25to26_sera_1037_d0,A/SouthAustralia/2524408801/2025_H3N2,plate11-A/SouthAustralia/2524408801/2025_H3N2,40,0.05138,0.05138
seqneut25to26_sera_1037_d0,A/SouthAustralia/2524408801/2025_H3N2,plate11-A/SouthAustralia/2524408801/2025_H3N2,92,0.1055,0.1055
seqneut25to26_sera_1037_d0,A/SouthAustralia/2524408801/2025_H3N2,plate11-A/SouthAustralia/2524408801/2025_H3N2,212,0.3372,0.3372
seqneut25to26_sera_1037_d0,A/SouthAustralia/2524408801/2025_H3N2,plate11-A/SouthAustralia/2524408801/2025_H3N2,487,0.5444,0.5444
seqneut25to26_sera_1037_d0,A/SouthAustralia/2524408801/2025_H3N2,plate11-A/SouthAustralia/2524408801/2025_H3N2,1119,0.7494,0.7494
seqneut25to26_sera_1037_d0,A/SouthAustralia/2524408801/2025_H3N2,plate11-A/SouthAustralia/2524408801/2025_H3N2,2575,0.7466,0.7466
seqneut25to26_sera_1037_d0,A/SouthAustralia/2524408801/2025_H3N2,plate11-A/SouthAustralia/2524408801/2025_H3N2,5921,0.9256,0.9256
seqneut25to26_sera_1037_d0,A/SouthAustralia/2524408801/2025_H3N2,plate11-A/SouthAustralia/2524408801/2025_H3N2,1.362e+04,1.226,1
seqneut25to26_sera_1037_d0,A/SouthAustralia/2524712956/2025_H1N1,plate11-A/SouthAustralia/2524712956/2025_H1N1,40,0.2235,0.2235
seqneut25to26_sera_1037_d0,A/SouthAustralia/2524712956/2025_H1N1,plate11-A/SouthAustralia/2524712956/2025_H1N1,92,0.6473,0.6473
seqneut25to26_sera_1037_d0,A/SouthAustralia/2524712956/2025_H1N1,plate11-A/SouthAustralia/2524712956/2025_H1N1,212,0.792,0.792
seqneut25to26_sera_1037_d0,A/SouthAustralia/2524712956/2025_H1N1,plate11-A/SouthAustralia/2524712956/2025_H1N1,487,1.029,1
seqneut25to26_sera_1037_d0,A/SouthAustralia/2524712956/2025_H1N1,plate11-A/SouthAustralia/2524712956/2025_H1N1,1119,1.19,1
seqneut25to26_sera_1037_d0,A/SouthAustralia/2524712956/2025_H1N1,plate11-A/SouthAustralia/2524712956/2025_H1N1,2575,0.9507,0.9507
seqneut25to26_sera_1037_d0,A/SouthAustralia/2524712956/2025_H1N1,plate11-A/SouthAustralia/2524712956/2025_H1N1,5921,1.065,1
seqneut25to26_sera_1037_d0,A/SouthAustralia/2524712956/2025_H1N1,plate11-A/SouthAustralia/2524712956/2025_H1N1,1.362e+04,1.521,1
seqneut25to26_sera_1037_d0,A/SouthAustralia/2525607496/2025_H3N2,plate11-A/SouthAustralia/2525607496/2025_H3N2,40,3.795e-05,3.795e-05
seqneut25to26_sera_1037_d0,A/SouthAustralia/2525607496/2025_H3N2,plate11-A/SouthAustralia/2525607496/2025_H3N2,92,0,0
seqneut25to26_sera_1037_d0,A/SouthAustralia/2525607496/2025_H3N2,plate11-A/SouthAustralia/2525607496/2025_H3N2,212,0.001095,0.001095
seqneut25to26_sera_1037_d0,A/SouthAustralia/2525607496/2025_H3N2,plate11-A/SouthAustralia/2525607496/2025_H3N2,487,0.02782,0.02782
seqneut25to26_sera_1037_d0,A/SouthAustralia/2525607496/2025_H3N2,plate11-A/SouthAustralia/2525607496/2025_H3N2,1119,0.3491,0.3491
seqneut25to26_sera_1037_d0,A/SouthAustralia/2525607496/2025_H3N2,plate11-A/SouthAustralia/2525607496/2025_H3N2,2575,0.5945,0.5945
seqneut25to26_sera_1037_d0,A/SouthAustralia/2525607496/2025_H3N2,plate11-A/SouthAustralia/2525607496/2025_H3N2,5921,0.7416,0.7416
seqneut25to26_sera_1037_d0,A/SouthAustralia/2525607496/2025_H3N2,plate11-A/SouthAustralia/2525607496/2025_H3N2,1.362e+04,1.063,1
seqneut25to26_sera_1037_d0,A/SouthAustralia/2527003588/2025_H3N2,plate11-A/SouthAustralia/2527003588/2025_H3N2,40,0.07831,0.07831
seqneut25to26_sera_1037_d0,A/SouthAustralia/2527003588/2025_H3N2,plate11-A/SouthAustralia/2527003588/2025_H3N2,92,0.1933,0.1933
seqneut25to26_sera_1037_d0,A/SouthAustralia/2527003588/2025_H3N2,plate11-A/SouthAustralia/2527003588/2025_H3N2,212,0.5049,0.5049
seqneut25to26_sera_1037_d0,A/SouthAustralia/2527003588/2025_H3N2,plate11-A/SouthAustralia/2527003588/2025_H3N2,487,0.6919,0.6919
seqneut25to26_sera_1037_d0,A/SouthAustralia/2527003588/2025_H3N2,plate11-A/SouthAustralia/2527003588/2025_H3N2,1119,1.053,1
seqneut25to26_sera_1037_d0,A/SouthAustralia/2527003588/2025_H3N2,plate11-A/SouthAustralia/2527003588/2025_H3N2,2575,0.7016,0.7016
seqneut25to26_sera_1037_d0,A/SouthAustralia/2527003588/2025_H3N2,plate11-A/SouthAustralia/2527003588/2025_H3N2,5921,0.9874,0.9874
seqneut25to26_sera_1037_d0,A/SouthAustralia/2527003588/2025_H3N2,plate11-A/SouthAustralia/2527003588/2025_H3N2,1.362e+04,1.286,1
seqneut25to26_sera_1037_d0,A/SouthAustralia/2527213276/2025_H3N2,plate11-A/SouthAustralia/2527213276/2025_H3N2,40,0.03684,0.03684
seqneut25to26_sera_1037_d0,A/SouthAustralia/2527213276/2025_H3N2,plate11-A/SouthAustralia/2527213276/2025_H3N2,92,0.1168,0.1168
seqneut25to26_sera_1037_d0,A/SouthAustralia/2527213276/2025_H3N2,plate11-A/SouthAustralia/2527213276/2025_H3N2,212,0.1465,0.1465
seqneut25to26_sera_1037_d0,A/SouthAustralia/2527213276/2025_H3N2,plate11-A/SouthAustralia/2527213276/2025_H3N2,487,0.5611,0.5611
seqneut25to26_sera_1037_d0,A/SouthAustralia/2527213276/2025_H3N2,plate11-A/SouthAustralia/2527213276/2025_H3N2,1119,0.8197,0.8197
seqneut25to26_sera_1037_d0,A/SouthAustralia/2527213276/2025_H3N2,plate11-A/SouthAustralia/2527213276/2025_H3N2,2575,0.7842,0.7842
seqneut25to26_sera_1037_d0,A/SouthAustralia/2527213276/2025_H3N2,plate11-A/SouthAustralia/2527213276/2025_H3N2,5921,0.7504,0.7504
seqneut25to26_sera_1037_d0,A/SouthAustralia/2527213276/2025_H3N2,plate11-A/SouthAustralia/2527213276/2025_H3N2,1.362e+04,1.258,1
seqneut25to26_sera_1037_d0,A/SouthAustralia/2527612456/2025_H1N1,plate11-A/SouthAustralia/2527612456/2025_H1N1,40,0.5166,0.5166
seqneut25to26_sera_1037_d0,A/SouthAustralia/2527612456/2025_H1N1,plate11-A/SouthAustralia/2527612456/2025_H1N1,92,0.7641,0.7641
seqneut25to26_sera_1037_d0,A/SouthAustralia/2527612456/2025_H1N1,plate11-A/SouthAustralia/2527612456/2025_H1N1,212,0.8958,0.8958
seqneut25to26_sera_1037_d0,A/SouthAustralia/2527612456/2025_H1N1,plate11-A/SouthAustralia/2527612456/2025_H1N1,487,1.335,1
seqneut25to26_sera_1037_d0,A/SouthAustralia/2527612456/2025_H1N1,plate11-A/SouthAustralia/2527612456/2025_H1N1,1119,1.096,1
seqneut25to26_sera_1037_d0,A/SouthAustralia/2527612456/2025_H1N1,plate11-A/SouthAustralia/2527612456/2025_H1N1,2575,1.022,1
seqneut25to26_sera_1037_d0,A/SouthAustralia/2527612456/2025_H1N1,plate11-A/SouthAustralia/2527612456/2025_H1N1,5921,1.089,1
seqneut25to26_sera_1037_d0,A/SouthAustralia/2527612456/2025_H1N1,plate11-A/SouthAustralia/2527612456/2025_H1N1,1.362e+04,1.3,1
seqneut25to26_sera_1037_d0,A/SouthAustralia/2527902708/2025_H3N2,plate11-A/SouthAustralia/2527902708/2025_H3N2,40,0.03488,0.03488
seqneut25to26_sera_1037_d0,A/SouthAustralia/2527902708/2025_H3N2,plate11-A/SouthAustralia/2527902708/2025_H3N2,92,0.2134,0.2134
seqneut25to26_sera_1037_d0,A/SouthAustralia/2527902708/2025_H3N2,plate11-A/SouthAustralia/2527902708/2025_H3N2,212,0.5762,0.5762
seqneut25to26_sera_1037_d0,A/SouthAustralia/2527902708/2025_H3N2,plate11-A/SouthAustralia/2527902708/2025_H3N2,487,0.6412,0.6412
seqneut25to26_sera_1037_d0,A/SouthAustralia/2527902708/2025_H3N2,plate11-A/SouthAustralia/2527902708/2025_H3N2,1119,0.7815,0.7815
seqneut25to26_sera_1037_d0,A/SouthAustralia/2527902708/2025_H3N2,plate11-A/SouthAustralia/2527902708/2025_H3N2,2575,0.8566,0.8566
seqneut25to26_sera_1037_d0,A/SouthAustralia/2527902708/2025_H3N2,plate11-A/SouthAustralia/2527902708/2025_H3N2,5921,0.991,0.991
seqneut25to26_sera_1037_d0,A/SouthAustralia/2527902708/2025_H3N2,plate11-A/SouthAustralia/2527902708/2025_H3N2,1.362e+04,1.43,1
seqneut25to26_sera_1037_d0,A/Sydney/1359/2024_H3N2,plate11-A/Sydney/1359/2024_H3N2,40,9.769e-05,9.769e-05
seqneut25to26_sera_1037_d0,A/Sydney/1359/2024_H3N2,plate11-A/Sydney/1359/2024_H3N2,92,0.000406,0.000406
seqneut25to26_sera_1037_d0,A/Sydney/1359/2024_H3N2,plate11-A/Sydney/1359/2024_H3N2,212,0.02819,0.02819
seqneut25to26_sera_1037_d0,A/Sydney/1359/2024_H3N2,plate11-A/Sydney/1359/2024_H3N2,487,0.2603,0.2603
seqneut25to26_sera_1037_d0,A/Sydney/1359/2024_H3N2,plate11-A/Sydney/1359/2024_H3N2,1119,0.5913,0.5913
seqneut25to26_sera_1037_d0,A/Sydney/1359/2024_H3N2,plate11-A/Sydney/1359/2024_H3N2,2575,0.6228,0.6228
seqneut25to26_sera_1037_d0,A/Sydney/1359/2024_H3N2,plate11-A/Sydney/1359/2024_H3N2,5921,0.847,0.847
seqneut25to26_sera_1037_d0,A/Sydney/1359/2024_H3N2,plate11-A/Sydney/1359/2024_H3N2,1.362e+04,1.31,1
seqneut25to26_sera_1037_d0,A/Sydney/400/2025_H1N1,plate11-A/Sydney/400/2025_H1N1,40,0.08145,0.08145
seqneut25to26_sera_1037_d0,A/Sydney/400/2025_H1N1,plate11-A/Sydney/400/2025_H1N1,92,0.2999,0.2999
seqneut25to26_sera_1037_d0,A/Sydney/400/2025_H1N1,plate11-A/Sydney/400/2025_H1N1,212,0.5757,0.5757
seqneut25to26_sera_1037_d0,A/Sydney/400/2025_H1N1,plate11-A/Sydney/400/2025_H1N1,487,1.139,1
seqneut25to26_sera_1037_d0,A/Sydney/400/2025_H1N1,plate11-A/Sydney/400/2025_H1N1,1119,1.114,1
seqneut25to26_sera_1037_d0,A/Sydney/400/2025_H1N1,plate11-A/Sydney/400/2025_H1N1,2575,0.8876,0.8876
seqneut25to26_sera_1037_d0,A/Sydney/400/2025_H1N1,plate11-A/Sydney/400/2025_H1N1,5921,1.154,1
seqneut25to26_sera_1037_d0,A/Sydney/400/2025_H1N1,plate11-A/Sydney/400/2025_H1N1,1.362e+04,1.302,1
seqneut25to26_sera_1037_d0,A/Tasmania/2521815682/2025_H3N2,plate11-A/Tasmania/2521815682/2025_H3N2,40,0.07357,0.07357
seqneut25to26_sera_1037_d0,A/Tasmania/2521815682/2025_H3N2,plate11-A/Tasmania/2521815682/2025_H3N2,92,0.1572,0.1572
seqneut25to26_sera_1037_d0,A/Tasmania/2521815682/2025_H3N2,plate11-A/Tasmania/2521815682/2025_H3N2,212,0.3673,0.3673
seqneut25to26_sera_1037_d0,A/Tasmania/2521815682/2025_H3N2,plate11-A/Tasmania/2521815682/2025_H3N2,487,0.7025,0.7025
seqneut25to26_sera_1037_d0,A/Tasmania/2521815682/2025_H3N2,plate11-A/Tasmania/2521815682/2025_H3N2,1119,0.7548,0.7548
seqneut25to26_sera_1037_d0,A/Tasmania/2521815682/2025_H3N2,plate11-A/Tasmania/2521815682/2025_H3N2,2575,0.8054,0.8054
seqneut25to26_sera_1037_d0,A/Tasmania/2521815682/2025_H3N2,plate11-A/Tasmania/2521815682/2025_H3N2,5921,0.791,0.791
seqneut25to26_sera_1037_d0,A/Tasmania/2521815682/2025_H3N2,plate11-A/Tasmania/2521815682/2025_H3N2,1.362e+04,1.476,1
seqneut25to26_sera_1037_d0,A/Thailand/8/2022_H3N2,plate11-A/Thailand/8/2022_H3N2,40,0.002467,0.002467
seqneut25to26_sera_1037_d0,A/Thailand/8/2022_H3N2,plate11-A/Thailand/8/2022_H3N2,92,0,0
seqneut25to26_sera_1037_d0,A/Thailand/8/2022_H3N2,plate11-A/Thailand/8/2022_H3N2,212,0.01279,0.01279
seqneut25to26_sera_1037_d0,A/Thailand/8/2022_H3N2,plate11-A/Thailand/8/2022_H3N2,487,0.04363,0.04363
seqneut25to26_sera_1037_d0,A/Thailand/8/2022_H3N2,plate11-A/Thailand/8/2022_H3N2,1119,0.0676,0.0676
seqneut25to26_sera_1037_d0,A/Thailand/8/2022_H3N2,plate11-A/Thailand/8/2022_H3N2,2575,0.1322,0.1322
seqneut25to26_sera_1037_d0,A/Thailand/8/2022_H3N2,plate11-A/Thailand/8/2022_H3N2,5921,0.5179,0.5179
seqneut25to26_sera_1037_d0,A/Thailand/8/2022_H3N2,plate11-A/Thailand/8/2022_H3N2,1.362e+04,0.6791,0.6791
seqneut25to26_sera_1037_d0,A/Vermont/73/2025_H3N2,plate11-A/Vermont/73/2025_H3N2,40,0.05056,0.05056
seqneut25to26_sera_1037_d0,A/Vermont/73/2025_H3N2,plate11-A/Vermont/73/2025_H3N2,92,0.1183,0.1183
seqneut25to26_sera_1037_d0,A/Vermont/73/2025_H3N2,plate11-A/Vermont/73/2025_H3N2,212,0.3939,0.3939
seqneut25to26_sera_1037_d0,A/Vermont/73/2025_H3N2,plate11-A/Vermont/73/2025_H3N2,487,0.5907,0.5907
seqneut25to26_sera_1037_d0,A/Vermont/73/2025_H3N2,plate11-A/Vermont/73/2025_H3N2,1119,0.8499,0.8499
seqneut25to26_sera_1037_d0,A/Vermont/73/2025_H3N2,plate11-A/Vermont/73/2025_H3N2,2575,1.029,1
seqneut25to26_sera_1037_d0,A/Vermont/73/2025_H3N2,plate11-A/Vermont/73/2025_H3N2,5921,0.922,0.922
seqneut25to26_sera_1037_d0,A/Vermont/73/2025_H3N2,plate11-A/Vermont/73/2025_H3N2,1.362e+04,1.069,1
seqneut25to26_sera_1037_d0,A/Victoria/4897/2022_IVR-238_H1N1,plate11-A/Victoria/4897/2022_IVR-238_H1N1,40,4.438e-05,4.438e-05
seqneut25to26_sera_1037_d0,A/Victoria/4897/2022_IVR-238_H1N1,plate11-A/Victoria/4897/2022_IVR-238_H1N1,92,0,0
seqneut25to26_sera_1037_d0,A/Victoria/4897/2022_IVR-238_H1N1,plate11-A/Victoria/4897/2022_IVR-238_H1N1,212,0.08992,0.08992
seqneut25to26_sera_1037_d0,A/Victoria/4897/2022_IVR-238_H1N1,plate11-A/Victoria/4897/2022_IVR-238_H1N1,487,0.7503,0.7503
seqneut25to26_sera_1037_d0,A/Victoria/4897/2022_IVR-238_H1N1,plate11-A/Victoria/4897/2022_IVR-238_H1N1,1119,1.044,1
seqneut25to26_sera_1037_d0,A/Victoria/4897/2022_IVR-238_H1N1,plate11-A/Victoria/4897/2022_IVR-238_H1N1,2575,1.059,1
seqneut25to26_sera_1037_d0,A/Victoria/4897/2022_IVR-238_H1N1,plate11-A/Victoria/4897/2022_IVR-238_H1N1,5921,1.334,1
seqneut25to26_sera_1037_d0,A/Victoria/4897/2022_IVR-238_H1N1,plate11-A/Victoria/4897/2022_IVR-238_H1N1,1.362e+04,1.717,1
seqneut25to26_sera_1037_d0,A/Wisconsin/588/2019_H1N1,plate11-A/Wisconsin/588/2019_H1N1,40,0.004485,0.004485
seqneut25to26_sera_1037_d0,A/Wisconsin/588/2019_H1N1,plate11-A/Wisconsin/588/2019_H1N1,92,0.04374,0.04374
seqneut25to26_sera_1037_d0,A/Wisconsin/588/2019_H1N1,plate11-A/Wisconsin/588/2019_H1N1,212,0.3295,0.3295
seqneut25to26_sera_1037_d0,A/Wisconsin/588/2019_H1N1,plate11-A/Wisconsin/588/2019_H1N1,487,0.8322,0.8322
seqneut25to26_sera_1037_d0,A/Wisconsin/588/2019_H1N1,plate11-A/Wisconsin/588/2019_H1N1,1119,0.8968,0.8968
seqneut25to26_sera_1037_d0,A/Wisconsin/588/2019_H1N1,plate11-A/Wisconsin/588/2019_H1N1,2575,0.8371,0.8371
seqneut25to26_sera_1037_d0,A/Wisconsin/588/2019_H1N1,plate11-A/Wisconsin/588/2019_H1N1,5921,0.8912,0.8912
seqneut25to26_sera_1037_d0,A/Wisconsin/588/2019_H1N1,plate11-A/Wisconsin/588/2019_H1N1,1.362e+04,1.417,1
seqneut25to26_sera_1037_d0,A/Wisconsin/67/2022_H1N1,plate11-A/Wisconsin/67/2022_H1N1,40,0.2673,0.2673
seqneut25to26_sera_1037_d0,A/Wisconsin/67/2022_H1N1,plate11-A/Wisconsin/67/2022_H1N1,92,0.5109,0.5109
seqneut25to26_sera_1037_d0,A/Wisconsin/67/2022_H1N1,plate11-A/Wisconsin/67/2022_H1N1,212,0.7942,0.7942
seqneut25to26_sera_1037_d0,A/Wisconsin/67/2022_H1N1,plate11-A/Wisconsin/67/2022_H1N1,487,1.008,1
seqneut25to26_sera_1037_d0,A/Wisconsin/67/2022_H1N1,plate11-A/Wisconsin/67/2022_H1N1,1119,1.095,1
seqneut25to26_sera_1037_d0,A/Wisconsin/67/2022_H1N1,plate11-A/Wisconsin/67/2022_H1N1,2575,0.9112,0.9112
seqneut25to26_sera_1037_d0,A/Wisconsin/67/2022_H1N1,plate11-A/Wisconsin/67/2022_H1N1,5921,0.8845,0.8845
seqneut25to26_sera_1037_d0,A/Wisconsin/67/2022_H1N1,plate11-A/Wisconsin/67/2022_H1N1,1.362e+04,1.257,1
seqneut25to26_sera_1037_d0,A/Zacapa/FLU-261/2025_H1N1,plate11-A/Zacapa/FLU-261/2025_H1N1,40,0.302,0.302
seqneut25to26_sera_1037_d0,A/Zacapa/FLU-261/2025_H1N1,plate11-A/Zacapa/FLU-261/2025_H1N1,92,0.619,0.619
seqneut25to26_sera_1037_d0,A/Zacapa/FLU-261/2025_H1N1,plate11-A/Zacapa/FLU-261/2025_H1N1,212,0.8077,0.8077
seqneut25to26_sera_1037_d0,A/Zacapa/FLU-261/2025_H1N1,plate11-A/Zacapa/FLU-261/2025_H1N1,487,1.078,1
seqneut25to26_sera_1037_d0,A/Zacapa/FLU-261/2025_H1N1,plate11-A/Zacapa/FLU-261/2025_H1N1,1119,1.057,1
seqneut25to26_sera_1037_d0,A/Zacapa/FLU-261/2025_H1N1,plate11-A/Zacapa/FLU-261/2025_H1N1,2575,0.9959,0.9959
seqneut25to26_sera_1037_d0,A/Zacapa/FLU-261/2025_H1N1,plate11-A/Zacapa/FLU-261/2025_H1N1,5921,1.075,1
seqneut25to26_sera_1037_d0,A/Zacapa/FLU-261/2025_H1N1,plate11-A/Zacapa/FLU-261/2025_H1N1,1.362e+04,1.396,1
seqneut25to26_sera_1037_d28,A/Alagoas/4130/2025_H3N2,plate11-A/Alagoas/4130/2025_H3N2,40,0,0
seqneut25to26_sera_1037_d28,A/Alagoas/4130/2025_H3N2,plate11-A/Alagoas/4130/2025_H3N2,92,0.0001718,0.0001718
seqneut25to26_sera_1037_d28,A/Alagoas/4130/2025_H3N2,plate11-A/Alagoas/4130/2025_H3N2,212,0.006704,0.006704
seqneut25to26_sera_1037_d28,A/Alagoas/4130/2025_H3N2,plate11-A/Alagoas/4130/2025_H3N2,487,0.1086,0.1086
seqneut25to26_sera_1037_d28,A/Alagoas/4130/2025_H3N2,plate11-A/Alagoas/4130/2025_H3N2,1119,0.4118,0.4118
seqneut25to26_sera_1037_d28,A/Alagoas/4130/2025_H3N2,plate11-A/Alagoas/4130/2025_H3N2,2575,0.4598,0.4598
seqneut25to26_sera_1037_d28,A/Alagoas/4130/2025_H3N2,plate11-A/Alagoas/4130/2025_H3N2,5921,0.895,0.895
seqneut25to26_sera_1037_d28,A/Alagoas/4130/2025_H3N2,plate11-A/Alagoas/4130/2025_H3N2,1.362e+04,0.9294,0.9294
seqneut25to26_sera_1037_d28,A/Anapolis/LEIAL6543/2025_H3N2,plate11-A/Anapolis/LEIAL6543/2025_H3N2,40,9.376e-05,9.376e-05
seqneut25to26_sera_1037_d28,A/Anapolis/LEIAL6543/2025_H3N2,plate11-A/Anapolis/LEIAL6543/2025_H3N2,92,0.02757,0.02757
seqneut25to26_sera_1037_d28,A/Anapolis/LEIAL6543/2025_H3N2,plate11-A/Anapolis/LEIAL6543/2025_H3N2,212,0.08167,0.08167
seqneut25to26_sera_1037_d28,A/Anapolis/LEIAL6543/2025_H3N2,plate11-A/Anapolis/LEIAL6543/2025_H3N2,487,0.2849,0.2849
seqneut25to26_sera_1037_d28,A/Anapolis/LEIAL6543/2025_H3N2,plate11-A/Anapolis/LEIAL6543/2025_H3N2,1119,0.484,0.484
seqneut25to26_sera_1037_d28,A/Anapolis/LEIAL6543/2025_H3N2,plate11-A/Anapolis/LEIAL6543/2025_H3N2,2575,0.5854,0.5854
seqneut25to26_sera_1037_d28,A/Anapolis/LEIAL6543/2025_H3N2,plate11-A/Anapolis/LEIAL6543/2025_H3N2,5921,1.025,1
seqneut25to26_sera_1037_d28,A/Anapolis/LEIAL6543/2025_H3N2,plate11-A/Anapolis/LEIAL6543/2025_H3N2,1.362e+04,0.9709,0.9709
seqneut25to26_sera_1037_d28,A/Andalucia/PMC-00977/2025_H1N1,plate11-A/Andalucia/PMC-00977/2025_H1N1,40,0.01521,0.01521
seqneut25to26_sera_1037_d28,A/Andalucia/PMC-00977/2025_H1N1,plate11-A/Andalucia/PMC-00977/2025_H1N1,92,0.2162,0.2162
seqneut25to26_sera_1037_d28,A/Andalucia/PMC-00977/2025_H1N1,plate11-A/Andalucia/PMC-00977/2025_H1N1,212,0.7165,0.7165
seqneut25to26_sera_1037_d28,A/Andalucia/PMC-00977/2025_H1N1,plate11-A/Andalucia/PMC-00977/2025_H1N1,487,0.9384,0.9384
seqneut25to26_sera_1037_d28,A/Andalucia/PMC-00977/2025_H1N1,plate11-A/Andalucia/PMC-00977/2025_H1N1,1119,1.454,1
seqneut25to26_sera_1037_d28,A/Andalucia/PMC-00977/2025_H1N1,plate11-A/Andalucia/PMC-00977/2025_H1N1,2575,0.9561,0.9561
seqneut25to26_sera_1037_d28,A/Andalucia/PMC-00977/2025_H1N1,plate11-A/Andalucia/PMC-00977/2025_H1N1,5921,0.9962,0.9962
seqneut25to26_sera_1037_d28,A/Andalucia/PMC-00977/2025_H1N1,plate11-A/Andalucia/PMC-00977/2025_H1N1,1.362e+04,1.085,1
seqneut25to26_sera_1037_d28,A/Aragon/2046/2025_H1N1,plate11-A/Aragon/2046/2025_H1N1,40,0.02176,0.02176
seqneut25to26_sera_1037_d28,A/Aragon/2046/2025_H1N1,plate11-A/Aragon/2046/2025_H1N1,92,0.1313,0.1313
seqneut25to26_sera_1037_d28,A/Aragon/2046/2025_H1N1,plate11-A/Aragon/2046/2025_H1N1,212,0.5881,0.5881
seqneut25to26_sera_1037_d28,A/Aragon/2046/2025_H1N1,plate11-A/Aragon/2046/2025_H1N1,487,0.9217,0.9217
seqneut25to26_sera_1037_d28,A/Aragon/2046/2025_H1N1,plate11-A/Aragon/2046/2025_H1N1,1119,1.433,1
seqneut25to26_sera_1037_d28,A/Aragon/2046/2025_H1N1,plate11-A/Aragon/2046/2025_H1N1,2575,0.9346,0.9346
seqneut25to26_sera_1037_d28,A/Aragon/2046/2025_H1N1,plate11-A/Aragon/2046/2025_H1N1,5921,1.083,1
seqneut25to26_sera_1037_d28,A/Aragon/2046/2025_H1N1,plate11-A/Aragon/2046/2025_H1N1,1.362e+04,1.122,1
seqneut25to26_sera_1037_d28,A/Arica/59150/2025_H3N2,plate11-A/Arica/59150/2025_H3N2,40,0.002019,0.002019
seqneut25to26_sera_1037_d28,A/Arica/59150/2025_H3N2,plate11-A/Arica/59150/2025_H3N2,92,0.03093,0.03093
seqneut25to26_sera_1037_d28,A/Arica/59150/2025_H3N2,plate11-A/Arica/59150/2025_H3N2,212,0.09899,0.09899
seqneut25to26_sera_1037_d28,A/Arica/59150/2025_H3N2,plate11-A/Arica/59150/2025_H3N2,487,0.2467,0.2467
seqneut25to26_sera_1037_d28,A/Arica/59150/2025_H3N2,plate11-A/Arica/59150/2025_H3N2,1119,0.6418,0.6418
seqneut25to26_sera_1037_d28,A/Arica/59150/2025_H3N2,plate11-A/Arica/59150/2025_H3N2,2575,0.5634,0.5634
seqneut25to26_sera_1037_d28,A/Arica/59150/2025_H3N2,plate11-A/Arica/59150/2025_H3N2,5921,0.833,0.833
seqneut25to26_sera_1037_d28,A/Arica/59150/2025_H3N2,plate11-A/Arica/59150/2025_H3N2,1.362e+04,0.9775,0.9775
seqneut25to26_sera_1037_d28,A/Bahia/3102/2025_H3N2,plate11-A/Bahia/3102/2025_H3N2,40,4.183e-05,4.183e-05
seqneut25to26_sera_1037_d28,A/Bahia/3102/2025_H3N2,plate11-A/Bahia/3102/2025_H3N2,92,0.02598,0.02598
seqneut25to26_sera_1037_d28,A/Bahia/3102/2025_H3N2,plate11-A/Bahia/3102/2025_H3N2,212,0.02395,0.02395
seqneut25to26_sera_1037_d28,A/Bahia/3102/2025_H3N2,plate11-A/Bahia/3102/2025_H3N2,487,0.2069,0.2069
seqneut25to26_sera_1037_d28,A/Bahia/3102/2025_H3N2,plate11-A/Bahia/3102/2025_H3N2,1119,0.5867,0.5867
seqneut25to26_sera_1037_d28,A/Bahia/3102/2025_H3N2,plate11-A/Bahia/3102/2025_H3N2,2575,0.5604,0.5604
seqneut25to26_sera_1037_d28,A/Bahia/3102/2025_H3N2,plate11-A/Bahia/3102/2025_H3N2,5921,0.8645,0.8645
seqneut25to26_sera_1037_d28,A/Bahia/3102/2025_H3N2,plate11-A/Bahia/3102/2025_H3N2,1.362e+04,1.005,1
seqneut25to26_sera_1037_d28,A/Bangkok/1803/2025_H1N1,plate11-A/Bangkok/1803/2025_H1N1,40,0.07849,0.07849
seqneut25to26_sera_1037_d28,A/Bangkok/1803/2025_H1N1,plate11-A/Bangkok/1803/2025_H1N1,92,0.4468,0.4468
seqneut25to26_sera_1037_d28,A/Bangkok/1803/2025_H1N1,plate11-A/Bangkok/1803/2025_H1N1,212,1.011,1
seqneut25to26_sera_1037_d28,A/Bangkok/1803/2025_H1N1,plate11-A/Bangkok/1803/2025_H1N1,487,1.122,1
seqneut25to26_sera_1037_d28,A/Bangkok/1803/2025_H1N1,plate11-A/Bangkok/1803/2025_H1N1,1119,1.421,1
seqneut25to26_sera_1037_d28,A/Bangkok/1803/2025_H1N1,plate11-A/Bangkok/1803/2025_H1N1,2575,1.083,1
seqneut25to26_sera_1037_d28,A/Bangkok/1803/2025_H1N1,plate11-A/Bangkok/1803/2025_H1N1,5921,1.017,1
seqneut25to26_sera_1037_d28,A/Bangkok/1803/2025_H1N1,plate11-A/Bangkok/1803/2025_H1N1,1.362e+04,1.129,1
seqneut25to26_sera_1037_d28,A/Bangkok/P2229/2025_H1N1,plate11-A/Bangkok/P2229/2025_H1N1,40,0.01284,0.01284
seqneut25to26_sera_1037_d28,A/Bangkok/P2229/2025_H1N1,plate11-A/Bangkok/P2229/2025_H1N1,92,0.1506,0.1506
seqneut25to26_sera_1037_d28,A/Bangkok/P2229/2025_H1N1,plate11-A/Bangkok/P2229/2025_H1N1,212,0.7652,0.7652
seqneut25to26_sera_1037_d28,A/Bangkok/P2229/2025_H1N1,plate11-A/Bangkok/P2229/2025_H1N1,487,0.9429,0.9429
seqneut25to26_sera_1037_d28,A/Bangkok/P2229/2025_H1N1,plate11-A/Bangkok/P2229/2025_H1N1,1119,1.419,1
seqneut25to26_sera_1037_d28,A/Bangkok/P2229/2025_H1N1,plate11-A/Bangkok/P2229/2025_H1N1,2575,0.9416,0.9416
seqneut25to26_sera_1037_d28,A/Bangkok/P2229/2025_H1N1,plate11-A/Bangkok/P2229/2025_H1N1,5921,1.158,1
seqneut25to26_sera_1037_d28,A/Bangkok/P2229/2025_H1N1,plate11-A/Bangkok/P2229/2025_H1N1,1.362e+04,1.176,1
seqneut25to26_sera_1037_d28,A/Bangkok/P2323/2025_H3N2,plate11-A/Bangkok/P2323/2025_H3N2,40,0.02199,0.02199
seqneut25to26_sera_1037_d28,A/Bangkok/P2323/2025_H3N2,plate11-A/Bangkok/P2323/2025_H3N2,92,0.09579,0.09579
seqneut25to26_sera_1037_d28,A/Bangkok/P2323/2025_H3N2,plate11-A/Bangkok/P2323/2025_H3N2,212,0.1821,0.1821
seqneut25to26_sera_1037_d28,A/Bangkok/P2323/2025_H3N2,plate11-A/Bangkok/P2323/2025_H3N2,487,0.4582,0.4582
seqneut25to26_sera_1037_d28,A/Bangkok/P2323/2025_H3N2,plate11-A/Bangkok/P2323/2025_H3N2,1119,0.7672,0.7672
seqneut25to26_sera_1037_d28,A/Bangkok/P2323/2025_H3N2,plate11-A/Bangkok/P2323/2025_H3N2,2575,0.6636,0.6636
seqneut25to26_sera_1037_d28,A/Bangkok/P2323/2025_H3N2,plate11-A/Bangkok/P2323/2025_H3N2,5921,0.8678,0.8678
seqneut25to26_sera_1037_d28,A/Bangkok/P2323/2025_H3N2,plate11-A/Bangkok/P2323/2025_H3N2,1.362e+04,0.8633,0.8633
seqneut25to26_sera_1037_d28,A/Bangkok/P2390/2025_H3N2,plate11-A/Bangkok/P2390/2025_H3N2,40,0.01671,0.01671
seqneut25to26_sera_1037_d28,A/Bangkok/P2390/2025_H3N2,plate11-A/Bangkok/P2390/2025_H3N2,92,0.111,0.111
seqneut25to26_sera_1037_d28,A/Bangkok/P2390/2025_H3N2,plate11-A/Bangkok/P2390/2025_H3N2,212,0.2394,0.2394
seqneut25to26_sera_1037_d28,A/Bangkok/P2390/2025_H3N2,plate11-A/Bangkok/P2390/2025_H3N2,487,0.5344,0.5344
seqneut25to26_sera_1037_d28,A/Bangkok/P2390/2025_H3N2,plate11-A/Bangkok/P2390/2025_H3N2,1119,0.8475,0.8475
seqneut25to26_sera_1037_d28,A/Bangkok/P2390/2025_H3N2,plate11-A/Bangkok/P2390/2025_H3N2,2575,0.6991,0.6991
seqneut25to26_sera_1037_d28,A/Bangkok/P2390/2025_H3N2,plate11-A/Bangkok/P2390/2025_H3N2,5921,0.8475,0.8475
seqneut25to26_sera_1037_d28,A/Bangkok/P2390/2025_H3N2,plate11-A/Bangkok/P2390/2025_H3N2,1.362e+04,1.128,1
seqneut25to26_sera_1037_d28,A/Bangkok/P2391/2025_H3N2,plate11-A/Bangkok/P2391/2025_H3N2,40,0.01887,0.01887
seqneut25to26_sera_1037_d28,A/Bangkok/P2391/2025_H3N2,plate11-A/Bangkok/P2391/2025_H3N2,92,0.03354,0.03354
seqneut25to26_sera_1037_d28,A/Bangkok/P2391/2025_H3N2,plate11-A/Bangkok/P2391/2025_H3N2,212,0.1004,0.1004
seqneut25to26_sera_1037_d28,A/Bangkok/P2391/2025_H3N2,plate11-A/Bangkok/P2391/2025_H3N2,487,0.2876,0.2876
seqneut25to26_sera_1037_d28,A/Bangkok/P2391/2025_H3N2,plate11-A/Bangkok/P2391/2025_H3N2,1119,0.6389,0.6389
seqneut25to26_sera_1037_d28,A/Bangkok/P2391/2025_H3N2,plate11-A/Bangkok/P2391/2025_H3N2,2575,0.7078,0.7078
seqneut25to26_sera_1037_d28,A/Bangkok/P2391/2025_H3N2,plate11-A/Bangkok/P2391/2025_H3N2,5921,0.7261,0.7261
seqneut25to26_sera_1037_d28,A/Bangkok/P2391/2025_H3N2,plate11-A/Bangkok/P2391/2025_H3N2,1.362e+04,0.8639,0.8639
seqneut25to26_sera_1037_d28,A/Bangkok/P2572/2025_H3N2,plate11-A/Bangkok/P2572/2025_H3N2,40,0.01418,0.01418
seqneut25to26_sera_1037_d28,A/Bangkok/P2572/2025_H3N2,plate11-A/Bangkok/P2572/2025_H3N2,92,0.1305,0.1305
seqneut25to26_sera_1037_d28,A/Bangkok/P2572/2025_H3N2,plate11-A/Bangkok/P2572/2025_H3N2,212,0.2956,0.2956
seqneut25to26_sera_1037_d28,A/Bangkok/P2572/2025_H3N2,plate11-A/Bangkok/P2572/2025_H3N2,487,0.346,0.346
seqneut25to26_sera_1037_d28,A/Bangkok/P2572/2025_H3N2,plate11-A/Bangkok/P2572/2025_H3N2,1119,0.8889,0.8889
seqneut25to26_sera_1037_d28,A/Bangkok/P2572/2025_H3N2,plate11-A/Bangkok/P2572/2025_H3N2,2575,0.6391,0.6391
seqneut25to26_sera_1037_d28,A/Bangkok/P2572/2025_H3N2,plate11-A/Bangkok/P2572/2025_H3N2,5921,1.104,1
seqneut25to26_sera_1037_d28,A/Bangkok/P2572/2025_H3N2,plate11-A/Bangkok/P2572/2025_H3N2,1.362e+04,1.046,1
seqneut25to26_sera_1037_d28,A/Bangkok/P2921/2025_H3N2,plate11-A/Bangkok/P2921/2025_H3N2,40,0,0
seqneut25to26_sera_1037_d28,A/Bangkok/P2921/2025_H3N2,plate11-A/Bangkok/P2921/2025_H3N2,92,0.000176,0.000176
seqneut25to26_sera_1037_d28,A/Bangkok/P2921/2025_H3N2,plate11-A/Bangkok/P2921/2025_H3N2,212,0.001471,0.001471
seqneut25to26_sera_1037_d28,A/Bangkok/P2921/2025_H3N2,plate11-A/Bangkok/P2921/2025_H3N2,487,0.05363,0.05363
seqneut25to26_sera_1037_d28,A/Bangkok/P2921/2025_H3N2,plate11-A/Bangkok/P2921/2025_H3N2,1119,0.3932,0.3932
seqneut25to26_sera_1037_d28,A/Bangkok/P2921/2025_H3N2,plate11-A/Bangkok/P2921/2025_H3N2,2575,0.6684,0.6684
seqneut25to26_sera_1037_d28,A/Bangkok/P2921/2025_H3N2,plate11-A/Bangkok/P2921/2025_H3N2,5921,0.7121,0.7121
seqneut25to26_sera_1037_d28,A/Bangkok/P2921/2025_H3N2,plate11-A/Bangkok/P2921/2025_H3N2,1.362e+04,1.042,1
seqneut25to26_sera_1037_d28,A/Bangkok/P3067/2025_H1N1,plate11-A/Bangkok/P3067/2025_H1N1,40,0.00923,0.00923
seqneut25to26_sera_1037_d28,A/Bangkok/P3067/2025_H1N1,plate11-A/Bangkok/P3067/2025_H1N1,92,0.2661,0.2661
seqneut25to26_sera_1037_d28,A/Bangkok/P3067/2025_H1N1,plate11-A/Bangkok/P3067/2025_H1N1,212,0.7783,0.7783
seqneut25to26_sera_1037_d28,A/Bangkok/P3067/2025_H1N1,plate11-A/Bangkok/P3067/2025_H1N1,487,0.7983,0.7983
seqneut25to26_sera_1037_d28,A/Bangkok/P3067/2025_H1N1,plate11-A/Bangkok/P3067/2025_H1N1,1119,1.034,1
seqneut25to26_sera_1037_d28,A/Bangkok/P3067/2025_H1N1,plate11-A/Bangkok/P3067/2025_H1N1,2575,0.9109,0.9109
seqneut25to26_sera_1037_d28,A/Bangkok/P3067/2025_H1N1,plate11-A/Bangkok/P3067/2025_H1N1,5921,1.063,1
seqneut25to26_sera_1037_d28,A/Bangkok/P3067/2025_H1N1,plate11-A/Bangkok/P3067/2025_H1N1,1.362e+04,1.074,1
seqneut25to26_sera_1037_d28,A/Bangkok/P3263/2025_H3N2,plate11-A/Bangkok/P3263/2025_H3N2,40,0.02753,0.02753
seqneut25to26_sera_1037_d28,A/Bangkok/P3263/2025_H3N2,plate11-A/Bangkok/P3263/2025_H3N2,92,0.1003,0.1003
seqneut25to26_sera_1037_d28,A/Bangkok/P3263/2025_H3N2,plate11-A/Bangkok/P3263/2025_H3N2,212,0.1972,0.1972
seqneut25to26_sera_1037_d28,A/Bangkok/P3263/2025_H3N2,plate11-A/Bangkok/P3263/2025_H3N2,487,0.435,0.435
seqneut25to26_sera_1037_d28,A/Bangkok/P3263/2025_H3N2,plate11-A/Bangkok/P3263/2025_H3N2,1119,0.8237,0.8237
seqneut25to26_sera_1037_d28,A/Bangkok/P3263/2025_H3N2,plate11-A/Bangkok/P3263/2025_H3N2,2575,0.7956,0.7956
seqneut25to26_sera_1037_d28,A/Bangkok/P3263/2025_H3N2,plate11-A/Bangkok/P3263/2025_H3N2,5921,0.8262,0.8262
seqneut25to26_sera_1037_d28,A/Bangkok/P3263/2025_H3N2,plate11-A/Bangkok/P3263/2025_H3N2,1.362e+04,1.113,1
seqneut25to26_sera_1037_d28,A/Belgium/H0097/2025_H3N2,plate11-A/Belgium/H0097/2025_H3N2,40,9.658e-05,9.658e-05
seqneut25to26_sera_1037_d28,A/Belgium/H0097/2025_H3N2,plate11-A/Belgium/H0097/2025_H3N2,92,0.02603,0.02603
seqneut25to26_sera_1037_d28,A/Belgium/H0097/2025_H3N2,plate11-A/Belgium/H0097/2025_H3N2,212,0.1435,0.1435
seqneut25to26_sera_1037_d28,A/Belgium/H0097/2025_H3N2,plate11-A/Belgium/H0097/2025_H3N2,487,0.3076,0.3076
seqneut25to26_sera_1037_d28,A/Belgium/H0097/2025_H3N2,plate11-A/Belgium/H0097/2025_H3N2,1119,0.8397,0.8397
seqneut25to26_sera_1037_d28,A/Belgium/H0097/2025_H3N2,plate11-A/Belgium/H0097/2025_H3N2,2575,0.7664,0.7664
seqneut25to26_sera_1037_d28,A/Belgium/H0097/2025_H3N2,plate11-A/Belgium/H0097/2025_H3N2,5921,0.8158,0.8158
seqneut25to26_sera_1037_d28,A/Belgium/H0097/2025_H3N2,plate11-A/Belgium/H0097/2025_H3N2,1.362e+04,0.9799,0.9799
seqneut25to26_sera_1037_d28,A/Bhutan/1267/2025_H3N2,plate11-A/Bhutan/1267/2025_H3N2,40,0,0
seqneut25to26_sera_1037_d28,A/Bhutan/1267/2025_H3N2,plate11-A/Bhutan/1267/2025_H3N2,92,9.868e-05,9.868e-05
seqneut25to26_sera_1037_d28,A/Bhutan/1267/2025_H3N2,plate11-A/Bhutan/1267/2025_H3N2,212,0.01114,0.01114
seqneut25to26_sera_1037_d28,A/Bhutan/1267/2025_H3N2,plate11-A/Bhutan/1267/2025_H3N2,487,0.1298,0.1298
seqneut25to26_sera_1037_d28,A/Bhutan/1267/2025_H3N2,plate11-A/Bhutan/1267/2025_H3N2,1119,0.5546,0.5546
seqneut25to26_sera_1037_d28,A/Bhutan/1267/2025_H3N2,plate11-A/Bhutan/1267/2025_H3N2,2575,0.5758,0.5758
seqneut25to26_sera_1037_d28,A/Bhutan/1267/2025_H3N2,plate11-A/Bhutan/1267/2025_H3N2,5921,0.8035,0.8035
seqneut25to26_sera_1037_d28,A/Bhutan/1267/2025_H3N2,plate11-A/Bhutan/1267/2025_H3N2,1.362e+04,1.03,1
seqneut25to26_sera_1037_d28,A/Bhutan/7/2025_H3N2,plate11-A/Bhutan/7/2025_H3N2,40,0,0
seqneut25to26_sera_1037_d28,A/Bhutan/7/2025_H3N2,plate11-A/Bhutan/7/2025_H3N2,92,0.001344,0.001344
seqneut25to26_sera_1037_d28,A/Bhutan/7/2025_H3N2,plate11-A/Bhutan/7/2025_H3N2,212,0.01828,0.01828
seqneut25to26_sera_1037_d28,A/Bhutan/7/2025_H3N2,plate11-A/Bhutan/7/2025_H3N2,487,0.1661,0.1661
seqneut25to26_sera_1037_d28,A/Bhutan/7/2025_H3N2,plate11-A/Bhutan/7/2025_H3N2,1119,0.5516,0.5516
seqneut25to26_sera_1037_d28,A/Bhutan/7/2025_H3N2,plate11-A/Bhutan/7/2025_H3N2,2575,0.7405,0.7405
seqneut25to26_sera_1037_d28,A/Bhutan/7/2025_H3N2,plate11-A/Bhutan/7/2025_H3N2,5921,0.8996,0.8996
seqneut25to26_sera_1037_d28,A/Bhutan/7/2025_H3N2,plate11-A/Bhutan/7/2025_H3N2,1.362e+04,1.084,1
seqneut25to26_sera_1037_d28,A/BritishColumbia/PHL-2473/2025_H1N1,plate11-A/BritishColumbia/PHL-2473/2025_H1N1,40,0.02397,0.02397
seqneut25to26_sera_1037_d28,A/BritishColumbia/PHL-2473/2025_H1N1,plate11-A/BritishColumbia/PHL-2473/2025_H1N1,92,0.2386,0.2386
seqneut25to26_sera_1037_d28,A/BritishColumbia/PHL-2473/2025_H1N1,plate11-A/BritishColumbia/PHL-2473/2025_H1N1,212,0.6777,0.6777
seqneut25to26_sera_1037_d28,A/BritishColumbia/PHL-2473/2025_H1N1,plate11-A/BritishColumbia/PHL-2473/2025_H1N1,487,0.8117,0.8117
seqneut25to26_sera_1037_d28,A/BritishColumbia/PHL-2473/2025_H1N1,plate11-A/BritishColumbia/PHL-2473/2025_H1N1,1119,1.246,1
seqneut25to26_sera_1037_d28,A/BritishColumbia/PHL-2473/2025_H1N1,plate11-A/BritishColumbia/PHL-2473/2025_H1N1,2575,0.9574,0.9574
seqneut25to26_sera_1037_d28,A/BritishColumbia/PHL-2473/2025_H1N1,plate11-A/BritishColumbia/PHL-2473/2025_H1N1,5921,1.111,1
seqneut25to26_sera_1037_d28,A/BritishColumbia/PHL-2473/2025_H1N1,plate11-A/BritishColumbia/PHL-2473/2025_H1N1,1.362e+04,1.148,1
seqneut25to26_sera_1037_d28,A/California/61/2025_H3N2,plate11-A/California/61/2025_H3N2,40,0.001581,0.001581
seqneut25to26_sera_1037_d28,A/California/61/2025_H3N2,plate11-A/California/61/2025_H3N2,92,0.04063,0.04063
seqneut25to26_sera_1037_d28,A/California/61/2025_H3N2,plate11-A/California/61/2025_H3N2,212,0.3204,0.3204
seqneut25to26_sera_1037_d28,A/California/61/2025_H3N2,plate11-A/California/61/2025_H3N2,487,0.347,0.347
seqneut25to26_sera_1037_d28,A/California/61/2025_H3N2,plate11-A/California/61/2025_H3N2,1119,0.9381,0.9381
seqneut25to26_sera_1037_d28,A/California/61/2025_H3N2,plate11-A/California/61/2025_H3N2,2575,0.8059,0.8059
seqneut25to26_sera_1037_d28,A/California/61/2025_H3N2,plate11-A/California/61/2025_H3N2,5921,0.7881,0.7881
seqneut25to26_sera_1037_d28,A/California/61/2025_H3N2,plate11-A/California/61/2025_H3N2,1.362e+04,1.229,1
seqneut25to26_sera_1037_d28,A/California/63/2025_H1N1,plate11-A/California/63/2025_H1N1,40,0.01026,0.01026
seqneut25to26_sera_1037_d28,A/California/63/2025_H1N1,plate11-A/California/63/2025_H1N1,92,0.1427,0.1427
seqneut25to26_sera_1037_d28,A/California/63/2025_H1N1,plate11-A/California/63/2025_H1N1,212,0.7744,0.7744
seqneut25to26_sera_1037_d28,A/California/63/2025_H1N1,plate11-A/California/63/2025_H1N1,487,0.8579,0.8579
seqneut25to26_sera_1037_d28,A/California/63/2025_H1N1,plate11-A/California/63/2025_H1N1,1119,1.554,1
seqneut25to26_sera_1037_d28,A/California/63/2025_H1N1,plate11-A/California/63/2025_H1N1,2575,0.8838,0.8838
seqneut25to26_sera_1037_d28,A/California/63/2025_H1N1,plate11-A/California/63/2025_H1N1,5921,1.095,1
seqneut25to26_sera_1037_d28,A/California/63/2025_H1N1,plate11-A/California/63/2025_H1N1,1.362e+04,1.072,1
seqneut25to26_sera_1037_d28,A/Canberra/465/2025_H1N1,plate11-A/Canberra/465/2025_H1N1,40,0.008302,0.008302
seqneut25to26_sera_1037_d28,A/Canberra/465/2025_H1N1,plate11-A/Canberra/465/2025_H1N1,92,0.1543,0.1543
seqneut25to26_sera_1037_d28,A/Canberra/465/2025_H1N1,plate11-A/Canberra/465/2025_H1N1,212,0.6721,0.6721
seqneut25to26_sera_1037_d28,A/Canberra/465/2025_H1N1,plate11-A/Canberra/465/2025_H1N1,487,0.8499,0.8499
seqneut25to26_sera_1037_d28,A/Canberra/465/2025_H1N1,plate11-A/Canberra/465/2025_H1N1,1119,1.36,1
seqneut25to26_sera_1037_d28,A/Canberra/465/2025_H1N1,plate11-A/Canberra/465/2025_H1N1,2575,0.8107,0.8107
seqneut25to26_sera_1037_d28,A/Canberra/465/2025_H1N1,plate11-A/Canberra/465/2025_H1N1,5921,1.016,1
seqneut25to26_sera_1037_d28,A/Canberra/465/2025_H1N1,plate11-A/Canberra/465/2025_H1N1,1.362e+04,1.041,1
seqneut25to26_sera_1037_d28,A/Canberra/530/2025_H1N1,plate11-A/Canberra/530/2025_H1N1,40,0.01297,0.01297
seqneut25to26_sera_1037_d28,A/Canberra/530/2025_H1N1,plate11-A/Canberra/530/2025_H1N1,92,0.1799,0.1799
seqneut25to26_sera_1037_d28,A/Canberra/530/2025_H1N1,plate11-A/Canberra/530/2025_H1N1,212,0.633,0.633
seqneut25to26_sera_1037_d28,A/Canberra/530/2025_H1N1,plate11-A/Canberra/530/2025_H1N1,487,0.899,0.899
seqneut25to26_sera_1037_d28,A/Canberra/530/2025_H1N1,plate11-A/Canberra/530/2025_H1N1,1119,1.25,1
seqneut25to26_sera_1037_d28,A/Canberra/530/2025_H1N1,plate11-A/Canberra/530/2025_H1N1,2575,0.8787,0.8787
seqneut25to26_sera_1037_d28,A/Canberra/530/2025_H1N1,plate11-A/Canberra/530/2025_H1N1,5921,0.9788,0.9788
seqneut25to26_sera_1037_d28,A/Canberra/530/2025_H1N1,plate11-A/Canberra/530/2025_H1N1,1.362e+04,1.146,1
seqneut25to26_sera_1037_d28,A/Catalonia/NSVH102689455/2025_H1N1,plate11-A/Catalonia/NSVH102689455/2025_H1N1,40,0.01637,0.01637
seqneut25to26_sera_1037_d28,A/Catalonia/NSVH102689455/2025_H1N1,plate11-A/Catalonia/NSVH102689455/2025_H1N1,92,0.2115,0.2115
seqneut25to26_sera_1037_d28,A/Catalonia/NSVH102689455/2025_H1N1,plate11-A/Catalonia/NSVH102689455/2025_H1N1,212,0.5879,0.5879
seqneut25to26_sera_1037_d28,A/Catalonia/NSVH102689455/2025_H1N1,plate11-A/Catalonia/NSVH102689455/2025_H1N1,487,0.8037,0.8037
seqneut25to26_sera_1037_d28,A/Catalonia/NSVH102689455/2025_H1N1,plate11-A/Catalonia/NSVH102689455/2025_H1N1,1119,1.163,1
seqneut25to26_sera_1037_d28,A/Catalonia/NSVH102689455/2025_H1N1,plate11-A/Catalonia/NSVH102689455/2025_H1N1,2575,0.9621,0.9621
seqneut25to26_sera_1037_d28,A/Catalonia/NSVH102689455/2025_H1N1,plate11-A/Catalonia/NSVH102689455/2025_H1N1,5921,1.192,1
seqneut25to26_sera_1037_d28,A/Catalonia/NSVH102689455/2025_H1N1,plate11-A/Catalonia/NSVH102689455/2025_H1N1,1.362e+04,1.072,1
seqneut25to26_sera_1037_d28,A/Colorado/105/2025_H1N1,plate11-A/Colorado/105/2025_H1N1,40,0.06007,0.06007
seqneut25to26_sera_1037_d28,A/Colorado/105/2025_H1N1,plate11-A/Colorado/105/2025_H1N1,92,0.1769,0.1769
seqneut25to26_sera_1037_d28,A/Colorado/105/2025_H1N1,plate11-A/Colorado/105/2025_H1N1,212,0.7204,0.7204
seqneut25to26_sera_1037_d28,A/Colorado/105/2025_H1N1,plate11-A/Colorado/105/2025_H1N1,487,0.749,0.749
seqneut25to26_sera_1037_d28,A/Colorado/105/2025_H1N1,plate11-A/Colorado/105/2025_H1N1,1119,1.419,1
seqneut25to26_sera_1037_d28,A/Colorado/105/2025_H1N1,plate11-A/Colorado/105/2025_H1N1,2575,0.9438,0.9438
seqneut25to26_sera_1037_d28,A/Colorado/105/2025_H1N1,plate11-A/Colorado/105/2025_H1N1,5921,1.044,1
seqneut25to26_sera_1037_d28,A/Colorado/105/2025_H1N1,plate11-A/Colorado/105/2025_H1N1,1.362e+04,1.081,1
seqneut25to26_sera_1037_d28,A/CoteDIvoire/2007/2025_H1N1,plate11-A/CoteDIvoire/2007/2025_H1N1,40,0.007881,0.007881
seqneut25to26_sera_1037_d28,A/CoteDIvoire/2007/2025_H1N1,plate11-A/CoteDIvoire/2007/2025_H1N1,92,0.1775,0.1775
seqneut25to26_sera_1037_d28,A/CoteDIvoire/2007/2025_H1N1,plate11-A/CoteDIvoire/2007/2025_H1N1,212,0.5892,0.5892
seqneut25to26_sera_1037_d28,A/CoteDIvoire/2007/2025_H1N1,plate11-A/CoteDIvoire/2007/2025_H1N1,487,0.8315,0.8315
seqneut25to26_sera_1037_d28,A/CoteDIvoire/2007/2025_H1N1,plate11-A/CoteDIvoire/2007/2025_H1N1,1119,1.382,1
seqneut25to26_sera_1037_d28,A/CoteDIvoire/2007/2025_H1N1,plate11-A/CoteDIvoire/2007/2025_H1N1,2575,0.8359,0.8359
seqneut25to26_sera_1037_d28,A/CoteDIvoire/2007/2025_H1N1,plate11-A/CoteDIvoire/2007/2025_H1N1,5921,0.99,0.99
seqneut25to26_sera_1037_d28,A/CoteDIvoire/2007/2025_H1N1,plate11-A/CoteDIvoire/2007/2025_H1N1,1.362e+04,1.169,1
seqneut25to26_sera_1037_d28,A/Croatia/10136RV/2023-egg_H3N2,plate11-A/Croatia/10136RV/2023-egg_H3N2,40,0.001421,0.001421
seqneut25to26_sera_1037_d28,A/Croatia/10136RV/2023-egg_H3N2,plate11-A/Croatia/10136RV/2023-egg_H3N2,92,0.003964,0.003964
seqneut25to26_sera_1037_d28,A/Croatia/10136RV/2023-egg_H3N2,plate11-A/Croatia/10136RV/2023-egg_H3N2,212,0.003113,0.003113
seqneut25to26_sera_1037_d28,A/Croatia/10136RV/2023-egg_H3N2,plate11-A/Croatia/10136RV/2023-egg_H3N2,487,0.03649,0.03649
seqneut25to26_sera_1037_d28,A/Croatia/10136RV/2023-egg_H3N2,plate11-A/Croatia/10136RV/2023-egg_H3N2,1119,0.05027,0.05027
seqneut25to26_sera_1037_d28,A/Croatia/10136RV/2023-egg_H3N2,plate11-A/Croatia/10136RV/2023-egg_H3N2,2575,0.1501,0.1501
seqneut25to26_sera_1037_d28,A/Croatia/10136RV/2023-egg_H3N2,plate11-A/Croatia/10136RV/2023-egg_H3N2,5921,0.2874,0.2874
seqneut25to26_sera_1037_d28,A/Croatia/10136RV/2023-egg_H3N2,plate11-A/Croatia/10136RV/2023-egg_H3N2,1.362e+04,0.4321,0.4321
seqneut25to26_sera_1037_d28,A/Darwin/1405/2025_H1N1,plate11-A/Darwin/1405/2025_H1N1,40,0.02185,0.02185
seqneut25to26_sera_1037_d28,A/Darwin/1405/2025_H1N1,plate11-A/Darwin/1405/2025_H1N1,92,0.2238,0.2238
seqneut25to26_sera_1037_d28,A/Darwin/1405/2025_H1N1,plate11-A/Darwin/1405/2025_H1N1,212,0.6834,0.6834
seqneut25to26_sera_1037_d28,A/Darwin/1405/2025_H1N1,plate11-A/Darwin/1405/2025_H1N1,487,0.8597,0.8597
seqneut25to26_sera_1037_d28,A/Darwin/1405/2025_H1N1,plate11-A/Darwin/1405/2025_H1N1,1119,1.33,1
seqneut25to26_sera_1037_d28,A/Darwin/1405/2025_H1N1,plate11-A/Darwin/1405/2025_H1N1,2575,0.8886,0.8886
seqneut25to26_sera_1037_d28,A/Darwin/1405/2025_H1N1,plate11-A/Darwin/1405/2025_H1N1,5921,1.011,1
seqneut25to26_sera_1037_d28,A/Darwin/1405/2025_H1N1,plate11-A/Darwin/1405/2025_H1N1,1.362e+04,1.114,1
seqneut25to26_sera_1037_d28,A/Darwin/1461/2025_H3N2,plate11-A/Darwin/1461/2025_H3N2,40,0,0
seqneut25to26_sera_1037_d28,A/Darwin/1461/2025_H3N2,plate11-A/Darwin/1461/2025_H3N2,92,3.468e-05,3.468e-05
seqneut25to26_sera_1037_d28,A/Darwin/1461/2025_H3N2,plate11-A/Darwin/1461/2025_H3N2,212,0.0011,0.0011
seqneut25to26_sera_1037_d28,A/Darwin/1461/2025_H3N2,plate11-A/Darwin/1461/2025_H3N2,487,0.0106,0.0106
seqneut25to26_sera_1037_d28,A/Darwin/1461/2025_H3N2,plate11-A/Darwin/1461/2025_H3N2,1119,0.2265,0.2265
seqneut25to26_sera_1037_d28,A/Darwin/1461/2025_H3N2,plate11-A/Darwin/1461/2025_H3N2,2575,0.4422,0.4422
seqneut25to26_sera_1037_d28,A/Darwin/1461/2025_H3N2,plate11-A/Darwin/1461/2025_H3N2,5921,0.8391,0.8391
seqneut25to26_sera_1037_d28,A/Darwin/1461/2025_H3N2,plate11-A/Darwin/1461/2025_H3N2,1.362e+04,0.7279,0.7279
seqneut25to26_sera_1037_d28,A/Denmark/3070/2025_H1N1,plate11-A/Denmark/3070/2025_H1N1,40,0.007557,0.007557
seqneut25to26_sera_1037_d28,A/Denmark/3070/2025_H1N1,plate11-A/Denmark/3070/2025_H1N1,92,0.1589,0.1589
seqneut25to26_sera_1037_d28,A/Denmark/3070/2025_H1N1,plate11-A/Denmark/3070/2025_H1N1,212,0.7306,0.7306
seqneut25to26_sera_1037_d28,A/Denmark/3070/2025_H1N1,plate11-A/Denmark/3070/2025_H1N1,487,0.8152,0.8152
seqneut25to26_sera_1037_d28,A/Denmark/3070/2025_H1N1,plate11-A/Denmark/3070/2025_H1N1,1119,1.503,1
seqneut25to26_sera_1037_d28,A/Denmark/3070/2025_H1N1,plate11-A/Denmark/3070/2025_H1N1,2575,0.9451,0.9451
seqneut25to26_sera_1037_d28,A/Denmark/3070/2025_H1N1,plate11-A/Denmark/3070/2025_H1N1,5921,1.136,1
seqneut25to26_sera_1037_d28,A/Denmark/3070/2025_H1N1,plate11-A/Denmark/3070/2025_H1N1,1.362e+04,1.145,1
seqneut25to26_sera_1037_d28,A/DistrictOfColumbia/27/2023_H3N2,plate11-A/DistrictOfColumbia/27/2023_H3N2,40,2.274e-05,2.274e-05
seqneut25to26_sera_1037_d28,A/DistrictOfColumbia/27/2023_H3N2,plate11-A/DistrictOfColumbia/27/2023_H3N2,92,8.705e-05,8.705e-05
seqneut25to26_sera_1037_d28,A/DistrictOfColumbia/27/2023_H3N2,plate11-A/DistrictOfColumbia/27/2023_H3N2,212,0.003963,0.003963
seqneut25to26_sera_1037_d28,A/DistrictOfColumbia/27/2023_H3N2,plate11-A/DistrictOfColumbia/27/2023_H3N2,487,0.01941,0.01941
seqneut25to26_sera_1037_d28,A/DistrictOfColumbia/27/2023_H3N2,plate11-A/DistrictOfColumbia/27/2023_H3N2,1119,0.1947,0.1947
seqneut25to26_sera_1037_d28,A/DistrictOfColumbia/27/2023_H3N2,plate11-A/DistrictOfColumbia/27/2023_H3N2,2575,0.3841,0.3841
seqneut25to26_sera_1037_d28,A/DistrictOfColumbia/27/2023_H3N2,plate11-A/DistrictOfColumbia/27/2023_H3N2,5921,0.6419,0.6419
seqneut25to26_sera_1037_d28,A/DistrictOfColumbia/27/2023_H3N2,plate11-A/DistrictOfColumbia/27/2023_H3N2,1.362e+04,0.6874,0.6874
seqneut25to26_sera_1037_d28,A/DistrictOfColumbia/57/2025_H3N2,plate11-A/DistrictOfColumbia/57/2025_H3N2,40,0.005812,0.005812
seqneut25to26_sera_1037_d28,A/DistrictOfColumbia/57/2025_H3N2,plate11-A/DistrictOfColumbia/57/2025_H3N2,92,0.05512,0.05512
seqneut25to26_sera_1037_d28,A/DistrictOfColumbia/57/2025_H3N2,plate11-A/DistrictOfColumbia/57/2025_H3N2,212,0.2578,0.2578
seqneut25to26_sera_1037_d28,A/DistrictOfColumbia/57/2025_H3N2,plate11-A/DistrictOfColumbia/57/2025_H3N2,487,0.413,0.413
seqneut25to26_sera_1037_d28,A/DistrictOfColumbia/57/2025_H3N2,plate11-A/DistrictOfColumbia/57/2025_H3N2,1119,0.9256,0.9256
seqneut25to26_sera_1037_d28,A/DistrictOfColumbia/57/2025_H3N2,plate11-A/DistrictOfColumbia/57/2025_H3N2,2575,0.6211,0.6211
seqneut25to26_sera_1037_d28,A/DistrictOfColumbia/57/2025_H3N2,plate11-A/DistrictOfColumbia/57/2025_H3N2,5921,0.7389,0.7389
seqneut25to26_sera_1037_d28,A/DistrictOfColumbia/57/2025_H3N2,plate11-A/DistrictOfColumbia/57/2025_H3N2,1.362e+04,1.156,1
seqneut25to26_sera_1037_d28,A/DistritoFederal/250106000728/2025_H3N2,plate11-A/DistritoFederal/250106000728/2025_H3N2,40,0.001985,0.001985
seqneut25to26_sera_1037_d28,A/DistritoFederal/250106000728/2025_H3N2,plate11-A/DistritoFederal/250106000728/2025_H3N2,92,0.01264,0.01264
seqneut25to26_sera_1037_d28,A/DistritoFederal/250106000728/2025_H3N2,plate11-A/DistritoFederal/250106000728/2025_H3N2,212,0.1581,0.1581
seqneut25to26_sera_1037_d28,A/DistritoFederal/250106000728/2025_H3N2,plate11-A/DistritoFederal/250106000728/2025_H3N2,487,0.3573,0.3573
seqneut25to26_sera_1037_d28,A/DistritoFederal/250106000728/2025_H3N2,plate11-A/DistritoFederal/250106000728/2025_H3N2,1119,0.5124,0.5124
seqneut25to26_sera_1037_d28,A/DistritoFederal/250106000728/2025_H3N2,plate11-A/DistritoFederal/250106000728/2025_H3N2,2575,0.5785,0.5785
seqneut25to26_sera_1037_d28,A/DistritoFederal/250106000728/2025_H3N2,plate11-A/DistritoFederal/250106000728/2025_H3N2,5921,0.6001,0.6001
seqneut25to26_sera_1037_d28,A/DistritoFederal/250106000728/2025_H3N2,plate11-A/DistritoFederal/250106000728/2025_H3N2,1.362e+04,0.8458,0.8458
seqneut25to26_sera_1037_d28,A/DistritoFederal/2578578201/2025_H3N2,plate11-A/DistritoFederal/2578578201/2025_H3N2,40,0,0
seqneut25to26_sera_1037_d28,A/DistritoFederal/2578578201/2025_H3N2,plate11-A/DistritoFederal/2578578201/2025_H3N2,92,0.01728,0.01728
seqneut25to26_sera_1037_d28,A/DistritoFederal/2578578201/2025_H3N2,plate11-A/DistritoFederal/2578578201/2025_H3N2,212,0.1052,0.1052
seqneut25to26_sera_1037_d28,A/DistritoFederal/2578578201/2025_H3N2,plate11-A/DistritoFederal/2578578201/2025_H3N2,487,0.3272,0.3272
seqneut25to26_sera_1037_d28,A/DistritoFederal/2578578201/2025_H3N2,plate11-A/DistritoFederal/2578578201/2025_H3N2,1119,0.735,0.735
seqneut25to26_sera_1037_d28,A/DistritoFederal/2578578201/2025_H3N2,plate11-A/DistritoFederal/2578578201/2025_H3N2,2575,0.7601,0.7601
seqneut25to26_sera_1037_d28,A/DistritoFederal/2578578201/2025_H3N2,plate11-A/DistritoFederal/2578578201/2025_H3N2,5921,0.9343,0.9343
seqneut25to26_sera_1037_d28,A/DistritoFederal/2578578201/2025_H3N2,plate11-A/DistritoFederal/2578578201/2025_H3N2,1.362e+04,0.9756,0.9756
seqneut25to26_sera_1037_d28,A/England/174/2025_H3N2,plate11-A/England/174/2025_H3N2,40,0,0
seqneut25to26_sera_1037_d28,A/England/174/2025_H3N2,plate11-A/England/174/2025_H3N2,92,0,0
seqneut25to26_sera_1037_d28,A/England/174/2025_H3N2,plate11-A/England/174/2025_H3N2,212,0.004713,0.004713
seqneut25to26_sera_1037_d28,A/England/174/2025_H3N2,plate11-A/England/174/2025_H3N2,487,0.05076,0.05076
seqneut25to26_sera_1037_d28,A/England/174/2025_H3N2,plate11-A/England/174/2025_H3N2,1119,0.2786,0.2786
seqneut25to26_sera_1037_d28,A/England/174/2025_H3N2,plate11-A/England/174/2025_H3N2,2575,0.4397,0.4397
seqneut25to26_sera_1037_d28,A/England/174/2025_H3N2,plate11-A/England/174/2025_H3N2,5921,1.025,1
seqneut25to26_sera_1037_d28,A/England/174/2025_H3N2,plate11-A/England/174/2025_H3N2,1.362e+04,0.7371,0.7371
seqneut25to26_sera_1037_d28,A/England/1822256/2025_H1N1,plate11-A/England/1822256/2025_H1N1,40,0.002248,0.002248
seqneut25to26_sera_1037_d28,A/England/1822256/2025_H1N1,plate11-A/England/1822256/2025_H1N1,92,0.04464,0.04464
seqneut25to26_sera_1037_d28,A/England/1822256/2025_H1N1,plate11-A/England/1822256/2025_H1N1,212,0.4123,0.4123
seqneut25to26_sera_1037_d28,A/England/1822256/2025_H1N1,plate11-A/England/1822256/2025_H1N1,487,0.6886,0.6886
seqneut25to26_sera_1037_d28,A/England/1822256/2025_H1N1,plate11-A/England/1822256/2025_H1N1,1119,1.22,1
seqneut25to26_sera_1037_d28,A/England/1822256/2025_H1N1,plate11-A/England/1822256/2025_H1N1,2575,0.9729,0.9729
seqneut25to26_sera_1037_d28,A/England/1822256/2025_H1N1,plate11-A/England/1822256/2025_H1N1,5921,1.11,1
seqneut25to26_sera_1037_d28,A/England/1822256/2025_H1N1,plate11-A/England/1822256/2025_H1N1,1.362e+04,1.113,1
seqneut25to26_sera_1037_d28,A/England/1837734/2025_H3N2,plate11-A/England/1837734/2025_H3N2,40,0.003932,0.003932
seqneut25to26_sera_1037_d28,A/England/1837734/2025_H3N2,plate11-A/England/1837734/2025_H3N2,92,0.1062,0.1062
seqneut25to26_sera_1037_d28,A/England/1837734/2025_H3N2,plate11-A/England/1837734/2025_H3N2,212,0.287,0.287
seqneut25to26_sera_1037_d28,A/England/1837734/2025_H3N2,plate11-A/England/1837734/2025_H3N2,487,0.4588,0.4588
seqneut25to26_sera_1037_d28,A/England/1837734/2025_H3N2,plate11-A/England/1837734/2025_H3N2,1119,0.8023,0.8023
seqneut25to26_sera_1037_d28,A/England/1837734/2025_H3N2,plate11-A/England/1837734/2025_H3N2,2575,0.6288,0.6288
seqneut25to26_sera_1037_d28,A/England/1837734/2025_H3N2,plate11-A/England/1837734/2025_H3N2,5921,0.9782,0.9782
seqneut25to26_sera_1037_d28,A/England/1837734/2025_H3N2,plate11-A/England/1837734/2025_H3N2,1.362e+04,1.141,1
seqneut25to26_sera_1037_d28,A/England/1837737/2025_H3N2,plate11-A/England/1837737/2025_H3N2,40,0.01292,0.01292
seqneut25to26_sera_1037_d28,A/England/1837737/2025_H3N2,plate11-A/England/1837737/2025_H3N2,92,0.03664,0.03664
seqneut25to26_sera_1037_d28,A/England/1837737/2025_H3N2,plate11-A/England/1837737/2025_H3N2,212,0.1716,0.1716
seqneut25to26_sera_1037_d28,A/England/1837737/2025_H3N2,plate11-A/England/1837737/2025_H3N2,487,0.2802,0.2802
seqneut25to26_sera_1037_d28,A/England/1837737/2025_H3N2,plate11-A/England/1837737/2025_H3N2,1119,0.6142,0.6142
seqneut25to26_sera_1037_d28,A/England/1837737/2025_H3N2,plate11-A/England/1837737/2025_H3N2,2575,0.6727,0.6727
seqneut25to26_sera_1037_d28,A/England/1837737/2025_H3N2,plate11-A/England/1837737/2025_H3N2,5921,0.9451,0.9451
seqneut25to26_sera_1037_d28,A/England/1837737/2025_H3N2,plate11-A/England/1837737/2025_H3N2,1.362e+04,1.199,1
seqneut25to26_sera_1037_d28,A/France/ARA-HCL025155099501/2025_H1N1,plate11-A/France/ARA-HCL025155099501/2025_H1N1,40,0.01489,0.01489
seqneut25to26_sera_1037_d28,A/France/ARA-HCL025155099501/2025_H1N1,plate11-A/France/ARA-HCL025155099501/2025_H1N1,92,0.2049,0.2049
seqneut25to26_sera_1037_d28,A/France/ARA-HCL025155099501/2025_H1N1,plate11-A/France/ARA-HCL025155099501/2025_H1N1,212,0.7432,0.7432
seqneut25to26_sera_1037_d28,A/France/ARA-HCL025155099501/2025_H1N1,plate11-A/France/ARA-HCL025155099501/2025_H1N1,487,0.8375,0.8375
seqneut25to26_sera_1037_d28,A/France/ARA-HCL025155099501/2025_H1N1,plate11-A/France/ARA-HCL025155099501/2025_H1N1,1119,1.329,1
seqneut25to26_sera_1037_d28,A/France/ARA-HCL025155099501/2025_H1N1,plate11-A/France/ARA-HCL025155099501/2025_H1N1,2575,0.8514,0.8514
seqneut25to26_sera_1037_d28,A/France/ARA-HCL025155099501/2025_H1N1,plate11-A/France/ARA-HCL025155099501/2025_H1N1,5921,1.054,1
seqneut25to26_sera_1037_d28,A/France/ARA-HCL025155099501/2025_H1N1,plate11-A/France/ARA-HCL025155099501/2025_H1N1,1.362e+04,1.298,1
seqneut25to26_sera_1037_d28,A/Galicia/GA-CHUAC-451/2025_H3N2,plate11-A/Galicia/GA-CHUAC-451/2025_H3N2,40,1.612e-05,1.612e-05
seqneut25to26_sera_1037_d28,A/Galicia/GA-CHUAC-451/2025_H3N2,plate11-A/Galicia/GA-CHUAC-451/2025_H3N2,92,2.058e-05,2.058e-05
seqneut25to26_sera_1037_d28,A/Galicia/GA-CHUAC-451/2025_H3N2,plate11-A/Galicia/GA-CHUAC-451/2025_H3N2,212,0.01541,0.01541
seqneut25to26_sera_1037_d28,A/Galicia/GA-CHUAC-451/2025_H3N2,plate11-A/Galicia/GA-CHUAC-451/2025_H3N2,487,0.03506,0.03506
seqneut25to26_sera_1037_d28,A/Galicia/GA-CHUAC-451/2025_H3N2,plate11-A/Galicia/GA-CHUAC-451/2025_H3N2,1119,0.4347,0.4347
seqneut25to26_sera_1037_d28,A/Galicia/GA-CHUAC-451/2025_H3N2,plate11-A/Galicia/GA-CHUAC-451/2025_H3N2,2575,0.5403,0.5403
seqneut25to26_sera_1037_d28,A/Galicia/GA-CHUAC-451/2025_H3N2,plate11-A/Galicia/GA-CHUAC-451/2025_H3N2,5921,1.065,1
seqneut25to26_sera_1037_d28,A/Galicia/GA-CHUAC-451/2025_H3N2,plate11-A/Galicia/GA-CHUAC-451/2025_H3N2,1.362e+04,0.9317,0.9317
seqneut25to26_sera_1037_d28,A/Ghana/ARI-25-1125/2025_H1N1,plate11-A/Ghana/ARI-25-1125/2025_H1N1,40,0.001029,0.001029
seqneut25to26_sera_1037_d28,A/Ghana/ARI-25-1125/2025_H1N1,plate11-A/Ghana/ARI-25-1125/2025_H1N1,92,0.02628,0.02628
seqneut25to26_sera_1037_d28,A/Ghana/ARI-25-1125/2025_H1N1,plate11-A/Ghana/ARI-25-1125/2025_H1N1,212,0.3242,0.3242
seqneut25to26_sera_1037_d28,A/Ghana/ARI-25-1125/2025_H1N1,plate11-A/Ghana/ARI-25-1125/2025_H1N1,487,0.807,0.807
seqneut25to26_sera_1037_d28,A/Ghana/ARI-25-1125/2025_H1N1,plate11-A/Ghana/ARI-25-1125/2025_H1N1,1119,1.121,1
seqneut25to26_sera_1037_d28,A/Ghana/ARI-25-1125/2025_H1N1,plate11-A/Ghana/ARI-25-1125/2025_H1N1,2575,0.9674,0.9674
seqneut25to26_sera_1037_d28,A/Ghana/ARI-25-1125/2025_H1N1,plate11-A/Ghana/ARI-25-1125/2025_H1N1,5921,0.9458,0.9458
seqneut25to26_sera_1037_d28,A/Ghana/ARI-25-1125/2025_H1N1,plate11-A/Ghana/ARI-25-1125/2025_H1N1,1.362e+04,1.097,1
seqneut25to26_sera_1037_d28,A/Ghana/FS-25-7077/2025_H3N2,plate11-A/Ghana/FS-25-7077/2025_H3N2,40,0.03516,0.03516
seqneut25to26_sera_1037_d28,A/Ghana/FS-25-7077/2025_H3N2,plate11-A/Ghana/FS-25-7077/2025_H3N2,92,0.0819,0.0819
seqneut25to26_sera_1037_d28,A/Ghana/FS-25-7077/2025_H3N2,plate11-A/Ghana/FS-25-7077/2025_H3N2,212,0.516,0.516
seqneut25to26_sera_1037_d28,A/Ghana/FS-25-7077/2025_H3N2,plate11-A/Ghana/FS-25-7077/2025_H3N2,487,0.6573,0.6573
seqneut25to26_sera_1037_d28,A/Ghana/FS-25-7077/2025_H3N2,plate11-A/Ghana/FS-25-7077/2025_H3N2,1119,0.9885,0.9885
seqneut25to26_sera_1037_d28,A/Ghana/FS-25-7077/2025_H3N2,plate11-A/Ghana/FS-25-7077/2025_H3N2,2575,0.7382,0.7382
seqneut25to26_sera_1037_d28,A/Ghana/FS-25-7077/2025_H3N2,plate11-A/Ghana/FS-25-7077/2025_H3N2,5921,0.8936,0.8936
seqneut25to26_sera_1037_d28,A/Ghana/FS-25-7077/2025_H3N2,plate11-A/Ghana/FS-25-7077/2025_H3N2,1.362e+04,0.9002,0.9002
seqneut25to26_sera_1037_d28,A/Guangdong-Maonan/11438/2025_H3N2,plate11-A/Guangdong-Maonan/11438/2025_H3N2,40,0,0
seqneut25to26_sera_1037_d28,A/Guangdong-Maonan/11438/2025_H3N2,plate11-A/Guangdong-Maonan/11438/2025_H3N2,92,0,0
seqneut25to26_sera_1037_d28,A/Guangdong-Maonan/11438/2025_H3N2,plate11-A/Guangdong-Maonan/11438/2025_H3N2,212,0.002311,0.002311
seqneut25to26_sera_1037_d28,A/Guangdong-Maonan/11438/2025_H3N2,plate11-A/Guangdong-Maonan/11438/2025_H3N2,487,0.02451,0.02451
seqneut25to26_sera_1037_d28,A/Guangdong-Maonan/11438/2025_H3N2,plate11-A/Guangdong-Maonan/11438/2025_H3N2,1119,0.2673,0.2673
seqneut25to26_sera_1037_d28,A/Guangdong-Maonan/11438/2025_H3N2,plate11-A/Guangdong-Maonan/11438/2025_H3N2,2575,0.4211,0.4211
seqneut25to26_sera_1037_d28,A/Guangdong-Maonan/11438/2025_H3N2,plate11-A/Guangdong-Maonan/11438/2025_H3N2,5921,0.86,0.86
seqneut25to26_sera_1037_d28,A/Guangdong-Maonan/11438/2025_H3N2,plate11-A/Guangdong-Maonan/11438/2025_H3N2,1.362e+04,0.9355,0.9355
seqneut25to26_sera_1037_d28,A/Guangdong-Meijiang/11256/2025_H3N2,plate11-A/Guangdong-Meijiang/11256/2025_H3N2,40,4.424e-05,4.424e-05
seqneut25to26_sera_1037_d28,A/Guangdong-Meijiang/11256/2025_H3N2,plate11-A/Guangdong-Meijiang/11256/2025_H3N2,92,0,0
seqneut25to26_sera_1037_d28,A/Guangdong-Meijiang/11256/2025_H3N2,plate11-A/Guangdong-Meijiang/11256/2025_H3N2,212,0.003672,0.003672
seqneut25to26_sera_1037_d28,A/Guangdong-Meijiang/11256/2025_H3N2,plate11-A/Guangdong-Meijiang/11256/2025_H3N2,487,0.02709,0.02709
seqneut25to26_sera_1037_d28,A/Guangdong-Meijiang/11256/2025_H3N2,plate11-A/Guangdong-Meijiang/11256/2025_H3N2,1119,0.1246,0.1246
seqneut25to26_sera_1037_d28,A/Guangdong-Meijiang/11256/2025_H3N2,plate11-A/Guangdong-Meijiang/11256/2025_H3N2,2575,0.3213,0.3213
seqneut25to26_sera_1037_d28,A/Guangdong-Meijiang/11256/2025_H3N2,plate11-A/Guangdong-Meijiang/11256/2025_H3N2,5921,0.6049,0.6049
seqneut25to26_sera_1037_d28,A/Guangdong-Meijiang/11256/2025_H3N2,plate11-A/Guangdong-Meijiang/11256/2025_H3N2,1.362e+04,0.9219,0.9219
seqneut25to26_sera_1037_d28,A/Guangxi-Daxin/1643/2025_H3N2,plate11-A/Guangxi-Daxin/1643/2025_H3N2,40,2.441e-05,2.441e-05
seqneut25to26_sera_1037_d28,A/Guangxi-Daxin/1643/2025_H3N2,plate11-A/Guangxi-Daxin/1643/2025_H3N2,92,0,0
seqneut25to26_sera_1037_d28,A/Guangxi-Daxin/1643/2025_H3N2,plate11-A/Guangxi-Daxin/1643/2025_H3N2,212,0.007978,0.007978
seqneut25to26_sera_1037_d28,A/Guangxi-Daxin/1643/2025_H3N2,plate11-A/Guangxi-Daxin/1643/2025_H3N2,487,0.06588,0.06588
seqneut25to26_sera_1037_d28,A/Guangxi-Daxin/1643/2025_H3N2,plate11-A/Guangxi-Daxin/1643/2025_H3N2,1119,0.2896,0.2896
seqneut25to26_sera_1037_d28,A/Guangxi-Daxin/1643/2025_H3N2,plate11-A/Guangxi-Daxin/1643/2025_H3N2,2575,0.5536,0.5536
seqneut25to26_sera_1037_d28,A/Guangxi-Daxin/1643/2025_H3N2,plate11-A/Guangxi-Daxin/1643/2025_H3N2,5921,1.076,1
seqneut25to26_sera_1037_d28,A/Guangxi-Daxin/1643/2025_H3N2,plate11-A/Guangxi-Daxin/1643/2025_H3N2,1.362e+04,0.9225,0.9225
seqneut25to26_sera_1037_d28,A/Guangxi-Qingxiu/SWL11742/2025_H1N1,plate11-A/Guangxi-Qingxiu/SWL11742/2025_H1N1,40,0.008162,0.008162
seqneut25to26_sera_1037_d28,A/Guangxi-Qingxiu/SWL11742/2025_H1N1,plate11-A/Guangxi-Qingxiu/SWL11742/2025_H1N1,92,0.08663,0.08663
seqneut25to26_sera_1037_d28,A/Guangxi-Qingxiu/SWL11742/2025_H1N1,plate11-A/Guangxi-Qingxiu/SWL11742/2025_H1N1,212,0.5862,0.5862
seqneut25to26_sera_1037_d28,A/Guangxi-Qingxiu/SWL11742/2025_H1N1,plate11-A/Guangxi-Qingxiu/SWL11742/2025_H1N1,487,0.8453,0.8453
seqneut25to26_sera_1037_d28,A/Guangxi-Qingxiu/SWL11742/2025_H1N1,plate11-A/Guangxi-Qingxiu/SWL11742/2025_H1N1,1119,1.427,1
seqneut25to26_sera_1037_d28,A/Guangxi-Qingxiu/SWL11742/2025_H1N1,plate11-A/Guangxi-Qingxiu/SWL11742/2025_H1N1,2575,0.9367,0.9367
seqneut25to26_sera_1037_d28,A/Guangxi-Qingxiu/SWL11742/2025_H1N1,plate11-A/Guangxi-Qingxiu/SWL11742/2025_H1N1,5921,1.045,1
seqneut25to26_sera_1037_d28,A/Guangxi-Qingxiu/SWL11742/2025_H1N1,plate11-A/Guangxi-Qingxiu/SWL11742/2025_H1N1,1.362e+04,1.247,1
seqneut25to26_sera_1037_d28,A/Hawaii/44/2025_H1N1,plate11-A/Hawaii/44/2025_H1N1,40,0.01302,0.01302
seqneut25to26_sera_1037_d28,A/Hawaii/44/2025_H1N1,plate11-A/Hawaii/44/2025_H1N1,92,0.1962,0.1962
seqneut25to26_sera_1037_d28,A/Hawaii/44/2025_H1N1,plate11-A/Hawaii/44/2025_H1N1,212,0.721,0.721
seqneut25to26_sera_1037_d28,A/Hawaii/44/2025_H1N1,plate11-A/Hawaii/44/2025_H1N1,487,0.8255,0.8255
seqneut25to26_sera_1037_d28,A/Hawaii/44/2025_H1N1,plate11-A/Hawaii/44/2025_H1N1,1119,1.169,1
seqneut25to26_sera_1037_d28,A/Hawaii/44/2025_H1N1,plate11-A/Hawaii/44/2025_H1N1,2575,0.8311,0.8311
seqneut25to26_sera_1037_d28,A/Hawaii/44/2025_H1N1,plate11-A/Hawaii/44/2025_H1N1,5921,0.9496,0.9496
seqneut25to26_sera_1037_d28,A/Hawaii/44/2025_H1N1,plate11-A/Hawaii/44/2025_H1N1,1.362e+04,1.066,1
seqneut25to26_sera_1037_d28,A/Hawaii/70/2019_H1N1,plate11-A/Hawaii/70/2019_H1N1,40,9.247e-05,9.247e-05
seqneut25to26_sera_1037_d28,A/Hawaii/70/2019_H1N1,plate11-A/Hawaii/70/2019_H1N1,92,0.001896,0.001896
seqneut25to26_sera_1037_d28,A/Hawaii/70/2019_H1N1,plate11-A/Hawaii/70/2019_H1N1,212,0.08838,0.08838
seqneut25to26_sera_1037_d28,A/Hawaii/70/2019_H1N1,plate11-A/Hawaii/70/2019_H1N1,487,0.3072,0.3072
seqneut25to26_sera_1037_d28,A/Hawaii/70/2019_H1N1,plate11-A/Hawaii/70/2019_H1N1,1119,0.8541,0.8541
seqneut25to26_sera_1037_d28,A/Hawaii/70/2019_H1N1,plate11-A/Hawaii/70/2019_H1N1,2575,0.8282,0.8282
seqneut25to26_sera_1037_d28,A/Hawaii/70/2019_H1N1,plate11-A/Hawaii/70/2019_H1N1,5921,0.9647,0.9647
seqneut25to26_sera_1037_d28,A/Hawaii/70/2019_H1N1,plate11-A/Hawaii/70/2019_H1N1,1.362e+04,1.09,1
seqneut25to26_sera_1037_d28,A/HongKong/1257/2025_H3N2,plate11-A/HongKong/1257/2025_H3N2,40,0,0
seqneut25to26_sera_1037_d28,A/HongKong/1257/2025_H3N2,plate11-A/HongKong/1257/2025_H3N2,92,0.0131,0.0131
seqneut25to26_sera_1037_d28,A/HongKong/1257/2025_H3N2,plate11-A/HongKong/1257/2025_H3N2,212,0.002286,0.002286
seqneut25to26_sera_1037_d28,A/HongKong/1257/2025_H3N2,plate11-A/HongKong/1257/2025_H3N2,487,0.06301,0.06301
seqneut25to26_sera_1037_d28,A/HongKong/1257/2025_H3N2,plate11-A/HongKong/1257/2025_H3N2,1119,0.3262,0.3262
seqneut25to26_sera_1037_d28,A/HongKong/1257/2025_H3N2,plate11-A/HongKong/1257/2025_H3N2,2575,0.5046,0.5046
seqneut25to26_sera_1037_d28,A/HongKong/1257/2025_H3N2,plate11-A/HongKong/1257/2025_H3N2,5921,0.7595,0.7595
seqneut25to26_sera_1037_d28,A/HongKong/1257/2025_H3N2,plate11-A/HongKong/1257/2025_H3N2,1.362e+04,0.8811,0.8811
seqneut25to26_sera_1037_d28,A/HongKong/1382/2025_H3N2,plate11-A/HongKong/1382/2025_H3N2,40,0.02049,0.02049
seqneut25to26_sera_1037_d28,A/HongKong/1382/2025_H3N2,plate11-A/HongKong/1382/2025_H3N2,92,0.203,0.203
seqneut25to26_sera_1037_d28,A/HongKong/1382/2025_H3N2,plate11-A/HongKong/1382/2025_H3N2,212,0.1319,0.1319
seqneut25to26_sera_1037_d28,A/HongKong/1382/2025_H3N2,plate11-A/HongKong/1382/2025_H3N2,487,0.4752,0.4752
seqneut25to26_sera_1037_d28,A/HongKong/1382/2025_H3N2,plate11-A/HongKong/1382/2025_H3N2,1119,0.7022,0.7022
seqneut25to26_sera_1037_d28,A/HongKong/1382/2025_H3N2,plate11-A/HongKong/1382/2025_H3N2,2575,0.6788,0.6788
seqneut25to26_sera_1037_d28,A/HongKong/1382/2025_H3N2,plate11-A/HongKong/1382/2025_H3N2,5921,0.819,0.819
seqneut25to26_sera_1037_d28,A/HongKong/1382/2025_H3N2,plate11-A/HongKong/1382/2025_H3N2,1.362e+04,0.9242,0.9242
seqneut25to26_sera_1037_d28,A/Indonesia/BIOKES-I-BT074/2025_H3N2,plate11-A/Indonesia/BIOKES-I-BT074/2025_H3N2,40,7.475e-05,7.475e-05
seqneut25to26_sera_1037_d28,A/Indonesia/BIOKES-I-BT074/2025_H3N2,plate11-A/Indonesia/BIOKES-I-BT074/2025_H3N2,92,3.578e-05,3.578e-05
seqneut25to26_sera_1037_d28,A/Indonesia/BIOKES-I-BT074/2025_H3N2,plate11-A/Indonesia/BIOKES-I-BT074/2025_H3N2,212,0.000349,0.000349
seqneut25to26_sera_1037_d28,A/Indonesia/BIOKES-I-BT074/2025_H3N2,plate11-A/Indonesia/BIOKES-I-BT074/2025_H3N2,487,0.02251,0.02251
seqneut25to26_sera_1037_d28,A/Indonesia/BIOKES-I-BT074/2025_H3N2,plate11-A/Indonesia/BIOKES-I-BT074/2025_H3N2,1119,0.341,0.341
seqneut25to26_sera_1037_d28,A/Indonesia/BIOKES-I-BT074/2025_H3N2,plate11-A/Indonesia/BIOKES-I-BT074/2025_H3N2,2575,0.6235,0.6235
seqneut25to26_sera_1037_d28,A/Indonesia/BIOKES-I-BT074/2025_H3N2,plate11-A/Indonesia/BIOKES-I-BT074/2025_H3N2,5921,0.7778,0.7778
seqneut25to26_sera_1037_d28,A/Indonesia/BIOKES-I-BT074/2025_H3N2,plate11-A/Indonesia/BIOKES-I-BT074/2025_H3N2,1.362e+04,1.067,1
seqneut25to26_sera_1037_d28,A/Indonesia/BIOKES-INAD491/2025_H3N2,plate11-A/Indonesia/BIOKES-INAD491/2025_H3N2,40,0,0
seqneut25to26_sera_1037_d28,A/Indonesia/BIOKES-INAD491/2025_H3N2,plate11-A/Indonesia/BIOKES-INAD491/2025_H3N2,92,0,0
seqneut25to26_sera_1037_d28,A/Indonesia/BIOKES-INAD491/2025_H3N2,plate11-A/Indonesia/BIOKES-INAD491/2025_H3N2,212,0.0007315,0.0007315
seqneut25to26_sera_1037_d28,A/Indonesia/BIOKES-INAD491/2025_H3N2,plate11-A/Indonesia/BIOKES-INAD491/2025_H3N2,487,0.02807,0.02807
seqneut25to26_sera_1037_d28,A/Indonesia/BIOKES-INAD491/2025_H3N2,plate11-A/Indonesia/BIOKES-INAD491/2025_H3N2,1119,0.2052,0.2052
seqneut25to26_sera_1037_d28,A/Indonesia/BIOKES-INAD491/2025_H3N2,plate11-A/Indonesia/BIOKES-INAD491/2025_H3N2,2575,0.3671,0.3671
seqneut25to26_sera_1037_d28,A/Indonesia/BIOKES-INAD491/2025_H3N2,plate11-A/Indonesia/BIOKES-INAD491/2025_H3N2,5921,0.6681,0.6681
seqneut25to26_sera_1037_d28,A/Indonesia/BIOKES-INAD491/2025_H3N2,plate11-A/Indonesia/BIOKES-INAD491/2025_H3N2,1.362e+04,0.8449,0.8449
seqneut25to26_sera_1037_d28,A/Lao/820-2750/2025_H3N2,plate11-A/Lao/820-2750/2025_H3N2,40,0,0
seqneut25to26_sera_1037_d28,A/Lao/820-2750/2025_H3N2,plate11-A/Lao/820-2750/2025_H3N2,92,1.954e-05,1.954e-05
seqneut25to26_sera_1037_d28,A/Lao/820-2750/2025_H3N2,plate11-A/Lao/820-2750/2025_H3N2,212,0,0
seqneut25to26_sera_1037_d28,A/Lao/820-2750/2025_H3N2,plate11-A/Lao/820-2750/2025_H3N2,487,0.02116,0.02116
seqneut25to26_sera_1037_d28,A/Lao/820-2750/2025_H3N2,plate11-A/Lao/820-2750/2025_H3N2,1119,0.25,0.25
seqneut25to26_sera_1037_d28,A/Lao/820-2750/2025_H3N2,plate11-A/Lao/820-2750/2025_H3N2,2575,0.427,0.427
seqneut25to26_sera_1037_d28,A/Lao/820-2750/2025_H3N2,plate11-A/Lao/820-2750/2025_H3N2,5921,0.924,0.924
seqneut25to26_sera_1037_d28,A/Lao/820-2750/2025_H3N2,plate11-A/Lao/820-2750/2025_H3N2,1.362e+04,0.9248,0.9248
seqneut25to26_sera_1037_d28,A/Malaysia/IMR/SARI/2028/2025_H3N2,plate11-A/Malaysia/IMR/SARI/2028/2025_H3N2,40,2.939e-05,2.939e-05
seqneut25to26_sera_1037_d28,A/Malaysia/IMR/SARI/2028/2025_H3N2,plate11-A/Malaysia/IMR/SARI/2028/2025_H3N2,92,0,0
seqneut25to26_sera_1037_d28,A/Malaysia/IMR/SARI/2028/2025_H3N2,plate11-A/Malaysia/IMR/SARI/2028/2025_H3N2,212,0.0001372,0.0001372
seqneut25to26_sera_1037_d28,A/Malaysia/IMR/SARI/2028/2025_H3N2,plate11-A/Malaysia/IMR/SARI/2028/2025_H3N2,487,0.01623,0.01623
seqneut25to26_sera_1037_d28,A/Malaysia/IMR/SARI/2028/2025_H3N2,plate11-A/Malaysia/IMR/SARI/2028/2025_H3N2,1119,0.2926,0.2926
seqneut25to26_sera_1037_d28,A/Malaysia/IMR/SARI/2028/2025_H3N2,plate11-A/Malaysia/IMR/SARI/2028/2025_H3N2,2575,0.5127,0.5127
seqneut25to26_sera_1037_d28,A/Malaysia/IMR/SARI/2028/2025_H3N2,plate11-A/Malaysia/IMR/SARI/2028/2025_H3N2,5921,0.7224,0.7224
seqneut25to26_sera_1037_d28,A/Malaysia/IMR/SARI/2028/2025_H3N2,plate11-A/Malaysia/IMR/SARI/2028/2025_H3N2,1.362e+04,0.9893,0.9893
seqneut25to26_sera_1037_d28,A/Malaysia/IMR/SARI/2406/2025_H3N2,plate11-A/Malaysia/IMR/SARI/2406/2025_H3N2,40,0.02152,0.02152
seqneut25to26_sera_1037_d28,A/Malaysia/IMR/SARI/2406/2025_H3N2,plate11-A/Malaysia/IMR/SARI/2406/2025_H3N2,92,0.1854,0.1854
seqneut25to26_sera_1037_d28,A/Malaysia/IMR/SARI/2406/2025_H3N2,plate11-A/Malaysia/IMR/SARI/2406/2025_H3N2,212,0.3016,0.3016
seqneut25to26_sera_1037_d28,A/Malaysia/IMR/SARI/2406/2025_H3N2,plate11-A/Malaysia/IMR/SARI/2406/2025_H3N2,487,0.7039,0.7039
seqneut25to26_sera_1037_d28,A/Malaysia/IMR/SARI/2406/2025_H3N2,plate11-A/Malaysia/IMR/SARI/2406/2025_H3N2,1119,1.036,1
seqneut25to26_sera_1037_d28,A/Malaysia/IMR/SARI/2406/2025_H3N2,plate11-A/Malaysia/IMR/SARI/2406/2025_H3N2,2575,0.8462,0.8462
seqneut25to26_sera_1037_d28,A/Malaysia/IMR/SARI/2406/2025_H3N2,plate11-A/Malaysia/IMR/SARI/2406/2025_H3N2,5921,1.148,1
seqneut25to26_sera_1037_d28,A/Malaysia/IMR/SARI/2406/2025_H3N2,plate11-A/Malaysia/IMR/SARI/2406/2025_H3N2,1.362e+04,1.293,1
seqneut25to26_sera_1037_d28,A/Malaysia/IMR/SARI/2517/2025_H3N2,plate11-A/Malaysia/IMR/SARI/2517/2025_H3N2,40,0.01283,0.01283
seqneut25to26_sera_1037_d28,A/Malaysia/IMR/SARI/2517/2025_H3N2,plate11-A/Malaysia/IMR/SARI/2517/2025_H3N2,92,0.09422,0.09422
seqneut25to26_sera_1037_d28,A/Malaysia/IMR/SARI/2517/2025_H3N2,plate11-A/Malaysia/IMR/SARI/2517/2025_H3N2,212,0.2965,0.2965
seqneut25to26_sera_1037_d28,A/Malaysia/IMR/SARI/2517/2025_H3N2,plate11-A/Malaysia/IMR/SARI/2517/2025_H3N2,487,0.3676,0.3676
seqneut25to26_sera_1037_d28,A/Malaysia/IMR/SARI/2517/2025_H3N2,plate11-A/Malaysia/IMR/SARI/2517/2025_H3N2,1119,1.049,1
seqneut25to26_sera_1037_d28,A/Malaysia/IMR/SARI/2517/2025_H3N2,plate11-A/Malaysia/IMR/SARI/2517/2025_H3N2,2575,0.7091,0.7091
seqneut25to26_sera_1037_d28,A/Malaysia/IMR/SARI/2517/2025_H3N2,plate11-A/Malaysia/IMR/SARI/2517/2025_H3N2,5921,0.8477,0.8477
seqneut25to26_sera_1037_d28,A/Malaysia/IMR/SARI/2517/2025_H3N2,plate11-A/Malaysia/IMR/SARI/2517/2025_H3N2,1.362e+04,0.9652,0.9652
seqneut25to26_sera_1037_d28,A/Massachusetts/18/2022_H3N2,plate11-A/Massachusetts/18/2022_H3N2,40,0.0008081,0.0008081
seqneut25to26_sera_1037_d28,A/Massachusetts/18/2022_H3N2,plate11-A/Massachusetts/18/2022_H3N2,92,0.004125,0.004125
seqneut25to26_sera_1037_d28,A/Massachusetts/18/2022_H3N2,plate11-A/Massachusetts/18/2022_H3N2,212,0.07482,0.07482
seqneut25to26_sera_1037_d28,A/Massachusetts/18/2022_H3N2,plate11-A/Massachusetts/18/2022_H3N2,487,0.0493,0.0493
seqneut25to26_sera_1037_d28,A/Massachusetts/18/2022_H3N2,plate11-A/Massachusetts/18/2022_H3N2,1119,0.2778,0.2778
seqneut25to26_sera_1037_d28,A/Massachusetts/18/2022_H3N2,plate11-A/Massachusetts/18/2022_H3N2,2575,0.3805,0.3805
seqneut25to26_sera_1037_d28,A/Massachusetts/18/2022_H3N2,plate11-A/Massachusetts/18/2022_H3N2,5921,0.6635,0.6635
seqneut25to26_sera_1037_d28,A/Massachusetts/18/2022_H3N2,plate11-A/Massachusetts/18/2022_H3N2,1.362e+04,0.8406,0.8406
seqneut25to26_sera_1037_d28,A/Michigan/110/2025_H3N2,plate11-A/Michigan/110/2025_H3N2,40,0,0
seqneut25to26_sera_1037_d28,A/Michigan/110/2025_H3N2,plate11-A/Michigan/110/2025_H3N2,92,0,0
seqneut25to26_sera_1037_d28,A/Michigan/110/2025_H3N2,plate11-A/Michigan/110/2025_H3N2,212,0,0
seqneut25to26_sera_1037_d28,A/Michigan/110/2025_H3N2,plate11-A/Michigan/110/2025_H3N2,487,0.02584,0.02584
seqneut25to26_sera_1037_d28,A/Michigan/110/2025_H3N2,plate11-A/Michigan/110/2025_H3N2,1119,0.2934,0.2934
seqneut25to26_sera_1037_d28,A/Michigan/110/2025_H3N2,plate11-A/Michigan/110/2025_H3N2,2575,0.399,0.399
seqneut25to26_sera_1037_d28,A/Michigan/110/2025_H3N2,plate11-A/Michigan/110/2025_H3N2,5921,0.714,0.714
seqneut25to26_sera_1037_d28,A/Michigan/110/2025_H3N2,plate11-A/Michigan/110/2025_H3N2,1.362e+04,0.7803,0.7803
seqneut25to26_sera_1037_d28,A/Minnesota/96/2025_H3N2,plate11-A/Minnesota/96/2025_H3N2,40,0,0
seqneut25to26_sera_1037_d28,A/Minnesota/96/2025_H3N2,plate11-A/Minnesota/96/2025_H3N2,92,0,0
seqneut25to26_sera_1037_d28,A/Minnesota/96/2025_H3N2,plate11-A/Minnesota/96/2025_H3N2,212,0.0001988,0.0001988
seqneut25to26_sera_1037_d28,A/Minnesota/96/2025_H3N2,plate11-A/Minnesota/96/2025_H3N2,487,0.03514,0.03514
seqneut25to26_sera_1037_d28,A/Minnesota/96/2025_H3N2,plate11-A/Minnesota/96/2025_H3N2,1119,0.2601,0.2601
seqneut25to26_sera_1037_d28,A/Minnesota/96/2025_H3N2,plate11-A/Minnesota/96/2025_H3N2,2575,0.3526,0.3526
seqneut25to26_sera_1037_d28,A/Minnesota/96/2025_H3N2,plate11-A/Minnesota/96/2025_H3N2,5921,0.684,0.684
seqneut25to26_sera_1037_d28,A/Minnesota/96/2025_H3N2,plate11-A/Minnesota/96/2025_H3N2,1.362e+04,0.9676,0.9676
seqneut25to26_sera_1037_d28,A/Missouri/11/2025_H1N1,plate11-A/Missouri/11/2025_H1N1,40,0.01095,0.01095
seqneut25to26_sera_1037_d28,A/Missouri/11/2025_H1N1,plate11-A/Missouri/11/2025_H1N1,92,0.1098,0.1098
seqneut25to26_sera_1037_d28,A/Missouri/11/2025_H1N1,plate11-A/Missouri/11/2025_H1N1,212,0.6232,0.6232
seqneut25to26_sera_1037_d28,A/Missouri/11/2025_H1N1,plate11-A/Missouri/11/2025_H1N1,487,0.7884,0.7884
seqneut25to26_sera_1037_d28,A/Missouri/11/2025_H1N1,plate11-A/Missouri/11/2025_H1N1,1119,1.139,1
seqneut25to26_sera_1037_d28,A/Missouri/11/2025_H1N1,plate11-A/Missouri/11/2025_H1N1,2575,0.8573,0.8573
seqneut25to26_sera_1037_d28,A/Missouri/11/2025_H1N1,plate11-A/Missouri/11/2025_H1N1,5921,0.8929,0.8929
seqneut25to26_sera_1037_d28,A/Missouri/11/2025_H1N1,plate11-A/Missouri/11/2025_H1N1,1.362e+04,0.971,0.971
seqneut25to26_sera_1037_d28,A/NewSouthWales/2526015582/2025_H3N2,plate11-A/NewSouthWales/2526015582/2025_H3N2,40,0.01345,0.01345
seqneut25to26_sera_1037_d28,A/NewSouthWales/2526015582/2025_H3N2,plate11-A/NewSouthWales/2526015582/2025_H3N2,92,0.1079,0.1079
seqneut25to26_sera_1037_d28,A/NewSouthWales/2526015582/2025_H3N2,plate11-A/NewSouthWales/2526015582/2025_H3N2,212,0.2801,0.2801
seqneut25to26_sera_1037_d28,A/NewSouthWales/2526015582/2025_H3N2,plate11-A/NewSouthWales/2526015582/2025_H3N2,487,0.41,0.41
seqneut25to26_sera_1037_d28,A/NewSouthWales/2526015582/2025_H3N2,plate11-A/NewSouthWales/2526015582/2025_H3N2,1119,0.7318,0.7318
seqneut25to26_sera_1037_d28,A/NewSouthWales/2526015582/2025_H3N2,plate11-A/NewSouthWales/2526015582/2025_H3N2,2575,0.6056,0.6056
seqneut25to26_sera_1037_d28,A/NewSouthWales/2526015582/2025_H3N2,plate11-A/NewSouthWales/2526015582/2025_H3N2,5921,0.8481,0.8481
seqneut25to26_sera_1037_d28,A/NewSouthWales/2526015582/2025_H3N2,plate11-A/NewSouthWales/2526015582/2025_H3N2,1.362e+04,1.065,1
seqneut25to26_sera_1037_d28,A/NewSouthWales/2526015584/2025_H3N2,plate11-A/NewSouthWales/2526015584/2025_H3N2,40,0.001134,0.001134
seqneut25to26_sera_1037_d28,A/NewSouthWales/2526015584/2025_H3N2,plate11-A/NewSouthWales/2526015584/2025_H3N2,92,0.0374,0.0374
seqneut25to26_sera_1037_d28,A/NewSouthWales/2526015584/2025_H3N2,plate11-A/NewSouthWales/2526015584/2025_H3N2,212,0.1893,0.1893
seqneut25to26_sera_1037_d28,A/NewSouthWales/2526015584/2025_H3N2,plate11-A/NewSouthWales/2526015584/2025_H3N2,487,0.3333,0.3333
seqneut25to26_sera_1037_d28,A/NewSouthWales/2526015584/2025_H3N2,plate11-A/NewSouthWales/2526015584/2025_H3N2,1119,0.6931,0.6931
seqneut25to26_sera_1037_d28,A/NewSouthWales/2526015584/2025_H3N2,plate11-A/NewSouthWales/2526015584/2025_H3N2,2575,0.5949,0.5949
seqneut25to26_sera_1037_d28,A/NewSouthWales/2526015584/2025_H3N2,plate11-A/NewSouthWales/2526015584/2025_H3N2,5921,0.7652,0.7652
seqneut25to26_sera_1037_d28,A/NewSouthWales/2526015584/2025_H3N2,plate11-A/NewSouthWales/2526015584/2025_H3N2,1.362e+04,0.8984,0.8984
seqneut25to26_sera_1037_d28,A/Norway/8765/2025_H3N2,plate11-A/Norway/8765/2025_H3N2,40,0.04978,0.04978
seqneut25to26_sera_1037_d28,A/Norway/8765/2025_H3N2,plate11-A/Norway/8765/2025_H3N2,92,0.09252,0.09252
seqneut25to26_sera_1037_d28,A/Norway/8765/2025_H3N2,plate11-A/Norway/8765/2025_H3N2,212,0.3073,0.3073
seqneut25to26_sera_1037_d28,A/Norway/8765/2025_H3N2,plate11-A/Norway/8765/2025_H3N2,487,0.5428,0.5428
seqneut25to26_sera_1037_d28,A/Norway/8765/2025_H3N2,plate11-A/Norway/8765/2025_H3N2,1119,0.8126,0.8126
seqneut25to26_sera_1037_d28,A/Norway/8765/2025_H3N2,plate11-A/Norway/8765/2025_H3N2,2575,0.6888,0.6888
seqneut25to26_sera_1037_d28,A/Norway/8765/2025_H3N2,plate11-A/Norway/8765/2025_H3N2,5921,1.001,1
seqneut25to26_sera_1037_d28,A/Norway/8765/2025_H3N2,plate11-A/Norway/8765/2025_H3N2,1.362e+04,1.017,1
seqneut25to26_sera_1037_d28,A/Norway/8976/2025_H3N2,plate11-A/Norway/8976/2025_H3N2,40,0.02294,0.02294
seqneut25to26_sera_1037_d28,A/Norway/8976/2025_H3N2,plate11-A/Norway/8976/2025_H3N2,92,0.04963,0.04963
seqneut25to26_sera_1037_d28,A/Norway/8976/2025_H3N2,plate11-A/Norway/8976/2025_H3N2,212,0.2418,0.2418
seqneut25to26_sera_1037_d28,A/Norway/8976/2025_H3N2,plate11-A/Norway/8976/2025_H3N2,487,0.374,0.374
seqneut25to26_sera_1037_d28,A/Norway/8976/2025_H3N2,plate11-A/Norway/8976/2025_H3N2,1119,1.078,1
seqneut25to26_sera_1037_d28,A/Norway/8976/2025_H3N2,plate11-A/Norway/8976/2025_H3N2,2575,0.7377,0.7377
seqneut25to26_sera_1037_d28,A/Norway/8976/2025_H3N2,plate11-A/Norway/8976/2025_H3N2,5921,0.8915,0.8915
seqneut25to26_sera_1037_d28,A/Norway/8976/2025_H3N2,plate11-A/Norway/8976/2025_H3N2,1.362e+04,0.9078,0.9078
seqneut25to26_sera_1037_d28,A/Norway/9107/2025_H1N1,plate11-A/Norway/9107/2025_H1N1,40,0.01303,0.01303
seqneut25to26_sera_1037_d28,A/Norway/9107/2025_H1N1,plate11-A/Norway/9107/2025_H1N1,92,0.1842,0.1842
seqneut25to26_sera_1037_d28,A/Norway/9107/2025_H1N1,plate11-A/Norway/9107/2025_H1N1,212,0.6519,0.6519
seqneut25to26_sera_1037_d28,A/Norway/9107/2025_H1N1,plate11-A/Norway/9107/2025_H1N1,487,0.8568,0.8568
seqneut25to26_sera_1037_d28,A/Norway/9107/2025_H1N1,plate11-A/Norway/9107/2025_H1N1,1119,1.278,1
seqneut25to26_sera_1037_d28,A/Norway/9107/2025_H1N1,plate11-A/Norway/9107/2025_H1N1,2575,0.8967,0.8967
seqneut25to26_sera_1037_d28,A/Norway/9107/2025_H1N1,plate11-A/Norway/9107/2025_H1N1,5921,1.108,1
seqneut25to26_sera_1037_d28,A/Norway/9107/2025_H1N1,plate11-A/Norway/9107/2025_H1N1,1.362e+04,1.136,1
seqneut25to26_sera_1037_d28,A/Norway/9556/2025_H1N1,plate11-A/Norway/9556/2025_H1N1,40,0.07711,0.07711
seqneut25to26_sera_1037_d28,A/Norway/9556/2025_H1N1,plate11-A/Norway/9556/2025_H1N1,92,0.3575,0.3575
seqneut25to26_sera_1037_d28,A/Norway/9556/2025_H1N1,plate11-A/Norway/9556/2025_H1N1,212,0.8765,0.8765
seqneut25to26_sera_1037_d28,A/Norway/9556/2025_H1N1,plate11-A/Norway/9556/2025_H1N1,487,0.9345,0.9345
seqneut25to26_sera_1037_d28,A/Norway/9556/2025_H1N1,plate11-A/Norway/9556/2025_H1N1,1119,1.319,1
seqneut25to26_sera_1037_d28,A/Norway/9556/2025_H1N1,plate11-A/Norway/9556/2025_H1N1,2575,0.8809,0.8809
seqneut25to26_sera_1037_d28,A/Norway/9556/2025_H1N1,plate11-A/Norway/9556/2025_H1N1,5921,1.017,1
seqneut25to26_sera_1037_d28,A/Norway/9556/2025_H1N1,plate11-A/Norway/9556/2025_H1N1,1.362e+04,1.204,1
seqneut25to26_sera_1037_d28,A/Peru/GIHSN-04-1089/2025_H3N2,plate11-A/Peru/GIHSN-04-1089/2025_H3N2,40,1.734e-05,1.734e-05
seqneut25to26_sera_1037_d28,A/Peru/GIHSN-04-1089/2025_H3N2,plate11-A/Peru/GIHSN-04-1089/2025_H3N2,92,0,0
seqneut25to26_sera_1037_d28,A/Peru/GIHSN-04-1089/2025_H3N2,plate11-A/Peru/GIHSN-04-1089/2025_H3N2,212,0.002375,0.002375
seqneut25to26_sera_1037_d28,A/Peru/GIHSN-04-1089/2025_H3N2,plate11-A/Peru/GIHSN-04-1089/2025_H3N2,487,0.07144,0.07144
seqneut25to26_sera_1037_d28,A/Peru/GIHSN-04-1089/2025_H3N2,plate11-A/Peru/GIHSN-04-1089/2025_H3N2,1119,0.3763,0.3763
seqneut25to26_sera_1037_d28,A/Peru/GIHSN-04-1089/2025_H3N2,plate11-A/Peru/GIHSN-04-1089/2025_H3N2,2575,0.5894,0.5894
seqneut25to26_sera_1037_d28,A/Peru/GIHSN-04-1089/2025_H3N2,plate11-A/Peru/GIHSN-04-1089/2025_H3N2,5921,1,1
seqneut25to26_sera_1037_d28,A/Peru/GIHSN-04-1089/2025_H3N2,plate11-A/Peru/GIHSN-04-1089/2025_H3N2,1.362e+04,1.257,1
seqneut25to26_sera_1037_d28,A/Philippines/SARI25-1425/2025_H1N1,plate11-A/Philippines/SARI25-1425/2025_H1N1,40,0.04434,0.04434
seqneut25to26_sera_1037_d28,A/Philippines/SARI25-1425/2025_H1N1,plate11-A/Philippines/SARI25-1425/2025_H1N1,92,0.3258,0.3258
seqneut25to26_sera_1037_d28,A/Philippines/SARI25-1425/2025_H1N1,plate11-A/Philippines/SARI25-1425/2025_H1N1,212,0.9592,0.9592
seqneut25to26_sera_1037_d28,A/Philippines/SARI25-1425/2025_H1N1,plate11-A/Philippines/SARI25-1425/2025_H1N1,487,0.9419,0.9419
seqneut25to26_sera_1037_d28,A/Philippines/SARI25-1425/2025_H1N1,plate11-A/Philippines/SARI25-1425/2025_H1N1,1119,1.473,1
seqneut25to26_sera_1037_d28,A/Philippines/SARI25-1425/2025_H1N1,plate11-A/Philippines/SARI25-1425/2025_H1N1,2575,1.005,1
seqneut25to26_sera_1037_d28,A/Philippines/SARI25-1425/2025_H1N1,plate11-A/Philippines/SARI25-1425/2025_H1N1,5921,1.05,1
seqneut25to26_sera_1037_d28,A/Philippines/SARI25-1425/2025_H1N1,plate11-A/Philippines/SARI25-1425/2025_H1N1,1.362e+04,1.099,1
seqneut25to26_sera_1037_d28,A/Queensland/2526516675/2025_H3N2,plate11-A/Queensland/2526516675/2025_H3N2,40,0.008505,0.008505
seqneut25to26_sera_1037_d28,A/Queensland/2526516675/2025_H3N2,plate11-A/Queensland/2526516675/2025_H3N2,92,0.05882,0.05882
seqneut25to26_sera_1037_d28,A/Queensland/2526516675/2025_H3N2,plate11-A/Queensland/2526516675/2025_H3N2,212,0.2644,0.2644
seqneut25to26_sera_1037_d28,A/Queensland/2526516675/2025_H3N2,plate11-A/Queensland/2526516675/2025_H3N2,487,0.3955,0.3955
seqneut25to26_sera_1037_d28,A/Queensland/2526516675/2025_H3N2,plate11-A/Queensland/2526516675/2025_H3N2,1119,0.7863,0.7863
seqneut25to26_sera_1037_d28,A/Queensland/2526516675/2025_H3N2,plate11-A/Queensland/2526516675/2025_H3N2,2575,0.732,0.732
seqneut25to26_sera_1037_d28,A/Queensland/2526516675/2025_H3N2,plate11-A/Queensland/2526516675/2025_H3N2,5921,0.92,0.92
seqneut25to26_sera_1037_d28,A/Queensland/2526516675/2025_H3N2,plate11-A/Queensland/2526516675/2025_H3N2,1.362e+04,0.9358,0.9358
seqneut25to26_sera_1037_d28,A/SouthAfrica/PET37604/2025_H3N2,plate11-A/SouthAfrica/PET37604/2025_H3N2,40,0,0
seqneut25to26_sera_1037_d28,A/SouthAfrica/PET37604/2025_H3N2,plate11-A/SouthAfrica/PET37604/2025_H3N2,92,0,0
seqneut25to26_sera_1037_d28,A/SouthAfrica/PET37604/2025_H3N2,plate11-A/SouthAfrica/PET37604/2025_H3N2,212,0.0005442,0.0005442
seqneut25to26_sera_1037_d28,A/SouthAfrica/PET37604/2025_H3N2,plate11-A/SouthAfrica/PET37604/2025_H3N2,487,0.009259,0.009259
seqneut25to26_sera_1037_d28,A/SouthAfrica/PET37604/2025_H3N2,plate11-A/SouthAfrica/PET37604/2025_H3N2,1119,0.2342,0.2342
seqneut25to26_sera_1037_d28,A/SouthAfrica/PET37604/2025_H3N2,plate11-A/SouthAfrica/PET37604/2025_H3N2,2575,0.3781,0.3781
seqneut25to26_sera_1037_d28,A/SouthAfrica/PET37604/2025_H3N2,plate11-A/SouthAfrica/PET37604/2025_H3N2,5921,0.6693,0.6693
seqneut25to26_sera_1037_d28,A/SouthAfrica/PET37604/2025_H3N2,plate11-A/SouthAfrica/PET37604/2025_H3N2,1.362e+04,0.8346,0.8346
seqneut25to26_sera_1037_d28,A/SouthAfrica/PET37625/2025_H3N2,plate11-A/SouthAfrica/PET37625/2025_H3N2,40,0,0
seqneut25to26_sera_1037_d28,A/SouthAfrica/PET37625/2025_H3N2,plate11-A/SouthAfrica/PET37625/2025_H3N2,92,0,0
seqneut25to26_sera_1037_d28,A/SouthAfrica/PET37625/2025_H3N2,plate11-A/SouthAfrica/PET37625/2025_H3N2,212,0.00279,0.00279
seqneut25to26_sera_1037_d28,A/SouthAfrica/PET37625/2025_H3N2,plate11-A/SouthAfrica/PET37625/2025_H3N2,487,0.01998,0.01998
seqneut25to26_sera_1037_d28,A/SouthAfrica/PET37625/2025_H3N2,plate11-A/SouthAfrica/PET37625/2025_H3N2,1119,0.2114,0.2114
seqneut25to26_sera_1037_d28,A/SouthAfrica/PET37625/2025_H3N2,plate11-A/SouthAfrica/PET37625/2025_H3N2,2575,0.4484,0.4484
seqneut25to26_sera_1037_d28,A/SouthAfrica/PET37625/2025_H3N2,plate11-A/SouthAfrica/PET37625/2025_H3N2,5921,0.8073,0.8073
seqneut25to26_sera_1037_d28,A/SouthAfrica/PET37625/2025_H3N2,plate11-A/SouthAfrica/PET37625/2025_H3N2,1.362e+04,0.8157,0.8157
seqneut25to26_sera_1037_d28,A/SouthAustralia/2519001037/2025_H1N1,plate11-A/SouthAustralia/2519001037/2025_H1N1,40,0.004201,0.004201
seqneut25to26_sera_1037_d28,A/SouthAustralia/2519001037/2025_H1N1,plate11-A/SouthAustralia/2519001037/2025_H1N1,92,0.1581,0.1581
seqneut25to26_sera_1037_d28,A/SouthAustralia/2519001037/2025_H1N1,plate11-A/SouthAustralia/2519001037/2025_H1N1,212,0.6696,0.6696
seqneut25to26_sera_1037_d28,A/SouthAustralia/2519001037/2025_H1N1,plate11-A/SouthAustralia/2519001037/2025_H1N1,487,0.7503,0.7503
seqneut25to26_sera_1037_d28,A/SouthAustralia/2519001037/2025_H1N1,plate11-A/SouthAustralia/2519001037/2025_H1N1,1119,1.324,1
seqneut25to26_sera_1037_d28,A/SouthAustralia/2519001037/2025_H1N1,plate11-A/SouthAustralia/2519001037/2025_H1N1,2575,1.031,1
seqneut25to26_sera_1037_d28,A/SouthAustralia/2519001037/2025_H1N1,plate11-A/SouthAustralia/2519001037/2025_H1N1,5921,1.013,1
seqneut25to26_sera_1037_d28,A/SouthAustralia/2519001037/2025_H1N1,plate11-A/SouthAustralia/2519001037/2025_H1N1,1.362e+04,1.241,1
seqneut25to26_sera_1037_d28,A/SouthAustralia/2520702747/2025_H1N1,plate11-A/SouthAustralia/2520702747/2025_H1N1,40,0.01295,0.01295
seqneut25to26_sera_1037_d28,A/SouthAustralia/2520702747/2025_H1N1,plate11-A/SouthAustralia/2520702747/2025_H1N1,92,0.04823,0.04823
seqneut25to26_sera_1037_d28,A/SouthAustralia/2520702747/2025_H1N1,plate11-A/SouthAustralia/2520702747/2025_H1N1,212,0.4116,0.4116
seqneut25to26_sera_1037_d28,A/SouthAustralia/2520702747/2025_H1N1,plate11-A/SouthAustralia/2520702747/2025_H1N1,487,0.6386,0.6386
seqneut25to26_sera_1037_d28,A/SouthAustralia/2520702747/2025_H1N1,plate11-A/SouthAustralia/2520702747/2025_H1N1,1119,1.151,1
seqneut25to26_sera_1037_d28,A/SouthAustralia/2520702747/2025_H1N1,plate11-A/SouthAustralia/2520702747/2025_H1N1,2575,0.7992,0.7992
seqneut25to26_sera_1037_d28,A/SouthAustralia/2520702747/2025_H1N1,plate11-A/SouthAustralia/2520702747/2025_H1N1,5921,0.9999,0.9999
seqneut25to26_sera_1037_d28,A/SouthAustralia/2520702747/2025_H1N1,plate11-A/SouthAustralia/2520702747/2025_H1N1,1.362e+04,1.038,1
seqneut25to26_sera_1037_d28,A/SouthAustralia/2523012764/2025_H1N1,plate11-A/SouthAustralia/2523012764/2025_H1N1,40,0.01163,0.01163
seqneut25to26_sera_1037_d28,A/SouthAustralia/2523012764/2025_H1N1,plate11-A/SouthAustralia/2523012764/2025_H1N1,92,0.1062,0.1062
seqneut25to26_sera_1037_d28,A/SouthAustralia/2523012764/2025_H1N1,plate11-A/SouthAustralia/2523012764/2025_H1N1,212,0.6608,0.6608
seqneut25to26_sera_1037_d28,A/SouthAustralia/2523012764/2025_H1N1,plate11-A/SouthAustralia/2523012764/2025_H1N1,487,0.8261,0.8261
seqneut25to26_sera_1037_d28,A/SouthAustralia/2523012764/2025_H1N1,plate11-A/SouthAustralia/2523012764/2025_H1N1,1119,1.336,1
seqneut25to26_sera_1037_d28,A/SouthAustralia/2523012764/2025_H1N1,plate11-A/SouthAustralia/2523012764/2025_H1N1,2575,0.8553,0.8553
seqneut25to26_sera_1037_d28,A/SouthAustralia/2523012764/2025_H1N1,plate11-A/SouthAustralia/2523012764/2025_H1N1,5921,0.8594,0.8594
seqneut25to26_sera_1037_d28,A/SouthAustralia/2523012764/2025_H1N1,plate11-A/SouthAustralia/2523012764/2025_H1N1,1.362e+04,1.261,1
seqneut25to26_sera_1037_d28,A/SouthAustralia/2523812314/2025_H3N2,plate11-A/SouthAustralia/2523812314/2025_H3N2,40,0.03823,0.03823
seqneut25to26_sera_1037_d28,A/SouthAustralia/2523812314/2025_H3N2,plate11-A/SouthAustralia/2523812314/2025_H3N2,92,0.0678,0.0678
seqneut25to26_sera_1037_d28,A/SouthAustralia/2523812314/2025_H3N2,plate11-A/SouthAustralia/2523812314/2025_H3N2,212,0.2291,0.2291
seqneut25to26_sera_1037_d28,A/SouthAustralia/2523812314/2025_H3N2,plate11-A/SouthAustralia/2523812314/2025_H3N2,487,0.3075,0.3075
seqneut25to26_sera_1037_d28,A/SouthAustralia/2523812314/2025_H3N2,plate11-A/SouthAustralia/2523812314/2025_H3N2,1119,0.79,0.79
seqneut25to26_sera_1037_d28,A/SouthAustralia/2523812314/2025_H3N2,plate11-A/SouthAustralia/2523812314/2025_H3N2,2575,0.6897,0.6897
seqneut25to26_sera_1037_d28,A/SouthAustralia/2523812314/2025_H3N2,plate11-A/SouthAustralia/2523812314/2025_H3N2,5921,0.8968,0.8968
seqneut25to26_sera_1037_d28,A/SouthAustralia/2523812314/2025_H3N2,plate11-A/SouthAustralia/2523812314/2025_H3N2,1.362e+04,1.078,1
seqneut25to26_sera_1037_d28,A/SouthAustralia/2524408801/2025_H3N2,plate11-A/SouthAustralia/2524408801/2025_H3N2,40,0.03757,0.03757
seqneut25to26_sera_1037_d28,A/SouthAustralia/2524408801/2025_H3N2,plate11-A/SouthAustralia/2524408801/2025_H3N2,92,0.1394,0.1394
seqneut25to26_sera_1037_d28,A/SouthAustralia/2524408801/2025_H3N2,plate11-A/SouthAustralia/2524408801/2025_H3N2,212,0.3287,0.3287
seqneut25to26_sera_1037_d28,A/SouthAustralia/2524408801/2025_H3N2,plate11-A/SouthAustralia/2524408801/2025_H3N2,487,0.4113,0.4113
seqneut25to26_sera_1037_d28,A/SouthAustralia/2524408801/2025_H3N2,plate11-A/SouthAustralia/2524408801/2025_H3N2,1119,0.6579,0.6579
seqneut25to26_sera_1037_d28,A/SouthAustralia/2524408801/2025_H3N2,plate11-A/SouthAustralia/2524408801/2025_H3N2,2575,0.6434,0.6434
seqneut25to26_sera_1037_d28,A/SouthAustralia/2524408801/2025_H3N2,plate11-A/SouthAustralia/2524408801/2025_H3N2,5921,0.9093,0.9093
seqneut25to26_sera_1037_d28,A/SouthAustralia/2524408801/2025_H3N2,plate11-A/SouthAustralia/2524408801/2025_H3N2,1.362e+04,0.8767,0.8767
seqneut25to26_sera_1037_d28,A/SouthAustralia/2524712956/2025_H1N1,plate11-A/SouthAustralia/2524712956/2025_H1N1,40,0.01916,0.01916
seqneut25to26_sera_1037_d28,A/SouthAustralia/2524712956/2025_H1N1,plate11-A/SouthAustralia/2524712956/2025_H1N1,92,0.1693,0.1693
seqneut25to26_sera_1037_d28,A/SouthAustralia/2524712956/2025_H1N1,plate11-A/SouthAustralia/2524712956/2025_H1N1,212,0.5734,0.5734
seqneut25to26_sera_1037_d28,A/SouthAustralia/2524712956/2025_H1N1,plate11-A/SouthAustralia/2524712956/2025_H1N1,487,0.8528,0.8528
seqneut25to26_sera_1037_d28,A/SouthAustralia/2524712956/2025_H1N1,plate11-A/SouthAustralia/2524712956/2025_H1N1,1119,1.349,1
seqneut25to26_sera_1037_d28,A/SouthAustralia/2524712956/2025_H1N1,plate11-A/SouthAustralia/2524712956/2025_H1N1,2575,0.988,0.988
seqneut25to26_sera_1037_d28,A/SouthAustralia/2524712956/2025_H1N1,plate11-A/SouthAustralia/2524712956/2025_H1N1,5921,1.061,1
seqneut25to26_sera_1037_d28,A/SouthAustralia/2524712956/2025_H1N1,plate11-A/SouthAustralia/2524712956/2025_H1N1,1.362e+04,1.344,1
seqneut25to26_sera_1037_d28,A/SouthAustralia/2525607496/2025_H3N2,plate11-A/SouthAustralia/2525607496/2025_H3N2,40,0,0
seqneut25to26_sera_1037_d28,A/SouthAustralia/2525607496/2025_H3N2,plate11-A/SouthAustralia/2525607496/2025_H3N2,92,0.0002307,0.0002307
seqneut25to26_sera_1037_d28,A/SouthAustralia/2525607496/2025_H3N2,plate11-A/SouthAustralia/2525607496/2025_H3N2,212,0,0
seqneut25to26_sera_1037_d28,A/SouthAustralia/2525607496/2025_H3N2,plate11-A/SouthAustralia/2525607496/2025_H3N2,487,0.01662,0.01662
seqneut25to26_sera_1037_d28,A/SouthAustralia/2525607496/2025_H3N2,plate11-A/SouthAustralia/2525607496/2025_H3N2,1119,0.3596,0.3596
seqneut25to26_sera_1037_d28,A/SouthAustralia/2525607496/2025_H3N2,plate11-A/SouthAustralia/2525607496/2025_H3N2,2575,0.5772,0.5772
seqneut25to26_sera_1037_d28,A/SouthAustralia/2525607496/2025_H3N2,plate11-A/SouthAustralia/2525607496/2025_H3N2,5921,0.8301,0.8301
seqneut25to26_sera_1037_d28,A/SouthAustralia/2525607496/2025_H3N2,plate11-A/SouthAustralia/2525607496/2025_H3N2,1.362e+04,0.976,0.976
seqneut25to26_sera_1037_d28,A/SouthAustralia/2527003588/2025_H3N2,plate11-A/SouthAustralia/2527003588/2025_H3N2,40,0.003357,0.003357
seqneut25to26_sera_1037_d28,A/SouthAustralia/2527003588/2025_H3N2,plate11-A/SouthAustralia/2527003588/2025_H3N2,92,0.1525,0.1525
seqneut25to26_sera_1037_d28,A/SouthAustralia/2527003588/2025_H3N2,plate11-A/SouthAustralia/2527003588/2025_H3N2,212,0.3828,0.3828
seqneut25to26_sera_1037_d28,A/SouthAustralia/2527003588/2025_H3N2,plate11-A/SouthAustralia/2527003588/2025_H3N2,487,0.6225,0.6225
seqneut25to26_sera_1037_d28,A/SouthAustralia/2527003588/2025_H3N2,plate11-A/SouthAustralia/2527003588/2025_H3N2,1119,0.9107,0.9107
seqneut25to26_sera_1037_d28,A/SouthAustralia/2527003588/2025_H3N2,plate11-A/SouthAustralia/2527003588/2025_H3N2,2575,0.8214,0.8214
seqneut25to26_sera_1037_d28,A/SouthAustralia/2527003588/2025_H3N2,plate11-A/SouthAustralia/2527003588/2025_H3N2,5921,0.8078,0.8078
seqneut25to26_sera_1037_d28,A/SouthAustralia/2527003588/2025_H3N2,plate11-A/SouthAustralia/2527003588/2025_H3N2,1.362e+04,1.121,1
seqneut25to26_sera_1037_d28,A/SouthAustralia/2527213276/2025_H3N2,plate11-A/SouthAustralia/2527213276/2025_H3N2,40,0.000845,0.000845
seqneut25to26_sera_1037_d28,A/SouthAustralia/2527213276/2025_H3N2,plate11-A/SouthAustralia/2527213276/2025_H3N2,92,0.09826,0.09826
seqneut25to26_sera_1037_d28,A/SouthAustralia/2527213276/2025_H3N2,plate11-A/SouthAustralia/2527213276/2025_H3N2,212,0.1526,0.1526
seqneut25to26_sera_1037_d28,A/SouthAustralia/2527213276/2025_H3N2,plate11-A/SouthAustralia/2527213276/2025_H3N2,487,0.2481,0.2481
seqneut25to26_sera_1037_d28,A/SouthAustralia/2527213276/2025_H3N2,plate11-A/SouthAustralia/2527213276/2025_H3N2,1119,1.21,1
seqneut25to26_sera_1037_d28,A/SouthAustralia/2527213276/2025_H3N2,plate11-A/SouthAustralia/2527213276/2025_H3N2,2575,0.7109,0.7109
seqneut25to26_sera_1037_d28,A/SouthAustralia/2527213276/2025_H3N2,plate11-A/SouthAustralia/2527213276/2025_H3N2,5921,0.6559,0.6559
seqneut25to26_sera_1037_d28,A/SouthAustralia/2527213276/2025_H3N2,plate11-A/SouthAustralia/2527213276/2025_H3N2,1.362e+04,0.7741,0.7741
seqneut25to26_sera_1037_d28,A/SouthAustralia/2527612456/2025_H1N1,plate11-A/SouthAustralia/2527612456/2025_H1N1,40,0.02931,0.02931
seqneut25to26_sera_1037_d28,A/SouthAustralia/2527612456/2025_H1N1,plate11-A/SouthAustralia/2527612456/2025_H1N1,92,0.2205,0.2205
seqneut25to26_sera_1037_d28,A/SouthAustralia/2527612456/2025_H1N1,plate11-A/SouthAustralia/2527612456/2025_H1N1,212,0.8493,0.8493
seqneut25to26_sera_1037_d28,A/SouthAustralia/2527612456/2025_H1N1,plate11-A/SouthAustralia/2527612456/2025_H1N1,487,0.9358,0.9358
seqneut25to26_sera_1037_d28,A/SouthAustralia/2527612456/2025_H1N1,plate11-A/SouthAustralia/2527612456/2025_H1N1,1119,1.321,1
seqneut25to26_sera_1037_d28,A/SouthAustralia/2527612456/2025_H1N1,plate11-A/SouthAustralia/2527612456/2025_H1N1,2575,0.9489,0.9489
seqneut25to26_sera_1037_d28,A/SouthAustralia/2527612456/2025_H1N1,plate11-A/SouthAustralia/2527612456/2025_H1N1,5921,0.9622,0.9622
seqneut25to26_sera_1037_d28,A/SouthAustralia/2527612456/2025_H1N1,plate11-A/SouthAustralia/2527612456/2025_H1N1,1.362e+04,1.211,1
seqneut25to26_sera_1037_d28,A/SouthAustralia/2527902708/2025_H3N2,plate11-A/SouthAustralia/2527902708/2025_H3N2,40,0.03452,0.03452
seqneut25to26_sera_1037_d28,A/SouthAustralia/2527902708/2025_H3N2,plate11-A/SouthAustralia/2527902708/2025_H3N2,92,0.3326,0.3326
seqneut25to26_sera_1037_d28,A/SouthAustralia/2527902708/2025_H3N2,plate11-A/SouthAustralia/2527902708/2025_H3N2,212,0.4692,0.4692
seqneut25to26_sera_1037_d28,A/SouthAustralia/2527902708/2025_H3N2,plate11-A/SouthAustralia/2527902708/2025_H3N2,487,0.6402,0.6402
seqneut25to26_sera_1037_d28,A/SouthAustralia/2527902708/2025_H3N2,plate11-A/SouthAustralia/2527902708/2025_H3N2,1119,1.15,1
seqneut25to26_sera_1037_d28,A/SouthAustralia/2527902708/2025_H3N2,plate11-A/SouthAustralia/2527902708/2025_H3N2,2575,0.8735,0.8735
seqneut25to26_sera_1037_d28,A/SouthAustralia/2527902708/2025_H3N2,plate11-A/SouthAustralia/2527902708/2025_H3N2,5921,1.296,1
seqneut25to26_sera_1037_d28,A/SouthAustralia/2527902708/2025_H3N2,plate11-A/SouthAustralia/2527902708/2025_H3N2,1.362e+04,1.232,1
seqneut25to26_sera_1037_d28,A/Sydney/1359/2024_H3N2,plate11-A/Sydney/1359/2024_H3N2,40,0,0
seqneut25to26_sera_1037_d28,A/Sydney/1359/2024_H3N2,plate11-A/Sydney/1359/2024_H3N2,92,0.005252,0.005252
seqneut25to26_sera_1037_d28,A/Sydney/1359/2024_H3N2,plate11-A/Sydney/1359/2024_H3N2,212,0.01186,0.01186
seqneut25to26_sera_1037_d28,A/Sydney/1359/2024_H3N2,plate11-A/Sydney/1359/2024_H3N2,487,0.105,0.105
seqneut25to26_sera_1037_d28,A/Sydney/1359/2024_H3N2,plate11-A/Sydney/1359/2024_H3N2,1119,0.4639,0.4639
seqneut25to26_sera_1037_d28,A/Sydney/1359/2024_H3N2,plate11-A/Sydney/1359/2024_H3N2,2575,0.5229,0.5229
seqneut25to26_sera_1037_d28,A/Sydney/1359/2024_H3N2,plate11-A/Sydney/1359/2024_H3N2,5921,0.8758,0.8758
seqneut25to26_sera_1037_d28,A/Sydney/1359/2024_H3N2,plate11-A/Sydney/1359/2024_H3N2,1.362e+04,1.13,1
seqneut25to26_sera_1037_d28,A/Sydney/400/2025_H1N1,plate11-A/Sydney/400/2025_H1N1,40,0.01367,0.01367
seqneut25to26_sera_1037_d28,A/Sydney/400/2025_H1N1,plate11-A/Sydney/400/2025_H1N1,92,0.09998,0.09998
seqneut25to26_sera_1037_d28,A/Sydney/400/2025_H1N1,plate11-A/Sydney/400/2025_H1N1,212,0.3756,0.3756
seqneut25to26_sera_1037_d28,A/Sydney/400/2025_H1N1,plate11-A/Sydney/400/2025_H1N1,487,0.702,0.702
seqneut25to26_sera_1037_d28,A/Sydney/400/2025_H1N1,plate11-A/Sydney/400/2025_H1N1,1119,1.232,1
seqneut25to26_sera_1037_d28,A/Sydney/400/2025_H1N1,plate11-A/Sydney/400/2025_H1N1,2575,0.8039,0.8039
seqneut25to26_sera_1037_d28,A/Sydney/400/2025_H1N1,plate11-A/Sydney/400/2025_H1N1,5921,1.154,1
seqneut25to26_sera_1037_d28,A/Sydney/400/2025_H1N1,plate11-A/Sydney/400/2025_H1N1,1.362e+04,1.014,1
seqneut25to26_sera_1037_d28,A/Tasmania/2521815682/2025_H3N2,plate11-A/Tasmania/2521815682/2025_H3N2,40,0.02392,0.02392
seqneut25to26_sera_1037_d28,A/Tasmania/2521815682/2025_H3N2,plate11-A/Tasmania/2521815682/2025_H3N2,92,0.09643,0.09643
seqneut25to26_sera_1037_d28,A/Tasmania/2521815682/2025_H3N2,plate11-A/Tasmania/2521815682/2025_H3N2,212,0.2861,0.2861
seqneut25to26_sera_1037_d28,A/Tasmania/2521815682/2025_H3N2,plate11-A/Tasmania/2521815682/2025_H3N2,487,0.4941,0.4941
seqneut25to26_sera_1037_d28,A/Tasmania/2521815682/2025_H3N2,plate11-A/Tasmania/2521815682/2025_H3N2,1119,0.874,0.874
seqneut25to26_sera_1037_d28,A/Tasmania/2521815682/2025_H3N2,plate11-A/Tasmania/2521815682/2025_H3N2,2575,0.6504,0.6504
seqneut25to26_sera_1037_d28,A/Tasmania/2521815682/2025_H3N2,plate11-A/Tasmania/2521815682/2025_H3N2,5921,0.8793,0.8793
seqneut25to26_sera_1037_d28,A/Tasmania/2521815682/2025_H3N2,plate11-A/Tasmania/2521815682/2025_H3N2,1.362e+04,0.9939,0.9939
seqneut25to26_sera_1037_d28,A/Thailand/8/2022_H3N2,plate11-A/Thailand/8/2022_H3N2,40,0.000319,0.000319
seqneut25to26_sera_1037_d28,A/Thailand/8/2022_H3N2,plate11-A/Thailand/8/2022_H3N2,92,0.002578,0.002578
seqneut25to26_sera_1037_d28,A/Thailand/8/2022_H3N2,plate11-A/Thailand/8/2022_H3N2,212,0.05212,0.05212
seqneut25to26_sera_1037_d28,A/Thailand/8/2022_H3N2,plate11-A/Thailand/8/2022_H3N2,487,0.1479,0.1479
seqneut25to26_sera_1037_d28,A/Thailand/8/2022_H3N2,plate11-A/Thailand/8/2022_H3N2,1119,0.09554,0.09554
seqneut25to26_sera_1037_d28,A/Thailand/8/2022_H3N2,plate11-A/Thailand/8/2022_H3N2,2575,0.2575,0.2575
seqneut25to26_sera_1037_d28,A/Thailand/8/2022_H3N2,plate11-A/Thailand/8/2022_H3N2,5921,0.3257,0.3257
seqneut25to26_sera_1037_d28,A/Thailand/8/2022_H3N2,plate11-A/Thailand/8/2022_H3N2,1.362e+04,0.5433,0.5433
seqneut25to26_sera_1037_d28,A/Vermont/73/2025_H3N2,plate11-A/Vermont/73/2025_H3N2,40,0.0003816,0.0003816
seqneut25to26_sera_1037_d28,A/Vermont/73/2025_H3N2,plate11-A/Vermont/73/2025_H3N2,92,0.1427,0.1427
seqneut25to26_sera_1037_d28,A/Vermont/73/2025_H3N2,plate11-A/Vermont/73/2025_H3N2,212,0.296,0.296
seqneut25to26_sera_1037_d28,A/Vermont/73/2025_H3N2,plate11-A/Vermont/73/2025_H3N2,487,0.5813,0.5813
seqneut25to26_sera_1037_d28,A/Vermont/73/2025_H3N2,plate11-A/Vermont/73/2025_H3N2,1119,1.085,1
seqneut25to26_sera_1037_d28,A/Vermont/73/2025_H3N2,plate11-A/Vermont/73/2025_H3N2,2575,0.8503,0.8503
seqneut25to26_sera_1037_d28,A/Vermont/73/2025_H3N2,plate11-A/Vermont/73/2025_H3N2,5921,0.9944,0.9944
seqneut25to26_sera_1037_d28,A/Vermont/73/2025_H3N2,plate11-A/Vermont/73/2025_H3N2,1.362e+04,1.209,1
seqneut25to26_sera_1037_d28,A/Victoria/4897/2022_IVR-238_H1N1,plate11-A/Victoria/4897/2022_IVR-238_H1N1,40,0.0001788,0.0001788
seqneut25to26_sera_1037_d28,A/Victoria/4897/2022_IVR-238_H1N1,plate11-A/Victoria/4897/2022_IVR-238_H1N1,92,0,0
seqneut25to26_sera_1037_d28,A/Victoria/4897/2022_IVR-238_H1N1,plate11-A/Victoria/4897/2022_IVR-238_H1N1,212,0.001164,0.001164
seqneut25to26_sera_1037_d28,A/Victoria/4897/2022_IVR-238_H1N1,plate11-A/Victoria/4897/2022_IVR-238_H1N1,487,0.01148,0.01148
seqneut25to26_sera_1037_d28,A/Victoria/4897/2022_IVR-238_H1N1,plate11-A/Victoria/4897/2022_IVR-238_H1N1,1119,0.5143,0.5143
seqneut25to26_sera_1037_d28,A/Victoria/4897/2022_IVR-238_H1N1,plate11-A/Victoria/4897/2022_IVR-238_H1N1,2575,0.6698,0.6698
seqneut25to26_sera_1037_d28,A/Victoria/4897/2022_IVR-238_H1N1,plate11-A/Victoria/4897/2022_IVR-238_H1N1,5921,1.054,1
seqneut25to26_sera_1037_d28,A/Victoria/4897/2022_IVR-238_H1N1,plate11-A/Victoria/4897/2022_IVR-238_H1N1,1.362e+04,1.291,1
seqneut25to26_sera_1037_d28,A/Wisconsin/588/2019_H1N1,plate11-A/Wisconsin/588/2019_H1N1,40,6.572e-05,6.572e-05
seqneut25to26_sera_1037_d28,A/Wisconsin/588/2019_H1N1,plate11-A/Wisconsin/588/2019_H1N1,92,0.0002059,0.0002059
seqneut25to26_sera_1037_d28,A/Wisconsin/588/2019_H1N1,plate11-A/Wisconsin/588/2019_H1N1,212,0.06048,0.06048
seqneut25to26_sera_1037_d28,A/Wisconsin/588/2019_H1N1,plate11-A/Wisconsin/588/2019_H1N1,487,0.3236,0.3236
seqneut25to26_sera_1037_d28,A/Wisconsin/588/2019_H1N1,plate11-A/Wisconsin/588/2019_H1N1,1119,0.7743,0.7743
seqneut25to26_sera_1037_d28,A/Wisconsin/588/2019_H1N1,plate11-A/Wisconsin/588/2019_H1N1,2575,0.6842,0.6842
seqneut25to26_sera_1037_d28,A/Wisconsin/588/2019_H1N1,plate11-A/Wisconsin/588/2019_H1N1,5921,0.9066,0.9066
seqneut25to26_sera_1037_d28,A/Wisconsin/588/2019_H1N1,plate11-A/Wisconsin/588/2019_H1N1,1.362e+04,0.9922,0.9922
seqneut25to26_sera_1037_d28,A/Wisconsin/67/2022_H1N1,plate11-A/Wisconsin/67/2022_H1N1,40,0.009053,0.009053
seqneut25to26_sera_1037_d28,A/Wisconsin/67/2022_H1N1,plate11-A/Wisconsin/67/2022_H1N1,92,0.1148,0.1148
seqneut25to26_sera_1037_d28,A/Wisconsin/67/2022_H1N1,plate11-A/Wisconsin/67/2022_H1N1,212,0.6072,0.6072
seqneut25to26_sera_1037_d28,A/Wisconsin/67/2022_H1N1,plate11-A/Wisconsin/67/2022_H1N1,487,0.7858,0.7858
seqneut25to26_sera_1037_d28,A/Wisconsin/67/2022_H1N1,plate11-A/Wisconsin/67/2022_H1N1,1119,1.153,1
seqneut25to26_sera_1037_d28,A/Wisconsin/67/2022_H1N1,plate11-A/Wisconsin/67/2022_H1N1,2575,0.9109,0.9109
seqneut25to26_sera_1037_d28,A/Wisconsin/67/2022_H1N1,plate11-A/Wisconsin/67/2022_H1N1,5921,0.9714,0.9714
seqneut25to26_sera_1037_d28,A/Wisconsin/67/2022_H1N1,plate11-A/Wisconsin/67/2022_H1N1,1.362e+04,1.179,1
seqneut25to26_sera_1037_d28,A/Zacapa/FLU-261/2025_H1N1,plate11-A/Zacapa/FLU-261/2025_H1N1,40,0.00704,0.00704
seqneut25to26_sera_1037_d28,A/Zacapa/FLU-261/2025_H1N1,plate11-A/Zacapa/FLU-261/2025_H1N1,92,0.07332,0.07332
seqneut25to26_sera_1037_d28,A/Zacapa/FLU-261/2025_H1N1,plate11-A/Zacapa/FLU-261/2025_H1N1,212,0.5339,0.5339
seqneut25to26_sera_1037_d28,A/Zacapa/FLU-261/2025_H1N1,plate11-A/Zacapa/FLU-261/2025_H1N1,487,0.985,0.985
seqneut25to26_sera_1037_d28,A/Zacapa/FLU-261/2025_H1N1,plate11-A/Zacapa/FLU-261/2025_H1N1,1119,1.43,1
seqneut25to26_sera_1037_d28,A/Zacapa/FLU-261/2025_H1N1,plate11-A/Zacapa/FLU-261/2025_H1N1,2575,0.8589,0.8589
seqneut25to26_sera_1037_d28,A/Zacapa/FLU-261/2025_H1N1,plate11-A/Zacapa/FLU-261/2025_H1N1,5921,1.183,1
seqneut25to26_sera_1037_d28,A/Zacapa/FLU-261/2025_H1N1,plate11-A/Zacapa/FLU-261/2025_H1N1,1.362e+04,1.36,1
seqneut25to26_sera_1046_d0,A/Alagoas/4130/2025_H3N2,plate11-A/Alagoas/4130/2025_H3N2,40,0.07545,0.07545
seqneut25to26_sera_1046_d0,A/Alagoas/4130/2025_H3N2,plate11-A/Alagoas/4130/2025_H3N2,92,0.3434,0.3434
seqneut25to26_sera_1046_d0,A/Alagoas/4130/2025_H3N2,plate11-A/Alagoas/4130/2025_H3N2,212,0.4575,0.4575
seqneut25to26_sera_1046_d0,A/Alagoas/4130/2025_H3N2,plate11-A/Alagoas/4130/2025_H3N2,487,0.4782,0.4782
seqneut25to26_sera_1046_d0,A/Alagoas/4130/2025_H3N2,plate11-A/Alagoas/4130/2025_H3N2,1119,0.9611,0.9611
seqneut25to26_sera_1046_d0,A/Alagoas/4130/2025_H3N2,plate11-A/Alagoas/4130/2025_H3N2,2575,0.9478,0.9478
seqneut25to26_sera_1046_d0,A/Alagoas/4130/2025_H3N2,plate11-A/Alagoas/4130/2025_H3N2,5921,0.9407,0.9407
seqneut25to26_sera_1046_d0,A/Anapolis/LEIAL6543/2025_H3N2,plate11-A/Anapolis/LEIAL6543/2025_H3N2,40,0.04406,0.04406
seqneut25to26_sera_1046_d0,A/Anapolis/LEIAL6543/2025_H3N2,plate11-A/Anapolis/LEIAL6543/2025_H3N2,92,0.1607,0.1607
seqneut25to26_sera_1046_d0,A/Anapolis/LEIAL6543/2025_H3N2,plate11-A/Anapolis/LEIAL6543/2025_H3N2,212,0.3978,0.3978
seqneut25to26_sera_1046_d0,A/Anapolis/LEIAL6543/2025_H3N2,plate11-A/Anapolis/LEIAL6543/2025_H3N2,487,0.7036,0.7036
seqneut25to26_sera_1046_d0,A/Anapolis/LEIAL6543/2025_H3N2,plate11-A/Anapolis/LEIAL6543/2025_H3N2,1119,0.7321,0.7321
seqneut25to26_sera_1046_d0,A/Anapolis/LEIAL6543/2025_H3N2,plate11-A/Anapolis/LEIAL6543/2025_H3N2,2575,0.8566,0.8566
seqneut25to26_sera_1046_d0,A/Anapolis/LEIAL6543/2025_H3N2,plate11-A/Anapolis/LEIAL6543/2025_H3N2,5921,1.311,1
seqneut25to26_sera_1046_d0,A/Andalucia/PMC-00977/2025_H1N1,plate11-A/Andalucia/PMC-00977/2025_H1N1,40,0.3597,0.3597
seqneut25to26_sera_1046_d0,A/Andalucia/PMC-00977/2025_H1N1,plate11-A/Andalucia/PMC-00977/2025_H1N1,92,0.9537,0.9537
seqneut25to26_sera_1046_d0,A/Andalucia/PMC-00977/2025_H1N1,plate11-A/Andalucia/PMC-00977/2025_H1N1,212,0.9604,0.9604
seqneut25to26_sera_1046_d0,A/Andalucia/PMC-00977/2025_H1N1,plate11-A/Andalucia/PMC-00977/2025_H1N1,487,1.073,1
seqneut25to26_sera_1046_d0,A/Andalucia/PMC-00977/2025_H1N1,plate11-A/Andalucia/PMC-00977/2025_H1N1,1119,1.113,1
seqneut25to26_sera_1046_d0,A/Andalucia/PMC-00977/2025_H1N1,plate11-A/Andalucia/PMC-00977/2025_H1N1,2575,1.087,1
seqneut25to26_sera_1046_d0,A/Andalucia/PMC-00977/2025_H1N1,plate11-A/Andalucia/PMC-00977/2025_H1N1,5921,1.087,1
seqneut25to26_sera_1046_d0,A/Aragon/2046/2025_H1N1,plate11-A/Aragon/2046/2025_H1N1,40,0.2449,0.2449
seqneut25to26_sera_1046_d0,A/Aragon/2046/2025_H1N1,plate11-A/Aragon/2046/2025_H1N1,92,0.7155,0.7155
seqneut25to26_sera_1046_d0,A/Aragon/2046/2025_H1N1,plate11-A/Aragon/2046/2025_H1N1,212,1.044,1
seqneut25to26_sera_1046_d0,A/Aragon/2046/2025_H1N1,plate11-A/Aragon/2046/2025_H1N1,487,1.161,1
seqneut25to26_sera_1046_d0,A/Aragon/2046/2025_H1N1,plate11-A/Aragon/2046/2025_H1N1,1119,1.126,1
seqneut25to26_sera_1046_d0,A/Aragon/2046/2025_H1N1,plate11-A/Aragon/2046/2025_H1N1,2575,0.9717,0.9717
seqneut25to26_sera_1046_d0,A/Aragon/2046/2025_H1N1,plate11-A/Aragon/2046/2025_H1N1,5921,1.409,1
seqneut25to26_sera_1046_d0,A/Arica/59150/2025_H3N2,plate11-A/Arica/59150/2025_H3N2,40,0.05218,0.05218
seqneut25to26_sera_1046_d0,A/Arica/59150/2025_H3N2,plate11-A/Arica/59150/2025_H3N2,92,0.1911,0.1911
seqneut25to26_sera_1046_d0,A/Arica/59150/2025_H3N2,plate11-A/Arica/59150/2025_H3N2,212,0.3241,0.3241
seqneut25to26_sera_1046_d0,A/Arica/59150/2025_H3N2,plate11-A/Arica/59150/2025_H3N2,487,0.6571,0.6571
seqneut25to26_sera_1046_d0,A/Arica/59150/2025_H3N2,plate11-A/Arica/59150/2025_H3N2,1119,0.7706,0.7706
seqneut25to26_sera_1046_d0,A/Arica/59150/2025_H3N2,plate11-A/Arica/59150/2025_H3N2,2575,0.9152,0.9152
seqneut25to26_sera_1046_d0,A/Arica/59150/2025_H3N2,plate11-A/Arica/59150/2025_H3N2,5921,0.8416,0.8416
seqneut25to26_sera_1046_d0,A/Bahia/3102/2025_H3N2,plate11-A/Bahia/3102/2025_H3N2,40,0.03672,0.03672
seqneut25to26_sera_1046_d0,A/Bahia/3102/2025_H3N2,plate11-A/Bahia/3102/2025_H3N2,92,0.09995,0.09995
seqneut25to26_sera_1046_d0,A/Bahia/3102/2025_H3N2,plate11-A/Bahia/3102/2025_H3N2,212,0.4055,0.4055
seqneut25to26_sera_1046_d0,A/Bahia/3102/2025_H3N2,plate11-A/Bahia/3102/2025_H3N2,487,0.5307,0.5307
seqneut25to26_sera_1046_d0,A/Bahia/3102/2025_H3N2,plate11-A/Bahia/3102/2025_H3N2,1119,0.5862,0.5862
seqneut25to26_sera_1046_d0,A/Bahia/3102/2025_H3N2,plate11-A/Bahia/3102/2025_H3N2,2575,0.7439,0.7439
seqneut25to26_sera_1046_d0,A/Bahia/3102/2025_H3N2,plate11-A/Bahia/3102/2025_H3N2,5921,0.8304,0.8304
seqneut25to26_sera_1046_d0,A/Bangkok/1803/2025_H1N1,plate11-A/Bangkok/1803/2025_H1N1,40,0.1768,0.1768
seqneut25to26_sera_1046_d0,A/Bangkok/1803/2025_H1N1,plate11-A/Bangkok/1803/2025_H1N1,92,0.8076,0.8076
seqneut25to26_sera_1046_d0,A/Bangkok/1803/2025_H1N1,plate11-A/Bangkok/1803/2025_H1N1,212,0.832,0.832
seqneut25to26_sera_1046_d0,A/Bangkok/1803/2025_H1N1,plate11-A/Bangkok/1803/2025_H1N1,487,1.151,1
seqneut25to26_sera_1046_d0,A/Bangkok/1803/2025_H1N1,plate11-A/Bangkok/1803/2025_H1N1,1119,1.256,1
seqneut25to26_sera_1046_d0,A/Bangkok/1803/2025_H1N1,plate11-A/Bangkok/1803/2025_H1N1,2575,1.1,1
seqneut25to26_sera_1046_d0,A/Bangkok/1803/2025_H1N1,plate11-A/Bangkok/1803/2025_H1N1,5921,1.237,1
seqneut25to26_sera_1046_d0,A/Bangkok/P2229/2025_H1N1,plate11-A/Bangkok/P2229/2025_H1N1,40,0.2557,0.2557
seqneut25to26_sera_1046_d0,A/Bangkok/P2229/2025_H1N1,plate11-A/Bangkok/P2229/2025_H1N1,92,0.9265,0.9265
seqneut25to26_sera_1046_d0,A/Bangkok/P2229/2025_H1N1,plate11-A/Bangkok/P2229/2025_H1N1,212,0.9475,0.9475
seqneut25to26_sera_1046_d0,A/Bangkok/P2229/2025_H1N1,plate11-A/Bangkok/P2229/2025_H1N1,487,1.107,1
seqneut25to26_sera_1046_d0,A/Bangkok/P2229/2025_H1N1,plate11-A/Bangkok/P2229/2025_H1N1,1119,1.181,1
seqneut25to26_sera_1046_d0,A/Bangkok/P2229/2025_H1N1,plate11-A/Bangkok/P2229/2025_H1N1,2575,1.214,1
seqneut25to26_sera_1046_d0,A/Bangkok/P2229/2025_H1N1,plate11-A/Bangkok/P2229/2025_H1N1,5921,1.192,1
seqneut25to26_sera_1046_d0,A/Bangkok/P2323/2025_H3N2,plate11-A/Bangkok/P2323/2025_H3N2,40,0.128,0.128
seqneut25to26_sera_1046_d0,A/Bangkok/P2323/2025_H3N2,plate11-A/Bangkok/P2323/2025_H3N2,92,0.5763,0.5763
seqneut25to26_sera_1046_d0,A/Bangkok/P2323/2025_H3N2,plate11-A/Bangkok/P2323/2025_H3N2,212,0.6076,0.6076
seqneut25to26_sera_1046_d0,A/Bangkok/P2323/2025_H3N2,plate11-A/Bangkok/P2323/2025_H3N2,487,0.7403,0.7403
seqneut25to26_sera_1046_d0,A/Bangkok/P2323/2025_H3N2,plate11-A/Bangkok/P2323/2025_H3N2,1119,0.8883,0.8883
seqneut25to26_sera_1046_d0,A/Bangkok/P2323/2025_H3N2,plate11-A/Bangkok/P2323/2025_H3N2,2575,0.7586,0.7586
seqneut25to26_sera_1046_d0,A/Bangkok/P2323/2025_H3N2,plate11-A/Bangkok/P2323/2025_H3N2,5921,1.03,1
seqneut25to26_sera_1046_d0,A/Bangkok/P2390/2025_H3N2,plate11-A/Bangkok/P2390/2025_H3N2,40,0.254,0.254
seqneut25to26_sera_1046_d0,A/Bangkok/P2390/2025_H3N2,plate11-A/Bangkok/P2390/2025_H3N2,92,0.4444,0.4444
seqneut25to26_sera_1046_d0,A/Bangkok/P2390/2025_H3N2,plate11-A/Bangkok/P2390/2025_H3N2,212,0.4689,0.4689
seqneut25to26_sera_1046_d0,A/Bangkok/P2390/2025_H3N2,plate11-A/Bangkok/P2390/2025_H3N2,487,0.6984,0.6984
seqneut25to26_sera_1046_d0,A/Bangkok/P2390/2025_H3N2,plate11-A/Bangkok/P2390/2025_H3N2,1119,1.056,1
seqneut25to26_sera_1046_d0,A/Bangkok/P2390/2025_H3N2,plate11-A/Bangkok/P2390/2025_H3N2,2575,0.8782,0.8782
seqneut25to26_sera_1046_d0,A/Bangkok/P2390/2025_H3N2,plate11-A/Bangkok/P2390/2025_H3N2,5921,0.7782,0.7782
seqneut25to26_sera_1046_d0,A/Bangkok/P2391/2025_H3N2,plate11-A/Bangkok/P2391/2025_H3N2,40,0.2625,0.2625
seqneut25to26_sera_1046_d0,A/Bangkok/P2391/2025_H3N2,plate11-A/Bangkok/P2391/2025_H3N2,92,0.4091,0.4091
seqneut25to26_sera_1046_d0,A/Bangkok/P2391/2025_H3N2,plate11-A/Bangkok/P2391/2025_H3N2,212,0.5431,0.5431
seqneut25to26_sera_1046_d0,A/Bangkok/P2391/2025_H3N2,plate11-A/Bangkok/P2391/2025_H3N2,487,0.5988,0.5988
seqneut25to26_sera_1046_d0,A/Bangkok/P2391/2025_H3N2,plate11-A/Bangkok/P2391/2025_H3N2,1119,0.7214,0.7214
seqneut25to26_sera_1046_d0,A/Bangkok/P2391/2025_H3N2,plate11-A/Bangkok/P2391/2025_H3N2,2575,0.6982,0.6982
seqneut25to26_sera_1046_d0,A/Bangkok/P2391/2025_H3N2,plate11-A/Bangkok/P2391/2025_H3N2,5921,0.7528,0.7528
seqneut25to26_sera_1046_d0,A/Bangkok/P2572/2025_H3N2,plate11-A/Bangkok/P2572/2025_H3N2,40,0.2029,0.2029
seqneut25to26_sera_1046_d0,A/Bangkok/P2572/2025_H3N2,plate11-A/Bangkok/P2572/2025_H3N2,92,0.6096,0.6096
seqneut25to26_sera_1046_d0,A/Bangkok/P2572/2025_H3N2,plate11-A/Bangkok/P2572/2025_H3N2,212,0.7205,0.7205
seqneut25to26_sera_1046_d0,A/Bangkok/P2572/2025_H3N2,plate11-A/Bangkok/P2572/2025_H3N2,487,0.6395,0.6395
seqneut25to26_sera_1046_d0,A/Bangkok/P2572/2025_H3N2,plate11-A/Bangkok/P2572/2025_H3N2,1119,0.8703,0.8703
seqneut25to26_sera_1046_d0,A/Bangkok/P2572/2025_H3N2,plate11-A/Bangkok/P2572/2025_H3N2,2575,0.8105,0.8105
seqneut25to26_sera_1046_d0,A/Bangkok/P2572/2025_H3N2,plate11-A/Bangkok/P2572/2025_H3N2,5921,0.9175,0.9175
seqneut25to26_sera_1046_d0,A/Bangkok/P2921/2025_H3N2,plate11-A/Bangkok/P2921/2025_H3N2,40,0.1146,0.1146
seqneut25to26_sera_1046_d0,A/Bangkok/P2921/2025_H3N2,plate11-A/Bangkok/P2921/2025_H3N2,92,0.503,0.503
seqneut25to26_sera_1046_d0,A/Bangkok/P2921/2025_H3N2,plate11-A/Bangkok/P2921/2025_H3N2,212,0.5405,0.5405
seqneut25to26_sera_1046_d0,A/Bangkok/P2921/2025_H3N2,plate11-A/Bangkok/P2921/2025_H3N2,487,0.7096,0.7096
seqneut25to26_sera_1046_d0,A/Bangkok/P2921/2025_H3N2,plate11-A/Bangkok/P2921/2025_H3N2,1119,0.9305,0.9305
seqneut25to26_sera_1046_d0,A/Bangkok/P2921/2025_H3N2,plate11-A/Bangkok/P2921/2025_H3N2,2575,0.8905,0.8905
seqneut25to26_sera_1046_d0,A/Bangkok/P2921/2025_H3N2,plate11-A/Bangkok/P2921/2025_H3N2,5921,0.956,0.956
seqneut25to26_sera_1046_d0,A/Bangkok/P3067/2025_H1N1,plate11-A/Bangkok/P3067/2025_H1N1,40,0.1765,0.1765
seqneut25to26_sera_1046_d0,A/Bangkok/P3067/2025_H1N1,plate11-A/Bangkok/P3067/2025_H1N1,92,0.6048,0.6048
seqneut25to26_sera_1046_d0,A/Bangkok/P3067/2025_H1N1,plate11-A/Bangkok/P3067/2025_H1N1,212,0.9408,0.9408
seqneut25to26_sera_1046_d0,A/Bangkok/P3067/2025_H1N1,plate11-A/Bangkok/P3067/2025_H1N1,487,1.051,1
seqneut25to26_sera_1046_d0,A/Bangkok/P3067/2025_H1N1,plate11-A/Bangkok/P3067/2025_H1N1,1119,1.069,1
seqneut25to26_sera_1046_d0,A/Bangkok/P3067/2025_H1N1,plate11-A/Bangkok/P3067/2025_H1N1,2575,0.9202,0.9202
seqneut25to26_sera_1046_d0,A/Bangkok/P3067/2025_H1N1,plate11-A/Bangkok/P3067/2025_H1N1,5921,1.351,1
seqneut25to26_sera_1046_d0,A/Bangkok/P3263/2025_H3N2,plate11-A/Bangkok/P3263/2025_H3N2,40,0.08441,0.08441
seqneut25to26_sera_1046_d0,A/Bangkok/P3263/2025_H3N2,plate11-A/Bangkok/P3263/2025_H3N2,92,0.6065,0.6065
seqneut25to26_sera_1046_d0,A/Bangkok/P3263/2025_H3N2,plate11-A/Bangkok/P3263/2025_H3N2,212,0.4941,0.4941
seqneut25to26_sera_1046_d0,A/Bangkok/P3263/2025_H3N2,plate11-A/Bangkok/P3263/2025_H3N2,487,0.6442,0.6442
seqneut25to26_sera_1046_d0,A/Bangkok/P3263/2025_H3N2,plate11-A/Bangkok/P3263/2025_H3N2,1119,0.8497,0.8497
seqneut25to26_sera_1046_d0,A/Bangkok/P3263/2025_H3N2,plate11-A/Bangkok/P3263/2025_H3N2,2575,0.6518,0.6518
seqneut25to26_sera_1046_d0,A/Bangkok/P3263/2025_H3N2,plate11-A/Bangkok/P3263/2025_H3N2,5921,0.9573,0.9573
seqneut25to26_sera_1046_d0,A/Belgium/H0097/2025_H3N2,plate11-A/Belgium/H0097/2025_H3N2,40,0.01605,0.01605
seqneut25to26_sera_1046_d0,A/Belgium/H0097/2025_H3N2,plate11-A/Belgium/H0097/2025_H3N2,92,0.1885,0.1885
seqneut25to26_sera_1046_d0,A/Belgium/H0097/2025_H3N2,plate11-A/Belgium/H0097/2025_H3N2,212,0.4187,0.4187
seqneut25to26_sera_1046_d0,A/Belgium/H0097/2025_H3N2,plate11-A/Belgium/H0097/2025_H3N2,487,0.7585,0.7585
seqneut25to26_sera_1046_d0,A/Belgium/H0097/2025_H3N2,plate11-A/Belgium/H0097/2025_H3N2,1119,0.9096,0.9096
seqneut25to26_sera_1046_d0,A/Belgium/H0097/2025_H3N2,plate11-A/Belgium/H0097/2025_H3N2,2575,0.8285,0.8285
seqneut25to26_sera_1046_d0,A/Belgium/H0097/2025_H3N2,plate11-A/Belgium/H0097/2025_H3N2,5921,1.045,1
seqneut25to26_sera_1046_d0,A/Bhutan/1267/2025_H3N2,plate11-A/Bhutan/1267/2025_H3N2,40,0.126,0.126
seqneut25to26_sera_1046_d0,A/Bhutan/1267/2025_H3N2,plate11-A/Bhutan/1267/2025_H3N2,92,0.4578,0.4578
seqneut25to26_sera_1046_d0,A/Bhutan/1267/2025_H3N2,plate11-A/Bhutan/1267/2025_H3N2,212,0.4687,0.4687
seqneut25to26_sera_1046_d0,A/Bhutan/1267/2025_H3N2,plate11-A/Bhutan/1267/2025_H3N2,487,0.5874,0.5874
seqneut25to26_sera_1046_d0,A/Bhutan/1267/2025_H3N2,plate11-A/Bhutan/1267/2025_H3N2,1119,0.7917,0.7917
seqneut25to26_sera_1046_d0,A/Bhutan/1267/2025_H3N2,plate11-A/Bhutan/1267/2025_H3N2,2575,0.9807,0.9807
seqneut25to26_sera_1046_d0,A/Bhutan/1267/2025_H3N2,plate11-A/Bhutan/1267/2025_H3N2,5921,0.8247,0.8247
seqneut25to26_sera_1046_d0,A/Bhutan/7/2025_H3N2,plate11-A/Bhutan/7/2025_H3N2,40,0.1233,0.1233
seqneut25to26_sera_1046_d0,A/Bhutan/7/2025_H3N2,plate11-A/Bhutan/7/2025_H3N2,92,0.3479,0.3479
seqneut25to26_sera_1046_d0,A/Bhutan/7/2025_H3N2,plate11-A/Bhutan/7/2025_H3N2,212,0.4193,0.4193
seqneut25to26_sera_1046_d0,A/Bhutan/7/2025_H3N2,plate11-A/Bhutan/7/2025_H3N2,487,0.6655,0.6655
seqneut25to26_sera_1046_d0,A/Bhutan/7/2025_H3N2,plate11-A/Bhutan/7/2025_H3N2,1119,0.8646,0.8646
seqneut25to26_sera_1046_d0,A/Bhutan/7/2025_H3N2,plate11-A/Bhutan/7/2025_H3N2,2575,0.7542,0.7542
seqneut25to26_sera_1046_d0,A/Bhutan/7/2025_H3N2,plate11-A/Bhutan/7/2025_H3N2,5921,0.7256,0.7256
seqneut25to26_sera_1046_d0,A/BritishColumbia/PHL-2473/2025_H1N1,plate11-A/BritishColumbia/PHL-2473/2025_H1N1,40,0.2454,0.2454
seqneut25to26_sera_1046_d0,A/BritishColumbia/PHL-2473/2025_H1N1,plate11-A/BritishColumbia/PHL-2473/2025_H1N1,92,0.7151,0.7151
seqneut25to26_sera_1046_d0,A/BritishColumbia/PHL-2473/2025_H1N1,plate11-A/BritishColumbia/PHL-2473/2025_H1N1,212,0.8242,0.8242
seqneut25to26_sera_1046_d0,A/BritishColumbia/PHL-2473/2025_H1N1,plate11-A/BritishColumbia/PHL-2473/2025_H1N1,487,0.8307,0.8307
seqneut25to26_sera_1046_d0,A/BritishColumbia/PHL-2473/2025_H1N1,plate11-A/BritishColumbia/PHL-2473/2025_H1N1,1119,1.229,1
seqneut25to26_sera_1046_d0,A/BritishColumbia/PHL-2473/2025_H1N1,plate11-A/BritishColumbia/PHL-2473/2025_H1N1,2575,0.9088,0.9088
seqneut25to26_sera_1046_d0,A/BritishColumbia/PHL-2473/2025_H1N1,plate11-A/BritishColumbia/PHL-2473/2025_H1N1,5921,1.171,1
seqneut25to26_sera_1046_d0,A/California/61/2025_H3N2,plate11-A/California/61/2025_H3N2,40,0.1432,0.1432
seqneut25to26_sera_1046_d0,A/California/61/2025_H3N2,plate11-A/California/61/2025_H3N2,92,0.4693,0.4693
seqneut25to26_sera_1046_d0,A/California/61/2025_H3N2,plate11-A/California/61/2025_H3N2,212,0.6246,0.6246
seqneut25to26_sera_1046_d0,A/California/61/2025_H3N2,plate11-A/California/61/2025_H3N2,487,0.7076,0.7076
seqneut25to26_sera_1046_d0,A/California/61/2025_H3N2,plate11-A/California/61/2025_H3N2,1119,0.6824,0.6824
seqneut25to26_sera_1046_d0,A/California/61/2025_H3N2,plate11-A/California/61/2025_H3N2,2575,0.9499,0.9499
seqneut25to26_sera_1046_d0,A/California/61/2025_H3N2,plate11-A/California/61/2025_H3N2,5921,0.9411,0.9411
seqneut25to26_sera_1046_d0,A/California/63/2025_H1N1,plate11-A/California/63/2025_H1N1,40,0.2082,0.2082
seqneut25to26_sera_1046_d0,A/California/63/2025_H1N1,plate11-A/California/63/2025_H1N1,92,0.7552,0.7552
seqneut25to26_sera_1046_d0,A/California/63/2025_H1N1,plate11-A/California/63/2025_H1N1,212,0.8828,0.8828
seqneut25to26_sera_1046_d0,A/California/63/2025_H1N1,plate11-A/California/63/2025_H1N1,487,1.164,1
seqneut25to26_sera_1046_d0,A/California/63/2025_H1N1,plate11-A/California/63/2025_H1N1,1119,1.105,1
seqneut25to26_sera_1046_d0,A/California/63/2025_H1N1,plate11-A/California/63/2025_H1N1,2575,0.9402,0.9402
seqneut25to26_sera_1046_d0,A/California/63/2025_H1N1,plate11-A/California/63/2025_H1N1,5921,1.069,1
seqneut25to26_sera_1046_d0,A/Canberra/465/2025_H1N1,plate11-A/Canberra/465/2025_H1N1,40,0.1579,0.1579
seqneut25to26_sera_1046_d0,A/Canberra/465/2025_H1N1,plate11-A/Canberra/465/2025_H1N1,92,0.6176,0.6176
seqneut25to26_sera_1046_d0,A/Canberra/465/2025_H1N1,plate11-A/Canberra/465/2025_H1N1,212,0.7623,0.7623
seqneut25to26_sera_1046_d0,A/Canberra/465/2025_H1N1,plate11-A/Canberra/465/2025_H1N1,487,0.9692,0.9692
seqneut25to26_sera_1046_d0,A/Canberra/465/2025_H1N1,plate11-A/Canberra/465/2025_H1N1,1119,1.215,1
seqneut25to26_sera_1046_d0,A/Canberra/465/2025_H1N1,plate11-A/Canberra/465/2025_H1N1,2575,1.071,1
seqneut25to26_sera_1046_d0,A/Canberra/465/2025_H1N1,plate11-A/Canberra/465/2025_H1N1,5921,1.14,1
seqneut25to26_sera_1046_d0,A/Canberra/530/2025_H1N1,plate11-A/Canberra/530/2025_H1N1,40,0.1595,0.1595
seqneut25to26_sera_1046_d0,A/Canberra/530/2025_H1N1,plate11-A/Canberra/530/2025_H1N1,92,0.9136,0.9136
seqneut25to26_sera_1046_d0,A/Canberra/530/2025_H1N1,plate11-A/Canberra/530/2025_H1N1,212,0.9096,0.9096
seqneut25to26_sera_1046_d0,A/Canberra/530/2025_H1N1,plate11-A/Canberra/530/2025_H1N1,487,0.9267,0.9267
seqneut25to26_sera_1046_d0,A/Canberra/530/2025_H1N1,plate11-A/Canberra/530/2025_H1N1,1119,1.133,1
seqneut25to26_sera_1046_d0,A/Canberra/530/2025_H1N1,plate11-A/Canberra/530/2025_H1N1,2575,1.267,1
seqneut25to26_sera_1046_d0,A/Canberra/530/2025_H1N1,plate11-A/Canberra/530/2025_H1N1,5921,1.161,1
seqneut25to26_sera_1046_d0,A/Catalonia/NSVH102689455/2025_H1N1,plate11-A/Catalonia/NSVH102689455/2025_H1N1,40,0.1395,0.1395
seqneut25to26_sera_1046_d0,A/Catalonia/NSVH102689455/2025_H1N1,plate11-A/Catalonia/NSVH102689455/2025_H1N1,92,0.5866,0.5866
seqneut25to26_sera_1046_d0,A/Catalonia/NSVH102689455/2025_H1N1,plate11-A/Catalonia/NSVH102689455/2025_H1N1,212,0.7046,0.7046
seqneut25to26_sera_1046_d0,A/Catalonia/NSVH102689455/2025_H1N1,plate11-A/Catalonia/NSVH102689455/2025_H1N1,487,0.8853,0.8853
seqneut25to26_sera_1046_d0,A/Catalonia/NSVH102689455/2025_H1N1,plate11-A/Catalonia/NSVH102689455/2025_H1N1,1119,1.128,1
seqneut25to26_sera_1046_d0,A/Catalonia/NSVH102689455/2025_H1N1,plate11-A/Catalonia/NSVH102689455/2025_H1N1,2575,1.191,1
seqneut25to26_sera_1046_d0,A/Catalonia/NSVH102689455/2025_H1N1,plate11-A/Catalonia/NSVH102689455/2025_H1N1,5921,1.031,1
seqneut25to26_sera_1046_d0,A/Colorado/105/2025_H1N1,plate11-A/Colorado/105/2025_H1N1,40,0.2065,0.2065
seqneut25to26_sera_1046_d0,A/Colorado/105/2025_H1N1,plate11-A/Colorado/105/2025_H1N1,92,0.8236,0.8236
seqneut25to26_sera_1046_d0,A/Colorado/105/2025_H1N1,plate11-A/Colorado/105/2025_H1N1,212,0.696,0.696
seqneut25to26_sera_1046_d0,A/Colorado/105/2025_H1N1,plate11-A/Colorado/105/2025_H1N1,487,1.016,1
seqneut25to26_sera_1046_d0,A/Colorado/105/2025_H1N1,plate11-A/Colorado/105/2025_H1N1,1119,1.183,1
seqneut25to26_sera_1046_d0,A/Colorado/105/2025_H1N1,plate11-A/Colorado/105/2025_H1N1,2575,1.025,1
seqneut25to26_sera_1046_d0,A/Colorado/105/2025_H1N1,plate11-A/Colorado/105/2025_H1N1,5921,1.173,1
seqneut25to26_sera_1046_d0,A/CoteDIvoire/2007/2025_H1N1,plate11-A/CoteDIvoire/2007/2025_H1N1,40,0.1827,0.1827
seqneut25to26_sera_1046_d0,A/CoteDIvoire/2007/2025_H1N1,plate11-A/CoteDIvoire/2007/2025_H1N1,92,0.6759,0.6759
seqneut25to26_sera_1046_d0,A/CoteDIvoire/2007/2025_H1N1,plate11-A/CoteDIvoire/2007/2025_H1N1,212,0.7222,0.7222
seqneut25to26_sera_1046_d0,A/CoteDIvoire/2007/2025_H1N1,plate11-A/CoteDIvoire/2007/2025_H1N1,487,0.9088,0.9088
seqneut25to26_sera_1046_d0,A/CoteDIvoire/2007/2025_H1N1,plate11-A/CoteDIvoire/2007/2025_H1N1,1119,1.101,1
seqneut25to26_sera_1046_d0,A/CoteDIvoire/2007/2025_H1N1,plate11-A/CoteDIvoire/2007/2025_H1N1,2575,1.013,1
seqneut25to26_sera_1046_d0,A/CoteDIvoire/2007/2025_H1N1,plate11-A/CoteDIvoire/2007/2025_H1N1,5921,1.07,1
seqneut25to26_sera_1046_d0,A/Croatia/10136RV/2023-egg_H3N2,plate11-A/Croatia/10136RV/2023-egg_H3N2,40,0.01063,0.01063
seqneut25to26_sera_1046_d0,A/Croatia/10136RV/2023-egg_H3N2,plate11-A/Croatia/10136RV/2023-egg_H3N2,92,0.2218,0.2218
seqneut25to26_sera_1046_d0,A/Croatia/10136RV/2023-egg_H3N2,plate11-A/Croatia/10136RV/2023-egg_H3N2,212,0.08472,0.08472
seqneut25to26_sera_1046_d0,A/Croatia/10136RV/2023-egg_H3N2,plate11-A/Croatia/10136RV/2023-egg_H3N2,487,0.2304,0.2304
seqneut25to26_sera_1046_d0,A/Croatia/10136RV/2023-egg_H3N2,plate11-A/Croatia/10136RV/2023-egg_H3N2,1119,0.1985,0.1985
seqneut25to26_sera_1046_d0,A/Croatia/10136RV/2023-egg_H3N2,plate11-A/Croatia/10136RV/2023-egg_H3N2,2575,1.013,1
seqneut25to26_sera_1046_d0,A/Croatia/10136RV/2023-egg_H3N2,plate11-A/Croatia/10136RV/2023-egg_H3N2,5921,0.8458,0.8458
seqneut25to26_sera_1046_d0,A/Darwin/1405/2025_H1N1,plate11-A/Darwin/1405/2025_H1N1,40,0.1768,0.1768
seqneut25to26_sera_1046_d0,A/Darwin/1405/2025_H1N1,plate11-A/Darwin/1405/2025_H1N1,92,0.6352,0.6352
seqneut25to26_sera_1046_d0,A/Darwin/1405/2025_H1N1,plate11-A/Darwin/1405/2025_H1N1,212,0.839,0.839
seqneut25to26_sera_1046_d0,A/Darwin/1405/2025_H1N1,plate11-A/Darwin/1405/2025_H1N1,487,1.027,1
seqneut25to26_sera_1046_d0,A/Darwin/1405/2025_H1N1,plate11-A/Darwin/1405/2025_H1N1,1119,1.168,1
seqneut25to26_sera_1046_d0,A/Darwin/1405/2025_H1N1,plate11-A/Darwin/1405/2025_H1N1,2575,1.121,1
seqneut25to26_sera_1046_d0,A/Darwin/1405/2025_H1N1,plate11-A/Darwin/1405/2025_H1N1,5921,1.294,1
seqneut25to26_sera_1046_d0,A/Darwin/1461/2025_H3N2,plate11-A/Darwin/1461/2025_H3N2,40,0.08898,0.08898
seqneut25to26_sera_1046_d0,A/Darwin/1461/2025_H3N2,plate11-A/Darwin/1461/2025_H3N2,92,0.199,0.199
seqneut25to26_sera_1046_d0,A/Darwin/1461/2025_H3N2,plate11-A/Darwin/1461/2025_H3N2,212,0.4429,0.4429
seqneut25to26_sera_1046_d0,A/Darwin/1461/2025_H3N2,plate11-A/Darwin/1461/2025_H3N2,487,0.6757,0.6757
seqneut25to26_sera_1046_d0,A/Darwin/1461/2025_H3N2,plate11-A/Darwin/1461/2025_H3N2,1119,0.8732,0.8732
seqneut25to26_sera_1046_d0,A/Darwin/1461/2025_H3N2,plate11-A/Darwin/1461/2025_H3N2,2575,0.7312,0.7312
seqneut25to26_sera_1046_d0,A/Darwin/1461/2025_H3N2,plate11-A/Darwin/1461/2025_H3N2,5921,0.9141,0.9141
seqneut25to26_sera_1046_d0,A/Denmark/3070/2025_H1N1,plate11-A/Denmark/3070/2025_H1N1,40,0.1973,0.1973
seqneut25to26_sera_1046_d0,A/Denmark/3070/2025_H1N1,plate11-A/Denmark/3070/2025_H1N1,92,0.9125,0.9125
seqneut25to26_sera_1046_d0,A/Denmark/3070/2025_H1N1,plate11-A/Denmark/3070/2025_H1N1,212,1.025,1
seqneut25to26_sera_1046_d0,A/Denmark/3070/2025_H1N1,plate11-A/Denmark/3070/2025_H1N1,487,0.9779,0.9779
seqneut25to26_sera_1046_d0,A/Denmark/3070/2025_H1N1,plate11-A/Denmark/3070/2025_H1N1,1119,1.173,1
seqneut25to26_sera_1046_d0,A/Denmark/3070/2025_H1N1,plate11-A/Denmark/3070/2025_H1N1,2575,1.193,1
seqneut25to26_sera_1046_d0,A/Denmark/3070/2025_H1N1,plate11-A/Denmark/3070/2025_H1N1,5921,1.249,1
seqneut25to26_sera_1046_d0,A/DistrictOfColumbia/27/2023_H3N2,plate11-A/DistrictOfColumbia/27/2023_H3N2,40,0.107,0.107
seqneut25to26_sera_1046_d0,A/DistrictOfColumbia/27/2023_H3N2,plate11-A/DistrictOfColumbia/27/2023_H3N2,92,0.2705,0.2705
seqneut25to26_sera_1046_d0,A/DistrictOfColumbia/27/2023_H3N2,plate11-A/DistrictOfColumbia/27/2023_H3N2,212,0.4079,0.4079
seqneut25to26_sera_1046_d0,A/DistrictOfColumbia/27/2023_H3N2,plate11-A/DistrictOfColumbia/27/2023_H3N2,487,0.4472,0.4472
seqneut25to26_sera_1046_d0,A/DistrictOfColumbia/27/2023_H3N2,plate11-A/DistrictOfColumbia/27/2023_H3N2,1119,0.9109,0.9109
seqneut25to26_sera_1046_d0,A/DistrictOfColumbia/27/2023_H3N2,plate11-A/DistrictOfColumbia/27/2023_H3N2,2575,0.6949,0.6949
seqneut25to26_sera_1046_d0,A/DistrictOfColumbia/27/2023_H3N2,plate11-A/DistrictOfColumbia/27/2023_H3N2,5921,0.8559,0.8559
seqneut25to26_sera_1046_d0,A/DistrictOfColumbia/57/2025_H3N2,plate11-A/DistrictOfColumbia/57/2025_H3N2,40,0.2276,0.2276
seqneut25to26_sera_1046_d0,A/DistrictOfColumbia/57/2025_H3N2,plate11-A/DistrictOfColumbia/57/2025_H3N2,92,0.6906,0.6906
seqneut25to26_sera_1046_d0,A/DistrictOfColumbia/57/2025_H3N2,plate11-A/DistrictOfColumbia/57/2025_H3N2,212,0.5526,0.5526
seqneut25to26_sera_1046_d0,A/DistrictOfColumbia/57/2025_H3N2,plate11-A/DistrictOfColumbia/57/2025_H3N2,487,0.6126,0.6126
seqneut25to26_sera_1046_d0,A/DistrictOfColumbia/57/2025_H3N2,plate11-A/DistrictOfColumbia/57/2025_H3N2,1119,0.9132,0.9132
seqneut25to26_sera_1046_d0,A/DistrictOfColumbia/57/2025_H3N2,plate11-A/DistrictOfColumbia/57/2025_H3N2,2575,0.7441,0.7441
seqneut25to26_sera_1046_d0,A/DistrictOfColumbia/57/2025_H3N2,plate11-A/DistrictOfColumbia/57/2025_H3N2,5921,1.087,1
seqneut25to26_sera_1046_d0,A/DistritoFederal/250106000728/2025_H3N2,plate11-A/DistritoFederal/250106000728/2025_H3N2,40,0.05468,0.05468
seqneut25to26_sera_1046_d0,A/DistritoFederal/250106000728/2025_H3N2,plate11-A/DistritoFederal/250106000728/2025_H3N2,92,0.2819,0.2819
seqneut25to26_sera_1046_d0,A/DistritoFederal/250106000728/2025_H3N2,plate11-A/DistritoFederal/250106000728/2025_H3N2,212,0.2784,0.2784
seqneut25to26_sera_1046_d0,A/DistritoFederal/250106000728/2025_H3N2,plate11-A/DistritoFederal/250106000728/2025_H3N2,487,0.5167,0.5167
seqneut25to26_sera_1046_d0,A/DistritoFederal/250106000728/2025_H3N2,plate11-A/DistritoFederal/250106000728/2025_H3N2,1119,0.7928,0.7928
seqneut25to26_sera_1046_d0,A/DistritoFederal/250106000728/2025_H3N2,plate11-A/DistritoFederal/250106000728/2025_H3N2,2575,0.7321,0.7321
seqneut25to26_sera_1046_d0,A/DistritoFederal/250106000728/2025_H3N2,plate11-A/DistritoFederal/250106000728/2025_H3N2,5921,0.7559,0.7559
seqneut25to26_sera_1046_d0,A/DistritoFederal/2578578201/2025_H3N2,plate11-A/DistritoFederal/2578578201/2025_H3N2,40,0.02094,0.02094
seqneut25to26_sera_1046_d0,A/DistritoFederal/2578578201/2025_H3N2,plate11-A/DistritoFederal/2578578201/2025_H3N2,92,0.1506,0.1506
seqneut25to26_sera_1046_d0,A/DistritoFederal/2578578201/2025_H3N2,plate11-A/DistritoFederal/2578578201/2025_H3N2,212,0.3784,0.3784
seqneut25to26_sera_1046_d0,A/DistritoFederal/2578578201/2025_H3N2,plate11-A/DistritoFederal/2578578201/2025_H3N2,487,0.6766,0.6766
seqneut25to26_sera_1046_d0,A/DistritoFederal/2578578201/2025_H3N2,plate11-A/DistritoFederal/2578578201/2025_H3N2,1119,0.9248,0.9248
seqneut25to26_sera_1046_d0,A/DistritoFederal/2578578201/2025_H3N2,plate11-A/DistritoFederal/2578578201/2025_H3N2,2575,0.9055,0.9055
seqneut25to26_sera_1046_d0,A/DistritoFederal/2578578201/2025_H3N2,plate11-A/DistritoFederal/2578578201/2025_H3N2,5921,0.9384,0.9384
seqneut25to26_sera_1046_d0,A/England/174/2025_H3N2,plate11-A/England/174/2025_H3N2,40,0.02248,0.02248
seqneut25to26_sera_1046_d0,A/England/174/2025_H3N2,plate11-A/England/174/2025_H3N2,92,0.1089,0.1089
seqneut25to26_sera_1046_d0,A/England/174/2025_H3N2,plate11-A/England/174/2025_H3N2,212,0.3546,0.3546
seqneut25to26_sera_1046_d0,A/England/174/2025_H3N2,plate11-A/England/174/2025_H3N2,487,0.6016,0.6016
seqneut25to26_sera_1046_d0,A/England/174/2025_H3N2,plate11-A/England/174/2025_H3N2,1119,0.6074,0.6074
seqneut25to26_sera_1046_d0,A/England/174/2025_H3N2,plate11-A/England/174/2025_H3N2,2575,0.6712,0.6712
seqneut25to26_sera_1046_d0,A/England/174/2025_H3N2,plate11-A/England/174/2025_H3N2,5921,1.051,1
seqneut25to26_sera_1046_d0,A/England/1822256/2025_H1N1,plate11-A/England/1822256/2025_H1N1,40,0.2377,0.2377
seqneut25to26_sera_1046_d0,A/England/1822256/2025_H1N1,plate11-A/England/1822256/2025_H1N1,92,0.7413,0.7413
seqneut25to26_sera_1046_d0,A/England/1822256/2025_H1N1,plate11-A/England/1822256/2025_H1N1,212,0.7718,0.7718
seqneut25to26_sera_1046_d0,A/England/1822256/2025_H1N1,plate11-A/England/1822256/2025_H1N1,487,0.915,0.915
seqneut25to26_sera_1046_d0,A/England/1822256/2025_H1N1,plate11-A/England/1822256/2025_H1N1,1119,1.203,1
seqneut25to26_sera_1046_d0,A/England/1822256/2025_H1N1,plate11-A/England/1822256/2025_H1N1,2575,1.011,1
seqneut25to26_sera_1046_d0,A/England/1822256/2025_H1N1,plate11-A/England/1822256/2025_H1N1,5921,1.197,1
seqneut25to26_sera_1046_d0,A/England/1837734/2025_H3N2,plate11-A/England/1837734/2025_H3N2,40,0.2472,0.2472
seqneut25to26_sera_1046_d0,A/England/1837734/2025_H3N2,plate11-A/England/1837734/2025_H3N2,92,0.7472,0.7472
seqneut25to26_sera_1046_d0,A/England/1837734/2025_H3N2,plate11-A/England/1837734/2025_H3N2,212,0.5419,0.5419
seqneut25to26_sera_1046_d0,A/England/1837734/2025_H3N2,plate11-A/England/1837734/2025_H3N2,487,0.7783,0.7783
seqneut25to26_sera_1046_d0,A/England/1837734/2025_H3N2,plate11-A/England/1837734/2025_H3N2,1119,1.049,1
seqneut25to26_sera_1046_d0,A/England/1837734/2025_H3N2,plate11-A/England/1837734/2025_H3N2,2575,0.6986,0.6986
seqneut25to26_sera_1046_d0,A/England/1837734/2025_H3N2,plate11-A/England/1837734/2025_H3N2,5921,0.885,0.885
seqneut25to26_sera_1046_d0,A/England/1837737/2025_H3N2,plate11-A/England/1837737/2025_H3N2,40,0.2645,0.2645
seqneut25to26_sera_1046_d0,A/England/1837737/2025_H3N2,plate11-A/England/1837737/2025_H3N2,92,0.5227,0.5227
seqneut25to26_sera_1046_d0,A/England/1837737/2025_H3N2,plate11-A/England/1837737/2025_H3N2,212,0.6235,0.6235
seqneut25to26_sera_1046_d0,A/England/1837737/2025_H3N2,plate11-A/England/1837737/2025_H3N2,487,0.7976,0.7976
seqneut25to26_sera_1046_d0,A/England/1837737/2025_H3N2,plate11-A/England/1837737/2025_H3N2,1119,0.942,0.942
seqneut25to26_sera_1046_d0,A/England/1837737/2025_H3N2,plate11-A/England/1837737/2025_H3N2,2575,0.9458,0.9458
seqneut25to26_sera_1046_d0,A/England/1837737/2025_H3N2,plate11-A/England/1837737/2025_H3N2,5921,0.8648,0.8648
seqneut25to26_sera_1046_d0,A/France/ARA-HCL025155099501/2025_H1N1,plate11-A/France/ARA-HCL025155099501/2025_H1N1,40,0.1899,0.1899
seqneut25to26_sera_1046_d0,A/France/ARA-HCL025155099501/2025_H1N1,plate11-A/France/ARA-HCL025155099501/2025_H1N1,92,0.8488,0.8488
seqneut25to26_sera_1046_d0,A/France/ARA-HCL025155099501/2025_H1N1,plate11-A/France/ARA-HCL025155099501/2025_H1N1,212,1.014,1
seqneut25to26_sera_1046_d0,A/France/ARA-HCL025155099501/2025_H1N1,plate11-A/France/ARA-HCL025155099501/2025_H1N1,487,0.9819,0.9819
seqneut25to26_sera_1046_d0,A/France/ARA-HCL025155099501/2025_H1N1,plate11-A/France/ARA-HCL025155099501/2025_H1N1,1119,0.9879,0.9879
seqneut25to26_sera_1046_d0,A/France/ARA-HCL025155099501/2025_H1N1,plate11-A/France/ARA-HCL025155099501/2025_H1N1,2575,0.9351,0.9351
seqneut25to26_sera_1046_d0,A/France/ARA-HCL025155099501/2025_H1N1,plate11-A/France/ARA-HCL025155099501/2025_H1N1,5921,1.208,1
seqneut25to26_sera_1046_d0,A/Galicia/GA-CHUAC-451/2025_H3N2,plate11-A/Galicia/GA-CHUAC-451/2025_H3N2,40,0.09506,0.09506
seqneut25to26_sera_1046_d0,A/Galicia/GA-CHUAC-451/2025_H3N2,plate11-A/Galicia/GA-CHUAC-451/2025_H3N2,92,0.2858,0.2858
seqneut25to26_sera_1046_d0,A/Galicia/GA-CHUAC-451/2025_H3N2,plate11-A/Galicia/GA-CHUAC-451/2025_H3N2,212,0.5573,0.5573
seqneut25to26_sera_1046_d0,A/Galicia/GA-CHUAC-451/2025_H3N2,plate11-A/Galicia/GA-CHUAC-451/2025_H3N2,487,0.7518,0.7518
seqneut25to26_sera_1046_d0,A/Galicia/GA-CHUAC-451/2025_H3N2,plate11-A/Galicia/GA-CHUAC-451/2025_H3N2,1119,0.929,0.929
seqneut25to26_sera_1046_d0,A/Galicia/GA-CHUAC-451/2025_H3N2,plate11-A/Galicia/GA-CHUAC-451/2025_H3N2,2575,0.895,0.895
seqneut25to26_sera_1046_d0,A/Galicia/GA-CHUAC-451/2025_H3N2,plate11-A/Galicia/GA-CHUAC-451/2025_H3N2,5921,0.8775,0.8775
seqneut25to26_sera_1046_d0,A/Ghana/ARI-25-1125/2025_H1N1,plate11-A/Ghana/ARI-25-1125/2025_H1N1,40,0.1252,0.1252
seqneut25to26_sera_1046_d0,A/Ghana/ARI-25-1125/2025_H1N1,plate11-A/Ghana/ARI-25-1125/2025_H1N1,92,0.8016,0.8016
seqneut25to26_sera_1046_d0,A/Ghana/ARI-25-1125/2025_H1N1,plate11-A/Ghana/ARI-25-1125/2025_H1N1,212,0.7307,0.7307
seqneut25to26_sera_1046_d0,A/Ghana/ARI-25-1125/2025_H1N1,plate11-A/Ghana/ARI-25-1125/2025_H1N1,487,0.9199,0.9199
seqneut25to26_sera_1046_d0,A/Ghana/ARI-25-1125/2025_H1N1,plate11-A/Ghana/ARI-25-1125/2025_H1N1,1119,1.245,1
seqneut25to26_sera_1046_d0,A/Ghana/ARI-25-1125/2025_H1N1,plate11-A/Ghana/ARI-25-1125/2025_H1N1,2575,1.054,1
seqneut25to26_sera_1046_d0,A/Ghana/ARI-25-1125/2025_H1N1,plate11-A/Ghana/ARI-25-1125/2025_H1N1,5921,1.043,1
seqneut25to26_sera_1046_d0,A/Ghana/FS-25-7077/2025_H3N2,plate11-A/Ghana/FS-25-7077/2025_H3N2,40,0.332,0.332
seqneut25to26_sera_1046_d0,A/Ghana/FS-25-7077/2025_H3N2,plate11-A/Ghana/FS-25-7077/2025_H3N2,92,0.9003,0.9003
seqneut25to26_sera_1046_d0,A/Ghana/FS-25-7077/2025_H3N2,plate11-A/Ghana/FS-25-7077/2025_H3N2,212,0.627,0.627
seqneut25to26_sera_1046_d0,A/Ghana/FS-25-7077/2025_H3N2,plate11-A/Ghana/FS-25-7077/2025_H3N2,487,0.575,0.575
seqneut25to26_sera_1046_d0,A/Ghana/FS-25-7077/2025_H3N2,plate11-A/Ghana/FS-25-7077/2025_H3N2,1119,0.8468,0.8468
seqneut25to26_sera_1046_d0,A/Ghana/FS-25-7077/2025_H3N2,plate11-A/Ghana/FS-25-7077/2025_H3N2,2575,0.7629,0.7629
seqneut25to26_sera_1046_d0,A/Ghana/FS-25-7077/2025_H3N2,plate11-A/Ghana/FS-25-7077/2025_H3N2,5921,0.8192,0.8192
seqneut25to26_sera_1046_d0,A/Guangdong-Maonan/11438/2025_H3N2,plate11-A/Guangdong-Maonan/11438/2025_H3N2,40,0.1279,0.1279
seqneut25to26_sera_1046_d0,A/Guangdong-Maonan/11438/2025_H3N2,plate11-A/Guangdong-Maonan/11438/2025_H3N2,92,0.381,0.381
seqneut25to26_sera_1046_d0,A/Guangdong-Maonan/11438/2025_H3N2,plate11-A/Guangdong-Maonan/11438/2025_H3N2,212,0.3101,0.3101
seqneut25to26_sera_1046_d0,A/Guangdong-Maonan/11438/2025_H3N2,plate11-A/Guangdong-Maonan/11438/2025_H3N2,487,0.6811,0.6811
seqneut25to26_sera_1046_d0,A/Guangdong-Maonan/11438/2025_H3N2,plate11-A/Guangdong-Maonan/11438/2025_H3N2,1119,0.7029,0.7029
seqneut25to26_sera_1046_d0,A/Guangdong-Maonan/11438/2025_H3N2,plate11-A/Guangdong-Maonan/11438/2025_H3N2,2575,0.9114,0.9114
seqneut25to26_sera_1046_d0,A/Guangdong-Maonan/11438/2025_H3N2,plate11-A/Guangdong-Maonan/11438/2025_H3N2,5921,1.008,1
seqneut25to26_sera_1046_d0,A/Guangdong-Meijiang/11256/2025_H3N2,plate11-A/Guangdong-Meijiang/11256/2025_H3N2,40,0.04229,0.04229
seqneut25to26_sera_1046_d0,A/Guangdong-Meijiang/11256/2025_H3N2,plate11-A/Guangdong-Meijiang/11256/2025_H3N2,92,0.1213,0.1213
seqneut25to26_sera_1046_d0,A/Guangdong-Meijiang/11256/2025_H3N2,plate11-A/Guangdong-Meijiang/11256/2025_H3N2,212,0.3045,0.3045
seqneut25to26_sera_1046_d0,A/Guangdong-Meijiang/11256/2025_H3N2,plate11-A/Guangdong-Meijiang/11256/2025_H3N2,487,0.4293,0.4293
seqneut25to26_sera_1046_d0,A/Guangdong-Meijiang/11256/2025_H3N2,plate11-A/Guangdong-Meijiang/11256/2025_H3N2,1119,0.6975,0.6975
seqneut25to26_sera_1046_d0,A/Guangdong-Meijiang/11256/2025_H3N2,plate11-A/Guangdong-Meijiang/11256/2025_H3N2,2575,0.5973,0.5973
seqneut25to26_sera_1046_d0,A/Guangdong-Meijiang/11256/2025_H3N2,plate11-A/Guangdong-Meijiang/11256/2025_H3N2,5921,1.168,1
seqneut25to26_sera_1046_d0,A/Guangxi-Daxin/1643/2025_H3N2,plate11-A/Guangxi-Daxin/1643/2025_H3N2,40,0.04709,0.04709
seqneut25to26_sera_1046_d0,A/Guangxi-Daxin/1643/2025_H3N2,plate11-A/Guangxi-Daxin/1643/2025_H3N2,92,0.4096,0.4096
seqneut25to26_sera_1046_d0,A/Guangxi-Daxin/1643/2025_H3N2,plate11-A/Guangxi-Daxin/1643/2025_H3N2,212,0.7137,0.7137
seqneut25to26_sera_1046_d0,A/Guangxi-Daxin/1643/2025_H3N2,plate11-A/Guangxi-Daxin/1643/2025_H3N2,487,0.6928,0.6928
seqneut25to26_sera_1046_d0,A/Guangxi-Daxin/1643/2025_H3N2,plate11-A/Guangxi-Daxin/1643/2025_H3N2,1119,0.8683,0.8683
seqneut25to26_sera_1046_d0,A/Guangxi-Daxin/1643/2025_H3N2,plate11-A/Guangxi-Daxin/1643/2025_H3N2,2575,0.7659,0.7659
seqneut25to26_sera_1046_d0,A/Guangxi-Daxin/1643/2025_H3N2,plate11-A/Guangxi-Daxin/1643/2025_H3N2,5921,0.7773,0.7773
seqneut25to26_sera_1046_d0,A/Guangxi-Qingxiu/SWL11742/2025_H1N1,plate11-A/Guangxi-Qingxiu/SWL11742/2025_H1N1,40,0.1834,0.1834
seqneut25to26_sera_1046_d0,A/Guangxi-Qingxiu/SWL11742/2025_H1N1,plate11-A/Guangxi-Qingxiu/SWL11742/2025_H1N1,92,0.6815,0.6815
seqneut25to26_sera_1046_d0,A/Guangxi-Qingxiu/SWL11742/2025_H1N1,plate11-A/Guangxi-Qingxiu/SWL11742/2025_H1N1,212,0.7095,0.7095
seqneut25to26_sera_1046_d0,A/Guangxi-Qingxiu/SWL11742/2025_H1N1,plate11-A/Guangxi-Qingxiu/SWL11742/2025_H1N1,487,1.007,1
seqneut25to26_sera_1046_d0,A/Guangxi-Qingxiu/SWL11742/2025_H1N1,plate11-A/Guangxi-Qingxiu/SWL11742/2025_H1N1,1119,1.111,1
seqneut25to26_sera_1046_d0,A/Guangxi-Qingxiu/SWL11742/2025_H1N1,plate11-A/Guangxi-Qingxiu/SWL11742/2025_H1N1,2575,1.16,1
seqneut25to26_sera_1046_d0,A/Guangxi-Qingxiu/SWL11742/2025_H1N1,plate11-A/Guangxi-Qingxiu/SWL11742/2025_H1N1,5921,1.309,1
seqneut25to26_sera_1046_d0,A/Hawaii/44/2025_H1N1,plate11-A/Hawaii/44/2025_H1N1,40,0.2194,0.2194
seqneut25to26_sera_1046_d0,A/Hawaii/44/2025_H1N1,plate11-A/Hawaii/44/2025_H1N1,92,0.7964,0.7964
seqneut25to26_sera_1046_d0,A/Hawaii/44/2025_H1N1,plate11-A/Hawaii/44/2025_H1N1,212,0.8164,0.8164
seqneut25to26_sera_1046_d0,A/Hawaii/44/2025_H1N1,plate11-A/Hawaii/44/2025_H1N1,487,1.015,1
seqneut25to26_sera_1046_d0,A/Hawaii/44/2025_H1N1,plate11-A/Hawaii/44/2025_H1N1,1119,0.9543,0.9543
seqneut25to26_sera_1046_d0,A/Hawaii/44/2025_H1N1,plate11-A/Hawaii/44/2025_H1N1,2575,0.9737,0.9737
seqneut25to26_sera_1046_d0,A/Hawaii/44/2025_H1N1,plate11-A/Hawaii/44/2025_H1N1,5921,1.081,1
seqneut25to26_sera_1046_d0,A/Hawaii/70/2019_H1N1,plate11-A/Hawaii/70/2019_H1N1,40,0.1406,0.1406
seqneut25to26_sera_1046_d0,A/Hawaii/70/2019_H1N1,plate11-A/Hawaii/70/2019_H1N1,92,0.6406,0.6406
seqneut25to26_sera_1046_d0,A/Hawaii/70/2019_H1N1,plate11-A/Hawaii/70/2019_H1N1,212,0.771,0.771
seqneut25to26_sera_1046_d0,A/Hawaii/70/2019_H1N1,plate11-A/Hawaii/70/2019_H1N1,487,0.9444,0.9444
seqneut25to26_sera_1046_d0,A/Hawaii/70/2019_H1N1,plate11-A/Hawaii/70/2019_H1N1,1119,1.024,1
seqneut25to26_sera_1046_d0,A/Hawaii/70/2019_H1N1,plate11-A/Hawaii/70/2019_H1N1,2575,0.9011,0.9011
seqneut25to26_sera_1046_d0,A/Hawaii/70/2019_H1N1,plate11-A/Hawaii/70/2019_H1N1,5921,1.077,1
seqneut25to26_sera_1046_d0,A/HongKong/1257/2025_H3N2,plate11-A/HongKong/1257/2025_H3N2,40,0.08764,0.08764
seqneut25to26_sera_1046_d0,A/HongKong/1257/2025_H3N2,plate11-A/HongKong/1257/2025_H3N2,92,0.2686,0.2686
seqneut25to26_sera_1046_d0,A/HongKong/1257/2025_H3N2,plate11-A/HongKong/1257/2025_H3N2,212,0.4618,0.4618
seqneut25to26_sera_1046_d0,A/HongKong/1257/2025_H3N2,plate11-A/HongKong/1257/2025_H3N2,487,0.5855,0.5855
seqneut25to26_sera_1046_d0,A/HongKong/1257/2025_H3N2,plate11-A/HongKong/1257/2025_H3N2,1119,0.8017,0.8017
seqneut25to26_sera_1046_d0,A/HongKong/1257/2025_H3N2,plate11-A/HongKong/1257/2025_H3N2,2575,0.7804,0.7804
seqneut25to26_sera_1046_d0,A/HongKong/1257/2025_H3N2,plate11-A/HongKong/1257/2025_H3N2,5921,1.124,1
seqneut25to26_sera_1046_d0,A/HongKong/1382/2025_H3N2,plate11-A/HongKong/1382/2025_H3N2,40,0.06985,0.06985
seqneut25to26_sera_1046_d0,A/HongKong/1382/2025_H3N2,plate11-A/HongKong/1382/2025_H3N2,92,0.3022,0.3022
seqneut25to26_sera_1046_d0,A/HongKong/1382/2025_H3N2,plate11-A/HongKong/1382/2025_H3N2,212,0.529,0.529
seqneut25to26_sera_1046_d0,A/HongKong/1382/2025_H3N2,plate11-A/HongKong/1382/2025_H3N2,487,0.6907,0.6907
seqneut25to26_sera_1046_d0,A/HongKong/1382/2025_H3N2,plate11-A/HongKong/1382/2025_H3N2,1119,0.7468,0.7468
seqneut25to26_sera_1046_d0,A/HongKong/1382/2025_H3N2,plate11-A/HongKong/1382/2025_H3N2,2575,0.9203,0.9203
seqneut25to26_sera_1046_d0,A/HongKong/1382/2025_H3N2,plate11-A/HongKong/1382/2025_H3N2,5921,0.9424,0.9424
seqneut25to26_sera_1046_d0,A/Indonesia/BIOKES-I-BT074/2025_H3N2,plate11-A/Indonesia/BIOKES-I-BT074/2025_H3N2,40,0.005165,0.005165
seqneut25to26_sera_1046_d0,A/Indonesia/BIOKES-I-BT074/2025_H3N2,plate11-A/Indonesia/BIOKES-I-BT074/2025_H3N2,92,0.1264,0.1264
seqneut25to26_sera_1046_d0,A/Indonesia/BIOKES-I-BT074/2025_H3N2,plate11-A/Indonesia/BIOKES-I-BT074/2025_H3N2,212,0.4588,0.4588
seqneut25to26_sera_1046_d0,A/Indonesia/BIOKES-I-BT074/2025_H3N2,plate11-A/Indonesia/BIOKES-I-BT074/2025_H3N2,487,0.5304,0.5304
seqneut25to26_sera_1046_d0,A/Indonesia/BIOKES-I-BT074/2025_H3N2,plate11-A/Indonesia/BIOKES-I-BT074/2025_H3N2,1119,1.252,1
seqneut25to26_sera_1046_d0,A/Indonesia/BIOKES-I-BT074/2025_H3N2,plate11-A/Indonesia/BIOKES-I-BT074/2025_H3N2,2575,0.8445,0.8445
seqneut25to26_sera_1046_d0,A/Indonesia/BIOKES-I-BT074/2025_H3N2,plate11-A/Indonesia/BIOKES-I-BT074/2025_H3N2,5921,0.9982,0.9982
seqneut25to26_sera_1046_d0,A/Indonesia/BIOKES-INAD491/2025_H3N2,plate11-A/Indonesia/BIOKES-INAD491/2025_H3N2,40,0.009689,0.009689
seqneut25to26_sera_1046_d0,A/Indonesia/BIOKES-INAD491/2025_H3N2,plate11-A/Indonesia/BIOKES-INAD491/2025_H3N2,92,0.1352,0.1352
seqneut25to26_sera_1046_d0,A/Indonesia/BIOKES-INAD491/2025_H3N2,plate11-A/Indonesia/BIOKES-INAD491/2025_H3N2,212,0.4429,0.4429
seqneut25to26_sera_1046_d0,A/Indonesia/BIOKES-INAD491/2025_H3N2,plate11-A/Indonesia/BIOKES-INAD491/2025_H3N2,487,0.5092,0.5092
seqneut25to26_sera_1046_d0,A/Indonesia/BIOKES-INAD491/2025_H3N2,plate11-A/Indonesia/BIOKES-INAD491/2025_H3N2,1119,0.6704,0.6704
seqneut25to26_sera_1046_d0,A/Indonesia/BIOKES-INAD491/2025_H3N2,plate11-A/Indonesia/BIOKES-INAD491/2025_H3N2,2575,0.7372,0.7372
seqneut25to26_sera_1046_d0,A/Indonesia/BIOKES-INAD491/2025_H3N2,plate11-A/Indonesia/BIOKES-INAD491/2025_H3N2,5921,0.9442,0.9442
seqneut25to26_sera_1046_d0,A/Lao/820-2750/2025_H3N2,plate11-A/Lao/820-2750/2025_H3N2,40,0.04646,0.04646
seqneut25to26_sera_1046_d0,A/Lao/820-2750/2025_H3N2,plate11-A/Lao/820-2750/2025_H3N2,92,0.4108,0.4108
seqneut25to26_sera_1046_d0,A/Lao/820-2750/2025_H3N2,plate11-A/Lao/820-2750/2025_H3N2,212,0.5916,0.5916
seqneut25to26_sera_1046_d0,A/Lao/820-2750/2025_H3N2,plate11-A/Lao/820-2750/2025_H3N2,487,0.6907,0.6907
seqneut25to26_sera_1046_d0,A/Lao/820-2750/2025_H3N2,plate11-A/Lao/820-2750/2025_H3N2,1119,0.9331,0.9331
seqneut25to26_sera_1046_d0,A/Lao/820-2750/2025_H3N2,plate11-A/Lao/820-2750/2025_H3N2,2575,0.7498,0.7498
seqneut25to26_sera_1046_d0,A/Lao/820-2750/2025_H3N2,plate11-A/Lao/820-2750/2025_H3N2,5921,0.8028,0.8028
seqneut25to26_sera_1046_d0,A/Malaysia/IMR/SARI/2028/2025_H3N2,plate11-A/Malaysia/IMR/SARI/2028/2025_H3N2,40,0.02551,0.02551
seqneut25to26_sera_1046_d0,A/Malaysia/IMR/SARI/2028/2025_H3N2,plate11-A/Malaysia/IMR/SARI/2028/2025_H3N2,92,0.08109,0.08109
seqneut25to26_sera_1046_d0,A/Malaysia/IMR/SARI/2028/2025_H3N2,plate11-A/Malaysia/IMR/SARI/2028/2025_H3N2,212,0.3112,0.3112
seqneut25to26_sera_1046_d0,A/Malaysia/IMR/SARI/2028/2025_H3N2,plate11-A/Malaysia/IMR/SARI/2028/2025_H3N2,487,0.5422,0.5422
seqneut25to26_sera_1046_d0,A/Malaysia/IMR/SARI/2028/2025_H3N2,plate11-A/Malaysia/IMR/SARI/2028/2025_H3N2,1119,0.7668,0.7668
seqneut25to26_sera_1046_d0,A/Malaysia/IMR/SARI/2028/2025_H3N2,plate11-A/Malaysia/IMR/SARI/2028/2025_H3N2,2575,0.8283,0.8283
seqneut25to26_sera_1046_d0,A/Malaysia/IMR/SARI/2028/2025_H3N2,plate11-A/Malaysia/IMR/SARI/2028/2025_H3N2,5921,0.9117,0.9117
seqneut25to26_sera_1046_d0,A/Malaysia/IMR/SARI/2406/2025_H3N2,plate11-A/Malaysia/IMR/SARI/2406/2025_H3N2,40,0.4354,0.4354
seqneut25to26_sera_1046_d0,A/Malaysia/IMR/SARI/2406/2025_H3N2,plate11-A/Malaysia/IMR/SARI/2406/2025_H3N2,92,0.9415,0.9415
seqneut25to26_sera_1046_d0,A/Malaysia/IMR/SARI/2406/2025_H3N2,plate11-A/Malaysia/IMR/SARI/2406/2025_H3N2,212,0.695,0.695
seqneut25to26_sera_1046_d0,A/Malaysia/IMR/SARI/2406/2025_H3N2,plate11-A/Malaysia/IMR/SARI/2406/2025_H3N2,487,0.8912,0.8912
seqneut25to26_sera_1046_d0,A/Malaysia/IMR/SARI/2406/2025_H3N2,plate11-A/Malaysia/IMR/SARI/2406/2025_H3N2,1119,0.979,0.979
seqneut25to26_sera_1046_d0,A/Malaysia/IMR/SARI/2406/2025_H3N2,plate11-A/Malaysia/IMR/SARI/2406/2025_H3N2,2575,1.193,1
seqneut25to26_sera_1046_d0,A/Malaysia/IMR/SARI/2406/2025_H3N2,plate11-A/Malaysia/IMR/SARI/2406/2025_H3N2,5921,1.027,1
seqneut25to26_sera_1046_d0,A/Malaysia/IMR/SARI/2517/2025_H3N2,plate11-A/Malaysia/IMR/SARI/2517/2025_H3N2,40,0.1917,0.1917
seqneut25to26_sera_1046_d0,A/Malaysia/IMR/SARI/2517/2025_H3N2,plate11-A/Malaysia/IMR/SARI/2517/2025_H3N2,92,0.5386,0.5386
seqneut25to26_sera_1046_d0,A/Malaysia/IMR/SARI/2517/2025_H3N2,plate11-A/Malaysia/IMR/SARI/2517/2025_H3N2,212,0.694,0.694
seqneut25to26_sera_1046_d0,A/Malaysia/IMR/SARI/2517/2025_H3N2,plate11-A/Malaysia/IMR/SARI/2517/2025_H3N2,487,0.7595,0.7595
seqneut25to26_sera_1046_d0,A/Malaysia/IMR/SARI/2517/2025_H3N2,plate11-A/Malaysia/IMR/SARI/2517/2025_H3N2,1119,0.9601,0.9601
seqneut25to26_sera_1046_d0,A/Malaysia/IMR/SARI/2517/2025_H3N2,plate11-A/Malaysia/IMR/SARI/2517/2025_H3N2,2575,0.7704,0.7704
seqneut25to26_sera_1046_d0,A/Malaysia/IMR/SARI/2517/2025_H3N2,plate11-A/Malaysia/IMR/SARI/2517/2025_H3N2,5921,0.9905,0.9905
seqneut25to26_sera_1046_d0,A/Massachusetts/18/2022_H3N2,plate11-A/Massachusetts/18/2022_H3N2,40,0.07489,0.07489
seqneut25to26_sera_1046_d0,A/Massachusetts/18/2022_H3N2,plate11-A/Massachusetts/18/2022_H3N2,92,0.2607,0.2607
seqneut25to26_sera_1046_d0,A/Massachusetts/18/2022_H3N2,plate11-A/Massachusetts/18/2022_H3N2,212,0.2667,0.2667
seqneut25to26_sera_1046_d0,A/Massachusetts/18/2022_H3N2,plate11-A/Massachusetts/18/2022_H3N2,487,0.3635,0.3635
seqneut25to26_sera_1046_d0,A/Massachusetts/18/2022_H3N2,plate11-A/Massachusetts/18/2022_H3N2,1119,0.8663,0.8663
seqneut25to26_sera_1046_d0,A/Massachusetts/18/2022_H3N2,plate11-A/Massachusetts/18/2022_H3N2,2575,0.8564,0.8564
seqneut25to26_sera_1046_d0,A/Massachusetts/18/2022_H3N2,plate11-A/Massachusetts/18/2022_H3N2,5921,0.8714,0.8714
seqneut25to26_sera_1046_d0,A/Michigan/110/2025_H3N2,plate11-A/Michigan/110/2025_H3N2,40,0.1831,0.1831
seqneut25to26_sera_1046_d0,A/Michigan/110/2025_H3N2,plate11-A/Michigan/110/2025_H3N2,92,0.6339,0.6339
seqneut25to26_sera_1046_d0,A/Michigan/110/2025_H3N2,plate11-A/Michigan/110/2025_H3N2,212,0.5496,0.5496
seqneut25to26_sera_1046_d0,A/Michigan/110/2025_H3N2,plate11-A/Michigan/110/2025_H3N2,487,0.7381,0.7381
seqneut25to26_sera_1046_d0,A/Michigan/110/2025_H3N2,plate11-A/Michigan/110/2025_H3N2,1119,0.7603,0.7603
seqneut25to26_sera_1046_d0,A/Michigan/110/2025_H3N2,plate11-A/Michigan/110/2025_H3N2,2575,0.7664,0.7664
seqneut25to26_sera_1046_d0,A/Michigan/110/2025_H3N2,plate11-A/Michigan/110/2025_H3N2,5921,0.9103,0.9103
seqneut25to26_sera_1046_d0,A/Minnesota/96/2025_H3N2,plate11-A/Minnesota/96/2025_H3N2,40,0.083,0.083
seqneut25to26_sera_1046_d0,A/Minnesota/96/2025_H3N2,plate11-A/Minnesota/96/2025_H3N2,92,0.4515,0.4515
seqneut25to26_sera_1046_d0,A/Minnesota/96/2025_H3N2,plate11-A/Minnesota/96/2025_H3N2,212,0.5346,0.5346
seqneut25to26_sera_1046_d0,A/Minnesota/96/2025_H3N2,plate11-A/Minnesota/96/2025_H3N2,487,0.7143,0.7143
seqneut25to26_sera_1046_d0,A/Minnesota/96/2025_H3N2,plate11-A/Minnesota/96/2025_H3N2,1119,0.9091,0.9091
seqneut25to26_sera_1046_d0,A/Minnesota/96/2025_H3N2,plate11-A/Minnesota/96/2025_H3N2,2575,0.8612,0.8612
seqneut25to26_sera_1046_d0,A/Minnesota/96/2025_H3N2,plate11-A/Minnesota/96/2025_H3N2,5921,1.078,1
seqneut25to26_sera_1046_d0,A/Missouri/11/2025_H1N1,plate11-A/Missouri/11/2025_H1N1,40,0.2413,0.2413
seqneut25to26_sera_1046_d0,A/Missouri/11/2025_H1N1,plate11-A/Missouri/11/2025_H1N1,92,0.6595,0.6595
seqneut25to26_sera_1046_d0,A/Missouri/11/2025_H1N1,plate11-A/Missouri/11/2025_H1N1,212,0.7086,0.7086
seqneut25to26_sera_1046_d0,A/Missouri/11/2025_H1N1,plate11-A/Missouri/11/2025_H1N1,487,1.035,1
seqneut25to26_sera_1046_d0,A/Missouri/11/2025_H1N1,plate11-A/Missouri/11/2025_H1N1,1119,0.9542,0.9542
seqneut25to26_sera_1046_d0,A/Missouri/11/2025_H1N1,plate11-A/Missouri/11/2025_H1N1,2575,1.118,1
seqneut25to26_sera_1046_d0,A/Missouri/11/2025_H1N1,plate11-A/Missouri/11/2025_H1N1,5921,1.134,1
seqneut25to26_sera_1046_d0,A/NewSouthWales/2526015582/2025_H3N2,plate11-A/NewSouthWales/2526015582/2025_H3N2,40,0.1756,0.1756
seqneut25to26_sera_1046_d0,A/NewSouthWales/2526015582/2025_H3N2,plate11-A/NewSouthWales/2526015582/2025_H3N2,92,0.6268,0.6268
seqneut25to26_sera_1046_d0,A/NewSouthWales/2526015582/2025_H3N2,plate11-A/NewSouthWales/2526015582/2025_H3N2,212,0.673,0.673
seqneut25to26_sera_1046_d0,A/NewSouthWales/2526015582/2025_H3N2,plate11-A/NewSouthWales/2526015582/2025_H3N2,487,0.7264,0.7264
seqneut25to26_sera_1046_d0,A/NewSouthWales/2526015582/2025_H3N2,plate11-A/NewSouthWales/2526015582/2025_H3N2,1119,0.8034,0.8034
seqneut25to26_sera_1046_d0,A/NewSouthWales/2526015582/2025_H3N2,plate11-A/NewSouthWales/2526015582/2025_H3N2,2575,0.8353,0.8353
seqneut25to26_sera_1046_d0,A/NewSouthWales/2526015582/2025_H3N2,plate11-A/NewSouthWales/2526015582/2025_H3N2,5921,0.9918,0.9918
seqneut25to26_sera_1046_d0,A/NewSouthWales/2526015584/2025_H3N2,plate11-A/NewSouthWales/2526015584/2025_H3N2,40,0.1132,0.1132
seqneut25to26_sera_1046_d0,A/NewSouthWales/2526015584/2025_H3N2,plate11-A/NewSouthWales/2526015584/2025_H3N2,92,0.4968,0.4968
seqneut25to26_sera_1046_d0,A/NewSouthWales/2526015584/2025_H3N2,plate11-A/NewSouthWales/2526015584/2025_H3N2,212,0.5015,0.5015
seqneut25to26_sera_1046_d0,A/NewSouthWales/2526015584/2025_H3N2,plate11-A/NewSouthWales/2526015584/2025_H3N2,487,0.676,0.676
seqneut25to26_sera_1046_d0,A/NewSouthWales/2526015584/2025_H3N2,plate11-A/NewSouthWales/2526015584/2025_H3N2,1119,0.8062,0.8062
seqneut25to26_sera_1046_d0,A/NewSouthWales/2526015584/2025_H3N2,plate11-A/NewSouthWales/2526015584/2025_H3N2,2575,0.7966,0.7966
seqneut25to26_sera_1046_d0,A/NewSouthWales/2526015584/2025_H3N2,plate11-A/NewSouthWales/2526015584/2025_H3N2,5921,0.9134,0.9134
seqneut25to26_sera_1046_d0,A/Norway/8765/2025_H3N2,plate11-A/Norway/8765/2025_H3N2,40,0.1601,0.1601
seqneut25to26_sera_1046_d0,A/Norway/8765/2025_H3N2,plate11-A/Norway/8765/2025_H3N2,92,0.6463,0.6463
seqneut25to26_sera_1046_d0,A/Norway/8765/2025_H3N2,plate11-A/Norway/8765/2025_H3N2,212,0.6459,0.6459
seqneut25to26_sera_1046_d0,A/Norway/8765/2025_H3N2,plate11-A/Norway/8765/2025_H3N2,487,0.6897,0.6897
seqneut25to26_sera_1046_d0,A/Norway/8765/2025_H3N2,plate11-A/Norway/8765/2025_H3N2,1119,0.882,0.882
seqneut25to26_sera_1046_d0,A/Norway/8765/2025_H3N2,plate11-A/Norway/8765/2025_H3N2,2575,0.8521,0.8521
seqneut25to26_sera_1046_d0,A/Norway/8765/2025_H3N2,plate11-A/Norway/8765/2025_H3N2,5921,0.8942,0.8942
seqneut25to26_sera_1046_d0,A/Norway/8976/2025_H3N2,plate11-A/Norway/8976/2025_H3N2,40,0.1592,0.1592
seqneut25to26_sera_1046_d0,A/Norway/8976/2025_H3N2,plate11-A/Norway/8976/2025_H3N2,92,0.5916,0.5916
seqneut25to26_sera_1046_d0,A/Norway/8976/2025_H3N2,plate11-A/Norway/8976/2025_H3N2,212,0.5847,0.5847
seqneut25to26_sera_1046_d0,A/Norway/8976/2025_H3N2,plate11-A/Norway/8976/2025_H3N2,487,0.6717,0.6717
seqneut25to26_sera_1046_d0,A/Norway/8976/2025_H3N2,plate11-A/Norway/8976/2025_H3N2,1119,0.7198,0.7198
seqneut25to26_sera_1046_d0,A/Norway/8976/2025_H3N2,plate11-A/Norway/8976/2025_H3N2,2575,0.774,0.774
seqneut25to26_sera_1046_d0,A/Norway/8976/2025_H3N2,plate11-A/Norway/8976/2025_H3N2,5921,1.005,1
seqneut25to26_sera_1046_d0,A/Norway/9107/2025_H1N1,plate11-A/Norway/9107/2025_H1N1,40,0.1995,0.1995
seqneut25to26_sera_1046_d0,A/Norway/9107/2025_H1N1,plate11-A/Norway/9107/2025_H1N1,92,0.8019,0.8019
seqneut25to26_sera_1046_d0,A/Norway/9107/2025_H1N1,plate11-A/Norway/9107/2025_H1N1,212,0.8767,0.8767
seqneut25to26_sera_1046_d0,A/Norway/9107/2025_H1N1,plate11-A/Norway/9107/2025_H1N1,487,0.9467,0.9467
seqneut25to26_sera_1046_d0,A/Norway/9107/2025_H1N1,plate11-A/Norway/9107/2025_H1N1,1119,1.097,1
seqneut25to26_sera_1046_d0,A/Norway/9107/2025_H1N1,plate11-A/Norway/9107/2025_H1N1,2575,1.025,1
seqneut25to26_sera_1046_d0,A/Norway/9107/2025_H1N1,plate11-A/Norway/9107/2025_H1N1,5921,1.142,1
seqneut25to26_sera_1046_d0,A/Norway/9556/2025_H1N1,plate11-A/Norway/9556/2025_H1N1,40,0.299,0.299
seqneut25to26_sera_1046_d0,A/Norway/9556/2025_H1N1,plate11-A/Norway/9556/2025_H1N1,92,0.8915,0.8915
seqneut25to26_sera_1046_d0,A/Norway/9556/2025_H1N1,plate11-A/Norway/9556/2025_H1N1,212,0.8472,0.8472
seqneut25to26_sera_1046_d0,A/Norway/9556/2025_H1N1,plate11-A/Norway/9556/2025_H1N1,487,1.1,1
seqneut25to26_sera_1046_d0,A/Norway/9556/2025_H1N1,plate11-A/Norway/9556/2025_H1N1,1119,1.22,1
seqneut25to26_sera_1046_d0,A/Norway/9556/2025_H1N1,plate11-A/Norway/9556/2025_H1N1,2575,0.9982,0.9982
seqneut25to26_sera_1046_d0,A/Norway/9556/2025_H1N1,plate11-A/Norway/9556/2025_H1N1,5921,1.098,1
seqneut25to26_sera_1046_d0,A/Peru/GIHSN-04-1089/2025_H3N2,plate11-A/Peru/GIHSN-04-1089/2025_H3N2,40,0.04419,0.04419
seqneut25to26_sera_1046_d0,A/Peru/GIHSN-04-1089/2025_H3N2,plate11-A/Peru/GIHSN-04-1089/2025_H3N2,92,0.8134,0.8134
seqneut25to26_sera_1046_d0,A/Peru/GIHSN-04-1089/2025_H3N2,plate11-A/Peru/GIHSN-04-1089/2025_H3N2,212,0.6154,0.6154
seqneut25to26_sera_1046_d0,A/Peru/GIHSN-04-1089/2025_H3N2,plate11-A/Peru/GIHSN-04-1089/2025_H3N2,487,0.6276,0.6276
seqneut25to26_sera_1046_d0,A/Peru/GIHSN-04-1089/2025_H3N2,plate11-A/Peru/GIHSN-04-1089/2025_H3N2,1119,1.186,1
seqneut25to26_sera_1046_d0,A/Peru/GIHSN-04-1089/2025_H3N2,plate11-A/Peru/GIHSN-04-1089/2025_H3N2,2575,1.077,1
seqneut25to26_sera_1046_d0,A/Peru/GIHSN-04-1089/2025_H3N2,plate11-A/Peru/GIHSN-04-1089/2025_H3N2,5921,1.216,1
seqneut25to26_sera_1046_d0,A/Philippines/SARI25-1425/2025_H1N1,plate11-A/Philippines/SARI25-1425/2025_H1N1,40,0.2886,0.2886
seqneut25to26_sera_1046_d0,A/Philippines/SARI25-1425/2025_H1N1,plate11-A/Philippines/SARI25-1425/2025_H1N1,92,0.7975,0.7975
seqneut25to26_sera_1046_d0,A/Philippines/SARI25-1425/2025_H1N1,plate11-A/Philippines/SARI25-1425/2025_H1N1,212,0.8041,0.8041
seqneut25to26_sera_1046_d0,A/Philippines/SARI25-1425/2025_H1N1,plate11-A/Philippines/SARI25-1425/2025_H1N1,487,1.065,1
seqneut25to26_sera_1046_d0,A/Philippines/SARI25-1425/2025_H1N1,plate11-A/Philippines/SARI25-1425/2025_H1N1,1119,1.123,1
seqneut25to26_sera_1046_d0,A/Philippines/SARI25-1425/2025_H1N1,plate11-A/Philippines/SARI25-1425/2025_H1N1,2575,1.145,1
seqneut25to26_sera_1046_d0,A/Philippines/SARI25-1425/2025_H1N1,plate11-A/Philippines/SARI25-1425/2025_H1N1,5921,1.186,1
seqneut25to26_sera_1046_d0,A/Queensland/2526516675/2025_H3N2,plate11-A/Queensland/2526516675/2025_H3N2,40,0.1821,0.1821
seqneut25to26_sera_1046_d0,A/Queensland/2526516675/2025_H3N2,plate11-A/Queensland/2526516675/2025_H3N2,92,0.6738,0.6738
seqneut25to26_sera_1046_d0,A/Queensland/2526516675/2025_H3N2,plate11-A/Queensland/2526516675/2025_H3N2,212,0.6966,0.6966
seqneut25to26_sera_1046_d0,A/Queensland/2526516675/2025_H3N2,plate11-A/Queensland/2526516675/2025_H3N2,487,0.6474,0.6474
seqneut25to26_sera_1046_d0,A/Queensland/2526516675/2025_H3N2,plate11-A/Queensland/2526516675/2025_H3N2,1119,0.8861,0.8861
seqneut25to26_sera_1046_d0,A/Queensland/2526516675/2025_H3N2,plate11-A/Queensland/2526516675/2025_H3N2,2575,0.8738,0.8738
seqneut25to26_sera_1046_d0,A/Queensland/2526516675/2025_H3N2,plate11-A/Queensland/2526516675/2025_H3N2,5921,1,1
seqneut25to26_sera_1046_d0,A/SouthAfrica/PET37604/2025_H3N2,plate11-A/SouthAfrica/PET37604/2025_H3N2,40,0.007289,0.007289
seqneut25to26_sera_1046_d0,A/SouthAfrica/PET37604/2025_H3N2,plate11-A/SouthAfrica/PET37604/2025_H3N2,92,0.1333,0.1333
seqneut25to26_sera_1046_d0,A/SouthAfrica/PET37604/2025_H3N2,plate11-A/SouthAfrica/PET37604/2025_H3N2,212,0.2565,0.2565
seqneut25to26_sera_1046_d0,A/SouthAfrica/PET37604/2025_H3N2,plate11-A/SouthAfrica/PET37604/2025_H3N2,487,0.4578,0.4578
seqneut25to26_sera_1046_d0,A/SouthAfrica/PET37604/2025_H3N2,plate11-A/SouthAfrica/PET37604/2025_H3N2,1119,0.8759,0.8759
seqneut25to26_sera_1046_d0,A/SouthAfrica/PET37604/2025_H3N2,plate11-A/SouthAfrica/PET37604/2025_H3N2,2575,0.8988,0.8988
seqneut25to26_sera_1046_d0,A/SouthAfrica/PET37604/2025_H3N2,plate11-A/SouthAfrica/PET37604/2025_H3N2,5921,0.9555,0.9555
seqneut25to26_sera_1046_d0,A/SouthAfrica/PET37625/2025_H3N2,plate11-A/SouthAfrica/PET37625/2025_H3N2,40,0.003876,0.003876
seqneut25to26_sera_1046_d0,A/SouthAfrica/PET37625/2025_H3N2,plate11-A/SouthAfrica/PET37625/2025_H3N2,92,0.1629,0.1629
seqneut25to26_sera_1046_d0,A/SouthAfrica/PET37625/2025_H3N2,plate11-A/SouthAfrica/PET37625/2025_H3N2,212,0.2605,0.2605
seqneut25to26_sera_1046_d0,A/SouthAfrica/PET37625/2025_H3N2,plate11-A/SouthAfrica/PET37625/2025_H3N2,487,0.4992,0.4992
seqneut25to26_sera_1046_d0,A/SouthAfrica/PET37625/2025_H3N2,plate11-A/SouthAfrica/PET37625/2025_H3N2,1119,0.7542,0.7542
seqneut25to26_sera_1046_d0,A/SouthAfrica/PET37625/2025_H3N2,plate11-A/SouthAfrica/PET37625/2025_H3N2,2575,0.7617,0.7617
seqneut25to26_sera_1046_d0,A/SouthAfrica/PET37625/2025_H3N2,plate11-A/SouthAfrica/PET37625/2025_H3N2,5921,0.9044,0.9044
seqneut25to26_sera_1046_d0,A/SouthAustralia/2519001037/2025_H1N1,plate11-A/SouthAustralia/2519001037/2025_H1N1,40,0.2587,0.2587
seqneut25to26_sera_1046_d0,A/SouthAustralia/2519001037/2025_H1N1,plate11-A/SouthAustralia/2519001037/2025_H1N1,92,0.7701,0.7701
seqneut25to26_sera_1046_d0,A/SouthAustralia/2519001037/2025_H1N1,plate11-A/SouthAustralia/2519001037/2025_H1N1,212,0.6823,0.6823
seqneut25to26_sera_1046_d0,A/SouthAustralia/2519001037/2025_H1N1,plate11-A/SouthAustralia/2519001037/2025_H1N1,487,0.9059,0.9059
seqneut25to26_sera_1046_d0,A/SouthAustralia/2519001037/2025_H1N1,plate11-A/SouthAustralia/2519001037/2025_H1N1,1119,1.07,1
seqneut25to26_sera_1046_d0,A/SouthAustralia/2519001037/2025_H1N1,plate11-A/SouthAustralia/2519001037/2025_H1N1,2575,0.9543,0.9543
seqneut25to26_sera_1046_d0,A/SouthAustralia/2519001037/2025_H1N1,plate11-A/SouthAustralia/2519001037/2025_H1N1,5921,1.162,1
seqneut25to26_sera_1046_d0,A/SouthAustralia/2520702747/2025_H1N1,plate11-A/SouthAustralia/2520702747/2025_H1N1,40,0.1768,0.1768
seqneut25to26_sera_1046_d0,A/SouthAustralia/2520702747/2025_H1N1,plate11-A/SouthAustralia/2520702747/2025_H1N1,92,0.631,0.631
seqneut25to26_sera_1046_d0,A/SouthAustralia/2520702747/2025_H1N1,plate11-A/SouthAustralia/2520702747/2025_H1N1,212,0.7481,0.7481
seqneut25to26_sera_1046_d0,A/SouthAustralia/2520702747/2025_H1N1,plate11-A/SouthAustralia/2520702747/2025_H1N1,487,1.01,1
seqneut25to26_sera_1046_d0,A/SouthAustralia/2520702747/2025_H1N1,plate11-A/SouthAustralia/2520702747/2025_H1N1,1119,1.175,1
seqneut25to26_sera_1046_d0,A/SouthAustralia/2520702747/2025_H1N1,plate11-A/SouthAustralia/2520702747/2025_H1N1,2575,1.003,1
seqneut25to26_sera_1046_d0,A/SouthAustralia/2520702747/2025_H1N1,plate11-A/SouthAustralia/2520702747/2025_H1N1,5921,1.235,1
seqneut25to26_sera_1046_d0,A/SouthAustralia/2523012764/2025_H1N1,plate11-A/SouthAustralia/2523012764/2025_H1N1,40,0.159,0.159
seqneut25to26_sera_1046_d0,A/SouthAustralia/2523012764/2025_H1N1,plate11-A/SouthAustralia/2523012764/2025_H1N1,92,0.641,0.641
seqneut25to26_sera_1046_d0,A/SouthAustralia/2523012764/2025_H1N1,plate11-A/SouthAustralia/2523012764/2025_H1N1,212,0.8064,0.8064
seqneut25to26_sera_1046_d0,A/SouthAustralia/2523012764/2025_H1N1,plate11-A/SouthAustralia/2523012764/2025_H1N1,487,0.7866,0.7866
seqneut25to26_sera_1046_d0,A/SouthAustralia/2523012764/2025_H1N1,plate11-A/SouthAustralia/2523012764/2025_H1N1,1119,1.035,1
seqneut25to26_sera_1046_d0,A/SouthAustralia/2523012764/2025_H1N1,plate11-A/SouthAustralia/2523012764/2025_H1N1,2575,1.114,1
seqneut25to26_sera_1046_d0,A/SouthAustralia/2523012764/2025_H1N1,plate11-A/SouthAustralia/2523012764/2025_H1N1,5921,1.1,1
seqneut25to26_sera_1046_d0,A/SouthAustralia/2523812314/2025_H3N2,plate11-A/SouthAustralia/2523812314/2025_H3N2,40,0.3549,0.3549
seqneut25to26_sera_1046_d0,A/SouthAustralia/2523812314/2025_H3N2,plate11-A/SouthAustralia/2523812314/2025_H3N2,92,0.4221,0.4221
seqneut25to26_sera_1046_d0,A/SouthAustralia/2523812314/2025_H3N2,plate11-A/SouthAustralia/2523812314/2025_H3N2,212,0.4319,0.4319
seqneut25to26_sera_1046_d0,A/SouthAustralia/2523812314/2025_H3N2,plate11-A/SouthAustralia/2523812314/2025_H3N2,487,0.8175,0.8175
seqneut25to26_sera_1046_d0,A/SouthAustralia/2523812314/2025_H3N2,plate11-A/SouthAustralia/2523812314/2025_H3N2,1119,0.7155,0.7155
seqneut25to26_sera_1046_d0,A/SouthAustralia/2523812314/2025_H3N2,plate11-A/SouthAustralia/2523812314/2025_H3N2,2575,0.894,0.894
seqneut25to26_sera_1046_d0,A/SouthAustralia/2523812314/2025_H3N2,plate11-A/SouthAustralia/2523812314/2025_H3N2,5921,1.06,1
seqneut25to26_sera_1046_d0,A/SouthAustralia/2524408801/2025_H3N2,plate11-A/SouthAustralia/2524408801/2025_H3N2,40,0.1811,0.1811
seqneut25to26_sera_1046_d0,A/SouthAustralia/2524408801/2025_H3N2,plate11-A/SouthAustralia/2524408801/2025_H3N2,92,0.5263,0.5263
seqneut25to26_sera_1046_d0,A/SouthAustralia/2524408801/2025_H3N2,plate11-A/SouthAustralia/2524408801/2025_H3N2,212,0.6385,0.6385
seqneut25to26_sera_1046_d0,A/SouthAustralia/2524408801/2025_H3N2,plate11-A/SouthAustralia/2524408801/2025_H3N2,487,0.7798,0.7798
seqneut25to26_sera_1046_d0,A/SouthAustralia/2524408801/2025_H3N2,plate11-A/SouthAustralia/2524408801/2025_H3N2,1119,0.8983,0.8983
seqneut25to26_sera_1046_d0,A/SouthAustralia/2524408801/2025_H3N2,plate11-A/SouthAustralia/2524408801/2025_H3N2,2575,0.7409,0.7409
seqneut25to26_sera_1046_d0,A/SouthAustralia/2524408801/2025_H3N2,plate11-A/SouthAustralia/2524408801/2025_H3N2,5921,0.9799,0.9799
seqneut25to26_sera_1046_d0,A/SouthAustralia/2524712956/2025_H1N1,plate11-A/SouthAustralia/2524712956/2025_H1N1,40,0.2409,0.2409
seqneut25to26_sera_1046_d0,A/SouthAustralia/2524712956/2025_H1N1,plate11-A/SouthAustralia/2524712956/2025_H1N1,92,0.9668,0.9668
seqneut25to26_sera_1046_d0,A/SouthAustralia/2524712956/2025_H1N1,plate11-A/SouthAustralia/2524712956/2025_H1N1,212,0.8608,0.8608
seqneut25to26_sera_1046_d0,A/SouthAustralia/2524712956/2025_H1N1,plate11-A/SouthAustralia/2524712956/2025_H1N1,487,0.935,0.935
seqneut25to26_sera_1046_d0,A/SouthAustralia/2524712956/2025_H1N1,plate11-A/SouthAustralia/2524712956/2025_H1N1,1119,1.223,1
seqneut25to26_sera_1046_d0,A/SouthAustralia/2524712956/2025_H1N1,plate11-A/SouthAustralia/2524712956/2025_H1N1,2575,1.13,1
seqneut25to26_sera_1046_d0,A/SouthAustralia/2524712956/2025_H1N1,plate11-A/SouthAustralia/2524712956/2025_H1N1,5921,1.13,1
seqneut25to26_sera_1046_d0,A/SouthAustralia/2525607496/2025_H3N2,plate11-A/SouthAustralia/2525607496/2025_H3N2,40,0.1115,0.1115
seqneut25to26_sera_1046_d0,A/SouthAustralia/2525607496/2025_H3N2,plate11-A/SouthAustralia/2525607496/2025_H3N2,92,0.715,0.715
seqneut25to26_sera_1046_d0,A/SouthAustralia/2525607496/2025_H3N2,plate11-A/SouthAustralia/2525607496/2025_H3N2,212,0.6671,0.6671
seqneut25to26_sera_1046_d0,A/SouthAustralia/2525607496/2025_H3N2,plate11-A/SouthAustralia/2525607496/2025_H3N2,487,0.7067,0.7067
seqneut25to26_sera_1046_d0,A/SouthAustralia/2525607496/2025_H3N2,plate11-A/SouthAustralia/2525607496/2025_H3N2,1119,0.7106,0.7106
seqneut25to26_sera_1046_d0,A/SouthAustralia/2525607496/2025_H3N2,plate11-A/SouthAustralia/2525607496/2025_H3N2,2575,0.8256,0.8256
seqneut25to26_sera_1046_d0,A/SouthAustralia/2525607496/2025_H3N2,plate11-A/SouthAustralia/2525607496/2025_H3N2,5921,0.8117,0.8117
seqneut25to26_sera_1046_d0,A/SouthAustralia/2527003588/2025_H3N2,plate11-A/SouthAustralia/2527003588/2025_H3N2,40,0.6373,0.6373
seqneut25to26_sera_1046_d0,A/SouthAustralia/2527003588/2025_H3N2,plate11-A/SouthAustralia/2527003588/2025_H3N2,92,1.183,1
seqneut25to26_sera_1046_d0,A/SouthAustralia/2527003588/2025_H3N2,plate11-A/SouthAustralia/2527003588/2025_H3N2,212,0.7997,0.7997
seqneut25to26_sera_1046_d0,A/SouthAustralia/2527003588/2025_H3N2,plate11-A/SouthAustralia/2527003588/2025_H3N2,487,0.9689,0.9689
seqneut25to26_sera_1046_d0,A/SouthAustralia/2527003588/2025_H3N2,plate11-A/SouthAustralia/2527003588/2025_H3N2,1119,0.9304,0.9304
seqneut25to26_sera_1046_d0,A/SouthAustralia/2527003588/2025_H3N2,plate11-A/SouthAustralia/2527003588/2025_H3N2,2575,0.7701,0.7701
seqneut25to26_sera_1046_d0,A/SouthAustralia/2527003588/2025_H3N2,plate11-A/SouthAustralia/2527003588/2025_H3N2,5921,1.295,1
seqneut25to26_sera_1046_d0,A/SouthAustralia/2527213276/2025_H3N2,plate11-A/SouthAustralia/2527213276/2025_H3N2,40,0.07774,0.07774
seqneut25to26_sera_1046_d0,A/SouthAustralia/2527213276/2025_H3N2,plate11-A/SouthAustralia/2527213276/2025_H3N2,92,0.4745,0.4745
seqneut25to26_sera_1046_d0,A/SouthAustralia/2527213276/2025_H3N2,plate11-A/SouthAustralia/2527213276/2025_H3N2,212,0.5575,0.5575
seqneut25to26_sera_1046_d0,A/SouthAustralia/2527213276/2025_H3N2,plate11-A/SouthAustralia/2527213276/2025_H3N2,487,0.5077,0.5077
seqneut25to26_sera_1046_d0,A/SouthAustralia/2527213276/2025_H3N2,plate11-A/SouthAustralia/2527213276/2025_H3N2,1119,0.8654,0.8654
seqneut25to26_sera_1046_d0,A/SouthAustralia/2527213276/2025_H3N2,plate11-A/SouthAustralia/2527213276/2025_H3N2,2575,0.7708,0.7708
seqneut25to26_sera_1046_d0,A/SouthAustralia/2527213276/2025_H3N2,plate11-A/SouthAustralia/2527213276/2025_H3N2,5921,1.127,1
seqneut25to26_sera_1046_d0,A/SouthAustralia/2527612456/2025_H1N1,plate11-A/SouthAustralia/2527612456/2025_H1N1,40,0.3828,0.3828
seqneut25to26_sera_1046_d0,A/SouthAustralia/2527612456/2025_H1N1,plate11-A/SouthAustralia/2527612456/2025_H1N1,92,0.8742,0.8742
seqneut25to26_sera_1046_d0,A/SouthAustralia/2527612456/2025_H1N1,plate11-A/SouthAustralia/2527612456/2025_H1N1,212,0.9361,0.9361
seqneut25to26_sera_1046_d0,A/SouthAustralia/2527612456/2025_H1N1,plate11-A/SouthAustralia/2527612456/2025_H1N1,487,0.8925,0.8925
seqneut25to26_sera_1046_d0,A/SouthAustralia/2527612456/2025_H1N1,plate11-A/SouthAustralia/2527612456/2025_H1N1,1119,1.093,1
seqneut25to26_sera_1046_d0,A/SouthAustralia/2527612456/2025_H1N1,plate11-A/SouthAustralia/2527612456/2025_H1N1,2575,1.061,1
seqneut25to26_sera_1046_d0,A/SouthAustralia/2527612456/2025_H1N1,plate11-A/SouthAustralia/2527612456/2025_H1N1,5921,1.233,1
seqneut25to26_sera_1046_d0,A/SouthAustralia/2527902708/2025_H3N2,plate11-A/SouthAustralia/2527902708/2025_H3N2,40,0.2608,0.2608
seqneut25to26_sera_1046_d0,A/SouthAustralia/2527902708/2025_H3N2,plate11-A/SouthAustralia/2527902708/2025_H3N2,92,0.7525,0.7525
seqneut25to26_sera_1046_d0,A/SouthAustralia/2527902708/2025_H3N2,plate11-A/SouthAustralia/2527902708/2025_H3N2,212,0.7461,0.7461
seqneut25to26_sera_1046_d0,A/SouthAustralia/2527902708/2025_H3N2,plate11-A/SouthAustralia/2527902708/2025_H3N2,487,0.8601,0.8601
seqneut25to26_sera_1046_d0,A/SouthAustralia/2527902708/2025_H3N2,plate11-A/SouthAustralia/2527902708/2025_H3N2,1119,0.8291,0.8291
seqneut25to26_sera_1046_d0,A/SouthAustralia/2527902708/2025_H3N2,plate11-A/SouthAustralia/2527902708/2025_H3N2,2575,1.005,1
seqneut25to26_sera_1046_d0,A/SouthAustralia/2527902708/2025_H3N2,plate11-A/SouthAustralia/2527902708/2025_H3N2,5921,1.097,1
seqneut25to26_sera_1046_d0,A/Sydney/1359/2024_H3N2,plate11-A/Sydney/1359/2024_H3N2,40,0.1245,0.1245
seqneut25to26_sera_1046_d0,A/Sydney/1359/2024_H3N2,plate11-A/Sydney/1359/2024_H3N2,92,0.5151,0.5151
seqneut25to26_sera_1046_d0,A/Sydney/1359/2024_H3N2,plate11-A/Sydney/1359/2024_H3N2,212,0.626,0.626
seqneut25to26_sera_1046_d0,A/Sydney/1359/2024_H3N2,plate11-A/Sydney/1359/2024_H3N2,487,0.6763,0.6763
seqneut25to26_sera_1046_d0,A/Sydney/1359/2024_H3N2,plate11-A/Sydney/1359/2024_H3N2,1119,0.7298,0.7298
seqneut25to26_sera_1046_d0,A/Sydney/1359/2024_H3N2,plate11-A/Sydney/1359/2024_H3N2,2575,0.8829,0.8829
seqneut25to26_sera_1046_d0,A/Sydney/1359/2024_H3N2,plate11-A/Sydney/1359/2024_H3N2,5921,1.012,1
seqneut25to26_sera_1046_d0,A/Sydney/400/2025_H1N1,plate11-A/Sydney/400/2025_H1N1,40,0.2056,0.2056
seqneut25to26_sera_1046_d0,A/Sydney/400/2025_H1N1,plate11-A/Sydney/400/2025_H1N1,92,0.9633,0.9633
seqneut25to26_sera_1046_d0,A/Sydney/400/2025_H1N1,plate11-A/Sydney/400/2025_H1N1,212,1.136,1
seqneut25to26_sera_1046_d0,A/Sydney/400/2025_H1N1,plate11-A/Sydney/400/2025_H1N1,487,1.091,1
seqneut25to26_sera_1046_d0,A/Sydney/400/2025_H1N1,plate11-A/Sydney/400/2025_H1N1,1119,1.233,1
seqneut25to26_sera_1046_d0,A/Sydney/400/2025_H1N1,plate11-A/Sydney/400/2025_H1N1,2575,1.059,1
seqneut25to26_sera_1046_d0,A/Sydney/400/2025_H1N1,plate11-A/Sydney/400/2025_H1N1,5921,1.199,1
seqneut25to26_sera_1046_d0,A/Tasmania/2521815682/2025_H3N2,plate11-A/Tasmania/2521815682/2025_H3N2,40,0.2629,0.2629
seqneut25to26_sera_1046_d0,A/Tasmania/2521815682/2025_H3N2,plate11-A/Tasmania/2521815682/2025_H3N2,92,0.5421,0.5421
seqneut25to26_sera_1046_d0,A/Tasmania/2521815682/2025_H3N2,plate11-A/Tasmania/2521815682/2025_H3N2,212,0.6187,0.6187
seqneut25to26_sera_1046_d0,A/Tasmania/2521815682/2025_H3N2,plate11-A/Tasmania/2521815682/2025_H3N2,487,0.6691,0.6691
seqneut25to26_sera_1046_d0,A/Tasmania/2521815682/2025_H3N2,plate11-A/Tasmania/2521815682/2025_H3N2,1119,1.027,1
seqneut25to26_sera_1046_d0,A/Tasmania/2521815682/2025_H3N2,plate11-A/Tasmania/2521815682/2025_H3N2,2575,0.9282,0.9282
seqneut25to26_sera_1046_d0,A/Tasmania/2521815682/2025_H3N2,plate11-A/Tasmania/2521815682/2025_H3N2,5921,1.115,1
seqneut25to26_sera_1046_d0,A/Thailand/8/2022_H3N2,plate11-A/Thailand/8/2022_H3N2,40,0.02384,0.02384
seqneut25to26_sera_1046_d0,A/Thailand/8/2022_H3N2,plate11-A/Thailand/8/2022_H3N2,92,0.1434,0.1434
seqneut25to26_sera_1046_d0,A/Thailand/8/2022_H3N2,plate11-A/Thailand/8/2022_H3N2,212,0.1717,0.1717
seqneut25to26_sera_1046_d0,A/Thailand/8/2022_H3N2,plate11-A/Thailand/8/2022_H3N2,487,0.3019,0.3019
seqneut25to26_sera_1046_d0,A/Thailand/8/2022_H3N2,plate11-A/Thailand/8/2022_H3N2,1119,0.5208,0.5208
seqneut25to26_sera_1046_d0,A/Thailand/8/2022_H3N2,plate11-A/Thailand/8/2022_H3N2,2575,0.6515,0.6515
seqneut25to26_sera_1046_d0,A/Thailand/8/2022_H3N2,plate11-A/Thailand/8/2022_H3N2,5921,0.8405,0.8405
seqneut25to26_sera_1046_d0,A/Vermont/73/2025_H3N2,plate11-A/Vermont/73/2025_H3N2,40,0.1528,0.1528
seqneut25to26_sera_1046_d0,A/Vermont/73/2025_H3N2,plate11-A/Vermont/73/2025_H3N2,92,0.5338,0.5338
seqneut25to26_sera_1046_d0,A/Vermont/73/2025_H3N2,plate11-A/Vermont/73/2025_H3N2,212,0.6376,0.6376
seqneut25to26_sera_1046_d0,A/Vermont/73/2025_H3N2,plate11-A/Vermont/73/2025_H3N2,487,0.8932,0.8932
seqneut25to26_sera_1046_d0,A/Vermont/73/2025_H3N2,plate11-A/Vermont/73/2025_H3N2,1119,1.002,1
seqneut25to26_sera_1046_d0,A/Vermont/73/2025_H3N2,plate11-A/Vermont/73/2025_H3N2,2575,0.8874,0.8874
seqneut25to26_sera_1046_d0,A/Vermont/73/2025_H3N2,plate11-A/Vermont/73/2025_H3N2,5921,1.054,1
seqneut25to26_sera_1046_d0,A/Victoria/4897/2022_IVR-238_H1N1,plate11-A/Victoria/4897/2022_IVR-238_H1N1,40,3.609e-05,3.609e-05
seqneut25to26_sera_1046_d0,A/Victoria/4897/2022_IVR-238_H1N1,plate11-A/Victoria/4897/2022_IVR-238_H1N1,92,0.0002021,0.0002021
seqneut25to26_sera_1046_d0,A/Victoria/4897/2022_IVR-238_H1N1,plate11-A/Victoria/4897/2022_IVR-238_H1N1,212,0.01419,0.01419
seqneut25to26_sera_1046_d0,A/Victoria/4897/2022_IVR-238_H1N1,plate11-A/Victoria/4897/2022_IVR-238_H1N1,487,0.5017,0.5017
seqneut25to26_sera_1046_d0,A/Victoria/4897/2022_IVR-238_H1N1,plate11-A/Victoria/4897/2022_IVR-238_H1N1,1119,0.9001,0.9001
seqneut25to26_sera_1046_d0,A/Victoria/4897/2022_IVR-238_H1N1,plate11-A/Victoria/4897/2022_IVR-238_H1N1,2575,0.9154,0.9154
seqneut25to26_sera_1046_d0,A/Victoria/4897/2022_IVR-238_H1N1,plate11-A/Victoria/4897/2022_IVR-238_H1N1,5921,1.154,1
seqneut25to26_sera_1046_d0,A/Wisconsin/588/2019_H1N1,plate11-A/Wisconsin/588/2019_H1N1,40,0.07544,0.07544
seqneut25to26_sera_1046_d0,A/Wisconsin/588/2019_H1N1,plate11-A/Wisconsin/588/2019_H1N1,92,0.3906,0.3906
seqneut25to26_sera_1046_d0,A/Wisconsin/588/2019_H1N1,plate11-A/Wisconsin/588/2019_H1N1,212,0.7349,0.7349
seqneut25to26_sera_1046_d0,A/Wisconsin/588/2019_H1N1,plate11-A/Wisconsin/588/2019_H1N1,487,0.832,0.832
seqneut25to26_sera_1046_d0,A/Wisconsin/588/2019_H1N1,plate11-A/Wisconsin/588/2019_H1N1,1119,1.163,1
seqneut25to26_sera_1046_d0,A/Wisconsin/588/2019_H1N1,plate11-A/Wisconsin/588/2019_H1N1,2575,1.027,1
seqneut25to26_sera_1046_d0,A/Wisconsin/588/2019_H1N1,plate11-A/Wisconsin/588/2019_H1N1,5921,1.116,1
seqneut25to26_sera_1046_d0,A/Wisconsin/67/2022_H1N1,plate11-A/Wisconsin/67/2022_H1N1,40,0.1317,0.1317
seqneut25to26_sera_1046_d0,A/Wisconsin/67/2022_H1N1,plate11-A/Wisconsin/67/2022_H1N1,92,0.6718,0.6718
seqneut25to26_sera_1046_d0,A/Wisconsin/67/2022_H1N1,plate11-A/Wisconsin/67/2022_H1N1,212,0.8231,0.8231
seqneut25to26_sera_1046_d0,A/Wisconsin/67/2022_H1N1,plate11-A/Wisconsin/67/2022_H1N1,487,0.853,0.853
seqneut25to26_sera_1046_d0,A/Wisconsin/67/2022_H1N1,plate11-A/Wisconsin/67/2022_H1N1,1119,0.9664,0.9664
seqneut25to26_sera_1046_d0,A/Wisconsin/67/2022_H1N1,plate11-A/Wisconsin/67/2022_H1N1,2575,0.9844,0.9844
seqneut25to26_sera_1046_d0,A/Wisconsin/67/2022_H1N1,plate11-A/Wisconsin/67/2022_H1N1,5921,1.15,1
seqneut25to26_sera_1046_d0,A/Zacapa/FLU-261/2025_H1N1,plate11-A/Zacapa/FLU-261/2025_H1N1,40,0.1831,0.1831
seqneut25to26_sera_1046_d0,A/Zacapa/FLU-261/2025_H1N1,plate11-A/Zacapa/FLU-261/2025_H1N1,92,0.7735,0.7735
seqneut25to26_sera_1046_d0,A/Zacapa/FLU-261/2025_H1N1,plate11-A/Zacapa/FLU-261/2025_H1N1,212,0.8622,0.8622
seqneut25to26_sera_1046_d0,A/Zacapa/FLU-261/2025_H1N1,plate11-A/Zacapa/FLU-261/2025_H1N1,487,1.026,1
seqneut25to26_sera_1046_d0,A/Zacapa/FLU-261/2025_H1N1,plate11-A/Zacapa/FLU-261/2025_H1N1,1119,1.2,1
seqneut25to26_sera_1046_d0,A/Zacapa/FLU-261/2025_H1N1,plate11-A/Zacapa/FLU-261/2025_H1N1,2575,1.09,1
seqneut25to26_sera_1046_d0,A/Zacapa/FLU-261/2025_H1N1,plate11-A/Zacapa/FLU-261/2025_H1N1,5921,1.193,1
seqneut25to26_sera_1046_d28,A/Alagoas/4130/2025_H3N2,plate11-A/Alagoas/4130/2025_H3N2,40,0.0266,0.0266
seqneut25to26_sera_1046_d28,A/Alagoas/4130/2025_H3N2,plate11-A/Alagoas/4130/2025_H3N2,92,0.1324,0.1324
seqneut25to26_sera_1046_d28,A/Alagoas/4130/2025_H3N2,plate11-A/Alagoas/4130/2025_H3N2,212,0.3124,0.3124
seqneut25to26_sera_1046_d28,A/Alagoas/4130/2025_H3N2,plate11-A/Alagoas/4130/2025_H3N2,487,0.4154,0.4154
seqneut25to26_sera_1046_d28,A/Alagoas/4130/2025_H3N2,plate11-A/Alagoas/4130/2025_H3N2,1119,0.7281,0.7281
seqneut25to26_sera_1046_d28,A/Alagoas/4130/2025_H3N2,plate11-A/Alagoas/4130/2025_H3N2,2575,0.6976,0.6976
seqneut25to26_sera_1046_d28,A/Alagoas/4130/2025_H3N2,plate11-A/Alagoas/4130/2025_H3N2,5921,1.023,1
seqneut25to26_sera_1046_d28,A/Alagoas/4130/2025_H3N2,plate11-A/Alagoas/4130/2025_H3N2,1.362e+04,1.095,1
seqneut25to26_sera_1046_d28,A/Anapolis/LEIAL6543/2025_H3N2,plate11-A/Anapolis/LEIAL6543/2025_H3N2,40,0.03805,0.03805
seqneut25to26_sera_1046_d28,A/Anapolis/LEIAL6543/2025_H3N2,plate11-A/Anapolis/LEIAL6543/2025_H3N2,92,0.05649,0.05649
seqneut25to26_sera_1046_d28,A/Anapolis/LEIAL6543/2025_H3N2,plate11-A/Anapolis/LEIAL6543/2025_H3N2,212,0.2298,0.2298
seqneut25to26_sera_1046_d28,A/Anapolis/LEIAL6543/2025_H3N2,plate11-A/Anapolis/LEIAL6543/2025_H3N2,487,0.4575,0.4575
seqneut25to26_sera_1046_d28,A/Anapolis/LEIAL6543/2025_H3N2,plate11-A/Anapolis/LEIAL6543/2025_H3N2,1119,0.7124,0.7124
seqneut25to26_sera_1046_d28,A/Anapolis/LEIAL6543/2025_H3N2,plate11-A/Anapolis/LEIAL6543/2025_H3N2,2575,0.7437,0.7437
seqneut25to26_sera_1046_d28,A/Anapolis/LEIAL6543/2025_H3N2,plate11-A/Anapolis/LEIAL6543/2025_H3N2,5921,1.05,1
seqneut25to26_sera_1046_d28,A/Anapolis/LEIAL6543/2025_H3N2,plate11-A/Anapolis/LEIAL6543/2025_H3N2,1.362e+04,1.096,1
seqneut25to26_sera_1046_d28,A/Andalucia/PMC-00977/2025_H1N1,plate11-A/Andalucia/PMC-00977/2025_H1N1,40,0.2279,0.2279
seqneut25to26_sera_1046_d28,A/Andalucia/PMC-00977/2025_H1N1,plate11-A/Andalucia/PMC-00977/2025_H1N1,92,0.4482,0.4482
seqneut25to26_sera_1046_d28,A/Andalucia/PMC-00977/2025_H1N1,plate11-A/Andalucia/PMC-00977/2025_H1N1,212,0.8379,0.8379
seqneut25to26_sera_1046_d28,A/Andalucia/PMC-00977/2025_H1N1,plate11-A/Andalucia/PMC-00977/2025_H1N1,487,0.9512,0.9512
seqneut25to26_sera_1046_d28,A/Andalucia/PMC-00977/2025_H1N1,plate11-A/Andalucia/PMC-00977/2025_H1N1,1119,1.181,1
seqneut25to26_sera_1046_d28,A/Andalucia/PMC-00977/2025_H1N1,plate11-A/Andalucia/PMC-00977/2025_H1N1,2575,0.9907,0.9907
seqneut25to26_sera_1046_d28,A/Andalucia/PMC-00977/2025_H1N1,plate11-A/Andalucia/PMC-00977/2025_H1N1,5921,1.193,1
seqneut25to26_sera_1046_d28,A/Andalucia/PMC-00977/2025_H1N1,plate11-A/Andalucia/PMC-00977/2025_H1N1,1.362e+04,1.125,1
seqneut25to26_sera_1046_d28,A/Aragon/2046/2025_H1N1,plate11-A/Aragon/2046/2025_H1N1,40,0.132,0.132
seqneut25to26_sera_1046_d28,A/Aragon/2046/2025_H1N1,plate11-A/Aragon/2046/2025_H1N1,92,0.3749,0.3749
seqneut25to26_sera_1046_d28,A/Aragon/2046/2025_H1N1,plate11-A/Aragon/2046/2025_H1N1,212,0.9233,0.9233
seqneut25to26_sera_1046_d28,A/Aragon/2046/2025_H1N1,plate11-A/Aragon/2046/2025_H1N1,487,0.8522,0.8522
seqneut25to26_sera_1046_d28,A/Aragon/2046/2025_H1N1,plate11-A/Aragon/2046/2025_H1N1,1119,1.169,1
seqneut25to26_sera_1046_d28,A/Aragon/2046/2025_H1N1,plate11-A/Aragon/2046/2025_H1N1,2575,1.15,1
seqneut25to26_sera_1046_d28,A/Aragon/2046/2025_H1N1,plate11-A/Aragon/2046/2025_H1N1,5921,1.354,1
seqneut25to26_sera_1046_d28,A/Aragon/2046/2025_H1N1,plate11-A/Aragon/2046/2025_H1N1,1.362e+04,1.084,1
seqneut25to26_sera_1046_d28,A/Arica/59150/2025_H3N2,plate11-A/Arica/59150/2025_H3N2,40,0.0636,0.0636
seqneut25to26_sera_1046_d28,A/Arica/59150/2025_H3N2,plate11-A/Arica/59150/2025_H3N2,92,0.09958,0.09958
seqneut25to26_sera_1046_d28,A/Arica/59150/2025_H3N2,plate11-A/Arica/59150/2025_H3N2,212,0.2243,0.2243
seqneut25to26_sera_1046_d28,A/Arica/59150/2025_H3N2,plate11-A/Arica/59150/2025_H3N2,487,0.5373,0.5373
seqneut25to26_sera_1046_d28,A/Arica/59150/2025_H3N2,plate11-A/Arica/59150/2025_H3N2,1119,0.7779,0.7779
seqneut25to26_sera_1046_d28,A/Arica/59150/2025_H3N2,plate11-A/Arica/59150/2025_H3N2,2575,0.7819,0.7819
seqneut25to26_sera_1046_d28,A/Arica/59150/2025_H3N2,plate11-A/Arica/59150/2025_H3N2,5921,0.9401,0.9401
seqneut25to26_sera_1046_d28,A/Arica/59150/2025_H3N2,plate11-A/Arica/59150/2025_H3N2,1.362e+04,1.239,1
seqneut25to26_sera_1046_d28,A/Bahia/3102/2025_H3N2,plate11-A/Bahia/3102/2025_H3N2,40,0.01782,0.01782
seqneut25to26_sera_1046_d28,A/Bahia/3102/2025_H3N2,plate11-A/Bahia/3102/2025_H3N2,92,0.08261,0.08261
seqneut25to26_sera_1046_d28,A/Bahia/3102/2025_H3N2,plate11-A/Bahia/3102/2025_H3N2,212,0.2519,0.2519
seqneut25to26_sera_1046_d28,A/Bahia/3102/2025_H3N2,plate11-A/Bahia/3102/2025_H3N2,487,0.4386,0.4386
seqneut25to26_sera_1046_d28,A/Bahia/3102/2025_H3N2,plate11-A/Bahia/3102/2025_H3N2,1119,0.6831,0.6831
seqneut25to26_sera_1046_d28,A/Bahia/3102/2025_H3N2,plate11-A/Bahia/3102/2025_H3N2,2575,0.9485,0.9485
seqneut25to26_sera_1046_d28,A/Bahia/3102/2025_H3N2,plate11-A/Bahia/3102/2025_H3N2,5921,0.8303,0.8303
seqneut25to26_sera_1046_d28,A/Bahia/3102/2025_H3N2,plate11-A/Bahia/3102/2025_H3N2,1.362e+04,1.002,1
seqneut25to26_sera_1046_d28,A/Bangkok/1803/2025_H1N1,plate11-A/Bangkok/1803/2025_H1N1,40,0.1636,0.1636
seqneut25to26_sera_1046_d28,A/Bangkok/1803/2025_H1N1,plate11-A/Bangkok/1803/2025_H1N1,92,0.4373,0.4373
seqneut25to26_sera_1046_d28,A/Bangkok/1803/2025_H1N1,plate11-A/Bangkok/1803/2025_H1N1,212,0.7147,0.7147
seqneut25to26_sera_1046_d28,A/Bangkok/1803/2025_H1N1,plate11-A/Bangkok/1803/2025_H1N1,487,0.9042,0.9042
seqneut25to26_sera_1046_d28,A/Bangkok/1803/2025_H1N1,plate11-A/Bangkok/1803/2025_H1N1,1119,1.165,1
seqneut25to26_sera_1046_d28,A/Bangkok/1803/2025_H1N1,plate11-A/Bangkok/1803/2025_H1N1,2575,1.077,1
seqneut25to26_sera_1046_d28,A/Bangkok/1803/2025_H1N1,plate11-A/Bangkok/1803/2025_H1N1,5921,1.221,1
seqneut25to26_sera_1046_d28,A/Bangkok/1803/2025_H1N1,plate11-A/Bangkok/1803/2025_H1N1,1.362e+04,1.18,1
seqneut25to26_sera_1046_d28,A/Bangkok/P2229/2025_H1N1,plate11-A/Bangkok/P2229/2025_H1N1,40,0.1287,0.1287
seqneut25to26_sera_1046_d28,A/Bangkok/P2229/2025_H1N1,plate11-A/Bangkok/P2229/2025_H1N1,92,0.4236,0.4236
seqneut25to26_sera_1046_d28,A/Bangkok/P2229/2025_H1N1,plate11-A/Bangkok/P2229/2025_H1N1,212,0.7393,0.7393
seqneut25to26_sera_1046_d28,A/Bangkok/P2229/2025_H1N1,plate11-A/Bangkok/P2229/2025_H1N1,487,1.063,1
seqneut25to26_sera_1046_d28,A/Bangkok/P2229/2025_H1N1,plate11-A/Bangkok/P2229/2025_H1N1,1119,1.228,1
seqneut25to26_sera_1046_d28,A/Bangkok/P2229/2025_H1N1,plate11-A/Bangkok/P2229/2025_H1N1,2575,1.279,1
seqneut25to26_sera_1046_d28,A/Bangkok/P2229/2025_H1N1,plate11-A/Bangkok/P2229/2025_H1N1,5921,1.18,1
seqneut25to26_sera_1046_d28,A/Bangkok/P2229/2025_H1N1,plate11-A/Bangkok/P2229/2025_H1N1,1.362e+04,1.319,1
seqneut25to26_sera_1046_d28,A/Bangkok/P2323/2025_H3N2,plate11-A/Bangkok/P2323/2025_H3N2,40,0.1507,0.1507
seqneut25to26_sera_1046_d28,A/Bangkok/P2323/2025_H3N2,plate11-A/Bangkok/P2323/2025_H3N2,92,0.4266,0.4266
seqneut25to26_sera_1046_d28,A/Bangkok/P2323/2025_H3N2,plate11-A/Bangkok/P2323/2025_H3N2,212,0.4134,0.4134
seqneut25to26_sera_1046_d28,A/Bangkok/P2323/2025_H3N2,plate11-A/Bangkok/P2323/2025_H3N2,487,0.6347,0.6347
seqneut25to26_sera_1046_d28,A/Bangkok/P2323/2025_H3N2,plate11-A/Bangkok/P2323/2025_H3N2,1119,0.8059,0.8059
seqneut25to26_sera_1046_d28,A/Bangkok/P2323/2025_H3N2,plate11-A/Bangkok/P2323/2025_H3N2,2575,0.8339,0.8339
seqneut25to26_sera_1046_d28,A/Bangkok/P2323/2025_H3N2,plate11-A/Bangkok/P2323/2025_H3N2,5921,0.9759,0.9759
seqneut25to26_sera_1046_d28,A/Bangkok/P2323/2025_H3N2,plate11-A/Bangkok/P2323/2025_H3N2,1.362e+04,1.287,1
seqneut25to26_sera_1046_d28,A/Bangkok/P2390/2025_H3N2,plate11-A/Bangkok/P2390/2025_H3N2,40,0.1961,0.1961
seqneut25to26_sera_1046_d28,A/Bangkok/P2390/2025_H3N2,plate11-A/Bangkok/P2390/2025_H3N2,92,0.3897,0.3897
seqneut25to26_sera_1046_d28,A/Bangkok/P2390/2025_H3N2,plate11-A/Bangkok/P2390/2025_H3N2,212,0.4807,0.4807
seqneut25to26_sera_1046_d28,A/Bangkok/P2390/2025_H3N2,plate11-A/Bangkok/P2390/2025_H3N2,487,0.6377,0.6377
seqneut25to26_sera_1046_d28,A/Bangkok/P2390/2025_H3N2,plate11-A/Bangkok/P2390/2025_H3N2,1119,0.7603,0.7603
seqneut25to26_sera_1046_d28,A/Bangkok/P2390/2025_H3N2,plate11-A/Bangkok/P2390/2025_H3N2,2575,0.7226,0.7226
seqneut25to26_sera_1046_d28,A/Bangkok/P2390/2025_H3N2,plate11-A/Bangkok/P2390/2025_H3N2,5921,1.049,1
seqneut25to26_sera_1046_d28,A/Bangkok/P2390/2025_H3N2,plate11-A/Bangkok/P2390/2025_H3N2,1.362e+04,1.125,1
seqneut25to26_sera_1046_d28,A/Bangkok/P2391/2025_H3N2,plate11-A/Bangkok/P2391/2025_H3N2,40,0.3421,0.3421
seqneut25to26_sera_1046_d28,A/Bangkok/P2391/2025_H3N2,plate11-A/Bangkok/P2391/2025_H3N2,92,0.4084,0.4084
seqneut25to26_sera_1046_d28,A/Bangkok/P2391/2025_H3N2,plate11-A/Bangkok/P2391/2025_H3N2,212,0.386,0.386
seqneut25to26_sera_1046_d28,A/Bangkok/P2391/2025_H3N2,plate11-A/Bangkok/P2391/2025_H3N2,487,0.5983,0.5983
seqneut25to26_sera_1046_d28,A/Bangkok/P2391/2025_H3N2,plate11-A/Bangkok/P2391/2025_H3N2,1119,0.6634,0.6634
seqneut25to26_sera_1046_d28,A/Bangkok/P2391/2025_H3N2,plate11-A/Bangkok/P2391/2025_H3N2,2575,1.02,1
seqneut25to26_sera_1046_d28,A/Bangkok/P2391/2025_H3N2,plate11-A/Bangkok/P2391/2025_H3N2,5921,1.124,1
seqneut25to26_sera_1046_d28,A/Bangkok/P2391/2025_H3N2,plate11-A/Bangkok/P2391/2025_H3N2,1.362e+04,0.8259,0.8259
seqneut25to26_sera_1046_d28,A/Bangkok/P2572/2025_H3N2,plate11-A/Bangkok/P2572/2025_H3N2,40,0.1557,0.1557
seqneut25to26_sera_1046_d28,A/Bangkok/P2572/2025_H3N2,plate11-A/Bangkok/P2572/2025_H3N2,92,0.341,0.341
seqneut25to26_sera_1046_d28,A/Bangkok/P2572/2025_H3N2,plate11-A/Bangkok/P2572/2025_H3N2,212,0.5325,0.5325
seqneut25to26_sera_1046_d28,A/Bangkok/P2572/2025_H3N2,plate11-A/Bangkok/P2572/2025_H3N2,487,0.7103,0.7103
seqneut25to26_sera_1046_d28,A/Bangkok/P2572/2025_H3N2,plate11-A/Bangkok/P2572/2025_H3N2,1119,0.8135,0.8135
seqneut25to26_sera_1046_d28,A/Bangkok/P2572/2025_H3N2,plate11-A/Bangkok/P2572/2025_H3N2,2575,0.8941,0.8941
seqneut25to26_sera_1046_d28,A/Bangkok/P2572/2025_H3N2,plate11-A/Bangkok/P2572/2025_H3N2,5921,0.9355,0.9355
seqneut25to26_sera_1046_d28,A/Bangkok/P2572/2025_H3N2,plate11-A/Bangkok/P2572/2025_H3N2,1.362e+04,1.023,1
seqneut25to26_sera_1046_d28,A/Bangkok/P2921/2025_H3N2,plate11-A/Bangkok/P2921/2025_H3N2,40,0.08026,0.08026
seqneut25to26_sera_1046_d28,A/Bangkok/P2921/2025_H3N2,plate11-A/Bangkok/P2921/2025_H3N2,92,0.2108,0.2108
seqneut25to26_sera_1046_d28,A/Bangkok/P2921/2025_H3N2,plate11-A/Bangkok/P2921/2025_H3N2,212,0.4037,0.4037
seqneut25to26_sera_1046_d28,A/Bangkok/P2921/2025_H3N2,plate11-A/Bangkok/P2921/2025_H3N2,487,0.6549,0.6549
seqneut25to26_sera_1046_d28,A/Bangkok/P2921/2025_H3N2,plate11-A/Bangkok/P2921/2025_H3N2,1119,0.9428,0.9428
seqneut25to26_sera_1046_d28,A/Bangkok/P2921/2025_H3N2,plate11-A/Bangkok/P2921/2025_H3N2,2575,0.9922,0.9922
seqneut25to26_sera_1046_d28,A/Bangkok/P2921/2025_H3N2,plate11-A/Bangkok/P2921/2025_H3N2,5921,1.035,1
seqneut25to26_sera_1046_d28,A/Bangkok/P2921/2025_H3N2,plate11-A/Bangkok/P2921/2025_H3N2,1.362e+04,1.118,1
seqneut25to26_sera_1046_d28,A/Bangkok/P3067/2025_H1N1,plate11-A/Bangkok/P3067/2025_H1N1,40,0.101,0.101
seqneut25to26_sera_1046_d28,A/Bangkok/P3067/2025_H1N1,plate11-A/Bangkok/P3067/2025_H1N1,92,0.3416,0.3416
seqneut25to26_sera_1046_d28,A/Bangkok/P3067/2025_H1N1,plate11-A/Bangkok/P3067/2025_H1N1,212,0.6373,0.6373
seqneut25to26_sera_1046_d28,A/Bangkok/P3067/2025_H1N1,plate11-A/Bangkok/P3067/2025_H1N1,487,1.016,1
seqneut25to26_sera_1046_d28,A/Bangkok/P3067/2025_H1N1,plate11-A/Bangkok/P3067/2025_H1N1,1119,1.104,1
seqneut25to26_sera_1046_d28,A/Bangkok/P3067/2025_H1N1,plate11-A/Bangkok/P3067/2025_H1N1,2575,1.131,1
seqneut25to26_sera_1046_d28,A/Bangkok/P3067/2025_H1N1,plate11-A/Bangkok/P3067/2025_H1N1,5921,1.118,1
seqneut25to26_sera_1046_d28,A/Bangkok/P3067/2025_H1N1,plate11-A/Bangkok/P3067/2025_H1N1,1.362e+04,1.219,1
seqneut25to26_sera_1046_d28,A/Bangkok/P3263/2025_H3N2,plate11-A/Bangkok/P3263/2025_H3N2,40,0.1685,0.1685
seqneut25to26_sera_1046_d28,A/Bangkok/P3263/2025_H3N2,plate11-A/Bangkok/P3263/2025_H3N2,92,0.3141,0.3141
seqneut25to26_sera_1046_d28,A/Bangkok/P3263/2025_H3N2,plate11-A/Bangkok/P3263/2025_H3N2,212,0.5121,0.5121
seqneut25to26_sera_1046_d28,A/Bangkok/P3263/2025_H3N2,plate11-A/Bangkok/P3263/2025_H3N2,487,0.5944,0.5944
seqneut25to26_sera_1046_d28,A/Bangkok/P3263/2025_H3N2,plate11-A/Bangkok/P3263/2025_H3N2,1119,0.8676,0.8676
seqneut25to26_sera_1046_d28,A/Bangkok/P3263/2025_H3N2,plate11-A/Bangkok/P3263/2025_H3N2,2575,0.7676,0.7676
seqneut25to26_sera_1046_d28,A/Bangkok/P3263/2025_H3N2,plate11-A/Bangkok/P3263/2025_H3N2,5921,1.06,1
seqneut25to26_sera_1046_d28,A/Bangkok/P3263/2025_H3N2,plate11-A/Bangkok/P3263/2025_H3N2,1.362e+04,1.077,1
seqneut25to26_sera_1046_d28,A/Belgium/H0097/2025_H3N2,plate11-A/Belgium/H0097/2025_H3N2,40,0.02609,0.02609
seqneut25to26_sera_1046_d28,A/Belgium/H0097/2025_H3N2,plate11-A/Belgium/H0097/2025_H3N2,92,0.1147,0.1147
seqneut25to26_sera_1046_d28,A/Belgium/H0097/2025_H3N2,plate11-A/Belgium/H0097/2025_H3N2,212,0.3864,0.3864
seqneut25to26_sera_1046_d28,A/Belgium/H0097/2025_H3N2,plate11-A/Belgium/H0097/2025_H3N2,487,0.642,0.642
seqneut25to26_sera_1046_d28,A/Belgium/H0097/2025_H3N2,plate11-A/Belgium/H0097/2025_H3N2,1119,0.7643,0.7643
seqneut25to26_sera_1046_d28,A/Belgium/H0097/2025_H3N2,plate11-A/Belgium/H0097/2025_H3N2,2575,0.8126,0.8126
seqneut25to26_sera_1046_d28,A/Belgium/H0097/2025_H3N2,plate11-A/Belgium/H0097/2025_H3N2,5921,1.042,1
seqneut25to26_sera_1046_d28,A/Belgium/H0097/2025_H3N2,plate11-A/Belgium/H0097/2025_H3N2,1.362e+04,1.157,1
seqneut25to26_sera_1046_d28,A/Bhutan/1267/2025_H3N2,plate11-A/Bhutan/1267/2025_H3N2,40,0.1559,0.1559
seqneut25to26_sera_1046_d28,A/Bhutan/1267/2025_H3N2,plate11-A/Bhutan/1267/2025_H3N2,92,0.327,0.327
seqneut25to26_sera_1046_d28,A/Bhutan/1267/2025_H3N2,plate11-A/Bhutan/1267/2025_H3N2,212,0.4263,0.4263
seqneut25to26_sera_1046_d28,A/Bhutan/1267/2025_H3N2,plate11-A/Bhutan/1267/2025_H3N2,487,0.5587,0.5587
seqneut25to26_sera_1046_d28,A/Bhutan/1267/2025_H3N2,plate11-A/Bhutan/1267/2025_H3N2,1119,0.8087,0.8087
seqneut25to26_sera_1046_d28,A/Bhutan/1267/2025_H3N2,plate11-A/Bhutan/1267/2025_H3N2,2575,0.9495,0.9495
seqneut25to26_sera_1046_d28,A/Bhutan/1267/2025_H3N2,plate11-A/Bhutan/1267/2025_H3N2,5921,0.8893,0.8893
seqneut25to26_sera_1046_d28,A/Bhutan/1267/2025_H3N2,plate11-A/Bhutan/1267/2025_H3N2,1.362e+04,0.7746,0.7746
seqneut25to26_sera_1046_d28,A/Bhutan/7/2025_H3N2,plate11-A/Bhutan/7/2025_H3N2,40,0.1143,0.1143
seqneut25to26_sera_1046_d28,A/Bhutan/7/2025_H3N2,plate11-A/Bhutan/7/2025_H3N2,92,0.285,0.285
seqneut25to26_sera_1046_d28,A/Bhutan/7/2025_H3N2,plate11-A/Bhutan/7/2025_H3N2,212,0.6122,0.6122
seqneut25to26_sera_1046_d28,A/Bhutan/7/2025_H3N2,plate11-A/Bhutan/7/2025_H3N2,487,0.5439,0.5439
seqneut25to26_sera_1046_d28,A/Bhutan/7/2025_H3N2,plate11-A/Bhutan/7/2025_H3N2,1119,1.188,1
seqneut25to26_sera_1046_d28,A/Bhutan/7/2025_H3N2,plate11-A/Bhutan/7/2025_H3N2,2575,1.056,1
seqneut25to26_sera_1046_d28,A/Bhutan/7/2025_H3N2,plate11-A/Bhutan/7/2025_H3N2,5921,1.164,1
seqneut25to26_sera_1046_d28,A/Bhutan/7/2025_H3N2,plate11-A/Bhutan/7/2025_H3N2,1.362e+04,1.314,1
seqneut25to26_sera_1046_d28,A/BritishColumbia/PHL-2473/2025_H1N1,plate11-A/BritishColumbia/PHL-2473/2025_H1N1,40,0.109,0.109
seqneut25to26_sera_1046_d28,A/BritishColumbia/PHL-2473/2025_H1N1,plate11-A/BritishColumbia/PHL-2473/2025_H1N1,92,0.4731,0.4731
seqneut25to26_sera_1046_d28,A/BritishColumbia/PHL-2473/2025_H1N1,plate11-A/BritishColumbia/PHL-2473/2025_H1N1,212,0.649,0.649
seqneut25to26_sera_1046_d28,A/BritishColumbia/PHL-2473/2025_H1N1,plate11-A/BritishColumbia/PHL-2473/2025_H1N1,487,0.9156,0.9156
seqneut25to26_sera_1046_d28,A/BritishColumbia/PHL-2473/2025_H1N1,plate11-A/BritishColumbia/PHL-2473/2025_H1N1,1119,1.035,1
seqneut25to26_sera_1046_d28,A/BritishColumbia/PHL-2473/2025_H1N1,plate11-A/BritishColumbia/PHL-2473/2025_H1N1,2575,1.051,1
seqneut25to26_sera_1046_d28,A/BritishColumbia/PHL-2473/2025_H1N1,plate11-A/BritishColumbia/PHL-2473/2025_H1N1,5921,1.121,1
seqneut25to26_sera_1046_d28,A/BritishColumbia/PHL-2473/2025_H1N1,plate11-A/BritishColumbia/PHL-2473/2025_H1N1,1.362e+04,1.236,1
seqneut25to26_sera_1046_d28,A/California/61/2025_H3N2,plate11-A/California/61/2025_H3N2,40,0.1358,0.1358
seqneut25to26_sera_1046_d28,A/California/61/2025_H3N2,plate11-A/California/61/2025_H3N2,92,0.3358,0.3358
seqneut25to26_sera_1046_d28,A/California/61/2025_H3N2,plate11-A/California/61/2025_H3N2,212,0.4194,0.4194
seqneut25to26_sera_1046_d28,A/California/61/2025_H3N2,plate11-A/California/61/2025_H3N2,487,0.8913,0.8913
seqneut25to26_sera_1046_d28,A/California/61/2025_H3N2,plate11-A/California/61/2025_H3N2,1119,0.7546,0.7546
seqneut25to26_sera_1046_d28,A/California/61/2025_H3N2,plate11-A/California/61/2025_H3N2,2575,0.8455,0.8455
seqneut25to26_sera_1046_d28,A/California/61/2025_H3N2,plate11-A/California/61/2025_H3N2,5921,1.294,1
seqneut25to26_sera_1046_d28,A/California/61/2025_H3N2,plate11-A/California/61/2025_H3N2,1.362e+04,0.9447,0.9447
seqneut25to26_sera_1046_d28,A/California/63/2025_H1N1,plate11-A/California/63/2025_H1N1,40,0.2264,0.2264
seqneut25to26_sera_1046_d28,A/California/63/2025_H1N1,plate11-A/California/63/2025_H1N1,92,0.3436,0.3436
seqneut25to26_sera_1046_d28,A/California/63/2025_H1N1,plate11-A/California/63/2025_H1N1,212,0.6686,0.6686
seqneut25to26_sera_1046_d28,A/California/63/2025_H1N1,plate11-A/California/63/2025_H1N1,487,0.8235,0.8235
seqneut25to26_sera_1046_d28,A/California/63/2025_H1N1,plate11-A/California/63/2025_H1N1,1119,1.101,1
seqneut25to26_sera_1046_d28,A/California/63/2025_H1N1,plate11-A/California/63/2025_H1N1,2575,1.076,1
seqneut25to26_sera_1046_d28,A/California/63/2025_H1N1,plate11-A/California/63/2025_H1N1,5921,1.096,1
seqneut25to26_sera_1046_d28,A/California/63/2025_H1N1,plate11-A/California/63/2025_H1N1,1.362e+04,1.345,1
seqneut25to26_sera_1046_d28,A/Canberra/465/2025_H1N1,plate11-A/Canberra/465/2025_H1N1,40,0.1119,0.1119
seqneut25to26_sera_1046_d28,A/Canberra/465/2025_H1N1,plate11-A/Canberra/465/2025_H1N1,92,0.3145,0.3145
seqneut25to26_sera_1046_d28,A/Canberra/465/2025_H1N1,plate11-A/Canberra/465/2025_H1N1,212,0.6039,0.6039
seqneut25to26_sera_1046_d28,A/Canberra/465/2025_H1N1,plate11-A/Canberra/465/2025_H1N1,487,0.7783,0.7783
seqneut25to26_sera_1046_d28,A/Canberra/465/2025_H1N1,plate11-A/Canberra/465/2025_H1N1,1119,1.187,1
seqneut25to26_sera_1046_d28,A/Canberra/465/2025_H1N1,plate11-A/Canberra/465/2025_H1N1,2575,1.151,1
seqneut25to26_sera_1046_d28,A/Canberra/465/2025_H1N1,plate11-A/Canberra/465/2025_H1N1,5921,1.217,1
seqneut25to26_sera_1046_d28,A/Canberra/465/2025_H1N1,plate11-A/Canberra/465/2025_H1N1,1.362e+04,1.178,1
seqneut25to26_sera_1046_d28,A/Canberra/530/2025_H1N1,plate11-A/Canberra/530/2025_H1N1,40,0.181,0.181
seqneut25to26_sera_1046_d28,A/Canberra/530/2025_H1N1,plate11-A/Canberra/530/2025_H1N1,92,0.3921,0.3921
seqneut25to26_sera_1046_d28,A/Canberra/530/2025_H1N1,plate11-A/Canberra/530/2025_H1N1,212,0.6838,0.6838
seqneut25to26_sera_1046_d28,A/Canberra/530/2025_H1N1,plate11-A/Canberra/530/2025_H1N1,487,0.8588,0.8588
seqneut25to26_sera_1046_d28,A/Canberra/530/2025_H1N1,plate11-A/Canberra/530/2025_H1N1,1119,1.226,1
seqneut25to26_sera_1046_d28,A/Canberra/530/2025_H1N1,plate11-A/Canberra/530/2025_H1N1,2575,0.9842,0.9842
seqneut25to26_sera_1046_d28,A/Canberra/530/2025_H1N1,plate11-A/Canberra/530/2025_H1N1,5921,1.246,1
seqneut25to26_sera_1046_d28,A/Canberra/530/2025_H1N1,plate11-A/Canberra/530/2025_H1N1,1.362e+04,1.186,1
seqneut25to26_sera_1046_d28,A/Catalonia/NSVH102689455/2025_H1N1,plate11-A/Catalonia/NSVH102689455/2025_H1N1,40,0.1041,0.1041
seqneut25to26_sera_1046_d28,A/Catalonia/NSVH102689455/2025_H1N1,plate11-A/Catalonia/NSVH102689455/2025_H1N1,92,0.347,0.347
seqneut25to26_sera_1046_d28,A/Catalonia/NSVH102689455/2025_H1N1,plate11-A/Catalonia/NSVH102689455/2025_H1N1,212,0.6393,0.6393
seqneut25to26_sera_1046_d28,A/Catalonia/NSVH102689455/2025_H1N1,plate11-A/Catalonia/NSVH102689455/2025_H1N1,487,0.9107,0.9107
seqneut25to26_sera_1046_d28,A/Catalonia/NSVH102689455/2025_H1N1,plate11-A/Catalonia/NSVH102689455/2025_H1N1,1119,1.176,1
seqneut25to26_sera_1046_d28,A/Catalonia/NSVH102689455/2025_H1N1,plate11-A/Catalonia/NSVH102689455/2025_H1N1,2575,1.111,1
seqneut25to26_sera_1046_d28,A/Catalonia/NSVH102689455/2025_H1N1,plate11-A/Catalonia/NSVH102689455/2025_H1N1,5921,1.22,1
seqneut25to26_sera_1046_d28,A/Catalonia/NSVH102689455/2025_H1N1,plate11-A/Catalonia/NSVH102689455/2025_H1N1,1.362e+04,1.392,1
seqneut25to26_sera_1046_d28,A/Colorado/105/2025_H1N1,plate11-A/Colorado/105/2025_H1N1,40,0.1581,0.1581
seqneut25to26_sera_1046_d28,A/Colorado/105/2025_H1N1,plate11-A/Colorado/105/2025_H1N1,92,0.5037,0.5037
seqneut25to26_sera_1046_d28,A/Colorado/105/2025_H1N1,plate11-A/Colorado/105/2025_H1N1,212,0.6648,0.6648
seqneut25to26_sera_1046_d28,A/Colorado/105/2025_H1N1,plate11-A/Colorado/105/2025_H1N1,487,0.9959,0.9959
seqneut25to26_sera_1046_d28,A/Colorado/105/2025_H1N1,plate11-A/Colorado/105/2025_H1N1,1119,1.163,1
seqneut25to26_sera_1046_d28,A/Colorado/105/2025_H1N1,plate11-A/Colorado/105/2025_H1N1,2575,1.024,1
seqneut25to26_sera_1046_d28,A/Colorado/105/2025_H1N1,plate11-A/Colorado/105/2025_H1N1,5921,1.421,1
seqneut25to26_sera_1046_d28,A/Colorado/105/2025_H1N1,plate11-A/Colorado/105/2025_H1N1,1.362e+04,1.133,1
seqneut25to26_sera_1046_d28,A/CoteDIvoire/2007/2025_H1N1,plate11-A/CoteDIvoire/2007/2025_H1N1,40,0.1303,0.1303
seqneut25to26_sera_1046_d28,A/CoteDIvoire/2007/2025_H1N1,plate11-A/CoteDIvoire/2007/2025_H1N1,92,0.4671,0.4671
seqneut25to26_sera_1046_d28,A/CoteDIvoire/2007/2025_H1N1,plate11-A/CoteDIvoire/2007/2025_H1N1,212,0.5893,0.5893
seqneut25to26_sera_1046_d28,A/CoteDIvoire/2007/2025_H1N1,plate11-A/CoteDIvoire/2007/2025_H1N1,487,0.8038,0.8038
seqneut25to26_sera_1046_d28,A/CoteDIvoire/2007/2025_H1N1,plate11-A/CoteDIvoire/2007/2025_H1N1,1119,1.134,1
seqneut25to26_sera_1046_d28,A/CoteDIvoire/2007/2025_H1N1,plate11-A/CoteDIvoire/2007/2025_H1N1,2575,1.008,1
seqneut25to26_sera_1046_d28,A/CoteDIvoire/2007/2025_H1N1,plate11-A/CoteDIvoire/2007/2025_H1N1,5921,1.213,1
seqneut25to26_sera_1046_d28,A/CoteDIvoire/2007/2025_H1N1,plate11-A/CoteDIvoire/2007/2025_H1N1,1.362e+04,1.12,1
seqneut25to26_sera_1046_d28,A/Croatia/10136RV/2023-egg_H3N2,plate11-A/Croatia/10136RV/2023-egg_H3N2,40,0.01554,0.01554
seqneut25to26_sera_1046_d28,A/Croatia/10136RV/2023-egg_H3N2,plate11-A/Croatia/10136RV/2023-egg_H3N2,92,0.02441,0.02441
seqneut25to26_sera_1046_d28,A/Croatia/10136RV/2023-egg_H3N2,plate11-A/Croatia/10136RV/2023-egg_H3N2,212,0.04745,0.04745
seqneut25to26_sera_1046_d28,A/Croatia/10136RV/2023-egg_H3N2,plate11-A/Croatia/10136RV/2023-egg_H3N2,487,0.09892,0.09892
seqneut25to26_sera_1046_d28,A/Croatia/10136RV/2023-egg_H3N2,plate11-A/Croatia/10136RV/2023-egg_H3N2,1119,0.5253,0.5253
seqneut25to26_sera_1046_d28,A/Croatia/10136RV/2023-egg_H3N2,plate11-A/Croatia/10136RV/2023-egg_H3N2,2575,0.6731,0.6731
seqneut25to26_sera_1046_d28,A/Croatia/10136RV/2023-egg_H3N2,plate11-A/Croatia/10136RV/2023-egg_H3N2,5921,0.5431,0.5431
seqneut25to26_sera_1046_d28,A/Croatia/10136RV/2023-egg_H3N2,plate11-A/Croatia/10136RV/2023-egg_H3N2,1.362e+04,0.6521,0.6521
seqneut25to26_sera_1046_d28,A/Darwin/1405/2025_H1N1,plate11-A/Darwin/1405/2025_H1N1,40,0.1007,0.1007
seqneut25to26_sera_1046_d28,A/Darwin/1405/2025_H1N1,plate11-A/Darwin/1405/2025_H1N1,92,0.3443,0.3443
seqneut25to26_sera_1046_d28,A/Darwin/1405/2025_H1N1,plate11-A/Darwin/1405/2025_H1N1,212,0.6428,0.6428
seqneut25to26_sera_1046_d28,A/Darwin/1405/2025_H1N1,plate11-A/Darwin/1405/2025_H1N1,487,0.9049,0.9049
seqneut25to26_sera_1046_d28,A/Darwin/1405/2025_H1N1,plate11-A/Darwin/1405/2025_H1N1,1119,1.104,1
seqneut25to26_sera_1046_d28,A/Darwin/1405/2025_H1N1,plate11-A/Darwin/1405/2025_H1N1,2575,1.049,1
seqneut25to26_sera_1046_d28,A/Darwin/1405/2025_H1N1,plate11-A/Darwin/1405/2025_H1N1,5921,1.414,1
seqneut25to26_sera_1046_d28,A/Darwin/1405/2025_H1N1,plate11-A/Darwin/1405/2025_H1N1,1.362e+04,1.36,1
seqneut25to26_sera_1046_d28,A/Darwin/1461/2025_H3N2,plate11-A/Darwin/1461/2025_H3N2,40,0.04678,0.04678
seqneut25to26_sera_1046_d28,A/Darwin/1461/2025_H3N2,plate11-A/Darwin/1461/2025_H3N2,92,0.1733,0.1733
seqneut25to26_sera_1046_d28,A/Darwin/1461/2025_H3N2,plate11-A/Darwin/1461/2025_H3N2,212,0.4186,0.4186
seqneut25to26_sera_1046_d28,A/Darwin/1461/2025_H3N2,plate11-A/Darwin/1461/2025_H3N2,487,0.4811,0.4811
seqneut25to26_sera_1046_d28,A/Darwin/1461/2025_H3N2,plate11-A/Darwin/1461/2025_H3N2,1119,0.5832,0.5832
seqneut25to26_sera_1046_d28,A/Darwin/1461/2025_H3N2,plate11-A/Darwin/1461/2025_H3N2,2575,0.6537,0.6537
seqneut25to26_sera_1046_d28,A/Darwin/1461/2025_H3N2,plate11-A/Darwin/1461/2025_H3N2,5921,1.141,1
seqneut25to26_sera_1046_d28,A/Darwin/1461/2025_H3N2,plate11-A/Darwin/1461/2025_H3N2,1.362e+04,0.9665,0.9665
seqneut25to26_sera_1046_d28,A/Denmark/3070/2025_H1N1,plate11-A/Denmark/3070/2025_H1N1,40,0.1286,0.1286
seqneut25to26_sera_1046_d28,A/Denmark/3070/2025_H1N1,plate11-A/Denmark/3070/2025_H1N1,92,0.4272,0.4272
seqneut25to26_sera_1046_d28,A/Denmark/3070/2025_H1N1,plate11-A/Denmark/3070/2025_H1N1,212,0.6726,0.6726
seqneut25to26_sera_1046_d28,A/Denmark/3070/2025_H1N1,plate11-A/Denmark/3070/2025_H1N1,487,0.9614,0.9614
seqneut25to26_sera_1046_d28,A/Denmark/3070/2025_H1N1,plate11-A/Denmark/3070/2025_H1N1,1119,1.136,1
seqneut25to26_sera_1046_d28,A/Denmark/3070/2025_H1N1,plate11-A/Denmark/3070/2025_H1N1,2575,1.051,1
seqneut25to26_sera_1046_d28,A/Denmark/3070/2025_H1N1,plate11-A/Denmark/3070/2025_H1N1,5921,1.256,1
seqneut25to26_sera_1046_d28,A/Denmark/3070/2025_H1N1,plate11-A/Denmark/3070/2025_H1N1,1.362e+04,1.24,1
seqneut25to26_sera_1046_d28,A/DistrictOfColumbia/27/2023_H3N2,plate11-A/DistrictOfColumbia/27/2023_H3N2,40,0.05005,0.05005
seqneut25to26_sera_1046_d28,A/DistrictOfColumbia/27/2023_H3N2,plate11-A/DistrictOfColumbia/27/2023_H3N2,92,0.4789,0.4789
seqneut25to26_sera_1046_d28,A/DistrictOfColumbia/27/2023_H3N2,plate11-A/DistrictOfColumbia/27/2023_H3N2,212,0.3007,0.3007
seqneut25to26_sera_1046_d28,A/DistrictOfColumbia/27/2023_H3N2,plate11-A/DistrictOfColumbia/27/2023_H3N2,487,0.3775,0.3775
seqneut25to26_sera_1046_d28,A/DistrictOfColumbia/27/2023_H3N2,plate11-A/DistrictOfColumbia/27/2023_H3N2,1119,0.6704,0.6704
seqneut25to26_sera_1046_d28,A/DistrictOfColumbia/27/2023_H3N2,plate11-A/DistrictOfColumbia/27/2023_H3N2,2575,0.871,0.871
seqneut25to26_sera_1046_d28,A/DistrictOfColumbia/27/2023_H3N2,plate11-A/DistrictOfColumbia/27/2023_H3N2,5921,0.8374,0.8374
seqneut25to26_sera_1046_d28,A/DistrictOfColumbia/27/2023_H3N2,plate11-A/DistrictOfColumbia/27/2023_H3N2,1.362e+04,0.9162,0.9162
seqneut25to26_sera_1046_d28,A/DistrictOfColumbia/57/2025_H3N2,plate11-A/DistrictOfColumbia/57/2025_H3N2,40,0.2018,0.2018
seqneut25to26_sera_1046_d28,A/DistrictOfColumbia/57/2025_H3N2,plate11-A/DistrictOfColumbia/57/2025_H3N2,92,0.3169,0.3169
seqneut25to26_sera_1046_d28,A/DistrictOfColumbia/57/2025_H3N2,plate11-A/DistrictOfColumbia/57/2025_H3N2,212,0.5686,0.5686
seqneut25to26_sera_1046_d28,A/DistrictOfColumbia/57/2025_H3N2,plate11-A/DistrictOfColumbia/57/2025_H3N2,487,0.5472,0.5472
seqneut25to26_sera_1046_d28,A/DistrictOfColumbia/57/2025_H3N2,plate11-A/DistrictOfColumbia/57/2025_H3N2,1119,0.7255,0.7255
seqneut25to26_sera_1046_d28,A/DistrictOfColumbia/57/2025_H3N2,plate11-A/DistrictOfColumbia/57/2025_H3N2,2575,0.7852,0.7852
seqneut25to26_sera_1046_d28,A/DistrictOfColumbia/57/2025_H3N2,plate11-A/DistrictOfColumbia/57/2025_H3N2,5921,0.8974,0.8974
seqneut25to26_sera_1046_d28,A/DistrictOfColumbia/57/2025_H3N2,plate11-A/DistrictOfColumbia/57/2025_H3N2,1.362e+04,1.091,1
seqneut25to26_sera_1046_d28,A/DistritoFederal/250106000728/2025_H3N2,plate11-A/DistritoFederal/250106000728/2025_H3N2,40,0.04305,0.04305
seqneut25to26_sera_1046_d28,A/DistritoFederal/250106000728/2025_H3N2,plate11-A/DistritoFederal/250106000728/2025_H3N2,92,0.3246,0.3246
seqneut25to26_sera_1046_d28,A/DistritoFederal/250106000728/2025_H3N2,plate11-A/DistritoFederal/250106000728/2025_H3N2,212,0.3825,0.3825
seqneut25to26_sera_1046_d28,A/DistritoFederal/250106000728/2025_H3N2,plate11-A/DistritoFederal/250106000728/2025_H3N2,487,0.5604,0.5604
seqneut25to26_sera_1046_d28,A/DistritoFederal/250106000728/2025_H3N2,plate11-A/DistritoFederal/250106000728/2025_H3N2,1119,0.6829,0.6829
seqneut25to26_sera_1046_d28,A/DistritoFederal/250106000728/2025_H3N2,plate11-A/DistritoFederal/250106000728/2025_H3N2,2575,0.6679,0.6679
seqneut25to26_sera_1046_d28,A/DistritoFederal/250106000728/2025_H3N2,plate11-A/DistritoFederal/250106000728/2025_H3N2,5921,1.085,1
seqneut25to26_sera_1046_d28,A/DistritoFederal/250106000728/2025_H3N2,plate11-A/DistritoFederal/250106000728/2025_H3N2,1.362e+04,0.9906,0.9906
seqneut25to26_sera_1046_d28,A/DistritoFederal/2578578201/2025_H3N2,plate11-A/DistritoFederal/2578578201/2025_H3N2,40,0.02605,0.02605
seqneut25to26_sera_1046_d28,A/DistritoFederal/2578578201/2025_H3N2,plate11-A/DistritoFederal/2578578201/2025_H3N2,92,0.1033,0.1033
seqneut25to26_sera_1046_d28,A/DistritoFederal/2578578201/2025_H3N2,plate11-A/DistritoFederal/2578578201/2025_H3N2,212,0.2491,0.2491
seqneut25to26_sera_1046_d28,A/DistritoFederal/2578578201/2025_H3N2,plate11-A/DistritoFederal/2578578201/2025_H3N2,487,0.509,0.509
seqneut25to26_sera_1046_d28,A/DistritoFederal/2578578201/2025_H3N2,plate11-A/DistritoFederal/2578578201/2025_H3N2,1119,0.7902,0.7902
seqneut25to26_sera_1046_d28,A/DistritoFederal/2578578201/2025_H3N2,plate11-A/DistritoFederal/2578578201/2025_H3N2,2575,0.8794,0.8794
seqneut25to26_sera_1046_d28,A/DistritoFederal/2578578201/2025_H3N2,plate11-A/DistritoFederal/2578578201/2025_H3N2,5921,0.9042,0.9042
seqneut25to26_sera_1046_d28,A/DistritoFederal/2578578201/2025_H3N2,plate11-A/DistritoFederal/2578578201/2025_H3N2,1.362e+04,1.256,1
seqneut25to26_sera_1046_d28,A/England/174/2025_H3N2,plate11-A/England/174/2025_H3N2,40,0.001926,0.001926
seqneut25to26_sera_1046_d28,A/England/174/2025_H3N2,plate11-A/England/174/2025_H3N2,92,0.09515,0.09515
seqneut25to26_sera_1046_d28,A/England/174/2025_H3N2,plate11-A/England/174/2025_H3N2,212,0.1262,0.1262
seqneut25to26_sera_1046_d28,A/England/174/2025_H3N2,plate11-A/England/174/2025_H3N2,487,0.6847,0.6847
seqneut25to26_sera_1046_d28,A/England/174/2025_H3N2,plate11-A/England/174/2025_H3N2,1119,0.5935,0.5935
seqneut25to26_sera_1046_d28,A/England/174/2025_H3N2,plate11-A/England/174/2025_H3N2,2575,0.9826,0.9826
seqneut25to26_sera_1046_d28,A/England/174/2025_H3N2,plate11-A/England/174/2025_H3N2,5921,1.109,1
seqneut25to26_sera_1046_d28,A/England/174/2025_H3N2,plate11-A/England/174/2025_H3N2,1.362e+04,1.048,1
seqneut25to26_sera_1046_d28,A/England/1822256/2025_H1N1,plate11-A/England/1822256/2025_H1N1,40,0.1125,0.1125
seqneut25to26_sera_1046_d28,A/England/1822256/2025_H1N1,plate11-A/England/1822256/2025_H1N1,92,0.3644,0.3644
seqneut25to26_sera_1046_d28,A/England/1822256/2025_H1N1,plate11-A/England/1822256/2025_H1N1,212,0.6521,0.6521
seqneut25to26_sera_1046_d28,A/England/1822256/2025_H1N1,plate11-A/England/1822256/2025_H1N1,487,0.9121,0.9121
seqneut25to26_sera_1046_d28,A/England/1822256/2025_H1N1,plate11-A/England/1822256/2025_H1N1,1119,1.308,1
seqneut25to26_sera_1046_d28,A/England/1822256/2025_H1N1,plate11-A/England/1822256/2025_H1N1,2575,1.103,1
seqneut25to26_sera_1046_d28,A/England/1822256/2025_H1N1,plate11-A/England/1822256/2025_H1N1,5921,1.213,1
seqneut25to26_sera_1046_d28,A/England/1822256/2025_H1N1,plate11-A/England/1822256/2025_H1N1,1.362e+04,1.135,1
seqneut25to26_sera_1046_d28,A/England/1837734/2025_H3N2,plate11-A/England/1837734/2025_H3N2,40,0.1511,0.1511
seqneut25to26_sera_1046_d28,A/England/1837734/2025_H3N2,plate11-A/England/1837734/2025_H3N2,92,0.3436,0.3436
seqneut25to26_sera_1046_d28,A/England/1837734/2025_H3N2,plate11-A/England/1837734/2025_H3N2,212,0.5595,0.5595
seqneut25to26_sera_1046_d28,A/England/1837734/2025_H3N2,plate11-A/England/1837734/2025_H3N2,487,0.6574,0.6574
seqneut25to26_sera_1046_d28,A/England/1837734/2025_H3N2,plate11-A/England/1837734/2025_H3N2,1119,1.027,1
seqneut25to26_sera_1046_d28,A/England/1837734/2025_H3N2,plate11-A/England/1837734/2025_H3N2,2575,0.8686,0.8686
seqneut25to26_sera_1046_d28,A/England/1837734/2025_H3N2,plate11-A/England/1837734/2025_H3N2,5921,1.132,1
seqneut25to26_sera_1046_d28,A/England/1837734/2025_H3N2,plate11-A/England/1837734/2025_H3N2,1.362e+04,1.039,1
seqneut25to26_sera_1046_d28,A/England/1837737/2025_H3N2,plate11-A/England/1837737/2025_H3N2,40,0.2232,0.2232
seqneut25to26_sera_1046_d28,A/England/1837737/2025_H3N2,plate11-A/England/1837737/2025_H3N2,92,0.6105,0.6105
seqneut25to26_sera_1046_d28,A/England/1837737/2025_H3N2,plate11-A/England/1837737/2025_H3N2,212,0.4179,0.4179
seqneut25to26_sera_1046_d28,A/England/1837737/2025_H3N2,plate11-A/England/1837737/2025_H3N2,487,0.5586,0.5586
seqneut25to26_sera_1046_d28,A/England/1837737/2025_H3N2,plate11-A/England/1837737/2025_H3N2,1119,0.9341,0.9341
seqneut25to26_sera_1046_d28,A/England/1837737/2025_H3N2,plate11-A/England/1837737/2025_H3N2,2575,0.7765,0.7765
seqneut25to26_sera_1046_d28,A/England/1837737/2025_H3N2,plate11-A/England/1837737/2025_H3N2,5921,1.341,1
seqneut25to26_sera_1046_d28,A/England/1837737/2025_H3N2,plate11-A/England/1837737/2025_H3N2,1.362e+04,1.097,1
seqneut25to26_sera_1046_d28,A/France/ARA-HCL025155099501/2025_H1N1,plate11-A/France/ARA-HCL025155099501/2025_H1N1,40,0.1413,0.1413
seqneut25to26_sera_1046_d28,A/France/ARA-HCL025155099501/2025_H1N1,plate11-A/France/ARA-HCL025155099501/2025_H1N1,92,0.4069,0.4069
seqneut25to26_sera_1046_d28,A/France/ARA-HCL025155099501/2025_H1N1,plate11-A/France/ARA-HCL025155099501/2025_H1N1,212,0.6657,0.6657
seqneut25to26_sera_1046_d28,A/France/ARA-HCL025155099501/2025_H1N1,plate11-A/France/ARA-HCL025155099501/2025_H1N1,487,0.9519,0.9519
seqneut25to26_sera_1046_d28,A/France/ARA-HCL025155099501/2025_H1N1,plate11-A/France/ARA-HCL025155099501/2025_H1N1,1119,1.017,1
seqneut25to26_sera_1046_d28,A/France/ARA-HCL025155099501/2025_H1N1,plate11-A/France/ARA-HCL025155099501/2025_H1N1,2575,1.066,1
seqneut25to26_sera_1046_d28,A/France/ARA-HCL025155099501/2025_H1N1,plate11-A/France/ARA-HCL025155099501/2025_H1N1,5921,1.331,1
seqneut25to26_sera_1046_d28,A/France/ARA-HCL025155099501/2025_H1N1,plate11-A/France/ARA-HCL025155099501/2025_H1N1,1.362e+04,1.347,1
seqneut25to26_sera_1046_d28,A/Galicia/GA-CHUAC-451/2025_H3N2,plate11-A/Galicia/GA-CHUAC-451/2025_H3N2,40,0.0187,0.0187
seqneut25to26_sera_1046_d28,A/Galicia/GA-CHUAC-451/2025_H3N2,plate11-A/Galicia/GA-CHUAC-451/2025_H3N2,92,0.2333,0.2333
seqneut25to26_sera_1046_d28,A/Galicia/GA-CHUAC-451/2025_H3N2,plate11-A/Galicia/GA-CHUAC-451/2025_H3N2,212,0.2919,0.2919
seqneut25to26_sera_1046_d28,A/Galicia/GA-CHUAC-451/2025_H3N2,plate11-A/Galicia/GA-CHUAC-451/2025_H3N2,487,0.5068,0.5068
seqneut25to26_sera_1046_d28,A/Galicia/GA-CHUAC-451/2025_H3N2,plate11-A/Galicia/GA-CHUAC-451/2025_H3N2,1119,0.718,0.718
seqneut25to26_sera_1046_d28,A/Galicia/GA-CHUAC-451/2025_H3N2,plate11-A/Galicia/GA-CHUAC-451/2025_H3N2,2575,0.7366,0.7366
seqneut25to26_sera_1046_d28,A/Galicia/GA-CHUAC-451/2025_H3N2,plate11-A/Galicia/GA-CHUAC-451/2025_H3N2,5921,0.8454,0.8454
seqneut25to26_sera_1046_d28,A/Galicia/GA-CHUAC-451/2025_H3N2,plate11-A/Galicia/GA-CHUAC-451/2025_H3N2,1.362e+04,1.045,1
seqneut25to26_sera_1046_d28,A/Ghana/ARI-25-1125/2025_H1N1,plate11-A/Ghana/ARI-25-1125/2025_H1N1,40,0.09776,0.09776
seqneut25to26_sera_1046_d28,A/Ghana/ARI-25-1125/2025_H1N1,plate11-A/Ghana/ARI-25-1125/2025_H1N1,92,0.3291,0.3291
seqneut25to26_sera_1046_d28,A/Ghana/ARI-25-1125/2025_H1N1,plate11-A/Ghana/ARI-25-1125/2025_H1N1,212,0.5775,0.5775
seqneut25to26_sera_1046_d28,A/Ghana/ARI-25-1125/2025_H1N1,plate11-A/Ghana/ARI-25-1125/2025_H1N1,487,0.8006,0.8006
seqneut25to26_sera_1046_d28,A/Ghana/ARI-25-1125/2025_H1N1,plate11-A/Ghana/ARI-25-1125/2025_H1N1,1119,1.016,1
seqneut25to26_sera_1046_d28,A/Ghana/ARI-25-1125/2025_H1N1,plate11-A/Ghana/ARI-25-1125/2025_H1N1,2575,1.017,1
seqneut25to26_sera_1046_d28,A/Ghana/ARI-25-1125/2025_H1N1,plate11-A/Ghana/ARI-25-1125/2025_H1N1,5921,1.324,1
seqneut25to26_sera_1046_d28,A/Ghana/ARI-25-1125/2025_H1N1,plate11-A/Ghana/ARI-25-1125/2025_H1N1,1.362e+04,1.206,1
seqneut25to26_sera_1046_d28,A/Ghana/FS-25-7077/2025_H3N2,plate11-A/Ghana/FS-25-7077/2025_H3N2,40,0.2091,0.2091
seqneut25to26_sera_1046_d28,A/Ghana/FS-25-7077/2025_H3N2,plate11-A/Ghana/FS-25-7077/2025_H3N2,92,0.3951,0.3951
seqneut25to26_sera_1046_d28,A/Ghana/FS-25-7077/2025_H3N2,plate11-A/Ghana/FS-25-7077/2025_H3N2,212,0.579,0.579
seqneut25to26_sera_1046_d28,A/Ghana/FS-25-7077/2025_H3N2,plate11-A/Ghana/FS-25-7077/2025_H3N2,487,1.034,1
seqneut25to26_sera_1046_d28,A/Ghana/FS-25-7077/2025_H3N2,plate11-A/Ghana/FS-25-7077/2025_H3N2,1119,0.7428,0.7428
seqneut25to26_sera_1046_d28,A/Ghana/FS-25-7077/2025_H3N2,plate11-A/Ghana/FS-25-7077/2025_H3N2,2575,0.7987,0.7987
seqneut25to26_sera_1046_d28,A/Ghana/FS-25-7077/2025_H3N2,plate11-A/Ghana/FS-25-7077/2025_H3N2,5921,1.336,1
seqneut25to26_sera_1046_d28,A/Ghana/FS-25-7077/2025_H3N2,plate11-A/Ghana/FS-25-7077/2025_H3N2,1.362e+04,0.9329,0.9329
seqneut25to26_sera_1046_d28,A/Guangdong-Maonan/11438/2025_H3N2,plate11-A/Guangdong-Maonan/11438/2025_H3N2,40,0.004977,0.004977
seqneut25to26_sera_1046_d28,A/Guangdong-Maonan/11438/2025_H3N2,plate11-A/Guangdong-Maonan/11438/2025_H3N2,92,0.09072,0.09072
seqneut25to26_sera_1046_d28,A/Guangdong-Maonan/11438/2025_H3N2,plate11-A/Guangdong-Maonan/11438/2025_H3N2,212,0.2057,0.2057
seqneut25to26_sera_1046_d28,A/Guangdong-Maonan/11438/2025_H3N2,plate11-A/Guangdong-Maonan/11438/2025_H3N2,487,0.3225,0.3225
seqneut25to26_sera_1046_d28,A/Guangdong-Maonan/11438/2025_H3N2,plate11-A/Guangdong-Maonan/11438/2025_H3N2,1119,0.8862,0.8862
seqneut25to26_sera_1046_d28,A/Guangdong-Maonan/11438/2025_H3N2,plate11-A/Guangdong-Maonan/11438/2025_H3N2,2575,0.9612,0.9612
seqneut25to26_sera_1046_d28,A/Guangdong-Maonan/11438/2025_H3N2,plate11-A/Guangdong-Maonan/11438/2025_H3N2,5921,1.066,1
seqneut25to26_sera_1046_d28,A/Guangdong-Maonan/11438/2025_H3N2,plate11-A/Guangdong-Maonan/11438/2025_H3N2,1.362e+04,1.043,1
seqneut25to26_sera_1046_d28,A/Guangdong-Meijiang/11256/2025_H3N2,plate11-A/Guangdong-Meijiang/11256/2025_H3N2,40,0.004852,0.004852
seqneut25to26_sera_1046_d28,A/Guangdong-Meijiang/11256/2025_H3N2,plate11-A/Guangdong-Meijiang/11256/2025_H3N2,92,0.02211,0.02211
seqneut25to26_sera_1046_d28,A/Guangdong-Meijiang/11256/2025_H3N2,plate11-A/Guangdong-Meijiang/11256/2025_H3N2,212,0.1455,0.1455
seqneut25to26_sera_1046_d28,A/Guangdong-Meijiang/11256/2025_H3N2,plate11-A/Guangdong-Meijiang/11256/2025_H3N2,487,0.447,0.447
seqneut25to26_sera_1046_d28,A/Guangdong-Meijiang/11256/2025_H3N2,plate11-A/Guangdong-Meijiang/11256/2025_H3N2,1119,0.5922,0.5922
seqneut25to26_sera_1046_d28,A/Guangdong-Meijiang/11256/2025_H3N2,plate11-A/Guangdong-Meijiang/11256/2025_H3N2,2575,0.8462,0.8462
seqneut25to26_sera_1046_d28,A/Guangdong-Meijiang/11256/2025_H3N2,plate11-A/Guangdong-Meijiang/11256/2025_H3N2,5921,1.089,1
seqneut25to26_sera_1046_d28,A/Guangdong-Meijiang/11256/2025_H3N2,plate11-A/Guangdong-Meijiang/11256/2025_H3N2,1.362e+04,0.9734,0.9734
seqneut25to26_sera_1046_d28,A/Guangxi-Daxin/1643/2025_H3N2,plate11-A/Guangxi-Daxin/1643/2025_H3N2,40,0.07129,0.07129
seqneut25to26_sera_1046_d28,A/Guangxi-Daxin/1643/2025_H3N2,plate11-A/Guangxi-Daxin/1643/2025_H3N2,92,0.1491,0.1491
seqneut25to26_sera_1046_d28,A/Guangxi-Daxin/1643/2025_H3N2,plate11-A/Guangxi-Daxin/1643/2025_H3N2,212,0.3872,0.3872
seqneut25to26_sera_1046_d28,A/Guangxi-Daxin/1643/2025_H3N2,plate11-A/Guangxi-Daxin/1643/2025_H3N2,487,0.478,0.478
seqneut25to26_sera_1046_d28,A/Guangxi-Daxin/1643/2025_H3N2,plate11-A/Guangxi-Daxin/1643/2025_H3N2,1119,0.781,0.781
seqneut25to26_sera_1046_d28,A/Guangxi-Daxin/1643/2025_H3N2,plate11-A/Guangxi-Daxin/1643/2025_H3N2,2575,0.9192,0.9192
seqneut25to26_sera_1046_d28,A/Guangxi-Daxin/1643/2025_H3N2,plate11-A/Guangxi-Daxin/1643/2025_H3N2,5921,0.9288,0.9288
seqneut25to26_sera_1046_d28,A/Guangxi-Daxin/1643/2025_H3N2,plate11-A/Guangxi-Daxin/1643/2025_H3N2,1.362e+04,0.9845,0.9845
seqneut25to26_sera_1046_d28,A/Guangxi-Qingxiu/SWL11742/2025_H1N1,plate11-A/Guangxi-Qingxiu/SWL11742/2025_H1N1,40,0.1074,0.1074
seqneut25to26_sera_1046_d28,A/Guangxi-Qingxiu/SWL11742/2025_H1N1,plate11-A/Guangxi-Qingxiu/SWL11742/2025_H1N1,92,0.3304,0.3304
seqneut25to26_sera_1046_d28,A/Guangxi-Qingxiu/SWL11742/2025_H1N1,plate11-A/Guangxi-Qingxiu/SWL11742/2025_H1N1,212,0.7016,0.7016
seqneut25to26_sera_1046_d28,A/Guangxi-Qingxiu/SWL11742/2025_H1N1,plate11-A/Guangxi-Qingxiu/SWL11742/2025_H1N1,487,0.864,0.864
seqneut25to26_sera_1046_d28,A/Guangxi-Qingxiu/SWL11742/2025_H1N1,plate11-A/Guangxi-Qingxiu/SWL11742/2025_H1N1,1119,1.119,1
seqneut25to26_sera_1046_d28,A/Guangxi-Qingxiu/SWL11742/2025_H1N1,plate11-A/Guangxi-Qingxiu/SWL11742/2025_H1N1,2575,1.069,1
seqneut25to26_sera_1046_d28,A/Guangxi-Qingxiu/SWL11742/2025_H1N1,plate11-A/Guangxi-Qingxiu/SWL11742/2025_H1N1,5921,1.256,1
seqneut25to26_sera_1046_d28,A/Guangxi-Qingxiu/SWL11742/2025_H1N1,plate11-A/Guangxi-Qingxiu/SWL11742/2025_H1N1,1.362e+04,1.251,1
seqneut25to26_sera_1046_d28,A/Hawaii/44/2025_H1N1,plate11-A/Hawaii/44/2025_H1N1,40,0.1672,0.1672
seqneut25to26_sera_1046_d28,A/Hawaii/44/2025_H1N1,plate11-A/Hawaii/44/2025_H1N1,92,0.4818,0.4818
seqneut25to26_sera_1046_d28,A/Hawaii/44/2025_H1N1,plate11-A/Hawaii/44/2025_H1N1,212,0.6745,0.6745
seqneut25to26_sera_1046_d28,A/Hawaii/44/2025_H1N1,plate11-A/Hawaii/44/2025_H1N1,487,0.9272,0.9272
seqneut25to26_sera_1046_d28,A/Hawaii/44/2025_H1N1,plate11-A/Hawaii/44/2025_H1N1,1119,1.091,1
seqneut25to26_sera_1046_d28,A/Hawaii/44/2025_H1N1,plate11-A/Hawaii/44/2025_H1N1,2575,1.044,1
seqneut25to26_sera_1046_d28,A/Hawaii/44/2025_H1N1,plate11-A/Hawaii/44/2025_H1N1,5921,1.258,1
seqneut25to26_sera_1046_d28,A/Hawaii/44/2025_H1N1,plate11-A/Hawaii/44/2025_H1N1,1.362e+04,1.046,1
seqneut25to26_sera_1046_d28,A/Hawaii/70/2019_H1N1,plate11-A/Hawaii/70/2019_H1N1,40,0.1222,0.1222
seqneut25to26_sera_1046_d28,A/Hawaii/70/2019_H1N1,plate11-A/Hawaii/70/2019_H1N1,92,0.333,0.333
seqneut25to26_sera_1046_d28,A/Hawaii/70/2019_H1N1,plate11-A/Hawaii/70/2019_H1N1,212,0.6736,0.6736
seqneut25to26_sera_1046_d28,A/Hawaii/70/2019_H1N1,plate11-A/Hawaii/70/2019_H1N1,487,0.8011,0.8011
seqneut25to26_sera_1046_d28,A/Hawaii/70/2019_H1N1,plate11-A/Hawaii/70/2019_H1N1,1119,1.06,1
seqneut25to26_sera_1046_d28,A/Hawaii/70/2019_H1N1,plate11-A/Hawaii/70/2019_H1N1,2575,0.9886,0.9886
seqneut25to26_sera_1046_d28,A/Hawaii/70/2019_H1N1,plate11-A/Hawaii/70/2019_H1N1,5921,1.088,1
seqneut25to26_sera_1046_d28,A/Hawaii/70/2019_H1N1,plate11-A/Hawaii/70/2019_H1N1,1.362e+04,1.123,1
seqneut25to26_sera_1046_d28,A/HongKong/1257/2025_H3N2,plate11-A/HongKong/1257/2025_H3N2,40,0.09038,0.09038
seqneut25to26_sera_1046_d28,A/HongKong/1257/2025_H3N2,plate11-A/HongKong/1257/2025_H3N2,92,0.3202,0.3202
seqneut25to26_sera_1046_d28,A/HongKong/1257/2025_H3N2,plate11-A/HongKong/1257/2025_H3N2,212,0.3111,0.3111
seqneut25to26_sera_1046_d28,A/HongKong/1257/2025_H3N2,plate11-A/HongKong/1257/2025_H3N2,487,0.5402,0.5402
seqneut25to26_sera_1046_d28,A/HongKong/1257/2025_H3N2,plate11-A/HongKong/1257/2025_H3N2,1119,0.7549,0.7549
seqneut25to26_sera_1046_d28,A/HongKong/1257/2025_H3N2,plate11-A/HongKong/1257/2025_H3N2,2575,0.8909,0.8909
seqneut25to26_sera_1046_d28,A/HongKong/1257/2025_H3N2,plate11-A/HongKong/1257/2025_H3N2,5921,0.9277,0.9277
seqneut25to26_sera_1046_d28,A/HongKong/1257/2025_H3N2,plate11-A/HongKong/1257/2025_H3N2,1.362e+04,0.872,0.872
seqneut25to26_sera_1046_d28,A/HongKong/1382/2025_H3N2,plate11-A/HongKong/1382/2025_H3N2,40,0.1464,0.1464
seqneut25to26_sera_1046_d28,A/HongKong/1382/2025_H3N2,plate11-A/HongKong/1382/2025_H3N2,92,0.1903,0.1903
seqneut25to26_sera_1046_d28,A/HongKong/1382/2025_H3N2,plate11-A/HongKong/1382/2025_H3N2,212,0.3596,0.3596
seqneut25to26_sera_1046_d28,A/HongKong/1382/2025_H3N2,plate11-A/HongKong/1382/2025_H3N2,487,0.5616,0.5616
seqneut25to26_sera_1046_d28,A/HongKong/1382/2025_H3N2,plate11-A/HongKong/1382/2025_H3N2,1119,0.9844,0.9844
seqneut25to26_sera_1046_d28,A/HongKong/1382/2025_H3N2,plate11-A/HongKong/1382/2025_H3N2,2575,0.7036,0.7036
seqneut25to26_sera_1046_d28,A/HongKong/1382/2025_H3N2,plate11-A/HongKong/1382/2025_H3N2,5921,1.033,1
seqneut25to26_sera_1046_d28,A/HongKong/1382/2025_H3N2,plate11-A/HongKong/1382/2025_H3N2,1.362e+04,0.9668,0.9668
seqneut25to26_sera_1046_d28,A/Indonesia/BIOKES-I-BT074/2025_H3N2,plate11-A/Indonesia/BIOKES-I-BT074/2025_H3N2,40,0.00168,0.00168
seqneut25to26_sera_1046_d28,A/Indonesia/BIOKES-I-BT074/2025_H3N2,plate11-A/Indonesia/BIOKES-I-BT074/2025_H3N2,92,0.04087,0.04087
seqneut25to26_sera_1046_d28,A/Indonesia/BIOKES-I-BT074/2025_H3N2,plate11-A/Indonesia/BIOKES-I-BT074/2025_H3N2,212,0.2286,0.2286
seqneut25to26_sera_1046_d28,A/Indonesia/BIOKES-I-BT074/2025_H3N2,plate11-A/Indonesia/BIOKES-I-BT074/2025_H3N2,487,0.6228,0.6228
seqneut25to26_sera_1046_d28,A/Indonesia/BIOKES-I-BT074/2025_H3N2,plate11-A/Indonesia/BIOKES-I-BT074/2025_H3N2,1119,0.9071,0.9071
seqneut25to26_sera_1046_d28,A/Indonesia/BIOKES-I-BT074/2025_H3N2,plate11-A/Indonesia/BIOKES-I-BT074/2025_H3N2,2575,0.8085,0.8085
seqneut25to26_sera_1046_d28,A/Indonesia/BIOKES-I-BT074/2025_H3N2,plate11-A/Indonesia/BIOKES-I-BT074/2025_H3N2,5921,1.141,1
seqneut25to26_sera_1046_d28,A/Indonesia/BIOKES-I-BT074/2025_H3N2,plate11-A/Indonesia/BIOKES-I-BT074/2025_H3N2,1.362e+04,1.22,1
seqneut25to26_sera_1046_d28,A/Indonesia/BIOKES-INAD491/2025_H3N2,plate11-A/Indonesia/BIOKES-INAD491/2025_H3N2,40,0.01768,0.01768
seqneut25to26_sera_1046_d28,A/Indonesia/BIOKES-INAD491/2025_H3N2,plate11-A/Indonesia/BIOKES-INAD491/2025_H3N2,92,0.06041,0.06041
seqneut25to26_sera_1046_d28,A/Indonesia/BIOKES-INAD491/2025_H3N2,plate11-A/Indonesia/BIOKES-INAD491/2025_H3N2,212,0.1513,0.1513
seqneut25to26_sera_1046_d28,A/Indonesia/BIOKES-INAD491/2025_H3N2,plate11-A/Indonesia/BIOKES-INAD491/2025_H3N2,487,0.4249,0.4249
seqneut25to26_sera_1046_d28,A/Indonesia/BIOKES-INAD491/2025_H3N2,plate11-A/Indonesia/BIOKES-INAD491/2025_H3N2,1119,0.6848,0.6848
seqneut25to26_sera_1046_d28,A/Indonesia/BIOKES-INAD491/2025_H3N2,plate11-A/Indonesia/BIOKES-INAD491/2025_H3N2,2575,0.8094,0.8094
seqneut25to26_sera_1046_d28,A/Indonesia/BIOKES-INAD491/2025_H3N2,plate11-A/Indonesia/BIOKES-INAD491/2025_H3N2,5921,1.015,1
seqneut25to26_sera_1046_d28,A/Indonesia/BIOKES-INAD491/2025_H3N2,plate11-A/Indonesia/BIOKES-INAD491/2025_H3N2,1.362e+04,1.146,1
seqneut25to26_sera_1046_d28,A/Lao/820-2750/2025_H3N2,plate11-A/Lao/820-2750/2025_H3N2,40,0.02825,0.02825
seqneut25to26_sera_1046_d28,A/Lao/820-2750/2025_H3N2,plate11-A/Lao/820-2750/2025_H3N2,92,0.212,0.212
seqneut25to26_sera_1046_d28,A/Lao/820-2750/2025_H3N2,plate11-A/Lao/820-2750/2025_H3N2,212,0.4739,0.4739
seqneut25to26_sera_1046_d28,A/Lao/820-2750/2025_H3N2,plate11-A/Lao/820-2750/2025_H3N2,487,0.6412,0.6412
seqneut25to26_sera_1046_d28,A/Lao/820-2750/2025_H3N2,plate11-A/Lao/820-2750/2025_H3N2,1119,0.7776,0.7776
seqneut25to26_sera_1046_d28,A/Lao/820-2750/2025_H3N2,plate11-A/Lao/820-2750/2025_H3N2,2575,0.6556,0.6556
seqneut25to26_sera_1046_d28,A/Lao/820-2750/2025_H3N2,plate11-A/Lao/820-2750/2025_H3N2,5921,1.01,1
seqneut25to26_sera_1046_d28,A/Lao/820-2750/2025_H3N2,plate11-A/Lao/820-2750/2025_H3N2,1.362e+04,1.119,1
seqneut25to26_sera_1046_d28,A/Malaysia/IMR/SARI/2028/2025_H3N2,plate11-A/Malaysia/IMR/SARI/2028/2025_H3N2,40,0.006454,0.006454
seqneut25to26_sera_1046_d28,A/Malaysia/IMR/SARI/2028/2025_H3N2,plate11-A/Malaysia/IMR/SARI/2028/2025_H3N2,92,0.04223,0.04223
seqneut25to26_sera_1046_d28,A/Malaysia/IMR/SARI/2028/2025_H3N2,plate11-A/Malaysia/IMR/SARI/2028/2025_H3N2,212,0.1835,0.1835
seqneut25to26_sera_1046_d28,A/Malaysia/IMR/SARI/2028/2025_H3N2,plate11-A/Malaysia/IMR/SARI/2028/2025_H3N2,487,0.4912,0.4912
seqneut25to26_sera_1046_d28,A/Malaysia/IMR/SARI/2028/2025_H3N2,plate11-A/Malaysia/IMR/SARI/2028/2025_H3N2,1119,0.7597,0.7597
seqneut25to26_sera_1046_d28,A/Malaysia/IMR/SARI/2028/2025_H3N2,plate11-A/Malaysia/IMR/SARI/2028/2025_H3N2,2575,0.7522,0.7522
seqneut25to26_sera_1046_d28,A/Malaysia/IMR/SARI/2028/2025_H3N2,plate11-A/Malaysia/IMR/SARI/2028/2025_H3N2,5921,1.093,1
seqneut25to26_sera_1046_d28,A/Malaysia/IMR/SARI/2028/2025_H3N2,plate11-A/Malaysia/IMR/SARI/2028/2025_H3N2,1.362e+04,1.226,1
seqneut25to26_sera_1046_d28,A/Malaysia/IMR/SARI/2406/2025_H3N2,plate11-A/Malaysia/IMR/SARI/2406/2025_H3N2,40,0.202,0.202
seqneut25to26_sera_1046_d28,A/Malaysia/IMR/SARI/2406/2025_H3N2,plate11-A/Malaysia/IMR/SARI/2406/2025_H3N2,92,0.3725,0.3725
seqneut25to26_sera_1046_d28,A/Malaysia/IMR/SARI/2406/2025_H3N2,plate11-A/Malaysia/IMR/SARI/2406/2025_H3N2,212,0.6329,0.6329
seqneut25to26_sera_1046_d28,A/Malaysia/IMR/SARI/2406/2025_H3N2,plate11-A/Malaysia/IMR/SARI/2406/2025_H3N2,487,0.7108,0.7108
seqneut25to26_sera_1046_d28,A/Malaysia/IMR/SARI/2406/2025_H3N2,plate11-A/Malaysia/IMR/SARI/2406/2025_H3N2,1119,1.083,1
seqneut25to26_sera_1046_d28,A/Malaysia/IMR/SARI/2406/2025_H3N2,plate11-A/Malaysia/IMR/SARI/2406/2025_H3N2,2575,0.8437,0.8437
seqneut25to26_sera_1046_d28,A/Malaysia/IMR/SARI/2406/2025_H3N2,plate11-A/Malaysia/IMR/SARI/2406/2025_H3N2,5921,1.129,1
seqneut25to26_sera_1046_d28,A/Malaysia/IMR/SARI/2406/2025_H3N2,plate11-A/Malaysia/IMR/SARI/2406/2025_H3N2,1.362e+04,1.203,1
seqneut25to26_sera_1046_d28,A/Malaysia/IMR/SARI/2517/2025_H3N2,plate11-A/Malaysia/IMR/SARI/2517/2025_H3N2,40,0.1901,0.1901
seqneut25to26_sera_1046_d28,A/Malaysia/IMR/SARI/2517/2025_H3N2,plate11-A/Malaysia/IMR/SARI/2517/2025_H3N2,92,0.2457,0.2457
seqneut25to26_sera_1046_d28,A/Malaysia/IMR/SARI/2517/2025_H3N2,plate11-A/Malaysia/IMR/SARI/2517/2025_H3N2,212,0.5973,0.5973
seqneut25to26_sera_1046_d28,A/Malaysia/IMR/SARI/2517/2025_H3N2,plate11-A/Malaysia/IMR/SARI/2517/2025_H3N2,487,0.6941,0.6941
seqneut25to26_sera_1046_d28,A/Malaysia/IMR/SARI/2517/2025_H3N2,plate11-A/Malaysia/IMR/SARI/2517/2025_H3N2,1119,0.8701,0.8701
seqneut25to26_sera_1046_d28,A/Malaysia/IMR/SARI/2517/2025_H3N2,plate11-A/Malaysia/IMR/SARI/2517/2025_H3N2,2575,0.9445,0.9445
seqneut25to26_sera_1046_d28,A/Malaysia/IMR/SARI/2517/2025_H3N2,plate11-A/Malaysia/IMR/SARI/2517/2025_H3N2,5921,1.022,1
seqneut25to26_sera_1046_d28,A/Malaysia/IMR/SARI/2517/2025_H3N2,plate11-A/Malaysia/IMR/SARI/2517/2025_H3N2,1.362e+04,1.231,1
seqneut25to26_sera_1046_d28,A/Massachusetts/18/2022_H3N2,plate11-A/Massachusetts/18/2022_H3N2,40,0.03072,0.03072
seqneut25to26_sera_1046_d28,A/Massachusetts/18/2022_H3N2,plate11-A/Massachusetts/18/2022_H3N2,92,0.1205,0.1205
seqneut25to26_sera_1046_d28,A/Massachusetts/18/2022_H3N2,plate11-A/Massachusetts/18/2022_H3N2,212,0.1942,0.1942
seqneut25to26_sera_1046_d28,A/Massachusetts/18/2022_H3N2,plate11-A/Massachusetts/18/2022_H3N2,487,0.4194,0.4194
seqneut25to26_sera_1046_d28,A/Massachusetts/18/2022_H3N2,plate11-A/Massachusetts/18/2022_H3N2,1119,0.9918,0.9918
seqneut25to26_sera_1046_d28,A/Massachusetts/18/2022_H3N2,plate11-A/Massachusetts/18/2022_H3N2,2575,0.7478,0.7478
seqneut25to26_sera_1046_d28,A/Massachusetts/18/2022_H3N2,plate11-A/Massachusetts/18/2022_H3N2,5921,1.087,1
seqneut25to26_sera_1046_d28,A/Massachusetts/18/2022_H3N2,plate11-A/Massachusetts/18/2022_H3N2,1.362e+04,0.9328,0.9328
seqneut25to26_sera_1046_d28,A/Michigan/110/2025_H3N2,plate11-A/Michigan/110/2025_H3N2,40,0.09678,0.09678
seqneut25to26_sera_1046_d28,A/Michigan/110/2025_H3N2,plate11-A/Michigan/110/2025_H3N2,92,0.2513,0.2513
seqneut25to26_sera_1046_d28,A/Michigan/110/2025_H3N2,plate11-A/Michigan/110/2025_H3N2,212,0.4026,0.4026
seqneut25to26_sera_1046_d28,A/Michigan/110/2025_H3N2,plate11-A/Michigan/110/2025_H3N2,487,0.477,0.477
seqneut25to26_sera_1046_d28,A/Michigan/110/2025_H3N2,plate11-A/Michigan/110/2025_H3N2,1119,0.8742,0.8742
seqneut25to26_sera_1046_d28,A/Michigan/110/2025_H3N2,plate11-A/Michigan/110/2025_H3N2,2575,0.706,0.706
seqneut25to26_sera_1046_d28,A/Michigan/110/2025_H3N2,plate11-A/Michigan/110/2025_H3N2,5921,1.025,1
seqneut25to26_sera_1046_d28,A/Michigan/110/2025_H3N2,plate11-A/Michigan/110/2025_H3N2,1.362e+04,0.8676,0.8676
seqneut25to26_sera_1046_d28,A/Minnesota/96/2025_H3N2,plate11-A/Minnesota/96/2025_H3N2,40,0.06637,0.06637
seqneut25to26_sera_1046_d28,A/Minnesota/96/2025_H3N2,plate11-A/Minnesota/96/2025_H3N2,92,0.2081,0.2081
seqneut25to26_sera_1046_d28,A/Minnesota/96/2025_H3N2,plate11-A/Minnesota/96/2025_H3N2,212,0.2964,0.2964
seqneut25to26_sera_1046_d28,A/Minnesota/96/2025_H3N2,plate11-A/Minnesota/96/2025_H3N2,487,0.5642,0.5642
seqneut25to26_sera_1046_d28,A/Minnesota/96/2025_H3N2,plate11-A/Minnesota/96/2025_H3N2,1119,0.8956,0.8956
seqneut25to26_sera_1046_d28,A/Minnesota/96/2025_H3N2,plate11-A/Minnesota/96/2025_H3N2,2575,0.7065,0.7065
seqneut25to26_sera_1046_d28,A/Minnesota/96/2025_H3N2,plate11-A/Minnesota/96/2025_H3N2,5921,0.9413,0.9413
seqneut25to26_sera_1046_d28,A/Minnesota/96/2025_H3N2,plate11-A/Minnesota/96/2025_H3N2,1.362e+04,0.9055,0.9055
seqneut25to26_sera_1046_d28,A/Missouri/11/2025_H1N1,plate11-A/Missouri/11/2025_H1N1,40,0.1203,0.1203
seqneut25to26_sera_1046_d28,A/Missouri/11/2025_H1N1,plate11-A/Missouri/11/2025_H1N1,92,0.3269,0.3269
seqneut25to26_sera_1046_d28,A/Missouri/11/2025_H1N1,plate11-A/Missouri/11/2025_H1N1,212,0.6908,0.6908
seqneut25to26_sera_1046_d28,A/Missouri/11/2025_H1N1,plate11-A/Missouri/11/2025_H1N1,487,0.7009,0.7009
seqneut25to26_sera_1046_d28,A/Missouri/11/2025_H1N1,plate11-A/Missouri/11/2025_H1N1,1119,1.158,1
seqneut25to26_sera_1046_d28,A/Missouri/11/2025_H1N1,plate11-A/Missouri/11/2025_H1N1,2575,1.079,1
seqneut25to26_sera_1046_d28,A/Missouri/11/2025_H1N1,plate11-A/Missouri/11/2025_H1N1,5921,1.2,1
seqneut25to26_sera_1046_d28,A/Missouri/11/2025_H1N1,plate11-A/Missouri/11/2025_H1N1,1.362e+04,1.157,1
seqneut25to26_sera_1046_d28,A/NewSouthWales/2526015582/2025_H3N2,plate11-A/NewSouthWales/2526015582/2025_H3N2,40,0.1931,0.1931
seqneut25to26_sera_1046_d28,A/NewSouthWales/2526015582/2025_H3N2,plate11-A/NewSouthWales/2526015582/2025_H3N2,92,0.3846,0.3846
seqneut25to26_sera_1046_d28,A/NewSouthWales/2526015582/2025_H3N2,plate11-A/NewSouthWales/2526015582/2025_H3N2,212,0.4718,0.4718
seqneut25to26_sera_1046_d28,A/NewSouthWales/2526015582/2025_H3N2,plate11-A/NewSouthWales/2526015582/2025_H3N2,487,0.5861,0.5861
seqneut25to26_sera_1046_d28,A/NewSouthWales/2526015582/2025_H3N2,plate11-A/NewSouthWales/2526015582/2025_H3N2,1119,1.067,1
seqneut25to26_sera_1046_d28,A/NewSouthWales/2526015582/2025_H3N2,plate11-A/NewSouthWales/2526015582/2025_H3N2,2575,0.7955,0.7955
seqneut25to26_sera_1046_d28,A/NewSouthWales/2526015582/2025_H3N2,plate11-A/NewSouthWales/2526015582/2025_H3N2,5921,0.99,0.99
seqneut25to26_sera_1046_d28,A/NewSouthWales/2526015582/2025_H3N2,plate11-A/NewSouthWales/2526015582/2025_H3N2,1.362e+04,1.01,1
seqneut25to26_sera_1046_d28,A/NewSouthWales/2526015584/2025_H3N2,plate11-A/NewSouthWales/2526015584/2025_H3N2,40,0.1665,0.1665
seqneut25to26_sera_1046_d28,A/NewSouthWales/2526015584/2025_H3N2,plate11-A/NewSouthWales/2526015584/2025_H3N2,92,0.2124,0.2124
seqneut25to26_sera_1046_d28,A/NewSouthWales/2526015584/2025_H3N2,plate11-A/NewSouthWales/2526015584/2025_H3N2,212,0.4252,0.4252
seqneut25to26_sera_1046_d28,A/NewSouthWales/2526015584/2025_H3N2,plate11-A/NewSouthWales/2526015584/2025_H3N2,487,0.5471,0.5471
seqneut25to26_sera_1046_d28,A/NewSouthWales/2526015584/2025_H3N2,plate11-A/NewSouthWales/2526015584/2025_H3N2,1119,0.8579,0.8579
seqneut25to26_sera_1046_d28,A/NewSouthWales/2526015584/2025_H3N2,plate11-A/NewSouthWales/2526015584/2025_H3N2,2575,1.103,1
seqneut25to26_sera_1046_d28,A/NewSouthWales/2526015584/2025_H3N2,plate11-A/NewSouthWales/2526015584/2025_H3N2,5921,0.9644,0.9644
seqneut25to26_sera_1046_d28,A/NewSouthWales/2526015584/2025_H3N2,plate11-A/NewSouthWales/2526015584/2025_H3N2,1.362e+04,1.106,1
seqneut25to26_sera_1046_d28,A/Norway/8765/2025_H3N2,plate11-A/Norway/8765/2025_H3N2,40,0.2116,0.2116
seqneut25to26_sera_1046_d28,A/Norway/8765/2025_H3N2,plate11-A/Norway/8765/2025_H3N2,92,0.3143,0.3143
seqneut25to26_sera_1046_d28,A/Norway/8765/2025_H3N2,plate11-A/Norway/8765/2025_H3N2,212,0.589,0.589
seqneut25to26_sera_1046_d28,A/Norway/8765/2025_H3N2,plate11-A/Norway/8765/2025_H3N2,487,0.7356,0.7356
seqneut25to26_sera_1046_d28,A/Norway/8765/2025_H3N2,plate11-A/Norway/8765/2025_H3N2,1119,0.8259,0.8259
seqneut25to26_sera_1046_d28,A/Norway/8765/2025_H3N2,plate11-A/Norway/8765/2025_H3N2,2575,1.027,1
seqneut25to26_sera_1046_d28,A/Norway/8765/2025_H3N2,plate11-A/Norway/8765/2025_H3N2,5921,0.903,0.903
seqneut25to26_sera_1046_d28,A/Norway/8765/2025_H3N2,plate11-A/Norway/8765/2025_H3N2,1.362e+04,1.031,1
seqneut25to26_sera_1046_d28,A/Norway/8976/2025_H3N2,plate11-A/Norway/8976/2025_H3N2,40,0.1867,0.1867
seqneut25to26_sera_1046_d28,A/Norway/8976/2025_H3N2,plate11-A/Norway/8976/2025_H3N2,92,0.3922,0.3922
seqneut25to26_sera_1046_d28,A/Norway/8976/2025_H3N2,plate11-A/Norway/8976/2025_H3N2,212,0.5698,0.5698
seqneut25to26_sera_1046_d28,A/Norway/8976/2025_H3N2,plate11-A/Norway/8976/2025_H3N2,487,0.6655,0.6655
seqneut25to26_sera_1046_d28,A/Norway/8976/2025_H3N2,plate11-A/Norway/8976/2025_H3N2,1119,0.9662,0.9662
seqneut25to26_sera_1046_d28,A/Norway/8976/2025_H3N2,plate11-A/Norway/8976/2025_H3N2,2575,0.8178,0.8178
seqneut25to26_sera_1046_d28,A/Norway/8976/2025_H3N2,plate11-A/Norway/8976/2025_H3N2,5921,0.9314,0.9314
seqneut25to26_sera_1046_d28,A/Norway/8976/2025_H3N2,plate11-A/Norway/8976/2025_H3N2,1.362e+04,0.8817,0.8817
seqneut25to26_sera_1046_d28,A/Norway/9107/2025_H1N1,plate11-A/Norway/9107/2025_H1N1,40,0.1123,0.1123
seqneut25to26_sera_1046_d28,A/Norway/9107/2025_H1N1,plate11-A/Norway/9107/2025_H1N1,92,0.4308,0.4308
seqneut25to26_sera_1046_d28,A/Norway/9107/2025_H1N1,plate11-A/Norway/9107/2025_H1N1,212,0.7596,0.7596
seqneut25to26_sera_1046_d28,A/Norway/9107/2025_H1N1,plate11-A/Norway/9107/2025_H1N1,487,0.9584,0.9584
seqneut25to26_sera_1046_d28,A/Norway/9107/2025_H1N1,plate11-A/Norway/9107/2025_H1N1,1119,1.201,1
seqneut25to26_sera_1046_d28,A/Norway/9107/2025_H1N1,plate11-A/Norway/9107/2025_H1N1,2575,1.114,1
seqneut25to26_sera_1046_d28,A/Norway/9107/2025_H1N1,plate11-A/Norway/9107/2025_H1N1,5921,1.236,1
seqneut25to26_sera_1046_d28,A/Norway/9107/2025_H1N1,plate11-A/Norway/9107/2025_H1N1,1.362e+04,1.292,1
seqneut25to26_sera_1046_d28,A/Norway/9556/2025_H1N1,plate11-A/Norway/9556/2025_H1N1,40,0.2283,0.2283
seqneut25to26_sera_1046_d28,A/Norway/9556/2025_H1N1,plate11-A/Norway/9556/2025_H1N1,92,0.5736,0.5736
seqneut25to26_sera_1046_d28,A/Norway/9556/2025_H1N1,plate11-A/Norway/9556/2025_H1N1,212,0.7971,0.7971
seqneut25to26_sera_1046_d28,A/Norway/9556/2025_H1N1,plate11-A/Norway/9556/2025_H1N1,487,0.9662,0.9662
seqneut25to26_sera_1046_d28,A/Norway/9556/2025_H1N1,plate11-A/Norway/9556/2025_H1N1,1119,1.191,1
seqneut25to26_sera_1046_d28,A/Norway/9556/2025_H1N1,plate11-A/Norway/9556/2025_H1N1,2575,1.078,1
seqneut25to26_sera_1046_d28,A/Norway/9556/2025_H1N1,plate11-A/Norway/9556/2025_H1N1,5921,1.206,1
seqneut25to26_sera_1046_d28,A/Norway/9556/2025_H1N1,plate11-A/Norway/9556/2025_H1N1,1.362e+04,1.268,1
seqneut25to26_sera_1046_d28,A/Peru/GIHSN-04-1089/2025_H3N2,plate11-A/Peru/GIHSN-04-1089/2025_H3N2,40,0.008881,0.008881
seqneut25to26_sera_1046_d28,A/Peru/GIHSN-04-1089/2025_H3N2,plate11-A/Peru/GIHSN-04-1089/2025_H3N2,92,0.1903,0.1903
seqneut25to26_sera_1046_d28,A/Peru/GIHSN-04-1089/2025_H3N2,plate11-A/Peru/GIHSN-04-1089/2025_H3N2,212,0.3151,0.3151
seqneut25to26_sera_1046_d28,A/Peru/GIHSN-04-1089/2025_H3N2,plate11-A/Peru/GIHSN-04-1089/2025_H3N2,487,0.6373,0.6373
seqneut25to26_sera_1046_d28,A/Peru/GIHSN-04-1089/2025_H3N2,plate11-A/Peru/GIHSN-04-1089/2025_H3N2,1119,0.75,0.75
seqneut25to26_sera_1046_d28,A/Peru/GIHSN-04-1089/2025_H3N2,plate11-A/Peru/GIHSN-04-1089/2025_H3N2,2575,0.9357,0.9357
seqneut25to26_sera_1046_d28,A/Peru/GIHSN-04-1089/2025_H3N2,plate11-A/Peru/GIHSN-04-1089/2025_H3N2,5921,1.369,1
seqneut25to26_sera_1046_d28,A/Peru/GIHSN-04-1089/2025_H3N2,plate11-A/Peru/GIHSN-04-1089/2025_H3N2,1.362e+04,1.129,1
seqneut25to26_sera_1046_d28,A/Philippines/SARI25-1425/2025_H1N1,plate11-A/Philippines/SARI25-1425/2025_H1N1,40,0.1869,0.1869
seqneut25to26_sera_1046_d28,A/Philippines/SARI25-1425/2025_H1N1,plate11-A/Philippines/SARI25-1425/2025_H1N1,92,0.5577,0.5577
seqneut25to26_sera_1046_d28,A/Philippines/SARI25-1425/2025_H1N1,plate11-A/Philippines/SARI25-1425/2025_H1N1,212,0.703,0.703
seqneut25to26_sera_1046_d28,A/Philippines/SARI25-1425/2025_H1N1,plate11-A/Philippines/SARI25-1425/2025_H1N1,487,0.921,0.921
seqneut25to26_sera_1046_d28,A/Philippines/SARI25-1425/2025_H1N1,plate11-A/Philippines/SARI25-1425/2025_H1N1,1119,1.104,1
seqneut25to26_sera_1046_d28,A/Philippines/SARI25-1425/2025_H1N1,plate11-A/Philippines/SARI25-1425/2025_H1N1,2575,1.027,1
seqneut25to26_sera_1046_d28,A/Philippines/SARI25-1425/2025_H1N1,plate11-A/Philippines/SARI25-1425/2025_H1N1,5921,1.396,1
seqneut25to26_sera_1046_d28,A/Philippines/SARI25-1425/2025_H1N1,plate11-A/Philippines/SARI25-1425/2025_H1N1,1.362e+04,1.168,1
seqneut25to26_sera_1046_d28,A/Queensland/2526516675/2025_H3N2,plate11-A/Queensland/2526516675/2025_H3N2,40,0.1453,0.1453
seqneut25to26_sera_1046_d28,A/Queensland/2526516675/2025_H3N2,plate11-A/Queensland/2526516675/2025_H3N2,92,0.3168,0.3168
seqneut25to26_sera_1046_d28,A/Queensland/2526516675/2025_H3N2,plate11-A/Queensland/2526516675/2025_H3N2,212,0.5698,0.5698
seqneut25to26_sera_1046_d28,A/Queensland/2526516675/2025_H3N2,plate11-A/Queensland/2526516675/2025_H3N2,487,0.6285,0.6285
seqneut25to26_sera_1046_d28,A/Queensland/2526516675/2025_H3N2,plate11-A/Queensland/2526516675/2025_H3N2,1119,0.8797,0.8797
seqneut25to26_sera_1046_d28,A/Queensland/2526516675/2025_H3N2,plate11-A/Queensland/2526516675/2025_H3N2,2575,0.8301,0.8301
seqneut25to26_sera_1046_d28,A/Queensland/2526516675/2025_H3N2,plate11-A/Queensland/2526516675/2025_H3N2,5921,1.299,1
seqneut25to26_sera_1046_d28,A/Queensland/2526516675/2025_H3N2,plate11-A/Queensland/2526516675/2025_H3N2,1.362e+04,1.215,1
seqneut25to26_sera_1046_d28,A/SouthAfrica/PET37604/2025_H3N2,plate11-A/SouthAfrica/PET37604/2025_H3N2,40,0.002076,0.002076
seqneut25to26_sera_1046_d28,A/SouthAfrica/PET37604/2025_H3N2,plate11-A/SouthAfrica/PET37604/2025_H3N2,92,0.1256,0.1256
seqneut25to26_sera_1046_d28,A/SouthAfrica/PET37604/2025_H3N2,plate11-A/SouthAfrica/PET37604/2025_H3N2,212,0.1569,0.1569
seqneut25to26_sera_1046_d28,A/SouthAfrica/PET37604/2025_H3N2,plate11-A/SouthAfrica/PET37604/2025_H3N2,487,0.3942,0.3942
seqneut25to26_sera_1046_d28,A/SouthAfrica/PET37604/2025_H3N2,plate11-A/SouthAfrica/PET37604/2025_H3N2,1119,0.5983,0.5983
seqneut25to26_sera_1046_d28,A/SouthAfrica/PET37604/2025_H3N2,plate11-A/SouthAfrica/PET37604/2025_H3N2,2575,0.8231,0.8231
seqneut25to26_sera_1046_d28,A/SouthAfrica/PET37604/2025_H3N2,plate11-A/SouthAfrica/PET37604/2025_H3N2,5921,0.7859,0.7859
seqneut25to26_sera_1046_d28,A/SouthAfrica/PET37604/2025_H3N2,plate11-A/SouthAfrica/PET37604/2025_H3N2,1.362e+04,1.165,1
seqneut25to26_sera_1046_d28,A/SouthAfrica/PET37625/2025_H3N2,plate11-A/SouthAfrica/PET37625/2025_H3N2,40,0,0
seqneut25to26_sera_1046_d28,A/SouthAfrica/PET37625/2025_H3N2,plate11-A/SouthAfrica/PET37625/2025_H3N2,92,0.02532,0.02532
seqneut25to26_sera_1046_d28,A/SouthAfrica/PET37625/2025_H3N2,plate11-A/SouthAfrica/PET37625/2025_H3N2,212,0.1823,0.1823
seqneut25to26_sera_1046_d28,A/SouthAfrica/PET37625/2025_H3N2,plate11-A/SouthAfrica/PET37625/2025_H3N2,487,0.3958,0.3958
seqneut25to26_sera_1046_d28,A/SouthAfrica/PET37625/2025_H3N2,plate11-A/SouthAfrica/PET37625/2025_H3N2,1119,0.7077,0.7077
seqneut25to26_sera_1046_d28,A/SouthAfrica/PET37625/2025_H3N2,plate11-A/SouthAfrica/PET37625/2025_H3N2,2575,0.7654,0.7654
seqneut25to26_sera_1046_d28,A/SouthAfrica/PET37625/2025_H3N2,plate11-A/SouthAfrica/PET37625/2025_H3N2,5921,0.9344,0.9344
seqneut25to26_sera_1046_d28,A/SouthAfrica/PET37625/2025_H3N2,plate11-A/SouthAfrica/PET37625/2025_H3N2,1.362e+04,1.033,1
seqneut25to26_sera_1046_d28,A/SouthAustralia/2519001037/2025_H1N1,plate11-A/SouthAustralia/2519001037/2025_H1N1,40,0.1274,0.1274
seqneut25to26_sera_1046_d28,A/SouthAustralia/2519001037/2025_H1N1,plate11-A/SouthAustralia/2519001037/2025_H1N1,92,0.3684,0.3684
seqneut25to26_sera_1046_d28,A/SouthAustralia/2519001037/2025_H1N1,plate11-A/SouthAustralia/2519001037/2025_H1N1,212,0.6537,0.6537
seqneut25to26_sera_1046_d28,A/SouthAustralia/2519001037/2025_H1N1,plate11-A/SouthAustralia/2519001037/2025_H1N1,487,0.8033,0.8033
seqneut25to26_sera_1046_d28,A/SouthAustralia/2519001037/2025_H1N1,plate11-A/SouthAustralia/2519001037/2025_H1N1,1119,1.081,1
seqneut25to26_sera_1046_d28,A/SouthAustralia/2519001037/2025_H1N1,plate11-A/SouthAustralia/2519001037/2025_H1N1,2575,1.116,1
seqneut25to26_sera_1046_d28,A/SouthAustralia/2519001037/2025_H1N1,plate11-A/SouthAustralia/2519001037/2025_H1N1,5921,1.316,1
seqneut25to26_sera_1046_d28,A/SouthAustralia/2519001037/2025_H1N1,plate11-A/SouthAustralia/2519001037/2025_H1N1,1.362e+04,1.274,1
seqneut25to26_sera_1046_d28,A/SouthAustralia/2520702747/2025_H1N1,plate11-A/SouthAustralia/2520702747/2025_H1N1,40,0.1112,0.1112
seqneut25to26_sera_1046_d28,A/SouthAustralia/2520702747/2025_H1N1,plate11-A/SouthAustralia/2520702747/2025_H1N1,92,0.2879,0.2879
seqneut25to26_sera_1046_d28,A/SouthAustralia/2520702747/2025_H1N1,plate11-A/SouthAustralia/2520702747/2025_H1N1,212,0.647,0.647
seqneut25to26_sera_1046_d28,A/SouthAustralia/2520702747/2025_H1N1,plate11-A/SouthAustralia/2520702747/2025_H1N1,487,0.8188,0.8188
seqneut25to26_sera_1046_d28,A/SouthAustralia/2520702747/2025_H1N1,plate11-A/SouthAustralia/2520702747/2025_H1N1,1119,1.081,1
seqneut25to26_sera_1046_d28,A/SouthAustralia/2520702747/2025_H1N1,plate11-A/SouthAustralia/2520702747/2025_H1N1,2575,0.9051,0.9051
seqneut25to26_sera_1046_d28,A/SouthAustralia/2520702747/2025_H1N1,plate11-A/SouthAustralia/2520702747/2025_H1N1,5921,1.135,1
seqneut25to26_sera_1046_d28,A/SouthAustralia/2520702747/2025_H1N1,plate11-A/SouthAustralia/2520702747/2025_H1N1,1.362e+04,1.198,1
seqneut25to26_sera_1046_d28,A/SouthAustralia/2523012764/2025_H1N1,plate11-A/SouthAustralia/2523012764/2025_H1N1,40,0.0654,0.0654
seqneut25to26_sera_1046_d28,A/SouthAustralia/2523012764/2025_H1N1,plate11-A/SouthAustralia/2523012764/2025_H1N1,92,0.3638,0.3638
seqneut25to26_sera_1046_d28,A/SouthAustralia/2523012764/2025_H1N1,plate11-A/SouthAustralia/2523012764/2025_H1N1,212,0.5226,0.5226
seqneut25to26_sera_1046_d28,A/SouthAustralia/2523012764/2025_H1N1,plate11-A/SouthAustralia/2523012764/2025_H1N1,487,0.8113,0.8113
seqneut25to26_sera_1046_d28,A/SouthAustralia/2523012764/2025_H1N1,plate11-A/SouthAustralia/2523012764/2025_H1N1,1119,1.294,1
seqneut25to26_sera_1046_d28,A/SouthAustralia/2523012764/2025_H1N1,plate11-A/SouthAustralia/2523012764/2025_H1N1,2575,1.117,1
seqneut25to26_sera_1046_d28,A/SouthAustralia/2523012764/2025_H1N1,plate11-A/SouthAustralia/2523012764/2025_H1N1,5921,0.9797,0.9797
seqneut25to26_sera_1046_d28,A/SouthAustralia/2523012764/2025_H1N1,plate11-A/SouthAustralia/2523012764/2025_H1N1,1.362e+04,1.246,1
seqneut25to26_sera_1046_d28,A/SouthAustralia/2523812314/2025_H3N2,plate11-A/SouthAustralia/2523812314/2025_H3N2,40,0.1403,0.1403
seqneut25to26_sera_1046_d28,A/SouthAustralia/2523812314/2025_H3N2,plate11-A/SouthAustralia/2523812314/2025_H3N2,92,0.3101,0.3101
seqneut25to26_sera_1046_d28,A/SouthAustralia/2523812314/2025_H3N2,plate11-A/SouthAustralia/2523812314/2025_H3N2,212,0.3948,0.3948
seqneut25to26_sera_1046_d28,A/SouthAustralia/2523812314/2025_H3N2,plate11-A/SouthAustralia/2523812314/2025_H3N2,487,0.5208,0.5208
seqneut25to26_sera_1046_d28,A/SouthAustralia/2523812314/2025_H3N2,plate11-A/SouthAustralia/2523812314/2025_H3N2,1119,0.7478,0.7478
seqneut25to26_sera_1046_d28,A/SouthAustralia/2523812314/2025_H3N2,plate11-A/SouthAustralia/2523812314/2025_H3N2,2575,0.9367,0.9367
seqneut25to26_sera_1046_d28,A/SouthAustralia/2523812314/2025_H3N2,plate11-A/SouthAustralia/2523812314/2025_H3N2,5921,0.9276,0.9276
seqneut25to26_sera_1046_d28,A/SouthAustralia/2523812314/2025_H3N2,plate11-A/SouthAustralia/2523812314/2025_H3N2,1.362e+04,1.022,1
seqneut25to26_sera_1046_d28,A/SouthAustralia/2524408801/2025_H3N2,plate11-A/SouthAustralia/2524408801/2025_H3N2,40,0.2331,0.2331
seqneut25to26_sera_1046_d28,A/SouthAustralia/2524408801/2025_H3N2,plate11-A/SouthAustralia/2524408801/2025_H3N2,92,0.3008,0.3008
seqneut25to26_sera_1046_d28,A/SouthAustralia/2524408801/2025_H3N2,plate11-A/SouthAustralia/2524408801/2025_H3N2,212,0.4371,0.4371
seqneut25to26_sera_1046_d28,A/SouthAustralia/2524408801/2025_H3N2,plate11-A/SouthAustralia/2524408801/2025_H3N2,487,0.5875,0.5875
seqneut25to26_sera_1046_d28,A/SouthAustralia/2524408801/2025_H3N2,plate11-A/SouthAustralia/2524408801/2025_H3N2,1119,0.6819,0.6819
seqneut25to26_sera_1046_d28,A/SouthAustralia/2524408801/2025_H3N2,plate11-A/SouthAustralia/2524408801/2025_H3N2,2575,0.7682,0.7682
seqneut25to26_sera_1046_d28,A/SouthAustralia/2524408801/2025_H3N2,plate11-A/SouthAustralia/2524408801/2025_H3N2,5921,0.944,0.944
seqneut25to26_sera_1046_d28,A/SouthAustralia/2524408801/2025_H3N2,plate11-A/SouthAustralia/2524408801/2025_H3N2,1.362e+04,1.005,1
seqneut25to26_sera_1046_d28,A/SouthAustralia/2524712956/2025_H1N1,plate11-A/SouthAustralia/2524712956/2025_H1N1,40,0.2184,0.2184
seqneut25to26_sera_1046_d28,A/SouthAustralia/2524712956/2025_H1N1,plate11-A/SouthAustralia/2524712956/2025_H1N1,92,0.3965,0.3965
seqneut25to26_sera_1046_d28,A/SouthAustralia/2524712956/2025_H1N1,plate11-A/SouthAustralia/2524712956/2025_H1N1,212,0.7152,0.7152
seqneut25to26_sera_1046_d28,A/SouthAustralia/2524712956/2025_H1N1,plate11-A/SouthAustralia/2524712956/2025_H1N1,487,1.115,1
seqneut25to26_sera_1046_d28,A/SouthAustralia/2524712956/2025_H1N1,plate11-A/SouthAustralia/2524712956/2025_H1N1,1119,1.155,1
seqneut25to26_sera_1046_d28,A/SouthAustralia/2524712956/2025_H1N1,plate11-A/SouthAustralia/2524712956/2025_H1N1,2575,1.072,1
seqneut25to26_sera_1046_d28,A/SouthAustralia/2524712956/2025_H1N1,plate11-A/SouthAustralia/2524712956/2025_H1N1,5921,1.312,1
seqneut25to26_sera_1046_d28,A/SouthAustralia/2524712956/2025_H1N1,plate11-A/SouthAustralia/2524712956/2025_H1N1,1.362e+04,1.264,1
seqneut25to26_sera_1046_d28,A/SouthAustralia/2525607496/2025_H3N2,plate11-A/SouthAustralia/2525607496/2025_H3N2,40,0.07262,0.07262
seqneut25to26_sera_1046_d28,A/SouthAustralia/2525607496/2025_H3N2,plate11-A/SouthAustralia/2525607496/2025_H3N2,92,0.3857,0.3857
seqneut25to26_sera_1046_d28,A/SouthAustralia/2525607496/2025_H3N2,plate11-A/SouthAustralia/2525607496/2025_H3N2,212,0.5333,0.5333
seqneut25to26_sera_1046_d28,A/SouthAustralia/2525607496/2025_H3N2,plate11-A/SouthAustralia/2525607496/2025_H3N2,487,0.6612,0.6612
seqneut25to26_sera_1046_d28,A/SouthAustralia/2525607496/2025_H3N2,plate11-A/SouthAustralia/2525607496/2025_H3N2,1119,0.9031,0.9031
seqneut25to26_sera_1046_d28,A/SouthAustralia/2525607496/2025_H3N2,plate11-A/SouthAustralia/2525607496/2025_H3N2,2575,0.7141,0.7141
seqneut25to26_sera_1046_d28,A/SouthAustralia/2525607496/2025_H3N2,plate11-A/SouthAustralia/2525607496/2025_H3N2,5921,1.05,1
seqneut25to26_sera_1046_d28,A/SouthAustralia/2525607496/2025_H3N2,plate11-A/SouthAustralia/2525607496/2025_H3N2,1.362e+04,1.298,1
seqneut25to26_sera_1046_d28,A/SouthAustralia/2527003588/2025_H3N2,plate11-A/SouthAustralia/2527003588/2025_H3N2,40,0.3805,0.3805
seqneut25to26_sera_1046_d28,A/SouthAustralia/2527003588/2025_H3N2,plate11-A/SouthAustralia/2527003588/2025_H3N2,92,0.6551,0.6551
seqneut25to26_sera_1046_d28,A/SouthAustralia/2527003588/2025_H3N2,plate11-A/SouthAustralia/2527003588/2025_H3N2,212,0.8559,0.8559
seqneut25to26_sera_1046_d28,A/SouthAustralia/2527003588/2025_H3N2,plate11-A/SouthAustralia/2527003588/2025_H3N2,487,0.6481,0.6481
seqneut25to26_sera_1046_d28,A/SouthAustralia/2527003588/2025_H3N2,plate11-A/SouthAustralia/2527003588/2025_H3N2,1119,1.248,1
seqneut25to26_sera_1046_d28,A/SouthAustralia/2527003588/2025_H3N2,plate11-A/SouthAustralia/2527003588/2025_H3N2,2575,0.8817,0.8817
seqneut25to26_sera_1046_d28,A/SouthAustralia/2527003588/2025_H3N2,plate11-A/SouthAustralia/2527003588/2025_H3N2,5921,1.343,1
seqneut25to26_sera_1046_d28,A/SouthAustralia/2527003588/2025_H3N2,plate11-A/SouthAustralia/2527003588/2025_H3N2,1.362e+04,1.036,1
seqneut25to26_sera_1046_d28,A/SouthAustralia/2527213276/2025_H3N2,plate11-A/SouthAustralia/2527213276/2025_H3N2,40,0.09069,0.09069
seqneut25to26_sera_1046_d28,A/SouthAustralia/2527213276/2025_H3N2,plate11-A/SouthAustralia/2527213276/2025_H3N2,92,0.1503,0.1503
seqneut25to26_sera_1046_d28,A/SouthAustralia/2527213276/2025_H3N2,plate11-A/SouthAustralia/2527213276/2025_H3N2,212,0.5009,0.5009
seqneut25to26_sera_1046_d28,A/SouthAustralia/2527213276/2025_H3N2,plate11-A/SouthAustralia/2527213276/2025_H3N2,487,0.6701,0.6701
seqneut25to26_sera_1046_d28,A/SouthAustralia/2527213276/2025_H3N2,plate11-A/SouthAustralia/2527213276/2025_H3N2,1119,1.033,1
seqneut25to26_sera_1046_d28,A/SouthAustralia/2527213276/2025_H3N2,plate11-A/SouthAustralia/2527213276/2025_H3N2,2575,0.9248,0.9248
seqneut25to26_sera_1046_d28,A/SouthAustralia/2527213276/2025_H3N2,plate11-A/SouthAustralia/2527213276/2025_H3N2,5921,1.1,1
seqneut25to26_sera_1046_d28,A/SouthAustralia/2527213276/2025_H3N2,plate11-A/SouthAustralia/2527213276/2025_H3N2,1.362e+04,0.9977,0.9977
seqneut25to26_sera_1046_d28,A/SouthAustralia/2527612456/2025_H1N1,plate11-A/SouthAustralia/2527612456/2025_H1N1,40,0.1557,0.1557
seqneut25to26_sera_1046_d28,A/SouthAustralia/2527612456/2025_H1N1,plate11-A/SouthAustralia/2527612456/2025_H1N1,92,0.4867,0.4867
seqneut25to26_sera_1046_d28,A/SouthAustralia/2527612456/2025_H1N1,plate11-A/SouthAustralia/2527612456/2025_H1N1,212,0.7903,0.7903
seqneut25to26_sera_1046_d28,A/SouthAustralia/2527612456/2025_H1N1,plate11-A/SouthAustralia/2527612456/2025_H1N1,487,0.8781,0.8781
seqneut25to26_sera_1046_d28,A/SouthAustralia/2527612456/2025_H1N1,plate11-A/SouthAustralia/2527612456/2025_H1N1,1119,1.044,1
seqneut25to26_sera_1046_d28,A/SouthAustralia/2527612456/2025_H1N1,plate11-A/SouthAustralia/2527612456/2025_H1N1,2575,1.095,1
seqneut25to26_sera_1046_d28,A/SouthAustralia/2527612456/2025_H1N1,plate11-A/SouthAustralia/2527612456/2025_H1N1,5921,1.36,1
seqneut25to26_sera_1046_d28,A/SouthAustralia/2527612456/2025_H1N1,plate11-A/SouthAustralia/2527612456/2025_H1N1,1.362e+04,1.067,1
seqneut25to26_sera_1046_d28,A/SouthAustralia/2527902708/2025_H3N2,plate11-A/SouthAustralia/2527902708/2025_H3N2,40,0.1744,0.1744
seqneut25to26_sera_1046_d28,A/SouthAustralia/2527902708/2025_H3N2,plate11-A/SouthAustralia/2527902708/2025_H3N2,92,0.612,0.612
seqneut25to26_sera_1046_d28,A/SouthAustralia/2527902708/2025_H3N2,plate11-A/SouthAustralia/2527902708/2025_H3N2,212,0.5999,0.5999
seqneut25to26_sera_1046_d28,A/SouthAustralia/2527902708/2025_H3N2,plate11-A/SouthAustralia/2527902708/2025_H3N2,487,0.7042,0.7042
seqneut25to26_sera_1046_d28,A/SouthAustralia/2527902708/2025_H3N2,plate11-A/SouthAustralia/2527902708/2025_H3N2,1119,0.9833,0.9833
seqneut25to26_sera_1046_d28,A/SouthAustralia/2527902708/2025_H3N2,plate11-A/SouthAustralia/2527902708/2025_H3N2,2575,0.9611,0.9611
seqneut25to26_sera_1046_d28,A/SouthAustralia/2527902708/2025_H3N2,plate11-A/SouthAustralia/2527902708/2025_H3N2,5921,1.116,1
seqneut25to26_sera_1046_d28,A/SouthAustralia/2527902708/2025_H3N2,plate11-A/SouthAustralia/2527902708/2025_H3N2,1.362e+04,1.367,1
seqneut25to26_sera_1046_d28,A/Sydney/1359/2024_H3N2,plate11-A/Sydney/1359/2024_H3N2,40,0.0695,0.0695
seqneut25to26_sera_1046_d28,A/Sydney/1359/2024_H3N2,plate11-A/Sydney/1359/2024_H3N2,92,0.2577,0.2577
seqneut25to26_sera_1046_d28,A/Sydney/1359/2024_H3N2,plate11-A/Sydney/1359/2024_H3N2,212,0.5072,0.5072
seqneut25to26_sera_1046_d28,A/Sydney/1359/2024_H3N2,plate11-A/Sydney/1359/2024_H3N2,487,0.7377,0.7377
seqneut25to26_sera_1046_d28,A/Sydney/1359/2024_H3N2,plate11-A/Sydney/1359/2024_H3N2,1119,0.7733,0.7733
seqneut25to26_sera_1046_d28,A/Sydney/1359/2024_H3N2,plate11-A/Sydney/1359/2024_H3N2,2575,0.8628,0.8628
seqneut25to26_sera_1046_d28,A/Sydney/1359/2024_H3N2,plate11-A/Sydney/1359/2024_H3N2,5921,0.9963,0.9963
seqneut25to26_sera_1046_d28,A/Sydney/1359/2024_H3N2,plate11-A/Sydney/1359/2024_H3N2,1.362e+04,0.9507,0.9507
seqneut25to26_sera_1046_d28,A/Sydney/400/2025_H1N1,plate11-A/Sydney/400/2025_H1N1,40,0.195,0.195
seqneut25to26_sera_1046_d28,A/Sydney/400/2025_H1N1,plate11-A/Sydney/400/2025_H1N1,92,0.3308,0.3308
seqneut25to26_sera_1046_d28,A/Sydney/400/2025_H1N1,plate11-A/Sydney/400/2025_H1N1,212,0.6772,0.6772
seqneut25to26_sera_1046_d28,A/Sydney/400/2025_H1N1,plate11-A/Sydney/400/2025_H1N1,487,0.8893,0.8893
seqneut25to26_sera_1046_d28,A/Sydney/400/2025_H1N1,plate11-A/Sydney/400/2025_H1N1,1119,1.134,1
seqneut25to26_sera_1046_d28,A/Sydney/400/2025_H1N1,plate11-A/Sydney/400/2025_H1N1,2575,0.9092,0.9092
seqneut25to26_sera_1046_d28,A/Sydney/400/2025_H1N1,plate11-A/Sydney/400/2025_H1N1,5921,1.272,1
seqneut25to26_sera_1046_d28,A/Sydney/400/2025_H1N1,plate11-A/Sydney/400/2025_H1N1,1.362e+04,1.317,1
seqneut25to26_sera_1046_d28,A/Tasmania/2521815682/2025_H3N2,plate11-A/Tasmania/2521815682/2025_H3N2,40,0.3049,0.3049
seqneut25to26_sera_1046_d28,A/Tasmania/2521815682/2025_H3N2,plate11-A/Tasmania/2521815682/2025_H3N2,92,0.2802,0.2802
seqneut25to26_sera_1046_d28,A/Tasmania/2521815682/2025_H3N2,plate11-A/Tasmania/2521815682/2025_H3N2,212,0.4917,0.4917
seqneut25to26_sera_1046_d28,A/Tasmania/2521815682/2025_H3N2,plate11-A/Tasmania/2521815682/2025_H3N2,487,0.7127,0.7127
seqneut25to26_sera_1046_d28,A/Tasmania/2521815682/2025_H3N2,plate11-A/Tasmania/2521815682/2025_H3N2,1119,0.8476,0.8476
seqneut25to26_sera_1046_d28,A/Tasmania/2521815682/2025_H3N2,plate11-A/Tasmania/2521815682/2025_H3N2,2575,0.825,0.825
seqneut25to26_sera_1046_d28,A/Tasmania/2521815682/2025_H3N2,plate11-A/Tasmania/2521815682/2025_H3N2,5921,0.9374,0.9374
seqneut25to26_sera_1046_d28,A/Tasmania/2521815682/2025_H3N2,plate11-A/Tasmania/2521815682/2025_H3N2,1.362e+04,0.9601,0.9601
seqneut25to26_sera_1046_d28,A/Thailand/8/2022_H3N2,plate11-A/Thailand/8/2022_H3N2,40,0.01433,0.01433
seqneut25to26_sera_1046_d28,A/Thailand/8/2022_H3N2,plate11-A/Thailand/8/2022_H3N2,92,0.01907,0.01907
seqneut25to26_sera_1046_d28,A/Thailand/8/2022_H3N2,plate11-A/Thailand/8/2022_H3N2,212,0.0871,0.0871
seqneut25to26_sera_1046_d28,A/Thailand/8/2022_H3N2,plate11-A/Thailand/8/2022_H3N2,487,0.2609,0.2609
seqneut25to26_sera_1046_d28,A/Thailand/8/2022_H3N2,plate11-A/Thailand/8/2022_H3N2,1119,0.3964,0.3964
seqneut25to26_sera_1046_d28,A/Thailand/8/2022_H3N2,plate11-A/Thailand/8/2022_H3N2,2575,0.4725,0.4725
seqneut25to26_sera_1046_d28,A/Thailand/8/2022_H3N2,plate11-A/Thailand/8/2022_H3N2,5921,0.6692,0.6692
seqneut25to26_sera_1046_d28,A/Thailand/8/2022_H3N2,plate11-A/Thailand/8/2022_H3N2,1.362e+04,0.8228,0.8228
seqneut25to26_sera_1046_d28,A/Vermont/73/2025_H3N2,plate11-A/Vermont/73/2025_H3N2,40,0.3255,0.3255
seqneut25to26_sera_1046_d28,A/Vermont/73/2025_H3N2,plate11-A/Vermont/73/2025_H3N2,92,0.2989,0.2989
seqneut25to26_sera_1046_d28,A/Vermont/73/2025_H3N2,plate11-A/Vermont/73/2025_H3N2,212,0.4112,0.4112
seqneut25to26_sera_1046_d28,A/Vermont/73/2025_H3N2,plate11-A/Vermont/73/2025_H3N2,487,0.6484,0.6484
seqneut25to26_sera_1046_d28,A/Vermont/73/2025_H3N2,plate11-A/Vermont/73/2025_H3N2,1119,0.6961,0.6961
seqneut25to26_sera_1046_d28,A/Vermont/73/2025_H3N2,plate11-A/Vermont/73/2025_H3N2,2575,0.7971,0.7971
seqneut25to26_sera_1046_d28,A/Vermont/73/2025_H3N2,plate11-A/Vermont/73/2025_H3N2,5921,1.245,1
seqneut25to26_sera_1046_d28,A/Vermont/73/2025_H3N2,plate11-A/Vermont/73/2025_H3N2,1.362e+04,1.244,1
seqneut25to26_sera_1046_d28,A/Victoria/4897/2022_IVR-238_H1N1,plate11-A/Victoria/4897/2022_IVR-238_H1N1,40,5.515e-05,5.515e-05
seqneut25to26_sera_1046_d28,A/Victoria/4897/2022_IVR-238_H1N1,plate11-A/Victoria/4897/2022_IVR-238_H1N1,92,0.0001651,0.0001651
seqneut25to26_sera_1046_d28,A/Victoria/4897/2022_IVR-238_H1N1,plate11-A/Victoria/4897/2022_IVR-238_H1N1,212,0.001332,0.001332
seqneut25to26_sera_1046_d28,A/Victoria/4897/2022_IVR-238_H1N1,plate11-A/Victoria/4897/2022_IVR-238_H1N1,487,0.2061,0.2061
seqneut25to26_sera_1046_d28,A/Victoria/4897/2022_IVR-238_H1N1,plate11-A/Victoria/4897/2022_IVR-238_H1N1,1119,0.7532,0.7532
seqneut25to26_sera_1046_d28,A/Victoria/4897/2022_IVR-238_H1N1,plate11-A/Victoria/4897/2022_IVR-238_H1N1,2575,1.155,1
seqneut25to26_sera_1046_d28,A/Victoria/4897/2022_IVR-238_H1N1,plate11-A/Victoria/4897/2022_IVR-238_H1N1,5921,1.34,1
seqneut25to26_sera_1046_d28,A/Victoria/4897/2022_IVR-238_H1N1,plate11-A/Victoria/4897/2022_IVR-238_H1N1,1.362e+04,1.223,1
seqneut25to26_sera_1046_d28,A/Wisconsin/588/2019_H1N1,plate11-A/Wisconsin/588/2019_H1N1,40,0.02602,0.02602
seqneut25to26_sera_1046_d28,A/Wisconsin/588/2019_H1N1,plate11-A/Wisconsin/588/2019_H1N1,92,0.1467,0.1467
seqneut25to26_sera_1046_d28,A/Wisconsin/588/2019_H1N1,plate11-A/Wisconsin/588/2019_H1N1,212,0.4854,0.4854
seqneut25to26_sera_1046_d28,A/Wisconsin/588/2019_H1N1,plate11-A/Wisconsin/588/2019_H1N1,487,0.8903,0.8903
seqneut25to26_sera_1046_d28,A/Wisconsin/588/2019_H1N1,plate11-A/Wisconsin/588/2019_H1N1,1119,1.093,1
seqneut25to26_sera_1046_d28,A/Wisconsin/588/2019_H1N1,plate11-A/Wisconsin/588/2019_H1N1,2575,1.058,1
seqneut25to26_sera_1046_d28,A/Wisconsin/588/2019_H1N1,plate11-A/Wisconsin/588/2019_H1N1,5921,1.216,1
seqneut25to26_sera_1046_d28,A/Wisconsin/588/2019_H1N1,plate11-A/Wisconsin/588/2019_H1N1,1.362e+04,1.08,1
seqneut25to26_sera_1046_d28,A/Wisconsin/67/2022_H1N1,plate11-A/Wisconsin/67/2022_H1N1,40,0.07797,0.07797
seqneut25to26_sera_1046_d28,A/Wisconsin/67/2022_H1N1,plate11-A/Wisconsin/67/2022_H1N1,92,0.3108,0.3108
seqneut25to26_sera_1046_d28,A/Wisconsin/67/2022_H1N1,plate11-A/Wisconsin/67/2022_H1N1,212,0.6529,0.6529
seqneut25to26_sera_1046_d28,A/Wisconsin/67/2022_H1N1,plate11-A/Wisconsin/67/2022_H1N1,487,0.7644,0.7644
seqneut25to26_sera_1046_d28,A/Wisconsin/67/2022_H1N1,plate11-A/Wisconsin/67/2022_H1N1,1119,1.043,1
seqneut25to26_sera_1046_d28,A/Wisconsin/67/2022_H1N1,plate11-A/Wisconsin/67/2022_H1N1,2575,1.081,1
seqneut25to26_sera_1046_d28,A/Wisconsin/67/2022_H1N1,plate11-A/Wisconsin/67/2022_H1N1,5921,1.173,1
seqneut25to26_sera_1046_d28,A/Wisconsin/67/2022_H1N1,plate11-A/Wisconsin/67/2022_H1N1,1.362e+04,1.106,1
seqneut25to26_sera_1046_d28,A/Zacapa/FLU-261/2025_H1N1,plate11-A/Zacapa/FLU-261/2025_H1N1,40,0.1153,0.1153
seqneut25to26_sera_1046_d28,A/Zacapa/FLU-261/2025_H1N1,plate11-A/Zacapa/FLU-261/2025_H1N1,92,0.3968,0.3968
seqneut25to26_sera_1046_d28,A/Zacapa/FLU-261/2025_H1N1,plate11-A/Zacapa/FLU-261/2025_H1N1,212,0.6617,0.6617
seqneut25to26_sera_1046_d28,A/Zacapa/FLU-261/2025_H1N1,plate11-A/Zacapa/FLU-261/2025_H1N1,487,0.8982,0.8982
seqneut25to26_sera_1046_d28,A/Zacapa/FLU-261/2025_H1N1,plate11-A/Zacapa/FLU-261/2025_H1N1,1119,1.221,1
seqneut25to26_sera_1046_d28,A/Zacapa/FLU-261/2025_H1N1,plate11-A/Zacapa/FLU-261/2025_H1N1,2575,1.153,1
seqneut25to26_sera_1046_d28,A/Zacapa/FLU-261/2025_H1N1,plate11-A/Zacapa/FLU-261/2025_H1N1,5921,1.329,1
seqneut25to26_sera_1046_d28,A/Zacapa/FLU-261/2025_H1N1,plate11-A/Zacapa/FLU-261/2025_H1N1,1.362e+04,1.232,1
seqneut25to26_sera_1048_d0,A/Alagoas/4130/2025_H3N2,plate11-A/Alagoas/4130/2025_H3N2,40,0.05314,0.05314
seqneut25to26_sera_1048_d0,A/Alagoas/4130/2025_H3N2,plate11-A/Alagoas/4130/2025_H3N2,92,0.2735,0.2735
seqneut25to26_sera_1048_d0,A/Alagoas/4130/2025_H3N2,plate11-A/Alagoas/4130/2025_H3N2,212,0.4822,0.4822
seqneut25to26_sera_1048_d0,A/Alagoas/4130/2025_H3N2,plate11-A/Alagoas/4130/2025_H3N2,487,0.6872,0.6872
seqneut25to26_sera_1048_d0,A/Alagoas/4130/2025_H3N2,plate11-A/Alagoas/4130/2025_H3N2,1119,1.006,1
seqneut25to26_sera_1048_d0,A/Alagoas/4130/2025_H3N2,plate11-A/Alagoas/4130/2025_H3N2,2575,0.6189,0.6189
seqneut25to26_sera_1048_d0,A/Alagoas/4130/2025_H3N2,plate11-A/Alagoas/4130/2025_H3N2,5921,0.862,0.862
seqneut25to26_sera_1048_d0,A/Alagoas/4130/2025_H3N2,plate11-A/Alagoas/4130/2025_H3N2,1.362e+04,1.05,1
seqneut25to26_sera_1048_d0,A/Anapolis/LEIAL6543/2025_H3N2,plate11-A/Anapolis/LEIAL6543/2025_H3N2,40,0.04402,0.04402
seqneut25to26_sera_1048_d0,A/Anapolis/LEIAL6543/2025_H3N2,plate11-A/Anapolis/LEIAL6543/2025_H3N2,92,0.1982,0.1982
seqneut25to26_sera_1048_d0,A/Anapolis/LEIAL6543/2025_H3N2,plate11-A/Anapolis/LEIAL6543/2025_H3N2,212,0.4987,0.4987
seqneut25to26_sera_1048_d0,A/Anapolis/LEIAL6543/2025_H3N2,plate11-A/Anapolis/LEIAL6543/2025_H3N2,487,0.6255,0.6255
seqneut25to26_sera_1048_d0,A/Anapolis/LEIAL6543/2025_H3N2,plate11-A/Anapolis/LEIAL6543/2025_H3N2,1119,0.8405,0.8405
seqneut25to26_sera_1048_d0,A/Anapolis/LEIAL6543/2025_H3N2,plate11-A/Anapolis/LEIAL6543/2025_H3N2,2575,0.7706,0.7706
seqneut25to26_sera_1048_d0,A/Anapolis/LEIAL6543/2025_H3N2,plate11-A/Anapolis/LEIAL6543/2025_H3N2,5921,1.043,1
seqneut25to26_sera_1048_d0,A/Anapolis/LEIAL6543/2025_H3N2,plate11-A/Anapolis/LEIAL6543/2025_H3N2,1.362e+04,0.9632,0.9632
seqneut25to26_sera_1048_d0,A/Andalucia/PMC-00977/2025_H1N1,plate11-A/Andalucia/PMC-00977/2025_H1N1,40,0.02735,0.02735
seqneut25to26_sera_1048_d0,A/Andalucia/PMC-00977/2025_H1N1,plate11-A/Andalucia/PMC-00977/2025_H1N1,92,0.322,0.322
seqneut25to26_sera_1048_d0,A/Andalucia/PMC-00977/2025_H1N1,plate11-A/Andalucia/PMC-00977/2025_H1N1,212,0.6713,0.6713
seqneut25to26_sera_1048_d0,A/Andalucia/PMC-00977/2025_H1N1,plate11-A/Andalucia/PMC-00977/2025_H1N1,487,0.8342,0.8342
seqneut25to26_sera_1048_d0,A/Andalucia/PMC-00977/2025_H1N1,plate11-A/Andalucia/PMC-00977/2025_H1N1,1119,1.199,1
seqneut25to26_sera_1048_d0,A/Andalucia/PMC-00977/2025_H1N1,plate11-A/Andalucia/PMC-00977/2025_H1N1,2575,0.7886,0.7886
seqneut25to26_sera_1048_d0,A/Andalucia/PMC-00977/2025_H1N1,plate11-A/Andalucia/PMC-00977/2025_H1N1,5921,1.073,1
seqneut25to26_sera_1048_d0,A/Andalucia/PMC-00977/2025_H1N1,plate11-A/Andalucia/PMC-00977/2025_H1N1,1.362e+04,1.161,1
seqneut25to26_sera_1048_d0,A/Aragon/2046/2025_H1N1,plate11-A/Aragon/2046/2025_H1N1,40,0.0393,0.0393
seqneut25to26_sera_1048_d0,A/Aragon/2046/2025_H1N1,plate11-A/Aragon/2046/2025_H1N1,92,0.4036,0.4036
seqneut25to26_sera_1048_d0,A/Aragon/2046/2025_H1N1,plate11-A/Aragon/2046/2025_H1N1,212,0.5903,0.5903
seqneut25to26_sera_1048_d0,A/Aragon/2046/2025_H1N1,plate11-A/Aragon/2046/2025_H1N1,487,0.7721,0.7721
seqneut25to26_sera_1048_d0,A/Aragon/2046/2025_H1N1,plate11-A/Aragon/2046/2025_H1N1,1119,1.145,1
seqneut25to26_sera_1048_d0,A/Aragon/2046/2025_H1N1,plate11-A/Aragon/2046/2025_H1N1,2575,0.9423,0.9423
seqneut25to26_sera_1048_d0,A/Aragon/2046/2025_H1N1,plate11-A/Aragon/2046/2025_H1N1,5921,1.114,1
seqneut25to26_sera_1048_d0,A/Aragon/2046/2025_H1N1,plate11-A/Aragon/2046/2025_H1N1,1.362e+04,1.213,1
seqneut25to26_sera_1048_d0,A/Arica/59150/2025_H3N2,plate11-A/Arica/59150/2025_H3N2,40,0.1473,0.1473
seqneut25to26_sera_1048_d0,A/Arica/59150/2025_H3N2,plate11-A/Arica/59150/2025_H3N2,92,0.3282,0.3282
seqneut25to26_sera_1048_d0,A/Arica/59150/2025_H3N2,plate11-A/Arica/59150/2025_H3N2,212,0.5084,0.5084
seqneut25to26_sera_1048_d0,A/Arica/59150/2025_H3N2,plate11-A/Arica/59150/2025_H3N2,487,0.7149,0.7149
seqneut25to26_sera_1048_d0,A/Arica/59150/2025_H3N2,plate11-A/Arica/59150/2025_H3N2,1119,0.7905,0.7905
seqneut25to26_sera_1048_d0,A/Arica/59150/2025_H3N2,plate11-A/Arica/59150/2025_H3N2,2575,0.6144,0.6144
seqneut25to26_sera_1048_d0,A/Arica/59150/2025_H3N2,plate11-A/Arica/59150/2025_H3N2,5921,1.084,1
seqneut25to26_sera_1048_d0,A/Arica/59150/2025_H3N2,plate11-A/Arica/59150/2025_H3N2,1.362e+04,0.916,0.916
seqneut25to26_sera_1048_d0,A/Bahia/3102/2025_H3N2,plate11-A/Bahia/3102/2025_H3N2,40,0.1204,0.1204
seqneut25to26_sera_1048_d0,A/Bahia/3102/2025_H3N2,plate11-A/Bahia/3102/2025_H3N2,92,0.1901,0.1901
seqneut25to26_sera_1048_d0,A/Bahia/3102/2025_H3N2,plate11-A/Bahia/3102/2025_H3N2,212,0.3763,0.3763
seqneut25to26_sera_1048_d0,A/Bahia/3102/2025_H3N2,plate11-A/Bahia/3102/2025_H3N2,487,0.6257,0.6257
seqneut25to26_sera_1048_d0,A/Bahia/3102/2025_H3N2,plate11-A/Bahia/3102/2025_H3N2,1119,0.7411,0.7411
seqneut25to26_sera_1048_d0,A/Bahia/3102/2025_H3N2,plate11-A/Bahia/3102/2025_H3N2,2575,0.6845,0.6845
seqneut25to26_sera_1048_d0,A/Bahia/3102/2025_H3N2,plate11-A/Bahia/3102/2025_H3N2,5921,0.9194,0.9194
seqneut25to26_sera_1048_d0,A/Bahia/3102/2025_H3N2,plate11-A/Bahia/3102/2025_H3N2,1.362e+04,0.9283,0.9283
seqneut25to26_sera_1048_d0,A/Bangkok/1803/2025_H1N1,plate11-A/Bangkok/1803/2025_H1N1,40,0.04332,0.04332
seqneut25to26_sera_1048_d0,A/Bangkok/1803/2025_H1N1,plate11-A/Bangkok/1803/2025_H1N1,92,0.2279,0.2279
seqneut25to26_sera_1048_d0,A/Bangkok/1803/2025_H1N1,plate11-A/Bangkok/1803/2025_H1N1,212,0.6561,0.6561
seqneut25to26_sera_1048_d0,A/Bangkok/1803/2025_H1N1,plate11-A/Bangkok/1803/2025_H1N1,487,0.9652,0.9652
seqneut25to26_sera_1048_d0,A/Bangkok/1803/2025_H1N1,plate11-A/Bangkok/1803/2025_H1N1,1119,1.204,1
seqneut25to26_sera_1048_d0,A/Bangkok/1803/2025_H1N1,plate11-A/Bangkok/1803/2025_H1N1,2575,0.8601,0.8601
seqneut25to26_sera_1048_d0,A/Bangkok/1803/2025_H1N1,plate11-A/Bangkok/1803/2025_H1N1,5921,1.09,1
seqneut25to26_sera_1048_d0,A/Bangkok/1803/2025_H1N1,plate11-A/Bangkok/1803/2025_H1N1,1.362e+04,1.111,1
seqneut25to26_sera_1048_d0,A/Bangkok/P2229/2025_H1N1,plate11-A/Bangkok/P2229/2025_H1N1,40,0.02847,0.02847
seqneut25to26_sera_1048_d0,A/Bangkok/P2229/2025_H1N1,plate11-A/Bangkok/P2229/2025_H1N1,92,0.1879,0.1879
seqneut25to26_sera_1048_d0,A/Bangkok/P2229/2025_H1N1,plate11-A/Bangkok/P2229/2025_H1N1,212,0.5312,0.5312
seqneut25to26_sera_1048_d0,A/Bangkok/P2229/2025_H1N1,plate11-A/Bangkok/P2229/2025_H1N1,487,0.8653,0.8653
seqneut25to26_sera_1048_d0,A/Bangkok/P2229/2025_H1N1,plate11-A/Bangkok/P2229/2025_H1N1,1119,1.189,1
seqneut25to26_sera_1048_d0,A/Bangkok/P2229/2025_H1N1,plate11-A/Bangkok/P2229/2025_H1N1,2575,0.7691,0.7691
seqneut25to26_sera_1048_d0,A/Bangkok/P2229/2025_H1N1,plate11-A/Bangkok/P2229/2025_H1N1,5921,1.148,1
seqneut25to26_sera_1048_d0,A/Bangkok/P2229/2025_H1N1,plate11-A/Bangkok/P2229/2025_H1N1,1.362e+04,1.212,1
seqneut25to26_sera_1048_d0,A/Bangkok/P2323/2025_H3N2,plate11-A/Bangkok/P2323/2025_H3N2,40,0.1283,0.1283
seqneut25to26_sera_1048_d0,A/Bangkok/P2323/2025_H3N2,plate11-A/Bangkok/P2323/2025_H3N2,92,0.3714,0.3714
seqneut25to26_sera_1048_d0,A/Bangkok/P2323/2025_H3N2,plate11-A/Bangkok/P2323/2025_H3N2,212,0.4586,0.4586
seqneut25to26_sera_1048_d0,A/Bangkok/P2323/2025_H3N2,plate11-A/Bangkok/P2323/2025_H3N2,487,0.7393,0.7393
seqneut25to26_sera_1048_d0,A/Bangkok/P2323/2025_H3N2,plate11-A/Bangkok/P2323/2025_H3N2,1119,0.8689,0.8689
seqneut25to26_sera_1048_d0,A/Bangkok/P2323/2025_H3N2,plate11-A/Bangkok/P2323/2025_H3N2,2575,0.6093,0.6093
seqneut25to26_sera_1048_d0,A/Bangkok/P2323/2025_H3N2,plate11-A/Bangkok/P2323/2025_H3N2,5921,0.9757,0.9757
seqneut25to26_sera_1048_d0,A/Bangkok/P2323/2025_H3N2,plate11-A/Bangkok/P2323/2025_H3N2,1.362e+04,0.8951,0.8951
seqneut25to26_sera_1048_d0,A/Bangkok/P2390/2025_H3N2,plate11-A/Bangkok/P2390/2025_H3N2,40,0.09537,0.09537
seqneut25to26_sera_1048_d0,A/Bangkok/P2390/2025_H3N2,plate11-A/Bangkok/P2390/2025_H3N2,92,0.345,0.345
seqneut25to26_sera_1048_d0,A/Bangkok/P2390/2025_H3N2,plate11-A/Bangkok/P2390/2025_H3N2,212,0.4803,0.4803
seqneut25to26_sera_1048_d0,A/Bangkok/P2390/2025_H3N2,plate11-A/Bangkok/P2390/2025_H3N2,487,0.6803,0.6803
seqneut25to26_sera_1048_d0,A/Bangkok/P2390/2025_H3N2,plate11-A/Bangkok/P2390/2025_H3N2,1119,0.9227,0.9227
seqneut25to26_sera_1048_d0,A/Bangkok/P2390/2025_H3N2,plate11-A/Bangkok/P2390/2025_H3N2,2575,0.6134,0.6134
seqneut25to26_sera_1048_d0,A/Bangkok/P2390/2025_H3N2,plate11-A/Bangkok/P2390/2025_H3N2,5921,0.825,0.825
seqneut25to26_sera_1048_d0,A/Bangkok/P2390/2025_H3N2,plate11-A/Bangkok/P2390/2025_H3N2,1.362e+04,0.9924,0.9924
seqneut25to26_sera_1048_d0,A/Bangkok/P2391/2025_H3N2,plate11-A/Bangkok/P2391/2025_H3N2,40,0.1862,0.1862
seqneut25to26_sera_1048_d0,A/Bangkok/P2391/2025_H3N2,plate11-A/Bangkok/P2391/2025_H3N2,92,0.4168,0.4168
seqneut25to26_sera_1048_d0,A/Bangkok/P2391/2025_H3N2,plate11-A/Bangkok/P2391/2025_H3N2,212,0.6164,0.6164
seqneut25to26_sera_1048_d0,A/Bangkok/P2391/2025_H3N2,plate11-A/Bangkok/P2391/2025_H3N2,487,0.7426,0.7426
seqneut25to26_sera_1048_d0,A/Bangkok/P2391/2025_H3N2,plate11-A/Bangkok/P2391/2025_H3N2,1119,0.8642,0.8642
seqneut25to26_sera_1048_d0,A/Bangkok/P2391/2025_H3N2,plate11-A/Bangkok/P2391/2025_H3N2,2575,0.5593,0.5593
seqneut25to26_sera_1048_d0,A/Bangkok/P2391/2025_H3N2,plate11-A/Bangkok/P2391/2025_H3N2,5921,0.9312,0.9312
seqneut25to26_sera_1048_d0,A/Bangkok/P2391/2025_H3N2,plate11-A/Bangkok/P2391/2025_H3N2,1.362e+04,0.957,0.957
seqneut25to26_sera_1048_d0,A/Bangkok/P2572/2025_H3N2,plate11-A/Bangkok/P2572/2025_H3N2,40,0.1479,0.1479
seqneut25to26_sera_1048_d0,A/Bangkok/P2572/2025_H3N2,plate11-A/Bangkok/P2572/2025_H3N2,92,0.4182,0.4182
seqneut25to26_sera_1048_d0,A/Bangkok/P2572/2025_H3N2,plate11-A/Bangkok/P2572/2025_H3N2,212,0.8023,0.8023
seqneut25to26_sera_1048_d0,A/Bangkok/P2572/2025_H3N2,plate11-A/Bangkok/P2572/2025_H3N2,487,0.7151,0.7151
seqneut25to26_sera_1048_d0,A/Bangkok/P2572/2025_H3N2,plate11-A/Bangkok/P2572/2025_H3N2,1119,0.8467,0.8467
seqneut25to26_sera_1048_d0,A/Bangkok/P2572/2025_H3N2,plate11-A/Bangkok/P2572/2025_H3N2,2575,0.6766,0.6766
seqneut25to26_sera_1048_d0,A/Bangkok/P2572/2025_H3N2,plate11-A/Bangkok/P2572/2025_H3N2,5921,1.005,1
seqneut25to26_sera_1048_d0,A/Bangkok/P2572/2025_H3N2,plate11-A/Bangkok/P2572/2025_H3N2,1.362e+04,0.9438,0.9438
seqneut25to26_sera_1048_d0,A/Bangkok/P2921/2025_H3N2,plate11-A/Bangkok/P2921/2025_H3N2,40,0.3292,0.3292
seqneut25to26_sera_1048_d0,A/Bangkok/P2921/2025_H3N2,plate11-A/Bangkok/P2921/2025_H3N2,92,0.562,0.562
seqneut25to26_sera_1048_d0,A/Bangkok/P2921/2025_H3N2,plate11-A/Bangkok/P2921/2025_H3N2,212,0.6894,0.6894
seqneut25to26_sera_1048_d0,A/Bangkok/P2921/2025_H3N2,plate11-A/Bangkok/P2921/2025_H3N2,487,0.8129,0.8129
seqneut25to26_sera_1048_d0,A/Bangkok/P2921/2025_H3N2,plate11-A/Bangkok/P2921/2025_H3N2,1119,1.07,1
seqneut25to26_sera_1048_d0,A/Bangkok/P2921/2025_H3N2,plate11-A/Bangkok/P2921/2025_H3N2,2575,0.7153,0.7153
seqneut25to26_sera_1048_d0,A/Bangkok/P2921/2025_H3N2,plate11-A/Bangkok/P2921/2025_H3N2,5921,1.051,1
seqneut25to26_sera_1048_d0,A/Bangkok/P2921/2025_H3N2,plate11-A/Bangkok/P2921/2025_H3N2,1.362e+04,0.9353,0.9353
seqneut25to26_sera_1048_d0,A/Bangkok/P3067/2025_H1N1,plate11-A/Bangkok/P3067/2025_H1N1,40,0.00719,0.00719
seqneut25to26_sera_1048_d0,A/Bangkok/P3067/2025_H1N1,plate11-A/Bangkok/P3067/2025_H1N1,92,0.1561,0.1561
seqneut25to26_sera_1048_d0,A/Bangkok/P3067/2025_H1N1,plate11-A/Bangkok/P3067/2025_H1N1,212,0.4366,0.4366
seqneut25to26_sera_1048_d0,A/Bangkok/P3067/2025_H1N1,plate11-A/Bangkok/P3067/2025_H1N1,487,0.8103,0.8103
seqneut25to26_sera_1048_d0,A/Bangkok/P3067/2025_H1N1,plate11-A/Bangkok/P3067/2025_H1N1,1119,1.049,1
seqneut25to26_sera_1048_d0,A/Bangkok/P3067/2025_H1N1,plate11-A/Bangkok/P3067/2025_H1N1,2575,0.8756,0.8756
seqneut25to26_sera_1048_d0,A/Bangkok/P3067/2025_H1N1,plate11-A/Bangkok/P3067/2025_H1N1,5921,1.336,1
seqneut25to26_sera_1048_d0,A/Bangkok/P3067/2025_H1N1,plate11-A/Bangkok/P3067/2025_H1N1,1.362e+04,1.166,1
seqneut25to26_sera_1048_d0,A/Bangkok/P3263/2025_H3N2,plate11-A/Bangkok/P3263/2025_H3N2,40,0.08924,0.08924
seqneut25to26_sera_1048_d0,A/Bangkok/P3263/2025_H3N2,plate11-A/Bangkok/P3263/2025_H3N2,92,0.3908,0.3908
seqneut25to26_sera_1048_d0,A/Bangkok/P3263/2025_H3N2,plate11-A/Bangkok/P3263/2025_H3N2,212,0.4383,0.4383
seqneut25to26_sera_1048_d0,A/Bangkok/P3263/2025_H3N2,plate11-A/Bangkok/P3263/2025_H3N2,487,0.606,0.606
seqneut25to26_sera_1048_d0,A/Bangkok/P3263/2025_H3N2,plate11-A/Bangkok/P3263/2025_H3N2,1119,0.8045,0.8045
seqneut25to26_sera_1048_d0,A/Bangkok/P3263/2025_H3N2,plate11-A/Bangkok/P3263/2025_H3N2,2575,0.5783,0.5783
seqneut25to26_sera_1048_d0,A/Bangkok/P3263/2025_H3N2,plate11-A/Bangkok/P3263/2025_H3N2,5921,0.7633,0.7633
seqneut25to26_sera_1048_d0,A/Bangkok/P3263/2025_H3N2,plate11-A/Bangkok/P3263/2025_H3N2,1.362e+04,1.001,1
seqneut25to26_sera_1048_d0,A/Belgium/H0097/2025_H3N2,plate11-A/Belgium/H0097/2025_H3N2,40,0.1971,0.1971
seqneut25to26_sera_1048_d0,A/Belgium/H0097/2025_H3N2,plate11-A/Belgium/H0097/2025_H3N2,92,0.5205,0.5205
seqneut25to26_sera_1048_d0,A/Belgium/H0097/2025_H3N2,plate11-A/Belgium/H0097/2025_H3N2,212,0.6035,0.6035
seqneut25to26_sera_1048_d0,A/Belgium/H0097/2025_H3N2,plate11-A/Belgium/H0097/2025_H3N2,487,0.8388,0.8388
seqneut25to26_sera_1048_d0,A/Belgium/H0097/2025_H3N2,plate11-A/Belgium/H0097/2025_H3N2,1119,0.9387,0.9387
seqneut25to26_sera_1048_d0,A/Belgium/H0097/2025_H3N2,plate11-A/Belgium/H0097/2025_H3N2,2575,0.6254,0.6254
seqneut25to26_sera_1048_d0,A/Belgium/H0097/2025_H3N2,plate11-A/Belgium/H0097/2025_H3N2,5921,0.8768,0.8768
seqneut25to26_sera_1048_d0,A/Belgium/H0097/2025_H3N2,plate11-A/Belgium/H0097/2025_H3N2,1.362e+04,0.936,0.936
seqneut25to26_sera_1048_d0,A/Bhutan/1267/2025_H3N2,plate11-A/Bhutan/1267/2025_H3N2,40,0.07513,0.07513
seqneut25to26_sera_1048_d0,A/Bhutan/1267/2025_H3N2,plate11-A/Bhutan/1267/2025_H3N2,92,0.4112,0.4112
seqneut25to26_sera_1048_d0,A/Bhutan/1267/2025_H3N2,plate11-A/Bhutan/1267/2025_H3N2,212,0.4987,0.4987
seqneut25to26_sera_1048_d0,A/Bhutan/1267/2025_H3N2,plate11-A/Bhutan/1267/2025_H3N2,487,0.729,0.729
seqneut25to26_sera_1048_d0,A/Bhutan/1267/2025_H3N2,plate11-A/Bhutan/1267/2025_H3N2,1119,0.8191,0.8191
seqneut25to26_sera_1048_d0,A/Bhutan/1267/2025_H3N2,plate11-A/Bhutan/1267/2025_H3N2,2575,0.5498,0.5498
seqneut25to26_sera_1048_d0,A/Bhutan/1267/2025_H3N2,plate11-A/Bhutan/1267/2025_H3N2,5921,0.875,0.875
seqneut25to26_sera_1048_d0,A/Bhutan/1267/2025_H3N2,plate11-A/Bhutan/1267/2025_H3N2,1.362e+04,0.9782,0.9782
seqneut25to26_sera_1048_d0,A/Bhutan/7/2025_H3N2,plate11-A/Bhutan/7/2025_H3N2,40,0.05094,0.05094
seqneut25to26_sera_1048_d0,A/Bhutan/7/2025_H3N2,plate11-A/Bhutan/7/2025_H3N2,92,0.3256,0.3256
seqneut25to26_sera_1048_d0,A/Bhutan/7/2025_H3N2,plate11-A/Bhutan/7/2025_H3N2,212,0.6688,0.6688
seqneut25to26_sera_1048_d0,A/Bhutan/7/2025_H3N2,plate11-A/Bhutan/7/2025_H3N2,487,0.6704,0.6704
seqneut25to26_sera_1048_d0,A/Bhutan/7/2025_H3N2,plate11-A/Bhutan/7/2025_H3N2,1119,0.9268,0.9268
seqneut25to26_sera_1048_d0,A/Bhutan/7/2025_H3N2,plate11-A/Bhutan/7/2025_H3N2,2575,0.7002,0.7002
seqneut25to26_sera_1048_d0,A/Bhutan/7/2025_H3N2,plate11-A/Bhutan/7/2025_H3N2,5921,0.832,0.832
seqneut25to26_sera_1048_d0,A/Bhutan/7/2025_H3N2,plate11-A/Bhutan/7/2025_H3N2,1.362e+04,1.009,1
seqneut25to26_sera_1048_d0,A/BritishColumbia/PHL-2473/2025_H1N1,plate11-A/BritishColumbia/PHL-2473/2025_H1N1,40,0.01435,0.01435
seqneut25to26_sera_1048_d0,A/BritishColumbia/PHL-2473/2025_H1N1,plate11-A/BritishColumbia/PHL-2473/2025_H1N1,92,0.2082,0.2082
seqneut25to26_sera_1048_d0,A/BritishColumbia/PHL-2473/2025_H1N1,plate11-A/BritishColumbia/PHL-2473/2025_H1N1,212,0.493,0.493
seqneut25to26_sera_1048_d0,A/BritishColumbia/PHL-2473/2025_H1N1,plate11-A/BritishColumbia/PHL-2473/2025_H1N1,487,0.7494,0.7494
seqneut25to26_sera_1048_d0,A/BritishColumbia/PHL-2473/2025_H1N1,plate11-A/BritishColumbia/PHL-2473/2025_H1N1,1119,1.123,1
seqneut25to26_sera_1048_d0,A/BritishColumbia/PHL-2473/2025_H1N1,plate11-A/BritishColumbia/PHL-2473/2025_H1N1,2575,0.8586,0.8586
seqneut25to26_sera_1048_d0,A/BritishColumbia/PHL-2473/2025_H1N1,plate11-A/BritishColumbia/PHL-2473/2025_H1N1,5921,1.1,1
seqneut25to26_sera_1048_d0,A/BritishColumbia/PHL-2473/2025_H1N1,plate11-A/BritishColumbia/PHL-2473/2025_H1N1,1.362e+04,1.175,1
seqneut25to26_sera_1048_d0,A/California/61/2025_H3N2,plate11-A/California/61/2025_H3N2,40,0.1412,0.1412
seqneut25to26_sera_1048_d0,A/California/61/2025_H3N2,plate11-A/California/61/2025_H3N2,92,0.3751,0.3751
seqneut25to26_sera_1048_d0,A/California/61/2025_H3N2,plate11-A/California/61/2025_H3N2,212,0.5441,0.5441
seqneut25to26_sera_1048_d0,A/California/61/2025_H3N2,plate11-A/California/61/2025_H3N2,487,0.7968,0.7968
seqneut25to26_sera_1048_d0,A/California/61/2025_H3N2,plate11-A/California/61/2025_H3N2,1119,0.7889,0.7889
seqneut25to26_sera_1048_d0,A/California/61/2025_H3N2,plate11-A/California/61/2025_H3N2,2575,0.6439,0.6439
seqneut25to26_sera_1048_d0,A/California/61/2025_H3N2,plate11-A/California/61/2025_H3N2,5921,0.8711,0.8711
seqneut25to26_sera_1048_d0,A/California/61/2025_H3N2,plate11-A/California/61/2025_H3N2,1.362e+04,0.9996,0.9996
seqneut25to26_sera_1048_d0,A/California/63/2025_H1N1,plate11-A/California/63/2025_H1N1,40,0.01298,0.01298
seqneut25to26_sera_1048_d0,A/California/63/2025_H1N1,plate11-A/California/63/2025_H1N1,92,0.1849,0.1849
seqneut25to26_sera_1048_d0,A/California/63/2025_H1N1,plate11-A/California/63/2025_H1N1,212,0.4965,0.4965
seqneut25to26_sera_1048_d0,A/California/63/2025_H1N1,plate11-A/California/63/2025_H1N1,487,0.78,0.78
seqneut25to26_sera_1048_d0,A/California/63/2025_H1N1,plate11-A/California/63/2025_H1N1,1119,1.209,1
seqneut25to26_sera_1048_d0,A/California/63/2025_H1N1,plate11-A/California/63/2025_H1N1,2575,0.795,0.795
seqneut25to26_sera_1048_d0,A/California/63/2025_H1N1,plate11-A/California/63/2025_H1N1,5921,0.9645,0.9645
seqneut25to26_sera_1048_d0,A/California/63/2025_H1N1,plate11-A/California/63/2025_H1N1,1.362e+04,1.166,1
seqneut25to26_sera_1048_d0,A/Canberra/465/2025_H1N1,plate11-A/Canberra/465/2025_H1N1,40,0.0132,0.0132
seqneut25to26_sera_1048_d0,A/Canberra/465/2025_H1N1,plate11-A/Canberra/465/2025_H1N1,92,0.1047,0.1047
seqneut25to26_sera_1048_d0,A/Canberra/465/2025_H1N1,plate11-A/Canberra/465/2025_H1N1,212,0.4505,0.4505
seqneut25to26_sera_1048_d0,A/Canberra/465/2025_H1N1,plate11-A/Canberra/465/2025_H1N1,487,0.6938,0.6938
seqneut25to26_sera_1048_d0,A/Canberra/465/2025_H1N1,plate11-A/Canberra/465/2025_H1N1,1119,0.9463,0.9463
seqneut25to26_sera_1048_d0,A/Canberra/465/2025_H1N1,plate11-A/Canberra/465/2025_H1N1,2575,0.9571,0.9571
seqneut25to26_sera_1048_d0,A/Canberra/465/2025_H1N1,plate11-A/Canberra/465/2025_H1N1,5921,1.106,1
seqneut25to26_sera_1048_d0,A/Canberra/465/2025_H1N1,plate11-A/Canberra/465/2025_H1N1,1.362e+04,1.199,1
seqneut25to26_sera_1048_d0,A/Canberra/530/2025_H1N1,plate11-A/Canberra/530/2025_H1N1,40,0.01111,0.01111
seqneut25to26_sera_1048_d0,A/Canberra/530/2025_H1N1,plate11-A/Canberra/530/2025_H1N1,92,0.1476,0.1476
seqneut25to26_sera_1048_d0,A/Canberra/530/2025_H1N1,plate11-A/Canberra/530/2025_H1N1,212,0.5728,0.5728
seqneut25to26_sera_1048_d0,A/Canberra/530/2025_H1N1,plate11-A/Canberra/530/2025_H1N1,487,0.7956,0.7956
seqneut25to26_sera_1048_d0,A/Canberra/530/2025_H1N1,plate11-A/Canberra/530/2025_H1N1,1119,1.121,1
seqneut25to26_sera_1048_d0,A/Canberra/530/2025_H1N1,plate11-A/Canberra/530/2025_H1N1,2575,0.7759,0.7759
seqneut25to26_sera_1048_d0,A/Canberra/530/2025_H1N1,plate11-A/Canberra/530/2025_H1N1,5921,1.166,1
seqneut25to26_sera_1048_d0,A/Canberra/530/2025_H1N1,plate11-A/Canberra/530/2025_H1N1,1.362e+04,1.23,1
seqneut25to26_sera_1048_d0,A/Catalonia/NSVH102689455/2025_H1N1,plate11-A/Catalonia/NSVH102689455/2025_H1N1,40,0.007962,0.007962
seqneut25to26_sera_1048_d0,A/Catalonia/NSVH102689455/2025_H1N1,plate11-A/Catalonia/NSVH102689455/2025_H1N1,92,0.1223,0.1223
seqneut25to26_sera_1048_d0,A/Catalonia/NSVH102689455/2025_H1N1,plate11-A/Catalonia/NSVH102689455/2025_H1N1,212,0.4905,0.4905
seqneut25to26_sera_1048_d0,A/Catalonia/NSVH102689455/2025_H1N1,plate11-A/Catalonia/NSVH102689455/2025_H1N1,487,0.7581,0.7581
seqneut25to26_sera_1048_d0,A/Catalonia/NSVH102689455/2025_H1N1,plate11-A/Catalonia/NSVH102689455/2025_H1N1,1119,1.008,1
seqneut25to26_sera_1048_d0,A/Catalonia/NSVH102689455/2025_H1N1,plate11-A/Catalonia/NSVH102689455/2025_H1N1,2575,0.7661,0.7661
seqneut25to26_sera_1048_d0,A/Catalonia/NSVH102689455/2025_H1N1,plate11-A/Catalonia/NSVH102689455/2025_H1N1,5921,1.289,1
seqneut25to26_sera_1048_d0,A/Catalonia/NSVH102689455/2025_H1N1,plate11-A/Catalonia/NSVH102689455/2025_H1N1,1.362e+04,1.168,1
seqneut25to26_sera_1048_d0,A/Colorado/105/2025_H1N1,plate11-A/Colorado/105/2025_H1N1,40,0.01781,0.01781
seqneut25to26_sera_1048_d0,A/Colorado/105/2025_H1N1,plate11-A/Colorado/105/2025_H1N1,92,0.2632,0.2632
seqneut25to26_sera_1048_d0,A/Colorado/105/2025_H1N1,plate11-A/Colorado/105/2025_H1N1,212,0.673,0.673
seqneut25to26_sera_1048_d0,A/Colorado/105/2025_H1N1,plate11-A/Colorado/105/2025_H1N1,487,0.8991,0.8991
seqneut25to26_sera_1048_d0,A/Colorado/105/2025_H1N1,plate11-A/Colorado/105/2025_H1N1,1119,0.8957,0.8957
seqneut25to26_sera_1048_d0,A/Colorado/105/2025_H1N1,plate11-A/Colorado/105/2025_H1N1,2575,0.767,0.767
seqneut25to26_sera_1048_d0,A/Colorado/105/2025_H1N1,plate11-A/Colorado/105/2025_H1N1,5921,1.209,1
seqneut25to26_sera_1048_d0,A/Colorado/105/2025_H1N1,plate11-A/Colorado/105/2025_H1N1,1.362e+04,1.304,1
seqneut25to26_sera_1048_d0,A/CoteDIvoire/2007/2025_H1N1,plate11-A/CoteDIvoire/2007/2025_H1N1,40,0.009699,0.009699
seqneut25to26_sera_1048_d0,A/CoteDIvoire/2007/2025_H1N1,plate11-A/CoteDIvoire/2007/2025_H1N1,92,0.1661,0.1661
seqneut25to26_sera_1048_d0,A/CoteDIvoire/2007/2025_H1N1,plate11-A/CoteDIvoire/2007/2025_H1N1,212,0.4751,0.4751
seqneut25to26_sera_1048_d0,A/CoteDIvoire/2007/2025_H1N1,plate11-A/CoteDIvoire/2007/2025_H1N1,487,0.7891,0.7891
seqneut25to26_sera_1048_d0,A/CoteDIvoire/2007/2025_H1N1,plate11-A/CoteDIvoire/2007/2025_H1N1,1119,1.015,1
seqneut25to26_sera_1048_d0,A/CoteDIvoire/2007/2025_H1N1,plate11-A/CoteDIvoire/2007/2025_H1N1,2575,0.8745,0.8745
seqneut25to26_sera_1048_d0,A/CoteDIvoire/2007/2025_H1N1,plate11-A/CoteDIvoire/2007/2025_H1N1,5921,1.006,1
seqneut25to26_sera_1048_d0,A/CoteDIvoire/2007/2025_H1N1,plate11-A/CoteDIvoire/2007/2025_H1N1,1.362e+04,1.076,1
seqneut25to26_sera_1048_d0,A/Croatia/10136RV/2023-egg_H3N2,plate11-A/Croatia/10136RV/2023-egg_H3N2,40,0.001927,0.001927
seqneut25to26_sera_1048_d0,A/Croatia/10136RV/2023-egg_H3N2,plate11-A/Croatia/10136RV/2023-egg_H3N2,92,0.1199,0.1199
seqneut25to26_sera_1048_d0,A/Croatia/10136RV/2023-egg_H3N2,plate11-A/Croatia/10136RV/2023-egg_H3N2,212,0.2718,0.2718
seqneut25to26_sera_1048_d0,A/Croatia/10136RV/2023-egg_H3N2,plate11-A/Croatia/10136RV/2023-egg_H3N2,487,0.2614,0.2614
seqneut25to26_sera_1048_d0,A/Croatia/10136RV/2023-egg_H3N2,plate11-A/Croatia/10136RV/2023-egg_H3N2,1119,1.254,1
seqneut25to26_sera_1048_d0,A/Croatia/10136RV/2023-egg_H3N2,plate11-A/Croatia/10136RV/2023-egg_H3N2,2575,0.8357,0.8357
seqneut25to26_sera_1048_d0,A/Croatia/10136RV/2023-egg_H3N2,plate11-A/Croatia/10136RV/2023-egg_H3N2,5921,0.7941,0.7941
seqneut25to26_sera_1048_d0,A/Croatia/10136RV/2023-egg_H3N2,plate11-A/Croatia/10136RV/2023-egg_H3N2,1.362e+04,0.8444,0.8444
seqneut25to26_sera_1048_d0,A/Darwin/1405/2025_H1N1,plate11-A/Darwin/1405/2025_H1N1,40,0.007688,0.007688
seqneut25to26_sera_1048_d0,A/Darwin/1405/2025_H1N1,plate11-A/Darwin/1405/2025_H1N1,92,0.1956,0.1956
seqneut25to26_sera_1048_d0,A/Darwin/1405/2025_H1N1,plate11-A/Darwin/1405/2025_H1N1,212,0.4967,0.4967
seqneut25to26_sera_1048_d0,A/Darwin/1405/2025_H1N1,plate11-A/Darwin/1405/2025_H1N1,487,0.8202,0.8202
seqneut25to26_sera_1048_d0,A/Darwin/1405/2025_H1N1,plate11-A/Darwin/1405/2025_H1N1,1119,1.181,1
seqneut25to26_sera_1048_d0,A/Darwin/1405/2025_H1N1,plate11-A/Darwin/1405/2025_H1N1,2575,0.8929,0.8929
seqneut25to26_sera_1048_d0,A/Darwin/1405/2025_H1N1,plate11-A/Darwin/1405/2025_H1N1,5921,1.136,1
seqneut25to26_sera_1048_d0,A/Darwin/1405/2025_H1N1,plate11-A/Darwin/1405/2025_H1N1,1.362e+04,1.18,1
seqneut25to26_sera_1048_d0,A/Darwin/1461/2025_H3N2,plate11-A/Darwin/1461/2025_H3N2,40,0.3409,0.3409
seqneut25to26_sera_1048_d0,A/Darwin/1461/2025_H3N2,plate11-A/Darwin/1461/2025_H3N2,92,0.3006,0.3006
seqneut25to26_sera_1048_d0,A/Darwin/1461/2025_H3N2,plate11-A/Darwin/1461/2025_H3N2,212,0.3198,0.3198
seqneut25to26_sera_1048_d0,A/Darwin/1461/2025_H3N2,plate11-A/Darwin/1461/2025_H3N2,487,0.6094,0.6094
seqneut25to26_sera_1048_d0,A/Darwin/1461/2025_H3N2,plate11-A/Darwin/1461/2025_H3N2,1119,0.6513,0.6513
seqneut25to26_sera_1048_d0,A/Darwin/1461/2025_H3N2,plate11-A/Darwin/1461/2025_H3N2,2575,0.6693,0.6693
seqneut25to26_sera_1048_d0,A/Darwin/1461/2025_H3N2,plate11-A/Darwin/1461/2025_H3N2,5921,0.6603,0.6603
seqneut25to26_sera_1048_d0,A/Darwin/1461/2025_H3N2,plate11-A/Darwin/1461/2025_H3N2,1.362e+04,0.7265,0.7265
seqneut25to26_sera_1048_d0,A/Denmark/3070/2025_H1N1,plate11-A/Denmark/3070/2025_H1N1,40,0.06019,0.06019
seqneut25to26_sera_1048_d0,A/Denmark/3070/2025_H1N1,plate11-A/Denmark/3070/2025_H1N1,92,0.3182,0.3182
seqneut25to26_sera_1048_d0,A/Denmark/3070/2025_H1N1,plate11-A/Denmark/3070/2025_H1N1,212,0.7285,0.7285
seqneut25to26_sera_1048_d0,A/Denmark/3070/2025_H1N1,plate11-A/Denmark/3070/2025_H1N1,487,0.9446,0.9446
seqneut25to26_sera_1048_d0,A/Denmark/3070/2025_H1N1,plate11-A/Denmark/3070/2025_H1N1,1119,1.18,1
seqneut25to26_sera_1048_d0,A/Denmark/3070/2025_H1N1,plate11-A/Denmark/3070/2025_H1N1,2575,0.9822,0.9822
seqneut25to26_sera_1048_d0,A/Denmark/3070/2025_H1N1,plate11-A/Denmark/3070/2025_H1N1,5921,1.106,1
seqneut25to26_sera_1048_d0,A/Denmark/3070/2025_H1N1,plate11-A/Denmark/3070/2025_H1N1,1.362e+04,1.206,1
seqneut25to26_sera_1048_d0,A/DistrictOfColumbia/27/2023_H3N2,plate11-A/DistrictOfColumbia/27/2023_H3N2,40,0.1412,0.1412
seqneut25to26_sera_1048_d0,A/DistrictOfColumbia/27/2023_H3N2,plate11-A/DistrictOfColumbia/27/2023_H3N2,92,0.3739,0.3739
seqneut25to26_sera_1048_d0,A/DistrictOfColumbia/27/2023_H3N2,plate11-A/DistrictOfColumbia/27/2023_H3N2,212,0.6023,0.6023
seqneut25to26_sera_1048_d0,A/DistrictOfColumbia/27/2023_H3N2,plate11-A/DistrictOfColumbia/27/2023_H3N2,487,0.6078,0.6078
seqneut25to26_sera_1048_d0,A/DistrictOfColumbia/27/2023_H3N2,plate11-A/DistrictOfColumbia/27/2023_H3N2,1119,0.8175,0.8175
seqneut25to26_sera_1048_d0,A/DistrictOfColumbia/27/2023_H3N2,plate11-A/DistrictOfColumbia/27/2023_H3N2,2575,0.7283,0.7283
seqneut25to26_sera_1048_d0,A/DistrictOfColumbia/27/2023_H3N2,plate11-A/DistrictOfColumbia/27/2023_H3N2,5921,0.8784,0.8784
seqneut25to26_sera_1048_d0,A/DistrictOfColumbia/27/2023_H3N2,plate11-A/DistrictOfColumbia/27/2023_H3N2,1.362e+04,1.009,1
seqneut25to26_sera_1048_d0,A/DistrictOfColumbia/57/2025_H3N2,plate11-A/DistrictOfColumbia/57/2025_H3N2,40,0.1272,0.1272
seqneut25to26_sera_1048_d0,A/DistrictOfColumbia/57/2025_H3N2,plate11-A/DistrictOfColumbia/57/2025_H3N2,92,0.5445,0.5445
seqneut25to26_sera_1048_d0,A/DistrictOfColumbia/57/2025_H3N2,plate11-A/DistrictOfColumbia/57/2025_H3N2,212,0.5727,0.5727
seqneut25to26_sera_1048_d0,A/DistrictOfColumbia/57/2025_H3N2,plate11-A/DistrictOfColumbia/57/2025_H3N2,487,0.545,0.545
seqneut25to26_sera_1048_d0,A/DistrictOfColumbia/57/2025_H3N2,plate11-A/DistrictOfColumbia/57/2025_H3N2,1119,0.7452,0.7452
seqneut25to26_sera_1048_d0,A/DistrictOfColumbia/57/2025_H3N2,plate11-A/DistrictOfColumbia/57/2025_H3N2,2575,0.7486,0.7486
seqneut25to26_sera_1048_d0,A/DistrictOfColumbia/57/2025_H3N2,plate11-A/DistrictOfColumbia/57/2025_H3N2,5921,0.8582,0.8582
seqneut25to26_sera_1048_d0,A/DistrictOfColumbia/57/2025_H3N2,plate11-A/DistrictOfColumbia/57/2025_H3N2,1.362e+04,0.8676,0.8676
seqneut25to26_sera_1048_d0,A/DistritoFederal/250106000728/2025_H3N2,plate11-A/DistritoFederal/250106000728/2025_H3N2,40,0.1856,0.1856
seqneut25to26_sera_1048_d0,A/DistritoFederal/250106000728/2025_H3N2,plate11-A/DistritoFederal/250106000728/2025_H3N2,92,0.3841,0.3841
seqneut25to26_sera_1048_d0,A/DistritoFederal/250106000728/2025_H3N2,plate11-A/DistritoFederal/250106000728/2025_H3N2,212,0.4778,0.4778
seqneut25to26_sera_1048_d0,A/DistritoFederal/250106000728/2025_H3N2,plate11-A/DistritoFederal/250106000728/2025_H3N2,487,0.636,0.636
seqneut25to26_sera_1048_d0,A/DistritoFederal/250106000728/2025_H3N2,plate11-A/DistritoFederal/250106000728/2025_H3N2,1119,0.9008,0.9008
seqneut25to26_sera_1048_d0,A/DistritoFederal/250106000728/2025_H3N2,plate11-A/DistritoFederal/250106000728/2025_H3N2,2575,0.761,0.761
seqneut25to26_sera_1048_d0,A/DistritoFederal/250106000728/2025_H3N2,plate11-A/DistritoFederal/250106000728/2025_H3N2,5921,0.7925,0.7925
seqneut25to26_sera_1048_d0,A/DistritoFederal/250106000728/2025_H3N2,plate11-A/DistritoFederal/250106000728/2025_H3N2,1.362e+04,1.222,1
seqneut25to26_sera_1048_d0,A/DistritoFederal/2578578201/2025_H3N2,plate11-A/DistritoFederal/2578578201/2025_H3N2,40,0.03988,0.03988
seqneut25to26_sera_1048_d0,A/DistritoFederal/2578578201/2025_H3N2,plate11-A/DistritoFederal/2578578201/2025_H3N2,92,0.4339,0.4339
seqneut25to26_sera_1048_d0,A/DistritoFederal/2578578201/2025_H3N2,plate11-A/DistritoFederal/2578578201/2025_H3N2,212,0.6514,0.6514
seqneut25to26_sera_1048_d0,A/DistritoFederal/2578578201/2025_H3N2,plate11-A/DistritoFederal/2578578201/2025_H3N2,487,0.7586,0.7586
seqneut25to26_sera_1048_d0,A/DistritoFederal/2578578201/2025_H3N2,plate11-A/DistritoFederal/2578578201/2025_H3N2,1119,0.8574,0.8574
seqneut25to26_sera_1048_d0,A/DistritoFederal/2578578201/2025_H3N2,plate11-A/DistritoFederal/2578578201/2025_H3N2,2575,0.6901,0.6901
seqneut25to26_sera_1048_d0,A/DistritoFederal/2578578201/2025_H3N2,plate11-A/DistritoFederal/2578578201/2025_H3N2,5921,1.015,1
seqneut25to26_sera_1048_d0,A/DistritoFederal/2578578201/2025_H3N2,plate11-A/DistritoFederal/2578578201/2025_H3N2,1.362e+04,1.052,1
seqneut25to26_sera_1048_d0,A/England/174/2025_H3N2,plate11-A/England/174/2025_H3N2,40,0.07116,0.07116
seqneut25to26_sera_1048_d0,A/England/174/2025_H3N2,plate11-A/England/174/2025_H3N2,92,0.2732,0.2732
seqneut25to26_sera_1048_d0,A/England/174/2025_H3N2,plate11-A/England/174/2025_H3N2,212,0.4571,0.4571
seqneut25to26_sera_1048_d0,A/England/174/2025_H3N2,plate11-A/England/174/2025_H3N2,487,0.6997,0.6997
seqneut25to26_sera_1048_d0,A/England/174/2025_H3N2,plate11-A/England/174/2025_H3N2,1119,1.022,1
seqneut25to26_sera_1048_d0,A/England/174/2025_H3N2,plate11-A/England/174/2025_H3N2,2575,0.7024,0.7024
seqneut25to26_sera_1048_d0,A/England/174/2025_H3N2,plate11-A/England/174/2025_H3N2,5921,1.213,1
seqneut25to26_sera_1048_d0,A/England/174/2025_H3N2,plate11-A/England/174/2025_H3N2,1.362e+04,1.059,1
seqneut25to26_sera_1048_d0,A/England/1822256/2025_H1N1,plate11-A/England/1822256/2025_H1N1,40,0.008887,0.008887
seqneut25to26_sera_1048_d0,A/England/1822256/2025_H1N1,plate11-A/England/1822256/2025_H1N1,92,0.2839,0.2839
seqneut25to26_sera_1048_d0,A/England/1822256/2025_H1N1,plate11-A/England/1822256/2025_H1N1,212,0.7011,0.7011
seqneut25to26_sera_1048_d0,A/England/1822256/2025_H1N1,plate11-A/England/1822256/2025_H1N1,487,0.9271,0.9271
seqneut25to26_sera_1048_d0,A/England/1822256/2025_H1N1,plate11-A/England/1822256/2025_H1N1,1119,1.155,1
seqneut25to26_sera_1048_d0,A/England/1822256/2025_H1N1,plate11-A/England/1822256/2025_H1N1,2575,0.7592,0.7592
seqneut25to26_sera_1048_d0,A/England/1822256/2025_H1N1,plate11-A/England/1822256/2025_H1N1,5921,1.051,1
seqneut25to26_sera_1048_d0,A/England/1822256/2025_H1N1,plate11-A/England/1822256/2025_H1N1,1.362e+04,1.188,1
seqneut25to26_sera_1048_d0,A/England/1837734/2025_H3N2,plate11-A/England/1837734/2025_H3N2,40,0.1064,0.1064
seqneut25to26_sera_1048_d0,A/England/1837734/2025_H3N2,plate11-A/England/1837734/2025_H3N2,92,0.3161,0.3161
seqneut25to26_sera_1048_d0,A/England/1837734/2025_H3N2,plate11-A/England/1837734/2025_H3N2,212,0.4987,0.4987
seqneut25to26_sera_1048_d0,A/England/1837734/2025_H3N2,plate11-A/England/1837734/2025_H3N2,487,0.6312,0.6312
seqneut25to26_sera_1048_d0,A/England/1837734/2025_H3N2,plate11-A/England/1837734/2025_H3N2,1119,1.181,1
seqneut25to26_sera_1048_d0,A/England/1837734/2025_H3N2,plate11-A/England/1837734/2025_H3N2,2575,0.8916,0.8916
seqneut25to26_sera_1048_d0,A/England/1837734/2025_H3N2,plate11-A/England/1837734/2025_H3N2,5921,0.9879,0.9879
seqneut25to26_sera_1048_d0,A/England/1837734/2025_H3N2,plate11-A/England/1837734/2025_H3N2,1.362e+04,1.037,1
seqneut25to26_sera_1048_d0,A/England/1837737/2025_H3N2,plate11-A/England/1837737/2025_H3N2,40,0.3362,0.3362
seqneut25to26_sera_1048_d0,A/England/1837737/2025_H3N2,plate11-A/England/1837737/2025_H3N2,92,0.3562,0.3562
seqneut25to26_sera_1048_d0,A/England/1837737/2025_H3N2,plate11-A/England/1837737/2025_H3N2,212,0.8926,0.8926
seqneut25to26_sera_1048_d0,A/England/1837737/2025_H3N2,plate11-A/England/1837737/2025_H3N2,487,0.6444,0.6444
seqneut25to26_sera_1048_d0,A/England/1837737/2025_H3N2,plate11-A/England/1837737/2025_H3N2,1119,1.275,1
seqneut25to26_sera_1048_d0,A/England/1837737/2025_H3N2,plate11-A/England/1837737/2025_H3N2,2575,0.5598,0.5598
seqneut25to26_sera_1048_d0,A/England/1837737/2025_H3N2,plate11-A/England/1837737/2025_H3N2,5921,1.059,1
seqneut25to26_sera_1048_d0,A/England/1837737/2025_H3N2,plate11-A/England/1837737/2025_H3N2,1.362e+04,1.098,1
seqneut25to26_sera_1048_d0,A/France/ARA-HCL025155099501/2025_H1N1,plate11-A/France/ARA-HCL025155099501/2025_H1N1,40,0.01003,0.01003
seqneut25to26_sera_1048_d0,A/France/ARA-HCL025155099501/2025_H1N1,plate11-A/France/ARA-HCL025155099501/2025_H1N1,92,0.2321,0.2321
seqneut25to26_sera_1048_d0,A/France/ARA-HCL025155099501/2025_H1N1,plate11-A/France/ARA-HCL025155099501/2025_H1N1,212,0.6174,0.6174
seqneut25to26_sera_1048_d0,A/France/ARA-HCL025155099501/2025_H1N1,plate11-A/France/ARA-HCL025155099501/2025_H1N1,487,0.8363,0.8363
seqneut25to26_sera_1048_d0,A/France/ARA-HCL025155099501/2025_H1N1,plate11-A/France/ARA-HCL025155099501/2025_H1N1,1119,1.239,1
seqneut25to26_sera_1048_d0,A/France/ARA-HCL025155099501/2025_H1N1,plate11-A/France/ARA-HCL025155099501/2025_H1N1,2575,0.7847,0.7847
seqneut25to26_sera_1048_d0,A/France/ARA-HCL025155099501/2025_H1N1,plate11-A/France/ARA-HCL025155099501/2025_H1N1,5921,1.179,1
seqneut25to26_sera_1048_d0,A/France/ARA-HCL025155099501/2025_H1N1,plate11-A/France/ARA-HCL025155099501/2025_H1N1,1.362e+04,1.138,1
seqneut25to26_sera_1048_d0,A/Galicia/GA-CHUAC-451/2025_H3N2,plate11-A/Galicia/GA-CHUAC-451/2025_H3N2,40,0.2089,0.2089
seqneut25to26_sera_1048_d0,A/Galicia/GA-CHUAC-451/2025_H3N2,plate11-A/Galicia/GA-CHUAC-451/2025_H3N2,92,0.5731,0.5731
seqneut25to26_sera_1048_d0,A/Galicia/GA-CHUAC-451/2025_H3N2,plate11-A/Galicia/GA-CHUAC-451/2025_H3N2,212,0.7146,0.7146
seqneut25to26_sera_1048_d0,A/Galicia/GA-CHUAC-451/2025_H3N2,plate11-A/Galicia/GA-CHUAC-451/2025_H3N2,487,0.7213,0.7213
seqneut25to26_sera_1048_d0,A/Galicia/GA-CHUAC-451/2025_H3N2,plate11-A/Galicia/GA-CHUAC-451/2025_H3N2,1119,0.9284,0.9284
seqneut25to26_sera_1048_d0,A/Galicia/GA-CHUAC-451/2025_H3N2,plate11-A/Galicia/GA-CHUAC-451/2025_H3N2,2575,0.7,0.7
seqneut25to26_sera_1048_d0,A/Galicia/GA-CHUAC-451/2025_H3N2,plate11-A/Galicia/GA-CHUAC-451/2025_H3N2,5921,0.8807,0.8807
seqneut25to26_sera_1048_d0,A/Galicia/GA-CHUAC-451/2025_H3N2,plate11-A/Galicia/GA-CHUAC-451/2025_H3N2,1.362e+04,0.9647,0.9647
seqneut25to26_sera_1048_d0,A/Ghana/ARI-25-1125/2025_H1N1,plate11-A/Ghana/ARI-25-1125/2025_H1N1,40,0.01303,0.01303
seqneut25to26_sera_1048_d0,A/Ghana/ARI-25-1125/2025_H1N1,plate11-A/Ghana/ARI-25-1125/2025_H1N1,92,0.2085,0.2085
seqneut25to26_sera_1048_d0,A/Ghana/ARI-25-1125/2025_H1N1,plate11-A/Ghana/ARI-25-1125/2025_H1N1,212,0.6403,0.6403
seqneut25to26_sera_1048_d0,A/Ghana/ARI-25-1125/2025_H1N1,plate11-A/Ghana/ARI-25-1125/2025_H1N1,487,0.906,0.906
seqneut25to26_sera_1048_d0,A/Ghana/ARI-25-1125/2025_H1N1,plate11-A/Ghana/ARI-25-1125/2025_H1N1,1119,1.297,1
seqneut25to26_sera_1048_d0,A/Ghana/ARI-25-1125/2025_H1N1,plate11-A/Ghana/ARI-25-1125/2025_H1N1,2575,0.9659,0.9659
seqneut25to26_sera_1048_d0,A/Ghana/ARI-25-1125/2025_H1N1,plate11-A/Ghana/ARI-25-1125/2025_H1N1,5921,1.046,1
seqneut25to26_sera_1048_d0,A/Ghana/ARI-25-1125/2025_H1N1,plate11-A/Ghana/ARI-25-1125/2025_H1N1,1.362e+04,1.207,1
seqneut25to26_sera_1048_d0,A/Ghana/FS-25-7077/2025_H3N2,plate11-A/Ghana/FS-25-7077/2025_H3N2,40,0.2725,0.2725
seqneut25to26_sera_1048_d0,A/Ghana/FS-25-7077/2025_H3N2,plate11-A/Ghana/FS-25-7077/2025_H3N2,92,0.6152,0.6152
seqneut25to26_sera_1048_d0,A/Ghana/FS-25-7077/2025_H3N2,plate11-A/Ghana/FS-25-7077/2025_H3N2,212,0.6185,0.6185
seqneut25to26_sera_1048_d0,A/Ghana/FS-25-7077/2025_H3N2,plate11-A/Ghana/FS-25-7077/2025_H3N2,487,0.64,0.64
seqneut25to26_sera_1048_d0,A/Ghana/FS-25-7077/2025_H3N2,plate11-A/Ghana/FS-25-7077/2025_H3N2,1119,0.9839,0.9839
seqneut25to26_sera_1048_d0,A/Ghana/FS-25-7077/2025_H3N2,plate11-A/Ghana/FS-25-7077/2025_H3N2,2575,0.7345,0.7345
seqneut25to26_sera_1048_d0,A/Ghana/FS-25-7077/2025_H3N2,plate11-A/Ghana/FS-25-7077/2025_H3N2,5921,1.03,1
seqneut25to26_sera_1048_d0,A/Ghana/FS-25-7077/2025_H3N2,plate11-A/Ghana/FS-25-7077/2025_H3N2,1.362e+04,1.007,1
seqneut25to26_sera_1048_d0,A/Guangdong-Maonan/11438/2025_H3N2,plate11-A/Guangdong-Maonan/11438/2025_H3N2,40,0.07284,0.07284
seqneut25to26_sera_1048_d0,A/Guangdong-Maonan/11438/2025_H3N2,plate11-A/Guangdong-Maonan/11438/2025_H3N2,92,0.3417,0.3417
seqneut25to26_sera_1048_d0,A/Guangdong-Maonan/11438/2025_H3N2,plate11-A/Guangdong-Maonan/11438/2025_H3N2,212,0.4323,0.4323
seqneut25to26_sera_1048_d0,A/Guangdong-Maonan/11438/2025_H3N2,plate11-A/Guangdong-Maonan/11438/2025_H3N2,487,0.6501,0.6501
seqneut25to26_sera_1048_d0,A/Guangdong-Maonan/11438/2025_H3N2,plate11-A/Guangdong-Maonan/11438/2025_H3N2,1119,0.7972,0.7972
seqneut25to26_sera_1048_d0,A/Guangdong-Maonan/11438/2025_H3N2,plate11-A/Guangdong-Maonan/11438/2025_H3N2,2575,0.831,0.831
seqneut25to26_sera_1048_d0,A/Guangdong-Maonan/11438/2025_H3N2,plate11-A/Guangdong-Maonan/11438/2025_H3N2,5921,0.9494,0.9494
seqneut25to26_sera_1048_d0,A/Guangdong-Maonan/11438/2025_H3N2,plate11-A/Guangdong-Maonan/11438/2025_H3N2,1.362e+04,1.406,1
seqneut25to26_sera_1048_d0,A/Guangdong-Meijiang/11256/2025_H3N2,plate11-A/Guangdong-Meijiang/11256/2025_H3N2,40,0.06223,0.06223
seqneut25to26_sera_1048_d0,A/Guangdong-Meijiang/11256/2025_H3N2,plate11-A/Guangdong-Meijiang/11256/2025_H3N2,92,0.1997,0.1997
seqneut25to26_sera_1048_d0,A/Guangdong-Meijiang/11256/2025_H3N2,plate11-A/Guangdong-Meijiang/11256/2025_H3N2,212,0.3994,0.3994
seqneut25to26_sera_1048_d0,A/Guangdong-Meijiang/11256/2025_H3N2,plate11-A/Guangdong-Meijiang/11256/2025_H3N2,487,0.5074,0.5074
seqneut25to26_sera_1048_d0,A/Guangdong-Meijiang/11256/2025_H3N2,plate11-A/Guangdong-Meijiang/11256/2025_H3N2,1119,0.9574,0.9574
seqneut25to26_sera_1048_d0,A/Guangdong-Meijiang/11256/2025_H3N2,plate11-A/Guangdong-Meijiang/11256/2025_H3N2,2575,0.5708,0.5708
seqneut25to26_sera_1048_d0,A/Guangdong-Meijiang/11256/2025_H3N2,plate11-A/Guangdong-Meijiang/11256/2025_H3N2,5921,0.683,0.683
seqneut25to26_sera_1048_d0,A/Guangdong-Meijiang/11256/2025_H3N2,plate11-A/Guangdong-Meijiang/11256/2025_H3N2,1.362e+04,0.8755,0.8755
seqneut25to26_sera_1048_d0,A/Guangxi-Daxin/1643/2025_H3N2,plate11-A/Guangxi-Daxin/1643/2025_H3N2,40,0.09969,0.09969
seqneut25to26_sera_1048_d0,A/Guangxi-Daxin/1643/2025_H3N2,plate11-A/Guangxi-Daxin/1643/2025_H3N2,92,0.5491,0.5491
seqneut25to26_sera_1048_d0,A/Guangxi-Daxin/1643/2025_H3N2,plate11-A/Guangxi-Daxin/1643/2025_H3N2,212,0.8128,0.8128
seqneut25to26_sera_1048_d0,A/Guangxi-Daxin/1643/2025_H3N2,plate11-A/Guangxi-Daxin/1643/2025_H3N2,487,0.7297,0.7297
seqneut25to26_sera_1048_d0,A/Guangxi-Daxin/1643/2025_H3N2,plate11-A/Guangxi-Daxin/1643/2025_H3N2,1119,1.081,1
seqneut25to26_sera_1048_d0,A/Guangxi-Daxin/1643/2025_H3N2,plate11-A/Guangxi-Daxin/1643/2025_H3N2,2575,0.8005,0.8005
seqneut25to26_sera_1048_d0,A/Guangxi-Daxin/1643/2025_H3N2,plate11-A/Guangxi-Daxin/1643/2025_H3N2,5921,0.8628,0.8628
seqneut25to26_sera_1048_d0,A/Guangxi-Daxin/1643/2025_H3N2,plate11-A/Guangxi-Daxin/1643/2025_H3N2,1.362e+04,1.219,1
seqneut25to26_sera_1048_d0,A/Guangxi-Qingxiu/SWL11742/2025_H1N1,plate11-A/Guangxi-Qingxiu/SWL11742/2025_H1N1,40,0.003581,0.003581
seqneut25to26_sera_1048_d0,A/Guangxi-Qingxiu/SWL11742/2025_H1N1,plate11-A/Guangxi-Qingxiu/SWL11742/2025_H1N1,92,0.1349,0.1349
seqneut25to26_sera_1048_d0,A/Guangxi-Qingxiu/SWL11742/2025_H1N1,plate11-A/Guangxi-Qingxiu/SWL11742/2025_H1N1,212,0.4628,0.4628
seqneut25to26_sera_1048_d0,A/Guangxi-Qingxiu/SWL11742/2025_H1N1,plate11-A/Guangxi-Qingxiu/SWL11742/2025_H1N1,487,0.618,0.618
seqneut25to26_sera_1048_d0,A/Guangxi-Qingxiu/SWL11742/2025_H1N1,plate11-A/Guangxi-Qingxiu/SWL11742/2025_H1N1,1119,1.094,1
seqneut25to26_sera_1048_d0,A/Guangxi-Qingxiu/SWL11742/2025_H1N1,plate11-A/Guangxi-Qingxiu/SWL11742/2025_H1N1,2575,0.8196,0.8196
seqneut25to26_sera_1048_d0,A/Guangxi-Qingxiu/SWL11742/2025_H1N1,plate11-A/Guangxi-Qingxiu/SWL11742/2025_H1N1,5921,1.19,1
seqneut25to26_sera_1048_d0,A/Guangxi-Qingxiu/SWL11742/2025_H1N1,plate11-A/Guangxi-Qingxiu/SWL11742/2025_H1N1,1.362e+04,1.207,1
seqneut25to26_sera_1048_d0,A/Hawaii/44/2025_H1N1,plate11-A/Hawaii/44/2025_H1N1,40,0.05225,0.05225
seqneut25to26_sera_1048_d0,A/Hawaii/44/2025_H1N1,plate11-A/Hawaii/44/2025_H1N1,92,0.4288,0.4288
seqneut25to26_sera_1048_d0,A/Hawaii/44/2025_H1N1,plate11-A/Hawaii/44/2025_H1N1,212,0.7026,0.7026
seqneut25to26_sera_1048_d0,A/Hawaii/44/2025_H1N1,plate11-A/Hawaii/44/2025_H1N1,487,0.9534,0.9534
seqneut25to26_sera_1048_d0,A/Hawaii/44/2025_H1N1,plate11-A/Hawaii/44/2025_H1N1,1119,1.163,1
seqneut25to26_sera_1048_d0,A/Hawaii/44/2025_H1N1,plate11-A/Hawaii/44/2025_H1N1,2575,0.8219,0.8219
seqneut25to26_sera_1048_d0,A/Hawaii/44/2025_H1N1,plate11-A/Hawaii/44/2025_H1N1,5921,1.062,1
seqneut25to26_sera_1048_d0,A/Hawaii/44/2025_H1N1,plate11-A/Hawaii/44/2025_H1N1,1.362e+04,1.086,1
seqneut25to26_sera_1048_d0,A/Hawaii/70/2019_H1N1,plate11-A/Hawaii/70/2019_H1N1,40,4.029e-06,4.029e-06
seqneut25to26_sera_1048_d0,A/Hawaii/70/2019_H1N1,plate11-A/Hawaii/70/2019_H1N1,92,0.0008859,0.0008859
seqneut25to26_sera_1048_d0,A/Hawaii/70/2019_H1N1,plate11-A/Hawaii/70/2019_H1N1,212,0.04601,0.04601
seqneut25to26_sera_1048_d0,A/Hawaii/70/2019_H1N1,plate11-A/Hawaii/70/2019_H1N1,487,0.3216,0.3216
seqneut25to26_sera_1048_d0,A/Hawaii/70/2019_H1N1,plate11-A/Hawaii/70/2019_H1N1,1119,0.8087,0.8087
seqneut25to26_sera_1048_d0,A/Hawaii/70/2019_H1N1,plate11-A/Hawaii/70/2019_H1N1,2575,0.6768,0.6768
seqneut25to26_sera_1048_d0,A/Hawaii/70/2019_H1N1,plate11-A/Hawaii/70/2019_H1N1,5921,0.9898,0.9898
seqneut25to26_sera_1048_d0,A/Hawaii/70/2019_H1N1,plate11-A/Hawaii/70/2019_H1N1,1.362e+04,1.246,1
seqneut25to26_sera_1048_d0,A/HongKong/1257/2025_H3N2,plate11-A/HongKong/1257/2025_H3N2,40,0.1298,0.1298
seqneut25to26_sera_1048_d0,A/HongKong/1257/2025_H3N2,plate11-A/HongKong/1257/2025_H3N2,92,0.3233,0.3233
seqneut25to26_sera_1048_d0,A/HongKong/1257/2025_H3N2,plate11-A/HongKong/1257/2025_H3N2,212,0.6052,0.6052
seqneut25to26_sera_1048_d0,A/HongKong/1257/2025_H3N2,plate11-A/HongKong/1257/2025_H3N2,487,0.7799,0.7799
seqneut25to26_sera_1048_d0,A/HongKong/1257/2025_H3N2,plate11-A/HongKong/1257/2025_H3N2,1119,0.9023,0.9023
seqneut25to26_sera_1048_d0,A/HongKong/1257/2025_H3N2,plate11-A/HongKong/1257/2025_H3N2,2575,0.5557,0.5557
seqneut25to26_sera_1048_d0,A/HongKong/1257/2025_H3N2,plate11-A/HongKong/1257/2025_H3N2,5921,1.004,1
seqneut25to26_sera_1048_d0,A/HongKong/1257/2025_H3N2,plate11-A/HongKong/1257/2025_H3N2,1.362e+04,1.052,1
seqneut25to26_sera_1048_d0,A/HongKong/1382/2025_H3N2,plate11-A/HongKong/1382/2025_H3N2,40,0.05062,0.05062
seqneut25to26_sera_1048_d0,A/HongKong/1382/2025_H3N2,plate11-A/HongKong/1382/2025_H3N2,92,0.2459,0.2459
seqneut25to26_sera_1048_d0,A/HongKong/1382/2025_H3N2,plate11-A/HongKong/1382/2025_H3N2,212,0.3033,0.3033
seqneut25to26_sera_1048_d0,A/HongKong/1382/2025_H3N2,plate11-A/HongKong/1382/2025_H3N2,487,0.7004,0.7004
seqneut25to26_sera_1048_d0,A/HongKong/1382/2025_H3N2,plate11-A/HongKong/1382/2025_H3N2,1119,0.8622,0.8622
seqneut25to26_sera_1048_d0,A/HongKong/1382/2025_H3N2,plate11-A/HongKong/1382/2025_H3N2,2575,0.6755,0.6755
seqneut25to26_sera_1048_d0,A/HongKong/1382/2025_H3N2,plate11-A/HongKong/1382/2025_H3N2,5921,0.9532,0.9532
seqneut25to26_sera_1048_d0,A/HongKong/1382/2025_H3N2,plate11-A/HongKong/1382/2025_H3N2,1.362e+04,0.9791,0.9791
seqneut25to26_sera_1048_d0,A/Indonesia/BIOKES-I-BT074/2025_H3N2,plate11-A/Indonesia/BIOKES-I-BT074/2025_H3N2,40,0.1047,0.1047
seqneut25to26_sera_1048_d0,A/Indonesia/BIOKES-I-BT074/2025_H3N2,plate11-A/Indonesia/BIOKES-I-BT074/2025_H3N2,92,0.4127,0.4127
seqneut25to26_sera_1048_d0,A/Indonesia/BIOKES-I-BT074/2025_H3N2,plate11-A/Indonesia/BIOKES-I-BT074/2025_H3N2,212,0.5881,0.5881
seqneut25to26_sera_1048_d0,A/Indonesia/BIOKES-I-BT074/2025_H3N2,plate11-A/Indonesia/BIOKES-I-BT074/2025_H3N2,487,0.7359,0.7359
seqneut25to26_sera_1048_d0,A/Indonesia/BIOKES-I-BT074/2025_H3N2,plate11-A/Indonesia/BIOKES-I-BT074/2025_H3N2,1119,1.105,1
seqneut25to26_sera_1048_d0,A/Indonesia/BIOKES-I-BT074/2025_H3N2,plate11-A/Indonesia/BIOKES-I-BT074/2025_H3N2,2575,0.7577,0.7577
seqneut25to26_sera_1048_d0,A/Indonesia/BIOKES-I-BT074/2025_H3N2,plate11-A/Indonesia/BIOKES-I-BT074/2025_H3N2,5921,0.9351,0.9351
seqneut25to26_sera_1048_d0,A/Indonesia/BIOKES-I-BT074/2025_H3N2,plate11-A/Indonesia/BIOKES-I-BT074/2025_H3N2,1.362e+04,1.025,1
seqneut25to26_sera_1048_d0,A/Indonesia/BIOKES-INAD491/2025_H3N2,plate11-A/Indonesia/BIOKES-INAD491/2025_H3N2,40,0.08166,0.08166
seqneut25to26_sera_1048_d0,A/Indonesia/BIOKES-INAD491/2025_H3N2,plate11-A/Indonesia/BIOKES-INAD491/2025_H3N2,92,0.2672,0.2672
seqneut25to26_sera_1048_d0,A/Indonesia/BIOKES-INAD491/2025_H3N2,plate11-A/Indonesia/BIOKES-INAD491/2025_H3N2,212,0.4557,0.4557
seqneut25to26_sera_1048_d0,A/Indonesia/BIOKES-INAD491/2025_H3N2,plate11-A/Indonesia/BIOKES-INAD491/2025_H3N2,487,1.018,1
seqneut25to26_sera_1048_d0,A/Indonesia/BIOKES-INAD491/2025_H3N2,plate11-A/Indonesia/BIOKES-INAD491/2025_H3N2,1119,0.8696,0.8696
seqneut25to26_sera_1048_d0,A/Indonesia/BIOKES-INAD491/2025_H3N2,plate11-A/Indonesia/BIOKES-INAD491/2025_H3N2,2575,0.6569,0.6569
seqneut25to26_sera_1048_d0,A/Indonesia/BIOKES-INAD491/2025_H3N2,plate11-A/Indonesia/BIOKES-INAD491/2025_H3N2,5921,0.7903,0.7903
seqneut25to26_sera_1048_d0,A/Indonesia/BIOKES-INAD491/2025_H3N2,plate11-A/Indonesia/BIOKES-INAD491/2025_H3N2,1.362e+04,0.9287,0.9287
seqneut25to26_sera_1048_d0,A/Lao/820-2750/2025_H3N2,plate11-A/Lao/820-2750/2025_H3N2,40,0.1839,0.1839
seqneut25to26_sera_1048_d0,A/Lao/820-2750/2025_H3N2,plate11-A/Lao/820-2750/2025_H3N2,92,0.4123,0.4123
seqneut25to26_sera_1048_d0,A/Lao/820-2750/2025_H3N2,plate11-A/Lao/820-2750/2025_H3N2,212,0.5877,0.5877
seqneut25to26_sera_1048_d0,A/Lao/820-2750/2025_H3N2,plate11-A/Lao/820-2750/2025_H3N2,487,0.8485,0.8485
seqneut25to26_sera_1048_d0,A/Lao/820-2750/2025_H3N2,plate11-A/Lao/820-2750/2025_H3N2,1119,1.027,1
seqneut25to26_sera_1048_d0,A/Lao/820-2750/2025_H3N2,plate11-A/Lao/820-2750/2025_H3N2,2575,0.5612,0.5612
seqneut25to26_sera_1048_d0,A/Lao/820-2750/2025_H3N2,plate11-A/Lao/820-2750/2025_H3N2,5921,1.051,1
seqneut25to26_sera_1048_d0,A/Lao/820-2750/2025_H3N2,plate11-A/Lao/820-2750/2025_H3N2,1.362e+04,0.9366,0.9366
seqneut25to26_sera_1048_d0,A/Malaysia/IMR/SARI/2028/2025_H3N2,plate11-A/Malaysia/IMR/SARI/2028/2025_H3N2,40,0.0592,0.0592
seqneut25to26_sera_1048_d0,A/Malaysia/IMR/SARI/2028/2025_H3N2,plate11-A/Malaysia/IMR/SARI/2028/2025_H3N2,92,0.2027,0.2027
seqneut25to26_sera_1048_d0,A/Malaysia/IMR/SARI/2028/2025_H3N2,plate11-A/Malaysia/IMR/SARI/2028/2025_H3N2,212,0.5491,0.5491
seqneut25to26_sera_1048_d0,A/Malaysia/IMR/SARI/2028/2025_H3N2,plate11-A/Malaysia/IMR/SARI/2028/2025_H3N2,487,0.5874,0.5874
seqneut25to26_sera_1048_d0,A/Malaysia/IMR/SARI/2028/2025_H3N2,plate11-A/Malaysia/IMR/SARI/2028/2025_H3N2,1119,0.849,0.849
seqneut25to26_sera_1048_d0,A/Malaysia/IMR/SARI/2028/2025_H3N2,plate11-A/Malaysia/IMR/SARI/2028/2025_H3N2,2575,0.6766,0.6766
seqneut25to26_sera_1048_d0,A/Malaysia/IMR/SARI/2028/2025_H3N2,plate11-A/Malaysia/IMR/SARI/2028/2025_H3N2,5921,0.7747,0.7747
seqneut25to26_sera_1048_d0,A/Malaysia/IMR/SARI/2028/2025_H3N2,plate11-A/Malaysia/IMR/SARI/2028/2025_H3N2,1.362e+04,1.08,1
seqneut25to26_sera_1048_d0,A/Malaysia/IMR/SARI/2406/2025_H3N2,plate11-A/Malaysia/IMR/SARI/2406/2025_H3N2,40,0.09881,0.09881
seqneut25to26_sera_1048_d0,A/Malaysia/IMR/SARI/2406/2025_H3N2,plate11-A/Malaysia/IMR/SARI/2406/2025_H3N2,92,0.5466,0.5466
seqneut25to26_sera_1048_d0,A/Malaysia/IMR/SARI/2406/2025_H3N2,plate11-A/Malaysia/IMR/SARI/2406/2025_H3N2,212,0.6226,0.6226
seqneut25to26_sera_1048_d0,A/Malaysia/IMR/SARI/2406/2025_H3N2,plate11-A/Malaysia/IMR/SARI/2406/2025_H3N2,487,0.804,0.804
seqneut25to26_sera_1048_d0,A/Malaysia/IMR/SARI/2406/2025_H3N2,plate11-A/Malaysia/IMR/SARI/2406/2025_H3N2,1119,1.126,1
seqneut25to26_sera_1048_d0,A/Malaysia/IMR/SARI/2406/2025_H3N2,plate11-A/Malaysia/IMR/SARI/2406/2025_H3N2,2575,0.8649,0.8649
seqneut25to26_sera_1048_d0,A/Malaysia/IMR/SARI/2406/2025_H3N2,plate11-A/Malaysia/IMR/SARI/2406/2025_H3N2,5921,0.961,0.961
seqneut25to26_sera_1048_d0,A/Malaysia/IMR/SARI/2406/2025_H3N2,plate11-A/Malaysia/IMR/SARI/2406/2025_H3N2,1.362e+04,1.398,1
seqneut25to26_sera_1048_d0,A/Malaysia/IMR/SARI/2517/2025_H3N2,plate11-A/Malaysia/IMR/SARI/2517/2025_H3N2,40,0.1913,0.1913
seqneut25to26_sera_1048_d0,A/Malaysia/IMR/SARI/2517/2025_H3N2,plate11-A/Malaysia/IMR/SARI/2517/2025_H3N2,92,0.5239,0.5239
seqneut25to26_sera_1048_d0,A/Malaysia/IMR/SARI/2517/2025_H3N2,plate11-A/Malaysia/IMR/SARI/2517/2025_H3N2,212,0.7061,0.7061
seqneut25to26_sera_1048_d0,A/Malaysia/IMR/SARI/2517/2025_H3N2,plate11-A/Malaysia/IMR/SARI/2517/2025_H3N2,487,0.6438,0.6438
seqneut25to26_sera_1048_d0,A/Malaysia/IMR/SARI/2517/2025_H3N2,plate11-A/Malaysia/IMR/SARI/2517/2025_H3N2,1119,1.078,1
seqneut25to26_sera_1048_d0,A/Malaysia/IMR/SARI/2517/2025_H3N2,plate11-A/Malaysia/IMR/SARI/2517/2025_H3N2,2575,0.747,0.747
seqneut25to26_sera_1048_d0,A/Malaysia/IMR/SARI/2517/2025_H3N2,plate11-A/Malaysia/IMR/SARI/2517/2025_H3N2,5921,0.8141,0.8141
seqneut25to26_sera_1048_d0,A/Malaysia/IMR/SARI/2517/2025_H3N2,plate11-A/Malaysia/IMR/SARI/2517/2025_H3N2,1.362e+04,1.091,1
seqneut25to26_sera_1048_d0,A/Massachusetts/18/2022_H3N2,plate11-A/Massachusetts/18/2022_H3N2,40,0.1086,0.1086
seqneut25to26_sera_1048_d0,A/Massachusetts/18/2022_H3N2,plate11-A/Massachusetts/18/2022_H3N2,92,0.5057,0.5057
seqneut25to26_sera_1048_d0,A/Massachusetts/18/2022_H3N2,plate11-A/Massachusetts/18/2022_H3N2,212,0.7344,0.7344
seqneut25to26_sera_1048_d0,A/Massachusetts/18/2022_H3N2,plate11-A/Massachusetts/18/2022_H3N2,487,0.5225,0.5225
seqneut25to26_sera_1048_d0,A/Massachusetts/18/2022_H3N2,plate11-A/Massachusetts/18/2022_H3N2,1119,1.081,1
seqneut25to26_sera_1048_d0,A/Massachusetts/18/2022_H3N2,plate11-A/Massachusetts/18/2022_H3N2,2575,0.6176,0.6176
seqneut25to26_sera_1048_d0,A/Massachusetts/18/2022_H3N2,plate11-A/Massachusetts/18/2022_H3N2,5921,0.8952,0.8952
seqneut25to26_sera_1048_d0,A/Massachusetts/18/2022_H3N2,plate11-A/Massachusetts/18/2022_H3N2,1.362e+04,1.198,1
seqneut25to26_sera_1048_d0,A/Michigan/110/2025_H3N2,plate11-A/Michigan/110/2025_H3N2,40,0.243,0.243
seqneut25to26_sera_1048_d0,A/Michigan/110/2025_H3N2,plate11-A/Michigan/110/2025_H3N2,92,0.5766,0.5766
seqneut25to26_sera_1048_d0,A/Michigan/110/2025_H3N2,plate11-A/Michigan/110/2025_H3N2,212,0.7176,0.7176
seqneut25to26_sera_1048_d0,A/Michigan/110/2025_H3N2,plate11-A/Michigan/110/2025_H3N2,487,0.6967,0.6967
seqneut25to26_sera_1048_d0,A/Michigan/110/2025_H3N2,plate11-A/Michigan/110/2025_H3N2,1119,0.9179,0.9179
seqneut25to26_sera_1048_d0,A/Michigan/110/2025_H3N2,plate11-A/Michigan/110/2025_H3N2,2575,0.787,0.787
seqneut25to26_sera_1048_d0,A/Michigan/110/2025_H3N2,plate11-A/Michigan/110/2025_H3N2,5921,0.8726,0.8726
seqneut25to26_sera_1048_d0,A/Michigan/110/2025_H3N2,plate11-A/Michigan/110/2025_H3N2,1.362e+04,0.9953,0.9953
seqneut25to26_sera_1048_d0,A/Minnesota/96/2025_H3N2,plate11-A/Minnesota/96/2025_H3N2,40,0.2415,0.2415
seqneut25to26_sera_1048_d0,A/Minnesota/96/2025_H3N2,plate11-A/Minnesota/96/2025_H3N2,92,0.4927,0.4927
seqneut25to26_sera_1048_d0,A/Minnesota/96/2025_H3N2,plate11-A/Minnesota/96/2025_H3N2,212,0.6241,0.6241
seqneut25to26_sera_1048_d0,A/Minnesota/96/2025_H3N2,plate11-A/Minnesota/96/2025_H3N2,487,0.5962,0.5962
seqneut25to26_sera_1048_d0,A/Minnesota/96/2025_H3N2,plate11-A/Minnesota/96/2025_H3N2,1119,0.8914,0.8914
seqneut25to26_sera_1048_d0,A/Minnesota/96/2025_H3N2,plate11-A/Minnesota/96/2025_H3N2,2575,0.7302,0.7302
seqneut25to26_sera_1048_d0,A/Minnesota/96/2025_H3N2,plate11-A/Minnesota/96/2025_H3N2,5921,0.7668,0.7668
seqneut25to26_sera_1048_d0,A/Minnesota/96/2025_H3N2,plate11-A/Minnesota/96/2025_H3N2,1.362e+04,1.012,1
seqneut25to26_sera_1048_d0,A/Missouri/11/2025_H1N1,plate11-A/Missouri/11/2025_H1N1,40,0.01619,0.01619
seqneut25to26_sera_1048_d0,A/Missouri/11/2025_H1N1,plate11-A/Missouri/11/2025_H1N1,92,0.1355,0.1355
seqneut25to26_sera_1048_d0,A/Missouri/11/2025_H1N1,plate11-A/Missouri/11/2025_H1N1,212,0.4256,0.4256
seqneut25to26_sera_1048_d0,A/Missouri/11/2025_H1N1,plate11-A/Missouri/11/2025_H1N1,487,0.8144,0.8144
seqneut25to26_sera_1048_d0,A/Missouri/11/2025_H1N1,plate11-A/Missouri/11/2025_H1N1,1119,1.012,1
seqneut25to26_sera_1048_d0,A/Missouri/11/2025_H1N1,plate11-A/Missouri/11/2025_H1N1,2575,0.7025,0.7025
seqneut25to26_sera_1048_d0,A/Missouri/11/2025_H1N1,plate11-A/Missouri/11/2025_H1N1,5921,1,1
seqneut25to26_sera_1048_d0,A/Missouri/11/2025_H1N1,plate11-A/Missouri/11/2025_H1N1,1.362e+04,0.9587,0.9587
seqneut25to26_sera_1048_d0,A/NewSouthWales/2526015582/2025_H3N2,plate11-A/NewSouthWales/2526015582/2025_H3N2,40,0.08377,0.08377
seqneut25to26_sera_1048_d0,A/NewSouthWales/2526015582/2025_H3N2,plate11-A/NewSouthWales/2526015582/2025_H3N2,92,0.4314,0.4314
seqneut25to26_sera_1048_d0,A/NewSouthWales/2526015582/2025_H3N2,plate11-A/NewSouthWales/2526015582/2025_H3N2,212,0.5326,0.5326
seqneut25to26_sera_1048_d0,A/NewSouthWales/2526015582/2025_H3N2,plate11-A/NewSouthWales/2526015582/2025_H3N2,487,0.6275,0.6275
seqneut25to26_sera_1048_d0,A/NewSouthWales/2526015582/2025_H3N2,plate11-A/NewSouthWales/2526015582/2025_H3N2,1119,1.007,1
seqneut25to26_sera_1048_d0,A/NewSouthWales/2526015582/2025_H3N2,plate11-A/NewSouthWales/2526015582/2025_H3N2,2575,0.6535,0.6535
seqneut25to26_sera_1048_d0,A/NewSouthWales/2526015582/2025_H3N2,plate11-A/NewSouthWales/2526015582/2025_H3N2,5921,0.9203,0.9203
seqneut25to26_sera_1048_d0,A/NewSouthWales/2526015582/2025_H3N2,plate11-A/NewSouthWales/2526015582/2025_H3N2,1.362e+04,0.9118,0.9118
seqneut25to26_sera_1048_d0,A/NewSouthWales/2526015584/2025_H3N2,plate11-A/NewSouthWales/2526015584/2025_H3N2,40,0.08745,0.08745
seqneut25to26_sera_1048_d0,A/NewSouthWales/2526015584/2025_H3N2,plate11-A/NewSouthWales/2526015584/2025_H3N2,92,0.3283,0.3283
seqneut25to26_sera_1048_d0,A/NewSouthWales/2526015584/2025_H3N2,plate11-A/NewSouthWales/2526015584/2025_H3N2,212,0.5778,0.5778
seqneut25to26_sera_1048_d0,A/NewSouthWales/2526015584/2025_H3N2,plate11-A/NewSouthWales/2526015584/2025_H3N2,487,0.6421,0.6421
seqneut25to26_sera_1048_d0,A/NewSouthWales/2526015584/2025_H3N2,plate11-A/NewSouthWales/2526015584/2025_H3N2,1119,0.8268,0.8268
seqneut25to26_sera_1048_d0,A/NewSouthWales/2526015584/2025_H3N2,plate11-A/NewSouthWales/2526015584/2025_H3N2,2575,0.6164,0.6164
seqneut25to26_sera_1048_d0,A/NewSouthWales/2526015584/2025_H3N2,plate11-A/NewSouthWales/2526015584/2025_H3N2,5921,0.9867,0.9867
seqneut25to26_sera_1048_d0,A/NewSouthWales/2526015584/2025_H3N2,plate11-A/NewSouthWales/2526015584/2025_H3N2,1.362e+04,1.064,1
seqneut25to26_sera_1048_d0,A/Norway/8765/2025_H3N2,plate11-A/Norway/8765/2025_H3N2,40,0.1546,0.1546
seqneut25to26_sera_1048_d0,A/Norway/8765/2025_H3N2,plate11-A/Norway/8765/2025_H3N2,92,0.3644,0.3644
seqneut25to26_sera_1048_d0,A/Norway/8765/2025_H3N2,plate11-A/Norway/8765/2025_H3N2,212,0.4855,0.4855
seqneut25to26_sera_1048_d0,A/Norway/8765/2025_H3N2,plate11-A/Norway/8765/2025_H3N2,487,0.6644,0.6644
seqneut25to26_sera_1048_d0,A/Norway/8765/2025_H3N2,plate11-A/Norway/8765/2025_H3N2,1119,1.011,1
seqneut25to26_sera_1048_d0,A/Norway/8765/2025_H3N2,plate11-A/Norway/8765/2025_H3N2,2575,0.7047,0.7047
seqneut25to26_sera_1048_d0,A/Norway/8765/2025_H3N2,plate11-A/Norway/8765/2025_H3N2,5921,0.8625,0.8625
seqneut25to26_sera_1048_d0,A/Norway/8765/2025_H3N2,plate11-A/Norway/8765/2025_H3N2,1.362e+04,1.066,1
seqneut25to26_sera_1048_d0,A/Norway/8976/2025_H3N2,plate11-A/Norway/8976/2025_H3N2,40,0.1381,0.1381
seqneut25to26_sera_1048_d0,A/Norway/8976/2025_H3N2,plate11-A/Norway/8976/2025_H3N2,92,0.4824,0.4824
seqneut25to26_sera_1048_d0,A/Norway/8976/2025_H3N2,plate11-A/Norway/8976/2025_H3N2,212,0.6341,0.6341
seqneut25to26_sera_1048_d0,A/Norway/8976/2025_H3N2,plate11-A/Norway/8976/2025_H3N2,487,0.6441,0.6441
seqneut25to26_sera_1048_d0,A/Norway/8976/2025_H3N2,plate11-A/Norway/8976/2025_H3N2,1119,0.825,0.825
seqneut25to26_sera_1048_d0,A/Norway/8976/2025_H3N2,plate11-A/Norway/8976/2025_H3N2,2575,0.6597,0.6597
seqneut25to26_sera_1048_d0,A/Norway/8976/2025_H3N2,plate11-A/Norway/8976/2025_H3N2,5921,0.9543,0.9543
seqneut25to26_sera_1048_d0,A/Norway/8976/2025_H3N2,plate11-A/Norway/8976/2025_H3N2,1.362e+04,1.004,1
seqneut25to26_sera_1048_d0,A/Norway/9107/2025_H1N1,plate11-A/Norway/9107/2025_H1N1,40,0.00618,0.00618
seqneut25to26_sera_1048_d0,A/Norway/9107/2025_H1N1,plate11-A/Norway/9107/2025_H1N1,92,0.1721,0.1721
seqneut25to26_sera_1048_d0,A/Norway/9107/2025_H1N1,plate11-A/Norway/9107/2025_H1N1,212,0.5231,0.5231
seqneut25to26_sera_1048_d0,A/Norway/9107/2025_H1N1,plate11-A/Norway/9107/2025_H1N1,487,0.8198,0.8198
seqneut25to26_sera_1048_d0,A/Norway/9107/2025_H1N1,plate11-A/Norway/9107/2025_H1N1,1119,1.109,1
seqneut25to26_sera_1048_d0,A/Norway/9107/2025_H1N1,plate11-A/Norway/9107/2025_H1N1,2575,0.7562,0.7562
seqneut25to26_sera_1048_d0,A/Norway/9107/2025_H1N1,plate11-A/Norway/9107/2025_H1N1,5921,1.129,1
seqneut25to26_sera_1048_d0,A/Norway/9107/2025_H1N1,plate11-A/Norway/9107/2025_H1N1,1.362e+04,1.185,1
seqneut25to26_sera_1048_d0,A/Norway/9556/2025_H1N1,plate11-A/Norway/9556/2025_H1N1,40,0.04415,0.04415
seqneut25to26_sera_1048_d0,A/Norway/9556/2025_H1N1,plate11-A/Norway/9556/2025_H1N1,92,0.3974,0.3974
seqneut25to26_sera_1048_d0,A/Norway/9556/2025_H1N1,plate11-A/Norway/9556/2025_H1N1,212,0.6587,0.6587
seqneut25to26_sera_1048_d0,A/Norway/9556/2025_H1N1,plate11-A/Norway/9556/2025_H1N1,487,0.8748,0.8748
seqneut25to26_sera_1048_d0,A/Norway/9556/2025_H1N1,plate11-A/Norway/9556/2025_H1N1,1119,1.143,1
seqneut25to26_sera_1048_d0,A/Norway/9556/2025_H1N1,plate11-A/Norway/9556/2025_H1N1,2575,0.8278,0.8278
seqneut25to26_sera_1048_d0,A/Norway/9556/2025_H1N1,plate11-A/Norway/9556/2025_H1N1,5921,1.161,1
seqneut25to26_sera_1048_d0,A/Norway/9556/2025_H1N1,plate11-A/Norway/9556/2025_H1N1,1.362e+04,1.249,1
seqneut25to26_sera_1048_d0,A/Peru/GIHSN-04-1089/2025_H3N2,plate11-A/Peru/GIHSN-04-1089/2025_H3N2,40,0.2465,0.2465
seqneut25to26_sera_1048_d0,A/Peru/GIHSN-04-1089/2025_H3N2,plate11-A/Peru/GIHSN-04-1089/2025_H3N2,92,0.5986,0.5986
seqneut25to26_sera_1048_d0,A/Peru/GIHSN-04-1089/2025_H3N2,plate11-A/Peru/GIHSN-04-1089/2025_H3N2,212,0.703,0.703
seqneut25to26_sera_1048_d0,A/Peru/GIHSN-04-1089/2025_H3N2,plate11-A/Peru/GIHSN-04-1089/2025_H3N2,487,0.8065,0.8065
seqneut25to26_sera_1048_d0,A/Peru/GIHSN-04-1089/2025_H3N2,plate11-A/Peru/GIHSN-04-1089/2025_H3N2,1119,1.077,1
seqneut25to26_sera_1048_d0,A/Peru/GIHSN-04-1089/2025_H3N2,plate11-A/Peru/GIHSN-04-1089/2025_H3N2,2575,0.7706,0.7706
seqneut25to26_sera_1048_d0,A/Peru/GIHSN-04-1089/2025_H3N2,plate11-A/Peru/GIHSN-04-1089/2025_H3N2,5921,1.058,1
seqneut25to26_sera_1048_d0,A/Peru/GIHSN-04-1089/2025_H3N2,plate11-A/Peru/GIHSN-04-1089/2025_H3N2,1.362e+04,1.139,1
seqneut25to26_sera_1048_d0,A/Philippines/SARI25-1425/2025_H1N1,plate11-A/Philippines/SARI25-1425/2025_H1N1,40,0.02626,0.02626
seqneut25to26_sera_1048_d0,A/Philippines/SARI25-1425/2025_H1N1,plate11-A/Philippines/SARI25-1425/2025_H1N1,92,0.209,0.209
seqneut25to26_sera_1048_d0,A/Philippines/SARI25-1425/2025_H1N1,plate11-A/Philippines/SARI25-1425/2025_H1N1,212,0.5337,0.5337
seqneut25to26_sera_1048_d0,A/Philippines/SARI25-1425/2025_H1N1,plate11-A/Philippines/SARI25-1425/2025_H1N1,487,0.7647,0.7647
seqneut25to26_sera_1048_d0,A/Philippines/SARI25-1425/2025_H1N1,plate11-A/Philippines/SARI25-1425/2025_H1N1,1119,1.218,1
seqneut25to26_sera_1048_d0,A/Philippines/SARI25-1425/2025_H1N1,plate11-A/Philippines/SARI25-1425/2025_H1N1,2575,0.8134,0.8134
seqneut25to26_sera_1048_d0,A/Philippines/SARI25-1425/2025_H1N1,plate11-A/Philippines/SARI25-1425/2025_H1N1,5921,1.05,1
seqneut25to26_sera_1048_d0,A/Philippines/SARI25-1425/2025_H1N1,plate11-A/Philippines/SARI25-1425/2025_H1N1,1.362e+04,1.125,1
seqneut25to26_sera_1048_d0,A/Queensland/2526516675/2025_H3N2,plate11-A/Queensland/2526516675/2025_H3N2,40,0.09148,0.09148
seqneut25to26_sera_1048_d0,A/Queensland/2526516675/2025_H3N2,plate11-A/Queensland/2526516675/2025_H3N2,92,0.4578,0.4578
seqneut25to26_sera_1048_d0,A/Queensland/2526516675/2025_H3N2,plate11-A/Queensland/2526516675/2025_H3N2,212,0.5796,0.5796
seqneut25to26_sera_1048_d0,A/Queensland/2526516675/2025_H3N2,plate11-A/Queensland/2526516675/2025_H3N2,487,0.7328,0.7328
seqneut25to26_sera_1048_d0,A/Queensland/2526516675/2025_H3N2,plate11-A/Queensland/2526516675/2025_H3N2,1119,0.9276,0.9276
seqneut25to26_sera_1048_d0,A/Queensland/2526516675/2025_H3N2,plate11-A/Queensland/2526516675/2025_H3N2,2575,0.635,0.635
seqneut25to26_sera_1048_d0,A/Queensland/2526516675/2025_H3N2,plate11-A/Queensland/2526516675/2025_H3N2,5921,0.9884,0.9884
seqneut25to26_sera_1048_d0,A/Queensland/2526516675/2025_H3N2,plate11-A/Queensland/2526516675/2025_H3N2,1.362e+04,1.079,1
seqneut25to26_sera_1048_d0,A/SouthAfrica/PET37604/2025_H3N2,plate11-A/SouthAfrica/PET37604/2025_H3N2,40,0.06657,0.06657
seqneut25to26_sera_1048_d0,A/SouthAfrica/PET37604/2025_H3N2,plate11-A/SouthAfrica/PET37604/2025_H3N2,92,0.3034,0.3034
seqneut25to26_sera_1048_d0,A/SouthAfrica/PET37604/2025_H3N2,plate11-A/SouthAfrica/PET37604/2025_H3N2,212,0.4306,0.4306
seqneut25to26_sera_1048_d0,A/SouthAfrica/PET37604/2025_H3N2,plate11-A/SouthAfrica/PET37604/2025_H3N2,487,0.7104,0.7104
seqneut25to26_sera_1048_d0,A/SouthAfrica/PET37604/2025_H3N2,plate11-A/SouthAfrica/PET37604/2025_H3N2,1119,0.8635,0.8635
seqneut25to26_sera_1048_d0,A/SouthAfrica/PET37604/2025_H3N2,plate11-A/SouthAfrica/PET37604/2025_H3N2,2575,0.7222,0.7222
seqneut25to26_sera_1048_d0,A/SouthAfrica/PET37604/2025_H3N2,plate11-A/SouthAfrica/PET37604/2025_H3N2,5921,1.268,1
seqneut25to26_sera_1048_d0,A/SouthAfrica/PET37604/2025_H3N2,plate11-A/SouthAfrica/PET37604/2025_H3N2,1.362e+04,1.043,1
seqneut25to26_sera_1048_d0,A/SouthAfrica/PET37625/2025_H3N2,plate11-A/SouthAfrica/PET37625/2025_H3N2,40,0.1564,0.1564
seqneut25to26_sera_1048_d0,A/SouthAfrica/PET37625/2025_H3N2,plate11-A/SouthAfrica/PET37625/2025_H3N2,92,0.3782,0.3782
seqneut25to26_sera_1048_d0,A/SouthAfrica/PET37625/2025_H3N2,plate11-A/SouthAfrica/PET37625/2025_H3N2,212,0.4501,0.4501
seqneut25to26_sera_1048_d0,A/SouthAfrica/PET37625/2025_H3N2,plate11-A/SouthAfrica/PET37625/2025_H3N2,487,0.7435,0.7435
seqneut25to26_sera_1048_d0,A/SouthAfrica/PET37625/2025_H3N2,plate11-A/SouthAfrica/PET37625/2025_H3N2,1119,0.7301,0.7301
seqneut25to26_sera_1048_d0,A/SouthAfrica/PET37625/2025_H3N2,plate11-A/SouthAfrica/PET37625/2025_H3N2,2575,0.7263,0.7263
seqneut25to26_sera_1048_d0,A/SouthAfrica/PET37625/2025_H3N2,plate11-A/SouthAfrica/PET37625/2025_H3N2,5921,1.125,1
seqneut25to26_sera_1048_d0,A/SouthAfrica/PET37625/2025_H3N2,plate11-A/SouthAfrica/PET37625/2025_H3N2,1.362e+04,1.059,1
seqneut25to26_sera_1048_d0,A/SouthAustralia/2519001037/2025_H1N1,plate11-A/SouthAustralia/2519001037/2025_H1N1,40,0.01217,0.01217
seqneut25to26_sera_1048_d0,A/SouthAustralia/2519001037/2025_H1N1,plate11-A/SouthAustralia/2519001037/2025_H1N1,92,0.162,0.162
seqneut25to26_sera_1048_d0,A/SouthAustralia/2519001037/2025_H1N1,plate11-A/SouthAustralia/2519001037/2025_H1N1,212,0.6021,0.6021
seqneut25to26_sera_1048_d0,A/SouthAustralia/2519001037/2025_H1N1,plate11-A/SouthAustralia/2519001037/2025_H1N1,487,0.7847,0.7847
seqneut25to26_sera_1048_d0,A/SouthAustralia/2519001037/2025_H1N1,plate11-A/SouthAustralia/2519001037/2025_H1N1,1119,1.077,1
seqneut25to26_sera_1048_d0,A/SouthAustralia/2519001037/2025_H1N1,plate11-A/SouthAustralia/2519001037/2025_H1N1,2575,0.7221,0.7221
seqneut25to26_sera_1048_d0,A/SouthAustralia/2519001037/2025_H1N1,plate11-A/SouthAustralia/2519001037/2025_H1N1,5921,0.9857,0.9857
seqneut25to26_sera_1048_d0,A/SouthAustralia/2519001037/2025_H1N1,plate11-A/SouthAustralia/2519001037/2025_H1N1,1.362e+04,1.12,1
seqneut25to26_sera_1048_d0,A/SouthAustralia/2520702747/2025_H1N1,plate11-A/SouthAustralia/2520702747/2025_H1N1,40,0.002969,0.002969
seqneut25to26_sera_1048_d0,A/SouthAustralia/2520702747/2025_H1N1,plate11-A/SouthAustralia/2520702747/2025_H1N1,92,0.1315,0.1315
seqneut25to26_sera_1048_d0,A/SouthAustralia/2520702747/2025_H1N1,plate11-A/SouthAustralia/2520702747/2025_H1N1,212,0.5149,0.5149
seqneut25to26_sera_1048_d0,A/SouthAustralia/2520702747/2025_H1N1,plate11-A/SouthAustralia/2520702747/2025_H1N1,487,0.7915,0.7915
seqneut25to26_sera_1048_d0,A/SouthAustralia/2520702747/2025_H1N1,plate11-A/SouthAustralia/2520702747/2025_H1N1,1119,1.057,1
seqneut25to26_sera_1048_d0,A/SouthAustralia/2520702747/2025_H1N1,plate11-A/SouthAustralia/2520702747/2025_H1N1,2575,0.7838,0.7838
seqneut25to26_sera_1048_d0,A/SouthAustralia/2520702747/2025_H1N1,plate11-A/SouthAustralia/2520702747/2025_H1N1,5921,1.124,1
seqneut25to26_sera_1048_d0,A/SouthAustralia/2520702747/2025_H1N1,plate11-A/SouthAustralia/2520702747/2025_H1N1,1.362e+04,1.138,1
seqneut25to26_sera_1048_d0,A/SouthAustralia/2523012764/2025_H1N1,plate11-A/SouthAustralia/2523012764/2025_H1N1,40,0.0005732,0.0005732
seqneut25to26_sera_1048_d0,A/SouthAustralia/2523012764/2025_H1N1,plate11-A/SouthAustralia/2523012764/2025_H1N1,92,0.05913,0.05913
seqneut25to26_sera_1048_d0,A/SouthAustralia/2523012764/2025_H1N1,plate11-A/SouthAustralia/2523012764/2025_H1N1,212,0.2483,0.2483
seqneut25to26_sera_1048_d0,A/SouthAustralia/2523012764/2025_H1N1,plate11-A/SouthAustralia/2523012764/2025_H1N1,487,0.685,0.685
seqneut25to26_sera_1048_d0,A/SouthAustralia/2523012764/2025_H1N1,plate11-A/SouthAustralia/2523012764/2025_H1N1,1119,1.154,1
seqneut25to26_sera_1048_d0,A/SouthAustralia/2523012764/2025_H1N1,plate11-A/SouthAustralia/2523012764/2025_H1N1,2575,0.6958,0.6958
seqneut25to26_sera_1048_d0,A/SouthAustralia/2523012764/2025_H1N1,plate11-A/SouthAustralia/2523012764/2025_H1N1,5921,0.9406,0.9406
seqneut25to26_sera_1048_d0,A/SouthAustralia/2523012764/2025_H1N1,plate11-A/SouthAustralia/2523012764/2025_H1N1,1.362e+04,1.05,1
seqneut25to26_sera_1048_d0,A/SouthAustralia/2523812314/2025_H3N2,plate11-A/SouthAustralia/2523812314/2025_H3N2,40,0.123,0.123
seqneut25to26_sera_1048_d0,A/SouthAustralia/2523812314/2025_H3N2,plate11-A/SouthAustralia/2523812314/2025_H3N2,92,0.2345,0.2345
seqneut25to26_sera_1048_d0,A/SouthAustralia/2523812314/2025_H3N2,plate11-A/SouthAustralia/2523812314/2025_H3N2,212,0.4303,0.4303
seqneut25to26_sera_1048_d0,A/SouthAustralia/2523812314/2025_H3N2,plate11-A/SouthAustralia/2523812314/2025_H3N2,487,0.6056,0.6056
seqneut25to26_sera_1048_d0,A/SouthAustralia/2523812314/2025_H3N2,plate11-A/SouthAustralia/2523812314/2025_H3N2,1119,0.8655,0.8655
seqneut25to26_sera_1048_d0,A/SouthAustralia/2523812314/2025_H3N2,plate11-A/SouthAustralia/2523812314/2025_H3N2,2575,0.6877,0.6877
seqneut25to26_sera_1048_d0,A/SouthAustralia/2523812314/2025_H3N2,plate11-A/SouthAustralia/2523812314/2025_H3N2,5921,0.8435,0.8435
seqneut25to26_sera_1048_d0,A/SouthAustralia/2523812314/2025_H3N2,plate11-A/SouthAustralia/2523812314/2025_H3N2,1.362e+04,0.9729,0.9729
seqneut25to26_sera_1048_d0,A/SouthAustralia/2524408801/2025_H3N2,plate11-A/SouthAustralia/2524408801/2025_H3N2,40,0.1663,0.1663
seqneut25to26_sera_1048_d0,A/SouthAustralia/2524408801/2025_H3N2,plate11-A/SouthAustralia/2524408801/2025_H3N2,92,0.4406,0.4406
seqneut25to26_sera_1048_d0,A/SouthAustralia/2524408801/2025_H3N2,plate11-A/SouthAustralia/2524408801/2025_H3N2,212,0.4952,0.4952
seqneut25to26_sera_1048_d0,A/SouthAustralia/2524408801/2025_H3N2,plate11-A/SouthAustralia/2524408801/2025_H3N2,487,0.8122,0.8122
seqneut25to26_sera_1048_d0,A/SouthAustralia/2524408801/2025_H3N2,plate11-A/SouthAustralia/2524408801/2025_H3N2,1119,1.076,1
seqneut25to26_sera_1048_d0,A/SouthAustralia/2524408801/2025_H3N2,plate11-A/SouthAustralia/2524408801/2025_H3N2,2575,0.614,0.614
seqneut25to26_sera_1048_d0,A/SouthAustralia/2524408801/2025_H3N2,plate11-A/SouthAustralia/2524408801/2025_H3N2,5921,0.9175,0.9175
seqneut25to26_sera_1048_d0,A/SouthAustralia/2524408801/2025_H3N2,plate11-A/SouthAustralia/2524408801/2025_H3N2,1.362e+04,1.122,1
seqneut25to26_sera_1048_d0,A/SouthAustralia/2524712956/2025_H1N1,plate11-A/SouthAustralia/2524712956/2025_H1N1,40,0.1008,0.1008
seqneut25to26_sera_1048_d0,A/SouthAustralia/2524712956/2025_H1N1,plate11-A/SouthAustralia/2524712956/2025_H1N1,92,0.3727,0.3727
seqneut25to26_sera_1048_d0,A/SouthAustralia/2524712956/2025_H1N1,plate11-A/SouthAustralia/2524712956/2025_H1N1,212,0.664,0.664
seqneut25to26_sera_1048_d0,A/SouthAustralia/2524712956/2025_H1N1,plate11-A/SouthAustralia/2524712956/2025_H1N1,487,0.8634,0.8634
seqneut25to26_sera_1048_d0,A/SouthAustralia/2524712956/2025_H1N1,plate11-A/SouthAustralia/2524712956/2025_H1N1,1119,1.133,1
seqneut25to26_sera_1048_d0,A/SouthAustralia/2524712956/2025_H1N1,plate11-A/SouthAustralia/2524712956/2025_H1N1,2575,0.8839,0.8839
seqneut25to26_sera_1048_d0,A/SouthAustralia/2524712956/2025_H1N1,plate11-A/SouthAustralia/2524712956/2025_H1N1,5921,1.073,1
seqneut25to26_sera_1048_d0,A/SouthAustralia/2524712956/2025_H1N1,plate11-A/SouthAustralia/2524712956/2025_H1N1,1.362e+04,1.199,1
seqneut25to26_sera_1048_d0,A/SouthAustralia/2525607496/2025_H3N2,plate11-A/SouthAustralia/2525607496/2025_H3N2,40,0.1224,0.1224
seqneut25to26_sera_1048_d0,A/SouthAustralia/2525607496/2025_H3N2,plate11-A/SouthAustralia/2525607496/2025_H3N2,92,0.5542,0.5542
seqneut25to26_sera_1048_d0,A/SouthAustralia/2525607496/2025_H3N2,plate11-A/SouthAustralia/2525607496/2025_H3N2,212,0.6363,0.6363
seqneut25to26_sera_1048_d0,A/SouthAustralia/2525607496/2025_H3N2,plate11-A/SouthAustralia/2525607496/2025_H3N2,487,0.7426,0.7426
seqneut25to26_sera_1048_d0,A/SouthAustralia/2525607496/2025_H3N2,plate11-A/SouthAustralia/2525607496/2025_H3N2,1119,1.17,1
seqneut25to26_sera_1048_d0,A/SouthAustralia/2525607496/2025_H3N2,plate11-A/SouthAustralia/2525607496/2025_H3N2,2575,0.738,0.738
seqneut25to26_sera_1048_d0,A/SouthAustralia/2525607496/2025_H3N2,plate11-A/SouthAustralia/2525607496/2025_H3N2,5921,0.9743,0.9743
seqneut25to26_sera_1048_d0,A/SouthAustralia/2525607496/2025_H3N2,plate11-A/SouthAustralia/2525607496/2025_H3N2,1.362e+04,0.9317,0.9317
seqneut25to26_sera_1048_d0,A/SouthAustralia/2527003588/2025_H3N2,plate11-A/SouthAustralia/2527003588/2025_H3N2,40,0.2072,0.2072
seqneut25to26_sera_1048_d0,A/SouthAustralia/2527003588/2025_H3N2,plate11-A/SouthAustralia/2527003588/2025_H3N2,92,1.137,1
seqneut25to26_sera_1048_d0,A/SouthAustralia/2527003588/2025_H3N2,plate11-A/SouthAustralia/2527003588/2025_H3N2,212,0.7293,0.7293
seqneut25to26_sera_1048_d0,A/SouthAustralia/2527003588/2025_H3N2,plate11-A/SouthAustralia/2527003588/2025_H3N2,487,0.8373,0.8373
seqneut25to26_sera_1048_d0,A/SouthAustralia/2527003588/2025_H3N2,plate11-A/SouthAustralia/2527003588/2025_H3N2,1119,0.992,0.992
seqneut25to26_sera_1048_d0,A/SouthAustralia/2527003588/2025_H3N2,plate11-A/SouthAustralia/2527003588/2025_H3N2,2575,0.6748,0.6748
seqneut25to26_sera_1048_d0,A/SouthAustralia/2527003588/2025_H3N2,plate11-A/SouthAustralia/2527003588/2025_H3N2,5921,0.9148,0.9148
seqneut25to26_sera_1048_d0,A/SouthAustralia/2527003588/2025_H3N2,plate11-A/SouthAustralia/2527003588/2025_H3N2,1.362e+04,0.8978,0.8978
seqneut25to26_sera_1048_d0,A/SouthAustralia/2527213276/2025_H3N2,plate11-A/SouthAustralia/2527213276/2025_H3N2,40,0.1642,0.1642
seqneut25to26_sera_1048_d0,A/SouthAustralia/2527213276/2025_H3N2,plate11-A/SouthAustralia/2527213276/2025_H3N2,92,0.343,0.343
seqneut25to26_sera_1048_d0,A/SouthAustralia/2527213276/2025_H3N2,plate11-A/SouthAustralia/2527213276/2025_H3N2,212,0.4768,0.4768
seqneut25to26_sera_1048_d0,A/SouthAustralia/2527213276/2025_H3N2,plate11-A/SouthAustralia/2527213276/2025_H3N2,487,0.6193,0.6193
seqneut25to26_sera_1048_d0,A/SouthAustralia/2527213276/2025_H3N2,plate11-A/SouthAustralia/2527213276/2025_H3N2,1119,1.126,1
seqneut25to26_sera_1048_d0,A/SouthAustralia/2527213276/2025_H3N2,plate11-A/SouthAustralia/2527213276/2025_H3N2,2575,0.6462,0.6462
seqneut25to26_sera_1048_d0,A/SouthAustralia/2527213276/2025_H3N2,plate11-A/SouthAustralia/2527213276/2025_H3N2,5921,1.076,1
seqneut25to26_sera_1048_d0,A/SouthAustralia/2527213276/2025_H3N2,plate11-A/SouthAustralia/2527213276/2025_H3N2,1.362e+04,0.907,0.907
seqneut25to26_sera_1048_d0,A/SouthAustralia/2527612456/2025_H1N1,plate11-A/SouthAustralia/2527612456/2025_H1N1,40,0.01936,0.01936
seqneut25to26_sera_1048_d0,A/SouthAustralia/2527612456/2025_H1N1,plate11-A/SouthAustralia/2527612456/2025_H1N1,92,0.3112,0.3112
seqneut25to26_sera_1048_d0,A/SouthAustralia/2527612456/2025_H1N1,plate11-A/SouthAustralia/2527612456/2025_H1N1,212,0.6912,0.6912
seqneut25to26_sera_1048_d0,A/SouthAustralia/2527612456/2025_H1N1,plate11-A/SouthAustralia/2527612456/2025_H1N1,487,0.8914,0.8914
seqneut25to26_sera_1048_d0,A/SouthAustralia/2527612456/2025_H1N1,plate11-A/SouthAustralia/2527612456/2025_H1N1,1119,1.086,1
seqneut25to26_sera_1048_d0,A/SouthAustralia/2527612456/2025_H1N1,plate11-A/SouthAustralia/2527612456/2025_H1N1,2575,0.8429,0.8429
seqneut25to26_sera_1048_d0,A/SouthAustralia/2527612456/2025_H1N1,plate11-A/SouthAustralia/2527612456/2025_H1N1,5921,0.9927,0.9927
seqneut25to26_sera_1048_d0,A/SouthAustralia/2527612456/2025_H1N1,plate11-A/SouthAustralia/2527612456/2025_H1N1,1.362e+04,0.9612,0.9612
seqneut25to26_sera_1048_d0,A/SouthAustralia/2527902708/2025_H3N2,plate11-A/SouthAustralia/2527902708/2025_H3N2,40,0.3238,0.3238
seqneut25to26_sera_1048_d0,A/SouthAustralia/2527902708/2025_H3N2,plate11-A/SouthAustralia/2527902708/2025_H3N2,92,0.6395,0.6395
seqneut25to26_sera_1048_d0,A/SouthAustralia/2527902708/2025_H3N2,plate11-A/SouthAustralia/2527902708/2025_H3N2,212,0.6399,0.6399
seqneut25to26_sera_1048_d0,A/SouthAustralia/2527902708/2025_H3N2,plate11-A/SouthAustralia/2527902708/2025_H3N2,487,0.9528,0.9528
seqneut25to26_sera_1048_d0,A/SouthAustralia/2527902708/2025_H3N2,plate11-A/SouthAustralia/2527902708/2025_H3N2,1119,0.9478,0.9478
seqneut25to26_sera_1048_d0,A/SouthAustralia/2527902708/2025_H3N2,plate11-A/SouthAustralia/2527902708/2025_H3N2,2575,0.7253,0.7253
seqneut25to26_sera_1048_d0,A/SouthAustralia/2527902708/2025_H3N2,plate11-A/SouthAustralia/2527902708/2025_H3N2,5921,1.282,1
seqneut25to26_sera_1048_d0,A/SouthAustralia/2527902708/2025_H3N2,plate11-A/SouthAustralia/2527902708/2025_H3N2,1.362e+04,1.358,1
seqneut25to26_sera_1048_d0,A/Sydney/1359/2024_H3N2,plate11-A/Sydney/1359/2024_H3N2,40,0.1587,0.1587
seqneut25to26_sera_1048_d0,A/Sydney/1359/2024_H3N2,plate11-A/Sydney/1359/2024_H3N2,92,0.2634,0.2634
seqneut25to26_sera_1048_d0,A/Sydney/1359/2024_H3N2,plate11-A/Sydney/1359/2024_H3N2,212,0.6841,0.6841
seqneut25to26_sera_1048_d0,A/Sydney/1359/2024_H3N2,plate11-A/Sydney/1359/2024_H3N2,487,0.7596,0.7596
seqneut25to26_sera_1048_d0,A/Sydney/1359/2024_H3N2,plate11-A/Sydney/1359/2024_H3N2,1119,0.9447,0.9447
seqneut25to26_sera_1048_d0,A/Sydney/1359/2024_H3N2,plate11-A/Sydney/1359/2024_H3N2,2575,0.7071,0.7071
seqneut25to26_sera_1048_d0,A/Sydney/1359/2024_H3N2,plate11-A/Sydney/1359/2024_H3N2,5921,1.043,1
seqneut25to26_sera_1048_d0,A/Sydney/1359/2024_H3N2,plate11-A/Sydney/1359/2024_H3N2,1.362e+04,1.154,1
seqneut25to26_sera_1048_d0,A/Sydney/400/2025_H1N1,plate11-A/Sydney/400/2025_H1N1,40,0.004935,0.004935
seqneut25to26_sera_1048_d0,A/Sydney/400/2025_H1N1,plate11-A/Sydney/400/2025_H1N1,92,0.03058,0.03058
seqneut25to26_sera_1048_d0,A/Sydney/400/2025_H1N1,plate11-A/Sydney/400/2025_H1N1,212,0.3096,0.3096
seqneut25to26_sera_1048_d0,A/Sydney/400/2025_H1N1,plate11-A/Sydney/400/2025_H1N1,487,0.5657,0.5657
seqneut25to26_sera_1048_d0,A/Sydney/400/2025_H1N1,plate11-A/Sydney/400/2025_H1N1,1119,0.9067,0.9067
seqneut25to26_sera_1048_d0,A/Sydney/400/2025_H1N1,plate11-A/Sydney/400/2025_H1N1,2575,0.7829,0.7829
seqneut25to26_sera_1048_d0,A/Sydney/400/2025_H1N1,plate11-A/Sydney/400/2025_H1N1,5921,1.278,1
seqneut25to26_sera_1048_d0,A/Sydney/400/2025_H1N1,plate11-A/Sydney/400/2025_H1N1,1.362e+04,1.256,1
seqneut25to26_sera_1048_d0,A/Tasmania/2521815682/2025_H3N2,plate11-A/Tasmania/2521815682/2025_H3N2,40,0.2041,0.2041
seqneut25to26_sera_1048_d0,A/Tasmania/2521815682/2025_H3N2,plate11-A/Tasmania/2521815682/2025_H3N2,92,0.3624,0.3624
seqneut25to26_sera_1048_d0,A/Tasmania/2521815682/2025_H3N2,plate11-A/Tasmania/2521815682/2025_H3N2,212,0.5597,0.5597
seqneut25to26_sera_1048_d0,A/Tasmania/2521815682/2025_H3N2,plate11-A/Tasmania/2521815682/2025_H3N2,487,0.7595,0.7595
seqneut25to26_sera_1048_d0,A/Tasmania/2521815682/2025_H3N2,plate11-A/Tasmania/2521815682/2025_H3N2,1119,0.9167,0.9167
seqneut25to26_sera_1048_d0,A/Tasmania/2521815682/2025_H3N2,plate11-A/Tasmania/2521815682/2025_H3N2,2575,0.6908,0.6908
seqneut25to26_sera_1048_d0,A/Tasmania/2521815682/2025_H3N2,plate11-A/Tasmania/2521815682/2025_H3N2,5921,0.9587,0.9587
seqneut25to26_sera_1048_d0,A/Tasmania/2521815682/2025_H3N2,plate11-A/Tasmania/2521815682/2025_H3N2,1.362e+04,1.054,1
seqneut25to26_sera_1048_d0,A/Thailand/8/2022_H3N2,plate11-A/Thailand/8/2022_H3N2,40,0.1278,0.1278
seqneut25to26_sera_1048_d0,A/Thailand/8/2022_H3N2,plate11-A/Thailand/8/2022_H3N2,92,0.09337,0.09337
seqneut25to26_sera_1048_d0,A/Thailand/8/2022_H3N2,plate11-A/Thailand/8/2022_H3N2,212,0.1778,0.1778
seqneut25to26_sera_1048_d0,A/Thailand/8/2022_H3N2,plate11-A/Thailand/8/2022_H3N2,487,0.2974,0.2974
seqneut25to26_sera_1048_d0,A/Thailand/8/2022_H3N2,plate11-A/Thailand/8/2022_H3N2,1119,0.7083,0.7083
seqneut25to26_sera_1048_d0,A/Thailand/8/2022_H3N2,plate11-A/Thailand/8/2022_H3N2,2575,0.4673,0.4673
seqneut25to26_sera_1048_d0,A/Thailand/8/2022_H3N2,plate11-A/Thailand/8/2022_H3N2,5921,0.7318,0.7318
seqneut25to26_sera_1048_d0,A/Thailand/8/2022_H3N2,plate11-A/Thailand/8/2022_H3N2,1.362e+04,1.154,1
seqneut25to26_sera_1048_d0,A/Vermont/73/2025_H3N2,plate11-A/Vermont/73/2025_H3N2,40,0.1904,0.1904
seqneut25to26_sera_1048_d0,A/Vermont/73/2025_H3N2,plate11-A/Vermont/73/2025_H3N2,92,0.6525,0.6525
seqneut25to26_sera_1048_d0,A/Vermont/73/2025_H3N2,plate11-A/Vermont/73/2025_H3N2,212,0.5475,0.5475
seqneut25to26_sera_1048_d0,A/Vermont/73/2025_H3N2,plate11-A/Vermont/73/2025_H3N2,487,1.027,1
seqneut25to26_sera_1048_d0,A/Vermont/73/2025_H3N2,plate11-A/Vermont/73/2025_H3N2,1119,0.7766,0.7766
seqneut25to26_sera_1048_d0,A/Vermont/73/2025_H3N2,plate11-A/Vermont/73/2025_H3N2,2575,0.6605,0.6605
seqneut25to26_sera_1048_d0,A/Vermont/73/2025_H3N2,plate11-A/Vermont/73/2025_H3N2,5921,0.8012,0.8012
seqneut25to26_sera_1048_d0,A/Vermont/73/2025_H3N2,plate11-A/Vermont/73/2025_H3N2,1.362e+04,1.11,1
seqneut25to26_sera_1048_d0,A/Victoria/4897/2022_IVR-238_H1N1,plate11-A/Victoria/4897/2022_IVR-238_H1N1,40,6.376e-05,6.376e-05
seqneut25to26_sera_1048_d0,A/Victoria/4897/2022_IVR-238_H1N1,plate11-A/Victoria/4897/2022_IVR-238_H1N1,92,0.0005192,0.0005192
seqneut25to26_sera_1048_d0,A/Victoria/4897/2022_IVR-238_H1N1,plate11-A/Victoria/4897/2022_IVR-238_H1N1,212,0.000788,0.000788
seqneut25to26_sera_1048_d0,A/Victoria/4897/2022_IVR-238_H1N1,plate11-A/Victoria/4897/2022_IVR-238_H1N1,487,0.03193,0.03193
seqneut25to26_sera_1048_d0,A/Victoria/4897/2022_IVR-238_H1N1,plate11-A/Victoria/4897/2022_IVR-238_H1N1,1119,0.4942,0.4942
seqneut25to26_sera_1048_d0,A/Victoria/4897/2022_IVR-238_H1N1,plate11-A/Victoria/4897/2022_IVR-238_H1N1,2575,0.666,0.666
seqneut25to26_sera_1048_d0,A/Victoria/4897/2022_IVR-238_H1N1,plate11-A/Victoria/4897/2022_IVR-238_H1N1,5921,1.005,1
seqneut25to26_sera_1048_d0,A/Victoria/4897/2022_IVR-238_H1N1,plate11-A/Victoria/4897/2022_IVR-238_H1N1,1.362e+04,1.291,1
seqneut25to26_sera_1048_d0,A/Wisconsin/588/2019_H1N1,plate11-A/Wisconsin/588/2019_H1N1,40,0.0003124,0.0003124
seqneut25to26_sera_1048_d0,A/Wisconsin/588/2019_H1N1,plate11-A/Wisconsin/588/2019_H1N1,92,0.04261,0.04261
seqneut25to26_sera_1048_d0,A/Wisconsin/588/2019_H1N1,plate11-A/Wisconsin/588/2019_H1N1,212,0.3521,0.3521
seqneut25to26_sera_1048_d0,A/Wisconsin/588/2019_H1N1,plate11-A/Wisconsin/588/2019_H1N1,487,0.6214,0.6214
seqneut25to26_sera_1048_d0,A/Wisconsin/588/2019_H1N1,plate11-A/Wisconsin/588/2019_H1N1,1119,0.9323,0.9323
seqneut25to26_sera_1048_d0,A/Wisconsin/588/2019_H1N1,plate11-A/Wisconsin/588/2019_H1N1,2575,0.7946,0.7946
seqneut25to26_sera_1048_d0,A/Wisconsin/588/2019_H1N1,plate11-A/Wisconsin/588/2019_H1N1,5921,1.154,1
seqneut25to26_sera_1048_d0,A/Wisconsin/588/2019_H1N1,plate11-A/Wisconsin/588/2019_H1N1,1.362e+04,1.174,1
seqneut25to26_sera_1048_d0,A/Wisconsin/67/2022_H1N1,plate11-A/Wisconsin/67/2022_H1N1,40,0.005369,0.005369
seqneut25to26_sera_1048_d0,A/Wisconsin/67/2022_H1N1,plate11-A/Wisconsin/67/2022_H1N1,92,0.0978,0.0978
seqneut25to26_sera_1048_d0,A/Wisconsin/67/2022_H1N1,plate11-A/Wisconsin/67/2022_H1N1,212,0.5167,0.5167
seqneut25to26_sera_1048_d0,A/Wisconsin/67/2022_H1N1,plate11-A/Wisconsin/67/2022_H1N1,487,0.7392,0.7392
seqneut25to26_sera_1048_d0,A/Wisconsin/67/2022_H1N1,plate11-A/Wisconsin/67/2022_H1N1,1119,0.9905,0.9905
seqneut25to26_sera_1048_d0,A/Wisconsin/67/2022_H1N1,plate11-A/Wisconsin/67/2022_H1N1,2575,0.8334,0.8334
seqneut25to26_sera_1048_d0,A/Wisconsin/67/2022_H1N1,plate11-A/Wisconsin/67/2022_H1N1,5921,1.145,1
seqneut25to26_sera_1048_d0,A/Wisconsin/67/2022_H1N1,plate11-A/Wisconsin/67/2022_H1N1,1.362e+04,1.219,1
seqneut25to26_sera_1048_d0,A/Zacapa/FLU-261/2025_H1N1,plate11-A/Zacapa/FLU-261/2025_H1N1,40,0.006559,0.006559
seqneut25to26_sera_1048_d0,A/Zacapa/FLU-261/2025_H1N1,plate11-A/Zacapa/FLU-261/2025_H1N1,92,0.1379,0.1379
seqneut25to26_sera_1048_d0,A/Zacapa/FLU-261/2025_H1N1,plate11-A/Zacapa/FLU-261/2025_H1N1,212,0.4632,0.4632
seqneut25to26_sera_1048_d0,A/Zacapa/FLU-261/2025_H1N1,plate11-A/Zacapa/FLU-261/2025_H1N1,487,0.9565,0.9565
seqneut25to26_sera_1048_d0,A/Zacapa/FLU-261/2025_H1N1,plate11-A/Zacapa/FLU-261/2025_H1N1,1119,1.169,1
seqneut25to26_sera_1048_d0,A/Zacapa/FLU-261/2025_H1N1,plate11-A/Zacapa/FLU-261/2025_H1N1,2575,0.8008,0.8008
seqneut25to26_sera_1048_d0,A/Zacapa/FLU-261/2025_H1N1,plate11-A/Zacapa/FLU-261/2025_H1N1,5921,1.211,1
seqneut25to26_sera_1048_d0,A/Zacapa/FLU-261/2025_H1N1,plate11-A/Zacapa/FLU-261/2025_H1N1,1.362e+04,1.264,1
seqneut25to26_sera_1048_d28,A/Alagoas/4130/2025_H3N2,plate11-A/Alagoas/4130/2025_H3N2,40,0.001397,0.001397
seqneut25to26_sera_1048_d28,A/Alagoas/4130/2025_H3N2,plate11-A/Alagoas/4130/2025_H3N2,92,0.04559,0.04559
seqneut25to26_sera_1048_d28,A/Alagoas/4130/2025_H3N2,plate11-A/Alagoas/4130/2025_H3N2,212,0.4778,0.4778
seqneut25to26_sera_1048_d28,A/Alagoas/4130/2025_H3N2,plate11-A/Alagoas/4130/2025_H3N2,487,0.6523,0.6523
seqneut25to26_sera_1048_d28,A/Alagoas/4130/2025_H3N2,plate11-A/Alagoas/4130/2025_H3N2,1119,0.926,0.926
seqneut25to26_sera_1048_d28,A/Alagoas/4130/2025_H3N2,plate11-A/Alagoas/4130/2025_H3N2,2575,0.7366,0.7366
seqneut25to26_sera_1048_d28,A/Alagoas/4130/2025_H3N2,plate11-A/Alagoas/4130/2025_H3N2,5921,1.174,1
seqneut25to26_sera_1048_d28,A/Alagoas/4130/2025_H3N2,plate11-A/Alagoas/4130/2025_H3N2,1.362e+04,1.223,1
seqneut25to26_sera_1048_d28,A/Anapolis/LEIAL6543/2025_H3N2,plate11-A/Anapolis/LEIAL6543/2025_H3N2,40,0.02143,0.02143
seqneut25to26_sera_1048_d28,A/Anapolis/LEIAL6543/2025_H3N2,plate11-A/Anapolis/LEIAL6543/2025_H3N2,92,0.1426,0.1426
seqneut25to26_sera_1048_d28,A/Anapolis/LEIAL6543/2025_H3N2,plate11-A/Anapolis/LEIAL6543/2025_H3N2,212,0.4822,0.4822
seqneut25to26_sera_1048_d28,A/Anapolis/LEIAL6543/2025_H3N2,plate11-A/Anapolis/LEIAL6543/2025_H3N2,487,0.5522,0.5522
seqneut25to26_sera_1048_d28,A/Anapolis/LEIAL6543/2025_H3N2,plate11-A/Anapolis/LEIAL6543/2025_H3N2,1119,0.7773,0.7773
seqneut25to26_sera_1048_d28,A/Anapolis/LEIAL6543/2025_H3N2,plate11-A/Anapolis/LEIAL6543/2025_H3N2,2575,0.8497,0.8497
seqneut25to26_sera_1048_d28,A/Anapolis/LEIAL6543/2025_H3N2,plate11-A/Anapolis/LEIAL6543/2025_H3N2,5921,0.8271,0.8271
seqneut25to26_sera_1048_d28,A/Anapolis/LEIAL6543/2025_H3N2,plate11-A/Anapolis/LEIAL6543/2025_H3N2,1.362e+04,0.9898,0.9898
seqneut25to26_sera_1048_d28,A/Andalucia/PMC-00977/2025_H1N1,plate11-A/Andalucia/PMC-00977/2025_H1N1,40,5.202e-05,5.202e-05
seqneut25to26_sera_1048_d28,A/Andalucia/PMC-00977/2025_H1N1,plate11-A/Andalucia/PMC-00977/2025_H1N1,92,0.01752,0.01752
seqneut25to26_sera_1048_d28,A/Andalucia/PMC-00977/2025_H1N1,plate11-A/Andalucia/PMC-00977/2025_H1N1,212,0.2953,0.2953
seqneut25to26_sera_1048_d28,A/Andalucia/PMC-00977/2025_H1N1,plate11-A/Andalucia/PMC-00977/2025_H1N1,487,0.9178,0.9178
seqneut25to26_sera_1048_d28,A/Andalucia/PMC-00977/2025_H1N1,plate11-A/Andalucia/PMC-00977/2025_H1N1,1119,1.226,1
seqneut25to26_sera_1048_d28,A/Andalucia/PMC-00977/2025_H1N1,plate11-A/Andalucia/PMC-00977/2025_H1N1,2575,1.162,1
seqneut25to26_sera_1048_d28,A/Andalucia/PMC-00977/2025_H1N1,plate11-A/Andalucia/PMC-00977/2025_H1N1,5921,1.06,1
seqneut25to26_sera_1048_d28,A/Andalucia/PMC-00977/2025_H1N1,plate11-A/Andalucia/PMC-00977/2025_H1N1,1.362e+04,1.203,1
seqneut25to26_sera_1048_d28,A/Aragon/2046/2025_H1N1,plate11-A/Aragon/2046/2025_H1N1,40,0.000469,0.000469
seqneut25to26_sera_1048_d28,A/Aragon/2046/2025_H1N1,plate11-A/Aragon/2046/2025_H1N1,92,0.009924,0.009924
seqneut25to26_sera_1048_d28,A/Aragon/2046/2025_H1N1,plate11-A/Aragon/2046/2025_H1N1,212,0.2547,0.2547
seqneut25to26_sera_1048_d28,A/Aragon/2046/2025_H1N1,plate11-A/Aragon/2046/2025_H1N1,487,0.866,0.866
seqneut25to26_sera_1048_d28,A/Aragon/2046/2025_H1N1,plate11-A/Aragon/2046/2025_H1N1,1119,1.254,1
seqneut25to26_sera_1048_d28,A/Aragon/2046/2025_H1N1,plate11-A/Aragon/2046/2025_H1N1,2575,1.039,1
seqneut25to26_sera_1048_d28,A/Aragon/2046/2025_H1N1,plate11-A/Aragon/2046/2025_H1N1,5921,1.128,1
seqneut25to26_sera_1048_d28,A/Aragon/2046/2025_H1N1,plate11-A/Aragon/2046/2025_H1N1,1.362e+04,1.374,1
seqneut25to26_sera_1048_d28,A/Arica/59150/2025_H3N2,plate11-A/Arica/59150/2025_H3N2,40,0.03048,0.03048
seqneut25to26_sera_1048_d28,A/Arica/59150/2025_H3N2,plate11-A/Arica/59150/2025_H3N2,92,0.08379,0.08379
seqneut25to26_sera_1048_d28,A/Arica/59150/2025_H3N2,plate11-A/Arica/59150/2025_H3N2,212,0.4082,0.4082
seqneut25to26_sera_1048_d28,A/Arica/59150/2025_H3N2,plate11-A/Arica/59150/2025_H3N2,487,0.5672,0.5672
seqneut25to26_sera_1048_d28,A/Arica/59150/2025_H3N2,plate11-A/Arica/59150/2025_H3N2,1119,0.8023,0.8023
seqneut25to26_sera_1048_d28,A/Arica/59150/2025_H3N2,plate11-A/Arica/59150/2025_H3N2,2575,0.7732,0.7732
seqneut25to26_sera_1048_d28,A/Arica/59150/2025_H3N2,plate11-A/Arica/59150/2025_H3N2,5921,0.9851,0.9851
seqneut25to26_sera_1048_d28,A/Arica/59150/2025_H3N2,plate11-A/Arica/59150/2025_H3N2,1.362e+04,0.9626,0.9626
seqneut25to26_sera_1048_d28,A/Bahia/3102/2025_H3N2,plate11-A/Bahia/3102/2025_H3N2,40,0.01399,0.01399
seqneut25to26_sera_1048_d28,A/Bahia/3102/2025_H3N2,plate11-A/Bahia/3102/2025_H3N2,92,0.08193,0.08193
seqneut25to26_sera_1048_d28,A/Bahia/3102/2025_H3N2,plate11-A/Bahia/3102/2025_H3N2,212,0.2466,0.2466
seqneut25to26_sera_1048_d28,A/Bahia/3102/2025_H3N2,plate11-A/Bahia/3102/2025_H3N2,487,0.5229,0.5229
seqneut25to26_sera_1048_d28,A/Bahia/3102/2025_H3N2,plate11-A/Bahia/3102/2025_H3N2,1119,1.153,1
seqneut25to26_sera_1048_d28,A/Bahia/3102/2025_H3N2,plate11-A/Bahia/3102/2025_H3N2,2575,0.8956,0.8956
seqneut25to26_sera_1048_d28,A/Bahia/3102/2025_H3N2,plate11-A/Bahia/3102/2025_H3N2,5921,0.7738,0.7738
seqneut25to26_sera_1048_d28,A/Bahia/3102/2025_H3N2,plate11-A/Bahia/3102/2025_H3N2,1.362e+04,1.032,1
seqneut25to26_sera_1048_d28,A/Bangkok/1803/2025_H1N1,plate11-A/Bangkok/1803/2025_H1N1,40,0.01525,0.01525
seqneut25to26_sera_1048_d28,A/Bangkok/1803/2025_H1N1,plate11-A/Bangkok/1803/2025_H1N1,92,0.04447,0.04447
seqneut25to26_sera_1048_d28,A/Bangkok/1803/2025_H1N1,plate11-A/Bangkok/1803/2025_H1N1,212,0.5046,0.5046
seqneut25to26_sera_1048_d28,A/Bangkok/1803/2025_H1N1,plate11-A/Bangkok/1803/2025_H1N1,487,1.166,1
seqneut25to26_sera_1048_d28,A/Bangkok/1803/2025_H1N1,plate11-A/Bangkok/1803/2025_H1N1,1119,1.381,1
seqneut25to26_sera_1048_d28,A/Bangkok/1803/2025_H1N1,plate11-A/Bangkok/1803/2025_H1N1,2575,1.187,1
seqneut25to26_sera_1048_d28,A/Bangkok/1803/2025_H1N1,plate11-A/Bangkok/1803/2025_H1N1,5921,1.245,1
seqneut25to26_sera_1048_d28,A/Bangkok/1803/2025_H1N1,plate11-A/Bangkok/1803/2025_H1N1,1.362e+04,1.255,1
seqneut25to26_sera_1048_d28,A/Bangkok/P2229/2025_H1N1,plate11-A/Bangkok/P2229/2025_H1N1,40,0.0001692,0.0001692
seqneut25to26_sera_1048_d28,A/Bangkok/P2229/2025_H1N1,plate11-A/Bangkok/P2229/2025_H1N1,92,0.007484,0.007484
seqneut25to26_sera_1048_d28,A/Bangkok/P2229/2025_H1N1,plate11-A/Bangkok/P2229/2025_H1N1,212,0.2908,0.2908
seqneut25to26_sera_1048_d28,A/Bangkok/P2229/2025_H1N1,plate11-A/Bangkok/P2229/2025_H1N1,487,0.7478,0.7478
seqneut25to26_sera_1048_d28,A/Bangkok/P2229/2025_H1N1,plate11-A/Bangkok/P2229/2025_H1N1,1119,1.044,1
seqneut25to26_sera_1048_d28,A/Bangkok/P2229/2025_H1N1,plate11-A/Bangkok/P2229/2025_H1N1,2575,1.133,1
seqneut25to26_sera_1048_d28,A/Bangkok/P2229/2025_H1N1,plate11-A/Bangkok/P2229/2025_H1N1,5921,1.249,1
seqneut25to26_sera_1048_d28,A/Bangkok/P2229/2025_H1N1,plate11-A/Bangkok/P2229/2025_H1N1,1.362e+04,1.321,1
seqneut25to26_sera_1048_d28,A/Bangkok/P2323/2025_H3N2,plate11-A/Bangkok/P2323/2025_H3N2,40,0.04706,0.04706
seqneut25to26_sera_1048_d28,A/Bangkok/P2323/2025_H3N2,plate11-A/Bangkok/P2323/2025_H3N2,92,0.1582,0.1582
seqneut25to26_sera_1048_d28,A/Bangkok/P2323/2025_H3N2,plate11-A/Bangkok/P2323/2025_H3N2,212,0.6844,0.6844
seqneut25to26_sera_1048_d28,A/Bangkok/P2323/2025_H3N2,plate11-A/Bangkok/P2323/2025_H3N2,487,0.8338,0.8338
seqneut25to26_sera_1048_d28,A/Bangkok/P2323/2025_H3N2,plate11-A/Bangkok/P2323/2025_H3N2,1119,0.9605,0.9605
seqneut25to26_sera_1048_d28,A/Bangkok/P2323/2025_H3N2,plate11-A/Bangkok/P2323/2025_H3N2,2575,0.8099,0.8099
seqneut25to26_sera_1048_d28,A/Bangkok/P2323/2025_H3N2,plate11-A/Bangkok/P2323/2025_H3N2,5921,0.9488,0.9488
seqneut25to26_sera_1048_d28,A/Bangkok/P2323/2025_H3N2,plate11-A/Bangkok/P2323/2025_H3N2,1.362e+04,0.967,0.967
seqneut25to26_sera_1048_d28,A/Bangkok/P2390/2025_H3N2,plate11-A/Bangkok/P2390/2025_H3N2,40,0.01627,0.01627
seqneut25to26_sera_1048_d28,A/Bangkok/P2390/2025_H3N2,plate11-A/Bangkok/P2390/2025_H3N2,92,0.1985,0.1985
seqneut25to26_sera_1048_d28,A/Bangkok/P2390/2025_H3N2,plate11-A/Bangkok/P2390/2025_H3N2,212,0.5189,0.5189
seqneut25to26_sera_1048_d28,A/Bangkok/P2390/2025_H3N2,plate11-A/Bangkok/P2390/2025_H3N2,487,0.9273,0.9273
seqneut25to26_sera_1048_d28,A/Bangkok/P2390/2025_H3N2,plate11-A/Bangkok/P2390/2025_H3N2,1119,0.7392,0.7392
seqneut25to26_sera_1048_d28,A/Bangkok/P2390/2025_H3N2,plate11-A/Bangkok/P2390/2025_H3N2,2575,0.8207,0.8207
seqneut25to26_sera_1048_d28,A/Bangkok/P2390/2025_H3N2,plate11-A/Bangkok/P2390/2025_H3N2,5921,0.8044,0.8044
seqneut25to26_sera_1048_d28,A/Bangkok/P2390/2025_H3N2,plate11-A/Bangkok/P2390/2025_H3N2,1.362e+04,1.022,1
seqneut25to26_sera_1048_d28,A/Bangkok/P2391/2025_H3N2,plate11-A/Bangkok/P2391/2025_H3N2,40,0.05044,0.05044
seqneut25to26_sera_1048_d28,A/Bangkok/P2391/2025_H3N2,plate11-A/Bangkok/P2391/2025_H3N2,92,0.391,0.391
seqneut25to26_sera_1048_d28,A/Bangkok/P2391/2025_H3N2,plate11-A/Bangkok/P2391/2025_H3N2,212,0.5379,0.5379
seqneut25to26_sera_1048_d28,A/Bangkok/P2391/2025_H3N2,plate11-A/Bangkok/P2391/2025_H3N2,487,0.714,0.714
seqneut25to26_sera_1048_d28,A/Bangkok/P2391/2025_H3N2,plate11-A/Bangkok/P2391/2025_H3N2,1119,1.053,1
seqneut25to26_sera_1048_d28,A/Bangkok/P2391/2025_H3N2,plate11-A/Bangkok/P2391/2025_H3N2,2575,0.811,0.811
seqneut25to26_sera_1048_d28,A/Bangkok/P2391/2025_H3N2,plate11-A/Bangkok/P2391/2025_H3N2,5921,1.069,1
seqneut25to26_sera_1048_d28,A/Bangkok/P2391/2025_H3N2,plate11-A/Bangkok/P2391/2025_H3N2,1.362e+04,0.8664,0.8664
seqneut25to26_sera_1048_d28,A/Bangkok/P2572/2025_H3N2,plate11-A/Bangkok/P2572/2025_H3N2,40,0.05254,0.05254
seqneut25to26_sera_1048_d28,A/Bangkok/P2572/2025_H3N2,plate11-A/Bangkok/P2572/2025_H3N2,92,0.1861,0.1861
seqneut25to26_sera_1048_d28,A/Bangkok/P2572/2025_H3N2,plate11-A/Bangkok/P2572/2025_H3N2,212,0.5596,0.5596
seqneut25to26_sera_1048_d28,A/Bangkok/P2572/2025_H3N2,plate11-A/Bangkok/P2572/2025_H3N2,487,0.7024,0.7024
seqneut25to26_sera_1048_d28,A/Bangkok/P2572/2025_H3N2,plate11-A/Bangkok/P2572/2025_H3N2,1119,1.044,1
seqneut25to26_sera_1048_d28,A/Bangkok/P2572/2025_H3N2,plate11-A/Bangkok/P2572/2025_H3N2,2575,0.747,0.747
seqneut25to26_sera_1048_d28,A/Bangkok/P2572/2025_H3N2,plate11-A/Bangkok/P2572/2025_H3N2,5921,0.8244,0.8244
seqneut25to26_sera_1048_d28,A/Bangkok/P2572/2025_H3N2,plate11-A/Bangkok/P2572/2025_H3N2,1.362e+04,1.02,1
seqneut25to26_sera_1048_d28,A/Bangkok/P2921/2025_H3N2,plate11-A/Bangkok/P2921/2025_H3N2,40,0.0773,0.0773
seqneut25to26_sera_1048_d28,A/Bangkok/P2921/2025_H3N2,plate11-A/Bangkok/P2921/2025_H3N2,92,0.2995,0.2995
seqneut25to26_sera_1048_d28,A/Bangkok/P2921/2025_H3N2,plate11-A/Bangkok/P2921/2025_H3N2,212,0.6391,0.6391
seqneut25to26_sera_1048_d28,A/Bangkok/P2921/2025_H3N2,plate11-A/Bangkok/P2921/2025_H3N2,487,1.061,1
seqneut25to26_sera_1048_d28,A/Bangkok/P2921/2025_H3N2,plate11-A/Bangkok/P2921/2025_H3N2,1119,1.14,1
seqneut25to26_sera_1048_d28,A/Bangkok/P2921/2025_H3N2,plate11-A/Bangkok/P2921/2025_H3N2,2575,0.9835,0.9835
seqneut25to26_sera_1048_d28,A/Bangkok/P2921/2025_H3N2,plate11-A/Bangkok/P2921/2025_H3N2,5921,1.062,1
seqneut25to26_sera_1048_d28,A/Bangkok/P2921/2025_H3N2,plate11-A/Bangkok/P2921/2025_H3N2,1.362e+04,1.188,1
seqneut25to26_sera_1048_d28,A/Bangkok/P3067/2025_H1N1,plate11-A/Bangkok/P3067/2025_H1N1,40,0.0004667,0.0004667
seqneut25to26_sera_1048_d28,A/Bangkok/P3067/2025_H1N1,plate11-A/Bangkok/P3067/2025_H1N1,92,0.003822,0.003822
seqneut25to26_sera_1048_d28,A/Bangkok/P3067/2025_H1N1,plate11-A/Bangkok/P3067/2025_H1N1,212,0.1844,0.1844
seqneut25to26_sera_1048_d28,A/Bangkok/P3067/2025_H1N1,plate11-A/Bangkok/P3067/2025_H1N1,487,0.5671,0.5671
seqneut25to26_sera_1048_d28,A/Bangkok/P3067/2025_H1N1,plate11-A/Bangkok/P3067/2025_H1N1,1119,1.236,1
seqneut25to26_sera_1048_d28,A/Bangkok/P3067/2025_H1N1,plate11-A/Bangkok/P3067/2025_H1N1,2575,1.134,1
seqneut25to26_sera_1048_d28,A/Bangkok/P3067/2025_H1N1,plate11-A/Bangkok/P3067/2025_H1N1,5921,0.8817,0.8817
seqneut25to26_sera_1048_d28,A/Bangkok/P3067/2025_H1N1,plate11-A/Bangkok/P3067/2025_H1N1,1.362e+04,1.135,1
seqneut25to26_sera_1048_d28,A/Bangkok/P3263/2025_H3N2,plate11-A/Bangkok/P3263/2025_H3N2,40,0.03829,0.03829
seqneut25to26_sera_1048_d28,A/Bangkok/P3263/2025_H3N2,plate11-A/Bangkok/P3263/2025_H3N2,92,0.1452,0.1452
seqneut25to26_sera_1048_d28,A/Bangkok/P3263/2025_H3N2,plate11-A/Bangkok/P3263/2025_H3N2,212,0.5578,0.5578
seqneut25to26_sera_1048_d28,A/Bangkok/P3263/2025_H3N2,plate11-A/Bangkok/P3263/2025_H3N2,487,0.7815,0.7815
seqneut25to26_sera_1048_d28,A/Bangkok/P3263/2025_H3N2,plate11-A/Bangkok/P3263/2025_H3N2,1119,1.057,1
seqneut25to26_sera_1048_d28,A/Bangkok/P3263/2025_H3N2,plate11-A/Bangkok/P3263/2025_H3N2,2575,0.8761,0.8761
seqneut25to26_sera_1048_d28,A/Bangkok/P3263/2025_H3N2,plate11-A/Bangkok/P3263/2025_H3N2,5921,0.9283,0.9283
seqneut25to26_sera_1048_d28,A/Bangkok/P3263/2025_H3N2,plate11-A/Bangkok/P3263/2025_H3N2,1.362e+04,1.077,1
seqneut25to26_sera_1048_d28,A/Belgium/H0097/2025_H3N2,plate11-A/Belgium/H0097/2025_H3N2,40,0.02299,0.02299
seqneut25to26_sera_1048_d28,A/Belgium/H0097/2025_H3N2,plate11-A/Belgium/H0097/2025_H3N2,92,0.1941,0.1941
seqneut25to26_sera_1048_d28,A/Belgium/H0097/2025_H3N2,plate11-A/Belgium/H0097/2025_H3N2,212,0.6454,0.6454
seqneut25to26_sera_1048_d28,A/Belgium/H0097/2025_H3N2,plate11-A/Belgium/H0097/2025_H3N2,487,0.9783,0.9783
seqneut25to26_sera_1048_d28,A/Belgium/H0097/2025_H3N2,plate11-A/Belgium/H0097/2025_H3N2,1119,0.9656,0.9656
seqneut25to26_sera_1048_d28,A/Belgium/H0097/2025_H3N2,plate11-A/Belgium/H0097/2025_H3N2,2575,0.9342,0.9342
seqneut25to26_sera_1048_d28,A/Belgium/H0097/2025_H3N2,plate11-A/Belgium/H0097/2025_H3N2,5921,1.061,1
seqneut25to26_sera_1048_d28,A/Belgium/H0097/2025_H3N2,plate11-A/Belgium/H0097/2025_H3N2,1.362e+04,0.9265,0.9265
seqneut25to26_sera_1048_d28,A/Bhutan/1267/2025_H3N2,plate11-A/Bhutan/1267/2025_H3N2,40,0.01733,0.01733
seqneut25to26_sera_1048_d28,A/Bhutan/1267/2025_H3N2,plate11-A/Bhutan/1267/2025_H3N2,92,0.1248,0.1248
seqneut25to26_sera_1048_d28,A/Bhutan/1267/2025_H3N2,plate11-A/Bhutan/1267/2025_H3N2,212,0.5848,0.5848
seqneut25to26_sera_1048_d28,A/Bhutan/1267/2025_H3N2,plate11-A/Bhutan/1267/2025_H3N2,487,0.5744,0.5744
seqneut25to26_sera_1048_d28,A/Bhutan/1267/2025_H3N2,plate11-A/Bhutan/1267/2025_H3N2,1119,0.8046,0.8046
seqneut25to26_sera_1048_d28,A/Bhutan/1267/2025_H3N2,plate11-A/Bhutan/1267/2025_H3N2,2575,1.027,1
seqneut25to26_sera_1048_d28,A/Bhutan/1267/2025_H3N2,plate11-A/Bhutan/1267/2025_H3N2,5921,0.9172,0.9172
seqneut25to26_sera_1048_d28,A/Bhutan/1267/2025_H3N2,plate11-A/Bhutan/1267/2025_H3N2,1.362e+04,0.9385,0.9385
seqneut25to26_sera_1048_d28,A/Bhutan/7/2025_H3N2,plate11-A/Bhutan/7/2025_H3N2,40,0.01672,0.01672
seqneut25to26_sera_1048_d28,A/Bhutan/7/2025_H3N2,plate11-A/Bhutan/7/2025_H3N2,92,0.2053,0.2053
seqneut25to26_sera_1048_d28,A/Bhutan/7/2025_H3N2,plate11-A/Bhutan/7/2025_H3N2,212,0.754,0.754
seqneut25to26_sera_1048_d28,A/Bhutan/7/2025_H3N2,plate11-A/Bhutan/7/2025_H3N2,487,1.127,1
seqneut25to26_sera_1048_d28,A/Bhutan/7/2025_H3N2,plate11-A/Bhutan/7/2025_H3N2,1119,1.072,1
seqneut25to26_sera_1048_d28,A/Bhutan/7/2025_H3N2,plate11-A/Bhutan/7/2025_H3N2,2575,0.9837,0.9837
seqneut25to26_sera_1048_d28,A/Bhutan/7/2025_H3N2,plate11-A/Bhutan/7/2025_H3N2,5921,0.9425,0.9425
seqneut25to26_sera_1048_d28,A/Bhutan/7/2025_H3N2,plate11-A/Bhutan/7/2025_H3N2,1.362e+04,0.9699,0.9699
seqneut25to26_sera_1048_d28,A/BritishColumbia/PHL-2473/2025_H1N1,plate11-A/BritishColumbia/PHL-2473/2025_H1N1,40,7.535e-05,7.535e-05
seqneut25to26_sera_1048_d28,A/BritishColumbia/PHL-2473/2025_H1N1,plate11-A/BritishColumbia/PHL-2473/2025_H1N1,92,0.005656,0.005656
seqneut25to26_sera_1048_d28,A/BritishColumbia/PHL-2473/2025_H1N1,plate11-A/BritishColumbia/PHL-2473/2025_H1N1,212,0.2439,0.2439
seqneut25to26_sera_1048_d28,A/BritishColumbia/PHL-2473/2025_H1N1,plate11-A/BritishColumbia/PHL-2473/2025_H1N1,487,0.7604,0.7604
seqneut25to26_sera_1048_d28,A/BritishColumbia/PHL-2473/2025_H1N1,plate11-A/BritishColumbia/PHL-2473/2025_H1N1,1119,1.043,1
seqneut25to26_sera_1048_d28,A/BritishColumbia/PHL-2473/2025_H1N1,plate11-A/BritishColumbia/PHL-2473/2025_H1N1,2575,0.9826,0.9826
seqneut25to26_sera_1048_d28,A/BritishColumbia/PHL-2473/2025_H1N1,plate11-A/BritishColumbia/PHL-2473/2025_H1N1,5921,0.9294,0.9294
seqneut25to26_sera_1048_d28,A/BritishColumbia/PHL-2473/2025_H1N1,plate11-A/BritishColumbia/PHL-2473/2025_H1N1,1.362e+04,1.059,1
seqneut25to26_sera_1048_d28,A/California/61/2025_H3N2,plate11-A/California/61/2025_H3N2,40,0.0306,0.0306
seqneut25to26_sera_1048_d28,A/California/61/2025_H3N2,plate11-A/California/61/2025_H3N2,92,0.233,0.233
seqneut25to26_sera_1048_d28,A/California/61/2025_H3N2,plate11-A/California/61/2025_H3N2,212,0.4844,0.4844
seqneut25to26_sera_1048_d28,A/California/61/2025_H3N2,plate11-A/California/61/2025_H3N2,487,0.7258,0.7258
seqneut25to26_sera_1048_d28,A/California/61/2025_H3N2,plate11-A/California/61/2025_H3N2,1119,0.8898,0.8898
seqneut25to26_sera_1048_d28,A/California/61/2025_H3N2,plate11-A/California/61/2025_H3N2,2575,0.9291,0.9291
seqneut25to26_sera_1048_d28,A/California/61/2025_H3N2,plate11-A/California/61/2025_H3N2,5921,0.8121,0.8121
seqneut25to26_sera_1048_d28,A/California/61/2025_H3N2,plate11-A/California/61/2025_H3N2,1.362e+04,0.9657,0.9657
seqneut25to26_sera_1048_d28,A/California/63/2025_H1N1,plate11-A/California/63/2025_H1N1,40,4.384e-05,4.384e-05
seqneut25to26_sera_1048_d28,A/California/63/2025_H1N1,plate11-A/California/63/2025_H1N1,92,0.006652,0.006652
seqneut25to26_sera_1048_d28,A/California/63/2025_H1N1,plate11-A/California/63/2025_H1N1,212,0.2152,0.2152
seqneut25to26_sera_1048_d28,A/California/63/2025_H1N1,plate11-A/California/63/2025_H1N1,487,0.876,0.876
seqneut25to26_sera_1048_d28,A/California/63/2025_H1N1,plate11-A/California/63/2025_H1N1,1119,0.9788,0.9788
seqneut25to26_sera_1048_d28,A/California/63/2025_H1N1,plate11-A/California/63/2025_H1N1,2575,1.213,1
seqneut25to26_sera_1048_d28,A/California/63/2025_H1N1,plate11-A/California/63/2025_H1N1,5921,1.015,1
seqneut25to26_sera_1048_d28,A/California/63/2025_H1N1,plate11-A/California/63/2025_H1N1,1.362e+04,0.886,0.886
seqneut25to26_sera_1048_d28,A/Canberra/465/2025_H1N1,plate11-A/Canberra/465/2025_H1N1,40,0.000424,0.000424
seqneut25to26_sera_1048_d28,A/Canberra/465/2025_H1N1,plate11-A/Canberra/465/2025_H1N1,92,0.003669,0.003669
seqneut25to26_sera_1048_d28,A/Canberra/465/2025_H1N1,plate11-A/Canberra/465/2025_H1N1,212,0.2167,0.2167
seqneut25to26_sera_1048_d28,A/Canberra/465/2025_H1N1,plate11-A/Canberra/465/2025_H1N1,487,0.788,0.788
seqneut25to26_sera_1048_d28,A/Canberra/465/2025_H1N1,plate11-A/Canberra/465/2025_H1N1,1119,0.9572,0.9572
seqneut25to26_sera_1048_d28,A/Canberra/465/2025_H1N1,plate11-A/Canberra/465/2025_H1N1,2575,0.9808,0.9808
seqneut25to26_sera_1048_d28,A/Canberra/465/2025_H1N1,plate11-A/Canberra/465/2025_H1N1,5921,1.055,1
seqneut25to26_sera_1048_d28,A/Canberra/465/2025_H1N1,plate11-A/Canberra/465/2025_H1N1,1.362e+04,1.195,1
seqneut25to26_sera_1048_d28,A/Canberra/530/2025_H1N1,plate11-A/Canberra/530/2025_H1N1,40,0.0008944,0.0008944
seqneut25to26_sera_1048_d28,A/Canberra/530/2025_H1N1,plate11-A/Canberra/530/2025_H1N1,92,0.01308,0.01308
seqneut25to26_sera_1048_d28,A/Canberra/530/2025_H1N1,plate11-A/Canberra/530/2025_H1N1,212,0.27,0.27
seqneut25to26_sera_1048_d28,A/Canberra/530/2025_H1N1,plate11-A/Canberra/530/2025_H1N1,487,0.7426,0.7426
seqneut25to26_sera_1048_d28,A/Canberra/530/2025_H1N1,plate11-A/Canberra/530/2025_H1N1,1119,1.062,1
seqneut25to26_sera_1048_d28,A/Canberra/530/2025_H1N1,plate11-A/Canberra/530/2025_H1N1,2575,1.062,1
seqneut25to26_sera_1048_d28,A/Canberra/530/2025_H1N1,plate11-A/Canberra/530/2025_H1N1,5921,0.9672,0.9672
seqneut25to26_sera_1048_d28,A/Canberra/530/2025_H1N1,plate11-A/Canberra/530/2025_H1N1,1.362e+04,1.055,1
seqneut25to26_sera_1048_d28,A/Catalonia/NSVH102689455/2025_H1N1,plate11-A/Catalonia/NSVH102689455/2025_H1N1,40,0.0003111,0.0003111
seqneut25to26_sera_1048_d28,A/Catalonia/NSVH102689455/2025_H1N1,plate11-A/Catalonia/NSVH102689455/2025_H1N1,92,0.002616,0.002616
seqneut25to26_sera_1048_d28,A/Catalonia/NSVH102689455/2025_H1N1,plate11-A/Catalonia/NSVH102689455/2025_H1N1,212,0.1594,0.1594
seqneut25to26_sera_1048_d28,A/Catalonia/NSVH102689455/2025_H1N1,plate11-A/Catalonia/NSVH102689455/2025_H1N1,487,0.5201,0.5201
seqneut25to26_sera_1048_d28,A/Catalonia/NSVH102689455/2025_H1N1,plate11-A/Catalonia/NSVH102689455/2025_H1N1,1119,1.237,1
seqneut25to26_sera_1048_d28,A/Catalonia/NSVH102689455/2025_H1N1,plate11-A/Catalonia/NSVH102689455/2025_H1N1,2575,1.015,1
seqneut25to26_sera_1048_d28,A/Catalonia/NSVH102689455/2025_H1N1,plate11-A/Catalonia/NSVH102689455/2025_H1N1,5921,1.016,1
seqneut25to26_sera_1048_d28,A/Catalonia/NSVH102689455/2025_H1N1,plate11-A/Catalonia/NSVH102689455/2025_H1N1,1.362e+04,1.212,1
seqneut25to26_sera_1048_d28,A/Colorado/105/2025_H1N1,plate11-A/Colorado/105/2025_H1N1,40,0.001551,0.001551
seqneut25to26_sera_1048_d28,A/Colorado/105/2025_H1N1,plate11-A/Colorado/105/2025_H1N1,92,0.006892,0.006892
seqneut25to26_sera_1048_d28,A/Colorado/105/2025_H1N1,plate11-A/Colorado/105/2025_H1N1,212,0.3141,0.3141
seqneut25to26_sera_1048_d28,A/Colorado/105/2025_H1N1,plate11-A/Colorado/105/2025_H1N1,487,0.8462,0.8462
seqneut25to26_sera_1048_d28,A/Colorado/105/2025_H1N1,plate11-A/Colorado/105/2025_H1N1,1119,1.322,1
seqneut25to26_sera_1048_d28,A/Colorado/105/2025_H1N1,plate11-A/Colorado/105/2025_H1N1,2575,1.088,1
seqneut25to26_sera_1048_d28,A/Colorado/105/2025_H1N1,plate11-A/Colorado/105/2025_H1N1,5921,0.9538,0.9538
seqneut25to26_sera_1048_d28,A/Colorado/105/2025_H1N1,plate11-A/Colorado/105/2025_H1N1,1.362e+04,1.007,1
seqneut25to26_sera_1048_d28,A/CoteDIvoire/2007/2025_H1N1,plate11-A/CoteDIvoire/2007/2025_H1N1,40,6.153e-05,6.153e-05
seqneut25to26_sera_1048_d28,A/CoteDIvoire/2007/2025_H1N1,plate11-A/CoteDIvoire/2007/2025_H1N1,92,0.01368,0.01368
seqneut25to26_sera_1048_d28,A/CoteDIvoire/2007/2025_H1N1,plate11-A/CoteDIvoire/2007/2025_H1N1,212,0.2445,0.2445
seqneut25to26_sera_1048_d28,A/CoteDIvoire/2007/2025_H1N1,plate11-A/CoteDIvoire/2007/2025_H1N1,487,0.7547,0.7547
seqneut25to26_sera_1048_d28,A/CoteDIvoire/2007/2025_H1N1,plate11-A/CoteDIvoire/2007/2025_H1N1,1119,1,1
seqneut25to26_sera_1048_d28,A/CoteDIvoire/2007/2025_H1N1,plate11-A/CoteDIvoire/2007/2025_H1N1,2575,0.9713,0.9713
seqneut25to26_sera_1048_d28,A/CoteDIvoire/2007/2025_H1N1,plate11-A/CoteDIvoire/2007/2025_H1N1,5921,1.109,1
seqneut25to26_sera_1048_d28,A/CoteDIvoire/2007/2025_H1N1,plate11-A/CoteDIvoire/2007/2025_H1N1,1.362e+04,1.048,1
seqneut25to26_sera_1048_d28,A/Croatia/10136RV/2023-egg_H3N2,plate11-A/Croatia/10136RV/2023-egg_H3N2,40,0.0002406,0.0002406
seqneut25to26_sera_1048_d28,A/Croatia/10136RV/2023-egg_H3N2,plate11-A/Croatia/10136RV/2023-egg_H3N2,92,0.1134,0.1134
seqneut25to26_sera_1048_d28,A/Croatia/10136RV/2023-egg_H3N2,plate11-A/Croatia/10136RV/2023-egg_H3N2,212,0.07033,0.07033
seqneut25to26_sera_1048_d28,A/Croatia/10136RV/2023-egg_H3N2,plate11-A/Croatia/10136RV/2023-egg_H3N2,487,0.199,0.199
seqneut25to26_sera_1048_d28,A/Croatia/10136RV/2023-egg_H3N2,plate11-A/Croatia/10136RV/2023-egg_H3N2,1119,0.2796,0.2796
seqneut25to26_sera_1048_d28,A/Croatia/10136RV/2023-egg_H3N2,plate11-A/Croatia/10136RV/2023-egg_H3N2,2575,0.5486,0.5486
seqneut25to26_sera_1048_d28,A/Croatia/10136RV/2023-egg_H3N2,plate11-A/Croatia/10136RV/2023-egg_H3N2,5921,0.9263,0.9263
seqneut25to26_sera_1048_d28,A/Croatia/10136RV/2023-egg_H3N2,plate11-A/Croatia/10136RV/2023-egg_H3N2,1.362e+04,0.5661,0.5661
seqneut25to26_sera_1048_d28,A/Darwin/1405/2025_H1N1,plate11-A/Darwin/1405/2025_H1N1,40,0.0002831,0.0002831
seqneut25to26_sera_1048_d28,A/Darwin/1405/2025_H1N1,plate11-A/Darwin/1405/2025_H1N1,92,0.003762,0.003762
seqneut25to26_sera_1048_d28,A/Darwin/1405/2025_H1N1,plate11-A/Darwin/1405/2025_H1N1,212,0.2524,0.2524
seqneut25to26_sera_1048_d28,A/Darwin/1405/2025_H1N1,plate11-A/Darwin/1405/2025_H1N1,487,0.8679,0.8679
seqneut25to26_sera_1048_d28,A/Darwin/1405/2025_H1N1,plate11-A/Darwin/1405/2025_H1N1,1119,1.12,1
seqneut25to26_sera_1048_d28,A/Darwin/1405/2025_H1N1,plate11-A/Darwin/1405/2025_H1N1,2575,1.327,1
seqneut25to26_sera_1048_d28,A/Darwin/1405/2025_H1N1,plate11-A/Darwin/1405/2025_H1N1,5921,1.146,1
seqneut25to26_sera_1048_d28,A/Darwin/1405/2025_H1N1,plate11-A/Darwin/1405/2025_H1N1,1.362e+04,1.254,1
seqneut25to26_sera_1048_d28,A/Darwin/1461/2025_H3N2,plate11-A/Darwin/1461/2025_H3N2,40,0.002174,0.002174
seqneut25to26_sera_1048_d28,A/Darwin/1461/2025_H3N2,plate11-A/Darwin/1461/2025_H3N2,92,0.1276,0.1276
seqneut25to26_sera_1048_d28,A/Darwin/1461/2025_H3N2,plate11-A/Darwin/1461/2025_H3N2,212,0.4783,0.4783
seqneut25to26_sera_1048_d28,A/Darwin/1461/2025_H3N2,plate11-A/Darwin/1461/2025_H3N2,487,0.6824,0.6824
seqneut25to26_sera_1048_d28,A/Darwin/1461/2025_H3N2,plate11-A/Darwin/1461/2025_H3N2,1119,0.7623,0.7623
seqneut25to26_sera_1048_d28,A/Darwin/1461/2025_H3N2,plate11-A/Darwin/1461/2025_H3N2,2575,0.7778,0.7778
seqneut25to26_sera_1048_d28,A/Darwin/1461/2025_H3N2,plate11-A/Darwin/1461/2025_H3N2,5921,0.6963,0.6963
seqneut25to26_sera_1048_d28,A/Darwin/1461/2025_H3N2,plate11-A/Darwin/1461/2025_H3N2,1.362e+04,1.344,1
seqneut25to26_sera_1048_d28,A/Denmark/3070/2025_H1N1,plate11-A/Denmark/3070/2025_H1N1,40,0.008757,0.008757
seqneut25to26_sera_1048_d28,A/Denmark/3070/2025_H1N1,plate11-A/Denmark/3070/2025_H1N1,92,0.07661,0.07661
seqneut25to26_sera_1048_d28,A/Denmark/3070/2025_H1N1,plate11-A/Denmark/3070/2025_H1N1,212,0.5856,0.5856
seqneut25to26_sera_1048_d28,A/Denmark/3070/2025_H1N1,plate11-A/Denmark/3070/2025_H1N1,487,1.182,1
seqneut25to26_sera_1048_d28,A/Denmark/3070/2025_H1N1,plate11-A/Denmark/3070/2025_H1N1,1119,1.441,1
seqneut25to26_sera_1048_d28,A/Denmark/3070/2025_H1N1,plate11-A/Denmark/3070/2025_H1N1,2575,1.238,1
seqneut25to26_sera_1048_d28,A/Denmark/3070/2025_H1N1,plate11-A/Denmark/3070/2025_H1N1,5921,1.19,1
seqneut25to26_sera_1048_d28,A/Denmark/3070/2025_H1N1,plate11-A/Denmark/3070/2025_H1N1,1.362e+04,1.218,1
seqneut25to26_sera_1048_d28,A/DistrictOfColumbia/27/2023_H3N2,plate11-A/DistrictOfColumbia/27/2023_H3N2,40,0.0397,0.0397
seqneut25to26_sera_1048_d28,A/DistrictOfColumbia/27/2023_H3N2,plate11-A/DistrictOfColumbia/27/2023_H3N2,92,0.2192,0.2192
seqneut25to26_sera_1048_d28,A/DistrictOfColumbia/27/2023_H3N2,plate11-A/DistrictOfColumbia/27/2023_H3N2,212,0.5329,0.5329
seqneut25to26_sera_1048_d28,A/DistrictOfColumbia/27/2023_H3N2,plate11-A/DistrictOfColumbia/27/2023_H3N2,487,0.7517,0.7517
seqneut25to26_sera_1048_d28,A/DistrictOfColumbia/27/2023_H3N2,plate11-A/DistrictOfColumbia/27/2023_H3N2,1119,0.8198,0.8198
seqneut25to26_sera_1048_d28,A/DistrictOfColumbia/27/2023_H3N2,plate11-A/DistrictOfColumbia/27/2023_H3N2,2575,0.6427,0.6427
seqneut25to26_sera_1048_d28,A/DistrictOfColumbia/27/2023_H3N2,plate11-A/DistrictOfColumbia/27/2023_H3N2,5921,0.691,0.691
seqneut25to26_sera_1048_d28,A/DistrictOfColumbia/27/2023_H3N2,plate11-A/DistrictOfColumbia/27/2023_H3N2,1.362e+04,1.036,1
seqneut25to26_sera_1048_d28,A/DistrictOfColumbia/57/2025_H3N2,plate11-A/DistrictOfColumbia/57/2025_H3N2,40,0.02848,0.02848
seqneut25to26_sera_1048_d28,A/DistrictOfColumbia/57/2025_H3N2,plate11-A/DistrictOfColumbia/57/2025_H3N2,92,0.1542,0.1542
seqneut25to26_sera_1048_d28,A/DistrictOfColumbia/57/2025_H3N2,plate11-A/DistrictOfColumbia/57/2025_H3N2,212,0.5392,0.5392
seqneut25to26_sera_1048_d28,A/DistrictOfColumbia/57/2025_H3N2,plate11-A/DistrictOfColumbia/57/2025_H3N2,487,0.8529,0.8529
seqneut25to26_sera_1048_d28,A/DistrictOfColumbia/57/2025_H3N2,plate11-A/DistrictOfColumbia/57/2025_H3N2,1119,0.8982,0.8982
seqneut25to26_sera_1048_d28,A/DistrictOfColumbia/57/2025_H3N2,plate11-A/DistrictOfColumbia/57/2025_H3N2,2575,0.747,0.747
seqneut25to26_sera_1048_d28,A/DistrictOfColumbia/57/2025_H3N2,plate11-A/DistrictOfColumbia/57/2025_H3N2,5921,0.7553,0.7553
seqneut25to26_sera_1048_d28,A/DistrictOfColumbia/57/2025_H3N2,plate11-A/DistrictOfColumbia/57/2025_H3N2,1.362e+04,0.9363,0.9363
seqneut25to26_sera_1048_d28,A/DistritoFederal/250106000728/2025_H3N2,plate11-A/DistritoFederal/250106000728/2025_H3N2,40,0.07269,0.07269
seqneut25to26_sera_1048_d28,A/DistritoFederal/250106000728/2025_H3N2,plate11-A/DistritoFederal/250106000728/2025_H3N2,92,0.138,0.138
seqneut25to26_sera_1048_d28,A/DistritoFederal/250106000728/2025_H3N2,plate11-A/DistritoFederal/250106000728/2025_H3N2,212,0.3397,0.3397
seqneut25to26_sera_1048_d28,A/DistritoFederal/250106000728/2025_H3N2,plate11-A/DistritoFederal/250106000728/2025_H3N2,487,0.7084,0.7084
seqneut25to26_sera_1048_d28,A/DistritoFederal/250106000728/2025_H3N2,plate11-A/DistritoFederal/250106000728/2025_H3N2,1119,0.7804,0.7804
seqneut25to26_sera_1048_d28,A/DistritoFederal/250106000728/2025_H3N2,plate11-A/DistritoFederal/250106000728/2025_H3N2,2575,0.733,0.733
seqneut25to26_sera_1048_d28,A/DistritoFederal/250106000728/2025_H3N2,plate11-A/DistritoFederal/250106000728/2025_H3N2,5921,0.9205,0.9205
seqneut25to26_sera_1048_d28,A/DistritoFederal/250106000728/2025_H3N2,plate11-A/DistritoFederal/250106000728/2025_H3N2,1.362e+04,0.9492,0.9492
seqneut25to26_sera_1048_d28,A/DistritoFederal/2578578201/2025_H3N2,plate11-A/DistritoFederal/2578578201/2025_H3N2,40,0.0007155,0.0007155
seqneut25to26_sera_1048_d28,A/DistritoFederal/2578578201/2025_H3N2,plate11-A/DistritoFederal/2578578201/2025_H3N2,92,0.1185,0.1185
seqneut25to26_sera_1048_d28,A/DistritoFederal/2578578201/2025_H3N2,plate11-A/DistritoFederal/2578578201/2025_H3N2,212,0.3458,0.3458
seqneut25to26_sera_1048_d28,A/DistritoFederal/2578578201/2025_H3N2,plate11-A/DistritoFederal/2578578201/2025_H3N2,487,1.016,1
seqneut25to26_sera_1048_d28,A/DistritoFederal/2578578201/2025_H3N2,plate11-A/DistritoFederal/2578578201/2025_H3N2,1119,0.9927,0.9927
seqneut25to26_sera_1048_d28,A/DistritoFederal/2578578201/2025_H3N2,plate11-A/DistritoFederal/2578578201/2025_H3N2,2575,0.9664,0.9664
seqneut25to26_sera_1048_d28,A/DistritoFederal/2578578201/2025_H3N2,plate11-A/DistritoFederal/2578578201/2025_H3N2,5921,0.8934,0.8934
seqneut25to26_sera_1048_d28,A/DistritoFederal/2578578201/2025_H3N2,plate11-A/DistritoFederal/2578578201/2025_H3N2,1.362e+04,1.067,1
seqneut25to26_sera_1048_d28,A/England/174/2025_H3N2,plate11-A/England/174/2025_H3N2,40,0.001154,0.001154
seqneut25to26_sera_1048_d28,A/England/174/2025_H3N2,plate11-A/England/174/2025_H3N2,92,0.1402,0.1402
seqneut25to26_sera_1048_d28,A/England/174/2025_H3N2,plate11-A/England/174/2025_H3N2,212,0.4365,0.4365
seqneut25to26_sera_1048_d28,A/England/174/2025_H3N2,plate11-A/England/174/2025_H3N2,487,0.7311,0.7311
seqneut25to26_sera_1048_d28,A/England/174/2025_H3N2,plate11-A/England/174/2025_H3N2,1119,0.902,0.902
seqneut25to26_sera_1048_d28,A/England/174/2025_H3N2,plate11-A/England/174/2025_H3N2,2575,1.291,1
seqneut25to26_sera_1048_d28,A/England/174/2025_H3N2,plate11-A/England/174/2025_H3N2,5921,0.7757,0.7757
seqneut25to26_sera_1048_d28,A/England/174/2025_H3N2,plate11-A/England/174/2025_H3N2,1.362e+04,0.9152,0.9152
seqneut25to26_sera_1048_d28,A/England/1822256/2025_H1N1,plate11-A/England/1822256/2025_H1N1,40,0,0
seqneut25to26_sera_1048_d28,A/England/1822256/2025_H1N1,plate11-A/England/1822256/2025_H1N1,92,0.004577,0.004577
seqneut25to26_sera_1048_d28,A/England/1822256/2025_H1N1,plate11-A/England/1822256/2025_H1N1,212,0.1528,0.1528
seqneut25to26_sera_1048_d28,A/England/1822256/2025_H1N1,plate11-A/England/1822256/2025_H1N1,487,0.704,0.704
seqneut25to26_sera_1048_d28,A/England/1822256/2025_H1N1,plate11-A/England/1822256/2025_H1N1,1119,1.339,1
seqneut25to26_sera_1048_d28,A/England/1822256/2025_H1N1,plate11-A/England/1822256/2025_H1N1,2575,1.146,1
seqneut25to26_sera_1048_d28,A/England/1822256/2025_H1N1,plate11-A/England/1822256/2025_H1N1,5921,1.073,1
seqneut25to26_sera_1048_d28,A/England/1822256/2025_H1N1,plate11-A/England/1822256/2025_H1N1,1.362e+04,1.351,1
seqneut25to26_sera_1048_d28,A/England/1837734/2025_H3N2,plate11-A/England/1837734/2025_H3N2,40,0.06474,0.06474
seqneut25to26_sera_1048_d28,A/England/1837734/2025_H3N2,plate11-A/England/1837734/2025_H3N2,92,0.2373,0.2373
seqneut25to26_sera_1048_d28,A/England/1837734/2025_H3N2,plate11-A/England/1837734/2025_H3N2,212,0.5954,0.5954
seqneut25to26_sera_1048_d28,A/England/1837734/2025_H3N2,plate11-A/England/1837734/2025_H3N2,487,0.8898,0.8898
seqneut25to26_sera_1048_d28,A/England/1837734/2025_H3N2,plate11-A/England/1837734/2025_H3N2,1119,1.071,1
seqneut25to26_sera_1048_d28,A/England/1837734/2025_H3N2,plate11-A/England/1837734/2025_H3N2,2575,0.8737,0.8737
seqneut25to26_sera_1048_d28,A/England/1837734/2025_H3N2,plate11-A/England/1837734/2025_H3N2,5921,0.8827,0.8827
seqneut25to26_sera_1048_d28,A/England/1837734/2025_H3N2,plate11-A/England/1837734/2025_H3N2,1.362e+04,1.12,1
seqneut25to26_sera_1048_d28,A/England/1837737/2025_H3N2,plate11-A/England/1837737/2025_H3N2,40,0.1332,0.1332
seqneut25to26_sera_1048_d28,A/England/1837737/2025_H3N2,plate11-A/England/1837737/2025_H3N2,92,0.3732,0.3732
seqneut25to26_sera_1048_d28,A/England/1837737/2025_H3N2,plate11-A/England/1837737/2025_H3N2,212,0.6425,0.6425
seqneut25to26_sera_1048_d28,A/England/1837737/2025_H3N2,plate11-A/England/1837737/2025_H3N2,487,0.8506,0.8506
seqneut25to26_sera_1048_d28,A/England/1837737/2025_H3N2,plate11-A/England/1837737/2025_H3N2,1119,0.982,0.982
seqneut25to26_sera_1048_d28,A/England/1837737/2025_H3N2,plate11-A/England/1837737/2025_H3N2,2575,0.8333,0.8333
seqneut25to26_sera_1048_d28,A/England/1837737/2025_H3N2,plate11-A/England/1837737/2025_H3N2,5921,0.9489,0.9489
seqneut25to26_sera_1048_d28,A/England/1837737/2025_H3N2,plate11-A/England/1837737/2025_H3N2,1.362e+04,1.107,1
seqneut25to26_sera_1048_d28,A/France/ARA-HCL025155099501/2025_H1N1,plate11-A/France/ARA-HCL025155099501/2025_H1N1,40,4.561e-05,4.561e-05
seqneut25to26_sera_1048_d28,A/France/ARA-HCL025155099501/2025_H1N1,plate11-A/France/ARA-HCL025155099501/2025_H1N1,92,0.0119,0.0119
seqneut25to26_sera_1048_d28,A/France/ARA-HCL025155099501/2025_H1N1,plate11-A/France/ARA-HCL025155099501/2025_H1N1,212,0.266,0.266
seqneut25to26_sera_1048_d28,A/France/ARA-HCL025155099501/2025_H1N1,plate11-A/France/ARA-HCL025155099501/2025_H1N1,487,0.7271,0.7271
seqneut25to26_sera_1048_d28,A/France/ARA-HCL025155099501/2025_H1N1,plate11-A/France/ARA-HCL025155099501/2025_H1N1,1119,1.186,1
seqneut25to26_sera_1048_d28,A/France/ARA-HCL025155099501/2025_H1N1,plate11-A/France/ARA-HCL025155099501/2025_H1N1,2575,1.137,1
seqneut25to26_sera_1048_d28,A/France/ARA-HCL025155099501/2025_H1N1,plate11-A/France/ARA-HCL025155099501/2025_H1N1,5921,0.9893,0.9893
seqneut25to26_sera_1048_d28,A/France/ARA-HCL025155099501/2025_H1N1,plate11-A/France/ARA-HCL025155099501/2025_H1N1,1.362e+04,1.12,1
seqneut25to26_sera_1048_d28,A/Galicia/GA-CHUAC-451/2025_H3N2,plate11-A/Galicia/GA-CHUAC-451/2025_H3N2,40,0.1288,0.1288
seqneut25to26_sera_1048_d28,A/Galicia/GA-CHUAC-451/2025_H3N2,plate11-A/Galicia/GA-CHUAC-451/2025_H3N2,92,0.2136,0.2136
seqneut25to26_sera_1048_d28,A/Galicia/GA-CHUAC-451/2025_H3N2,plate11-A/Galicia/GA-CHUAC-451/2025_H3N2,212,0.5364,0.5364
seqneut25to26_sera_1048_d28,A/Galicia/GA-CHUAC-451/2025_H3N2,plate11-A/Galicia/GA-CHUAC-451/2025_H3N2,487,0.9005,0.9005
seqneut25to26_sera_1048_d28,A/Galicia/GA-CHUAC-451/2025_H3N2,plate11-A/Galicia/GA-CHUAC-451/2025_H3N2,1119,0.9803,0.9803
seqneut25to26_sera_1048_d28,A/Galicia/GA-CHUAC-451/2025_H3N2,plate11-A/Galicia/GA-CHUAC-451/2025_H3N2,2575,0.9806,0.9806
seqneut25to26_sera_1048_d28,A/Galicia/GA-CHUAC-451/2025_H3N2,plate11-A/Galicia/GA-CHUAC-451/2025_H3N2,5921,0.9322,0.9322
seqneut25to26_sera_1048_d28,A/Galicia/GA-CHUAC-451/2025_H3N2,plate11-A/Galicia/GA-CHUAC-451/2025_H3N2,1.362e+04,1.109,1
seqneut25to26_sera_1048_d28,A/Ghana/ARI-25-1125/2025_H1N1,plate11-A/Ghana/ARI-25-1125/2025_H1N1,40,0.0001477,0.0001477
seqneut25to26_sera_1048_d28,A/Ghana/ARI-25-1125/2025_H1N1,plate11-A/Ghana/ARI-25-1125/2025_H1N1,92,0.00956,0.00956
seqneut25to26_sera_1048_d28,A/Ghana/ARI-25-1125/2025_H1N1,plate11-A/Ghana/ARI-25-1125/2025_H1N1,212,0.1237,0.1237
seqneut25to26_sera_1048_d28,A/Ghana/ARI-25-1125/2025_H1N1,plate11-A/Ghana/ARI-25-1125/2025_H1N1,487,0.7961,0.7961
seqneut25to26_sera_1048_d28,A/Ghana/ARI-25-1125/2025_H1N1,plate11-A/Ghana/ARI-25-1125/2025_H1N1,1119,1.293,1
seqneut25to26_sera_1048_d28,A/Ghana/ARI-25-1125/2025_H1N1,plate11-A/Ghana/ARI-25-1125/2025_H1N1,2575,1.081,1
seqneut25to26_sera_1048_d28,A/Ghana/ARI-25-1125/2025_H1N1,plate11-A/Ghana/ARI-25-1125/2025_H1N1,5921,0.9926,0.9926
seqneut25to26_sera_1048_d28,A/Ghana/ARI-25-1125/2025_H1N1,plate11-A/Ghana/ARI-25-1125/2025_H1N1,1.362e+04,1.271,1
seqneut25to26_sera_1048_d28,A/Ghana/FS-25-7077/2025_H3N2,plate11-A/Ghana/FS-25-7077/2025_H3N2,40,0.04194,0.04194
seqneut25to26_sera_1048_d28,A/Ghana/FS-25-7077/2025_H3N2,plate11-A/Ghana/FS-25-7077/2025_H3N2,92,0.2869,0.2869
seqneut25to26_sera_1048_d28,A/Ghana/FS-25-7077/2025_H3N2,plate11-A/Ghana/FS-25-7077/2025_H3N2,212,0.5804,0.5804
seqneut25to26_sera_1048_d28,A/Ghana/FS-25-7077/2025_H3N2,plate11-A/Ghana/FS-25-7077/2025_H3N2,487,0.9179,0.9179
seqneut25to26_sera_1048_d28,A/Ghana/FS-25-7077/2025_H3N2,plate11-A/Ghana/FS-25-7077/2025_H3N2,1119,0.9418,0.9418
seqneut25to26_sera_1048_d28,A/Ghana/FS-25-7077/2025_H3N2,plate11-A/Ghana/FS-25-7077/2025_H3N2,2575,0.9942,0.9942
seqneut25to26_sera_1048_d28,A/Ghana/FS-25-7077/2025_H3N2,plate11-A/Ghana/FS-25-7077/2025_H3N2,5921,0.9471,0.9471
seqneut25to26_sera_1048_d28,A/Ghana/FS-25-7077/2025_H3N2,plate11-A/Ghana/FS-25-7077/2025_H3N2,1.362e+04,1.067,1
seqneut25to26_sera_1048_d28,A/Guangdong-Maonan/11438/2025_H3N2,plate11-A/Guangdong-Maonan/11438/2025_H3N2,40,0.005414,0.005414
seqneut25to26_sera_1048_d28,A/Guangdong-Maonan/11438/2025_H3N2,plate11-A/Guangdong-Maonan/11438/2025_H3N2,92,0.02785,0.02785
seqneut25to26_sera_1048_d28,A/Guangdong-Maonan/11438/2025_H3N2,plate11-A/Guangdong-Maonan/11438/2025_H3N2,212,0.4481,0.4481
seqneut25to26_sera_1048_d28,A/Guangdong-Maonan/11438/2025_H3N2,plate11-A/Guangdong-Maonan/11438/2025_H3N2,487,0.966,0.966
seqneut25to26_sera_1048_d28,A/Guangdong-Maonan/11438/2025_H3N2,plate11-A/Guangdong-Maonan/11438/2025_H3N2,1119,0.9879,0.9879
seqneut25to26_sera_1048_d28,A/Guangdong-Maonan/11438/2025_H3N2,plate11-A/Guangdong-Maonan/11438/2025_H3N2,2575,1.152,1
seqneut25to26_sera_1048_d28,A/Guangdong-Maonan/11438/2025_H3N2,plate11-A/Guangdong-Maonan/11438/2025_H3N2,5921,1.022,1
seqneut25to26_sera_1048_d28,A/Guangdong-Maonan/11438/2025_H3N2,plate11-A/Guangdong-Maonan/11438/2025_H3N2,1.362e+04,1.24,1
seqneut25to26_sera_1048_d28,A/Guangdong-Meijiang/11256/2025_H3N2,plate11-A/Guangdong-Meijiang/11256/2025_H3N2,40,0.008403,0.008403
seqneut25to26_sera_1048_d28,A/Guangdong-Meijiang/11256/2025_H3N2,plate11-A/Guangdong-Meijiang/11256/2025_H3N2,92,0.05303,0.05303
seqneut25to26_sera_1048_d28,A/Guangdong-Meijiang/11256/2025_H3N2,plate11-A/Guangdong-Meijiang/11256/2025_H3N2,212,0.3624,0.3624
seqneut25to26_sera_1048_d28,A/Guangdong-Meijiang/11256/2025_H3N2,plate11-A/Guangdong-Meijiang/11256/2025_H3N2,487,0.8489,0.8489
seqneut25to26_sera_1048_d28,A/Guangdong-Meijiang/11256/2025_H3N2,plate11-A/Guangdong-Meijiang/11256/2025_H3N2,1119,0.7461,0.7461
seqneut25to26_sera_1048_d28,A/Guangdong-Meijiang/11256/2025_H3N2,plate11-A/Guangdong-Meijiang/11256/2025_H3N2,2575,0.7621,0.7621
seqneut25to26_sera_1048_d28,A/Guangdong-Meijiang/11256/2025_H3N2,plate11-A/Guangdong-Meijiang/11256/2025_H3N2,5921,0.823,0.823
seqneut25to26_sera_1048_d28,A/Guangdong-Meijiang/11256/2025_H3N2,plate11-A/Guangdong-Meijiang/11256/2025_H3N2,1.362e+04,0.8927,0.8927
seqneut25to26_sera_1048_d28,A/Guangxi-Daxin/1643/2025_H3N2,plate11-A/Guangxi-Daxin/1643/2025_H3N2,40,0.2775,0.2775
seqneut25to26_sera_1048_d28,A/Guangxi-Daxin/1643/2025_H3N2,plate11-A/Guangxi-Daxin/1643/2025_H3N2,92,0.4585,0.4585
seqneut25to26_sera_1048_d28,A/Guangxi-Daxin/1643/2025_H3N2,plate11-A/Guangxi-Daxin/1643/2025_H3N2,212,0.8729,0.8729
seqneut25to26_sera_1048_d28,A/Guangxi-Daxin/1643/2025_H3N2,plate11-A/Guangxi-Daxin/1643/2025_H3N2,487,0.8158,0.8158
seqneut25to26_sera_1048_d28,A/Guangxi-Daxin/1643/2025_H3N2,plate11-A/Guangxi-Daxin/1643/2025_H3N2,1119,1.199,1
seqneut25to26_sera_1048_d28,A/Guangxi-Daxin/1643/2025_H3N2,plate11-A/Guangxi-Daxin/1643/2025_H3N2,2575,1.08,1
seqneut25to26_sera_1048_d28,A/Guangxi-Daxin/1643/2025_H3N2,plate11-A/Guangxi-Daxin/1643/2025_H3N2,5921,0.7961,0.7961
seqneut25to26_sera_1048_d28,A/Guangxi-Daxin/1643/2025_H3N2,plate11-A/Guangxi-Daxin/1643/2025_H3N2,1.362e+04,1.202,1
seqneut25to26_sera_1048_d28,A/Guangxi-Qingxiu/SWL11742/2025_H1N1,plate11-A/Guangxi-Qingxiu/SWL11742/2025_H1N1,40,0.0006609,0.0006609
seqneut25to26_sera_1048_d28,A/Guangxi-Qingxiu/SWL11742/2025_H1N1,plate11-A/Guangxi-Qingxiu/SWL11742/2025_H1N1,92,0.01038,0.01038
seqneut25to26_sera_1048_d28,A/Guangxi-Qingxiu/SWL11742/2025_H1N1,plate11-A/Guangxi-Qingxiu/SWL11742/2025_H1N1,212,0.1622,0.1622
seqneut25to26_sera_1048_d28,A/Guangxi-Qingxiu/SWL11742/2025_H1N1,plate11-A/Guangxi-Qingxiu/SWL11742/2025_H1N1,487,0.7133,0.7133
seqneut25to26_sera_1048_d28,A/Guangxi-Qingxiu/SWL11742/2025_H1N1,plate11-A/Guangxi-Qingxiu/SWL11742/2025_H1N1,1119,1.112,1
seqneut25to26_sera_1048_d28,A/Guangxi-Qingxiu/SWL11742/2025_H1N1,plate11-A/Guangxi-Qingxiu/SWL11742/2025_H1N1,2575,1.206,1
seqneut25to26_sera_1048_d28,A/Guangxi-Qingxiu/SWL11742/2025_H1N1,plate11-A/Guangxi-Qingxiu/SWL11742/2025_H1N1,5921,1.082,1
seqneut25to26_sera_1048_d28,A/Guangxi-Qingxiu/SWL11742/2025_H1N1,plate11-A/Guangxi-Qingxiu/SWL11742/2025_H1N1,1.362e+04,1.208,1
seqneut25to26_sera_1048_d28,A/Hawaii/44/2025_H1N1,plate11-A/Hawaii/44/2025_H1N1,40,0.007677,0.007677
seqneut25to26_sera_1048_d28,A/Hawaii/44/2025_H1N1,plate11-A/Hawaii/44/2025_H1N1,92,0.07784,0.07784
seqneut25to26_sera_1048_d28,A/Hawaii/44/2025_H1N1,plate11-A/Hawaii/44/2025_H1N1,212,0.6059,0.6059
seqneut25to26_sera_1048_d28,A/Hawaii/44/2025_H1N1,plate11-A/Hawaii/44/2025_H1N1,487,1.077,1
seqneut25to26_sera_1048_d28,A/Hawaii/44/2025_H1N1,plate11-A/Hawaii/44/2025_H1N1,1119,1.244,1
seqneut25to26_sera_1048_d28,A/Hawaii/44/2025_H1N1,plate11-A/Hawaii/44/2025_H1N1,2575,1.228,1
seqneut25to26_sera_1048_d28,A/Hawaii/44/2025_H1N1,plate11-A/Hawaii/44/2025_H1N1,5921,1.114,1
seqneut25to26_sera_1048_d28,A/Hawaii/44/2025_H1N1,plate11-A/Hawaii/44/2025_H1N1,1.362e+04,1.076,1
seqneut25to26_sera_1048_d28,A/Hawaii/70/2019_H1N1,plate11-A/Hawaii/70/2019_H1N1,40,1.174e-05,1.174e-05
seqneut25to26_sera_1048_d28,A/Hawaii/70/2019_H1N1,plate11-A/Hawaii/70/2019_H1N1,92,9.615e-05,9.615e-05
seqneut25to26_sera_1048_d28,A/Hawaii/70/2019_H1N1,plate11-A/Hawaii/70/2019_H1N1,212,0.0001544,0.0001544
seqneut25to26_sera_1048_d28,A/Hawaii/70/2019_H1N1,plate11-A/Hawaii/70/2019_H1N1,487,0.0004397,0.0004397
seqneut25to26_sera_1048_d28,A/Hawaii/70/2019_H1N1,plate11-A/Hawaii/70/2019_H1N1,1119,0.09049,0.09049
seqneut25to26_sera_1048_d28,A/Hawaii/70/2019_H1N1,plate11-A/Hawaii/70/2019_H1N1,2575,0.4467,0.4467
seqneut25to26_sera_1048_d28,A/Hawaii/70/2019_H1N1,plate11-A/Hawaii/70/2019_H1N1,5921,0.6688,0.6688
seqneut25to26_sera_1048_d28,A/Hawaii/70/2019_H1N1,plate11-A/Hawaii/70/2019_H1N1,1.362e+04,0.8878,0.8878
seqneut25to26_sera_1048_d28,A/HongKong/1257/2025_H3N2,plate11-A/HongKong/1257/2025_H3N2,40,0.01295,0.01295
seqneut25to26_sera_1048_d28,A/HongKong/1257/2025_H3N2,plate11-A/HongKong/1257/2025_H3N2,92,0.1959,0.1959
seqneut25to26_sera_1048_d28,A/HongKong/1257/2025_H3N2,plate11-A/HongKong/1257/2025_H3N2,212,0.2393,0.2393
seqneut25to26_sera_1048_d28,A/HongKong/1257/2025_H3N2,plate11-A/HongKong/1257/2025_H3N2,487,0.4224,0.4224
seqneut25to26_sera_1048_d28,A/HongKong/1257/2025_H3N2,plate11-A/HongKong/1257/2025_H3N2,1119,1.116,1
seqneut25to26_sera_1048_d28,A/HongKong/1257/2025_H3N2,plate11-A/HongKong/1257/2025_H3N2,2575,0.7796,0.7796
seqneut25to26_sera_1048_d28,A/HongKong/1257/2025_H3N2,plate11-A/HongKong/1257/2025_H3N2,5921,0.9765,0.9765
seqneut25to26_sera_1048_d28,A/HongKong/1257/2025_H3N2,plate11-A/HongKong/1257/2025_H3N2,1.362e+04,0.9259,0.9259
seqneut25to26_sera_1048_d28,A/HongKong/1382/2025_H3N2,plate11-A/HongKong/1382/2025_H3N2,40,0.01596,0.01596
seqneut25to26_sera_1048_d28,A/HongKong/1382/2025_H3N2,plate11-A/HongKong/1382/2025_H3N2,92,0.128,0.128
seqneut25to26_sera_1048_d28,A/HongKong/1382/2025_H3N2,plate11-A/HongKong/1382/2025_H3N2,212,0.3204,0.3204
seqneut25to26_sera_1048_d28,A/HongKong/1382/2025_H3N2,plate11-A/HongKong/1382/2025_H3N2,487,0.7561,0.7561
seqneut25to26_sera_1048_d28,A/HongKong/1382/2025_H3N2,plate11-A/HongKong/1382/2025_H3N2,1119,0.8492,0.8492
seqneut25to26_sera_1048_d28,A/HongKong/1382/2025_H3N2,plate11-A/HongKong/1382/2025_H3N2,2575,0.789,0.789
seqneut25to26_sera_1048_d28,A/HongKong/1382/2025_H3N2,plate11-A/HongKong/1382/2025_H3N2,5921,0.8099,0.8099
seqneut25to26_sera_1048_d28,A/HongKong/1382/2025_H3N2,plate11-A/HongKong/1382/2025_H3N2,1.362e+04,0.7834,0.7834
seqneut25to26_sera_1048_d28,A/Indonesia/BIOKES-I-BT074/2025_H3N2,plate11-A/Indonesia/BIOKES-I-BT074/2025_H3N2,40,0.06081,0.06081
seqneut25to26_sera_1048_d28,A/Indonesia/BIOKES-I-BT074/2025_H3N2,plate11-A/Indonesia/BIOKES-I-BT074/2025_H3N2,92,0.122,0.122
seqneut25to26_sera_1048_d28,A/Indonesia/BIOKES-I-BT074/2025_H3N2,plate11-A/Indonesia/BIOKES-I-BT074/2025_H3N2,212,0.6439,0.6439
seqneut25to26_sera_1048_d28,A/Indonesia/BIOKES-I-BT074/2025_H3N2,plate11-A/Indonesia/BIOKES-I-BT074/2025_H3N2,487,0.9391,0.9391
seqneut25to26_sera_1048_d28,A/Indonesia/BIOKES-I-BT074/2025_H3N2,plate11-A/Indonesia/BIOKES-I-BT074/2025_H3N2,1119,1.11,1
seqneut25to26_sera_1048_d28,A/Indonesia/BIOKES-I-BT074/2025_H3N2,plate11-A/Indonesia/BIOKES-I-BT074/2025_H3N2,2575,0.8456,0.8456
seqneut25to26_sera_1048_d28,A/Indonesia/BIOKES-I-BT074/2025_H3N2,plate11-A/Indonesia/BIOKES-I-BT074/2025_H3N2,5921,0.7604,0.7604
seqneut25to26_sera_1048_d28,A/Indonesia/BIOKES-I-BT074/2025_H3N2,plate11-A/Indonesia/BIOKES-I-BT074/2025_H3N2,1.362e+04,1.047,1
seqneut25to26_sera_1048_d28,A/Indonesia/BIOKES-INAD491/2025_H3N2,plate11-A/Indonesia/BIOKES-INAD491/2025_H3N2,40,0.06244,0.06244
seqneut25to26_sera_1048_d28,A/Indonesia/BIOKES-INAD491/2025_H3N2,plate11-A/Indonesia/BIOKES-INAD491/2025_H3N2,92,0.1318,0.1318
seqneut25to26_sera_1048_d28,A/Indonesia/BIOKES-INAD491/2025_H3N2,plate11-A/Indonesia/BIOKES-INAD491/2025_H3N2,212,0.5647,0.5647
seqneut25to26_sera_1048_d28,A/Indonesia/BIOKES-INAD491/2025_H3N2,plate11-A/Indonesia/BIOKES-INAD491/2025_H3N2,487,0.7724,0.7724
seqneut25to26_sera_1048_d28,A/Indonesia/BIOKES-INAD491/2025_H3N2,plate11-A/Indonesia/BIOKES-INAD491/2025_H3N2,1119,0.9778,0.9778
seqneut25to26_sera_1048_d28,A/Indonesia/BIOKES-INAD491/2025_H3N2,plate11-A/Indonesia/BIOKES-INAD491/2025_H3N2,2575,0.9987,0.9987
seqneut25to26_sera_1048_d28,A/Indonesia/BIOKES-INAD491/2025_H3N2,plate11-A/Indonesia/BIOKES-INAD491/2025_H3N2,5921,0.9313,0.9313
seqneut25to26_sera_1048_d28,A/Indonesia/BIOKES-INAD491/2025_H3N2,plate11-A/Indonesia/BIOKES-INAD491/2025_H3N2,1.362e+04,0.8548,0.8548
seqneut25to26_sera_1048_d28,A/Lao/820-2750/2025_H3N2,plate11-A/Lao/820-2750/2025_H3N2,40,0.000968,0.000968
seqneut25to26_sera_1048_d28,A/Lao/820-2750/2025_H3N2,plate11-A/Lao/820-2750/2025_H3N2,92,0.0518,0.0518
seqneut25to26_sera_1048_d28,A/Lao/820-2750/2025_H3N2,plate11-A/Lao/820-2750/2025_H3N2,212,0.3626,0.3626
seqneut25to26_sera_1048_d28,A/Lao/820-2750/2025_H3N2,plate11-A/Lao/820-2750/2025_H3N2,487,0.67,0.67
seqneut25to26_sera_1048_d28,A/Lao/820-2750/2025_H3N2,plate11-A/Lao/820-2750/2025_H3N2,1119,0.984,0.984
seqneut25to26_sera_1048_d28,A/Lao/820-2750/2025_H3N2,plate11-A/Lao/820-2750/2025_H3N2,2575,1.013,1
seqneut25to26_sera_1048_d28,A/Lao/820-2750/2025_H3N2,plate11-A/Lao/820-2750/2025_H3N2,5921,0.9143,0.9143
seqneut25to26_sera_1048_d28,A/Lao/820-2750/2025_H3N2,plate11-A/Lao/820-2750/2025_H3N2,1.362e+04,0.9235,0.9235
seqneut25to26_sera_1048_d28,A/Malaysia/IMR/SARI/2028/2025_H3N2,plate11-A/Malaysia/IMR/SARI/2028/2025_H3N2,40,0.008698,0.008698
seqneut25to26_sera_1048_d28,A/Malaysia/IMR/SARI/2028/2025_H3N2,plate11-A/Malaysia/IMR/SARI/2028/2025_H3N2,92,0.05238,0.05238
seqneut25to26_sera_1048_d28,A/Malaysia/IMR/SARI/2028/2025_H3N2,plate11-A/Malaysia/IMR/SARI/2028/2025_H3N2,212,0.3753,0.3753
seqneut25to26_sera_1048_d28,A/Malaysia/IMR/SARI/2028/2025_H3N2,plate11-A/Malaysia/IMR/SARI/2028/2025_H3N2,487,0.7939,0.7939
seqneut25to26_sera_1048_d28,A/Malaysia/IMR/SARI/2028/2025_H3N2,plate11-A/Malaysia/IMR/SARI/2028/2025_H3N2,1119,1.017,1
seqneut25to26_sera_1048_d28,A/Malaysia/IMR/SARI/2028/2025_H3N2,plate11-A/Malaysia/IMR/SARI/2028/2025_H3N2,2575,0.747,0.747
seqneut25to26_sera_1048_d28,A/Malaysia/IMR/SARI/2028/2025_H3N2,plate11-A/Malaysia/IMR/SARI/2028/2025_H3N2,5921,0.8335,0.8335
seqneut25to26_sera_1048_d28,A/Malaysia/IMR/SARI/2028/2025_H3N2,plate11-A/Malaysia/IMR/SARI/2028/2025_H3N2,1.362e+04,1.17,1
seqneut25to26_sera_1048_d28,A/Malaysia/IMR/SARI/2406/2025_H3N2,plate11-A/Malaysia/IMR/SARI/2406/2025_H3N2,40,0.1629,0.1629
seqneut25to26_sera_1048_d28,A/Malaysia/IMR/SARI/2406/2025_H3N2,plate11-A/Malaysia/IMR/SARI/2406/2025_H3N2,92,0.2627,0.2627
seqneut25to26_sera_1048_d28,A/Malaysia/IMR/SARI/2406/2025_H3N2,plate11-A/Malaysia/IMR/SARI/2406/2025_H3N2,212,0.6193,0.6193
seqneut25to26_sera_1048_d28,A/Malaysia/IMR/SARI/2406/2025_H3N2,plate11-A/Malaysia/IMR/SARI/2406/2025_H3N2,487,0.8672,0.8672
seqneut25to26_sera_1048_d28,A/Malaysia/IMR/SARI/2406/2025_H3N2,plate11-A/Malaysia/IMR/SARI/2406/2025_H3N2,1119,1.116,1
seqneut25to26_sera_1048_d28,A/Malaysia/IMR/SARI/2406/2025_H3N2,plate11-A/Malaysia/IMR/SARI/2406/2025_H3N2,2575,0.9076,0.9076
seqneut25to26_sera_1048_d28,A/Malaysia/IMR/SARI/2406/2025_H3N2,plate11-A/Malaysia/IMR/SARI/2406/2025_H3N2,5921,0.9574,0.9574
seqneut25to26_sera_1048_d28,A/Malaysia/IMR/SARI/2406/2025_H3N2,plate11-A/Malaysia/IMR/SARI/2406/2025_H3N2,1.362e+04,1.185,1
seqneut25to26_sera_1048_d28,A/Malaysia/IMR/SARI/2517/2025_H3N2,plate11-A/Malaysia/IMR/SARI/2517/2025_H3N2,40,0.03571,0.03571
seqneut25to26_sera_1048_d28,A/Malaysia/IMR/SARI/2517/2025_H3N2,plate11-A/Malaysia/IMR/SARI/2517/2025_H3N2,92,0.2371,0.2371
seqneut25to26_sera_1048_d28,A/Malaysia/IMR/SARI/2517/2025_H3N2,plate11-A/Malaysia/IMR/SARI/2517/2025_H3N2,212,0.6734,0.6734
seqneut25to26_sera_1048_d28,A/Malaysia/IMR/SARI/2517/2025_H3N2,plate11-A/Malaysia/IMR/SARI/2517/2025_H3N2,487,1.048,1
seqneut25to26_sera_1048_d28,A/Malaysia/IMR/SARI/2517/2025_H3N2,plate11-A/Malaysia/IMR/SARI/2517/2025_H3N2,1119,1.161,1
seqneut25to26_sera_1048_d28,A/Malaysia/IMR/SARI/2517/2025_H3N2,plate11-A/Malaysia/IMR/SARI/2517/2025_H3N2,2575,0.9143,0.9143
seqneut25to26_sera_1048_d28,A/Malaysia/IMR/SARI/2517/2025_H3N2,plate11-A/Malaysia/IMR/SARI/2517/2025_H3N2,5921,0.7993,0.7993
seqneut25to26_sera_1048_d28,A/Malaysia/IMR/SARI/2517/2025_H3N2,plate11-A/Malaysia/IMR/SARI/2517/2025_H3N2,1.362e+04,1.082,1
seqneut25to26_sera_1048_d28,A/Massachusetts/18/2022_H3N2,plate11-A/Massachusetts/18/2022_H3N2,40,0.09493,0.09493
seqneut25to26_sera_1048_d28,A/Massachusetts/18/2022_H3N2,plate11-A/Massachusetts/18/2022_H3N2,92,0.2668,0.2668
seqneut25to26_sera_1048_d28,A/Massachusetts/18/2022_H3N2,plate11-A/Massachusetts/18/2022_H3N2,212,0.44,0.44
seqneut25to26_sera_1048_d28,A/Massachusetts/18/2022_H3N2,plate11-A/Massachusetts/18/2022_H3N2,487,0.819,0.819
seqneut25to26_sera_1048_d28,A/Massachusetts/18/2022_H3N2,plate11-A/Massachusetts/18/2022_H3N2,1119,0.9852,0.9852
seqneut25to26_sera_1048_d28,A/Massachusetts/18/2022_H3N2,plate11-A/Massachusetts/18/2022_H3N2,2575,1.014,1
seqneut25to26_sera_1048_d28,A/Massachusetts/18/2022_H3N2,plate11-A/Massachusetts/18/2022_H3N2,5921,0.9634,0.9634
seqneut25to26_sera_1048_d28,A/Massachusetts/18/2022_H3N2,plate11-A/Massachusetts/18/2022_H3N2,1.362e+04,1.358,1
seqneut25to26_sera_1048_d28,A/Michigan/110/2025_H3N2,plate11-A/Michigan/110/2025_H3N2,40,0.04845,0.04845
seqneut25to26_sera_1048_d28,A/Michigan/110/2025_H3N2,plate11-A/Michigan/110/2025_H3N2,92,0.1939,0.1939
seqneut25to26_sera_1048_d28,A/Michigan/110/2025_H3N2,plate11-A/Michigan/110/2025_H3N2,212,0.445,0.445
seqneut25to26_sera_1048_d28,A/Michigan/110/2025_H3N2,plate11-A/Michigan/110/2025_H3N2,487,0.7641,0.7641
seqneut25to26_sera_1048_d28,A/Michigan/110/2025_H3N2,plate11-A/Michigan/110/2025_H3N2,1119,0.9467,0.9467
seqneut25to26_sera_1048_d28,A/Michigan/110/2025_H3N2,plate11-A/Michigan/110/2025_H3N2,2575,1.01,1
seqneut25to26_sera_1048_d28,A/Michigan/110/2025_H3N2,plate11-A/Michigan/110/2025_H3N2,5921,1.05,1
seqneut25to26_sera_1048_d28,A/Michigan/110/2025_H3N2,plate11-A/Michigan/110/2025_H3N2,1.362e+04,1.057,1
seqneut25to26_sera_1048_d28,A/Minnesota/96/2025_H3N2,plate11-A/Minnesota/96/2025_H3N2,40,0.02538,0.02538
seqneut25to26_sera_1048_d28,A/Minnesota/96/2025_H3N2,plate11-A/Minnesota/96/2025_H3N2,92,0.2252,0.2252
seqneut25to26_sera_1048_d28,A/Minnesota/96/2025_H3N2,plate11-A/Minnesota/96/2025_H3N2,212,0.4557,0.4557
seqneut25to26_sera_1048_d28,A/Minnesota/96/2025_H3N2,plate11-A/Minnesota/96/2025_H3N2,487,0.7038,0.7038
seqneut25to26_sera_1048_d28,A/Minnesota/96/2025_H3N2,plate11-A/Minnesota/96/2025_H3N2,1119,0.9287,0.9287
seqneut25to26_sera_1048_d28,A/Minnesota/96/2025_H3N2,plate11-A/Minnesota/96/2025_H3N2,2575,0.7279,0.7279
seqneut25to26_sera_1048_d28,A/Minnesota/96/2025_H3N2,plate11-A/Minnesota/96/2025_H3N2,5921,0.8782,0.8782
seqneut25to26_sera_1048_d28,A/Minnesota/96/2025_H3N2,plate11-A/Minnesota/96/2025_H3N2,1.362e+04,1.099,1
seqneut25to26_sera_1048_d28,A/Missouri/11/2025_H1N1,plate11-A/Missouri/11/2025_H1N1,40,0.0001681,0.0001681
seqneut25to26_sera_1048_d28,A/Missouri/11/2025_H1N1,plate11-A/Missouri/11/2025_H1N1,92,0.009123,0.009123
seqneut25to26_sera_1048_d28,A/Missouri/11/2025_H1N1,plate11-A/Missouri/11/2025_H1N1,212,0.1906,0.1906
seqneut25to26_sera_1048_d28,A/Missouri/11/2025_H1N1,plate11-A/Missouri/11/2025_H1N1,487,0.5097,0.5097
seqneut25to26_sera_1048_d28,A/Missouri/11/2025_H1N1,plate11-A/Missouri/11/2025_H1N1,1119,1.069,1
seqneut25to26_sera_1048_d28,A/Missouri/11/2025_H1N1,plate11-A/Missouri/11/2025_H1N1,2575,0.9716,0.9716
seqneut25to26_sera_1048_d28,A/Missouri/11/2025_H1N1,plate11-A/Missouri/11/2025_H1N1,5921,0.845,0.845
seqneut25to26_sera_1048_d28,A/Missouri/11/2025_H1N1,plate11-A/Missouri/11/2025_H1N1,1.362e+04,1.041,1
seqneut25to26_sera_1048_d28,A/NewSouthWales/2526015582/2025_H3N2,plate11-A/NewSouthWales/2526015582/2025_H3N2,40,0.05115,0.05115
seqneut25to26_sera_1048_d28,A/NewSouthWales/2526015582/2025_H3N2,plate11-A/NewSouthWales/2526015582/2025_H3N2,92,0.2134,0.2134
seqneut25to26_sera_1048_d28,A/NewSouthWales/2526015582/2025_H3N2,plate11-A/NewSouthWales/2526015582/2025_H3N2,212,0.5271,0.5271
seqneut25to26_sera_1048_d28,A/NewSouthWales/2526015582/2025_H3N2,plate11-A/NewSouthWales/2526015582/2025_H3N2,487,0.734,0.734
seqneut25to26_sera_1048_d28,A/NewSouthWales/2526015582/2025_H3N2,plate11-A/NewSouthWales/2526015582/2025_H3N2,1119,0.9625,0.9625
seqneut25to26_sera_1048_d28,A/NewSouthWales/2526015582/2025_H3N2,plate11-A/NewSouthWales/2526015582/2025_H3N2,2575,0.7855,0.7855
seqneut25to26_sera_1048_d28,A/NewSouthWales/2526015582/2025_H3N2,plate11-A/NewSouthWales/2526015582/2025_H3N2,5921,0.8299,0.8299
seqneut25to26_sera_1048_d28,A/NewSouthWales/2526015582/2025_H3N2,plate11-A/NewSouthWales/2526015582/2025_H3N2,1.362e+04,0.96,0.96
seqneut25to26_sera_1048_d28,A/NewSouthWales/2526015584/2025_H3N2,plate11-A/NewSouthWales/2526015584/2025_H3N2,40,0.04557,0.04557
seqneut25to26_sera_1048_d28,A/NewSouthWales/2526015584/2025_H3N2,plate11-A/NewSouthWales/2526015584/2025_H3N2,92,0.15,0.15
seqneut25to26_sera_1048_d28,A/NewSouthWales/2526015584/2025_H3N2,plate11-A/NewSouthWales/2526015584/2025_H3N2,212,0.5101,0.5101
seqneut25to26_sera_1048_d28,A/NewSouthWales/2526015584/2025_H3N2,plate11-A/NewSouthWales/2526015584/2025_H3N2,487,0.9061,0.9061
seqneut25to26_sera_1048_d28,A/NewSouthWales/2526015584/2025_H3N2,plate11-A/NewSouthWales/2526015584/2025_H3N2,1119,1.003,1
seqneut25to26_sera_1048_d28,A/NewSouthWales/2526015584/2025_H3N2,plate11-A/NewSouthWales/2526015584/2025_H3N2,2575,0.816,0.816
seqneut25to26_sera_1048_d28,A/NewSouthWales/2526015584/2025_H3N2,plate11-A/NewSouthWales/2526015584/2025_H3N2,5921,0.9258,0.9258
seqneut25to26_sera_1048_d28,A/NewSouthWales/2526015584/2025_H3N2,plate11-A/NewSouthWales/2526015584/2025_H3N2,1.362e+04,0.9165,0.9165
seqneut25to26_sera_1048_d28,A/Norway/8765/2025_H3N2,plate11-A/Norway/8765/2025_H3N2,40,0.05643,0.05643
seqneut25to26_sera_1048_d28,A/Norway/8765/2025_H3N2,plate11-A/Norway/8765/2025_H3N2,92,0.1301,0.1301
seqneut25to26_sera_1048_d28,A/Norway/8765/2025_H3N2,plate11-A/Norway/8765/2025_H3N2,212,0.6095,0.6095
seqneut25to26_sera_1048_d28,A/Norway/8765/2025_H3N2,plate11-A/Norway/8765/2025_H3N2,487,0.7772,0.7772
seqneut25to26_sera_1048_d28,A/Norway/8765/2025_H3N2,plate11-A/Norway/8765/2025_H3N2,1119,0.9521,0.9521
seqneut25to26_sera_1048_d28,A/Norway/8765/2025_H3N2,plate11-A/Norway/8765/2025_H3N2,2575,0.8144,0.8144
seqneut25to26_sera_1048_d28,A/Norway/8765/2025_H3N2,plate11-A/Norway/8765/2025_H3N2,5921,0.9168,0.9168
seqneut25to26_sera_1048_d28,A/Norway/8765/2025_H3N2,plate11-A/Norway/8765/2025_H3N2,1.362e+04,1.042,1
seqneut25to26_sera_1048_d28,A/Norway/8976/2025_H3N2,plate11-A/Norway/8976/2025_H3N2,40,0.07159,0.07159
seqneut25to26_sera_1048_d28,A/Norway/8976/2025_H3N2,plate11-A/Norway/8976/2025_H3N2,92,0.232,0.232
seqneut25to26_sera_1048_d28,A/Norway/8976/2025_H3N2,plate11-A/Norway/8976/2025_H3N2,212,0.3945,0.3945
seqneut25to26_sera_1048_d28,A/Norway/8976/2025_H3N2,plate11-A/Norway/8976/2025_H3N2,487,0.8666,0.8666
seqneut25to26_sera_1048_d28,A/Norway/8976/2025_H3N2,plate11-A/Norway/8976/2025_H3N2,1119,0.9253,0.9253
seqneut25to26_sera_1048_d28,A/Norway/8976/2025_H3N2,plate11-A/Norway/8976/2025_H3N2,2575,0.8491,0.8491
seqneut25to26_sera_1048_d28,A/Norway/8976/2025_H3N2,plate11-A/Norway/8976/2025_H3N2,5921,1.074,1
seqneut25to26_sera_1048_d28,A/Norway/8976/2025_H3N2,plate11-A/Norway/8976/2025_H3N2,1.362e+04,1.04,1
seqneut25to26_sera_1048_d28,A/Norway/9107/2025_H1N1,plate11-A/Norway/9107/2025_H1N1,40,0.0001085,0.0001085
seqneut25to26_sera_1048_d28,A/Norway/9107/2025_H1N1,plate11-A/Norway/9107/2025_H1N1,92,0.006046,0.006046
seqneut25to26_sera_1048_d28,A/Norway/9107/2025_H1N1,plate11-A/Norway/9107/2025_H1N1,212,0.2253,0.2253
seqneut25to26_sera_1048_d28,A/Norway/9107/2025_H1N1,plate11-A/Norway/9107/2025_H1N1,487,0.7373,0.7373
seqneut25to26_sera_1048_d28,A/Norway/9107/2025_H1N1,plate11-A/Norway/9107/2025_H1N1,1119,1.16,1
seqneut25to26_sera_1048_d28,A/Norway/9107/2025_H1N1,plate11-A/Norway/9107/2025_H1N1,2575,1.043,1
seqneut25to26_sera_1048_d28,A/Norway/9107/2025_H1N1,plate11-A/Norway/9107/2025_H1N1,5921,1.063,1
seqneut25to26_sera_1048_d28,A/Norway/9107/2025_H1N1,plate11-A/Norway/9107/2025_H1N1,1.362e+04,1.122,1
seqneut25to26_sera_1048_d28,A/Norway/9556/2025_H1N1,plate11-A/Norway/9556/2025_H1N1,40,0.001946,0.001946
seqneut25to26_sera_1048_d28,A/Norway/9556/2025_H1N1,plate11-A/Norway/9556/2025_H1N1,92,0.0985,0.0985
seqneut25to26_sera_1048_d28,A/Norway/9556/2025_H1N1,plate11-A/Norway/9556/2025_H1N1,212,0.4792,0.4792
seqneut25to26_sera_1048_d28,A/Norway/9556/2025_H1N1,plate11-A/Norway/9556/2025_H1N1,487,1.092,1
seqneut25to26_sera_1048_d28,A/Norway/9556/2025_H1N1,plate11-A/Norway/9556/2025_H1N1,1119,1.158,1
seqneut25to26_sera_1048_d28,A/Norway/9556/2025_H1N1,plate11-A/Norway/9556/2025_H1N1,2575,1.084,1
seqneut25to26_sera_1048_d28,A/Norway/9556/2025_H1N1,plate11-A/Norway/9556/2025_H1N1,5921,1.134,1
seqneut25to26_sera_1048_d28,A/Norway/9556/2025_H1N1,plate11-A/Norway/9556/2025_H1N1,1.362e+04,1.139,1
seqneut25to26_sera_1048_d28,A/Peru/GIHSN-04-1089/2025_H3N2,plate11-A/Peru/GIHSN-04-1089/2025_H3N2,40,0.03444,0.03444
seqneut25to26_sera_1048_d28,A/Peru/GIHSN-04-1089/2025_H3N2,plate11-A/Peru/GIHSN-04-1089/2025_H3N2,92,0.299,0.299
seqneut25to26_sera_1048_d28,A/Peru/GIHSN-04-1089/2025_H3N2,plate11-A/Peru/GIHSN-04-1089/2025_H3N2,212,0.7596,0.7596
seqneut25to26_sera_1048_d28,A/Peru/GIHSN-04-1089/2025_H3N2,plate11-A/Peru/GIHSN-04-1089/2025_H3N2,487,0.9264,0.9264
seqneut25to26_sera_1048_d28,A/Peru/GIHSN-04-1089/2025_H3N2,plate11-A/Peru/GIHSN-04-1089/2025_H3N2,1119,1.124,1
seqneut25to26_sera_1048_d28,A/Peru/GIHSN-04-1089/2025_H3N2,plate11-A/Peru/GIHSN-04-1089/2025_H3N2,2575,1.129,1
seqneut25to26_sera_1048_d28,A/Peru/GIHSN-04-1089/2025_H3N2,plate11-A/Peru/GIHSN-04-1089/2025_H3N2,5921,1.007,1
seqneut25to26_sera_1048_d28,A/Peru/GIHSN-04-1089/2025_H3N2,plate11-A/Peru/GIHSN-04-1089/2025_H3N2,1.362e+04,1.049,1
seqneut25to26_sera_1048_d28,A/Philippines/SARI25-1425/2025_H1N1,plate11-A/Philippines/SARI25-1425/2025_H1N1,40,0.00378,0.00378
seqneut25to26_sera_1048_d28,A/Philippines/SARI25-1425/2025_H1N1,plate11-A/Philippines/SARI25-1425/2025_H1N1,92,0.03871,0.03871
seqneut25to26_sera_1048_d28,A/Philippines/SARI25-1425/2025_H1N1,plate11-A/Philippines/SARI25-1425/2025_H1N1,212,0.3379,0.3379
seqneut25to26_sera_1048_d28,A/Philippines/SARI25-1425/2025_H1N1,plate11-A/Philippines/SARI25-1425/2025_H1N1,487,0.7708,0.7708
seqneut25to26_sera_1048_d28,A/Philippines/SARI25-1425/2025_H1N1,plate11-A/Philippines/SARI25-1425/2025_H1N1,1119,1.156,1
seqneut25to26_sera_1048_d28,A/Philippines/SARI25-1425/2025_H1N1,plate11-A/Philippines/SARI25-1425/2025_H1N1,2575,1.068,1
seqneut25to26_sera_1048_d28,A/Philippines/SARI25-1425/2025_H1N1,plate11-A/Philippines/SARI25-1425/2025_H1N1,5921,1.08,1
seqneut25to26_sera_1048_d28,A/Philippines/SARI25-1425/2025_H1N1,plate11-A/Philippines/SARI25-1425/2025_H1N1,1.362e+04,1.166,1
seqneut25to26_sera_1048_d28,A/Queensland/2526516675/2025_H3N2,plate11-A/Queensland/2526516675/2025_H3N2,40,0.02941,0.02941
seqneut25to26_sera_1048_d28,A/Queensland/2526516675/2025_H3N2,plate11-A/Queensland/2526516675/2025_H3N2,92,0.2316,0.2316
seqneut25to26_sera_1048_d28,A/Queensland/2526516675/2025_H3N2,plate11-A/Queensland/2526516675/2025_H3N2,212,0.6806,0.6806
seqneut25to26_sera_1048_d28,A/Queensland/2526516675/2025_H3N2,plate11-A/Queensland/2526516675/2025_H3N2,487,0.8642,0.8642
seqneut25to26_sera_1048_d28,A/Queensland/2526516675/2025_H3N2,plate11-A/Queensland/2526516675/2025_H3N2,1119,0.9905,0.9905
seqneut25to26_sera_1048_d28,A/Queensland/2526516675/2025_H3N2,plate11-A/Queensland/2526516675/2025_H3N2,2575,1.026,1
seqneut25to26_sera_1048_d28,A/Queensland/2526516675/2025_H3N2,plate11-A/Queensland/2526516675/2025_H3N2,5921,1.017,1
seqneut25to26_sera_1048_d28,A/Queensland/2526516675/2025_H3N2,plate11-A/Queensland/2526516675/2025_H3N2,1.362e+04,1.198,1
seqneut25to26_sera_1048_d28,A/SouthAfrica/PET37604/2025_H3N2,plate11-A/SouthAfrica/PET37604/2025_H3N2,40,0.02282,0.02282
seqneut25to26_sera_1048_d28,A/SouthAfrica/PET37604/2025_H3N2,plate11-A/SouthAfrica/PET37604/2025_H3N2,92,0.1106,0.1106
seqneut25to26_sera_1048_d28,A/SouthAfrica/PET37604/2025_H3N2,plate11-A/SouthAfrica/PET37604/2025_H3N2,212,0.2943,0.2943
seqneut25to26_sera_1048_d28,A/SouthAfrica/PET37604/2025_H3N2,plate11-A/SouthAfrica/PET37604/2025_H3N2,487,0.4906,0.4906
seqneut25to26_sera_1048_d28,A/SouthAfrica/PET37604/2025_H3N2,plate11-A/SouthAfrica/PET37604/2025_H3N2,1119,0.9552,0.9552
seqneut25to26_sera_1048_d28,A/SouthAfrica/PET37604/2025_H3N2,plate11-A/SouthAfrica/PET37604/2025_H3N2,2575,0.8341,0.8341
seqneut25to26_sera_1048_d28,A/SouthAfrica/PET37604/2025_H3N2,plate11-A/SouthAfrica/PET37604/2025_H3N2,5921,0.8965,0.8965
seqneut25to26_sera_1048_d28,A/SouthAfrica/PET37604/2025_H3N2,plate11-A/SouthAfrica/PET37604/2025_H3N2,1.362e+04,0.8869,0.8869
seqneut25to26_sera_1048_d28,A/SouthAfrica/PET37625/2025_H3N2,plate11-A/SouthAfrica/PET37625/2025_H3N2,40,0.02205,0.02205
seqneut25to26_sera_1048_d28,A/SouthAfrica/PET37625/2025_H3N2,plate11-A/SouthAfrica/PET37625/2025_H3N2,92,0.08278,0.08278
seqneut25to26_sera_1048_d28,A/SouthAfrica/PET37625/2025_H3N2,plate11-A/SouthAfrica/PET37625/2025_H3N2,212,0.3818,0.3818
seqneut25to26_sera_1048_d28,A/SouthAfrica/PET37625/2025_H3N2,plate11-A/SouthAfrica/PET37625/2025_H3N2,487,0.6698,0.6698
seqneut25to26_sera_1048_d28,A/SouthAfrica/PET37625/2025_H3N2,plate11-A/SouthAfrica/PET37625/2025_H3N2,1119,0.811,0.811
seqneut25to26_sera_1048_d28,A/SouthAfrica/PET37625/2025_H3N2,plate11-A/SouthAfrica/PET37625/2025_H3N2,2575,0.7503,0.7503
seqneut25to26_sera_1048_d28,A/SouthAfrica/PET37625/2025_H3N2,plate11-A/SouthAfrica/PET37625/2025_H3N2,5921,0.9347,0.9347
seqneut25to26_sera_1048_d28,A/SouthAfrica/PET37625/2025_H3N2,plate11-A/SouthAfrica/PET37625/2025_H3N2,1.362e+04,0.8384,0.8384
seqneut25to26_sera_1048_d28,A/SouthAustralia/2519001037/2025_H1N1,plate11-A/SouthAustralia/2519001037/2025_H1N1,40,0.0005289,0.0005289
seqneut25to26_sera_1048_d28,A/SouthAustralia/2519001037/2025_H1N1,plate11-A/SouthAustralia/2519001037/2025_H1N1,92,0.01057,0.01057
seqneut25to26_sera_1048_d28,A/SouthAustralia/2519001037/2025_H1N1,plate11-A/SouthAustralia/2519001037/2025_H1N1,212,0.2066,0.2066
seqneut25to26_sera_1048_d28,A/SouthAustralia/2519001037/2025_H1N1,plate11-A/SouthAustralia/2519001037/2025_H1N1,487,0.6546,0.6546
seqneut25to26_sera_1048_d28,A/SouthAustralia/2519001037/2025_H1N1,plate11-A/SouthAustralia/2519001037/2025_H1N1,1119,1.046,1
seqneut25to26_sera_1048_d28,A/SouthAustralia/2519001037/2025_H1N1,plate11-A/SouthAustralia/2519001037/2025_H1N1,2575,0.9892,0.9892
seqneut25to26_sera_1048_d28,A/SouthAustralia/2519001037/2025_H1N1,plate11-A/SouthAustralia/2519001037/2025_H1N1,5921,0.9519,0.9519
seqneut25to26_sera_1048_d28,A/SouthAustralia/2519001037/2025_H1N1,plate11-A/SouthAustralia/2519001037/2025_H1N1,1.362e+04,1.092,1
seqneut25to26_sera_1048_d28,A/SouthAustralia/2520702747/2025_H1N1,plate11-A/SouthAustralia/2520702747/2025_H1N1,40,0.0001326,0.0001326
seqneut25to26_sera_1048_d28,A/SouthAustralia/2520702747/2025_H1N1,plate11-A/SouthAustralia/2520702747/2025_H1N1,92,0.0104,0.0104
seqneut25to26_sera_1048_d28,A/SouthAustralia/2520702747/2025_H1N1,plate11-A/SouthAustralia/2520702747/2025_H1N1,212,0.1709,0.1709
seqneut25to26_sera_1048_d28,A/SouthAustralia/2520702747/2025_H1N1,plate11-A/SouthAustralia/2520702747/2025_H1N1,487,0.6391,0.6391
seqneut25to26_sera_1048_d28,A/SouthAustralia/2520702747/2025_H1N1,plate11-A/SouthAustralia/2520702747/2025_H1N1,1119,0.9782,0.9782
seqneut25to26_sera_1048_d28,A/SouthAustralia/2520702747/2025_H1N1,plate11-A/SouthAustralia/2520702747/2025_H1N1,2575,1.028,1
seqneut25to26_sera_1048_d28,A/SouthAustralia/2520702747/2025_H1N1,plate11-A/SouthAustralia/2520702747/2025_H1N1,5921,0.9474,0.9474
seqneut25to26_sera_1048_d28,A/SouthAustralia/2520702747/2025_H1N1,plate11-A/SouthAustralia/2520702747/2025_H1N1,1.362e+04,1.145,1
seqneut25to26_sera_1048_d28,A/SouthAustralia/2523012764/2025_H1N1,plate11-A/SouthAustralia/2523012764/2025_H1N1,40,0.00494,0.00494
seqneut25to26_sera_1048_d28,A/SouthAustralia/2523012764/2025_H1N1,plate11-A/SouthAustralia/2523012764/2025_H1N1,92,8.883e-05,8.883e-05
seqneut25to26_sera_1048_d28,A/SouthAustralia/2523012764/2025_H1N1,plate11-A/SouthAustralia/2523012764/2025_H1N1,212,0.0496,0.0496
seqneut25to26_sera_1048_d28,A/SouthAustralia/2523012764/2025_H1N1,plate11-A/SouthAustralia/2523012764/2025_H1N1,487,0.3962,0.3962
seqneut25to26_sera_1048_d28,A/SouthAustralia/2523012764/2025_H1N1,plate11-A/SouthAustralia/2523012764/2025_H1N1,1119,0.9001,0.9001
seqneut25to26_sera_1048_d28,A/SouthAustralia/2523012764/2025_H1N1,plate11-A/SouthAustralia/2523012764/2025_H1N1,2575,0.9196,0.9196
seqneut25to26_sera_1048_d28,A/SouthAustralia/2523012764/2025_H1N1,plate11-A/SouthAustralia/2523012764/2025_H1N1,5921,0.9724,0.9724
seqneut25to26_sera_1048_d28,A/SouthAustralia/2523012764/2025_H1N1,plate11-A/SouthAustralia/2523012764/2025_H1N1,1.362e+04,1.121,1
seqneut25to26_sera_1048_d28,A/SouthAustralia/2523812314/2025_H3N2,plate11-A/SouthAustralia/2523812314/2025_H3N2,40,0.01133,0.01133
seqneut25to26_sera_1048_d28,A/SouthAustralia/2523812314/2025_H3N2,plate11-A/SouthAustralia/2523812314/2025_H3N2,92,0.1382,0.1382
seqneut25to26_sera_1048_d28,A/SouthAustralia/2523812314/2025_H3N2,plate11-A/SouthAustralia/2523812314/2025_H3N2,212,0.3813,0.3813
seqneut25to26_sera_1048_d28,A/SouthAustralia/2523812314/2025_H3N2,plate11-A/SouthAustralia/2523812314/2025_H3N2,487,0.6057,0.6057
seqneut25to26_sera_1048_d28,A/SouthAustralia/2523812314/2025_H3N2,plate11-A/SouthAustralia/2523812314/2025_H3N2,1119,0.9122,0.9122
seqneut25to26_sera_1048_d28,A/SouthAustralia/2523812314/2025_H3N2,plate11-A/SouthAustralia/2523812314/2025_H3N2,2575,0.9168,0.9168
seqneut25to26_sera_1048_d28,A/SouthAustralia/2523812314/2025_H3N2,plate11-A/SouthAustralia/2523812314/2025_H3N2,5921,0.8799,0.8799
seqneut25to26_sera_1048_d28,A/SouthAustralia/2523812314/2025_H3N2,plate11-A/SouthAustralia/2523812314/2025_H3N2,1.362e+04,1.178,1
seqneut25to26_sera_1048_d28,A/SouthAustralia/2524408801/2025_H3N2,plate11-A/SouthAustralia/2524408801/2025_H3N2,40,0.03797,0.03797
seqneut25to26_sera_1048_d28,A/SouthAustralia/2524408801/2025_H3N2,plate11-A/SouthAustralia/2524408801/2025_H3N2,92,0.174,0.174
seqneut25to26_sera_1048_d28,A/SouthAustralia/2524408801/2025_H3N2,plate11-A/SouthAustralia/2524408801/2025_H3N2,212,0.5742,0.5742
seqneut25to26_sera_1048_d28,A/SouthAustralia/2524408801/2025_H3N2,plate11-A/SouthAustralia/2524408801/2025_H3N2,487,0.8819,0.8819
seqneut25to26_sera_1048_d28,A/SouthAustralia/2524408801/2025_H3N2,plate11-A/SouthAustralia/2524408801/2025_H3N2,1119,0.8843,0.8843
seqneut25to26_sera_1048_d28,A/SouthAustralia/2524408801/2025_H3N2,plate11-A/SouthAustralia/2524408801/2025_H3N2,2575,0.9207,0.9207
seqneut25to26_sera_1048_d28,A/SouthAustralia/2524408801/2025_H3N2,plate11-A/SouthAustralia/2524408801/2025_H3N2,5921,0.8675,0.8675
seqneut25to26_sera_1048_d28,A/SouthAustralia/2524408801/2025_H3N2,plate11-A/SouthAustralia/2524408801/2025_H3N2,1.362e+04,0.9914,0.9914
seqneut25to26_sera_1048_d28,A/SouthAustralia/2524712956/2025_H1N1,plate11-A/SouthAustralia/2524712956/2025_H1N1,40,0.007491,0.007491
seqneut25to26_sera_1048_d28,A/SouthAustralia/2524712956/2025_H1N1,plate11-A/SouthAustralia/2524712956/2025_H1N1,92,0.09932,0.09932
seqneut25to26_sera_1048_d28,A/SouthAustralia/2524712956/2025_H1N1,plate11-A/SouthAustralia/2524712956/2025_H1N1,212,0.6187,0.6187
seqneut25to26_sera_1048_d28,A/SouthAustralia/2524712956/2025_H1N1,plate11-A/SouthAustralia/2524712956/2025_H1N1,487,1.081,1
seqneut25to26_sera_1048_d28,A/SouthAustralia/2524712956/2025_H1N1,plate11-A/SouthAustralia/2524712956/2025_H1N1,1119,1.442,1
seqneut25to26_sera_1048_d28,A/SouthAustralia/2524712956/2025_H1N1,plate11-A/SouthAustralia/2524712956/2025_H1N1,2575,1.101,1
seqneut25to26_sera_1048_d28,A/SouthAustralia/2524712956/2025_H1N1,plate11-A/SouthAustralia/2524712956/2025_H1N1,5921,1.197,1
seqneut25to26_sera_1048_d28,A/SouthAustralia/2524712956/2025_H1N1,plate11-A/SouthAustralia/2524712956/2025_H1N1,1.362e+04,1.137,1
seqneut25to26_sera_1048_d28,A/SouthAustralia/2525607496/2025_H3N2,plate11-A/SouthAustralia/2525607496/2025_H3N2,40,0.005761,0.005761
seqneut25to26_sera_1048_d28,A/SouthAustralia/2525607496/2025_H3N2,plate11-A/SouthAustralia/2525607496/2025_H3N2,92,0.1578,0.1578
seqneut25to26_sera_1048_d28,A/SouthAustralia/2525607496/2025_H3N2,plate11-A/SouthAustralia/2525607496/2025_H3N2,212,0.7704,0.7704
seqneut25to26_sera_1048_d28,A/SouthAustralia/2525607496/2025_H3N2,plate11-A/SouthAustralia/2525607496/2025_H3N2,487,0.8013,0.8013
seqneut25to26_sera_1048_d28,A/SouthAustralia/2525607496/2025_H3N2,plate11-A/SouthAustralia/2525607496/2025_H3N2,1119,0.8385,0.8385
seqneut25to26_sera_1048_d28,A/SouthAustralia/2525607496/2025_H3N2,plate11-A/SouthAustralia/2525607496/2025_H3N2,2575,0.9165,0.9165
seqneut25to26_sera_1048_d28,A/SouthAustralia/2525607496/2025_H3N2,plate11-A/SouthAustralia/2525607496/2025_H3N2,5921,0.9197,0.9197
seqneut25to26_sera_1048_d28,A/SouthAustralia/2525607496/2025_H3N2,plate11-A/SouthAustralia/2525607496/2025_H3N2,1.362e+04,1.282,1
seqneut25to26_sera_1048_d28,A/SouthAustralia/2527003588/2025_H3N2,plate11-A/SouthAustralia/2527003588/2025_H3N2,40,0.04772,0.04772
seqneut25to26_sera_1048_d28,A/SouthAustralia/2527003588/2025_H3N2,plate11-A/SouthAustralia/2527003588/2025_H3N2,92,0.5575,0.5575
seqneut25to26_sera_1048_d28,A/SouthAustralia/2527003588/2025_H3N2,plate11-A/SouthAustralia/2527003588/2025_H3N2,212,0.9557,0.9557
seqneut25to26_sera_1048_d28,A/SouthAustralia/2527003588/2025_H3N2,plate11-A/SouthAustralia/2527003588/2025_H3N2,487,1.401,1
seqneut25to26_sera_1048_d28,A/SouthAustralia/2527003588/2025_H3N2,plate11-A/SouthAustralia/2527003588/2025_H3N2,1119,0.8855,0.8855
seqneut25to26_sera_1048_d28,A/SouthAustralia/2527003588/2025_H3N2,plate11-A/SouthAustralia/2527003588/2025_H3N2,2575,0.7128,0.7128
seqneut25to26_sera_1048_d28,A/SouthAustralia/2527003588/2025_H3N2,plate11-A/SouthAustralia/2527003588/2025_H3N2,5921,0.9064,0.9064
seqneut25to26_sera_1048_d28,A/SouthAustralia/2527003588/2025_H3N2,plate11-A/SouthAustralia/2527003588/2025_H3N2,1.362e+04,1.621,1
seqneut25to26_sera_1048_d28,A/SouthAustralia/2527213276/2025_H3N2,plate11-A/SouthAustralia/2527213276/2025_H3N2,40,0.1136,0.1136
seqneut25to26_sera_1048_d28,A/SouthAustralia/2527213276/2025_H3N2,plate11-A/SouthAustralia/2527213276/2025_H3N2,92,0.1557,0.1557
seqneut25to26_sera_1048_d28,A/SouthAustralia/2527213276/2025_H3N2,plate11-A/SouthAustralia/2527213276/2025_H3N2,212,0.5789,0.5789
seqneut25to26_sera_1048_d28,A/SouthAustralia/2527213276/2025_H3N2,plate11-A/SouthAustralia/2527213276/2025_H3N2,487,0.9945,0.9945
seqneut25to26_sera_1048_d28,A/SouthAustralia/2527213276/2025_H3N2,plate11-A/SouthAustralia/2527213276/2025_H3N2,1119,0.995,0.995
seqneut25to26_sera_1048_d28,A/SouthAustralia/2527213276/2025_H3N2,plate11-A/SouthAustralia/2527213276/2025_H3N2,2575,0.827,0.827
seqneut25to26_sera_1048_d28,A/SouthAustralia/2527213276/2025_H3N2,plate11-A/SouthAustralia/2527213276/2025_H3N2,5921,1.181,1
seqneut25to26_sera_1048_d28,A/SouthAustralia/2527213276/2025_H3N2,plate11-A/SouthAustralia/2527213276/2025_H3N2,1.362e+04,1.241,1
seqneut25to26_sera_1048_d28,A/SouthAustralia/2527612456/2025_H1N1,plate11-A/SouthAustralia/2527612456/2025_H1N1,40,6.213e-05,6.213e-05
seqneut25to26_sera_1048_d28,A/SouthAustralia/2527612456/2025_H1N1,plate11-A/SouthAustralia/2527612456/2025_H1N1,92,0.009213,0.009213
seqneut25to26_sera_1048_d28,A/SouthAustralia/2527612456/2025_H1N1,plate11-A/SouthAustralia/2527612456/2025_H1N1,212,0.3239,0.3239
seqneut25to26_sera_1048_d28,A/SouthAustralia/2527612456/2025_H1N1,plate11-A/SouthAustralia/2527612456/2025_H1N1,487,0.8116,0.8116
seqneut25to26_sera_1048_d28,A/SouthAustralia/2527612456/2025_H1N1,plate11-A/SouthAustralia/2527612456/2025_H1N1,1119,1.128,1
seqneut25to26_sera_1048_d28,A/SouthAustralia/2527612456/2025_H1N1,plate11-A/SouthAustralia/2527612456/2025_H1N1,2575,1,1
seqneut25to26_sera_1048_d28,A/SouthAustralia/2527612456/2025_H1N1,plate11-A/SouthAustralia/2527612456/2025_H1N1,5921,0.994,0.994
seqneut25to26_sera_1048_d28,A/SouthAustralia/2527612456/2025_H1N1,plate11-A/SouthAustralia/2527612456/2025_H1N1,1.362e+04,1.156,1
seqneut25to26_sera_1048_d28,A/SouthAustralia/2527902708/2025_H3N2,plate11-A/SouthAustralia/2527902708/2025_H3N2,40,0.1048,0.1048
seqneut25to26_sera_1048_d28,A/SouthAustralia/2527902708/2025_H3N2,plate11-A/SouthAustralia/2527902708/2025_H3N2,92,0.5225,0.5225
seqneut25to26_sera_1048_d28,A/SouthAustralia/2527902708/2025_H3N2,plate11-A/SouthAustralia/2527902708/2025_H3N2,212,0.8033,0.8033
seqneut25to26_sera_1048_d28,A/SouthAustralia/2527902708/2025_H3N2,plate11-A/SouthAustralia/2527902708/2025_H3N2,487,0.8105,0.8105
seqneut25to26_sera_1048_d28,A/SouthAustralia/2527902708/2025_H3N2,plate11-A/SouthAustralia/2527902708/2025_H3N2,1119,1.019,1
seqneut25to26_sera_1048_d28,A/SouthAustralia/2527902708/2025_H3N2,plate11-A/SouthAustralia/2527902708/2025_H3N2,2575,1.028,1
seqneut25to26_sera_1048_d28,A/SouthAustralia/2527902708/2025_H3N2,plate11-A/SouthAustralia/2527902708/2025_H3N2,5921,0.8801,0.8801
seqneut25to26_sera_1048_d28,A/SouthAustralia/2527902708/2025_H3N2,plate11-A/SouthAustralia/2527902708/2025_H3N2,1.362e+04,1.462,1
seqneut25to26_sera_1048_d28,A/Sydney/1359/2024_H3N2,plate11-A/Sydney/1359/2024_H3N2,40,0.0285,0.0285
seqneut25to26_sera_1048_d28,A/Sydney/1359/2024_H3N2,plate11-A/Sydney/1359/2024_H3N2,92,0.15,0.15
seqneut25to26_sera_1048_d28,A/Sydney/1359/2024_H3N2,plate11-A/Sydney/1359/2024_H3N2,212,0.636,0.636
seqneut25to26_sera_1048_d28,A/Sydney/1359/2024_H3N2,plate11-A/Sydney/1359/2024_H3N2,487,0.7671,0.7671
seqneut25to26_sera_1048_d28,A/Sydney/1359/2024_H3N2,plate11-A/Sydney/1359/2024_H3N2,1119,1.407,1
seqneut25to26_sera_1048_d28,A/Sydney/1359/2024_H3N2,plate11-A/Sydney/1359/2024_H3N2,2575,0.9384,0.9384
seqneut25to26_sera_1048_d28,A/Sydney/1359/2024_H3N2,plate11-A/Sydney/1359/2024_H3N2,5921,0.9267,0.9267
seqneut25to26_sera_1048_d28,A/Sydney/1359/2024_H3N2,plate11-A/Sydney/1359/2024_H3N2,1.362e+04,1.22,1
seqneut25to26_sera_1048_d28,A/Sydney/400/2025_H1N1,plate11-A/Sydney/400/2025_H1N1,40,0.000126,0.000126
seqneut25to26_sera_1048_d28,A/Sydney/400/2025_H1N1,plate11-A/Sydney/400/2025_H1N1,92,0.0003183,0.0003183
seqneut25to26_sera_1048_d28,A/Sydney/400/2025_H1N1,plate11-A/Sydney/400/2025_H1N1,212,0.004897,0.004897
seqneut25to26_sera_1048_d28,A/Sydney/400/2025_H1N1,plate11-A/Sydney/400/2025_H1N1,487,0.06222,0.06222
seqneut25to26_sera_1048_d28,A/Sydney/400/2025_H1N1,plate11-A/Sydney/400/2025_H1N1,1119,0.5046,0.5046
seqneut25to26_sera_1048_d28,A/Sydney/400/2025_H1N1,plate11-A/Sydney/400/2025_H1N1,2575,0.7303,0.7303
seqneut25to26_sera_1048_d28,A/Sydney/400/2025_H1N1,plate11-A/Sydney/400/2025_H1N1,5921,0.8825,0.8825
seqneut25to26_sera_1048_d28,A/Sydney/400/2025_H1N1,plate11-A/Sydney/400/2025_H1N1,1.362e+04,0.8463,0.8463
seqneut25to26_sera_1048_d28,A/Tasmania/2521815682/2025_H3N2,plate11-A/Tasmania/2521815682/2025_H3N2,40,0.05801,0.05801
seqneut25to26_sera_1048_d28,A/Tasmania/2521815682/2025_H3N2,plate11-A/Tasmania/2521815682/2025_H3N2,92,0.1905,0.1905
seqneut25to26_sera_1048_d28,A/Tasmania/2521815682/2025_H3N2,plate11-A/Tasmania/2521815682/2025_H3N2,212,0.7272,0.7272
seqneut25to26_sera_1048_d28,A/Tasmania/2521815682/2025_H3N2,plate11-A/Tasmania/2521815682/2025_H3N2,487,0.7881,0.7881
seqneut25to26_sera_1048_d28,A/Tasmania/2521815682/2025_H3N2,plate11-A/Tasmania/2521815682/2025_H3N2,1119,0.8343,0.8343
seqneut25to26_sera_1048_d28,A/Tasmania/2521815682/2025_H3N2,plate11-A/Tasmania/2521815682/2025_H3N2,2575,0.8859,0.8859
seqneut25to26_sera_1048_d28,A/Tasmania/2521815682/2025_H3N2,plate11-A/Tasmania/2521815682/2025_H3N2,5921,0.8668,0.8668
seqneut25to26_sera_1048_d28,A/Tasmania/2521815682/2025_H3N2,plate11-A/Tasmania/2521815682/2025_H3N2,1.362e+04,1.056,1
seqneut25to26_sera_1048_d28,A/Thailand/8/2022_H3N2,plate11-A/Thailand/8/2022_H3N2,40,0.002835,0.002835
seqneut25to26_sera_1048_d28,A/Thailand/8/2022_H3N2,plate11-A/Thailand/8/2022_H3N2,92,0.05259,0.05259
seqneut25to26_sera_1048_d28,A/Thailand/8/2022_H3N2,plate11-A/Thailand/8/2022_H3N2,212,0.15,0.15
seqneut25to26_sera_1048_d28,A/Thailand/8/2022_H3N2,plate11-A/Thailand/8/2022_H3N2,487,0.5024,0.5024
seqneut25to26_sera_1048_d28,A/Thailand/8/2022_H3N2,plate11-A/Thailand/8/2022_H3N2,1119,0.4367,0.4367
seqneut25to26_sera_1048_d28,A/Thailand/8/2022_H3N2,plate11-A/Thailand/8/2022_H3N2,2575,0.7678,0.7678
seqneut25to26_sera_1048_d28,A/Thailand/8/2022_H3N2,plate11-A/Thailand/8/2022_H3N2,5921,1.017,1
seqneut25to26_sera_1048_d28,A/Thailand/8/2022_H3N2,plate11-A/Thailand/8/2022_H3N2,1.362e+04,0.8748,0.8748
seqneut25to26_sera_1048_d28,A/Vermont/73/2025_H3N2,plate11-A/Vermont/73/2025_H3N2,40,0.04424,0.04424
seqneut25to26_sera_1048_d28,A/Vermont/73/2025_H3N2,plate11-A/Vermont/73/2025_H3N2,92,0.1684,0.1684
seqneut25to26_sera_1048_d28,A/Vermont/73/2025_H3N2,plate11-A/Vermont/73/2025_H3N2,212,0.5493,0.5493
seqneut25to26_sera_1048_d28,A/Vermont/73/2025_H3N2,plate11-A/Vermont/73/2025_H3N2,487,0.9841,0.9841
seqneut25to26_sera_1048_d28,A/Vermont/73/2025_H3N2,plate11-A/Vermont/73/2025_H3N2,1119,0.797,0.797
seqneut25to26_sera_1048_d28,A/Vermont/73/2025_H3N2,plate11-A/Vermont/73/2025_H3N2,2575,1.031,1
seqneut25to26_sera_1048_d28,A/Vermont/73/2025_H3N2,plate11-A/Vermont/73/2025_H3N2,5921,0.6031,0.6031
seqneut25to26_sera_1048_d28,A/Vermont/73/2025_H3N2,plate11-A/Vermont/73/2025_H3N2,1.362e+04,1.221,1
seqneut25to26_sera_1048_d28,A/Victoria/4897/2022_IVR-238_H1N1,plate11-A/Victoria/4897/2022_IVR-238_H1N1,40,0.0001734,0.0001734
seqneut25to26_sera_1048_d28,A/Victoria/4897/2022_IVR-238_H1N1,plate11-A/Victoria/4897/2022_IVR-238_H1N1,92,0,0
seqneut25to26_sera_1048_d28,A/Victoria/4897/2022_IVR-238_H1N1,plate11-A/Victoria/4897/2022_IVR-238_H1N1,212,0,0
seqneut25to26_sera_1048_d28,A/Victoria/4897/2022_IVR-238_H1N1,plate11-A/Victoria/4897/2022_IVR-238_H1N1,487,0,0
seqneut25to26_sera_1048_d28,A/Victoria/4897/2022_IVR-238_H1N1,plate11-A/Victoria/4897/2022_IVR-238_H1N1,1119,0.000452,0.000452
seqneut25to26_sera_1048_d28,A/Victoria/4897/2022_IVR-238_H1N1,plate11-A/Victoria/4897/2022_IVR-238_H1N1,2575,0.0004573,0.0004573
seqneut25to26_sera_1048_d28,A/Victoria/4897/2022_IVR-238_H1N1,plate11-A/Victoria/4897/2022_IVR-238_H1N1,5921,0.2907,0.2907
seqneut25to26_sera_1048_d28,A/Victoria/4897/2022_IVR-238_H1N1,plate11-A/Victoria/4897/2022_IVR-238_H1N1,1.362e+04,0.6631,0.6631
seqneut25to26_sera_1048_d28,A/Wisconsin/588/2019_H1N1,plate11-A/Wisconsin/588/2019_H1N1,40,2.731e-05,2.731e-05
seqneut25to26_sera_1048_d28,A/Wisconsin/588/2019_H1N1,plate11-A/Wisconsin/588/2019_H1N1,92,0.002609,0.002609
seqneut25to26_sera_1048_d28,A/Wisconsin/588/2019_H1N1,plate11-A/Wisconsin/588/2019_H1N1,212,0.03327,0.03327
seqneut25to26_sera_1048_d28,A/Wisconsin/588/2019_H1N1,plate11-A/Wisconsin/588/2019_H1N1,487,0.3442,0.3442
seqneut25to26_sera_1048_d28,A/Wisconsin/588/2019_H1N1,plate11-A/Wisconsin/588/2019_H1N1,1119,0.8845,0.8845
seqneut25to26_sera_1048_d28,A/Wisconsin/588/2019_H1N1,plate11-A/Wisconsin/588/2019_H1N1,2575,1.081,1
seqneut25to26_sera_1048_d28,A/Wisconsin/588/2019_H1N1,plate11-A/Wisconsin/588/2019_H1N1,5921,1.073,1
seqneut25to26_sera_1048_d28,A/Wisconsin/588/2019_H1N1,plate11-A/Wisconsin/588/2019_H1N1,1.362e+04,1.118,1
seqneut25to26_sera_1048_d28,A/Wisconsin/67/2022_H1N1,plate11-A/Wisconsin/67/2022_H1N1,40,6.031e-05,6.031e-05
seqneut25to26_sera_1048_d28,A/Wisconsin/67/2022_H1N1,plate11-A/Wisconsin/67/2022_H1N1,92,0.004628,0.004628
seqneut25to26_sera_1048_d28,A/Wisconsin/67/2022_H1N1,plate11-A/Wisconsin/67/2022_H1N1,212,0.1337,0.1337
seqneut25to26_sera_1048_d28,A/Wisconsin/67/2022_H1N1,plate11-A/Wisconsin/67/2022_H1N1,487,0.6589,0.6589
seqneut25to26_sera_1048_d28,A/Wisconsin/67/2022_H1N1,plate11-A/Wisconsin/67/2022_H1N1,1119,1.123,1
seqneut25to26_sera_1048_d28,A/Wisconsin/67/2022_H1N1,plate11-A/Wisconsin/67/2022_H1N1,2575,1.086,1
seqneut25to26_sera_1048_d28,A/Wisconsin/67/2022_H1N1,plate11-A/Wisconsin/67/2022_H1N1,5921,1.098,1
seqneut25to26_sera_1048_d28,A/Wisconsin/67/2022_H1N1,plate11-A/Wisconsin/67/2022_H1N1,1.362e+04,1.222,1
seqneut25to26_sera_1048_d28,A/Zacapa/FLU-261/2025_H1N1,plate11-A/Zacapa/FLU-261/2025_H1N1,40,5.959e-05,5.959e-05
seqneut25to26_sera_1048_d28,A/Zacapa/FLU-261/2025_H1N1,plate11-A/Zacapa/FLU-261/2025_H1N1,92,0.005179,0.005179
seqneut25to26_sera_1048_d28,A/Zacapa/FLU-261/2025_H1N1,plate11-A/Zacapa/FLU-261/2025_H1N1,212,0.2067,0.2067
seqneut25to26_sera_1048_d28,A/Zacapa/FLU-261/2025_H1N1,plate11-A/Zacapa/FLU-261/2025_H1N1,487,0.8107,0.8107
seqneut25to26_sera_1048_d28,A/Zacapa/FLU-261/2025_H1N1,plate11-A/Zacapa/FLU-261/2025_H1N1,1119,1.127,1
seqneut25to26_sera_1048_d28,A/Zacapa/FLU-261/2025_H1N1,plate11-A/Zacapa/FLU-261/2025_H1N1,2575,1.097,1
seqneut25to26_sera_1048_d28,A/Zacapa/FLU-261/2025_H1N1,plate11-A/Zacapa/FLU-261/2025_H1N1,5921,1.068,1
seqneut25to26_sera_1048_d28,A/Zacapa/FLU-261/2025_H1N1,plate11-A/Zacapa/FLU-261/2025_H1N1,1.362e+04,1.148,1
