group,serum,virus,replicate,ic50,ic50_bound,midpoint,midpoint_bound,midpoint_bound_type,slope,top,bottom,r2,rmsd
human,seqneut25to26_sera_4018,A/France/ARA-HCL025155099501/2025_H1N1,plate25-ATTAACCAATTGAGCA,0.007725,interpolated,0.007725,0.007725,interpolated,1.429,1,0,0.9876,0.03384
human,seqneut25to26_sera_4018,A/Minnesota/96/2025_H3N2,plate25-AACTCCCATGGGGCAG,0.003301,interpolated,0.004373,0.004373,interpolated,1.678,0.812,0,0.9537,0.06573
human,seqneut25to26_sera_4018,A/Minnesota/96/2025_H3N2,plate25-ATCCGTTGGGCGACAA,0.002369,interpolated,0.002369,0.002369,interpolated,2.187,1,0,0.9838,0.05396
human,seqneut25to26_sera_4018,A/SouthAustralia/2527902708/2025_H3N2,plate25-TGGTAGTCCTTAACCG,0.004359,interpolated,0.005055,0.005055,interpolated,1.855,0.8799,0,0.8513,0.1248
human,seqneut25to26_sera_4018,A/SouthAustralia/2527902708/2025_H3N2,plate25-GTGCAATTCCGCGTCC,0.01125,interpolated,0.01281,0.01281,interpolated,4.873,0.7651,0,0.7866,0.1282
human,seqneut25to26_sera_4018,A/SouthAustralia/2527612456/2025_H1N1,plate25-GAAAGACCGATGCCAG,0.007465,interpolated,0.007596,0.007596,interpolated,1.188,0.9898,0,0.7872,0.1533
human,seqneut25to26_sera_4018,A/SouthAustralia/2527612456/2025_H1N1,plate25-GAAGGACTTGGGGCTC,0.008425,interpolated,0.008834,0.008834,interpolated,2.369,0.9469,0,0.9697,0.05573
human,seqneut25to26_sera_4018,A/Wisconsin/67/2022_H1N1,plate25-CTGAACTTGTCGATAT,0.006202,interpolated,0.006691,0.006691,interpolated,1.639,0.9416,0,0.9098,0.09072
human,seqneut25to26_sera_4018,A/Wisconsin/67/2022_H1N1,plate25-AGGAAAGAAACTGGAG,0.01439,interpolated,0.01529,0.01529,interpolated,5.777,0.8517,0,0.8775,0.09871
human,seqneut25to26_sera_4018,A/Wisconsin/67/2022_H1N1,plate25-AAAGCTCTTTTCGTTC,0.01019,interpolated,0.01057,0.01057,interpolated,10,0.8454,0,0.6737,0.1922
human,seqneut25to26_sera_4018,A/Vermont/73/2025_H3N2,plate25-GATGACGCGACCTCCT,0.005845,interpolated,0.007231,0.007231,interpolated,1.295,0.8795,0,0.9379,0.06995
human,seqneut25to26_sera_4018,A/Vermont/73/2025_H3N2,plate25-GAGTGCCCAGGTGTTG,0.01122,interpolated,0.01188,0.01188,interpolated,5.766,0.86,0,0.6763,0.1931
human,seqneut25to26_sera_4018,A/Hawaii/44/2025_H1N1,plate25-TGATATCTGGAATCTG,0.0049,interpolated,0.005014,0.005014,interpolated,1.651,0.9814,0,0.9766,0.05296
human,seqneut25to26_sera_4018,A/Hawaii/44/2025_H1N1,plate25-TAGATTTGTCCGTACA,0.008867,interpolated,0.009248,0.009248,interpolated,1.834,0.9628,0,0.9371,0.07852
human,seqneut25to26_sera_4018,A/Bangkok/P2572/2025_H3N2,plate25-CGTACTAATCACTCCG,0.003991,interpolated,0.004584,0.004584,interpolated,1.299,0.9176,0,0.8679,0.1212
human,seqneut25to26_sera_4018,A/Bangkok/P2572/2025_H3N2,plate25-TAGATAACTCGCTAGG,0.006019,interpolated,0.006019,0.006019,interpolated,3.153,1,0,0.9981,0.01685
human,seqneut25to26_sera_4018,A/Aragon/2046/2025_H1N1,plate25-TCGATTTCTAAATTCC,0.007856,interpolated,0.007856,0.007856,interpolated,0.8888,1,0,0.916,0.07824
human,seqneut25to26_sera_4018,A/Aragon/2046/2025_H1N1,plate25-GTACACTCTTTCAATT,0.005592,interpolated,0.006522,0.006522,interpolated,2.248,0.8539,0,0.8892,0.1083
human,seqneut25to26_sera_4018,A/Malaysia/IMR/SARI/2406/2025_H3N2,plate25-CCTACGCTCGTATCCC,0.00422,interpolated,0.004827,0.004827,interpolated,0.8742,0.9446,0,0.8202,0.1251
human,seqneut25to26_sera_4018,A/Malaysia/IMR/SARI/2406/2025_H3N2,plate25-AATCATACATGCTTCT,0.003319,interpolated,0.003319,0.003319,interpolated,1.393,1,0,0.9485,0.08428
human,seqneut25to26_sera_4018,A/Guangxi-Qingxiu/SWL11742/2025_H1N1,plate25-GTCTTGTCGATTGGTA,0.004056,interpolated,0.004126,0.004126,interpolated,10,0.9212,0,0.9244,0.1008
human,seqneut25to26_sera_4018,A/Guangxi-Qingxiu/SWL11742/2025_H1N1,plate25-TGTCGGTGCGCCGCTT,0.004131,interpolated,0.004176,0.004176,interpolated,4.314,0.9769,0,0.9612,0.07681
human,seqneut25to26_sera_4018,A/Bangkok/P2323/2025_H3N2,plate25-AAGCGCTTCCCAGCCA,0.00472,interpolated,0.00472,0.00472,interpolated,1.02,1,0,0.9187,0.09369
human,seqneut25to26_sera_4018,A/Bangkok/P2323/2025_H3N2,plate25-AGGCGGACTAACTGCA,0.005268,interpolated,0.005465,0.005465,interpolated,1.248,0.9776,0,0.9484,0.07535
human,seqneut25to26_sera_4018,A/Tasmania/2521815682/2025_H3N2,plate25-ATAAATTCTTTATGGA,0.0027,interpolated,0.0027,0.0027,interpolated,1.489,1,0,0.9473,0.0855
human,seqneut25to26_sera_4018,A/Tasmania/2521815682/2025_H3N2,plate25-GCATACTGGTTACATT,0.007117,interpolated,0.007229,0.007229,interpolated,1.382,0.9893,0,0.8904,0.1123
human,seqneut25to26_sera_4018,A/SouthAustralia/2524408801/2025_H3N2,plate25-TCGGTCGGGCGAAGGC,0.00511,interpolated,0.005304,0.005304,interpolated,1.717,0.969,0,0.939,0.08852
human,seqneut25to26_sera_4018,A/SouthAustralia/2524408801/2025_H3N2,plate25-AGCTCCACATTTGGCC,0.005907,interpolated,0.006275,0.006275,interpolated,1.699,0.9513,0,0.9289,0.09042
human,seqneut25to26_sera_4018,A/DistritoFederal/250106000728/2025_H3N2,plate25-GATCGGAATAACCGTA,0.004318,interpolated,0.004318,0.004318,interpolated,1.462,1,0,0.984,0.04557
human,seqneut25to26_sera_4018,A/DistritoFederal/250106000728/2025_H3N2,plate25-ATCGCAAGTACCAGTT,0.002796,interpolated,0.002796,0.002796,interpolated,1.241,1,0,0.9772,0.05583
human,seqneut25to26_sera_4018,A/SouthAustralia/2523012764/2025_H1N1,plate25-TTCGACAAGTATACGT,0.001883,interpolated,0.001883,0.001883,interpolated,0.9356,1,0,0.8987,0.1057
human,seqneut25to26_sera_4018,A/SouthAustralia/2523012764/2025_H1N1,plate25-ATGCCGGGCCGTTACT,0.00348,interpolated,0.003945,0.003945,interpolated,1.206,0.9299,0,0.9282,0.08901
human,seqneut25to26_sera_4018,A/CoteDIvoire/2007/2025_H1N1,plate25-AAGACCTAGTTTGAAC,0.002809,interpolated,0.002809,0.002809,interpolated,1.073,1,0,0.9781,0.04971
human,seqneut25to26_sera_4018,A/CoteDIvoire/2007/2025_H1N1,plate25-GCTCAGTCGCCACGTT,0.003978,interpolated,0.004783,0.004783,interpolated,1.429,0.8843,0,0.7647,0.1527
human,seqneut25to26_sera_4018,A/Norway/9107/2025_H1N1,plate25-TCTGTAGCTCCCTCAC,0.004626,interpolated,0.004765,0.004765,interpolated,1.229,0.9821,0,0.9731,0.0527
human,seqneut25to26_sera_4018,A/Norway/9107/2025_H1N1,plate25-ACTTTCCTCCCATGCG,0.004794,interpolated,0.004794,0.004794,interpolated,1.351,1,0,0.9781,0.05087
human,seqneut25to26_sera_4018,A/Andalucia/PMC-00977/2025_H1N1,plate25-AGAAAAGATAGGAAAG,0.006157,interpolated,0.006419,0.006419,interpolated,1.468,0.9703,0,0.9581,0.0673
human,seqneut25to26_sera_4018,A/Andalucia/PMC-00977/2025_H1N1,plate25-CCTCTGTGTACTAATT,0.006114,interpolated,0.00616,0.00616,interpolated,1.635,0.994,0,0.9859,0.04063
human,seqneut25to26_sera_4018,A/BritishColumbia/PHL-2473/2025_H1N1,plate25-CCTAGCCGGAAACATG,0.004996,interpolated,0.004996,0.004996,interpolated,0.9484,1,0,0.9064,0.09491
human,seqneut25to26_sera_4018,A/BritishColumbia/PHL-2473/2025_H1N1,plate25-TCGCGGATTAAACCAT,0.006308,interpolated,0.006679,0.006679,interpolated,3.433,0.911,0,0.9547,0.07679
human,seqneut25to26_sera_4018,A/Zacapa/FLU-261/2025_H1N1,plate25-CTCGCGGGTATATAGA,0.004987,interpolated,0.005372,0.005372,interpolated,1.677,0.9414,0,0.9654,0.06258
human,seqneut25to26_sera_4018,A/Zacapa/FLU-261/2025_H1N1,plate25-CTTGAACCAGCAGTGT,0.004423,interpolated,0.004844,0.004844,interpolated,1.672,0.9294,0,0.9164,0.1007
human,seqneut25to26_sera_4018,A/DistrictOfColumbia/57/2025_H3N2,plate25-ACATTTAGCGGACCGT,0.004643,interpolated,0.005228,0.005228,interpolated,1.508,0.918,0,0.925,0.09008
human,seqneut25to26_sera_4018,A/DistrictOfColumbia/57/2025_H3N2,plate25-AGGAACATGTCCATAC,0.005449,interpolated,0.005764,0.005764,interpolated,1.316,0.9644,0,0.6905,0.2045
human,seqneut25to26_sera_4018,A/Norway/9556/2025_H1N1,plate25-TAACCGGTCAGATGTT,0.007936,interpolated,0.008042,0.008042,interpolated,1.729,0.9887,0,0.9838,0.04085
human,seqneut25to26_sera_4018,A/Norway/9556/2025_H1N1,plate25-TATCCGGGTCTGATGC,0.004818,interpolated,0.004818,0.004818,interpolated,1.239,1,0,0.95,0.07697
human,seqneut25to26_sera_4018,A/SouthAustralia/2524712956/2025_H1N1,plate25-GCCCACGTTTAACTTT,0.005652,interpolated,0.005652,0.005652,interpolated,1.04,1,0,0.9454,0.07196
human,seqneut25to26_sera_4018,A/SouthAustralia/2524712956/2025_H1N1,plate25-TTTTCGATAATAATCT,0.003823,interpolated,0.003823,0.003823,interpolated,1.28,1,0,0.9393,0.09018
human,seqneut25to26_sera_4018,A/Ghana/ARI-25-1125/2025_H1N1,plate25-GACGGACTATCAACGA,0.001712,interpolated,0.001712,0.001712,interpolated,1.17,1,0,0.9924,0.03182
human,seqneut25to26_sera_4018,A/Ghana/ARI-25-1125/2025_H1N1,plate25-CCGTTAGGGATTCCTC,0.008455,interpolated,0.008485,0.008485,interpolated,10,0.9822,0,0.9925,0.03546
human,seqneut25to26_sera_4018,A/SouthAustralia/2527003588/2025_H3N2,plate25-ACGAGAAGCAGGGGGC,0.004114,interpolated,0.004114,0.004114,interpolated,0.8,1,0,0.7887,0.1408
human,seqneut25to26_sera_4018,A/SouthAustralia/2527003588/2025_H3N2,plate25-GTATCACGTCGTTTAC,0.001047,interpolated,0.005354,0.005354,interpolated,0.9862,0.6,0,0.8344,0.08042
human,seqneut25to26_sera_4018,A/Canberra/465/2025_H1N1,plate25-GAATCTCCCGCGTATA,0.003038,interpolated,0.003647,0.003647,interpolated,1.604,0.8731,0,0.8691,0.1193
human,seqneut25to26_sera_4018,A/Canberra/465/2025_H1N1,plate25-TGTGCGAAGTTGATGT,0.006174,interpolated,0.006311,0.006311,interpolated,2.31,0.9753,0,0.9701,0.06187
human,seqneut25to26_sera_4018,A/California/61/2025_H3N2,plate25-AGAGGCCGGACGTAAA,0.0009341,interpolated,0.0009341,0.0009341,interpolated,0.8345,1,0,0.9599,0.06259
human,seqneut25to26_sera_4018,A/California/61/2025_H3N2,plate25-CCAGGATCTATCCTTC,0.002241,interpolated,0.002818,0.002818,interpolated,3.158,0.7425,0,0.8441,0.1336
human,seqneut25to26_sera_4018,A/Catalonia/NSVH102689455/2025_H1N1,plate25-TGTCTGCGCTTAAGTT,0.001944,interpolated,0.002183,0.002183,interpolated,0.8,0.9556,0,0.7174,0.1708
human,seqneut25to26_sera_4018,A/Catalonia/NSVH102689455/2025_H1N1,plate25-GCAGAAAGAGGTAATA,0.00434,interpolated,0.006789,0.006789,interpolated,0.8,0.8495,0,0.8432,0.09404
human,seqneut25to26_sera_4018,A/Philippines/SARI25-1425/2025_H1N1,plate25-TGATGCCGTCAGCCTT,0.007508,interpolated,0.008253,0.008253,interpolated,1.826,0.9207,0,0.9247,0.0845
human,seqneut25to26_sera_4018,A/Philippines/SARI25-1425/2025_H1N1,plate25-CCGTGTGTTGTGCGCA,0.00403,interpolated,0.004346,0.004346,interpolated,1.134,0.9589,0,0.8067,0.1491
human,seqneut25to26_sera_4018,A/NewSouthWales/2526015582/2025_H3N2,plate25-TTTGCTACAAGTGAGC,0.002638,interpolated,0.002638,0.002638,interpolated,1.226,1,0,0.9783,0.05415
human,seqneut25to26_sera_4018,A/NewSouthWales/2526015582/2025_H3N2,plate25-CGAAGATGAGCCCTCG,0.00272,interpolated,0.00272,0.00272,interpolated,1.075,1,0,0.9842,0.0436
human,seqneut25to26_sera_4018,A/Bangkok/P3067/2025_H1N1,plate25-GTTGACTGCCTTTCTT,0.004453,interpolated,0.005287,0.005287,interpolated,2.302,0.8368,0,0.7649,0.1665
human,seqneut25to26_sera_4018,A/Bangkok/P3067/2025_H1N1,plate25-CGAACATGGGAACTAA,0.005174,interpolated,0.005174,0.005174,interpolated,1.398,1,0,0.9185,0.09986
human,seqneut25to26_sera_4018,A/Bangkok/P2229/2025_H1N1,plate25-AAGCGACGCGCGACGG,0.006303,interpolated,0.009314,0.009314,interpolated,1.63,0.7646,0,0.919,0.07039
human,seqneut25to26_sera_4018,A/Bangkok/P2229/2025_H1N1,plate25-GCTTGTTAGCCTGAAG,0.002562,interpolated,0.008361,0.008361,interpolated,0.9174,0.6689,0,0.6025,0.1431
human,seqneut25to26_sera_4018,A/SouthAustralia/2527213276/2025_H3N2,plate25-GCTGATAAACAATCTA,0.001319,interpolated,0.001896,0.001896,interpolated,0.8474,0.8676,0,0.8676,0.1049
human,seqneut25to26_sera_4018,A/SouthAustralia/2527213276/2025_H3N2,plate25-TTTTCTGACGATGCAG,0.001997,interpolated,0.002279,0.002279,interpolated,1.348,0.9185,0,0.9462,0.08184
human,seqneut25to26_sera_4018,A/Bangkok/P2391/2025_H3N2,plate25-CGGGTCCTAGGCGAGG,0.002938,interpolated,0.002946,0.002946,interpolated,1.316,0.9982,0,0.9404,0.09252
human,seqneut25to26_sera_4018,A/Bangkok/P2391/2025_H3N2,plate25-TCGGAGAGCGATCCGC,0.003448,interpolated,0.003601,0.003601,interpolated,5.159,0.8995,0,0.873,0.1412
human,seqneut25to26_sera_4018,A/Malaysia/IMR/SARI/2517/2025_H3N2,plate25-GTCCATAGTTTCGTGA,0.004578,interpolated,0.004732,0.004732,interpolated,1.061,0.9827,0,0.868,0.1198
human,seqneut25to26_sera_4018,A/Malaysia/IMR/SARI/2517/2025_H3N2,plate25-GATGCCCCTTGGCTCT,0.006157,interpolated,0.006157,0.006157,interpolated,1.624,1,0,0.9793,0.05046
human,seqneut25to26_sera_4018,A/Norway/8976/2025_H3N2,plate25-AAACTCTAACTGAGTT,0.00313,interpolated,0.003282,0.003282,interpolated,1.465,0.9663,0,0.9851,0.04451
human,seqneut25to26_sera_4018,A/Norway/8976/2025_H3N2,plate25-TTTGGCGAGCAGCCCG,0.002736,interpolated,0.002736,0.002736,interpolated,1.704,1,0,0.9693,0.06973
human,seqneut25to26_sera_4018,A/NewSouthWales/2526015584/2025_H3N2,plate25-TTACCTTAAATCAAAG,0.002505,interpolated,0.002505,0.002505,interpolated,1.783,1,0,0.9717,0.06723
human,seqneut25to26_sera_4018,A/NewSouthWales/2526015584/2025_H3N2,plate25-TGTCGGGGTACGGGAC,0.002836,interpolated,0.003988,0.003988,interpolated,1.456,0.8045,0,0.8364,0.1334
human,seqneut25to26_sera_4018,A/Missouri/11/2025_H1N1,plate25-GTCACAGTCATCGTGT,0.00392,interpolated,0.00392,0.00392,interpolated,1.45,1,0,0.9609,0.07367
human,seqneut25to26_sera_4018,A/Missouri/11/2025_H1N1,plate25-ACGGCATCCCAATTGA,0.003068,interpolated,0.003364,0.003364,interpolated,2.095,0.9123,0,0.9466,0.08629
human,seqneut25to26_sera_4018,A/Queensland/2526516675/2025_H3N2,plate25-ATCATAGCACTAAAAT,0.003087,interpolated,0.003281,0.003281,interpolated,1.561,0.9545,0,0.9883,0.03947
human,seqneut25to26_sera_4018,A/Queensland/2526516675/2025_H3N2,plate25-ACATCCGCCCTTCGGT,0.003729,interpolated,0.003729,0.003729,interpolated,2.887,1,0,0.9948,0.0295
human,seqneut25to26_sera_4018,A/DistrictOfColumbia/27/2023_H3N2,plate25-GAATAATAGAACAGAG,0.003112,interpolated,0.003144,0.003144,interpolated,1.911,0.9903,0,0.9918,0.03603
human,seqneut25to26_sera_4018,A/DistrictOfColumbia/27/2023_H3N2,plate25-AAGAAGCTATAGAAGT,0.003351,interpolated,0.003488,0.003488,interpolated,2.42,0.9538,0,0.9864,0.04575
human,seqneut25to26_sera_4018,A/Colorado/105/2025_H1N1,plate25-CAAATGGGCTGCAGGG,0.005143,interpolated,0.005143,0.005143,interpolated,2.317,1,0,0.999,0.01217
human,seqneut25to26_sera_4018,A/SouthAustralia/2523812314/2025_H3N2,plate25-GCGGACAGCGGTTATC,0.003002,interpolated,0.003002,0.003002,interpolated,1.473,1,0,0.9517,0.08204
human,seqneut25to26_sera_4018,A/SouthAustralia/2523812314/2025_H3N2,plate25-TTTACTCGATCCTCGC,0.004943,interpolated,0.005116,0.005116,interpolated,1.063,0.9821,0,0.9378,0.0788
human,seqneut25to26_sera_4018,A/Bangkok/P2390/2025_H3N2,plate25-AAAGGAAGCCCCTCAC,0.006601,interpolated,0.006946,0.006946,interpolated,2.471,0.9409,0,0.9567,0.07341
human,seqneut25to26_sera_4018,A/Bangkok/P2390/2025_H3N2,plate25-TCCCAAGACAAGCGAC,0.003565,interpolated,0.003565,0.003565,interpolated,1.687,1,0,0.9811,0.05284
human,seqneut25to26_sera_4018,A/Canberra/530/2025_H1N1,plate25-ATCTCGGCCGGCCAAT,0.003086,interpolated,0.003086,0.003086,interpolated,1.101,1,0,0.9752,0.05291
human,seqneut25to26_sera_4018,A/Canberra/530/2025_H1N1,plate25-ATCTTGTATGATATGT,0.005317,interpolated,0.006013,0.006013,interpolated,3.205,0.8371,0,0.8984,0.11
human,seqneut25to26_sera_4018,A/SouthAustralia/2520702747/2025_H1N1,plate25-GCGTAGTTTGATTCAT,0.002644,interpolated,0.002644,0.002644,interpolated,0.9727,1,0,0.9693,0.05874
human,seqneut25to26_sera_4018,A/SouthAustralia/2520702747/2025_H1N1,plate25-TCGTGCTGTCATGCAG,0.00633,interpolated,0.007415,0.007415,interpolated,1.123,0.9186,0,0.7737,0.1462
human,seqneut25to26_sera_4018,A/Norway/8765/2025_H3N2,plate25-ACCAGGTGGCAGTACA,0.004198,interpolated,0.004198,0.004198,interpolated,1.517,1,0,0.9749,0.05744
human,seqneut25to26_sera_4018,A/Norway/8765/2025_H3N2,plate25-ATTGCAACGCCGGTGT,0.003362,interpolated,0.00349,0.00349,interpolated,4.091,0.929,0,0.971,0.06866
human,seqneut25to26_sera_4018,A/HongKong/1257/2025_H3N2,plate25-GTATAGAAATGGGTCA,0.001643,interpolated,0.002126,0.002126,interpolated,0.9971,0.8866,0,0.9517,0.06695
human,seqneut25to26_sera_4018,A/HongKong/1257/2025_H3N2,plate25-CACACCTCTCTCGCCG,0.001705,interpolated,0.00177,0.00177,interpolated,2.157,0.9609,0,0.9824,0.05335
human,seqneut25to26_sera_4018,A/Denmark/3070/2025_H1N1,plate25-ATGAGCTAAACATGAT,0.0121,interpolated,0.01283,0.01283,interpolated,3.105,0.9165,0,0.8638,0.1121
human,seqneut25to26_sera_4018,A/Denmark/3070/2025_H1N1,plate25-TCTGTGCGAGCATCGG,0.004724,interpolated,0.004792,0.004792,interpolated,1.588,0.9888,0,0.9664,0.06698
human,seqneut25to26_sera_4018,A/Ghana/FS-25-7077/2025_H3N2,plate25-CACATACAACACGACC,0.007153,interpolated,0.007153,0.007153,interpolated,1.072,1,0,0.8231,0.1381
human,seqneut25to26_sera_4018,A/Ghana/FS-25-7077/2025_H3N2,plate25-TTTCGGGGCCCCAATG,0.005877,interpolated,0.006175,0.006175,interpolated,2.409,0.9438,0,0.9119,0.1093
human,seqneut25to26_sera_4018,A/Darwin/1405/2025_H1N1,plate25-CGTCAATGGGTCATCG,0.008371,interpolated,0.01056,0.01056,interpolated,2.366,0.7886,0,0.7506,0.1482
human,seqneut25to26_sera_4018,A/Darwin/1405/2025_H1N1,plate25-TCGCTTTAGCCGGACC,0.004744,interpolated,0.005144,0.005144,interpolated,1.516,0.9422,0,0.9207,0.09502
human,seqneut25to26_sera_4018,A/Bhutan/1267/2025_H3N2,plate25-TAAAAGCTCCCATTAC,0.002423,interpolated,0.002505,0.002505,interpolated,1.469,0.976,0,0.9833,0.04857
human,seqneut25to26_sera_4018,A/Bhutan/1267/2025_H3N2,plate25-CTGAGTATGGGGCTCA,0.003635,interpolated,0.003965,0.003965,interpolated,1.667,0.9325,0,0.963,0.06996
human,seqneut25to26_sera_4018,A/California/63/2025_H1N1,plate25-CACAGCGCTGGCCTTG,0.0121,interpolated,0.01216,0.01216,interpolated,4.133,0.99,0,0.9949,0.02313
human,seqneut25to26_sera_4018,A/California/63/2025_H1N1,plate25-CGACTCTGTCGGGTAA,0.004031,interpolated,0.00436,0.00436,interpolated,1.584,0.9414,0,0.9624,0.06623
human,seqneut25to26_sera_4018,A/England/1837737/2025_H3N2,plate25-TACACTCAAACGATGC,0.004063,interpolated,0.004267,0.004267,interpolated,1.307,0.9689,0,0.8312,0.1445
human,seqneut25to26_sera_4018,A/England/1837737/2025_H3N2,plate25-ATTGGCTGTCGTGGCC,0.002467,interpolated,0.002468,0.002468,interpolated,1.03,0.9999,0,0.9371,0.08738
human,seqneut25to26_sera_4018,A/Alagoas/4130/2025_H3N2,plate25-TAGTACTAACACCAGA,0.003656,interpolated,0.003702,0.003702,interpolated,7.445,0.9553,0,0.9816,0.05889
human,seqneut25to26_sera_4018,A/Alagoas/4130/2025_H3N2,plate25-GAGGACAGCGGTCGTC,0.001974,interpolated,0.001994,0.001994,interpolated,1.13,0.9944,0,0.9635,0.06946
human,seqneut25to26_sera_4018,A/Bangkok/1803/2025_H1N1,plate25-GTCGTCCGTAAGTTCA,0.004661,interpolated,0.006037,0.006037,interpolated,1.534,0.8362,0,0.8856,0.1
human,seqneut25to26_sera_4018,A/Bangkok/1803/2025_H1N1,plate25-TTTCCAGGGCTTCCCG,0.004959,interpolated,0.006454,0.006454,interpolated,2.697,0.7458,0,0.8462,0.1179
human,seqneut25to26_sera_4018,A/HongKong/1382/2025_H3N2,plate25-AGGACCTAAATGAAGT,0.003859,interpolated,0.004022,0.004022,interpolated,10,0.831,0,0.8172,0.1582
human,seqneut25to26_sera_4018,A/HongKong/1382/2025_H3N2,plate25-GCAGCTTGAATGATGT,0.001235,interpolated,0.001235,0.001235,interpolated,1.277,1,0,0.9581,0.08036
human,seqneut25to26_sera_4018,A/England/1837734/2025_H3N2,plate25-ATAGCCCTAACGAAAG,0.003081,interpolated,0.003081,0.003081,interpolated,1.209,1,0,0.9837,0.04562
human,seqneut25to26_sera_4018,A/England/1837734/2025_H3N2,plate25-TCACACCGCTCAGCCT,0.002956,interpolated,0.00419,0.00419,interpolated,1.764,0.7702,0,0.7823,0.1516
human,seqneut25to26_sera_4018,A/Darwin/1461/2025_H3N2,plate25-CAGGTACGCGTTTCTG,0.002903,interpolated,0.00301,0.00301,interpolated,1.914,0.9666,0,0.9139,0.1175
human,seqneut25to26_sera_4018,A/Darwin/1461/2025_H3N2,plate25-ATACATCCGACGCTTT,0.002061,interpolated,0.002061,0.002061,interpolated,1.721,1,0,0.9798,0.05743
human,seqneut25to26_sera_4018,A/Bangkok/P2921/2025_H3N2,plate25-ATTTCATGAGATAGGG,0.002858,interpolated,0.002912,0.002912,interpolated,2.149,0.98,0,0.9824,0.05376
human,seqneut25to26_sera_4018,A/Bangkok/P2921/2025_H3N2,plate25-GAGATAAAAGAGCTCT,0.00281,interpolated,0.00281,0.00281,interpolated,1.98,1,0,0.9875,0.04612
human,seqneut25to26_sera_4018,A/Bangkok/P3263/2025_H3N2,plate25-TATGCTAAGACTTTTT,0.002111,interpolated,0.002111,0.002111,interpolated,1.238,1,0,0.9916,0.0336
human,seqneut25to26_sera_4018,A/Lao/820-2750/2025_H3N2,plate25-AGGAAGATCAAAAGCG,0.002522,interpolated,0.002558,0.002558,interpolated,1.447,0.9898,0,0.9881,0.04196
human,seqneut25to26_sera_4018,A/Lao/820-2750/2025_H3N2,plate25-TTGAAACTCTTGTCCT,0.002059,interpolated,0.002407,0.002407,interpolated,1.317,0.9072,0,0.899,0.1152
human,seqneut25to26_sera_4018,A/SouthAustralia/2519001037/2025_H1N1,plate25-TATGTCCGCACCGCCG,0.002298,interpolated,0.002298,0.002298,interpolated,1.068,1,0,0.9686,0.06165
human,seqneut25to26_sera_4018,A/SouthAustralia/2519001037/2025_H1N1,plate25-ACGATCGTCGGAGGTC,0.004803,interpolated,0.004803,0.004803,interpolated,1.885,1,0,0.9565,0.07777
human,seqneut25to26_sera_4018,A/Galicia/GA-CHUAC-451/2025_H3N2,plate25-TAGCCTATAATCAAGT,0.002426,interpolated,0.002426,0.002426,interpolated,2.023,1,0,0.9809,0.05696
human,seqneut25to26_sera_4018,A/Galicia/GA-CHUAC-451/2025_H3N2,plate25-CATGTGGAGGGTCGAG,0.002993,interpolated,0.003227,0.003227,interpolated,2.603,0.9111,0,0.9634,0.07433
human,seqneut25to26_sera_4018,A/Arica/59150/2025_H3N2,plate25-AGAACGGCTTGACACT,0.001171,interpolated,0.001171,0.001171,interpolated,1.295,1,0,0.9835,0.04908
human,seqneut25to26_sera_4018,A/Arica/59150/2025_H3N2,plate25-TGCGATGCATAGTTCG,0.002058,interpolated,0.002064,0.002064,interpolated,1.175,0.9984,0,0.9807,0.05079
human,seqneut25to26_sera_4018,A/Malaysia/IMR/SARI/2028/2025_H3N2,plate25-GCGGCGCCCGGTTGAT,0.001802,interpolated,0.001854,0.001854,interpolated,10,0.8768,0,0.902,0.1309
human,seqneut25to26_sera_4018,A/Malaysia/IMR/SARI/2028/2025_H3N2,plate25-GCCAGCCGAAAGCCGT,0.001552,interpolated,0.001552,0.001552,interpolated,1.695,1,0,0.9978,0.01913
human,seqneut25to26_sera_4018,A/Hawaii/70/2019_H1N1,plate25-AGTAAACATGCATTGG,0.0009244,interpolated,0.0009244,0.0009244,interpolated,1.596,1,0,0.9807,0.05533
human,seqneut25to26_sera_4018,A/Hawaii/70/2019_H1N1,plate25-TGGAATCGTCACCGAT,0.000985,interpolated,0.0009979,0.0009979,interpolated,3.826,0.9757,0,0.9943,0.03316
human,seqneut25to26_sera_4018,A/Hawaii/70/2019_H1N1,plate25-ATAGAATCGCAAATTA,0.0009998,interpolated,0.001067,0.001067,interpolated,3.233,0.9058,0,0.9868,0.0473
human,seqneut25to26_sera_4018,A/Michigan/110/2025_H3N2,plate25-GCTCCTGGTCATATAT,0.003025,interpolated,0.003096,0.003096,interpolated,1.827,0.9791,0,0.996,0.02451
human,seqneut25to26_sera_4018,A/Michigan/110/2025_H3N2,plate25-GACTTCTTCCGCTCTT,0.003413,interpolated,0.003413,0.003413,interpolated,2.274,1,0,0.997,0.02228
human,seqneut25to26_sera_4018,A/Bhutan/7/2025_H3N2,plate25-ATGCGTTTATCGATTT,0.002821,interpolated,0.003571,0.003571,interpolated,2.555,0.7736,0,0.8915,0.1076
human,seqneut25to26_sera_4018,A/Bhutan/7/2025_H3N2,plate25-AGCAGTCCCGCTAGTC,0.006116,interpolated,0.006334,0.006334,interpolated,3.964,0.9352,0,0.9268,0.1047
human,seqneut25to26_sera_4018,A/Guangxi-Daxin/1643/2025_H3N2,plate25-CCATACCACGCCCTGT,0.002011,interpolated,0.002644,0.002644,interpolated,1.489,0.8327,0,0.8155,0.1482
human,seqneut25to26_sera_4018,A/Guangxi-Daxin/1643/2025_H3N2,plate25-GAACACAATTACTTAG,0.002673,interpolated,0.003017,0.003017,interpolated,1.952,0.8947,0,0.9612,0.07154
human,seqneut25to26_sera_4018,A/Wisconsin/588/2019_H1N1,plate25-GAAGAAACTATAACCA,0.002811,interpolated,0.002811,0.002811,interpolated,2.243,1,0,0.9938,0.03311
human,seqneut25to26_sera_4018,A/Wisconsin/588/2019_H1N1,plate25-TATATTAGTAACATAA,0.002154,interpolated,0.002229,0.002229,interpolated,1.899,0.9687,0,0.9711,0.06649
human,seqneut25to26_sera_4018,A/Wisconsin/588/2019_H1N1,plate25-AGTCCTATCCTCAAAT,0.001901,interpolated,0.001925,0.001925,interpolated,10,0.9405,0,0.9687,0.07406
human,seqneut25to26_sera_4018,A/Anapolis/LEIAL6543/2025_H3N2,plate25-AACACTCAATACCGGT,0.001956,interpolated,0.002005,0.002005,interpolated,10,0.891,0,0.886,0.1388
human,seqneut25to26_sera_4018,A/Anapolis/LEIAL6543/2025_H3N2,plate25-AAATATTGAGACTAAT,0.001711,interpolated,0.001711,0.001711,interpolated,2.124,1,0,0.9983,0.01732
human,seqneut25to26_sera_4018,A/Thailand/8/2022_H3N2,plate25-CATAAAAGACTGTATA,0.0004842,interpolated,0.0004842,0.0004842,interpolated,1.666,1,0,0.9328,0.1006
human,seqneut25to26_sera_4018,A/Thailand/8/2022_H3N2,plate25-CGTACGTATGTCCCAG,0.000793,interpolated,0.000793,0.000793,interpolated,7.863,1,0,0.9985,0.01745
human,seqneut25to26_sera_4018,A/Thailand/8/2022_H3N2,plate25-AGACCATCGCACCCAA,0.0004933,interpolated,0.0005251,0.0005251,interpolated,1.379,0.9588,0,0.9991,0.01023
human,seqneut25to26_sera_4018,A/SouthAustralia/2525607496/2025_H3N2,plate25-CAAATATAATGTCCTG,0.002184,interpolated,0.002184,0.002184,interpolated,2.02,1,0,0.9961,0.02618
human,seqneut25to26_sera_4018,A/SouthAustralia/2525607496/2025_H3N2,plate25-GTTGATTCGATCATAT,0.001763,interpolated,0.002124,0.002124,interpolated,1.438,0.8825,0,0.9069,0.1095
human,seqneut25to26_sera_4018,A/Belgium/H0097/2025_H3N2,plate25-ATCGATCGAGATAACG,0.002558,interpolated,0.002558,0.002558,interpolated,1.189,1,0,0.9779,0.0533
human,seqneut25to26_sera_4018,A/Belgium/H0097/2025_H3N2,plate25-AAGCAGTTTGCCCCCA,0.00262,interpolated,0.002627,0.002627,interpolated,1.973,0.9973,0,0.9818,0.05482
human,seqneut25to26_sera_4018,A/Croatia/10136RV/2023-egg_H3N2,plate25-GAAGTGCTGCTGAAGT,0.001007,interpolated,0.001007,0.001007,interpolated,1.298,1,0,0.9303,0.104
human,seqneut25to26_sera_4018,A/Croatia/10136RV/2023-egg_H3N2,plate25-GTCGCCGCTAATCCGA,0.0009493,interpolated,0.000966,0.000966,interpolated,1.731,0.9851,0,0.9507,0.09218
human,seqneut25to26_sera_4018,A/DistritoFederal/2578578201/2025_H3N2,plate25-GCCAACTTTCACTTGG,0.002844,interpolated,0.002844,0.002844,interpolated,1.524,1,0,0.9281,0.1084
human,seqneut25to26_sera_4018,A/DistritoFederal/2578578201/2025_H3N2,plate25-GAACGGAGATCTGTTG,0.007978,interpolated,0.008357,0.008357,interpolated,1.433,0.9679,0,0.8904,0.1061
human,seqneut25to26_sera_4018,A/Sydney/400/2025_H1N1,plate25-TTCTAACGATTGTAGG,0.001287,interpolated,0.001699,0.001699,interpolated,1.508,0.8287,0,0.9073,0.1027
human,seqneut25to26_sera_4018,A/Sydney/400/2025_H1N1,plate25-CGATTACGCTTTCCGG,0.002515,interpolated,0.002689,0.002689,interpolated,3.793,0.8879,0,0.9279,0.1092
human,seqneut25to26_sera_4018,A/Sydney/1359/2024_H3N2,plate25-AACTCCAATTTGTTTT,0.002473,interpolated,0.002581,0.002581,interpolated,1.882,0.9613,0,0.9532,0.08349
human,seqneut25to26_sera_4018,A/Sydney/1359/2024_H3N2,plate25-CAGGCTGCTGGGCCGC,0.002004,interpolated,0.00209,0.00209,interpolated,1.796,0.9635,0,0.9438,0.09307
human,seqneut25to26_sera_4018,A/Indonesia/BIOKES-INAD491/2025_H3N2,plate25-ACGATTTTTTCTACAT,0.002882,interpolated,0.002882,0.002882,interpolated,1.277,1,0,0.9289,0.1031
human,seqneut25to26_sera_4018,A/Indonesia/BIOKES-INAD491/2025_H3N2,plate25-CGGTAAGTTTCGAGGA,0.001188,interpolated,0.001303,0.001303,interpolated,1.387,0.9397,0,0.9741,0.05892
human,seqneut25to26_sera_4018,A/England/1822256/2025_H1N1,plate25-TACGATACTCGGAAGG,0.004988,interpolated,0.004988,0.004988,interpolated,1.763,1,0,0.995,0.02621
human,seqneut25to26_sera_4018,A/England/1822256/2025_H1N1,plate25-CTTTTCCGTGTCCTCT,0.00377,interpolated,0.00397,0.00397,interpolated,1.752,0.9567,0,0.9301,0.09578
human,seqneut25to26_sera_4018,A/Guangdong-Meijiang/11256/2025_H3N2,plate25-TCCCTTCTTCGCAACT,0.001106,interpolated,0.001133,0.001133,interpolated,1.135,0.9866,0,0.7792,0.1938
human,seqneut25to26_sera_4018,A/Guangdong-Meijiang/11256/2025_H3N2,plate25-CGTTGCATGTAGCAGG,0.001447,interpolated,0.001488,0.001488,interpolated,1.568,0.9786,0,0.9772,0.0604
human,seqneut25to26_sera_4018,A/SouthAfrica/PET37625/2025_H3N2,plate25-TTTGGTGAGGCCCAAT,0.001749,interpolated,0.001785,0.001785,interpolated,10,0.9067,0,0.9616,0.08476
human,seqneut25to26_sera_4018,A/SouthAfrica/PET37625/2025_H3N2,plate25-GTATTGAATGTCCGGC,0.001191,interpolated,0.001444,0.001444,interpolated,1.766,0.8561,0,0.9438,0.08734
human,seqneut25to26_sera_4018,A/England/174/2025_H3N2,plate25-CCTTATGAATTACGCG,0.004147,interpolated,0.00459,0.00459,interpolated,5.387,0.7892,0,0.9426,0.08296
human,seqneut25to26_sera_4018,A/Bahia/3102/2025_H3N2,plate25-TGAGTGTCCAGGTACT,0.001606,interpolated,0.001748,0.001748,interpolated,1.496,0.9405,0,0.9231,0.1085
human,seqneut25to26_sera_4018,A/Bahia/3102/2025_H3N2,plate25-GAACCTACAAGCAGTC,0.002547,interpolated,0.002899,0.002899,interpolated,3.922,0.801,0,0.9257,0.1012
human,seqneut25to26_sera_4018,A/Massachusetts/18/2022_H3N2,plate25-CATTTCTGATGAATTG,0.002537,interpolated,0.002551,0.002551,interpolated,1.709,0.9954,0,0.977,0.06035
human,seqneut25to26_sera_4018,A/Massachusetts/18/2022_H3N2,plate25-CGATCTTTACGAAAAA,0.004124,interpolated,0.004274,0.004274,interpolated,10,0.8497,0,0.9119,0.1149
human,seqneut25to26_sera_4018,A/Massachusetts/18/2022_H3N2,plate25-TCCACACCCCTAGCTA,0.003282,interpolated,0.003404,0.003404,interpolated,1.356,0.9758,0,0.8786,0.1337
human,seqneut25to26_sera_4018,A/Guangdong-Maonan/11438/2025_H3N2,plate25-AAGACGAAGCGTTTGC,0.001262,interpolated,0.001281,0.001281,interpolated,1.09,0.9921,0,0.9586,0.0734
human,seqneut25to26_sera_4018,A/Guangdong-Maonan/11438/2025_H3N2,plate25-TTTATTACTCTTATGG,0.001934,interpolated,0.001979,0.001979,interpolated,10,0.897,0,0.9121,0.1272
human,seqneut25to26_sera_4018,A/Victoria/4897/2022_IVR-238_H1N1,plate25-AAGTTAAGAGAAAGTT,0.0008218,interpolated,0.0008218,0.0008218,interpolated,2.345,1,0,0.9988,0.01471
human,seqneut25to26_sera_4018,A/Victoria/4897/2022_IVR-238_H1N1,plate25-AATCCGAAATTTATTC,0.0003392,interpolated,0.0003392,0.0003392,interpolated,1.035,1,0,0.9031,0.1022
human,seqneut25to26_sera_4018,A/Victoria/4897/2022_IVR-238_H1N1,plate25-AGAGCTAAAAAGAGGA,0.0009783,interpolated,0.001022,0.001022,interpolated,3.789,0.924,0,0.9984,0.01713
human,seqneut25to26_sera_4018,A/SouthAfrica/PET37604/2025_H3N2,plate25-ATCAAGGACCCTGGGC,0.0009181,interpolated,0.0009462,0.0009462,interpolated,1.771,0.9741,0,0.9957,0.02622
human,seqneut25to26_sera_4018,A/SouthAfrica/PET37604/2025_H3N2,plate25-CGACGCGCCGTCGCTG,0.001651,interpolated,0.001933,0.001933,interpolated,2.746,0.8239,0,0.8636,0.1456
human,seqneut25to26_sera_4018,A/Indonesia/BIOKES-I-BT074/2025_H3N2,plate25-ATTACAACCCAGACAA,0.002151,interpolated,0.002248,0.002248,interpolated,2.713,0.9436,0,0.9691,0.07215
human,seqneut25to26_sera_4018,A/Indonesia/BIOKES-I-BT074/2025_H3N2,plate25-CATCGACAGGTCCCAC,0.002227,interpolated,0.002308,0.002308,interpolated,3.066,0.9483,0,0.9895,0.04313
human,seqneut25to26_sera_4018,A/Peru/GIHSN-04-1089/2025_H3N2,plate25-GATTGAGGGGTCCGGG,0.002545,interpolated,0.002545,0.002545,interpolated,1.696,1,0,0.9479,0.09434
human,seqneut25to26_sera_4018,A/Peru/GIHSN-04-1089/2025_H3N2,plate25-TTTAGCCGGCTGTAAC,0.001469,interpolated,0.001631,0.001631,interpolated,1.423,0.9307,0,0.9741,0.05898
human,seqneut25to26_sera_4019,A/DistritoFederal/2578578201/2025_H3N2,plate25-GAACGGAGATCTGTTG,0.025,lower,0.03562,0.025,lower,0.8146,1,0,0.4814,0.1464
human,seqneut25to26_sera_4019,A/DistritoFederal/2578578201/2025_H3N2,plate25-GCCAACTTTCACTTGG,0.0118,interpolated,0.01419,0.01419,interpolated,0.8,0.9315,0,0.8047,0.09578
human,seqneut25to26_sera_4019,A/England/1837737/2025_H3N2,plate25-TACACTCAAACGATGC,0.006591,interpolated,0.007486,0.007486,interpolated,1.415,0.9176,0,0.7695,0.142
human,seqneut25to26_sera_4019,A/England/1837737/2025_H3N2,plate25-ATTGGCTGTCGTGGCC,0.00218,interpolated,0.004294,0.004294,interpolated,0.8,0.7907,0,0.7181,0.1285
human,seqneut25to26_sera_4019,A/Bahia/3102/2025_H3N2,plate25-TGAGTGTCCAGGTACT,0.01163,interpolated,0.01492,0.01492,interpolated,1.103,0.8798,0,0.6972,0.1286
human,seqneut25to26_sera_4019,A/Bahia/3102/2025_H3N2,plate25-GAACCTACAAGCAGTC,0.004767,interpolated,0.006563,0.006563,interpolated,0.8,0.8872,0,0.7345,0.1401
human,seqneut25to26_sera_4019,A/Anapolis/LEIAL6543/2025_H3N2,plate25-AAATATTGAGACTAAT,0.005156,interpolated,0.005807,0.005807,interpolated,0.8,0.9546,0,0.6469,0.1748
human,seqneut25to26_sera_4019,A/Anapolis/LEIAL6543/2025_H3N2,plate25-AACACTCAATACCGGT,0.002127,interpolated,0.006014,0.006014,interpolated,0.8,0.7177,0,0.854,0.07865
human,seqneut25to26_sera_4019,A/Bangkok/P2323/2025_H3N2,plate25-AGGCGGACTAACTGCA,0.004916,interpolated,0.005223,0.005223,interpolated,1.123,0.967,0,0.8958,0.09975
human,seqneut25to26_sera_4019,A/Bangkok/P2323/2025_H3N2,plate25-AAGCGCTTCCCAGCCA,0.004687,interpolated,0.005416,0.005416,interpolated,2.112,0.8684,0,0.7305,0.1723
human,seqneut25to26_sera_4019,A/Vermont/73/2025_H3N2,plate25-GATGACGCGACCTCCT,0.006734,interpolated,0.007462,0.007462,interpolated,0.9086,0.9555,0,0.7877,0.1299
human,seqneut25to26_sera_4019,A/Vermont/73/2025_H3N2,plate25-GAGTGCCCAGGTGTTG,0.005454,interpolated,0.005853,0.005853,interpolated,2.968,0.9055,0,0.9752,0.05429
human,seqneut25to26_sera_4019,A/Tasmania/2521815682/2025_H3N2,plate25-GCATACTGGTTACATT,0.02039,interpolated,0.0216,0.0216,interpolated,7.458,0.8258,0,0.6114,0.1628
human,seqneut25to26_sera_4019,A/Tasmania/2521815682/2025_H3N2,plate25-ATAAATTCTTTATGGA,0.005713,interpolated,0.008005,0.008005,interpolated,1.414,0.8103,0,0.8184,0.1179
human,seqneut25to26_sera_4019,A/DistrictOfColumbia/57/2025_H3N2,plate25-ACATTTAGCGGACCGT,0.006464,interpolated,0.007919,0.007919,interpolated,1.556,0.8646,0,0.8668,0.1065
human,seqneut25to26_sera_4019,A/DistrictOfColumbia/57/2025_H3N2,plate25-AGGAACATGTCCATAC,0.008333,interpolated,0.009472,0.009472,interpolated,3.908,0.8031,0,0.7712,0.1425
human,seqneut25to26_sera_4019,A/Arica/59150/2025_H3N2,plate25-AGAACGGCTTGACACT,0.01957,interpolated,0.02041,0.02041,interpolated,10,0.8295,0,0.8291,0.1103
human,seqneut25to26_sera_4019,A/Arica/59150/2025_H3N2,plate25-TGCGATGCATAGTTCG,0.003403,interpolated,0.004369,0.004369,interpolated,0.887,0.9007,0,0.9294,0.07309
human,seqneut25to26_sera_4019,A/Bangkok/P2572/2025_H3N2,plate25-CGTACTAATCACTCCG,0.01148,interpolated,0.01263,0.01263,interpolated,2.479,0.8941,0,0.8804,0.09502
human,seqneut25to26_sera_4019,A/Bangkok/P2572/2025_H3N2,plate25-TAGATAACTCGCTAGG,0.009876,interpolated,0.01097,0.01097,interpolated,2.891,0.8687,0,0.8792,0.1016
human,seqneut25to26_sera_4019,A/Malaysia/IMR/SARI/2406/2025_H3N2,plate25-AATCATACATGCTTCT,0.003917,interpolated,0.003917,0.003917,interpolated,0.9377,1,0,0.99,0.03017
human,seqneut25to26_sera_4019,A/Malaysia/IMR/SARI/2406/2025_H3N2,plate25-CCTACGCTCGTATCCC,0.009649,interpolated,0.01,0.01,interpolated,10,0.8499,0,0.7485,0.1779
human,seqneut25to26_sera_4019,A/SouthAustralia/2527003588/2025_H3N2,plate25-GTATCACGTCGTTTAC,0.001958,interpolated,0.001958,0.001958,interpolated,0.8228,1,0,0.8548,0.1217
human,seqneut25to26_sera_4019,A/SouthAustralia/2527003588/2025_H3N2,plate25-ACGAGAAGCAGGGGGC,0.007242,interpolated,0.01037,0.01037,interpolated,0.8,0.8753,0,0.6096,0.1548
human,seqneut25to26_sera_4019,A/Bangkok/P2391/2025_H3N2,plate25-CGGGTCCTAGGCGAGG,0.008401,interpolated,0.009357,0.009357,interpolated,2.97,0.863,0,0.8963,0.09997
human,seqneut25to26_sera_4019,A/Bangkok/P2391/2025_H3N2,plate25-TCGGAGAGCGATCCGC,0.002362,interpolated,0.005402,0.005402,interpolated,0.8,0.7579,0,0.6199,0.1622
human,seqneut25to26_sera_4019,A/SouthAustralia/2524408801/2025_H3N2,plate25-TCGGTCGGGCGAAGGC,0.0058,interpolated,0.008284,0.008284,interpolated,1.469,0.7962,0,0.8483,0.1005
human,seqneut25to26_sera_4019,A/SouthAustralia/2524408801/2025_H3N2,plate25-AGCTCCACATTTGGCC,0.01406,interpolated,0.015,0.015,interpolated,6.256,0.8332,0,0.8422,0.1132
human,seqneut25to26_sera_4019,A/Ghana/FS-25-7077/2025_H3N2,plate25-CACATACAACACGACC,0.01042,interpolated,0.01123,0.01123,interpolated,2.643,0.9096,0,0.9102,0.08725
human,seqneut25to26_sera_4019,A/Ghana/FS-25-7077/2025_H3N2,plate25-TTTCGGGGCCCCAATG,0.01932,interpolated,0.01992,0.01992,interpolated,10,0.8672,0,0.6902,0.1749
human,seqneut25to26_sera_4019,A/Alagoas/4130/2025_H3N2,plate25-TAGTACTAACACCAGA,0.00666,interpolated,0.008157,0.008157,interpolated,1.3,0.8842,0,0.8388,0.114
human,seqneut25to26_sera_4019,A/Alagoas/4130/2025_H3N2,plate25-GAGGACAGCGGTCGTC,0.002738,interpolated,0.003613,0.003613,interpolated,0.9352,0.8857,0,0.9095,0.08796
human,seqneut25to26_sera_4019,A/Bhutan/1267/2025_H3N2,plate25-CTGAGTATGGGGCTCA,0.005258,interpolated,0.00648,0.00648,interpolated,0.9761,0.9077,0,0.7226,0.1625
human,seqneut25to26_sera_4019,A/Bhutan/1267/2025_H3N2,plate25-TAAAAGCTCCCATTAC,0.00627,interpolated,0.006993,0.006993,interpolated,2.501,0.8806,0,0.8585,0.1284
human,seqneut25to26_sera_4019,A/SouthAustralia/2523812314/2025_H3N2,plate25-GCGGACAGCGGTTATC,0.004747,interpolated,0.005247,0.005247,interpolated,1.095,0.9481,0,0.9025,0.09737
human,seqneut25to26_sera_4019,A/SouthAustralia/2523812314/2025_H3N2,plate25-TTTACTCGATCCTCGC,0.01373,interpolated,0.01549,0.01549,interpolated,6.039,0.7413,0,0.5858,0.1934
human,seqneut25to26_sera_4019,A/Guangxi-Daxin/1643/2025_H3N2,plate25-GAACACAATTACTTAG,0.01319,interpolated,0.0136,0.0136,interpolated,3.954,0.9428,0,0.9681,0.05273
human,seqneut25to26_sera_4019,A/Guangxi-Daxin/1643/2025_H3N2,plate25-CCATACCACGCCCTGT,0.008764,interpolated,0.009517,0.009517,interpolated,10,0.7193,0,0.7073,0.1725
human,seqneut25to26_sera_4019,A/Malaysia/IMR/SARI/2517/2025_H3N2,plate25-GATGCCCCTTGGCTCT,0.005287,interpolated,0.005352,0.005352,interpolated,0.8962,0.9945,0,0.8541,0.1155
human,seqneut25to26_sera_4019,A/Malaysia/IMR/SARI/2517/2025_H3N2,plate25-GTCCATAGTTTCGTGA,0.0118,interpolated,0.01238,0.01238,interpolated,5.629,0.8821,0,0.8394,0.1222
human,seqneut25to26_sera_4019,A/Bangkok/P2390/2025_H3N2,plate25-AAAGGAAGCCCCTCAC,0.005797,interpolated,0.006768,0.006768,interpolated,1.704,0.884,0,0.6968,0.1872
human,seqneut25to26_sera_4019,A/Bangkok/P2390/2025_H3N2,plate25-TCCCAAGACAAGCGAC,0.009671,interpolated,0.009794,0.009794,interpolated,10,0.9405,0,0.9436,0.08204
human,seqneut25to26_sera_4019,A/Queensland/2526516675/2025_H3N2,plate25-ATCATAGCACTAAAAT,0.00357,interpolated,0.004671,0.004671,interpolated,1.035,0.8786,0,0.9252,0.07794
human,seqneut25to26_sera_4019,A/Queensland/2526516675/2025_H3N2,plate25-ACATCCGCCCTTCGGT,0.003406,interpolated,0.003406,0.003406,interpolated,1.285,1,0,0.928,0.09616
human,seqneut25to26_sera_4019,A/NewSouthWales/2526015582/2025_H3N2,plate25-CGAAGATGAGCCCTCG,0.006443,interpolated,0.007095,0.007095,interpolated,1.516,0.932,0,0.8059,0.1475
human,seqneut25to26_sera_4019,A/NewSouthWales/2526015582/2025_H3N2,plate25-TTTGCTACAAGTGAGC,0.0057,interpolated,0.005921,0.005921,interpolated,1.417,0.9738,0,0.9668,0.06002
human,seqneut25to26_sera_4019,A/SouthAustralia/2527902708/2025_H3N2,plate25-GTGCAATTCCGCGTCC,0.001798,interpolated,0.003625,0.003625,interpolated,0.8,0.7853,0,0.6547,0.1544
human,seqneut25to26_sera_4019,A/Norway/8765/2025_H3N2,plate25-ATTGCAACGCCGGTGT,0.00843,interpolated,0.009093,0.009093,interpolated,4.247,0.8626,0,0.8689,0.1169
human,seqneut25to26_sera_4019,A/Norway/8765/2025_H3N2,plate25-ACCAGGTGGCAGTACA,0.004782,interpolated,0.004871,0.004871,interpolated,1.534,0.986,0,0.9691,0.06202
human,seqneut25to26_sera_4019,A/Norway/8976/2025_H3N2,plate25-TTTGGCGAGCAGCCCG,0.0113,interpolated,0.01179,0.01179,interpolated,3.4,0.9328,0,0.9099,0.09528
human,seqneut25to26_sera_4019,A/Norway/8976/2025_H3N2,plate25-AAACTCTAACTGAGTT,0.005125,interpolated,0.005125,0.005125,interpolated,1.504,1,0,0.9836,0.04541
human,seqneut25to26_sera_4019,A/Bangkok/P2921/2025_H3N2,plate25-ATTTCATGAGATAGGG,0.003607,interpolated,0.004248,0.004248,interpolated,1.658,0.8812,0,0.8237,0.1475
human,seqneut25to26_sera_4019,A/Bangkok/P2921/2025_H3N2,plate25-GAGATAAAAGAGCTCT,0.003244,interpolated,0.003772,0.003772,interpolated,1.639,0.8906,0,0.925,0.09411
human,seqneut25to26_sera_4019,A/SouthAustralia/2527213276/2025_H3N2,plate25-GCTGATAAACAATCTA,0.0008548,interpolated,0.001066,0.001066,interpolated,0.8,0.9192,0,0.7466,0.1485
human,seqneut25to26_sera_4019,A/Sydney/1359/2024_H3N2,plate25-AACTCCAATTTGTTTT,0.007332,interpolated,0.008447,0.008447,interpolated,2.618,0.8452,0,0.7618,0.1644
human,seqneut25to26_sera_4019,A/Sydney/1359/2024_H3N2,plate25-CAGGCTGCTGGGCCGC,0.003261,interpolated,0.004078,0.004078,interpolated,1.499,0.8576,0,0.8763,0.1147
human,seqneut25to26_sera_4019,A/Bhutan/7/2025_H3N2,plate25-ATGCGTTTATCGATTT,0.006289,interpolated,0.007146,0.007146,interpolated,1.124,0.9331,0,0.8749,0.1068
human,seqneut25to26_sera_4019,A/Bhutan/7/2025_H3N2,plate25-AGCAGTCCCGCTAGTC,0.008119,interpolated,0.008668,0.008668,interpolated,3.771,0.8907,0,0.8452,0.1381
human,seqneut25to26_sera_4019,A/England/1837734/2025_H3N2,plate25-TCACACCGCTCAGCCT,0.01758,interpolated,0.01899,0.01899,interpolated,10,0.7311,0,0.6059,0.1877
human,seqneut25to26_sera_4019,A/Galicia/GA-CHUAC-451/2025_H3N2,plate25-TAGCCTATAATCAAGT,0.005306,interpolated,0.006295,0.006295,interpolated,1.036,0.9189,0,0.7765,0.1481
human,seqneut25to26_sera_4019,A/Galicia/GA-CHUAC-451/2025_H3N2,plate25-CATGTGGAGGGTCGAG,0.002975,interpolated,0.003799,0.003799,interpolated,1.099,0.8822,0,0.8987,0.0996
human,seqneut25to26_sera_4019,A/DistritoFederal/250106000728/2025_H3N2,plate25-GATCGGAATAACCGTA,0.001348,interpolated,0.002106,0.002106,interpolated,1.089,0.8075,0,0.8872,0.09868
human,seqneut25to26_sera_4019,A/DistritoFederal/250106000728/2025_H3N2,plate25-ATCGCAAGTACCAGTT,0.001542,interpolated,0.001542,0.001542,interpolated,0.9111,1,0,0.9105,0.1052
human,seqneut25to26_sera_4019,A/Malaysia/IMR/SARI/2028/2025_H3N2,plate25-GCGGCGCCCGGTTGAT,0.001091,interpolated,0.001179,0.001179,interpolated,0.8,0.9699,0,0.9125,0.0893
human,seqneut25to26_sera_4019,A/Malaysia/IMR/SARI/2028/2025_H3N2,plate25-GCCAGCCGAAAGCCGT,0.001967,interpolated,0.002167,0.002167,interpolated,1.049,0.9518,0,0.9708,0.05725
human,seqneut25to26_sera_4019,A/Bangkok/P3263/2025_H3N2,plate25-TATGCTAAGACTTTTT,0.004435,interpolated,0.00517,0.00517,interpolated,2.496,0.841,0,0.7226,0.186
human,seqneut25to26_sera_4019,A/Peru/GIHSN-04-1089/2025_H3N2,plate25-TTTAGCCGGCTGTAAC,0.001063,interpolated,0.001586,0.001586,interpolated,0.8,0.8629,0,0.7058,0.1526
human,seqneut25to26_sera_4019,A/Peru/GIHSN-04-1089/2025_H3N2,plate25-GATTGAGGGGTCCGGG,0.01023,interpolated,0.0105,0.0105,interpolated,10,0.8861,0,0.8893,0.112
human,seqneut25to26_sera_4019,A/Massachusetts/18/2022_H3N2,plate25-CATTTCTGATGAATTG,0.01035,interpolated,0.01054,0.01054,interpolated,10,0.9187,0,0.8885,0.1146
human,seqneut25to26_sera_4019,A/Massachusetts/18/2022_H3N2,plate25-TCCACACCCCTAGCTA,0.005551,interpolated,0.00568,0.00568,interpolated,1.876,0.9788,0,0.991,0.03383
human,seqneut25to26_sera_4019,A/Massachusetts/18/2022_H3N2,plate25-CGATCTTTACGAAAAA,0.006736,interpolated,0.00772,0.00772,interpolated,2.473,0.8568,0,0.8039,0.1531
human,seqneut25to26_sera_4019,A/NewSouthWales/2526015584/2025_H3N2,plate25-TGTCGGGGTACGGGAC,0.001473,interpolated,0.004977,0.004977,interpolated,1.115,0.6286,0,0.6896,0.1373
human,seqneut25to26_sera_4019,A/NewSouthWales/2526015584/2025_H3N2,plate25-TTACCTTAAATCAAAG,0.002637,interpolated,0.002664,0.002664,interpolated,0.9396,0.9953,0,0.8738,0.1213
human,seqneut25to26_sera_4019,A/California/61/2025_H3N2,plate25-CCAGGATCTATCCTTC,0.001957,interpolated,0.002435,0.002435,interpolated,1.191,0.8854,0,0.7677,0.1744
human,seqneut25to26_sera_4019,A/California/61/2025_H3N2,plate25-AGAGGCCGGACGTAAA,0.00324,interpolated,0.00587,0.00587,interpolated,1.255,0.7372,0,0.7095,0.1565
human,seqneut25to26_sera_4019,A/Guangdong-Meijiang/11256/2025_H3N2,plate25-CGTTGCATGTAGCAGG,0.003841,interpolated,0.003998,0.003998,interpolated,10,0.8346,0,0.9454,0.09031
human,seqneut25to26_sera_4019,A/Guangdong-Meijiang/11256/2025_H3N2,plate25-TCCCTTCTTCGCAACT,0.001296,interpolated,0.001423,0.001423,interpolated,1.134,0.9495,0,0.9517,0.07801
human,seqneut25to26_sera_4019,A/Denmark/3070/2025_H1N1,plate25-ATGAGCTAAACATGAT,0.004654,interpolated,0.004676,0.004676,interpolated,1.733,0.996,0,0.988,0.04001
human,seqneut25to26_sera_4019,A/Denmark/3070/2025_H1N1,plate25-TCTGTGCGAGCATCGG,0.006064,interpolated,0.006292,0.006292,interpolated,4.093,0.9299,0,0.9687,0.06677
human,seqneut25to26_sera_4019,A/Hawaii/44/2025_H1N1,plate25-TGATATCTGGAATCTG,0.004107,interpolated,0.004718,0.004718,interpolated,1.701,0.8948,0,0.9049,0.1072
human,seqneut25to26_sera_4019,A/Hawaii/44/2025_H1N1,plate25-TAGATTTGTCCGTACA,0.005002,interpolated,0.005364,0.005364,interpolated,1.612,0.9467,0,0.9372,0.08792
human,seqneut25to26_sera_4019,A/England/174/2025_H3N2,plate25-CCTTATGAATTACGCG,0.002424,interpolated,0.002897,0.002897,interpolated,1.46,0.8855,0,0.966,0.06218
human,seqneut25to26_sera_4019,A/HongKong/1382/2025_H3N2,plate25-GCAGCTTGAATGATGT,0.0002094,interpolated,0.001566,0.001566,interpolated,0.8,0.6,0,0.5455,0.152
human,seqneut25to26_sera_4019,A/HongKong/1382/2025_H3N2,plate25-AGGACCTAAATGAAGT,0.009201,interpolated,0.01023,0.01023,interpolated,10,0.6738,0,0.6158,0.1916
human,seqneut25to26_sera_4019,A/Canberra/465/2025_H1N1,plate25-GAATCTCCCGCGTATA,0.003697,interpolated,0.003774,0.003774,interpolated,10,0.9076,0,0.9589,0.08675
human,seqneut25to26_sera_4019,A/Canberra/465/2025_H1N1,plate25-TGTGCGAAGTTGATGT,0.001158,interpolated,0.001158,0.001158,interpolated,1.035,1,0,0.9683,0.06349
human,seqneut25to26_sera_4019,A/Sydney/400/2025_H1N1,plate25-TTCTAACGATTGTAGG,0.001834,interpolated,0.001992,0.001992,interpolated,10,0.7191,0,0.8125,0.1554
human,seqneut25to26_sera_4019,A/Sydney/400/2025_H1N1,plate25-CGATTACGCTTTCCGG,0.0006687,interpolated,0.000689,0.000689,interpolated,1.524,0.9777,0,0.9835,0.04825
human,seqneut25to26_sera_4019,A/Zacapa/FLU-261/2025_H1N1,plate25-CTCGCGGGTATATAGA,0.001778,interpolated,0.001966,0.001966,interpolated,1.61,0.9251,0,0.9392,0.09368
human,seqneut25to26_sera_4019,A/Zacapa/FLU-261/2025_H1N1,plate25-CTTGAACCAGCAGTGT,0.00175,interpolated,0.001776,0.001776,interpolated,5.165,0.964,0,0.929,0.1115
human,seqneut25to26_sera_4019,A/Philippines/SARI25-1425/2025_H1N1,plate25-CCGTGTGTTGTGCGCA,0.003847,interpolated,0.004235,0.004235,interpolated,4.921,0.8118,0,0.93,0.0916
human,seqneut25to26_sera_4019,A/Philippines/SARI25-1425/2025_H1N1,plate25-TGATGCCGTCAGCCTT,0.002464,interpolated,0.002464,0.002464,interpolated,1.987,1,0,0.9895,0.04142
human,seqneut25to26_sera_4019,A/Guangxi-Qingxiu/SWL11742/2025_H1N1,plate25-GTCTTGTCGATTGGTA,0.001099,interpolated,0.001186,0.001186,interpolated,1.412,0.9493,0,0.9673,0.06819
human,seqneut25to26_sera_4019,A/Guangxi-Qingxiu/SWL11742/2025_H1N1,plate25-TGTCGGTGCGCCGCTT,0.002115,interpolated,0.002434,0.002434,interpolated,1.885,0.8838,0,0.8553,0.143
human,seqneut25to26_sera_4019,A/Darwin/1405/2025_H1N1,plate25-CGTCAATGGGTCATCG,0.002389,interpolated,0.00304,0.00304,interpolated,1.852,0.8199,0,0.9026,0.1081
human,seqneut25to26_sera_4019,A/Darwin/1405/2025_H1N1,plate25-TCGCTTTAGCCGGACC,0.002323,interpolated,0.002468,0.002468,interpolated,1.906,0.9455,0,0.97,0.06823
human,seqneut25to26_sera_4019,A/Norway/9107/2025_H1N1,plate25-TCTGTAGCTCCCTCAC,0.00185,interpolated,0.001884,0.001884,interpolated,1.282,0.9884,0,0.9702,0.06393
human,seqneut25to26_sera_4019,A/Norway/9107/2025_H1N1,plate25-ACTTTCCTCCCATGCG,0.003061,interpolated,0.003303,0.003303,interpolated,3.533,0.8819,0,0.9337,0.1028
human,seqneut25to26_sera_4019,A/SouthAustralia/2520702747/2025_H1N1,plate25-GCGTAGTTTGATTCAT,0.002568,interpolated,0.002854,0.002854,interpolated,2.867,0.8696,0,0.8739,0.1421
human,seqneut25to26_sera_4019,A/SouthAustralia/2520702747/2025_H1N1,plate25-TCGTGCTGTCATGCAG,0.001904,interpolated,0.001975,0.001975,interpolated,10,0.8463,0,0.8797,0.142
human,seqneut25to26_sera_4019,A/Bangkok/P2229/2025_H1N1,plate25-AAGCGACGCGCGACGG,0.002173,interpolated,0.002649,0.002649,interpolated,2.253,0.8202,0,0.8405,0.1452
human,seqneut25to26_sera_4019,A/Bangkok/P2229/2025_H1N1,plate25-GCTTGTTAGCCTGAAG,0.0008635,interpolated,0.0008635,0.0008635,interpolated,0.9027,1,0,0.9115,0.1011
human,seqneut25to26_sera_4019,A/Hawaii/70/2019_H1N1,plate25-TGGAATCGTCACCGAT,0.0005928,interpolated,0.0006751,0.0006751,interpolated,1.529,0.9098,0,0.9415,0.0884
human,seqneut25to26_sera_4019,A/Hawaii/70/2019_H1N1,plate25-AGTAAACATGCATTGG,0.0008144,interpolated,0.0008144,0.0008144,interpolated,1.516,1,0,0.9619,0.07931
human,seqneut25to26_sera_4019,A/Hawaii/70/2019_H1N1,plate25-ATAGAATCGCAAATTA,0.0006682,interpolated,0.0006682,0.0006682,interpolated,1.005,1,0,0.9144,0.1044
human,seqneut25to26_sera_4019,A/Thailand/8/2022_H3N2,plate25-CATAAAAGACTGTATA,0.004361,interpolated,0.004436,0.004436,interpolated,10,0.922,0,0.9,0.1282
human,seqneut25to26_sera_4019,A/Thailand/8/2022_H3N2,plate25-AGACCATCGCACCCAA,0.00366,interpolated,0.004071,0.004071,interpolated,1.691,0.9176,0,0.9452,0.08275
human,seqneut25to26_sera_4019,A/Thailand/8/2022_H3N2,plate25-CGTACGTATGTCCCAG,0.008589,interpolated,0.009803,0.009803,interpolated,10,0.6334,0,0.7843,0.1267
human,seqneut25to26_sera_4019,A/Bangkok/1803/2025_H1N1,plate25-TTTCCAGGGCTTCCCG,0.002146,interpolated,0.002509,0.002509,interpolated,2.308,0.8489,0,0.9701,0.06151
human,seqneut25to26_sera_4019,A/Bangkok/1803/2025_H1N1,plate25-GTCGTCCGTAAGTTCA,0.004617,interpolated,0.004788,0.004788,interpolated,1.431,0.9747,0,0.9365,0.09002
human,seqneut25to26_sera_4019,A/SouthAustralia/2524712956/2025_H1N1,plate25-TTTTCGATAATAATCT,0.004515,interpolated,0.004605,0.004605,interpolated,5.396,0.9498,0,0.9756,0.06139
human,seqneut25to26_sera_4019,A/SouthAustralia/2524712956/2025_H1N1,plate25-GCCCACGTTTAACTTT,0.004209,interpolated,0.004351,0.004351,interpolated,3.021,0.9522,0,0.9688,0.06738
human,seqneut25to26_sera_4019,A/Croatia/10136RV/2023-egg_H3N2,plate25-GAAGTGCTGCTGAAGT,0.004035,interpolated,0.004324,0.004324,interpolated,10,0.7507,0,0.8803,0.1216
human,seqneut25to26_sera_4019,A/Croatia/10136RV/2023-egg_H3N2,plate25-GTCGCCGCTAATCCGA,0.001211,interpolated,0.001211,0.001211,interpolated,1.865,1,0,0.9805,0.05869
human,seqneut25to26_sera_4019,A/Catalonia/NSVH102689455/2025_H1N1,plate25-GCAGAAAGAGGTAATA,0.002492,interpolated,0.002591,0.002591,interpolated,3.391,0.9379,0,0.9603,0.08351
human,seqneut25to26_sera_4019,A/Catalonia/NSVH102689455/2025_H1N1,plate25-TGTCTGCGCTTAAGTT,0.001014,interpolated,0.001014,0.001014,interpolated,2.461,1,0,0.9824,0.05575
human,seqneut25to26_sera_4019,A/Missouri/11/2025_H1N1,plate25-ACGGCATCCCAATTGA,0.004189,interpolated,0.004358,0.004358,interpolated,10,0.8366,0,0.8316,0.1651
human,seqneut25to26_sera_4019,A/Missouri/11/2025_H1N1,plate25-GTCACAGTCATCGTGT,0.001832,interpolated,0.001978,0.001978,interpolated,2.231,0.9214,0,0.9658,0.0732
human,seqneut25to26_sera_4019,A/Wisconsin/588/2019_H1N1,plate25-GAAGAAACTATAACCA,0.000666,interpolated,0.000666,0.000666,interpolated,1.428,1,0,0.9478,0.09121
human,seqneut25to26_sera_4019,A/Wisconsin/588/2019_H1N1,plate25-AGTCCTATCCTCAAAT,0.0009998,interpolated,0.001125,0.001125,interpolated,5.18,0.7709,0,0.8874,0.1282
human,seqneut25to26_sera_4019,A/Wisconsin/588/2019_H1N1,plate25-TATATTAGTAACATAA,0.0007212,interpolated,0.0007212,0.0007212,interpolated,1.279,1,0,0.8688,0.1457
human,seqneut25to26_sera_4019,A/Andalucia/PMC-00977/2025_H1N1,plate25-AGAAAAGATAGGAAAG,0.003011,interpolated,0.003036,0.003036,interpolated,1.705,0.993,0,0.9598,0.08032
human,seqneut25to26_sera_4019,A/Andalucia/PMC-00977/2025_H1N1,plate25-CCTCTGTGTACTAATT,0.002529,interpolated,0.002594,0.002594,interpolated,1.697,0.979,0,0.9667,0.07175
human,seqneut25to26_sera_4019,A/Guangdong-Maonan/11438/2025_H3N2,plate25-AAGACGAAGCGTTTGC,0.001356,interpolated,0.001356,0.001356,interpolated,0.9865,1,0,0.908,0.1106
human,seqneut25to26_sera_4019,A/Guangdong-Maonan/11438/2025_H3N2,plate25-TTTATTACTCTTATGG,0.006191,interpolated,0.006599,0.006599,interpolated,4.841,0.8672,0,0.786,0.1839
human,seqneut25to26_sera_4019,A/BritishColumbia/PHL-2473/2025_H1N1,plate25-CCTAGCCGGAAACATG,0.003252,interpolated,0.003325,0.003325,interpolated,4.413,0.9536,0,0.9928,0.03618
human,seqneut25to26_sera_4019,A/BritishColumbia/PHL-2473/2025_H1N1,plate25-TCGCGGATTAAACCAT,0.002339,interpolated,0.002716,0.002716,interpolated,1.677,0.8892,0,0.9452,0.08612
human,seqneut25to26_sera_4019,A/SouthAfrica/PET37604/2025_H3N2,plate25-ATCAAGGACCCTGGGC,0.002652,interpolated,0.002925,0.002925,interpolated,1.446,0.934,0,0.9498,0.08226
human,seqneut25to26_sera_4019,A/SouthAfrica/PET37604/2025_H3N2,plate25-CGACGCGCCGTCGCTG,0.001174,interpolated,0.001174,0.001174,interpolated,0.8,1,0,0.7938,0.1479
human,seqneut25to26_sera_4019,A/California/63/2025_H1N1,plate25-CACAGCGCTGGCCTTG,0.002822,interpolated,0.003024,0.003024,interpolated,4.8,0.8585,0,0.8355,0.1727
human,seqneut25to26_sera_4019,A/California/63/2025_H1N1,plate25-CGACTCTGTCGGGTAA,0.003861,interpolated,0.004016,0.004016,interpolated,10,0.8372,0,0.9193,0.1123
human,seqneut25to26_sera_4019,A/Ghana/ARI-25-1125/2025_H1N1,plate25-GACGGACTATCAACGA,0.002788,interpolated,0.003261,0.003261,interpolated,10,0.6044,0,0.9406,0.07275
human,seqneut25to26_sera_4019,A/Ghana/ARI-25-1125/2025_H1N1,plate25-CCGTTAGGGATTCCTC,0.001213,interpolated,0.001213,0.001213,interpolated,2.264,1,0,0.9927,0.03761
human,seqneut25to26_sera_4019,A/Norway/9556/2025_H1N1,plate25-TAACCGGTCAGATGTT,0.005732,interpolated,0.005896,0.005896,interpolated,2.085,0.9714,0,0.9556,0.07622
human,seqneut25to26_sera_4019,A/Norway/9556/2025_H1N1,plate25-TATCCGGGTCTGATGC,0.00356,interpolated,0.00388,0.00388,interpolated,1.219,0.9503,0,0.9385,0.08457
human,seqneut25to26_sera_4019,A/Canberra/530/2025_H1N1,plate25-ATCTCGGCCGGCCAAT,0.002042,interpolated,0.002267,0.002267,interpolated,3.769,0.8376,0,0.915,0.1106
human,seqneut25to26_sera_4019,A/Canberra/530/2025_H1N1,plate25-ATCTTGTATGATATGT,0.00264,interpolated,0.002757,0.002757,interpolated,3.468,0.9298,0,0.9758,0.06461
human,seqneut25to26_sera_4019,A/Colorado/105/2025_H1N1,plate25-ACGTCGCTAGACTTTA,0.00235,interpolated,0.002421,0.002421,interpolated,1.914,0.9721,0,0.9279,0.1094
human,seqneut25to26_sera_4019,A/Colorado/105/2025_H1N1,plate25-CAAATGGGCTGCAGGG,0.002881,interpolated,0.003092,0.003092,interpolated,2.14,0.93,0,0.9368,0.09968
human,seqneut25to26_sera_4019,A/France/ARA-HCL025155099501/2025_H1N1,plate25-ATTAACCAATTGAGCA,0.002595,interpolated,0.002735,0.002735,interpolated,1.696,0.9573,0,0.9083,0.115
human,seqneut25to26_sera_4019,A/Indonesia/BIOKES-INAD491/2025_H3N2,plate25-ACGATTTTTTCTACAT,0.002876,interpolated,0.002876,0.002876,interpolated,1.114,1,0,0.8673,0.1389
human,seqneut25to26_sera_4019,A/Indonesia/BIOKES-INAD491/2025_H3N2,plate25-CGGTAAGTTTCGAGGA,0.0009189,interpolated,0.0009693,0.0009693,interpolated,0.8,0.9791,0,0.8988,0.09601
human,seqneut25to26_sera_4019,A/SouthAustralia/2523012764/2025_H1N1,plate25-ATGCCGGGCCGTTACT,0.002245,interpolated,0.002408,0.002408,interpolated,3.003,0.9053,0,0.957,0.08251
human,seqneut25to26_sera_4019,A/SouthAustralia/2523012764/2025_H1N1,plate25-TTCGACAAGTATACGT,0.0009042,interpolated,0.001177,0.001177,interpolated,1.207,0.8636,0,0.8792,0.1209
human,seqneut25to26_sera_4019,A/Aragon/2046/2025_H1N1,plate25-GTACACTCTTTCAATT,0.00307,interpolated,0.003344,0.003344,interpolated,4.795,0.8317,0,0.9534,0.08302
human,seqneut25to26_sera_4019,A/Aragon/2046/2025_H1N1,plate25-TCGATTTCTAAATTCC,0.002443,interpolated,0.002443,0.002443,interpolated,3.75,1,0,0.9992,0.01252
human,seqneut25to26_sera_4019,A/CoteDIvoire/2007/2025_H1N1,plate25-AAGACCTAGTTTGAAC,0.001584,interpolated,0.001732,0.001732,interpolated,1.372,0.9422,0,0.9791,0.05258
human,seqneut25to26_sera_4019,A/CoteDIvoire/2007/2025_H1N1,plate25-GCTCAGTCGCCACGTT,0.001202,interpolated,0.001202,0.001202,interpolated,0.9098,1,0,0.887,0.1206
human,seqneut25to26_sera_4019,A/SouthAustralia/2519001037/2025_H1N1,plate25-ACGATCGTCGGAGGTC,0.003078,interpolated,0.003161,0.003161,interpolated,3.605,0.9544,0,0.98,0.05924
human,seqneut25to26_sera_4019,A/SouthAustralia/2519001037/2025_H1N1,plate25-TATGTCCGCACCGCCG,0.002488,interpolated,0.002831,0.002831,interpolated,3.138,0.8336,0,0.8714,0.1398
human,seqneut25to26_sera_4019,A/Indonesia/BIOKES-I-BT074/2025_H3N2,plate25-ATTACAACCCAGACAA,0.002538,interpolated,0.002698,0.002698,interpolated,3.279,0.9092,0,0.96,0.08092
human,seqneut25to26_sera_4019,A/Indonesia/BIOKES-I-BT074/2025_H3N2,plate25-CATCGACAGGTCCCAC,0.002694,interpolated,0.003013,0.003013,interpolated,2.536,0.8764,0,0.8619,0.1483
human,seqneut25to26_sera_4019,A/Bangkok/P3067/2025_H1N1,plate25-GTTGACTGCCTTTCTT,0.002081,interpolated,0.002123,0.002123,interpolated,1.681,0.9835,0,0.9437,0.0955
human,seqneut25to26_sera_4019,A/Bangkok/P3067/2025_H1N1,plate25-CGAACATGGGAACTAA,0.002142,interpolated,0.002212,0.002212,interpolated,2.214,0.9659,0,0.9919,0.03662
human,seqneut25to26_sera_4019,A/Wisconsin/67/2022_H1N1,plate25-CTGAACTTGTCGATAT,0.001969,interpolated,0.002146,0.002146,interpolated,3.139,0.882,0,0.8912,0.1319
human,seqneut25to26_sera_4019,A/Wisconsin/67/2022_H1N1,plate25-AGGAAAGAAACTGGAG,0.001853,interpolated,0.001889,0.001889,interpolated,2.704,0.974,0,0.9953,0.02922
human,seqneut25to26_sera_4019,A/Wisconsin/67/2022_H1N1,plate25-AAAGCTCTTTTCGTTC,0.002855,interpolated,0.002928,0.002928,interpolated,3.786,0.9542,0,0.9925,0.03698
human,seqneut25to26_sera_4019,A/Victoria/4897/2022_IVR-238_H1N1,plate25-AGAGCTAAAAAGAGGA,0.0001818,interpolated,0.0001818,0.0001818,interpolated,2.64,1,0,0.9857,0.04039
human,seqneut25to26_sera_4019,A/Victoria/4897/2022_IVR-238_H1N1,plate25-AAGTTAAGAGAAAGTT,0.0002846,interpolated,0.0002846,0.0002846,interpolated,2.11,1,0,0.9959,0.0235
human,seqneut25to26_sera_4019,A/Victoria/4897/2022_IVR-238_H1N1,plate25-AATCCGAAATTTATTC,0.0002753,interpolated,0.0002789,0.0002789,interpolated,10,0.9391,0,0.993,0.0338
human,seqneut25to26_sera_4019,A/Belgium/H0097/2025_H3N2,plate25-AAGCAGTTTGCCCCCA,0.002452,interpolated,0.00284,0.00284,interpolated,2.146,0.8648,0,0.9401,0.08987
human,seqneut25to26_sera_4019,A/Belgium/H0097/2025_H3N2,plate25-ATCGATCGAGATAACG,0.002602,interpolated,0.002801,0.002801,interpolated,2.347,0.9206,0,0.9156,0.1155
human,seqneut25to26_sera_4019,A/SouthAfrica/PET37625/2025_H3N2,plate25-TTTGGTGAGGCCCAAT,0.001084,interpolated,0.001426,0.001426,interpolated,1.078,0.872,0,0.9026,0.1029
human,seqneut25to26_sera_4019,A/SouthAfrica/PET37625/2025_H3N2,plate25-GTATTGAATGTCCGGC,0.001311,interpolated,0.001632,0.001632,interpolated,1.569,0.8547,0,0.9644,0.06481
human,seqneut25to26_sera_4019,A/England/1822256/2025_H1N1,plate25-CTTTTCCGTGTCCTCT,0.001487,interpolated,0.001499,0.001499,interpolated,3.567,0.9865,0,0.9957,0.02894
human,seqneut25to26_sera_4019,A/England/1822256/2025_H1N1,plate25-TACGATACTCGGAAGG,0.002171,interpolated,0.002334,0.002334,interpolated,5.746,0.8301,0,0.8748,0.142
human,seqneut25to26_sera_4019,A/Minnesota/96/2025_H3N2,plate25-AACTCCCATGGGGCAG,0.002197,interpolated,0.003106,0.003106,interpolated,2.067,0.7444,0,0.8577,0.1238
human,seqneut25to26_sera_4019,A/Minnesota/96/2025_H3N2,plate25-ATCCGTTGGGCGACAA,0.00119,interpolated,0.00119,0.00119,interpolated,1.212,1,0,0.8752,0.1355
human,seqneut25to26_sera_4019,A/Darwin/1461/2025_H3N2,plate25-ATACATCCGACGCTTT,0.002048,interpolated,0.002073,0.002073,interpolated,10,0.9431,0,0.9734,0.07095
human,seqneut25to26_sera_4019,A/Darwin/1461/2025_H3N2,plate25-CAGGTACGCGTTTCTG,0.001682,interpolated,0.001682,0.001682,interpolated,1.399,1,0,0.9702,0.06899
human,seqneut25to26_sera_4019,A/DistrictOfColumbia/27/2023_H3N2,plate25-AAGAAGCTATAGAAGT,0.001426,interpolated,0.001426,0.001426,interpolated,0.8744,1,0,0.7885,0.1719
human,seqneut25to26_sera_4019,A/DistrictOfColumbia/27/2023_H3N2,plate25-GAATAATAGAACAGAG,0.002034,interpolated,0.00215,0.00215,interpolated,1.446,0.9614,0,0.8637,0.1457
human,seqneut25to26_sera_4019,A/Lao/820-2750/2025_H3N2,plate25-AGGAAGATCAAAAGCG,0.001952,interpolated,0.002087,0.002087,interpolated,1.754,0.9446,0,0.9579,0.0825
human,seqneut25to26_sera_4019,A/Lao/820-2750/2025_H3N2,plate25-TTGAAACTCTTGTCCT,0.0006766,interpolated,0.0006766,0.0006766,interpolated,0.8223,1,0,0.8918,0.1072
human,seqneut25to26_sera_4019,A/SouthAustralia/2525607496/2025_H3N2,plate25-CAAATATAATGTCCTG,0.001732,interpolated,0.001841,0.001841,interpolated,7.18,0.8228,0,0.9514,0.08484
human,seqneut25to26_sera_4019,A/SouthAustralia/2525607496/2025_H3N2,plate25-GTTGATTCGATCATAT,0.001621,interpolated,0.002675,0.002675,interpolated,2.666,0.6315,0,0.9375,0.06977
human,seqneut25to26_sera_4019,A/HongKong/1257/2025_H3N2,plate25-CACACCTCTCTCGCCG,0.0007979,interpolated,0.0007979,0.0007979,interpolated,0.9118,1,0,0.9295,0.08858
human,seqneut25to26_sera_4019,A/HongKong/1257/2025_H3N2,plate25-GTATAGAAATGGGTCA,0.001302,interpolated,0.001302,0.001302,interpolated,0.9886,1,0,0.8974,0.1181
human,seqneut25to26_sera_4019,A/SouthAustralia/2527612456/2025_H1N1,plate25-GAAAGACCGATGCCAG,0.004557,interpolated,0.004604,0.004604,interpolated,10,0.9508,0,0.993,0.03409
human,seqneut25to26_sera_4019,A/SouthAustralia/2527612456/2025_H1N1,plate25-GAAGGACTTGGGGCTC,0.003887,interpolated,0.003916,0.003916,interpolated,10,0.9641,0,0.9853,0.05417
human,seqneut25to26_sera_4019,A/Michigan/110/2025_H3N2,plate25-GACTTCTTCCGCTCTT,0.001163,interpolated,0.001163,0.001163,interpolated,1.143,1,0,0.9577,0.07706
human,seqneut25to26_sera_4019,A/Michigan/110/2025_H3N2,plate25-GCTCCTGGTCATATAT,0.001792,interpolated,0.001931,0.001931,interpolated,1.424,0.9495,0,0.9829,0.047
human,seqneut25to26_sera_4020,A/England/1837737/2025_H3N2,plate25-TACACTCAAACGATGC,0.005709,interpolated,0.00664,0.00664,interpolated,0.9322,0.9344,0,0.9107,0.08073
human,seqneut25to26_sera_4020,A/England/1837737/2025_H3N2,plate25-ATTGGCTGTCGTGGCC,0.005223,interpolated,0.01023,0.01023,interpolated,1.173,0.7273,0,0.6409,0.1458
human,seqneut25to26_sera_4020,A/Hawaii/44/2025_H1N1,plate25-TAGATTTGTCCGTACA,0.01593,interpolated,0.01666,0.01666,interpolated,1.905,0.9591,0,0.857,0.09278
human,seqneut25to26_sera_4020,A/Hawaii/44/2025_H1N1,plate25-TGATATCTGGAATCTG,0.01324,interpolated,0.01363,0.01363,interpolated,3.397,0.9531,0,0.9453,0.07
human,seqneut25to26_sera_4020,A/Bangkok/P2391/2025_H3N2,plate25-CGGGTCCTAGGCGAGG,0.003791,interpolated,0.004405,0.004405,interpolated,0.9444,0.934,0,0.8519,0.1192
human,seqneut25to26_sera_4020,A/Bangkok/P2391/2025_H3N2,plate25-TCGGAGAGCGATCCGC,0.009572,interpolated,0.01004,0.01004,interpolated,10,0.8105,0,0.8242,0.1205
human,seqneut25to26_sera_4020,A/France/ARA-HCL025155099501/2025_H1N1,plate25-ATTAACCAATTGAGCA,0.01142,interpolated,0.01156,0.01156,interpolated,1.572,0.991,0,0.9177,0.08193
human,seqneut25to26_sera_4020,A/SouthAustralia/2527612456/2025_H1N1,plate25-GAAAGACCGATGCCAG,0.01704,interpolated,0.01753,0.01753,interpolated,5.38,0.9301,0,0.9497,0.06116
human,seqneut25to26_sera_4020,A/SouthAustralia/2527612456/2025_H1N1,plate25-GAAGGACTTGGGGCTC,0.008514,interpolated,0.008563,0.008563,interpolated,2.064,0.994,0,0.9799,0.04424
human,seqneut25to26_sera_4020,A/SouthAustralia/2527902708/2025_H3N2,plate25-GTGCAATTCCGCGTCC,0.001353,interpolated,0.001677,0.001677,interpolated,0.8,0.921,0,0.8476,0.1137
human,seqneut25to26_sera_4020,A/SouthAustralia/2527902708/2025_H3N2,plate25-TGGTAGTCCTTAACCG,0.00513,interpolated,0.006884,0.006884,interpolated,2.21,0.7611,0,0.7747,0.145
human,seqneut25to26_sera_4020,A/CoteDIvoire/2007/2025_H1N1,plate25-AAGACCTAGTTTGAAC,0.005577,interpolated,0.005725,0.005725,interpolated,1.922,0.9754,0,0.9214,0.09531
human,seqneut25to26_sera_4020,A/CoteDIvoire/2007/2025_H1N1,plate25-GCTCAGTCGCCACGTT,0.005306,interpolated,0.005519,0.005519,interpolated,3.522,0.9352,0,0.9039,0.1148
human,seqneut25to26_sera_4020,A/Wisconsin/67/2022_H1N1,plate25-AGGAAAGAAACTGGAG,0.006931,interpolated,0.006931,0.006931,interpolated,1.617,1,0,0.9545,0.07173
human,seqneut25to26_sera_4020,A/Wisconsin/67/2022_H1N1,plate25-AAAGCTCTTTTCGTTC,0.00583,interpolated,0.00583,0.00583,interpolated,1.327,1,0,0.9679,0.05824
human,seqneut25to26_sera_4020,A/Wisconsin/67/2022_H1N1,plate25-CTGAACTTGTCGATAT,0.009115,interpolated,0.009168,0.009168,interpolated,10,0.972,0,0.9864,0.04369
human,seqneut25to26_sera_4020,A/Andalucia/PMC-00977/2025_H1N1,plate25-AGAAAAGATAGGAAAG,0.009583,interpolated,0.009583,0.009583,interpolated,2.68,1,0,0.9997,0.005811
human,seqneut25to26_sera_4020,A/Andalucia/PMC-00977/2025_H1N1,plate25-CCTCTGTGTACTAATT,0.01056,interpolated,0.01094,0.01094,interpolated,1.755,0.9698,0,0.9515,0.06262
human,seqneut25to26_sera_4020,A/Malaysia/IMR/SARI/2406/2025_H3N2,plate25-AATCATACATGCTTCT,0.003404,interpolated,0.003889,0.003889,interpolated,1.031,0.9358,0,0.9342,0.07903
human,seqneut25to26_sera_4020,A/Malaysia/IMR/SARI/2406/2025_H3N2,plate25-CCTACGCTCGTATCCC,0.00276,interpolated,0.002942,0.002942,interpolated,1.348,0.9588,0,0.8787,0.1319
human,seqneut25to26_sera_4020,A/Norway/9556/2025_H1N1,plate25-TAACCGGTCAGATGTT,0.01226,interpolated,0.01262,0.01262,interpolated,2.717,0.9614,0,0.955,0.06118
human,seqneut25to26_sera_4020,A/Norway/9556/2025_H1N1,plate25-TATCCGGGTCTGATGC,0.007835,interpolated,0.008129,0.008129,interpolated,1.324,0.9762,0,0.7806,0.154
human,seqneut25to26_sera_4020,A/Indonesia/BIOKES-I-BT074/2025_H3N2,plate25-ATTACAACCCAGACAA,0.004442,interpolated,0.004743,0.004743,interpolated,0.835,0.9733,0,0.8468,0.1185
human,seqneut25to26_sera_4020,A/Indonesia/BIOKES-I-BT074/2025_H3N2,plate25-CATCGACAGGTCCCAC,0.004683,interpolated,0.00609,0.00609,interpolated,2.957,0.73,0,0.7112,0.1769
human,seqneut25to26_sera_4020,A/Philippines/SARI25-1425/2025_H1N1,plate25-TGATGCCGTCAGCCTT,0.01205,interpolated,0.01348,0.01348,interpolated,2.1,0.8956,0,0.835,0.108
human,seqneut25to26_sera_4020,A/Philippines/SARI25-1425/2025_H1N1,plate25-CCGTGTGTTGTGCGCA,0.007646,interpolated,0.007796,0.007796,interpolated,2.522,0.976,0,0.986,0.0411
human,seqneut25to26_sera_4020,A/Peru/GIHSN-04-1089/2025_H3N2,plate25-TTTAGCCGGCTGTAAC,0.004231,interpolated,0.005624,0.005624,interpolated,3.095,0.7071,0,0.9524,0.06293
human,seqneut25to26_sera_4020,A/Peru/GIHSN-04-1089/2025_H3N2,plate25-GATTGAGGGGTCCGGG,0.003093,interpolated,0.003205,0.003205,interpolated,1.144,0.98,0,0.9045,0.113
human,seqneut25to26_sera_4020,A/Bangkok/P2229/2025_H1N1,plate25-AAGCGACGCGCGACGG,0.00468,interpolated,0.005755,0.005755,interpolated,0.9987,0.9068,0,0.9282,0.07416
human,seqneut25to26_sera_4020,A/Bangkok/P2229/2025_H1N1,plate25-GCTTGTTAGCCTGAAG,0.005551,interpolated,0.005698,0.005698,interpolated,2.199,0.972,0,0.9665,0.06467
human,seqneut25to26_sera_4020,A/Arica/59150/2025_H3N2,plate25-AGAACGGCTTGACACT,0.002983,interpolated,0.002983,0.002983,interpolated,0.9365,1,0,0.9169,0.09605
human,seqneut25to26_sera_4020,A/Arica/59150/2025_H3N2,plate25-TGCGATGCATAGTTCG,0.002847,interpolated,0.003337,0.003337,interpolated,1.192,0.9137,0,0.852,0.13
human,seqneut25to26_sera_4020,A/Norway/8765/2025_H3N2,plate25-ACCAGGTGGCAGTACA,0.005678,interpolated,0.006777,0.006777,interpolated,2.489,0.8219,0,0.8843,0.1095
human,seqneut25to26_sera_4020,A/Norway/8765/2025_H3N2,plate25-ATTGCAACGCCGGTGT,0.003834,interpolated,0.004112,0.004112,interpolated,10,0.7487,0,0.9022,0.106
human,seqneut25to26_sera_4020,A/Anapolis/LEIAL6543/2025_H3N2,plate25-AAATATTGAGACTAAT,0.003357,interpolated,0.00373,0.00373,interpolated,1.367,0.9329,0,0.9178,0.1
human,seqneut25to26_sera_4020,A/Anapolis/LEIAL6543/2025_H3N2,plate25-AACACTCAATACCGGT,0.001073,interpolated,0.002068,0.002068,interpolated,0.8267,0.7906,0,0.6307,0.1895
human,seqneut25to26_sera_4020,A/Aragon/2046/2025_H1N1,plate25-TCGATTTCTAAATTCC,0.01124,interpolated,0.01124,0.01124,interpolated,2.664,1,0,0.9745,0.04798
human,seqneut25to26_sera_4020,A/Aragon/2046/2025_H1N1,plate25-GTACACTCTTTCAATT,0.009525,interpolated,0.009727,0.009727,interpolated,10,0.9052,0,0.9392,0.08838
human,seqneut25to26_sera_4020,A/DistritoFederal/2578578201/2025_H3N2,plate25-GAACGGAGATCTGTTG,0.005643,interpolated,0.005814,0.005814,interpolated,2.804,0.9598,0,0.9763,0.05685
human,seqneut25to26_sera_4020,A/DistritoFederal/2578578201/2025_H3N2,plate25-GCCAACTTTCACTTGG,0.003425,interpolated,0.004122,0.004122,interpolated,2.623,0.8076,0,0.9052,0.1044
human,seqneut25to26_sera_4020,A/SouthAustralia/2520702747/2025_H1N1,plate25-TCGTGCTGTCATGCAG,0.006734,interpolated,0.006875,0.006875,interpolated,3.23,0.9675,0,0.9751,0.0554
human,seqneut25to26_sera_4020,A/SouthAustralia/2520702747/2025_H1N1,plate25-GCGTAGTTTGATTCAT,0.006294,interpolated,0.006294,0.006294,interpolated,2.628,1,0,0.997,0.0205
human,seqneut25to26_sera_4020,A/SouthAustralia/2524712956/2025_H1N1,plate25-GCCCACGTTTAACTTT,0.01067,interpolated,0.01101,0.01101,interpolated,2.467,0.9626,0,0.9166,0.08463
human,seqneut25to26_sera_4020,A/SouthAustralia/2524712956/2025_H1N1,plate25-TTTTCGATAATAATCT,0.005005,interpolated,0.005005,0.005005,interpolated,2.026,1,0,0.9809,0.05206
human,seqneut25to26_sera_4020,A/Guangdong-Meijiang/11256/2025_H3N2,plate25-CGTTGCATGTAGCAGG,0.004317,interpolated,0.004551,0.004551,interpolated,10,0.7949,0,0.833,0.147
human,seqneut25to26_sera_4020,A/Guangdong-Meijiang/11256/2025_H3N2,plate25-TCCCTTCTTCGCAACT,0.003678,interpolated,0.003865,0.003865,interpolated,10,0.8041,0,0.7751,0.1981
human,seqneut25to26_sera_4020,A/California/63/2025_H1N1,plate25-CACAGCGCTGGCCTTG,0.004321,interpolated,0.004588,0.004588,interpolated,1.848,0.9475,0,0.9411,0.08516
human,seqneut25to26_sera_4020,A/California/63/2025_H1N1,plate25-CGACTCTGTCGGGTAA,0.0108,interpolated,0.0111,0.0111,interpolated,2.938,0.9615,0,0.9417,0.07017
human,seqneut25to26_sera_4020,A/Darwin/1461/2025_H3N2,plate25-CAGGTACGCGTTTCTG,0.001454,interpolated,0.002504,0.002504,interpolated,1.897,0.6782,0,0.9782,0.04059
human,seqneut25to26_sera_4020,A/Darwin/1461/2025_H3N2,plate25-ATACATCCGACGCTTT,0.003063,interpolated,0.003319,0.003319,interpolated,1.044,0.9597,0,0.8246,0.1423
human,seqneut25to26_sera_4020,A/Hawaii/70/2019_H1N1,plate25-TGGAATCGTCACCGAT,0.007493,interpolated,0.007493,0.007493,interpolated,2.075,1,0,0.9852,0.04296
human,seqneut25to26_sera_4020,A/Hawaii/70/2019_H1N1,plate25-ATAGAATCGCAAATTA,0.0075,interpolated,0.008135,0.008135,interpolated,2.753,0.8998,0,0.8865,0.1148
human,seqneut25to26_sera_4020,A/Hawaii/70/2019_H1N1,plate25-AGTAAACATGCATTGG,0.005811,interpolated,0.005811,0.005811,interpolated,1.743,1,0,0.9862,0.04232
human,seqneut25to26_sera_4020,A/SouthAustralia/2527003588/2025_H3N2,plate25-ACGAGAAGCAGGGGGC,0.007584,interpolated,0.009517,0.009517,interpolated,2.625,0.7755,0,0.7762,0.1388
human,seqneut25to26_sera_4020,A/SouthAustralia/2527003588/2025_H3N2,plate25-GTATCACGTCGTTTAC,0.001697,interpolated,0.001983,0.001983,interpolated,1.263,0.9107,0,0.8767,0.1268
human,seqneut25to26_sera_4020,A/Zacapa/FLU-261/2025_H1N1,plate25-CTCGCGGGTATATAGA,0.006166,interpolated,0.007157,0.007157,interpolated,2.499,0.8446,0,0.9313,0.08173
human,seqneut25to26_sera_4020,A/Zacapa/FLU-261/2025_H1N1,plate25-CTTGAACCAGCAGTGT,0.006821,interpolated,0.007239,0.007239,interpolated,2.656,0.9271,0,0.8203,0.1364
human,seqneut25to26_sera_4020,A/Norway/8976/2025_H3N2,plate25-TTTGGCGAGCAGCCCG,0.003385,interpolated,0.00482,0.00482,interpolated,1.846,0.7604,0,0.9206,0.08105
human,seqneut25to26_sera_4020,A/Norway/8976/2025_H3N2,plate25-AAACTCTAACTGAGTT,0.003007,interpolated,0.003134,0.003134,interpolated,1.754,0.965,0,0.9456,0.08993
human,seqneut25to26_sera_4020,A/Alagoas/4130/2025_H3N2,plate25-TAGTACTAACACCAGA,0.00155,interpolated,0.00155,0.00155,interpolated,0.8424,1,0,0.8951,0.1103
human,seqneut25to26_sera_4020,A/Alagoas/4130/2025_H3N2,plate25-GAGGACAGCGGTCGTC,0.002729,interpolated,0.003141,0.003141,interpolated,3.645,0.7996,0,0.9109,0.1016
human,seqneut25to26_sera_4020,A/Guangxi-Qingxiu/SWL11742/2025_H1N1,plate25-TGTCGGTGCGCCGCTT,0.009453,interpolated,0.009681,0.009681,interpolated,1.493,0.9825,0,0.9055,0.09177
human,seqneut25to26_sera_4020,A/Guangxi-Qingxiu/SWL11742/2025_H1N1,plate25-GTCTTGTCGATTGGTA,0.004629,interpolated,0.005127,0.005127,interpolated,1.836,0.9146,0,0.8723,0.1216
human,seqneut25to26_sera_4020,A/Bangkok/P2921/2025_H3N2,plate25-ATTTCATGAGATAGGG,0.004088,interpolated,0.004716,0.004716,interpolated,1.869,0.8828,0,0.947,0.07758
human,seqneut25to26_sera_4020,A/Bangkok/P2921/2025_H3N2,plate25-GAGATAAAAGAGCTCT,0.002534,interpolated,0.003396,0.003396,interpolated,1.388,0.8331,0,0.884,0.1089
human,seqneut25to26_sera_4020,A/Indonesia/BIOKES-INAD491/2025_H3N2,plate25-CGGTAAGTTTCGAGGA,0.001389,interpolated,0.002024,0.002024,interpolated,1.289,0.8076,0,0.8635,0.1183
human,seqneut25to26_sera_4020,A/Indonesia/BIOKES-INAD491/2025_H3N2,plate25-ACGATTTTTTCTACAT,0.003499,interpolated,0.003771,0.003771,interpolated,2.248,0.9227,0,0.9472,0.083
human,seqneut25to26_sera_4020,A/Bhutan/7/2025_H3N2,plate25-ATGCGTTTATCGATTT,0.002388,interpolated,0.003486,0.003486,interpolated,1.375,0.7974,0,0.7972,0.1454
human,seqneut25to26_sera_4020,A/Bhutan/7/2025_H3N2,plate25-AGCAGTCCCGCTAGTC,0.004386,interpolated,0.004622,0.004622,interpolated,1.7,0.9573,0,0.9553,0.07572
human,seqneut25to26_sera_4020,A/Guangxi-Daxin/1643/2025_H3N2,plate25-GAACACAATTACTTAG,0.004975,interpolated,0.006298,0.006298,interpolated,1.293,0.8685,0,0.8484,0.1182
human,seqneut25to26_sera_4020,A/Guangxi-Daxin/1643/2025_H3N2,plate25-CCATACCACGCCCTGT,0.003,interpolated,0.003577,0.003577,interpolated,1.919,0.8569,0,0.8127,0.1554
human,seqneut25to26_sera_4020,A/Catalonia/NSVH102689455/2025_H1N1,plate25-GCAGAAAGAGGTAATA,0.006905,interpolated,0.007227,0.007227,interpolated,3.561,0.9249,0,0.9017,0.1094
human,seqneut25to26_sera_4020,A/Denmark/3070/2025_H1N1,plate25-ATGAGCTAAACATGAT,0.007801,interpolated,0.007801,0.007801,interpolated,4.137,1,0,0.9864,0.04192
human,seqneut25to26_sera_4020,A/Denmark/3070/2025_H1N1,plate25-TCTGTGCGAGCATCGG,0.0112,interpolated,0.01144,0.01144,interpolated,2.853,0.97,0,0.9788,0.04506
human,seqneut25to26_sera_4020,A/England/1822256/2025_H1N1,plate25-TACGATACTCGGAAGG,0.006062,interpolated,0.006062,0.006062,interpolated,2.149,1,0,0.985,0.04449
human,seqneut25to26_sera_4020,A/England/1822256/2025_H1N1,plate25-CTTTTCCGTGTCCTCT,0.004968,interpolated,0.004968,0.004968,interpolated,1.688,1,0,0.989,0.03884
human,seqneut25to26_sera_4020,A/Sydney/1359/2024_H3N2,plate25-AACTCCAATTTGTTTT,0.002041,interpolated,0.002274,0.002274,interpolated,1.005,0.9486,0,0.9295,0.08464
human,seqneut25to26_sera_4020,A/Sydney/1359/2024_H3N2,plate25-CAGGCTGCTGGGCCGC,0.0027,interpolated,0.003495,0.003495,interpolated,1.35,0.8529,0,0.8482,0.1297
human,seqneut25to26_sera_4020,A/Norway/9107/2025_H1N1,plate25-ACTTTCCTCCCATGCG,0.008543,interpolated,0.008543,0.008543,interpolated,2.061,1,0,0.9889,0.03538
human,seqneut25to26_sera_4020,A/Norway/9107/2025_H1N1,plate25-TCTGTAGCTCCCTCAC,0.00541,interpolated,0.00541,0.00541,interpolated,2.101,1,0,0.9761,0.05806
human,seqneut25to26_sera_4020,A/Colorado/105/2025_H1N1,plate25-ACGTCGCTAGACTTTA,0.01042,interpolated,0.0105,0.0105,interpolated,2.812,0.9894,0,0.9984,0.01306
human,seqneut25to26_sera_4020,A/Galicia/GA-CHUAC-451/2025_H3N2,plate25-TAGCCTATAATCAAGT,0.004777,interpolated,0.005266,0.005266,interpolated,1.742,0.9218,0,0.9438,0.08109
human,seqneut25to26_sera_4020,A/Galicia/GA-CHUAC-451/2025_H3N2,plate25-CATGTGGAGGGTCGAG,0.005196,interpolated,0.006523,0.006523,interpolated,1.944,0.8212,0,0.7923,0.1537
human,seqneut25to26_sera_4020,A/BritishColumbia/PHL-2473/2025_H1N1,plate25-TCGCGGATTAAACCAT,0.008487,interpolated,0.008649,0.008649,interpolated,3.482,0.9682,0,0.9768,0.0531
human,seqneut25to26_sera_4020,A/BritishColumbia/PHL-2473/2025_H1N1,plate25-CCTAGCCGGAAACATG,0.007937,interpolated,0.007937,0.007937,interpolated,2.772,1,0,0.9993,0.009589
human,seqneut25to26_sera_4020,A/England/174/2025_H3N2,plate25-CCTTATGAATTACGCG,0.001695,interpolated,0.001695,0.001695,interpolated,1.177,1,0,0.9883,0.03943
human,seqneut25to26_sera_4020,A/Ghana/FS-25-7077/2025_H3N2,plate25-TTTCGGGGCCCCAATG,0.00727,interpolated,0.007773,0.007773,interpolated,5.807,0.8389,0,0.8862,0.1201
human,seqneut25to26_sera_4020,A/Ghana/FS-25-7077/2025_H3N2,plate25-CACATACAACACGACC,0.006118,interpolated,0.006616,0.006616,interpolated,2.823,0.901,0,0.9019,0.1114
human,seqneut25to26_sera_4020,A/SouthAustralia/2519001037/2025_H1N1,plate25-ACGATCGTCGGAGGTC,0.009179,interpolated,0.009363,0.009363,interpolated,2.704,0.974,0,0.9743,0.05152
human,seqneut25to26_sera_4020,A/SouthAustralia/2519001037/2025_H1N1,plate25-TATGTCCGCACCGCCG,0.008641,interpolated,0.009671,0.009671,interpolated,1.805,0.908,0,0.782,0.1503
human,seqneut25to26_sera_4020,A/Massachusetts/18/2022_H3N2,plate25-CATTTCTGATGAATTG,0.002964,interpolated,0.002964,0.002964,interpolated,1.277,1,0,0.9835,0.04627
human,seqneut25to26_sera_4020,A/Massachusetts/18/2022_H3N2,plate25-CGATCTTTACGAAAAA,0.004125,interpolated,0.004173,0.004173,interpolated,10,0.9463,0,0.9339,0.1038
human,seqneut25to26_sera_4020,A/Massachusetts/18/2022_H3N2,plate25-TCCACACCCCTAGCTA,0.004607,interpolated,0.004607,0.004607,interpolated,1.099,1,0,0.8328,0.1454
human,seqneut25to26_sera_4020,A/SouthAfrica/PET37625/2025_H3N2,plate25-GTATTGAATGTCCGGC,0.0008239,interpolated,0.0008466,0.0008466,interpolated,0.9435,0.9873,0,0.9308,0.08872
human,seqneut25to26_sera_4020,A/SouthAfrica/PET37625/2025_H3N2,plate25-TTTGGTGAGGCCCAAT,0.00337,interpolated,0.004732,0.004732,interpolated,2.711,0.6993,0,0.8061,0.1372
human,seqneut25to26_sera_4020,A/Sydney/400/2025_H1N1,plate25-CGATTACGCTTTCCGG,0.005973,interpolated,0.007005,0.007005,interpolated,2.205,0.8519,0,0.8561,0.1247
human,seqneut25to26_sera_4020,A/Sydney/400/2025_H1N1,plate25-TTCTAACGATTGTAGG,0.005836,interpolated,0.005895,0.005895,interpolated,2,0.99,0,0.9608,0.07151
human,seqneut25to26_sera_4020,A/California/61/2025_H3N2,plate25-CCAGGATCTATCCTTC,0.0005311,interpolated,0.0005311,0.0005311,interpolated,0.8,1,0,0.8126,0.1371
human,seqneut25to26_sera_4020,A/California/61/2025_H3N2,plate25-AGAGGCCGGACGTAAA,0.003445,interpolated,0.004332,0.004332,interpolated,1.981,0.8176,0,0.9067,0.1016
human,seqneut25to26_sera_4020,A/Ghana/ARI-25-1125/2025_H1N1,plate25-GACGGACTATCAACGA,0.005764,interpolated,0.006318,0.006318,interpolated,3.432,0.8649,0,0.9024,0.1101
human,seqneut25to26_sera_4020,A/Ghana/ARI-25-1125/2025_H1N1,plate25-CCGTTAGGGATTCCTC,0.006115,interpolated,0.006355,0.006355,interpolated,4.07,0.9274,0,0.9099,0.1164
human,seqneut25to26_sera_4020,A/NewSouthWales/2526015582/2025_H3N2,plate25-TTTGCTACAAGTGAGC,0.004592,interpolated,0.004765,0.004765,interpolated,3.221,0.9439,0,0.9465,0.08697
human,seqneut25to26_sera_4020,A/NewSouthWales/2526015582/2025_H3N2,plate25-CGAAGATGAGCCCTCG,0.003963,interpolated,0.004512,0.004512,interpolated,1.377,0.9183,0,0.9249,0.09217
human,seqneut25to26_sera_4020,A/Bhutan/1267/2025_H3N2,plate25-CTGAGTATGGGGCTCA,0.002168,interpolated,0.002597,0.002597,interpolated,1.178,0.9043,0,0.8647,0.1247
human,seqneut25to26_sera_4020,A/Bhutan/1267/2025_H3N2,plate25-TAAAAGCTCCCATTAC,0.001875,interpolated,0.002503,0.002503,interpolated,2.219,0.7633,0,0.8404,0.1362
human,seqneut25to26_sera_4020,A/Bangkok/P3067/2025_H1N1,plate25-GTTGACTGCCTTTCTT,0.004335,interpolated,0.004404,0.004404,interpolated,2.641,0.9795,0,0.9751,0.06049
human,seqneut25to26_sera_4020,A/Bangkok/P3067/2025_H1N1,plate25-CGAACATGGGAACTAA,0.004344,interpolated,0.004344,0.004344,interpolated,2.037,1,0,0.9303,0.1017
human,seqneut25to26_sera_4020,A/Canberra/465/2025_H1N1,plate25-GAATCTCCCGCGTATA,0.005693,interpolated,0.005873,0.005873,interpolated,1.829,0.9723,0,0.9825,0.04644
human,seqneut25to26_sera_4020,A/Canberra/465/2025_H1N1,plate25-TGTGCGAAGTTGATGT,0.009752,interpolated,0.009978,0.009978,interpolated,10,0.8978,0,0.8636,0.1323
human,seqneut25to26_sera_4020,A/Darwin/1405/2025_H1N1,plate25-CGTCAATGGGTCATCG,0.00488,interpolated,0.00488,0.00488,interpolated,2.255,1,0,0.9634,0.07383
human,seqneut25to26_sera_4020,A/Darwin/1405/2025_H1N1,plate25-TCGCTTTAGCCGGACC,0.004172,interpolated,0.004244,0.004244,interpolated,3.843,0.9681,0,0.9406,0.09359
human,seqneut25to26_sera_4020,A/Bangkok/1803/2025_H1N1,plate25-TTTCCAGGGCTTCCCG,0.01544,interpolated,0.01651,0.01651,interpolated,9.325,0.768,0,0.7037,0.161
human,seqneut25to26_sera_4020,A/Bangkok/1803/2025_H1N1,plate25-GTCGTCCGTAAGTTCA,0.009683,interpolated,0.009687,0.009687,interpolated,10,0.9977,0,0.9997,0.006706
human,seqneut25to26_sera_4020,A/Bahia/3102/2025_H3N2,plate25-TGAGTGTCCAGGTACT,0.002965,interpolated,0.00324,0.00324,interpolated,4.434,0.8375,0,0.948,0.08388
human,seqneut25to26_sera_4020,A/Bahia/3102/2025_H3N2,plate25-GAACCTACAAGCAGTC,0.002216,interpolated,0.002216,0.002216,interpolated,1.146,1,0,0.9361,0.0937
human,seqneut25to26_sera_4020,A/SouthAustralia/2523812314/2025_H3N2,plate25-TTTACTCGATCCTCGC,0.008651,interpolated,0.009391,0.009391,interpolated,10,0.72,0,0.8004,0.1409
human,seqneut25to26_sera_4020,A/SouthAustralia/2523812314/2025_H3N2,plate25-GCGGACAGCGGTTATC,0.00427,interpolated,0.004479,0.004479,interpolated,2.784,0.9376,0,0.9695,0.06516
human,seqneut25to26_sera_4020,A/Canberra/530/2025_H1N1,plate25-ATCTTGTATGATATGT,0.0056,interpolated,0.0056,0.0056,interpolated,2.212,1,0,0.9802,0.05441
human,seqneut25to26_sera_4020,A/Canberra/530/2025_H1N1,plate25-ATCTCGGCCGGCCAAT,0.007497,interpolated,0.007606,0.007606,interpolated,2.263,0.9839,0,0.9817,0.0472
human,seqneut25to26_sera_4020,A/SouthAustralia/2523012764/2025_H1N1,plate25-ATGCCGGGCCGTTACT,0.004083,interpolated,0.004113,0.004113,interpolated,6.639,0.9768,0,0.9603,0.07958
human,seqneut25to26_sera_4020,A/SouthAustralia/2523012764/2025_H1N1,plate25-TTCGACAAGTATACGT,0.004802,interpolated,0.005588,0.005588,interpolated,2.502,0.8422,0,0.8495,0.1339
human,seqneut25to26_sera_4020,A/DistritoFederal/250106000728/2025_H3N2,plate25-GATCGGAATAACCGTA,0.001935,interpolated,0.001967,0.001967,interpolated,1.332,0.9891,0,0.9758,0.05787
human,seqneut25to26_sera_4020,A/DistritoFederal/250106000728/2025_H3N2,plate25-ATCGCAAGTACCAGTT,0.003544,interpolated,0.003544,0.003544,interpolated,2.314,1,0,0.9991,0.0121
human,seqneut25to26_sera_4020,A/Vermont/73/2025_H3N2,plate25-GATGACGCGACCTCCT,0.002618,interpolated,0.003164,0.003164,interpolated,1.968,0.8442,0,0.8371,0.1439
human,seqneut25to26_sera_4020,A/Vermont/73/2025_H3N2,plate25-GAGTGCCCAGGTGTTG,0.002035,interpolated,0.003409,0.003409,interpolated,1.067,0.7883,0,0.566,0.229
human,seqneut25to26_sera_4020,A/Tasmania/2521815682/2025_H3N2,plate25-GCATACTGGTTACATT,0.005058,interpolated,0.005166,0.005166,interpolated,2.56,0.9737,0,0.9824,0.0507
human,seqneut25to26_sera_4020,A/Tasmania/2521815682/2025_H3N2,plate25-ATAAATTCTTTATGGA,0.001546,interpolated,0.002763,0.002763,interpolated,0.8,0.8141,0,0.7349,0.1464
human,seqneut25to26_sera_4020,A/DistrictOfColumbia/57/2025_H3N2,plate25-ACATTTAGCGGACCGT,0.003025,interpolated,0.003204,0.003204,interpolated,1.797,0.9511,0,0.9643,0.07172
human,seqneut25to26_sera_4020,A/DistrictOfColumbia/57/2025_H3N2,plate25-AGGAACATGTCCATAC,0.003742,interpolated,0.004065,0.004065,interpolated,10,0.7189,0,0.6044,0.2219
human,seqneut25to26_sera_4020,A/Guangdong-Maonan/11438/2025_H3N2,plate25-AAGACGAAGCGTTTGC,0.004462,interpolated,0.0051,0.0051,interpolated,4.059,0.7906,0,0.8193,0.1524
human,seqneut25to26_sera_4020,A/Guangdong-Maonan/11438/2025_H3N2,plate25-TTTATTACTCTTATGG,0.001552,interpolated,0.001807,0.001807,interpolated,1.177,0.9182,0,0.9208,0.1003
human,seqneut25to26_sera_4020,A/Missouri/11/2025_H1N1,plate25-GTCACAGTCATCGTGT,0.00642,interpolated,0.006762,0.006762,interpolated,2.164,0.9468,0,0.9615,0.06817
human,seqneut25to26_sera_4020,A/Missouri/11/2025_H1N1,plate25-ACGGCATCCCAATTGA,0.007168,interpolated,0.009033,0.009033,interpolated,2.039,0.8121,0,0.9211,0.07902
human,seqneut25to26_sera_4020,A/Queensland/2526516675/2025_H3N2,plate25-ATCATAGCACTAAAAT,0.001558,interpolated,0.001638,0.001638,interpolated,1.025,0.9749,0,0.9814,0.04586
human,seqneut25to26_sera_4020,A/Queensland/2526516675/2025_H3N2,plate25-ACATCCGCCCTTCGGT,0.002207,interpolated,0.002464,0.002464,interpolated,1.367,0.93,0,0.9437,0.08837
human,seqneut25to26_sera_4020,A/Croatia/10136RV/2023-egg_H3N2,plate25-GTCGCCGCTAATCCGA,0.0009273,interpolated,0.0009273,0.0009273,interpolated,2.292,1,0,0.9902,0.04259
human,seqneut25to26_sera_4020,A/Croatia/10136RV/2023-egg_H3N2,plate25-GAAGTGCTGCTGAAGT,0.001616,interpolated,0.001707,0.001707,interpolated,10,0.7893,0,0.8218,0.175
human,seqneut25to26_sera_4020,A/SouthAustralia/2524408801/2025_H3N2,plate25-TCGGTCGGGCGAAGGC,0.002646,interpolated,0.003109,0.003109,interpolated,1.984,0.8631,0,0.9085,0.1093
human,seqneut25to26_sera_4020,A/SouthAustralia/2524408801/2025_H3N2,plate25-AGCTCCACATTTGGCC,0.003765,interpolated,0.003894,0.003894,interpolated,4.208,0.9343,0,0.9555,0.08561
human,seqneut25to26_sera_4020,A/Wisconsin/588/2019_H1N1,plate25-GAAGAAACTATAACCA,0.003202,interpolated,0.00344,0.00344,interpolated,3.41,0.8917,0,0.9575,0.08078
human,seqneut25to26_sera_4020,A/Wisconsin/588/2019_H1N1,plate25-AGTCCTATCCTCAAAT,0.00286,interpolated,0.00286,0.00286,interpolated,2.563,1,0,0.9971,0.02301
human,seqneut25to26_sera_4020,A/Wisconsin/588/2019_H1N1,plate25-TATATTAGTAACATAA,0.002525,interpolated,0.002714,0.002714,interpolated,2.624,0.9135,0,0.9598,0.0791
human,seqneut25to26_sera_4020,A/Thailand/8/2022_H3N2,plate25-CATAAAAGACTGTATA,0.002445,interpolated,0.002445,0.002445,interpolated,1.565,1,0,0.9812,0.0548
human,seqneut25to26_sera_4020,A/Thailand/8/2022_H3N2,plate25-CGTACGTATGTCCCAG,0.002883,interpolated,0.003095,0.003095,interpolated,3.047,0.903,0,0.9553,0.08344
human,seqneut25to26_sera_4020,A/Thailand/8/2022_H3N2,plate25-AGACCATCGCACCCAA,0.001826,interpolated,0.001826,0.001826,interpolated,1.139,1,0,0.9476,0.08596
human,seqneut25to26_sera_4020,A/Bangkok/P3263/2025_H3N2,plate25-TATGCTAAGACTTTTT,0.002052,interpolated,0.002629,0.002629,interpolated,1.654,0.8318,0,0.9312,0.08971
human,seqneut25to26_sera_4020,A/Belgium/H0097/2025_H3N2,plate25-ATCGATCGAGATAACG,0.00209,interpolated,0.002417,0.002417,interpolated,1.007,0.9317,0,0.8711,0.1229
human,seqneut25to26_sera_4020,A/Belgium/H0097/2025_H3N2,plate25-AAGCAGTTTGCCCCCA,0.005073,interpolated,0.005586,0.005586,interpolated,2.457,0.8948,0,0.8971,0.1164
human,seqneut25to26_sera_4020,A/Bangkok/P2323/2025_H3N2,plate25-AGGCGGACTAACTGCA,0.002854,interpolated,0.003205,0.003205,interpolated,1.609,0.915,0,0.9433,0.08723
human,seqneut25to26_sera_4020,A/Bangkok/P2323/2025_H3N2,plate25-AAGCGCTTCCCAGCCA,0.004032,interpolated,0.004437,0.004437,interpolated,10,0.6921,0,0.8136,0.1381
human,seqneut25to26_sera_4020,A/SouthAustralia/2527213276/2025_H3N2,plate25-TTTTCTGACGATGCAG,0.0004085,interpolated,0.0004085,0.0004085,interpolated,0.8,1,0,0.7683,0.1507
human,seqneut25to26_sera_4020,A/SouthAustralia/2527213276/2025_H3N2,plate25-GCTGATAAACAATCTA,0.001146,interpolated,0.002026,0.002026,interpolated,0.8,0.8169,0,0.5706,0.2065
human,seqneut25to26_sera_4020,A/Malaysia/IMR/SARI/2028/2025_H3N2,plate25-GCGGCGCCCGGTTGAT,0.001539,interpolated,0.001921,0.001921,interpolated,1.497,0.8588,0,0.9836,0.04217
human,seqneut25to26_sera_4020,A/Malaysia/IMR/SARI/2028/2025_H3N2,plate25-GCCAGCCGAAAGCCGT,0.002075,interpolated,0.002648,0.002648,interpolated,1.426,0.8532,0,0.9067,0.1055
human,seqneut25to26_sera_4020,A/SouthAfrica/PET37604/2025_H3N2,plate25-ATCAAGGACCCTGGGC,0.002763,interpolated,0.003312,0.003312,interpolated,2.866,0.7974,0,0.905,0.1088
human,seqneut25to26_sera_4020,A/SouthAfrica/PET37604/2025_H3N2,plate25-CGACGCGCCGTCGCTG,0.001756,interpolated,0.001875,0.001875,interpolated,1.232,0.961,0,0.8023,0.1775
human,seqneut25to26_sera_4020,A/HongKong/1382/2025_H3N2,plate25-AGGACCTAAATGAAGT,0.0006776,interpolated,0.0006776,0.0006776,interpolated,2.239,1,0,0.9494,0.09272
human,seqneut25to26_sera_4020,A/HongKong/1382/2025_H3N2,plate25-GCAGCTTGAATGATGT,0.000705,interpolated,0.0008655,0.0008655,interpolated,0.8,0.9244,0,0.7988,0.1401
human,seqneut25to26_sera_4020,A/Malaysia/IMR/SARI/2517/2025_H3N2,plate25-GTCCATAGTTTCGTGA,0.004084,interpolated,0.004084,0.004084,interpolated,1.443,1,0,0.9609,0.0741
human,seqneut25to26_sera_4020,A/Malaysia/IMR/SARI/2517/2025_H3N2,plate25-GATGCCCCTTGGCTCT,0.00276,interpolated,0.003692,0.003692,interpolated,1.343,0.8383,0,0.853,0.1267
human,seqneut25to26_sera_4020,A/NewSouthWales/2526015584/2025_H3N2,plate25-TGTCGGGGTACGGGAC,0.001012,interpolated,0.001246,0.001246,interpolated,0.8,0.9233,0,0.857,0.1072
human,seqneut25to26_sera_4020,A/NewSouthWales/2526015584/2025_H3N2,plate25-TTACCTTAAATCAAAG,0.004987,interpolated,0.005588,0.005588,interpolated,2.508,0.876,0,0.9513,0.07833
human,seqneut25to26_sera_4020,A/England/1837734/2025_H3N2,plate25-ATAGCCCTAACGAAAG,0.003338,interpolated,0.00382,0.00382,interpolated,1.211,0.9247,0,0.9567,0.06904
human,seqneut25to26_sera_4020,A/England/1837734/2025_H3N2,plate25-TCACACCGCTCAGCCT,0.00082,interpolated,0.00082,0.00082,interpolated,0.8743,1,0,0.9579,0.06703
human,seqneut25to26_sera_4020,A/Bangkok/P2572/2025_H3N2,plate25-CGTACTAATCACTCCG,0.00425,interpolated,0.004841,0.004841,interpolated,2.505,0.8608,0,0.8965,0.1135
human,seqneut25to26_sera_4020,A/Bangkok/P2572/2025_H3N2,plate25-TAGATAACTCGCTAGG,0.002835,interpolated,0.003499,0.003499,interpolated,1.251,0.8842,0,0.9048,0.1025
human,seqneut25to26_sera_4020,A/Bangkok/P2390/2025_H3N2,plate25-AAAGGAAGCCCCTCAC,0.009839,interpolated,0.01013,0.01013,interpolated,10,0.8749,0,0.8884,0.1149
human,seqneut25to26_sera_4020,A/Bangkok/P2390/2025_H3N2,plate25-TCCCAAGACAAGCGAC,0.006035,interpolated,0.006704,0.006704,interpolated,2.019,0.9044,0,0.9511,0.07428
human,seqneut25to26_sera_4020,A/Minnesota/96/2025_H3N2,plate25-AACTCCCATGGGGCAG,0.002466,interpolated,0.00302,0.00302,interpolated,2.801,0.7834,0,0.8586,0.1338
human,seqneut25to26_sera_4020,A/Minnesota/96/2025_H3N2,plate25-ATCCGTTGGGCGACAA,0.00204,interpolated,0.002119,0.002119,interpolated,1.853,0.9659,0,0.867,0.1489
human,seqneut25to26_sera_4020,A/Lao/820-2750/2025_H3N2,plate25-AGGAAGATCAAAAGCG,0.001109,interpolated,0.001109,0.001109,interpolated,1.173,1,0,0.9336,0.0995
human,seqneut25to26_sera_4020,A/Lao/820-2750/2025_H3N2,plate25-TTGAAACTCTTGTCCT,0.0006679,interpolated,0.0006679,0.0006679,interpolated,1.261,1,0,0.9452,0.08933
human,seqneut25to26_sera_4020,A/DistrictOfColumbia/27/2023_H3N2,plate25-AAGAAGCTATAGAAGT,0.001446,interpolated,0.001446,0.001446,interpolated,1.39,1,0,0.9599,0.08022
human,seqneut25to26_sera_4020,A/DistrictOfColumbia/27/2023_H3N2,plate25-GAATAATAGAACAGAG,0.002415,interpolated,0.003076,0.003076,interpolated,2.376,0.7816,0,0.98,0.04683
human,seqneut25to26_sera_4020,A/Victoria/4897/2022_IVR-238_H1N1,plate25-AAGTTAAGAGAAAGTT,0.0004924,interpolated,0.0004924,0.0004924,interpolated,1.595,1,0,0.9801,0.05421
human,seqneut25to26_sera_4020,A/Victoria/4897/2022_IVR-238_H1N1,plate25-AATCCGAAATTTATTC,0.0003058,interpolated,0.0003058,0.0003058,interpolated,1.703,1,0,0.989,0.0372
human,seqneut25to26_sera_4020,A/Victoria/4897/2022_IVR-238_H1N1,plate25-AGAGCTAAAAAGAGGA,0.000335,interpolated,0.000335,0.000335,interpolated,1.68,1,0,0.9846,0.04495
human,seqneut25to26_sera_4020,A/SouthAustralia/2525607496/2025_H3N2,plate25-CAAATATAATGTCCTG,0.0007477,interpolated,0.0007477,0.0007477,interpolated,0.9015,1,0,0.9007,0.108
human,seqneut25to26_sera_4020,A/SouthAustralia/2525607496/2025_H3N2,plate25-GTTGATTCGATCATAT,0.0003732,interpolated,0.0003732,0.0003732,interpolated,0.9861,1,0,0.8731,0.1184
human,seqneut25to26_sera_4020,A/HongKong/1257/2025_H3N2,plate25-CACACCTCTCTCGCCG,0.0009494,interpolated,0.0009494,0.0009494,interpolated,0.8949,1,0,0.8193,0.154
human,seqneut25to26_sera_4020,A/HongKong/1257/2025_H3N2,plate25-GTATAGAAATGGGTCA,0.001838,interpolated,0.002467,0.002467,interpolated,1.687,0.8042,0,0.9103,0.09974
human,seqneut25to26_sera_4020,A/Michigan/110/2025_H3N2,plate25-GACTTCTTCCGCTCTT,0.001699,interpolated,0.001743,0.001743,interpolated,0.976,0.9877,0,0.8499,0.1424
human,seqneut25to26_sera_4020,A/Michigan/110/2025_H3N2,plate25-GCTCCTGGTCATATAT,0.002394,interpolated,0.002948,0.002948,interpolated,2.181,0.8174,0,0.9364,0.08747
human,seqneut25to26_sera_4021,A/Peru/GIHSN-04-1089/2025_H3N2,plate25-TTTAGCCGGCTGTAAC,0.02069,interpolated,0.02431,0.02431,interpolated,10,0.6,0,0.5592,0.09821
human,seqneut25to26_sera_4021,A/Peru/GIHSN-04-1089/2025_H3N2,plate25-GATTGAGGGGTCCGGG,0.009127,interpolated,0.01037,0.01037,interpolated,2.25,0.8751,0,0.8263,0.1226
human,seqneut25to26_sera_4021,A/Guangxi-Daxin/1643/2025_H3N2,plate25-GAACACAATTACTTAG,0.00634,interpolated,0.007594,0.007594,interpolated,0.8,0.9327,0,0.8333,0.09428
human,seqneut25to26_sera_4021,A/Guangxi-Daxin/1643/2025_H3N2,plate25-CCATACCACGCCCTGT,0.02144,interpolated,0.02296,0.02296,interpolated,10,0.7519,0,0.5434,0.1598
human,seqneut25to26_sera_4021,A/Galicia/GA-CHUAC-451/2025_H3N2,plate25-TAGCCTATAATCAAGT,0.007611,interpolated,0.01403,0.01403,interpolated,0.8,0.8066,0,0.6762,0.1149
human,seqneut25to26_sera_4021,A/Galicia/GA-CHUAC-451/2025_H3N2,plate25-CATGTGGAGGGTCGAG,0.006117,interpolated,0.008884,0.008884,interpolated,0.8,0.871,0,0.8426,0.08976
human,seqneut25to26_sera_4021,A/Bangkok/P2921/2025_H3N2,plate25-ATTTCATGAGATAGGG,0.01257,interpolated,0.01451,0.01451,interpolated,3.068,0.8221,0,0.8735,0.08694
human,seqneut25to26_sera_4021,A/Bangkok/P2921/2025_H3N2,plate25-GAGATAAAAGAGCTCT,0.002974,interpolated,0.004039,0.004039,interpolated,0.8,0.8915,0,0.8322,0.1123
human,seqneut25to26_sera_4021,A/SouthAfrica/PET37625/2025_H3N2,plate25-GTATTGAATGTCCGGC,0.001895,interpolated,0.003958,0.003958,interpolated,0.8,0.7774,0,0.5814,0.1722
human,seqneut25to26_sera_4021,A/SouthAfrica/PET37625/2025_H3N2,plate25-TTTGGTGAGGCCCAAT,0.001658,interpolated,0.003268,0.003268,interpolated,0.8,0.7906,0,0.7404,0.1358
human,seqneut25to26_sera_4021,A/Massachusetts/18/2022_H3N2,plate25-CATTTCTGATGAATTG,0.01506,interpolated,0.01839,0.01839,interpolated,1.784,0.8502,0,0.6932,0.1183
human,seqneut25to26_sera_4021,A/Massachusetts/18/2022_H3N2,plate25-CGATCTTTACGAAAAA,0.01556,interpolated,0.01602,0.01602,interpolated,5.47,0.9251,0,0.9215,0.08154
human,seqneut25to26_sera_4021,A/Massachusetts/18/2022_H3N2,plate25-TCCACACCCCTAGCTA,0.01245,interpolated,0.01289,0.01289,interpolated,5.564,0.9125,0,0.9303,0.07935
human,seqneut25to26_sera_4021,A/England/174/2025_H3N2,plate25-CCTTATGAATTACGCG,0.003637,interpolated,0.004887,0.004887,interpolated,1.06,0.8656,0,0.8535,0.1088
human,seqneut25to26_sera_4021,A/Indonesia/BIOKES-INAD491/2025_H3N2,plate25-CGGTAAGTTTCGAGGA,0.001728,interpolated,0.006503,0.006503,interpolated,0.8,0.6732,0,0.9436,0.04076
human,seqneut25to26_sera_4021,A/Indonesia/BIOKES-INAD491/2025_H3N2,plate25-ACGATTTTTTCTACAT,0.004097,interpolated,0.004135,0.004135,interpolated,6.075,0.9728,0,0.9512,0.08676
human,seqneut25to26_sera_4021,A/SouthAustralia/2523812314/2025_H3N2,plate25-GCGGACAGCGGTTATC,0.003289,interpolated,0.004777,0.004777,interpolated,1.055,0.8373,0,0.8908,0.09154
human,seqneut25to26_sera_4021,A/SouthAustralia/2523812314/2025_H3N2,plate25-TTTACTCGATCCTCGC,0.003128,interpolated,0.003611,0.003611,interpolated,1.538,0.9007,0,0.8602,0.1302
human,seqneut25to26_sera_4021,A/Wisconsin/67/2022_H1N1,plate25-AAAGCTCTTTTCGTTC,0.01938,interpolated,0.01938,0.01938,interpolated,0.8,1,0,0.659,0.1252
human,seqneut25to26_sera_4021,A/Wisconsin/67/2022_H1N1,plate25-AGGAAAGAAACTGGAG,0.004794,interpolated,0.004906,0.004906,interpolated,1.822,0.9794,0,0.9767,0.05608
human,seqneut25to26_sera_4021,A/Wisconsin/67/2022_H1N1,plate25-CTGAACTTGTCGATAT,0.003723,interpolated,0.004461,0.004461,interpolated,1.672,0.8695,0,0.8441,0.1322
human,seqneut25to26_sera_4021,A/Malaysia/IMR/SARI/2406/2025_H3N2,plate25-CCTACGCTCGTATCCC,0.0007162,interpolated,0.0009173,0.0009173,interpolated,0.8,0.9102,0,0.8008,0.1153
human,seqneut25to26_sera_4021,A/Malaysia/IMR/SARI/2406/2025_H3N2,plate25-AATCATACATGCTTCT,0.004883,interpolated,0.006503,0.006503,interpolated,1.345,0.8401,0,0.8962,0.09063
human,seqneut25to26_sera_4021,A/England/1837737/2025_H3N2,plate25-ATTGGCTGTCGTGGCC,0.004463,interpolated,0.006507,0.006507,interpolated,1.952,0.7396,0,0.9294,0.06785
human,seqneut25to26_sera_4021,A/England/1837737/2025_H3N2,plate25-TACACTCAAACGATGC,0.001386,interpolated,0.003288,0.003288,interpolated,0.8,0.7505,0,0.7551,0.1117
human,seqneut25to26_sera_4021,A/Malaysia/IMR/SARI/2517/2025_H3N2,plate25-GTCCATAGTTTCGTGA,0.00594,interpolated,0.00705,0.00705,interpolated,1.892,0.8616,0,0.9443,0.06986
human,seqneut25to26_sera_4021,A/Malaysia/IMR/SARI/2517/2025_H3N2,plate25-GATGCCCCTTGGCTCT,0.004608,interpolated,0.005574,0.005574,interpolated,1.584,0.8699,0,0.8725,0.1173
human,seqneut25to26_sera_4021,A/Minnesota/96/2025_H3N2,plate25-AACTCCCATGGGGCAG,0.001428,interpolated,0.001428,0.001428,interpolated,0.8059,1,0,0.9326,0.08318
human,seqneut25to26_sera_4021,A/Minnesota/96/2025_H3N2,plate25-ATCCGTTGGGCGACAA,0.003075,interpolated,0.004186,0.004186,interpolated,1.983,0.7713,0,0.7354,0.178
human,seqneut25to26_sera_4021,A/Malaysia/IMR/SARI/2028/2025_H3N2,plate25-GCCAGCCGAAAGCCGT,0.005271,interpolated,0.00638,0.00638,interpolated,1.664,0.8639,0,0.9538,0.06484
human,seqneut25to26_sera_4021,A/Malaysia/IMR/SARI/2028/2025_H3N2,plate25-GCGGCGCCCGGTTGAT,0.001588,interpolated,0.002065,0.002065,interpolated,0.8,0.9053,0,0.858,0.1069
human,seqneut25to26_sera_4021,A/Michigan/110/2025_H3N2,plate25-GACTTCTTCCGCTCTT,0.002495,interpolated,0.003261,0.003261,interpolated,0.8,0.9036,0,0.7569,0.1374
human,seqneut25to26_sera_4021,A/Michigan/110/2025_H3N2,plate25-GCTCCTGGTCATATAT,0.005293,interpolated,0.005293,0.005293,interpolated,1.147,1,0,0.9515,0.07249
human,seqneut25to26_sera_4021,A/NewSouthWales/2526015582/2025_H3N2,plate25-CGAAGATGAGCCCTCG,0.001997,interpolated,0.002586,0.002586,interpolated,0.8,0.9065,0,0.929,0.0747
human,seqneut25to26_sera_4021,A/NewSouthWales/2526015582/2025_H3N2,plate25-TTTGCTACAAGTGAGC,0.005166,interpolated,0.006584,0.006584,interpolated,2.446,0.7761,0,0.9039,0.09294
human,seqneut25to26_sera_4021,A/Bangkok/P2323/2025_H3N2,plate25-AGGCGGACTAACTGCA,0.001365,interpolated,0.001899,0.001899,interpolated,0.82,0.8813,0,0.8207,0.1244
human,seqneut25to26_sera_4021,A/Bangkok/P2323/2025_H3N2,plate25-AAGCGCTTCCCAGCCA,0.0008502,interpolated,0.0008502,0.0008502,interpolated,0.8,1,0,0.9488,0.06862
human,seqneut25to26_sera_4021,A/Bangkok/P2572/2025_H3N2,plate25-CGTACTAATCACTCCG,0.002589,interpolated,0.002617,0.002617,interpolated,0.9754,0.9948,0,0.961,0.06466
human,seqneut25to26_sera_4021,A/Bangkok/P2572/2025_H3N2,plate25-TAGATAACTCGCTAGG,0.003297,interpolated,0.003297,0.003297,interpolated,1.029,1,0,0.9421,0.08104
human,seqneut25to26_sera_4021,A/DistrictOfColumbia/57/2025_H3N2,plate25-ACATTTAGCGGACCGT,0.003264,interpolated,0.00473,0.00473,interpolated,1.742,0.762,0,0.853,0.1157
human,seqneut25to26_sera_4021,A/DistrictOfColumbia/57/2025_H3N2,plate25-AGGAACATGTCCATAC,0.001178,interpolated,0.001178,0.001178,interpolated,0.8,1,0,0.7434,0.1684
human,seqneut25to26_sera_4021,A/HongKong/1257/2025_H3N2,plate25-GTATAGAAATGGGTCA,0.001288,interpolated,0.001593,0.001593,interpolated,0.8,0.9217,0,0.8824,0.09869
human,seqneut25to26_sera_4021,A/HongKong/1257/2025_H3N2,plate25-CACACCTCTCTCGCCG,0.0008631,interpolated,0.0008631,0.0008631,interpolated,0.9254,1,0,0.9299,0.0886
human,seqneut25to26_sera_4021,A/Guangdong-Meijiang/11256/2025_H3N2,plate25-CGTTGCATGTAGCAGG,0.001149,interpolated,0.001491,0.001491,interpolated,0.8,0.906,0,0.786,0.1356
human,seqneut25to26_sera_4021,A/Guangdong-Meijiang/11256/2025_H3N2,plate25-TCCCTTCTTCGCAACT,0.004197,interpolated,0.004375,0.004375,interpolated,10,0.8295,0,0.9282,0.09795
human,seqneut25to26_sera_4021,A/SouthAustralia/2520702747/2025_H1N1,plate25-GCGTAGTTTGATTCAT,0.009703,interpolated,0.009849,0.009849,interpolated,10,0.9305,0,0.8915,0.1155
human,seqneut25to26_sera_4021,A/SouthAustralia/2520702747/2025_H1N1,plate25-TCGTGCTGTCATGCAG,0.004432,interpolated,0.005423,0.005423,interpolated,1.314,0.8835,0,0.8213,0.1298
human,seqneut25to26_sera_4021,A/Bangkok/P2391/2025_H3N2,plate25-TCGGAGAGCGATCCGC,0.001705,interpolated,0.002635,0.002635,interpolated,0.8,0.853,0,0.6963,0.1653
human,seqneut25to26_sera_4021,A/Bangkok/P2390/2025_H3N2,plate25-AAAGGAAGCCCCTCAC,0.00947,interpolated,0.009995,0.009995,interpolated,10,0.7916,0,0.824,0.13
human,seqneut25to26_sera_4021,A/Bangkok/P2390/2025_H3N2,plate25-TCCCAAGACAAGCGAC,0.004398,interpolated,0.004843,0.004843,interpolated,1.279,0.9421,0,0.8754,0.1207
human,seqneut25to26_sera_4021,A/Belgium/H0097/2025_H3N2,plate25-ATCGATCGAGATAACG,0.006475,interpolated,0.008836,0.008836,interpolated,3.012,0.696,0,0.7647,0.1346
human,seqneut25to26_sera_4021,A/Belgium/H0097/2025_H3N2,plate25-AAGCAGTTTGCCCCCA,0.006288,interpolated,0.007179,0.007179,interpolated,1.801,0.8939,0,0.9193,0.09001
human,seqneut25to26_sera_4021,A/Andalucia/PMC-00977/2025_H1N1,plate25-AGAAAAGATAGGAAAG,0.005032,interpolated,0.005045,0.005045,interpolated,1.842,0.9975,0,0.9869,0.04101
human,seqneut25to26_sera_4021,A/Andalucia/PMC-00977/2025_H1N1,plate25-CCTCTGTGTACTAATT,0.006136,interpolated,0.006136,0.006136,interpolated,1.185,1,0,0.8469,0.1351
human,seqneut25to26_sera_4021,A/SouthAustralia/2527003588/2025_H3N2,plate25-ACGAGAAGCAGGGGGC,0.005995,interpolated,0.007585,0.007585,interpolated,4.345,0.6799,0,0.7732,0.1366
human,seqneut25to26_sera_4021,A/Ghana/FS-25-7077/2025_H3N2,plate25-CACATACAACACGACC,0.003692,interpolated,0.006129,0.006129,interpolated,1.616,0.7205,0,0.8796,0.09205
human,seqneut25to26_sera_4021,A/Ghana/FS-25-7077/2025_H3N2,plate25-TTTCGGGGCCCCAATG,0.00339,interpolated,0.003662,0.003662,interpolated,1.273,0.9533,0,0.8795,0.122
human,seqneut25to26_sera_4021,A/Bangkok/P2229/2025_H1N1,plate25-AAGCGACGCGCGACGG,0.004258,interpolated,0.004448,0.004448,interpolated,10,0.823,0,0.8119,0.1525
human,seqneut25to26_sera_4021,A/Bangkok/P2229/2025_H1N1,plate25-GCTTGTTAGCCTGAAG,0.004679,interpolated,0.005468,0.005468,interpolated,2.931,0.8165,0,0.9111,0.09906
human,seqneut25to26_sera_4021,A/SouthAustralia/2527902708/2025_H3N2,plate25-GTGCAATTCCGCGTCC,0.001232,interpolated,0.001232,0.001232,interpolated,1.005,1,0,0.9246,0.09542
human,seqneut25to26_sera_4021,A/SouthAustralia/2527902708/2025_H3N2,plate25-TGGTAGTCCTTAACCG,0.001624,interpolated,0.002612,0.002612,interpolated,0.8,0.8419,0,0.7588,0.1364
human,seqneut25to26_sera_4021,A/England/1822256/2025_H1N1,plate25-CTTTTCCGTGTCCTCT,0.005829,interpolated,0.005975,0.005975,interpolated,1.491,0.9819,0,0.971,0.05449
human,seqneut25to26_sera_4021,A/England/1822256/2025_H1N1,plate25-TACGATACTCGGAAGG,0.007513,interpolated,0.007669,0.007669,interpolated,2.578,0.9742,0,0.9896,0.036
human,seqneut25to26_sera_4021,A/Aragon/2046/2025_H1N1,plate25-GTACACTCTTTCAATT,0.006287,interpolated,0.006287,0.006287,interpolated,1.661,1,0,0.9333,0.09112
human,seqneut25to26_sera_4021,A/Aragon/2046/2025_H1N1,plate25-TCGATTTCTAAATTCC,0.009935,interpolated,0.009935,0.009935,interpolated,3.282,1,0,1,0.002012
human,seqneut25to26_sera_4021,A/Norway/8765/2025_H3N2,plate25-ACCAGGTGGCAGTACA,0.002603,interpolated,0.002839,0.002839,interpolated,1.116,0.9537,0,0.8779,0.1219
human,seqneut25to26_sera_4021,A/Norway/8765/2025_H3N2,plate25-ATTGCAACGCCGGTGT,0.002671,interpolated,0.002671,0.002671,interpolated,1.026,1,0,0.9317,0.09114
human,seqneut25to26_sera_4021,A/Alagoas/4130/2025_H3N2,plate25-GAGGACAGCGGTCGTC,0.002147,interpolated,0.002631,0.002631,interpolated,0.8,0.925,0,0.8568,0.1126
human,seqneut25to26_sera_4021,A/Alagoas/4130/2025_H3N2,plate25-TAGTACTAACACCAGA,0.002708,interpolated,0.004055,0.004055,interpolated,0.9688,0.8382,0,0.7929,0.1355
human,seqneut25to26_sera_4021,A/Colorado/105/2025_H1N1,plate25-CAAATGGGCTGCAGGG,0.00658,interpolated,0.00658,0.00658,interpolated,3.005,1,0,0.992,0.03275
human,seqneut25to26_sera_4021,A/Colorado/105/2025_H1N1,plate25-ACGTCGCTAGACTTTA,0.004589,interpolated,0.005875,0.005875,interpolated,1.737,0.8255,0,0.6152,0.2118
human,seqneut25to26_sera_4021,A/Hawaii/44/2025_H1N1,plate25-TAGATTTGTCCGTACA,0.008842,interpolated,0.009073,0.009073,interpolated,7.008,0.9172,0,0.9676,0.06328
human,seqneut25to26_sera_4021,A/Hawaii/44/2025_H1N1,plate25-TGATATCTGGAATCTG,0.007148,interpolated,0.007958,0.007958,interpolated,2.241,0.8932,0,0.912,0.09713
human,seqneut25to26_sera_4021,A/Vermont/73/2025_H3N2,plate25-GATGACGCGACCTCCT,0.002108,interpolated,0.003425,0.003425,interpolated,0.9241,0.8193,0,0.6394,0.1905
human,seqneut25to26_sera_4021,A/Vermont/73/2025_H3N2,plate25-GAGTGCCCAGGTGTTG,0.01779,interpolated,0.01862,0.01862,interpolated,10,0.8168,0,0.7453,0.1519
human,seqneut25to26_sera_4021,A/France/ARA-HCL025155099501/2025_H1N1,plate25-ATTAACCAATTGAGCA,0.005174,interpolated,0.005278,0.005278,interpolated,1.569,0.9846,0,0.9798,0.04932
human,seqneut25to26_sera_4021,A/SouthAustralia/2527612456/2025_H1N1,plate25-GAAAGACCGATGCCAG,0.007404,interpolated,0.007956,0.007956,interpolated,1.9,0.9362,0,0.8971,0.1056
human,seqneut25to26_sera_4021,A/SouthAustralia/2527612456/2025_H1N1,plate25-GAAGGACTTGGGGCTC,0.006756,interpolated,0.008314,0.008314,interpolated,1.797,0.8443,0,0.9266,0.07632
human,seqneut25to26_sera_4021,A/Tasmania/2521815682/2025_H3N2,plate25-ATAAATTCTTTATGGA,0.001941,interpolated,0.002733,0.002733,interpolated,1.262,0.8247,0,0.9827,0.03867
human,seqneut25to26_sera_4021,A/Tasmania/2521815682/2025_H3N2,plate25-GCATACTGGTTACATT,0.002459,interpolated,0.002459,0.002459,interpolated,0.9788,1,0,0.943,0.0812
human,seqneut25to26_sera_4021,A/Arica/59150/2025_H3N2,plate25-AGAACGGCTTGACACT,0.00345,interpolated,0.003621,0.003621,interpolated,6.251,0.8697,0,0.9502,0.08795
human,seqneut25to26_sera_4021,A/Arica/59150/2025_H3N2,plate25-TGCGATGCATAGTTCG,0.0009816,interpolated,0.0009816,0.0009816,interpolated,1.007,1,0,0.9764,0.05321
human,seqneut25to26_sera_4021,A/DistritoFederal/250106000728/2025_H3N2,plate25-ATCGCAAGTACCAGTT,0.001973,interpolated,0.001973,0.001973,interpolated,2.014,1,0,0.9856,0.04873
human,seqneut25to26_sera_4021,A/DistritoFederal/250106000728/2025_H3N2,plate25-GATCGGAATAACCGTA,0.001543,interpolated,0.001631,0.001631,interpolated,1.188,0.968,0,0.9711,0.05931
human,seqneut25to26_sera_4021,A/SouthAustralia/2524408801/2025_H3N2,plate25-TCGGTCGGGCGAAGGC,0.00177,interpolated,0.002179,0.002179,interpolated,0.8,0.9233,0,0.9126,0.08362
human,seqneut25to26_sera_4021,A/SouthAustralia/2524408801/2025_H3N2,plate25-AGCTCCACATTTGGCC,0.002911,interpolated,0.002912,0.002912,interpolated,1.463,0.9998,0,0.9989,0.01213
human,seqneut25to26_sera_4021,A/Darwin/1461/2025_H3N2,plate25-CAGGTACGCGTTTCTG,0.004246,interpolated,0.00482,0.00482,interpolated,1.565,0.91,0,0.8905,0.1127
human,seqneut25to26_sera_4021,A/Darwin/1461/2025_H3N2,plate25-ATACATCCGACGCTTT,0.003103,interpolated,0.003333,0.003333,interpolated,0.9645,0.9667,0,0.8595,0.1235
human,seqneut25to26_sera_4021,A/Indonesia/BIOKES-I-BT074/2025_H3N2,plate25-ATTACAACCCAGACAA,0.003211,interpolated,0.003638,0.003638,interpolated,2.554,0.8636,0,0.9082,0.11
human,seqneut25to26_sera_4021,A/Indonesia/BIOKES-I-BT074/2025_H3N2,plate25-CATCGACAGGTCCCAC,0.002268,interpolated,0.00277,0.00277,interpolated,1.029,0.9071,0,0.8024,0.1542
human,seqneut25to26_sera_4021,A/NewSouthWales/2526015584/2025_H3N2,plate25-TTACCTTAAATCAAAG,0.001146,interpolated,0.001146,0.001146,interpolated,0.8939,1,0,0.9557,0.06976
human,seqneut25to26_sera_4021,A/NewSouthWales/2526015584/2025_H3N2,plate25-TGTCGGGGTACGGGAC,0.0005257,interpolated,0.0005257,0.0005257,interpolated,0.8,1,0,0.9186,0.08174
human,seqneut25to26_sera_4021,A/Guangdong-Maonan/11438/2025_H3N2,plate25-TTTATTACTCTTATGG,0.00383,interpolated,0.004114,0.004114,interpolated,2.106,0.93,0,0.9304,0.0974
human,seqneut25to26_sera_4021,A/Guangdong-Maonan/11438/2025_H3N2,plate25-AAGACGAAGCGTTTGC,0.003163,interpolated,0.006796,0.006796,interpolated,1.438,0.6665,0,0.6541,0.1547
human,seqneut25to26_sera_4021,A/Norway/8976/2025_H3N2,plate25-TTTGGCGAGCAGCCCG,0.004154,interpolated,0.005414,0.005414,interpolated,2.194,0.7795,0,0.9127,0.09074
human,seqneut25to26_sera_4021,A/Norway/8976/2025_H3N2,plate25-AAACTCTAACTGAGTT,0.003829,interpolated,0.004818,0.004818,interpolated,3.061,0.7474,0,0.8749,0.1125
human,seqneut25to26_sera_4021,A/CoteDIvoire/2007/2025_H1N1,plate25-AAGACCTAGTTTGAAC,0.003268,interpolated,0.003287,0.003287,interpolated,1.191,0.9967,0,0.9305,0.09252
human,seqneut25to26_sera_4021,A/CoteDIvoire/2007/2025_H1N1,plate25-GCTCAGTCGCCACGTT,0.007246,interpolated,0.008028,0.008028,interpolated,2.872,0.8724,0,0.9807,0.04292
human,seqneut25to26_sera_4021,A/Queensland/2526516675/2025_H3N2,plate25-ATCATAGCACTAAAAT,0.002858,interpolated,0.003967,0.003967,interpolated,1.105,0.848,0,0.9025,0.09143
human,seqneut25to26_sera_4021,A/Queensland/2526516675/2025_H3N2,plate25-ACATCCGCCCTTCGGT,0.004189,interpolated,0.005907,0.005907,interpolated,1.685,0.7802,0,0.7724,0.1486
human,seqneut25to26_sera_4021,A/Sydney/1359/2024_H3N2,plate25-AACTCCAATTTGTTTT,0.001945,interpolated,0.002225,0.002225,interpolated,1.435,0.9123,0,0.9628,0.06772
human,seqneut25to26_sera_4021,A/Sydney/1359/2024_H3N2,plate25-CAGGCTGCTGGGCCGC,0.003516,interpolated,0.00471,0.00471,interpolated,2.498,0.7408,0,0.7902,0.1532
human,seqneut25to26_sera_4021,A/DistrictOfColumbia/27/2023_H3N2,plate25-GAATAATAGAACAGAG,0.004155,interpolated,0.005107,0.005107,interpolated,1.329,0.8801,0,0.7537,0.1742
human,seqneut25to26_sera_4021,A/DistrictOfColumbia/27/2023_H3N2,plate25-AAGAAGCTATAGAAGT,0.003104,interpolated,0.003104,0.003104,interpolated,0.8,1,0,0.6999,0.181
human,seqneut25to26_sera_4021,A/SouthAustralia/2523012764/2025_H1N1,plate25-ATGCCGGGCCGTTACT,0.007569,interpolated,0.00768,0.00768,interpolated,4.438,0.9687,0,0.9903,0.03857
human,seqneut25to26_sera_4021,A/SouthAustralia/2523012764/2025_H1N1,plate25-TTCGACAAGTATACGT,0.003856,interpolated,0.004873,0.004873,interpolated,1.304,0.8684,0,0.7166,0.1851
human,seqneut25to26_sera_4021,A/Bhutan/1267/2025_H3N2,plate25-CTGAGTATGGGGCTCA,0.0005477,interpolated,0.0005477,0.0005477,interpolated,0.8,1,0,0.8658,0.1076
human,seqneut25to26_sera_4021,A/Bhutan/1267/2025_H3N2,plate25-TAAAAGCTCCCATTAC,0.00354,interpolated,0.00471,0.00471,interpolated,2.316,0.7581,0,0.929,0.07978
human,seqneut25to26_sera_4021,A/Bangkok/P3067/2025_H1N1,plate25-GTTGACTGCCTTTCTT,0.006488,interpolated,0.006652,0.006652,interpolated,5.285,0.9385,0,0.9349,0.09883
human,seqneut25to26_sera_4021,A/Bangkok/P3067/2025_H1N1,plate25-CGAACATGGGAACTAA,0.003986,interpolated,0.0041,0.0041,interpolated,1.493,0.9795,0,0.9472,0.08438
human,seqneut25to26_sera_4021,A/BritishColumbia/PHL-2473/2025_H1N1,plate25-CCTAGCCGGAAACATG,0.004469,interpolated,0.004469,0.004469,interpolated,1.523,1,0,0.9853,0.04342
human,seqneut25to26_sera_4021,A/BritishColumbia/PHL-2473/2025_H1N1,plate25-TCGCGGATTAAACCAT,0.005198,interpolated,0.005875,0.005875,interpolated,2.24,0.8802,0,0.8853,0.116
human,seqneut25to26_sera_4021,A/Bhutan/7/2025_H3N2,plate25-ATGCGTTTATCGATTT,0.001692,interpolated,0.002047,0.002047,interpolated,1.169,0.9003,0,0.8324,0.1474
human,seqneut25to26_sera_4021,A/Bhutan/7/2025_H3N2,plate25-AGCAGTCCCGCTAGTC,0.001287,interpolated,0.001511,0.001511,interpolated,0.8,0.9398,0,0.8995,0.09147
human,seqneut25to26_sera_4021,A/SouthAfrica/PET37604/2025_H3N2,plate25-ATCAAGGACCCTGGGC,0.009299,interpolated,0.01259,0.01259,interpolated,3.557,0.6701,0,0.9048,0.0701
human,seqneut25to26_sera_4021,A/SouthAfrica/PET37604/2025_H3N2,plate25-CGACGCGCCGTCGCTG,0.008969,interpolated,0.009869,0.009869,interpolated,10,0.6923,0,0.6241,0.1974
human,seqneut25to26_sera_4021,A/DistritoFederal/2578578201/2025_H3N2,plate25-GCCAACTTTCACTTGG,0.001564,interpolated,0.001971,0.001971,interpolated,1.207,0.8783,0,0.9397,0.08249
human,seqneut25to26_sera_4021,A/DistritoFederal/2578578201/2025_H3N2,plate25-GAACGGAGATCTGTTG,0.00335,interpolated,0.003696,0.003696,interpolated,1.696,0.9233,0,0.8941,0.1223
human,seqneut25to26_sera_4021,A/Norway/9556/2025_H1N1,plate25-TATCCGGGTCTGATGC,0.007002,interpolated,0.00767,0.00767,interpolated,1.065,0.9538,0,0.8074,0.1323
human,seqneut25to26_sera_4021,A/Norway/9556/2025_H1N1,plate25-TAACCGGTCAGATGTT,0.005016,interpolated,0.005565,0.005565,interpolated,1.45,0.9302,0,0.8929,0.1099
human,seqneut25to26_sera_4021,A/Guangxi-Qingxiu/SWL11742/2025_H1N1,plate25-GTCTTGTCGATTGGTA,0.002602,interpolated,0.002994,0.002994,interpolated,1.552,0.9023,0,0.9634,0.06479
human,seqneut25to26_sera_4021,A/Guangxi-Qingxiu/SWL11742/2025_H1N1,plate25-TGTCGGTGCGCCGCTT,0.006597,interpolated,0.006715,0.006715,interpolated,2.331,0.9798,0,0.9953,0.02449
human,seqneut25to26_sera_4021,A/Thailand/8/2022_H3N2,plate25-CATAAAAGACTGTATA,0.01843,interpolated,0.019,0.019,interpolated,10,0.8702,0,0.7898,0.1401
human,seqneut25to26_sera_4021,A/Thailand/8/2022_H3N2,plate25-CGTACGTATGTCCCAG,0.005729,interpolated,0.00711,0.00711,interpolated,1.926,0.8299,0,0.6718,0.1941
human,seqneut25to26_sera_4021,A/Thailand/8/2022_H3N2,plate25-AGACCATCGCACCCAA,0.01004,interpolated,0.01036,0.01036,interpolated,10,0.8641,0,0.8797,0.1118
human,seqneut25to26_sera_4021,A/England/1837734/2025_H3N2,plate25-ATAGCCCTAACGAAAG,0.002066,interpolated,0.002731,0.002731,interpolated,1.31,0.8468,0,0.9329,0.08449
human,seqneut25to26_sera_4021,A/England/1837734/2025_H3N2,plate25-TCACACCGCTCAGCCT,0.0008914,interpolated,0.0008914,0.0008914,interpolated,0.8501,1,0,0.8705,0.1211
human,seqneut25to26_sera_4021,A/SouthAustralia/2525607496/2025_H3N2,plate25-CAAATATAATGTCCTG,0.004099,interpolated,0.004423,0.004423,interpolated,10,0.7335,0,0.7959,0.1523
human,seqneut25to26_sera_4021,A/SouthAustralia/2525607496/2025_H3N2,plate25-GTTGATTCGATCATAT,0.001188,interpolated,0.001573,0.001573,interpolated,1.182,0.8587,0,0.8729,0.118
human,seqneut25to26_sera_4021,A/SouthAustralia/2519001037/2025_H1N1,plate25-TATGTCCGCACCGCCG,0.003237,interpolated,0.003557,0.003557,interpolated,2.482,0.8956,0,0.8787,0.1344
human,seqneut25to26_sera_4021,A/SouthAustralia/2519001037/2025_H1N1,plate25-ACGATCGTCGGAGGTC,0.005509,interpolated,0.005509,0.005509,interpolated,1.796,1,0,0.9893,0.03757
human,seqneut25to26_sera_4021,A/Bangkok/P3263/2025_H3N2,plate25-TATGCTAAGACTTTTT,0.002569,interpolated,0.003345,0.003345,interpolated,1.077,0.8763,0,0.8508,0.1248
human,seqneut25to26_sera_4021,A/California/61/2025_H3N2,plate25-AGAGGCCGGACGTAAA,0.001594,interpolated,0.001625,0.001625,interpolated,0.8592,0.9918,0,0.7763,0.1686
human,seqneut25to26_sera_4021,A/California/61/2025_H3N2,plate25-CCAGGATCTATCCTTC,0.001926,interpolated,0.003492,0.003492,interpolated,0.8602,0.7997,0,0.762,0.1304
human,seqneut25to26_sera_4021,A/Canberra/530/2025_H1N1,plate25-ATCTTGTATGATATGT,0.003694,interpolated,0.003694,0.003694,interpolated,1.129,1,0,0.9766,0.05192
human,seqneut25to26_sera_4021,A/Canberra/530/2025_H1N1,plate25-ATCTCGGCCGGCCAAT,0.003657,interpolated,0.004205,0.004205,interpolated,1.409,0.9107,0,0.8779,0.1197
human,seqneut25to26_sera_4021,A/Canberra/465/2025_H1N1,plate25-GAATCTCCCGCGTATA,0.003472,interpolated,0.003852,0.003852,interpolated,1.482,0.9285,0,0.9144,0.1009
human,seqneut25to26_sera_4021,A/Canberra/465/2025_H1N1,plate25-TGTGCGAAGTTGATGT,0.002519,interpolated,0.002519,0.002519,interpolated,1.595,1,0,0.9414,0.09623
human,seqneut25to26_sera_4021,A/Darwin/1405/2025_H1N1,plate25-TCGCTTTAGCCGGACC,0.006057,interpolated,0.006057,0.006057,interpolated,0.8356,1,0,0.7285,0.1686
human,seqneut25to26_sera_4021,A/Darwin/1405/2025_H1N1,plate25-CGTCAATGGGTCATCG,0.003251,interpolated,0.003251,0.003251,interpolated,1.111,1,0,0.967,0.06386
human,seqneut25to26_sera_4021,A/Philippines/SARI25-1425/2025_H1N1,plate25-CCGTGTGTTGTGCGCA,0.003793,interpolated,0.003877,0.003877,interpolated,3.83,0.9595,0,0.946,0.08926
human,seqneut25to26_sera_4021,A/Philippines/SARI25-1425/2025_H1N1,plate25-TGATGCCGTCAGCCTT,0.006253,interpolated,0.006269,0.006269,interpolated,2.324,0.997,0,0.9995,0.008058
human,seqneut25to26_sera_4021,A/Zacapa/FLU-261/2025_H1N1,plate25-CTCGCGGGTATATAGA,0.004669,interpolated,0.005357,0.005357,interpolated,2.696,0.8451,0,0.9197,0.09295
human,seqneut25to26_sera_4021,A/Zacapa/FLU-261/2025_H1N1,plate25-CTTGAACCAGCAGTGT,0.00439,interpolated,0.004473,0.004473,interpolated,10,0.9149,0,0.9202,0.1057
human,seqneut25to26_sera_4021,A/Missouri/11/2025_H1N1,plate25-ACGGCATCCCAATTGA,0.008792,interpolated,0.008951,0.008951,interpolated,10,0.9176,0,0.876,0.1374
human,seqneut25to26_sera_4021,A/Missouri/11/2025_H1N1,plate25-GTCACAGTCATCGTGT,0.004152,interpolated,0.004343,0.004343,interpolated,2.003,0.957,0,0.9691,0.06362
human,seqneut25to26_sera_4021,A/Anapolis/LEIAL6543/2025_H3N2,plate25-AACACTCAATACCGGT,0.001842,interpolated,0.002841,0.002841,interpolated,1.885,0.7208,0,0.8199,0.1364
human,seqneut25to26_sera_4021,A/Anapolis/LEIAL6543/2025_H3N2,plate25-AAATATTGAGACTAAT,0.003279,interpolated,0.003906,0.003906,interpolated,4.436,0.73,0,0.9104,0.09504
human,seqneut25to26_sera_4021,A/California/63/2025_H1N1,plate25-CACAGCGCTGGCCTTG,0.008687,interpolated,0.008952,0.008952,interpolated,10,0.8705,0,0.8061,0.1714
human,seqneut25to26_sera_4021,A/California/63/2025_H1N1,plate25-CGACTCTGTCGGGTAA,0.007216,interpolated,0.007293,0.007293,interpolated,1.619,0.9914,0,0.9574,0.06933
human,seqneut25to26_sera_4021,A/Lao/820-2750/2025_H3N2,plate25-TTGAAACTCTTGTCCT,0.00241,interpolated,0.003712,0.003712,interpolated,2.303,0.6848,0,0.7788,0.1463
human,seqneut25to26_sera_4021,A/Lao/820-2750/2025_H3N2,plate25-AGGAAGATCAAAAGCG,0.0008776,interpolated,0.0009591,0.0009591,interpolated,0.8,0.9657,0,0.7991,0.1457
human,seqneut25to26_sera_4021,A/Norway/9107/2025_H1N1,plate25-TCTGTAGCTCCCTCAC,0.005356,interpolated,0.005632,0.005632,interpolated,2.145,0.949,0,0.9474,0.08166
human,seqneut25to26_sera_4021,A/Norway/9107/2025_H1N1,plate25-ACTTTCCTCCCATGCG,0.004184,interpolated,0.004353,0.004353,interpolated,1.847,0.9647,0,0.9764,0.05567
human,seqneut25to26_sera_4021,A/Bahia/3102/2025_H3N2,plate25-GAACCTACAAGCAGTC,0.001713,interpolated,0.001896,0.001896,interpolated,3.476,0.8514,0,0.9429,0.0892
human,seqneut25to26_sera_4021,A/Bahia/3102/2025_H3N2,plate25-TGAGTGTCCAGGTACT,0.0009303,interpolated,0.0009303,0.0009303,interpolated,0.9553,1,0,0.9147,0.1041
human,seqneut25to26_sera_4021,A/Bangkok/1803/2025_H1N1,plate25-GTCGTCCGTAAGTTCA,0.00566,interpolated,0.00636,0.00636,interpolated,1.498,0.9198,0,0.873,0.1169
human,seqneut25to26_sera_4021,A/Bangkok/1803/2025_H1N1,plate25-TTTCCAGGGCTTCCCG,0.003092,interpolated,0.003092,0.003092,interpolated,1.202,1,0,0.9775,0.05432
human,seqneut25to26_sera_4021,A/Croatia/10136RV/2023-egg_H3N2,plate25-GAAGTGCTGCTGAAGT,0.005507,interpolated,0.006204,0.006204,interpolated,5.521,0.7588,0,0.828,0.1415
human,seqneut25to26_sera_4021,A/Croatia/10136RV/2023-egg_H3N2,plate25-GTCGCCGCTAATCCGA,0.00295,interpolated,0.00295,0.00295,interpolated,2.985,1,0,0.9966,0.02471
human,seqneut25to26_sera_4021,A/Ghana/ARI-25-1125/2025_H1N1,plate25-GACGGACTATCAACGA,0.002304,interpolated,0.002997,0.002997,interpolated,1.46,0.8405,0,0.9629,0.06115
human,seqneut25to26_sera_4021,A/Ghana/ARI-25-1125/2025_H1N1,plate25-CCGTTAGGGATTCCTC,0.01676,interpolated,0.01869,0.01869,interpolated,10,0.6677,0,0.5517,0.1969
human,seqneut25to26_sera_4021,A/Catalonia/NSVH102689455/2025_H1N1,plate25-GCAGAAAGAGGTAATA,0.00373,interpolated,0.003853,0.003853,interpolated,1.227,0.9805,0,0.9652,0.06282
human,seqneut25to26_sera_4021,A/Catalonia/NSVH102689455/2025_H1N1,plate25-TGTCTGCGCTTAAGTT,0.005673,interpolated,0.005673,0.005673,interpolated,0.9732,1,0,0.8091,0.1463
human,seqneut25to26_sera_4021,A/SouthAustralia/2524712956/2025_H1N1,plate25-TTTTCGATAATAATCT,0.008987,interpolated,0.00919,0.00919,interpolated,10,0.8997,0,0.8449,0.1532
human,seqneut25to26_sera_4021,A/SouthAustralia/2524712956/2025_H1N1,plate25-GCCCACGTTTAACTTT,0.004841,interpolated,0.005224,0.005224,interpolated,1.148,0.9581,0,0.8419,0.1305
human,seqneut25to26_sera_4021,A/Hawaii/70/2019_H1N1,plate25-TGGAATCGTCACCGAT,0.001675,interpolated,0.001789,0.001789,interpolated,3.442,0.8988,0,0.9882,0.04456
human,seqneut25to26_sera_4021,A/Hawaii/70/2019_H1N1,plate25-AGTAAACATGCATTGG,0.001007,interpolated,0.001066,0.001066,interpolated,1.928,0.9483,0,0.9925,0.03465
human,seqneut25to26_sera_4021,A/Hawaii/70/2019_H1N1,plate25-ATAGAATCGCAAATTA,0.001676,interpolated,0.001774,0.001774,interpolated,10,0.7844,0,0.9241,0.1065
human,seqneut25to26_sera_4021,A/Denmark/3070/2025_H1N1,plate25-TCTGTGCGAGCATCGG,0.01075,interpolated,0.0114,0.0114,interpolated,4.018,0.8958,0,0.9442,0.07291
human,seqneut25to26_sera_4021,A/Denmark/3070/2025_H1N1,plate25-ATGAGCTAAACATGAT,0.01062,interpolated,0.0107,0.0107,interpolated,10,0.9646,0,0.9586,0.06924
human,seqneut25to26_sera_4021,A/SouthAustralia/2527213276/2025_H3N2,plate25-GCTGATAAACAATCTA,0.0007539,interpolated,0.0007539,0.0007539,interpolated,0.8,1,0,0.9183,0.08904
human,seqneut25to26_sera_4021,A/SouthAustralia/2527213276/2025_H3N2,plate25-TTTTCTGACGATGCAG,0.002509,interpolated,0.00317,0.00317,interpolated,1.042,0.8919,0,0.8652,0.1148
human,seqneut25to26_sera_4021,A/Wisconsin/588/2019_H1N1,plate25-GAAGAAACTATAACCA,0.002025,interpolated,0.002206,0.002206,interpolated,2.897,0.8906,0,0.9291,0.1082
human,seqneut25to26_sera_4021,A/Wisconsin/588/2019_H1N1,plate25-TATATTAGTAACATAA,0.001848,interpolated,0.002056,0.002056,interpolated,3.608,0.8401,0,0.9844,0.04645
human,seqneut25to26_sera_4021,A/Wisconsin/588/2019_H1N1,plate25-AGTCCTATCCTCAAAT,0.001805,interpolated,0.001897,0.001897,interpolated,10,0.8048,0,0.8412,0.1597
human,seqneut25to26_sera_4021,A/Sydney/400/2025_H1N1,plate25-CGATTACGCTTTCCGG,0.0004349,interpolated,0.0004349,0.0004349,interpolated,0.915,1,0,0.8076,0.1509
human,seqneut25to26_sera_4021,A/Sydney/400/2025_H1N1,plate25-TTCTAACGATTGTAGG,0.0006284,interpolated,0.0006284,0.0006284,interpolated,1.668,1,0,0.9831,0.05217
human,seqneut25to26_sera_4021,A/Victoria/4897/2022_IVR-238_H1N1,plate25-AAGTTAAGAGAAAGTT,0.0002652,interpolated,0.0002762,0.0002762,interpolated,2.017,0.9606,0,0.9994,0.008204
human,seqneut25to26_sera_4021,A/Victoria/4897/2022_IVR-238_H1N1,plate25-AATCCGAAATTTATTC,0.0003104,interpolated,0.0003104,0.0003104,interpolated,7.246,1,0,0.9322,0.1073
human,seqneut25to26_sera_4021,A/Victoria/4897/2022_IVR-238_H1N1,plate25-AGAGCTAAAAAGAGGA,0.0002409,interpolated,0.0002409,0.0002409,interpolated,2.029,1,0,0.9982,0.0145
human,seqneut25to26_sera_4021,A/HongKong/1382/2025_H3N2,plate25-AGGACCTAAATGAAGT,0.003647,interpolated,0.004873,0.004873,interpolated,2.012,0.7791,0,0.907,0.09876
human,seqneut25to26_sera_4021,A/HongKong/1382/2025_H3N2,plate25-GCAGCTTGAATGATGT,0.001982,interpolated,0.002665,0.002665,interpolated,1.256,0.8447,0,0.7836,0.1644
human,seqneut25to26_sera_4022,A/England/1837734/2025_H3N2,plate25-TCACACCGCTCAGCCT,0.001102,interpolated,0.001102,0.001102,interpolated,0.8,1,0,0.7709,0.145
human,seqneut25to26_sera_4022,A/England/1837734/2025_H3N2,plate25-ATAGCCCTAACGAAAG,0.001282,interpolated,0.001724,0.001724,interpolated,0.8,0.8944,0,0.8023,0.1261
human,seqneut25to26_sera_4022,A/SouthAustralia/2527612456/2025_H1N1,plate25-GAAAGACCGATGCCAG,0.01272,interpolated,0.01346,0.01346,interpolated,2.32,0.9388,0,0.9305,0.06958
human,seqneut25to26_sera_4022,A/SouthAustralia/2527612456/2025_H1N1,plate25-GAAGGACTTGGGGCTC,0.0131,interpolated,0.01391,0.01391,interpolated,3.732,0.8991,0,0.8115,0.1266
human,seqneut25to26_sera_4022,A/DistrictOfColumbia/57/2025_H3N2,plate25-ACATTTAGCGGACCGT,0.002026,interpolated,0.002741,0.002741,interpolated,0.8,0.8926,0,0.844,0.1057
human,seqneut25to26_sera_4022,A/DistrictOfColumbia/57/2025_H3N2,plate25-AGGAACATGTCCATAC,0.004347,interpolated,0.004539,0.004539,interpolated,1.195,0.9748,0,0.9677,0.05901
human,seqneut25to26_sera_4022,A/CoteDIvoire/2007/2025_H1N1,plate25-AAGACCTAGTTTGAAC,0.008909,interpolated,0.01563,0.01563,interpolated,0.8,0.8189,0,0.5889,0.114
human,seqneut25to26_sera_4022,A/CoteDIvoire/2007/2025_H1N1,plate25-GCTCAGTCGCCACGTT,0.01012,interpolated,0.01029,0.01029,interpolated,10,0.9241,0,0.9471,0.07638
human,seqneut25to26_sera_4022,A/SouthAustralia/2527003588/2025_H3N2,plate25-GTATCACGTCGTTTAC,0.001434,interpolated,0.002329,0.002329,interpolated,0.8,0.8393,0,0.6901,0.1363
human,seqneut25to26_sera_4022,A/SouthAustralia/2527003588/2025_H3N2,plate25-ACGAGAAGCAGGGGGC,0.005545,interpolated,0.00712,0.00712,interpolated,2.047,0.7997,0,0.8084,0.1311
human,seqneut25to26_sera_4022,A/Hawaii/44/2025_H1N1,plate25-TAGATTTGTCCGTACA,0.01142,interpolated,0.01207,0.01207,interpolated,1.29,0.9656,0,0.8835,0.09044
human,seqneut25to26_sera_4022,A/Hawaii/44/2025_H1N1,plate25-TGATATCTGGAATCTG,0.01216,interpolated,0.01269,0.01269,interpolated,3.518,0.9306,0,0.9329,0.07624
human,seqneut25to26_sera_4022,A/NewSouthWales/2526015582/2025_H3N2,plate25-TTTGCTACAAGTGAGC,0.009632,interpolated,0.01124,0.01124,interpolated,2.364,0.8474,0,0.7805,0.1338
human,seqneut25to26_sera_4022,A/NewSouthWales/2526015582/2025_H3N2,plate25-CGAAGATGAGCCCTCG,0.00263,interpolated,0.004043,0.004043,interpolated,0.8,0.8545,0,0.8283,0.1099
human,seqneut25to26_sera_4022,A/Tasmania/2521815682/2025_H3N2,plate25-ATAAATTCTTTATGGA,0.002394,interpolated,0.003278,0.003278,interpolated,0.8,0.8889,0,0.893,0.0861
human,seqneut25to26_sera_4022,A/Tasmania/2521815682/2025_H3N2,plate25-GCATACTGGTTACATT,0.003549,interpolated,0.003611,0.003611,interpolated,0.8,0.9931,0,0.9748,0.04508
human,seqneut25to26_sera_4022,A/Norway/9556/2025_H1N1,plate25-TAACCGGTCAGATGTT,0.01363,interpolated,0.01419,0.01419,interpolated,1.008,0.9804,0,0.8886,0.07747
human,seqneut25to26_sera_4022,A/Norway/9556/2025_H1N1,plate25-TATCCGGGTCTGATGC,0.006725,interpolated,0.007499,0.007499,interpolated,2.051,0.8999,0,0.904,0.0983
human,seqneut25to26_sera_4022,A/Aragon/2046/2025_H1N1,plate25-GTACACTCTTTCAATT,0.007326,interpolated,0.008109,0.008109,interpolated,2.042,0.9063,0,0.8697,0.1131
human,seqneut25to26_sera_4022,A/Aragon/2046/2025_H1N1,plate25-TCGATTTCTAAATTCC,0.01012,interpolated,0.01017,0.01017,interpolated,10,0.9762,0,0.9744,0.05474
human,seqneut25to26_sera_4022,A/Ghana/ARI-25-1125/2025_H1N1,plate25-GACGGACTATCAACGA,0.004296,interpolated,0.006545,0.006545,interpolated,1.438,0.773,0,0.8534,0.1039
human,seqneut25to26_sera_4022,A/Ghana/ARI-25-1125/2025_H1N1,plate25-CCGTTAGGGATTCCTC,0.01247,interpolated,0.01339,0.01339,interpolated,4.898,0.8525,0,0.8743,0.1075
human,seqneut25to26_sera_4022,A/Ghana/FS-25-7077/2025_H3N2,plate25-TTTCGGGGCCCCAATG,0.008224,interpolated,0.008224,0.008224,interpolated,0.8535,1,0,0.6851,0.1745
human,seqneut25to26_sera_4022,A/Ghana/FS-25-7077/2025_H3N2,plate25-CACATACAACACGACC,0.007162,interpolated,0.009272,0.009272,interpolated,1.723,0.8205,0,0.8402,0.1125
human,seqneut25to26_sera_4022,A/Norway/8976/2025_H3N2,plate25-TTTGGCGAGCAGCCCG,0.01411,interpolated,0.01667,0.01667,interpolated,5.326,0.7056,0,0.6531,0.1513
human,seqneut25to26_sera_4022,A/Norway/8976/2025_H3N2,plate25-AAACTCTAACTGAGTT,0.001727,interpolated,0.001727,0.001727,interpolated,0.8023,1,0,0.9616,0.0607
human,seqneut25to26_sera_4022,A/California/63/2025_H1N1,plate25-CACAGCGCTGGCCTTG,0.004883,interpolated,0.004883,0.004883,interpolated,1.039,1,0,0.9229,0.08745
human,seqneut25to26_sera_4022,A/California/63/2025_H1N1,plate25-CGACTCTGTCGGGTAA,0.006353,interpolated,0.006593,0.006593,interpolated,1.403,0.9747,0,0.9645,0.0611
human,seqneut25to26_sera_4022,A/Bangkok/P2391/2025_H3N2,plate25-CGGGTCCTAGGCGAGG,0.0009651,interpolated,0.0009651,0.0009651,interpolated,1.251,1,0,0.9703,0.06436
human,seqneut25to26_sera_4022,A/Bangkok/P2391/2025_H3N2,plate25-TCGGAGAGCGATCCGC,0.00449,interpolated,0.008393,0.008393,interpolated,1.978,0.6451,0,0.7723,0.116
human,seqneut25to26_sera_4022,A/Arica/59150/2025_H3N2,plate25-TGCGATGCATAGTTCG,0.004119,interpolated,0.004526,0.004526,interpolated,1.202,0.9464,0,0.8776,0.1171
human,seqneut25to26_sera_4022,A/Arica/59150/2025_H3N2,plate25-AGAACGGCTTGACACT,0.005291,interpolated,0.008438,0.008438,interpolated,1.37,0.7637,0,0.6147,0.1861
human,seqneut25to26_sera_4022,A/Hawaii/70/2019_H1N1,plate25-AGTAAACATGCATTGG,0.007602,interpolated,0.008097,0.008097,interpolated,1.734,0.9481,0,0.9111,0.09543
human,seqneut25to26_sera_4022,A/Hawaii/70/2019_H1N1,plate25-TGGAATCGTCACCGAT,0.01433,interpolated,0.01484,0.01484,interpolated,6.273,0.901,0,0.8814,0.1046
human,seqneut25to26_sera_4022,A/Hawaii/70/2019_H1N1,plate25-ATAGAATCGCAAATTA,0.007486,interpolated,0.008533,0.008533,interpolated,1.414,0.9156,0,0.8972,0.09613
human,seqneut25to26_sera_4022,A/DistritoFederal/2578578201/2025_H3N2,plate25-GCCAACTTTCACTTGG,0.002435,interpolated,0.003098,0.003098,interpolated,0.8,0.9123,0,0.7484,0.1575
human,seqneut25to26_sera_4022,A/DistritoFederal/2578578201/2025_H3N2,plate25-GAACGGAGATCTGTTG,0.007112,interpolated,0.00811,0.00811,interpolated,2.785,0.8468,0,0.7864,0.1577
human,seqneut25to26_sera_4022,A/Denmark/3070/2025_H1N1,plate25-TCTGTGCGAGCATCGG,0.009508,interpolated,0.009553,0.009553,interpolated,10,0.977,0,0.8724,0.1134
human,seqneut25to26_sera_4022,A/Denmark/3070/2025_H1N1,plate25-ATGAGCTAAACATGAT,0.009721,interpolated,0.009767,0.009767,interpolated,10,0.9768,0,0.969,0.0613
human,seqneut25to26_sera_4022,A/France/ARA-HCL025155099501/2025_H1N1,plate25-ATTAACCAATTGAGCA,0.005866,interpolated,0.00596,0.00596,interpolated,1.202,0.9905,0,0.9452,0.07447
human,seqneut25to26_sera_4022,A/Bangkok/P2390/2025_H3N2,plate25-AAAGGAAGCCCCTCAC,0.002003,interpolated,0.002137,0.002137,interpolated,0.9092,0.9713,0,0.9614,0.06111
human,seqneut25to26_sera_4022,A/Bangkok/P2390/2025_H3N2,plate25-TCCCAAGACAAGCGAC,0.004167,interpolated,0.004503,0.004503,interpolated,1.257,0.9535,0,0.852,0.1369
human,seqneut25to26_sera_4022,A/SouthAustralia/2523812314/2025_H3N2,plate25-GCGGACAGCGGTTATC,0.002258,interpolated,0.002258,0.002258,interpolated,0.8,1,0,0.9229,0.08727
human,seqneut25to26_sera_4022,A/SouthAustralia/2523812314/2025_H3N2,plate25-TTTACTCGATCCTCGC,0.002694,interpolated,0.004589,0.004589,interpolated,1.006,0.7926,0,0.635,0.1855
human,seqneut25to26_sera_4022,A/Norway/9107/2025_H1N1,plate25-ACTTTCCTCCCATGCG,0.009656,interpolated,0.009656,0.009656,interpolated,1.861,1,0,0.9917,0.02708
human,seqneut25to26_sera_4022,A/Norway/9107/2025_H1N1,plate25-TCTGTAGCTCCCTCAC,0.008272,interpolated,0.008308,0.008308,interpolated,2.19,0.9953,0,0.9976,0.01638
human,seqneut25to26_sera_4022,A/Queensland/2526516675/2025_H3N2,plate25-ATCATAGCACTAAAAT,0.00129,interpolated,0.001477,0.001477,interpolated,0.8,0.9488,0,0.9342,0.07375
human,seqneut25to26_sera_4022,A/Queensland/2526516675/2025_H3N2,plate25-ACATCCGCCCTTCGGT,0.001922,interpolated,0.002192,0.002192,interpolated,2.382,0.8655,0,0.7785,0.1844
human,seqneut25to26_sera_4022,A/Bangkok/P2572/2025_H3N2,plate25-TAGATAACTCGCTAGG,0.002107,interpolated,0.002875,0.002875,interpolated,1.05,0.8609,0,0.8541,0.1153
human,seqneut25to26_sera_4022,A/Bangkok/P2572/2025_H3N2,plate25-CGTACTAATCACTCCG,0.001999,interpolated,0.002992,0.002992,interpolated,0.8,0.8621,0,0.8367,0.1089
human,seqneut25to26_sera_4022,A/Bangkok/1803/2025_H1N1,plate25-TTTCCAGGGCTTCCCG,0.006083,interpolated,0.00656,0.00656,interpolated,0.9555,0.9652,0,0.927,0.07543
human,seqneut25to26_sera_4022,A/Bangkok/1803/2025_H1N1,plate25-GTCGTCCGTAAGTTCA,0.01139,interpolated,0.01168,0.01168,interpolated,3.358,0.9597,0,0.9037,0.09458
human,seqneut25to26_sera_4022,A/Bangkok/P3067/2025_H1N1,plate25-GTTGACTGCCTTTCTT,0.005156,interpolated,0.005156,0.005156,interpolated,1.099,1,0,0.9496,0.06995
human,seqneut25to26_sera_4022,A/Bangkok/P3067/2025_H1N1,plate25-CGAACATGGGAACTAA,0.00907,interpolated,0.009105,0.009105,interpolated,5.894,0.9889,0,0.9816,0.04719
human,seqneut25to26_sera_4022,A/England/1822256/2025_H1N1,plate25-TACGATACTCGGAAGG,0.01244,interpolated,0.01275,0.01275,interpolated,3.224,0.9611,0,0.9514,0.06408
human,seqneut25to26_sera_4022,A/England/1822256/2025_H1N1,plate25-CTTTTCCGTGTCCTCT,0.01083,interpolated,0.01116,0.01116,interpolated,3.838,0.9467,0,0.9352,0.0778
human,seqneut25to26_sera_4022,A/SouthAustralia/2520702747/2025_H1N1,plate25-GCGTAGTTTGATTCAT,0.008075,interpolated,0.008075,0.008075,interpolated,2.26,1,0,0.997,0.01833
human,seqneut25to26_sera_4022,A/SouthAustralia/2520702747/2025_H1N1,plate25-TCGTGCTGTCATGCAG,0.006765,interpolated,0.006872,0.006872,interpolated,2.001,0.9845,0,0.9773,0.05147
human,seqneut25to26_sera_4022,A/Wisconsin/67/2022_H1N1,plate25-CTGAACTTGTCGATAT,0.009908,interpolated,0.01005,0.01005,interpolated,4.279,0.9703,0,0.9388,0.07955
human,seqneut25to26_sera_4022,A/Wisconsin/67/2022_H1N1,plate25-AAAGCTCTTTTCGTTC,0.01007,interpolated,0.01019,0.01019,interpolated,10,0.9434,0,0.8628,0.1215
human,seqneut25to26_sera_4022,A/Wisconsin/67/2022_H1N1,plate25-AGGAAAGAAACTGGAG,0.007603,interpolated,0.008034,0.008034,interpolated,2.332,0.9397,0,0.9595,0.06709
human,seqneut25to26_sera_4022,A/Malaysia/IMR/SARI/2406/2025_H3N2,plate25-CCTACGCTCGTATCCC,0.00623,interpolated,0.01023,0.01023,interpolated,1.363,0.7544,0,0.6343,0.1633
human,seqneut25to26_sera_4022,A/Malaysia/IMR/SARI/2406/2025_H3N2,plate25-AATCATACATGCTTCT,0.001642,interpolated,0.001642,0.001642,interpolated,0.8339,1,0,0.8848,0.1132
human,seqneut25to26_sera_4022,A/England/1837737/2025_H3N2,plate25-ATTGGCTGTCGTGGCC,0.001398,interpolated,0.001444,0.001444,interpolated,0.8,0.9871,0,0.8143,0.1403
human,seqneut25to26_sera_4022,A/England/1837737/2025_H3N2,plate25-TACACTCAAACGATGC,0.003072,interpolated,0.004128,0.004128,interpolated,1.893,0.7857,0,0.8661,0.1157
human,seqneut25to26_sera_4022,A/Wisconsin/588/2019_H1N1,plate25-GAAGAAACTATAACCA,0.008057,interpolated,0.008146,0.008146,interpolated,1.782,0.9903,0,0.9472,0.07664
human,seqneut25to26_sera_4022,A/Wisconsin/588/2019_H1N1,plate25-AGTCCTATCCTCAAAT,0.009538,interpolated,0.009669,0.009669,interpolated,10,0.9361,0,0.882,0.1261
human,seqneut25to26_sera_4022,A/Wisconsin/588/2019_H1N1,plate25-TATATTAGTAACATAA,0.004718,interpolated,0.004718,0.004718,interpolated,0.9653,1,0,0.8634,0.1229
human,seqneut25to26_sera_4022,A/Andalucia/PMC-00977/2025_H1N1,plate25-AGAAAAGATAGGAAAG,0.01048,interpolated,0.01057,0.01057,interpolated,10,0.9611,0,0.9844,0.0412
human,seqneut25to26_sera_4022,A/Andalucia/PMC-00977/2025_H1N1,plate25-CCTCTGTGTACTAATT,0.02073,interpolated,0.02101,0.02101,interpolated,10,0.937,0,0.9314,0.07157
human,seqneut25to26_sera_4022,A/Colorado/105/2025_H1N1,plate25-ACGTCGCTAGACTTTA,0.01395,interpolated,0.01395,0.01395,interpolated,2.989,1,0,0.9969,0.01585
human,seqneut25to26_sera_4022,A/Colorado/105/2025_H1N1,plate25-CAAATGGGCTGCAGGG,0.01137,interpolated,0.01143,0.01143,interpolated,2.954,0.9915,0,0.9964,0.019
human,seqneut25to26_sera_4022,A/Bahia/3102/2025_H3N2,plate25-GAACCTACAAGCAGTC,0.008283,interpolated,0.008876,0.008876,interpolated,10,0.7504,0,0.7718,0.1586
human,seqneut25to26_sera_4022,A/Bahia/3102/2025_H3N2,plate25-TGAGTGTCCAGGTACT,0.002254,interpolated,0.002254,0.002254,interpolated,0.9294,1,0,0.936,0.08567
human,seqneut25to26_sera_4022,A/Bangkok/P2229/2025_H1N1,plate25-AAGCGACGCGCGACGG,0.003626,interpolated,0.005227,0.005227,interpolated,0.8,0.8732,0,0.8527,0.09845
human,seqneut25to26_sera_4022,A/Bangkok/P2229/2025_H1N1,plate25-GCTTGTTAGCCTGAAG,0.009155,interpolated,0.01045,0.01045,interpolated,1.861,0.8907,0,0.7078,0.174
human,seqneut25to26_sera_4022,A/Norway/8765/2025_H3N2,plate25-ATTGCAACGCCGGTGT,0.003874,interpolated,0.005115,0.005115,interpolated,1.591,0.8213,0,0.8806,0.1057
human,seqneut25to26_sera_4022,A/Norway/8765/2025_H3N2,plate25-ACCAGGTGGCAGTACA,0.004615,interpolated,0.005703,0.005703,interpolated,1.988,0.8283,0,0.8201,0.1412
human,seqneut25to26_sera_4022,A/Canberra/530/2025_H1N1,plate25-ATCTCGGCCGGCCAAT,0.01088,interpolated,0.01123,0.01123,interpolated,3.028,0.9543,0,0.9205,0.08177
human,seqneut25to26_sera_4022,A/Canberra/530/2025_H1N1,plate25-ATCTTGTATGATATGT,0.00423,interpolated,0.00423,0.00423,interpolated,1.161,1,0,0.9359,0.0873
human,seqneut25to26_sera_4022,A/Bangkok/P2323/2025_H3N2,plate25-AGGCGGACTAACTGCA,0.002165,interpolated,0.002668,0.002668,interpolated,0.8,0.9231,0,0.8849,0.09385
human,seqneut25to26_sera_4022,A/Bangkok/P2323/2025_H3N2,plate25-AAGCGCTTCCCAGCCA,0.007404,interpolated,0.008842,0.008842,interpolated,3.604,0.7637,0,0.734,0.1632
human,seqneut25to26_sera_4022,A/Anapolis/LEIAL6543/2025_H3N2,plate25-AAATATTGAGACTAAT,0.001733,interpolated,0.001733,0.001733,interpolated,0.8742,1,0,0.8987,0.1061
human,seqneut25to26_sera_4022,A/Anapolis/LEIAL6543/2025_H3N2,plate25-AACACTCAATACCGGT,0.009157,interpolated,0.009765,0.009765,interpolated,10,0.7631,0,0.7926,0.1455
human,seqneut25to26_sera_4022,A/Vermont/73/2025_H3N2,plate25-GATGACGCGACCTCCT,0.001789,interpolated,0.002456,0.002456,interpolated,0.8,0.8882,0,0.8141,0.1227
human,seqneut25to26_sera_4022,A/Vermont/73/2025_H3N2,plate25-GAGTGCCCAGGTGTTG,0.001135,interpolated,0.001135,0.001135,interpolated,0.8,1,0,0.747,0.1759
human,seqneut25to26_sera_4022,A/Guangxi-Qingxiu/SWL11742/2025_H1N1,plate25-GTCTTGTCGATTGGTA,0.004705,interpolated,0.00602,0.00602,interpolated,1.21,0.871,0,0.776,0.1443
human,seqneut25to26_sera_4022,A/Guangxi-Qingxiu/SWL11742/2025_H1N1,plate25-TGTCGGTGCGCCGCTT,0.008865,interpolated,0.009296,0.009296,interpolated,2.43,0.9455,0,0.9811,0.04408
human,seqneut25to26_sera_4022,A/BritishColumbia/PHL-2473/2025_H1N1,plate25-CCTAGCCGGAAACATG,0.01066,interpolated,0.01121,0.01121,interpolated,3.397,0.9212,0,0.9426,0.07156
human,seqneut25to26_sera_4022,A/BritishColumbia/PHL-2473/2025_H1N1,plate25-TCGCGGATTAAACCAT,0.01058,interpolated,0.01058,0.01058,interpolated,1.147,1,0,0.6254,0.207
human,seqneut25to26_sera_4022,A/DistritoFederal/250106000728/2025_H3N2,plate25-ATCGCAAGTACCAGTT,0.001993,interpolated,0.002486,0.002486,interpolated,0.8921,0.9106,0,0.8604,0.1146
human,seqneut25to26_sera_4022,A/DistritoFederal/250106000728/2025_H3N2,plate25-GATCGGAATAACCGTA,0.004741,interpolated,0.00499,0.00499,interpolated,1.301,0.9678,0,0.9218,0.09494
human,seqneut25to26_sera_4022,A/Alagoas/4130/2025_H3N2,plate25-TAGTACTAACACCAGA,0.001388,interpolated,0.001942,0.001942,interpolated,1.054,0.851,0,0.8663,0.1167
human,seqneut25to26_sera_4022,A/Alagoas/4130/2025_H3N2,plate25-GAGGACAGCGGTCGTC,0.0009555,interpolated,0.0009555,0.0009555,interpolated,0.9782,1,0,0.9248,0.09806
human,seqneut25to26_sera_4022,A/SouthAustralia/2519001037/2025_H1N1,plate25-ACGATCGTCGGAGGTC,0.01052,interpolated,0.01052,0.01052,interpolated,1.224,1,0,0.9258,0.07469
human,seqneut25to26_sera_4022,A/SouthAustralia/2519001037/2025_H1N1,plate25-TATGTCCGCACCGCCG,0.008207,interpolated,0.008207,0.008207,interpolated,1.02,1,0,0.8147,0.1329
human,seqneut25to26_sera_4022,A/Zacapa/FLU-261/2025_H1N1,plate25-CTCGCGGGTATATAGA,0.006375,interpolated,0.006971,0.006971,interpolated,1.349,0.9432,0,0.8802,0.1116
human,seqneut25to26_sera_4022,A/Zacapa/FLU-261/2025_H1N1,plate25-CTTGAACCAGCAGTGT,0.01032,interpolated,0.01039,0.01039,interpolated,4.703,0.9844,0,0.9863,0.03867
human,seqneut25to26_sera_4022,A/Malaysia/IMR/SARI/2517/2025_H3N2,plate25-GTCCATAGTTTCGTGA,0.00205,interpolated,0.002655,0.002655,interpolated,0.8,0.9065,0,0.8898,0.09315
human,seqneut25to26_sera_4022,A/Malaysia/IMR/SARI/2517/2025_H3N2,plate25-GATGCCCCTTGGCTCT,0.006372,interpolated,0.009013,0.009013,interpolated,2.188,0.7341,0,0.7963,0.1246
human,seqneut25to26_sera_4022,A/California/61/2025_H3N2,plate25-AGAGGCCGGACGTAAA,0.002515,interpolated,0.003832,0.003832,interpolated,0.8,0.857,0,0.7199,0.1485
human,seqneut25to26_sera_4022,A/California/61/2025_H3N2,plate25-CCAGGATCTATCCTTC,0.003312,interpolated,0.006278,0.006278,interpolated,2.217,0.6211,0,0.6878,0.1524
human,seqneut25to26_sera_4022,A/Sydney/400/2025_H1N1,plate25-TTCTAACGATTGTAGG,0.004629,interpolated,0.005175,0.005175,interpolated,1.466,0.9246,0,0.8708,0.1213
human,seqneut25to26_sera_4022,A/Sydney/400/2025_H1N1,plate25-CGATTACGCTTTCCGG,0.01074,interpolated,0.01083,0.01083,interpolated,10,0.9613,0,0.9603,0.06673
human,seqneut25to26_sera_4022,A/Philippines/SARI25-1425/2025_H1N1,plate25-CCGTGTGTTGTGCGCA,0.02007,interpolated,0.02043,0.02043,interpolated,10,0.9186,0,0.7637,0.1494
human,seqneut25to26_sera_4022,A/Philippines/SARI25-1425/2025_H1N1,plate25-TGATGCCGTCAGCCTT,0.008734,interpolated,0.009471,0.009471,interpolated,2.644,0.9036,0,0.9506,0.06902
human,seqneut25to26_sera_4022,A/Darwin/1405/2025_H1N1,plate25-CGTCAATGGGTCATCG,0.004347,interpolated,0.004663,0.004663,interpolated,1.287,0.9569,0,0.9162,0.09699
human,seqneut25to26_sera_4022,A/Darwin/1405/2025_H1N1,plate25-TCGCTTTAGCCGGACC,0.00953,interpolated,0.00968,0.00968,interpolated,10,0.928,0,0.9299,0.09405
human,seqneut25to26_sera_4022,A/Catalonia/NSVH102689455/2025_H1N1,plate25-GCAGAAAGAGGTAATA,0.007112,interpolated,0.007219,0.007219,interpolated,1.352,0.99,0,0.9017,0.1004
human,seqneut25to26_sera_4022,A/Catalonia/NSVH102689455/2025_H1N1,plate25-TGTCTGCGCTTAAGTT,0.009926,interpolated,0.01013,0.01013,interpolated,10,0.9076,0,0.7844,0.164
human,seqneut25to26_sera_4022,A/SouthAustralia/2527902708/2025_H3N2,plate25-TGGTAGTCCTTAACCG,0.001634,interpolated,0.003129,0.003129,interpolated,0.8,0.7974,0,0.6499,0.1741
human,seqneut25to26_sera_4022,A/Guangdong-Maonan/11438/2025_H3N2,plate25-AAGACGAAGCGTTTGC,0.0007118,interpolated,0.0008233,0.0008233,interpolated,0.8,0.945,0,0.8321,0.1208
human,seqneut25to26_sera_4022,A/Guangdong-Maonan/11438/2025_H3N2,plate25-TTTATTACTCTTATGG,0.001274,interpolated,0.002899,0.002899,interpolated,0.8,0.7589,0,0.623,0.1766
human,seqneut25to26_sera_4022,A/Bangkok/P3263/2025_H3N2,plate25-TATGCTAAGACTTTTT,0.001163,interpolated,0.001163,0.001163,interpolated,0.8,1,0,0.866,0.1178
human,seqneut25to26_sera_4022,A/SouthAustralia/2523012764/2025_H1N1,plate25-ATGCCGGGCCGTTACT,0.005325,interpolated,0.005974,0.005974,interpolated,1.613,0.9153,0,0.9121,0.09897
human,seqneut25to26_sera_4022,A/SouthAustralia/2523012764/2025_H1N1,plate25-TTCGACAAGTATACGT,0.003823,interpolated,0.003989,0.003989,interpolated,1.184,0.9755,0,0.8855,0.1185
human,seqneut25to26_sera_4022,A/SouthAustralia/2524408801/2025_H3N2,plate25-AGCTCCACATTTGGCC,0.002685,interpolated,0.00358,0.00358,interpolated,0.8035,0.8968,0,0.8132,0.1255
human,seqneut25to26_sera_4022,A/SouthAustralia/2524408801/2025_H3N2,plate25-TCGGTCGGGCGAAGGC,0.006492,interpolated,0.008138,0.008138,interpolated,4.217,0.6928,0,0.7825,0.1375
human,seqneut25to26_sera_4022,A/SouthAustralia/2524712956/2025_H1N1,plate25-TTTTCGATAATAATCT,0.01059,interpolated,0.01066,0.01066,interpolated,4.477,0.9852,0,0.9916,0.03059
human,seqneut25to26_sera_4022,A/SouthAustralia/2524712956/2025_H1N1,plate25-GCCCACGTTTAACTTT,0.004489,interpolated,0.005376,0.005376,interpolated,1.399,0.8885,0,0.8495,0.1239
human,seqneut25to26_sera_4022,A/Sydney/1359/2024_H3N2,plate25-AACTCCAATTTGTTTT,0.001588,interpolated,0.001683,0.001683,interpolated,1.067,0.9698,0,0.9219,0.09987
human,seqneut25to26_sera_4022,A/Sydney/1359/2024_H3N2,plate25-CAGGCTGCTGGGCCGC,0.001323,interpolated,0.001323,0.001323,interpolated,1.106,1,0,0.936,0.09483
human,seqneut25to26_sera_4022,A/Indonesia/BIOKES-INAD491/2025_H3N2,plate25-CGGTAAGTTTCGAGGA,0.0009389,interpolated,0.0009389,0.0009389,interpolated,1.335,1,0,0.98,0.05488
human,seqneut25to26_sera_4022,A/Indonesia/BIOKES-INAD491/2025_H3N2,plate25-ACGATTTTTTCTACAT,0.001507,interpolated,0.001794,0.001794,interpolated,1.239,0.903,0,0.9345,0.08953
human,seqneut25to26_sera_4022,A/Canberra/465/2025_H1N1,plate25-GAATCTCCCGCGTATA,0.005287,interpolated,0.005287,0.005287,interpolated,1.8,1,0,0.9926,0.03156
human,seqneut25to26_sera_4022,A/Canberra/465/2025_H1N1,plate25-TGTGCGAAGTTGATGT,0.005103,interpolated,0.005112,0.005112,interpolated,1.805,0.9984,0,0.9732,0.0613
human,seqneut25to26_sera_4022,A/HongKong/1257/2025_H3N2,plate25-GTATAGAAATGGGTCA,0.001415,interpolated,0.00232,0.00232,interpolated,1.659,0.7202,0,0.9573,0.05934
human,seqneut25to26_sera_4022,A/HongKong/1257/2025_H3N2,plate25-CACACCTCTCTCGCCG,0.0008696,interpolated,0.0008696,0.0008696,interpolated,1.038,1,0,0.9443,0.08401
human,seqneut25to26_sera_4022,A/Guangxi-Daxin/1643/2025_H3N2,plate25-GAACACAATTACTTAG,0.003629,interpolated,0.003918,0.003918,interpolated,1.474,0.9466,0,0.8929,0.1215
human,seqneut25to26_sera_4022,A/Guangxi-Daxin/1643/2025_H3N2,plate25-CCATACCACGCCCTGT,0.005101,interpolated,0.005392,0.005392,interpolated,4.798,0.8832,0,0.8986,0.124
human,seqneut25to26_sera_4022,A/Minnesota/96/2025_H3N2,plate25-AACTCCCATGGGGCAG,0.0009441,interpolated,0.0009441,0.0009441,interpolated,0.862,1,0,0.9414,0.0802
human,seqneut25to26_sera_4022,A/Minnesota/96/2025_H3N2,plate25-ATCCGTTGGGCGACAA,0.002082,interpolated,0.002212,0.002212,interpolated,1.154,0.9663,0,0.8929,0.1205
human,seqneut25to26_sera_4022,A/SouthAustralia/2527213276/2025_H3N2,plate25-GCTGATAAACAATCTA,0.0006755,interpolated,0.0006755,0.0006755,interpolated,0.8968,1,0,0.8035,0.1588
human,seqneut25to26_sera_4022,A/SouthAustralia/2527213276/2025_H3N2,plate25-TTTTCTGACGATGCAG,0.0004969,interpolated,0.0004969,0.0004969,interpolated,0.9424,1,0,0.9005,0.1021
human,seqneut25to26_sera_4022,A/Missouri/11/2025_H1N1,plate25-GTCACAGTCATCGTGT,0.004739,interpolated,0.004907,0.004907,interpolated,2.607,0.9565,0,0.9108,0.112
human,seqneut25to26_sera_4022,A/Missouri/11/2025_H1N1,plate25-ACGGCATCCCAATTGA,0.01045,interpolated,0.01089,0.01089,interpolated,10,0.8313,0,0.8457,0.1225
human,seqneut25to26_sera_4022,A/NewSouthWales/2526015584/2025_H3N2,plate25-TTACCTTAAATCAAAG,0.001783,interpolated,0.001938,0.001938,interpolated,0.9291,0.9627,0,0.8779,0.1203
human,seqneut25to26_sera_4022,A/NewSouthWales/2526015584/2025_H3N2,plate25-TGTCGGGGTACGGGAC,0.0006021,interpolated,0.0006633,0.0006633,interpolated,0.8,0.9628,0,0.7817,0.1443
human,seqneut25to26_sera_4022,A/Guangdong-Meijiang/11256/2025_H3N2,plate25-CGTTGCATGTAGCAGG,0.0007957,interpolated,0.0007957,0.0007957,interpolated,1.359,1,0,0.9948,0.02708
human,seqneut25to26_sera_4022,A/Guangdong-Meijiang/11256/2025_H3N2,plate25-TCCCTTCTTCGCAACT,0.001763,interpolated,0.003002,0.003002,interpolated,1.191,0.7651,0,0.5123,0.2666
human,seqneut25to26_sera_4022,A/Galicia/GA-CHUAC-451/2025_H3N2,plate25-CATGTGGAGGGTCGAG,0.001292,interpolated,0.001307,0.001307,interpolated,1.067,0.994,0,0.9528,0.07809
human,seqneut25to26_sera_4022,A/Galicia/GA-CHUAC-451/2025_H3N2,plate25-TAGCCTATAATCAAGT,0.004338,interpolated,0.004697,0.004697,interpolated,10,0.7256,0,0.8481,0.1269
human,seqneut25to26_sera_4022,A/Michigan/110/2025_H3N2,plate25-GACTTCTTCCGCTCTT,0.001156,interpolated,0.001156,0.001156,interpolated,0.9739,1,0,0.9465,0.0812
human,seqneut25to26_sera_4022,A/Michigan/110/2025_H3N2,plate25-GCTCCTGGTCATATAT,0.001199,interpolated,0.001275,0.001275,interpolated,0.8257,0.9751,0,0.9226,0.08899
human,seqneut25to26_sera_4022,A/Bhutan/7/2025_H3N2,plate25-ATGCGTTTATCGATTT,0.001815,interpolated,0.002096,0.002096,interpolated,2.902,0.8289,0,0.8312,0.1538
human,seqneut25to26_sera_4022,A/Bhutan/7/2025_H3N2,plate25-AGCAGTCCCGCTAGTC,0.001379,interpolated,0.001391,0.001391,interpolated,0.9461,0.9959,0,0.9217,0.09801
human,seqneut25to26_sera_4022,A/Croatia/10136RV/2023-egg_H3N2,plate25-GAAGTGCTGCTGAAGT,0.0004634,interpolated,0.0004634,0.0004634,interpolated,0.8,1,0,0.7996,0.1306
human,seqneut25to26_sera_4022,A/Croatia/10136RV/2023-egg_H3N2,plate25-GTCGCCGCTAATCCGA,0.003142,interpolated,0.003576,0.003576,interpolated,9.831,0.64,0,0.5634,0.2731
human,seqneut25to26_sera_4022,A/Peru/GIHSN-04-1089/2025_H3N2,plate25-TTTAGCCGGCTGTAAC,0.0005668,interpolated,0.0005668,0.0005668,interpolated,0.8,1,0,0.8993,0.09785
human,seqneut25to26_sera_4022,A/Peru/GIHSN-04-1089/2025_H3N2,plate25-GATTGAGGGGTCCGGG,0.002964,interpolated,0.003538,0.003538,interpolated,3.834,0.7538,0,0.7743,0.1756
human,seqneut25to26_sera_4022,A/Belgium/H0097/2025_H3N2,plate25-ATCGATCGAGATAACG,0.001249,interpolated,0.00142,0.00142,interpolated,1.146,0.9315,0,0.9471,0.08045
human,seqneut25to26_sera_4022,A/Belgium/H0097/2025_H3N2,plate25-AAGCAGTTTGCCCCCA,0.001727,interpolated,0.001772,0.001772,interpolated,0.949,0.9878,0,0.8522,0.1396
human,seqneut25to26_sera_4022,A/Victoria/4897/2022_IVR-238_H1N1,plate25-AAGTTAAGAGAAAGTT,0.000511,interpolated,0.0005267,0.0005267,interpolated,1.376,0.9796,0,0.9569,0.07612
human,seqneut25to26_sera_4022,A/Victoria/4897/2022_IVR-238_H1N1,plate25-AGAGCTAAAAAGAGGA,0.0004897,interpolated,0.0004897,0.0004897,interpolated,1.466,1,0,0.9849,0.04557
human,seqneut25to26_sera_4022,A/Victoria/4897/2022_IVR-238_H1N1,plate25-AATCCGAAATTTATTC,0.0001849,interpolated,0.0001849,0.0001849,interpolated,0.934,1,0,0.8225,0.1169
human,seqneut25to26_sera_4022,A/SouthAustralia/2525607496/2025_H3N2,plate25-CAAATATAATGTCCTG,0.0009629,interpolated,0.001155,0.001155,interpolated,0.9106,0.9237,0,0.8912,0.1077
human,seqneut25to26_sera_4022,A/SouthAustralia/2525607496/2025_H3N2,plate25-GTTGATTCGATCATAT,0.0002704,interpolated,0.0002704,0.0002704,interpolated,0.8,1,0,0.8528,0.1079
human,seqneut25to26_sera_4022,A/Thailand/8/2022_H3N2,plate25-CATAAAAGACTGTATA,0.001532,interpolated,0.0016,0.0016,interpolated,1.968,0.9591,0,0.9944,0.02996
human,seqneut25to26_sera_4022,A/Thailand/8/2022_H3N2,plate25-AGACCATCGCACCCAA,0.001778,interpolated,0.001827,0.001827,interpolated,10,0.8799,0,0.9331,0.1067
human,seqneut25to26_sera_4022,A/Thailand/8/2022_H3N2,plate25-CGTACGTATGTCCCAG,0.001745,interpolated,0.00191,0.00191,interpolated,2.159,0.9114,0,0.9955,0.02566
human,seqneut25to26_sera_4022,A/England/174/2025_H3N2,plate25-CCTTATGAATTACGCG,0.000577,interpolated,0.000577,0.000577,interpolated,0.9204,1,0,0.9614,0.06275
human,seqneut25to26_sera_4022,A/Bhutan/1267/2025_H3N2,plate25-CTGAGTATGGGGCTCA,0.000845,interpolated,0.000845,0.000845,interpolated,0.826,1,0,0.946,0.07443
human,seqneut25to26_sera_4022,A/Bhutan/1267/2025_H3N2,plate25-TAAAAGCTCCCATTAC,0.0009675,interpolated,0.0009675,0.0009675,interpolated,0.854,1,0,0.8072,0.1569
human,seqneut25to26_sera_4022,A/Darwin/1461/2025_H3N2,plate25-ATACATCCGACGCTTT,0.003585,interpolated,0.003586,0.003586,interpolated,4.218,0.9992,0,1,0.002692
human,seqneut25to26_sera_4022,A/Darwin/1461/2025_H3N2,plate25-CAGGTACGCGTTTCTG,0.000727,interpolated,0.000727,0.000727,interpolated,0.8,1,0,0.9434,0.07313
human,seqneut25to26_sera_4022,A/Bangkok/P2921/2025_H3N2,plate25-ATTTCATGAGATAGGG,0.002194,interpolated,0.002425,0.002425,interpolated,1.474,0.9313,0,0.9259,0.103
human,seqneut25to26_sera_4022,A/Bangkok/P2921/2025_H3N2,plate25-GAGATAAAAGAGCTCT,0.0007953,interpolated,0.0007953,0.0007953,interpolated,0.8497,1,0,0.8976,0.1063
human,seqneut25to26_sera_4022,A/HongKong/1382/2025_H3N2,plate25-GCAGCTTGAATGATGT,0.001523,interpolated,0.001523,0.001523,interpolated,0.8756,1,0,0.7986,0.159
human,seqneut25to26_sera_4022,A/HongKong/1382/2025_H3N2,plate25-AGGACCTAAATGAAGT,0.001194,interpolated,0.001194,0.001194,interpolated,1.402,1,0,0.9687,0.06433
human,seqneut25to26_sera_4022,A/Indonesia/BIOKES-I-BT074/2025_H3N2,plate25-ATTACAACCCAGACAA,0.001145,interpolated,0.001145,0.001145,interpolated,1.057,1,0,0.9701,0.06186
human,seqneut25to26_sera_4022,A/Indonesia/BIOKES-I-BT074/2025_H3N2,plate25-CATCGACAGGTCCCAC,0.0008646,interpolated,0.0008646,0.0008646,interpolated,1.192,1,0,0.9321,0.09868
human,seqneut25to26_sera_4022,A/Massachusetts/18/2022_H3N2,plate25-CATTTCTGATGAATTG,0.00239,interpolated,0.002411,0.002411,interpolated,1.131,0.9951,0,0.9803,0.04978
human,seqneut25to26_sera_4022,A/Massachusetts/18/2022_H3N2,plate25-TCCACACCCCTAGCTA,0.00341,interpolated,0.003938,0.003938,interpolated,2.704,0.839,0,0.9733,0.0567
human,seqneut25to26_sera_4022,A/Massachusetts/18/2022_H3N2,plate25-CGATCTTTACGAAAAA,0.003172,interpolated,0.004224,0.004224,interpolated,2.328,0.7566,0,0.9171,0.09261
human,seqneut25to26_sera_4022,A/Malaysia/IMR/SARI/2028/2025_H3N2,plate25-GCCAGCCGAAAGCCGT,0.001675,interpolated,0.002193,0.002193,interpolated,1.587,0.8261,0,0.9315,0.08966
human,seqneut25to26_sera_4022,A/Malaysia/IMR/SARI/2028/2025_H3N2,plate25-GCGGCGCCCGGTTGAT,0.0008441,interpolated,0.0008441,0.0008441,interpolated,1.162,1,0,0.9476,0.08633
human,seqneut25to26_sera_4022,A/SouthAfrica/PET37625/2025_H3N2,plate25-TTTGGTGAGGCCCAAT,0.0007168,interpolated,0.0007742,0.0007742,interpolated,0.9479,0.9648,0,0.9653,0.05949
human,seqneut25to26_sera_4022,A/SouthAfrica/PET37625/2025_H3N2,plate25-GTATTGAATGTCCGGC,0.0005997,interpolated,0.0005997,0.0005997,interpolated,0.8,1,0,0.8882,0.1037
human,seqneut25to26_sera_4022,A/SouthAfrica/PET37604/2025_H3N2,plate25-ATCAAGGACCCTGGGC,0.001177,interpolated,0.00132,0.00132,interpolated,0.8,0.9561,0,0.8059,0.1432
human,seqneut25to26_sera_4022,A/SouthAfrica/PET37604/2025_H3N2,plate25-CGACGCGCCGTCGCTG,0.007137,interpolated,0.007858,0.007858,interpolated,9.983,0.6914,0,0.7581,0.1682
human,seqneut25to26_sera_4022,A/DistrictOfColumbia/27/2023_H3N2,plate25-AAGAAGCTATAGAAGT,0.001338,interpolated,0.001692,0.001692,interpolated,1.472,0.8539,0,0.9214,0.09701
human,seqneut25to26_sera_4022,A/DistrictOfColumbia/27/2023_H3N2,plate25-GAATAATAGAACAGAG,0.002252,interpolated,0.002652,0.002652,interpolated,1.221,0.9096,0,0.9429,0.07973
human,seqneut25to26_sera_4022,A/Lao/820-2750/2025_H3N2,plate25-AGGAAGATCAAAAGCG,0.0008267,interpolated,0.0008267,0.0008267,interpolated,0.9469,1,0,0.9416,0.08216
human,seqneut25to26_sera_4022,A/Lao/820-2750/2025_H3N2,plate25-TTGAAACTCTTGTCCT,0.001245,interpolated,0.001245,0.001245,interpolated,1.374,1,0,0.9101,0.122
human,seqneut25to26_sera_4023,A/Bangkok/P2391/2025_H3N2,plate25-CGGGTCCTAGGCGAGG,0.009026,interpolated,0.02129,0.02129,interpolated,0.8,0.7517,0,0.4974,0.1268
human,seqneut25to26_sera_4023,A/Bangkok/P2391/2025_H3N2,plate25-TCGGAGAGCGATCCGC,0.004195,interpolated,0.009502,0.009502,interpolated,1.969,0.6,0,0.6579,0.1159
human,seqneut25to26_sera_4023,A/Michigan/110/2025_H3N2,plate25-GACTTCTTCCGCTCTT,0.01111,interpolated,0.02457,0.02457,interpolated,0.8,0.765,0,0.8388,0.05536
human,seqneut25to26_sera_4023,A/Michigan/110/2025_H3N2,plate25-GCTCCTGGTCATATAT,0.02227,interpolated,0.02281,0.02281,interpolated,10,0.8933,0,0.7795,0.1122
human,seqneut25to26_sera_4023,A/DistritoFederal/2578578201/2025_H3N2,plate25-GAACGGAGATCTGTTG,0.025,lower,0.02882,0.025,lower,3.501,0.8831,0,0.7281,0.06691
human,seqneut25to26_sera_4023,A/DistritoFederal/2578578201/2025_H3N2,plate25-GCCAACTTTCACTTGG,0.01067,interpolated,0.01319,0.01319,interpolated,1.345,0.876,0,0.8921,0.07579
human,seqneut25to26_sera_4023,A/SouthAustralia/2525607496/2025_H3N2,plate25-CAAATATAATGTCCTG,0.005839,interpolated,0.01046,0.01046,interpolated,0.8,0.8136,0,0.5778,0.1397
human,seqneut25to26_sera_4023,A/Ghana/FS-25-7077/2025_H3N2,plate25-CACATACAACACGACC,0.025,lower,0.06641,0.025,lower,0.8,0.7886,0,0.532,0.07468
human,seqneut25to26_sera_4023,A/Ghana/FS-25-7077/2025_H3N2,plate25-TTTCGGGGCCCCAATG,0.02266,interpolated,0.02293,0.02293,interpolated,10,0.9433,0,0.8469,0.09329
human,seqneut25to26_sera_4023,A/DistrictOfColumbia/57/2025_H3N2,plate25-ACATTTAGCGGACCGT,0.002904,interpolated,0.01291,0.01291,interpolated,0.8569,0.6393,0,0.9314,0.03737
human,seqneut25to26_sera_4023,A/DistrictOfColumbia/57/2025_H3N2,plate25-AGGAACATGTCCATAC,0.007541,interpolated,0.007693,0.007693,interpolated,0.8,0.9921,0,0.8667,0.09381
human,seqneut25to26_sera_4023,A/Indonesia/BIOKES-I-BT074/2025_H3N2,plate25-ATTACAACCCAGACAA,0.01162,interpolated,0.01426,0.01426,interpolated,2.13,0.8232,0,0.5998,0.1671
human,seqneut25to26_sera_4023,A/Indonesia/BIOKES-I-BT074/2025_H3N2,plate25-CATCGACAGGTCCCAC,0.006248,interpolated,0.007607,0.007607,interpolated,1.75,0.8543,0,0.7924,0.1318
human,seqneut25to26_sera_4023,A/Bangkok/P2921/2025_H3N2,plate25-GAGATAAAAGAGCTCT,0.008414,interpolated,0.01784,0.01784,interpolated,0.8898,0.7562,0,0.8767,0.05397
human,seqneut25to26_sera_4023,A/Bangkok/P2921/2025_H3N2,plate25-ATTTCATGAGATAGGG,0.009551,interpolated,0.01385,0.01385,interpolated,1.943,0.7428,0,0.7881,0.1065
human,seqneut25to26_sera_4023,A/Peru/GIHSN-04-1089/2025_H3N2,plate25-TTTAGCCGGCTGTAAC,0.006997,interpolated,0.01211,0.01211,interpolated,1.255,0.7513,0,0.7976,0.09295
human,seqneut25to26_sera_4023,A/Peru/GIHSN-04-1089/2025_H3N2,plate25-GATTGAGGGGTCCGGG,0.01558,interpolated,0.01974,0.01974,interpolated,3.189,0.7352,0,0.579,0.1394
human,seqneut25to26_sera_4023,A/Galicia/GA-CHUAC-451/2025_H3N2,plate25-TAGCCTATAATCAAGT,0.01797,interpolated,0.02023,0.02023,interpolated,3.241,0.8403,0,0.7929,0.09363
human,seqneut25to26_sera_4023,A/Galicia/GA-CHUAC-451/2025_H3N2,plate25-CATGTGGAGGGTCGAG,0.01815,interpolated,0.02152,0.02152,interpolated,4.8,0.7209,0,0.7169,0.1
human,seqneut25to26_sera_4023,A/HongKong/1257/2025_H3N2,plate25-GTATAGAAATGGGTCA,0.009294,interpolated,0.01396,0.01396,interpolated,1.987,0.7228,0,0.7367,0.111
human,seqneut25to26_sera_4023,A/England/174/2025_H3N2,plate25-CCTTATGAATTACGCG,0.0101,interpolated,0.01243,0.01243,interpolated,3.126,0.7613,0,0.5958,0.1735
human,seqneut25to26_sera_4023,A/NewSouthWales/2526015584/2025_H3N2,plate25-TTACCTTAAATCAAAG,0.001475,interpolated,0.002292,0.002292,interpolated,0.8,0.8513,0,0.938,0.0616
human,seqneut25to26_sera_4023,A/NewSouthWales/2526015584/2025_H3N2,plate25-TGTCGGGGTACGGGAC,0.00139,interpolated,0.004138,0.004138,interpolated,0.8,0.7089,0,0.5612,0.1744
human,seqneut25to26_sera_4023,A/Guangxi-Daxin/1643/2025_H3N2,plate25-GAACACAATTACTTAG,0.01223,interpolated,0.01357,0.01357,interpolated,1.502,0.9273,0,0.8749,0.08584
human,seqneut25to26_sera_4023,A/Belgium/H0097/2025_H3N2,plate25-ATCGATCGAGATAACG,0.01371,interpolated,0.01822,0.01822,interpolated,2.533,0.7429,0,0.6791,0.1177
human,seqneut25to26_sera_4023,A/Belgium/H0097/2025_H3N2,plate25-AAGCAGTTTGCCCCCA,0.01009,interpolated,0.01193,0.01193,interpolated,1.789,0.8709,0,0.9177,0.07361
human,seqneut25to26_sera_4023,A/Massachusetts/18/2022_H3N2,plate25-CATTTCTGATGAATTG,0.02329,interpolated,0.02381,0.02381,interpolated,10,0.9012,0,0.8309,0.08338
human,seqneut25to26_sera_4023,A/Massachusetts/18/2022_H3N2,plate25-CGATCTTTACGAAAAA,0.025,lower,0.02548,0.025,lower,10,0.9335,0,0.6918,0.09335
human,seqneut25to26_sera_4023,A/Massachusetts/18/2022_H3N2,plate25-TCCACACCCCTAGCTA,0.01279,interpolated,0.01351,0.01351,interpolated,2.208,0.9429,0,0.9751,0.0402
human,seqneut25to26_sera_4023,A/Bhutan/7/2025_H3N2,plate25-ATGCGTTTATCGATTT,0.00218,interpolated,0.003254,0.003254,interpolated,0.8,0.8629,0,0.7926,0.1148
human,seqneut25to26_sera_4023,A/Bhutan/7/2025_H3N2,plate25-AGCAGTCCCGCTAGTC,0.01176,interpolated,0.01323,0.01323,interpolated,3.91,0.8151,0,0.782,0.1298
human,seqneut25to26_sera_4023,A/SouthAustralia/2523812314/2025_H3N2,plate25-GCGGACAGCGGTTATC,0.005784,interpolated,0.006676,0.006676,interpolated,1.259,0.9174,0,0.9401,0.06865
human,seqneut25to26_sera_4023,A/SouthAustralia/2523812314/2025_H3N2,plate25-TTTACTCGATCCTCGC,0.01383,interpolated,0.01771,0.01771,interpolated,4.227,0.6759,0,0.5421,0.1629
human,seqneut25to26_sera_4023,A/Norway/8976/2025_H3N2,plate25-TTTGGCGAGCAGCCCG,0.006463,interpolated,0.01086,0.01086,interpolated,1.75,0.7017,0,0.6624,0.1351
human,seqneut25to26_sera_4023,A/Norway/8976/2025_H3N2,plate25-AAACTCTAACTGAGTT,0.009524,interpolated,0.01015,0.01015,interpolated,10,0.7659,0,0.739,0.1322
human,seqneut25to26_sera_4023,A/Vermont/73/2025_H3N2,plate25-GATGACGCGACCTCCT,0.002665,interpolated,0.003338,0.003338,interpolated,0.8,0.9176,0,0.8113,0.1131
human,seqneut25to26_sera_4023,A/Arica/59150/2025_H3N2,plate25-AGAACGGCTTGACACT,0.00857,interpolated,0.009599,0.009599,interpolated,1.996,0.8987,0,0.8312,0.1226
human,seqneut25to26_sera_4023,A/Arica/59150/2025_H3N2,plate25-TGCGATGCATAGTTCG,0.01271,interpolated,0.01473,0.01473,interpolated,4.711,0.7502,0,0.8012,0.1148
human,seqneut25to26_sera_4023,A/Wisconsin/588/2019_H1N1,plate25-GAAGAAACTATAACCA,0.01925,interpolated,0.01962,0.01962,interpolated,7.144,0.9367,0,0.8929,0.09094
human,seqneut25to26_sera_4023,A/Wisconsin/588/2019_H1N1,plate25-TATATTAGTAACATAA,0.009092,interpolated,0.009254,0.009254,interpolated,1.785,0.9845,0,0.921,0.09176
human,seqneut25to26_sera_4023,A/Wisconsin/588/2019_H1N1,plate25-AGTCCTATCCTCAAAT,0.01712,interpolated,0.01721,0.01721,interpolated,10,0.9746,0,0.9726,0.05671
human,seqneut25to26_sera_4023,A/England/1837737/2025_H3N2,plate25-TACACTCAAACGATGC,0.01973,interpolated,0.02118,0.02118,interpolated,10,0.7463,0,0.6612,0.1484
human,seqneut25to26_sera_4023,A/England/1837737/2025_H3N2,plate25-ATTGGCTGTCGTGGCC,0.007552,interpolated,0.01434,0.01434,interpolated,1.409,0.7026,0,0.6411,0.1279
human,seqneut25to26_sera_4023,A/Guangdong-Meijiang/11256/2025_H3N2,plate25-CGTTGCATGTAGCAGG,0.002868,interpolated,0.008863,0.008863,interpolated,0.8,0.7028,0,0.5085,0.159
human,seqneut25to26_sera_4023,A/Guangdong-Meijiang/11256/2025_H3N2,plate25-TCCCTTCTTCGCAACT,0.01817,interpolated,0.01938,0.01938,interpolated,10,0.7631,0,0.7067,0.1529
human,seqneut25to26_sera_4023,A/Anapolis/LEIAL6543/2025_H3N2,plate25-AACACTCAATACCGGT,0.01454,interpolated,0.01918,0.01918,interpolated,3.478,0.6907,0,0.5539,0.1447
human,seqneut25to26_sera_4023,A/Anapolis/LEIAL6543/2025_H3N2,plate25-AAATATTGAGACTAAT,0.01501,interpolated,0.01656,0.01656,interpolated,3.71,0.8474,0,0.8054,0.1108
human,seqneut25to26_sera_4023,A/Minnesota/96/2025_H3N2,plate25-AACTCCCATGGGGCAG,0.0076,interpolated,0.01158,0.01158,interpolated,3.366,0.6212,0,0.8829,0.06806
human,seqneut25to26_sera_4023,A/Minnesota/96/2025_H3N2,plate25-ATCCGTTGGGCGACAA,0.007913,interpolated,0.007913,0.007913,interpolated,0.8,1,0,0.5559,0.2271
human,seqneut25to26_sera_4023,A/Hawaii/44/2025_H1N1,plate25-TGATATCTGGAATCTG,0.01103,interpolated,0.01139,0.01139,interpolated,2.087,0.9674,0,0.9593,0.05744
human,seqneut25to26_sera_4023,A/Hawaii/44/2025_H1N1,plate25-TAGATTTGTCCGTACA,0.01293,interpolated,0.01298,0.01298,interpolated,1.829,0.9968,0,0.9882,0.02887
human,seqneut25to26_sera_4023,A/SouthAfrica/PET37625/2025_H3N2,plate25-TTTGGTGAGGCCCAAT,0.004732,interpolated,0.01086,0.01086,interpolated,1.46,0.6486,0,0.7192,0.1063
human,seqneut25to26_sera_4023,A/SouthAfrica/PET37625/2025_H3N2,plate25-GTATTGAATGTCCGGC,0.002778,interpolated,0.00459,0.00459,interpolated,0.8,0.8346,0,0.9285,0.06346
human,seqneut25to26_sera_4023,A/Sydney/1359/2024_H3N2,plate25-AACTCCAATTTGTTTT,0.004075,interpolated,0.006264,0.006264,interpolated,0.8,0.8545,0,0.6841,0.1471
human,seqneut25to26_sera_4023,A/Sydney/1359/2024_H3N2,plate25-CAGGCTGCTGGGCCGC,0.0188,interpolated,0.02043,0.02043,interpolated,10,0.7172,0,0.7035,0.1359
human,seqneut25to26_sera_4023,A/Bhutan/1267/2025_H3N2,plate25-TAAAAGCTCCCATTAC,0.001975,interpolated,0.007271,0.007271,interpolated,0.8,0.6762,0,0.6174,0.1285
human,seqneut25to26_sera_4023,A/Bhutan/1267/2025_H3N2,plate25-CTGAGTATGGGGCTCA,0.009483,interpolated,0.01074,0.01074,interpolated,10,0.6446,0,0.8413,0.09129
human,seqneut25to26_sera_4023,A/Bangkok/P2572/2025_H3N2,plate25-CGTACTAATCACTCCG,0.004188,interpolated,0.006899,0.006899,interpolated,0.8,0.8354,0,0.7237,0.1302
human,seqneut25to26_sera_4023,A/Bangkok/P2572/2025_H3N2,plate25-TAGATAACTCGCTAGG,0.00781,interpolated,0.008225,0.008225,interpolated,0.911,0.977,0,0.8172,0.1201
human,seqneut25to26_sera_4023,A/Guangdong-Maonan/11438/2025_H3N2,plate25-TTTATTACTCTTATGG,0.01882,interpolated,0.01995,0.01995,interpolated,1.211,0.966,0,0.8656,0.07191
human,seqneut25to26_sera_4023,A/Malaysia/IMR/SARI/2028/2025_H3N2,plate25-GCCAGCCGAAAGCCGT,0.007937,interpolated,0.009845,0.009845,interpolated,1.422,0.8681,0,0.6953,0.1624
human,seqneut25to26_sera_4023,A/Malaysia/IMR/SARI/2028/2025_H3N2,plate25-GCGGCGCCCGGTTGAT,0.005909,interpolated,0.008058,0.008058,interpolated,1.471,0.8168,0,0.8523,0.1077
human,seqneut25to26_sera_4023,A/SouthAustralia/2527612456/2025_H1N1,plate25-GAAAGACCGATGCCAG,0.0124,interpolated,0.01264,0.01264,interpolated,2.903,0.9729,0,0.9411,0.07116
human,seqneut25to26_sera_4023,A/SouthAustralia/2527612456/2025_H1N1,plate25-GAAGGACTTGGGGCTC,0.01093,interpolated,0.01107,0.01107,interpolated,2.491,0.9842,0,0.9223,0.08067
human,seqneut25to26_sera_4023,A/SouthAustralia/2527902708/2025_H3N2,plate25-TGGTAGTCCTTAACCG,0.001926,interpolated,0.002935,0.002935,interpolated,0.8,0.8569,0,0.7479,0.1387
human,seqneut25to26_sera_4023,A/SouthAustralia/2527902708/2025_H3N2,plate25-GTGCAATTCCGCGTCC,0.009075,interpolated,0.009571,0.009571,interpolated,10,0.7936,0,0.7761,0.1644
human,seqneut25to26_sera_4023,A/Bangkok/P2323/2025_H3N2,plate25-AGGCGGACTAACTGCA,0.005624,interpolated,0.006714,0.006714,interpolated,0.8549,0.9298,0,0.777,0.1327
human,seqneut25to26_sera_4023,A/Bangkok/P2323/2025_H3N2,plate25-AAGCGCTTCCCAGCCA,0.004495,interpolated,0.006393,0.006393,interpolated,1.032,0.8476,0,0.8417,0.1077
human,seqneut25to26_sera_4023,A/Norway/9556/2025_H1N1,plate25-TAACCGGTCAGATGTT,0.01834,interpolated,0.01864,0.01864,interpolated,2.654,0.9785,0,0.9616,0.04389
human,seqneut25to26_sera_4023,A/Norway/9556/2025_H1N1,plate25-TATCCGGGTCTGATGC,0.01326,interpolated,0.01387,0.01387,interpolated,3.303,0.9308,0,0.9286,0.07406
human,seqneut25to26_sera_4023,A/Queensland/2526516675/2025_H3N2,plate25-ATCATAGCACTAAAAT,0.006111,interpolated,0.009965,0.009965,interpolated,1.697,0.7181,0,0.8408,0.09405
human,seqneut25to26_sera_4023,A/Queensland/2526516675/2025_H3N2,plate25-ACATCCGCCCTTCGGT,0.01799,interpolated,0.01848,0.01848,interpolated,10,0.8817,0,0.8206,0.1304
human,seqneut25to26_sera_4023,A/Indonesia/BIOKES-INAD491/2025_H3N2,plate25-ACGATTTTTTCTACAT,0.01671,interpolated,0.01781,0.01781,interpolated,3.438,0.9019,0,0.8658,0.08911
human,seqneut25to26_sera_4023,A/Indonesia/BIOKES-INAD491/2025_H3N2,plate25-CGGTAAGTTTCGAGGA,0.008145,interpolated,0.0113,0.0113,interpolated,2.832,0.6979,0,0.8766,0.0823
human,seqneut25to26_sera_4023,A/NewSouthWales/2526015582/2025_H3N2,plate25-CGAAGATGAGCCCTCG,0.004402,interpolated,0.005945,0.005945,interpolated,0.9564,0.8751,0,0.8553,0.1029
human,seqneut25to26_sera_4023,A/NewSouthWales/2526015582/2025_H3N2,plate25-TTTGCTACAAGTGAGC,0.006906,interpolated,0.009484,0.009484,interpolated,2.865,0.7015,0,0.7365,0.1339
human,seqneut25to26_sera_4023,A/California/61/2025_H3N2,plate25-CCAGGATCTATCCTTC,0.009678,interpolated,0.0108,0.0108,interpolated,10,0.6666,0,0.5734,0.1746
human,seqneut25to26_sera_4023,A/California/61/2025_H3N2,plate25-AGAGGCCGGACGTAAA,0.003132,interpolated,0.004968,0.004968,interpolated,1.763,0.7216,0,0.9771,0.03857
human,seqneut25to26_sera_4023,A/Tasmania/2521815682/2025_H3N2,plate25-GCATACTGGTTACATT,0.0114,interpolated,0.01203,0.01203,interpolated,1.25,0.9674,0,0.8702,0.09679
human,seqneut25to26_sera_4023,A/Tasmania/2521815682/2025_H3N2,plate25-ATAAATTCTTTATGGA,0.009926,interpolated,0.01148,0.01148,interpolated,4.57,0.7567,0,0.7558,0.1291
human,seqneut25to26_sera_4023,A/Zacapa/FLU-261/2025_H1N1,plate25-CTCGCGGGTATATAGA,0.009926,interpolated,0.01041,0.01041,interpolated,2.098,0.9525,0,0.9296,0.07533
human,seqneut25to26_sera_4023,A/Zacapa/FLU-261/2025_H1N1,plate25-CTTGAACCAGCAGTGT,0.007845,interpolated,0.007845,0.007845,interpolated,1.703,1,0,0.9311,0.08104
human,seqneut25to26_sera_4023,A/Bangkok/P2390/2025_H3N2,plate25-TCCCAAGACAAGCGAC,0.009434,interpolated,0.01094,0.01094,interpolated,0.8041,0.9438,0,0.7307,0.1315
human,seqneut25to26_sera_4023,A/Bangkok/P2390/2025_H3N2,plate25-AAAGGAAGCCCCTCAC,0.009006,interpolated,0.01124,0.01124,interpolated,3.001,0.7573,0,0.8076,0.1136
human,seqneut25to26_sera_4023,A/Alagoas/4130/2025_H3N2,plate25-GAGGACAGCGGTCGTC,0.0113,interpolated,0.01512,0.01512,interpolated,2.831,0.7191,0,0.7159,0.1242
human,seqneut25to26_sera_4023,A/Alagoas/4130/2025_H3N2,plate25-TAGTACTAACACCAGA,0.006901,interpolated,0.007848,0.007848,interpolated,0.9896,0.9403,0,0.8503,0.1081
human,seqneut25to26_sera_4023,A/DistrictOfColumbia/27/2023_H3N2,plate25-GAATAATAGAACAGAG,0.02049,interpolated,0.02127,0.02127,interpolated,10,0.8427,0,0.8174,0.1099
human,seqneut25to26_sera_4023,A/DistrictOfColumbia/27/2023_H3N2,plate25-AAGAAGCTATAGAAGT,0.02065,interpolated,0.02238,0.02238,interpolated,10,0.7245,0,0.5392,0.1668
human,seqneut25to26_sera_4023,A/Bahia/3102/2025_H3N2,plate25-TGAGTGTCCAGGTACT,0.006635,interpolated,0.009093,0.009093,interpolated,1.249,0.8374,0,0.7063,0.1533
human,seqneut25to26_sera_4023,A/Bahia/3102/2025_H3N2,plate25-GAACCTACAAGCAGTC,0.009779,interpolated,0.01244,0.01244,interpolated,4.633,0.6637,0,0.7138,0.1355
human,seqneut25to26_sera_4023,A/SouthAustralia/2524408801/2025_H3N2,plate25-AGCTCCACATTTGGCC,0.008337,interpolated,0.01001,0.01001,interpolated,2.108,0.8404,0,0.8796,0.09167
human,seqneut25to26_sera_4023,A/SouthAustralia/2524408801/2025_H3N2,plate25-TCGGTCGGGCGAAGGC,0.01139,interpolated,0.01693,0.01693,interpolated,4.06,0.6,0,0.694,0.1058
human,seqneut25to26_sera_4023,A/Aragon/2046/2025_H1N1,plate25-GTACACTCTTTCAATT,0.008044,interpolated,0.008724,0.008724,interpolated,1.579,0.9399,0,0.9452,0.06803
human,seqneut25to26_sera_4023,A/Aragon/2046/2025_H1N1,plate25-TCGATTTCTAAATTCC,0.02052,interpolated,0.02066,0.02066,interpolated,10,0.968,0,0.9594,0.05736
human,seqneut25to26_sera_4023,A/Wisconsin/67/2022_H1N1,plate25-CTGAACTTGTCGATAT,0.01958,interpolated,0.0197,0.0197,interpolated,4.239,0.9873,0,0.9881,0.02601
human,seqneut25to26_sera_4023,A/Wisconsin/67/2022_H1N1,plate25-AGGAAAGAAACTGGAG,0.007536,interpolated,0.008483,0.008483,interpolated,1.55,0.9162,0,0.8899,0.09784
human,seqneut25to26_sera_4023,A/Wisconsin/67/2022_H1N1,plate25-AAAGCTCTTTTCGTTC,0.009337,interpolated,0.009337,0.009337,interpolated,2.18,1,0,0.9978,0.01503
human,seqneut25to26_sera_4023,A/Lao/820-2750/2025_H3N2,plate25-AGGAAGATCAAAAGCG,0.001797,interpolated,0.005085,0.005085,interpolated,0.8,0.7175,0,0.6703,0.1326
human,seqneut25to26_sera_4023,A/England/1837734/2025_H3N2,plate25-TCACACCGCTCAGCCT,0.002527,interpolated,0.007961,0.007961,interpolated,1.403,0.6,0,0.7734,0.09233
human,seqneut25to26_sera_4023,A/England/1837734/2025_H3N2,plate25-ATAGCCCTAACGAAAG,0.01021,interpolated,0.01345,0.01345,interpolated,3.154,0.7096,0,0.7349,0.1259
human,seqneut25to26_sera_4023,A/France/ARA-HCL025155099501/2025_H1N1,plate25-ATTAACCAATTGAGCA,0.009519,interpolated,0.01044,0.01044,interpolated,2.118,0.9116,0,0.9707,0.04889
human,seqneut25to26_sera_4023,A/Malaysia/IMR/SARI/2406/2025_H3N2,plate25-CCTACGCTCGTATCCC,0.003619,interpolated,0.00369,0.00369,interpolated,2.718,0.9742,0,0.9502,0.08296
human,seqneut25to26_sera_4023,A/Malaysia/IMR/SARI/2406/2025_H3N2,plate25-AATCATACATGCTTCT,0.003049,interpolated,0.003049,0.003049,interpolated,0.9472,1,0,0.9048,0.105
human,seqneut25to26_sera_4023,A/Malaysia/IMR/SARI/2517/2025_H3N2,plate25-GTCCATAGTTTCGTGA,0.01363,interpolated,0.01523,0.01523,interpolated,4.337,0.8093,0,0.8313,0.1076
human,seqneut25to26_sera_4023,A/Malaysia/IMR/SARI/2517/2025_H3N2,plate25-GATGCCCCTTGGCTCT,0.004608,interpolated,0.00548,0.00548,interpolated,2.246,0.8388,0,0.6942,0.1956
human,seqneut25to26_sera_4023,A/SouthAfrica/PET37604/2025_H3N2,plate25-ATCAAGGACCCTGGGC,0.008238,interpolated,0.01127,0.01127,interpolated,2.228,0.7488,0,0.7275,0.1337
human,seqneut25to26_sera_4023,A/SouthAfrica/PET37604/2025_H3N2,plate25-CGACGCGCCGTCGCTG,0.01003,interpolated,0.0151,0.0151,interpolated,3.933,0.6,0,0.2239,0.1282
human,seqneut25to26_sera_4023,A/Norway/8765/2025_H3N2,plate25-ACCAGGTGGCAGTACA,0.009174,interpolated,0.01051,0.01051,interpolated,3.422,0.8135,0,0.7603,0.1481
human,seqneut25to26_sera_4023,A/Norway/8765/2025_H3N2,plate25-ATTGCAACGCCGGTGT,0.008743,interpolated,0.009825,0.009825,interpolated,5.044,0.7775,0,0.8329,0.1227
human,seqneut25to26_sera_4023,A/England/1822256/2025_H1N1,plate25-TACGATACTCGGAAGG,0.01185,interpolated,0.01185,0.01185,interpolated,2.55,1,0,0.9766,0.04464
human,seqneut25to26_sera_4023,A/England/1822256/2025_H1N1,plate25-CTTTTCCGTGTCCTCT,0.01211,interpolated,0.01229,0.01229,interpolated,1.756,0.9872,0,0.8798,0.1032
human,seqneut25to26_sera_4023,A/SouthAustralia/2527003588/2025_H3N2,plate25-ACGAGAAGCAGGGGGC,0.01005,interpolated,0.01084,0.01084,interpolated,10,0.7333,0,0.6711,0.1555
human,seqneut25to26_sera_4023,A/SouthAustralia/2527003588/2025_H3N2,plate25-GTATCACGTCGTTTAC,0.003377,interpolated,0.007347,0.007347,interpolated,2.071,0.6,0,0.56,0.1727
human,seqneut25to26_sera_4023,A/SouthAustralia/2520702747/2025_H1N1,plate25-GCGTAGTTTGATTCAT,0.009505,interpolated,0.009576,0.009576,interpolated,5.009,0.9815,0,0.9671,0.05981
human,seqneut25to26_sera_4023,A/SouthAustralia/2520702747/2025_H1N1,plate25-TCGTGCTGTCATGCAG,0.006093,interpolated,0.007321,0.007321,interpolated,1.033,0.9136,0,0.7605,0.1417
human,seqneut25to26_sera_4023,A/SouthAustralia/2527213276/2025_H3N2,plate25-GCTGATAAACAATCTA,0.0006403,interpolated,0.001439,0.001439,interpolated,0.8,0.7616,0,0.7119,0.1234
human,seqneut25to26_sera_4023,A/SouthAustralia/2527213276/2025_H3N2,plate25-TTTTCTGACGATGCAG,0.001833,interpolated,0.001833,0.001833,interpolated,1.066,1,0,0.8817,0.127
human,seqneut25to26_sera_4023,A/Croatia/10136RV/2023-egg_H3N2,plate25-GAAGTGCTGCTGAAGT,0.02209,interpolated,0.02295,0.02295,interpolated,10,0.8422,0,0.5391,0.1809
human,seqneut25to26_sera_4023,A/Croatia/10136RV/2023-egg_H3N2,plate25-GTCGCCGCTAATCCGA,0.005248,interpolated,0.005248,0.005248,interpolated,1.289,1,0,0.8459,0.1422
human,seqneut25to26_sera_4023,A/Andalucia/PMC-00977/2025_H1N1,plate25-CCTCTGTGTACTAATT,0.01372,interpolated,0.01408,0.01408,interpolated,1.57,0.98,0,0.9266,0.06867
human,seqneut25to26_sera_4023,A/Andalucia/PMC-00977/2025_H1N1,plate25-AGAAAAGATAGGAAAG,0.01319,interpolated,0.01379,0.01379,interpolated,3.893,0.9202,0,0.9352,0.07329
human,seqneut25to26_sera_4023,A/Darwin/1461/2025_H3N2,plate25-CAGGTACGCGTTTCTG,0.0125,interpolated,0.01416,0.01416,interpolated,4,0.8034,0,0.8849,0.08628
human,seqneut25to26_sera_4023,A/Darwin/1461/2025_H3N2,plate25-ATACATCCGACGCTTT,0.01647,interpolated,0.01716,0.01716,interpolated,3.583,0.9322,0,0.8938,0.0844
human,seqneut25to26_sera_4023,A/Norway/9107/2025_H1N1,plate25-ACTTTCCTCCCATGCG,0.01048,interpolated,0.01054,0.01054,interpolated,1.697,0.9956,0,0.9817,0.03863
human,seqneut25to26_sera_4023,A/Norway/9107/2025_H1N1,plate25-TCTGTAGCTCCCTCAC,0.008722,interpolated,0.009292,0.009292,interpolated,1.634,0.9509,0,0.8617,0.1134
human,seqneut25to26_sera_4023,A/Bangkok/P2229/2025_H1N1,plate25-AAGCGACGCGCGACGG,0.007216,interpolated,0.007844,0.007844,interpolated,3.036,0.8881,0,0.8924,0.1069
human,seqneut25to26_sera_4023,A/Bangkok/P2229/2025_H1N1,plate25-GCTTGTTAGCCTGAAG,0.005877,interpolated,0.005877,0.005877,interpolated,2.009,1,0,0.9708,0.06352
human,seqneut25to26_sera_4023,A/Hawaii/70/2019_H1N1,plate25-TGGAATCGTCACCGAT,0.008862,interpolated,0.008926,0.008926,interpolated,2.654,0.9905,0,0.9949,0.0245
human,seqneut25to26_sera_4023,A/Hawaii/70/2019_H1N1,plate25-ATAGAATCGCAAATTA,0.007923,interpolated,0.007923,0.007923,interpolated,2.57,1,0,0.9965,0.02116
human,seqneut25to26_sera_4023,A/Hawaii/70/2019_H1N1,plate25-AGTAAACATGCATTGG,0.009196,interpolated,0.009253,0.009253,interpolated,4.032,0.9879,0,0.9971,0.01942
human,seqneut25to26_sera_4023,A/HongKong/1382/2025_H3N2,plate25-AGGACCTAAATGAAGT,0.008363,interpolated,0.008925,0.008925,interpolated,10,0.7611,0,0.7014,0.1744
human,seqneut25to26_sera_4023,A/HongKong/1382/2025_H3N2,plate25-GCAGCTTGAATGATGT,0.003888,interpolated,0.004521,0.004521,interpolated,10,0.6106,0,0.5151,0.2413
human,seqneut25to26_sera_4023,A/Thailand/8/2022_H3N2,plate25-AGACCATCGCACCCAA,0.008357,interpolated,0.009037,0.009037,interpolated,1.747,0.9361,0,0.8432,0.1141
human,seqneut25to26_sera_4023,A/Thailand/8/2022_H3N2,plate25-CATAAAAGACTGTATA,0.01056,interpolated,0.0109,0.0109,interpolated,10,0.8633,0,0.7473,0.1682
human,seqneut25to26_sera_4023,A/Bangkok/P3067/2025_H1N1,plate25-GTTGACTGCCTTTCTT,0.006567,interpolated,0.006567,0.006567,interpolated,1.73,1,0,0.9737,0.05428
human,seqneut25to26_sera_4023,A/Bangkok/P3067/2025_H1N1,plate25-CGAACATGGGAACTAA,0.02005,interpolated,0.02023,0.02023,interpolated,10,0.9562,0,0.9484,0.0659
human,seqneut25to26_sera_4023,A/SouthAustralia/2524712956/2025_H1N1,plate25-TTTTCGATAATAATCT,0.006578,interpolated,0.006905,0.006905,interpolated,1.18,0.9722,0,0.9619,0.05729
human,seqneut25to26_sera_4023,A/SouthAustralia/2524712956/2025_H1N1,plate25-GCCCACGTTTAACTTT,0.01271,interpolated,0.0129,0.0129,interpolated,1.806,0.9869,0,0.9724,0.04455
human,seqneut25to26_sera_4023,A/Ghana/ARI-25-1125/2025_H1N1,plate25-GACGGACTATCAACGA,0.005265,interpolated,0.007852,0.007852,interpolated,1.592,0.7647,0,0.9075,0.07838
human,seqneut25to26_sera_4023,A/Ghana/ARI-25-1125/2025_H1N1,plate25-CCGTTAGGGATTCCTC,0.007139,interpolated,0.007149,0.007149,interpolated,3.556,0.9974,0,0.9994,0.009024
human,seqneut25to26_sera_4023,A/Colorado/105/2025_H1N1,plate25-CAAATGGGCTGCAGGG,0.01107,interpolated,0.0114,0.0114,interpolated,2.913,0.9586,0,0.976,0.04658
human,seqneut25to26_sera_4023,A/Colorado/105/2025_H1N1,plate25-ACGTCGCTAGACTTTA,0.01821,interpolated,0.019,0.019,interpolated,10,0.8273,0,0.5942,0.2124
human,seqneut25to26_sera_4023,A/Denmark/3070/2025_H1N1,plate25-TCTGTGCGAGCATCGG,0.01174,interpolated,0.01208,0.01208,interpolated,3.034,0.9589,0,0.8893,0.09882
human,seqneut25to26_sera_4023,A/Denmark/3070/2025_H1N1,plate25-ATGAGCTAAACATGAT,0.009934,interpolated,0.009979,0.009979,interpolated,4.286,0.9905,0,0.9956,0.02256
human,seqneut25to26_sera_4023,A/Bangkok/1803/2025_H1N1,plate25-TTTCCAGGGCTTCCCG,0.007663,interpolated,0.008753,0.008753,interpolated,2.181,0.8742,0,0.7892,0.1463
human,seqneut25to26_sera_4023,A/Bangkok/1803/2025_H1N1,plate25-GTCGTCCGTAAGTTCA,0.01459,interpolated,0.01525,0.01525,interpolated,2.514,0.9472,0,0.9491,0.05756
human,seqneut25to26_sera_4023,A/CoteDIvoire/2007/2025_H1N1,plate25-AAGACCTAGTTTGAAC,0.006037,interpolated,0.006578,0.006578,interpolated,1.946,0.9231,0,0.8781,0.1181
human,seqneut25to26_sera_4023,A/CoteDIvoire/2007/2025_H1N1,plate25-GCTCAGTCGCCACGTT,0.006116,interpolated,0.006165,0.006165,interpolated,1.525,0.9939,0,0.9087,0.09984
human,seqneut25to26_sera_4023,A/DistritoFederal/250106000728/2025_H3N2,plate25-GATCGGAATAACCGTA,0.008862,interpolated,0.009638,0.009638,interpolated,6.166,0.798,0,0.7954,0.1452
human,seqneut25to26_sera_4023,A/DistritoFederal/250106000728/2025_H3N2,plate25-ATCGCAAGTACCAGTT,0.002185,interpolated,0.002574,0.002574,interpolated,0.8,0.9386,0,0.8802,0.09921
human,seqneut25to26_sera_4023,A/Darwin/1405/2025_H1N1,plate25-TCGCTTTAGCCGGACC,0.0103,interpolated,0.01098,0.01098,interpolated,2.02,0.9392,0,0.9478,0.06347
human,seqneut25to26_sera_4023,A/Darwin/1405/2025_H1N1,plate25-CGTCAATGGGTCATCG,0.01136,interpolated,0.01161,0.01161,interpolated,4.262,0.9553,0,0.9745,0.05027
human,seqneut25to26_sera_4023,A/Sydney/400/2025_H1N1,plate25-CGATTACGCTTTCCGG,0.0101,interpolated,0.01036,0.01036,interpolated,4.244,0.9492,0,0.9347,0.08052
human,seqneut25to26_sera_4023,A/Sydney/400/2025_H1N1,plate25-TTCTAACGATTGTAGG,0.009726,interpolated,0.009806,0.009806,interpolated,10,0.9607,0,0.9537,0.0781
human,seqneut25to26_sera_4023,A/Philippines/SARI25-1425/2025_H1N1,plate25-TGATGCCGTCAGCCTT,0.008625,interpolated,0.00882,0.00882,interpolated,1.919,0.979,0,0.969,0.05588
human,seqneut25to26_sera_4023,A/Philippines/SARI25-1425/2025_H1N1,plate25-CCGTGTGTTGTGCGCA,0.006467,interpolated,0.00655,0.00655,interpolated,2.172,0.9863,0,0.9779,0.05243
human,seqneut25to26_sera_4023,A/BritishColumbia/PHL-2473/2025_H1N1,plate25-CCTAGCCGGAAACATG,0.006931,interpolated,0.006931,0.006931,interpolated,1.905,1,0,0.983,0.04521
human,seqneut25to26_sera_4023,A/BritishColumbia/PHL-2473/2025_H1N1,plate25-TCGCGGATTAAACCAT,0.009055,interpolated,0.01014,0.01014,interpolated,2.073,0.8958,0,0.8539,0.1171
human,seqneut25to26_sera_4023,A/California/63/2025_H1N1,plate25-CGACTCTGTCGGGTAA,0.01073,interpolated,0.01073,0.01073,interpolated,2.279,1,0,0.9851,0.03642
human,seqneut25to26_sera_4023,A/California/63/2025_H1N1,plate25-CACAGCGCTGGCCTTG,0.01823,interpolated,0.01913,0.01913,interpolated,10,0.8083,0,0.6403,0.19
human,seqneut25to26_sera_4023,A/SouthAustralia/2523012764/2025_H1N1,plate25-ATGCCGGGCCGTTACT,0.008648,interpolated,0.008872,0.008872,interpolated,3.389,0.9584,0,0.9578,0.07012
human,seqneut25to26_sera_4023,A/SouthAustralia/2523012764/2025_H1N1,plate25-TTCGACAAGTATACGT,0.007392,interpolated,0.008375,0.008375,interpolated,4.78,0.7754,0,0.8857,0.1053
human,seqneut25to26_sera_4023,A/Missouri/11/2025_H1N1,plate25-ACGGCATCCCAATTGA,0.006999,interpolated,0.00753,0.00753,interpolated,2.367,0.9204,0,0.9578,0.06571
human,seqneut25to26_sera_4023,A/Missouri/11/2025_H1N1,plate25-GTCACAGTCATCGTGT,0.004968,interpolated,0.004977,0.004977,interpolated,1.578,0.9986,0,0.994,0.02749
human,seqneut25to26_sera_4023,A/Guangxi-Qingxiu/SWL11742/2025_H1N1,plate25-GTCTTGTCGATTGGTA,0.00573,interpolated,0.005797,0.005797,interpolated,1.692,0.9903,0,0.9617,0.06783
human,seqneut25to26_sera_4023,A/Guangxi-Qingxiu/SWL11742/2025_H1N1,plate25-TGTCGGTGCGCCGCTT,0.007856,interpolated,0.009074,0.009074,interpolated,2.409,0.8533,0,0.8696,0.1121
human,seqneut25to26_sera_4023,A/SouthAustralia/2519001037/2025_H1N1,plate25-ACGATCGTCGGAGGTC,0.01204,interpolated,0.01204,0.01204,interpolated,2.79,1,0,0.9889,0.03139
human,seqneut25to26_sera_4023,A/SouthAustralia/2519001037/2025_H1N1,plate25-TATGTCCGCACCGCCG,0.007572,interpolated,0.008944,0.008944,interpolated,2.002,0.8582,0,0.7953,0.1416
human,seqneut25to26_sera_4023,A/Catalonia/NSVH102689455/2025_H1N1,plate25-GCAGAAAGAGGTAATA,0.007355,interpolated,0.007472,0.007472,interpolated,2.579,0.98,0,0.9813,0.04709
human,seqneut25to26_sera_4023,A/Catalonia/NSVH102689455/2025_H1N1,plate25-TGTCTGCGCTTAAGTT,0.01019,interpolated,0.01025,0.01025,interpolated,10,0.972,0,0.9895,0.03504
human,seqneut25to26_sera_4023,A/Canberra/530/2025_H1N1,plate25-ATCTCGGCCGGCCAAT,0.01357,interpolated,0.01372,0.01372,interpolated,3.938,0.9789,0,0.9775,0.0458
human,seqneut25to26_sera_4023,A/Canberra/530/2025_H1N1,plate25-ATCTTGTATGATATGT,0.008117,interpolated,0.008578,0.008578,interpolated,2.877,0.9266,0,0.9463,0.07757
human,seqneut25to26_sera_4023,A/Victoria/4897/2022_IVR-238_H1N1,plate25-AAGTTAAGAGAAAGTT,0.009624,interpolated,0.009849,0.009849,interpolated,2.928,0.9673,0,0.9754,0.05273
human,seqneut25to26_sera_4023,A/Victoria/4897/2022_IVR-238_H1N1,plate25-AGAGCTAAAAAGAGGA,0.01096,interpolated,0.01173,0.01173,interpolated,10,0.7527,0,0.9181,0.07448
human,seqneut25to26_sera_4023,A/Victoria/4897/2022_IVR-238_H1N1,plate25-AATCCGAAATTTATTC,0.005942,interpolated,0.008677,0.008677,interpolated,2.344,0.7059,0,0.6121,0.1915
human,seqneut25to26_sera_4023,A/Canberra/465/2025_H1N1,plate25-TGTGCGAAGTTGATGT,0.008011,interpolated,0.008011,0.008011,interpolated,1.459,1,0,0.9174,0.09289
human,seqneut25to26_sera_4023,A/Canberra/465/2025_H1N1,plate25-GAATCTCCCGCGTATA,0.006713,interpolated,0.006798,0.006798,interpolated,1.52,0.9905,0,0.9128,0.1004
human,seqneut25to26_sera_4023,A/Bangkok/P3263/2025_H3N2,plate25-TATGCTAAGACTTTTT,0.002713,interpolated,0.00343,0.00343,interpolated,0.8,0.9144,0,0.7432,0.1442
human,seqneut25to26_sera_4024,A/HongKong/1257/2025_H3N2,plate25-GTATAGAAATGGGTCA,0.004644,interpolated,0.009608,0.009608,interpolated,0.8,0.7795,0,0.6058,0.1327
human,seqneut25to26_sera_4024,A/Michigan/110/2025_H3N2,plate25-GACTTCTTCCGCTCTT,0.006444,interpolated,0.009257,0.009257,interpolated,0.8,0.8742,0,0.8051,0.09855
human,seqneut25to26_sera_4024,A/Michigan/110/2025_H3N2,plate25-GCTCCTGGTCATATAT,0.004185,interpolated,0.004494,0.004494,interpolated,1.258,0.9572,0,0.8997,0.104
human,seqneut25to26_sera_4024,A/Norway/8765/2025_H3N2,plate25-ACCAGGTGGCAGTACA,0.001803,interpolated,0.001803,0.001803,interpolated,0.8225,1,0,0.9643,0.05817
human,seqneut25to26_sera_4024,A/Norway/8765/2025_H3N2,plate25-ATTGCAACGCCGGTGT,0.001337,interpolated,0.002205,0.002205,interpolated,1.083,0.7908,0,0.9893,0.02827
human,seqneut25to26_sera_4024,A/Minnesota/96/2025_H3N2,plate25-AACTCCCATGGGGCAG,0.002406,interpolated,0.003719,0.003719,interpolated,0.8,0.8529,0,0.8335,0.1085
human,seqneut25to26_sera_4024,A/Minnesota/96/2025_H3N2,plate25-ATCCGTTGGGCGACAA,0.003999,interpolated,0.003999,0.003999,interpolated,0.8415,1,0,0.6903,0.1939
human,seqneut25to26_sera_4024,A/DistrictOfColumbia/27/2023_H3N2,plate25-GAATAATAGAACAGAG,0.00407,interpolated,0.004086,0.004086,interpolated,0.8,0.9984,0,0.884,0.09969
human,seqneut25to26_sera_4024,A/DistrictOfColumbia/27/2023_H3N2,plate25-AAGAAGCTATAGAAGT,0.00256,interpolated,0.005729,0.005729,interpolated,0.8,0.7625,0,0.6549,0.1346
human,seqneut25to26_sera_4024,A/NewSouthWales/2526015582/2025_H3N2,plate25-CGAAGATGAGCCCTCG,0.001418,interpolated,0.001418,0.001418,interpolated,0.8399,1,0,0.88,0.117
human,seqneut25to26_sera_4024,A/NewSouthWales/2526015582/2025_H3N2,plate25-TTTGCTACAAGTGAGC,0.00237,interpolated,0.002999,0.002999,interpolated,1.303,0.8681,0,0.9088,0.1009
human,seqneut25to26_sera_4024,A/Hawaii/44/2025_H1N1,plate25-TGATATCTGGAATCTG,0.005755,interpolated,0.005915,0.005915,interpolated,1.811,0.9758,0,0.9747,0.05534
human,seqneut25to26_sera_4024,A/Hawaii/44/2025_H1N1,plate25-TAGATTTGTCCGTACA,0.007233,interpolated,0.007233,0.007233,interpolated,1.598,1,0,0.9711,0.05715
human,seqneut25to26_sera_4024,A/DistritoFederal/250106000728/2025_H3N2,plate25-ATCGCAAGTACCAGTT,0.004431,interpolated,0.005791,0.005791,interpolated,1.313,0.8518,0,0.7925,0.1334
human,seqneut25to26_sera_4024,A/DistritoFederal/250106000728/2025_H3N2,plate25-GATCGGAATAACCGTA,0.00909,interpolated,0.01052,0.01052,interpolated,3.191,0.8138,0,0.7671,0.1441
human,seqneut25to26_sera_4024,A/Lao/820-2750/2025_H3N2,plate25-AGGAAGATCAAAAGCG,0.001237,interpolated,0.001878,0.001878,interpolated,0.8,0.858,0,0.7795,0.1268
human,seqneut25to26_sera_4024,A/Lao/820-2750/2025_H3N2,plate25-TTGAAACTCTTGTCCT,0.001098,interpolated,0.001165,0.001165,interpolated,0.8,0.9771,0,0.853,0.1113
human,seqneut25to26_sera_4024,A/DistrictOfColumbia/57/2025_H3N2,plate25-ACATTTAGCGGACCGT,0.002643,interpolated,0.00416,0.00416,interpolated,1.461,0.7577,0,0.9114,0.08363
human,seqneut25to26_sera_4024,A/DistrictOfColumbia/57/2025_H3N2,plate25-AGGAACATGTCCATAC,0.0008909,interpolated,0.0008909,0.0008909,interpolated,0.8,1,0,0.9155,0.0892
human,seqneut25to26_sera_4024,A/Queensland/2526516675/2025_H3N2,plate25-ATCATAGCACTAAAAT,0.001629,interpolated,0.001629,0.001629,interpolated,0.8,0.9999,0,0.8625,0.1229
human,seqneut25to26_sera_4024,A/Queensland/2526516675/2025_H3N2,plate25-ACATCCGCCCTTCGGT,0.003027,interpolated,0.003416,0.003416,interpolated,3.966,0.8096,0,0.9631,0.06827
human,seqneut25to26_sera_4024,A/Arica/59150/2025_H3N2,plate25-AGAACGGCTTGACACT,0.004583,interpolated,0.005065,0.005065,interpolated,3.414,0.8555,0,0.8192,0.1528
human,seqneut25to26_sera_4024,A/Arica/59150/2025_H3N2,plate25-TGCGATGCATAGTTCG,0.001749,interpolated,0.003047,0.003047,interpolated,1.186,0.7589,0,0.9534,0.05926
human,seqneut25to26_sera_4024,A/SouthAustralia/2527902708/2025_H3N2,plate25-TGGTAGTCCTTAACCG,0.004598,interpolated,0.004846,0.004846,interpolated,10,0.7954,0,0.8886,0.1088
human,seqneut25to26_sera_4024,A/SouthAustralia/2527902708/2025_H3N2,plate25-GTGCAATTCCGCGTCC,0.0006304,interpolated,0.0007641,0.0007641,interpolated,0.8,0.9287,0,0.7722,0.1432
human,seqneut25to26_sera_4024,A/NewSouthWales/2526015584/2025_H3N2,plate25-TTACCTTAAATCAAAG,0.0008978,interpolated,0.0008978,0.0008978,interpolated,1.05,1,0,0.9458,0.08304
human,seqneut25to26_sera_4024,A/NewSouthWales/2526015584/2025_H3N2,plate25-TGTCGGGGTACGGGAC,0.003614,interpolated,0.003751,0.003751,interpolated,7.245,0.8821,0,0.8749,0.1475
human,seqneut25to26_sera_4024,A/Bangkok/P2572/2025_H3N2,plate25-CGTACTAATCACTCCG,0.002658,interpolated,0.002658,0.002658,interpolated,0.8053,1,0,0.9259,0.08521
human,seqneut25to26_sera_4024,A/Bangkok/P2572/2025_H3N2,plate25-TAGATAACTCGCTAGG,0.001257,interpolated,0.001257,0.001257,interpolated,0.9203,1,0,0.9049,0.108
human,seqneut25to26_sera_4024,A/SouthAustralia/2527612456/2025_H1N1,plate25-GAAGGACTTGGGGCTC,0.005074,interpolated,0.005074,0.005074,interpolated,0.9314,1,0,0.9518,0.06575
human,seqneut25to26_sera_4024,A/SouthAustralia/2527612456/2025_H1N1,plate25-GAAAGACCGATGCCAG,0.006295,interpolated,0.006643,0.006643,interpolated,2.753,0.9311,0,0.9055,0.1133
human,seqneut25to26_sera_4024,A/SouthAustralia/2527003588/2025_H3N2,plate25-GTATCACGTCGTTTAC,0.0006433,interpolated,0.0006433,0.0006433,interpolated,0.833,1,0,0.8078,0.1427
human,seqneut25to26_sera_4024,A/SouthAustralia/2527003588/2025_H3N2,plate25-ACGAGAAGCAGGGGGC,0.002612,interpolated,0.004585,0.004585,interpolated,0.9249,0.7971,0,0.8074,0.1169
human,seqneut25to26_sera_4024,A/Peru/GIHSN-04-1089/2025_H3N2,plate25-TTTAGCCGGCTGTAAC,0.001868,interpolated,0.003173,0.003173,interpolated,1.818,0.6908,0,0.8578,0.1056
human,seqneut25to26_sera_4024,A/Peru/GIHSN-04-1089/2025_H3N2,plate25-GATTGAGGGGTCCGGG,0.002809,interpolated,0.003308,0.003308,interpolated,2.963,0.8078,0,0.8939,0.1159
human,seqneut25to26_sera_4024,A/Norway/8976/2025_H3N2,plate25-AAACTCTAACTGAGTT,0.001047,interpolated,0.001321,0.001321,interpolated,0.8,0.9152,0,0.8926,0.09167
human,seqneut25to26_sera_4024,A/Norway/8976/2025_H3N2,plate25-TTTGGCGAGCAGCCCG,0.001098,interpolated,0.001547,0.001547,interpolated,0.9827,0.8569,0,0.8773,0.1052
human,seqneut25to26_sera_4024,A/DistritoFederal/2578578201/2025_H3N2,plate25-GAACGGAGATCTGTTG,0.005399,interpolated,0.005399,0.005399,interpolated,0.8296,1,0,0.7727,0.1511
human,seqneut25to26_sera_4024,A/DistritoFederal/2578578201/2025_H3N2,plate25-GCCAACTTTCACTTGG,0.006763,interpolated,0.007566,0.007566,interpolated,4.985,0.7858,0,0.9029,0.1021
human,seqneut25to26_sera_4024,A/SouthAustralia/2525607496/2025_H3N2,plate25-CAAATATAATGTCCTG,0.009167,interpolated,0.01235,0.01235,interpolated,5.405,0.6,0,0.5547,0.1715
human,seqneut25to26_sera_4024,A/SouthAustralia/2525607496/2025_H3N2,plate25-GTTGATTCGATCATAT,0.0004728,interpolated,0.0004728,0.0004728,interpolated,0.8,1,0,0.7865,0.136
human,seqneut25to26_sera_4024,A/Anapolis/LEIAL6543/2025_H3N2,plate25-AAATATTGAGACTAAT,0.001427,interpolated,0.001427,0.001427,interpolated,0.8848,1,0,0.8241,0.1486
human,seqneut25to26_sera_4024,A/Anapolis/LEIAL6543/2025_H3N2,plate25-AACACTCAATACCGGT,0.0008899,interpolated,0.002635,0.002635,interpolated,0.8,0.7098,0,0.8418,0.09207
human,seqneut25to26_sera_4024,A/Darwin/1461/2025_H3N2,plate25-ATACATCCGACGCTTT,0.01938,interpolated,0.02108,0.02108,interpolated,10,0.7153,0,0.5439,0.1837
human,seqneut25to26_sera_4024,A/Malaysia/IMR/SARI/2517/2025_H3N2,plate25-GTCCATAGTTTCGTGA,0.00401,interpolated,0.004272,0.004272,interpolated,10,0.7658,0,0.7918,0.1629
human,seqneut25to26_sera_4024,A/Malaysia/IMR/SARI/2517/2025_H3N2,plate25-GATGCCCCTTGGCTCT,0.000791,interpolated,0.0009998,0.0009998,interpolated,0.8,0.9145,0,0.8498,0.1101
human,seqneut25to26_sera_4024,A/Tasmania/2521815682/2025_H3N2,plate25-ATAAATTCTTTATGGA,0.000941,interpolated,0.001724,0.001724,interpolated,0.8,0.808,0,0.7134,0.1482
human,seqneut25to26_sera_4024,A/Tasmania/2521815682/2025_H3N2,plate25-GCATACTGGTTACATT,0.001526,interpolated,0.001552,0.001552,interpolated,0.8,0.9933,0,0.9,0.1006
human,seqneut25to26_sera_4024,A/Malaysia/IMR/SARI/2406/2025_H3N2,plate25-AATCATACATGCTTCT,0.002352,interpolated,0.003044,0.003044,interpolated,0.9687,0.8895,0,0.9137,0.08902
human,seqneut25to26_sera_4024,A/Malaysia/IMR/SARI/2406/2025_H3N2,plate25-CCTACGCTCGTATCCC,0.001808,interpolated,0.002554,0.002554,interpolated,0.8,0.8792,0,0.8093,0.12
human,seqneut25to26_sera_4024,A/Bangkok/P2390/2025_H3N2,plate25-AAAGGAAGCCCCTCAC,0.001414,interpolated,0.001414,0.001414,interpolated,0.8142,1,0,0.9693,0.05495
human,seqneut25to26_sera_4024,A/Bangkok/P2390/2025_H3N2,plate25-TCCCAAGACAAGCGAC,0.005723,interpolated,0.006892,0.006892,interpolated,2.495,0.8144,0,0.827,0.1389
human,seqneut25to26_sera_4024,A/Galicia/GA-CHUAC-451/2025_H3N2,plate25-CATGTGGAGGGTCGAG,0.001291,interpolated,0.001464,0.001464,interpolated,0.8,0.952,0,0.9238,0.08154
human,seqneut25to26_sera_4024,A/Galicia/GA-CHUAC-451/2025_H3N2,plate25-TAGCCTATAATCAAGT,0.001543,interpolated,0.002107,0.002107,interpolated,1.128,0.8517,0,0.8747,0.116
human,seqneut25to26_sera_4024,A/Alagoas/4130/2025_H3N2,plate25-GAGGACAGCGGTCGTC,0.000722,interpolated,0.0007272,0.0007272,interpolated,0.8,0.9971,0,0.8948,0.09969
human,seqneut25to26_sera_4024,A/Alagoas/4130/2025_H3N2,plate25-TAGTACTAACACCAGA,0.002145,interpolated,0.002775,0.002775,interpolated,1.778,0.8162,0,0.8981,0.1082
human,seqneut25to26_sera_4024,A/Ghana/FS-25-7077/2025_H3N2,plate25-TTTCGGGGCCCCAATG,0.004984,interpolated,0.005411,0.005411,interpolated,2.495,0.9072,0,0.8626,0.1356
human,seqneut25to26_sera_4024,A/Ghana/FS-25-7077/2025_H3N2,plate25-CACATACAACACGACC,0.006947,interpolated,0.009102,0.009102,interpolated,3.336,0.7029,0,0.6297,0.1922
human,seqneut25to26_sera_4024,A/Bangkok/P2921/2025_H3N2,plate25-ATTTCATGAGATAGGG,0.00171,interpolated,0.00196,0.00196,interpolated,1.199,0.9245,0,0.974,0.05463
human,seqneut25to26_sera_4024,A/Bangkok/P2921/2025_H3N2,plate25-GAGATAAAAGAGCTCT,0.001757,interpolated,0.002876,0.002876,interpolated,1.986,0.6879,0,0.8957,0.09507
human,seqneut25to26_sera_4024,A/Bangkok/P2391/2025_H3N2,plate25-TCGGAGAGCGATCCGC,0.002266,interpolated,0.003105,0.003105,interpolated,2.145,0.7545,0,0.8433,0.1333
human,seqneut25to26_sera_4024,A/Bangkok/P2391/2025_H3N2,plate25-CGGGTCCTAGGCGAGG,0.001276,interpolated,0.001421,0.001421,interpolated,0.9976,0.9493,0,0.9514,0.0741
human,seqneut25to26_sera_4024,A/Bahia/3102/2025_H3N2,plate25-GAACCTACAAGCAGTC,0.001058,interpolated,0.001058,0.001058,interpolated,0.8,1,0,0.9155,0.09208
human,seqneut25to26_sera_4024,A/Bahia/3102/2025_H3N2,plate25-TGAGTGTCCAGGTACT,0.001361,interpolated,0.00162,0.00162,interpolated,1.054,0.9159,0,0.8512,0.1323
human,seqneut25to26_sera_4024,A/SouthAustralia/2524408801/2025_H3N2,plate25-AGCTCCACATTTGGCC,0.001827,interpolated,0.001827,0.001827,interpolated,0.8115,1,0,0.9482,0.07172
human,seqneut25to26_sera_4024,A/SouthAustralia/2524408801/2025_H3N2,plate25-TCGGTCGGGCGAAGGC,0.001058,interpolated,0.001641,0.001641,interpolated,0.8,0.852,0,0.7346,0.1348
human,seqneut25to26_sera_4024,A/Massachusetts/18/2022_H3N2,plate25-CATTTCTGATGAATTG,0.005395,interpolated,0.006472,0.006472,interpolated,2.126,0.8395,0,0.965,0.05837
human,seqneut25to26_sera_4024,A/Massachusetts/18/2022_H3N2,plate25-CGATCTTTACGAAAAA,0.005474,interpolated,0.005974,0.005974,interpolated,4.906,0.8255,0,0.8405,0.1469
human,seqneut25to26_sera_4024,A/Massachusetts/18/2022_H3N2,plate25-TCCACACCCCTAGCTA,0.004551,interpolated,0.004668,0.004668,interpolated,10,0.8877,0,0.9763,0.05819
human,seqneut25to26_sera_4024,A/Norway/9556/2025_H1N1,plate25-TATCCGGGTCTGATGC,0.007008,interpolated,0.007611,0.007611,interpolated,1.37,0.9465,0,0.9369,0.07659
human,seqneut25to26_sera_4024,A/Norway/9556/2025_H1N1,plate25-TAACCGGTCAGATGTT,0.007399,interpolated,0.007399,0.007399,interpolated,1.71,1,0,0.9385,0.08682
human,seqneut25to26_sera_4024,A/SouthAustralia/2524712956/2025_H1N1,plate25-GCCCACGTTTAACTTT,0.005372,interpolated,0.005664,0.005664,interpolated,2.241,0.9441,0,0.8826,0.1219
human,seqneut25to26_sera_4024,A/SouthAustralia/2524712956/2025_H1N1,plate25-TTTTCGATAATAATCT,0.006188,interpolated,0.006347,0.006347,interpolated,4.2,0.9496,0,0.9859,0.04527
human,seqneut25to26_sera_4024,A/SouthAustralia/2523812314/2025_H3N2,plate25-GCGGACAGCGGTTATC,0.001526,interpolated,0.001883,0.001883,interpolated,1.171,0.8909,0,0.9224,0.09382
human,seqneut25to26_sera_4024,A/SouthAustralia/2523812314/2025_H3N2,plate25-TTTACTCGATCCTCGC,0.0008361,interpolated,0.001648,0.001648,interpolated,0.996,0.7543,0,0.9591,0.05276
human,seqneut25to26_sera_4024,A/England/1837734/2025_H3N2,plate25-ATAGCCCTAACGAAAG,0.001085,interpolated,0.001114,0.001114,interpolated,0.8,0.9895,0,0.8468,0.113
human,seqneut25to26_sera_4024,A/England/1837734/2025_H3N2,plate25-TCACACCGCTCAGCCT,0.001439,interpolated,0.001679,0.001679,interpolated,1.086,0.9229,0,0.8454,0.1359
human,seqneut25to26_sera_4024,A/England/1837737/2025_H3N2,plate25-TACACTCAAACGATGC,0.0006346,interpolated,0.0006346,0.0006346,interpolated,0.9119,1,0,0.9206,0.09047
human,seqneut25to26_sera_4024,A/England/1837737/2025_H3N2,plate25-ATTGGCTGTCGTGGCC,0.00065,interpolated,0.002655,0.002655,interpolated,1.144,0.6,0,0.9544,0.04571
human,seqneut25to26_sera_4024,A/England/174/2025_H3N2,plate25-CCTTATGAATTACGCG,0.0009465,interpolated,0.001149,0.001149,interpolated,0.9665,0.9147,0,0.9674,0.05603
human,seqneut25to26_sera_4024,A/Bangkok/P2323/2025_H3N2,plate25-AGGCGGACTAACTGCA,0.001388,interpolated,0.001686,0.001686,interpolated,0.8,0.928,0,0.8613,0.1141
human,seqneut25to26_sera_4024,A/Bangkok/P2323/2025_H3N2,plate25-AAGCGCTTCCCAGCCA,0.001594,interpolated,0.00179,0.00179,interpolated,0.8,0.9557,0,0.9188,0.08628
human,seqneut25to26_sera_4024,A/Denmark/3070/2025_H1N1,plate25-ATGAGCTAAACATGAT,0.00891,interpolated,0.00891,0.00891,interpolated,2.787,1,0,0.9994,0.008593
human,seqneut25to26_sera_4024,A/Denmark/3070/2025_H1N1,plate25-TCTGTGCGAGCATCGG,0.008099,interpolated,0.008099,0.008099,interpolated,3.139,1,0,0.9993,0.009406
human,seqneut25to26_sera_4024,A/France/ARA-HCL025155099501/2025_H1N1,plate25-ATTAACCAATTGAGCA,0.003979,interpolated,0.003979,0.003979,interpolated,1.699,1,0,0.9773,0.05647
human,seqneut25to26_sera_4024,A/Bangkok/1803/2025_H1N1,plate25-GTCGTCCGTAAGTTCA,0.01039,interpolated,0.01049,0.01049,interpolated,5.805,0.9719,0,0.9882,0.03625
human,seqneut25to26_sera_4024,A/Bangkok/1803/2025_H1N1,plate25-TTTCCAGGGCTTCCCG,0.005007,interpolated,0.005536,0.005536,interpolated,1.423,0.9333,0,0.9056,0.1012
human,seqneut25to26_sera_4024,A/SouthAustralia/2527213276/2025_H3N2,plate25-TTTTCTGACGATGCAG,0.002137,interpolated,0.00493,0.00493,interpolated,1.803,0.6107,0,0.7011,0.1499
human,seqneut25to26_sera_4024,A/SouthAustralia/2527213276/2025_H3N2,plate25-GCTGATAAACAATCTA,0.003902,interpolated,0.004562,0.004562,interpolated,10,0.6048,0,0.7896,0.1297
human,seqneut25to26_sera_4024,A/CoteDIvoire/2007/2025_H1N1,plate25-AAGACCTAGTTTGAAC,0.00266,interpolated,0.003143,0.003143,interpolated,2.009,0.8577,0,0.9521,0.07715
human,seqneut25to26_sera_4024,A/CoteDIvoire/2007/2025_H1N1,plate25-GCTCAGTCGCCACGTT,0.002257,interpolated,0.002463,0.002463,interpolated,1.301,0.9465,0,0.9739,0.0574
human,seqneut25to26_sera_4024,A/Guangdong-Meijiang/11256/2025_H3N2,plate25-CGTTGCATGTAGCAGG,0.001026,interpolated,0.001026,0.001026,interpolated,1.058,1,0,0.9612,0.0706
human,seqneut25to26_sera_4024,A/Guangdong-Meijiang/11256/2025_H3N2,plate25-TCCCTTCTTCGCAACT,0.0004108,interpolated,0.000598,0.000598,interpolated,0.8,0.8703,0,0.8879,0.08804
human,seqneut25to26_sera_4024,A/Bangkok/P3263/2025_H3N2,plate25-TATGCTAAGACTTTTT,0.0008396,interpolated,0.0008396,0.0008396,interpolated,0.8,1,0,0.8674,0.1184
human,seqneut25to26_sera_4024,A/HongKong/1382/2025_H3N2,plate25-GCAGCTTGAATGATGT,0.001658,interpolated,0.003111,0.003111,interpolated,1.607,0.6819,0,0.7364,0.1487
human,seqneut25to26_sera_4024,A/HongKong/1382/2025_H3N2,plate25-AGGACCTAAATGAAGT,0.002365,interpolated,0.002365,0.002365,interpolated,1.197,1,0,0.9107,0.1107
human,seqneut25to26_sera_4024,A/Canberra/530/2025_H1N1,plate25-ATCTTGTATGATATGT,0.004134,interpolated,0.004134,0.004134,interpolated,2.673,1,0,0.9894,0.04097
human,seqneut25to26_sera_4024,A/Canberra/530/2025_H1N1,plate25-ATCTCGGCCGGCCAAT,0.005461,interpolated,0.005524,0.005524,interpolated,2.455,0.9863,0,0.9856,0.04649
human,seqneut25to26_sera_4024,A/Norway/9107/2025_H1N1,plate25-TCTGTAGCTCCCTCAC,0.003815,interpolated,0.00395,0.00395,interpolated,2.14,0.964,0,0.9804,0.05286
human,seqneut25to26_sera_4024,A/Norway/9107/2025_H1N1,plate25-ACTTTCCTCCCATGCG,0.004303,interpolated,0.004303,0.004303,interpolated,3.004,1,0,0.9686,0.07088
human,seqneut25to26_sera_4024,A/California/63/2025_H1N1,plate25-CACAGCGCTGGCCTTG,0.004823,interpolated,0.004897,0.004897,interpolated,4.431,0.9672,0,0.9869,0.04562
human,seqneut25to26_sera_4024,A/California/63/2025_H1N1,plate25-CGACTCTGTCGGGTAA,0.005952,interpolated,0.006083,0.006083,interpolated,2.009,0.9785,0,0.9447,0.08776
human,seqneut25to26_sera_4024,A/Ghana/ARI-25-1125/2025_H1N1,plate25-GACGGACTATCAACGA,0.003449,interpolated,0.004123,0.004123,interpolated,2.025,0.8485,0,0.9783,0.04936
human,seqneut25to26_sera_4024,A/Ghana/ARI-25-1125/2025_H1N1,plate25-CCGTTAGGGATTCCTC,0.002821,interpolated,0.00322,0.00322,interpolated,2.243,0.8715,0,0.9047,0.1077
human,seqneut25to26_sera_4024,A/Guangxi-Qingxiu/SWL11742/2025_H1N1,plate25-GTCTTGTCGATTGGTA,0.003242,interpolated,0.00389,0.00389,interpolated,1.656,0.8698,0,0.9427,0.08029
human,seqneut25to26_sera_4024,A/Guangxi-Qingxiu/SWL11742/2025_H1N1,plate25-TGTCGGTGCGCCGCTT,0.003772,interpolated,0.003841,0.003841,interpolated,2.112,0.9812,0,0.9672,0.0689
human,seqneut25to26_sera_4024,A/Vermont/73/2025_H3N2,plate25-GATGACGCGACCTCCT,0.001025,interpolated,0.001025,0.001025,interpolated,0.8442,1,0,0.9422,0.07854
human,seqneut25to26_sera_4024,A/Vermont/73/2025_H3N2,plate25-GAGTGCCCAGGTGTTG,0.002777,interpolated,0.002917,0.002917,interpolated,4.206,0.9067,0,0.9858,0.0479
human,seqneut25to26_sera_4024,A/California/61/2025_H3N2,plate25-CCAGGATCTATCCTTC,0.001726,interpolated,0.00264,0.00264,interpolated,1.753,0.7374,0,0.9697,0.05156
human,seqneut25to26_sera_4024,A/California/61/2025_H3N2,plate25-AGAGGCCGGACGTAAA,0.0008103,interpolated,0.001616,0.001616,interpolated,0.8413,0.7797,0,0.9699,0.04277
human,seqneut25to26_sera_4024,A/Aragon/2046/2025_H1N1,plate25-TCGATTTCTAAATTCC,0.005066,interpolated,0.005066,0.005066,interpolated,1.883,1,0,0.9969,0.0209
human,seqneut25to26_sera_4024,A/Aragon/2046/2025_H1N1,plate25-GTACACTCTTTCAATT,0.004377,interpolated,0.004417,0.004417,interpolated,10,0.9562,0,0.9536,0.08637
human,seqneut25to26_sera_4024,A/Croatia/10136RV/2023-egg_H3N2,plate25-GTCGCCGCTAATCCGA,0.004724,interpolated,0.004724,0.004724,interpolated,6.303,1,0,0.9999,0.004565
human,seqneut25to26_sera_4024,A/Croatia/10136RV/2023-egg_H3N2,plate25-GAAGTGCTGCTGAAGT,0.003457,interpolated,0.003594,0.003594,interpolated,1.917,0.9639,0,0.9817,0.05164
human,seqneut25to26_sera_4024,A/Bangkok/P3067/2025_H1N1,plate25-GTTGACTGCCTTTCTT,0.003424,interpolated,0.003424,0.003424,interpolated,1.769,1,0,0.9972,0.02033
human,seqneut25to26_sera_4024,A/Bangkok/P3067/2025_H1N1,plate25-CGAACATGGGAACTAA,0.005034,interpolated,0.005034,0.005034,interpolated,2.679,1,0,0.9885,0.04244
human,seqneut25to26_sera_4024,A/Guangdong-Maonan/11438/2025_H3N2,plate25-AAGACGAAGCGTTTGC,0.002017,interpolated,0.002783,0.002783,interpolated,3.328,0.6712,0,0.8282,0.1298
human,seqneut25to26_sera_4024,A/Guangdong-Maonan/11438/2025_H3N2,plate25-TTTATTACTCTTATGG,0.00166,interpolated,0.00234,0.00234,interpolated,1.721,0.777,0,0.7683,0.1581
human,seqneut25to26_sera_4024,A/Sydney/1359/2024_H3N2,plate25-AACTCCAATTTGTTTT,0.0008583,interpolated,0.001042,0.001042,interpolated,1.473,0.8759,0,0.9928,0.02911
human,seqneut25to26_sera_4024,A/Sydney/1359/2024_H3N2,plate25-CAGGCTGCTGGGCCGC,0.003454,interpolated,0.003825,0.003825,interpolated,10,0.6803,0,0.7942,0.1618
human,seqneut25to26_sera_4024,A/Bhutan/1267/2025_H3N2,plate25-CTGAGTATGGGGCTCA,0.0005467,interpolated,0.0006486,0.0006486,interpolated,0.8,0.9361,0,0.8777,0.09823
human,seqneut25to26_sera_4024,A/Bhutan/1267/2025_H3N2,plate25-TAAAAGCTCCCATTAC,0.001257,interpolated,0.001257,0.001257,interpolated,1.054,1,0,0.8791,0.1317
human,seqneut25to26_sera_4024,A/Missouri/11/2025_H1N1,plate25-ACGGCATCCCAATTGA,0.0092,interpolated,0.009348,0.009348,interpolated,10,0.9263,0,0.9375,0.09409
human,seqneut25to26_sera_4024,A/Missouri/11/2025_H1N1,plate25-GTCACAGTCATCGTGT,0.003091,interpolated,0.003165,0.003165,interpolated,2.528,0.9709,0,0.9837,0.05139
human,seqneut25to26_sera_4024,A/Guangxi-Daxin/1643/2025_H3N2,plate25-GAACACAATTACTTAG,0.004045,interpolated,0.004252,0.004252,interpolated,10,0.8033,0,0.9245,0.1018
human,seqneut25to26_sera_4024,A/Guangxi-Daxin/1643/2025_H3N2,plate25-CCATACCACGCCCTGT,0.002296,interpolated,0.003033,0.003033,interpolated,2.678,0.7373,0,0.6897,0.1999
human,seqneut25to26_sera_4024,A/Wisconsin/588/2019_H1N1,plate25-GAAGAAACTATAACCA,0.001596,interpolated,0.001596,0.001596,interpolated,1.644,1,0,0.9688,0.07443
human,seqneut25to26_sera_4024,A/Wisconsin/588/2019_H1N1,plate25-TATATTAGTAACATAA,0.002423,interpolated,0.002442,0.002442,interpolated,3.723,0.9856,0,0.9973,0.02292
human,seqneut25to26_sera_4024,A/Wisconsin/588/2019_H1N1,plate25-AGTCCTATCCTCAAAT,0.003216,interpolated,0.003216,0.003216,interpolated,6.172,1,0,1,0.0002326
human,seqneut25to26_sera_4024,A/BritishColumbia/PHL-2473/2025_H1N1,plate25-CCTAGCCGGAAACATG,0.004787,interpolated,0.004799,0.004799,interpolated,2.905,0.9962,0,0.995,0.02787
human,seqneut25to26_sera_4024,A/BritishColumbia/PHL-2473/2025_H1N1,plate25-TCGCGGATTAAACCAT,0.003269,interpolated,0.003298,0.003298,interpolated,2.171,0.9907,0,0.9853,0.048
human,seqneut25to26_sera_4024,A/Hawaii/70/2019_H1N1,plate25-TGGAATCGTCACCGAT,0.002398,interpolated,0.002464,0.002464,interpolated,2.029,0.9731,0,0.959,0.08296
human,seqneut25to26_sera_4024,A/Hawaii/70/2019_H1N1,plate25-ATAGAATCGCAAATTA,0.001682,interpolated,0.001682,0.001682,interpolated,2.411,1,0,0.9976,0.02144
human,seqneut25to26_sera_4024,A/Hawaii/70/2019_H1N1,plate25-AGTAAACATGCATTGG,0.001868,interpolated,0.001896,0.001896,interpolated,2.694,0.9804,0,0.9839,0.05393
human,seqneut25to26_sera_4024,A/SouthAustralia/2520702747/2025_H1N1,plate25-GCGTAGTTTGATTCAT,0.004163,interpolated,0.004163,0.004163,interpolated,2.013,1,0,0.9974,0.01981
human,seqneut25to26_sera_4024,A/SouthAustralia/2520702747/2025_H1N1,plate25-TCGTGCTGTCATGCAG,0.002842,interpolated,0.002842,0.002842,interpolated,1.5,1,0,0.9765,0.0585
human,seqneut25to26_sera_4024,A/Andalucia/PMC-00977/2025_H1N1,plate25-AGAAAAGATAGGAAAG,0.004914,interpolated,0.004914,0.004914,interpolated,3.252,1,0,0.9957,0.02657
human,seqneut25to26_sera_4024,A/Andalucia/PMC-00977/2025_H1N1,plate25-CCTCTGTGTACTAATT,0.005309,interpolated,0.005309,0.005309,interpolated,1.772,1,0,0.9906,0.03545
human,seqneut25to26_sera_4024,A/SouthAustralia/2523012764/2025_H1N1,plate25-ATGCCGGGCCGTTACT,0.002958,interpolated,0.002958,0.002958,interpolated,2.083,1,0,0.9921,0.03621
human,seqneut25to26_sera_4024,A/SouthAustralia/2523012764/2025_H1N1,plate25-TTCGACAAGTATACGT,0.005954,interpolated,0.008474,0.008474,interpolated,1.753,0.7694,0,0.5316,0.2324
human,seqneut25to26_sera_4024,A/Canberra/465/2025_H1N1,plate25-GAATCTCCCGCGTATA,0.00278,interpolated,0.002863,0.002863,interpolated,2.49,0.9645,0,0.9761,0.06251
human,seqneut25to26_sera_4024,A/Canberra/465/2025_H1N1,plate25-TGTGCGAAGTTGATGT,0.002628,interpolated,0.002628,0.002628,interpolated,2.537,1,0,0.9776,0.06166
human,seqneut25to26_sera_4024,A/Sydney/400/2025_H1N1,plate25-TTCTAACGATTGTAGG,0.003733,interpolated,0.003959,0.003959,interpolated,2.57,0.93,0,0.9363,0.09694
human,seqneut25to26_sera_4024,A/Sydney/400/2025_H1N1,plate25-CGATTACGCTTTCCGG,0.004822,interpolated,0.005424,0.005424,interpolated,2.261,0.8832,0,0.9018,0.1107
human,seqneut25to26_sera_4024,A/Thailand/8/2022_H3N2,plate25-CATAAAAGACTGTATA,0.002215,interpolated,0.002223,0.002223,interpolated,2.008,0.9963,0,0.9977,0.0198
human,seqneut25to26_sera_4024,A/Thailand/8/2022_H3N2,plate25-AGACCATCGCACCCAA,0.002204,interpolated,0.002366,0.002366,interpolated,1.842,0.9387,0,0.8575,0.1521
human,seqneut25to26_sera_4024,A/Thailand/8/2022_H3N2,plate25-CGTACGTATGTCCCAG,0.001902,interpolated,0.002002,0.002002,interpolated,10,0.7994,0,0.9177,0.1072
human,seqneut25to26_sera_4024,A/Zacapa/FLU-261/2025_H1N1,plate25-CTCGCGGGTATATAGA,0.003116,interpolated,0.003246,0.003246,interpolated,1.771,0.965,0,0.9544,0.08095
human,seqneut25to26_sera_4024,A/Zacapa/FLU-261/2025_H1N1,plate25-CTTGAACCAGCAGTGT,0.00568,interpolated,0.005758,0.005758,interpolated,3.658,0.9758,0,0.9874,0.04393
human,seqneut25to26_sera_4024,A/SouthAustralia/2519001037/2025_H1N1,plate25-TATGTCCGCACCGCCG,0.003078,interpolated,0.003225,0.003225,interpolated,3.675,0.9212,0,0.92,0.1122
human,seqneut25to26_sera_4024,A/SouthAustralia/2519001037/2025_H1N1,plate25-ACGATCGTCGGAGGTC,0.00375,interpolated,0.00375,0.00375,interpolated,2.676,1,0,0.9956,0.02718
human,seqneut25to26_sera_4024,A/Malaysia/IMR/SARI/2028/2025_H3N2,plate25-GCGGCGCCCGGTTGAT,0.00121,interpolated,0.001717,0.001717,interpolated,1.374,0.8091,0,0.9568,0.0653
human,seqneut25to26_sera_4024,A/Malaysia/IMR/SARI/2028/2025_H3N2,plate25-GCCAGCCGAAAGCCGT,0.00102,interpolated,0.00102,0.00102,interpolated,1.17,1,0,0.9556,0.07891
human,seqneut25to26_sera_4024,A/Wisconsin/67/2022_H1N1,plate25-AAAGCTCTTTTCGTTC,0.004365,interpolated,0.004889,0.004889,interpolated,1.839,0.9058,0,0.9233,0.09625
human,seqneut25to26_sera_4024,A/Wisconsin/67/2022_H1N1,plate25-AGGAAAGAAACTGGAG,0.005878,interpolated,0.006001,0.006001,interpolated,3.365,0.9664,0,0.9948,0.02779
human,seqneut25to26_sera_4024,A/Wisconsin/67/2022_H1N1,plate25-CTGAACTTGTCGATAT,0.004749,interpolated,0.005053,0.005053,interpolated,1.74,0.9488,0,0.9639,0.06733
human,seqneut25to26_sera_4024,A/Bhutan/7/2025_H3N2,plate25-AGCAGTCCCGCTAGTC,0.002151,interpolated,0.002796,0.002796,interpolated,1.078,0.8769,0,0.7832,0.1613
human,seqneut25to26_sera_4024,A/Bhutan/7/2025_H3N2,plate25-ATGCGTTTATCGATTT,0.001563,interpolated,0.002153,0.002153,interpolated,1.799,0.7812,0,0.8621,0.1303
human,seqneut25to26_sera_4024,A/Darwin/1405/2025_H1N1,plate25-CGTCAATGGGTCATCG,0.003967,interpolated,0.004423,0.004423,interpolated,3.432,0.844,0,0.9607,0.07034
human,seqneut25to26_sera_4024,A/Darwin/1405/2025_H1N1,plate25-TCGCTTTAGCCGGACC,0.004761,interpolated,0.00551,0.00551,interpolated,2.133,0.8661,0,0.9252,0.09467
human,seqneut25to26_sera_4024,A/Colorado/105/2025_H1N1,plate25-CAAATGGGCTGCAGGG,0.007747,interpolated,0.007974,0.007974,interpolated,2.744,0.9618,0,0.9642,0.06696
human,seqneut25to26_sera_4024,A/Colorado/105/2025_H1N1,plate25-ACGTCGCTAGACTTTA,0.007613,interpolated,0.007966,0.007966,interpolated,4.118,0.9148,0,0.8712,0.1344
human,seqneut25to26_sera_4024,A/Philippines/SARI25-1425/2025_H1N1,plate25-TGATGCCGTCAGCCTT,0.005604,interpolated,0.005703,0.005703,interpolated,2.335,0.98,0,0.9827,0.04853
human,seqneut25to26_sera_4024,A/Philippines/SARI25-1425/2025_H1N1,plate25-CCGTGTGTTGTGCGCA,0.004697,interpolated,0.004905,0.004905,interpolated,3.559,0.9288,0,0.9696,0.06663
human,seqneut25to26_sera_4024,A/England/1822256/2025_H1N1,plate25-TACGATACTCGGAAGG,0.0042,interpolated,0.004342,0.004342,interpolated,2.425,0.9612,0,0.9794,0.05531
human,seqneut25to26_sera_4024,A/England/1822256/2025_H1N1,plate25-CTTTTCCGTGTCCTCT,0.004009,interpolated,0.004025,0.004025,interpolated,2.594,0.9951,0,0.9959,0.02573
human,seqneut25to26_sera_4024,A/Catalonia/NSVH102689455/2025_H1N1,plate25-GCAGAAAGAGGTAATA,0.004767,interpolated,0.005175,0.005175,interpolated,3.585,0.8727,0,0.871,0.1344
human,seqneut25to26_sera_4024,A/Catalonia/NSVH102689455/2025_H1N1,plate25-TGTCTGCGCTTAAGTT,0.00256,interpolated,0.00256,0.00256,interpolated,2.226,1,0,0.9902,0.04186
human,seqneut25to26_sera_4024,A/Indonesia/BIOKES-INAD491/2025_H3N2,plate25-CGGTAAGTTTCGAGGA,0.0004931,interpolated,0.002092,0.002092,interpolated,1.114,0.6,0,0.8075,0.105
human,seqneut25to26_sera_4024,A/Indonesia/BIOKES-INAD491/2025_H3N2,plate25-ACGATTTTTTCTACAT,0.002527,interpolated,0.002795,0.002795,interpolated,3.202,0.8622,0,0.9445,0.09095
human,seqneut25to26_sera_4024,A/SouthAfrica/PET37625/2025_H3N2,plate25-TTTGGTGAGGCCCAAT,0.0009496,interpolated,0.001207,0.001207,interpolated,2.359,0.7838,0,0.8774,0.1162
human,seqneut25to26_sera_4024,A/SouthAfrica/PET37625/2025_H3N2,plate25-GTATTGAATGTCCGGC,0.0004116,interpolated,0.0004116,0.0004116,interpolated,0.8,1,0,0.9224,0.07875
human,seqneut25to26_sera_4024,A/Bangkok/P2229/2025_H1N1,plate25-AAGCGACGCGCGACGG,0.003613,interpolated,0.003674,0.003674,interpolated,3.945,0.968,0,0.9845,0.0505
human,seqneut25to26_sera_4024,A/Bangkok/P2229/2025_H1N1,plate25-GCTTGTTAGCCTGAAG,0.00314,interpolated,0.003654,0.003654,interpolated,2.238,0.8561,0,0.944,0.08122
human,seqneut25to26_sera_4024,A/SouthAfrica/PET37604/2025_H3N2,plate25-ATCAAGGACCCTGGGC,0.00107,interpolated,0.00107,0.00107,interpolated,1.001,1,0,0.9247,0.09996
human,seqneut25to26_sera_4024,A/SouthAfrica/PET37604/2025_H3N2,plate25-CGACGCGCCGTCGCTG,0.00111,interpolated,0.001245,0.001245,interpolated,1.93,0.9002,0,0.9539,0.07938
human,seqneut25to26_sera_4024,A/Belgium/H0097/2025_H3N2,plate25-AAGCAGTTTGCCCCCA,0.002475,interpolated,0.00272,0.00272,interpolated,1.841,0.9203,0,0.9481,0.08841
human,seqneut25to26_sera_4024,A/Belgium/H0097/2025_H3N2,plate25-ATCGATCGAGATAACG,0.001607,interpolated,0.002427,0.002427,interpolated,1.746,0.7433,0,0.9254,0.08638
human,seqneut25to26_sera_4024,A/Victoria/4897/2022_IVR-238_H1N1,plate25-AAGTTAAGAGAAAGTT,0.0007697,interpolated,0.000793,0.000793,interpolated,1.417,0.9793,0,0.9726,0.06335
human,seqneut25to26_sera_4024,A/Victoria/4897/2022_IVR-238_H1N1,plate25-AATCCGAAATTTATTC,0.0001918,interpolated,0.0001918,0.0001918,interpolated,0.8,1,0,0.8606,0.09188
human,seqneut25to26_sera_4024,A/Victoria/4897/2022_IVR-238_H1N1,plate25-AGAGCTAAAAAGAGGA,0.001704,interpolated,0.001998,0.001998,interpolated,10,0.6018,0,0.8532,0.1159
human,seqneut25to26_sera_4024,A/Indonesia/BIOKES-I-BT074/2025_H3N2,plate25-ATTACAACCCAGACAA,0.0005892,interpolated,0.0005892,0.0005892,interpolated,0.8959,1,0,0.9504,0.07149
human,seqneut25to26_sera_4024,A/Indonesia/BIOKES-I-BT074/2025_H3N2,plate25-CATCGACAGGTCCCAC,0.0008816,interpolated,0.0008816,0.0008816,interpolated,1.128,1,0,0.864,0.1377
human,seqneut25to26_sera_4025,A/DistritoFederal/2578578201/2025_H3N2,plate25-GCCAACTTTCACTTGG,0.01179,interpolated,0.01792,0.01792,interpolated,0.8,0.8578,0,0.7451,0.0903
human,seqneut25to26_sera_4025,A/DistritoFederal/2578578201/2025_H3N2,plate25-GAACGGAGATCTGTTG,0.02019,interpolated,0.02229,0.02229,interpolated,3.199,0.8645,0,0.6556,0.1205
human,seqneut25to26_sera_4025,A/Bangkok/P2391/2025_H3N2,plate25-CGGGTCCTAGGCGAGG,0.006219,interpolated,0.01039,0.01039,interpolated,0.8,0.8316,0,0.6553,0.1244
human,seqneut25to26_sera_4025,A/England/1837737/2025_H3N2,plate25-TACACTCAAACGATGC,0.005045,interpolated,0.02044,0.02044,interpolated,0.8,0.6633,0,0.4881,0.1227
human,seqneut25to26_sera_4025,A/England/1837737/2025_H3N2,plate25-ATTGGCTGTCGTGGCC,0.005624,interpolated,0.007827,0.007827,interpolated,1.335,0.8216,0,0.9106,0.07418
human,seqneut25to26_sera_4025,A/Michigan/110/2025_H3N2,plate25-GACTTCTTCCGCTCTT,0.01309,interpolated,0.0202,0.0202,interpolated,1.135,0.8056,0,0.7307,0.09388
human,seqneut25to26_sera_4025,A/Michigan/110/2025_H3N2,plate25-GCTCCTGGTCATATAT,0.0173,interpolated,0.02042,0.02042,interpolated,1.265,0.9053,0,0.7914,0.08524
human,seqneut25to26_sera_4025,A/Peru/GIHSN-04-1089/2025_H3N2,plate25-GATTGAGGGGTCCGGG,0.025,lower,0.05916,0.025,lower,0.8,0.802,0,0.256,0.1453
human,seqneut25to26_sera_4025,A/NewSouthWales/2526015582/2025_H3N2,plate25-CGAAGATGAGCCCTCG,0.005972,interpolated,0.009667,0.009667,interpolated,0.9219,0.8207,0,0.9105,0.06276
human,seqneut25to26_sera_4025,A/NewSouthWales/2526015582/2025_H3N2,plate25-TTTGCTACAAGTGAGC,0.0055,interpolated,0.005631,0.005631,interpolated,0.8135,0.9906,0,0.8836,0.09473
human,seqneut25to26_sera_4025,A/Galicia/GA-CHUAC-451/2025_H3N2,plate25-CATGTGGAGGGTCGAG,0.02248,interpolated,0.02354,0.02354,interpolated,10,0.8152,0,0.5134,0.1697
human,seqneut25to26_sera_4025,A/Bhutan/7/2025_H3N2,plate25-ATGCGTTTATCGATTT,0.007771,interpolated,0.01289,0.01289,interpolated,1.233,0.768,0,0.6716,0.1313
human,seqneut25to26_sera_4025,A/Bhutan/7/2025_H3N2,plate25-AGCAGTCCCGCTAGTC,0.004113,interpolated,0.006085,0.006085,interpolated,0.8,0.8655,0,0.7372,0.1299
human,seqneut25to26_sera_4025,A/Minnesota/96/2025_H3N2,plate25-AACTCCCATGGGGCAG,0.004538,interpolated,0.006716,0.006716,interpolated,0.8465,0.8588,0,0.8822,0.08074
human,seqneut25to26_sera_4025,A/Bangkok/P2323/2025_H3N2,plate25-AGGCGGACTAACTGCA,0.002973,interpolated,0.002973,0.002973,interpolated,0.8,1,0,0.7846,0.1297
human,seqneut25to26_sera_4025,A/Bangkok/P2323/2025_H3N2,plate25-AAGCGCTTCCCAGCCA,0.01088,interpolated,0.01347,0.01347,interpolated,3.114,0.7571,0,0.6512,0.1488
human,seqneut25to26_sera_4025,A/DistrictOfColumbia/57/2025_H3N2,plate25-ACATTTAGCGGACCGT,0.003392,interpolated,0.004406,0.004406,interpolated,0.8,0.9056,0,0.78,0.1214
human,seqneut25to26_sera_4025,A/DistrictOfColumbia/57/2025_H3N2,plate25-AGGAACATGTCCATAC,0.01401,interpolated,0.07264,0.025,lower,0.8,0.634,0,0.2253,0.1093
human,seqneut25to26_sera_4025,A/SouthAustralia/2527612456/2025_H1N1,plate25-GAAAGACCGATGCCAG,0.009105,interpolated,0.01003,0.01003,interpolated,0.8,0.9626,0,0.8768,0.08171
human,seqneut25to26_sera_4025,A/SouthAustralia/2527612456/2025_H1N1,plate25-GAAGGACTTGGGGCTC,0.01685,interpolated,0.01753,0.01753,interpolated,1.76,0.9662,0,0.9537,0.04727
human,seqneut25to26_sera_4025,A/Anapolis/LEIAL6543/2025_H3N2,plate25-AAATATTGAGACTAAT,0.01123,interpolated,0.01413,0.01413,interpolated,1.607,0.8461,0,0.5196,0.1941
human,seqneut25to26_sera_4025,A/Anapolis/LEIAL6543/2025_H3N2,plate25-AACACTCAATACCGGT,0.002212,interpolated,0.002983,0.002983,interpolated,0.8,0.8937,0,0.9073,0.07349
human,seqneut25to26_sera_4025,A/SouthAustralia/2525607496/2025_H3N2,plate25-CAAATATAATGTCCTG,0.008837,interpolated,0.01019,0.01019,interpolated,1.086,0.9281,0,0.8619,0.09525
human,seqneut25to26_sera_4025,A/Bhutan/1267/2025_H3N2,plate25-TAAAAGCTCCCATTAC,0.003156,interpolated,0.003581,0.003581,interpolated,0.8,0.9519,0,0.8306,0.1015
human,seqneut25to26_sera_4025,A/Bhutan/1267/2025_H3N2,plate25-CTGAGTATGGGGCTCA,0.002127,interpolated,0.002685,0.002685,interpolated,0.8,0.915,0,0.9447,0.06121
human,seqneut25to26_sera_4025,A/Wisconsin/67/2022_H1N1,plate25-CTGAACTTGTCGATAT,0.025,lower,0.05404,0.025,lower,0.8,1,0,0.364,0.1377
human,seqneut25to26_sera_4025,A/Wisconsin/67/2022_H1N1,plate25-AGGAAAGAAACTGGAG,0.01397,interpolated,0.01448,0.01448,interpolated,4.317,0.9289,0,0.9339,0.07541
human,seqneut25to26_sera_4025,A/Wisconsin/67/2022_H1N1,plate25-AAAGCTCTTTTCGTTC,0.01161,interpolated,0.01172,0.01172,interpolated,3.195,0.9847,0,0.989,0.03221
human,seqneut25to26_sera_4025,A/HongKong/1257/2025_H3N2,plate25-GTATAGAAATGGGTCA,0.01004,interpolated,0.01546,0.01546,interpolated,2.042,0.7072,0,0.6803,0.1217
human,seqneut25to26_sera_4025,A/HongKong/1257/2025_H3N2,plate25-CACACCTCTCTCGCCG,0.004208,interpolated,0.009521,0.009521,interpolated,0.8,0.7602,0,0.5279,0.169
human,seqneut25to26_sera_4025,A/Ghana/FS-25-7077/2025_H3N2,plate25-CACATACAACACGACC,0.008589,interpolated,0.01415,0.01415,interpolated,0.8,0.8354,0,0.5275,0.156
human,seqneut25to26_sera_4025,A/Ghana/FS-25-7077/2025_H3N2,plate25-TTTCGGGGCCCCAATG,0.007239,interpolated,0.008074,0.008074,interpolated,1.371,0.9306,0,0.8841,0.09807
human,seqneut25to26_sera_4025,A/Lao/820-2750/2025_H3N2,plate25-AGGAAGATCAAAAGCG,0.004839,interpolated,0.00617,0.00617,interpolated,0.8,0.9117,0,0.674,0.1434
human,seqneut25to26_sera_4025,A/Lao/820-2750/2025_H3N2,plate25-TTGAAACTCTTGTCCT,0.005734,interpolated,0.008947,0.008947,interpolated,1.44,0.7635,0,0.7785,0.1211
human,seqneut25to26_sera_4025,A/Belgium/H0097/2025_H3N2,plate25-ATCGATCGAGATAACG,0.004838,interpolated,0.008584,0.008584,interpolated,0.8,0.8161,0,0.8282,0.08577
human,seqneut25to26_sera_4025,A/Belgium/H0097/2025_H3N2,plate25-AAGCAGTTTGCCCCCA,0.007165,interpolated,0.008466,0.008466,interpolated,0.8,0.9375,0,0.7987,0.111
human,seqneut25to26_sera_4025,A/Hawaii/70/2019_H1N1,plate25-AGTAAACATGCATTGG,0.01292,interpolated,0.01292,0.01292,interpolated,2.284,1,0,0.9762,0.04255
human,seqneut25to26_sera_4025,A/Hawaii/70/2019_H1N1,plate25-TGGAATCGTCACCGAT,0.01305,interpolated,0.01309,0.01309,interpolated,2.826,0.9953,0,0.9991,0.008507
human,seqneut25to26_sera_4025,A/Hawaii/70/2019_H1N1,plate25-ATAGAATCGCAAATTA,0.01135,interpolated,0.01139,0.01139,interpolated,2.874,0.9947,0,0.9946,0.0235
human,seqneut25to26_sera_4025,A/Bangkok/P2921/2025_H3N2,plate25-ATTTCATGAGATAGGG,0.006806,interpolated,0.008015,0.008015,interpolated,1.207,0.9104,0,0.9085,0.08294
human,seqneut25to26_sera_4025,A/Bangkok/P2921/2025_H3N2,plate25-GAGATAAAAGAGCTCT,0.005824,interpolated,0.01125,0.01125,interpolated,0.8,0.7952,0,0.7443,0.1024
human,seqneut25to26_sera_4025,A/Norway/8765/2025_H3N2,plate25-ACCAGGTGGCAGTACA,0.005206,interpolated,0.006453,0.006453,interpolated,1.227,0.8843,0,0.9455,0.06149
human,seqneut25to26_sera_4025,A/Norway/8765/2025_H3N2,plate25-ATTGCAACGCCGGTGT,0.008824,interpolated,0.0127,0.0127,interpolated,1.087,0.8365,0,0.502,0.1946
human,seqneut25to26_sera_4025,A/SouthAustralia/2524408801/2025_H3N2,plate25-AGCTCCACATTTGGCC,0.008133,interpolated,0.008464,0.008464,interpolated,0.8488,0.9834,0,0.8798,0.08594
human,seqneut25to26_sera_4025,A/SouthAustralia/2524408801/2025_H3N2,plate25-TCGGTCGGGCGAAGGC,0.008339,interpolated,0.0114,0.0114,interpolated,0.8,0.8893,0,0.896,0.06723
human,seqneut25to26_sera_4025,A/Hawaii/44/2025_H1N1,plate25-TGATATCTGGAATCTG,0.01188,interpolated,0.012,0.012,interpolated,1.599,0.9916,0,0.9661,0.04978
human,seqneut25to26_sera_4025,A/Hawaii/44/2025_H1N1,plate25-TAGATTTGTCCGTACA,0.01195,interpolated,0.01243,0.01243,interpolated,1.285,0.9754,0,0.879,0.09286
human,seqneut25to26_sera_4025,A/Arica/59150/2025_H3N2,plate25-TGCGATGCATAGTTCG,0.005317,interpolated,0.006094,0.006094,interpolated,1.204,0.9242,0,0.9073,0.08797
human,seqneut25to26_sera_4025,A/Arica/59150/2025_H3N2,plate25-AGAACGGCTTGACACT,0.007183,interpolated,0.00791,0.00791,interpolated,1.371,0.9381,0,0.9472,0.06774
human,seqneut25to26_sera_4025,A/Alagoas/4130/2025_H3N2,plate25-TAGTACTAACACCAGA,0.009831,interpolated,0.01053,0.01053,interpolated,1.327,0.9562,0,0.9384,0.0645
human,seqneut25to26_sera_4025,A/Alagoas/4130/2025_H3N2,plate25-GAGGACAGCGGTCGTC,0.005305,interpolated,0.005402,0.005402,interpolated,0.8407,0.9925,0,0.8609,0.1079
human,seqneut25to26_sera_4025,A/Bangkok/P2390/2025_H3N2,plate25-AAAGGAAGCCCCTCAC,0.01006,interpolated,0.01028,0.01028,interpolated,1.669,0.9823,0,0.894,0.09124
human,seqneut25to26_sera_4025,A/Bangkok/P2390/2025_H3N2,plate25-TCCCAAGACAAGCGAC,0.00379,interpolated,0.004362,0.004362,interpolated,1.121,0.9272,0,0.8593,0.1135
human,seqneut25to26_sera_4025,A/England/174/2025_H3N2,plate25-CCTTATGAATTACGCG,0.005575,interpolated,0.01271,0.01271,interpolated,1.086,0.7043,0,0.6751,0.12
human,seqneut25to26_sera_4025,A/SouthAustralia/2527003588/2025_H3N2,plate25-ACGAGAAGCAGGGGGC,0.003859,interpolated,0.00391,0.00391,interpolated,0.8,0.9948,0,0.7885,0.1168
human,seqneut25to26_sera_4025,A/Tasmania/2521815682/2025_H3N2,plate25-ATAAATTCTTTATGGA,0.003946,interpolated,0.007787,0.007787,interpolated,0.8,0.7903,0,0.7786,0.102
human,seqneut25to26_sera_4025,A/Tasmania/2521815682/2025_H3N2,plate25-GCATACTGGTTACATT,0.01126,interpolated,0.01474,0.01474,interpolated,2.119,0.7825,0,0.58,0.1669
human,seqneut25to26_sera_4025,A/NewSouthWales/2526015584/2025_H3N2,plate25-TTACCTTAAATCAAAG,0.003398,interpolated,0.003547,0.003547,interpolated,0.8,0.9831,0,0.8962,0.09206
human,seqneut25to26_sera_4025,A/NewSouthWales/2526015584/2025_H3N2,plate25-TGTCGGGGTACGGGAC,0.002308,interpolated,0.003638,0.003638,interpolated,1.524,0.7498,0,0.8814,0.09376
human,seqneut25to26_sera_4025,A/Massachusetts/18/2022_H3N2,plate25-CATTTCTGATGAATTG,0.01292,interpolated,0.0143,0.0143,interpolated,1.823,0.9159,0,0.822,0.1048
human,seqneut25to26_sera_4025,A/Massachusetts/18/2022_H3N2,plate25-CGATCTTTACGAAAAA,0.01454,interpolated,0.01612,0.01612,interpolated,2.885,0.8713,0,0.8001,0.1098
human,seqneut25to26_sera_4025,A/Massachusetts/18/2022_H3N2,plate25-TCCACACCCCTAGCTA,0.01037,interpolated,0.01156,0.01156,interpolated,1.678,0.9165,0,0.8143,0.1237
human,seqneut25to26_sera_4025,A/DistrictOfColumbia/27/2023_H3N2,plate25-GAATAATAGAACAGAG,0.00448,interpolated,0.004828,0.004828,interpolated,0.8,0.971,0,0.9205,0.07341
human,seqneut25to26_sera_4025,A/DistrictOfColumbia/27/2023_H3N2,plate25-AAGAAGCTATAGAAGT,0.005378,interpolated,0.007108,0.007108,interpolated,0.8,0.9,0,0.7463,0.1169
human,seqneut25to26_sera_4025,A/Vermont/73/2025_H3N2,plate25-GATGACGCGACCTCCT,0.002811,interpolated,0.003679,0.003679,interpolated,0.8,0.9032,0,0.8723,0.09788
human,seqneut25to26_sera_4025,A/Vermont/73/2025_H3N2,plate25-GAGTGCCCAGGTGTTG,0.003503,interpolated,0.006954,0.006954,interpolated,0.8,0.7889,0,0.5491,0.1542
human,seqneut25to26_sera_4025,A/SouthAustralia/2523812314/2025_H3N2,plate25-GCGGACAGCGGTTATC,0.007491,interpolated,0.008518,0.008518,interpolated,1.136,0.9321,0,0.8992,0.08683
human,seqneut25to26_sera_4025,A/SouthAustralia/2523812314/2025_H3N2,plate25-TTTACTCGATCCTCGC,0.005916,interpolated,0.009826,0.009826,interpolated,1.57,0.7254,0,0.7479,0.1233
human,seqneut25to26_sera_4025,A/Guangxi-Daxin/1643/2025_H3N2,plate25-GAACACAATTACTTAG,0.01031,interpolated,0.01091,0.01091,interpolated,1.96,0.9468,0,0.9693,0.04879
human,seqneut25to26_sera_4025,A/Guangxi-Daxin/1643/2025_H3N2,plate25-CCATACCACGCCCTGT,0.005861,interpolated,0.01065,0.01065,interpolated,0.8,0.8101,0,0.5806,0.1411
human,seqneut25to26_sera_4025,A/Wisconsin/588/2019_H1N1,plate25-GAAGAAACTATAACCA,0.00896,interpolated,0.00896,0.00896,interpolated,2.731,1,0,0.9942,0.02523
human,seqneut25to26_sera_4025,A/Wisconsin/588/2019_H1N1,plate25-TATATTAGTAACATAA,0.01164,interpolated,0.01164,0.01164,interpolated,3.5,1,0,0.9968,0.01779
human,seqneut25to26_sera_4025,A/Wisconsin/588/2019_H1N1,plate25-AGTCCTATCCTCAAAT,0.01138,interpolated,0.01149,0.01149,interpolated,1.953,0.9905,0,0.9065,0.0964
human,seqneut25to26_sera_4025,A/SouthAustralia/2527213276/2025_H3N2,plate25-GCTGATAAACAATCTA,0.001461,interpolated,0.004419,0.004419,interpolated,1.005,0.6644,0,0.566,0.1584
human,seqneut25to26_sera_4025,A/SouthAustralia/2527213276/2025_H3N2,plate25-TTTTCTGACGATGCAG,0.008703,interpolated,0.01021,0.01021,interpolated,10,0.6017,0,0.5524,0.1546
human,seqneut25to26_sera_4025,A/Malaysia/IMR/SARI/2406/2025_H3N2,plate25-AATCATACATGCTTCT,0.004726,interpolated,0.007459,0.007459,interpolated,1.047,0.8101,0,0.91,0.07086
human,seqneut25to26_sera_4025,A/Malaysia/IMR/SARI/2406/2025_H3N2,plate25-CCTACGCTCGTATCCC,0.009203,interpolated,0.009467,0.009467,interpolated,6.435,0.917,0,0.9392,0.08429
human,seqneut25to26_sera_4025,A/Bangkok/P2572/2025_H3N2,plate25-TAGATAACTCGCTAGG,0.008906,interpolated,0.009982,0.009982,interpolated,1.349,0.9287,0,0.8592,0.1013
human,seqneut25to26_sera_4025,A/Ghana/ARI-25-1125/2025_H1N1,plate25-GACGGACTATCAACGA,0.007357,interpolated,0.008302,0.008302,interpolated,1.884,0.8982,0,0.8901,0.1002
human,seqneut25to26_sera_4025,A/Ghana/ARI-25-1125/2025_H1N1,plate25-CCGTTAGGGATTCCTC,0.008816,interpolated,0.008816,0.008816,interpolated,0.8,1,0,0.7685,0.1222
human,seqneut25to26_sera_4025,A/Aragon/2046/2025_H1N1,plate25-GTACACTCTTTCAATT,0.008623,interpolated,0.008623,0.008623,interpolated,1.443,1,0,0.9954,0.02005
human,seqneut25to26_sera_4025,A/Aragon/2046/2025_H1N1,plate25-TCGATTTCTAAATTCC,0.0207,interpolated,0.02099,0.02099,interpolated,10,0.9356,0,0.8993,0.08822
human,seqneut25to26_sera_4025,A/Andalucia/PMC-00977/2025_H1N1,plate25-AGAAAAGATAGGAAAG,0.00996,interpolated,0.00996,0.00996,interpolated,1.212,1,0,0.9279,0.07569
human,seqneut25to26_sera_4025,A/Andalucia/PMC-00977/2025_H1N1,plate25-CCTCTGTGTACTAATT,0.01911,interpolated,0.01911,0.01911,interpolated,0.9901,1,0,0.927,0.05378
human,seqneut25to26_sera_4025,A/Croatia/10136RV/2023-egg_H3N2,plate25-GTCGCCGCTAATCCGA,0.025,lower,0.02625,0.025,lower,10,0.9625,0,0.7307,0.07773
human,seqneut25to26_sera_4025,A/Croatia/10136RV/2023-egg_H3N2,plate25-GAAGTGCTGCTGAAGT,0.01354,interpolated,0.0146,0.0146,interpolated,1.766,0.9373,0,0.7169,0.1332
human,seqneut25to26_sera_4025,A/SouthAustralia/2520702747/2025_H1N1,plate25-TCGTGCTGTCATGCAG,0.02463,interpolated,0.02784,0.025,lower,0.8828,0.9487,0,0.7144,0.09291
human,seqneut25to26_sera_4025,A/SouthAustralia/2520702747/2025_H1N1,plate25-GCGTAGTTTGATTCAT,0.01475,interpolated,0.01483,0.01483,interpolated,2.879,0.9917,0,0.9878,0.02979
human,seqneut25to26_sera_4025,A/Darwin/1461/2025_H3N2,plate25-CAGGTACGCGTTTCTG,0.02001,interpolated,0.02186,0.02186,interpolated,8.325,0.7396,0,0.5435,0.1689
human,seqneut25to26_sera_4025,A/Darwin/1461/2025_H3N2,plate25-ATACATCCGACGCTTT,0.009022,interpolated,0.009025,0.009025,interpolated,0.8708,0.9999,0,0.8265,0.1113
human,seqneut25to26_sera_4025,A/France/ARA-HCL025155099501/2025_H1N1,plate25-ATTAACCAATTGAGCA,0.007859,interpolated,0.007859,0.007859,interpolated,1.452,1,0,0.9829,0.04057
human,seqneut25to26_sera_4025,A/Malaysia/IMR/SARI/2517/2025_H3N2,plate25-GTCCATAGTTTCGTGA,0.003428,interpolated,0.003599,0.003599,interpolated,0.8,0.9809,0,0.8954,0.09196
human,seqneut25to26_sera_4025,A/Malaysia/IMR/SARI/2517/2025_H3N2,plate25-GATGCCCCTTGGCTCT,0.005334,interpolated,0.005728,0.005728,interpolated,1.099,0.9623,0,0.8466,0.1244
human,seqneut25to26_sera_4025,A/Sydney/1359/2024_H3N2,plate25-AACTCCAATTTGTTTT,0.002995,interpolated,0.003051,0.003051,interpolated,0.8,0.9927,0,0.9557,0.06072
human,seqneut25to26_sera_4025,A/Sydney/1359/2024_H3N2,plate25-CAGGCTGCTGGGCCGC,0.01859,interpolated,0.02031,0.02031,interpolated,10,0.7068,0,0.566,0.1825
human,seqneut25to26_sera_4025,A/SouthAustralia/2527902708/2025_H3N2,plate25-TGGTAGTCCTTAACCG,0.001093,interpolated,0.001093,0.001093,interpolated,0.8,1,0,0.8355,0.1235
human,seqneut25to26_sera_4025,A/Indonesia/BIOKES-INAD491/2025_H3N2,plate25-CGGTAAGTTTCGAGGA,0.009269,interpolated,0.009881,0.009881,interpolated,10,0.7639,0,0.72,0.1639
human,seqneut25to26_sera_4025,A/Indonesia/BIOKES-INAD491/2025_H3N2,plate25-ACGATTTTTTCTACAT,0.006094,interpolated,0.007043,0.007043,interpolated,1.271,0.916,0,0.7881,0.143
human,seqneut25to26_sera_4025,A/Guangdong-Meijiang/11256/2025_H3N2,plate25-CGTTGCATGTAGCAGG,0.002676,interpolated,0.002784,0.002784,interpolated,2.12,0.9598,0,0.9346,0.09513
human,seqneut25to26_sera_4025,A/Guangdong-Meijiang/11256/2025_H3N2,plate25-TCCCTTCTTCGCAACT,0.00142,interpolated,0.001579,0.001579,interpolated,0.8,0.9593,0,0.7812,0.1312
human,seqneut25to26_sera_4025,A/Bahia/3102/2025_H3N2,plate25-TGAGTGTCCAGGTACT,0.003808,interpolated,0.004709,0.004709,interpolated,0.8,0.9219,0,0.8599,0.1006
human,seqneut25to26_sera_4025,A/Bahia/3102/2025_H3N2,plate25-GAACCTACAAGCAGTC,0.002882,interpolated,0.004809,0.004809,interpolated,0.8,0.8319,0,0.872,0.08349
human,seqneut25to26_sera_4025,A/Canberra/465/2025_H1N1,plate25-GAATCTCCCGCGTATA,0.0118,interpolated,0.0118,0.0118,interpolated,1.247,1,0,0.9198,0.07284
human,seqneut25to26_sera_4025,A/Canberra/465/2025_H1N1,plate25-TGTGCGAAGTTGATGT,0.006169,interpolated,0.006169,0.006169,interpolated,1.632,1,0,0.994,0.02604
human,seqneut25to26_sera_4025,A/England/1837734/2025_H3N2,plate25-ATAGCCCTAACGAAAG,0.0193,interpolated,0.02058,0.02058,interpolated,10,0.7627,0,0.613,0.1762
human,seqneut25to26_sera_4025,A/Malaysia/IMR/SARI/2028/2025_H3N2,plate25-GCCAGCCGAAAGCCGT,0.004411,interpolated,0.005135,0.005135,interpolated,1.592,0.8927,0,0.9359,0.08071
human,seqneut25to26_sera_4025,A/Malaysia/IMR/SARI/2028/2025_H3N2,plate25-GCGGCGCCCGGTTGAT,0.002787,interpolated,0.004113,0.004113,interpolated,1.012,0.8372,0,0.8116,0.1268
human,seqneut25to26_sera_4025,A/SouthAfrica/PET37625/2025_H3N2,plate25-GTATTGAATGTCCGGC,0.002274,interpolated,0.003022,0.003022,interpolated,0.8,0.8983,0,0.9384,0.064
human,seqneut25to26_sera_4025,A/SouthAfrica/PET37625/2025_H3N2,plate25-TTTGGTGAGGCCCAAT,0.00149,interpolated,0.001898,0.001898,interpolated,0.8,0.912,0,0.9085,0.08477
human,seqneut25to26_sera_4025,A/DistritoFederal/250106000728/2025_H3N2,plate25-GATCGGAATAACCGTA,0.0057,interpolated,0.006415,0.006415,interpolated,1.07,0.9406,0,0.9689,0.04907
human,seqneut25to26_sera_4025,A/DistritoFederal/250106000728/2025_H3N2,plate25-ATCGCAAGTACCAGTT,0.004243,interpolated,0.006552,0.006552,interpolated,0.9597,0.8295,0,0.6626,0.1614
human,seqneut25to26_sera_4025,A/England/1822256/2025_H1N1,plate25-TACGATACTCGGAAGG,0.01094,interpolated,0.01094,0.01094,interpolated,1.693,1,0,0.9924,0.02455
human,seqneut25to26_sera_4025,A/England/1822256/2025_H1N1,plate25-CTTTTCCGTGTCCTCT,0.01101,interpolated,0.01101,0.01101,interpolated,2.033,1,0,0.9954,0.01985
human,seqneut25to26_sera_4025,A/Darwin/1405/2025_H1N1,plate25-CGTCAATGGGTCATCG,0.007819,interpolated,0.007819,0.007819,interpolated,1.497,1,0,0.9539,0.06477
human,seqneut25to26_sera_4025,A/Darwin/1405/2025_H1N1,plate25-TCGCTTTAGCCGGACC,0.01066,interpolated,0.01066,0.01066,interpolated,0.8834,1,0,0.8701,0.0913
human,seqneut25to26_sera_4025,A/Guangdong-Maonan/11438/2025_H3N2,plate25-TTTATTACTCTTATGG,0.006958,interpolated,0.006958,0.006958,interpolated,1.416,1,0,0.9379,0.07878
human,seqneut25to26_sera_4025,A/Guangdong-Maonan/11438/2025_H3N2,plate25-AAGACGAAGCGTTTGC,0.004094,interpolated,0.005519,0.005519,interpolated,1.201,0.8492,0,0.752,0.1455
human,seqneut25to26_sera_4025,A/Queensland/2526516675/2025_H3N2,plate25-ATCATAGCACTAAAAT,0.002876,interpolated,0.003108,0.003108,interpolated,0.8,0.9699,0,0.8652,0.108
human,seqneut25to26_sera_4025,A/Queensland/2526516675/2025_H3N2,plate25-ACATCCGCCCTTCGGT,0.01782,interpolated,0.01888,0.01888,interpolated,10,0.7813,0,0.6601,0.1888
human,seqneut25to26_sera_4025,A/Zacapa/FLU-261/2025_H1N1,plate25-CTCGCGGGTATATAGA,0.005835,interpolated,0.005835,0.005835,interpolated,1.325,1,0,0.9745,0.05195
human,seqneut25to26_sera_4025,A/Zacapa/FLU-261/2025_H1N1,plate25-CTTGAACCAGCAGTGT,0.01064,interpolated,0.01068,0.01068,interpolated,4.495,0.9911,0,0.9948,0.0238
human,seqneut25to26_sera_4025,A/Norway/8976/2025_H3N2,plate25-AAACTCTAACTGAGTT,0.002382,interpolated,0.002382,0.002382,interpolated,0.8,1,0,0.8719,0.113
human,seqneut25to26_sera_4025,A/Norway/8976/2025_H3N2,plate25-TTTGGCGAGCAGCCCG,0.006435,interpolated,0.00896,0.00896,interpolated,1.187,0.8375,0,0.8156,0.1124
human,seqneut25to26_sera_4025,A/California/61/2025_H3N2,plate25-CCAGGATCTATCCTTC,0.002932,interpolated,0.004156,0.004156,interpolated,1.223,0.8263,0,0.7556,0.1574
human,seqneut25to26_sera_4025,A/California/61/2025_H3N2,plate25-AGAGGCCGGACGTAAA,0.002258,interpolated,0.003184,0.003184,interpolated,0.946,0.8613,0,0.8852,0.09588
human,seqneut25to26_sera_4025,A/Bangkok/P2229/2025_H1N1,plate25-AAGCGACGCGCGACGG,0.00833,interpolated,0.008812,0.008812,interpolated,2.774,0.9278,0,0.9369,0.07822
human,seqneut25to26_sera_4025,A/Bangkok/P2229/2025_H1N1,plate25-GCTTGTTAGCCTGAAG,0.008497,interpolated,0.008919,0.008919,interpolated,2.257,0.9481,0,0.9527,0.07054
human,seqneut25to26_sera_4025,A/Indonesia/BIOKES-I-BT074/2025_H3N2,plate25-ATTACAACCCAGACAA,0.00121,interpolated,0.00121,0.00121,interpolated,0.8,1,0,0.9262,0.08278
human,seqneut25to26_sera_4025,A/Indonesia/BIOKES-I-BT074/2025_H3N2,plate25-CATCGACAGGTCCCAC,0.004237,interpolated,0.004958,0.004958,interpolated,2.568,0.834,0,0.8547,0.1271
human,seqneut25to26_sera_4025,A/Norway/9556/2025_H1N1,plate25-TAACCGGTCAGATGTT,0.0143,interpolated,0.01474,0.01474,interpolated,2.389,0.9645,0,0.9479,0.06086
human,seqneut25to26_sera_4025,A/Norway/9556/2025_H1N1,plate25-TATCCGGGTCTGATGC,0.01301,interpolated,0.01327,0.01327,interpolated,2.864,0.9722,0,0.948,0.06499
human,seqneut25to26_sera_4025,A/SouthAfrica/PET37604/2025_H3N2,plate25-ATCAAGGACCCTGGGC,0.006627,interpolated,0.006627,0.006627,interpolated,1.104,1,0,0.934,0.07939
human,seqneut25to26_sera_4025,A/SouthAfrica/PET37604/2025_H3N2,plate25-CGACGCGCCGTCGCTG,0.003407,interpolated,0.00636,0.00636,interpolated,1.084,0.7541,0,0.676,0.1508
human,seqneut25to26_sera_4025,A/California/63/2025_H1N1,plate25-CACAGCGCTGGCCTTG,0.01306,interpolated,0.01377,0.01377,interpolated,2.248,0.9442,0,0.8725,0.09434
human,seqneut25to26_sera_4025,A/California/63/2025_H1N1,plate25-CGACTCTGTCGGGTAA,0.008485,interpolated,0.008485,0.008485,interpolated,1.683,1,0,0.9449,0.07779
human,seqneut25to26_sera_4025,A/Norway/9107/2025_H1N1,plate25-TCTGTAGCTCCCTCAC,0.009354,interpolated,0.009354,0.009354,interpolated,1.908,1,0,0.9987,0.01089
human,seqneut25to26_sera_4025,A/Norway/9107/2025_H1N1,plate25-ACTTTCCTCCCATGCG,0.009197,interpolated,0.009197,0.009197,interpolated,2.833,1,0,0.9792,0.0465
human,seqneut25to26_sera_4025,A/CoteDIvoire/2007/2025_H1N1,plate25-AAGACCTAGTTTGAAC,0.006385,interpolated,0.007409,0.007409,interpolated,1.221,0.9169,0,0.9223,0.07701
human,seqneut25to26_sera_4025,A/CoteDIvoire/2007/2025_H1N1,plate25-GCTCAGTCGCCACGTT,0.006351,interpolated,0.006351,0.006351,interpolated,1.086,1,0,0.9531,0.06508
human,seqneut25to26_sera_4025,A/Sydney/400/2025_H1N1,plate25-TTCTAACGATTGTAGG,0.007469,interpolated,0.007469,0.007469,interpolated,1.149,1,0,0.9573,0.06178
human,seqneut25to26_sera_4025,A/Sydney/400/2025_H1N1,plate25-CGATTACGCTTTCCGG,0.009876,interpolated,0.009876,0.009876,interpolated,3.966,1,0,0.9845,0.04091
human,seqneut25to26_sera_4025,A/SouthAustralia/2519001037/2025_H1N1,plate25-TATGTCCGCACCGCCG,0.01244,interpolated,0.01289,0.01289,interpolated,1.525,0.9739,0,0.9159,0.07774
human,seqneut25to26_sera_4025,A/SouthAustralia/2519001037/2025_H1N1,plate25-ACGATCGTCGGAGGTC,0.01769,interpolated,0.01769,0.01769,interpolated,4.301,1,0,1,0.001422
human,seqneut25to26_sera_4025,A/Bangkok/P3067/2025_H1N1,plate25-GTTGACTGCCTTTCTT,0.01146,interpolated,0.01146,0.01146,interpolated,3.023,1,0,0.9901,0.03067
human,seqneut25to26_sera_4025,A/Bangkok/P3067/2025_H1N1,plate25-CGAACATGGGAACTAA,0.01999,interpolated,0.02005,0.02005,interpolated,10,0.9861,0,0.9902,0.02924
human,seqneut25to26_sera_4025,A/Colorado/105/2025_H1N1,plate25-CAAATGGGCTGCAGGG,0.01634,interpolated,0.01634,0.01634,interpolated,4.646,0.9996,0,1,0.0008985
human,seqneut25to26_sera_4025,A/Colorado/105/2025_H1N1,plate25-ACGTCGCTAGACTTTA,0.009702,interpolated,0.00993,0.00993,interpolated,1.848,0.979,0,0.9493,0.07161
human,seqneut25to26_sera_4025,A/SouthAustralia/2524712956/2025_H1N1,plate25-TTTTCGATAATAATCT,0.01054,interpolated,0.01054,0.01054,interpolated,3.218,1,0,0.9834,0.04071
human,seqneut25to26_sera_4025,A/SouthAustralia/2524712956/2025_H1N1,plate25-GCCCACGTTTAACTTT,0.008048,interpolated,0.008143,0.008143,interpolated,2.494,0.9855,0,0.9977,0.01648
human,seqneut25to26_sera_4025,A/Guangxi-Qingxiu/SWL11742/2025_H1N1,plate25-TGTCGGTGCGCCGCTT,0.01077,interpolated,0.01077,0.01077,interpolated,2.088,1,0,0.9798,0.04163
human,seqneut25to26_sera_4025,A/Guangxi-Qingxiu/SWL11742/2025_H1N1,plate25-GTCTTGTCGATTGGTA,0.008454,interpolated,0.008486,0.008486,interpolated,2.054,0.9962,0,0.9907,0.03167
human,seqneut25to26_sera_4025,A/Bangkok/1803/2025_H1N1,plate25-TTTCCAGGGCTTCCCG,0.007707,interpolated,0.008109,0.008109,interpolated,1.911,0.9537,0,0.9485,0.07101
human,seqneut25to26_sera_4025,A/Bangkok/1803/2025_H1N1,plate25-GTCGTCCGTAAGTTCA,0.01526,interpolated,0.01558,0.01558,interpolated,3.328,0.9665,0,0.982,0.03599
human,seqneut25to26_sera_4025,A/Canberra/530/2025_H1N1,plate25-ATCTTGTATGATATGT,0.007516,interpolated,0.007704,0.007704,interpolated,1.732,0.979,0,0.9846,0.03828
human,seqneut25to26_sera_4025,A/Canberra/530/2025_H1N1,plate25-ATCTCGGCCGGCCAAT,0.01057,interpolated,0.01057,0.01057,interpolated,1.505,1,0,0.8647,0.1145
human,seqneut25to26_sera_4025,A/BritishColumbia/PHL-2473/2025_H1N1,plate25-CCTAGCCGGAAACATG,0.01127,interpolated,0.01132,0.01132,interpolated,3.323,0.9936,0,0.9846,0.03844
human,seqneut25to26_sera_4025,A/BritishColumbia/PHL-2473/2025_H1N1,plate25-TCGCGGATTAAACCAT,0.009673,interpolated,0.009861,0.009861,interpolated,2.092,0.9803,0,0.9792,0.04531
human,seqneut25to26_sera_4025,A/Denmark/3070/2025_H1N1,plate25-TCTGTGCGAGCATCGG,0.008121,interpolated,0.008121,0.008121,interpolated,1.641,1,0,0.977,0.04815
human,seqneut25to26_sera_4025,A/Denmark/3070/2025_H1N1,plate25-ATGAGCTAAACATGAT,0.01571,interpolated,0.01629,0.01629,interpolated,3.916,0.9338,0,0.9051,0.08397
human,seqneut25to26_sera_4025,A/Catalonia/NSVH102689455/2025_H1N1,plate25-GCAGAAAGAGGTAATA,0.009425,interpolated,0.009592,0.009592,interpolated,2.279,0.9804,0,0.9708,0.05183
human,seqneut25to26_sera_4025,A/Catalonia/NSVH102689455/2025_H1N1,plate25-TGTCTGCGCTTAAGTT,0.007574,interpolated,0.007574,0.007574,interpolated,1.514,1,0,0.9432,0.07751
human,seqneut25to26_sera_4025,A/SouthAustralia/2523012764/2025_H1N1,plate25-ATGCCGGGCCGTTACT,0.009823,interpolated,0.009889,0.009889,interpolated,10,0.9676,0,0.9618,0.06885
human,seqneut25to26_sera_4025,A/SouthAustralia/2523012764/2025_H1N1,plate25-TTCGACAAGTATACGT,0.005476,interpolated,0.00559,0.00559,interpolated,1.632,0.9835,0,0.9736,0.05529
human,seqneut25to26_sera_4025,A/Bangkok/P3263/2025_H3N2,plate25-TATGCTAAGACTTTTT,0.001153,interpolated,0.001525,0.001525,interpolated,0.8,0.8996,0,0.8477,0.1066
human,seqneut25to26_sera_4025,A/Philippines/SARI25-1425/2025_H1N1,plate25-CCGTGTGTTGTGCGCA,0.007675,interpolated,0.007675,0.007675,interpolated,1.931,1,0,0.997,0.01788
human,seqneut25to26_sera_4025,A/Philippines/SARI25-1425/2025_H1N1,plate25-TGATGCCGTCAGCCTT,0.009862,interpolated,0.009973,0.009973,interpolated,2.369,0.9869,0,0.9935,0.02597
human,seqneut25to26_sera_4025,A/Missouri/11/2025_H1N1,plate25-GTCACAGTCATCGTGT,0.0194,interpolated,0.01965,0.01965,interpolated,10,0.94,0,0.9338,0.07609
human,seqneut25to26_sera_4025,A/Missouri/11/2025_H1N1,plate25-ACGGCATCCCAATTGA,0.01053,interpolated,0.01062,0.01062,interpolated,8.777,0.9653,0,0.9559,0.07008
human,seqneut25to26_sera_4025,A/Thailand/8/2022_H3N2,plate25-CATAAAAGACTGTATA,0.008271,interpolated,0.01087,0.01087,interpolated,1.487,0.8328,0,0.7271,0.1434
human,seqneut25to26_sera_4025,A/Thailand/8/2022_H3N2,plate25-AGACCATCGCACCCAA,0.01914,interpolated,0.01969,0.01969,interpolated,10,0.878,0,0.7015,0.1739
human,seqneut25to26_sera_4025,A/Thailand/8/2022_H3N2,plate25-CGTACGTATGTCCCAG,0.01722,interpolated,0.01872,0.01872,interpolated,10,0.7175,0,0.5819,0.192
human,seqneut25to26_sera_4025,A/HongKong/1382/2025_H3N2,plate25-AGGACCTAAATGAAGT,0.003312,interpolated,0.0035,0.0035,interpolated,1.415,0.9624,0,0.9132,0.1037
human,seqneut25to26_sera_4025,A/HongKong/1382/2025_H3N2,plate25-GCAGCTTGAATGATGT,0.0006241,interpolated,0.001066,0.001066,interpolated,0.8,0.8258,0,0.8268,0.1073
human,seqneut25to26_sera_4025,A/Victoria/4897/2022_IVR-238_H1N1,plate25-AAGTTAAGAGAAAGTT,0.00294,interpolated,0.00294,0.00294,interpolated,1.377,1,0,0.9935,0.03003
human,seqneut25to26_sera_4025,A/Victoria/4897/2022_IVR-238_H1N1,plate25-AGAGCTAAAAAGAGGA,0.004352,interpolated,0.004515,0.004515,interpolated,10,0.8468,0,0.9001,0.1117
human,seqneut25to26_sera_4025,A/Victoria/4897/2022_IVR-238_H1N1,plate25-AATCCGAAATTTATTC,0.00415,interpolated,0.004272,0.004272,interpolated,10,0.8738,0,0.8685,0.1512
human,seqneut25to26_sera_4026,A/HongKong/1257/2025_H3N2,plate25-GTATAGAAATGGGTCA,0.002789,interpolated,0.005191,0.005191,interpolated,0.8,0.8042,0,0.837,0.08774
human,seqneut25to26_sera_4026,A/HongKong/1257/2025_H3N2,plate25-CACACCTCTCTCGCCG,0.004016,interpolated,0.00889,0.00889,interpolated,0.8,0.7648,0,0.7663,0.09582
human,seqneut25to26_sera_4026,A/Minnesota/96/2025_H3N2,plate25-AACTCCCATGGGGCAG,0.00227,interpolated,0.002571,0.002571,interpolated,0.8,0.9527,0,0.9505,0.06101
human,seqneut25to26_sera_4026,A/Minnesota/96/2025_H3N2,plate25-ATCCGTTGGGCGACAA,0.003809,interpolated,0.004806,0.004806,interpolated,1.271,0.8721,0,0.9292,0.08123
human,seqneut25to26_sera_4026,A/Michigan/110/2025_H3N2,plate25-GACTTCTTCCGCTCTT,0.004026,interpolated,0.004474,0.004474,interpolated,0.8,0.9595,0,0.8497,0.1055
human,seqneut25to26_sera_4026,A/Michigan/110/2025_H3N2,plate25-GCTCCTGGTCATATAT,0.01376,interpolated,0.01518,0.01518,interpolated,0.8,0.9621,0,0.5809,0.158
human,seqneut25to26_sera_4026,A/Galicia/GA-CHUAC-451/2025_H3N2,plate25-TAGCCTATAATCAAGT,0.008842,interpolated,0.01162,0.01162,interpolated,1.105,0.8699,0,0.7113,0.1374
human,seqneut25to26_sera_4026,A/Galicia/GA-CHUAC-451/2025_H3N2,plate25-CATGTGGAGGGTCGAG,0.005812,interpolated,0.007002,0.007002,interpolated,1.53,0.876,0,0.8247,0.1323
human,seqneut25to26_sera_4026,A/Peru/GIHSN-04-1089/2025_H3N2,plate25-TTTAGCCGGCTGTAAC,0.001805,interpolated,0.004455,0.004455,interpolated,0.8,0.7427,0,0.7408,0.1109
human,seqneut25to26_sera_4026,A/Peru/GIHSN-04-1089/2025_H3N2,plate25-GATTGAGGGGTCCGGG,0.01192,interpolated,0.01322,0.01322,interpolated,5.076,0.7956,0,0.8065,0.1265
human,seqneut25to26_sera_4026,A/Vermont/73/2025_H3N2,plate25-GATGACGCGACCTCCT,0.004778,interpolated,0.00705,0.00705,interpolated,0.8,0.8663,0,0.7601,0.1218
human,seqneut25to26_sera_4026,A/Vermont/73/2025_H3N2,plate25-GAGTGCCCAGGTGTTG,0.001568,interpolated,0.002242,0.002242,interpolated,1.778,0.7648,0,0.7388,0.1746
human,seqneut25to26_sera_4026,A/Darwin/1461/2025_H3N2,plate25-CAGGTACGCGTTTCTG,0.00699,interpolated,0.008009,0.008009,interpolated,1.573,0.9036,0,0.7525,0.1512
human,seqneut25to26_sera_4026,A/Darwin/1461/2025_H3N2,plate25-ATACATCCGACGCTTT,0.01342,interpolated,0.01342,0.01342,interpolated,0.8,1,0,0.7779,0.1125
human,seqneut25to26_sera_4026,A/Hawaii/70/2019_H1N1,plate25-TGGAATCGTCACCGAT,0.009218,interpolated,0.009218,0.009218,interpolated,1.697,1,0,0.9747,0.04963
human,seqneut25to26_sera_4026,A/Hawaii/70/2019_H1N1,plate25-AGTAAACATGCATTGG,0.006838,interpolated,0.006838,0.006838,interpolated,1.681,1,0,0.9907,0.03267
human,seqneut25to26_sera_4026,A/Hawaii/70/2019_H1N1,plate25-ATAGAATCGCAAATTA,0.007576,interpolated,0.007576,0.007576,interpolated,1.068,1,0,0.8125,0.1408
human,seqneut25to26_sera_4026,A/England/1837737/2025_H3N2,plate25-ATTGGCTGTCGTGGCC,0.003056,interpolated,0.005691,0.005691,interpolated,0.8,0.804,0,0.6357,0.144
human,seqneut25to26_sera_4026,A/England/1837737/2025_H3N2,plate25-TACACTCAAACGATGC,0.002379,interpolated,0.004478,0.004478,interpolated,0.8,0.8014,0,0.6176,0.1581
human,seqneut25to26_sera_4026,A/Bangkok/P2572/2025_H3N2,plate25-CGTACTAATCACTCCG,0.01023,interpolated,0.01106,0.01106,interpolated,10,0.7288,0,0.6154,0.1636
human,seqneut25to26_sera_4026,A/Bangkok/P2572/2025_H3N2,plate25-TAGATAACTCGCTAGG,0.004135,interpolated,0.005492,0.005492,interpolated,1.062,0.8699,0,0.8057,0.1323
human,seqneut25to26_sera_4026,A/SouthAustralia/2527902708/2025_H3N2,plate25-TGGTAGTCCTTAACCG,0.002757,interpolated,0.002757,0.002757,interpolated,0.8148,1,0,0.8954,0.1022
human,seqneut25to26_sera_4026,A/SouthAustralia/2527902708/2025_H3N2,plate25-GTGCAATTCCGCGTCC,0.002542,interpolated,0.002542,0.002542,interpolated,0.9896,1,0,0.8495,0.1441
human,seqneut25to26_sera_4026,A/Malaysia/IMR/SARI/2517/2025_H3N2,plate25-GTCCATAGTTTCGTGA,0.00388,interpolated,0.004293,0.004293,interpolated,0.939,0.9547,0,0.8472,0.1198
human,seqneut25to26_sera_4026,A/Malaysia/IMR/SARI/2517/2025_H3N2,plate25-GATGCCCCTTGGCTCT,0.002735,interpolated,0.00334,0.00334,interpolated,1.092,0.902,0,0.7786,0.1573
human,seqneut25to26_sera_4026,A/Bangkok/P2391/2025_H3N2,plate25-CGGGTCCTAGGCGAGG,0.002659,interpolated,0.003792,0.003792,interpolated,0.8,0.8764,0,0.7453,0.1426
human,seqneut25to26_sera_4026,A/Bangkok/P2391/2025_H3N2,plate25-TCGGAGAGCGATCCGC,0.002139,interpolated,0.002139,0.002139,interpolated,0.8378,1,0,0.827,0.1372
human,seqneut25to26_sera_4026,A/Tasmania/2521815682/2025_H3N2,plate25-ATAAATTCTTTATGGA,0.001904,interpolated,0.001904,0.001904,interpolated,0.8,1,0,0.909,0.09021
human,seqneut25to26_sera_4026,A/Tasmania/2521815682/2025_H3N2,plate25-GCATACTGGTTACATT,0.002976,interpolated,0.002976,0.002976,interpolated,0.8873,1,0,0.7855,0.1675
human,seqneut25to26_sera_4026,A/Bangkok/P2921/2025_H3N2,plate25-ATTTCATGAGATAGGG,0.002292,interpolated,0.002292,0.002292,interpolated,0.8,1,0,0.9206,0.08718
human,seqneut25to26_sera_4026,A/Bangkok/P2921/2025_H3N2,plate25-GAGATAAAAGAGCTCT,0.009355,interpolated,0.009977,0.009977,interpolated,10,0.7626,0,0.8658,0.1082
human,seqneut25to26_sera_4026,A/DistritoFederal/250106000728/2025_H3N2,plate25-GATCGGAATAACCGTA,0.003039,interpolated,0.003591,0.003591,interpolated,0.8,0.9375,0,0.8223,0.1117
human,seqneut25to26_sera_4026,A/DistritoFederal/250106000728/2025_H3N2,plate25-ATCGCAAGTACCAGTT,0.002219,interpolated,0.002417,0.002417,interpolated,0.8,0.9671,0,0.8714,0.1076
human,seqneut25to26_sera_4026,A/Bangkok/P2323/2025_H3N2,plate25-AGGCGGACTAACTGCA,0.002085,interpolated,0.002085,0.002085,interpolated,0.8,1,0,0.7883,0.1362
human,seqneut25to26_sera_4026,A/Bangkok/P2323/2025_H3N2,plate25-AAGCGCTTCCCAGCCA,0.0008114,interpolated,0.0008114,0.0008114,interpolated,0.8,1,0,0.7839,0.1294
human,seqneut25to26_sera_4026,A/DistrictOfColumbia/57/2025_H3N2,plate25-ACATTTAGCGGACCGT,0.004789,interpolated,0.00857,0.00857,interpolated,0.8,0.8139,0,0.6274,0.1546
human,seqneut25to26_sera_4026,A/DistrictOfColumbia/57/2025_H3N2,plate25-AGGAACATGTCCATAC,0.007919,interpolated,0.009204,0.009204,interpolated,1.298,0.9113,0,0.9099,0.0821
human,seqneut25to26_sera_4026,A/Ghana/FS-25-7077/2025_H3N2,plate25-CACATACAACACGACC,0.004377,interpolated,0.006811,0.006811,interpolated,0.8,0.851,0,0.5471,0.1998
human,seqneut25to26_sera_4026,A/Ghana/FS-25-7077/2025_H3N2,plate25-TTTCGGGGCCCCAATG,0.003418,interpolated,0.005112,0.005112,interpolated,0.8,0.8623,0,0.6468,0.169
human,seqneut25to26_sera_4026,A/Guangxi-Daxin/1643/2025_H3N2,plate25-GAACACAATTACTTAG,0.002916,interpolated,0.002916,0.002916,interpolated,0.8929,1,0,0.9873,0.0347
human,seqneut25to26_sera_4026,A/Guangxi-Daxin/1643/2025_H3N2,plate25-CCATACCACGCCCTGT,0.005064,interpolated,0.007782,0.007782,interpolated,1.364,0.7783,0,0.628,0.1865
human,seqneut25to26_sera_4026,A/SouthAustralia/2523812314/2025_H3N2,plate25-GCGGACAGCGGTTATC,0.00826,interpolated,0.009622,0.009622,interpolated,3.317,0.8014,0,0.7658,0.1468
human,seqneut25to26_sera_4026,A/SouthAustralia/2523812314/2025_H3N2,plate25-TTTACTCGATCCTCGC,0.002004,interpolated,0.002004,0.002004,interpolated,0.8,1,0,0.8162,0.1322
human,seqneut25to26_sera_4026,A/Massachusetts/18/2022_H3N2,plate25-CATTTCTGATGAATTG,0.008672,interpolated,0.01089,0.01089,interpolated,2.174,0.8047,0,0.9333,0.06397
human,seqneut25to26_sera_4026,A/Massachusetts/18/2022_H3N2,plate25-CGATCTTTACGAAAAA,0.004917,interpolated,0.008498,0.008498,interpolated,0.8,0.8227,0,0.741,0.1135
human,seqneut25to26_sera_4026,A/Massachusetts/18/2022_H3N2,plate25-TCCACACCCCTAGCTA,0.005855,interpolated,0.00745,0.00745,interpolated,1.301,0.8655,0,0.6997,0.1795
human,seqneut25to26_sera_4026,A/NewSouthWales/2526015584/2025_H3N2,plate25-TGTCGGGGTACGGGAC,0.0009358,interpolated,0.0009358,0.0009358,interpolated,0.8,1,0,0.9017,0.09631
human,seqneut25to26_sera_4026,A/NewSouthWales/2526015584/2025_H3N2,plate25-TTACCTTAAATCAAAG,0.0009199,interpolated,0.0009199,0.0009199,interpolated,0.8,1,0,0.8693,0.1128
human,seqneut25to26_sera_4026,A/Arica/59150/2025_H3N2,plate25-TGCGATGCATAGTTCG,0.002454,interpolated,0.002774,0.002774,interpolated,1.383,0.9222,0,0.9423,0.08122
human,seqneut25to26_sera_4026,A/Arica/59150/2025_H3N2,plate25-AGAACGGCTTGACACT,0.002528,interpolated,0.00257,0.00257,interpolated,0.8,0.9936,0,0.9166,0.08775
human,seqneut25to26_sera_4026,A/Queensland/2526516675/2025_H3N2,plate25-ATCATAGCACTAAAAT,0.001864,interpolated,0.002024,0.002024,interpolated,0.8,0.9682,0,0.8971,0.09108
human,seqneut25to26_sera_4026,A/Queensland/2526516675/2025_H3N2,plate25-ACATCCGCCCTTCGGT,0.003105,interpolated,0.003296,0.003296,interpolated,4.645,0.8792,0,0.9053,0.1159
human,seqneut25to26_sera_4026,A/NewSouthWales/2526015582/2025_H3N2,plate25-CGAAGATGAGCCCTCG,0.002267,interpolated,0.002267,0.002267,interpolated,0.8,1,0,0.8895,0.1044
human,seqneut25to26_sera_4026,A/NewSouthWales/2526015582/2025_H3N2,plate25-TTTGCTACAAGTGAGC,0.002556,interpolated,0.00293,0.00293,interpolated,0.8,0.9483,0,0.8861,0.09795
human,seqneut25to26_sera_4026,A/Belgium/H0097/2025_H3N2,plate25-ATCGATCGAGATAACG,0.001175,interpolated,0.002019,0.002019,interpolated,0.8,0.8244,0,0.747,0.131
human,seqneut25to26_sera_4026,A/Belgium/H0097/2025_H3N2,plate25-AAGCAGTTTGCCCCCA,0.004288,interpolated,0.004648,0.004648,interpolated,1.362,0.948,0,0.9647,0.06193
human,seqneut25to26_sera_4026,A/SouthAustralia/2527003588/2025_H3N2,plate25-ACGAGAAGCAGGGGGC,0.003266,interpolated,0.00386,0.00386,interpolated,1.307,0.9018,0,0.8977,0.1
human,seqneut25to26_sera_4026,A/Guangdong-Meijiang/11256/2025_H3N2,plate25-CGTTGCATGTAGCAGG,0.001243,interpolated,0.001243,0.001243,interpolated,0.978,1,0,0.9253,0.0928
human,seqneut25to26_sera_4026,A/Guangdong-Meijiang/11256/2025_H3N2,plate25-TCCCTTCTTCGCAACT,0.0008537,interpolated,0.0008537,0.0008537,interpolated,0.8263,1,0,0.8444,0.1289
human,seqneut25to26_sera_4026,A/Lao/820-2750/2025_H3N2,plate25-TTGAAACTCTTGTCCT,0.00657,interpolated,0.007396,0.007396,interpolated,0.8,0.9548,0,0.6936,0.159
human,seqneut25to26_sera_4026,A/Lao/820-2750/2025_H3N2,plate25-AGGAAGATCAAAAGCG,0.002895,interpolated,0.003511,0.003511,interpolated,0.8326,0.9258,0,0.8119,0.1316
human,seqneut25to26_sera_4026,A/Malaysia/IMR/SARI/2406/2025_H3N2,plate25-CCTACGCTCGTATCCC,0.004835,interpolated,0.005491,0.005491,interpolated,0.8711,0.9476,0,0.5964,0.2154
human,seqneut25to26_sera_4026,A/Malaysia/IMR/SARI/2406/2025_H3N2,plate25-AATCATACATGCTTCT,0.002613,interpolated,0.002613,0.002613,interpolated,0.8,1,0,0.8674,0.115
human,seqneut25to26_sera_4026,A/Alagoas/4130/2025_H3N2,plate25-GAGGACAGCGGTCGTC,0.002911,interpolated,0.002911,0.002911,interpolated,0.9724,1,0,0.9127,0.1008
human,seqneut25to26_sera_4026,A/Alagoas/4130/2025_H3N2,plate25-TAGTACTAACACCAGA,0.002299,interpolated,0.002487,0.002487,interpolated,0.8,0.9695,0,0.9514,0.06429
human,seqneut25to26_sera_4026,A/Norway/8765/2025_H3N2,plate25-ACCAGGTGGCAGTACA,0.002372,interpolated,0.002372,0.002372,interpolated,0.832,1,0,0.9423,0.07566
human,seqneut25to26_sera_4026,A/Norway/8765/2025_H3N2,plate25-ATTGCAACGCCGGTGT,0.006508,interpolated,0.008814,0.008814,interpolated,1.969,0.7751,0,0.8612,0.1017
human,seqneut25to26_sera_4026,A/DistrictOfColumbia/27/2023_H3N2,plate25-AAGAAGCTATAGAAGT,0.002662,interpolated,0.003902,0.003902,interpolated,0.8,0.8682,0,0.8513,0.101
human,seqneut25to26_sera_4026,A/DistrictOfColumbia/27/2023_H3N2,plate25-GAATAATAGAACAGAG,0.0123,interpolated,0.01429,0.01429,interpolated,5.385,0.7229,0,0.7297,0.1387
human,seqneut25to26_sera_4026,A/Norway/8976/2025_H3N2,plate25-TTTGGCGAGCAGCCCG,0.001722,interpolated,0.001798,0.001798,interpolated,0.8,0.9829,0,0.7876,0.1409
human,seqneut25to26_sera_4026,A/Norway/8976/2025_H3N2,plate25-AAACTCTAACTGAGTT,0.001815,interpolated,0.001815,0.001815,interpolated,1.001,1,0,0.934,0.08963
human,seqneut25to26_sera_4026,A/Bangkok/P3263/2025_H3N2,plate25-TATGCTAAGACTTTTT,0.000776,interpolated,0.0008511,0.0008511,interpolated,0.8,0.9644,0,0.8992,0.09483
human,seqneut25to26_sera_4026,A/California/61/2025_H3N2,plate25-AGAGGCCGGACGTAAA,0.001992,interpolated,0.005095,0.005095,interpolated,0.8,0.7358,0,0.8302,0.08977
human,seqneut25to26_sera_4026,A/Malaysia/IMR/SARI/2028/2025_H3N2,plate25-GCCAGCCGAAAGCCGT,0.001688,interpolated,0.001688,0.001688,interpolated,0.8,1,0,0.8681,0.1112
human,seqneut25to26_sera_4026,A/Malaysia/IMR/SARI/2028/2025_H3N2,plate25-GCGGCGCCCGGTTGAT,0.002333,interpolated,0.002333,0.002333,interpolated,0.9446,1,0,0.9379,0.08579
human,seqneut25to26_sera_4026,A/Anapolis/LEIAL6543/2025_H3N2,plate25-AAATATTGAGACTAAT,0.00474,interpolated,0.005824,0.005824,interpolated,1.391,0.8754,0,0.8867,0.1042
human,seqneut25to26_sera_4026,A/Anapolis/LEIAL6543/2025_H3N2,plate25-AACACTCAATACCGGT,0.002005,interpolated,0.002005,0.002005,interpolated,0.8647,1,0,0.8484,0.1365
human,seqneut25to26_sera_4026,A/Norway/9556/2025_H1N1,plate25-TAACCGGTCAGATGTT,0.005873,interpolated,0.005873,0.005873,interpolated,1.09,1,0,0.9686,0.05515
human,seqneut25to26_sera_4026,A/Norway/9556/2025_H1N1,plate25-TATCCGGGTCTGATGC,0.007076,interpolated,0.007328,0.007328,interpolated,3.251,0.9462,0,0.9757,0.05666
human,seqneut25to26_sera_4026,A/SouthAustralia/2524408801/2025_H3N2,plate25-AGCTCCACATTTGGCC,0.002901,interpolated,0.002901,0.002901,interpolated,0.9041,1,0,0.9569,0.0666
human,seqneut25to26_sera_4026,A/SouthAustralia/2524408801/2025_H3N2,plate25-TCGGTCGGGCGAAGGC,0.001963,interpolated,0.001963,0.001963,interpolated,0.8,1,0,0.9115,0.0921
human,seqneut25to26_sera_4026,A/DistritoFederal/2578578201/2025_H3N2,plate25-GAACGGAGATCTGTTG,0.009464,interpolated,0.009796,0.009796,interpolated,10,0.8544,0,0.8329,0.1437
human,seqneut25to26_sera_4026,A/DistritoFederal/2578578201/2025_H3N2,plate25-GCCAACTTTCACTTGG,0.001514,interpolated,0.002265,0.002265,interpolated,0.8126,0.8604,0,0.9637,0.05025
human,seqneut25to26_sera_4026,A/SouthAfrica/PET37604/2025_H3N2,plate25-ATCAAGGACCCTGGGC,0.002175,interpolated,0.002332,0.002332,interpolated,0.991,0.9666,0,0.9224,0.09447
human,seqneut25to26_sera_4026,A/SouthAfrica/PET37604/2025_H3N2,plate25-CGACGCGCCGTCGCTG,0.003145,interpolated,0.006576,0.006576,interpolated,1.856,0.6271,0,0.6433,0.1634
human,seqneut25to26_sera_4026,A/England/174/2025_H3N2,plate25-CCTTATGAATTACGCG,0.001391,interpolated,0.002191,0.002191,interpolated,0.8,0.8475,0,0.7205,0.1488
human,seqneut25to26_sera_4026,A/SouthAustralia/2525607496/2025_H3N2,plate25-GTTGATTCGATCATAT,0.001593,interpolated,0.002663,0.002663,interpolated,0.9545,0.8061,0,0.6386,0.1903
human,seqneut25to26_sera_4026,A/Indonesia/BIOKES-INAD491/2025_H3N2,plate25-ACGATTTTTTCTACAT,0.001611,interpolated,0.001611,0.001611,interpolated,0.8857,1,0,0.9265,0.09141
human,seqneut25to26_sera_4026,A/Indonesia/BIOKES-INAD491/2025_H3N2,plate25-CGGTAAGTTTCGAGGA,0.004502,interpolated,0.006094,0.006094,interpolated,2.684,0.7218,0,0.6936,0.1774
human,seqneut25to26_sera_4026,A/Bhutan/7/2025_H3N2,plate25-ATGCGTTTATCGATTT,0.0008896,interpolated,0.0009743,0.0009743,interpolated,0.8,0.9649,0,0.8845,0.1028
human,seqneut25to26_sera_4026,A/Bhutan/7/2025_H3N2,plate25-AGCAGTCCCGCTAGTC,0.004458,interpolated,0.004971,0.004971,interpolated,4.628,0.8021,0,0.7902,0.1663
human,seqneut25to26_sera_4026,A/SouthAfrica/PET37625/2025_H3N2,plate25-GTATTGAATGTCCGGC,0.001332,interpolated,0.001568,0.001568,interpolated,0.8,0.9388,0,0.8612,0.1048
human,seqneut25to26_sera_4026,A/SouthAfrica/PET37625/2025_H3N2,plate25-TTTGGTGAGGCCCAAT,0.001063,interpolated,0.00251,0.00251,interpolated,0.8,0.7515,0,0.8399,0.09903
human,seqneut25to26_sera_4026,A/Croatia/10136RV/2023-egg_H3N2,plate25-GAAGTGCTGCTGAAGT,0.004238,interpolated,0.004349,0.004349,interpolated,10,0.8857,0,0.7832,0.1876
human,seqneut25to26_sera_4026,A/Croatia/10136RV/2023-egg_H3N2,plate25-GTCGCCGCTAATCCGA,0.0102,interpolated,0.01048,0.01048,interpolated,10,0.8832,0,0.6542,0.2264
human,seqneut25to26_sera_4026,A/Indonesia/BIOKES-I-BT074/2025_H3N2,plate25-ATTACAACCCAGACAA,0.001996,interpolated,0.0023,0.0023,interpolated,0.8695,0.942,0,0.9417,0.07343
human,seqneut25to26_sera_4026,A/Indonesia/BIOKES-I-BT074/2025_H3N2,plate25-CATCGACAGGTCCCAC,0.002244,interpolated,0.003796,0.003796,interpolated,1.292,0.7536,0,0.9285,0.07331
human,seqneut25to26_sera_4026,A/Bangkok/P2390/2025_H3N2,plate25-AAAGGAAGCCCCTCAC,0.003471,interpolated,0.004549,0.004549,interpolated,0.8809,0.894,0,0.7726,0.1404
human,seqneut25to26_sera_4026,A/Bangkok/P2390/2025_H3N2,plate25-TCCCAAGACAAGCGAC,0.003052,interpolated,0.003052,0.003052,interpolated,0.8,1,0,0.7447,0.1614
human,seqneut25to26_sera_4026,A/Bhutan/1267/2025_H3N2,plate25-CTGAGTATGGGGCTCA,0.001209,interpolated,0.001209,0.001209,interpolated,0.8,1,0,0.8862,0.1075
human,seqneut25to26_sera_4026,A/Bhutan/1267/2025_H3N2,plate25-TAAAAGCTCCCATTAC,0.001286,interpolated,0.001286,0.001286,interpolated,0.8512,1,0,0.9448,0.07764
human,seqneut25to26_sera_4026,A/Bangkok/1803/2025_H1N1,plate25-TTTCCAGGGCTTCCCG,0.003488,interpolated,0.003488,0.003488,interpolated,1.291,1,0,0.992,0.03202
human,seqneut25to26_sera_4026,A/Bangkok/1803/2025_H1N1,plate25-GTCGTCCGTAAGTTCA,0.003505,interpolated,0.003505,0.003505,interpolated,1.294,1,0,0.9835,0.04643
human,seqneut25to26_sera_4026,A/Sydney/1359/2024_H3N2,plate25-AACTCCAATTTGTTTT,0.00166,interpolated,0.001795,0.001795,interpolated,0.8,0.9696,0,0.9417,0.07094
human,seqneut25to26_sera_4026,A/Sydney/1359/2024_H3N2,plate25-CAGGCTGCTGGGCCGC,0.00157,interpolated,0.001988,0.001988,interpolated,1.127,0.8831,0,0.9384,0.08014
human,seqneut25to26_sera_4026,A/Sydney/400/2025_H1N1,plate25-CGATTACGCTTTCCGG,0.005211,interpolated,0.005249,0.005249,interpolated,2.678,0.9905,0,0.984,0.04818
human,seqneut25to26_sera_4026,A/Sydney/400/2025_H1N1,plate25-TTCTAACGATTGTAGG,0.004485,interpolated,0.004485,0.004485,interpolated,2.459,1,0,0.9957,0.02604
human,seqneut25to26_sera_4026,A/Guangdong-Maonan/11438/2025_H3N2,plate25-AAGACGAAGCGTTTGC,0.001431,interpolated,0.001431,0.001431,interpolated,0.8234,1,0,0.9011,0.1042
human,seqneut25to26_sera_4026,A/Guangdong-Maonan/11438/2025_H3N2,plate25-TTTATTACTCTTATGG,0.009499,interpolated,0.01006,0.01006,interpolated,10,0.7802,0,0.7114,0.1822
human,seqneut25to26_sera_4026,A/Bahia/3102/2025_H3N2,plate25-TGAGTGTCCAGGTACT,0.001507,interpolated,0.001507,0.001507,interpolated,0.9635,1,0,0.9586,0.07094
human,seqneut25to26_sera_4026,A/Bahia/3102/2025_H3N2,plate25-GAACCTACAAGCAGTC,0.001441,interpolated,0.001441,0.001441,interpolated,0.8473,1,0,0.9352,0.08229
human,seqneut25to26_sera_4026,A/Philippines/SARI25-1425/2025_H1N1,plate25-TGATGCCGTCAGCCTT,0.005316,interpolated,0.005316,0.005316,interpolated,1.959,1,0,0.9971,0.01996
human,seqneut25to26_sera_4026,A/Philippines/SARI25-1425/2025_H1N1,plate25-CCGTGTGTTGTGCGCA,0.005386,interpolated,0.005491,0.005491,interpolated,1.543,0.9852,0,0.9742,0.05564
human,seqneut25to26_sera_4026,A/England/1837734/2025_H3N2,plate25-TCACACCGCTCAGCCT,0.001156,interpolated,0.001156,0.001156,interpolated,0.8497,1,0,0.7518,0.1701
human,seqneut25to26_sera_4026,A/England/1837734/2025_H3N2,plate25-ATAGCCCTAACGAAAG,0.002303,interpolated,0.00403,0.00403,interpolated,1.141,0.764,0,0.8399,0.1148
human,seqneut25to26_sera_4026,A/SouthAustralia/2527213276/2025_H3N2,plate25-GCTGATAAACAATCTA,0.0008352,interpolated,0.0009955,0.0009955,interpolated,0.8,0.9345,0,0.7505,0.1504
human,seqneut25to26_sera_4026,A/SouthAustralia/2527213276/2025_H3N2,plate25-TTTTCTGACGATGCAG,0.001608,interpolated,0.001646,0.001646,interpolated,0.8,0.9906,0,0.7971,0.1446
human,seqneut25to26_sera_4026,A/Norway/9107/2025_H1N1,plate25-ACTTTCCTCCCATGCG,0.002121,interpolated,0.002121,0.002121,interpolated,3.404,1,0,0.9988,0.01528
human,seqneut25to26_sera_4026,A/Norway/9107/2025_H1N1,plate25-TCTGTAGCTCCCTCAC,0.001832,interpolated,0.001844,0.001844,interpolated,1.859,0.994,0,0.9755,0.06634
human,seqneut25to26_sera_4026,A/Wisconsin/67/2022_H1N1,plate25-AGGAAAGAAACTGGAG,0.001352,interpolated,0.001352,0.001352,interpolated,2.989,1,0,0.9995,0.009764
human,seqneut25to26_sera_4026,A/Wisconsin/67/2022_H1N1,plate25-AAAGCTCTTTTCGTTC,0.001857,interpolated,0.001857,0.001857,interpolated,8.912,1,0,0.9999,0.003748
human,seqneut25to26_sera_4026,A/Wisconsin/67/2022_H1N1,plate25-CTGAACTTGTCGATAT,0.00158,interpolated,0.00158,0.00158,interpolated,3.714,1,0,0.9999,0.003635
human,seqneut25to26_sera_4026,A/Zacapa/FLU-261/2025_H1N1,plate25-CTCGCGGGTATATAGA,0.002616,interpolated,0.002878,0.002878,interpolated,5.016,0.8095,0,0.9129,0.1142
human,seqneut25to26_sera_4026,A/Zacapa/FLU-261/2025_H1N1,plate25-CTTGAACCAGCAGTGT,0.001849,interpolated,0.001849,0.001849,interpolated,2.064,1,0,0.9893,0.04385
human,seqneut25to26_sera_4026,A/Darwin/1405/2025_H1N1,plate25-CGTCAATGGGTCATCG,0.001842,interpolated,0.001862,0.001862,interpolated,6.788,0.9648,0,0.9941,0.03388
human,seqneut25to26_sera_4026,A/Darwin/1405/2025_H1N1,plate25-TCGCTTTAGCCGGACC,0.001581,interpolated,0.001585,0.001585,interpolated,1.654,0.9978,0,0.9875,0.04596
human,seqneut25to26_sera_4026,A/SouthAustralia/2520702747/2025_H1N1,plate25-TCGTGCTGTCATGCAG,0.001386,interpolated,0.00144,0.00144,interpolated,1.793,0.9668,0,0.9753,0.06423
human,seqneut25to26_sera_4026,A/SouthAustralia/2520702747/2025_H1N1,plate25-GCGTAGTTTGATTCAT,0.00189,interpolated,0.001924,0.001924,interpolated,10,0.9192,0,0.9644,0.08084
human,seqneut25to26_sera_4026,A/Guangxi-Qingxiu/SWL11742/2025_H1N1,plate25-GTCTTGTCGATTGGTA,0.001845,interpolated,0.001882,0.001882,interpolated,10,0.9091,0,0.9831,0.05505
human,seqneut25to26_sera_4026,A/Guangxi-Qingxiu/SWL11742/2025_H1N1,plate25-TGTCGGTGCGCCGCTT,0.001831,interpolated,0.001831,0.001831,interpolated,2.219,1,0,0.999,0.01342
human,seqneut25to26_sera_4026,A/SouthAustralia/2524712956/2025_H1N1,plate25-GCCCACGTTTAACTTT,0.001933,interpolated,0.001933,0.001933,interpolated,2.512,1,0,0.9987,0.01567
human,seqneut25to26_sera_4026,A/SouthAustralia/2524712956/2025_H1N1,plate25-TTTTCGATAATAATCT,0.003737,interpolated,0.003751,0.003751,interpolated,10,0.9816,0,0.9967,0.02643
human,seqneut25to26_sera_4026,A/Bangkok/P3067/2025_H1N1,plate25-GTTGACTGCCTTTCTT,0.001469,interpolated,0.001469,0.001469,interpolated,1.678,1,0,0.9644,0.08009
human,seqneut25to26_sera_4026,A/Bangkok/P3067/2025_H1N1,plate25-CGAACATGGGAACTAA,0.001885,interpolated,0.001885,0.001885,interpolated,1.616,1,0,0.9766,0.06303
human,seqneut25to26_sera_4026,A/Denmark/3070/2025_H1N1,plate25-TCTGTGCGAGCATCGG,0.002263,interpolated,0.002263,0.002263,interpolated,2.632,1,0,0.9997,0.007868
human,seqneut25to26_sera_4026,A/Denmark/3070/2025_H1N1,plate25-ATGAGCTAAACATGAT,0.001886,interpolated,0.001886,0.001886,interpolated,4.845,1,0,0.9973,0.02339
human,seqneut25to26_sera_4026,A/BritishColumbia/PHL-2473/2025_H1N1,plate25-CCTAGCCGGAAACATG,0.002376,interpolated,0.002376,0.002376,interpolated,2.354,1,0,0.9947,0.03109
human,seqneut25to26_sera_4026,A/BritishColumbia/PHL-2473/2025_H1N1,plate25-TCGCGGATTAAACCAT,0.002684,interpolated,0.002779,0.002779,interpolated,5.78,0.9085,0,0.9914,0.03928
human,seqneut25to26_sera_4026,A/Andalucia/PMC-00977/2025_H1N1,plate25-AGAAAAGATAGGAAAG,0.001806,interpolated,0.001833,0.001833,interpolated,2.227,0.9834,0,0.9901,0.04248
human,seqneut25to26_sera_4026,A/Andalucia/PMC-00977/2025_H1N1,plate25-CCTCTGTGTACTAATT,0.002573,interpolated,0.002573,0.002573,interpolated,7.239,1,0,0.9913,0.04198
human,seqneut25to26_sera_4026,A/Canberra/465/2025_H1N1,plate25-GAATCTCCCGCGTATA,0.001982,interpolated,0.001982,0.001982,interpolated,4.109,1,0,0.9975,0.02229
human,seqneut25to26_sera_4026,A/Canberra/465/2025_H1N1,plate25-TGTGCGAAGTTGATGT,0.001837,interpolated,0.001837,0.001837,interpolated,5.838,1,0,0.9981,0.0198
human,seqneut25to26_sera_4026,A/France/ARA-HCL025155099501/2025_H1N1,plate25-ATTAACCAATTGAGCA,0.001675,interpolated,0.001675,0.001675,interpolated,3.068,1,0,0.9999,0.004507
human,seqneut25to26_sera_4026,A/California/63/2025_H1N1,plate25-CACAGCGCTGGCCTTG,0.001541,interpolated,0.001541,0.001541,interpolated,2.752,1,0,0.9896,0.04437
human,seqneut25to26_sera_4026,A/California/63/2025_H1N1,plate25-CGACTCTGTCGGGTAA,0.002294,interpolated,0.002294,0.002294,interpolated,5.134,1,0,0.9999,0.004741
human,seqneut25to26_sera_4026,A/HongKong/1382/2025_H3N2,plate25-GCAGCTTGAATGATGT,0.001116,interpolated,0.001116,0.001116,interpolated,0.8,1,0,0.6426,0.2125
human,seqneut25to26_sera_4026,A/HongKong/1382/2025_H3N2,plate25-AGGACCTAAATGAAGT,0.002998,interpolated,0.003054,0.003054,interpolated,4.848,0.9575,0,0.8768,0.1387
human,seqneut25to26_sera_4026,A/CoteDIvoire/2007/2025_H1N1,plate25-GCTCAGTCGCCACGTT,0.001408,interpolated,0.001417,0.001417,interpolated,1.682,0.9945,0,0.971,0.07008
human,seqneut25to26_sera_4026,A/CoteDIvoire/2007/2025_H1N1,plate25-AAGACCTAGTTTGAAC,0.001109,interpolated,0.001139,0.001139,interpolated,1.507,0.9803,0,0.9802,0.0555
human,seqneut25to26_sera_4026,A/Hawaii/44/2025_H1N1,plate25-TAGATTTGTCCGTACA,0.002441,interpolated,0.002511,0.002511,interpolated,3.449,0.9532,0,0.9873,0.04841
human,seqneut25to26_sera_4026,A/Hawaii/44/2025_H1N1,plate25-TGATATCTGGAATCTG,0.001978,interpolated,0.001985,0.001985,interpolated,2.734,0.9954,0,0.9996,0.009144
human,seqneut25to26_sera_4026,A/Canberra/530/2025_H1N1,plate25-ATCTTGTATGATATGT,0.002025,interpolated,0.002066,0.002066,interpolated,2.12,0.9792,0,0.996,0.02622
human,seqneut25to26_sera_4026,A/Canberra/530/2025_H1N1,plate25-ATCTCGGCCGGCCAAT,0.002416,interpolated,0.002442,0.002442,interpolated,4.502,0.9761,0,0.9948,0.03207
human,seqneut25to26_sera_4026,A/Bangkok/P2229/2025_H1N1,plate25-AAGCGACGCGCGACGG,0.001432,interpolated,0.001717,0.001717,interpolated,2.557,0.8147,0,0.9773,0.05449
human,seqneut25to26_sera_4026,A/Bangkok/P2229/2025_H1N1,plate25-GCTTGTTAGCCTGAAG,0.001919,interpolated,0.001962,0.001962,interpolated,10,0.9002,0,0.9003,0.1318
human,seqneut25to26_sera_4026,A/England/1822256/2025_H1N1,plate25-TACGATACTCGGAAGG,0.001861,interpolated,0.001861,0.001861,interpolated,4.702,1,0,0.996,0.0288
human,seqneut25to26_sera_4026,A/England/1822256/2025_H1N1,plate25-CTTTTCCGTGTCCTCT,0.002281,interpolated,0.002281,0.002281,interpolated,3.667,1,0,0.9992,0.01274
human,seqneut25to26_sera_4026,A/Wisconsin/588/2019_H1N1,plate25-TATATTAGTAACATAA,0.001393,interpolated,0.001438,0.001438,interpolated,3.111,0.9534,0,0.9925,0.03732
human,seqneut25to26_sera_4026,A/Wisconsin/588/2019_H1N1,plate25-GAAGAAACTATAACCA,0.001537,interpolated,0.001541,0.001541,interpolated,3.321,0.9956,0,0.9998,0.006997
human,seqneut25to26_sera_4026,A/Wisconsin/588/2019_H1N1,plate25-AGTCCTATCCTCAAAT,0.001927,interpolated,0.001977,0.001977,interpolated,10,0.8886,0,0.9011,0.1366
human,seqneut25to26_sera_4026,A/Thailand/8/2022_H3N2,plate25-CATAAAAGACTGTATA,0.002274,interpolated,0.002316,0.002316,interpolated,1.013,0.9908,0,0.9125,0.1053
human,seqneut25to26_sera_4026,A/Thailand/8/2022_H3N2,plate25-CGTACGTATGTCCCAG,0.006531,interpolated,0.008012,0.008012,interpolated,2.611,0.7932,0,0.7725,0.1548
human,seqneut25to26_sera_4026,A/Thailand/8/2022_H3N2,plate25-AGACCATCGCACCCAA,0.005362,interpolated,0.006986,0.006986,interpolated,2.233,0.777,0,0.7442,0.161
human,seqneut25to26_sera_4026,A/Catalonia/NSVH102689455/2025_H1N1,plate25-GCAGAAAGAGGTAATA,0.001623,interpolated,0.001668,0.001668,interpolated,2.263,0.9703,0,0.9927,0.03625
human,seqneut25to26_sera_4026,A/Catalonia/NSVH102689455/2025_H1N1,plate25-TGTCTGCGCTTAAGTT,0.002523,interpolated,0.002527,0.002527,interpolated,5.333,0.9967,0,0.9998,0.006648
human,seqneut25to26_sera_4026,A/Colorado/105/2025_H1N1,plate25-ACGTCGCTAGACTTTA,0.001854,interpolated,0.001875,0.001875,interpolated,10,0.9462,0,0.9881,0.04785
human,seqneut25to26_sera_4026,A/Colorado/105/2025_H1N1,plate25-CAAATGGGCTGCAGGG,0.002227,interpolated,0.00223,0.00223,interpolated,4.577,0.9967,0,0.9994,0.01125
human,seqneut25to26_sera_4026,A/SouthAustralia/2519001037/2025_H1N1,plate25-TATGTCCGCACCGCCG,0.001893,interpolated,0.001929,0.001929,interpolated,10,0.9127,0,0.965,0.08095
human,seqneut25to26_sera_4026,A/SouthAustralia/2519001037/2025_H1N1,plate25-ACGATCGTCGGAGGTC,0.002204,interpolated,0.002204,0.002204,interpolated,3.397,1,0,0.9981,0.01979
human,seqneut25to26_sera_4026,A/Missouri/11/2025_H1N1,plate25-ACGGCATCCCAATTGA,0.001121,interpolated,0.001121,0.001121,interpolated,1.658,1,0,0.9947,0.02975
human,seqneut25to26_sera_4026,A/Missouri/11/2025_H1N1,plate25-GTCACAGTCATCGTGT,0.001545,interpolated,0.001545,0.001545,interpolated,1.599,1,0,0.9893,0.04143
human,seqneut25to26_sera_4026,A/Ghana/ARI-25-1125/2025_H1N1,plate25-GACGGACTATCAACGA,0.001315,interpolated,0.001381,0.001381,interpolated,1.805,0.9576,0,0.9758,0.06328
human,seqneut25to26_sera_4026,A/Ghana/ARI-25-1125/2025_H1N1,plate25-CCGTTAGGGATTCCTC,0.002184,interpolated,0.002184,0.002184,interpolated,3.255,1,0,0.9972,0.02354
human,seqneut25to26_sera_4026,A/SouthAustralia/2523012764/2025_H1N1,plate25-TTCGACAAGTATACGT,0.000903,interpolated,0.000903,0.000903,interpolated,1.004,1,0,0.8665,0.1385
human,seqneut25to26_sera_4026,A/SouthAustralia/2523012764/2025_H1N1,plate25-ATGCCGGGCCGTTACT,0.002011,interpolated,0.00203,0.00203,interpolated,4.735,0.9784,0,0.9929,0.0373
human,seqneut25to26_sera_4026,A/SouthAustralia/2527612456/2025_H1N1,plate25-GAAAGACCGATGCCAG,0.002025,interpolated,0.002049,0.002049,interpolated,8.909,0.9494,0,0.9773,0.06537
human,seqneut25to26_sera_4026,A/SouthAustralia/2527612456/2025_H1N1,plate25-GAAGGACTTGGGGCTC,0.001694,interpolated,0.001694,0.001694,interpolated,1.989,1,0,0.9881,0.04684
human,seqneut25to26_sera_4026,A/Victoria/4897/2022_IVR-238_H1N1,plate25-AGAGCTAAAAAGAGGA,0.0003315,interpolated,0.0003315,0.0003315,interpolated,2.251,1,0,0.9998,0.005204
human,seqneut25to26_sera_4026,A/Victoria/4897/2022_IVR-238_H1N1,plate25-AAGTTAAGAGAAAGTT,0.0003602,interpolated,0.0003602,0.0003602,interpolated,3.337,1,0,0.997,0.02248
human,seqneut25to26_sera_4026,A/Victoria/4897/2022_IVR-238_H1N1,plate25-AATCCGAAATTTATTC,7.343e-05,upper,0.0001586,0.0001586,interpolated,1.573,0.6,0,0.9927,0.01385
human,seqneut25to26_sera_4026,A/Aragon/2046/2025_H1N1,plate25-GTACACTCTTTCAATT,0.001417,interpolated,0.001433,0.001433,interpolated,2.998,0.9835,0,0.9964,0.02598
human,seqneut25to26_sera_4026,A/Aragon/2046/2025_H1N1,plate25-TCGATTTCTAAATTCC,0.001712,interpolated,0.001733,0.001733,interpolated,5.12,0.9698,0,0.9956,0.02996
human,seqneut25to26_sera_4027,A/SouthAustralia/2527902708/2025_H3N2,plate25-TGGTAGTCCTTAACCG,0.003834,interpolated,0.005356,0.005356,interpolated,0.8,0.8827,0,0.724,0.1338
human,seqneut25to26_sera_4027,A/SouthAustralia/2527902708/2025_H3N2,plate25-GTGCAATTCCGCGTCC,0.009002,interpolated,0.009111,0.009111,interpolated,10,0.9435,0,0.9649,0.07184
human,seqneut25to26_sera_4027,A/England/1837737/2025_H3N2,plate25-TACACTCAAACGATGC,0.002473,interpolated,0.003141,0.003141,interpolated,2.669,0.7641,0,0.8189,0.1388
human,seqneut25to26_sera_4027,A/England/1837737/2025_H3N2,plate25-ATTGGCTGTCGTGGCC,0.001276,interpolated,0.001967,0.001967,interpolated,0.8,0.8537,0,0.7651,0.1449
human,seqneut25to26_sera_4027,A/Vermont/73/2025_H3N2,plate25-GATGACGCGACCTCCT,0.002828,interpolated,0.002828,0.002828,interpolated,1.557,1,0,0.9786,0.05657
human,seqneut25to26_sera_4027,A/Vermont/73/2025_H3N2,plate25-GAGTGCCCAGGTGTTG,0.001165,interpolated,0.001165,0.001165,interpolated,1.544,1,0,0.9609,0.07783
human,seqneut25to26_sera_4027,A/Lao/820-2750/2025_H3N2,plate25-AGGAAGATCAAAAGCG,0.002086,interpolated,0.002086,0.002086,interpolated,0.9834,1,0,0.838,0.1489
human,seqneut25to26_sera_4027,A/Lao/820-2750/2025_H3N2,plate25-TTGAAACTCTTGTCCT,0.00189,interpolated,0.001915,0.001915,interpolated,1.612,0.9897,0,0.9402,0.09682
human,seqneut25to26_sera_4027,A/Norway/8976/2025_H3N2,plate25-TTTGGCGAGCAGCCCG,0.001927,interpolated,0.002102,0.002102,interpolated,2.121,0.9158,0,0.8956,0.123
human,seqneut25to26_sera_4027,A/Norway/8976/2025_H3N2,plate25-AAACTCTAACTGAGTT,0.002641,interpolated,0.003117,0.003117,interpolated,2.245,0.8448,0,0.9001,0.1138
human,seqneut25to26_sera_4027,A/Bangkok/P2921/2025_H3N2,plate25-ATTTCATGAGATAGGG,0.002577,interpolated,0.002866,0.002866,interpolated,2.117,0.8993,0,0.9353,0.09528
human,seqneut25to26_sera_4027,A/Bangkok/P2921/2025_H3N2,plate25-GAGATAAAAGAGCTCT,0.001915,interpolated,0.001982,0.001982,interpolated,1.313,0.9779,0,0.9603,0.07479
human,seqneut25to26_sera_4027,A/Bangkok/P2391/2025_H3N2,plate25-CGGGTCCTAGGCGAGG,0.002386,interpolated,0.002578,0.002578,interpolated,1.085,0.9598,0,0.912,0.1048
human,seqneut25to26_sera_4027,A/Bangkok/P2391/2025_H3N2,plate25-TCGGAGAGCGATCCGC,0.003895,interpolated,0.003952,0.003952,interpolated,10,0.9321,0,0.9813,0.05739
human,seqneut25to26_sera_4027,A/Norway/8765/2025_H3N2,plate25-ACCAGGTGGCAGTACA,0.00165,interpolated,0.001864,0.001864,interpolated,1.144,0.9349,0,0.8662,0.1328
human,seqneut25to26_sera_4027,A/Norway/8765/2025_H3N2,plate25-ATTGCAACGCCGGTGT,0.002856,interpolated,0.003078,0.003078,interpolated,3.123,0.8957,0,0.8918,0.1297
human,seqneut25to26_sera_4027,A/SouthAustralia/2527003588/2025_H3N2,plate25-ACGAGAAGCAGGGGGC,0.006005,interpolated,0.00622,0.00622,interpolated,1.009,0.9826,0,0.8602,0.1163
human,seqneut25to26_sera_4027,A/SouthAustralia/2527003588/2025_H3N2,plate25-GTATCACGTCGTTTAC,0.001077,interpolated,0.0017,0.0017,interpolated,0.8763,0.8353,0,0.8821,0.09552
human,seqneut25to26_sera_4027,A/Bangkok/P2323/2025_H3N2,plate25-AGGCGGACTAACTGCA,0.001814,interpolated,0.001975,0.001975,interpolated,1.269,0.9488,0,0.9123,0.111
human,seqneut25to26_sera_4027,A/Bangkok/P2323/2025_H3N2,plate25-AAGCGCTTCCCAGCCA,0.001292,interpolated,0.001674,0.001674,interpolated,1.289,0.858,0,0.9263,0.09143
human,seqneut25to26_sera_4027,A/DistrictOfColumbia/57/2025_H3N2,plate25-AGGAACATGTCCATAC,0.003011,interpolated,0.004744,0.004744,interpolated,1.473,0.756,0,0.8295,0.1224
human,seqneut25to26_sera_4027,A/DistrictOfColumbia/57/2025_H3N2,plate25-ACATTTAGCGGACCGT,0.00312,interpolated,0.003526,0.003526,interpolated,3.145,0.8401,0,0.931,0.09631
human,seqneut25to26_sera_4027,A/NewSouthWales/2526015582/2025_H3N2,plate25-CGAAGATGAGCCCTCG,0.001663,interpolated,0.001715,0.001715,interpolated,0.9216,0.9858,0,0.9374,0.08282
human,seqneut25to26_sera_4027,A/NewSouthWales/2526015582/2025_H3N2,plate25-TTTGCTACAAGTGAGC,0.002656,interpolated,0.002656,0.002656,interpolated,1.192,1,0,0.979,0.05277
human,seqneut25to26_sera_4027,A/Bangkok/P3263/2025_H3N2,plate25-TATGCTAAGACTTTTT,0.001515,interpolated,0.001515,0.001515,interpolated,0.8753,1,0,0.9245,0.09367
human,seqneut25to26_sera_4027,A/SouthAustralia/2524408801/2025_H3N2,plate25-AGCTCCACATTTGGCC,0.001867,interpolated,0.002012,0.002012,interpolated,2.333,0.9196,0,0.8708,0.1448
human,seqneut25to26_sera_4027,A/SouthAustralia/2524408801/2025_H3N2,plate25-TCGGTCGGGCGAAGGC,0.002336,interpolated,0.002336,0.002336,interpolated,1.367,1,0,0.9077,0.1155
human,seqneut25to26_sera_4027,A/Ghana/FS-25-7077/2025_H3N2,plate25-CACATACAACACGACC,0.002617,interpolated,0.003287,0.003287,interpolated,1.343,0.8681,0,0.8697,0.1235
human,seqneut25to26_sera_4027,A/Ghana/FS-25-7077/2025_H3N2,plate25-TTTCGGGGCCCCAATG,0.003725,interpolated,0.003783,0.003783,interpolated,1.393,0.9894,0,0.9701,0.06366
human,seqneut25to26_sera_4027,A/Bangkok/P2572/2025_H3N2,plate25-TAGATAACTCGCTAGG,0.002949,interpolated,0.002949,0.002949,interpolated,1.041,1,0,0.883,0.1205
human,seqneut25to26_sera_4027,A/Bangkok/P2572/2025_H3N2,plate25-CGTACTAATCACTCCG,0.002865,interpolated,0.003345,0.003345,interpolated,1.655,0.887,0,0.8945,0.1157
human,seqneut25to26_sera_4027,A/Belgium/H0097/2025_H3N2,plate25-ATCGATCGAGATAACG,0.001283,interpolated,0.001283,0.001283,interpolated,0.8148,1,0,0.8299,0.1403
human,seqneut25to26_sera_4027,A/Belgium/H0097/2025_H3N2,plate25-AAGCAGTTTGCCCCCA,0.003479,interpolated,0.0037,0.0037,interpolated,3.733,0.8971,0,0.9107,0.1175
human,seqneut25to26_sera_4027,A/Queensland/2526516675/2025_H3N2,plate25-ATCATAGCACTAAAAT,0.001934,interpolated,0.002092,0.002092,interpolated,1.078,0.9595,0,0.9504,0.07659
human,seqneut25to26_sera_4027,A/Queensland/2526516675/2025_H3N2,plate25-ACATCCGCCCTTCGGT,0.009507,interpolated,0.009912,0.009912,interpolated,10,0.8297,0,0.6293,0.2377
human,seqneut25to26_sera_4027,A/Peru/GIHSN-04-1089/2025_H3N2,plate25-TTTAGCCGGCTGTAAC,0.000804,interpolated,0.0008703,0.0008703,interpolated,0.8403,0.9678,0,0.8677,0.1162
human,seqneut25to26_sera_4027,A/Peru/GIHSN-04-1089/2025_H3N2,plate25-GATTGAGGGGTCCGGG,0.002646,interpolated,0.002879,0.002879,interpolated,2.873,0.8924,0,0.8811,0.1389
human,seqneut25to26_sera_4027,A/HongKong/1257/2025_H3N2,plate25-GTATAGAAATGGGTCA,0.001676,interpolated,0.001953,0.001953,interpolated,2.308,0.8514,0,0.8989,0.1162
human,seqneut25to26_sera_4027,A/HongKong/1257/2025_H3N2,plate25-CACACCTCTCTCGCCG,0.003505,interpolated,0.004048,0.004048,interpolated,10,0.6183,0,0.9196,0.08312
human,seqneut25to26_sera_4027,A/SouthAustralia/2523812314/2025_H3N2,plate25-GCGGACAGCGGTTATC,0.001436,interpolated,0.00178,0.00178,interpolated,1.191,0.8871,0,0.9413,0.08118
human,seqneut25to26_sera_4027,A/SouthAustralia/2523812314/2025_H3N2,plate25-TTTACTCGATCCTCGC,0.002147,interpolated,0.002147,0.002147,interpolated,1.111,1,0,0.9527,0.07892
human,seqneut25to26_sera_4027,A/NewSouthWales/2526015584/2025_H3N2,plate25-TTACCTTAAATCAAAG,0.001414,interpolated,0.001516,0.001516,interpolated,1.521,0.9495,0,0.9627,0.07288
human,seqneut25to26_sera_4027,A/NewSouthWales/2526015584/2025_H3N2,plate25-TGTCGGGGTACGGGAC,0.001192,interpolated,0.001192,0.001192,interpolated,1.195,1,0,0.9682,0.06662
human,seqneut25to26_sera_4027,A/Malaysia/IMR/SARI/2517/2025_H3N2,plate25-GTCCATAGTTTCGTGA,0.001825,interpolated,0.001863,0.001863,interpolated,1.478,0.9851,0,0.9854,0.04543
human,seqneut25to26_sera_4027,A/Malaysia/IMR/SARI/2517/2025_H3N2,plate25-GATGCCCCTTGGCTCT,0.003149,interpolated,0.003149,0.003149,interpolated,0.9828,1,0,0.7928,0.1714
human,seqneut25to26_sera_4027,A/California/61/2025_H3N2,plate25-CCAGGATCTATCCTTC,0.001746,interpolated,0.002474,0.002474,interpolated,2.565,0.7046,0,0.8557,0.1199
human,seqneut25to26_sera_4027,A/California/61/2025_H3N2,plate25-AGAGGCCGGACGTAAA,0.004079,interpolated,0.004147,0.004147,interpolated,10,0.924,0,0.922,0.1207
human,seqneut25to26_sera_4027,A/Bangkok/P2390/2025_H3N2,plate25-AAAGGAAGCCCCTCAC,0.002899,interpolated,0.003229,0.003229,interpolated,1.352,0.9322,0,0.9519,0.07567
human,seqneut25to26_sera_4027,A/Bangkok/P2390/2025_H3N2,plate25-TCCCAAGACAAGCGAC,0.00136,interpolated,0.00136,0.00136,interpolated,0.8475,1,0,0.9163,0.09683
human,seqneut25to26_sera_4027,A/SouthAustralia/2525607496/2025_H3N2,plate25-CAAATATAATGTCCTG,0.002822,interpolated,0.003411,0.003411,interpolated,3.095,0.7782,0,0.8748,0.1246
human,seqneut25to26_sera_4027,A/SouthAustralia/2525607496/2025_H3N2,plate25-GTTGATTCGATCATAT,0.003171,interpolated,0.003725,0.003725,interpolated,10,0.6,0,0.6517,0.199
human,seqneut25to26_sera_4027,A/HongKong/1382/2025_H3N2,plate25-AGGACCTAAATGAAGT,0.003675,interpolated,0.003786,0.003786,interpolated,10,0.8713,0,0.8611,0.1513
human,seqneut25to26_sera_4027,A/HongKong/1382/2025_H3N2,plate25-GCAGCTTGAATGATGT,0.001395,interpolated,0.001462,0.001462,interpolated,0.8,0.9815,0,0.7535,0.1744
human,seqneut25to26_sera_4027,A/SouthAustralia/2527213276/2025_H3N2,plate25-GCTGATAAACAATCTA,0.002689,interpolated,0.003087,0.003087,interpolated,3.153,0.8235,0,0.9432,0.08658
human,seqneut25to26_sera_4027,A/SouthAustralia/2527213276/2025_H3N2,plate25-TTTTCTGACGATGCAG,0.00239,interpolated,0.00289,0.00289,interpolated,0.8,0.9295,0,0.6772,0.1808
human,seqneut25to26_sera_4027,A/Malaysia/IMR/SARI/2406/2025_H3N2,plate25-AATCATACATGCTTCT,0.002234,interpolated,0.002478,0.002478,interpolated,1.744,0.9174,0,0.9039,0.1179
human,seqneut25to26_sera_4027,A/Malaysia/IMR/SARI/2406/2025_H3N2,plate25-CCTACGCTCGTATCCC,0.002804,interpolated,0.002881,0.002881,interpolated,1.905,0.9748,0,0.9688,0.07004
human,seqneut25to26_sera_4027,A/Hawaii/70/2019_H1N1,plate25-AGTAAACATGCATTGG,0.0002325,interpolated,0.0002325,0.0002325,interpolated,2.41,1,0,0.9949,0.0256
human,seqneut25to26_sera_4027,A/Hawaii/70/2019_H1N1,plate25-TGGAATCGTCACCGAT,0.0002698,interpolated,0.0002698,0.0002698,interpolated,3.384,1,0,0.9998,0.00571
human,seqneut25to26_sera_4027,A/Hawaii/70/2019_H1N1,plate25-ATAGAATCGCAAATTA,0.0001686,interpolated,0.0001686,0.0001686,interpolated,2.405,1,0,0.9563,0.06889
human,seqneut25to26_sera_4027,A/Canberra/465/2025_H1N1,plate25-GAATCTCCCGCGTATA,0.0004472,interpolated,0.0004472,0.0004472,interpolated,2.804,1,0,0.9955,0.02791
human,seqneut25to26_sera_4027,A/Canberra/465/2025_H1N1,plate25-TGTGCGAAGTTGATGT,0.000794,interpolated,0.000794,0.000794,interpolated,8.186,1,0,0.9996,0.009431
human,seqneut25to26_sera_4027,A/Norway/9107/2025_H1N1,plate25-TCTGTAGCTCCCTCAC,0.0003915,interpolated,0.0003915,0.0003915,interpolated,2.828,1,0,0.9994,0.009488
human,seqneut25to26_sera_4027,A/Norway/9107/2025_H1N1,plate25-ACTTTCCTCCCATGCG,0.0003801,interpolated,0.0003801,0.0003801,interpolated,1.757,1,0,0.997,0.0202
human,seqneut25to26_sera_4027,A/Darwin/1405/2025_H1N1,plate25-CGTCAATGGGTCATCG,0.0002827,interpolated,0.0002827,0.0002827,interpolated,1.676,1,0,0.9766,0.0535
human,seqneut25to26_sera_4027,A/Darwin/1405/2025_H1N1,plate25-TCGCTTTAGCCGGACC,0.0005754,interpolated,0.0006064,0.0006064,interpolated,3.904,0.9073,0,0.985,0.04943
human,seqneut25to26_sera_4027,A/France/ARA-HCL025155099501/2025_H1N1,plate25-ATTAACCAATTGAGCA,0.0006639,interpolated,0.0006639,0.0006639,interpolated,5.378,1,0,1,0.00257
human,seqneut25to26_sera_4027,A/Zacapa/FLU-261/2025_H1N1,plate25-CTCGCGGGTATATAGA,0.0004552,interpolated,0.0004553,0.0004553,interpolated,2.182,0.9996,0,0.9984,0.01583
human,seqneut25to26_sera_4027,A/Zacapa/FLU-261/2025_H1N1,plate25-CTTGAACCAGCAGTGT,0.0003525,interpolated,0.0003525,0.0003525,interpolated,4.96,1,0,0.9964,0.0249
human,seqneut25to26_sera_4027,A/Andalucia/PMC-00977/2025_H1N1,plate25-AGAAAAGATAGGAAAG,0.0004552,interpolated,0.0004552,0.0004552,interpolated,1.801,1,0,0.9934,0.03145
human,seqneut25to26_sera_4027,A/Andalucia/PMC-00977/2025_H1N1,plate25-CCTCTGTGTACTAATT,0.0005271,interpolated,0.0005525,0.0005525,interpolated,2.319,0.9483,0,0.9898,0.03985
human,seqneut25to26_sera_4027,A/Bhutan/1267/2025_H3N2,plate25-TAAAAGCTCCCATTAC,0.001219,interpolated,0.001825,0.001825,interpolated,1.771,0.7448,0,0.9393,0.07878
human,seqneut25to26_sera_4027,A/Bhutan/1267/2025_H3N2,plate25-CTGAGTATGGGGCTCA,0.0007436,interpolated,0.0007436,0.0007436,interpolated,1.374,1,0,0.9824,0.05092
human,seqneut25to26_sera_4027,A/Thailand/8/2022_H3N2,plate25-CGTACGTATGTCCCAG,0.0004802,interpolated,0.0004802,0.0004802,interpolated,1.02,1,0,0.8803,0.1202
human,seqneut25to26_sera_4027,A/Thailand/8/2022_H3N2,plate25-CATAAAAGACTGTATA,0.00187,interpolated,0.00187,0.00187,interpolated,6.997,1,0,0.9997,0.007848
human,seqneut25to26_sera_4027,A/Thailand/8/2022_H3N2,plate25-AGACCATCGCACCCAA,0.00125,interpolated,0.001282,0.001282,interpolated,3.093,0.9624,0,0.9969,0.0242
human,seqneut25to26_sera_4027,A/Canberra/530/2025_H1N1,plate25-ATCTTGTATGATATGT,0.0003649,interpolated,0.0003649,0.0003649,interpolated,2.568,1,0,0.9991,0.01179
human,seqneut25to26_sera_4027,A/Canberra/530/2025_H1N1,plate25-ATCTCGGCCGGCCAAT,0.000525,interpolated,0.0005621,0.0005621,interpolated,2.04,0.935,0,0.9935,0.03064
human,seqneut25to26_sera_4027,A/SouthAustralia/2524712956/2025_H1N1,plate25-GCCCACGTTTAACTTT,0.003053,interpolated,0.003142,0.003142,interpolated,4.255,0.9424,0,0.9579,0.08399
human,seqneut25to26_sera_4027,A/SouthAustralia/2524712956/2025_H1N1,plate25-TTTTCGATAATAATCT,0.002973,interpolated,0.002973,0.002973,interpolated,2.278,1,0,0.9963,0.02543
human,seqneut25to26_sera_4027,A/Sydney/400/2025_H1N1,plate25-CGATTACGCTTTCCGG,0.001166,interpolated,0.001284,0.001284,interpolated,7.007,0.7556,0,0.9101,0.1149
human,seqneut25to26_sera_4027,A/Sydney/400/2025_H1N1,plate25-TTCTAACGATTGTAGG,0.0002282,interpolated,0.0002282,0.0002282,interpolated,1.518,1,0,0.941,0.07983
human,seqneut25to26_sera_4027,A/Guangxi-Qingxiu/SWL11742/2025_H1N1,plate25-TGTCGGTGCGCCGCTT,0.000338,interpolated,0.000338,0.000338,interpolated,3.781,1,0,0.9717,0.06841
human,seqneut25to26_sera_4027,A/Guangxi-Qingxiu/SWL11742/2025_H1N1,plate25-GTCTTGTCGATTGGTA,0.0002497,interpolated,0.0002497,0.0002497,interpolated,1.834,1,0,0.984,0.04362
human,seqneut25to26_sera_4027,A/Missouri/11/2025_H1N1,plate25-GTCACAGTCATCGTGT,0.0002135,interpolated,0.0002135,0.0002135,interpolated,1.57,1,0,0.9261,0.08928
human,seqneut25to26_sera_4027,A/Missouri/11/2025_H1N1,plate25-ACGGCATCCCAATTGA,0.0002993,interpolated,0.0002993,0.0002993,interpolated,1.452,1,0,0.9695,0.05993
human,seqneut25to26_sera_4027,A/BritishColumbia/PHL-2473/2025_H1N1,plate25-TCGCGGATTAAACCAT,0.0003804,interpolated,0.0003978,0.0003978,interpolated,1.396,0.9697,0,0.9795,0.04861
human,seqneut25to26_sera_4027,A/BritishColumbia/PHL-2473/2025_H1N1,plate25-CCTAGCCGGAAACATG,0.0003878,interpolated,0.0003878,0.0003878,interpolated,1.933,1,0,0.9972,0.01997
human,seqneut25to26_sera_4027,A/Colorado/105/2025_H1N1,plate25-ACGTCGCTAGACTTTA,0.0004139,interpolated,0.0004139,0.0004139,interpolated,3.699,1,0,0.9987,0.01534
human,seqneut25to26_sera_4027,A/Colorado/105/2025_H1N1,plate25-CAAATGGGCTGCAGGG,0.0005546,interpolated,0.0006057,0.0006057,interpolated,1.556,0.936,0,0.9549,0.07872
human,seqneut25to26_sera_4027,A/CoteDIvoire/2007/2025_H1N1,plate25-AAGACCTAGTTTGAAC,0.0002623,interpolated,0.0002623,0.0002623,interpolated,1.51,1,0,0.9521,0.07417
human,seqneut25to26_sera_4027,A/CoteDIvoire/2007/2025_H1N1,plate25-GCTCAGTCGCCACGTT,0.000304,interpolated,0.000304,0.000304,interpolated,2.043,1,0,0.9978,0.01714
human,seqneut25to26_sera_4027,A/Wisconsin/588/2019_H1N1,plate25-GAAGAAACTATAACCA,0.000233,interpolated,0.000233,0.000233,interpolated,2.111,1,0,0.9898,0.03536
human,seqneut25to26_sera_4027,A/Wisconsin/588/2019_H1N1,plate25-AGTCCTATCCTCAAAT,0.0001805,interpolated,0.0001805,0.0001805,interpolated,1.122,1,0,0.8455,0.1127
human,seqneut25to26_sera_4027,A/Wisconsin/588/2019_H1N1,plate25-TATATTAGTAACATAA,0.0001838,interpolated,0.0001838,0.0001838,interpolated,1.906,1,0,0.9361,0.08264
human,seqneut25to26_sera_4027,A/Croatia/10136RV/2023-egg_H3N2,plate25-GAAGTGCTGCTGAAGT,0.0005913,interpolated,0.001059,0.001059,interpolated,1.829,0.6721,0,0.7845,0.1408
human,seqneut25to26_sera_4027,A/Croatia/10136RV/2023-egg_H3N2,plate25-GTCGCCGCTAATCCGA,0.0006124,interpolated,0.0007193,0.0007193,interpolated,10,0.6,0,0.9441,0.06541
human,seqneut25to26_sera_4027,A/SouthAustralia/2523012764/2025_H1N1,plate25-TTCGACAAGTATACGT,0.0002423,interpolated,0.0002496,0.0002496,interpolated,1.779,0.9743,0,0.9887,0.03459
human,seqneut25to26_sera_4027,A/SouthAustralia/2523012764/2025_H1N1,plate25-ATGCCGGGCCGTTACT,0.0007616,interpolated,0.0007791,0.0007791,interpolated,10,0.8983,0,0.9566,0.08886
human,seqneut25to26_sera_4027,A/Hawaii/44/2025_H1N1,plate25-TGATATCTGGAATCTG,0.004107,interpolated,0.004107,0.004107,interpolated,3.104,1,0,0.9956,0.02709
human,seqneut25to26_sera_4027,A/Hawaii/44/2025_H1N1,plate25-TAGATTTGTCCGTACA,0.004314,interpolated,0.004314,0.004314,interpolated,5.576,1,0,0.9986,0.01594
human,seqneut25to26_sera_4027,A/Philippines/SARI25-1425/2025_H1N1,plate25-TGATGCCGTCAGCCTT,0.002918,interpolated,0.002918,0.002918,interpolated,3.079,1,0,0.9983,0.01782
human,seqneut25to26_sera_4027,A/Philippines/SARI25-1425/2025_H1N1,plate25-CCGTGTGTTGTGCGCA,0.002782,interpolated,0.002828,0.002828,interpolated,3.502,0.9723,0,0.9908,0.04094
human,seqneut25to26_sera_4027,A/Massachusetts/18/2022_H3N2,plate25-TCCACACCCCTAGCTA,0.003254,interpolated,0.003254,0.003254,interpolated,3.008,1,0,0.9997,0.007499
human,seqneut25to26_sera_4027,A/Massachusetts/18/2022_H3N2,plate25-CATTTCTGATGAATTG,0.002615,interpolated,0.002653,0.002653,interpolated,2.032,0.9855,0,0.9789,0.05918
human,seqneut25to26_sera_4027,A/Massachusetts/18/2022_H3N2,plate25-CGATCTTTACGAAAAA,0.004076,interpolated,0.004086,0.004086,interpolated,10,0.9878,0,0.9981,0.01972
human,seqneut25to26_sera_4027,A/Denmark/3070/2025_H1N1,plate25-TCTGTGCGAGCATCGG,0.004163,interpolated,0.004163,0.004163,interpolated,5.427,1,0,0.9952,0.02951
human,seqneut25to26_sera_4027,A/Denmark/3070/2025_H1N1,plate25-ATGAGCTAAACATGAT,0.004421,interpolated,0.004421,0.004421,interpolated,7.395,1,0,0.9999,0.003757
human,seqneut25to26_sera_4027,A/SouthAfrica/PET37625/2025_H3N2,plate25-TTTGGTGAGGCCCAAT,0.0008439,interpolated,0.0009822,0.0009822,interpolated,1.668,0.8882,0,0.9845,0.04435
human,seqneut25to26_sera_4027,A/SouthAfrica/PET37625/2025_H3N2,plate25-GTATTGAATGTCCGGC,0.0005622,interpolated,0.0005622,0.0005622,interpolated,0.9077,1,0,0.8659,0.1253
human,seqneut25to26_sera_4027,A/Malaysia/IMR/SARI/2028/2025_H3N2,plate25-GCCAGCCGAAAGCCGT,0.001212,interpolated,0.001284,0.001284,interpolated,1.87,0.9489,0,0.9928,0.03352
human,seqneut25to26_sera_4027,A/Malaysia/IMR/SARI/2028/2025_H3N2,plate25-GCGGCGCCCGGTTGAT,0.0008657,interpolated,0.0008657,0.0008657,interpolated,1.168,1,0,0.9682,0.06655
human,seqneut25to26_sera_4027,A/Wisconsin/67/2022_H1N1,plate25-AGGAAAGAAACTGGAG,0.0003184,interpolated,0.0003184,0.0003184,interpolated,1.727,1,0,0.9645,0.0684
human,seqneut25to26_sera_4027,A/Wisconsin/67/2022_H1N1,plate25-AAAGCTCTTTTCGTTC,0.0003085,interpolated,0.0003085,0.0003085,interpolated,2.024,1,0,0.9834,0.04768
human,seqneut25to26_sera_4027,A/Wisconsin/67/2022_H1N1,plate25-CTGAACTTGTCGATAT,0.0005199,interpolated,0.0005882,0.0005882,interpolated,3.33,0.8315,0,0.9395,0.09244
human,seqneut25to26_sera_4027,A/California/63/2025_H1N1,plate25-CGACTCTGTCGGGTAA,0.0003171,interpolated,0.000352,0.000352,interpolated,2.32,0.8926,0,0.9966,0.01957
human,seqneut25to26_sera_4027,A/California/63/2025_H1N1,plate25-CACAGCGCTGGCCTTG,0.000295,interpolated,0.000295,0.000295,interpolated,2.938,1,0,0.9748,0.05944
human,seqneut25to26_sera_4027,A/Aragon/2046/2025_H1N1,plate25-TCGATTTCTAAATTCC,0.0008071,interpolated,0.0008079,0.0008079,interpolated,4.019,0.9981,0,0.9997,0.007495
human,seqneut25to26_sera_4027,A/Aragon/2046/2025_H1N1,plate25-GTACACTCTTTCAATT,0.0006088,interpolated,0.0007582,0.0007582,interpolated,2.328,0.7999,0,0.9863,0.04041
human,seqneut25to26_sera_4027,A/Victoria/4897/2022_IVR-238_H1N1,plate25-AGAGCTAAAAAGAGGA,0.000144,interpolated,0.000144,0.000144,interpolated,3.16,1,0,0.9999,0.00273
human,seqneut25to26_sera_4027,A/Victoria/4897/2022_IVR-238_H1N1,plate25-AAGTTAAGAGAAAGTT,0.0001564,interpolated,0.0001564,0.0001564,interpolated,3.754,1,0,0.9859,0.03942
human,seqneut25to26_sera_4027,A/Victoria/4897/2022_IVR-238_H1N1,plate25-AATCCGAAATTTATTC,0.0001113,interpolated,0.0003813,0.0003813,interpolated,1.307,0.6,0,0.6997,0.1195
human,seqneut25to26_sera_4027,A/Bhutan/7/2025_H3N2,plate25-ATGCGTTTATCGATTT,0.001243,interpolated,0.001272,0.001272,interpolated,1.361,0.9849,0,0.9382,0.09932
human,seqneut25to26_sera_4027,A/Bhutan/7/2025_H3N2,plate25-AGCAGTCCCGCTAGTC,0.001692,interpolated,0.001692,0.001692,interpolated,2.963,1,0,0.991,0.04167
human,seqneut25to26_sera_4027,A/Bangkok/1803/2025_H1N1,plate25-GTCGTCCGTAAGTTCA,0.003812,interpolated,0.003812,0.003812,interpolated,1.19,1,0,0.8776,0.1271
human,seqneut25to26_sera_4027,A/Bangkok/1803/2025_H1N1,plate25-TTTCCAGGGCTTCCCG,0.003815,interpolated,0.003945,0.003945,interpolated,2.574,0.9588,0,0.9681,0.0708
human,seqneut25to26_sera_4027,A/SouthAustralia/2520702747/2025_H1N1,plate25-TCGTGCTGTCATGCAG,0.0004695,interpolated,0.0005186,0.0005186,interpolated,4.009,0.8358,0,0.965,0.06956
human,seqneut25to26_sera_4027,A/SouthAustralia/2520702747/2025_H1N1,plate25-GCGTAGTTTGATTCAT,0.0005848,interpolated,0.0005848,0.0005848,interpolated,2.026,1,0,0.9856,0.04995
human,seqneut25to26_sera_4027,A/Darwin/1461/2025_H3N2,plate25-ATACATCCGACGCTTT,0.001269,interpolated,0.001269,0.001269,interpolated,0.8066,1,0,0.841,0.135
human,seqneut25to26_sera_4027,A/Darwin/1461/2025_H3N2,plate25-CAGGTACGCGTTTCTG,0.00252,interpolated,0.002608,0.002608,interpolated,3.744,0.9399,0,0.9651,0.07902
human,seqneut25to26_sera_4027,A/England/1822256/2025_H1N1,plate25-TACGATACTCGGAAGG,0.0004567,interpolated,0.0004567,0.0004567,interpolated,1.54,1,0,0.9523,0.08432
human,seqneut25to26_sera_4027,A/England/1822256/2025_H1N1,plate25-CTTTTCCGTGTCCTCT,0.0004102,interpolated,0.0004102,0.0004102,interpolated,1.551,1,0,0.9815,0.04997
human,seqneut25to26_sera_4027,A/Bangkok/P2229/2025_H1N1,plate25-AAGCGACGCGCGACGG,0.000247,interpolated,0.000247,0.000247,interpolated,1.471,1,0,0.9889,0.03351
human,seqneut25to26_sera_4027,A/Bangkok/P2229/2025_H1N1,plate25-GCTTGTTAGCCTGAAG,0.0003287,interpolated,0.0003287,0.0003287,interpolated,1.964,1,0,0.9888,0.03908
human,seqneut25to26_sera_4027,A/Anapolis/LEIAL6543/2025_H3N2,plate25-AACACTCAATACCGGT,0.0004126,interpolated,0.0004126,0.0004126,interpolated,0.9157,1,0,0.968,0.05447
human,seqneut25to26_sera_4027,A/Anapolis/LEIAL6543/2025_H3N2,plate25-AAATATTGAGACTAAT,0.001038,interpolated,0.001147,0.001147,interpolated,1.93,0.9129,0,0.9633,0.07395
human,seqneut25to26_sera_4027,A/Tasmania/2521815682/2025_H3N2,plate25-ATAAATTCTTTATGGA,0.001068,interpolated,0.001068,0.001068,interpolated,1.011,1,0,0.9775,0.05209
human,seqneut25to26_sera_4027,A/Tasmania/2521815682/2025_H3N2,plate25-GCATACTGGTTACATT,0.003119,interpolated,0.0032,0.0032,interpolated,3.563,0.9563,0,0.986,0.04961
human,seqneut25to26_sera_4027,A/Norway/9556/2025_H1N1,plate25-TAACCGGTCAGATGTT,0.00448,interpolated,0.00448,0.00448,interpolated,4.498,1,0,0.9979,0.01928
human,seqneut25to26_sera_4027,A/Norway/9556/2025_H1N1,plate25-TATCCGGGTCTGATGC,0.004378,interpolated,0.004401,0.004401,interpolated,10,0.9754,0,0.9915,0.03956
human,seqneut25to26_sera_4027,A/England/1837734/2025_H3N2,plate25-ATAGCCCTAACGAAAG,0.001708,interpolated,0.001959,0.001959,interpolated,0.9813,0.937,0,0.9426,0.07897
human,seqneut25to26_sera_4027,A/England/1837734/2025_H3N2,plate25-TCACACCGCTCAGCCT,0.00411,interpolated,0.00444,0.00444,interpolated,10,0.7314,0,0.8053,0.1567
human,seqneut25to26_sera_4027,A/Ghana/ARI-25-1125/2025_H1N1,plate25-GACGGACTATCAACGA,0.0002979,interpolated,0.0002979,0.0002979,interpolated,1.758,1,0,0.9955,0.02313
human,seqneut25to26_sera_4027,A/Ghana/ARI-25-1125/2025_H1N1,plate25-CCGTTAGGGATTCCTC,0.0006397,interpolated,0.0007283,0.0007283,interpolated,10,0.6366,0,0.913,0.09262
human,seqneut25to26_sera_4027,A/Catalonia/NSVH102689455/2025_H1N1,plate25-GCAGAAAGAGGTAATA,0.0003919,interpolated,0.0003919,0.0003919,interpolated,4.036,1,0,0.9984,0.01702
human,seqneut25to26_sera_4027,A/Catalonia/NSVH102689455/2025_H1N1,plate25-TGTCTGCGCTTAAGTT,0.0003827,interpolated,0.0003827,0.0003827,interpolated,2.908,1,0,0.9991,0.012
human,seqneut25to26_sera_4027,A/Galicia/GA-CHUAC-451/2025_H3N2,plate25-TAGCCTATAATCAAGT,0.001908,interpolated,0.001908,0.001908,interpolated,1.091,1,0,0.9446,0.08646
human,seqneut25to26_sera_4027,A/Galicia/GA-CHUAC-451/2025_H3N2,plate25-CATGTGGAGGGTCGAG,0.001499,interpolated,0.001811,0.001811,interpolated,1.194,0.8991,0,0.9397,0.08448
human,seqneut25to26_sera_4027,A/SouthAustralia/2519001037/2025_H1N1,plate25-TATGTCCGCACCGCCG,0.0003887,interpolated,0.0003887,0.0003887,interpolated,1.553,1,0,0.9813,0.04988
human,seqneut25to26_sera_4027,A/SouthAustralia/2519001037/2025_H1N1,plate25-ACGATCGTCGGAGGTC,0.000681,interpolated,0.0007292,0.0007292,interpolated,2.657,0.917,0,0.9857,0.04817
human,seqneut25to26_sera_4027,A/Alagoas/4130/2025_H3N2,plate25-GAGGACAGCGGTCGTC,0.001369,interpolated,0.001448,0.001448,interpolated,1.388,0.9624,0,0.9765,0.05795
human,seqneut25to26_sera_4027,A/Alagoas/4130/2025_H3N2,plate25-TAGTACTAACACCAGA,0.0008105,interpolated,0.0008105,0.0008105,interpolated,1.028,1,0,0.9296,0.09631
human,seqneut25to26_sera_4027,A/Bahia/3102/2025_H3N2,plate25-TGAGTGTCCAGGTACT,0.001124,interpolated,0.00125,0.00125,interpolated,1.501,0.926,0,0.9253,0.1051
human,seqneut25to26_sera_4027,A/Bahia/3102/2025_H3N2,plate25-GAACCTACAAGCAGTC,0.0009426,interpolated,0.0009945,0.0009945,interpolated,1.385,0.9642,0,0.9814,0.05094
human,seqneut25to26_sera_4027,A/SouthAfrica/PET37604/2025_H3N2,plate25-ATCAAGGACCCTGGGC,0.00203,interpolated,0.002129,0.002129,interpolated,4.15,0.9103,0,0.9592,0.08468
human,seqneut25to26_sera_4027,A/SouthAfrica/PET37604/2025_H3N2,plate25-CGACGCGCCGTCGCTG,0.0005617,interpolated,0.0005617,0.0005617,interpolated,1.157,1,0,0.8256,0.1647
human,seqneut25to26_sera_4027,A/Michigan/110/2025_H3N2,plate25-GCTCCTGGTCATATAT,0.001934,interpolated,0.002202,0.002202,interpolated,1.657,0.9032,0,0.9842,0.04535
human,seqneut25to26_sera_4027,A/Michigan/110/2025_H3N2,plate25-GACTTCTTCCGCTCTT,0.002345,interpolated,0.002643,0.002643,interpolated,2.056,0.8911,0,0.9201,0.1089
human,seqneut25to26_sera_4027,A/DistritoFederal/2578578201/2025_H3N2,plate25-GAACGGAGATCTGTTG,0.000867,interpolated,0.0008794,0.0008794,interpolated,1.26,0.9911,0,0.9845,0.04627
human,seqneut25to26_sera_4027,A/DistritoFederal/2578578201/2025_H3N2,plate25-GCCAACTTTCACTTGG,0.0008205,interpolated,0.001203,0.001203,interpolated,1.326,0.8009,0,0.9357,0.08158
human,seqneut25to26_sera_4027,A/DistritoFederal/250106000728/2025_H3N2,plate25-GATCGGAATAACCGTA,0.001337,interpolated,0.001337,0.001337,interpolated,1.732,1,0,0.9847,0.05117
human,seqneut25to26_sera_4027,A/DistritoFederal/250106000728/2025_H3N2,plate25-ATCGCAAGTACCAGTT,0.001826,interpolated,0.002784,0.002784,interpolated,1.447,0.7717,0,0.9802,0.0412
human,seqneut25to26_sera_4027,A/Minnesota/96/2025_H3N2,plate25-ATCCGTTGGGCGACAA,0.004088,interpolated,0.00419,0.00419,interpolated,10,0.8903,0,0.8709,0.1511
human,seqneut25to26_sera_4027,A/Minnesota/96/2025_H3N2,plate25-AACTCCCATGGGGCAG,0.001406,interpolated,0.001406,0.001406,interpolated,0.8756,1,0,0.9653,0.06161
human,seqneut25to26_sera_4027,A/Indonesia/BIOKES-I-BT074/2025_H3N2,plate25-ATTACAACCCAGACAA,0.0006391,interpolated,0.0006391,0.0006391,interpolated,1.17,1,0,0.973,0.05868
human,seqneut25to26_sera_4027,A/Indonesia/BIOKES-I-BT074/2025_H3N2,plate25-CATCGACAGGTCCCAC,0.00115,interpolated,0.00118,0.00118,interpolated,1.469,0.9809,0,0.9753,0.06151
human,seqneut25to26_sera_4027,A/Bangkok/P3067/2025_H1N1,plate25-CGAACATGGGAACTAA,0.0004505,interpolated,0.0004505,0.0004505,interpolated,2.223,1,0,0.9988,0.01401
human,seqneut25to26_sera_4027,A/Bangkok/P3067/2025_H1N1,plate25-GTTGACTGCCTTTCTT,0.0002998,interpolated,0.0004533,0.0004533,interpolated,2.849,0.6539,0,0.999,0.007252
human,seqneut25to26_sera_4027,A/Sydney/1359/2024_H3N2,plate25-AACTCCAATTTGTTTT,0.0007177,interpolated,0.0007177,0.0007177,interpolated,2.046,1,0,0.9972,0.02216
human,seqneut25to26_sera_4027,A/Sydney/1359/2024_H3N2,plate25-CAGGCTGCTGGGCCGC,0.001022,interpolated,0.001119,0.001119,interpolated,2.351,0.904,0,0.9724,0.06466
human,seqneut25to26_sera_4027,A/Guangxi-Daxin/1643/2025_H3N2,plate25-GAACACAATTACTTAG,0.001183,interpolated,0.001183,0.001183,interpolated,1.17,1,0,0.9386,0.09568
human,seqneut25to26_sera_4027,A/Guangxi-Daxin/1643/2025_H3N2,plate25-CCATACCACGCCCTGT,0.001012,interpolated,0.00124,0.00124,interpolated,1.187,0.8929,0,0.8532,0.1386
human,seqneut25to26_sera_4027,A/DistrictOfColumbia/27/2023_H3N2,plate25-AAGAAGCTATAGAAGT,0.001723,interpolated,0.002854,0.002854,interpolated,2.002,0.682,0,0.7773,0.1495
human,seqneut25to26_sera_4027,A/DistrictOfColumbia/27/2023_H3N2,plate25-GAATAATAGAACAGAG,0.001985,interpolated,0.002048,0.002048,interpolated,1.147,0.9825,0,0.9526,0.08003
human,seqneut25to26_sera_4027,A/Guangdong-Maonan/11438/2025_H3N2,plate25-AAGACGAAGCGTTTGC,0.001624,interpolated,0.001736,0.001736,interpolated,10,0.7567,0,0.8169,0.1712
human,seqneut25to26_sera_4027,A/Guangdong-Maonan/11438/2025_H3N2,plate25-TTTATTACTCTTATGG,0.001785,interpolated,0.001868,0.001868,interpolated,10,0.8177,0,0.8609,0.1531
human,seqneut25to26_sera_4027,A/Indonesia/BIOKES-INAD491/2025_H3N2,plate25-ACGATTTTTTCTACAT,0.002,interpolated,0.002,0.002,interpolated,2.19,1,0,0.9966,0.02505
human,seqneut25to26_sera_4027,A/Indonesia/BIOKES-INAD491/2025_H3N2,plate25-CGGTAAGTTTCGAGGA,0.000617,interpolated,0.000617,0.000617,interpolated,0.9366,1,0,0.9277,0.0901
human,seqneut25to26_sera_4027,A/Arica/59150/2025_H3N2,plate25-AGAACGGCTTGACACT,0.0007888,interpolated,0.0007888,0.0007888,interpolated,1.337,1,0,0.9359,0.1007
human,seqneut25to26_sera_4027,A/Arica/59150/2025_H3N2,plate25-TGCGATGCATAGTTCG,0.001503,interpolated,0.001749,0.001749,interpolated,3.836,0.78,0,0.9797,0.05098
human,seqneut25to26_sera_4027,A/England/174/2025_H3N2,plate25-CCTTATGAATTACGCG,0.0009079,interpolated,0.0009079,0.0009079,interpolated,1.099,1,0,0.9096,0.1146
human,seqneut25to26_sera_4027,A/Guangdong-Meijiang/11256/2025_H3N2,plate25-CGTTGCATGTAGCAGG,0.001107,interpolated,0.001229,0.001229,interpolated,1.522,0.9263,0,0.9868,0.04271
human,seqneut25to26_sera_4027,A/Guangdong-Meijiang/11256/2025_H3N2,plate25-TCCCTTCTTCGCAACT,0.001279,interpolated,0.001408,0.001408,interpolated,2.672,0.8864,0,0.979,0.05662
human,seqneut25to26_sera_4027,A/SouthAustralia/2527612456/2025_H1N1,plate25-GAAAGACCGATGCCAG,0.0005818,interpolated,0.0005818,0.0005818,interpolated,2.93,1,0,0.9992,0.01249
human,seqneut25to26_sera_4027,A/SouthAustralia/2527612456/2025_H1N1,plate25-GAAGGACTTGGGGCTC,0.0004163,interpolated,0.0004163,0.0004163,interpolated,2.16,1,0,0.9683,0.07247
human,seqneut25to26_sera_4028,A/Vermont/73/2025_H3N2,plate25-GATGACGCGACCTCCT,0.004991,interpolated,0.004991,0.004991,interpolated,0.8,1,0,0.879,0.09918
human,seqneut25to26_sera_4028,A/Vermont/73/2025_H3N2,plate25-GAGTGCCCAGGTGTTG,0.004461,interpolated,0.004663,0.004663,interpolated,6.655,0.8724,0,0.7622,0.1933
human,seqneut25to26_sera_4028,A/Bangkok/P2391/2025_H3N2,plate25-CGGGTCCTAGGCGAGG,0.003209,interpolated,0.003209,0.003209,interpolated,0.845,1,0,0.8319,0.1332
human,seqneut25to26_sera_4028,A/Bangkok/P2391/2025_H3N2,plate25-TCGGAGAGCGATCCGC,0.001675,interpolated,0.001924,0.001924,interpolated,0.8,0.9476,0,0.6626,0.1987
human,seqneut25to26_sera_4028,A/Anapolis/LEIAL6543/2025_H3N2,plate25-AACACTCAATACCGGT,0.001064,interpolated,0.00145,0.00145,interpolated,0.8,0.8904,0,0.8596,0.1018
human,seqneut25to26_sera_4028,A/Anapolis/LEIAL6543/2025_H3N2,plate25-AAATATTGAGACTAAT,0.001578,interpolated,0.002176,0.002176,interpolated,0.8,0.8866,0,0.8301,0.1168
human,seqneut25to26_sera_4028,A/DistritoFederal/2578578201/2025_H3N2,plate25-GCCAACTTTCACTTGG,0.001854,interpolated,0.001886,0.001886,interpolated,0.9366,0.9921,0,0.9811,0.04396
human,seqneut25to26_sera_4028,A/DistritoFederal/2578578201/2025_H3N2,plate25-GAACGGAGATCTGTTG,0.003532,interpolated,0.003532,0.003532,interpolated,1.331,1,0,0.9767,0.05613
human,seqneut25to26_sera_4028,A/SouthAustralia/2523812314/2025_H3N2,plate25-GCGGACAGCGGTTATC,0.002738,interpolated,0.002738,0.002738,interpolated,0.8,1,0,0.8926,0.09951
human,seqneut25to26_sera_4028,A/SouthAustralia/2523812314/2025_H3N2,plate25-TTTACTCGATCCTCGC,0.003894,interpolated,0.004466,0.004466,interpolated,1.493,0.9075,0,0.9069,0.09837
human,seqneut25to26_sera_4028,A/DistrictOfColumbia/57/2025_H3N2,plate25-ACATTTAGCGGACCGT,0.002092,interpolated,0.002979,0.002979,interpolated,0.8,0.8768,0,0.8125,0.1172
human,seqneut25to26_sera_4028,A/DistrictOfColumbia/57/2025_H3N2,plate25-AGGAACATGTCCATAC,0.003318,interpolated,0.003318,0.003318,interpolated,0.9709,1,0,0.812,0.1588
human,seqneut25to26_sera_4028,A/Norway/8976/2025_H3N2,plate25-AAACTCTAACTGAGTT,0.00296,interpolated,0.00296,0.00296,interpolated,0.8,1,0,0.89,0.09789
human,seqneut25to26_sera_4028,A/Norway/8976/2025_H3N2,plate25-TTTGGCGAGCAGCCCG,0.001676,interpolated,0.002344,0.002344,interpolated,1.042,0.8525,0,0.8895,0.09909
human,seqneut25to26_sera_4028,A/Queensland/2526516675/2025_H3N2,plate25-ATCATAGCACTAAAAT,0.002296,interpolated,0.002296,0.002296,interpolated,0.9241,1,0,0.9652,0.06168
human,seqneut25to26_sera_4028,A/Queensland/2526516675/2025_H3N2,plate25-ACATCCGCCCTTCGGT,0.006152,interpolated,0.007047,0.007047,interpolated,1.415,0.9126,0,0.6875,0.1998
human,seqneut25to26_sera_4028,A/Ghana/FS-25-7077/2025_H3N2,plate25-TTTCGGGGCCCCAATG,0.007319,interpolated,0.007774,0.007774,interpolated,3.54,0.9038,0,0.9514,0.07175
human,seqneut25to26_sera_4028,A/Ghana/FS-25-7077/2025_H3N2,plate25-CACATACAACACGACC,0.002898,interpolated,0.003309,0.003309,interpolated,0.9298,0.942,0,0.9106,0.09158
human,seqneut25to26_sera_4028,A/Bangkok/P2572/2025_H3N2,plate25-CGTACTAATCACTCCG,0.01891,interpolated,0.01989,0.01989,interpolated,10,0.8009,0,0.675,0.1679
human,seqneut25to26_sera_4028,A/Bangkok/P2572/2025_H3N2,plate25-TAGATAACTCGCTAGG,0.001931,interpolated,0.001931,0.001931,interpolated,0.8,1,0,0.9272,0.08283
human,seqneut25to26_sera_4028,A/Tasmania/2521815682/2025_H3N2,plate25-GCATACTGGTTACATT,0.003099,interpolated,0.003109,0.003109,interpolated,1.302,0.998,0,0.8927,0.1225
human,seqneut25to26_sera_4028,A/Tasmania/2521815682/2025_H3N2,plate25-ATAAATTCTTTATGGA,0.002702,interpolated,0.002702,0.002702,interpolated,0.8,1,0,0.8917,0.1002
human,seqneut25to26_sera_4028,A/NewSouthWales/2526015582/2025_H3N2,plate25-CGAAGATGAGCCCTCG,0.003201,interpolated,0.003456,0.003456,interpolated,1.228,0.9551,0,0.9323,0.08991
human,seqneut25to26_sera_4028,A/NewSouthWales/2526015582/2025_H3N2,plate25-TTTGCTACAAGTGAGC,0.003216,interpolated,0.003284,0.003284,interpolated,0.8645,0.991,0,0.8665,0.1206
human,seqneut25to26_sera_4028,A/Hawaii/70/2019_H1N1,plate25-AGTAAACATGCATTGG,0.007479,interpolated,0.007691,0.007691,interpolated,4.066,0.9462,0,0.9426,0.08747
human,seqneut25to26_sera_4028,A/Hawaii/70/2019_H1N1,plate25-TGGAATCGTCACCGAT,0.004405,interpolated,0.004405,0.004405,interpolated,1.773,1,0,0.9938,0.0297
human,seqneut25to26_sera_4028,A/Hawaii/70/2019_H1N1,plate25-ATAGAATCGCAAATTA,0.003281,interpolated,0.003281,0.003281,interpolated,1.187,1,0,0.931,0.0969
human,seqneut25to26_sera_4028,A/Norway/8765/2025_H3N2,plate25-ACCAGGTGGCAGTACA,0.002087,interpolated,0.002455,0.002455,interpolated,0.8446,0.936,0,0.8555,0.117
human,seqneut25to26_sera_4028,A/Norway/8765/2025_H3N2,plate25-ATTGCAACGCCGGTGT,0.00472,interpolated,0.005218,0.005218,interpolated,1.262,0.9406,0,0.8156,0.1512
human,seqneut25to26_sera_4028,A/Malaysia/IMR/SARI/2517/2025_H3N2,plate25-GTCCATAGTTTCGTGA,0.002173,interpolated,0.002471,0.002471,interpolated,0.8,0.9512,0,0.9046,0.08852
human,seqneut25to26_sera_4028,A/Malaysia/IMR/SARI/2517/2025_H3N2,plate25-GATGCCCCTTGGCTCT,0.003099,interpolated,0.003099,0.003099,interpolated,0.8491,1,0,0.8999,0.1012
human,seqneut25to26_sera_4028,A/England/1837737/2025_H3N2,plate25-ATTGGCTGTCGTGGCC,0.001104,interpolated,0.001174,0.001174,interpolated,0.8,0.9762,0,0.8749,0.1057
human,seqneut25to26_sera_4028,A/England/1837737/2025_H3N2,plate25-TACACTCAAACGATGC,0.001524,interpolated,0.001524,0.001524,interpolated,0.8,1,0,0.8396,0.1335
human,seqneut25to26_sera_4028,A/SouthAustralia/2527213276/2025_H3N2,plate25-GCTGATAAACAATCTA,0.00319,interpolated,0.004801,0.004801,interpolated,0.8882,0.8478,0,0.8774,0.09247
human,seqneut25to26_sera_4028,A/SouthAustralia/2527213276/2025_H3N2,plate25-TTTTCTGACGATGCAG,0.004261,interpolated,0.004261,0.004261,interpolated,1.611,1,0,0.9901,0.03696
human,seqneut25to26_sera_4028,A/Bangkok/P2323/2025_H3N2,plate25-AGGCGGACTAACTGCA,0.003114,interpolated,0.003572,0.003572,interpolated,0.9302,0.9401,0,0.8957,0.09968
human,seqneut25to26_sera_4028,A/Bangkok/P2323/2025_H3N2,plate25-AAGCGCTTCCCAGCCA,0.001451,interpolated,0.002651,0.002651,interpolated,1.117,0.7551,0,0.9386,0.06605
human,seqneut25to26_sera_4028,A/Bangkok/P2390/2025_H3N2,plate25-AAAGGAAGCCCCTCAC,0.008788,interpolated,0.009461,0.009461,interpolated,5.715,0.828,0,0.7355,0.1771
human,seqneut25to26_sera_4028,A/Bangkok/P2390/2025_H3N2,plate25-TCCCAAGACAAGCGAC,0.004634,interpolated,0.004634,0.004634,interpolated,1.034,1,0,0.8491,0.1351
human,seqneut25to26_sera_4028,A/SouthAustralia/2524408801/2025_H3N2,plate25-AGCTCCACATTTGGCC,0.002271,interpolated,0.002271,0.002271,interpolated,0.8,1,0,0.8678,0.1193
human,seqneut25to26_sera_4028,A/SouthAustralia/2524408801/2025_H3N2,plate25-TCGGTCGGGCGAAGGC,0.002635,interpolated,0.003094,0.003094,interpolated,1.196,0.9127,0,0.9735,0.0516
human,seqneut25to26_sera_4028,A/England/1837734/2025_H3N2,plate25-TCACACCGCTCAGCCT,0.002505,interpolated,0.002505,0.002505,interpolated,1.101,1,0,0.8754,0.1273
human,seqneut25to26_sera_4028,A/England/1837734/2025_H3N2,plate25-ATAGCCCTAACGAAAG,0.00135,interpolated,0.001985,0.001985,interpolated,0.8165,0.865,0,0.8238,0.1215
human,seqneut25to26_sera_4028,A/SouthAustralia/2527902708/2025_H3N2,plate25-GTGCAATTCCGCGTCC,0.004283,interpolated,0.004497,0.004497,interpolated,10,0.8069,0,0.8442,0.1373
human,seqneut25to26_sera_4028,A/Malaysia/IMR/SARI/2406/2025_H3N2,plate25-AATCATACATGCTTCT,0.002467,interpolated,0.003019,0.003019,interpolated,0.9644,0.9117,0,0.9645,0.05582
human,seqneut25to26_sera_4028,A/Malaysia/IMR/SARI/2406/2025_H3N2,plate25-CCTACGCTCGTATCCC,0.0027,interpolated,0.00363,0.00363,interpolated,0.8969,0.8834,0,0.8047,0.1311
human,seqneut25to26_sera_4028,A/Bahia/3102/2025_H3N2,plate25-TGAGTGTCCAGGTACT,0.002091,interpolated,0.003058,0.003058,interpolated,1.25,0.8108,0,0.8432,0.1238
human,seqneut25to26_sera_4028,A/Bahia/3102/2025_H3N2,plate25-GAACCTACAAGCAGTC,0.001697,interpolated,0.001992,0.001992,interpolated,1.021,0.9245,0,0.9228,0.09102
human,seqneut25to26_sera_4028,A/DistritoFederal/250106000728/2025_H3N2,plate25-GATCGGAATAACCGTA,0.002564,interpolated,0.002564,0.002564,interpolated,1.007,1,0,0.9104,0.1054
human,seqneut25to26_sera_4028,A/DistritoFederal/250106000728/2025_H3N2,plate25-ATCGCAAGTACCAGTT,0.00436,interpolated,0.004536,0.004536,interpolated,1.377,0.9736,0,0.9686,0.06156
human,seqneut25to26_sera_4028,A/Arica/59150/2025_H3N2,plate25-AGAACGGCTTGACACT,0.003389,interpolated,0.003646,0.003646,interpolated,1.466,0.9492,0,0.946,0.08243
human,seqneut25to26_sera_4028,A/Arica/59150/2025_H3N2,plate25-TGCGATGCATAGTTCG,0.002463,interpolated,0.002904,0.002904,interpolated,0.8521,0.9346,0,0.84,0.1274
human,seqneut25to26_sera_4028,A/SouthAustralia/2527003588/2025_H3N2,plate25-ACGAGAAGCAGGGGGC,0.004285,interpolated,0.005488,0.005488,interpolated,0.8,0.9102,0,0.8108,0.1195
human,seqneut25to26_sera_4028,A/California/61/2025_H3N2,plate25-CCAGGATCTATCCTTC,0.003165,interpolated,0.004765,0.004765,interpolated,1.536,0.7667,0,0.7405,0.1594
human,seqneut25to26_sera_4028,A/California/61/2025_H3N2,plate25-AGAGGCCGGACGTAAA,0.001008,interpolated,0.001008,0.001008,interpolated,0.8005,1,0,0.9406,0.07587
human,seqneut25to26_sera_4028,A/Andalucia/PMC-00977/2025_H1N1,plate25-AGAAAAGATAGGAAAG,0.003519,interpolated,0.003582,0.003582,interpolated,1.416,0.9876,0,0.9595,0.07521
human,seqneut25to26_sera_4028,A/Andalucia/PMC-00977/2025_H1N1,plate25-CCTCTGTGTACTAATT,0.005062,interpolated,0.005169,0.005169,interpolated,3.263,0.9671,0,0.9682,0.06905
human,seqneut25to26_sera_4028,A/Sydney/400/2025_H1N1,plate25-TTCTAACGATTGTAGG,0.007398,interpolated,0.008198,0.008198,interpolated,3.199,0.86,0,0.8818,0.1135
human,seqneut25to26_sera_4028,A/Sydney/400/2025_H1N1,plate25-CGATTACGCTTTCCGG,0.005752,interpolated,0.006052,0.006052,interpolated,1.151,0.9716,0,0.8882,0.108
human,seqneut25to26_sera_4028,A/NewSouthWales/2526015584/2025_H3N2,plate25-TTACCTTAAATCAAAG,0.001443,interpolated,0.001443,0.001443,interpolated,1.089,1,0,0.8878,0.1261
human,seqneut25to26_sera_4028,A/NewSouthWales/2526015584/2025_H3N2,plate25-TGTCGGGGTACGGGAC,0.001146,interpolated,0.001414,0.001414,interpolated,0.8277,0.9201,0,0.9768,0.04306
human,seqneut25to26_sera_4028,A/Minnesota/96/2025_H3N2,plate25-AACTCCCATGGGGCAG,0.001047,interpolated,0.001655,0.001655,interpolated,1.212,0.787,0,0.9291,0.07831
human,seqneut25to26_sera_4028,A/Minnesota/96/2025_H3N2,plate25-ATCCGTTGGGCGACAA,0.0009483,interpolated,0.001096,0.001096,interpolated,2.035,0.8726,0,0.9501,0.08142
human,seqneut25to26_sera_4028,A/Zacapa/FLU-261/2025_H1N1,plate25-CTCGCGGGTATATAGA,0.004548,interpolated,0.004596,0.004596,interpolated,10,0.9502,0,0.9815,0.0541
human,seqneut25to26_sera_4028,A/Zacapa/FLU-261/2025_H1N1,plate25-CTTGAACCAGCAGTGT,0.005414,interpolated,0.005469,0.005469,interpolated,3.111,0.9844,0,0.9952,0.02737
human,seqneut25to26_sera_4028,A/Bangkok/P3263/2025_H3N2,plate25-TATGCTAAGACTTTTT,0.00221,interpolated,0.003547,0.003547,interpolated,1.134,0.7924,0,0.9193,0.07935
human,seqneut25to26_sera_4028,A/Darwin/1461/2025_H3N2,plate25-CAGGTACGCGTTTCTG,0.0009623,interpolated,0.0009623,0.0009623,interpolated,0.9675,1,0,0.9074,0.1083
human,seqneut25to26_sera_4028,A/Darwin/1461/2025_H3N2,plate25-ATACATCCGACGCTTT,0.0007123,interpolated,0.0009975,0.0009975,interpolated,1.16,0.8383,0,0.8617,0.1176
human,seqneut25to26_sera_4028,A/Bhutan/1267/2025_H3N2,plate25-CTGAGTATGGGGCTCA,0.001014,interpolated,0.001014,0.001014,interpolated,0.8746,1,0,0.9588,0.06652
human,seqneut25to26_sera_4028,A/Bhutan/1267/2025_H3N2,plate25-TAAAAGCTCCCATTAC,0.000635,interpolated,0.000635,0.000635,interpolated,0.8109,1,0,0.9033,0.09842
human,seqneut25to26_sera_4028,A/Sydney/1359/2024_H3N2,plate25-CAGGCTGCTGGGCCGC,0.001689,interpolated,0.001857,0.001857,interpolated,1.39,0.9382,0,0.9442,0.08654
human,seqneut25to26_sera_4028,A/Sydney/1359/2024_H3N2,plate25-AACTCCAATTTGTTTT,0.001093,interpolated,0.001093,0.001093,interpolated,1.099,1,0,0.9339,0.09338
human,seqneut25to26_sera_4028,A/Darwin/1405/2025_H1N1,plate25-CGTCAATGGGTCATCG,0.004089,interpolated,0.00416,0.00416,interpolated,2.046,0.9826,0,0.9914,0.03607
human,seqneut25to26_sera_4028,A/Darwin/1405/2025_H1N1,plate25-TCGCTTTAGCCGGACC,0.005179,interpolated,0.005179,0.005179,interpolated,3.44,1,0,0.9982,0.01715
human,seqneut25to26_sera_4028,A/Aragon/2046/2025_H1N1,plate25-TCGATTTCTAAATTCC,0.004203,interpolated,0.004203,0.004203,interpolated,2.506,1,0,0.9961,0.02525
human,seqneut25to26_sera_4028,A/Aragon/2046/2025_H1N1,plate25-GTACACTCTTTCAATT,0.002424,interpolated,0.002424,0.002424,interpolated,1.063,1,0,0.9194,0.1048
human,seqneut25to26_sera_4028,A/SouthAustralia/2527612456/2025_H1N1,plate25-GAAGGACTTGGGGCTC,0.006265,interpolated,0.006678,0.006678,interpolated,5.093,0.8611,0,0.9161,0.1055
human,seqneut25to26_sera_4028,A/SouthAustralia/2527612456/2025_H1N1,plate25-GAAAGACCGATGCCAG,0.004457,interpolated,0.004604,0.004604,interpolated,3.545,0.9458,0,0.9832,0.05096
human,seqneut25to26_sera_4028,A/SouthAustralia/2523012764/2025_H1N1,plate25-ATGCCGGGCCGTTACT,0.003752,interpolated,0.003878,0.003878,interpolated,1.819,0.9708,0,0.9699,0.06694
human,seqneut25to26_sera_4028,A/SouthAustralia/2523012764/2025_H1N1,plate25-TTCGACAAGTATACGT,0.001822,interpolated,0.001822,0.001822,interpolated,1.09,1,0,0.9046,0.1162
human,seqneut25to26_sera_4028,A/Bhutan/7/2025_H3N2,plate25-ATGCGTTTATCGATTT,0.001038,interpolated,0.001038,0.001038,interpolated,1.017,1,0,0.9294,0.09681
human,seqneut25to26_sera_4028,A/Bhutan/7/2025_H3N2,plate25-AGCAGTCCCGCTAGTC,0.004559,interpolated,0.005023,0.005023,interpolated,2.762,0.8825,0,0.8699,0.1384
human,seqneut25to26_sera_4028,A/Missouri/11/2025_H1N1,plate25-GTCACAGTCATCGTGT,0.004474,interpolated,0.004629,0.004629,interpolated,4.375,0.9306,0,0.9166,0.1119
human,seqneut25to26_sera_4028,A/Missouri/11/2025_H1N1,plate25-ACGGCATCCCAATTGA,0.005582,interpolated,0.005582,0.005582,interpolated,1.502,1,0,0.9867,0.03968
human,seqneut25to26_sera_4028,A/Colorado/105/2025_H1N1,plate25-CAAATGGGCTGCAGGG,0.003885,interpolated,0.003897,0.003897,interpolated,1.779,0.9973,0,0.9841,0.04855
human,seqneut25to26_sera_4028,A/Colorado/105/2025_H1N1,plate25-ACGTCGCTAGACTTTA,0.005751,interpolated,0.005989,0.005989,interpolated,3.682,0.9307,0,0.9804,0.05255
human,seqneut25to26_sera_4028,A/Belgium/H0097/2025_H3N2,plate25-ATCGATCGAGATAACG,0.002018,interpolated,0.002279,0.002279,interpolated,1.328,0.9255,0,0.9807,0.04819
human,seqneut25to26_sera_4028,A/Belgium/H0097/2025_H3N2,plate25-AAGCAGTTTGCCCCCA,0.003829,interpolated,0.003829,0.003829,interpolated,1.126,1,0,0.8963,0.114
human,seqneut25to26_sera_4028,A/Bangkok/P3067/2025_H1N1,plate25-GTTGACTGCCTTTCTT,0.008114,interpolated,0.008349,0.008349,interpolated,10,0.8762,0,0.9287,0.1008
human,seqneut25to26_sera_4028,A/Bangkok/P3067/2025_H1N1,plate25-CGAACATGGGAACTAA,0.005493,interpolated,0.005493,0.005493,interpolated,3.351,1,0,0.9995,0.008669
human,seqneut25to26_sera_4028,A/HongKong/1257/2025_H3N2,plate25-GTATAGAAATGGGTCA,0.0006498,interpolated,0.0006498,0.0006498,interpolated,0.9084,1,0,0.9536,0.06996
human,seqneut25to26_sera_4028,A/HongKong/1257/2025_H3N2,plate25-CACACCTCTCTCGCCG,0.0004201,interpolated,0.001136,0.001136,interpolated,1.156,0.6583,0,0.8327,0.1021
human,seqneut25to26_sera_4028,A/Canberra/465/2025_H1N1,plate25-TGTGCGAAGTTGATGT,0.009556,interpolated,0.009556,0.009556,interpolated,7.187,1,0,0.9986,0.01387
human,seqneut25to26_sera_4028,A/Canberra/465/2025_H1N1,plate25-GAATCTCCCGCGTATA,0.004541,interpolated,0.004647,0.004647,interpolated,2.25,0.9747,0,0.9901,0.03832
human,seqneut25to26_sera_4028,A/Guangxi-Qingxiu/SWL11742/2025_H1N1,plate25-GTCTTGTCGATTGGTA,0.004245,interpolated,0.00478,0.00478,interpolated,1.759,0.9057,0,0.9402,0.08668
human,seqneut25to26_sera_4028,A/Guangxi-Qingxiu/SWL11742/2025_H1N1,plate25-TGTCGGTGCGCCGCTT,0.004262,interpolated,0.00452,0.00452,interpolated,3.228,0.9136,0,0.9057,0.1208
human,seqneut25to26_sera_4028,A/Peru/GIHSN-04-1089/2025_H3N2,plate25-TTTAGCCGGCTGTAAC,0.001261,interpolated,0.001587,0.001587,interpolated,2.734,0.7665,0,0.9935,0.02732
human,seqneut25to26_sera_4028,A/Peru/GIHSN-04-1089/2025_H3N2,plate25-GATTGAGGGGTCCGGG,0.001063,interpolated,0.001063,0.001063,interpolated,1.169,1,0,0.9584,0.07749
human,seqneut25to26_sera_4028,A/Bangkok/P2921/2025_H3N2,plate25-ATTTCATGAGATAGGG,0.001188,interpolated,0.001188,0.001188,interpolated,1.366,1,0,0.9926,0.03364
human,seqneut25to26_sera_4028,A/Bangkok/P2921/2025_H3N2,plate25-GAGATAAAAGAGCTCT,0.001102,interpolated,0.001124,0.001124,interpolated,2.003,0.9802,0,0.9836,0.05153
human,seqneut25to26_sera_4028,A/Alagoas/4130/2025_H3N2,plate25-TAGTACTAACACCAGA,0.0009005,interpolated,0.000922,0.000922,interpolated,1.526,0.9823,0,0.8969,0.127
human,seqneut25to26_sera_4028,A/Alagoas/4130/2025_H3N2,plate25-GAGGACAGCGGTCGTC,0.00123,interpolated,0.001396,0.001396,interpolated,1.472,0.9147,0,0.972,0.05955
human,seqneut25to26_sera_4028,A/HongKong/1382/2025_H3N2,plate25-GCAGCTTGAATGATGT,0.000382,interpolated,0.000382,0.000382,interpolated,0.8,1,0,0.8457,0.1138
human,seqneut25to26_sera_4028,A/HongKong/1382/2025_H3N2,plate25-AGGACCTAAATGAAGT,0.008933,interpolated,0.009492,0.009492,interpolated,10,0.7727,0,0.9114,0.09427
human,seqneut25to26_sera_4028,A/Galicia/GA-CHUAC-451/2025_H3N2,plate25-CATGTGGAGGGTCGAG,0.001068,interpolated,0.00112,0.00112,interpolated,1.406,0.9675,0,0.9855,0.04459
human,seqneut25to26_sera_4028,A/Galicia/GA-CHUAC-451/2025_H3N2,plate25-TAGCCTATAATCAAGT,0.0009241,interpolated,0.0009241,0.0009241,interpolated,1.297,1,0,0.9787,0.05623
human,seqneut25to26_sera_4028,A/Norway/9556/2025_H1N1,plate25-TAACCGGTCAGATGTT,0.006649,interpolated,0.006831,0.006831,interpolated,2.164,0.9716,0,0.9722,0.05884
human,seqneut25to26_sera_4028,A/Norway/9556/2025_H1N1,plate25-TATCCGGGTCTGATGC,0.005943,interpolated,0.005943,0.005943,interpolated,1.146,1,0,0.8874,0.1134
human,seqneut25to26_sera_4028,A/SouthAustralia/2520702747/2025_H1N1,plate25-GCGTAGTTTGATTCAT,0.003929,interpolated,0.003929,0.003929,interpolated,2.041,1,0,0.991,0.03809
human,seqneut25to26_sera_4028,A/SouthAustralia/2520702747/2025_H1N1,plate25-TCGTGCTGTCATGCAG,0.004683,interpolated,0.00471,0.00471,interpolated,4.036,0.9885,0,0.9927,0.03472
human,seqneut25to26_sera_4028,A/CoteDIvoire/2007/2025_H1N1,plate25-AAGACCTAGTTTGAAC,0.003687,interpolated,0.003971,0.003971,interpolated,1.95,0.9327,0,0.9763,0.05737
human,seqneut25to26_sera_4028,A/CoteDIvoire/2007/2025_H1N1,plate25-GCTCAGTCGCCACGTT,0.005008,interpolated,0.005645,0.005645,interpolated,4.413,0.7947,0,0.9111,0.101
human,seqneut25to26_sera_4028,A/France/ARA-HCL025155099501/2025_H1N1,plate25-ATTAACCAATTGAGCA,0.008259,interpolated,0.008523,0.008523,interpolated,5.006,0.9272,0,0.9515,0.08038
human,seqneut25to26_sera_4028,A/SouthAustralia/2524712956/2025_H1N1,plate25-GCCCACGTTTAACTTT,0.004529,interpolated,0.004537,0.004537,interpolated,3.136,0.9974,0,0.9993,0.01034
human,seqneut25to26_sera_4028,A/SouthAustralia/2524712956/2025_H1N1,plate25-TTTTCGATAATAATCT,0.004262,interpolated,0.004262,0.004262,interpolated,1.945,1,0,0.9932,0.03232
human,seqneut25to26_sera_4028,A/Guangxi-Daxin/1643/2025_H3N2,plate25-GAACACAATTACTTAG,0.001278,interpolated,0.001278,0.001278,interpolated,0.8723,1,0,0.9575,0.06742
human,seqneut25to26_sera_4028,A/Guangxi-Daxin/1643/2025_H3N2,plate25-CCATACCACGCCCTGT,0.001844,interpolated,0.001987,0.001987,interpolated,0.9164,0.9668,0,0.8817,0.1166
human,seqneut25to26_sera_4028,A/Hawaii/44/2025_H1N1,plate25-TGATATCTGGAATCTG,0.003425,interpolated,0.003425,0.003425,interpolated,2.223,1,0,0.9936,0.03315
human,seqneut25to26_sera_4028,A/Hawaii/44/2025_H1N1,plate25-TAGATTTGTCCGTACA,0.002635,interpolated,0.002658,0.002658,interpolated,1.648,0.9928,0,0.9896,0.04041
human,seqneut25to26_sera_4028,A/BritishColumbia/PHL-2473/2025_H1N1,plate25-CCTAGCCGGAAACATG,0.005166,interpolated,0.005444,0.005444,interpolated,2.986,0.9276,0,0.9692,0.06694
human,seqneut25to26_sera_4028,A/BritishColumbia/PHL-2473/2025_H1N1,plate25-TCGCGGATTAAACCAT,0.002049,interpolated,0.002049,0.002049,interpolated,1.149,1,0,0.9344,0.09788
human,seqneut25to26_sera_4028,A/Croatia/10136RV/2023-egg_H3N2,plate25-GTCGCCGCTAATCCGA,0.0007812,interpolated,0.0007919,0.0007919,interpolated,10,0.9363,0,0.9196,0.1157
human,seqneut25to26_sera_4028,A/Croatia/10136RV/2023-egg_H3N2,plate25-GAAGTGCTGCTGAAGT,0.0006534,interpolated,0.0007343,0.0007343,interpolated,1.594,0.9151,0,0.9489,0.08069
human,seqneut25to26_sera_4028,A/California/63/2025_H1N1,plate25-CACAGCGCTGGCCTTG,0.002789,interpolated,0.003978,0.003978,interpolated,1.705,0.773,0,0.8922,0.1014
human,seqneut25to26_sera_4028,A/California/63/2025_H1N1,plate25-CGACTCTGTCGGGTAA,0.004766,interpolated,0.004766,0.004766,interpolated,1.344,1,0,0.9323,0.0948
human,seqneut25to26_sera_4028,A/Catalonia/NSVH102689455/2025_H1N1,plate25-GCAGAAAGAGGTAATA,0.003977,interpolated,0.004006,0.004006,interpolated,2.671,0.9904,0,0.9977,0.01942
human,seqneut25to26_sera_4028,A/Catalonia/NSVH102689455/2025_H1N1,plate25-TGTCTGCGCTTAAGTT,0.005989,interpolated,0.0063,0.0063,interpolated,3.728,0.9141,0,0.9303,0.09967
human,seqneut25to26_sera_4028,A/Canberra/530/2025_H1N1,plate25-ATCTCGGCCGGCCAAT,0.00593,interpolated,0.006028,0.006028,interpolated,4.218,0.9666,0,0.9895,0.04002
human,seqneut25to26_sera_4028,A/Canberra/530/2025_H1N1,plate25-ATCTTGTATGATATGT,0.005619,interpolated,0.005811,0.005811,interpolated,2.197,0.9644,0,0.904,0.1215
human,seqneut25to26_sera_4028,A/England/1822256/2025_H1N1,plate25-TACGATACTCGGAAGG,0.004209,interpolated,0.00421,0.00421,interpolated,5.42,0.999,0,0.998,0.01915
human,seqneut25to26_sera_4028,A/England/1822256/2025_H1N1,plate25-CTTTTCCGTGTCCTCT,0.004049,interpolated,0.004064,0.004064,interpolated,10,0.9809,0,0.9832,0.05554
human,seqneut25to26_sera_4028,A/Ghana/ARI-25-1125/2025_H1N1,plate25-GACGGACTATCAACGA,0.003381,interpolated,0.003693,0.003693,interpolated,5.032,0.8207,0,0.8898,0.1282
human,seqneut25to26_sera_4028,A/Ghana/ARI-25-1125/2025_H1N1,plate25-CCGTTAGGGATTCCTC,0.002484,interpolated,0.002554,0.002554,interpolated,2.606,0.9651,0,0.9953,0.02806
human,seqneut25to26_sera_4028,A/Wisconsin/588/2019_H1N1,plate25-GAAGAAACTATAACCA,0.002002,interpolated,0.002002,0.002002,interpolated,3.895,1,0,0.9966,0.026
human,seqneut25to26_sera_4028,A/Wisconsin/588/2019_H1N1,plate25-AGTCCTATCCTCAAAT,0.001454,interpolated,0.001639,0.001639,interpolated,2.275,0.8809,0,0.9609,0.07373
human,seqneut25to26_sera_4028,A/Wisconsin/588/2019_H1N1,plate25-TATATTAGTAACATAA,0.001742,interpolated,0.001769,0.001769,interpolated,2.404,0.9819,0,0.9972,0.02229
human,seqneut25to26_sera_4028,A/SouthAustralia/2519001037/2025_H1N1,plate25-ACGATCGTCGGAGGTC,0.006285,interpolated,0.006285,0.006285,interpolated,3.818,1,0,0.9997,0.006792
human,seqneut25to26_sera_4028,A/SouthAustralia/2519001037/2025_H1N1,plate25-TATGTCCGCACCGCCG,0.003987,interpolated,0.00426,0.00426,interpolated,1.975,0.9386,0,0.9283,0.1031
human,seqneut25to26_sera_4028,A/Thailand/8/2022_H3N2,plate25-CGTACGTATGTCCCAG,0.001085,interpolated,0.001243,0.001243,interpolated,1.468,0.9094,0,0.9716,0.06126
human,seqneut25to26_sera_4028,A/Thailand/8/2022_H3N2,plate25-CATAAAAGACTGTATA,0.001833,interpolated,0.002132,0.002132,interpolated,10,0.6102,0,0.8736,0.1023
human,seqneut25to26_sera_4028,A/Thailand/8/2022_H3N2,plate25-AGACCATCGCACCCAA,0.0005767,interpolated,0.001188,0.001188,interpolated,2.227,0.6,0,0.964,0.04754
human,seqneut25to26_sera_4028,A/Indonesia/BIOKES-I-BT074/2025_H3N2,plate25-ATTACAACCCAGACAA,0.0009965,interpolated,0.001086,0.001086,interpolated,1.612,0.9354,0,0.9769,0.0571
human,seqneut25to26_sera_4028,A/Indonesia/BIOKES-I-BT074/2025_H3N2,plate25-CATCGACAGGTCCCAC,0.003515,interpolated,0.003741,0.003741,interpolated,10,0.7681,0,0.7256,0.2222
human,seqneut25to26_sera_4028,A/Bangkok/P2229/2025_H1N1,plate25-AAGCGACGCGCGACGG,0.003506,interpolated,0.003716,0.003716,interpolated,1.835,0.9494,0,0.97,0.06508
human,seqneut25to26_sera_4028,A/Bangkok/P2229/2025_H1N1,plate25-GCTTGTTAGCCTGAAG,0.006748,interpolated,0.007033,0.007033,interpolated,8.239,0.8557,0,0.8544,0.1493
human,seqneut25to26_sera_4028,A/Bangkok/1803/2025_H1N1,plate25-TTTCCAGGGCTTCCCG,0.005014,interpolated,0.005175,0.005175,interpolated,2.358,0.9641,0,0.9397,0.09275
human,seqneut25to26_sera_4028,A/Bangkok/1803/2025_H1N1,plate25-GTCGTCCGTAAGTTCA,0.003963,interpolated,0.003963,0.003963,interpolated,1.607,1,0,0.9849,0.04659
human,seqneut25to26_sera_4028,A/Wisconsin/67/2022_H1N1,plate25-AAAGCTCTTTTCGTTC,0.004268,interpolated,0.004385,0.004385,interpolated,10,0.8818,0,0.8944,0.1319
human,seqneut25to26_sera_4028,A/Wisconsin/67/2022_H1N1,plate25-CTGAACTTGTCGATAT,0.005152,interpolated,0.005251,0.005251,interpolated,3.503,0.9679,0,0.9866,0.04678
human,seqneut25to26_sera_4028,A/Wisconsin/67/2022_H1N1,plate25-AGGAAAGAAACTGGAG,0.004117,interpolated,0.004207,0.004207,interpolated,2.121,0.9777,0,0.9815,0.05418
human,seqneut25to26_sera_4028,A/Denmark/3070/2025_H1N1,plate25-ATGAGCTAAACATGAT,0.006905,interpolated,0.00727,0.00727,interpolated,3.72,0.9129,0,0.9344,0.09336
human,seqneut25to26_sera_4028,A/Denmark/3070/2025_H1N1,plate25-TCTGTGCGAGCATCGG,0.005014,interpolated,0.00506,0.00506,interpolated,4.371,0.9802,0,0.9909,0.03872
human,seqneut25to26_sera_4028,A/Norway/9107/2025_H1N1,plate25-ACTTTCCTCCCATGCG,0.005517,interpolated,0.005562,0.005562,interpolated,2.517,0.9899,0,0.9923,0.03409
human,seqneut25to26_sera_4028,A/Norway/9107/2025_H1N1,plate25-TCTGTAGCTCCCTCAC,0.004238,interpolated,0.004289,0.004289,interpolated,3.555,0.9788,0,0.9857,0.0477
human,seqneut25to26_sera_4028,A/SouthAfrica/PET37604/2025_H3N2,plate25-ATCAAGGACCCTGGGC,0.001018,interpolated,0.001303,0.001303,interpolated,2.375,0.7782,0,0.8838,0.1204
human,seqneut25to26_sera_4028,A/SouthAfrica/PET37604/2025_H3N2,plate25-CGACGCGCCGTCGCTG,0.001082,interpolated,0.001291,0.001291,interpolated,2.367,0.8292,0,0.9192,0.1054
human,seqneut25to26_sera_4028,A/England/174/2025_H3N2,plate25-CCTTATGAATTACGCG,0.0004992,interpolated,0.0004992,0.0004992,interpolated,1.051,1,0,0.9846,0.04056
human,seqneut25to26_sera_4028,A/SouthAustralia/2525607496/2025_H3N2,plate25-CAAATATAATGTCCTG,0.0009713,interpolated,0.001038,0.001038,interpolated,1.15,0.9631,0,0.9384,0.08947
human,seqneut25to26_sera_4028,A/SouthAustralia/2525607496/2025_H3N2,plate25-GTTGATTCGATCATAT,0.0009377,interpolated,0.001472,0.001472,interpolated,1.641,0.7385,0,0.8918,0.102
human,seqneut25to26_sera_4028,A/Philippines/SARI25-1425/2025_H1N1,plate25-CCGTGTGTTGTGCGCA,0.005975,interpolated,0.005975,0.005975,interpolated,2.873,1,0,0.9977,0.0186
human,seqneut25to26_sera_4028,A/Philippines/SARI25-1425/2025_H1N1,plate25-TGATGCCGTCAGCCTT,0.007464,interpolated,0.00783,0.00783,interpolated,3.196,0.9291,0,0.9573,0.07321
human,seqneut25to26_sera_4028,A/Indonesia/BIOKES-INAD491/2025_H3N2,plate25-CGGTAAGTTTCGAGGA,0.000875,interpolated,0.000875,0.000875,interpolated,1.339,1,0,0.9421,0.0956
human,seqneut25to26_sera_4028,A/Indonesia/BIOKES-INAD491/2025_H3N2,plate25-ACGATTTTTTCTACAT,0.0008315,interpolated,0.0008573,0.0008573,interpolated,1.81,0.9732,0,0.98,0.05478
human,seqneut25to26_sera_4028,A/Guangdong-Maonan/11438/2025_H3N2,plate25-TTTATTACTCTTATGG,0.001056,interpolated,0.001056,0.001056,interpolated,1.702,1,0,0.9884,0.04481
human,seqneut25to26_sera_4028,A/Guangdong-Maonan/11438/2025_H3N2,plate25-AAGACGAAGCGTTTGC,0.001053,interpolated,0.001232,0.001232,interpolated,3.03,0.8109,0,0.969,0.06276
human,seqneut25to26_sera_4028,A/Michigan/110/2025_H3N2,plate25-GCTCCTGGTCATATAT,0.0008663,interpolated,0.0008663,0.0008663,interpolated,1.164,1,0,0.9647,0.06991
human,seqneut25to26_sera_4028,A/Michigan/110/2025_H3N2,plate25-GACTTCTTCCGCTCTT,0.0008332,interpolated,0.0008332,0.0008332,interpolated,1.333,1,0,0.9647,0.07261
human,seqneut25to26_sera_4028,A/DistrictOfColumbia/27/2023_H3N2,plate25-GAATAATAGAACAGAG,0.001245,interpolated,0.001459,0.001459,interpolated,1.411,0.8997,0,0.9644,0.06638
human,seqneut25to26_sera_4028,A/DistrictOfColumbia/27/2023_H3N2,plate25-AAGAAGCTATAGAAGT,0.0008631,interpolated,0.0008631,0.0008631,interpolated,1.137,1,0,0.9745,0.05706
human,seqneut25to26_sera_4028,A/Victoria/4897/2022_IVR-238_H1N1,plate25-AAGTTAAGAGAAAGTT,0.0002202,interpolated,0.0002359,0.0002359,interpolated,3.33,0.8977,0,0.9999,0.003413
human,seqneut25to26_sera_4028,A/Victoria/4897/2022_IVR-238_H1N1,plate25-AATCCGAAATTTATTC,0.0001379,interpolated,0.0001379,0.0001379,interpolated,5.728,1,0,0.922,0.09064
human,seqneut25to26_sera_4028,A/Victoria/4897/2022_IVR-238_H1N1,plate25-AGAGCTAAAAAGAGGA,0.0002532,interpolated,0.0002925,0.0002925,interpolated,5.087,0.7404,0,0.9974,0.01523
human,seqneut25to26_sera_4028,A/Lao/820-2750/2025_H3N2,plate25-AGGAAGATCAAAAGCG,0.001336,interpolated,0.001336,0.001336,interpolated,1.151,1,0,0.9843,0.04638
human,seqneut25to26_sera_4028,A/Lao/820-2750/2025_H3N2,plate25-TTGAAACTCTTGTCCT,0.0007519,interpolated,0.0007519,0.0007519,interpolated,1.157,1,0,0.9773,0.05365
human,seqneut25to26_sera_4028,A/Massachusetts/18/2022_H3N2,plate25-CATTTCTGATGAATTG,0.002045,interpolated,0.00213,0.00213,interpolated,1.605,0.9682,0,0.997,0.02081
human,seqneut25to26_sera_4028,A/Massachusetts/18/2022_H3N2,plate25-CGATCTTTACGAAAAA,0.002068,interpolated,0.002289,0.002289,interpolated,1.693,0.9211,0,0.9799,0.0529
human,seqneut25to26_sera_4028,A/Guangdong-Meijiang/11256/2025_H3N2,plate25-CGTTGCATGTAGCAGG,0.001097,interpolated,0.00116,0.00116,interpolated,2.378,0.9379,0,0.9905,0.03966
human,seqneut25to26_sera_4028,A/Guangdong-Meijiang/11256/2025_H3N2,plate25-TCCCTTCTTCGCAACT,0.0008865,interpolated,0.001047,0.001047,interpolated,2.764,0.8156,0,0.8781,0.131
human,seqneut25to26_sera_4028,A/Malaysia/IMR/SARI/2028/2025_H3N2,plate25-GCCAGCCGAAAGCCGT,0.001036,interpolated,0.001036,0.001036,interpolated,2.052,1,0,0.9992,0.01168
human,seqneut25to26_sera_4028,A/Malaysia/IMR/SARI/2028/2025_H3N2,plate25-GCGGCGCCCGGTTGAT,0.0007045,interpolated,0.0007045,0.0007045,interpolated,1.281,1,0,0.9673,0.06649
human,seqneut25to26_sera_4028,A/SouthAfrica/PET37625/2025_H3N2,plate25-GTATTGAATGTCCGGC,0.0003479,interpolated,0.0003479,0.0003479,interpolated,0.8856,1,0,0.9263,0.081
human,seqneut25to26_sera_4028,A/SouthAfrica/PET37625/2025_H3N2,plate25-TTTGGTGAGGCCCAAT,0.0005889,interpolated,0.0006553,0.0006553,interpolated,2.673,0.8758,0,0.9362,0.09362
