serum,strain,plate_barcode,dilution_factor,frac_infectivity_raw,frac_infectivity_ceiling
seqneut25to26_sera_0032,A/Alagoas/4130/2025_H3N2,plate8-A/Alagoas/4130/2025_H3N2,40,0.1004,0.1004
seqneut25to26_sera_0032,A/Alagoas/4130/2025_H3N2,plate8-A/Alagoas/4130/2025_H3N2,92,0.2795,0.2795
seqneut25to26_sera_0032,A/Alagoas/4130/2025_H3N2,plate8-A/Alagoas/4130/2025_H3N2,212,0.4947,0.4947
seqneut25to26_sera_0032,A/Alagoas/4130/2025_H3N2,plate8-A/Alagoas/4130/2025_H3N2,487,0.4986,0.4986
seqneut25to26_sera_0032,A/Alagoas/4130/2025_H3N2,plate8-A/Alagoas/4130/2025_H3N2,1119,0.8896,0.8896
seqneut25to26_sera_0032,A/Alagoas/4130/2025_H3N2,plate8-A/Alagoas/4130/2025_H3N2,2575,0.8627,0.8627
seqneut25to26_sera_0032,A/Alagoas/4130/2025_H3N2,plate8-A/Alagoas/4130/2025_H3N2,5921,0.8049,0.8049
seqneut25to26_sera_0032,A/Alagoas/4130/2025_H3N2,plate8-A/Alagoas/4130/2025_H3N2,1.362e+04,0.8759,0.8759
seqneut25to26_sera_0032,A/Anapolis/LEIAL6543/2025_H3N2,plate8-A/Anapolis/LEIAL6543/2025_H3N2,40,0.1404,0.1404
seqneut25to26_sera_0032,A/Anapolis/LEIAL6543/2025_H3N2,plate8-A/Anapolis/LEIAL6543/2025_H3N2,92,0.3782,0.3782
seqneut25to26_sera_0032,A/Anapolis/LEIAL6543/2025_H3N2,plate8-A/Anapolis/LEIAL6543/2025_H3N2,212,0.5823,0.5823
seqneut25to26_sera_0032,A/Anapolis/LEIAL6543/2025_H3N2,plate8-A/Anapolis/LEIAL6543/2025_H3N2,487,0.6521,0.6521
seqneut25to26_sera_0032,A/Anapolis/LEIAL6543/2025_H3N2,plate8-A/Anapolis/LEIAL6543/2025_H3N2,1119,0.893,0.893
seqneut25to26_sera_0032,A/Anapolis/LEIAL6543/2025_H3N2,plate8-A/Anapolis/LEIAL6543/2025_H3N2,2575,0.6262,0.6262
seqneut25to26_sera_0032,A/Anapolis/LEIAL6543/2025_H3N2,plate8-A/Anapolis/LEIAL6543/2025_H3N2,5921,0.8138,0.8138
seqneut25to26_sera_0032,A/Anapolis/LEIAL6543/2025_H3N2,plate8-A/Anapolis/LEIAL6543/2025_H3N2,1.362e+04,1.122,1
seqneut25to26_sera_0032,A/Andalucia/PMC-00977/2025_H1N1,plate8-A/Andalucia/PMC-00977/2025_H1N1,40,0.2066,0.2066
seqneut25to26_sera_0032,A/Andalucia/PMC-00977/2025_H1N1,plate8-A/Andalucia/PMC-00977/2025_H1N1,92,0.6063,0.6063
seqneut25to26_sera_0032,A/Andalucia/PMC-00977/2025_H1N1,plate8-A/Andalucia/PMC-00977/2025_H1N1,212,0.9181,0.9181
seqneut25to26_sera_0032,A/Andalucia/PMC-00977/2025_H1N1,plate8-A/Andalucia/PMC-00977/2025_H1N1,487,0.9473,0.9473
seqneut25to26_sera_0032,A/Andalucia/PMC-00977/2025_H1N1,plate8-A/Andalucia/PMC-00977/2025_H1N1,1119,1.063,1
seqneut25to26_sera_0032,A/Andalucia/PMC-00977/2025_H1N1,plate8-A/Andalucia/PMC-00977/2025_H1N1,2575,1.159,1
seqneut25to26_sera_0032,A/Andalucia/PMC-00977/2025_H1N1,plate8-A/Andalucia/PMC-00977/2025_H1N1,5921,0.6869,0.6869
seqneut25to26_sera_0032,A/Andalucia/PMC-00977/2025_H1N1,plate8-A/Andalucia/PMC-00977/2025_H1N1,1.362e+04,1,1
seqneut25to26_sera_0032,A/Aragon/2046/2025_H1N1,plate8-A/Aragon/2046/2025_H1N1,40,0.1365,0.1365
seqneut25to26_sera_0032,A/Aragon/2046/2025_H1N1,plate8-A/Aragon/2046/2025_H1N1,92,0.5583,0.5583
seqneut25to26_sera_0032,A/Aragon/2046/2025_H1N1,plate8-A/Aragon/2046/2025_H1N1,212,0.7331,0.7331
seqneut25to26_sera_0032,A/Aragon/2046/2025_H1N1,plate8-A/Aragon/2046/2025_H1N1,487,0.7867,0.7867
seqneut25to26_sera_0032,A/Aragon/2046/2025_H1N1,plate8-A/Aragon/2046/2025_H1N1,1119,1.172,1
seqneut25to26_sera_0032,A/Aragon/2046/2025_H1N1,plate8-A/Aragon/2046/2025_H1N1,2575,0.9732,0.9732
seqneut25to26_sera_0032,A/Aragon/2046/2025_H1N1,plate8-A/Aragon/2046/2025_H1N1,5921,0.8324,0.8324
seqneut25to26_sera_0032,A/Aragon/2046/2025_H1N1,plate8-A/Aragon/2046/2025_H1N1,1.362e+04,1.116,1
seqneut25to26_sera_0032,A/Arica/59150/2025_H3N2,plate8-A/Arica/59150/2025_H3N2,40,0.1264,0.1264
seqneut25to26_sera_0032,A/Arica/59150/2025_H3N2,plate8-A/Arica/59150/2025_H3N2,92,0.3051,0.3051
seqneut25to26_sera_0032,A/Arica/59150/2025_H3N2,plate8-A/Arica/59150/2025_H3N2,212,0.5335,0.5335
seqneut25to26_sera_0032,A/Arica/59150/2025_H3N2,plate8-A/Arica/59150/2025_H3N2,487,0.6687,0.6687
seqneut25to26_sera_0032,A/Arica/59150/2025_H3N2,plate8-A/Arica/59150/2025_H3N2,1119,1.081,1
seqneut25to26_sera_0032,A/Arica/59150/2025_H3N2,plate8-A/Arica/59150/2025_H3N2,2575,0.9271,0.9271
seqneut25to26_sera_0032,A/Arica/59150/2025_H3N2,plate8-A/Arica/59150/2025_H3N2,5921,0.8384,0.8384
seqneut25to26_sera_0032,A/Arica/59150/2025_H3N2,plate8-A/Arica/59150/2025_H3N2,1.362e+04,0.97,0.97
seqneut25to26_sera_0032,A/Bahia/3102/2025_H3N2,plate8-A/Bahia/3102/2025_H3N2,40,0.08544,0.08544
seqneut25to26_sera_0032,A/Bahia/3102/2025_H3N2,plate8-A/Bahia/3102/2025_H3N2,92,0.3347,0.3347
seqneut25to26_sera_0032,A/Bahia/3102/2025_H3N2,plate8-A/Bahia/3102/2025_H3N2,212,0.6374,0.6374
seqneut25to26_sera_0032,A/Bahia/3102/2025_H3N2,plate8-A/Bahia/3102/2025_H3N2,487,0.5261,0.5261
seqneut25to26_sera_0032,A/Bahia/3102/2025_H3N2,plate8-A/Bahia/3102/2025_H3N2,1119,0.8986,0.8986
seqneut25to26_sera_0032,A/Bahia/3102/2025_H3N2,plate8-A/Bahia/3102/2025_H3N2,2575,0.8469,0.8469
seqneut25to26_sera_0032,A/Bahia/3102/2025_H3N2,plate8-A/Bahia/3102/2025_H3N2,5921,0.7132,0.7132
seqneut25to26_sera_0032,A/Bahia/3102/2025_H3N2,plate8-A/Bahia/3102/2025_H3N2,1.362e+04,0.9428,0.9428
seqneut25to26_sera_0032,A/Bangkok/1803/2025_H1N1,plate8-A/Bangkok/1803/2025_H1N1,40,0.08192,0.08192
seqneut25to26_sera_0032,A/Bangkok/1803/2025_H1N1,plate8-A/Bangkok/1803/2025_H1N1,92,0.3295,0.3295
seqneut25to26_sera_0032,A/Bangkok/1803/2025_H1N1,plate8-A/Bangkok/1803/2025_H1N1,212,0.9903,0.9903
seqneut25to26_sera_0032,A/Bangkok/1803/2025_H1N1,plate8-A/Bangkok/1803/2025_H1N1,487,0.9457,0.9457
seqneut25to26_sera_0032,A/Bangkok/1803/2025_H1N1,plate8-A/Bangkok/1803/2025_H1N1,1119,1.079,1
seqneut25to26_sera_0032,A/Bangkok/1803/2025_H1N1,plate8-A/Bangkok/1803/2025_H1N1,2575,1.146,1
seqneut25to26_sera_0032,A/Bangkok/1803/2025_H1N1,plate8-A/Bangkok/1803/2025_H1N1,5921,1.051,1
seqneut25to26_sera_0032,A/Bangkok/1803/2025_H1N1,plate8-A/Bangkok/1803/2025_H1N1,1.362e+04,1.061,1
seqneut25to26_sera_0032,A/Bangkok/P2229/2025_H1N1,plate8-A/Bangkok/P2229/2025_H1N1,40,0.06816,0.06816
seqneut25to26_sera_0032,A/Bangkok/P2229/2025_H1N1,plate8-A/Bangkok/P2229/2025_H1N1,92,0.4513,0.4513
seqneut25to26_sera_0032,A/Bangkok/P2229/2025_H1N1,plate8-A/Bangkok/P2229/2025_H1N1,212,0.7274,0.7274
seqneut25to26_sera_0032,A/Bangkok/P2229/2025_H1N1,plate8-A/Bangkok/P2229/2025_H1N1,487,0.6868,0.6868
seqneut25to26_sera_0032,A/Bangkok/P2229/2025_H1N1,plate8-A/Bangkok/P2229/2025_H1N1,1119,1.132,1
seqneut25to26_sera_0032,A/Bangkok/P2229/2025_H1N1,plate8-A/Bangkok/P2229/2025_H1N1,2575,0.838,0.838
seqneut25to26_sera_0032,A/Bangkok/P2229/2025_H1N1,plate8-A/Bangkok/P2229/2025_H1N1,5921,0.8453,0.8453
seqneut25to26_sera_0032,A/Bangkok/P2229/2025_H1N1,plate8-A/Bangkok/P2229/2025_H1N1,1.362e+04,1.06,1
seqneut25to26_sera_0032,A/Bangkok/P2323/2025_H3N2,plate8-A/Bangkok/P2323/2025_H3N2,40,0.2116,0.2116
seqneut25to26_sera_0032,A/Bangkok/P2323/2025_H3N2,plate8-A/Bangkok/P2323/2025_H3N2,92,0.4634,0.4634
seqneut25to26_sera_0032,A/Bangkok/P2323/2025_H3N2,plate8-A/Bangkok/P2323/2025_H3N2,212,0.5571,0.5571
seqneut25to26_sera_0032,A/Bangkok/P2323/2025_H3N2,plate8-A/Bangkok/P2323/2025_H3N2,487,0.6724,0.6724
seqneut25to26_sera_0032,A/Bangkok/P2323/2025_H3N2,plate8-A/Bangkok/P2323/2025_H3N2,1119,0.924,0.924
seqneut25to26_sera_0032,A/Bangkok/P2323/2025_H3N2,plate8-A/Bangkok/P2323/2025_H3N2,2575,0.8122,0.8122
seqneut25to26_sera_0032,A/Bangkok/P2323/2025_H3N2,plate8-A/Bangkok/P2323/2025_H3N2,5921,0.7232,0.7232
seqneut25to26_sera_0032,A/Bangkok/P2323/2025_H3N2,plate8-A/Bangkok/P2323/2025_H3N2,1.362e+04,0.9882,0.9882
seqneut25to26_sera_0032,A/Bangkok/P2390/2025_H3N2,plate8-A/Bangkok/P2390/2025_H3N2,40,0.2996,0.2996
seqneut25to26_sera_0032,A/Bangkok/P2390/2025_H3N2,plate8-A/Bangkok/P2390/2025_H3N2,92,0.562,0.562
seqneut25to26_sera_0032,A/Bangkok/P2390/2025_H3N2,plate8-A/Bangkok/P2390/2025_H3N2,212,0.7423,0.7423
seqneut25to26_sera_0032,A/Bangkok/P2390/2025_H3N2,plate8-A/Bangkok/P2390/2025_H3N2,487,0.6832,0.6832
seqneut25to26_sera_0032,A/Bangkok/P2390/2025_H3N2,plate8-A/Bangkok/P2390/2025_H3N2,1119,0.8819,0.8819
seqneut25to26_sera_0032,A/Bangkok/P2390/2025_H3N2,plate8-A/Bangkok/P2390/2025_H3N2,2575,0.793,0.793
seqneut25to26_sera_0032,A/Bangkok/P2390/2025_H3N2,plate8-A/Bangkok/P2390/2025_H3N2,5921,0.7054,0.7054
seqneut25to26_sera_0032,A/Bangkok/P2390/2025_H3N2,plate8-A/Bangkok/P2390/2025_H3N2,1.362e+04,0.9621,0.9621
seqneut25to26_sera_0032,A/Bangkok/P2391/2025_H3N2,plate8-A/Bangkok/P2391/2025_H3N2,40,0.1704,0.1704
seqneut25to26_sera_0032,A/Bangkok/P2391/2025_H3N2,plate8-A/Bangkok/P2391/2025_H3N2,92,0.3912,0.3912
seqneut25to26_sera_0032,A/Bangkok/P2391/2025_H3N2,plate8-A/Bangkok/P2391/2025_H3N2,212,0.766,0.766
seqneut25to26_sera_0032,A/Bangkok/P2391/2025_H3N2,plate8-A/Bangkok/P2391/2025_H3N2,487,0.652,0.652
seqneut25to26_sera_0032,A/Bangkok/P2391/2025_H3N2,plate8-A/Bangkok/P2391/2025_H3N2,1119,0.8414,0.8414
seqneut25to26_sera_0032,A/Bangkok/P2391/2025_H3N2,plate8-A/Bangkok/P2391/2025_H3N2,2575,0.7077,0.7077
seqneut25to26_sera_0032,A/Bangkok/P2391/2025_H3N2,plate8-A/Bangkok/P2391/2025_H3N2,5921,0.663,0.663
seqneut25to26_sera_0032,A/Bangkok/P2391/2025_H3N2,plate8-A/Bangkok/P2391/2025_H3N2,1.362e+04,0.7862,0.7862
seqneut25to26_sera_0032,A/Bangkok/P2572/2025_H3N2,plate8-A/Bangkok/P2572/2025_H3N2,40,0.2298,0.2298
seqneut25to26_sera_0032,A/Bangkok/P2572/2025_H3N2,plate8-A/Bangkok/P2572/2025_H3N2,92,0.4059,0.4059
seqneut25to26_sera_0032,A/Bangkok/P2572/2025_H3N2,plate8-A/Bangkok/P2572/2025_H3N2,212,0.505,0.505
seqneut25to26_sera_0032,A/Bangkok/P2572/2025_H3N2,plate8-A/Bangkok/P2572/2025_H3N2,487,0.6465,0.6465
seqneut25to26_sera_0032,A/Bangkok/P2572/2025_H3N2,plate8-A/Bangkok/P2572/2025_H3N2,1119,0.9518,0.9518
seqneut25to26_sera_0032,A/Bangkok/P2572/2025_H3N2,plate8-A/Bangkok/P2572/2025_H3N2,2575,0.7338,0.7338
seqneut25to26_sera_0032,A/Bangkok/P2572/2025_H3N2,plate8-A/Bangkok/P2572/2025_H3N2,5921,0.7736,0.7736
seqneut25to26_sera_0032,A/Bangkok/P2572/2025_H3N2,plate8-A/Bangkok/P2572/2025_H3N2,1.362e+04,1.006,1
seqneut25to26_sera_0032,A/Bangkok/P2921/2025_H3N2,plate8-A/Bangkok/P2921/2025_H3N2,40,0.01058,0.01058
seqneut25to26_sera_0032,A/Bangkok/P2921/2025_H3N2,plate8-A/Bangkok/P2921/2025_H3N2,92,0.07444,0.07444
seqneut25to26_sera_0032,A/Bangkok/P2921/2025_H3N2,plate8-A/Bangkok/P2921/2025_H3N2,212,0.3558,0.3558
seqneut25to26_sera_0032,A/Bangkok/P2921/2025_H3N2,plate8-A/Bangkok/P2921/2025_H3N2,487,0.6051,0.6051
seqneut25to26_sera_0032,A/Bangkok/P2921/2025_H3N2,plate8-A/Bangkok/P2921/2025_H3N2,1119,0.7817,0.7817
seqneut25to26_sera_0032,A/Bangkok/P2921/2025_H3N2,plate8-A/Bangkok/P2921/2025_H3N2,2575,0.8917,0.8917
seqneut25to26_sera_0032,A/Bangkok/P2921/2025_H3N2,plate8-A/Bangkok/P2921/2025_H3N2,5921,0.7445,0.7445
seqneut25to26_sera_0032,A/Bangkok/P2921/2025_H3N2,plate8-A/Bangkok/P2921/2025_H3N2,1.362e+04,0.7728,0.7728
seqneut25to26_sera_0032,A/Bangkok/P3067/2025_H1N1,plate8-A/Bangkok/P3067/2025_H1N1,40,0.108,0.108
seqneut25to26_sera_0032,A/Bangkok/P3067/2025_H1N1,plate8-A/Bangkok/P3067/2025_H1N1,92,0.3723,0.3723
seqneut25to26_sera_0032,A/Bangkok/P3067/2025_H1N1,plate8-A/Bangkok/P3067/2025_H1N1,212,0.8597,0.8597
seqneut25to26_sera_0032,A/Bangkok/P3067/2025_H1N1,plate8-A/Bangkok/P3067/2025_H1N1,487,1.005,1
seqneut25to26_sera_0032,A/Bangkok/P3067/2025_H1N1,plate8-A/Bangkok/P3067/2025_H1N1,1119,0.9634,0.9634
seqneut25to26_sera_0032,A/Bangkok/P3067/2025_H1N1,plate8-A/Bangkok/P3067/2025_H1N1,2575,1.01,1
seqneut25to26_sera_0032,A/Bangkok/P3067/2025_H1N1,plate8-A/Bangkok/P3067/2025_H1N1,5921,1.006,1
seqneut25to26_sera_0032,A/Bangkok/P3067/2025_H1N1,plate8-A/Bangkok/P3067/2025_H1N1,1.362e+04,1.278,1
seqneut25to26_sera_0032,A/Bangkok/P3263/2025_H3N2,plate8-A/Bangkok/P3263/2025_H3N2,40,0.1373,0.1373
seqneut25to26_sera_0032,A/Bangkok/P3263/2025_H3N2,plate8-A/Bangkok/P3263/2025_H3N2,92,0.2993,0.2993
seqneut25to26_sera_0032,A/Bangkok/P3263/2025_H3N2,plate8-A/Bangkok/P3263/2025_H3N2,212,0.5642,0.5642
seqneut25to26_sera_0032,A/Bangkok/P3263/2025_H3N2,plate8-A/Bangkok/P3263/2025_H3N2,487,0.6454,0.6454
seqneut25to26_sera_0032,A/Bangkok/P3263/2025_H3N2,plate8-A/Bangkok/P3263/2025_H3N2,1119,1.12,1
seqneut25to26_sera_0032,A/Bangkok/P3263/2025_H3N2,plate8-A/Bangkok/P3263/2025_H3N2,2575,0.6884,0.6884
seqneut25to26_sera_0032,A/Bangkok/P3263/2025_H3N2,plate8-A/Bangkok/P3263/2025_H3N2,5921,0.7521,0.7521
seqneut25to26_sera_0032,A/Bangkok/P3263/2025_H3N2,plate8-A/Bangkok/P3263/2025_H3N2,1.362e+04,0.962,0.962
seqneut25to26_sera_0032,A/Belgium/H0097/2025_H3N2,plate8-A/Belgium/H0097/2025_H3N2,40,0.03018,0.03018
seqneut25to26_sera_0032,A/Belgium/H0097/2025_H3N2,plate8-A/Belgium/H0097/2025_H3N2,92,0.2984,0.2984
seqneut25to26_sera_0032,A/Belgium/H0097/2025_H3N2,plate8-A/Belgium/H0097/2025_H3N2,212,0.4791,0.4791
seqneut25to26_sera_0032,A/Belgium/H0097/2025_H3N2,plate8-A/Belgium/H0097/2025_H3N2,487,0.6272,0.6272
seqneut25to26_sera_0032,A/Belgium/H0097/2025_H3N2,plate8-A/Belgium/H0097/2025_H3N2,1119,0.8854,0.8854
seqneut25to26_sera_0032,A/Belgium/H0097/2025_H3N2,plate8-A/Belgium/H0097/2025_H3N2,2575,0.8034,0.8034
seqneut25to26_sera_0032,A/Belgium/H0097/2025_H3N2,plate8-A/Belgium/H0097/2025_H3N2,5921,0.6826,0.6826
seqneut25to26_sera_0032,A/Belgium/H0097/2025_H3N2,plate8-A/Belgium/H0097/2025_H3N2,1.362e+04,0.872,0.872
seqneut25to26_sera_0032,A/Bhutan/1267/2025_H3N2,plate8-A/Bhutan/1267/2025_H3N2,40,0.09435,0.09435
seqneut25to26_sera_0032,A/Bhutan/1267/2025_H3N2,plate8-A/Bhutan/1267/2025_H3N2,92,0.4989,0.4989
seqneut25to26_sera_0032,A/Bhutan/1267/2025_H3N2,plate8-A/Bhutan/1267/2025_H3N2,212,0.5458,0.5458
seqneut25to26_sera_0032,A/Bhutan/1267/2025_H3N2,plate8-A/Bhutan/1267/2025_H3N2,487,0.501,0.501
seqneut25to26_sera_0032,A/Bhutan/1267/2025_H3N2,plate8-A/Bhutan/1267/2025_H3N2,1119,0.8896,0.8896
seqneut25to26_sera_0032,A/Bhutan/1267/2025_H3N2,plate8-A/Bhutan/1267/2025_H3N2,2575,1.045,1
seqneut25to26_sera_0032,A/Bhutan/1267/2025_H3N2,plate8-A/Bhutan/1267/2025_H3N2,5921,0.7172,0.7172
seqneut25to26_sera_0032,A/Bhutan/1267/2025_H3N2,plate8-A/Bhutan/1267/2025_H3N2,1.362e+04,0.9135,0.9135
seqneut25to26_sera_0032,A/Bhutan/7/2025_H3N2,plate8-A/Bhutan/7/2025_H3N2,40,0.1705,0.1705
seqneut25to26_sera_0032,A/Bhutan/7/2025_H3N2,plate8-A/Bhutan/7/2025_H3N2,92,0.3506,0.3506
seqneut25to26_sera_0032,A/Bhutan/7/2025_H3N2,plate8-A/Bhutan/7/2025_H3N2,212,0.5775,0.5775
seqneut25to26_sera_0032,A/Bhutan/7/2025_H3N2,plate8-A/Bhutan/7/2025_H3N2,487,0.6383,0.6383
seqneut25to26_sera_0032,A/Bhutan/7/2025_H3N2,plate8-A/Bhutan/7/2025_H3N2,1119,0.7171,0.7171
seqneut25to26_sera_0032,A/Bhutan/7/2025_H3N2,plate8-A/Bhutan/7/2025_H3N2,2575,0.7192,0.7192
seqneut25to26_sera_0032,A/Bhutan/7/2025_H3N2,plate8-A/Bhutan/7/2025_H3N2,5921,1.027,1
seqneut25to26_sera_0032,A/Bhutan/7/2025_H3N2,plate8-A/Bhutan/7/2025_H3N2,1.362e+04,0.9134,0.9134
seqneut25to26_sera_0032,A/BritishColumbia/PHL-2473/2025_H1N1,plate8-A/BritishColumbia/PHL-2473/2025_H1N1,40,0.1132,0.1132
seqneut25to26_sera_0032,A/BritishColumbia/PHL-2473/2025_H1N1,plate8-A/BritishColumbia/PHL-2473/2025_H1N1,92,0.4233,0.4233
seqneut25to26_sera_0032,A/BritishColumbia/PHL-2473/2025_H1N1,plate8-A/BritishColumbia/PHL-2473/2025_H1N1,212,0.8011,0.8011
seqneut25to26_sera_0032,A/BritishColumbia/PHL-2473/2025_H1N1,plate8-A/BritishColumbia/PHL-2473/2025_H1N1,487,0.8856,0.8856
seqneut25to26_sera_0032,A/BritishColumbia/PHL-2473/2025_H1N1,plate8-A/BritishColumbia/PHL-2473/2025_H1N1,1119,1.056,1
seqneut25to26_sera_0032,A/BritishColumbia/PHL-2473/2025_H1N1,plate8-A/BritishColumbia/PHL-2473/2025_H1N1,2575,0.9041,0.9041
seqneut25to26_sera_0032,A/BritishColumbia/PHL-2473/2025_H1N1,plate8-A/BritishColumbia/PHL-2473/2025_H1N1,5921,0.6827,0.6827
seqneut25to26_sera_0032,A/BritishColumbia/PHL-2473/2025_H1N1,plate8-A/BritishColumbia/PHL-2473/2025_H1N1,1.362e+04,1.175,1
seqneut25to26_sera_0032,A/California/61/2025_H3N2,plate8-A/California/61/2025_H3N2,40,0.1346,0.1346
seqneut25to26_sera_0032,A/California/61/2025_H3N2,plate8-A/California/61/2025_H3N2,92,0.4241,0.4241
seqneut25to26_sera_0032,A/California/61/2025_H3N2,plate8-A/California/61/2025_H3N2,212,0.5112,0.5112
seqneut25to26_sera_0032,A/California/61/2025_H3N2,plate8-A/California/61/2025_H3N2,487,0.6793,0.6793
seqneut25to26_sera_0032,A/California/61/2025_H3N2,plate8-A/California/61/2025_H3N2,1119,0.9313,0.9313
seqneut25to26_sera_0032,A/California/61/2025_H3N2,plate8-A/California/61/2025_H3N2,2575,0.7428,0.7428
seqneut25to26_sera_0032,A/California/61/2025_H3N2,plate8-A/California/61/2025_H3N2,5921,0.731,0.731
seqneut25to26_sera_0032,A/California/61/2025_H3N2,plate8-A/California/61/2025_H3N2,1.362e+04,0.98,0.98
seqneut25to26_sera_0032,A/California/63/2025_H1N1,plate8-A/California/63/2025_H1N1,40,0.09736,0.09736
seqneut25to26_sera_0032,A/California/63/2025_H1N1,plate8-A/California/63/2025_H1N1,92,0.3799,0.3799
seqneut25to26_sera_0032,A/California/63/2025_H1N1,plate8-A/California/63/2025_H1N1,212,0.7846,0.7846
seqneut25to26_sera_0032,A/California/63/2025_H1N1,plate8-A/California/63/2025_H1N1,487,0.8409,0.8409
seqneut25to26_sera_0032,A/California/63/2025_H1N1,plate8-A/California/63/2025_H1N1,1119,1.558,1
seqneut25to26_sera_0032,A/California/63/2025_H1N1,plate8-A/California/63/2025_H1N1,2575,0.8167,0.8167
seqneut25to26_sera_0032,A/California/63/2025_H1N1,plate8-A/California/63/2025_H1N1,5921,0.741,0.741
seqneut25to26_sera_0032,A/California/63/2025_H1N1,plate8-A/California/63/2025_H1N1,1.362e+04,0.9451,0.9451
seqneut25to26_sera_0032,A/Canberra/465/2025_H1N1,plate8-A/Canberra/465/2025_H1N1,40,0.07465,0.07465
seqneut25to26_sera_0032,A/Canberra/465/2025_H1N1,plate8-A/Canberra/465/2025_H1N1,92,0.3117,0.3117
seqneut25to26_sera_0032,A/Canberra/465/2025_H1N1,plate8-A/Canberra/465/2025_H1N1,212,0.5927,0.5927
seqneut25to26_sera_0032,A/Canberra/465/2025_H1N1,plate8-A/Canberra/465/2025_H1N1,487,0.7631,0.7631
seqneut25to26_sera_0032,A/Canberra/465/2025_H1N1,plate8-A/Canberra/465/2025_H1N1,1119,1.004,1
seqneut25to26_sera_0032,A/Canberra/465/2025_H1N1,plate8-A/Canberra/465/2025_H1N1,2575,1.018,1
seqneut25to26_sera_0032,A/Canberra/465/2025_H1N1,plate8-A/Canberra/465/2025_H1N1,5921,0.8028,0.8028
seqneut25to26_sera_0032,A/Canberra/465/2025_H1N1,plate8-A/Canberra/465/2025_H1N1,1.362e+04,0.9766,0.9766
seqneut25to26_sera_0032,A/Canberra/530/2025_H1N1,plate8-A/Canberra/530/2025_H1N1,40,0.1455,0.1455
seqneut25to26_sera_0032,A/Canberra/530/2025_H1N1,plate8-A/Canberra/530/2025_H1N1,92,0.364,0.364
seqneut25to26_sera_0032,A/Canberra/530/2025_H1N1,plate8-A/Canberra/530/2025_H1N1,212,0.693,0.693
seqneut25to26_sera_0032,A/Canberra/530/2025_H1N1,plate8-A/Canberra/530/2025_H1N1,487,0.9181,0.9181
seqneut25to26_sera_0032,A/Canberra/530/2025_H1N1,plate8-A/Canberra/530/2025_H1N1,1119,1.095,1
seqneut25to26_sera_0032,A/Canberra/530/2025_H1N1,plate8-A/Canberra/530/2025_H1N1,2575,1.034,1
seqneut25to26_sera_0032,A/Canberra/530/2025_H1N1,plate8-A/Canberra/530/2025_H1N1,5921,0.7923,0.7923
seqneut25to26_sera_0032,A/Canberra/530/2025_H1N1,plate8-A/Canberra/530/2025_H1N1,1.362e+04,1.143,1
seqneut25to26_sera_0032,A/Catalonia/NSVH102689455/2025_H1N1,plate8-A/Catalonia/NSVH102689455/2025_H1N1,40,0.03986,0.03986
seqneut25to26_sera_0032,A/Catalonia/NSVH102689455/2025_H1N1,plate8-A/Catalonia/NSVH102689455/2025_H1N1,92,0.4082,0.4082
seqneut25to26_sera_0032,A/Catalonia/NSVH102689455/2025_H1N1,plate8-A/Catalonia/NSVH102689455/2025_H1N1,212,0.7915,0.7915
seqneut25to26_sera_0032,A/Catalonia/NSVH102689455/2025_H1N1,plate8-A/Catalonia/NSVH102689455/2025_H1N1,487,0.7604,0.7604
seqneut25to26_sera_0032,A/Catalonia/NSVH102689455/2025_H1N1,plate8-A/Catalonia/NSVH102689455/2025_H1N1,1119,1.018,1
seqneut25to26_sera_0032,A/Catalonia/NSVH102689455/2025_H1N1,plate8-A/Catalonia/NSVH102689455/2025_H1N1,2575,0.9713,0.9713
seqneut25to26_sera_0032,A/Catalonia/NSVH102689455/2025_H1N1,plate8-A/Catalonia/NSVH102689455/2025_H1N1,5921,0.9711,0.9711
seqneut25to26_sera_0032,A/Catalonia/NSVH102689455/2025_H1N1,plate8-A/Catalonia/NSVH102689455/2025_H1N1,1.362e+04,0.8862,0.8862
seqneut25to26_sera_0032,A/Colorado/105/2025_H1N1,plate8-A/Colorado/105/2025_H1N1,40,0.127,0.127
seqneut25to26_sera_0032,A/Colorado/105/2025_H1N1,plate8-A/Colorado/105/2025_H1N1,92,0.6624,0.6624
seqneut25to26_sera_0032,A/Colorado/105/2025_H1N1,plate8-A/Colorado/105/2025_H1N1,212,0.7783,0.7783
seqneut25to26_sera_0032,A/Colorado/105/2025_H1N1,plate8-A/Colorado/105/2025_H1N1,487,1.066,1
seqneut25to26_sera_0032,A/Colorado/105/2025_H1N1,plate8-A/Colorado/105/2025_H1N1,1119,1.206,1
seqneut25to26_sera_0032,A/Colorado/105/2025_H1N1,plate8-A/Colorado/105/2025_H1N1,2575,0.9082,0.9082
seqneut25to26_sera_0032,A/Colorado/105/2025_H1N1,plate8-A/Colorado/105/2025_H1N1,5921,0.6693,0.6693
seqneut25to26_sera_0032,A/Colorado/105/2025_H1N1,plate8-A/Colorado/105/2025_H1N1,1.362e+04,1.12,1
seqneut25to26_sera_0032,A/CoteDIvoire/2007/2025_H1N1,plate8-A/CoteDIvoire/2007/2025_H1N1,40,0.1046,0.1046
seqneut25to26_sera_0032,A/CoteDIvoire/2007/2025_H1N1,plate8-A/CoteDIvoire/2007/2025_H1N1,92,0.4096,0.4096
seqneut25to26_sera_0032,A/CoteDIvoire/2007/2025_H1N1,plate8-A/CoteDIvoire/2007/2025_H1N1,212,0.8596,0.8596
seqneut25to26_sera_0032,A/CoteDIvoire/2007/2025_H1N1,plate8-A/CoteDIvoire/2007/2025_H1N1,487,0.8891,0.8891
seqneut25to26_sera_0032,A/CoteDIvoire/2007/2025_H1N1,plate8-A/CoteDIvoire/2007/2025_H1N1,1119,1.115,1
seqneut25to26_sera_0032,A/CoteDIvoire/2007/2025_H1N1,plate8-A/CoteDIvoire/2007/2025_H1N1,2575,0.9421,0.9421
seqneut25to26_sera_0032,A/CoteDIvoire/2007/2025_H1N1,plate8-A/CoteDIvoire/2007/2025_H1N1,5921,0.7666,0.7666
seqneut25to26_sera_0032,A/CoteDIvoire/2007/2025_H1N1,plate8-A/CoteDIvoire/2007/2025_H1N1,1.362e+04,1.101,1
seqneut25to26_sera_0032,A/Croatia/10136RV/2023-egg_H3N2,plate8-A/Croatia/10136RV/2023-egg_H3N2,40,0.3346,0.3346
seqneut25to26_sera_0032,A/Croatia/10136RV/2023-egg_H3N2,plate8-A/Croatia/10136RV/2023-egg_H3N2,92,0.138,0.138
seqneut25to26_sera_0032,A/Croatia/10136RV/2023-egg_H3N2,plate8-A/Croatia/10136RV/2023-egg_H3N2,212,1.323,1
seqneut25to26_sera_0032,A/Croatia/10136RV/2023-egg_H3N2,plate8-A/Croatia/10136RV/2023-egg_H3N2,487,0.8585,0.8585
seqneut25to26_sera_0032,A/Croatia/10136RV/2023-egg_H3N2,plate8-A/Croatia/10136RV/2023-egg_H3N2,1119,0.5876,0.5876
seqneut25to26_sera_0032,A/Croatia/10136RV/2023-egg_H3N2,plate8-A/Croatia/10136RV/2023-egg_H3N2,2575,1.579,1
seqneut25to26_sera_0032,A/Croatia/10136RV/2023-egg_H3N2,plate8-A/Croatia/10136RV/2023-egg_H3N2,5921,0.6642,0.6642
seqneut25to26_sera_0032,A/Croatia/10136RV/2023-egg_H3N2,plate8-A/Croatia/10136RV/2023-egg_H3N2,1.362e+04,1.121,1
seqneut25to26_sera_0032,A/Darwin/1405/2025_H1N1,plate8-A/Darwin/1405/2025_H1N1,40,0.05766,0.05766
seqneut25to26_sera_0032,A/Darwin/1405/2025_H1N1,plate8-A/Darwin/1405/2025_H1N1,92,0.291,0.291
seqneut25to26_sera_0032,A/Darwin/1405/2025_H1N1,plate8-A/Darwin/1405/2025_H1N1,212,0.7304,0.7304
seqneut25to26_sera_0032,A/Darwin/1405/2025_H1N1,plate8-A/Darwin/1405/2025_H1N1,487,0.8361,0.8361
seqneut25to26_sera_0032,A/Darwin/1405/2025_H1N1,plate8-A/Darwin/1405/2025_H1N1,1119,1.146,1
seqneut25to26_sera_0032,A/Darwin/1405/2025_H1N1,plate8-A/Darwin/1405/2025_H1N1,2575,1.082,1
seqneut25to26_sera_0032,A/Darwin/1405/2025_H1N1,plate8-A/Darwin/1405/2025_H1N1,5921,0.7234,0.7234
seqneut25to26_sera_0032,A/Darwin/1405/2025_H1N1,plate8-A/Darwin/1405/2025_H1N1,1.362e+04,1.004,1
seqneut25to26_sera_0032,A/Darwin/1461/2025_H3N2,plate8-A/Darwin/1461/2025_H3N2,40,0.1853,0.1853
seqneut25to26_sera_0032,A/Darwin/1461/2025_H3N2,plate8-A/Darwin/1461/2025_H3N2,92,0.5051,0.5051
seqneut25to26_sera_0032,A/Darwin/1461/2025_H3N2,plate8-A/Darwin/1461/2025_H3N2,212,0.6611,0.6611
seqneut25to26_sera_0032,A/Darwin/1461/2025_H3N2,plate8-A/Darwin/1461/2025_H3N2,487,0.844,0.844
seqneut25to26_sera_0032,A/Darwin/1461/2025_H3N2,plate8-A/Darwin/1461/2025_H3N2,1119,0.841,0.841
seqneut25to26_sera_0032,A/Darwin/1461/2025_H3N2,plate8-A/Darwin/1461/2025_H3N2,2575,1.027,1
seqneut25to26_sera_0032,A/Darwin/1461/2025_H3N2,plate8-A/Darwin/1461/2025_H3N2,5921,0.8325,0.8325
seqneut25to26_sera_0032,A/Darwin/1461/2025_H3N2,plate8-A/Darwin/1461/2025_H3N2,1.362e+04,1.105,1
seqneut25to26_sera_0032,A/Denmark/3070/2025_H1N1,plate8-A/Denmark/3070/2025_H1N1,40,0.0969,0.0969
seqneut25to26_sera_0032,A/Denmark/3070/2025_H1N1,plate8-A/Denmark/3070/2025_H1N1,92,0.3751,0.3751
seqneut25to26_sera_0032,A/Denmark/3070/2025_H1N1,plate8-A/Denmark/3070/2025_H1N1,212,0.7663,0.7663
seqneut25to26_sera_0032,A/Denmark/3070/2025_H1N1,plate8-A/Denmark/3070/2025_H1N1,487,0.8036,0.8036
seqneut25to26_sera_0032,A/Denmark/3070/2025_H1N1,plate8-A/Denmark/3070/2025_H1N1,1119,1.291,1
seqneut25to26_sera_0032,A/Denmark/3070/2025_H1N1,plate8-A/Denmark/3070/2025_H1N1,2575,1.075,1
seqneut25to26_sera_0032,A/Denmark/3070/2025_H1N1,plate8-A/Denmark/3070/2025_H1N1,5921,0.7454,0.7454
seqneut25to26_sera_0032,A/Denmark/3070/2025_H1N1,plate8-A/Denmark/3070/2025_H1N1,1.362e+04,1.112,1
seqneut25to26_sera_0032,A/DistrictOfColumbia/27/2023_H3N2,plate8-A/DistrictOfColumbia/27/2023_H3N2,40,0.1594,0.1594
seqneut25to26_sera_0032,A/DistrictOfColumbia/27/2023_H3N2,plate8-A/DistrictOfColumbia/27/2023_H3N2,92,0.54,0.54
seqneut25to26_sera_0032,A/DistrictOfColumbia/27/2023_H3N2,plate8-A/DistrictOfColumbia/27/2023_H3N2,212,0.8027,0.8027
seqneut25to26_sera_0032,A/DistrictOfColumbia/27/2023_H3N2,plate8-A/DistrictOfColumbia/27/2023_H3N2,487,0.6216,0.6216
seqneut25to26_sera_0032,A/DistrictOfColumbia/27/2023_H3N2,plate8-A/DistrictOfColumbia/27/2023_H3N2,1119,0.6894,0.6894
seqneut25to26_sera_0032,A/DistrictOfColumbia/27/2023_H3N2,plate8-A/DistrictOfColumbia/27/2023_H3N2,2575,0.7723,0.7723
seqneut25to26_sera_0032,A/DistrictOfColumbia/27/2023_H3N2,plate8-A/DistrictOfColumbia/27/2023_H3N2,5921,0.5971,0.5971
seqneut25to26_sera_0032,A/DistrictOfColumbia/27/2023_H3N2,plate8-A/DistrictOfColumbia/27/2023_H3N2,1.362e+04,0.7446,0.7446
seqneut25to26_sera_0032,A/DistrictOfColumbia/57/2025_H3N2,plate8-A/DistrictOfColumbia/57/2025_H3N2,40,0.3214,0.3214
seqneut25to26_sera_0032,A/DistrictOfColumbia/57/2025_H3N2,plate8-A/DistrictOfColumbia/57/2025_H3N2,92,0.5524,0.5524
seqneut25to26_sera_0032,A/DistrictOfColumbia/57/2025_H3N2,plate8-A/DistrictOfColumbia/57/2025_H3N2,212,0.6041,0.6041
seqneut25to26_sera_0032,A/DistrictOfColumbia/57/2025_H3N2,plate8-A/DistrictOfColumbia/57/2025_H3N2,487,0.7347,0.7347
seqneut25to26_sera_0032,A/DistrictOfColumbia/57/2025_H3N2,plate8-A/DistrictOfColumbia/57/2025_H3N2,1119,0.7117,0.7117
seqneut25to26_sera_0032,A/DistrictOfColumbia/57/2025_H3N2,plate8-A/DistrictOfColumbia/57/2025_H3N2,2575,0.8829,0.8829
seqneut25to26_sera_0032,A/DistrictOfColumbia/57/2025_H3N2,plate8-A/DistrictOfColumbia/57/2025_H3N2,5921,0.6272,0.6272
seqneut25to26_sera_0032,A/DistrictOfColumbia/57/2025_H3N2,plate8-A/DistrictOfColumbia/57/2025_H3N2,1.362e+04,0.8263,0.8263
seqneut25to26_sera_0032,A/DistritoFederal/250106000728/2025_H3N2,plate8-A/DistritoFederal/250106000728/2025_H3N2,40,0.304,0.304
seqneut25to26_sera_0032,A/DistritoFederal/250106000728/2025_H3N2,plate8-A/DistritoFederal/250106000728/2025_H3N2,92,0.4341,0.4341
seqneut25to26_sera_0032,A/DistritoFederal/250106000728/2025_H3N2,plate8-A/DistritoFederal/250106000728/2025_H3N2,212,0.6558,0.6558
seqneut25to26_sera_0032,A/DistritoFederal/250106000728/2025_H3N2,plate8-A/DistritoFederal/250106000728/2025_H3N2,487,0.6362,0.6362
seqneut25to26_sera_0032,A/DistritoFederal/250106000728/2025_H3N2,plate8-A/DistritoFederal/250106000728/2025_H3N2,1119,0.7209,0.7209
seqneut25to26_sera_0032,A/DistritoFederal/250106000728/2025_H3N2,plate8-A/DistritoFederal/250106000728/2025_H3N2,2575,0.7054,0.7054
seqneut25to26_sera_0032,A/DistritoFederal/250106000728/2025_H3N2,plate8-A/DistritoFederal/250106000728/2025_H3N2,5921,0.634,0.634
seqneut25to26_sera_0032,A/DistritoFederal/250106000728/2025_H3N2,plate8-A/DistritoFederal/250106000728/2025_H3N2,1.362e+04,0.8852,0.8852
seqneut25to26_sera_0032,A/DistritoFederal/2578578201/2025_H3N2,plate8-A/DistritoFederal/2578578201/2025_H3N2,40,0.2457,0.2457
seqneut25to26_sera_0032,A/DistritoFederal/2578578201/2025_H3N2,plate8-A/DistritoFederal/2578578201/2025_H3N2,92,0.4142,0.4142
seqneut25to26_sera_0032,A/DistritoFederal/2578578201/2025_H3N2,plate8-A/DistritoFederal/2578578201/2025_H3N2,212,0.6979,0.6979
seqneut25to26_sera_0032,A/DistritoFederal/2578578201/2025_H3N2,plate8-A/DistritoFederal/2578578201/2025_H3N2,487,0.7017,0.7017
seqneut25to26_sera_0032,A/DistritoFederal/2578578201/2025_H3N2,plate8-A/DistritoFederal/2578578201/2025_H3N2,1119,0.896,0.896
seqneut25to26_sera_0032,A/DistritoFederal/2578578201/2025_H3N2,plate8-A/DistritoFederal/2578578201/2025_H3N2,2575,0.9493,0.9493
seqneut25to26_sera_0032,A/DistritoFederal/2578578201/2025_H3N2,plate8-A/DistritoFederal/2578578201/2025_H3N2,5921,0.6204,0.6204
seqneut25to26_sera_0032,A/DistritoFederal/2578578201/2025_H3N2,plate8-A/DistritoFederal/2578578201/2025_H3N2,1.362e+04,0.925,0.925
seqneut25to26_sera_0032,A/England/174/2025_H3N2,plate8-A/England/174/2025_H3N2,40,0.04807,0.04807
seqneut25to26_sera_0032,A/England/174/2025_H3N2,plate8-A/England/174/2025_H3N2,92,0.04261,0.04261
seqneut25to26_sera_0032,A/England/174/2025_H3N2,plate8-A/England/174/2025_H3N2,212,0.2159,0.2159
seqneut25to26_sera_0032,A/England/174/2025_H3N2,plate8-A/England/174/2025_H3N2,487,0.4114,0.4114
seqneut25to26_sera_0032,A/England/174/2025_H3N2,plate8-A/England/174/2025_H3N2,1119,0.7152,0.7152
seqneut25to26_sera_0032,A/England/174/2025_H3N2,plate8-A/England/174/2025_H3N2,2575,1.021,1
seqneut25to26_sera_0032,A/England/174/2025_H3N2,plate8-A/England/174/2025_H3N2,5921,0.6849,0.6849
seqneut25to26_sera_0032,A/England/174/2025_H3N2,plate8-A/England/174/2025_H3N2,1.362e+04,1.175,1
seqneut25to26_sera_0032,A/England/1822256/2025_H1N1,plate8-A/England/1822256/2025_H1N1,40,0.001674,0.001674
seqneut25to26_sera_0032,A/England/1822256/2025_H1N1,plate8-A/England/1822256/2025_H1N1,92,0.05146,0.05146
seqneut25to26_sera_0032,A/England/1822256/2025_H1N1,plate8-A/England/1822256/2025_H1N1,212,0.4322,0.4322
seqneut25to26_sera_0032,A/England/1822256/2025_H1N1,plate8-A/England/1822256/2025_H1N1,487,0.733,0.733
seqneut25to26_sera_0032,A/England/1822256/2025_H1N1,plate8-A/England/1822256/2025_H1N1,1119,1.051,1
seqneut25to26_sera_0032,A/England/1822256/2025_H1N1,plate8-A/England/1822256/2025_H1N1,2575,0.9734,0.9734
seqneut25to26_sera_0032,A/England/1822256/2025_H1N1,plate8-A/England/1822256/2025_H1N1,5921,0.8125,0.8125
seqneut25to26_sera_0032,A/England/1822256/2025_H1N1,plate8-A/England/1822256/2025_H1N1,1.362e+04,1.029,1
seqneut25to26_sera_0032,A/England/1837734/2025_H3N2,plate8-A/England/1837734/2025_H3N2,40,0.3535,0.3535
seqneut25to26_sera_0032,A/England/1837734/2025_H3N2,plate8-A/England/1837734/2025_H3N2,92,0.4002,0.4002
seqneut25to26_sera_0032,A/England/1837734/2025_H3N2,plate8-A/England/1837734/2025_H3N2,212,0.7977,0.7977
seqneut25to26_sera_0032,A/England/1837734/2025_H3N2,plate8-A/England/1837734/2025_H3N2,487,0.6699,0.6699
seqneut25to26_sera_0032,A/England/1837734/2025_H3N2,plate8-A/England/1837734/2025_H3N2,1119,0.862,0.862
seqneut25to26_sera_0032,A/England/1837734/2025_H3N2,plate8-A/England/1837734/2025_H3N2,2575,0.9304,0.9304
seqneut25to26_sera_0032,A/England/1837734/2025_H3N2,plate8-A/England/1837734/2025_H3N2,5921,0.7115,0.7115
seqneut25to26_sera_0032,A/England/1837734/2025_H3N2,plate8-A/England/1837734/2025_H3N2,1.362e+04,1.016,1
seqneut25to26_sera_0032,A/England/1837737/2025_H3N2,plate8-A/England/1837737/2025_H3N2,40,0.3053,0.3053
seqneut25to26_sera_0032,A/England/1837737/2025_H3N2,plate8-A/England/1837737/2025_H3N2,92,0.524,0.524
seqneut25to26_sera_0032,A/England/1837737/2025_H3N2,plate8-A/England/1837737/2025_H3N2,212,0.7263,0.7263
seqneut25to26_sera_0032,A/England/1837737/2025_H3N2,plate8-A/England/1837737/2025_H3N2,487,0.7131,0.7131
seqneut25to26_sera_0032,A/England/1837737/2025_H3N2,plate8-A/England/1837737/2025_H3N2,1119,0.826,0.826
seqneut25to26_sera_0032,A/England/1837737/2025_H3N2,plate8-A/England/1837737/2025_H3N2,2575,0.9117,0.9117
seqneut25to26_sera_0032,A/England/1837737/2025_H3N2,plate8-A/England/1837737/2025_H3N2,5921,0.7955,0.7955
seqneut25to26_sera_0032,A/England/1837737/2025_H3N2,plate8-A/England/1837737/2025_H3N2,1.362e+04,0.8043,0.8043
seqneut25to26_sera_0032,A/France/ARA-HCL025155099501/2025_H1N1,plate8-A/France/ARA-HCL025155099501/2025_H1N1,40,0.2002,0.2002
seqneut25to26_sera_0032,A/France/ARA-HCL025155099501/2025_H1N1,plate8-A/France/ARA-HCL025155099501/2025_H1N1,92,0.4935,0.4935
seqneut25to26_sera_0032,A/France/ARA-HCL025155099501/2025_H1N1,plate8-A/France/ARA-HCL025155099501/2025_H1N1,212,0.8606,0.8606
seqneut25to26_sera_0032,A/France/ARA-HCL025155099501/2025_H1N1,plate8-A/France/ARA-HCL025155099501/2025_H1N1,487,0.8381,0.8381
seqneut25to26_sera_0032,A/France/ARA-HCL025155099501/2025_H1N1,plate8-A/France/ARA-HCL025155099501/2025_H1N1,1119,1.011,1
seqneut25to26_sera_0032,A/France/ARA-HCL025155099501/2025_H1N1,plate8-A/France/ARA-HCL025155099501/2025_H1N1,2575,0.8946,0.8946
seqneut25to26_sera_0032,A/France/ARA-HCL025155099501/2025_H1N1,plate8-A/France/ARA-HCL025155099501/2025_H1N1,5921,0.6803,0.6803
seqneut25to26_sera_0032,A/France/ARA-HCL025155099501/2025_H1N1,plate8-A/France/ARA-HCL025155099501/2025_H1N1,1.362e+04,0.9855,0.9855
seqneut25to26_sera_0032,A/Galicia/GA-CHUAC-451/2025_H3N2,plate8-A/Galicia/GA-CHUAC-451/2025_H3N2,40,0.0093,0.0093
seqneut25to26_sera_0032,A/Galicia/GA-CHUAC-451/2025_H3N2,plate8-A/Galicia/GA-CHUAC-451/2025_H3N2,92,0.09021,0.09021
seqneut25to26_sera_0032,A/Galicia/GA-CHUAC-451/2025_H3N2,plate8-A/Galicia/GA-CHUAC-451/2025_H3N2,212,0.3595,0.3595
seqneut25to26_sera_0032,A/Galicia/GA-CHUAC-451/2025_H3N2,plate8-A/Galicia/GA-CHUAC-451/2025_H3N2,487,0.6169,0.6169
seqneut25to26_sera_0032,A/Galicia/GA-CHUAC-451/2025_H3N2,plate8-A/Galicia/GA-CHUAC-451/2025_H3N2,1119,0.6972,0.6972
seqneut25to26_sera_0032,A/Galicia/GA-CHUAC-451/2025_H3N2,plate8-A/Galicia/GA-CHUAC-451/2025_H3N2,2575,0.7675,0.7675
seqneut25to26_sera_0032,A/Galicia/GA-CHUAC-451/2025_H3N2,plate8-A/Galicia/GA-CHUAC-451/2025_H3N2,5921,0.6198,0.6198
seqneut25to26_sera_0032,A/Galicia/GA-CHUAC-451/2025_H3N2,plate8-A/Galicia/GA-CHUAC-451/2025_H3N2,1.362e+04,0.9689,0.9689
seqneut25to26_sera_0032,A/Ghana/ARI-25-1125/2025_H1N1,plate8-A/Ghana/ARI-25-1125/2025_H1N1,40,0.00071,0.00071
seqneut25to26_sera_0032,A/Ghana/ARI-25-1125/2025_H1N1,plate8-A/Ghana/ARI-25-1125/2025_H1N1,92,0.05372,0.05372
seqneut25to26_sera_0032,A/Ghana/ARI-25-1125/2025_H1N1,plate8-A/Ghana/ARI-25-1125/2025_H1N1,212,0.4465,0.4465
seqneut25to26_sera_0032,A/Ghana/ARI-25-1125/2025_H1N1,plate8-A/Ghana/ARI-25-1125/2025_H1N1,487,0.8092,0.8092
seqneut25to26_sera_0032,A/Ghana/ARI-25-1125/2025_H1N1,plate8-A/Ghana/ARI-25-1125/2025_H1N1,1119,1.061,1
seqneut25to26_sera_0032,A/Ghana/ARI-25-1125/2025_H1N1,plate8-A/Ghana/ARI-25-1125/2025_H1N1,2575,0.9288,0.9288
seqneut25to26_sera_0032,A/Ghana/ARI-25-1125/2025_H1N1,plate8-A/Ghana/ARI-25-1125/2025_H1N1,5921,0.8424,0.8424
seqneut25to26_sera_0032,A/Ghana/ARI-25-1125/2025_H1N1,plate8-A/Ghana/ARI-25-1125/2025_H1N1,1.362e+04,1.109,1
seqneut25to26_sera_0032,A/Ghana/FS-25-7077/2025_H3N2,plate8-A/Ghana/FS-25-7077/2025_H3N2,40,0.2369,0.2369
seqneut25to26_sera_0032,A/Ghana/FS-25-7077/2025_H3N2,plate8-A/Ghana/FS-25-7077/2025_H3N2,92,0.5087,0.5087
seqneut25to26_sera_0032,A/Ghana/FS-25-7077/2025_H3N2,plate8-A/Ghana/FS-25-7077/2025_H3N2,212,0.6374,0.6374
seqneut25to26_sera_0032,A/Ghana/FS-25-7077/2025_H3N2,plate8-A/Ghana/FS-25-7077/2025_H3N2,487,0.829,0.829
seqneut25to26_sera_0032,A/Ghana/FS-25-7077/2025_H3N2,plate8-A/Ghana/FS-25-7077/2025_H3N2,1119,1.018,1
seqneut25to26_sera_0032,A/Ghana/FS-25-7077/2025_H3N2,plate8-A/Ghana/FS-25-7077/2025_H3N2,2575,0.8214,0.8214
seqneut25to26_sera_0032,A/Ghana/FS-25-7077/2025_H3N2,plate8-A/Ghana/FS-25-7077/2025_H3N2,5921,0.7108,0.7108
seqneut25to26_sera_0032,A/Ghana/FS-25-7077/2025_H3N2,plate8-A/Ghana/FS-25-7077/2025_H3N2,1.362e+04,0.8616,0.8616
seqneut25to26_sera_0032,A/Guangdong-Maonan/11438/2025_H3N2,plate8-A/Guangdong-Maonan/11438/2025_H3N2,40,0.04353,0.04353
seqneut25to26_sera_0032,A/Guangdong-Maonan/11438/2025_H3N2,plate8-A/Guangdong-Maonan/11438/2025_H3N2,92,0.04209,0.04209
seqneut25to26_sera_0032,A/Guangdong-Maonan/11438/2025_H3N2,plate8-A/Guangdong-Maonan/11438/2025_H3N2,212,0.2347,0.2347
seqneut25to26_sera_0032,A/Guangdong-Maonan/11438/2025_H3N2,plate8-A/Guangdong-Maonan/11438/2025_H3N2,487,0.3936,0.3936
seqneut25to26_sera_0032,A/Guangdong-Maonan/11438/2025_H3N2,plate8-A/Guangdong-Maonan/11438/2025_H3N2,1119,0.7446,0.7446
seqneut25to26_sera_0032,A/Guangdong-Maonan/11438/2025_H3N2,plate8-A/Guangdong-Maonan/11438/2025_H3N2,2575,0.9982,0.9982
seqneut25to26_sera_0032,A/Guangdong-Maonan/11438/2025_H3N2,plate8-A/Guangdong-Maonan/11438/2025_H3N2,5921,0.5065,0.5065
seqneut25to26_sera_0032,A/Guangdong-Maonan/11438/2025_H3N2,plate8-A/Guangdong-Maonan/11438/2025_H3N2,1.362e+04,1.065,1
seqneut25to26_sera_0032,A/Guangdong-Meijiang/11256/2025_H3N2,plate8-A/Guangdong-Meijiang/11256/2025_H3N2,40,0.002879,0.002879
seqneut25to26_sera_0032,A/Guangdong-Meijiang/11256/2025_H3N2,plate8-A/Guangdong-Meijiang/11256/2025_H3N2,92,0.06163,0.06163
seqneut25to26_sera_0032,A/Guangdong-Meijiang/11256/2025_H3N2,plate8-A/Guangdong-Meijiang/11256/2025_H3N2,212,0.1686,0.1686
seqneut25to26_sera_0032,A/Guangdong-Meijiang/11256/2025_H3N2,plate8-A/Guangdong-Meijiang/11256/2025_H3N2,487,0.4804,0.4804
seqneut25to26_sera_0032,A/Guangdong-Meijiang/11256/2025_H3N2,plate8-A/Guangdong-Meijiang/11256/2025_H3N2,1119,0.7836,0.7836
seqneut25to26_sera_0032,A/Guangdong-Meijiang/11256/2025_H3N2,plate8-A/Guangdong-Meijiang/11256/2025_H3N2,2575,0.743,0.743
seqneut25to26_sera_0032,A/Guangdong-Meijiang/11256/2025_H3N2,plate8-A/Guangdong-Meijiang/11256/2025_H3N2,5921,0.642,0.642
seqneut25to26_sera_0032,A/Guangdong-Meijiang/11256/2025_H3N2,plate8-A/Guangdong-Meijiang/11256/2025_H3N2,1.362e+04,1.17,1
seqneut25to26_sera_0032,A/Guangxi-Daxin/1643/2025_H3N2,plate8-A/Guangxi-Daxin/1643/2025_H3N2,40,0.04403,0.04403
seqneut25to26_sera_0032,A/Guangxi-Daxin/1643/2025_H3N2,plate8-A/Guangxi-Daxin/1643/2025_H3N2,92,0.1208,0.1208
seqneut25to26_sera_0032,A/Guangxi-Daxin/1643/2025_H3N2,plate8-A/Guangxi-Daxin/1643/2025_H3N2,212,0.3601,0.3601
seqneut25to26_sera_0032,A/Guangxi-Daxin/1643/2025_H3N2,plate8-A/Guangxi-Daxin/1643/2025_H3N2,487,0.4324,0.4324
seqneut25to26_sera_0032,A/Guangxi-Daxin/1643/2025_H3N2,plate8-A/Guangxi-Daxin/1643/2025_H3N2,1119,0.7444,0.7444
seqneut25to26_sera_0032,A/Guangxi-Daxin/1643/2025_H3N2,plate8-A/Guangxi-Daxin/1643/2025_H3N2,2575,0.8951,0.8951
seqneut25to26_sera_0032,A/Guangxi-Daxin/1643/2025_H3N2,plate8-A/Guangxi-Daxin/1643/2025_H3N2,5921,0.5021,0.5021
seqneut25to26_sera_0032,A/Guangxi-Daxin/1643/2025_H3N2,plate8-A/Guangxi-Daxin/1643/2025_H3N2,1.362e+04,0.9486,0.9486
seqneut25to26_sera_0032,A/Guangxi-Qingxiu/SWL11742/2025_H1N1,plate8-A/Guangxi-Qingxiu/SWL11742/2025_H1N1,40,0.05218,0.05218
seqneut25to26_sera_0032,A/Guangxi-Qingxiu/SWL11742/2025_H1N1,plate8-A/Guangxi-Qingxiu/SWL11742/2025_H1N1,92,0.3063,0.3063
seqneut25to26_sera_0032,A/Guangxi-Qingxiu/SWL11742/2025_H1N1,plate8-A/Guangxi-Qingxiu/SWL11742/2025_H1N1,212,0.5799,0.5799
seqneut25to26_sera_0032,A/Guangxi-Qingxiu/SWL11742/2025_H1N1,plate8-A/Guangxi-Qingxiu/SWL11742/2025_H1N1,487,0.8084,0.8084
seqneut25to26_sera_0032,A/Guangxi-Qingxiu/SWL11742/2025_H1N1,plate8-A/Guangxi-Qingxiu/SWL11742/2025_H1N1,1119,1.109,1
seqneut25to26_sera_0032,A/Guangxi-Qingxiu/SWL11742/2025_H1N1,plate8-A/Guangxi-Qingxiu/SWL11742/2025_H1N1,2575,1.019,1
seqneut25to26_sera_0032,A/Guangxi-Qingxiu/SWL11742/2025_H1N1,plate8-A/Guangxi-Qingxiu/SWL11742/2025_H1N1,5921,0.7969,0.7969
seqneut25to26_sera_0032,A/Guangxi-Qingxiu/SWL11742/2025_H1N1,plate8-A/Guangxi-Qingxiu/SWL11742/2025_H1N1,1.362e+04,0.924,0.924
seqneut25to26_sera_0032,A/Hawaii/44/2025_H1N1,plate8-A/Hawaii/44/2025_H1N1,40,0.06799,0.06799
seqneut25to26_sera_0032,A/Hawaii/44/2025_H1N1,plate8-A/Hawaii/44/2025_H1N1,92,0.384,0.384
seqneut25to26_sera_0032,A/Hawaii/44/2025_H1N1,plate8-A/Hawaii/44/2025_H1N1,212,0.7089,0.7089
seqneut25to26_sera_0032,A/Hawaii/44/2025_H1N1,plate8-A/Hawaii/44/2025_H1N1,487,0.9036,0.9036
seqneut25to26_sera_0032,A/Hawaii/44/2025_H1N1,plate8-A/Hawaii/44/2025_H1N1,1119,0.9337,0.9337
seqneut25to26_sera_0032,A/Hawaii/44/2025_H1N1,plate8-A/Hawaii/44/2025_H1N1,2575,1.002,1
seqneut25to26_sera_0032,A/Hawaii/44/2025_H1N1,plate8-A/Hawaii/44/2025_H1N1,5921,0.8951,0.8951
seqneut25to26_sera_0032,A/Hawaii/44/2025_H1N1,plate8-A/Hawaii/44/2025_H1N1,1.362e+04,1.116,1
seqneut25to26_sera_0032,A/Hawaii/70/2019_H1N1,plate8-A/Hawaii/70/2019_H1N1,40,0.000273,0.000273
seqneut25to26_sera_0032,A/Hawaii/70/2019_H1N1,plate8-A/Hawaii/70/2019_H1N1,92,0.004116,0.004116
seqneut25to26_sera_0032,A/Hawaii/70/2019_H1N1,plate8-A/Hawaii/70/2019_H1N1,212,0.2043,0.2043
seqneut25to26_sera_0032,A/Hawaii/70/2019_H1N1,plate8-A/Hawaii/70/2019_H1N1,487,0.4095,0.4095
seqneut25to26_sera_0032,A/Hawaii/70/2019_H1N1,plate8-A/Hawaii/70/2019_H1N1,1119,0.7762,0.7762
seqneut25to26_sera_0032,A/Hawaii/70/2019_H1N1,plate8-A/Hawaii/70/2019_H1N1,2575,0.9066,0.9066
seqneut25to26_sera_0032,A/Hawaii/70/2019_H1N1,plate8-A/Hawaii/70/2019_H1N1,5921,0.7673,0.7673
seqneut25to26_sera_0032,A/Hawaii/70/2019_H1N1,plate8-A/Hawaii/70/2019_H1N1,1.362e+04,0.8969,0.8969
seqneut25to26_sera_0032,A/HongKong/1257/2025_H3N2,plate8-A/HongKong/1257/2025_H3N2,40,0.1482,0.1482
seqneut25to26_sera_0032,A/HongKong/1257/2025_H3N2,plate8-A/HongKong/1257/2025_H3N2,92,0.4069,0.4069
seqneut25to26_sera_0032,A/HongKong/1257/2025_H3N2,plate8-A/HongKong/1257/2025_H3N2,212,0.6754,0.6754
seqneut25to26_sera_0032,A/HongKong/1257/2025_H3N2,plate8-A/HongKong/1257/2025_H3N2,487,0.5134,0.5134
seqneut25to26_sera_0032,A/HongKong/1257/2025_H3N2,plate8-A/HongKong/1257/2025_H3N2,1119,0.8685,0.8685
seqneut25to26_sera_0032,A/HongKong/1257/2025_H3N2,plate8-A/HongKong/1257/2025_H3N2,2575,0.6148,0.6148
seqneut25to26_sera_0032,A/HongKong/1257/2025_H3N2,plate8-A/HongKong/1257/2025_H3N2,5921,0.7122,0.7122
seqneut25to26_sera_0032,A/HongKong/1257/2025_H3N2,plate8-A/HongKong/1257/2025_H3N2,1.362e+04,1.467,1
seqneut25to26_sera_0032,A/HongKong/1382/2025_H3N2,plate8-A/HongKong/1382/2025_H3N2,40,0.1195,0.1195
seqneut25to26_sera_0032,A/HongKong/1382/2025_H3N2,plate8-A/HongKong/1382/2025_H3N2,92,0.2986,0.2986
seqneut25to26_sera_0032,A/HongKong/1382/2025_H3N2,plate8-A/HongKong/1382/2025_H3N2,212,0.5681,0.5681
seqneut25to26_sera_0032,A/HongKong/1382/2025_H3N2,plate8-A/HongKong/1382/2025_H3N2,487,0.6477,0.6477
seqneut25to26_sera_0032,A/HongKong/1382/2025_H3N2,plate8-A/HongKong/1382/2025_H3N2,1119,0.8384,0.8384
seqneut25to26_sera_0032,A/HongKong/1382/2025_H3N2,plate8-A/HongKong/1382/2025_H3N2,2575,0.8416,0.8416
seqneut25to26_sera_0032,A/HongKong/1382/2025_H3N2,plate8-A/HongKong/1382/2025_H3N2,5921,0.6526,0.6526
seqneut25to26_sera_0032,A/HongKong/1382/2025_H3N2,plate8-A/HongKong/1382/2025_H3N2,1.362e+04,0.9138,0.9138
seqneut25to26_sera_0032,A/Indonesia/BIOKES-I-BT074/2025_H3N2,plate8-A/Indonesia/BIOKES-I-BT074/2025_H3N2,40,0.001454,0.001454
seqneut25to26_sera_0032,A/Indonesia/BIOKES-I-BT074/2025_H3N2,plate8-A/Indonesia/BIOKES-I-BT074/2025_H3N2,92,0.2155,0.2155
seqneut25to26_sera_0032,A/Indonesia/BIOKES-I-BT074/2025_H3N2,plate8-A/Indonesia/BIOKES-I-BT074/2025_H3N2,212,0.4364,0.4364
seqneut25to26_sera_0032,A/Indonesia/BIOKES-I-BT074/2025_H3N2,plate8-A/Indonesia/BIOKES-I-BT074/2025_H3N2,487,0.6235,0.6235
seqneut25to26_sera_0032,A/Indonesia/BIOKES-I-BT074/2025_H3N2,plate8-A/Indonesia/BIOKES-I-BT074/2025_H3N2,1119,0.8959,0.8959
seqneut25to26_sera_0032,A/Indonesia/BIOKES-I-BT074/2025_H3N2,plate8-A/Indonesia/BIOKES-I-BT074/2025_H3N2,2575,0.7445,0.7445
seqneut25to26_sera_0032,A/Indonesia/BIOKES-I-BT074/2025_H3N2,plate8-A/Indonesia/BIOKES-I-BT074/2025_H3N2,5921,0.7896,0.7896
seqneut25to26_sera_0032,A/Indonesia/BIOKES-I-BT074/2025_H3N2,plate8-A/Indonesia/BIOKES-I-BT074/2025_H3N2,1.362e+04,1.187,1
seqneut25to26_sera_0032,A/Indonesia/BIOKES-INAD491/2025_H3N2,plate8-A/Indonesia/BIOKES-INAD491/2025_H3N2,40,0.03401,0.03401
seqneut25to26_sera_0032,A/Indonesia/BIOKES-INAD491/2025_H3N2,plate8-A/Indonesia/BIOKES-INAD491/2025_H3N2,92,0.08369,0.08369
seqneut25to26_sera_0032,A/Indonesia/BIOKES-INAD491/2025_H3N2,plate8-A/Indonesia/BIOKES-INAD491/2025_H3N2,212,0.3422,0.3422
seqneut25to26_sera_0032,A/Indonesia/BIOKES-INAD491/2025_H3N2,plate8-A/Indonesia/BIOKES-INAD491/2025_H3N2,487,0.6584,0.6584
seqneut25to26_sera_0032,A/Indonesia/BIOKES-INAD491/2025_H3N2,plate8-A/Indonesia/BIOKES-INAD491/2025_H3N2,1119,0.6291,0.6291
seqneut25to26_sera_0032,A/Indonesia/BIOKES-INAD491/2025_H3N2,plate8-A/Indonesia/BIOKES-INAD491/2025_H3N2,2575,0.8726,0.8726
seqneut25to26_sera_0032,A/Indonesia/BIOKES-INAD491/2025_H3N2,plate8-A/Indonesia/BIOKES-INAD491/2025_H3N2,5921,0.6254,0.6254
seqneut25to26_sera_0032,A/Indonesia/BIOKES-INAD491/2025_H3N2,plate8-A/Indonesia/BIOKES-INAD491/2025_H3N2,1.362e+04,0.9287,0.9287
seqneut25to26_sera_0032,A/Lao/820-2750/2025_H3N2,plate8-A/Lao/820-2750/2025_H3N2,40,0.1352,0.1352
seqneut25to26_sera_0032,A/Lao/820-2750/2025_H3N2,plate8-A/Lao/820-2750/2025_H3N2,92,0.447,0.447
seqneut25to26_sera_0032,A/Lao/820-2750/2025_H3N2,plate8-A/Lao/820-2750/2025_H3N2,212,0.6861,0.6861
seqneut25to26_sera_0032,A/Lao/820-2750/2025_H3N2,plate8-A/Lao/820-2750/2025_H3N2,487,0.7456,0.7456
seqneut25to26_sera_0032,A/Lao/820-2750/2025_H3N2,plate8-A/Lao/820-2750/2025_H3N2,1119,1.048,1
seqneut25to26_sera_0032,A/Lao/820-2750/2025_H3N2,plate8-A/Lao/820-2750/2025_H3N2,2575,0.699,0.699
seqneut25to26_sera_0032,A/Lao/820-2750/2025_H3N2,plate8-A/Lao/820-2750/2025_H3N2,5921,0.7037,0.7037
seqneut25to26_sera_0032,A/Lao/820-2750/2025_H3N2,plate8-A/Lao/820-2750/2025_H3N2,1.362e+04,0.969,0.969
seqneut25to26_sera_0032,A/Malaysia/IMR/SARI/2028/2025_H3N2,plate8-A/Malaysia/IMR/SARI/2028/2025_H3N2,40,0.01222,0.01222
seqneut25to26_sera_0032,A/Malaysia/IMR/SARI/2028/2025_H3N2,plate8-A/Malaysia/IMR/SARI/2028/2025_H3N2,92,0.06604,0.06604
seqneut25to26_sera_0032,A/Malaysia/IMR/SARI/2028/2025_H3N2,plate8-A/Malaysia/IMR/SARI/2028/2025_H3N2,212,0.2398,0.2398
seqneut25to26_sera_0032,A/Malaysia/IMR/SARI/2028/2025_H3N2,plate8-A/Malaysia/IMR/SARI/2028/2025_H3N2,487,0.4532,0.4532
seqneut25to26_sera_0032,A/Malaysia/IMR/SARI/2028/2025_H3N2,plate8-A/Malaysia/IMR/SARI/2028/2025_H3N2,1119,0.7836,0.7836
seqneut25to26_sera_0032,A/Malaysia/IMR/SARI/2028/2025_H3N2,plate8-A/Malaysia/IMR/SARI/2028/2025_H3N2,2575,0.7926,0.7926
seqneut25to26_sera_0032,A/Malaysia/IMR/SARI/2028/2025_H3N2,plate8-A/Malaysia/IMR/SARI/2028/2025_H3N2,5921,0.6579,0.6579
seqneut25to26_sera_0032,A/Malaysia/IMR/SARI/2028/2025_H3N2,plate8-A/Malaysia/IMR/SARI/2028/2025_H3N2,1.362e+04,0.9862,0.9862
seqneut25to26_sera_0032,A/Malaysia/IMR/SARI/2406/2025_H3N2,plate8-A/Malaysia/IMR/SARI/2406/2025_H3N2,40,0.2391,0.2391
seqneut25to26_sera_0032,A/Malaysia/IMR/SARI/2406/2025_H3N2,plate8-A/Malaysia/IMR/SARI/2406/2025_H3N2,92,0.6845,0.6845
seqneut25to26_sera_0032,A/Malaysia/IMR/SARI/2406/2025_H3N2,plate8-A/Malaysia/IMR/SARI/2406/2025_H3N2,212,0.7764,0.7764
seqneut25to26_sera_0032,A/Malaysia/IMR/SARI/2406/2025_H3N2,plate8-A/Malaysia/IMR/SARI/2406/2025_H3N2,487,0.8713,0.8713
seqneut25to26_sera_0032,A/Malaysia/IMR/SARI/2406/2025_H3N2,plate8-A/Malaysia/IMR/SARI/2406/2025_H3N2,1119,1.039,1
seqneut25to26_sera_0032,A/Malaysia/IMR/SARI/2406/2025_H3N2,plate8-A/Malaysia/IMR/SARI/2406/2025_H3N2,2575,0.9194,0.9194
seqneut25to26_sera_0032,A/Malaysia/IMR/SARI/2406/2025_H3N2,plate8-A/Malaysia/IMR/SARI/2406/2025_H3N2,5921,0.769,0.769
seqneut25to26_sera_0032,A/Malaysia/IMR/SARI/2406/2025_H3N2,plate8-A/Malaysia/IMR/SARI/2406/2025_H3N2,1.362e+04,1.042,1
seqneut25to26_sera_0032,A/Malaysia/IMR/SARI/2517/2025_H3N2,plate8-A/Malaysia/IMR/SARI/2517/2025_H3N2,40,0.3196,0.3196
seqneut25to26_sera_0032,A/Malaysia/IMR/SARI/2517/2025_H3N2,plate8-A/Malaysia/IMR/SARI/2517/2025_H3N2,92,0.6109,0.6109
seqneut25to26_sera_0032,A/Malaysia/IMR/SARI/2517/2025_H3N2,plate8-A/Malaysia/IMR/SARI/2517/2025_H3N2,212,0.6375,0.6375
seqneut25to26_sera_0032,A/Malaysia/IMR/SARI/2517/2025_H3N2,plate8-A/Malaysia/IMR/SARI/2517/2025_H3N2,487,0.5591,0.5591
seqneut25to26_sera_0032,A/Malaysia/IMR/SARI/2517/2025_H3N2,plate8-A/Malaysia/IMR/SARI/2517/2025_H3N2,1119,0.892,0.892
seqneut25to26_sera_0032,A/Malaysia/IMR/SARI/2517/2025_H3N2,plate8-A/Malaysia/IMR/SARI/2517/2025_H3N2,2575,0.9043,0.9043
seqneut25to26_sera_0032,A/Malaysia/IMR/SARI/2517/2025_H3N2,plate8-A/Malaysia/IMR/SARI/2517/2025_H3N2,5921,0.8215,0.8215
seqneut25to26_sera_0032,A/Malaysia/IMR/SARI/2517/2025_H3N2,plate8-A/Malaysia/IMR/SARI/2517/2025_H3N2,1.362e+04,0.9529,0.9529
seqneut25to26_sera_0032,A/Massachusetts/18/2022_H3N2,plate8-A/Massachusetts/18/2022_H3N2,40,0.02838,0.02838
seqneut25to26_sera_0032,A/Massachusetts/18/2022_H3N2,plate8-A/Massachusetts/18/2022_H3N2,92,0.1224,0.1224
seqneut25to26_sera_0032,A/Massachusetts/18/2022_H3N2,plate8-A/Massachusetts/18/2022_H3N2,212,0.2376,0.2376
seqneut25to26_sera_0032,A/Massachusetts/18/2022_H3N2,plate8-A/Massachusetts/18/2022_H3N2,487,0.3844,0.3844
seqneut25to26_sera_0032,A/Massachusetts/18/2022_H3N2,plate8-A/Massachusetts/18/2022_H3N2,1119,0.6557,0.6557
seqneut25to26_sera_0032,A/Massachusetts/18/2022_H3N2,plate8-A/Massachusetts/18/2022_H3N2,2575,0.7043,0.7043
seqneut25to26_sera_0032,A/Massachusetts/18/2022_H3N2,plate8-A/Massachusetts/18/2022_H3N2,5921,0.5928,0.5928
seqneut25to26_sera_0032,A/Massachusetts/18/2022_H3N2,plate8-A/Massachusetts/18/2022_H3N2,1.362e+04,0.8946,0.8946
seqneut25to26_sera_0032,A/Michigan/110/2025_H3N2,plate8-A/Michigan/110/2025_H3N2,40,0.1818,0.1818
seqneut25to26_sera_0032,A/Michigan/110/2025_H3N2,plate8-A/Michigan/110/2025_H3N2,92,0.4178,0.4178
seqneut25to26_sera_0032,A/Michigan/110/2025_H3N2,plate8-A/Michigan/110/2025_H3N2,212,0.7428,0.7428
seqneut25to26_sera_0032,A/Michigan/110/2025_H3N2,plate8-A/Michigan/110/2025_H3N2,487,0.6183,0.6183
seqneut25to26_sera_0032,A/Michigan/110/2025_H3N2,plate8-A/Michigan/110/2025_H3N2,1119,0.757,0.757
seqneut25to26_sera_0032,A/Michigan/110/2025_H3N2,plate8-A/Michigan/110/2025_H3N2,2575,0.9707,0.9707
seqneut25to26_sera_0032,A/Michigan/110/2025_H3N2,plate8-A/Michigan/110/2025_H3N2,5921,0.8941,0.8941
seqneut25to26_sera_0032,A/Michigan/110/2025_H3N2,plate8-A/Michigan/110/2025_H3N2,1.362e+04,1.11,1
seqneut25to26_sera_0032,A/Minnesota/96/2025_H3N2,plate8-A/Minnesota/96/2025_H3N2,40,0.1725,0.1725
seqneut25to26_sera_0032,A/Minnesota/96/2025_H3N2,plate8-A/Minnesota/96/2025_H3N2,92,0.2423,0.2423
seqneut25to26_sera_0032,A/Minnesota/96/2025_H3N2,plate8-A/Minnesota/96/2025_H3N2,212,0.6759,0.6759
seqneut25to26_sera_0032,A/Minnesota/96/2025_H3N2,plate8-A/Minnesota/96/2025_H3N2,487,0.61,0.61
seqneut25to26_sera_0032,A/Minnesota/96/2025_H3N2,plate8-A/Minnesota/96/2025_H3N2,1119,0.923,0.923
seqneut25to26_sera_0032,A/Minnesota/96/2025_H3N2,plate8-A/Minnesota/96/2025_H3N2,2575,0.8414,0.8414
seqneut25to26_sera_0032,A/Minnesota/96/2025_H3N2,plate8-A/Minnesota/96/2025_H3N2,5921,0.7381,0.7381
seqneut25to26_sera_0032,A/Minnesota/96/2025_H3N2,plate8-A/Minnesota/96/2025_H3N2,1.362e+04,0.9802,0.9802
seqneut25to26_sera_0032,A/Missouri/11/2025_H1N1,plate8-A/Missouri/11/2025_H1N1,40,0.06176,0.06176
seqneut25to26_sera_0032,A/Missouri/11/2025_H1N1,plate8-A/Missouri/11/2025_H1N1,92,0.241,0.241
seqneut25to26_sera_0032,A/Missouri/11/2025_H1N1,plate8-A/Missouri/11/2025_H1N1,212,0.8866,0.8866
seqneut25to26_sera_0032,A/Missouri/11/2025_H1N1,plate8-A/Missouri/11/2025_H1N1,487,0.6869,0.6869
seqneut25to26_sera_0032,A/Missouri/11/2025_H1N1,plate8-A/Missouri/11/2025_H1N1,1119,1.336,1
seqneut25to26_sera_0032,A/Missouri/11/2025_H1N1,plate8-A/Missouri/11/2025_H1N1,2575,1.238,1
seqneut25to26_sera_0032,A/Missouri/11/2025_H1N1,plate8-A/Missouri/11/2025_H1N1,5921,0.7135,0.7135
seqneut25to26_sera_0032,A/Missouri/11/2025_H1N1,plate8-A/Missouri/11/2025_H1N1,1.362e+04,1.11,1
seqneut25to26_sera_0032,A/NewSouthWales/2526015582/2025_H3N2,plate8-A/NewSouthWales/2526015582/2025_H3N2,40,0.2139,0.2139
seqneut25to26_sera_0032,A/NewSouthWales/2526015582/2025_H3N2,plate8-A/NewSouthWales/2526015582/2025_H3N2,92,0.4203,0.4203
seqneut25to26_sera_0032,A/NewSouthWales/2526015582/2025_H3N2,plate8-A/NewSouthWales/2526015582/2025_H3N2,212,0.5245,0.5245
seqneut25to26_sera_0032,A/NewSouthWales/2526015582/2025_H3N2,plate8-A/NewSouthWales/2526015582/2025_H3N2,487,0.6018,0.6018
seqneut25to26_sera_0032,A/NewSouthWales/2526015582/2025_H3N2,plate8-A/NewSouthWales/2526015582/2025_H3N2,1119,0.8253,0.8253
seqneut25to26_sera_0032,A/NewSouthWales/2526015582/2025_H3N2,plate8-A/NewSouthWales/2526015582/2025_H3N2,2575,0.7635,0.7635
seqneut25to26_sera_0032,A/NewSouthWales/2526015582/2025_H3N2,plate8-A/NewSouthWales/2526015582/2025_H3N2,5921,0.6341,0.6341
seqneut25to26_sera_0032,A/NewSouthWales/2526015582/2025_H3N2,plate8-A/NewSouthWales/2526015582/2025_H3N2,1.362e+04,0.9367,0.9367
seqneut25to26_sera_0032,A/NewSouthWales/2526015584/2025_H3N2,plate8-A/NewSouthWales/2526015584/2025_H3N2,40,0.1558,0.1558
seqneut25to26_sera_0032,A/NewSouthWales/2526015584/2025_H3N2,plate8-A/NewSouthWales/2526015584/2025_H3N2,92,0.3642,0.3642
seqneut25to26_sera_0032,A/NewSouthWales/2526015584/2025_H3N2,plate8-A/NewSouthWales/2526015584/2025_H3N2,212,0.5615,0.5615
seqneut25to26_sera_0032,A/NewSouthWales/2526015584/2025_H3N2,plate8-A/NewSouthWales/2526015584/2025_H3N2,487,0.7076,0.7076
seqneut25to26_sera_0032,A/NewSouthWales/2526015584/2025_H3N2,plate8-A/NewSouthWales/2526015584/2025_H3N2,1119,0.8658,0.8658
seqneut25to26_sera_0032,A/NewSouthWales/2526015584/2025_H3N2,plate8-A/NewSouthWales/2526015584/2025_H3N2,2575,0.8954,0.8954
seqneut25to26_sera_0032,A/NewSouthWales/2526015584/2025_H3N2,plate8-A/NewSouthWales/2526015584/2025_H3N2,5921,0.7214,0.7214
seqneut25to26_sera_0032,A/NewSouthWales/2526015584/2025_H3N2,plate8-A/NewSouthWales/2526015584/2025_H3N2,1.362e+04,1.131,1
seqneut25to26_sera_0032,A/Norway/8765/2025_H3N2,plate8-A/Norway/8765/2025_H3N2,40,0.2518,0.2518
seqneut25to26_sera_0032,A/Norway/8765/2025_H3N2,plate8-A/Norway/8765/2025_H3N2,92,0.4781,0.4781
seqneut25to26_sera_0032,A/Norway/8765/2025_H3N2,plate8-A/Norway/8765/2025_H3N2,212,0.5837,0.5837
seqneut25to26_sera_0032,A/Norway/8765/2025_H3N2,plate8-A/Norway/8765/2025_H3N2,487,0.7356,0.7356
seqneut25to26_sera_0032,A/Norway/8765/2025_H3N2,plate8-A/Norway/8765/2025_H3N2,1119,0.9568,0.9568
seqneut25to26_sera_0032,A/Norway/8765/2025_H3N2,plate8-A/Norway/8765/2025_H3N2,2575,0.885,0.885
seqneut25to26_sera_0032,A/Norway/8765/2025_H3N2,plate8-A/Norway/8765/2025_H3N2,5921,0.7072,0.7072
seqneut25to26_sera_0032,A/Norway/8765/2025_H3N2,plate8-A/Norway/8765/2025_H3N2,1.362e+04,0.9875,0.9875
seqneut25to26_sera_0032,A/Norway/8976/2025_H3N2,plate8-A/Norway/8976/2025_H3N2,40,0.2633,0.2633
seqneut25to26_sera_0032,A/Norway/8976/2025_H3N2,plate8-A/Norway/8976/2025_H3N2,92,0.3629,0.3629
seqneut25to26_sera_0032,A/Norway/8976/2025_H3N2,plate8-A/Norway/8976/2025_H3N2,212,0.5826,0.5826
seqneut25to26_sera_0032,A/Norway/8976/2025_H3N2,plate8-A/Norway/8976/2025_H3N2,487,0.6577,0.6577
seqneut25to26_sera_0032,A/Norway/8976/2025_H3N2,plate8-A/Norway/8976/2025_H3N2,1119,0.9992,0.9992
seqneut25to26_sera_0032,A/Norway/8976/2025_H3N2,plate8-A/Norway/8976/2025_H3N2,2575,0.8366,0.8366
seqneut25to26_sera_0032,A/Norway/8976/2025_H3N2,plate8-A/Norway/8976/2025_H3N2,5921,0.6528,0.6528
seqneut25to26_sera_0032,A/Norway/8976/2025_H3N2,plate8-A/Norway/8976/2025_H3N2,1.362e+04,0.9548,0.9548
seqneut25to26_sera_0032,A/Norway/9107/2025_H1N1,plate8-A/Norway/9107/2025_H1N1,40,0.1025,0.1025
seqneut25to26_sera_0032,A/Norway/9107/2025_H1N1,plate8-A/Norway/9107/2025_H1N1,92,0.3067,0.3067
seqneut25to26_sera_0032,A/Norway/9107/2025_H1N1,plate8-A/Norway/9107/2025_H1N1,212,0.6352,0.6352
seqneut25to26_sera_0032,A/Norway/9107/2025_H1N1,plate8-A/Norway/9107/2025_H1N1,487,0.7723,0.7723
seqneut25to26_sera_0032,A/Norway/9107/2025_H1N1,plate8-A/Norway/9107/2025_H1N1,1119,0.9638,0.9638
seqneut25to26_sera_0032,A/Norway/9107/2025_H1N1,plate8-A/Norway/9107/2025_H1N1,2575,0.9718,0.9718
seqneut25to26_sera_0032,A/Norway/9107/2025_H1N1,plate8-A/Norway/9107/2025_H1N1,5921,0.717,0.717
seqneut25to26_sera_0032,A/Norway/9107/2025_H1N1,plate8-A/Norway/9107/2025_H1N1,1.362e+04,1.105,1
seqneut25to26_sera_0032,A/Norway/9556/2025_H1N1,plate8-A/Norway/9556/2025_H1N1,40,0.04992,0.04992
seqneut25to26_sera_0032,A/Norway/9556/2025_H1N1,plate8-A/Norway/9556/2025_H1N1,92,0.2932,0.2932
seqneut25to26_sera_0032,A/Norway/9556/2025_H1N1,plate8-A/Norway/9556/2025_H1N1,212,0.7464,0.7464
seqneut25to26_sera_0032,A/Norway/9556/2025_H1N1,plate8-A/Norway/9556/2025_H1N1,487,0.81,0.81
seqneut25to26_sera_0032,A/Norway/9556/2025_H1N1,plate8-A/Norway/9556/2025_H1N1,1119,1.11,1
seqneut25to26_sera_0032,A/Norway/9556/2025_H1N1,plate8-A/Norway/9556/2025_H1N1,2575,0.9369,0.9369
seqneut25to26_sera_0032,A/Norway/9556/2025_H1N1,plate8-A/Norway/9556/2025_H1N1,5921,0.7679,0.7679
seqneut25to26_sera_0032,A/Norway/9556/2025_H1N1,plate8-A/Norway/9556/2025_H1N1,1.362e+04,1.141,1
seqneut25to26_sera_0032,A/Peru/GIHSN-04-1089/2025_H3N2,plate8-A/Peru/GIHSN-04-1089/2025_H3N2,40,0.01326,0.01326
seqneut25to26_sera_0032,A/Peru/GIHSN-04-1089/2025_H3N2,plate8-A/Peru/GIHSN-04-1089/2025_H3N2,92,0.07634,0.07634
seqneut25to26_sera_0032,A/Peru/GIHSN-04-1089/2025_H3N2,plate8-A/Peru/GIHSN-04-1089/2025_H3N2,212,0.541,0.541
seqneut25to26_sera_0032,A/Peru/GIHSN-04-1089/2025_H3N2,plate8-A/Peru/GIHSN-04-1089/2025_H3N2,487,0.714,0.714
seqneut25to26_sera_0032,A/Peru/GIHSN-04-1089/2025_H3N2,plate8-A/Peru/GIHSN-04-1089/2025_H3N2,1119,0.8744,0.8744
seqneut25to26_sera_0032,A/Peru/GIHSN-04-1089/2025_H3N2,plate8-A/Peru/GIHSN-04-1089/2025_H3N2,2575,0.7676,0.7676
seqneut25to26_sera_0032,A/Peru/GIHSN-04-1089/2025_H3N2,plate8-A/Peru/GIHSN-04-1089/2025_H3N2,5921,0.7555,0.7555
seqneut25to26_sera_0032,A/Peru/GIHSN-04-1089/2025_H3N2,plate8-A/Peru/GIHSN-04-1089/2025_H3N2,1.362e+04,1.133,1
seqneut25to26_sera_0032,A/Philippines/SARI25-1425/2025_H1N1,plate8-A/Philippines/SARI25-1425/2025_H1N1,40,0.01753,0.01753
seqneut25to26_sera_0032,A/Philippines/SARI25-1425/2025_H1N1,plate8-A/Philippines/SARI25-1425/2025_H1N1,92,0.1767,0.1767
seqneut25to26_sera_0032,A/Philippines/SARI25-1425/2025_H1N1,plate8-A/Philippines/SARI25-1425/2025_H1N1,212,0.6445,0.6445
seqneut25to26_sera_0032,A/Philippines/SARI25-1425/2025_H1N1,plate8-A/Philippines/SARI25-1425/2025_H1N1,487,1.003,1
seqneut25to26_sera_0032,A/Philippines/SARI25-1425/2025_H1N1,plate8-A/Philippines/SARI25-1425/2025_H1N1,1119,1.037,1
seqneut25to26_sera_0032,A/Philippines/SARI25-1425/2025_H1N1,plate8-A/Philippines/SARI25-1425/2025_H1N1,2575,1.009,1
seqneut25to26_sera_0032,A/Philippines/SARI25-1425/2025_H1N1,plate8-A/Philippines/SARI25-1425/2025_H1N1,5921,0.8308,0.8308
seqneut25to26_sera_0032,A/Philippines/SARI25-1425/2025_H1N1,plate8-A/Philippines/SARI25-1425/2025_H1N1,1.362e+04,1.191,1
seqneut25to26_sera_0032,A/Queensland/2526516675/2025_H3N2,plate8-A/Queensland/2526516675/2025_H3N2,40,0.2015,0.2015
seqneut25to26_sera_0032,A/Queensland/2526516675/2025_H3N2,plate8-A/Queensland/2526516675/2025_H3N2,92,0.4464,0.4464
seqneut25to26_sera_0032,A/Queensland/2526516675/2025_H3N2,plate8-A/Queensland/2526516675/2025_H3N2,212,0.5512,0.5512
seqneut25to26_sera_0032,A/Queensland/2526516675/2025_H3N2,plate8-A/Queensland/2526516675/2025_H3N2,487,0.6695,0.6695
seqneut25to26_sera_0032,A/Queensland/2526516675/2025_H3N2,plate8-A/Queensland/2526516675/2025_H3N2,1119,0.9039,0.9039
seqneut25to26_sera_0032,A/Queensland/2526516675/2025_H3N2,plate8-A/Queensland/2526516675/2025_H3N2,2575,0.7728,0.7728
seqneut25to26_sera_0032,A/Queensland/2526516675/2025_H3N2,plate8-A/Queensland/2526516675/2025_H3N2,5921,0.7527,0.7527
seqneut25to26_sera_0032,A/Queensland/2526516675/2025_H3N2,plate8-A/Queensland/2526516675/2025_H3N2,1.362e+04,1.057,1
seqneut25to26_sera_0032,A/SouthAfrica/PET37604/2025_H3N2,plate8-A/SouthAfrica/PET37604/2025_H3N2,40,0.008442,0.008442
seqneut25to26_sera_0032,A/SouthAfrica/PET37604/2025_H3N2,plate8-A/SouthAfrica/PET37604/2025_H3N2,92,0.0387,0.0387
seqneut25to26_sera_0032,A/SouthAfrica/PET37604/2025_H3N2,plate8-A/SouthAfrica/PET37604/2025_H3N2,212,0.1303,0.1303
seqneut25to26_sera_0032,A/SouthAfrica/PET37604/2025_H3N2,plate8-A/SouthAfrica/PET37604/2025_H3N2,487,0.3655,0.3655
seqneut25to26_sera_0032,A/SouthAfrica/PET37604/2025_H3N2,plate8-A/SouthAfrica/PET37604/2025_H3N2,1119,0.8139,0.8139
seqneut25to26_sera_0032,A/SouthAfrica/PET37604/2025_H3N2,plate8-A/SouthAfrica/PET37604/2025_H3N2,2575,0.7833,0.7833
seqneut25to26_sera_0032,A/SouthAfrica/PET37604/2025_H3N2,plate8-A/SouthAfrica/PET37604/2025_H3N2,5921,0.8144,0.8144
seqneut25to26_sera_0032,A/SouthAfrica/PET37604/2025_H3N2,plate8-A/SouthAfrica/PET37604/2025_H3N2,1.362e+04,1.105,1
seqneut25to26_sera_0032,A/SouthAfrica/PET37625/2025_H3N2,plate8-A/SouthAfrica/PET37625/2025_H3N2,40,0,0
seqneut25to26_sera_0032,A/SouthAfrica/PET37625/2025_H3N2,plate8-A/SouthAfrica/PET37625/2025_H3N2,92,0.01393,0.01393
seqneut25to26_sera_0032,A/SouthAfrica/PET37625/2025_H3N2,plate8-A/SouthAfrica/PET37625/2025_H3N2,212,0.1705,0.1705
seqneut25to26_sera_0032,A/SouthAfrica/PET37625/2025_H3N2,plate8-A/SouthAfrica/PET37625/2025_H3N2,487,0.3814,0.3814
seqneut25to26_sera_0032,A/SouthAfrica/PET37625/2025_H3N2,plate8-A/SouthAfrica/PET37625/2025_H3N2,1119,0.6436,0.6436
seqneut25to26_sera_0032,A/SouthAfrica/PET37625/2025_H3N2,plate8-A/SouthAfrica/PET37625/2025_H3N2,2575,0.7935,0.7935
seqneut25to26_sera_0032,A/SouthAfrica/PET37625/2025_H3N2,plate8-A/SouthAfrica/PET37625/2025_H3N2,5921,0.7515,0.7515
seqneut25to26_sera_0032,A/SouthAfrica/PET37625/2025_H3N2,plate8-A/SouthAfrica/PET37625/2025_H3N2,1.362e+04,1.05,1
seqneut25to26_sera_0032,A/SouthAustralia/2519001037/2025_H1N1,plate8-A/SouthAustralia/2519001037/2025_H1N1,40,0.08703,0.08703
seqneut25to26_sera_0032,A/SouthAustralia/2519001037/2025_H1N1,plate8-A/SouthAustralia/2519001037/2025_H1N1,92,0.2695,0.2695
seqneut25to26_sera_0032,A/SouthAustralia/2519001037/2025_H1N1,plate8-A/SouthAustralia/2519001037/2025_H1N1,212,0.6435,0.6435
seqneut25to26_sera_0032,A/SouthAustralia/2519001037/2025_H1N1,plate8-A/SouthAustralia/2519001037/2025_H1N1,487,0.8474,0.8474
seqneut25to26_sera_0032,A/SouthAustralia/2519001037/2025_H1N1,plate8-A/SouthAustralia/2519001037/2025_H1N1,1119,1.243,1
seqneut25to26_sera_0032,A/SouthAustralia/2519001037/2025_H1N1,plate8-A/SouthAustralia/2519001037/2025_H1N1,2575,1.013,1
seqneut25to26_sera_0032,A/SouthAustralia/2519001037/2025_H1N1,plate8-A/SouthAustralia/2519001037/2025_H1N1,5921,0.7915,0.7915
seqneut25to26_sera_0032,A/SouthAustralia/2519001037/2025_H1N1,plate8-A/SouthAustralia/2519001037/2025_H1N1,1.362e+04,1.137,1
seqneut25to26_sera_0032,A/SouthAustralia/2520702747/2025_H1N1,plate8-A/SouthAustralia/2520702747/2025_H1N1,40,0.02949,0.02949
seqneut25to26_sera_0032,A/SouthAustralia/2520702747/2025_H1N1,plate8-A/SouthAustralia/2520702747/2025_H1N1,92,0.227,0.227
seqneut25to26_sera_0032,A/SouthAustralia/2520702747/2025_H1N1,plate8-A/SouthAustralia/2520702747/2025_H1N1,212,0.5304,0.5304
seqneut25to26_sera_0032,A/SouthAustralia/2520702747/2025_H1N1,plate8-A/SouthAustralia/2520702747/2025_H1N1,487,0.7861,0.7861
seqneut25to26_sera_0032,A/SouthAustralia/2520702747/2025_H1N1,plate8-A/SouthAustralia/2520702747/2025_H1N1,1119,1.005,1
seqneut25to26_sera_0032,A/SouthAustralia/2520702747/2025_H1N1,plate8-A/SouthAustralia/2520702747/2025_H1N1,2575,0.9577,0.9577
seqneut25to26_sera_0032,A/SouthAustralia/2520702747/2025_H1N1,plate8-A/SouthAustralia/2520702747/2025_H1N1,5921,0.8437,0.8437
seqneut25to26_sera_0032,A/SouthAustralia/2520702747/2025_H1N1,plate8-A/SouthAustralia/2520702747/2025_H1N1,1.362e+04,1.177,1
seqneut25to26_sera_0032,A/SouthAustralia/2523012764/2025_H1N1,plate8-A/SouthAustralia/2523012764/2025_H1N1,40,0.1062,0.1062
seqneut25to26_sera_0032,A/SouthAustralia/2523012764/2025_H1N1,plate8-A/SouthAustralia/2523012764/2025_H1N1,92,0.3712,0.3712
seqneut25to26_sera_0032,A/SouthAustralia/2523012764/2025_H1N1,plate8-A/SouthAustralia/2523012764/2025_H1N1,212,0.567,0.567
seqneut25to26_sera_0032,A/SouthAustralia/2523012764/2025_H1N1,plate8-A/SouthAustralia/2523012764/2025_H1N1,487,0.8912,0.8912
seqneut25to26_sera_0032,A/SouthAustralia/2523012764/2025_H1N1,plate8-A/SouthAustralia/2523012764/2025_H1N1,1119,1.122,1
seqneut25to26_sera_0032,A/SouthAustralia/2523012764/2025_H1N1,plate8-A/SouthAustralia/2523012764/2025_H1N1,2575,0.8856,0.8856
seqneut25to26_sera_0032,A/SouthAustralia/2523012764/2025_H1N1,plate8-A/SouthAustralia/2523012764/2025_H1N1,5921,0.7457,0.7457
seqneut25to26_sera_0032,A/SouthAustralia/2523012764/2025_H1N1,plate8-A/SouthAustralia/2523012764/2025_H1N1,1.362e+04,0.9673,0.9673
seqneut25to26_sera_0032,A/SouthAustralia/2523812314/2025_H3N2,plate8-A/SouthAustralia/2523812314/2025_H3N2,40,0.1324,0.1324
seqneut25to26_sera_0032,A/SouthAustralia/2523812314/2025_H3N2,plate8-A/SouthAustralia/2523812314/2025_H3N2,92,0.4416,0.4416
seqneut25to26_sera_0032,A/SouthAustralia/2523812314/2025_H3N2,plate8-A/SouthAustralia/2523812314/2025_H3N2,212,0.5264,0.5264
seqneut25to26_sera_0032,A/SouthAustralia/2523812314/2025_H3N2,plate8-A/SouthAustralia/2523812314/2025_H3N2,487,0.5902,0.5902
seqneut25to26_sera_0032,A/SouthAustralia/2523812314/2025_H3N2,plate8-A/SouthAustralia/2523812314/2025_H3N2,1119,0.8499,0.8499
seqneut25to26_sera_0032,A/SouthAustralia/2523812314/2025_H3N2,plate8-A/SouthAustralia/2523812314/2025_H3N2,2575,0.7719,0.7719
seqneut25to26_sera_0032,A/SouthAustralia/2523812314/2025_H3N2,plate8-A/SouthAustralia/2523812314/2025_H3N2,5921,0.6064,0.6064
seqneut25to26_sera_0032,A/SouthAustralia/2523812314/2025_H3N2,plate8-A/SouthAustralia/2523812314/2025_H3N2,1.362e+04,0.9812,0.9812
seqneut25to26_sera_0032,A/SouthAustralia/2524408801/2025_H3N2,plate8-A/SouthAustralia/2524408801/2025_H3N2,40,0.264,0.264
seqneut25to26_sera_0032,A/SouthAustralia/2524408801/2025_H3N2,plate8-A/SouthAustralia/2524408801/2025_H3N2,92,0.4117,0.4117
seqneut25to26_sera_0032,A/SouthAustralia/2524408801/2025_H3N2,plate8-A/SouthAustralia/2524408801/2025_H3N2,212,0.7109,0.7109
seqneut25to26_sera_0032,A/SouthAustralia/2524408801/2025_H3N2,plate8-A/SouthAustralia/2524408801/2025_H3N2,487,0.7261,0.7261
seqneut25to26_sera_0032,A/SouthAustralia/2524408801/2025_H3N2,plate8-A/SouthAustralia/2524408801/2025_H3N2,1119,0.7843,0.7843
seqneut25to26_sera_0032,A/SouthAustralia/2524408801/2025_H3N2,plate8-A/SouthAustralia/2524408801/2025_H3N2,2575,0.746,0.746
seqneut25to26_sera_0032,A/SouthAustralia/2524408801/2025_H3N2,plate8-A/SouthAustralia/2524408801/2025_H3N2,5921,0.7275,0.7275
seqneut25to26_sera_0032,A/SouthAustralia/2524408801/2025_H3N2,plate8-A/SouthAustralia/2524408801/2025_H3N2,1.362e+04,0.9447,0.9447
seqneut25to26_sera_0032,A/SouthAustralia/2524712956/2025_H1N1,plate8-A/SouthAustralia/2524712956/2025_H1N1,40,0.1044,0.1044
seqneut25to26_sera_0032,A/SouthAustralia/2524712956/2025_H1N1,plate8-A/SouthAustralia/2524712956/2025_H1N1,92,0.4286,0.4286
seqneut25to26_sera_0032,A/SouthAustralia/2524712956/2025_H1N1,plate8-A/SouthAustralia/2524712956/2025_H1N1,212,0.615,0.615
seqneut25to26_sera_0032,A/SouthAustralia/2524712956/2025_H1N1,plate8-A/SouthAustralia/2524712956/2025_H1N1,487,0.7416,0.7416
seqneut25to26_sera_0032,A/SouthAustralia/2524712956/2025_H1N1,plate8-A/SouthAustralia/2524712956/2025_H1N1,1119,1.041,1
seqneut25to26_sera_0032,A/SouthAustralia/2524712956/2025_H1N1,plate8-A/SouthAustralia/2524712956/2025_H1N1,2575,0.9725,0.9725
seqneut25to26_sera_0032,A/SouthAustralia/2524712956/2025_H1N1,plate8-A/SouthAustralia/2524712956/2025_H1N1,5921,0.8102,0.8102
seqneut25to26_sera_0032,A/SouthAustralia/2524712956/2025_H1N1,plate8-A/SouthAustralia/2524712956/2025_H1N1,1.362e+04,1.066,1
seqneut25to26_sera_0032,A/SouthAustralia/2525607496/2025_H3N2,plate8-A/SouthAustralia/2525607496/2025_H3N2,40,0.1506,0.1506
seqneut25to26_sera_0032,A/SouthAustralia/2525607496/2025_H3N2,plate8-A/SouthAustralia/2525607496/2025_H3N2,92,0.892,0.892
seqneut25to26_sera_0032,A/SouthAustralia/2525607496/2025_H3N2,plate8-A/SouthAustralia/2525607496/2025_H3N2,212,0.9661,0.9661
seqneut25to26_sera_0032,A/SouthAustralia/2525607496/2025_H3N2,plate8-A/SouthAustralia/2525607496/2025_H3N2,487,0.7018,0.7018
seqneut25to26_sera_0032,A/SouthAustralia/2525607496/2025_H3N2,plate8-A/SouthAustralia/2525607496/2025_H3N2,1119,1.009,1
seqneut25to26_sera_0032,A/SouthAustralia/2525607496/2025_H3N2,plate8-A/SouthAustralia/2525607496/2025_H3N2,2575,0.8909,0.8909
seqneut25to26_sera_0032,A/SouthAustralia/2525607496/2025_H3N2,plate8-A/SouthAustralia/2525607496/2025_H3N2,5921,0.8896,0.8896
seqneut25to26_sera_0032,A/SouthAustralia/2525607496/2025_H3N2,plate8-A/SouthAustralia/2525607496/2025_H3N2,1.362e+04,1.06,1
seqneut25to26_sera_0032,A/SouthAustralia/2527003588/2025_H3N2,plate8-A/SouthAustralia/2527003588/2025_H3N2,40,0.4319,0.4319
seqneut25to26_sera_0032,A/SouthAustralia/2527003588/2025_H3N2,plate8-A/SouthAustralia/2527003588/2025_H3N2,92,0.5895,0.5895
seqneut25to26_sera_0032,A/SouthAustralia/2527003588/2025_H3N2,plate8-A/SouthAustralia/2527003588/2025_H3N2,212,0.7866,0.7866
seqneut25to26_sera_0032,A/SouthAustralia/2527003588/2025_H3N2,plate8-A/SouthAustralia/2527003588/2025_H3N2,487,0.822,0.822
seqneut25to26_sera_0032,A/SouthAustralia/2527003588/2025_H3N2,plate8-A/SouthAustralia/2527003588/2025_H3N2,1119,0.8921,0.8921
seqneut25to26_sera_0032,A/SouthAustralia/2527003588/2025_H3N2,plate8-A/SouthAustralia/2527003588/2025_H3N2,2575,0.9364,0.9364
seqneut25to26_sera_0032,A/SouthAustralia/2527003588/2025_H3N2,plate8-A/SouthAustralia/2527003588/2025_H3N2,5921,0.669,0.669
seqneut25to26_sera_0032,A/SouthAustralia/2527003588/2025_H3N2,plate8-A/SouthAustralia/2527003588/2025_H3N2,1.362e+04,0.9844,0.9844
seqneut25to26_sera_0032,A/SouthAustralia/2527213276/2025_H3N2,plate8-A/SouthAustralia/2527213276/2025_H3N2,40,0.2323,0.2323
seqneut25to26_sera_0032,A/SouthAustralia/2527213276/2025_H3N2,plate8-A/SouthAustralia/2527213276/2025_H3N2,92,0.3953,0.3953
seqneut25to26_sera_0032,A/SouthAustralia/2527213276/2025_H3N2,plate8-A/SouthAustralia/2527213276/2025_H3N2,212,0.4356,0.4356
seqneut25to26_sera_0032,A/SouthAustralia/2527213276/2025_H3N2,plate8-A/SouthAustralia/2527213276/2025_H3N2,487,0.7747,0.7747
seqneut25to26_sera_0032,A/SouthAustralia/2527213276/2025_H3N2,plate8-A/SouthAustralia/2527213276/2025_H3N2,1119,0.7463,0.7463
seqneut25to26_sera_0032,A/SouthAustralia/2527213276/2025_H3N2,plate8-A/SouthAustralia/2527213276/2025_H3N2,2575,0.8671,0.8671
seqneut25to26_sera_0032,A/SouthAustralia/2527213276/2025_H3N2,plate8-A/SouthAustralia/2527213276/2025_H3N2,5921,0.593,0.593
seqneut25to26_sera_0032,A/SouthAustralia/2527213276/2025_H3N2,plate8-A/SouthAustralia/2527213276/2025_H3N2,1.362e+04,1.091,1
seqneut25to26_sera_0032,A/SouthAustralia/2527612456/2025_H1N1,plate8-A/SouthAustralia/2527612456/2025_H1N1,40,0.2279,0.2279
seqneut25to26_sera_0032,A/SouthAustralia/2527612456/2025_H1N1,plate8-A/SouthAustralia/2527612456/2025_H1N1,92,0.6947,0.6947
seqneut25to26_sera_0032,A/SouthAustralia/2527612456/2025_H1N1,plate8-A/SouthAustralia/2527612456/2025_H1N1,212,0.7739,0.7739
seqneut25to26_sera_0032,A/SouthAustralia/2527612456/2025_H1N1,plate8-A/SouthAustralia/2527612456/2025_H1N1,487,1.077,1
seqneut25to26_sera_0032,A/SouthAustralia/2527612456/2025_H1N1,plate8-A/SouthAustralia/2527612456/2025_H1N1,1119,1.048,1
seqneut25to26_sera_0032,A/SouthAustralia/2527612456/2025_H1N1,plate8-A/SouthAustralia/2527612456/2025_H1N1,2575,1.155,1
seqneut25to26_sera_0032,A/SouthAustralia/2527612456/2025_H1N1,plate8-A/SouthAustralia/2527612456/2025_H1N1,5921,0.941,0.941
seqneut25to26_sera_0032,A/SouthAustralia/2527612456/2025_H1N1,plate8-A/SouthAustralia/2527612456/2025_H1N1,1.362e+04,1.014,1
seqneut25to26_sera_0032,A/SouthAustralia/2527902708/2025_H3N2,plate8-A/SouthAustralia/2527902708/2025_H3N2,40,0.2956,0.2956
seqneut25to26_sera_0032,A/SouthAustralia/2527902708/2025_H3N2,plate8-A/SouthAustralia/2527902708/2025_H3N2,92,0.4792,0.4792
seqneut25to26_sera_0032,A/SouthAustralia/2527902708/2025_H3N2,plate8-A/SouthAustralia/2527902708/2025_H3N2,212,1.1,1
seqneut25to26_sera_0032,A/SouthAustralia/2527902708/2025_H3N2,plate8-A/SouthAustralia/2527902708/2025_H3N2,487,0.6397,0.6397
seqneut25to26_sera_0032,A/SouthAustralia/2527902708/2025_H3N2,plate8-A/SouthAustralia/2527902708/2025_H3N2,1119,0.8402,0.8402
seqneut25to26_sera_0032,A/SouthAustralia/2527902708/2025_H3N2,plate8-A/SouthAustralia/2527902708/2025_H3N2,2575,0.9023,0.9023
seqneut25to26_sera_0032,A/SouthAustralia/2527902708/2025_H3N2,plate8-A/SouthAustralia/2527902708/2025_H3N2,5921,0.6305,0.6305
seqneut25to26_sera_0032,A/SouthAustralia/2527902708/2025_H3N2,plate8-A/SouthAustralia/2527902708/2025_H3N2,1.362e+04,0.767,0.767
seqneut25to26_sera_0032,A/Sydney/1359/2024_H3N2,plate8-A/Sydney/1359/2024_H3N2,40,0.05982,0.05982
seqneut25to26_sera_0032,A/Sydney/1359/2024_H3N2,plate8-A/Sydney/1359/2024_H3N2,92,0.3512,0.3512
seqneut25to26_sera_0032,A/Sydney/1359/2024_H3N2,plate8-A/Sydney/1359/2024_H3N2,212,0.5519,0.5519
seqneut25to26_sera_0032,A/Sydney/1359/2024_H3N2,plate8-A/Sydney/1359/2024_H3N2,487,0.7598,0.7598
seqneut25to26_sera_0032,A/Sydney/1359/2024_H3N2,plate8-A/Sydney/1359/2024_H3N2,1119,0.7917,0.7917
seqneut25to26_sera_0032,A/Sydney/1359/2024_H3N2,plate8-A/Sydney/1359/2024_H3N2,2575,0.7877,0.7877
seqneut25to26_sera_0032,A/Sydney/1359/2024_H3N2,plate8-A/Sydney/1359/2024_H3N2,5921,0.6419,0.6419
seqneut25to26_sera_0032,A/Sydney/1359/2024_H3N2,plate8-A/Sydney/1359/2024_H3N2,1.362e+04,0.9195,0.9195
seqneut25to26_sera_0032,A/Sydney/400/2025_H1N1,plate8-A/Sydney/400/2025_H1N1,40,0.00423,0.00423
seqneut25to26_sera_0032,A/Sydney/400/2025_H1N1,plate8-A/Sydney/400/2025_H1N1,92,0.1941,0.1941
seqneut25to26_sera_0032,A/Sydney/400/2025_H1N1,plate8-A/Sydney/400/2025_H1N1,212,0.8244,0.8244
seqneut25to26_sera_0032,A/Sydney/400/2025_H1N1,plate8-A/Sydney/400/2025_H1N1,487,0.7068,0.7068
seqneut25to26_sera_0032,A/Sydney/400/2025_H1N1,plate8-A/Sydney/400/2025_H1N1,1119,1.104,1
seqneut25to26_sera_0032,A/Sydney/400/2025_H1N1,plate8-A/Sydney/400/2025_H1N1,2575,0.7663,0.7663
seqneut25to26_sera_0032,A/Sydney/400/2025_H1N1,plate8-A/Sydney/400/2025_H1N1,5921,0.8568,0.8568
seqneut25to26_sera_0032,A/Sydney/400/2025_H1N1,plate8-A/Sydney/400/2025_H1N1,1.362e+04,1.124,1
seqneut25to26_sera_0032,A/Tasmania/2521815682/2025_H3N2,plate8-A/Tasmania/2521815682/2025_H3N2,40,0.3105,0.3105
seqneut25to26_sera_0032,A/Tasmania/2521815682/2025_H3N2,plate8-A/Tasmania/2521815682/2025_H3N2,92,0.5955,0.5955
seqneut25to26_sera_0032,A/Tasmania/2521815682/2025_H3N2,plate8-A/Tasmania/2521815682/2025_H3N2,212,0.6358,0.6358
seqneut25to26_sera_0032,A/Tasmania/2521815682/2025_H3N2,plate8-A/Tasmania/2521815682/2025_H3N2,487,0.678,0.678
seqneut25to26_sera_0032,A/Tasmania/2521815682/2025_H3N2,plate8-A/Tasmania/2521815682/2025_H3N2,1119,0.9761,0.9761
seqneut25to26_sera_0032,A/Tasmania/2521815682/2025_H3N2,plate8-A/Tasmania/2521815682/2025_H3N2,2575,0.9324,0.9324
seqneut25to26_sera_0032,A/Tasmania/2521815682/2025_H3N2,plate8-A/Tasmania/2521815682/2025_H3N2,5921,0.7783,0.7783
seqneut25to26_sera_0032,A/Tasmania/2521815682/2025_H3N2,plate8-A/Tasmania/2521815682/2025_H3N2,1.362e+04,0.8895,0.8895
seqneut25to26_sera_0032,A/Thailand/8/2022_H3N2,plate8-A/Thailand/8/2022_H3N2,40,0.007021,0.007021
seqneut25to26_sera_0032,A/Thailand/8/2022_H3N2,plate8-A/Thailand/8/2022_H3N2,92,0.03351,0.03351
seqneut25to26_sera_0032,A/Thailand/8/2022_H3N2,plate8-A/Thailand/8/2022_H3N2,212,0.07252,0.07252
seqneut25to26_sera_0032,A/Thailand/8/2022_H3N2,plate8-A/Thailand/8/2022_H3N2,487,0.2772,0.2772
seqneut25to26_sera_0032,A/Thailand/8/2022_H3N2,plate8-A/Thailand/8/2022_H3N2,1119,0.5403,0.5403
seqneut25to26_sera_0032,A/Thailand/8/2022_H3N2,plate8-A/Thailand/8/2022_H3N2,2575,0.9122,0.9122
seqneut25to26_sera_0032,A/Thailand/8/2022_H3N2,plate8-A/Thailand/8/2022_H3N2,5921,0.6547,0.6547
seqneut25to26_sera_0032,A/Thailand/8/2022_H3N2,plate8-A/Thailand/8/2022_H3N2,1.362e+04,1.073,1
seqneut25to26_sera_0032,A/Vermont/73/2025_H3N2,plate8-A/Vermont/73/2025_H3N2,40,0.1959,0.1959
seqneut25to26_sera_0032,A/Vermont/73/2025_H3N2,plate8-A/Vermont/73/2025_H3N2,92,0.5889,0.5889
seqneut25to26_sera_0032,A/Vermont/73/2025_H3N2,plate8-A/Vermont/73/2025_H3N2,212,0.6099,0.6099
seqneut25to26_sera_0032,A/Vermont/73/2025_H3N2,plate8-A/Vermont/73/2025_H3N2,487,0.7991,0.7991
seqneut25to26_sera_0032,A/Vermont/73/2025_H3N2,plate8-A/Vermont/73/2025_H3N2,1119,0.8261,0.8261
seqneut25to26_sera_0032,A/Vermont/73/2025_H3N2,plate8-A/Vermont/73/2025_H3N2,2575,1.037,1
seqneut25to26_sera_0032,A/Vermont/73/2025_H3N2,plate8-A/Vermont/73/2025_H3N2,5921,0.6965,0.6965
seqneut25to26_sera_0032,A/Vermont/73/2025_H3N2,plate8-A/Vermont/73/2025_H3N2,1.362e+04,0.9407,0.9407
seqneut25to26_sera_0032,A/Victoria/4897/2022_IVR-238_H1N1,plate8-A/Victoria/4897/2022_IVR-238_H1N1,40,8.348e-05,8.348e-05
seqneut25to26_sera_0032,A/Victoria/4897/2022_IVR-238_H1N1,plate8-A/Victoria/4897/2022_IVR-238_H1N1,92,0.0001829,0.0001829
seqneut25to26_sera_0032,A/Victoria/4897/2022_IVR-238_H1N1,plate8-A/Victoria/4897/2022_IVR-238_H1N1,212,0.008024,0.008024
seqneut25to26_sera_0032,A/Victoria/4897/2022_IVR-238_H1N1,plate8-A/Victoria/4897/2022_IVR-238_H1N1,487,0.1732,0.1732
seqneut25to26_sera_0032,A/Victoria/4897/2022_IVR-238_H1N1,plate8-A/Victoria/4897/2022_IVR-238_H1N1,1119,0.8006,0.8006
seqneut25to26_sera_0032,A/Victoria/4897/2022_IVR-238_H1N1,plate8-A/Victoria/4897/2022_IVR-238_H1N1,2575,0.9408,0.9408
seqneut25to26_sera_0032,A/Victoria/4897/2022_IVR-238_H1N1,plate8-A/Victoria/4897/2022_IVR-238_H1N1,5921,0.6931,0.6931
seqneut25to26_sera_0032,A/Victoria/4897/2022_IVR-238_H1N1,plate8-A/Victoria/4897/2022_IVR-238_H1N1,1.362e+04,1.126,1
seqneut25to26_sera_0032,A/Wisconsin/588/2019_H1N1,plate8-A/Wisconsin/588/2019_H1N1,40,0.001556,0.001556
seqneut25to26_sera_0032,A/Wisconsin/588/2019_H1N1,plate8-A/Wisconsin/588/2019_H1N1,92,0.1596,0.1596
seqneut25to26_sera_0032,A/Wisconsin/588/2019_H1N1,plate8-A/Wisconsin/588/2019_H1N1,212,0.4482,0.4482
seqneut25to26_sera_0032,A/Wisconsin/588/2019_H1N1,plate8-A/Wisconsin/588/2019_H1N1,487,0.7162,0.7162
seqneut25to26_sera_0032,A/Wisconsin/588/2019_H1N1,plate8-A/Wisconsin/588/2019_H1N1,1119,1.011,1
seqneut25to26_sera_0032,A/Wisconsin/588/2019_H1N1,plate8-A/Wisconsin/588/2019_H1N1,2575,1.019,1
seqneut25to26_sera_0032,A/Wisconsin/588/2019_H1N1,plate8-A/Wisconsin/588/2019_H1N1,5921,0.7987,0.7987
seqneut25to26_sera_0032,A/Wisconsin/588/2019_H1N1,plate8-A/Wisconsin/588/2019_H1N1,1.362e+04,1.006,1
seqneut25to26_sera_0032,A/Wisconsin/67/2022_H1N1,plate8-A/Wisconsin/67/2022_H1N1,40,0.06696,0.06696
seqneut25to26_sera_0032,A/Wisconsin/67/2022_H1N1,plate8-A/Wisconsin/67/2022_H1N1,92,0.3091,0.3091
seqneut25to26_sera_0032,A/Wisconsin/67/2022_H1N1,plate8-A/Wisconsin/67/2022_H1N1,212,0.6801,0.6801
seqneut25to26_sera_0032,A/Wisconsin/67/2022_H1N1,plate8-A/Wisconsin/67/2022_H1N1,487,0.7672,0.7672
seqneut25to26_sera_0032,A/Wisconsin/67/2022_H1N1,plate8-A/Wisconsin/67/2022_H1N1,1119,1.039,1
seqneut25to26_sera_0032,A/Wisconsin/67/2022_H1N1,plate8-A/Wisconsin/67/2022_H1N1,2575,0.933,0.933
seqneut25to26_sera_0032,A/Wisconsin/67/2022_H1N1,plate8-A/Wisconsin/67/2022_H1N1,5921,0.7756,0.7756
seqneut25to26_sera_0032,A/Wisconsin/67/2022_H1N1,plate8-A/Wisconsin/67/2022_H1N1,1.362e+04,1.004,1
seqneut25to26_sera_0032,A/Zacapa/FLU-261/2025_H1N1,plate8-A/Zacapa/FLU-261/2025_H1N1,40,0.1021,0.1021
seqneut25to26_sera_0032,A/Zacapa/FLU-261/2025_H1N1,plate8-A/Zacapa/FLU-261/2025_H1N1,92,0.3346,0.3346
seqneut25to26_sera_0032,A/Zacapa/FLU-261/2025_H1N1,plate8-A/Zacapa/FLU-261/2025_H1N1,212,0.6266,0.6266
seqneut25to26_sera_0032,A/Zacapa/FLU-261/2025_H1N1,plate8-A/Zacapa/FLU-261/2025_H1N1,487,0.8036,0.8036
seqneut25to26_sera_0032,A/Zacapa/FLU-261/2025_H1N1,plate8-A/Zacapa/FLU-261/2025_H1N1,1119,1.019,1
seqneut25to26_sera_0032,A/Zacapa/FLU-261/2025_H1N1,plate8-A/Zacapa/FLU-261/2025_H1N1,2575,1.068,1
seqneut25to26_sera_0032,A/Zacapa/FLU-261/2025_H1N1,plate8-A/Zacapa/FLU-261/2025_H1N1,5921,0.7287,0.7287
seqneut25to26_sera_0032,A/Zacapa/FLU-261/2025_H1N1,plate8-A/Zacapa/FLU-261/2025_H1N1,1.362e+04,1.119,1
seqneut25to26_sera_1005_d0,A/Alagoas/4130/2025_H3N2,plate8-A/Alagoas/4130/2025_H3N2,40,0,0
seqneut25to26_sera_1005_d0,A/Alagoas/4130/2025_H3N2,plate8-A/Alagoas/4130/2025_H3N2,92,1.485e-05,1.485e-05
seqneut25to26_sera_1005_d0,A/Alagoas/4130/2025_H3N2,plate8-A/Alagoas/4130/2025_H3N2,212,0.01176,0.01176
seqneut25to26_sera_1005_d0,A/Alagoas/4130/2025_H3N2,plate8-A/Alagoas/4130/2025_H3N2,487,0.05928,0.05928
seqneut25to26_sera_1005_d0,A/Alagoas/4130/2025_H3N2,plate8-A/Alagoas/4130/2025_H3N2,1119,0.3004,0.3004
seqneut25to26_sera_1005_d0,A/Alagoas/4130/2025_H3N2,plate8-A/Alagoas/4130/2025_H3N2,2575,0.4818,0.4818
seqneut25to26_sera_1005_d0,A/Alagoas/4130/2025_H3N2,plate8-A/Alagoas/4130/2025_H3N2,5921,0.467,0.467
seqneut25to26_sera_1005_d0,A/Alagoas/4130/2025_H3N2,plate8-A/Alagoas/4130/2025_H3N2,1.362e+04,0.6846,0.6846
seqneut25to26_sera_1005_d0,A/Anapolis/LEIAL6543/2025_H3N2,plate8-A/Anapolis/LEIAL6543/2025_H3N2,40,0.07205,0.07205
seqneut25to26_sera_1005_d0,A/Anapolis/LEIAL6543/2025_H3N2,plate8-A/Anapolis/LEIAL6543/2025_H3N2,92,0.1127,0.1127
seqneut25to26_sera_1005_d0,A/Anapolis/LEIAL6543/2025_H3N2,plate8-A/Anapolis/LEIAL6543/2025_H3N2,212,0.2675,0.2675
seqneut25to26_sera_1005_d0,A/Anapolis/LEIAL6543/2025_H3N2,plate8-A/Anapolis/LEIAL6543/2025_H3N2,487,0.5355,0.5355
seqneut25to26_sera_1005_d0,A/Anapolis/LEIAL6543/2025_H3N2,plate8-A/Anapolis/LEIAL6543/2025_H3N2,1119,0.5638,0.5638
seqneut25to26_sera_1005_d0,A/Anapolis/LEIAL6543/2025_H3N2,plate8-A/Anapolis/LEIAL6543/2025_H3N2,2575,0.7165,0.7165
seqneut25to26_sera_1005_d0,A/Anapolis/LEIAL6543/2025_H3N2,plate8-A/Anapolis/LEIAL6543/2025_H3N2,5921,0.5172,0.5172
seqneut25to26_sera_1005_d0,A/Anapolis/LEIAL6543/2025_H3N2,plate8-A/Anapolis/LEIAL6543/2025_H3N2,1.362e+04,0.9503,0.9503
seqneut25to26_sera_1005_d0,A/Andalucia/PMC-00977/2025_H1N1,plate8-A/Andalucia/PMC-00977/2025_H1N1,40,0.04453,0.04453
seqneut25to26_sera_1005_d0,A/Andalucia/PMC-00977/2025_H1N1,plate8-A/Andalucia/PMC-00977/2025_H1N1,92,0.2959,0.2959
seqneut25to26_sera_1005_d0,A/Andalucia/PMC-00977/2025_H1N1,plate8-A/Andalucia/PMC-00977/2025_H1N1,212,0.5433,0.5433
seqneut25to26_sera_1005_d0,A/Andalucia/PMC-00977/2025_H1N1,plate8-A/Andalucia/PMC-00977/2025_H1N1,487,0.7078,0.7078
seqneut25to26_sera_1005_d0,A/Andalucia/PMC-00977/2025_H1N1,plate8-A/Andalucia/PMC-00977/2025_H1N1,1119,0.7714,0.7714
seqneut25to26_sera_1005_d0,A/Andalucia/PMC-00977/2025_H1N1,plate8-A/Andalucia/PMC-00977/2025_H1N1,2575,0.8063,0.8063
seqneut25to26_sera_1005_d0,A/Andalucia/PMC-00977/2025_H1N1,plate8-A/Andalucia/PMC-00977/2025_H1N1,5921,0.6404,0.6404
seqneut25to26_sera_1005_d0,A/Andalucia/PMC-00977/2025_H1N1,plate8-A/Andalucia/PMC-00977/2025_H1N1,1.362e+04,0.9062,0.9062
seqneut25to26_sera_1005_d0,A/Aragon/2046/2025_H1N1,plate8-A/Aragon/2046/2025_H1N1,40,0.06275,0.06275
seqneut25to26_sera_1005_d0,A/Aragon/2046/2025_H1N1,plate8-A/Aragon/2046/2025_H1N1,92,0.2521,0.2521
seqneut25to26_sera_1005_d0,A/Aragon/2046/2025_H1N1,plate8-A/Aragon/2046/2025_H1N1,212,0.5344,0.5344
seqneut25to26_sera_1005_d0,A/Aragon/2046/2025_H1N1,plate8-A/Aragon/2046/2025_H1N1,487,0.6752,0.6752
seqneut25to26_sera_1005_d0,A/Aragon/2046/2025_H1N1,plate8-A/Aragon/2046/2025_H1N1,1119,0.7027,0.7027
seqneut25to26_sera_1005_d0,A/Aragon/2046/2025_H1N1,plate8-A/Aragon/2046/2025_H1N1,2575,0.8367,0.8367
seqneut25to26_sera_1005_d0,A/Aragon/2046/2025_H1N1,plate8-A/Aragon/2046/2025_H1N1,5921,0.7599,0.7599
seqneut25to26_sera_1005_d0,A/Aragon/2046/2025_H1N1,plate8-A/Aragon/2046/2025_H1N1,1.362e+04,0.9827,0.9827
seqneut25to26_sera_1005_d0,A/Arica/59150/2025_H3N2,plate8-A/Arica/59150/2025_H3N2,40,0.1578,0.1578
seqneut25to26_sera_1005_d0,A/Arica/59150/2025_H3N2,plate8-A/Arica/59150/2025_H3N2,92,0.1344,0.1344
seqneut25to26_sera_1005_d0,A/Arica/59150/2025_H3N2,plate8-A/Arica/59150/2025_H3N2,212,0.2484,0.2484
seqneut25to26_sera_1005_d0,A/Arica/59150/2025_H3N2,plate8-A/Arica/59150/2025_H3N2,487,0.4806,0.4806
seqneut25to26_sera_1005_d0,A/Arica/59150/2025_H3N2,plate8-A/Arica/59150/2025_H3N2,1119,0.61,0.61
seqneut25to26_sera_1005_d0,A/Arica/59150/2025_H3N2,plate8-A/Arica/59150/2025_H3N2,2575,0.5989,0.5989
seqneut25to26_sera_1005_d0,A/Arica/59150/2025_H3N2,plate8-A/Arica/59150/2025_H3N2,5921,0.6225,0.6225
seqneut25to26_sera_1005_d0,A/Arica/59150/2025_H3N2,plate8-A/Arica/59150/2025_H3N2,1.362e+04,0.8884,0.8884
seqneut25to26_sera_1005_d0,A/Bahia/3102/2025_H3N2,plate8-A/Bahia/3102/2025_H3N2,40,0.0339,0.0339
seqneut25to26_sera_1005_d0,A/Bahia/3102/2025_H3N2,plate8-A/Bahia/3102/2025_H3N2,92,0.1334,0.1334
seqneut25to26_sera_1005_d0,A/Bahia/3102/2025_H3N2,plate8-A/Bahia/3102/2025_H3N2,212,0.2578,0.2578
seqneut25to26_sera_1005_d0,A/Bahia/3102/2025_H3N2,plate8-A/Bahia/3102/2025_H3N2,487,0.4114,0.4114
seqneut25to26_sera_1005_d0,A/Bahia/3102/2025_H3N2,plate8-A/Bahia/3102/2025_H3N2,1119,0.3712,0.3712
seqneut25to26_sera_1005_d0,A/Bahia/3102/2025_H3N2,plate8-A/Bahia/3102/2025_H3N2,2575,0.5244,0.5244
seqneut25to26_sera_1005_d0,A/Bahia/3102/2025_H3N2,plate8-A/Bahia/3102/2025_H3N2,5921,0.52,0.52
seqneut25to26_sera_1005_d0,A/Bahia/3102/2025_H3N2,plate8-A/Bahia/3102/2025_H3N2,1.362e+04,0.8555,0.8555
seqneut25to26_sera_1005_d0,A/Bangkok/1803/2025_H1N1,plate8-A/Bangkok/1803/2025_H1N1,40,0.01344,0.01344
seqneut25to26_sera_1005_d0,A/Bangkok/1803/2025_H1N1,plate8-A/Bangkok/1803/2025_H1N1,92,0.2121,0.2121
seqneut25to26_sera_1005_d0,A/Bangkok/1803/2025_H1N1,plate8-A/Bangkok/1803/2025_H1N1,212,0.6036,0.6036
seqneut25to26_sera_1005_d0,A/Bangkok/1803/2025_H1N1,plate8-A/Bangkok/1803/2025_H1N1,487,0.7447,0.7447
seqneut25to26_sera_1005_d0,A/Bangkok/1803/2025_H1N1,plate8-A/Bangkok/1803/2025_H1N1,1119,0.8638,0.8638
seqneut25to26_sera_1005_d0,A/Bangkok/1803/2025_H1N1,plate8-A/Bangkok/1803/2025_H1N1,2575,0.7148,0.7148
seqneut25to26_sera_1005_d0,A/Bangkok/1803/2025_H1N1,plate8-A/Bangkok/1803/2025_H1N1,5921,0.7085,0.7085
seqneut25to26_sera_1005_d0,A/Bangkok/1803/2025_H1N1,plate8-A/Bangkok/1803/2025_H1N1,1.362e+04,0.911,0.911
seqneut25to26_sera_1005_d0,A/Bangkok/P2229/2025_H1N1,plate8-A/Bangkok/P2229/2025_H1N1,40,0.03191,0.03191
seqneut25to26_sera_1005_d0,A/Bangkok/P2229/2025_H1N1,plate8-A/Bangkok/P2229/2025_H1N1,92,0.1272,0.1272
seqneut25to26_sera_1005_d0,A/Bangkok/P2229/2025_H1N1,plate8-A/Bangkok/P2229/2025_H1N1,212,0.562,0.562
seqneut25to26_sera_1005_d0,A/Bangkok/P2229/2025_H1N1,plate8-A/Bangkok/P2229/2025_H1N1,487,0.6431,0.6431
seqneut25to26_sera_1005_d0,A/Bangkok/P2229/2025_H1N1,plate8-A/Bangkok/P2229/2025_H1N1,1119,0.675,0.675
seqneut25to26_sera_1005_d0,A/Bangkok/P2229/2025_H1N1,plate8-A/Bangkok/P2229/2025_H1N1,2575,0.7343,0.7343
seqneut25to26_sera_1005_d0,A/Bangkok/P2229/2025_H1N1,plate8-A/Bangkok/P2229/2025_H1N1,5921,0.6668,0.6668
seqneut25to26_sera_1005_d0,A/Bangkok/P2229/2025_H1N1,plate8-A/Bangkok/P2229/2025_H1N1,1.362e+04,1.125,1
seqneut25to26_sera_1005_d0,A/Bangkok/P2323/2025_H3N2,plate8-A/Bangkok/P2323/2025_H3N2,40,0.08944,0.08944
seqneut25to26_sera_1005_d0,A/Bangkok/P2323/2025_H3N2,plate8-A/Bangkok/P2323/2025_H3N2,92,0.1337,0.1337
seqneut25to26_sera_1005_d0,A/Bangkok/P2323/2025_H3N2,plate8-A/Bangkok/P2323/2025_H3N2,212,0.3287,0.3287
seqneut25to26_sera_1005_d0,A/Bangkok/P2323/2025_H3N2,plate8-A/Bangkok/P2323/2025_H3N2,487,0.6351,0.6351
seqneut25to26_sera_1005_d0,A/Bangkok/P2323/2025_H3N2,plate8-A/Bangkok/P2323/2025_H3N2,1119,0.6948,0.6948
seqneut25to26_sera_1005_d0,A/Bangkok/P2323/2025_H3N2,plate8-A/Bangkok/P2323/2025_H3N2,2575,0.6978,0.6978
seqneut25to26_sera_1005_d0,A/Bangkok/P2323/2025_H3N2,plate8-A/Bangkok/P2323/2025_H3N2,5921,0.5534,0.5534
seqneut25to26_sera_1005_d0,A/Bangkok/P2323/2025_H3N2,plate8-A/Bangkok/P2323/2025_H3N2,1.362e+04,0.9991,0.9991
seqneut25to26_sera_1005_d0,A/Bangkok/P2390/2025_H3N2,plate8-A/Bangkok/P2390/2025_H3N2,40,0.09609,0.09609
seqneut25to26_sera_1005_d0,A/Bangkok/P2390/2025_H3N2,plate8-A/Bangkok/P2390/2025_H3N2,92,0.162,0.162
seqneut25to26_sera_1005_d0,A/Bangkok/P2390/2025_H3N2,plate8-A/Bangkok/P2390/2025_H3N2,212,0.4919,0.4919
seqneut25to26_sera_1005_d0,A/Bangkok/P2390/2025_H3N2,plate8-A/Bangkok/P2390/2025_H3N2,487,0.4839,0.4839
seqneut25to26_sera_1005_d0,A/Bangkok/P2390/2025_H3N2,plate8-A/Bangkok/P2390/2025_H3N2,1119,0.5891,0.5891
seqneut25to26_sera_1005_d0,A/Bangkok/P2390/2025_H3N2,plate8-A/Bangkok/P2390/2025_H3N2,2575,0.5077,0.5077
seqneut25to26_sera_1005_d0,A/Bangkok/P2390/2025_H3N2,plate8-A/Bangkok/P2390/2025_H3N2,5921,0.4707,0.4707
seqneut25to26_sera_1005_d0,A/Bangkok/P2390/2025_H3N2,plate8-A/Bangkok/P2390/2025_H3N2,1.362e+04,1.003,1
seqneut25to26_sera_1005_d0,A/Bangkok/P2391/2025_H3N2,plate8-A/Bangkok/P2391/2025_H3N2,40,2.8e-07,2.8e-07
seqneut25to26_sera_1005_d0,A/Bangkok/P2391/2025_H3N2,plate8-A/Bangkok/P2391/2025_H3N2,92,0.003151,0.003151
seqneut25to26_sera_1005_d0,A/Bangkok/P2391/2025_H3N2,plate8-A/Bangkok/P2391/2025_H3N2,212,0.08329,0.08329
seqneut25to26_sera_1005_d0,A/Bangkok/P2391/2025_H3N2,plate8-A/Bangkok/P2391/2025_H3N2,487,0.246,0.246
seqneut25to26_sera_1005_d0,A/Bangkok/P2391/2025_H3N2,plate8-A/Bangkok/P2391/2025_H3N2,1119,0.5676,0.5676
seqneut25to26_sera_1005_d0,A/Bangkok/P2391/2025_H3N2,plate8-A/Bangkok/P2391/2025_H3N2,2575,0.5703,0.5703
seqneut25to26_sera_1005_d0,A/Bangkok/P2391/2025_H3N2,plate8-A/Bangkok/P2391/2025_H3N2,5921,0.384,0.384
seqneut25to26_sera_1005_d0,A/Bangkok/P2391/2025_H3N2,plate8-A/Bangkok/P2391/2025_H3N2,1.362e+04,0.5847,0.5847
seqneut25to26_sera_1005_d0,A/Bangkok/P2572/2025_H3N2,plate8-A/Bangkok/P2572/2025_H3N2,40,0.1265,0.1265
seqneut25to26_sera_1005_d0,A/Bangkok/P2572/2025_H3N2,plate8-A/Bangkok/P2572/2025_H3N2,92,0.212,0.212
seqneut25to26_sera_1005_d0,A/Bangkok/P2572/2025_H3N2,plate8-A/Bangkok/P2572/2025_H3N2,212,0.4515,0.4515
seqneut25to26_sera_1005_d0,A/Bangkok/P2572/2025_H3N2,plate8-A/Bangkok/P2572/2025_H3N2,487,0.3875,0.3875
seqneut25to26_sera_1005_d0,A/Bangkok/P2572/2025_H3N2,plate8-A/Bangkok/P2572/2025_H3N2,1119,0.5925,0.5925
seqneut25to26_sera_1005_d0,A/Bangkok/P2572/2025_H3N2,plate8-A/Bangkok/P2572/2025_H3N2,2575,0.6936,0.6936
seqneut25to26_sera_1005_d0,A/Bangkok/P2572/2025_H3N2,plate8-A/Bangkok/P2572/2025_H3N2,5921,0.6317,0.6317
seqneut25to26_sera_1005_d0,A/Bangkok/P2572/2025_H3N2,plate8-A/Bangkok/P2572/2025_H3N2,1.362e+04,0.7742,0.7742
seqneut25to26_sera_1005_d0,A/Bangkok/P2921/2025_H3N2,plate8-A/Bangkok/P2921/2025_H3N2,40,6.307e-07,6.307e-07
seqneut25to26_sera_1005_d0,A/Bangkok/P2921/2025_H3N2,plate8-A/Bangkok/P2921/2025_H3N2,92,0.0002045,0.0002045
seqneut25to26_sera_1005_d0,A/Bangkok/P2921/2025_H3N2,plate8-A/Bangkok/P2921/2025_H3N2,212,0.005061,0.005061
seqneut25to26_sera_1005_d0,A/Bangkok/P2921/2025_H3N2,plate8-A/Bangkok/P2921/2025_H3N2,487,0.09533,0.09533
seqneut25to26_sera_1005_d0,A/Bangkok/P2921/2025_H3N2,plate8-A/Bangkok/P2921/2025_H3N2,1119,0.4337,0.4337
seqneut25to26_sera_1005_d0,A/Bangkok/P2921/2025_H3N2,plate8-A/Bangkok/P2921/2025_H3N2,2575,0.5825,0.5825
seqneut25to26_sera_1005_d0,A/Bangkok/P2921/2025_H3N2,plate8-A/Bangkok/P2921/2025_H3N2,5921,0.4672,0.4672
seqneut25to26_sera_1005_d0,A/Bangkok/P2921/2025_H3N2,plate8-A/Bangkok/P2921/2025_H3N2,1.362e+04,0.7851,0.7851
seqneut25to26_sera_1005_d0,A/Bangkok/P3067/2025_H1N1,plate8-A/Bangkok/P3067/2025_H1N1,40,0.006154,0.006154
seqneut25to26_sera_1005_d0,A/Bangkok/P3067/2025_H1N1,plate8-A/Bangkok/P3067/2025_H1N1,92,0.05679,0.05679
seqneut25to26_sera_1005_d0,A/Bangkok/P3067/2025_H1N1,plate8-A/Bangkok/P3067/2025_H1N1,212,0.4135,0.4135
seqneut25to26_sera_1005_d0,A/Bangkok/P3067/2025_H1N1,plate8-A/Bangkok/P3067/2025_H1N1,487,0.6338,0.6338
seqneut25to26_sera_1005_d0,A/Bangkok/P3067/2025_H1N1,plate8-A/Bangkok/P3067/2025_H1N1,1119,0.8226,0.8226
seqneut25to26_sera_1005_d0,A/Bangkok/P3067/2025_H1N1,plate8-A/Bangkok/P3067/2025_H1N1,2575,0.7242,0.7242
seqneut25to26_sera_1005_d0,A/Bangkok/P3067/2025_H1N1,plate8-A/Bangkok/P3067/2025_H1N1,5921,0.7347,0.7347
seqneut25to26_sera_1005_d0,A/Bangkok/P3067/2025_H1N1,plate8-A/Bangkok/P3067/2025_H1N1,1.362e+04,0.7719,0.7719
seqneut25to26_sera_1005_d0,A/Bangkok/P3263/2025_H3N2,plate8-A/Bangkok/P3263/2025_H3N2,40,0.05717,0.05717
seqneut25to26_sera_1005_d0,A/Bangkok/P3263/2025_H3N2,plate8-A/Bangkok/P3263/2025_H3N2,92,0.1162,0.1162
seqneut25to26_sera_1005_d0,A/Bangkok/P3263/2025_H3N2,plate8-A/Bangkok/P3263/2025_H3N2,212,0.2428,0.2428
seqneut25to26_sera_1005_d0,A/Bangkok/P3263/2025_H3N2,plate8-A/Bangkok/P3263/2025_H3N2,487,0.4477,0.4477
seqneut25to26_sera_1005_d0,A/Bangkok/P3263/2025_H3N2,plate8-A/Bangkok/P3263/2025_H3N2,1119,0.718,0.718
seqneut25to26_sera_1005_d0,A/Bangkok/P3263/2025_H3N2,plate8-A/Bangkok/P3263/2025_H3N2,2575,0.6981,0.6981
seqneut25to26_sera_1005_d0,A/Bangkok/P3263/2025_H3N2,plate8-A/Bangkok/P3263/2025_H3N2,5921,0.5877,0.5877
seqneut25to26_sera_1005_d0,A/Bangkok/P3263/2025_H3N2,plate8-A/Bangkok/P3263/2025_H3N2,1.362e+04,0.8547,0.8547
seqneut25to26_sera_1005_d0,A/Belgium/H0097/2025_H3N2,plate8-A/Belgium/H0097/2025_H3N2,40,0.002345,0.002345
seqneut25to26_sera_1005_d0,A/Belgium/H0097/2025_H3N2,plate8-A/Belgium/H0097/2025_H3N2,92,0.002443,0.002443
seqneut25to26_sera_1005_d0,A/Belgium/H0097/2025_H3N2,plate8-A/Belgium/H0097/2025_H3N2,212,0.04283,0.04283
seqneut25to26_sera_1005_d0,A/Belgium/H0097/2025_H3N2,plate8-A/Belgium/H0097/2025_H3N2,487,0.1925,0.1925
seqneut25to26_sera_1005_d0,A/Belgium/H0097/2025_H3N2,plate8-A/Belgium/H0097/2025_H3N2,1119,0.4563,0.4563
seqneut25to26_sera_1005_d0,A/Belgium/H0097/2025_H3N2,plate8-A/Belgium/H0097/2025_H3N2,2575,0.5667,0.5667
seqneut25to26_sera_1005_d0,A/Belgium/H0097/2025_H3N2,plate8-A/Belgium/H0097/2025_H3N2,5921,0.4734,0.4734
seqneut25to26_sera_1005_d0,A/Belgium/H0097/2025_H3N2,plate8-A/Belgium/H0097/2025_H3N2,1.362e+04,0.848,0.848
seqneut25to26_sera_1005_d0,A/Bhutan/1267/2025_H3N2,plate8-A/Bhutan/1267/2025_H3N2,40,0,0
seqneut25to26_sera_1005_d0,A/Bhutan/1267/2025_H3N2,plate8-A/Bhutan/1267/2025_H3N2,92,4.233e-05,4.233e-05
seqneut25to26_sera_1005_d0,A/Bhutan/1267/2025_H3N2,plate8-A/Bhutan/1267/2025_H3N2,212,0.0002353,0.0002353
seqneut25to26_sera_1005_d0,A/Bhutan/1267/2025_H3N2,plate8-A/Bhutan/1267/2025_H3N2,487,0.02838,0.02838
seqneut25to26_sera_1005_d0,A/Bhutan/1267/2025_H3N2,plate8-A/Bhutan/1267/2025_H3N2,1119,0.1753,0.1753
seqneut25to26_sera_1005_d0,A/Bhutan/1267/2025_H3N2,plate8-A/Bhutan/1267/2025_H3N2,2575,0.5939,0.5939
seqneut25to26_sera_1005_d0,A/Bhutan/1267/2025_H3N2,plate8-A/Bhutan/1267/2025_H3N2,5921,0.5336,0.5336
seqneut25to26_sera_1005_d0,A/Bhutan/1267/2025_H3N2,plate8-A/Bhutan/1267/2025_H3N2,1.362e+04,0.6781,0.6781
seqneut25to26_sera_1005_d0,A/Bhutan/7/2025_H3N2,plate8-A/Bhutan/7/2025_H3N2,40,5.519e-05,5.519e-05
seqneut25to26_sera_1005_d0,A/Bhutan/7/2025_H3N2,plate8-A/Bhutan/7/2025_H3N2,92,3.051e-05,3.051e-05
seqneut25to26_sera_1005_d0,A/Bhutan/7/2025_H3N2,plate8-A/Bhutan/7/2025_H3N2,212,0.003809,0.003809
seqneut25to26_sera_1005_d0,A/Bhutan/7/2025_H3N2,plate8-A/Bhutan/7/2025_H3N2,487,0.0118,0.0118
seqneut25to26_sera_1005_d0,A/Bhutan/7/2025_H3N2,plate8-A/Bhutan/7/2025_H3N2,1119,0.2535,0.2535
seqneut25to26_sera_1005_d0,A/Bhutan/7/2025_H3N2,plate8-A/Bhutan/7/2025_H3N2,2575,0.5271,0.5271
seqneut25to26_sera_1005_d0,A/Bhutan/7/2025_H3N2,plate8-A/Bhutan/7/2025_H3N2,5921,0.5712,0.5712
seqneut25to26_sera_1005_d0,A/Bhutan/7/2025_H3N2,plate8-A/Bhutan/7/2025_H3N2,1.362e+04,0.725,0.725
seqneut25to26_sera_1005_d0,A/BritishColumbia/PHL-2473/2025_H1N1,plate8-A/BritishColumbia/PHL-2473/2025_H1N1,40,0.008132,0.008132
seqneut25to26_sera_1005_d0,A/BritishColumbia/PHL-2473/2025_H1N1,plate8-A/BritishColumbia/PHL-2473/2025_H1N1,92,0.1594,0.1594
seqneut25to26_sera_1005_d0,A/BritishColumbia/PHL-2473/2025_H1N1,plate8-A/BritishColumbia/PHL-2473/2025_H1N1,212,0.4803,0.4803
seqneut25to26_sera_1005_d0,A/BritishColumbia/PHL-2473/2025_H1N1,plate8-A/BritishColumbia/PHL-2473/2025_H1N1,487,0.6042,0.6042
seqneut25to26_sera_1005_d0,A/BritishColumbia/PHL-2473/2025_H1N1,plate8-A/BritishColumbia/PHL-2473/2025_H1N1,1119,0.8134,0.8134
seqneut25to26_sera_1005_d0,A/BritishColumbia/PHL-2473/2025_H1N1,plate8-A/BritishColumbia/PHL-2473/2025_H1N1,2575,0.7292,0.7292
seqneut25to26_sera_1005_d0,A/BritishColumbia/PHL-2473/2025_H1N1,plate8-A/BritishColumbia/PHL-2473/2025_H1N1,5921,0.6198,0.6198
seqneut25to26_sera_1005_d0,A/BritishColumbia/PHL-2473/2025_H1N1,plate8-A/BritishColumbia/PHL-2473/2025_H1N1,1.362e+04,0.8846,0.8846
seqneut25to26_sera_1005_d0,A/California/61/2025_H3N2,plate8-A/California/61/2025_H3N2,40,0.05247,0.05247
seqneut25to26_sera_1005_d0,A/California/61/2025_H3N2,plate8-A/California/61/2025_H3N2,92,0.2958,0.2958
seqneut25to26_sera_1005_d0,A/California/61/2025_H3N2,plate8-A/California/61/2025_H3N2,212,0.3311,0.3311
seqneut25to26_sera_1005_d0,A/California/61/2025_H3N2,plate8-A/California/61/2025_H3N2,487,0.5689,0.5689
seqneut25to26_sera_1005_d0,A/California/61/2025_H3N2,plate8-A/California/61/2025_H3N2,1119,0.5465,0.5465
seqneut25to26_sera_1005_d0,A/California/61/2025_H3N2,plate8-A/California/61/2025_H3N2,2575,0.5632,0.5632
seqneut25to26_sera_1005_d0,A/California/61/2025_H3N2,plate8-A/California/61/2025_H3N2,5921,0.5433,0.5433
seqneut25to26_sera_1005_d0,A/California/61/2025_H3N2,plate8-A/California/61/2025_H3N2,1.362e+04,0.7095,0.7095
seqneut25to26_sera_1005_d0,A/California/63/2025_H1N1,plate8-A/California/63/2025_H1N1,40,0.008902,0.008902
seqneut25to26_sera_1005_d0,A/California/63/2025_H1N1,plate8-A/California/63/2025_H1N1,92,0.1351,0.1351
seqneut25to26_sera_1005_d0,A/California/63/2025_H1N1,plate8-A/California/63/2025_H1N1,212,0.6815,0.6815
seqneut25to26_sera_1005_d0,A/California/63/2025_H1N1,plate8-A/California/63/2025_H1N1,487,0.6627,0.6627
seqneut25to26_sera_1005_d0,A/California/63/2025_H1N1,plate8-A/California/63/2025_H1N1,1119,0.7219,0.7219
seqneut25to26_sera_1005_d0,A/California/63/2025_H1N1,plate8-A/California/63/2025_H1N1,2575,0.6166,0.6166
seqneut25to26_sera_1005_d0,A/California/63/2025_H1N1,plate8-A/California/63/2025_H1N1,5921,0.6015,0.6015
seqneut25to26_sera_1005_d0,A/California/63/2025_H1N1,plate8-A/California/63/2025_H1N1,1.362e+04,0.8196,0.8196
seqneut25to26_sera_1005_d0,A/Canberra/465/2025_H1N1,plate8-A/Canberra/465/2025_H1N1,40,0.01074,0.01074
seqneut25to26_sera_1005_d0,A/Canberra/465/2025_H1N1,plate8-A/Canberra/465/2025_H1N1,92,0.1355,0.1355
seqneut25to26_sera_1005_d0,A/Canberra/465/2025_H1N1,plate8-A/Canberra/465/2025_H1N1,212,0.4128,0.4128
seqneut25to26_sera_1005_d0,A/Canberra/465/2025_H1N1,plate8-A/Canberra/465/2025_H1N1,487,0.607,0.607
seqneut25to26_sera_1005_d0,A/Canberra/465/2025_H1N1,plate8-A/Canberra/465/2025_H1N1,1119,0.7825,0.7825
seqneut25to26_sera_1005_d0,A/Canberra/465/2025_H1N1,plate8-A/Canberra/465/2025_H1N1,2575,0.6653,0.6653
seqneut25to26_sera_1005_d0,A/Canberra/465/2025_H1N1,plate8-A/Canberra/465/2025_H1N1,5921,0.6854,0.6854
seqneut25to26_sera_1005_d0,A/Canberra/465/2025_H1N1,plate8-A/Canberra/465/2025_H1N1,1.362e+04,0.8876,0.8876
seqneut25to26_sera_1005_d0,A/Canberra/530/2025_H1N1,plate8-A/Canberra/530/2025_H1N1,40,0.01185,0.01185
seqneut25to26_sera_1005_d0,A/Canberra/530/2025_H1N1,plate8-A/Canberra/530/2025_H1N1,92,0.1612,0.1612
seqneut25to26_sera_1005_d0,A/Canberra/530/2025_H1N1,plate8-A/Canberra/530/2025_H1N1,212,0.4912,0.4912
seqneut25to26_sera_1005_d0,A/Canberra/530/2025_H1N1,plate8-A/Canberra/530/2025_H1N1,487,0.6594,0.6594
seqneut25to26_sera_1005_d0,A/Canberra/530/2025_H1N1,plate8-A/Canberra/530/2025_H1N1,1119,0.8268,0.8268
seqneut25to26_sera_1005_d0,A/Canberra/530/2025_H1N1,plate8-A/Canberra/530/2025_H1N1,2575,0.8739,0.8739
seqneut25to26_sera_1005_d0,A/Canberra/530/2025_H1N1,plate8-A/Canberra/530/2025_H1N1,5921,0.5892,0.5892
seqneut25to26_sera_1005_d0,A/Canberra/530/2025_H1N1,plate8-A/Canberra/530/2025_H1N1,1.362e+04,0.9102,0.9102
seqneut25to26_sera_1005_d0,A/Catalonia/NSVH102689455/2025_H1N1,plate8-A/Catalonia/NSVH102689455/2025_H1N1,40,0.004182,0.004182
seqneut25to26_sera_1005_d0,A/Catalonia/NSVH102689455/2025_H1N1,plate8-A/Catalonia/NSVH102689455/2025_H1N1,92,0.1383,0.1383
seqneut25to26_sera_1005_d0,A/Catalonia/NSVH102689455/2025_H1N1,plate8-A/Catalonia/NSVH102689455/2025_H1N1,212,0.5036,0.5036
seqneut25to26_sera_1005_d0,A/Catalonia/NSVH102689455/2025_H1N1,plate8-A/Catalonia/NSVH102689455/2025_H1N1,487,0.5893,0.5893
seqneut25to26_sera_1005_d0,A/Catalonia/NSVH102689455/2025_H1N1,plate8-A/Catalonia/NSVH102689455/2025_H1N1,1119,0.6755,0.6755
seqneut25to26_sera_1005_d0,A/Catalonia/NSVH102689455/2025_H1N1,plate8-A/Catalonia/NSVH102689455/2025_H1N1,2575,0.7171,0.7171
seqneut25to26_sera_1005_d0,A/Catalonia/NSVH102689455/2025_H1N1,plate8-A/Catalonia/NSVH102689455/2025_H1N1,5921,0.6247,0.6247
seqneut25to26_sera_1005_d0,A/Catalonia/NSVH102689455/2025_H1N1,plate8-A/Catalonia/NSVH102689455/2025_H1N1,1.362e+04,0.9405,0.9405
seqneut25to26_sera_1005_d0,A/Colorado/105/2025_H1N1,plate8-A/Colorado/105/2025_H1N1,40,0.08751,0.08751
seqneut25to26_sera_1005_d0,A/Colorado/105/2025_H1N1,plate8-A/Colorado/105/2025_H1N1,92,0.3751,0.3751
seqneut25to26_sera_1005_d0,A/Colorado/105/2025_H1N1,plate8-A/Colorado/105/2025_H1N1,212,0.7303,0.7303
seqneut25to26_sera_1005_d0,A/Colorado/105/2025_H1N1,plate8-A/Colorado/105/2025_H1N1,487,0.98,0.98
seqneut25to26_sera_1005_d0,A/Colorado/105/2025_H1N1,plate8-A/Colorado/105/2025_H1N1,1119,1.124,1
seqneut25to26_sera_1005_d0,A/Colorado/105/2025_H1N1,plate8-A/Colorado/105/2025_H1N1,2575,0.6028,0.6028
seqneut25to26_sera_1005_d0,A/Colorado/105/2025_H1N1,plate8-A/Colorado/105/2025_H1N1,5921,0.8825,0.8825
seqneut25to26_sera_1005_d0,A/Colorado/105/2025_H1N1,plate8-A/Colorado/105/2025_H1N1,1.362e+04,0.8317,0.8317
seqneut25to26_sera_1005_d0,A/CoteDIvoire/2007/2025_H1N1,plate8-A/CoteDIvoire/2007/2025_H1N1,40,0.007507,0.007507
seqneut25to26_sera_1005_d0,A/CoteDIvoire/2007/2025_H1N1,plate8-A/CoteDIvoire/2007/2025_H1N1,92,0.1952,0.1952
seqneut25to26_sera_1005_d0,A/CoteDIvoire/2007/2025_H1N1,plate8-A/CoteDIvoire/2007/2025_H1N1,212,0.4299,0.4299
seqneut25to26_sera_1005_d0,A/CoteDIvoire/2007/2025_H1N1,plate8-A/CoteDIvoire/2007/2025_H1N1,487,0.7014,0.7014
seqneut25to26_sera_1005_d0,A/CoteDIvoire/2007/2025_H1N1,plate8-A/CoteDIvoire/2007/2025_H1N1,1119,0.7308,0.7308
seqneut25to26_sera_1005_d0,A/CoteDIvoire/2007/2025_H1N1,plate8-A/CoteDIvoire/2007/2025_H1N1,2575,0.7427,0.7427
seqneut25to26_sera_1005_d0,A/CoteDIvoire/2007/2025_H1N1,plate8-A/CoteDIvoire/2007/2025_H1N1,5921,0.6214,0.6214
seqneut25to26_sera_1005_d0,A/CoteDIvoire/2007/2025_H1N1,plate8-A/CoteDIvoire/2007/2025_H1N1,1.362e+04,1.068,1
seqneut25to26_sera_1005_d0,A/Croatia/10136RV/2023-egg_H3N2,plate8-A/Croatia/10136RV/2023-egg_H3N2,40,0.002788,0.002788
seqneut25to26_sera_1005_d0,A/Croatia/10136RV/2023-egg_H3N2,plate8-A/Croatia/10136RV/2023-egg_H3N2,92,0.000676,0.000676
seqneut25to26_sera_1005_d0,A/Croatia/10136RV/2023-egg_H3N2,plate8-A/Croatia/10136RV/2023-egg_H3N2,212,0.00289,0.00289
seqneut25to26_sera_1005_d0,A/Croatia/10136RV/2023-egg_H3N2,plate8-A/Croatia/10136RV/2023-egg_H3N2,487,0.01027,0.01027
seqneut25to26_sera_1005_d0,A/Croatia/10136RV/2023-egg_H3N2,plate8-A/Croatia/10136RV/2023-egg_H3N2,1119,0.1135,0.1135
seqneut25to26_sera_1005_d0,A/Croatia/10136RV/2023-egg_H3N2,plate8-A/Croatia/10136RV/2023-egg_H3N2,2575,0.3235,0.3235
seqneut25to26_sera_1005_d0,A/Croatia/10136RV/2023-egg_H3N2,plate8-A/Croatia/10136RV/2023-egg_H3N2,5921,0.2703,0.2703
seqneut25to26_sera_1005_d0,A/Croatia/10136RV/2023-egg_H3N2,plate8-A/Croatia/10136RV/2023-egg_H3N2,1.362e+04,0.4822,0.4822
seqneut25to26_sera_1005_d0,A/Darwin/1405/2025_H1N1,plate8-A/Darwin/1405/2025_H1N1,40,0.02179,0.02179
seqneut25to26_sera_1005_d0,A/Darwin/1405/2025_H1N1,plate8-A/Darwin/1405/2025_H1N1,92,0.1491,0.1491
seqneut25to26_sera_1005_d0,A/Darwin/1405/2025_H1N1,plate8-A/Darwin/1405/2025_H1N1,212,0.44,0.44
seqneut25to26_sera_1005_d0,A/Darwin/1405/2025_H1N1,plate8-A/Darwin/1405/2025_H1N1,487,0.7503,0.7503
seqneut25to26_sera_1005_d0,A/Darwin/1405/2025_H1N1,plate8-A/Darwin/1405/2025_H1N1,1119,0.783,0.783
seqneut25to26_sera_1005_d0,A/Darwin/1405/2025_H1N1,plate8-A/Darwin/1405/2025_H1N1,2575,0.7632,0.7632
seqneut25to26_sera_1005_d0,A/Darwin/1405/2025_H1N1,plate8-A/Darwin/1405/2025_H1N1,5921,0.7069,0.7069
seqneut25to26_sera_1005_d0,A/Darwin/1405/2025_H1N1,plate8-A/Darwin/1405/2025_H1N1,1.362e+04,0.8963,0.8963
seqneut25to26_sera_1005_d0,A/Darwin/1461/2025_H3N2,plate8-A/Darwin/1461/2025_H3N2,40,0,0
seqneut25to26_sera_1005_d0,A/Darwin/1461/2025_H3N2,plate8-A/Darwin/1461/2025_H3N2,92,0.002375,0.002375
seqneut25to26_sera_1005_d0,A/Darwin/1461/2025_H3N2,plate8-A/Darwin/1461/2025_H3N2,212,0.01089,0.01089
seqneut25to26_sera_1005_d0,A/Darwin/1461/2025_H3N2,plate8-A/Darwin/1461/2025_H3N2,487,0.7485,0.7485
seqneut25to26_sera_1005_d0,A/Darwin/1461/2025_H3N2,plate8-A/Darwin/1461/2025_H3N2,1119,0.2947,0.2947
seqneut25to26_sera_1005_d0,A/Darwin/1461/2025_H3N2,plate8-A/Darwin/1461/2025_H3N2,2575,0.4713,0.4713
seqneut25to26_sera_1005_d0,A/Darwin/1461/2025_H3N2,plate8-A/Darwin/1461/2025_H3N2,5921,0.5261,0.5261
seqneut25to26_sera_1005_d0,A/Darwin/1461/2025_H3N2,plate8-A/Darwin/1461/2025_H3N2,1.362e+04,0.9938,0.9938
seqneut25to26_sera_1005_d0,A/Denmark/3070/2025_H1N1,plate8-A/Denmark/3070/2025_H1N1,40,0.03561,0.03561
seqneut25to26_sera_1005_d0,A/Denmark/3070/2025_H1N1,plate8-A/Denmark/3070/2025_H1N1,92,0.2766,0.2766
seqneut25to26_sera_1005_d0,A/Denmark/3070/2025_H1N1,plate8-A/Denmark/3070/2025_H1N1,212,0.7052,0.7052
seqneut25to26_sera_1005_d0,A/Denmark/3070/2025_H1N1,plate8-A/Denmark/3070/2025_H1N1,487,0.7703,0.7703
seqneut25to26_sera_1005_d0,A/Denmark/3070/2025_H1N1,plate8-A/Denmark/3070/2025_H1N1,1119,0.9719,0.9719
seqneut25to26_sera_1005_d0,A/Denmark/3070/2025_H1N1,plate8-A/Denmark/3070/2025_H1N1,2575,0.8132,0.8132
seqneut25to26_sera_1005_d0,A/Denmark/3070/2025_H1N1,plate8-A/Denmark/3070/2025_H1N1,5921,0.6112,0.6112
seqneut25to26_sera_1005_d0,A/Denmark/3070/2025_H1N1,plate8-A/Denmark/3070/2025_H1N1,1.362e+04,0.9146,0.9146
seqneut25to26_sera_1005_d0,A/DistrictOfColumbia/27/2023_H3N2,plate8-A/DistrictOfColumbia/27/2023_H3N2,40,7.536e-07,7.536e-07
seqneut25to26_sera_1005_d0,A/DistrictOfColumbia/27/2023_H3N2,plate8-A/DistrictOfColumbia/27/2023_H3N2,92,0.002328,0.002328
seqneut25to26_sera_1005_d0,A/DistrictOfColumbia/27/2023_H3N2,plate8-A/DistrictOfColumbia/27/2023_H3N2,212,0.01229,0.01229
seqneut25to26_sera_1005_d0,A/DistrictOfColumbia/27/2023_H3N2,plate8-A/DistrictOfColumbia/27/2023_H3N2,487,0.06138,0.06138
seqneut25to26_sera_1005_d0,A/DistrictOfColumbia/27/2023_H3N2,plate8-A/DistrictOfColumbia/27/2023_H3N2,1119,0.2263,0.2263
seqneut25to26_sera_1005_d0,A/DistrictOfColumbia/27/2023_H3N2,plate8-A/DistrictOfColumbia/27/2023_H3N2,2575,0.4431,0.4431
seqneut25to26_sera_1005_d0,A/DistrictOfColumbia/27/2023_H3N2,plate8-A/DistrictOfColumbia/27/2023_H3N2,5921,0.432,0.432
seqneut25to26_sera_1005_d0,A/DistrictOfColumbia/27/2023_H3N2,plate8-A/DistrictOfColumbia/27/2023_H3N2,1.362e+04,0.6871,0.6871
seqneut25to26_sera_1005_d0,A/DistrictOfColumbia/57/2025_H3N2,plate8-A/DistrictOfColumbia/57/2025_H3N2,40,0.08283,0.08283
seqneut25to26_sera_1005_d0,A/DistrictOfColumbia/57/2025_H3N2,plate8-A/DistrictOfColumbia/57/2025_H3N2,92,0.2264,0.2264
seqneut25to26_sera_1005_d0,A/DistrictOfColumbia/57/2025_H3N2,plate8-A/DistrictOfColumbia/57/2025_H3N2,212,0.3949,0.3949
seqneut25to26_sera_1005_d0,A/DistrictOfColumbia/57/2025_H3N2,plate8-A/DistrictOfColumbia/57/2025_H3N2,487,0.4991,0.4991
seqneut25to26_sera_1005_d0,A/DistrictOfColumbia/57/2025_H3N2,plate8-A/DistrictOfColumbia/57/2025_H3N2,1119,0.5856,0.5856
seqneut25to26_sera_1005_d0,A/DistrictOfColumbia/57/2025_H3N2,plate8-A/DistrictOfColumbia/57/2025_H3N2,2575,0.6427,0.6427
seqneut25to26_sera_1005_d0,A/DistrictOfColumbia/57/2025_H3N2,plate8-A/DistrictOfColumbia/57/2025_H3N2,5921,0.549,0.549
seqneut25to26_sera_1005_d0,A/DistrictOfColumbia/57/2025_H3N2,plate8-A/DistrictOfColumbia/57/2025_H3N2,1.362e+04,0.8491,0.8491
seqneut25to26_sera_1005_d0,A/DistritoFederal/250106000728/2025_H3N2,plate8-A/DistritoFederal/250106000728/2025_H3N2,40,0.1757,0.1757
seqneut25to26_sera_1005_d0,A/DistritoFederal/250106000728/2025_H3N2,plate8-A/DistritoFederal/250106000728/2025_H3N2,92,0.1821,0.1821
seqneut25to26_sera_1005_d0,A/DistritoFederal/250106000728/2025_H3N2,plate8-A/DistritoFederal/250106000728/2025_H3N2,212,0.3032,0.3032
seqneut25to26_sera_1005_d0,A/DistritoFederal/250106000728/2025_H3N2,plate8-A/DistritoFederal/250106000728/2025_H3N2,487,0.4239,0.4239
seqneut25to26_sera_1005_d0,A/DistritoFederal/250106000728/2025_H3N2,plate8-A/DistritoFederal/250106000728/2025_H3N2,1119,0.5344,0.5344
seqneut25to26_sera_1005_d0,A/DistritoFederal/250106000728/2025_H3N2,plate8-A/DistritoFederal/250106000728/2025_H3N2,2575,0.4842,0.4842
seqneut25to26_sera_1005_d0,A/DistritoFederal/250106000728/2025_H3N2,plate8-A/DistritoFederal/250106000728/2025_H3N2,5921,0.4921,0.4921
seqneut25to26_sera_1005_d0,A/DistritoFederal/250106000728/2025_H3N2,plate8-A/DistritoFederal/250106000728/2025_H3N2,1.362e+04,0.7839,0.7839
seqneut25to26_sera_1005_d0,A/DistritoFederal/2578578201/2025_H3N2,plate8-A/DistritoFederal/2578578201/2025_H3N2,40,0.05627,0.05627
seqneut25to26_sera_1005_d0,A/DistritoFederal/2578578201/2025_H3N2,plate8-A/DistritoFederal/2578578201/2025_H3N2,92,0.155,0.155
seqneut25to26_sera_1005_d0,A/DistritoFederal/2578578201/2025_H3N2,plate8-A/DistritoFederal/2578578201/2025_H3N2,212,0.414,0.414
seqneut25to26_sera_1005_d0,A/DistritoFederal/2578578201/2025_H3N2,plate8-A/DistritoFederal/2578578201/2025_H3N2,487,0.6037,0.6037
seqneut25to26_sera_1005_d0,A/DistritoFederal/2578578201/2025_H3N2,plate8-A/DistritoFederal/2578578201/2025_H3N2,1119,0.6236,0.6236
seqneut25to26_sera_1005_d0,A/DistritoFederal/2578578201/2025_H3N2,plate8-A/DistritoFederal/2578578201/2025_H3N2,2575,0.7271,0.7271
seqneut25to26_sera_1005_d0,A/DistritoFederal/2578578201/2025_H3N2,plate8-A/DistritoFederal/2578578201/2025_H3N2,5921,0.553,0.553
seqneut25to26_sera_1005_d0,A/DistritoFederal/2578578201/2025_H3N2,plate8-A/DistritoFederal/2578578201/2025_H3N2,1.362e+04,0.8623,0.8623
seqneut25to26_sera_1005_d0,A/England/174/2025_H3N2,plate8-A/England/174/2025_H3N2,40,0,0
seqneut25to26_sera_1005_d0,A/England/174/2025_H3N2,plate8-A/England/174/2025_H3N2,92,2.619e-05,2.619e-05
seqneut25to26_sera_1005_d0,A/England/174/2025_H3N2,plate8-A/England/174/2025_H3N2,212,0.02011,0.02011
seqneut25to26_sera_1005_d0,A/England/174/2025_H3N2,plate8-A/England/174/2025_H3N2,487,0.04504,0.04504
seqneut25to26_sera_1005_d0,A/England/174/2025_H3N2,plate8-A/England/174/2025_H3N2,1119,0.2825,0.2825
seqneut25to26_sera_1005_d0,A/England/174/2025_H3N2,plate8-A/England/174/2025_H3N2,2575,0.4456,0.4456
seqneut25to26_sera_1005_d0,A/England/174/2025_H3N2,plate8-A/England/174/2025_H3N2,5921,0.472,0.472
seqneut25to26_sera_1005_d0,A/England/174/2025_H3N2,plate8-A/England/174/2025_H3N2,1.362e+04,0.8507,0.8507
seqneut25to26_sera_1005_d0,A/England/1822256/2025_H1N1,plate8-A/England/1822256/2025_H1N1,40,0.0002782,0.0002782
seqneut25to26_sera_1005_d0,A/England/1822256/2025_H1N1,plate8-A/England/1822256/2025_H1N1,92,0.0007795,0.0007795
seqneut25to26_sera_1005_d0,A/England/1822256/2025_H1N1,plate8-A/England/1822256/2025_H1N1,212,0.1464,0.1464
seqneut25to26_sera_1005_d0,A/England/1822256/2025_H1N1,plate8-A/England/1822256/2025_H1N1,487,0.4235,0.4235
seqneut25to26_sera_1005_d0,A/England/1822256/2025_H1N1,plate8-A/England/1822256/2025_H1N1,1119,0.7303,0.7303
seqneut25to26_sera_1005_d0,A/England/1822256/2025_H1N1,plate8-A/England/1822256/2025_H1N1,2575,0.7546,0.7546
seqneut25to26_sera_1005_d0,A/England/1822256/2025_H1N1,plate8-A/England/1822256/2025_H1N1,5921,0.6147,0.6147
seqneut25to26_sera_1005_d0,A/England/1822256/2025_H1N1,plate8-A/England/1822256/2025_H1N1,1.362e+04,0.938,0.938
seqneut25to26_sera_1005_d0,A/England/1837734/2025_H3N2,plate8-A/England/1837734/2025_H3N2,40,0.04363,0.04363
seqneut25to26_sera_1005_d0,A/England/1837734/2025_H3N2,plate8-A/England/1837734/2025_H3N2,92,0.2811,0.2811
seqneut25to26_sera_1005_d0,A/England/1837734/2025_H3N2,plate8-A/England/1837734/2025_H3N2,212,0.3738,0.3738
seqneut25to26_sera_1005_d0,A/England/1837734/2025_H3N2,plate8-A/England/1837734/2025_H3N2,487,0.4475,0.4475
seqneut25to26_sera_1005_d0,A/England/1837734/2025_H3N2,plate8-A/England/1837734/2025_H3N2,1119,0.7892,0.7892
seqneut25to26_sera_1005_d0,A/England/1837734/2025_H3N2,plate8-A/England/1837734/2025_H3N2,2575,0.8542,0.8542
seqneut25to26_sera_1005_d0,A/England/1837734/2025_H3N2,plate8-A/England/1837734/2025_H3N2,5921,0.7003,0.7003
seqneut25to26_sera_1005_d0,A/England/1837734/2025_H3N2,plate8-A/England/1837734/2025_H3N2,1.362e+04,0.9091,0.9091
seqneut25to26_sera_1005_d0,A/England/1837737/2025_H3N2,plate8-A/England/1837737/2025_H3N2,40,0,0
seqneut25to26_sera_1005_d0,A/England/1837737/2025_H3N2,plate8-A/England/1837737/2025_H3N2,92,0.00484,0.00484
seqneut25to26_sera_1005_d0,A/England/1837737/2025_H3N2,plate8-A/England/1837737/2025_H3N2,212,0.004204,0.004204
seqneut25to26_sera_1005_d0,A/England/1837737/2025_H3N2,plate8-A/England/1837737/2025_H3N2,487,0.3976,0.3976
seqneut25to26_sera_1005_d0,A/England/1837737/2025_H3N2,plate8-A/England/1837737/2025_H3N2,1119,0.4282,0.4282
seqneut25to26_sera_1005_d0,A/England/1837737/2025_H3N2,plate8-A/England/1837737/2025_H3N2,2575,0.4765,0.4765
seqneut25to26_sera_1005_d0,A/England/1837737/2025_H3N2,plate8-A/England/1837737/2025_H3N2,5921,0.4226,0.4226
seqneut25to26_sera_1005_d0,A/England/1837737/2025_H3N2,plate8-A/England/1837737/2025_H3N2,1.362e+04,0.5695,0.5695
seqneut25to26_sera_1005_d0,A/France/ARA-HCL025155099501/2025_H1N1,plate8-A/France/ARA-HCL025155099501/2025_H1N1,40,0.03795,0.03795
seqneut25to26_sera_1005_d0,A/France/ARA-HCL025155099501/2025_H1N1,plate8-A/France/ARA-HCL025155099501/2025_H1N1,92,0.1942,0.1942
seqneut25to26_sera_1005_d0,A/France/ARA-HCL025155099501/2025_H1N1,plate8-A/France/ARA-HCL025155099501/2025_H1N1,212,0.533,0.533
seqneut25to26_sera_1005_d0,A/France/ARA-HCL025155099501/2025_H1N1,plate8-A/France/ARA-HCL025155099501/2025_H1N1,487,0.727,0.727
seqneut25to26_sera_1005_d0,A/France/ARA-HCL025155099501/2025_H1N1,plate8-A/France/ARA-HCL025155099501/2025_H1N1,1119,0.6914,0.6914
seqneut25to26_sera_1005_d0,A/France/ARA-HCL025155099501/2025_H1N1,plate8-A/France/ARA-HCL025155099501/2025_H1N1,2575,0.7252,0.7252
seqneut25to26_sera_1005_d0,A/France/ARA-HCL025155099501/2025_H1N1,plate8-A/France/ARA-HCL025155099501/2025_H1N1,5921,0.6032,0.6032
seqneut25to26_sera_1005_d0,A/France/ARA-HCL025155099501/2025_H1N1,plate8-A/France/ARA-HCL025155099501/2025_H1N1,1.362e+04,0.9048,0.9048
seqneut25to26_sera_1005_d0,A/Galicia/GA-CHUAC-451/2025_H3N2,plate8-A/Galicia/GA-CHUAC-451/2025_H3N2,40,0.0004572,0.0004572
seqneut25to26_sera_1005_d0,A/Galicia/GA-CHUAC-451/2025_H3N2,plate8-A/Galicia/GA-CHUAC-451/2025_H3N2,92,0.002155,0.002155
seqneut25to26_sera_1005_d0,A/Galicia/GA-CHUAC-451/2025_H3N2,plate8-A/Galicia/GA-CHUAC-451/2025_H3N2,212,0.01894,0.01894
seqneut25to26_sera_1005_d0,A/Galicia/GA-CHUAC-451/2025_H3N2,plate8-A/Galicia/GA-CHUAC-451/2025_H3N2,487,0.1084,0.1084
seqneut25to26_sera_1005_d0,A/Galicia/GA-CHUAC-451/2025_H3N2,plate8-A/Galicia/GA-CHUAC-451/2025_H3N2,1119,0.385,0.385
seqneut25to26_sera_1005_d0,A/Galicia/GA-CHUAC-451/2025_H3N2,plate8-A/Galicia/GA-CHUAC-451/2025_H3N2,2575,0.4267,0.4267
seqneut25to26_sera_1005_d0,A/Galicia/GA-CHUAC-451/2025_H3N2,plate8-A/Galicia/GA-CHUAC-451/2025_H3N2,5921,0.442,0.442
seqneut25to26_sera_1005_d0,A/Galicia/GA-CHUAC-451/2025_H3N2,plate8-A/Galicia/GA-CHUAC-451/2025_H3N2,1.362e+04,0.8582,0.8582
seqneut25to26_sera_1005_d0,A/Ghana/ARI-25-1125/2025_H1N1,plate8-A/Ghana/ARI-25-1125/2025_H1N1,40,0.0001194,0.0001194
seqneut25to26_sera_1005_d0,A/Ghana/ARI-25-1125/2025_H1N1,plate8-A/Ghana/ARI-25-1125/2025_H1N1,92,0.005159,0.005159
seqneut25to26_sera_1005_d0,A/Ghana/ARI-25-1125/2025_H1N1,plate8-A/Ghana/ARI-25-1125/2025_H1N1,212,0.2733,0.2733
seqneut25to26_sera_1005_d0,A/Ghana/ARI-25-1125/2025_H1N1,plate8-A/Ghana/ARI-25-1125/2025_H1N1,487,0.4864,0.4864
seqneut25to26_sera_1005_d0,A/Ghana/ARI-25-1125/2025_H1N1,plate8-A/Ghana/ARI-25-1125/2025_H1N1,1119,0.6358,0.6358
seqneut25to26_sera_1005_d0,A/Ghana/ARI-25-1125/2025_H1N1,plate8-A/Ghana/ARI-25-1125/2025_H1N1,2575,0.5872,0.5872
seqneut25to26_sera_1005_d0,A/Ghana/ARI-25-1125/2025_H1N1,plate8-A/Ghana/ARI-25-1125/2025_H1N1,5921,0.7517,0.7517
seqneut25to26_sera_1005_d0,A/Ghana/ARI-25-1125/2025_H1N1,plate8-A/Ghana/ARI-25-1125/2025_H1N1,1.362e+04,0.8756,0.8756
seqneut25to26_sera_1005_d0,A/Ghana/FS-25-7077/2025_H3N2,plate8-A/Ghana/FS-25-7077/2025_H3N2,40,0.2164,0.2164
seqneut25to26_sera_1005_d0,A/Ghana/FS-25-7077/2025_H3N2,plate8-A/Ghana/FS-25-7077/2025_H3N2,92,0.1616,0.1616
seqneut25to26_sera_1005_d0,A/Ghana/FS-25-7077/2025_H3N2,plate8-A/Ghana/FS-25-7077/2025_H3N2,212,0.3894,0.3894
seqneut25to26_sera_1005_d0,A/Ghana/FS-25-7077/2025_H3N2,plate8-A/Ghana/FS-25-7077/2025_H3N2,487,0.5491,0.5491
seqneut25to26_sera_1005_d0,A/Ghana/FS-25-7077/2025_H3N2,plate8-A/Ghana/FS-25-7077/2025_H3N2,1119,0.6466,0.6466
seqneut25to26_sera_1005_d0,A/Ghana/FS-25-7077/2025_H3N2,plate8-A/Ghana/FS-25-7077/2025_H3N2,2575,0.6413,0.6413
seqneut25to26_sera_1005_d0,A/Ghana/FS-25-7077/2025_H3N2,plate8-A/Ghana/FS-25-7077/2025_H3N2,5921,0.4966,0.4966
seqneut25to26_sera_1005_d0,A/Ghana/FS-25-7077/2025_H3N2,plate8-A/Ghana/FS-25-7077/2025_H3N2,1.362e+04,0.9761,0.9761
seqneut25to26_sera_1005_d0,A/Guangdong-Maonan/11438/2025_H3N2,plate8-A/Guangdong-Maonan/11438/2025_H3N2,40,0,0
seqneut25to26_sera_1005_d0,A/Guangdong-Maonan/11438/2025_H3N2,plate8-A/Guangdong-Maonan/11438/2025_H3N2,92,7.621e-05,7.621e-05
seqneut25to26_sera_1005_d0,A/Guangdong-Maonan/11438/2025_H3N2,plate8-A/Guangdong-Maonan/11438/2025_H3N2,212,0.0003259,0.0003259
seqneut25to26_sera_1005_d0,A/Guangdong-Maonan/11438/2025_H3N2,plate8-A/Guangdong-Maonan/11438/2025_H3N2,487,0.05876,0.05876
seqneut25to26_sera_1005_d0,A/Guangdong-Maonan/11438/2025_H3N2,plate8-A/Guangdong-Maonan/11438/2025_H3N2,1119,0.1448,0.1448
seqneut25to26_sera_1005_d0,A/Guangdong-Maonan/11438/2025_H3N2,plate8-A/Guangdong-Maonan/11438/2025_H3N2,2575,0.5209,0.5209
seqneut25to26_sera_1005_d0,A/Guangdong-Maonan/11438/2025_H3N2,plate8-A/Guangdong-Maonan/11438/2025_H3N2,5921,0.3539,0.3539
seqneut25to26_sera_1005_d0,A/Guangdong-Maonan/11438/2025_H3N2,plate8-A/Guangdong-Maonan/11438/2025_H3N2,1.362e+04,0.9045,0.9045
seqneut25to26_sera_1005_d0,A/Guangdong-Meijiang/11256/2025_H3N2,plate8-A/Guangdong-Meijiang/11256/2025_H3N2,40,0,0
seqneut25to26_sera_1005_d0,A/Guangdong-Meijiang/11256/2025_H3N2,plate8-A/Guangdong-Meijiang/11256/2025_H3N2,92,0.0001492,0.0001492
seqneut25to26_sera_1005_d0,A/Guangdong-Meijiang/11256/2025_H3N2,plate8-A/Guangdong-Meijiang/11256/2025_H3N2,212,0.01208,0.01208
seqneut25to26_sera_1005_d0,A/Guangdong-Meijiang/11256/2025_H3N2,plate8-A/Guangdong-Meijiang/11256/2025_H3N2,487,0.06503,0.06503
seqneut25to26_sera_1005_d0,A/Guangdong-Meijiang/11256/2025_H3N2,plate8-A/Guangdong-Meijiang/11256/2025_H3N2,1119,0.2659,0.2659
seqneut25to26_sera_1005_d0,A/Guangdong-Meijiang/11256/2025_H3N2,plate8-A/Guangdong-Meijiang/11256/2025_H3N2,2575,0.4227,0.4227
seqneut25to26_sera_1005_d0,A/Guangdong-Meijiang/11256/2025_H3N2,plate8-A/Guangdong-Meijiang/11256/2025_H3N2,5921,0.4612,0.4612
seqneut25to26_sera_1005_d0,A/Guangdong-Meijiang/11256/2025_H3N2,plate8-A/Guangdong-Meijiang/11256/2025_H3N2,1.362e+04,0.9013,0.9013
seqneut25to26_sera_1005_d0,A/Guangxi-Daxin/1643/2025_H3N2,plate8-A/Guangxi-Daxin/1643/2025_H3N2,40,6.397e-07,6.397e-07
seqneut25to26_sera_1005_d0,A/Guangxi-Daxin/1643/2025_H3N2,plate8-A/Guangxi-Daxin/1643/2025_H3N2,92,0.0006344,0.0006344
seqneut25to26_sera_1005_d0,A/Guangxi-Daxin/1643/2025_H3N2,plate8-A/Guangxi-Daxin/1643/2025_H3N2,212,0.02425,0.02425
seqneut25to26_sera_1005_d0,A/Guangxi-Daxin/1643/2025_H3N2,plate8-A/Guangxi-Daxin/1643/2025_H3N2,487,0.2096,0.2096
seqneut25to26_sera_1005_d0,A/Guangxi-Daxin/1643/2025_H3N2,plate8-A/Guangxi-Daxin/1643/2025_H3N2,1119,0.3761,0.3761
seqneut25to26_sera_1005_d0,A/Guangxi-Daxin/1643/2025_H3N2,plate8-A/Guangxi-Daxin/1643/2025_H3N2,2575,0.6449,0.6449
seqneut25to26_sera_1005_d0,A/Guangxi-Daxin/1643/2025_H3N2,plate8-A/Guangxi-Daxin/1643/2025_H3N2,5921,0.3255,0.3255
seqneut25to26_sera_1005_d0,A/Guangxi-Daxin/1643/2025_H3N2,plate8-A/Guangxi-Daxin/1643/2025_H3N2,1.362e+04,0.7961,0.7961
seqneut25to26_sera_1005_d0,A/Guangxi-Qingxiu/SWL11742/2025_H1N1,plate8-A/Guangxi-Qingxiu/SWL11742/2025_H1N1,40,0.01334,0.01334
seqneut25to26_sera_1005_d0,A/Guangxi-Qingxiu/SWL11742/2025_H1N1,plate8-A/Guangxi-Qingxiu/SWL11742/2025_H1N1,92,0.19,0.19
seqneut25to26_sera_1005_d0,A/Guangxi-Qingxiu/SWL11742/2025_H1N1,plate8-A/Guangxi-Qingxiu/SWL11742/2025_H1N1,212,0.6086,0.6086
seqneut25to26_sera_1005_d0,A/Guangxi-Qingxiu/SWL11742/2025_H1N1,plate8-A/Guangxi-Qingxiu/SWL11742/2025_H1N1,487,0.7686,0.7686
seqneut25to26_sera_1005_d0,A/Guangxi-Qingxiu/SWL11742/2025_H1N1,plate8-A/Guangxi-Qingxiu/SWL11742/2025_H1N1,1119,0.8755,0.8755
seqneut25to26_sera_1005_d0,A/Guangxi-Qingxiu/SWL11742/2025_H1N1,plate8-A/Guangxi-Qingxiu/SWL11742/2025_H1N1,2575,0.7304,0.7304
seqneut25to26_sera_1005_d0,A/Guangxi-Qingxiu/SWL11742/2025_H1N1,plate8-A/Guangxi-Qingxiu/SWL11742/2025_H1N1,5921,0.7225,0.7225
seqneut25to26_sera_1005_d0,A/Guangxi-Qingxiu/SWL11742/2025_H1N1,plate8-A/Guangxi-Qingxiu/SWL11742/2025_H1N1,1.362e+04,1.069,1
seqneut25to26_sera_1005_d0,A/Hawaii/44/2025_H1N1,plate8-A/Hawaii/44/2025_H1N1,40,0.008676,0.008676
seqneut25to26_sera_1005_d0,A/Hawaii/44/2025_H1N1,plate8-A/Hawaii/44/2025_H1N1,92,0.2457,0.2457
seqneut25to26_sera_1005_d0,A/Hawaii/44/2025_H1N1,plate8-A/Hawaii/44/2025_H1N1,212,0.5562,0.5562
seqneut25to26_sera_1005_d0,A/Hawaii/44/2025_H1N1,plate8-A/Hawaii/44/2025_H1N1,487,0.7231,0.7231
seqneut25to26_sera_1005_d0,A/Hawaii/44/2025_H1N1,plate8-A/Hawaii/44/2025_H1N1,1119,0.7969,0.7969
seqneut25to26_sera_1005_d0,A/Hawaii/44/2025_H1N1,plate8-A/Hawaii/44/2025_H1N1,2575,0.8184,0.8184
seqneut25to26_sera_1005_d0,A/Hawaii/44/2025_H1N1,plate8-A/Hawaii/44/2025_H1N1,5921,0.8182,0.8182
seqneut25to26_sera_1005_d0,A/Hawaii/44/2025_H1N1,plate8-A/Hawaii/44/2025_H1N1,1.362e+04,1.067,1
seqneut25to26_sera_1005_d0,A/Hawaii/70/2019_H1N1,plate8-A/Hawaii/70/2019_H1N1,40,0.0001821,0.0001821
seqneut25to26_sera_1005_d0,A/Hawaii/70/2019_H1N1,plate8-A/Hawaii/70/2019_H1N1,92,0.03466,0.03466
seqneut25to26_sera_1005_d0,A/Hawaii/70/2019_H1N1,plate8-A/Hawaii/70/2019_H1N1,212,0.2885,0.2885
seqneut25to26_sera_1005_d0,A/Hawaii/70/2019_H1N1,plate8-A/Hawaii/70/2019_H1N1,487,0.5434,0.5434
seqneut25to26_sera_1005_d0,A/Hawaii/70/2019_H1N1,plate8-A/Hawaii/70/2019_H1N1,1119,0.6763,0.6763
seqneut25to26_sera_1005_d0,A/Hawaii/70/2019_H1N1,plate8-A/Hawaii/70/2019_H1N1,2575,0.724,0.724
seqneut25to26_sera_1005_d0,A/Hawaii/70/2019_H1N1,plate8-A/Hawaii/70/2019_H1N1,5921,0.617,0.617
seqneut25to26_sera_1005_d0,A/Hawaii/70/2019_H1N1,plate8-A/Hawaii/70/2019_H1N1,1.362e+04,0.9107,0.9107
seqneut25to26_sera_1005_d0,A/HongKong/1257/2025_H3N2,plate8-A/HongKong/1257/2025_H3N2,40,4.575e-07,4.575e-07
seqneut25to26_sera_1005_d0,A/HongKong/1257/2025_H3N2,plate8-A/HongKong/1257/2025_H3N2,92,0.0006805,0.0006805
seqneut25to26_sera_1005_d0,A/HongKong/1257/2025_H3N2,plate8-A/HongKong/1257/2025_H3N2,212,0.007461,0.007461
seqneut25to26_sera_1005_d0,A/HongKong/1257/2025_H3N2,plate8-A/HongKong/1257/2025_H3N2,487,0.1478,0.1478
seqneut25to26_sera_1005_d0,A/HongKong/1257/2025_H3N2,plate8-A/HongKong/1257/2025_H3N2,1119,0.2749,0.2749
seqneut25to26_sera_1005_d0,A/HongKong/1257/2025_H3N2,plate8-A/HongKong/1257/2025_H3N2,2575,0.4443,0.4443
seqneut25to26_sera_1005_d0,A/HongKong/1257/2025_H3N2,plate8-A/HongKong/1257/2025_H3N2,5921,0.4602,0.4602
seqneut25to26_sera_1005_d0,A/HongKong/1257/2025_H3N2,plate8-A/HongKong/1257/2025_H3N2,1.362e+04,0.8669,0.8669
seqneut25to26_sera_1005_d0,A/HongKong/1382/2025_H3N2,plate8-A/HongKong/1382/2025_H3N2,40,0.02813,0.02813
seqneut25to26_sera_1005_d0,A/HongKong/1382/2025_H3N2,plate8-A/HongKong/1382/2025_H3N2,92,0.07077,0.07077
seqneut25to26_sera_1005_d0,A/HongKong/1382/2025_H3N2,plate8-A/HongKong/1382/2025_H3N2,212,0.3742,0.3742
seqneut25to26_sera_1005_d0,A/HongKong/1382/2025_H3N2,plate8-A/HongKong/1382/2025_H3N2,487,0.4334,0.4334
seqneut25to26_sera_1005_d0,A/HongKong/1382/2025_H3N2,plate8-A/HongKong/1382/2025_H3N2,1119,0.5309,0.5309
seqneut25to26_sera_1005_d0,A/HongKong/1382/2025_H3N2,plate8-A/HongKong/1382/2025_H3N2,2575,0.5958,0.5958
seqneut25to26_sera_1005_d0,A/HongKong/1382/2025_H3N2,plate8-A/HongKong/1382/2025_H3N2,5921,0.4815,0.4815
seqneut25to26_sera_1005_d0,A/HongKong/1382/2025_H3N2,plate8-A/HongKong/1382/2025_H3N2,1.362e+04,1.19,1
seqneut25to26_sera_1005_d0,A/Indonesia/BIOKES-I-BT074/2025_H3N2,plate8-A/Indonesia/BIOKES-I-BT074/2025_H3N2,40,5.398e-07,5.398e-07
seqneut25to26_sera_1005_d0,A/Indonesia/BIOKES-I-BT074/2025_H3N2,plate8-A/Indonesia/BIOKES-I-BT074/2025_H3N2,92,4.118e-05,4.118e-05
seqneut25to26_sera_1005_d0,A/Indonesia/BIOKES-I-BT074/2025_H3N2,plate8-A/Indonesia/BIOKES-I-BT074/2025_H3N2,212,0.0003521,0.0003521
seqneut25to26_sera_1005_d0,A/Indonesia/BIOKES-I-BT074/2025_H3N2,plate8-A/Indonesia/BIOKES-I-BT074/2025_H3N2,487,0.007146,0.007146
seqneut25to26_sera_1005_d0,A/Indonesia/BIOKES-I-BT074/2025_H3N2,plate8-A/Indonesia/BIOKES-I-BT074/2025_H3N2,1119,0.129,0.129
seqneut25to26_sera_1005_d0,A/Indonesia/BIOKES-I-BT074/2025_H3N2,plate8-A/Indonesia/BIOKES-I-BT074/2025_H3N2,2575,0.4236,0.4236
seqneut25to26_sera_1005_d0,A/Indonesia/BIOKES-I-BT074/2025_H3N2,plate8-A/Indonesia/BIOKES-I-BT074/2025_H3N2,5921,0.4709,0.4709
seqneut25to26_sera_1005_d0,A/Indonesia/BIOKES-I-BT074/2025_H3N2,plate8-A/Indonesia/BIOKES-I-BT074/2025_H3N2,1.362e+04,0.8719,0.8719
seqneut25to26_sera_1005_d0,A/Indonesia/BIOKES-INAD491/2025_H3N2,plate8-A/Indonesia/BIOKES-INAD491/2025_H3N2,40,0,0
seqneut25to26_sera_1005_d0,A/Indonesia/BIOKES-INAD491/2025_H3N2,plate8-A/Indonesia/BIOKES-INAD491/2025_H3N2,92,0.0001703,0.0001703
seqneut25to26_sera_1005_d0,A/Indonesia/BIOKES-INAD491/2025_H3N2,plate8-A/Indonesia/BIOKES-INAD491/2025_H3N2,212,0.02162,0.02162
seqneut25to26_sera_1005_d0,A/Indonesia/BIOKES-INAD491/2025_H3N2,plate8-A/Indonesia/BIOKES-INAD491/2025_H3N2,487,0.07857,0.07857
seqneut25to26_sera_1005_d0,A/Indonesia/BIOKES-INAD491/2025_H3N2,plate8-A/Indonesia/BIOKES-INAD491/2025_H3N2,1119,0.3781,0.3781
seqneut25to26_sera_1005_d0,A/Indonesia/BIOKES-INAD491/2025_H3N2,plate8-A/Indonesia/BIOKES-INAD491/2025_H3N2,2575,0.3994,0.3994
seqneut25to26_sera_1005_d0,A/Indonesia/BIOKES-INAD491/2025_H3N2,plate8-A/Indonesia/BIOKES-INAD491/2025_H3N2,5921,0.4997,0.4997
seqneut25to26_sera_1005_d0,A/Indonesia/BIOKES-INAD491/2025_H3N2,plate8-A/Indonesia/BIOKES-INAD491/2025_H3N2,1.362e+04,0.8054,0.8054
seqneut25to26_sera_1005_d0,A/Lao/820-2750/2025_H3N2,plate8-A/Lao/820-2750/2025_H3N2,40,4.489e-07,4.489e-07
seqneut25to26_sera_1005_d0,A/Lao/820-2750/2025_H3N2,plate8-A/Lao/820-2750/2025_H3N2,92,1.712e-05,1.712e-05
seqneut25to26_sera_1005_d0,A/Lao/820-2750/2025_H3N2,plate8-A/Lao/820-2750/2025_H3N2,212,0.0002929,0.0002929
seqneut25to26_sera_1005_d0,A/Lao/820-2750/2025_H3N2,plate8-A/Lao/820-2750/2025_H3N2,487,0.01851,0.01851
seqneut25to26_sera_1005_d0,A/Lao/820-2750/2025_H3N2,plate8-A/Lao/820-2750/2025_H3N2,1119,0.2311,0.2311
seqneut25to26_sera_1005_d0,A/Lao/820-2750/2025_H3N2,plate8-A/Lao/820-2750/2025_H3N2,2575,0.4195,0.4195
seqneut25to26_sera_1005_d0,A/Lao/820-2750/2025_H3N2,plate8-A/Lao/820-2750/2025_H3N2,5921,0.6208,0.6208
seqneut25to26_sera_1005_d0,A/Lao/820-2750/2025_H3N2,plate8-A/Lao/820-2750/2025_H3N2,1.362e+04,0.8263,0.8263
seqneut25to26_sera_1005_d0,A/Malaysia/IMR/SARI/2028/2025_H3N2,plate8-A/Malaysia/IMR/SARI/2028/2025_H3N2,40,0.0001545,0.0001545
seqneut25to26_sera_1005_d0,A/Malaysia/IMR/SARI/2028/2025_H3N2,plate8-A/Malaysia/IMR/SARI/2028/2025_H3N2,92,0,0
seqneut25to26_sera_1005_d0,A/Malaysia/IMR/SARI/2028/2025_H3N2,plate8-A/Malaysia/IMR/SARI/2028/2025_H3N2,212,0.004604,0.004604
seqneut25to26_sera_1005_d0,A/Malaysia/IMR/SARI/2028/2025_H3N2,plate8-A/Malaysia/IMR/SARI/2028/2025_H3N2,487,0.06099,0.06099
seqneut25to26_sera_1005_d0,A/Malaysia/IMR/SARI/2028/2025_H3N2,plate8-A/Malaysia/IMR/SARI/2028/2025_H3N2,1119,0.3249,0.3249
seqneut25to26_sera_1005_d0,A/Malaysia/IMR/SARI/2028/2025_H3N2,plate8-A/Malaysia/IMR/SARI/2028/2025_H3N2,2575,0.4665,0.4665
seqneut25to26_sera_1005_d0,A/Malaysia/IMR/SARI/2028/2025_H3N2,plate8-A/Malaysia/IMR/SARI/2028/2025_H3N2,5921,0.5067,0.5067
seqneut25to26_sera_1005_d0,A/Malaysia/IMR/SARI/2028/2025_H3N2,plate8-A/Malaysia/IMR/SARI/2028/2025_H3N2,1.362e+04,0.8901,0.8901
seqneut25to26_sera_1005_d0,A/Malaysia/IMR/SARI/2406/2025_H3N2,plate8-A/Malaysia/IMR/SARI/2406/2025_H3N2,40,0.1539,0.1539
seqneut25to26_sera_1005_d0,A/Malaysia/IMR/SARI/2406/2025_H3N2,plate8-A/Malaysia/IMR/SARI/2406/2025_H3N2,92,0.2428,0.2428
seqneut25to26_sera_1005_d0,A/Malaysia/IMR/SARI/2406/2025_H3N2,plate8-A/Malaysia/IMR/SARI/2406/2025_H3N2,212,0.5218,0.5218
seqneut25to26_sera_1005_d0,A/Malaysia/IMR/SARI/2406/2025_H3N2,plate8-A/Malaysia/IMR/SARI/2406/2025_H3N2,487,0.664,0.664
seqneut25to26_sera_1005_d0,A/Malaysia/IMR/SARI/2406/2025_H3N2,plate8-A/Malaysia/IMR/SARI/2406/2025_H3N2,1119,0.5984,0.5984
seqneut25to26_sera_1005_d0,A/Malaysia/IMR/SARI/2406/2025_H3N2,plate8-A/Malaysia/IMR/SARI/2406/2025_H3N2,2575,0.8241,0.8241
seqneut25to26_sera_1005_d0,A/Malaysia/IMR/SARI/2406/2025_H3N2,plate8-A/Malaysia/IMR/SARI/2406/2025_H3N2,5921,0.5646,0.5646
seqneut25to26_sera_1005_d0,A/Malaysia/IMR/SARI/2406/2025_H3N2,plate8-A/Malaysia/IMR/SARI/2406/2025_H3N2,1.362e+04,0.8688,0.8688
seqneut25to26_sera_1005_d0,A/Malaysia/IMR/SARI/2517/2025_H3N2,plate8-A/Malaysia/IMR/SARI/2517/2025_H3N2,40,0.1159,0.1159
seqneut25to26_sera_1005_d0,A/Malaysia/IMR/SARI/2517/2025_H3N2,plate8-A/Malaysia/IMR/SARI/2517/2025_H3N2,92,0.1269,0.1269
seqneut25to26_sera_1005_d0,A/Malaysia/IMR/SARI/2517/2025_H3N2,plate8-A/Malaysia/IMR/SARI/2517/2025_H3N2,212,0.4236,0.4236
seqneut25to26_sera_1005_d0,A/Malaysia/IMR/SARI/2517/2025_H3N2,plate8-A/Malaysia/IMR/SARI/2517/2025_H3N2,487,0.5029,0.5029
seqneut25to26_sera_1005_d0,A/Malaysia/IMR/SARI/2517/2025_H3N2,plate8-A/Malaysia/IMR/SARI/2517/2025_H3N2,1119,0.5645,0.5645
seqneut25to26_sera_1005_d0,A/Malaysia/IMR/SARI/2517/2025_H3N2,plate8-A/Malaysia/IMR/SARI/2517/2025_H3N2,2575,0.621,0.621
seqneut25to26_sera_1005_d0,A/Malaysia/IMR/SARI/2517/2025_H3N2,plate8-A/Malaysia/IMR/SARI/2517/2025_H3N2,5921,0.6222,0.6222
seqneut25to26_sera_1005_d0,A/Malaysia/IMR/SARI/2517/2025_H3N2,plate8-A/Malaysia/IMR/SARI/2517/2025_H3N2,1.362e+04,0.9057,0.9057
seqneut25to26_sera_1005_d0,A/Massachusetts/18/2022_H3N2,plate8-A/Massachusetts/18/2022_H3N2,40,0,0
seqneut25to26_sera_1005_d0,A/Massachusetts/18/2022_H3N2,plate8-A/Massachusetts/18/2022_H3N2,92,0.0008262,0.0008262
seqneut25to26_sera_1005_d0,A/Massachusetts/18/2022_H3N2,plate8-A/Massachusetts/18/2022_H3N2,212,0.04397,0.04397
seqneut25to26_sera_1005_d0,A/Massachusetts/18/2022_H3N2,plate8-A/Massachusetts/18/2022_H3N2,487,0.08878,0.08878
seqneut25to26_sera_1005_d0,A/Massachusetts/18/2022_H3N2,plate8-A/Massachusetts/18/2022_H3N2,1119,0.2475,0.2475
seqneut25to26_sera_1005_d0,A/Massachusetts/18/2022_H3N2,plate8-A/Massachusetts/18/2022_H3N2,2575,0.3458,0.3458
seqneut25to26_sera_1005_d0,A/Massachusetts/18/2022_H3N2,plate8-A/Massachusetts/18/2022_H3N2,5921,0.4068,0.4068
seqneut25to26_sera_1005_d0,A/Massachusetts/18/2022_H3N2,plate8-A/Massachusetts/18/2022_H3N2,1.362e+04,0.8511,0.8511
seqneut25to26_sera_1005_d0,A/Michigan/110/2025_H3N2,plate8-A/Michigan/110/2025_H3N2,40,4.814e-07,4.814e-07
seqneut25to26_sera_1005_d0,A/Michigan/110/2025_H3N2,plate8-A/Michigan/110/2025_H3N2,92,3.672e-05,3.672e-05
seqneut25to26_sera_1005_d0,A/Michigan/110/2025_H3N2,plate8-A/Michigan/110/2025_H3N2,212,0.004522,0.004522
seqneut25to26_sera_1005_d0,A/Michigan/110/2025_H3N2,plate8-A/Michigan/110/2025_H3N2,487,0.1344,0.1344
seqneut25to26_sera_1005_d0,A/Michigan/110/2025_H3N2,plate8-A/Michigan/110/2025_H3N2,1119,0.274,0.274
seqneut25to26_sera_1005_d0,A/Michigan/110/2025_H3N2,plate8-A/Michigan/110/2025_H3N2,2575,0.4689,0.4689
seqneut25to26_sera_1005_d0,A/Michigan/110/2025_H3N2,plate8-A/Michigan/110/2025_H3N2,5921,0.4116,0.4116
seqneut25to26_sera_1005_d0,A/Michigan/110/2025_H3N2,plate8-A/Michigan/110/2025_H3N2,1.362e+04,0.9515,0.9515
seqneut25to26_sera_1005_d0,A/Minnesota/96/2025_H3N2,plate8-A/Minnesota/96/2025_H3N2,40,0.0001349,0.0001349
seqneut25to26_sera_1005_d0,A/Minnesota/96/2025_H3N2,plate8-A/Minnesota/96/2025_H3N2,92,0.0001088,0.0001088
seqneut25to26_sera_1005_d0,A/Minnesota/96/2025_H3N2,plate8-A/Minnesota/96/2025_H3N2,212,0.01228,0.01228
seqneut25to26_sera_1005_d0,A/Minnesota/96/2025_H3N2,plate8-A/Minnesota/96/2025_H3N2,487,0.06646,0.06646
seqneut25to26_sera_1005_d0,A/Minnesota/96/2025_H3N2,plate8-A/Minnesota/96/2025_H3N2,1119,0.2628,0.2628
seqneut25to26_sera_1005_d0,A/Minnesota/96/2025_H3N2,plate8-A/Minnesota/96/2025_H3N2,2575,0.4367,0.4367
seqneut25to26_sera_1005_d0,A/Minnesota/96/2025_H3N2,plate8-A/Minnesota/96/2025_H3N2,5921,0.427,0.427
seqneut25to26_sera_1005_d0,A/Minnesota/96/2025_H3N2,plate8-A/Minnesota/96/2025_H3N2,1.362e+04,0.8566,0.8566
seqneut25to26_sera_1005_d0,A/Missouri/11/2025_H1N1,plate8-A/Missouri/11/2025_H1N1,40,0.01665,0.01665
seqneut25to26_sera_1005_d0,A/Missouri/11/2025_H1N1,plate8-A/Missouri/11/2025_H1N1,92,0.1348,0.1348
seqneut25to26_sera_1005_d0,A/Missouri/11/2025_H1N1,plate8-A/Missouri/11/2025_H1N1,212,0.3294,0.3294
seqneut25to26_sera_1005_d0,A/Missouri/11/2025_H1N1,plate8-A/Missouri/11/2025_H1N1,487,0.8504,0.8504
seqneut25to26_sera_1005_d0,A/Missouri/11/2025_H1N1,plate8-A/Missouri/11/2025_H1N1,1119,0.7026,0.7026
seqneut25to26_sera_1005_d0,A/Missouri/11/2025_H1N1,plate8-A/Missouri/11/2025_H1N1,2575,0.9497,0.9497
seqneut25to26_sera_1005_d0,A/Missouri/11/2025_H1N1,plate8-A/Missouri/11/2025_H1N1,5921,0.6249,0.6249
seqneut25to26_sera_1005_d0,A/Missouri/11/2025_H1N1,plate8-A/Missouri/11/2025_H1N1,1.362e+04,0.7562,0.7562
seqneut25to26_sera_1005_d0,A/NewSouthWales/2526015582/2025_H3N2,plate8-A/NewSouthWales/2526015582/2025_H3N2,40,0.1215,0.1215
seqneut25to26_sera_1005_d0,A/NewSouthWales/2526015582/2025_H3N2,plate8-A/NewSouthWales/2526015582/2025_H3N2,92,0.1607,0.1607
seqneut25to26_sera_1005_d0,A/NewSouthWales/2526015582/2025_H3N2,plate8-A/NewSouthWales/2526015582/2025_H3N2,212,0.4394,0.4394
seqneut25to26_sera_1005_d0,A/NewSouthWales/2526015582/2025_H3N2,plate8-A/NewSouthWales/2526015582/2025_H3N2,487,0.5014,0.5014
seqneut25to26_sera_1005_d0,A/NewSouthWales/2526015582/2025_H3N2,plate8-A/NewSouthWales/2526015582/2025_H3N2,1119,0.5674,0.5674
seqneut25to26_sera_1005_d0,A/NewSouthWales/2526015582/2025_H3N2,plate8-A/NewSouthWales/2526015582/2025_H3N2,2575,0.639,0.639
seqneut25to26_sera_1005_d0,A/NewSouthWales/2526015582/2025_H3N2,plate8-A/NewSouthWales/2526015582/2025_H3N2,5921,0.5284,0.5284
seqneut25to26_sera_1005_d0,A/NewSouthWales/2526015582/2025_H3N2,plate8-A/NewSouthWales/2526015582/2025_H3N2,1.362e+04,0.8561,0.8561
seqneut25to26_sera_1005_d0,A/NewSouthWales/2526015584/2025_H3N2,plate8-A/NewSouthWales/2526015584/2025_H3N2,40,0.03916,0.03916
seqneut25to26_sera_1005_d0,A/NewSouthWales/2526015584/2025_H3N2,plate8-A/NewSouthWales/2526015584/2025_H3N2,92,0.1375,0.1375
seqneut25to26_sera_1005_d0,A/NewSouthWales/2526015584/2025_H3N2,plate8-A/NewSouthWales/2526015584/2025_H3N2,212,0.3834,0.3834
seqneut25to26_sera_1005_d0,A/NewSouthWales/2526015584/2025_H3N2,plate8-A/NewSouthWales/2526015584/2025_H3N2,487,0.5403,0.5403
seqneut25to26_sera_1005_d0,A/NewSouthWales/2526015584/2025_H3N2,plate8-A/NewSouthWales/2526015584/2025_H3N2,1119,0.6375,0.6375
seqneut25to26_sera_1005_d0,A/NewSouthWales/2526015584/2025_H3N2,plate8-A/NewSouthWales/2526015584/2025_H3N2,2575,0.6647,0.6647
seqneut25to26_sera_1005_d0,A/NewSouthWales/2526015584/2025_H3N2,plate8-A/NewSouthWales/2526015584/2025_H3N2,5921,0.624,0.624
seqneut25to26_sera_1005_d0,A/NewSouthWales/2526015584/2025_H3N2,plate8-A/NewSouthWales/2526015584/2025_H3N2,1.362e+04,0.954,0.954
seqneut25to26_sera_1005_d0,A/Norway/8765/2025_H3N2,plate8-A/Norway/8765/2025_H3N2,40,0.08689,0.08689
seqneut25to26_sera_1005_d0,A/Norway/8765/2025_H3N2,plate8-A/Norway/8765/2025_H3N2,92,0.1461,0.1461
seqneut25to26_sera_1005_d0,A/Norway/8765/2025_H3N2,plate8-A/Norway/8765/2025_H3N2,212,0.3582,0.3582
seqneut25to26_sera_1005_d0,A/Norway/8765/2025_H3N2,plate8-A/Norway/8765/2025_H3N2,487,0.5777,0.5777
seqneut25to26_sera_1005_d0,A/Norway/8765/2025_H3N2,plate8-A/Norway/8765/2025_H3N2,1119,0.6434,0.6434
seqneut25to26_sera_1005_d0,A/Norway/8765/2025_H3N2,plate8-A/Norway/8765/2025_H3N2,2575,0.6346,0.6346
seqneut25to26_sera_1005_d0,A/Norway/8765/2025_H3N2,plate8-A/Norway/8765/2025_H3N2,5921,0.4741,0.4741
seqneut25to26_sera_1005_d0,A/Norway/8765/2025_H3N2,plate8-A/Norway/8765/2025_H3N2,1.362e+04,0.7757,0.7757
seqneut25to26_sera_1005_d0,A/Norway/8976/2025_H3N2,plate8-A/Norway/8976/2025_H3N2,40,0.1228,0.1228
seqneut25to26_sera_1005_d0,A/Norway/8976/2025_H3N2,plate8-A/Norway/8976/2025_H3N2,92,0.2047,0.2047
seqneut25to26_sera_1005_d0,A/Norway/8976/2025_H3N2,plate8-A/Norway/8976/2025_H3N2,212,0.3815,0.3815
seqneut25to26_sera_1005_d0,A/Norway/8976/2025_H3N2,plate8-A/Norway/8976/2025_H3N2,487,0.5274,0.5274
seqneut25to26_sera_1005_d0,A/Norway/8976/2025_H3N2,plate8-A/Norway/8976/2025_H3N2,1119,0.6064,0.6064
seqneut25to26_sera_1005_d0,A/Norway/8976/2025_H3N2,plate8-A/Norway/8976/2025_H3N2,2575,0.5468,0.5468
seqneut25to26_sera_1005_d0,A/Norway/8976/2025_H3N2,plate8-A/Norway/8976/2025_H3N2,5921,0.4361,0.4361
seqneut25to26_sera_1005_d0,A/Norway/8976/2025_H3N2,plate8-A/Norway/8976/2025_H3N2,1.362e+04,0.7863,0.7863
seqneut25to26_sera_1005_d0,A/Norway/9107/2025_H1N1,plate8-A/Norway/9107/2025_H1N1,40,0.0152,0.0152
seqneut25to26_sera_1005_d0,A/Norway/9107/2025_H1N1,plate8-A/Norway/9107/2025_H1N1,92,0.1472,0.1472
seqneut25to26_sera_1005_d0,A/Norway/9107/2025_H1N1,plate8-A/Norway/9107/2025_H1N1,212,0.4328,0.4328
seqneut25to26_sera_1005_d0,A/Norway/9107/2025_H1N1,plate8-A/Norway/9107/2025_H1N1,487,0.9672,0.9672
seqneut25to26_sera_1005_d0,A/Norway/9107/2025_H1N1,plate8-A/Norway/9107/2025_H1N1,1119,0.8614,0.8614
seqneut25to26_sera_1005_d0,A/Norway/9107/2025_H1N1,plate8-A/Norway/9107/2025_H1N1,2575,0.8018,0.8018
seqneut25to26_sera_1005_d0,A/Norway/9107/2025_H1N1,plate8-A/Norway/9107/2025_H1N1,5921,0.6514,0.6514
seqneut25to26_sera_1005_d0,A/Norway/9107/2025_H1N1,plate8-A/Norway/9107/2025_H1N1,1.362e+04,1.028,1
seqneut25to26_sera_1005_d0,A/Norway/9556/2025_H1N1,plate8-A/Norway/9556/2025_H1N1,40,0.03451,0.03451
seqneut25to26_sera_1005_d0,A/Norway/9556/2025_H1N1,plate8-A/Norway/9556/2025_H1N1,92,0.2014,0.2014
seqneut25to26_sera_1005_d0,A/Norway/9556/2025_H1N1,plate8-A/Norway/9556/2025_H1N1,212,0.582,0.582
seqneut25to26_sera_1005_d0,A/Norway/9556/2025_H1N1,plate8-A/Norway/9556/2025_H1N1,487,0.7688,0.7688
seqneut25to26_sera_1005_d0,A/Norway/9556/2025_H1N1,plate8-A/Norway/9556/2025_H1N1,1119,0.7919,0.7919
seqneut25to26_sera_1005_d0,A/Norway/9556/2025_H1N1,plate8-A/Norway/9556/2025_H1N1,2575,0.8037,0.8037
seqneut25to26_sera_1005_d0,A/Norway/9556/2025_H1N1,plate8-A/Norway/9556/2025_H1N1,5921,0.6625,0.6625
seqneut25to26_sera_1005_d0,A/Norway/9556/2025_H1N1,plate8-A/Norway/9556/2025_H1N1,1.362e+04,0.965,0.965
seqneut25to26_sera_1005_d0,A/Peru/GIHSN-04-1089/2025_H3N2,plate8-A/Peru/GIHSN-04-1089/2025_H3N2,40,1.703e-06,1.703e-06
seqneut25to26_sera_1005_d0,A/Peru/GIHSN-04-1089/2025_H3N2,plate8-A/Peru/GIHSN-04-1089/2025_H3N2,92,1.624e-05,1.624e-05
seqneut25to26_sera_1005_d0,A/Peru/GIHSN-04-1089/2025_H3N2,plate8-A/Peru/GIHSN-04-1089/2025_H3N2,212,0.0165,0.0165
seqneut25to26_sera_1005_d0,A/Peru/GIHSN-04-1089/2025_H3N2,plate8-A/Peru/GIHSN-04-1089/2025_H3N2,487,0.1652,0.1652
seqneut25to26_sera_1005_d0,A/Peru/GIHSN-04-1089/2025_H3N2,plate8-A/Peru/GIHSN-04-1089/2025_H3N2,1119,0.2886,0.2886
seqneut25to26_sera_1005_d0,A/Peru/GIHSN-04-1089/2025_H3N2,plate8-A/Peru/GIHSN-04-1089/2025_H3N2,2575,0.5629,0.5629
seqneut25to26_sera_1005_d0,A/Peru/GIHSN-04-1089/2025_H3N2,plate8-A/Peru/GIHSN-04-1089/2025_H3N2,5921,0.4589,0.4589
seqneut25to26_sera_1005_d0,A/Peru/GIHSN-04-1089/2025_H3N2,plate8-A/Peru/GIHSN-04-1089/2025_H3N2,1.362e+04,0.9631,0.9631
seqneut25to26_sera_1005_d0,A/Philippines/SARI25-1425/2025_H1N1,plate8-A/Philippines/SARI25-1425/2025_H1N1,40,0.007852,0.007852
seqneut25to26_sera_1005_d0,A/Philippines/SARI25-1425/2025_H1N1,plate8-A/Philippines/SARI25-1425/2025_H1N1,92,0.0671,0.0671
seqneut25to26_sera_1005_d0,A/Philippines/SARI25-1425/2025_H1N1,plate8-A/Philippines/SARI25-1425/2025_H1N1,212,0.4397,0.4397
seqneut25to26_sera_1005_d0,A/Philippines/SARI25-1425/2025_H1N1,plate8-A/Philippines/SARI25-1425/2025_H1N1,487,0.6834,0.6834
seqneut25to26_sera_1005_d0,A/Philippines/SARI25-1425/2025_H1N1,plate8-A/Philippines/SARI25-1425/2025_H1N1,1119,0.854,0.854
seqneut25to26_sera_1005_d0,A/Philippines/SARI25-1425/2025_H1N1,plate8-A/Philippines/SARI25-1425/2025_H1N1,2575,0.9031,0.9031
seqneut25to26_sera_1005_d0,A/Philippines/SARI25-1425/2025_H1N1,plate8-A/Philippines/SARI25-1425/2025_H1N1,5921,0.831,0.831
seqneut25to26_sera_1005_d0,A/Philippines/SARI25-1425/2025_H1N1,plate8-A/Philippines/SARI25-1425/2025_H1N1,1.362e+04,0.9798,0.9798
seqneut25to26_sera_1005_d0,A/Queensland/2526516675/2025_H3N2,plate8-A/Queensland/2526516675/2025_H3N2,40,0.07026,0.07026
seqneut25to26_sera_1005_d0,A/Queensland/2526516675/2025_H3N2,plate8-A/Queensland/2526516675/2025_H3N2,92,0.1485,0.1485
seqneut25to26_sera_1005_d0,A/Queensland/2526516675/2025_H3N2,plate8-A/Queensland/2526516675/2025_H3N2,212,0.2928,0.2928
seqneut25to26_sera_1005_d0,A/Queensland/2526516675/2025_H3N2,plate8-A/Queensland/2526516675/2025_H3N2,487,0.5726,0.5726
seqneut25to26_sera_1005_d0,A/Queensland/2526516675/2025_H3N2,plate8-A/Queensland/2526516675/2025_H3N2,1119,0.6381,0.6381
seqneut25to26_sera_1005_d0,A/Queensland/2526516675/2025_H3N2,plate8-A/Queensland/2526516675/2025_H3N2,2575,0.6441,0.6441
seqneut25to26_sera_1005_d0,A/Queensland/2526516675/2025_H3N2,plate8-A/Queensland/2526516675/2025_H3N2,5921,0.5503,0.5503
seqneut25to26_sera_1005_d0,A/Queensland/2526516675/2025_H3N2,plate8-A/Queensland/2526516675/2025_H3N2,1.362e+04,0.983,0.983
seqneut25to26_sera_1005_d0,A/SouthAfrica/PET37604/2025_H3N2,plate8-A/SouthAfrica/PET37604/2025_H3N2,40,4.935e-07,4.935e-07
seqneut25to26_sera_1005_d0,A/SouthAfrica/PET37604/2025_H3N2,plate8-A/SouthAfrica/PET37604/2025_H3N2,92,7.529e-05,7.529e-05
seqneut25to26_sera_1005_d0,A/SouthAfrica/PET37604/2025_H3N2,plate8-A/SouthAfrica/PET37604/2025_H3N2,212,0.006214,0.006214
seqneut25to26_sera_1005_d0,A/SouthAfrica/PET37604/2025_H3N2,plate8-A/SouthAfrica/PET37604/2025_H3N2,487,0.1528,0.1528
seqneut25to26_sera_1005_d0,A/SouthAfrica/PET37604/2025_H3N2,plate8-A/SouthAfrica/PET37604/2025_H3N2,1119,0.3382,0.3382
seqneut25to26_sera_1005_d0,A/SouthAfrica/PET37604/2025_H3N2,plate8-A/SouthAfrica/PET37604/2025_H3N2,2575,0.5356,0.5356
seqneut25to26_sera_1005_d0,A/SouthAfrica/PET37604/2025_H3N2,plate8-A/SouthAfrica/PET37604/2025_H3N2,5921,0.544,0.544
seqneut25to26_sera_1005_d0,A/SouthAfrica/PET37604/2025_H3N2,plate8-A/SouthAfrica/PET37604/2025_H3N2,1.362e+04,0.9995,0.9995
seqneut25to26_sera_1005_d0,A/SouthAfrica/PET37625/2025_H3N2,plate8-A/SouthAfrica/PET37625/2025_H3N2,40,0,0
seqneut25to26_sera_1005_d0,A/SouthAfrica/PET37625/2025_H3N2,plate8-A/SouthAfrica/PET37625/2025_H3N2,92,0,0
seqneut25to26_sera_1005_d0,A/SouthAfrica/PET37625/2025_H3N2,plate8-A/SouthAfrica/PET37625/2025_H3N2,212,0.001098,0.001098
seqneut25to26_sera_1005_d0,A/SouthAfrica/PET37625/2025_H3N2,plate8-A/SouthAfrica/PET37625/2025_H3N2,487,0.05898,0.05898
seqneut25to26_sera_1005_d0,A/SouthAfrica/PET37625/2025_H3N2,plate8-A/SouthAfrica/PET37625/2025_H3N2,1119,0.3206,0.3206
seqneut25to26_sera_1005_d0,A/SouthAfrica/PET37625/2025_H3N2,plate8-A/SouthAfrica/PET37625/2025_H3N2,2575,0.3619,0.3619
seqneut25to26_sera_1005_d0,A/SouthAfrica/PET37625/2025_H3N2,plate8-A/SouthAfrica/PET37625/2025_H3N2,5921,0.4997,0.4997
seqneut25to26_sera_1005_d0,A/SouthAfrica/PET37625/2025_H3N2,plate8-A/SouthAfrica/PET37625/2025_H3N2,1.362e+04,0.7655,0.7655
seqneut25to26_sera_1005_d0,A/SouthAustralia/2519001037/2025_H1N1,plate8-A/SouthAustralia/2519001037/2025_H1N1,40,0.02789,0.02789
seqneut25to26_sera_1005_d0,A/SouthAustralia/2519001037/2025_H1N1,plate8-A/SouthAustralia/2519001037/2025_H1N1,92,0.2509,0.2509
seqneut25to26_sera_1005_d0,A/SouthAustralia/2519001037/2025_H1N1,plate8-A/SouthAustralia/2519001037/2025_H1N1,212,0.5663,0.5663
seqneut25to26_sera_1005_d0,A/SouthAustralia/2519001037/2025_H1N1,plate8-A/SouthAustralia/2519001037/2025_H1N1,487,0.7645,0.7645
seqneut25to26_sera_1005_d0,A/SouthAustralia/2519001037/2025_H1N1,plate8-A/SouthAustralia/2519001037/2025_H1N1,1119,0.7702,0.7702
seqneut25to26_sera_1005_d0,A/SouthAustralia/2519001037/2025_H1N1,plate8-A/SouthAustralia/2519001037/2025_H1N1,2575,0.8426,0.8426
seqneut25to26_sera_1005_d0,A/SouthAustralia/2519001037/2025_H1N1,plate8-A/SouthAustralia/2519001037/2025_H1N1,5921,0.6531,0.6531
seqneut25to26_sera_1005_d0,A/SouthAustralia/2519001037/2025_H1N1,plate8-A/SouthAustralia/2519001037/2025_H1N1,1.362e+04,0.9644,0.9644
seqneut25to26_sera_1005_d0,A/SouthAustralia/2520702747/2025_H1N1,plate8-A/SouthAustralia/2520702747/2025_H1N1,40,0.001656,0.001656
seqneut25to26_sera_1005_d0,A/SouthAustralia/2520702747/2025_H1N1,plate8-A/SouthAustralia/2520702747/2025_H1N1,92,0.06509,0.06509
seqneut25to26_sera_1005_d0,A/SouthAustralia/2520702747/2025_H1N1,plate8-A/SouthAustralia/2520702747/2025_H1N1,212,0.4808,0.4808
seqneut25to26_sera_1005_d0,A/SouthAustralia/2520702747/2025_H1N1,plate8-A/SouthAustralia/2520702747/2025_H1N1,487,0.6036,0.6036
seqneut25to26_sera_1005_d0,A/SouthAustralia/2520702747/2025_H1N1,plate8-A/SouthAustralia/2520702747/2025_H1N1,1119,0.7474,0.7474
seqneut25to26_sera_1005_d0,A/SouthAustralia/2520702747/2025_H1N1,plate8-A/SouthAustralia/2520702747/2025_H1N1,2575,0.7966,0.7966
seqneut25to26_sera_1005_d0,A/SouthAustralia/2520702747/2025_H1N1,plate8-A/SouthAustralia/2520702747/2025_H1N1,5921,0.6532,0.6532
seqneut25to26_sera_1005_d0,A/SouthAustralia/2520702747/2025_H1N1,plate8-A/SouthAustralia/2520702747/2025_H1N1,1.362e+04,1.033,1
seqneut25to26_sera_1005_d0,A/SouthAustralia/2523012764/2025_H1N1,plate8-A/SouthAustralia/2523012764/2025_H1N1,40,0.005007,0.005007
seqneut25to26_sera_1005_d0,A/SouthAustralia/2523012764/2025_H1N1,plate8-A/SouthAustralia/2523012764/2025_H1N1,92,0.1202,0.1202
seqneut25to26_sera_1005_d0,A/SouthAustralia/2523012764/2025_H1N1,plate8-A/SouthAustralia/2523012764/2025_H1N1,212,0.3681,0.3681
seqneut25to26_sera_1005_d0,A/SouthAustralia/2523012764/2025_H1N1,plate8-A/SouthAustralia/2523012764/2025_H1N1,487,0.6025,0.6025
seqneut25to26_sera_1005_d0,A/SouthAustralia/2523012764/2025_H1N1,plate8-A/SouthAustralia/2523012764/2025_H1N1,1119,0.8297,0.8297
seqneut25to26_sera_1005_d0,A/SouthAustralia/2523012764/2025_H1N1,plate8-A/SouthAustralia/2523012764/2025_H1N1,2575,0.9029,0.9029
seqneut25to26_sera_1005_d0,A/SouthAustralia/2523012764/2025_H1N1,plate8-A/SouthAustralia/2523012764/2025_H1N1,5921,0.6342,0.6342
seqneut25to26_sera_1005_d0,A/SouthAustralia/2523012764/2025_H1N1,plate8-A/SouthAustralia/2523012764/2025_H1N1,1.362e+04,1.144,1
seqneut25to26_sera_1005_d0,A/SouthAustralia/2523812314/2025_H3N2,plate8-A/SouthAustralia/2523812314/2025_H3N2,40,0.08228,0.08228
seqneut25to26_sera_1005_d0,A/SouthAustralia/2523812314/2025_H3N2,plate8-A/SouthAustralia/2523812314/2025_H3N2,92,0.1747,0.1747
seqneut25to26_sera_1005_d0,A/SouthAustralia/2523812314/2025_H3N2,plate8-A/SouthAustralia/2523812314/2025_H3N2,212,0.4016,0.4016
seqneut25to26_sera_1005_d0,A/SouthAustralia/2523812314/2025_H3N2,plate8-A/SouthAustralia/2523812314/2025_H3N2,487,0.4305,0.4305
seqneut25to26_sera_1005_d0,A/SouthAustralia/2523812314/2025_H3N2,plate8-A/SouthAustralia/2523812314/2025_H3N2,1119,0.5116,0.5116
seqneut25to26_sera_1005_d0,A/SouthAustralia/2523812314/2025_H3N2,plate8-A/SouthAustralia/2523812314/2025_H3N2,2575,0.6584,0.6584
seqneut25to26_sera_1005_d0,A/SouthAustralia/2523812314/2025_H3N2,plate8-A/SouthAustralia/2523812314/2025_H3N2,5921,0.5903,0.5903
seqneut25to26_sera_1005_d0,A/SouthAustralia/2523812314/2025_H3N2,plate8-A/SouthAustralia/2523812314/2025_H3N2,1.362e+04,0.7034,0.7034
seqneut25to26_sera_1005_d0,A/SouthAustralia/2524408801/2025_H3N2,plate8-A/SouthAustralia/2524408801/2025_H3N2,40,0.1101,0.1101
seqneut25to26_sera_1005_d0,A/SouthAustralia/2524408801/2025_H3N2,plate8-A/SouthAustralia/2524408801/2025_H3N2,92,0.1478,0.1478
seqneut25to26_sera_1005_d0,A/SouthAustralia/2524408801/2025_H3N2,plate8-A/SouthAustralia/2524408801/2025_H3N2,212,0.3168,0.3168
seqneut25to26_sera_1005_d0,A/SouthAustralia/2524408801/2025_H3N2,plate8-A/SouthAustralia/2524408801/2025_H3N2,487,0.4881,0.4881
seqneut25to26_sera_1005_d0,A/SouthAustralia/2524408801/2025_H3N2,plate8-A/SouthAustralia/2524408801/2025_H3N2,1119,0.5449,0.5449
seqneut25to26_sera_1005_d0,A/SouthAustralia/2524408801/2025_H3N2,plate8-A/SouthAustralia/2524408801/2025_H3N2,2575,0.608,0.608
seqneut25to26_sera_1005_d0,A/SouthAustralia/2524408801/2025_H3N2,plate8-A/SouthAustralia/2524408801/2025_H3N2,5921,0.5071,0.5071
seqneut25to26_sera_1005_d0,A/SouthAustralia/2524408801/2025_H3N2,plate8-A/SouthAustralia/2524408801/2025_H3N2,1.362e+04,0.9154,0.9154
seqneut25to26_sera_1005_d0,A/SouthAustralia/2524712956/2025_H1N1,plate8-A/SouthAustralia/2524712956/2025_H1N1,40,0.01551,0.01551
seqneut25to26_sera_1005_d0,A/SouthAustralia/2524712956/2025_H1N1,plate8-A/SouthAustralia/2524712956/2025_H1N1,92,0.1656,0.1656
seqneut25to26_sera_1005_d0,A/SouthAustralia/2524712956/2025_H1N1,plate8-A/SouthAustralia/2524712956/2025_H1N1,212,0.6524,0.6524
seqneut25to26_sera_1005_d0,A/SouthAustralia/2524712956/2025_H1N1,plate8-A/SouthAustralia/2524712956/2025_H1N1,487,0.7524,0.7524
seqneut25to26_sera_1005_d0,A/SouthAustralia/2524712956/2025_H1N1,plate8-A/SouthAustralia/2524712956/2025_H1N1,1119,0.7626,0.7626
seqneut25to26_sera_1005_d0,A/SouthAustralia/2524712956/2025_H1N1,plate8-A/SouthAustralia/2524712956/2025_H1N1,2575,0.635,0.635
seqneut25to26_sera_1005_d0,A/SouthAustralia/2524712956/2025_H1N1,plate8-A/SouthAustralia/2524712956/2025_H1N1,5921,0.6019,0.6019
seqneut25to26_sera_1005_d0,A/SouthAustralia/2524712956/2025_H1N1,plate8-A/SouthAustralia/2524712956/2025_H1N1,1.362e+04,0.8713,0.8713
seqneut25to26_sera_1005_d0,A/SouthAustralia/2525607496/2025_H3N2,plate8-A/SouthAustralia/2525607496/2025_H3N2,40,0.0001474,0.0001474
seqneut25to26_sera_1005_d0,A/SouthAustralia/2525607496/2025_H3N2,plate8-A/SouthAustralia/2525607496/2025_H3N2,92,1.808e-05,1.808e-05
seqneut25to26_sera_1005_d0,A/SouthAustralia/2525607496/2025_H3N2,plate8-A/SouthAustralia/2525607496/2025_H3N2,212,9.278e-05,9.278e-05
seqneut25to26_sera_1005_d0,A/SouthAustralia/2525607496/2025_H3N2,plate8-A/SouthAustralia/2525607496/2025_H3N2,487,0.00838,0.00838
seqneut25to26_sera_1005_d0,A/SouthAustralia/2525607496/2025_H3N2,plate8-A/SouthAustralia/2525607496/2025_H3N2,1119,0.1503,0.1503
seqneut25to26_sera_1005_d0,A/SouthAustralia/2525607496/2025_H3N2,plate8-A/SouthAustralia/2525607496/2025_H3N2,2575,0.4747,0.4747
seqneut25to26_sera_1005_d0,A/SouthAustralia/2525607496/2025_H3N2,plate8-A/SouthAustralia/2525607496/2025_H3N2,5921,0.4806,0.4806
seqneut25to26_sera_1005_d0,A/SouthAustralia/2525607496/2025_H3N2,plate8-A/SouthAustralia/2525607496/2025_H3N2,1.362e+04,0.8491,0.8491
seqneut25to26_sera_1005_d0,A/SouthAustralia/2527003588/2025_H3N2,plate8-A/SouthAustralia/2527003588/2025_H3N2,40,0.1606,0.1606
seqneut25to26_sera_1005_d0,A/SouthAustralia/2527003588/2025_H3N2,plate8-A/SouthAustralia/2527003588/2025_H3N2,92,0.3209,0.3209
seqneut25to26_sera_1005_d0,A/SouthAustralia/2527003588/2025_H3N2,plate8-A/SouthAustralia/2527003588/2025_H3N2,212,0.5389,0.5389
seqneut25to26_sera_1005_d0,A/SouthAustralia/2527003588/2025_H3N2,plate8-A/SouthAustralia/2527003588/2025_H3N2,487,0.8281,0.8281
seqneut25to26_sera_1005_d0,A/SouthAustralia/2527003588/2025_H3N2,plate8-A/SouthAustralia/2527003588/2025_H3N2,1119,0.6738,0.6738
seqneut25to26_sera_1005_d0,A/SouthAustralia/2527003588/2025_H3N2,plate8-A/SouthAustralia/2527003588/2025_H3N2,2575,0.8179,0.8179
seqneut25to26_sera_1005_d0,A/SouthAustralia/2527003588/2025_H3N2,plate8-A/SouthAustralia/2527003588/2025_H3N2,5921,0.5357,0.5357
seqneut25to26_sera_1005_d0,A/SouthAustralia/2527003588/2025_H3N2,plate8-A/SouthAustralia/2527003588/2025_H3N2,1.362e+04,0.9664,0.9664
seqneut25to26_sera_1005_d0,A/SouthAustralia/2527213276/2025_H3N2,plate8-A/SouthAustralia/2527213276/2025_H3N2,40,0.0868,0.0868
seqneut25to26_sera_1005_d0,A/SouthAustralia/2527213276/2025_H3N2,plate8-A/SouthAustralia/2527213276/2025_H3N2,92,0.1566,0.1566
seqneut25to26_sera_1005_d0,A/SouthAustralia/2527213276/2025_H3N2,plate8-A/SouthAustralia/2527213276/2025_H3N2,212,0.2829,0.2829
seqneut25to26_sera_1005_d0,A/SouthAustralia/2527213276/2025_H3N2,plate8-A/SouthAustralia/2527213276/2025_H3N2,487,0.4424,0.4424
seqneut25to26_sera_1005_d0,A/SouthAustralia/2527213276/2025_H3N2,plate8-A/SouthAustralia/2527213276/2025_H3N2,1119,0.4862,0.4862
seqneut25to26_sera_1005_d0,A/SouthAustralia/2527213276/2025_H3N2,plate8-A/SouthAustralia/2527213276/2025_H3N2,2575,0.5882,0.5882
seqneut25to26_sera_1005_d0,A/SouthAustralia/2527213276/2025_H3N2,plate8-A/SouthAustralia/2527213276/2025_H3N2,5921,0.6058,0.6058
seqneut25to26_sera_1005_d0,A/SouthAustralia/2527213276/2025_H3N2,plate8-A/SouthAustralia/2527213276/2025_H3N2,1.362e+04,0.9008,0.9008
seqneut25to26_sera_1005_d0,A/SouthAustralia/2527612456/2025_H1N1,plate8-A/SouthAustralia/2527612456/2025_H1N1,40,0.02324,0.02324
seqneut25to26_sera_1005_d0,A/SouthAustralia/2527612456/2025_H1N1,plate8-A/SouthAustralia/2527612456/2025_H1N1,92,0.3149,0.3149
seqneut25to26_sera_1005_d0,A/SouthAustralia/2527612456/2025_H1N1,plate8-A/SouthAustralia/2527612456/2025_H1N1,212,0.5574,0.5574
seqneut25to26_sera_1005_d0,A/SouthAustralia/2527612456/2025_H1N1,plate8-A/SouthAustralia/2527612456/2025_H1N1,487,0.7176,0.7176
seqneut25to26_sera_1005_d0,A/SouthAustralia/2527612456/2025_H1N1,plate8-A/SouthAustralia/2527612456/2025_H1N1,1119,0.8258,0.8258
seqneut25to26_sera_1005_d0,A/SouthAustralia/2527612456/2025_H1N1,plate8-A/SouthAustralia/2527612456/2025_H1N1,2575,0.8139,0.8139
seqneut25to26_sera_1005_d0,A/SouthAustralia/2527612456/2025_H1N1,plate8-A/SouthAustralia/2527612456/2025_H1N1,5921,0.6095,0.6095
seqneut25to26_sera_1005_d0,A/SouthAustralia/2527612456/2025_H1N1,plate8-A/SouthAustralia/2527612456/2025_H1N1,1.362e+04,0.9477,0.9477
seqneut25to26_sera_1005_d0,A/SouthAustralia/2527902708/2025_H3N2,plate8-A/SouthAustralia/2527902708/2025_H3N2,40,0.1758,0.1758
seqneut25to26_sera_1005_d0,A/SouthAustralia/2527902708/2025_H3N2,plate8-A/SouthAustralia/2527902708/2025_H3N2,92,0.188,0.188
seqneut25to26_sera_1005_d0,A/SouthAustralia/2527902708/2025_H3N2,plate8-A/SouthAustralia/2527902708/2025_H3N2,212,0.3877,0.3877
seqneut25to26_sera_1005_d0,A/SouthAustralia/2527902708/2025_H3N2,plate8-A/SouthAustralia/2527902708/2025_H3N2,487,0.8221,0.8221
seqneut25to26_sera_1005_d0,A/SouthAustralia/2527902708/2025_H3N2,plate8-A/SouthAustralia/2527902708/2025_H3N2,1119,0.4592,0.4592
seqneut25to26_sera_1005_d0,A/SouthAustralia/2527902708/2025_H3N2,plate8-A/SouthAustralia/2527902708/2025_H3N2,2575,0.6962,0.6962
seqneut25to26_sera_1005_d0,A/SouthAustralia/2527902708/2025_H3N2,plate8-A/SouthAustralia/2527902708/2025_H3N2,5921,0.3828,0.3828
seqneut25to26_sera_1005_d0,A/SouthAustralia/2527902708/2025_H3N2,plate8-A/SouthAustralia/2527902708/2025_H3N2,1.362e+04,1.299,1
seqneut25to26_sera_1005_d0,A/Sydney/1359/2024_H3N2,plate8-A/Sydney/1359/2024_H3N2,40,0,0
seqneut25to26_sera_1005_d0,A/Sydney/1359/2024_H3N2,plate8-A/Sydney/1359/2024_H3N2,92,0,0
seqneut25to26_sera_1005_d0,A/Sydney/1359/2024_H3N2,plate8-A/Sydney/1359/2024_H3N2,212,0.002113,0.002113
seqneut25to26_sera_1005_d0,A/Sydney/1359/2024_H3N2,plate8-A/Sydney/1359/2024_H3N2,487,0.01636,0.01636
seqneut25to26_sera_1005_d0,A/Sydney/1359/2024_H3N2,plate8-A/Sydney/1359/2024_H3N2,1119,0.2642,0.2642
seqneut25to26_sera_1005_d0,A/Sydney/1359/2024_H3N2,plate8-A/Sydney/1359/2024_H3N2,2575,0.424,0.424
seqneut25to26_sera_1005_d0,A/Sydney/1359/2024_H3N2,plate8-A/Sydney/1359/2024_H3N2,5921,0.4476,0.4476
seqneut25to26_sera_1005_d0,A/Sydney/1359/2024_H3N2,plate8-A/Sydney/1359/2024_H3N2,1.362e+04,0.6846,0.6846
seqneut25to26_sera_1005_d0,A/Sydney/400/2025_H1N1,plate8-A/Sydney/400/2025_H1N1,40,0.1111,0.1111
seqneut25to26_sera_1005_d0,A/Sydney/400/2025_H1N1,plate8-A/Sydney/400/2025_H1N1,92,0.2487,0.2487
seqneut25to26_sera_1005_d0,A/Sydney/400/2025_H1N1,plate8-A/Sydney/400/2025_H1N1,212,0.7233,0.7233
seqneut25to26_sera_1005_d0,A/Sydney/400/2025_H1N1,plate8-A/Sydney/400/2025_H1N1,487,0.6005,0.6005
seqneut25to26_sera_1005_d0,A/Sydney/400/2025_H1N1,plate8-A/Sydney/400/2025_H1N1,1119,0.6213,0.6213
seqneut25to26_sera_1005_d0,A/Sydney/400/2025_H1N1,plate8-A/Sydney/400/2025_H1N1,2575,0.8219,0.8219
seqneut25to26_sera_1005_d0,A/Sydney/400/2025_H1N1,plate8-A/Sydney/400/2025_H1N1,5921,0.5598,0.5598
seqneut25to26_sera_1005_d0,A/Sydney/400/2025_H1N1,plate8-A/Sydney/400/2025_H1N1,1.362e+04,0.911,0.911
seqneut25to26_sera_1005_d0,A/Tasmania/2521815682/2025_H3N2,plate8-A/Tasmania/2521815682/2025_H3N2,40,0.1154,0.1154
seqneut25to26_sera_1005_d0,A/Tasmania/2521815682/2025_H3N2,plate8-A/Tasmania/2521815682/2025_H3N2,92,0.2114,0.2114
seqneut25to26_sera_1005_d0,A/Tasmania/2521815682/2025_H3N2,plate8-A/Tasmania/2521815682/2025_H3N2,212,0.4143,0.4143
seqneut25to26_sera_1005_d0,A/Tasmania/2521815682/2025_H3N2,plate8-A/Tasmania/2521815682/2025_H3N2,487,0.5981,0.5981
seqneut25to26_sera_1005_d0,A/Tasmania/2521815682/2025_H3N2,plate8-A/Tasmania/2521815682/2025_H3N2,1119,0.6951,0.6951
seqneut25to26_sera_1005_d0,A/Tasmania/2521815682/2025_H3N2,plate8-A/Tasmania/2521815682/2025_H3N2,2575,0.7497,0.7497
seqneut25to26_sera_1005_d0,A/Tasmania/2521815682/2025_H3N2,plate8-A/Tasmania/2521815682/2025_H3N2,5921,0.5763,0.5763
seqneut25to26_sera_1005_d0,A/Tasmania/2521815682/2025_H3N2,plate8-A/Tasmania/2521815682/2025_H3N2,1.362e+04,0.9777,0.9777
seqneut25to26_sera_1005_d0,A/Thailand/8/2022_H3N2,plate8-A/Thailand/8/2022_H3N2,40,0.0004552,0.0004552
seqneut25to26_sera_1005_d0,A/Thailand/8/2022_H3N2,plate8-A/Thailand/8/2022_H3N2,92,0.0006618,0.0006618
seqneut25to26_sera_1005_d0,A/Thailand/8/2022_H3N2,plate8-A/Thailand/8/2022_H3N2,212,0.02058,0.02058
seqneut25to26_sera_1005_d0,A/Thailand/8/2022_H3N2,plate8-A/Thailand/8/2022_H3N2,487,0.06174,0.06174
seqneut25to26_sera_1005_d0,A/Thailand/8/2022_H3N2,plate8-A/Thailand/8/2022_H3N2,1119,0.201,0.201
seqneut25to26_sera_1005_d0,A/Thailand/8/2022_H3N2,plate8-A/Thailand/8/2022_H3N2,2575,0.16,0.16
seqneut25to26_sera_1005_d0,A/Thailand/8/2022_H3N2,plate8-A/Thailand/8/2022_H3N2,5921,0.1949,0.1949
seqneut25to26_sera_1005_d0,A/Thailand/8/2022_H3N2,plate8-A/Thailand/8/2022_H3N2,1.362e+04,0.6094,0.6094
seqneut25to26_sera_1005_d0,A/Vermont/73/2025_H3N2,plate8-A/Vermont/73/2025_H3N2,40,0.0929,0.0929
seqneut25to26_sera_1005_d0,A/Vermont/73/2025_H3N2,plate8-A/Vermont/73/2025_H3N2,92,0.146,0.146
seqneut25to26_sera_1005_d0,A/Vermont/73/2025_H3N2,plate8-A/Vermont/73/2025_H3N2,212,0.3914,0.3914
seqneut25to26_sera_1005_d0,A/Vermont/73/2025_H3N2,plate8-A/Vermont/73/2025_H3N2,487,0.5747,0.5747
seqneut25to26_sera_1005_d0,A/Vermont/73/2025_H3N2,plate8-A/Vermont/73/2025_H3N2,1119,0.7152,0.7152
seqneut25to26_sera_1005_d0,A/Vermont/73/2025_H3N2,plate8-A/Vermont/73/2025_H3N2,2575,0.7,0.7
seqneut25to26_sera_1005_d0,A/Vermont/73/2025_H3N2,plate8-A/Vermont/73/2025_H3N2,5921,0.5737,0.5737
seqneut25to26_sera_1005_d0,A/Vermont/73/2025_H3N2,plate8-A/Vermont/73/2025_H3N2,1.362e+04,1.082,1
seqneut25to26_sera_1005_d0,A/Victoria/4897/2022_IVR-238_H1N1,plate8-A/Victoria/4897/2022_IVR-238_H1N1,40,4.588e-07,4.588e-07
seqneut25to26_sera_1005_d0,A/Victoria/4897/2022_IVR-238_H1N1,plate8-A/Victoria/4897/2022_IVR-238_H1N1,92,5.249e-05,5.249e-05
seqneut25to26_sera_1005_d0,A/Victoria/4897/2022_IVR-238_H1N1,plate8-A/Victoria/4897/2022_IVR-238_H1N1,212,0.0007781,0.0007781
seqneut25to26_sera_1005_d0,A/Victoria/4897/2022_IVR-238_H1N1,plate8-A/Victoria/4897/2022_IVR-238_H1N1,487,0.01268,0.01268
seqneut25to26_sera_1005_d0,A/Victoria/4897/2022_IVR-238_H1N1,plate8-A/Victoria/4897/2022_IVR-238_H1N1,1119,0.2898,0.2898
seqneut25to26_sera_1005_d0,A/Victoria/4897/2022_IVR-238_H1N1,plate8-A/Victoria/4897/2022_IVR-238_H1N1,2575,0.5149,0.5149
seqneut25to26_sera_1005_d0,A/Victoria/4897/2022_IVR-238_H1N1,plate8-A/Victoria/4897/2022_IVR-238_H1N1,5921,0.6016,0.6016
seqneut25to26_sera_1005_d0,A/Victoria/4897/2022_IVR-238_H1N1,plate8-A/Victoria/4897/2022_IVR-238_H1N1,1.362e+04,0.9313,0.9313
seqneut25to26_sera_1005_d0,A/Wisconsin/588/2019_H1N1,plate8-A/Wisconsin/588/2019_H1N1,40,0,0
seqneut25to26_sera_1005_d0,A/Wisconsin/588/2019_H1N1,plate8-A/Wisconsin/588/2019_H1N1,92,0.0006013,0.0006013
seqneut25to26_sera_1005_d0,A/Wisconsin/588/2019_H1N1,plate8-A/Wisconsin/588/2019_H1N1,212,0.002371,0.002371
seqneut25to26_sera_1005_d0,A/Wisconsin/588/2019_H1N1,plate8-A/Wisconsin/588/2019_H1N1,487,0.1148,0.1148
seqneut25to26_sera_1005_d0,A/Wisconsin/588/2019_H1N1,plate8-A/Wisconsin/588/2019_H1N1,1119,0.4207,0.4207
seqneut25to26_sera_1005_d0,A/Wisconsin/588/2019_H1N1,plate8-A/Wisconsin/588/2019_H1N1,2575,0.5898,0.5898
seqneut25to26_sera_1005_d0,A/Wisconsin/588/2019_H1N1,plate8-A/Wisconsin/588/2019_H1N1,5921,0.4766,0.4766
seqneut25to26_sera_1005_d0,A/Wisconsin/588/2019_H1N1,plate8-A/Wisconsin/588/2019_H1N1,1.362e+04,0.9905,0.9905
seqneut25to26_sera_1005_d0,A/Wisconsin/67/2022_H1N1,plate8-A/Wisconsin/67/2022_H1N1,40,0.005596,0.005596
seqneut25to26_sera_1005_d0,A/Wisconsin/67/2022_H1N1,plate8-A/Wisconsin/67/2022_H1N1,92,0.1468,0.1468
seqneut25to26_sera_1005_d0,A/Wisconsin/67/2022_H1N1,plate8-A/Wisconsin/67/2022_H1N1,212,0.5012,0.5012
seqneut25to26_sera_1005_d0,A/Wisconsin/67/2022_H1N1,plate8-A/Wisconsin/67/2022_H1N1,487,0.6299,0.6299
seqneut25to26_sera_1005_d0,A/Wisconsin/67/2022_H1N1,plate8-A/Wisconsin/67/2022_H1N1,1119,0.6923,0.6923
seqneut25to26_sera_1005_d0,A/Wisconsin/67/2022_H1N1,plate8-A/Wisconsin/67/2022_H1N1,2575,0.7531,0.7531
seqneut25to26_sera_1005_d0,A/Wisconsin/67/2022_H1N1,plate8-A/Wisconsin/67/2022_H1N1,5921,0.6243,0.6243
seqneut25to26_sera_1005_d0,A/Wisconsin/67/2022_H1N1,plate8-A/Wisconsin/67/2022_H1N1,1.362e+04,0.8453,0.8453
seqneut25to26_sera_1005_d0,A/Zacapa/FLU-261/2025_H1N1,plate8-A/Zacapa/FLU-261/2025_H1N1,40,0.002568,0.002568
seqneut25to26_sera_1005_d0,A/Zacapa/FLU-261/2025_H1N1,plate8-A/Zacapa/FLU-261/2025_H1N1,92,0.1152,0.1152
seqneut25to26_sera_1005_d0,A/Zacapa/FLU-261/2025_H1N1,plate8-A/Zacapa/FLU-261/2025_H1N1,212,0.4446,0.4446
seqneut25to26_sera_1005_d0,A/Zacapa/FLU-261/2025_H1N1,plate8-A/Zacapa/FLU-261/2025_H1N1,487,0.9076,0.9076
seqneut25to26_sera_1005_d0,A/Zacapa/FLU-261/2025_H1N1,plate8-A/Zacapa/FLU-261/2025_H1N1,1119,0.784,0.784
seqneut25to26_sera_1005_d0,A/Zacapa/FLU-261/2025_H1N1,plate8-A/Zacapa/FLU-261/2025_H1N1,2575,0.7584,0.7584
seqneut25to26_sera_1005_d0,A/Zacapa/FLU-261/2025_H1N1,plate8-A/Zacapa/FLU-261/2025_H1N1,5921,0.6613,0.6613
seqneut25to26_sera_1005_d0,A/Zacapa/FLU-261/2025_H1N1,plate8-A/Zacapa/FLU-261/2025_H1N1,1.362e+04,1.124,1
seqneut25to26_sera_1005_d28,A/Alagoas/4130/2025_H3N2,plate8-A/Alagoas/4130/2025_H3N2,40,1.499e-05,1.499e-05
seqneut25to26_sera_1005_d28,A/Alagoas/4130/2025_H3N2,plate8-A/Alagoas/4130/2025_H3N2,92,3.115e-05,3.115e-05
seqneut25to26_sera_1005_d28,A/Alagoas/4130/2025_H3N2,plate8-A/Alagoas/4130/2025_H3N2,212,7.115e-05,7.115e-05
seqneut25to26_sera_1005_d28,A/Alagoas/4130/2025_H3N2,plate8-A/Alagoas/4130/2025_H3N2,487,0.008189,0.008189
seqneut25to26_sera_1005_d28,A/Alagoas/4130/2025_H3N2,plate8-A/Alagoas/4130/2025_H3N2,1119,0.08508,0.08508
seqneut25to26_sera_1005_d28,A/Alagoas/4130/2025_H3N2,plate8-A/Alagoas/4130/2025_H3N2,2575,0.4958,0.4958
seqneut25to26_sera_1005_d28,A/Alagoas/4130/2025_H3N2,plate8-A/Alagoas/4130/2025_H3N2,5921,0.4315,0.4315
seqneut25to26_sera_1005_d28,A/Alagoas/4130/2025_H3N2,plate8-A/Alagoas/4130/2025_H3N2,1.362e+04,0.6631,0.6631
seqneut25to26_sera_1005_d28,A/Anapolis/LEIAL6543/2025_H3N2,plate8-A/Anapolis/LEIAL6543/2025_H3N2,40,0.01626,0.01626
seqneut25to26_sera_1005_d28,A/Anapolis/LEIAL6543/2025_H3N2,plate8-A/Anapolis/LEIAL6543/2025_H3N2,92,0.1435,0.1435
seqneut25to26_sera_1005_d28,A/Anapolis/LEIAL6543/2025_H3N2,plate8-A/Anapolis/LEIAL6543/2025_H3N2,212,0.2269,0.2269
seqneut25to26_sera_1005_d28,A/Anapolis/LEIAL6543/2025_H3N2,plate8-A/Anapolis/LEIAL6543/2025_H3N2,487,0.3023,0.3023
seqneut25to26_sera_1005_d28,A/Anapolis/LEIAL6543/2025_H3N2,plate8-A/Anapolis/LEIAL6543/2025_H3N2,1119,0.4707,0.4707
seqneut25to26_sera_1005_d28,A/Anapolis/LEIAL6543/2025_H3N2,plate8-A/Anapolis/LEIAL6543/2025_H3N2,2575,0.7247,0.7247
seqneut25to26_sera_1005_d28,A/Anapolis/LEIAL6543/2025_H3N2,plate8-A/Anapolis/LEIAL6543/2025_H3N2,5921,0.4657,0.4657
seqneut25to26_sera_1005_d28,A/Anapolis/LEIAL6543/2025_H3N2,plate8-A/Anapolis/LEIAL6543/2025_H3N2,1.362e+04,0.9176,0.9176
seqneut25to26_sera_1005_d28,A/Andalucia/PMC-00977/2025_H1N1,plate8-A/Andalucia/PMC-00977/2025_H1N1,40,0.0003218,0.0003218
seqneut25to26_sera_1005_d28,A/Andalucia/PMC-00977/2025_H1N1,plate8-A/Andalucia/PMC-00977/2025_H1N1,92,0.01215,0.01215
seqneut25to26_sera_1005_d28,A/Andalucia/PMC-00977/2025_H1N1,plate8-A/Andalucia/PMC-00977/2025_H1N1,212,0.1894,0.1894
seqneut25to26_sera_1005_d28,A/Andalucia/PMC-00977/2025_H1N1,plate8-A/Andalucia/PMC-00977/2025_H1N1,487,0.5506,0.5506
seqneut25to26_sera_1005_d28,A/Andalucia/PMC-00977/2025_H1N1,plate8-A/Andalucia/PMC-00977/2025_H1N1,1119,0.7625,0.7625
seqneut25to26_sera_1005_d28,A/Andalucia/PMC-00977/2025_H1N1,plate8-A/Andalucia/PMC-00977/2025_H1N1,2575,0.8899,0.8899
seqneut25to26_sera_1005_d28,A/Andalucia/PMC-00977/2025_H1N1,plate8-A/Andalucia/PMC-00977/2025_H1N1,5921,0.6211,0.6211
seqneut25to26_sera_1005_d28,A/Andalucia/PMC-00977/2025_H1N1,plate8-A/Andalucia/PMC-00977/2025_H1N1,1.362e+04,0.8641,0.8641
seqneut25to26_sera_1005_d28,A/Aragon/2046/2025_H1N1,plate8-A/Aragon/2046/2025_H1N1,40,0.00125,0.00125
seqneut25to26_sera_1005_d28,A/Aragon/2046/2025_H1N1,plate8-A/Aragon/2046/2025_H1N1,92,0.02082,0.02082
seqneut25to26_sera_1005_d28,A/Aragon/2046/2025_H1N1,plate8-A/Aragon/2046/2025_H1N1,212,0.2015,0.2015
seqneut25to26_sera_1005_d28,A/Aragon/2046/2025_H1N1,plate8-A/Aragon/2046/2025_H1N1,487,0.363,0.363
seqneut25to26_sera_1005_d28,A/Aragon/2046/2025_H1N1,plate8-A/Aragon/2046/2025_H1N1,1119,0.7463,0.7463
seqneut25to26_sera_1005_d28,A/Aragon/2046/2025_H1N1,plate8-A/Aragon/2046/2025_H1N1,2575,0.8523,0.8523
seqneut25to26_sera_1005_d28,A/Aragon/2046/2025_H1N1,plate8-A/Aragon/2046/2025_H1N1,5921,0.6528,0.6528
seqneut25to26_sera_1005_d28,A/Aragon/2046/2025_H1N1,plate8-A/Aragon/2046/2025_H1N1,1.362e+04,0.9133,0.9133
seqneut25to26_sera_1005_d28,A/Arica/59150/2025_H3N2,plate8-A/Arica/59150/2025_H3N2,40,0.02164,0.02164
seqneut25to26_sera_1005_d28,A/Arica/59150/2025_H3N2,plate8-A/Arica/59150/2025_H3N2,92,0.1394,0.1394
seqneut25to26_sera_1005_d28,A/Arica/59150/2025_H3N2,plate8-A/Arica/59150/2025_H3N2,212,0.2255,0.2255
seqneut25to26_sera_1005_d28,A/Arica/59150/2025_H3N2,plate8-A/Arica/59150/2025_H3N2,487,0.286,0.286
seqneut25to26_sera_1005_d28,A/Arica/59150/2025_H3N2,plate8-A/Arica/59150/2025_H3N2,1119,0.3865,0.3865
seqneut25to26_sera_1005_d28,A/Arica/59150/2025_H3N2,plate8-A/Arica/59150/2025_H3N2,2575,0.6212,0.6212
seqneut25to26_sera_1005_d28,A/Arica/59150/2025_H3N2,plate8-A/Arica/59150/2025_H3N2,5921,0.5596,0.5596
seqneut25to26_sera_1005_d28,A/Arica/59150/2025_H3N2,plate8-A/Arica/59150/2025_H3N2,1.362e+04,0.8371,0.8371
seqneut25to26_sera_1005_d28,A/Bahia/3102/2025_H3N2,plate8-A/Bahia/3102/2025_H3N2,40,0.002475,0.002475
seqneut25to26_sera_1005_d28,A/Bahia/3102/2025_H3N2,plate8-A/Bahia/3102/2025_H3N2,92,0.061,0.061
seqneut25to26_sera_1005_d28,A/Bahia/3102/2025_H3N2,plate8-A/Bahia/3102/2025_H3N2,212,0.3407,0.3407
seqneut25to26_sera_1005_d28,A/Bahia/3102/2025_H3N2,plate8-A/Bahia/3102/2025_H3N2,487,0.2897,0.2897
seqneut25to26_sera_1005_d28,A/Bahia/3102/2025_H3N2,plate8-A/Bahia/3102/2025_H3N2,1119,0.4325,0.4325
seqneut25to26_sera_1005_d28,A/Bahia/3102/2025_H3N2,plate8-A/Bahia/3102/2025_H3N2,2575,0.6624,0.6624
seqneut25to26_sera_1005_d28,A/Bahia/3102/2025_H3N2,plate8-A/Bahia/3102/2025_H3N2,5921,0.4975,0.4975
seqneut25to26_sera_1005_d28,A/Bahia/3102/2025_H3N2,plate8-A/Bahia/3102/2025_H3N2,1.362e+04,0.8588,0.8588
seqneut25to26_sera_1005_d28,A/Bangkok/1803/2025_H1N1,plate8-A/Bangkok/1803/2025_H1N1,40,0.003332,0.003332
seqneut25to26_sera_1005_d28,A/Bangkok/1803/2025_H1N1,plate8-A/Bangkok/1803/2025_H1N1,92,0.002505,0.002505
seqneut25to26_sera_1005_d28,A/Bangkok/1803/2025_H1N1,plate8-A/Bangkok/1803/2025_H1N1,212,0.1396,0.1396
seqneut25to26_sera_1005_d28,A/Bangkok/1803/2025_H1N1,plate8-A/Bangkok/1803/2025_H1N1,487,0.4134,0.4134
seqneut25to26_sera_1005_d28,A/Bangkok/1803/2025_H1N1,plate8-A/Bangkok/1803/2025_H1N1,1119,0.8202,0.8202
seqneut25to26_sera_1005_d28,A/Bangkok/1803/2025_H1N1,plate8-A/Bangkok/1803/2025_H1N1,2575,1.042,1
seqneut25to26_sera_1005_d28,A/Bangkok/1803/2025_H1N1,plate8-A/Bangkok/1803/2025_H1N1,5921,0.876,0.876
seqneut25to26_sera_1005_d28,A/Bangkok/1803/2025_H1N1,plate8-A/Bangkok/1803/2025_H1N1,1.362e+04,1.054,1
seqneut25to26_sera_1005_d28,A/Bangkok/P2229/2025_H1N1,plate8-A/Bangkok/P2229/2025_H1N1,40,0.0003054,0.0003054
seqneut25to26_sera_1005_d28,A/Bangkok/P2229/2025_H1N1,plate8-A/Bangkok/P2229/2025_H1N1,92,0.007616,0.007616
seqneut25to26_sera_1005_d28,A/Bangkok/P2229/2025_H1N1,plate8-A/Bangkok/P2229/2025_H1N1,212,0.09496,0.09496
seqneut25to26_sera_1005_d28,A/Bangkok/P2229/2025_H1N1,plate8-A/Bangkok/P2229/2025_H1N1,487,0.3807,0.3807
seqneut25to26_sera_1005_d28,A/Bangkok/P2229/2025_H1N1,plate8-A/Bangkok/P2229/2025_H1N1,1119,0.6417,0.6417
seqneut25to26_sera_1005_d28,A/Bangkok/P2229/2025_H1N1,plate8-A/Bangkok/P2229/2025_H1N1,2575,0.7992,0.7992
seqneut25to26_sera_1005_d28,A/Bangkok/P2229/2025_H1N1,plate8-A/Bangkok/P2229/2025_H1N1,5921,0.5987,0.5987
seqneut25to26_sera_1005_d28,A/Bangkok/P2229/2025_H1N1,plate8-A/Bangkok/P2229/2025_H1N1,1.362e+04,0.9066,0.9066
seqneut25to26_sera_1005_d28,A/Bangkok/P2323/2025_H3N2,plate8-A/Bangkok/P2323/2025_H3N2,40,0.02331,0.02331
seqneut25to26_sera_1005_d28,A/Bangkok/P2323/2025_H3N2,plate8-A/Bangkok/P2323/2025_H3N2,92,0.08083,0.08083
seqneut25to26_sera_1005_d28,A/Bangkok/P2323/2025_H3N2,plate8-A/Bangkok/P2323/2025_H3N2,212,0.1897,0.1897
seqneut25to26_sera_1005_d28,A/Bangkok/P2323/2025_H3N2,plate8-A/Bangkok/P2323/2025_H3N2,487,0.4886,0.4886
seqneut25to26_sera_1005_d28,A/Bangkok/P2323/2025_H3N2,plate8-A/Bangkok/P2323/2025_H3N2,1119,0.5684,0.5684
seqneut25to26_sera_1005_d28,A/Bangkok/P2323/2025_H3N2,plate8-A/Bangkok/P2323/2025_H3N2,2575,0.7223,0.7223
seqneut25to26_sera_1005_d28,A/Bangkok/P2323/2025_H3N2,plate8-A/Bangkok/P2323/2025_H3N2,5921,0.6117,0.6117
seqneut25to26_sera_1005_d28,A/Bangkok/P2323/2025_H3N2,plate8-A/Bangkok/P2323/2025_H3N2,1.362e+04,0.7818,0.7818
seqneut25to26_sera_1005_d28,A/Bangkok/P2390/2025_H3N2,plate8-A/Bangkok/P2390/2025_H3N2,40,0.02201,0.02201
seqneut25to26_sera_1005_d28,A/Bangkok/P2390/2025_H3N2,plate8-A/Bangkok/P2390/2025_H3N2,92,0.1496,0.1496
seqneut25to26_sera_1005_d28,A/Bangkok/P2390/2025_H3N2,plate8-A/Bangkok/P2390/2025_H3N2,212,0.2828,0.2828
seqneut25to26_sera_1005_d28,A/Bangkok/P2390/2025_H3N2,plate8-A/Bangkok/P2390/2025_H3N2,487,0.4134,0.4134
seqneut25to26_sera_1005_d28,A/Bangkok/P2390/2025_H3N2,plate8-A/Bangkok/P2390/2025_H3N2,1119,0.4743,0.4743
seqneut25to26_sera_1005_d28,A/Bangkok/P2390/2025_H3N2,plate8-A/Bangkok/P2390/2025_H3N2,2575,0.8592,0.8592
seqneut25to26_sera_1005_d28,A/Bangkok/P2390/2025_H3N2,plate8-A/Bangkok/P2390/2025_H3N2,5921,0.5337,0.5337
seqneut25to26_sera_1005_d28,A/Bangkok/P2390/2025_H3N2,plate8-A/Bangkok/P2390/2025_H3N2,1.362e+04,0.8256,0.8256
seqneut25to26_sera_1005_d28,A/Bangkok/P2391/2025_H3N2,plate8-A/Bangkok/P2391/2025_H3N2,40,1.617e-05,1.617e-05
seqneut25to26_sera_1005_d28,A/Bangkok/P2391/2025_H3N2,plate8-A/Bangkok/P2391/2025_H3N2,92,3.733e-05,3.733e-05
seqneut25to26_sera_1005_d28,A/Bangkok/P2391/2025_H3N2,plate8-A/Bangkok/P2391/2025_H3N2,212,0.004083,0.004083
seqneut25to26_sera_1005_d28,A/Bangkok/P2391/2025_H3N2,plate8-A/Bangkok/P2391/2025_H3N2,487,0.06259,0.06259
seqneut25to26_sera_1005_d28,A/Bangkok/P2391/2025_H3N2,plate8-A/Bangkok/P2391/2025_H3N2,1119,0.1806,0.1806
seqneut25to26_sera_1005_d28,A/Bangkok/P2391/2025_H3N2,plate8-A/Bangkok/P2391/2025_H3N2,2575,0.5651,0.5651
seqneut25to26_sera_1005_d28,A/Bangkok/P2391/2025_H3N2,plate8-A/Bangkok/P2391/2025_H3N2,5921,0.4801,0.4801
seqneut25to26_sera_1005_d28,A/Bangkok/P2391/2025_H3N2,plate8-A/Bangkok/P2391/2025_H3N2,1.362e+04,0.7034,0.7034
seqneut25to26_sera_1005_d28,A/Bangkok/P2572/2025_H3N2,plate8-A/Bangkok/P2572/2025_H3N2,40,0.03931,0.03931
seqneut25to26_sera_1005_d28,A/Bangkok/P2572/2025_H3N2,plate8-A/Bangkok/P2572/2025_H3N2,92,0.1392,0.1392
seqneut25to26_sera_1005_d28,A/Bangkok/P2572/2025_H3N2,plate8-A/Bangkok/P2572/2025_H3N2,212,0.2554,0.2554
seqneut25to26_sera_1005_d28,A/Bangkok/P2572/2025_H3N2,plate8-A/Bangkok/P2572/2025_H3N2,487,0.4625,0.4625
seqneut25to26_sera_1005_d28,A/Bangkok/P2572/2025_H3N2,plate8-A/Bangkok/P2572/2025_H3N2,1119,0.645,0.645
seqneut25to26_sera_1005_d28,A/Bangkok/P2572/2025_H3N2,plate8-A/Bangkok/P2572/2025_H3N2,2575,0.7431,0.7431
seqneut25to26_sera_1005_d28,A/Bangkok/P2572/2025_H3N2,plate8-A/Bangkok/P2572/2025_H3N2,5921,0.4897,0.4897
seqneut25to26_sera_1005_d28,A/Bangkok/P2572/2025_H3N2,plate8-A/Bangkok/P2572/2025_H3N2,1.362e+04,0.7737,0.7737
seqneut25to26_sera_1005_d28,A/Bangkok/P2921/2025_H3N2,plate8-A/Bangkok/P2921/2025_H3N2,40,2.428e-05,2.428e-05
seqneut25to26_sera_1005_d28,A/Bangkok/P2921/2025_H3N2,plate8-A/Bangkok/P2921/2025_H3N2,92,0.0001177,0.0001177
seqneut25to26_sera_1005_d28,A/Bangkok/P2921/2025_H3N2,plate8-A/Bangkok/P2921/2025_H3N2,212,3.457e-05,3.457e-05
seqneut25to26_sera_1005_d28,A/Bangkok/P2921/2025_H3N2,plate8-A/Bangkok/P2921/2025_H3N2,487,0.04049,0.04049
seqneut25to26_sera_1005_d28,A/Bangkok/P2921/2025_H3N2,plate8-A/Bangkok/P2921/2025_H3N2,1119,0.2201,0.2201
seqneut25to26_sera_1005_d28,A/Bangkok/P2921/2025_H3N2,plate8-A/Bangkok/P2921/2025_H3N2,2575,0.4681,0.4681
seqneut25to26_sera_1005_d28,A/Bangkok/P2921/2025_H3N2,plate8-A/Bangkok/P2921/2025_H3N2,5921,0.4269,0.4269
seqneut25to26_sera_1005_d28,A/Bangkok/P2921/2025_H3N2,plate8-A/Bangkok/P2921/2025_H3N2,1.362e+04,0.662,0.662
seqneut25to26_sera_1005_d28,A/Bangkok/P3067/2025_H1N1,plate8-A/Bangkok/P3067/2025_H1N1,40,0.0002279,0.0002279
seqneut25to26_sera_1005_d28,A/Bangkok/P3067/2025_H1N1,plate8-A/Bangkok/P3067/2025_H1N1,92,0.001203,0.001203
seqneut25to26_sera_1005_d28,A/Bangkok/P3067/2025_H1N1,plate8-A/Bangkok/P3067/2025_H1N1,212,0.04658,0.04658
seqneut25to26_sera_1005_d28,A/Bangkok/P3067/2025_H1N1,plate8-A/Bangkok/P3067/2025_H1N1,487,0.3791,0.3791
seqneut25to26_sera_1005_d28,A/Bangkok/P3067/2025_H1N1,plate8-A/Bangkok/P3067/2025_H1N1,1119,0.4951,0.4951
seqneut25to26_sera_1005_d28,A/Bangkok/P3067/2025_H1N1,plate8-A/Bangkok/P3067/2025_H1N1,2575,0.8791,0.8791
seqneut25to26_sera_1005_d28,A/Bangkok/P3067/2025_H1N1,plate8-A/Bangkok/P3067/2025_H1N1,5921,0.6152,0.6152
seqneut25to26_sera_1005_d28,A/Bangkok/P3067/2025_H1N1,plate8-A/Bangkok/P3067/2025_H1N1,1.362e+04,0.8281,0.8281
seqneut25to26_sera_1005_d28,A/Bangkok/P3263/2025_H3N2,plate8-A/Bangkok/P3263/2025_H3N2,40,0.007949,0.007949
seqneut25to26_sera_1005_d28,A/Bangkok/P3263/2025_H3N2,plate8-A/Bangkok/P3263/2025_H3N2,92,0.1421,0.1421
seqneut25to26_sera_1005_d28,A/Bangkok/P3263/2025_H3N2,plate8-A/Bangkok/P3263/2025_H3N2,212,0.1587,0.1587
seqneut25to26_sera_1005_d28,A/Bangkok/P3263/2025_H3N2,plate8-A/Bangkok/P3263/2025_H3N2,487,0.2911,0.2911
seqneut25to26_sera_1005_d28,A/Bangkok/P3263/2025_H3N2,plate8-A/Bangkok/P3263/2025_H3N2,1119,0.5614,0.5614
seqneut25to26_sera_1005_d28,A/Bangkok/P3263/2025_H3N2,plate8-A/Bangkok/P3263/2025_H3N2,2575,0.7668,0.7668
seqneut25to26_sera_1005_d28,A/Bangkok/P3263/2025_H3N2,plate8-A/Bangkok/P3263/2025_H3N2,5921,0.5276,0.5276
seqneut25to26_sera_1005_d28,A/Bangkok/P3263/2025_H3N2,plate8-A/Bangkok/P3263/2025_H3N2,1.362e+04,0.8205,0.8205
seqneut25to26_sera_1005_d28,A/Belgium/H0097/2025_H3N2,plate8-A/Belgium/H0097/2025_H3N2,40,7.707e-06,7.707e-06
seqneut25to26_sera_1005_d28,A/Belgium/H0097/2025_H3N2,plate8-A/Belgium/H0097/2025_H3N2,92,1.068e-05,1.068e-05
seqneut25to26_sera_1005_d28,A/Belgium/H0097/2025_H3N2,plate8-A/Belgium/H0097/2025_H3N2,212,0.01542,0.01542
seqneut25to26_sera_1005_d28,A/Belgium/H0097/2025_H3N2,plate8-A/Belgium/H0097/2025_H3N2,487,0.06424,0.06424
seqneut25to26_sera_1005_d28,A/Belgium/H0097/2025_H3N2,plate8-A/Belgium/H0097/2025_H3N2,1119,0.2897,0.2897
seqneut25to26_sera_1005_d28,A/Belgium/H0097/2025_H3N2,plate8-A/Belgium/H0097/2025_H3N2,2575,0.5751,0.5751
seqneut25to26_sera_1005_d28,A/Belgium/H0097/2025_H3N2,plate8-A/Belgium/H0097/2025_H3N2,5921,0.4182,0.4182
seqneut25to26_sera_1005_d28,A/Belgium/H0097/2025_H3N2,plate8-A/Belgium/H0097/2025_H3N2,1.362e+04,0.7654,0.7654
seqneut25to26_sera_1005_d28,A/Bhutan/1267/2025_H3N2,plate8-A/Bhutan/1267/2025_H3N2,40,5.34e-06,5.34e-06
seqneut25to26_sera_1005_d28,A/Bhutan/1267/2025_H3N2,plate8-A/Bhutan/1267/2025_H3N2,92,0,0
seqneut25to26_sera_1005_d28,A/Bhutan/1267/2025_H3N2,plate8-A/Bhutan/1267/2025_H3N2,212,3.042e-05,3.042e-05
seqneut25to26_sera_1005_d28,A/Bhutan/1267/2025_H3N2,plate8-A/Bhutan/1267/2025_H3N2,487,0.004599,0.004599
seqneut25to26_sera_1005_d28,A/Bhutan/1267/2025_H3N2,plate8-A/Bhutan/1267/2025_H3N2,1119,0.04725,0.04725
seqneut25to26_sera_1005_d28,A/Bhutan/1267/2025_H3N2,plate8-A/Bhutan/1267/2025_H3N2,2575,0.233,0.233
seqneut25to26_sera_1005_d28,A/Bhutan/1267/2025_H3N2,plate8-A/Bhutan/1267/2025_H3N2,5921,0.4189,0.4189
seqneut25to26_sera_1005_d28,A/Bhutan/1267/2025_H3N2,plate8-A/Bhutan/1267/2025_H3N2,1.362e+04,0.7222,0.7222
seqneut25to26_sera_1005_d28,A/Bhutan/7/2025_H3N2,plate8-A/Bhutan/7/2025_H3N2,40,5.133e-06,5.133e-06
seqneut25to26_sera_1005_d28,A/Bhutan/7/2025_H3N2,plate8-A/Bhutan/7/2025_H3N2,92,3.555e-05,3.555e-05
seqneut25to26_sera_1005_d28,A/Bhutan/7/2025_H3N2,plate8-A/Bhutan/7/2025_H3N2,212,0.001939,0.001939
seqneut25to26_sera_1005_d28,A/Bhutan/7/2025_H3N2,plate8-A/Bhutan/7/2025_H3N2,487,0.006465,0.006465
seqneut25to26_sera_1005_d28,A/Bhutan/7/2025_H3N2,plate8-A/Bhutan/7/2025_H3N2,1119,0.03478,0.03478
seqneut25to26_sera_1005_d28,A/Bhutan/7/2025_H3N2,plate8-A/Bhutan/7/2025_H3N2,2575,0.1646,0.1646
seqneut25to26_sera_1005_d28,A/Bhutan/7/2025_H3N2,plate8-A/Bhutan/7/2025_H3N2,5921,0.4261,0.4261
seqneut25to26_sera_1005_d28,A/Bhutan/7/2025_H3N2,plate8-A/Bhutan/7/2025_H3N2,1.362e+04,0.5623,0.5623
seqneut25to26_sera_1005_d28,A/BritishColumbia/PHL-2473/2025_H1N1,plate8-A/BritishColumbia/PHL-2473/2025_H1N1,40,0.00116,0.00116
seqneut25to26_sera_1005_d28,A/BritishColumbia/PHL-2473/2025_H1N1,plate8-A/BritishColumbia/PHL-2473/2025_H1N1,92,0.01512,0.01512
seqneut25to26_sera_1005_d28,A/BritishColumbia/PHL-2473/2025_H1N1,plate8-A/BritishColumbia/PHL-2473/2025_H1N1,212,0.09854,0.09854
seqneut25to26_sera_1005_d28,A/BritishColumbia/PHL-2473/2025_H1N1,plate8-A/BritishColumbia/PHL-2473/2025_H1N1,487,0.4447,0.4447
seqneut25to26_sera_1005_d28,A/BritishColumbia/PHL-2473/2025_H1N1,plate8-A/BritishColumbia/PHL-2473/2025_H1N1,1119,0.7174,0.7174
seqneut25to26_sera_1005_d28,A/BritishColumbia/PHL-2473/2025_H1N1,plate8-A/BritishColumbia/PHL-2473/2025_H1N1,2575,0.8552,0.8552
seqneut25to26_sera_1005_d28,A/BritishColumbia/PHL-2473/2025_H1N1,plate8-A/BritishColumbia/PHL-2473/2025_H1N1,5921,0.745,0.745
seqneut25to26_sera_1005_d28,A/BritishColumbia/PHL-2473/2025_H1N1,plate8-A/BritishColumbia/PHL-2473/2025_H1N1,1.362e+04,0.9895,0.9895
seqneut25to26_sera_1005_d28,A/California/61/2025_H3N2,plate8-A/California/61/2025_H3N2,40,0.01201,0.01201
seqneut25to26_sera_1005_d28,A/California/61/2025_H3N2,plate8-A/California/61/2025_H3N2,92,0.1049,0.1049
seqneut25to26_sera_1005_d28,A/California/61/2025_H3N2,plate8-A/California/61/2025_H3N2,212,0.1631,0.1631
seqneut25to26_sera_1005_d28,A/California/61/2025_H3N2,plate8-A/California/61/2025_H3N2,487,0.295,0.295
seqneut25to26_sera_1005_d28,A/California/61/2025_H3N2,plate8-A/California/61/2025_H3N2,1119,0.6694,0.6694
seqneut25to26_sera_1005_d28,A/California/61/2025_H3N2,plate8-A/California/61/2025_H3N2,2575,0.729,0.729
seqneut25to26_sera_1005_d28,A/California/61/2025_H3N2,plate8-A/California/61/2025_H3N2,5921,0.5161,0.5161
seqneut25to26_sera_1005_d28,A/California/61/2025_H3N2,plate8-A/California/61/2025_H3N2,1.362e+04,0.7966,0.7966
seqneut25to26_sera_1005_d28,A/California/63/2025_H1N1,plate8-A/California/63/2025_H1N1,40,0.0001944,0.0001944
seqneut25to26_sera_1005_d28,A/California/63/2025_H1N1,plate8-A/California/63/2025_H1N1,92,0.004916,0.004916
seqneut25to26_sera_1005_d28,A/California/63/2025_H1N1,plate8-A/California/63/2025_H1N1,212,0.1226,0.1226
seqneut25to26_sera_1005_d28,A/California/63/2025_H1N1,plate8-A/California/63/2025_H1N1,487,0.4962,0.4962
seqneut25to26_sera_1005_d28,A/California/63/2025_H1N1,plate8-A/California/63/2025_H1N1,1119,0.6263,0.6263
seqneut25to26_sera_1005_d28,A/California/63/2025_H1N1,plate8-A/California/63/2025_H1N1,2575,0.9186,0.9186
seqneut25to26_sera_1005_d28,A/California/63/2025_H1N1,plate8-A/California/63/2025_H1N1,5921,0.7414,0.7414
seqneut25to26_sera_1005_d28,A/California/63/2025_H1N1,plate8-A/California/63/2025_H1N1,1.362e+04,0.8908,0.8908
seqneut25to26_sera_1005_d28,A/Canberra/465/2025_H1N1,plate8-A/Canberra/465/2025_H1N1,40,0.0009101,0.0009101
seqneut25to26_sera_1005_d28,A/Canberra/465/2025_H1N1,plate8-A/Canberra/465/2025_H1N1,92,0.007736,0.007736
seqneut25to26_sera_1005_d28,A/Canberra/465/2025_H1N1,plate8-A/Canberra/465/2025_H1N1,212,0.08063,0.08063
seqneut25to26_sera_1005_d28,A/Canberra/465/2025_H1N1,plate8-A/Canberra/465/2025_H1N1,487,0.2433,0.2433
seqneut25to26_sera_1005_d28,A/Canberra/465/2025_H1N1,plate8-A/Canberra/465/2025_H1N1,1119,0.4913,0.4913
seqneut25to26_sera_1005_d28,A/Canberra/465/2025_H1N1,plate8-A/Canberra/465/2025_H1N1,2575,0.816,0.816
seqneut25to26_sera_1005_d28,A/Canberra/465/2025_H1N1,plate8-A/Canberra/465/2025_H1N1,5921,0.5936,0.5936
seqneut25to26_sera_1005_d28,A/Canberra/465/2025_H1N1,plate8-A/Canberra/465/2025_H1N1,1.362e+04,0.9325,0.9325
seqneut25to26_sera_1005_d28,A/Canberra/530/2025_H1N1,plate8-A/Canberra/530/2025_H1N1,40,0.0001819,0.0001819
seqneut25to26_sera_1005_d28,A/Canberra/530/2025_H1N1,plate8-A/Canberra/530/2025_H1N1,92,0.003108,0.003108
seqneut25to26_sera_1005_d28,A/Canberra/530/2025_H1N1,plate8-A/Canberra/530/2025_H1N1,212,0.1263,0.1263
seqneut25to26_sera_1005_d28,A/Canberra/530/2025_H1N1,plate8-A/Canberra/530/2025_H1N1,487,0.3575,0.3575
seqneut25to26_sera_1005_d28,A/Canberra/530/2025_H1N1,plate8-A/Canberra/530/2025_H1N1,1119,0.7449,0.7449
seqneut25to26_sera_1005_d28,A/Canberra/530/2025_H1N1,plate8-A/Canberra/530/2025_H1N1,2575,0.8844,0.8844
seqneut25to26_sera_1005_d28,A/Canberra/530/2025_H1N1,plate8-A/Canberra/530/2025_H1N1,5921,0.6932,0.6932
seqneut25to26_sera_1005_d28,A/Canberra/530/2025_H1N1,plate8-A/Canberra/530/2025_H1N1,1.362e+04,0.8731,0.8731
seqneut25to26_sera_1005_d28,A/Catalonia/NSVH102689455/2025_H1N1,plate8-A/Catalonia/NSVH102689455/2025_H1N1,40,0.0006434,0.0006434
seqneut25to26_sera_1005_d28,A/Catalonia/NSVH102689455/2025_H1N1,plate8-A/Catalonia/NSVH102689455/2025_H1N1,92,0.002525,0.002525
seqneut25to26_sera_1005_d28,A/Catalonia/NSVH102689455/2025_H1N1,plate8-A/Catalonia/NSVH102689455/2025_H1N1,212,0.09918,0.09918
seqneut25to26_sera_1005_d28,A/Catalonia/NSVH102689455/2025_H1N1,plate8-A/Catalonia/NSVH102689455/2025_H1N1,487,0.4662,0.4662
seqneut25to26_sera_1005_d28,A/Catalonia/NSVH102689455/2025_H1N1,plate8-A/Catalonia/NSVH102689455/2025_H1N1,1119,0.7193,0.7193
seqneut25to26_sera_1005_d28,A/Catalonia/NSVH102689455/2025_H1N1,plate8-A/Catalonia/NSVH102689455/2025_H1N1,2575,0.9979,0.9979
seqneut25to26_sera_1005_d28,A/Catalonia/NSVH102689455/2025_H1N1,plate8-A/Catalonia/NSVH102689455/2025_H1N1,5921,0.6684,0.6684
seqneut25to26_sera_1005_d28,A/Catalonia/NSVH102689455/2025_H1N1,plate8-A/Catalonia/NSVH102689455/2025_H1N1,1.362e+04,0.9297,0.9297
seqneut25to26_sera_1005_d28,A/Colorado/105/2025_H1N1,plate8-A/Colorado/105/2025_H1N1,40,0.002869,0.002869
seqneut25to26_sera_1005_d28,A/Colorado/105/2025_H1N1,plate8-A/Colorado/105/2025_H1N1,92,0.06806,0.06806
seqneut25to26_sera_1005_d28,A/Colorado/105/2025_H1N1,plate8-A/Colorado/105/2025_H1N1,212,0.2061,0.2061
seqneut25to26_sera_1005_d28,A/Colorado/105/2025_H1N1,plate8-A/Colorado/105/2025_H1N1,487,0.5065,0.5065
seqneut25to26_sera_1005_d28,A/Colorado/105/2025_H1N1,plate8-A/Colorado/105/2025_H1N1,1119,1.016,1
seqneut25to26_sera_1005_d28,A/Colorado/105/2025_H1N1,plate8-A/Colorado/105/2025_H1N1,2575,0.8774,0.8774
seqneut25to26_sera_1005_d28,A/Colorado/105/2025_H1N1,plate8-A/Colorado/105/2025_H1N1,5921,0.7101,0.7101
seqneut25to26_sera_1005_d28,A/Colorado/105/2025_H1N1,plate8-A/Colorado/105/2025_H1N1,1.362e+04,0.8481,0.8481
seqneut25to26_sera_1005_d28,A/CoteDIvoire/2007/2025_H1N1,plate8-A/CoteDIvoire/2007/2025_H1N1,40,0.0006156,0.0006156
seqneut25to26_sera_1005_d28,A/CoteDIvoire/2007/2025_H1N1,plate8-A/CoteDIvoire/2007/2025_H1N1,92,0.0009354,0.0009354
seqneut25to26_sera_1005_d28,A/CoteDIvoire/2007/2025_H1N1,plate8-A/CoteDIvoire/2007/2025_H1N1,212,0.1452,0.1452
seqneut25to26_sera_1005_d28,A/CoteDIvoire/2007/2025_H1N1,plate8-A/CoteDIvoire/2007/2025_H1N1,487,0.367,0.367
seqneut25to26_sera_1005_d28,A/CoteDIvoire/2007/2025_H1N1,plate8-A/CoteDIvoire/2007/2025_H1N1,1119,0.631,0.631
seqneut25to26_sera_1005_d28,A/CoteDIvoire/2007/2025_H1N1,plate8-A/CoteDIvoire/2007/2025_H1N1,2575,0.9315,0.9315
seqneut25to26_sera_1005_d28,A/CoteDIvoire/2007/2025_H1N1,plate8-A/CoteDIvoire/2007/2025_H1N1,5921,0.6259,0.6259
seqneut25to26_sera_1005_d28,A/CoteDIvoire/2007/2025_H1N1,plate8-A/CoteDIvoire/2007/2025_H1N1,1.362e+04,0.9822,0.9822
seqneut25to26_sera_1005_d28,A/Croatia/10136RV/2023-egg_H3N2,plate8-A/Croatia/10136RV/2023-egg_H3N2,40,0.0006823,0.0006823
seqneut25to26_sera_1005_d28,A/Croatia/10136RV/2023-egg_H3N2,plate8-A/Croatia/10136RV/2023-egg_H3N2,92,0.001497,0.001497
seqneut25to26_sera_1005_d28,A/Croatia/10136RV/2023-egg_H3N2,plate8-A/Croatia/10136RV/2023-egg_H3N2,212,0.00475,0.00475
seqneut25to26_sera_1005_d28,A/Croatia/10136RV/2023-egg_H3N2,plate8-A/Croatia/10136RV/2023-egg_H3N2,487,0.01023,0.01023
seqneut25to26_sera_1005_d28,A/Croatia/10136RV/2023-egg_H3N2,plate8-A/Croatia/10136RV/2023-egg_H3N2,1119,0.01585,0.01585
seqneut25to26_sera_1005_d28,A/Croatia/10136RV/2023-egg_H3N2,plate8-A/Croatia/10136RV/2023-egg_H3N2,2575,0.1153,0.1153
seqneut25to26_sera_1005_d28,A/Croatia/10136RV/2023-egg_H3N2,plate8-A/Croatia/10136RV/2023-egg_H3N2,5921,0.1286,0.1286
seqneut25to26_sera_1005_d28,A/Croatia/10136RV/2023-egg_H3N2,plate8-A/Croatia/10136RV/2023-egg_H3N2,1.362e+04,0.6588,0.6588
seqneut25to26_sera_1005_d28,A/Darwin/1405/2025_H1N1,plate8-A/Darwin/1405/2025_H1N1,40,0.0002197,0.0002197
seqneut25to26_sera_1005_d28,A/Darwin/1405/2025_H1N1,plate8-A/Darwin/1405/2025_H1N1,92,0.002454,0.002454
seqneut25to26_sera_1005_d28,A/Darwin/1405/2025_H1N1,plate8-A/Darwin/1405/2025_H1N1,212,0.2025,0.2025
seqneut25to26_sera_1005_d28,A/Darwin/1405/2025_H1N1,plate8-A/Darwin/1405/2025_H1N1,487,0.3627,0.3627
seqneut25to26_sera_1005_d28,A/Darwin/1405/2025_H1N1,plate8-A/Darwin/1405/2025_H1N1,1119,0.6086,0.6086
seqneut25to26_sera_1005_d28,A/Darwin/1405/2025_H1N1,plate8-A/Darwin/1405/2025_H1N1,2575,0.8112,0.8112
seqneut25to26_sera_1005_d28,A/Darwin/1405/2025_H1N1,plate8-A/Darwin/1405/2025_H1N1,5921,0.64,0.64
seqneut25to26_sera_1005_d28,A/Darwin/1405/2025_H1N1,plate8-A/Darwin/1405/2025_H1N1,1.362e+04,0.9113,0.9113
seqneut25to26_sera_1005_d28,A/Darwin/1461/2025_H3N2,plate8-A/Darwin/1461/2025_H3N2,40,0.003832,0.003832
seqneut25to26_sera_1005_d28,A/Darwin/1461/2025_H3N2,plate8-A/Darwin/1461/2025_H3N2,92,0,0
seqneut25to26_sera_1005_d28,A/Darwin/1461/2025_H3N2,plate8-A/Darwin/1461/2025_H3N2,212,0.01762,0.01762
seqneut25to26_sera_1005_d28,A/Darwin/1461/2025_H3N2,plate8-A/Darwin/1461/2025_H3N2,487,0.06547,0.06547
seqneut25to26_sera_1005_d28,A/Darwin/1461/2025_H3N2,plate8-A/Darwin/1461/2025_H3N2,1119,0.07113,0.07113
seqneut25to26_sera_1005_d28,A/Darwin/1461/2025_H3N2,plate8-A/Darwin/1461/2025_H3N2,2575,0.374,0.374
seqneut25to26_sera_1005_d28,A/Darwin/1461/2025_H3N2,plate8-A/Darwin/1461/2025_H3N2,5921,0.4481,0.4481
seqneut25to26_sera_1005_d28,A/Darwin/1461/2025_H3N2,plate8-A/Darwin/1461/2025_H3N2,1.362e+04,0.6608,0.6608
seqneut25to26_sera_1005_d28,A/Denmark/3070/2025_H1N1,plate8-A/Denmark/3070/2025_H1N1,40,0.0003114,0.0003114
seqneut25to26_sera_1005_d28,A/Denmark/3070/2025_H1N1,plate8-A/Denmark/3070/2025_H1N1,92,0.009391,0.009391
seqneut25to26_sera_1005_d28,A/Denmark/3070/2025_H1N1,plate8-A/Denmark/3070/2025_H1N1,212,0.2125,0.2125
seqneut25to26_sera_1005_d28,A/Denmark/3070/2025_H1N1,plate8-A/Denmark/3070/2025_H1N1,487,0.5203,0.5203
seqneut25to26_sera_1005_d28,A/Denmark/3070/2025_H1N1,plate8-A/Denmark/3070/2025_H1N1,1119,0.9186,0.9186
seqneut25to26_sera_1005_d28,A/Denmark/3070/2025_H1N1,plate8-A/Denmark/3070/2025_H1N1,2575,1.096,1
seqneut25to26_sera_1005_d28,A/Denmark/3070/2025_H1N1,plate8-A/Denmark/3070/2025_H1N1,5921,0.7003,0.7003
seqneut25to26_sera_1005_d28,A/Denmark/3070/2025_H1N1,plate8-A/Denmark/3070/2025_H1N1,1.362e+04,1.044,1
seqneut25to26_sera_1005_d28,A/DistrictOfColumbia/27/2023_H3N2,plate8-A/DistrictOfColumbia/27/2023_H3N2,40,8.705e-05,8.705e-05
seqneut25to26_sera_1005_d28,A/DistrictOfColumbia/27/2023_H3N2,plate8-A/DistrictOfColumbia/27/2023_H3N2,92,8.039e-05,8.039e-05
seqneut25to26_sera_1005_d28,A/DistrictOfColumbia/27/2023_H3N2,plate8-A/DistrictOfColumbia/27/2023_H3N2,212,0.004021,0.004021
seqneut25to26_sera_1005_d28,A/DistrictOfColumbia/27/2023_H3N2,plate8-A/DistrictOfColumbia/27/2023_H3N2,487,0.02881,0.02881
seqneut25to26_sera_1005_d28,A/DistrictOfColumbia/27/2023_H3N2,plate8-A/DistrictOfColumbia/27/2023_H3N2,1119,0.1333,0.1333
seqneut25to26_sera_1005_d28,A/DistrictOfColumbia/27/2023_H3N2,plate8-A/DistrictOfColumbia/27/2023_H3N2,2575,0.5325,0.5325
seqneut25to26_sera_1005_d28,A/DistrictOfColumbia/27/2023_H3N2,plate8-A/DistrictOfColumbia/27/2023_H3N2,5921,0.3229,0.3229
seqneut25to26_sera_1005_d28,A/DistrictOfColumbia/27/2023_H3N2,plate8-A/DistrictOfColumbia/27/2023_H3N2,1.362e+04,0.7599,0.7599
seqneut25to26_sera_1005_d28,A/DistrictOfColumbia/57/2025_H3N2,plate8-A/DistrictOfColumbia/57/2025_H3N2,40,0.01984,0.01984
seqneut25to26_sera_1005_d28,A/DistrictOfColumbia/57/2025_H3N2,plate8-A/DistrictOfColumbia/57/2025_H3N2,92,0.08214,0.08214
seqneut25to26_sera_1005_d28,A/DistrictOfColumbia/57/2025_H3N2,plate8-A/DistrictOfColumbia/57/2025_H3N2,212,0.3006,0.3006
seqneut25to26_sera_1005_d28,A/DistrictOfColumbia/57/2025_H3N2,plate8-A/DistrictOfColumbia/57/2025_H3N2,487,0.4363,0.4363
seqneut25to26_sera_1005_d28,A/DistrictOfColumbia/57/2025_H3N2,plate8-A/DistrictOfColumbia/57/2025_H3N2,1119,0.5785,0.5785
seqneut25to26_sera_1005_d28,A/DistrictOfColumbia/57/2025_H3N2,plate8-A/DistrictOfColumbia/57/2025_H3N2,2575,0.7134,0.7134
seqneut25to26_sera_1005_d28,A/DistrictOfColumbia/57/2025_H3N2,plate8-A/DistrictOfColumbia/57/2025_H3N2,5921,0.4887,0.4887
seqneut25to26_sera_1005_d28,A/DistrictOfColumbia/57/2025_H3N2,plate8-A/DistrictOfColumbia/57/2025_H3N2,1.362e+04,0.8433,0.8433
seqneut25to26_sera_1005_d28,A/DistritoFederal/250106000728/2025_H3N2,plate8-A/DistritoFederal/250106000728/2025_H3N2,40,0.08417,0.08417
seqneut25to26_sera_1005_d28,A/DistritoFederal/250106000728/2025_H3N2,plate8-A/DistritoFederal/250106000728/2025_H3N2,92,0.1824,0.1824
seqneut25to26_sera_1005_d28,A/DistritoFederal/250106000728/2025_H3N2,plate8-A/DistritoFederal/250106000728/2025_H3N2,212,0.305,0.305
seqneut25to26_sera_1005_d28,A/DistritoFederal/250106000728/2025_H3N2,plate8-A/DistritoFederal/250106000728/2025_H3N2,487,0.4518,0.4518
seqneut25to26_sera_1005_d28,A/DistritoFederal/250106000728/2025_H3N2,plate8-A/DistritoFederal/250106000728/2025_H3N2,1119,0.4917,0.4917
seqneut25to26_sera_1005_d28,A/DistritoFederal/250106000728/2025_H3N2,plate8-A/DistritoFederal/250106000728/2025_H3N2,2575,0.5341,0.5341
seqneut25to26_sera_1005_d28,A/DistritoFederal/250106000728/2025_H3N2,plate8-A/DistritoFederal/250106000728/2025_H3N2,5921,0.4304,0.4304
seqneut25to26_sera_1005_d28,A/DistritoFederal/250106000728/2025_H3N2,plate8-A/DistritoFederal/250106000728/2025_H3N2,1.362e+04,0.7161,0.7161
seqneut25to26_sera_1005_d28,A/DistritoFederal/2578578201/2025_H3N2,plate8-A/DistritoFederal/2578578201/2025_H3N2,40,0.004734,0.004734
seqneut25to26_sera_1005_d28,A/DistritoFederal/2578578201/2025_H3N2,plate8-A/DistritoFederal/2578578201/2025_H3N2,92,0.05331,0.05331
seqneut25to26_sera_1005_d28,A/DistritoFederal/2578578201/2025_H3N2,plate8-A/DistritoFederal/2578578201/2025_H3N2,212,0.1878,0.1878
seqneut25to26_sera_1005_d28,A/DistritoFederal/2578578201/2025_H3N2,plate8-A/DistritoFederal/2578578201/2025_H3N2,487,0.3293,0.3293
seqneut25to26_sera_1005_d28,A/DistritoFederal/2578578201/2025_H3N2,plate8-A/DistritoFederal/2578578201/2025_H3N2,1119,0.567,0.567
seqneut25to26_sera_1005_d28,A/DistritoFederal/2578578201/2025_H3N2,plate8-A/DistritoFederal/2578578201/2025_H3N2,2575,0.7089,0.7089
seqneut25to26_sera_1005_d28,A/DistritoFederal/2578578201/2025_H3N2,plate8-A/DistritoFederal/2578578201/2025_H3N2,5921,0.4394,0.4394
seqneut25to26_sera_1005_d28,A/DistritoFederal/2578578201/2025_H3N2,plate8-A/DistritoFederal/2578578201/2025_H3N2,1.362e+04,0.9418,0.9418
seqneut25to26_sera_1005_d28,A/England/174/2025_H3N2,plate8-A/England/174/2025_H3N2,40,0,0
seqneut25to26_sera_1005_d28,A/England/174/2025_H3N2,plate8-A/England/174/2025_H3N2,92,0.0004028,0.0004028
seqneut25to26_sera_1005_d28,A/England/174/2025_H3N2,plate8-A/England/174/2025_H3N2,212,5.018e-05,5.018e-05
seqneut25to26_sera_1005_d28,A/England/174/2025_H3N2,plate8-A/England/174/2025_H3N2,487,0.04093,0.04093
seqneut25to26_sera_1005_d28,A/England/174/2025_H3N2,plate8-A/England/174/2025_H3N2,1119,0.09616,0.09616
seqneut25to26_sera_1005_d28,A/England/174/2025_H3N2,plate8-A/England/174/2025_H3N2,2575,0.4591,0.4591
seqneut25to26_sera_1005_d28,A/England/174/2025_H3N2,plate8-A/England/174/2025_H3N2,5921,0.3525,0.3525
seqneut25to26_sera_1005_d28,A/England/174/2025_H3N2,plate8-A/England/174/2025_H3N2,1.362e+04,0.9852,0.9852
seqneut25to26_sera_1005_d28,A/England/1822256/2025_H1N1,plate8-A/England/1822256/2025_H1N1,40,0.0001639,0.0001639
seqneut25to26_sera_1005_d28,A/England/1822256/2025_H1N1,plate8-A/England/1822256/2025_H1N1,92,0.0003028,0.0003028
seqneut25to26_sera_1005_d28,A/England/1822256/2025_H1N1,plate8-A/England/1822256/2025_H1N1,212,0.0006639,0.0006639
seqneut25to26_sera_1005_d28,A/England/1822256/2025_H1N1,plate8-A/England/1822256/2025_H1N1,487,0.002177,0.002177
seqneut25to26_sera_1005_d28,A/England/1822256/2025_H1N1,plate8-A/England/1822256/2025_H1N1,1119,0.1915,0.1915
seqneut25to26_sera_1005_d28,A/England/1822256/2025_H1N1,plate8-A/England/1822256/2025_H1N1,2575,0.5573,0.5573
seqneut25to26_sera_1005_d28,A/England/1822256/2025_H1N1,plate8-A/England/1822256/2025_H1N1,5921,0.5656,0.5656
seqneut25to26_sera_1005_d28,A/England/1822256/2025_H1N1,plate8-A/England/1822256/2025_H1N1,1.362e+04,0.8695,0.8695
seqneut25to26_sera_1005_d28,A/England/1837734/2025_H3N2,plate8-A/England/1837734/2025_H3N2,40,0.01962,0.01962
seqneut25to26_sera_1005_d28,A/England/1837734/2025_H3N2,plate8-A/England/1837734/2025_H3N2,92,0.1015,0.1015
seqneut25to26_sera_1005_d28,A/England/1837734/2025_H3N2,plate8-A/England/1837734/2025_H3N2,212,0.2097,0.2097
seqneut25to26_sera_1005_d28,A/England/1837734/2025_H3N2,plate8-A/England/1837734/2025_H3N2,487,0.4126,0.4126
seqneut25to26_sera_1005_d28,A/England/1837734/2025_H3N2,plate8-A/England/1837734/2025_H3N2,1119,0.6508,0.6508
seqneut25to26_sera_1005_d28,A/England/1837734/2025_H3N2,plate8-A/England/1837734/2025_H3N2,2575,0.6885,0.6885
seqneut25to26_sera_1005_d28,A/England/1837734/2025_H3N2,plate8-A/England/1837734/2025_H3N2,5921,0.6148,0.6148
seqneut25to26_sera_1005_d28,A/England/1837734/2025_H3N2,plate8-A/England/1837734/2025_H3N2,1.362e+04,0.8246,0.8246
seqneut25to26_sera_1005_d28,A/England/1837737/2025_H3N2,plate8-A/England/1837737/2025_H3N2,40,1.286e-05,1.286e-05
seqneut25to26_sera_1005_d28,A/England/1837737/2025_H3N2,plate8-A/England/1837737/2025_H3N2,92,0.001051,0.001051
seqneut25to26_sera_1005_d28,A/England/1837737/2025_H3N2,plate8-A/England/1837737/2025_H3N2,212,0.01074,0.01074
seqneut25to26_sera_1005_d28,A/England/1837737/2025_H3N2,plate8-A/England/1837737/2025_H3N2,487,0.02743,0.02743
seqneut25to26_sera_1005_d28,A/England/1837737/2025_H3N2,plate8-A/England/1837737/2025_H3N2,1119,0.2769,0.2769
seqneut25to26_sera_1005_d28,A/England/1837737/2025_H3N2,plate8-A/England/1837737/2025_H3N2,2575,0.6667,0.6667
seqneut25to26_sera_1005_d28,A/England/1837737/2025_H3N2,plate8-A/England/1837737/2025_H3N2,5921,0.5023,0.5023
seqneut25to26_sera_1005_d28,A/England/1837737/2025_H3N2,plate8-A/England/1837737/2025_H3N2,1.362e+04,0.7446,0.7446
seqneut25to26_sera_1005_d28,A/France/ARA-HCL025155099501/2025_H1N1,plate8-A/France/ARA-HCL025155099501/2025_H1N1,40,0.0003006,0.0003006
seqneut25to26_sera_1005_d28,A/France/ARA-HCL025155099501/2025_H1N1,plate8-A/France/ARA-HCL025155099501/2025_H1N1,92,0.01203,0.01203
seqneut25to26_sera_1005_d28,A/France/ARA-HCL025155099501/2025_H1N1,plate8-A/France/ARA-HCL025155099501/2025_H1N1,212,0.1439,0.1439
seqneut25to26_sera_1005_d28,A/France/ARA-HCL025155099501/2025_H1N1,plate8-A/France/ARA-HCL025155099501/2025_H1N1,487,0.4289,0.4289
seqneut25to26_sera_1005_d28,A/France/ARA-HCL025155099501/2025_H1N1,plate8-A/France/ARA-HCL025155099501/2025_H1N1,1119,0.6529,0.6529
seqneut25to26_sera_1005_d28,A/France/ARA-HCL025155099501/2025_H1N1,plate8-A/France/ARA-HCL025155099501/2025_H1N1,2575,0.836,0.836
seqneut25to26_sera_1005_d28,A/France/ARA-HCL025155099501/2025_H1N1,plate8-A/France/ARA-HCL025155099501/2025_H1N1,5921,0.5073,0.5073
seqneut25to26_sera_1005_d28,A/France/ARA-HCL025155099501/2025_H1N1,plate8-A/France/ARA-HCL025155099501/2025_H1N1,1.362e+04,0.9387,0.9387
seqneut25to26_sera_1005_d28,A/Galicia/GA-CHUAC-451/2025_H3N2,plate8-A/Galicia/GA-CHUAC-451/2025_H3N2,40,0,0
seqneut25to26_sera_1005_d28,A/Galicia/GA-CHUAC-451/2025_H3N2,plate8-A/Galicia/GA-CHUAC-451/2025_H3N2,92,0,0
seqneut25to26_sera_1005_d28,A/Galicia/GA-CHUAC-451/2025_H3N2,plate8-A/Galicia/GA-CHUAC-451/2025_H3N2,212,0.0004193,0.0004193
seqneut25to26_sera_1005_d28,A/Galicia/GA-CHUAC-451/2025_H3N2,plate8-A/Galicia/GA-CHUAC-451/2025_H3N2,487,0.0244,0.0244
seqneut25to26_sera_1005_d28,A/Galicia/GA-CHUAC-451/2025_H3N2,plate8-A/Galicia/GA-CHUAC-451/2025_H3N2,1119,0.2894,0.2894
seqneut25to26_sera_1005_d28,A/Galicia/GA-CHUAC-451/2025_H3N2,plate8-A/Galicia/GA-CHUAC-451/2025_H3N2,2575,0.481,0.481
seqneut25to26_sera_1005_d28,A/Galicia/GA-CHUAC-451/2025_H3N2,plate8-A/Galicia/GA-CHUAC-451/2025_H3N2,5921,0.384,0.384
seqneut25to26_sera_1005_d28,A/Galicia/GA-CHUAC-451/2025_H3N2,plate8-A/Galicia/GA-CHUAC-451/2025_H3N2,1.362e+04,0.6894,0.6894
seqneut25to26_sera_1005_d28,A/Ghana/ARI-25-1125/2025_H1N1,plate8-A/Ghana/ARI-25-1125/2025_H1N1,40,0.0008012,0.0008012
seqneut25to26_sera_1005_d28,A/Ghana/ARI-25-1125/2025_H1N1,plate8-A/Ghana/ARI-25-1125/2025_H1N1,92,8.324e-05,8.324e-05
seqneut25to26_sera_1005_d28,A/Ghana/ARI-25-1125/2025_H1N1,plate8-A/Ghana/ARI-25-1125/2025_H1N1,212,0.0001141,0.0001141
seqneut25to26_sera_1005_d28,A/Ghana/ARI-25-1125/2025_H1N1,plate8-A/Ghana/ARI-25-1125/2025_H1N1,487,0.003411,0.003411
seqneut25to26_sera_1005_d28,A/Ghana/ARI-25-1125/2025_H1N1,plate8-A/Ghana/ARI-25-1125/2025_H1N1,1119,0.1309,0.1309
seqneut25to26_sera_1005_d28,A/Ghana/ARI-25-1125/2025_H1N1,plate8-A/Ghana/ARI-25-1125/2025_H1N1,2575,0.4971,0.4971
seqneut25to26_sera_1005_d28,A/Ghana/ARI-25-1125/2025_H1N1,plate8-A/Ghana/ARI-25-1125/2025_H1N1,5921,0.5704,0.5704
seqneut25to26_sera_1005_d28,A/Ghana/ARI-25-1125/2025_H1N1,plate8-A/Ghana/ARI-25-1125/2025_H1N1,1.362e+04,0.8455,0.8455
seqneut25to26_sera_1005_d28,A/Ghana/FS-25-7077/2025_H3N2,plate8-A/Ghana/FS-25-7077/2025_H3N2,40,0.09989,0.09989
seqneut25to26_sera_1005_d28,A/Ghana/FS-25-7077/2025_H3N2,plate8-A/Ghana/FS-25-7077/2025_H3N2,92,0.1249,0.1249
seqneut25to26_sera_1005_d28,A/Ghana/FS-25-7077/2025_H3N2,plate8-A/Ghana/FS-25-7077/2025_H3N2,212,0.2063,0.2063
seqneut25to26_sera_1005_d28,A/Ghana/FS-25-7077/2025_H3N2,plate8-A/Ghana/FS-25-7077/2025_H3N2,487,0.3939,0.3939
seqneut25to26_sera_1005_d28,A/Ghana/FS-25-7077/2025_H3N2,plate8-A/Ghana/FS-25-7077/2025_H3N2,1119,0.6055,0.6055
seqneut25to26_sera_1005_d28,A/Ghana/FS-25-7077/2025_H3N2,plate8-A/Ghana/FS-25-7077/2025_H3N2,2575,0.7368,0.7368
seqneut25to26_sera_1005_d28,A/Ghana/FS-25-7077/2025_H3N2,plate8-A/Ghana/FS-25-7077/2025_H3N2,5921,0.5669,0.5669
seqneut25to26_sera_1005_d28,A/Ghana/FS-25-7077/2025_H3N2,plate8-A/Ghana/FS-25-7077/2025_H3N2,1.362e+04,0.889,0.889
seqneut25to26_sera_1005_d28,A/Guangdong-Maonan/11438/2025_H3N2,plate8-A/Guangdong-Maonan/11438/2025_H3N2,40,0,0
seqneut25to26_sera_1005_d28,A/Guangdong-Maonan/11438/2025_H3N2,plate8-A/Guangdong-Maonan/11438/2025_H3N2,92,0,0
seqneut25to26_sera_1005_d28,A/Guangdong-Maonan/11438/2025_H3N2,plate8-A/Guangdong-Maonan/11438/2025_H3N2,212,0,0
seqneut25to26_sera_1005_d28,A/Guangdong-Maonan/11438/2025_H3N2,plate8-A/Guangdong-Maonan/11438/2025_H3N2,487,0.0009887,0.0009887
seqneut25to26_sera_1005_d28,A/Guangdong-Maonan/11438/2025_H3N2,plate8-A/Guangdong-Maonan/11438/2025_H3N2,1119,0.1807,0.1807
seqneut25to26_sera_1005_d28,A/Guangdong-Maonan/11438/2025_H3N2,plate8-A/Guangdong-Maonan/11438/2025_H3N2,2575,0.2071,0.2071
seqneut25to26_sera_1005_d28,A/Guangdong-Maonan/11438/2025_H3N2,plate8-A/Guangdong-Maonan/11438/2025_H3N2,5921,0.2013,0.2013
seqneut25to26_sera_1005_d28,A/Guangdong-Maonan/11438/2025_H3N2,plate8-A/Guangdong-Maonan/11438/2025_H3N2,1.362e+04,0.8287,0.8287
seqneut25to26_sera_1005_d28,A/Guangdong-Meijiang/11256/2025_H3N2,plate8-A/Guangdong-Meijiang/11256/2025_H3N2,40,0,0
seqneut25to26_sera_1005_d28,A/Guangdong-Meijiang/11256/2025_H3N2,plate8-A/Guangdong-Meijiang/11256/2025_H3N2,92,0.0001159,0.0001159
seqneut25to26_sera_1005_d28,A/Guangdong-Meijiang/11256/2025_H3N2,plate8-A/Guangdong-Meijiang/11256/2025_H3N2,212,0.001715,0.001715
seqneut25to26_sera_1005_d28,A/Guangdong-Meijiang/11256/2025_H3N2,plate8-A/Guangdong-Meijiang/11256/2025_H3N2,487,0.01064,0.01064
seqneut25to26_sera_1005_d28,A/Guangdong-Meijiang/11256/2025_H3N2,plate8-A/Guangdong-Meijiang/11256/2025_H3N2,1119,0.07463,0.07463
seqneut25to26_sera_1005_d28,A/Guangdong-Meijiang/11256/2025_H3N2,plate8-A/Guangdong-Meijiang/11256/2025_H3N2,2575,0.3239,0.3239
seqneut25to26_sera_1005_d28,A/Guangdong-Meijiang/11256/2025_H3N2,plate8-A/Guangdong-Meijiang/11256/2025_H3N2,5921,0.4968,0.4968
seqneut25to26_sera_1005_d28,A/Guangdong-Meijiang/11256/2025_H3N2,plate8-A/Guangdong-Meijiang/11256/2025_H3N2,1.362e+04,0.5781,0.5781
seqneut25to26_sera_1005_d28,A/Guangxi-Daxin/1643/2025_H3N2,plate8-A/Guangxi-Daxin/1643/2025_H3N2,40,0,0
seqneut25to26_sera_1005_d28,A/Guangxi-Daxin/1643/2025_H3N2,plate8-A/Guangxi-Daxin/1643/2025_H3N2,92,5.118e-05,5.118e-05
seqneut25to26_sera_1005_d28,A/Guangxi-Daxin/1643/2025_H3N2,plate8-A/Guangxi-Daxin/1643/2025_H3N2,212,0.005003,0.005003
seqneut25to26_sera_1005_d28,A/Guangxi-Daxin/1643/2025_H3N2,plate8-A/Guangxi-Daxin/1643/2025_H3N2,487,0.05064,0.05064
seqneut25to26_sera_1005_d28,A/Guangxi-Daxin/1643/2025_H3N2,plate8-A/Guangxi-Daxin/1643/2025_H3N2,1119,0.2072,0.2072
seqneut25to26_sera_1005_d28,A/Guangxi-Daxin/1643/2025_H3N2,plate8-A/Guangxi-Daxin/1643/2025_H3N2,2575,0.595,0.595
seqneut25to26_sera_1005_d28,A/Guangxi-Daxin/1643/2025_H3N2,plate8-A/Guangxi-Daxin/1643/2025_H3N2,5921,0.4304,0.4304
seqneut25to26_sera_1005_d28,A/Guangxi-Daxin/1643/2025_H3N2,plate8-A/Guangxi-Daxin/1643/2025_H3N2,1.362e+04,0.6936,0.6936
seqneut25to26_sera_1005_d28,A/Guangxi-Qingxiu/SWL11742/2025_H1N1,plate8-A/Guangxi-Qingxiu/SWL11742/2025_H1N1,40,0.0008857,0.0008857
seqneut25to26_sera_1005_d28,A/Guangxi-Qingxiu/SWL11742/2025_H1N1,plate8-A/Guangxi-Qingxiu/SWL11742/2025_H1N1,92,0.007778,0.007778
seqneut25to26_sera_1005_d28,A/Guangxi-Qingxiu/SWL11742/2025_H1N1,plate8-A/Guangxi-Qingxiu/SWL11742/2025_H1N1,212,0.1657,0.1657
seqneut25to26_sera_1005_d28,A/Guangxi-Qingxiu/SWL11742/2025_H1N1,plate8-A/Guangxi-Qingxiu/SWL11742/2025_H1N1,487,0.3863,0.3863
seqneut25to26_sera_1005_d28,A/Guangxi-Qingxiu/SWL11742/2025_H1N1,plate8-A/Guangxi-Qingxiu/SWL11742/2025_H1N1,1119,0.6879,0.6879
seqneut25to26_sera_1005_d28,A/Guangxi-Qingxiu/SWL11742/2025_H1N1,plate8-A/Guangxi-Qingxiu/SWL11742/2025_H1N1,2575,0.8723,0.8723
seqneut25to26_sera_1005_d28,A/Guangxi-Qingxiu/SWL11742/2025_H1N1,plate8-A/Guangxi-Qingxiu/SWL11742/2025_H1N1,5921,0.7113,0.7113
seqneut25to26_sera_1005_d28,A/Guangxi-Qingxiu/SWL11742/2025_H1N1,plate8-A/Guangxi-Qingxiu/SWL11742/2025_H1N1,1.362e+04,0.9,0.9
seqneut25to26_sera_1005_d28,A/Hawaii/44/2025_H1N1,plate8-A/Hawaii/44/2025_H1N1,40,2.416e-05,2.416e-05
seqneut25to26_sera_1005_d28,A/Hawaii/44/2025_H1N1,plate8-A/Hawaii/44/2025_H1N1,92,0.002243,0.002243
seqneut25to26_sera_1005_d28,A/Hawaii/44/2025_H1N1,plate8-A/Hawaii/44/2025_H1N1,212,0.123,0.123
seqneut25to26_sera_1005_d28,A/Hawaii/44/2025_H1N1,plate8-A/Hawaii/44/2025_H1N1,487,0.4359,0.4359
seqneut25to26_sera_1005_d28,A/Hawaii/44/2025_H1N1,plate8-A/Hawaii/44/2025_H1N1,1119,0.6728,0.6728
seqneut25to26_sera_1005_d28,A/Hawaii/44/2025_H1N1,plate8-A/Hawaii/44/2025_H1N1,2575,0.8663,0.8663
seqneut25to26_sera_1005_d28,A/Hawaii/44/2025_H1N1,plate8-A/Hawaii/44/2025_H1N1,5921,0.6887,0.6887
seqneut25to26_sera_1005_d28,A/Hawaii/44/2025_H1N1,plate8-A/Hawaii/44/2025_H1N1,1.362e+04,1.001,1
seqneut25to26_sera_1005_d28,A/Hawaii/70/2019_H1N1,plate8-A/Hawaii/70/2019_H1N1,40,0.0001016,0.0001016
seqneut25to26_sera_1005_d28,A/Hawaii/70/2019_H1N1,plate8-A/Hawaii/70/2019_H1N1,92,0.000337,0.000337
seqneut25to26_sera_1005_d28,A/Hawaii/70/2019_H1N1,plate8-A/Hawaii/70/2019_H1N1,212,0.002294,0.002294
seqneut25to26_sera_1005_d28,A/Hawaii/70/2019_H1N1,plate8-A/Hawaii/70/2019_H1N1,487,0.1389,0.1389
seqneut25to26_sera_1005_d28,A/Hawaii/70/2019_H1N1,plate8-A/Hawaii/70/2019_H1N1,1119,0.468,0.468
seqneut25to26_sera_1005_d28,A/Hawaii/70/2019_H1N1,plate8-A/Hawaii/70/2019_H1N1,2575,0.6709,0.6709
seqneut25to26_sera_1005_d28,A/Hawaii/70/2019_H1N1,plate8-A/Hawaii/70/2019_H1N1,5921,0.4998,0.4998
seqneut25to26_sera_1005_d28,A/Hawaii/70/2019_H1N1,plate8-A/Hawaii/70/2019_H1N1,1.362e+04,0.854,0.854
seqneut25to26_sera_1005_d28,A/HongKong/1257/2025_H3N2,plate8-A/HongKong/1257/2025_H3N2,40,8.806e-06,8.806e-06
seqneut25to26_sera_1005_d28,A/HongKong/1257/2025_H3N2,plate8-A/HongKong/1257/2025_H3N2,92,1.22e-05,1.22e-05
seqneut25to26_sera_1005_d28,A/HongKong/1257/2025_H3N2,plate8-A/HongKong/1257/2025_H3N2,212,0.002274,0.002274
seqneut25to26_sera_1005_d28,A/HongKong/1257/2025_H3N2,plate8-A/HongKong/1257/2025_H3N2,487,0.01307,0.01307
seqneut25to26_sera_1005_d28,A/HongKong/1257/2025_H3N2,plate8-A/HongKong/1257/2025_H3N2,1119,0.096,0.096
seqneut25to26_sera_1005_d28,A/HongKong/1257/2025_H3N2,plate8-A/HongKong/1257/2025_H3N2,2575,0.3564,0.3564
seqneut25to26_sera_1005_d28,A/HongKong/1257/2025_H3N2,plate8-A/HongKong/1257/2025_H3N2,5921,0.4209,0.4209
seqneut25to26_sera_1005_d28,A/HongKong/1257/2025_H3N2,plate8-A/HongKong/1257/2025_H3N2,1.362e+04,0.6928,0.6928
seqneut25to26_sera_1005_d28,A/HongKong/1382/2025_H3N2,plate8-A/HongKong/1382/2025_H3N2,40,0.0193,0.0193
seqneut25to26_sera_1005_d28,A/HongKong/1382/2025_H3N2,plate8-A/HongKong/1382/2025_H3N2,92,0.05809,0.05809
seqneut25to26_sera_1005_d28,A/HongKong/1382/2025_H3N2,plate8-A/HongKong/1382/2025_H3N2,212,0.131,0.131
seqneut25to26_sera_1005_d28,A/HongKong/1382/2025_H3N2,plate8-A/HongKong/1382/2025_H3N2,487,0.2597,0.2597
seqneut25to26_sera_1005_d28,A/HongKong/1382/2025_H3N2,plate8-A/HongKong/1382/2025_H3N2,1119,0.55,0.55
seqneut25to26_sera_1005_d28,A/HongKong/1382/2025_H3N2,plate8-A/HongKong/1382/2025_H3N2,2575,0.6709,0.6709
seqneut25to26_sera_1005_d28,A/HongKong/1382/2025_H3N2,plate8-A/HongKong/1382/2025_H3N2,5921,0.397,0.397
seqneut25to26_sera_1005_d28,A/HongKong/1382/2025_H3N2,plate8-A/HongKong/1382/2025_H3N2,1.362e+04,0.783,0.783
seqneut25to26_sera_1005_d28,A/Indonesia/BIOKES-I-BT074/2025_H3N2,plate8-A/Indonesia/BIOKES-I-BT074/2025_H3N2,40,0.0001039,0.0001039
seqneut25to26_sera_1005_d28,A/Indonesia/BIOKES-I-BT074/2025_H3N2,plate8-A/Indonesia/BIOKES-I-BT074/2025_H3N2,92,0,0
seqneut25to26_sera_1005_d28,A/Indonesia/BIOKES-I-BT074/2025_H3N2,plate8-A/Indonesia/BIOKES-I-BT074/2025_H3N2,212,9.864e-05,9.864e-05
seqneut25to26_sera_1005_d28,A/Indonesia/BIOKES-I-BT074/2025_H3N2,plate8-A/Indonesia/BIOKES-I-BT074/2025_H3N2,487,0.007512,0.007512
seqneut25to26_sera_1005_d28,A/Indonesia/BIOKES-I-BT074/2025_H3N2,plate8-A/Indonesia/BIOKES-I-BT074/2025_H3N2,1119,0.03834,0.03834
seqneut25to26_sera_1005_d28,A/Indonesia/BIOKES-I-BT074/2025_H3N2,plate8-A/Indonesia/BIOKES-I-BT074/2025_H3N2,2575,0.1563,0.1563
seqneut25to26_sera_1005_d28,A/Indonesia/BIOKES-I-BT074/2025_H3N2,plate8-A/Indonesia/BIOKES-I-BT074/2025_H3N2,5921,0.3222,0.3222
seqneut25to26_sera_1005_d28,A/Indonesia/BIOKES-I-BT074/2025_H3N2,plate8-A/Indonesia/BIOKES-I-BT074/2025_H3N2,1.362e+04,0.6571,0.6571
seqneut25to26_sera_1005_d28,A/Indonesia/BIOKES-INAD491/2025_H3N2,plate8-A/Indonesia/BIOKES-INAD491/2025_H3N2,40,0.0001719,0.0001719
seqneut25to26_sera_1005_d28,A/Indonesia/BIOKES-INAD491/2025_H3N2,plate8-A/Indonesia/BIOKES-INAD491/2025_H3N2,92,0,0
seqneut25to26_sera_1005_d28,A/Indonesia/BIOKES-INAD491/2025_H3N2,plate8-A/Indonesia/BIOKES-INAD491/2025_H3N2,212,0.0004715,0.0004715
seqneut25to26_sera_1005_d28,A/Indonesia/BIOKES-INAD491/2025_H3N2,plate8-A/Indonesia/BIOKES-INAD491/2025_H3N2,487,0.01117,0.01117
seqneut25to26_sera_1005_d28,A/Indonesia/BIOKES-INAD491/2025_H3N2,plate8-A/Indonesia/BIOKES-INAD491/2025_H3N2,1119,0.09858,0.09858
seqneut25to26_sera_1005_d28,A/Indonesia/BIOKES-INAD491/2025_H3N2,plate8-A/Indonesia/BIOKES-INAD491/2025_H3N2,2575,0.4297,0.4297
seqneut25to26_sera_1005_d28,A/Indonesia/BIOKES-INAD491/2025_H3N2,plate8-A/Indonesia/BIOKES-INAD491/2025_H3N2,5921,0.3722,0.3722
seqneut25to26_sera_1005_d28,A/Indonesia/BIOKES-INAD491/2025_H3N2,plate8-A/Indonesia/BIOKES-INAD491/2025_H3N2,1.362e+04,0.8938,0.8938
seqneut25to26_sera_1005_d28,A/Lao/820-2750/2025_H3N2,plate8-A/Lao/820-2750/2025_H3N2,40,8.642e-06,8.642e-06
seqneut25to26_sera_1005_d28,A/Lao/820-2750/2025_H3N2,plate8-A/Lao/820-2750/2025_H3N2,92,0,0
seqneut25to26_sera_1005_d28,A/Lao/820-2750/2025_H3N2,plate8-A/Lao/820-2750/2025_H3N2,212,1.641e-05,1.641e-05
seqneut25to26_sera_1005_d28,A/Lao/820-2750/2025_H3N2,plate8-A/Lao/820-2750/2025_H3N2,487,0.0004998,0.0004998
seqneut25to26_sera_1005_d28,A/Lao/820-2750/2025_H3N2,plate8-A/Lao/820-2750/2025_H3N2,1119,0.04724,0.04724
seqneut25to26_sera_1005_d28,A/Lao/820-2750/2025_H3N2,plate8-A/Lao/820-2750/2025_H3N2,2575,0.2763,0.2763
seqneut25to26_sera_1005_d28,A/Lao/820-2750/2025_H3N2,plate8-A/Lao/820-2750/2025_H3N2,5921,0.3578,0.3578
seqneut25to26_sera_1005_d28,A/Lao/820-2750/2025_H3N2,plate8-A/Lao/820-2750/2025_H3N2,1.362e+04,0.8102,0.8102
seqneut25to26_sera_1005_d28,A/Malaysia/IMR/SARI/2028/2025_H3N2,plate8-A/Malaysia/IMR/SARI/2028/2025_H3N2,40,0,0
seqneut25to26_sera_1005_d28,A/Malaysia/IMR/SARI/2028/2025_H3N2,plate8-A/Malaysia/IMR/SARI/2028/2025_H3N2,92,8.428e-05,8.428e-05
seqneut25to26_sera_1005_d28,A/Malaysia/IMR/SARI/2028/2025_H3N2,plate8-A/Malaysia/IMR/SARI/2028/2025_H3N2,212,0,0
seqneut25to26_sera_1005_d28,A/Malaysia/IMR/SARI/2028/2025_H3N2,plate8-A/Malaysia/IMR/SARI/2028/2025_H3N2,487,0.003866,0.003866
seqneut25to26_sera_1005_d28,A/Malaysia/IMR/SARI/2028/2025_H3N2,plate8-A/Malaysia/IMR/SARI/2028/2025_H3N2,1119,0.07218,0.07218
seqneut25to26_sera_1005_d28,A/Malaysia/IMR/SARI/2028/2025_H3N2,plate8-A/Malaysia/IMR/SARI/2028/2025_H3N2,2575,0.381,0.381
seqneut25to26_sera_1005_d28,A/Malaysia/IMR/SARI/2028/2025_H3N2,plate8-A/Malaysia/IMR/SARI/2028/2025_H3N2,5921,0.3362,0.3362
seqneut25to26_sera_1005_d28,A/Malaysia/IMR/SARI/2028/2025_H3N2,plate8-A/Malaysia/IMR/SARI/2028/2025_H3N2,1.362e+04,0.8471,0.8471
seqneut25to26_sera_1005_d28,A/Malaysia/IMR/SARI/2406/2025_H3N2,plate8-A/Malaysia/IMR/SARI/2406/2025_H3N2,40,0.06667,0.06667
seqneut25to26_sera_1005_d28,A/Malaysia/IMR/SARI/2406/2025_H3N2,plate8-A/Malaysia/IMR/SARI/2406/2025_H3N2,92,0.204,0.204
seqneut25to26_sera_1005_d28,A/Malaysia/IMR/SARI/2406/2025_H3N2,plate8-A/Malaysia/IMR/SARI/2406/2025_H3N2,212,0.2664,0.2664
seqneut25to26_sera_1005_d28,A/Malaysia/IMR/SARI/2406/2025_H3N2,plate8-A/Malaysia/IMR/SARI/2406/2025_H3N2,487,0.5296,0.5296
seqneut25to26_sera_1005_d28,A/Malaysia/IMR/SARI/2406/2025_H3N2,plate8-A/Malaysia/IMR/SARI/2406/2025_H3N2,1119,0.5748,0.5748
seqneut25to26_sera_1005_d28,A/Malaysia/IMR/SARI/2406/2025_H3N2,plate8-A/Malaysia/IMR/SARI/2406/2025_H3N2,2575,0.748,0.748
seqneut25to26_sera_1005_d28,A/Malaysia/IMR/SARI/2406/2025_H3N2,plate8-A/Malaysia/IMR/SARI/2406/2025_H3N2,5921,0.5634,0.5634
seqneut25to26_sera_1005_d28,A/Malaysia/IMR/SARI/2406/2025_H3N2,plate8-A/Malaysia/IMR/SARI/2406/2025_H3N2,1.362e+04,0.8114,0.8114
seqneut25to26_sera_1005_d28,A/Malaysia/IMR/SARI/2517/2025_H3N2,plate8-A/Malaysia/IMR/SARI/2517/2025_H3N2,40,0.03303,0.03303
seqneut25to26_sera_1005_d28,A/Malaysia/IMR/SARI/2517/2025_H3N2,plate8-A/Malaysia/IMR/SARI/2517/2025_H3N2,92,0.1859,0.1859
seqneut25to26_sera_1005_d28,A/Malaysia/IMR/SARI/2517/2025_H3N2,plate8-A/Malaysia/IMR/SARI/2517/2025_H3N2,212,0.2787,0.2787
seqneut25to26_sera_1005_d28,A/Malaysia/IMR/SARI/2517/2025_H3N2,plate8-A/Malaysia/IMR/SARI/2517/2025_H3N2,487,0.5079,0.5079
seqneut25to26_sera_1005_d28,A/Malaysia/IMR/SARI/2517/2025_H3N2,plate8-A/Malaysia/IMR/SARI/2517/2025_H3N2,1119,0.5525,0.5525
seqneut25to26_sera_1005_d28,A/Malaysia/IMR/SARI/2517/2025_H3N2,plate8-A/Malaysia/IMR/SARI/2517/2025_H3N2,2575,0.7368,0.7368
seqneut25to26_sera_1005_d28,A/Malaysia/IMR/SARI/2517/2025_H3N2,plate8-A/Malaysia/IMR/SARI/2517/2025_H3N2,5921,0.5037,0.5037
seqneut25to26_sera_1005_d28,A/Malaysia/IMR/SARI/2517/2025_H3N2,plate8-A/Malaysia/IMR/SARI/2517/2025_H3N2,1.362e+04,0.8724,0.8724
seqneut25to26_sera_1005_d28,A/Massachusetts/18/2022_H3N2,plate8-A/Massachusetts/18/2022_H3N2,40,0.0007338,0.0007338
seqneut25to26_sera_1005_d28,A/Massachusetts/18/2022_H3N2,plate8-A/Massachusetts/18/2022_H3N2,92,0.0001848,0.0001848
seqneut25to26_sera_1005_d28,A/Massachusetts/18/2022_H3N2,plate8-A/Massachusetts/18/2022_H3N2,212,0.01368,0.01368
seqneut25to26_sera_1005_d28,A/Massachusetts/18/2022_H3N2,plate8-A/Massachusetts/18/2022_H3N2,487,0.1088,0.1088
seqneut25to26_sera_1005_d28,A/Massachusetts/18/2022_H3N2,plate8-A/Massachusetts/18/2022_H3N2,1119,0.1759,0.1759
seqneut25to26_sera_1005_d28,A/Massachusetts/18/2022_H3N2,plate8-A/Massachusetts/18/2022_H3N2,2575,0.2737,0.2737
seqneut25to26_sera_1005_d28,A/Massachusetts/18/2022_H3N2,plate8-A/Massachusetts/18/2022_H3N2,5921,0.3277,0.3277
seqneut25to26_sera_1005_d28,A/Massachusetts/18/2022_H3N2,plate8-A/Massachusetts/18/2022_H3N2,1.362e+04,0.6539,0.6539
seqneut25to26_sera_1005_d28,A/Michigan/110/2025_H3N2,plate8-A/Michigan/110/2025_H3N2,40,0,0
seqneut25to26_sera_1005_d28,A/Michigan/110/2025_H3N2,plate8-A/Michigan/110/2025_H3N2,92,1.284e-05,1.284e-05
seqneut25to26_sera_1005_d28,A/Michigan/110/2025_H3N2,plate8-A/Michigan/110/2025_H3N2,212,0.01026,0.01026
seqneut25to26_sera_1005_d28,A/Michigan/110/2025_H3N2,plate8-A/Michigan/110/2025_H3N2,487,0.01298,0.01298
seqneut25to26_sera_1005_d28,A/Michigan/110/2025_H3N2,plate8-A/Michigan/110/2025_H3N2,1119,0.1213,0.1213
seqneut25to26_sera_1005_d28,A/Michigan/110/2025_H3N2,plate8-A/Michigan/110/2025_H3N2,2575,0.4093,0.4093
seqneut25to26_sera_1005_d28,A/Michigan/110/2025_H3N2,plate8-A/Michigan/110/2025_H3N2,5921,0.5101,0.5101
seqneut25to26_sera_1005_d28,A/Michigan/110/2025_H3N2,plate8-A/Michigan/110/2025_H3N2,1.362e+04,0.7903,0.7903
seqneut25to26_sera_1005_d28,A/Minnesota/96/2025_H3N2,plate8-A/Minnesota/96/2025_H3N2,40,0.0004943,0.0004943
seqneut25to26_sera_1005_d28,A/Minnesota/96/2025_H3N2,plate8-A/Minnesota/96/2025_H3N2,92,0.0002283,0.0002283
seqneut25to26_sera_1005_d28,A/Minnesota/96/2025_H3N2,plate8-A/Minnesota/96/2025_H3N2,212,0,0
seqneut25to26_sera_1005_d28,A/Minnesota/96/2025_H3N2,plate8-A/Minnesota/96/2025_H3N2,487,0.02118,0.02118
seqneut25to26_sera_1005_d28,A/Minnesota/96/2025_H3N2,plate8-A/Minnesota/96/2025_H3N2,1119,0.1325,0.1325
seqneut25to26_sera_1005_d28,A/Minnesota/96/2025_H3N2,plate8-A/Minnesota/96/2025_H3N2,2575,0.3002,0.3002
seqneut25to26_sera_1005_d28,A/Minnesota/96/2025_H3N2,plate8-A/Minnesota/96/2025_H3N2,5921,0.3453,0.3453
seqneut25to26_sera_1005_d28,A/Minnesota/96/2025_H3N2,plate8-A/Minnesota/96/2025_H3N2,1.362e+04,0.7007,0.7007
seqneut25to26_sera_1005_d28,A/Missouri/11/2025_H1N1,plate8-A/Missouri/11/2025_H1N1,40,0.0005488,0.0005488
seqneut25to26_sera_1005_d28,A/Missouri/11/2025_H1N1,plate8-A/Missouri/11/2025_H1N1,92,0.002952,0.002952
seqneut25to26_sera_1005_d28,A/Missouri/11/2025_H1N1,plate8-A/Missouri/11/2025_H1N1,212,0.09419,0.09419
seqneut25to26_sera_1005_d28,A/Missouri/11/2025_H1N1,plate8-A/Missouri/11/2025_H1N1,487,0.2906,0.2906
seqneut25to26_sera_1005_d28,A/Missouri/11/2025_H1N1,plate8-A/Missouri/11/2025_H1N1,1119,0.6467,0.6467
seqneut25to26_sera_1005_d28,A/Missouri/11/2025_H1N1,plate8-A/Missouri/11/2025_H1N1,2575,0.7435,0.7435
seqneut25to26_sera_1005_d28,A/Missouri/11/2025_H1N1,plate8-A/Missouri/11/2025_H1N1,5921,0.554,0.554
seqneut25to26_sera_1005_d28,A/Missouri/11/2025_H1N1,plate8-A/Missouri/11/2025_H1N1,1.362e+04,0.9005,0.9005
seqneut25to26_sera_1005_d28,A/NewSouthWales/2526015582/2025_H3N2,plate8-A/NewSouthWales/2526015582/2025_H3N2,40,0.04027,0.04027
seqneut25to26_sera_1005_d28,A/NewSouthWales/2526015582/2025_H3N2,plate8-A/NewSouthWales/2526015582/2025_H3N2,92,0.09714,0.09714
seqneut25to26_sera_1005_d28,A/NewSouthWales/2526015582/2025_H3N2,plate8-A/NewSouthWales/2526015582/2025_H3N2,212,0.2307,0.2307
seqneut25to26_sera_1005_d28,A/NewSouthWales/2526015582/2025_H3N2,plate8-A/NewSouthWales/2526015582/2025_H3N2,487,0.3218,0.3218
seqneut25to26_sera_1005_d28,A/NewSouthWales/2526015582/2025_H3N2,plate8-A/NewSouthWales/2526015582/2025_H3N2,1119,0.5139,0.5139
seqneut25to26_sera_1005_d28,A/NewSouthWales/2526015582/2025_H3N2,plate8-A/NewSouthWales/2526015582/2025_H3N2,2575,0.7348,0.7348
seqneut25to26_sera_1005_d28,A/NewSouthWales/2526015582/2025_H3N2,plate8-A/NewSouthWales/2526015582/2025_H3N2,5921,0.5271,0.5271
seqneut25to26_sera_1005_d28,A/NewSouthWales/2526015582/2025_H3N2,plate8-A/NewSouthWales/2526015582/2025_H3N2,1.362e+04,0.7486,0.7486
seqneut25to26_sera_1005_d28,A/NewSouthWales/2526015584/2025_H3N2,plate8-A/NewSouthWales/2526015584/2025_H3N2,40,0.001213,0.001213
seqneut25to26_sera_1005_d28,A/NewSouthWales/2526015584/2025_H3N2,plate8-A/NewSouthWales/2526015584/2025_H3N2,92,0.09307,0.09307
seqneut25to26_sera_1005_d28,A/NewSouthWales/2526015584/2025_H3N2,plate8-A/NewSouthWales/2526015584/2025_H3N2,212,0.2253,0.2253
seqneut25to26_sera_1005_d28,A/NewSouthWales/2526015584/2025_H3N2,plate8-A/NewSouthWales/2526015584/2025_H3N2,487,0.456,0.456
seqneut25to26_sera_1005_d28,A/NewSouthWales/2526015584/2025_H3N2,plate8-A/NewSouthWales/2526015584/2025_H3N2,1119,0.5163,0.5163
seqneut25to26_sera_1005_d28,A/NewSouthWales/2526015584/2025_H3N2,plate8-A/NewSouthWales/2526015584/2025_H3N2,2575,0.7346,0.7346
seqneut25to26_sera_1005_d28,A/NewSouthWales/2526015584/2025_H3N2,plate8-A/NewSouthWales/2526015584/2025_H3N2,5921,0.5264,0.5264
seqneut25to26_sera_1005_d28,A/NewSouthWales/2526015584/2025_H3N2,plate8-A/NewSouthWales/2526015584/2025_H3N2,1.362e+04,0.719,0.719
seqneut25to26_sera_1005_d28,A/Norway/8765/2025_H3N2,plate8-A/Norway/8765/2025_H3N2,40,0.02745,0.02745
seqneut25to26_sera_1005_d28,A/Norway/8765/2025_H3N2,plate8-A/Norway/8765/2025_H3N2,92,0.1309,0.1309
seqneut25to26_sera_1005_d28,A/Norway/8765/2025_H3N2,plate8-A/Norway/8765/2025_H3N2,212,0.2736,0.2736
seqneut25to26_sera_1005_d28,A/Norway/8765/2025_H3N2,plate8-A/Norway/8765/2025_H3N2,487,0.3093,0.3093
seqneut25to26_sera_1005_d28,A/Norway/8765/2025_H3N2,plate8-A/Norway/8765/2025_H3N2,1119,0.4667,0.4667
seqneut25to26_sera_1005_d28,A/Norway/8765/2025_H3N2,plate8-A/Norway/8765/2025_H3N2,2575,0.7064,0.7064
seqneut25to26_sera_1005_d28,A/Norway/8765/2025_H3N2,plate8-A/Norway/8765/2025_H3N2,5921,0.5448,0.5448
seqneut25to26_sera_1005_d28,A/Norway/8765/2025_H3N2,plate8-A/Norway/8765/2025_H3N2,1.362e+04,0.6879,0.6879
seqneut25to26_sera_1005_d28,A/Norway/8976/2025_H3N2,plate8-A/Norway/8976/2025_H3N2,40,0.02365,0.02365
seqneut25to26_sera_1005_d28,A/Norway/8976/2025_H3N2,plate8-A/Norway/8976/2025_H3N2,92,0.1409,0.1409
seqneut25to26_sera_1005_d28,A/Norway/8976/2025_H3N2,plate8-A/Norway/8976/2025_H3N2,212,0.1701,0.1701
seqneut25to26_sera_1005_d28,A/Norway/8976/2025_H3N2,plate8-A/Norway/8976/2025_H3N2,487,0.4668,0.4668
seqneut25to26_sera_1005_d28,A/Norway/8976/2025_H3N2,plate8-A/Norway/8976/2025_H3N2,1119,0.5198,0.5198
seqneut25to26_sera_1005_d28,A/Norway/8976/2025_H3N2,plate8-A/Norway/8976/2025_H3N2,2575,0.61,0.61
seqneut25to26_sera_1005_d28,A/Norway/8976/2025_H3N2,plate8-A/Norway/8976/2025_H3N2,5921,0.4841,0.4841
seqneut25to26_sera_1005_d28,A/Norway/8976/2025_H3N2,plate8-A/Norway/8976/2025_H3N2,1.362e+04,0.6726,0.6726
seqneut25to26_sera_1005_d28,A/Norway/9107/2025_H1N1,plate8-A/Norway/9107/2025_H1N1,40,0.0009693,0.0009693
seqneut25to26_sera_1005_d28,A/Norway/9107/2025_H1N1,plate8-A/Norway/9107/2025_H1N1,92,0.006149,0.006149
seqneut25to26_sera_1005_d28,A/Norway/9107/2025_H1N1,plate8-A/Norway/9107/2025_H1N1,212,0.05932,0.05932
seqneut25to26_sera_1005_d28,A/Norway/9107/2025_H1N1,plate8-A/Norway/9107/2025_H1N1,487,0.3042,0.3042
seqneut25to26_sera_1005_d28,A/Norway/9107/2025_H1N1,plate8-A/Norway/9107/2025_H1N1,1119,0.6158,0.6158
seqneut25to26_sera_1005_d28,A/Norway/9107/2025_H1N1,plate8-A/Norway/9107/2025_H1N1,2575,0.8584,0.8584
seqneut25to26_sera_1005_d28,A/Norway/9107/2025_H1N1,plate8-A/Norway/9107/2025_H1N1,5921,0.6732,0.6732
seqneut25to26_sera_1005_d28,A/Norway/9107/2025_H1N1,plate8-A/Norway/9107/2025_H1N1,1.362e+04,0.9602,0.9602
seqneut25to26_sera_1005_d28,A/Norway/9556/2025_H1N1,plate8-A/Norway/9556/2025_H1N1,40,0.0004758,0.0004758
seqneut25to26_sera_1005_d28,A/Norway/9556/2025_H1N1,plate8-A/Norway/9556/2025_H1N1,92,0.01247,0.01247
seqneut25to26_sera_1005_d28,A/Norway/9556/2025_H1N1,plate8-A/Norway/9556/2025_H1N1,212,0.1943,0.1943
seqneut25to26_sera_1005_d28,A/Norway/9556/2025_H1N1,plate8-A/Norway/9556/2025_H1N1,487,0.4341,0.4341
seqneut25to26_sera_1005_d28,A/Norway/9556/2025_H1N1,plate8-A/Norway/9556/2025_H1N1,1119,0.7406,0.7406
seqneut25to26_sera_1005_d28,A/Norway/9556/2025_H1N1,plate8-A/Norway/9556/2025_H1N1,2575,1.111,1
seqneut25to26_sera_1005_d28,A/Norway/9556/2025_H1N1,plate8-A/Norway/9556/2025_H1N1,5921,0.7101,0.7101
seqneut25to26_sera_1005_d28,A/Norway/9556/2025_H1N1,plate8-A/Norway/9556/2025_H1N1,1.362e+04,0.9066,0.9066
seqneut25to26_sera_1005_d28,A/Peru/GIHSN-04-1089/2025_H3N2,plate8-A/Peru/GIHSN-04-1089/2025_H3N2,40,0,0
seqneut25to26_sera_1005_d28,A/Peru/GIHSN-04-1089/2025_H3N2,plate8-A/Peru/GIHSN-04-1089/2025_H3N2,92,3.406e-05,3.406e-05
seqneut25to26_sera_1005_d28,A/Peru/GIHSN-04-1089/2025_H3N2,plate8-A/Peru/GIHSN-04-1089/2025_H3N2,212,0.0001712,0.0001712
seqneut25to26_sera_1005_d28,A/Peru/GIHSN-04-1089/2025_H3N2,plate8-A/Peru/GIHSN-04-1089/2025_H3N2,487,0.00474,0.00474
seqneut25to26_sera_1005_d28,A/Peru/GIHSN-04-1089/2025_H3N2,plate8-A/Peru/GIHSN-04-1089/2025_H3N2,1119,0.132,0.132
seqneut25to26_sera_1005_d28,A/Peru/GIHSN-04-1089/2025_H3N2,plate8-A/Peru/GIHSN-04-1089/2025_H3N2,2575,0.4839,0.4839
seqneut25to26_sera_1005_d28,A/Peru/GIHSN-04-1089/2025_H3N2,plate8-A/Peru/GIHSN-04-1089/2025_H3N2,5921,0.5683,0.5683
seqneut25to26_sera_1005_d28,A/Peru/GIHSN-04-1089/2025_H3N2,plate8-A/Peru/GIHSN-04-1089/2025_H3N2,1.362e+04,0.8354,0.8354
seqneut25to26_sera_1005_d28,A/Philippines/SARI25-1425/2025_H1N1,plate8-A/Philippines/SARI25-1425/2025_H1N1,40,0.0005125,0.0005125
seqneut25to26_sera_1005_d28,A/Philippines/SARI25-1425/2025_H1N1,plate8-A/Philippines/SARI25-1425/2025_H1N1,92,0.00781,0.00781
seqneut25to26_sera_1005_d28,A/Philippines/SARI25-1425/2025_H1N1,plate8-A/Philippines/SARI25-1425/2025_H1N1,212,0.06024,0.06024
seqneut25to26_sera_1005_d28,A/Philippines/SARI25-1425/2025_H1N1,plate8-A/Philippines/SARI25-1425/2025_H1N1,487,0.3423,0.3423
seqneut25to26_sera_1005_d28,A/Philippines/SARI25-1425/2025_H1N1,plate8-A/Philippines/SARI25-1425/2025_H1N1,1119,0.7024,0.7024
seqneut25to26_sera_1005_d28,A/Philippines/SARI25-1425/2025_H1N1,plate8-A/Philippines/SARI25-1425/2025_H1N1,2575,1.021,1
seqneut25to26_sera_1005_d28,A/Philippines/SARI25-1425/2025_H1N1,plate8-A/Philippines/SARI25-1425/2025_H1N1,5921,0.669,0.669
seqneut25to26_sera_1005_d28,A/Philippines/SARI25-1425/2025_H1N1,plate8-A/Philippines/SARI25-1425/2025_H1N1,1.362e+04,1.178,1
seqneut25to26_sera_1005_d28,A/Queensland/2526516675/2025_H3N2,plate8-A/Queensland/2526516675/2025_H3N2,40,0.02189,0.02189
seqneut25to26_sera_1005_d28,A/Queensland/2526516675/2025_H3N2,plate8-A/Queensland/2526516675/2025_H3N2,92,0.1042,0.1042
seqneut25to26_sera_1005_d28,A/Queensland/2526516675/2025_H3N2,plate8-A/Queensland/2526516675/2025_H3N2,212,0.233,0.233
seqneut25to26_sera_1005_d28,A/Queensland/2526516675/2025_H3N2,plate8-A/Queensland/2526516675/2025_H3N2,487,0.3992,0.3992
seqneut25to26_sera_1005_d28,A/Queensland/2526516675/2025_H3N2,plate8-A/Queensland/2526516675/2025_H3N2,1119,0.5773,0.5773
seqneut25to26_sera_1005_d28,A/Queensland/2526516675/2025_H3N2,plate8-A/Queensland/2526516675/2025_H3N2,2575,0.7119,0.7119
seqneut25to26_sera_1005_d28,A/Queensland/2526516675/2025_H3N2,plate8-A/Queensland/2526516675/2025_H3N2,5921,0.4829,0.4829
seqneut25to26_sera_1005_d28,A/Queensland/2526516675/2025_H3N2,plate8-A/Queensland/2526516675/2025_H3N2,1.362e+04,0.8328,0.8328
seqneut25to26_sera_1005_d28,A/SouthAfrica/PET37604/2025_H3N2,plate8-A/SouthAfrica/PET37604/2025_H3N2,40,9.5e-06,9.5e-06
seqneut25to26_sera_1005_d28,A/SouthAfrica/PET37604/2025_H3N2,plate8-A/SouthAfrica/PET37604/2025_H3N2,92,0.0002369,0.0002369
seqneut25to26_sera_1005_d28,A/SouthAfrica/PET37604/2025_H3N2,plate8-A/SouthAfrica/PET37604/2025_H3N2,212,0.002381,0.002381
seqneut25to26_sera_1005_d28,A/SouthAfrica/PET37604/2025_H3N2,plate8-A/SouthAfrica/PET37604/2025_H3N2,487,0.02045,0.02045
seqneut25to26_sera_1005_d28,A/SouthAfrica/PET37604/2025_H3N2,plate8-A/SouthAfrica/PET37604/2025_H3N2,1119,0.171,0.171
seqneut25to26_sera_1005_d28,A/SouthAfrica/PET37604/2025_H3N2,plate8-A/SouthAfrica/PET37604/2025_H3N2,2575,0.4693,0.4693
seqneut25to26_sera_1005_d28,A/SouthAfrica/PET37604/2025_H3N2,plate8-A/SouthAfrica/PET37604/2025_H3N2,5921,0.4115,0.4115
seqneut25to26_sera_1005_d28,A/SouthAfrica/PET37604/2025_H3N2,plate8-A/SouthAfrica/PET37604/2025_H3N2,1.362e+04,0.74,0.74
seqneut25to26_sera_1005_d28,A/SouthAfrica/PET37625/2025_H3N2,plate8-A/SouthAfrica/PET37625/2025_H3N2,40,0,0
seqneut25to26_sera_1005_d28,A/SouthAfrica/PET37625/2025_H3N2,plate8-A/SouthAfrica/PET37625/2025_H3N2,92,6.193e-05,6.193e-05
seqneut25to26_sera_1005_d28,A/SouthAfrica/PET37625/2025_H3N2,plate8-A/SouthAfrica/PET37625/2025_H3N2,212,0.001231,0.001231
seqneut25to26_sera_1005_d28,A/SouthAfrica/PET37625/2025_H3N2,plate8-A/SouthAfrica/PET37625/2025_H3N2,487,0.0158,0.0158
seqneut25to26_sera_1005_d28,A/SouthAfrica/PET37625/2025_H3N2,plate8-A/SouthAfrica/PET37625/2025_H3N2,1119,0.07082,0.07082
seqneut25to26_sera_1005_d28,A/SouthAfrica/PET37625/2025_H3N2,plate8-A/SouthAfrica/PET37625/2025_H3N2,2575,0.3565,0.3565
seqneut25to26_sera_1005_d28,A/SouthAfrica/PET37625/2025_H3N2,plate8-A/SouthAfrica/PET37625/2025_H3N2,5921,0.4493,0.4493
seqneut25to26_sera_1005_d28,A/SouthAfrica/PET37625/2025_H3N2,plate8-A/SouthAfrica/PET37625/2025_H3N2,1.362e+04,0.6675,0.6675
seqneut25to26_sera_1005_d28,A/SouthAustralia/2519001037/2025_H1N1,plate8-A/SouthAustralia/2519001037/2025_H1N1,40,0.003027,0.003027
seqneut25to26_sera_1005_d28,A/SouthAustralia/2519001037/2025_H1N1,plate8-A/SouthAustralia/2519001037/2025_H1N1,92,0.004525,0.004525
seqneut25to26_sera_1005_d28,A/SouthAustralia/2519001037/2025_H1N1,plate8-A/SouthAustralia/2519001037/2025_H1N1,212,0.1013,0.1013
seqneut25to26_sera_1005_d28,A/SouthAustralia/2519001037/2025_H1N1,plate8-A/SouthAustralia/2519001037/2025_H1N1,487,0.3593,0.3593
seqneut25to26_sera_1005_d28,A/SouthAustralia/2519001037/2025_H1N1,plate8-A/SouthAustralia/2519001037/2025_H1N1,1119,0.6757,0.6757
seqneut25to26_sera_1005_d28,A/SouthAustralia/2519001037/2025_H1N1,plate8-A/SouthAustralia/2519001037/2025_H1N1,2575,1.124,1
seqneut25to26_sera_1005_d28,A/SouthAustralia/2519001037/2025_H1N1,plate8-A/SouthAustralia/2519001037/2025_H1N1,5921,0.5815,0.5815
seqneut25to26_sera_1005_d28,A/SouthAustralia/2519001037/2025_H1N1,plate8-A/SouthAustralia/2519001037/2025_H1N1,1.362e+04,1.006,1
seqneut25to26_sera_1005_d28,A/SouthAustralia/2520702747/2025_H1N1,plate8-A/SouthAustralia/2520702747/2025_H1N1,40,0.0004706,0.0004706
seqneut25to26_sera_1005_d28,A/SouthAustralia/2520702747/2025_H1N1,plate8-A/SouthAustralia/2520702747/2025_H1N1,92,0.001563,0.001563
seqneut25to26_sera_1005_d28,A/SouthAustralia/2520702747/2025_H1N1,plate8-A/SouthAustralia/2520702747/2025_H1N1,212,0.029,0.029
seqneut25to26_sera_1005_d28,A/SouthAustralia/2520702747/2025_H1N1,plate8-A/SouthAustralia/2520702747/2025_H1N1,487,0.1735,0.1735
seqneut25to26_sera_1005_d28,A/SouthAustralia/2520702747/2025_H1N1,plate8-A/SouthAustralia/2520702747/2025_H1N1,1119,0.4638,0.4638
seqneut25to26_sera_1005_d28,A/SouthAustralia/2520702747/2025_H1N1,plate8-A/SouthAustralia/2520702747/2025_H1N1,2575,0.7982,0.7982
seqneut25to26_sera_1005_d28,A/SouthAustralia/2520702747/2025_H1N1,plate8-A/SouthAustralia/2520702747/2025_H1N1,5921,0.6512,0.6512
seqneut25to26_sera_1005_d28,A/SouthAustralia/2520702747/2025_H1N1,plate8-A/SouthAustralia/2520702747/2025_H1N1,1.362e+04,0.894,0.894
seqneut25to26_sera_1005_d28,A/SouthAustralia/2523012764/2025_H1N1,plate8-A/SouthAustralia/2523012764/2025_H1N1,40,0.0003477,0.0003477
seqneut25to26_sera_1005_d28,A/SouthAustralia/2523012764/2025_H1N1,plate8-A/SouthAustralia/2523012764/2025_H1N1,92,0.0004955,0.0004955
seqneut25to26_sera_1005_d28,A/SouthAustralia/2523012764/2025_H1N1,plate8-A/SouthAustralia/2523012764/2025_H1N1,212,0.03299,0.03299
seqneut25to26_sera_1005_d28,A/SouthAustralia/2523012764/2025_H1N1,plate8-A/SouthAustralia/2523012764/2025_H1N1,487,0.366,0.366
seqneut25to26_sera_1005_d28,A/SouthAustralia/2523012764/2025_H1N1,plate8-A/SouthAustralia/2523012764/2025_H1N1,1119,0.5234,0.5234
seqneut25to26_sera_1005_d28,A/SouthAustralia/2523012764/2025_H1N1,plate8-A/SouthAustralia/2523012764/2025_H1N1,2575,0.9555,0.9555
seqneut25to26_sera_1005_d28,A/SouthAustralia/2523012764/2025_H1N1,plate8-A/SouthAustralia/2523012764/2025_H1N1,5921,0.6895,0.6895
seqneut25to26_sera_1005_d28,A/SouthAustralia/2523012764/2025_H1N1,plate8-A/SouthAustralia/2523012764/2025_H1N1,1.362e+04,0.9002,0.9002
seqneut25to26_sera_1005_d28,A/SouthAustralia/2523812314/2025_H3N2,plate8-A/SouthAustralia/2523812314/2025_H3N2,40,0.03634,0.03634
seqneut25to26_sera_1005_d28,A/SouthAustralia/2523812314/2025_H3N2,plate8-A/SouthAustralia/2523812314/2025_H3N2,92,0.1017,0.1017
seqneut25to26_sera_1005_d28,A/SouthAustralia/2523812314/2025_H3N2,plate8-A/SouthAustralia/2523812314/2025_H3N2,212,0.1821,0.1821
seqneut25to26_sera_1005_d28,A/SouthAustralia/2523812314/2025_H3N2,plate8-A/SouthAustralia/2523812314/2025_H3N2,487,0.3453,0.3453
seqneut25to26_sera_1005_d28,A/SouthAustralia/2523812314/2025_H3N2,plate8-A/SouthAustralia/2523812314/2025_H3N2,1119,0.4707,0.4707
seqneut25to26_sera_1005_d28,A/SouthAustralia/2523812314/2025_H3N2,plate8-A/SouthAustralia/2523812314/2025_H3N2,2575,0.6134,0.6134
seqneut25to26_sera_1005_d28,A/SouthAustralia/2523812314/2025_H3N2,plate8-A/SouthAustralia/2523812314/2025_H3N2,5921,0.4886,0.4886
seqneut25to26_sera_1005_d28,A/SouthAustralia/2523812314/2025_H3N2,plate8-A/SouthAustralia/2523812314/2025_H3N2,1.362e+04,0.764,0.764
seqneut25to26_sera_1005_d28,A/SouthAustralia/2524408801/2025_H3N2,plate8-A/SouthAustralia/2524408801/2025_H3N2,40,0.03069,0.03069
seqneut25to26_sera_1005_d28,A/SouthAustralia/2524408801/2025_H3N2,plate8-A/SouthAustralia/2524408801/2025_H3N2,92,0.1708,0.1708
seqneut25to26_sera_1005_d28,A/SouthAustralia/2524408801/2025_H3N2,plate8-A/SouthAustralia/2524408801/2025_H3N2,212,0.3579,0.3579
seqneut25to26_sera_1005_d28,A/SouthAustralia/2524408801/2025_H3N2,plate8-A/SouthAustralia/2524408801/2025_H3N2,487,0.5172,0.5172
seqneut25to26_sera_1005_d28,A/SouthAustralia/2524408801/2025_H3N2,plate8-A/SouthAustralia/2524408801/2025_H3N2,1119,0.6574,0.6574
seqneut25to26_sera_1005_d28,A/SouthAustralia/2524408801/2025_H3N2,plate8-A/SouthAustralia/2524408801/2025_H3N2,2575,0.6218,0.6218
seqneut25to26_sera_1005_d28,A/SouthAustralia/2524408801/2025_H3N2,plate8-A/SouthAustralia/2524408801/2025_H3N2,5921,0.4586,0.4586
seqneut25to26_sera_1005_d28,A/SouthAustralia/2524408801/2025_H3N2,plate8-A/SouthAustralia/2524408801/2025_H3N2,1.362e+04,0.8105,0.8105
seqneut25to26_sera_1005_d28,A/SouthAustralia/2524712956/2025_H1N1,plate8-A/SouthAustralia/2524712956/2025_H1N1,40,2.199e-05,2.199e-05
seqneut25to26_sera_1005_d28,A/SouthAustralia/2524712956/2025_H1N1,plate8-A/SouthAustralia/2524712956/2025_H1N1,92,0.003808,0.003808
seqneut25to26_sera_1005_d28,A/SouthAustralia/2524712956/2025_H1N1,plate8-A/SouthAustralia/2524712956/2025_H1N1,212,0.1391,0.1391
seqneut25to26_sera_1005_d28,A/SouthAustralia/2524712956/2025_H1N1,plate8-A/SouthAustralia/2524712956/2025_H1N1,487,0.3821,0.3821
seqneut25to26_sera_1005_d28,A/SouthAustralia/2524712956/2025_H1N1,plate8-A/SouthAustralia/2524712956/2025_H1N1,1119,0.7219,0.7219
seqneut25to26_sera_1005_d28,A/SouthAustralia/2524712956/2025_H1N1,plate8-A/SouthAustralia/2524712956/2025_H1N1,2575,0.8262,0.8262
seqneut25to26_sera_1005_d28,A/SouthAustralia/2524712956/2025_H1N1,plate8-A/SouthAustralia/2524712956/2025_H1N1,5921,0.6567,0.6567
seqneut25to26_sera_1005_d28,A/SouthAustralia/2524712956/2025_H1N1,plate8-A/SouthAustralia/2524712956/2025_H1N1,1.362e+04,0.8518,0.8518
seqneut25to26_sera_1005_d28,A/SouthAustralia/2525607496/2025_H3N2,plate8-A/SouthAustralia/2525607496/2025_H3N2,40,0,0
seqneut25to26_sera_1005_d28,A/SouthAustralia/2525607496/2025_H3N2,plate8-A/SouthAustralia/2525607496/2025_H3N2,92,1.264e-05,1.264e-05
seqneut25to26_sera_1005_d28,A/SouthAustralia/2525607496/2025_H3N2,plate8-A/SouthAustralia/2525607496/2025_H3N2,212,1.732e-05,1.732e-05
seqneut25to26_sera_1005_d28,A/SouthAustralia/2525607496/2025_H3N2,plate8-A/SouthAustralia/2525607496/2025_H3N2,487,0.00217,0.00217
seqneut25to26_sera_1005_d28,A/SouthAustralia/2525607496/2025_H3N2,plate8-A/SouthAustralia/2525607496/2025_H3N2,1119,0.02911,0.02911
seqneut25to26_sera_1005_d28,A/SouthAustralia/2525607496/2025_H3N2,plate8-A/SouthAustralia/2525607496/2025_H3N2,2575,0.3147,0.3147
seqneut25to26_sera_1005_d28,A/SouthAustralia/2525607496/2025_H3N2,plate8-A/SouthAustralia/2525607496/2025_H3N2,5921,0.5944,0.5944
seqneut25to26_sera_1005_d28,A/SouthAustralia/2525607496/2025_H3N2,plate8-A/SouthAustralia/2525607496/2025_H3N2,1.362e+04,0.9666,0.9666
seqneut25to26_sera_1005_d28,A/SouthAustralia/2527003588/2025_H3N2,plate8-A/SouthAustralia/2527003588/2025_H3N2,40,0.01206,0.01206
seqneut25to26_sera_1005_d28,A/SouthAustralia/2527003588/2025_H3N2,plate8-A/SouthAustralia/2527003588/2025_H3N2,92,0.2437,0.2437
seqneut25to26_sera_1005_d28,A/SouthAustralia/2527003588/2025_H3N2,plate8-A/SouthAustralia/2527003588/2025_H3N2,212,0.258,0.258
seqneut25to26_sera_1005_d28,A/SouthAustralia/2527003588/2025_H3N2,plate8-A/SouthAustralia/2527003588/2025_H3N2,487,0.6327,0.6327
seqneut25to26_sera_1005_d28,A/SouthAustralia/2527003588/2025_H3N2,plate8-A/SouthAustralia/2527003588/2025_H3N2,1119,0.745,0.745
seqneut25to26_sera_1005_d28,A/SouthAustralia/2527003588/2025_H3N2,plate8-A/SouthAustralia/2527003588/2025_H3N2,2575,0.6672,0.6672
seqneut25to26_sera_1005_d28,A/SouthAustralia/2527003588/2025_H3N2,plate8-A/SouthAustralia/2527003588/2025_H3N2,5921,0.6126,0.6126
seqneut25to26_sera_1005_d28,A/SouthAustralia/2527003588/2025_H3N2,plate8-A/SouthAustralia/2527003588/2025_H3N2,1.362e+04,0.7975,0.7975
seqneut25to26_sera_1005_d28,A/SouthAustralia/2527213276/2025_H3N2,plate8-A/SouthAustralia/2527213276/2025_H3N2,40,0.05231,0.05231
seqneut25to26_sera_1005_d28,A/SouthAustralia/2527213276/2025_H3N2,plate8-A/SouthAustralia/2527213276/2025_H3N2,92,0.3197,0.3197
seqneut25to26_sera_1005_d28,A/SouthAustralia/2527213276/2025_H3N2,plate8-A/SouthAustralia/2527213276/2025_H3N2,212,0.2651,0.2651
seqneut25to26_sera_1005_d28,A/SouthAustralia/2527213276/2025_H3N2,plate8-A/SouthAustralia/2527213276/2025_H3N2,487,0.4065,0.4065
seqneut25to26_sera_1005_d28,A/SouthAustralia/2527213276/2025_H3N2,plate8-A/SouthAustralia/2527213276/2025_H3N2,1119,0.5091,0.5091
seqneut25to26_sera_1005_d28,A/SouthAustralia/2527213276/2025_H3N2,plate8-A/SouthAustralia/2527213276/2025_H3N2,2575,0.7592,0.7592
seqneut25to26_sera_1005_d28,A/SouthAustralia/2527213276/2025_H3N2,plate8-A/SouthAustralia/2527213276/2025_H3N2,5921,0.6218,0.6218
seqneut25to26_sera_1005_d28,A/SouthAustralia/2527213276/2025_H3N2,plate8-A/SouthAustralia/2527213276/2025_H3N2,1.362e+04,0.9365,0.9365
seqneut25to26_sera_1005_d28,A/SouthAustralia/2527612456/2025_H1N1,plate8-A/SouthAustralia/2527612456/2025_H1N1,40,1.361e-05,1.361e-05
seqneut25to26_sera_1005_d28,A/SouthAustralia/2527612456/2025_H1N1,plate8-A/SouthAustralia/2527612456/2025_H1N1,92,0.005392,0.005392
seqneut25to26_sera_1005_d28,A/SouthAustralia/2527612456/2025_H1N1,plate8-A/SouthAustralia/2527612456/2025_H1N1,212,0.1538,0.1538
seqneut25to26_sera_1005_d28,A/SouthAustralia/2527612456/2025_H1N1,plate8-A/SouthAustralia/2527612456/2025_H1N1,487,0.5148,0.5148
seqneut25to26_sera_1005_d28,A/SouthAustralia/2527612456/2025_H1N1,plate8-A/SouthAustralia/2527612456/2025_H1N1,1119,0.6668,0.6668
seqneut25to26_sera_1005_d28,A/SouthAustralia/2527612456/2025_H1N1,plate8-A/SouthAustralia/2527612456/2025_H1N1,2575,0.8798,0.8798
seqneut25to26_sera_1005_d28,A/SouthAustralia/2527612456/2025_H1N1,plate8-A/SouthAustralia/2527612456/2025_H1N1,5921,0.7506,0.7506
seqneut25to26_sera_1005_d28,A/SouthAustralia/2527612456/2025_H1N1,plate8-A/SouthAustralia/2527612456/2025_H1N1,1.362e+04,0.9658,0.9658
seqneut25to26_sera_1005_d28,A/SouthAustralia/2527902708/2025_H3N2,plate8-A/SouthAustralia/2527902708/2025_H3N2,40,0.02909,0.02909
seqneut25to26_sera_1005_d28,A/SouthAustralia/2527902708/2025_H3N2,plate8-A/SouthAustralia/2527902708/2025_H3N2,92,0.1515,0.1515
seqneut25to26_sera_1005_d28,A/SouthAustralia/2527902708/2025_H3N2,plate8-A/SouthAustralia/2527902708/2025_H3N2,212,0.2524,0.2524
seqneut25to26_sera_1005_d28,A/SouthAustralia/2527902708/2025_H3N2,plate8-A/SouthAustralia/2527902708/2025_H3N2,487,0.4374,0.4374
seqneut25to26_sera_1005_d28,A/SouthAustralia/2527902708/2025_H3N2,plate8-A/SouthAustralia/2527902708/2025_H3N2,1119,0.5743,0.5743
seqneut25to26_sera_1005_d28,A/SouthAustralia/2527902708/2025_H3N2,plate8-A/SouthAustralia/2527902708/2025_H3N2,2575,0.9023,0.9023
seqneut25to26_sera_1005_d28,A/SouthAustralia/2527902708/2025_H3N2,plate8-A/SouthAustralia/2527902708/2025_H3N2,5921,0.5023,0.5023
seqneut25to26_sera_1005_d28,A/SouthAustralia/2527902708/2025_H3N2,plate8-A/SouthAustralia/2527902708/2025_H3N2,1.362e+04,0.7447,0.7447
seqneut25to26_sera_1005_d28,A/Sydney/1359/2024_H3N2,plate8-A/Sydney/1359/2024_H3N2,40,0,0
seqneut25to26_sera_1005_d28,A/Sydney/1359/2024_H3N2,plate8-A/Sydney/1359/2024_H3N2,92,0,0
seqneut25to26_sera_1005_d28,A/Sydney/1359/2024_H3N2,plate8-A/Sydney/1359/2024_H3N2,212,1.691e-05,1.691e-05
seqneut25to26_sera_1005_d28,A/Sydney/1359/2024_H3N2,plate8-A/Sydney/1359/2024_H3N2,487,0.004235,0.004235
seqneut25to26_sera_1005_d28,A/Sydney/1359/2024_H3N2,plate8-A/Sydney/1359/2024_H3N2,1119,0.07568,0.07568
seqneut25to26_sera_1005_d28,A/Sydney/1359/2024_H3N2,plate8-A/Sydney/1359/2024_H3N2,2575,0.2074,0.2074
seqneut25to26_sera_1005_d28,A/Sydney/1359/2024_H3N2,plate8-A/Sydney/1359/2024_H3N2,5921,0.3878,0.3878
seqneut25to26_sera_1005_d28,A/Sydney/1359/2024_H3N2,plate8-A/Sydney/1359/2024_H3N2,1.362e+04,0.839,0.839
seqneut25to26_sera_1005_d28,A/Sydney/400/2025_H1N1,plate8-A/Sydney/400/2025_H1N1,40,0.007965,0.007965
seqneut25to26_sera_1005_d28,A/Sydney/400/2025_H1N1,plate8-A/Sydney/400/2025_H1N1,92,0.07894,0.07894
seqneut25to26_sera_1005_d28,A/Sydney/400/2025_H1N1,plate8-A/Sydney/400/2025_H1N1,212,0.4024,0.4024
seqneut25to26_sera_1005_d28,A/Sydney/400/2025_H1N1,plate8-A/Sydney/400/2025_H1N1,487,0.523,0.523
seqneut25to26_sera_1005_d28,A/Sydney/400/2025_H1N1,plate8-A/Sydney/400/2025_H1N1,1119,0.8001,0.8001
seqneut25to26_sera_1005_d28,A/Sydney/400/2025_H1N1,plate8-A/Sydney/400/2025_H1N1,2575,0.7735,0.7735
seqneut25to26_sera_1005_d28,A/Sydney/400/2025_H1N1,plate8-A/Sydney/400/2025_H1N1,5921,0.7814,0.7814
seqneut25to26_sera_1005_d28,A/Sydney/400/2025_H1N1,plate8-A/Sydney/400/2025_H1N1,1.362e+04,0.938,0.938
seqneut25to26_sera_1005_d28,A/Tasmania/2521815682/2025_H3N2,plate8-A/Tasmania/2521815682/2025_H3N2,40,0.02839,0.02839
seqneut25to26_sera_1005_d28,A/Tasmania/2521815682/2025_H3N2,plate8-A/Tasmania/2521815682/2025_H3N2,92,0.1589,0.1589
seqneut25to26_sera_1005_d28,A/Tasmania/2521815682/2025_H3N2,plate8-A/Tasmania/2521815682/2025_H3N2,212,0.2589,0.2589
seqneut25to26_sera_1005_d28,A/Tasmania/2521815682/2025_H3N2,plate8-A/Tasmania/2521815682/2025_H3N2,487,0.3258,0.3258
seqneut25to26_sera_1005_d28,A/Tasmania/2521815682/2025_H3N2,plate8-A/Tasmania/2521815682/2025_H3N2,1119,0.5904,0.5904
seqneut25to26_sera_1005_d28,A/Tasmania/2521815682/2025_H3N2,plate8-A/Tasmania/2521815682/2025_H3N2,2575,0.6544,0.6544
seqneut25to26_sera_1005_d28,A/Tasmania/2521815682/2025_H3N2,plate8-A/Tasmania/2521815682/2025_H3N2,5921,0.5449,0.5449
seqneut25to26_sera_1005_d28,A/Tasmania/2521815682/2025_H3N2,plate8-A/Tasmania/2521815682/2025_H3N2,1.362e+04,0.9416,0.9416
seqneut25to26_sera_1005_d28,A/Thailand/8/2022_H3N2,plate8-A/Thailand/8/2022_H3N2,40,0,0
seqneut25to26_sera_1005_d28,A/Thailand/8/2022_H3N2,plate8-A/Thailand/8/2022_H3N2,92,0.0006533,0.0006533
seqneut25to26_sera_1005_d28,A/Thailand/8/2022_H3N2,plate8-A/Thailand/8/2022_H3N2,212,0.004551,0.004551
seqneut25to26_sera_1005_d28,A/Thailand/8/2022_H3N2,plate8-A/Thailand/8/2022_H3N2,487,0.1881,0.1881
seqneut25to26_sera_1005_d28,A/Thailand/8/2022_H3N2,plate8-A/Thailand/8/2022_H3N2,1119,0.1617,0.1617
seqneut25to26_sera_1005_d28,A/Thailand/8/2022_H3N2,plate8-A/Thailand/8/2022_H3N2,2575,0.238,0.238
seqneut25to26_sera_1005_d28,A/Thailand/8/2022_H3N2,plate8-A/Thailand/8/2022_H3N2,5921,0.2482,0.2482
seqneut25to26_sera_1005_d28,A/Thailand/8/2022_H3N2,plate8-A/Thailand/8/2022_H3N2,1.362e+04,0.4425,0.4425
seqneut25to26_sera_1005_d28,A/Vermont/73/2025_H3N2,plate8-A/Vermont/73/2025_H3N2,40,0.01428,0.01428
seqneut25to26_sera_1005_d28,A/Vermont/73/2025_H3N2,plate8-A/Vermont/73/2025_H3N2,92,0.09391,0.09391
seqneut25to26_sera_1005_d28,A/Vermont/73/2025_H3N2,plate8-A/Vermont/73/2025_H3N2,212,0.4287,0.4287
seqneut25to26_sera_1005_d28,A/Vermont/73/2025_H3N2,plate8-A/Vermont/73/2025_H3N2,487,0.4858,0.4858
seqneut25to26_sera_1005_d28,A/Vermont/73/2025_H3N2,plate8-A/Vermont/73/2025_H3N2,1119,0.5801,0.5801
seqneut25to26_sera_1005_d28,A/Vermont/73/2025_H3N2,plate8-A/Vermont/73/2025_H3N2,2575,0.8087,0.8087
seqneut25to26_sera_1005_d28,A/Vermont/73/2025_H3N2,plate8-A/Vermont/73/2025_H3N2,5921,0.4613,0.4613
seqneut25to26_sera_1005_d28,A/Vermont/73/2025_H3N2,plate8-A/Vermont/73/2025_H3N2,1.362e+04,0.9475,0.9475
seqneut25to26_sera_1005_d28,A/Victoria/4897/2022_IVR-238_H1N1,plate8-A/Victoria/4897/2022_IVR-238_H1N1,40,0,0
seqneut25to26_sera_1005_d28,A/Victoria/4897/2022_IVR-238_H1N1,plate8-A/Victoria/4897/2022_IVR-238_H1N1,92,0,0
seqneut25to26_sera_1005_d28,A/Victoria/4897/2022_IVR-238_H1N1,plate8-A/Victoria/4897/2022_IVR-238_H1N1,212,0,0
seqneut25to26_sera_1005_d28,A/Victoria/4897/2022_IVR-238_H1N1,plate8-A/Victoria/4897/2022_IVR-238_H1N1,487,5.675e-05,5.675e-05
seqneut25to26_sera_1005_d28,A/Victoria/4897/2022_IVR-238_H1N1,plate8-A/Victoria/4897/2022_IVR-238_H1N1,1119,0.0003395,0.0003395
seqneut25to26_sera_1005_d28,A/Victoria/4897/2022_IVR-238_H1N1,plate8-A/Victoria/4897/2022_IVR-238_H1N1,2575,0.004286,0.004286
seqneut25to26_sera_1005_d28,A/Victoria/4897/2022_IVR-238_H1N1,plate8-A/Victoria/4897/2022_IVR-238_H1N1,5921,0.1555,0.1555
seqneut25to26_sera_1005_d28,A/Victoria/4897/2022_IVR-238_H1N1,plate8-A/Victoria/4897/2022_IVR-238_H1N1,1.362e+04,0.5972,0.5972
seqneut25to26_sera_1005_d28,A/Wisconsin/588/2019_H1N1,plate8-A/Wisconsin/588/2019_H1N1,40,0.000108,0.000108
seqneut25to26_sera_1005_d28,A/Wisconsin/588/2019_H1N1,plate8-A/Wisconsin/588/2019_H1N1,92,6.413e-05,6.413e-05
seqneut25to26_sera_1005_d28,A/Wisconsin/588/2019_H1N1,plate8-A/Wisconsin/588/2019_H1N1,212,0.0001465,0.0001465
seqneut25to26_sera_1005_d28,A/Wisconsin/588/2019_H1N1,plate8-A/Wisconsin/588/2019_H1N1,487,0.002479,0.002479
seqneut25to26_sera_1005_d28,A/Wisconsin/588/2019_H1N1,plate8-A/Wisconsin/588/2019_H1N1,1119,0.01342,0.01342
seqneut25to26_sera_1005_d28,A/Wisconsin/588/2019_H1N1,plate8-A/Wisconsin/588/2019_H1N1,2575,0.1637,0.1637
seqneut25to26_sera_1005_d28,A/Wisconsin/588/2019_H1N1,plate8-A/Wisconsin/588/2019_H1N1,5921,0.3278,0.3278
seqneut25to26_sera_1005_d28,A/Wisconsin/588/2019_H1N1,plate8-A/Wisconsin/588/2019_H1N1,1.362e+04,0.8229,0.8229
seqneut25to26_sera_1005_d28,A/Wisconsin/67/2022_H1N1,plate8-A/Wisconsin/67/2022_H1N1,40,0.0003212,0.0003212
seqneut25to26_sera_1005_d28,A/Wisconsin/67/2022_H1N1,plate8-A/Wisconsin/67/2022_H1N1,92,0.0006494,0.0006494
seqneut25to26_sera_1005_d28,A/Wisconsin/67/2022_H1N1,plate8-A/Wisconsin/67/2022_H1N1,212,0.07965,0.07965
seqneut25to26_sera_1005_d28,A/Wisconsin/67/2022_H1N1,plate8-A/Wisconsin/67/2022_H1N1,487,0.328,0.328
seqneut25to26_sera_1005_d28,A/Wisconsin/67/2022_H1N1,plate8-A/Wisconsin/67/2022_H1N1,1119,0.6922,0.6922
seqneut25to26_sera_1005_d28,A/Wisconsin/67/2022_H1N1,plate8-A/Wisconsin/67/2022_H1N1,2575,0.8673,0.8673
seqneut25to26_sera_1005_d28,A/Wisconsin/67/2022_H1N1,plate8-A/Wisconsin/67/2022_H1N1,5921,0.5677,0.5677
seqneut25to26_sera_1005_d28,A/Wisconsin/67/2022_H1N1,plate8-A/Wisconsin/67/2022_H1N1,1.362e+04,0.9274,0.9274
seqneut25to26_sera_1005_d28,A/Zacapa/FLU-261/2025_H1N1,plate8-A/Zacapa/FLU-261/2025_H1N1,40,0.0003779,0.0003779
seqneut25to26_sera_1005_d28,A/Zacapa/FLU-261/2025_H1N1,plate8-A/Zacapa/FLU-261/2025_H1N1,92,0.001236,0.001236
seqneut25to26_sera_1005_d28,A/Zacapa/FLU-261/2025_H1N1,plate8-A/Zacapa/FLU-261/2025_H1N1,212,0.04197,0.04197
seqneut25to26_sera_1005_d28,A/Zacapa/FLU-261/2025_H1N1,plate8-A/Zacapa/FLU-261/2025_H1N1,487,0.3354,0.3354
seqneut25to26_sera_1005_d28,A/Zacapa/FLU-261/2025_H1N1,plate8-A/Zacapa/FLU-261/2025_H1N1,1119,0.5787,0.5787
seqneut25to26_sera_1005_d28,A/Zacapa/FLU-261/2025_H1N1,plate8-A/Zacapa/FLU-261/2025_H1N1,2575,0.8913,0.8913
seqneut25to26_sera_1005_d28,A/Zacapa/FLU-261/2025_H1N1,plate8-A/Zacapa/FLU-261/2025_H1N1,5921,0.6386,0.6386
seqneut25to26_sera_1005_d28,A/Zacapa/FLU-261/2025_H1N1,plate8-A/Zacapa/FLU-261/2025_H1N1,1.362e+04,0.9245,0.9245
seqneut25to26_sera_1007_d0,A/Alagoas/4130/2025_H3N2,plate8-A/Alagoas/4130/2025_H3N2,40,0,0
seqneut25to26_sera_1007_d0,A/Alagoas/4130/2025_H3N2,plate8-A/Alagoas/4130/2025_H3N2,92,0.01605,0.01605
seqneut25to26_sera_1007_d0,A/Alagoas/4130/2025_H3N2,plate8-A/Alagoas/4130/2025_H3N2,212,0.02753,0.02753
seqneut25to26_sera_1007_d0,A/Alagoas/4130/2025_H3N2,plate8-A/Alagoas/4130/2025_H3N2,487,0.1338,0.1338
seqneut25to26_sera_1007_d0,A/Alagoas/4130/2025_H3N2,plate8-A/Alagoas/4130/2025_H3N2,1119,0.5234,0.5234
seqneut25to26_sera_1007_d0,A/Alagoas/4130/2025_H3N2,plate8-A/Alagoas/4130/2025_H3N2,2575,0.5223,0.5223
seqneut25to26_sera_1007_d0,A/Alagoas/4130/2025_H3N2,plate8-A/Alagoas/4130/2025_H3N2,5921,0.4062,0.4062
seqneut25to26_sera_1007_d0,A/Alagoas/4130/2025_H3N2,plate8-A/Alagoas/4130/2025_H3N2,1.362e+04,0.6696,0.6696
seqneut25to26_sera_1007_d0,A/Anapolis/LEIAL6543/2025_H3N2,plate8-A/Anapolis/LEIAL6543/2025_H3N2,40,1.596e-05,1.596e-05
seqneut25to26_sera_1007_d0,A/Anapolis/LEIAL6543/2025_H3N2,plate8-A/Anapolis/LEIAL6543/2025_H3N2,92,0.0001385,0.0001385
seqneut25to26_sera_1007_d0,A/Anapolis/LEIAL6543/2025_H3N2,plate8-A/Anapolis/LEIAL6543/2025_H3N2,212,0.01013,0.01013
seqneut25to26_sera_1007_d0,A/Anapolis/LEIAL6543/2025_H3N2,plate8-A/Anapolis/LEIAL6543/2025_H3N2,487,0.0686,0.0686
seqneut25to26_sera_1007_d0,A/Anapolis/LEIAL6543/2025_H3N2,plate8-A/Anapolis/LEIAL6543/2025_H3N2,1119,0.2194,0.2194
seqneut25to26_sera_1007_d0,A/Anapolis/LEIAL6543/2025_H3N2,plate8-A/Anapolis/LEIAL6543/2025_H3N2,2575,0.4141,0.4141
seqneut25to26_sera_1007_d0,A/Anapolis/LEIAL6543/2025_H3N2,plate8-A/Anapolis/LEIAL6543/2025_H3N2,5921,0.4414,0.4414
seqneut25to26_sera_1007_d0,A/Anapolis/LEIAL6543/2025_H3N2,plate8-A/Anapolis/LEIAL6543/2025_H3N2,1.362e+04,0.6615,0.6615
seqneut25to26_sera_1007_d0,A/Andalucia/PMC-00977/2025_H1N1,plate8-A/Andalucia/PMC-00977/2025_H1N1,40,7.843e-05,7.843e-05
seqneut25to26_sera_1007_d0,A/Andalucia/PMC-00977/2025_H1N1,plate8-A/Andalucia/PMC-00977/2025_H1N1,92,0.0001701,0.0001701
seqneut25to26_sera_1007_d0,A/Andalucia/PMC-00977/2025_H1N1,plate8-A/Andalucia/PMC-00977/2025_H1N1,212,0.03249,0.03249
seqneut25to26_sera_1007_d0,A/Andalucia/PMC-00977/2025_H1N1,plate8-A/Andalucia/PMC-00977/2025_H1N1,487,0.313,0.313
seqneut25to26_sera_1007_d0,A/Andalucia/PMC-00977/2025_H1N1,plate8-A/Andalucia/PMC-00977/2025_H1N1,1119,0.7763,0.7763
seqneut25to26_sera_1007_d0,A/Andalucia/PMC-00977/2025_H1N1,plate8-A/Andalucia/PMC-00977/2025_H1N1,2575,0.8763,0.8763
seqneut25to26_sera_1007_d0,A/Andalucia/PMC-00977/2025_H1N1,plate8-A/Andalucia/PMC-00977/2025_H1N1,5921,0.5307,0.5307
seqneut25to26_sera_1007_d0,A/Andalucia/PMC-00977/2025_H1N1,plate8-A/Andalucia/PMC-00977/2025_H1N1,1.362e+04,0.871,0.871
seqneut25to26_sera_1007_d0,A/Aragon/2046/2025_H1N1,plate8-A/Aragon/2046/2025_H1N1,40,1.474e-05,1.474e-05
seqneut25to26_sera_1007_d0,A/Aragon/2046/2025_H1N1,plate8-A/Aragon/2046/2025_H1N1,92,0.0007036,0.0007036
seqneut25to26_sera_1007_d0,A/Aragon/2046/2025_H1N1,plate8-A/Aragon/2046/2025_H1N1,212,0.0184,0.0184
seqneut25to26_sera_1007_d0,A/Aragon/2046/2025_H1N1,plate8-A/Aragon/2046/2025_H1N1,487,0.1972,0.1972
seqneut25to26_sera_1007_d0,A/Aragon/2046/2025_H1N1,plate8-A/Aragon/2046/2025_H1N1,1119,0.8286,0.8286
seqneut25to26_sera_1007_d0,A/Aragon/2046/2025_H1N1,plate8-A/Aragon/2046/2025_H1N1,2575,0.7012,0.7012
seqneut25to26_sera_1007_d0,A/Aragon/2046/2025_H1N1,plate8-A/Aragon/2046/2025_H1N1,5921,0.6196,0.6196
seqneut25to26_sera_1007_d0,A/Aragon/2046/2025_H1N1,plate8-A/Aragon/2046/2025_H1N1,1.362e+04,0.8206,0.8206
seqneut25to26_sera_1007_d0,A/Arica/59150/2025_H3N2,plate8-A/Arica/59150/2025_H3N2,40,0.000237,0.000237
seqneut25to26_sera_1007_d0,A/Arica/59150/2025_H3N2,plate8-A/Arica/59150/2025_H3N2,92,0.002437,0.002437
seqneut25to26_sera_1007_d0,A/Arica/59150/2025_H3N2,plate8-A/Arica/59150/2025_H3N2,212,0.01338,0.01338
seqneut25to26_sera_1007_d0,A/Arica/59150/2025_H3N2,plate8-A/Arica/59150/2025_H3N2,487,0.04732,0.04732
seqneut25to26_sera_1007_d0,A/Arica/59150/2025_H3N2,plate8-A/Arica/59150/2025_H3N2,1119,0.2496,0.2496
seqneut25to26_sera_1007_d0,A/Arica/59150/2025_H3N2,plate8-A/Arica/59150/2025_H3N2,2575,0.4232,0.4232
seqneut25to26_sera_1007_d0,A/Arica/59150/2025_H3N2,plate8-A/Arica/59150/2025_H3N2,5921,0.4096,0.4096
seqneut25to26_sera_1007_d0,A/Arica/59150/2025_H3N2,plate8-A/Arica/59150/2025_H3N2,1.362e+04,0.751,0.751
seqneut25to26_sera_1007_d0,A/Bahia/3102/2025_H3N2,plate8-A/Bahia/3102/2025_H3N2,40,2.171e-05,2.171e-05
seqneut25to26_sera_1007_d0,A/Bahia/3102/2025_H3N2,plate8-A/Bahia/3102/2025_H3N2,92,0,0
seqneut25to26_sera_1007_d0,A/Bahia/3102/2025_H3N2,plate8-A/Bahia/3102/2025_H3N2,212,0.01115,0.01115
seqneut25to26_sera_1007_d0,A/Bahia/3102/2025_H3N2,plate8-A/Bahia/3102/2025_H3N2,487,0.02758,0.02758
seqneut25to26_sera_1007_d0,A/Bahia/3102/2025_H3N2,plate8-A/Bahia/3102/2025_H3N2,1119,0.1404,0.1404
seqneut25to26_sera_1007_d0,A/Bahia/3102/2025_H3N2,plate8-A/Bahia/3102/2025_H3N2,2575,0.3644,0.3644
seqneut25to26_sera_1007_d0,A/Bahia/3102/2025_H3N2,plate8-A/Bahia/3102/2025_H3N2,5921,0.3185,0.3185
seqneut25to26_sera_1007_d0,A/Bahia/3102/2025_H3N2,plate8-A/Bahia/3102/2025_H3N2,1.362e+04,0.6699,0.6699
seqneut25to26_sera_1007_d0,A/Bangkok/1803/2025_H1N1,plate8-A/Bangkok/1803/2025_H1N1,40,1.599e-05,1.599e-05
seqneut25to26_sera_1007_d0,A/Bangkok/1803/2025_H1N1,plate8-A/Bangkok/1803/2025_H1N1,92,0.00888,0.00888
seqneut25to26_sera_1007_d0,A/Bangkok/1803/2025_H1N1,plate8-A/Bangkok/1803/2025_H1N1,212,0.1369,0.1369
seqneut25to26_sera_1007_d0,A/Bangkok/1803/2025_H1N1,plate8-A/Bangkok/1803/2025_H1N1,487,0.4849,0.4849
seqneut25to26_sera_1007_d0,A/Bangkok/1803/2025_H1N1,plate8-A/Bangkok/1803/2025_H1N1,1119,0.7736,0.7736
seqneut25to26_sera_1007_d0,A/Bangkok/1803/2025_H1N1,plate8-A/Bangkok/1803/2025_H1N1,2575,0.9002,0.9002
seqneut25to26_sera_1007_d0,A/Bangkok/1803/2025_H1N1,plate8-A/Bangkok/1803/2025_H1N1,5921,0.6469,0.6469
seqneut25to26_sera_1007_d0,A/Bangkok/1803/2025_H1N1,plate8-A/Bangkok/1803/2025_H1N1,1.362e+04,0.9058,0.9058
seqneut25to26_sera_1007_d0,A/Bangkok/P2229/2025_H1N1,plate8-A/Bangkok/P2229/2025_H1N1,40,0.0002131,0.0002131
seqneut25to26_sera_1007_d0,A/Bangkok/P2229/2025_H1N1,plate8-A/Bangkok/P2229/2025_H1N1,92,0.0009247,0.0009247
seqneut25to26_sera_1007_d0,A/Bangkok/P2229/2025_H1N1,plate8-A/Bangkok/P2229/2025_H1N1,212,0.01003,0.01003
seqneut25to26_sera_1007_d0,A/Bangkok/P2229/2025_H1N1,plate8-A/Bangkok/P2229/2025_H1N1,487,0.2254,0.2254
seqneut25to26_sera_1007_d0,A/Bangkok/P2229/2025_H1N1,plate8-A/Bangkok/P2229/2025_H1N1,1119,0.6043,0.6043
seqneut25to26_sera_1007_d0,A/Bangkok/P2229/2025_H1N1,plate8-A/Bangkok/P2229/2025_H1N1,2575,0.7259,0.7259
seqneut25to26_sera_1007_d0,A/Bangkok/P2229/2025_H1N1,plate8-A/Bangkok/P2229/2025_H1N1,5921,0.464,0.464
seqneut25to26_sera_1007_d0,A/Bangkok/P2229/2025_H1N1,plate8-A/Bangkok/P2229/2025_H1N1,1.362e+04,0.8265,0.8265
seqneut25to26_sera_1007_d0,A/Bangkok/P2323/2025_H3N2,plate8-A/Bangkok/P2323/2025_H3N2,40,0.009969,0.009969
seqneut25to26_sera_1007_d0,A/Bangkok/P2323/2025_H3N2,plate8-A/Bangkok/P2323/2025_H3N2,92,0.1623,0.1623
seqneut25to26_sera_1007_d0,A/Bangkok/P2323/2025_H3N2,plate8-A/Bangkok/P2323/2025_H3N2,212,0.3761,0.3761
seqneut25to26_sera_1007_d0,A/Bangkok/P2323/2025_H3N2,plate8-A/Bangkok/P2323/2025_H3N2,487,0.5187,0.5187
seqneut25to26_sera_1007_d0,A/Bangkok/P2323/2025_H3N2,plate8-A/Bangkok/P2323/2025_H3N2,1119,0.8482,0.8482
seqneut25to26_sera_1007_d0,A/Bangkok/P2323/2025_H3N2,plate8-A/Bangkok/P2323/2025_H3N2,2575,0.6479,0.6479
seqneut25to26_sera_1007_d0,A/Bangkok/P2323/2025_H3N2,plate8-A/Bangkok/P2323/2025_H3N2,5921,0.6511,0.6511
seqneut25to26_sera_1007_d0,A/Bangkok/P2323/2025_H3N2,plate8-A/Bangkok/P2323/2025_H3N2,1.362e+04,0.8122,0.8122
seqneut25to26_sera_1007_d0,A/Bangkok/P2390/2025_H3N2,plate8-A/Bangkok/P2390/2025_H3N2,40,0.03671,0.03671
seqneut25to26_sera_1007_d0,A/Bangkok/P2390/2025_H3N2,plate8-A/Bangkok/P2390/2025_H3N2,92,0.2115,0.2115
seqneut25to26_sera_1007_d0,A/Bangkok/P2390/2025_H3N2,plate8-A/Bangkok/P2390/2025_H3N2,212,0.2774,0.2774
seqneut25to26_sera_1007_d0,A/Bangkok/P2390/2025_H3N2,plate8-A/Bangkok/P2390/2025_H3N2,487,0.5547,0.5547
seqneut25to26_sera_1007_d0,A/Bangkok/P2390/2025_H3N2,plate8-A/Bangkok/P2390/2025_H3N2,1119,0.8392,0.8392
seqneut25to26_sera_1007_d0,A/Bangkok/P2390/2025_H3N2,plate8-A/Bangkok/P2390/2025_H3N2,2575,0.7468,0.7468
seqneut25to26_sera_1007_d0,A/Bangkok/P2390/2025_H3N2,plate8-A/Bangkok/P2390/2025_H3N2,5921,0.5337,0.5337
seqneut25to26_sera_1007_d0,A/Bangkok/P2390/2025_H3N2,plate8-A/Bangkok/P2390/2025_H3N2,1.362e+04,0.7952,0.7952
seqneut25to26_sera_1007_d0,A/Bangkok/P2391/2025_H3N2,plate8-A/Bangkok/P2391/2025_H3N2,40,0.02018,0.02018
seqneut25to26_sera_1007_d0,A/Bangkok/P2391/2025_H3N2,plate8-A/Bangkok/P2391/2025_H3N2,92,0.1661,0.1661
seqneut25to26_sera_1007_d0,A/Bangkok/P2391/2025_H3N2,plate8-A/Bangkok/P2391/2025_H3N2,212,0.4082,0.4082
seqneut25to26_sera_1007_d0,A/Bangkok/P2391/2025_H3N2,plate8-A/Bangkok/P2391/2025_H3N2,487,0.6206,0.6206
seqneut25to26_sera_1007_d0,A/Bangkok/P2391/2025_H3N2,plate8-A/Bangkok/P2391/2025_H3N2,1119,0.8336,0.8336
seqneut25to26_sera_1007_d0,A/Bangkok/P2391/2025_H3N2,plate8-A/Bangkok/P2391/2025_H3N2,2575,0.6115,0.6115
seqneut25to26_sera_1007_d0,A/Bangkok/P2391/2025_H3N2,plate8-A/Bangkok/P2391/2025_H3N2,5921,0.3394,0.3394
seqneut25to26_sera_1007_d0,A/Bangkok/P2391/2025_H3N2,plate8-A/Bangkok/P2391/2025_H3N2,1.362e+04,0.6809,0.6809
seqneut25to26_sera_1007_d0,A/Bangkok/P2572/2025_H3N2,plate8-A/Bangkok/P2572/2025_H3N2,40,0.04443,0.04443
seqneut25to26_sera_1007_d0,A/Bangkok/P2572/2025_H3N2,plate8-A/Bangkok/P2572/2025_H3N2,92,0.09807,0.09807
seqneut25to26_sera_1007_d0,A/Bangkok/P2572/2025_H3N2,plate8-A/Bangkok/P2572/2025_H3N2,212,0.4163,0.4163
seqneut25to26_sera_1007_d0,A/Bangkok/P2572/2025_H3N2,plate8-A/Bangkok/P2572/2025_H3N2,487,0.5909,0.5909
seqneut25to26_sera_1007_d0,A/Bangkok/P2572/2025_H3N2,plate8-A/Bangkok/P2572/2025_H3N2,1119,0.9846,0.9846
seqneut25to26_sera_1007_d0,A/Bangkok/P2572/2025_H3N2,plate8-A/Bangkok/P2572/2025_H3N2,2575,0.6693,0.6693
seqneut25to26_sera_1007_d0,A/Bangkok/P2572/2025_H3N2,plate8-A/Bangkok/P2572/2025_H3N2,5921,0.5107,0.5107
seqneut25to26_sera_1007_d0,A/Bangkok/P2572/2025_H3N2,plate8-A/Bangkok/P2572/2025_H3N2,1.362e+04,0.7212,0.7212
seqneut25to26_sera_1007_d0,A/Bangkok/P2921/2025_H3N2,plate8-A/Bangkok/P2921/2025_H3N2,40,0,0
seqneut25to26_sera_1007_d0,A/Bangkok/P2921/2025_H3N2,plate8-A/Bangkok/P2921/2025_H3N2,92,0.002311,0.002311
seqneut25to26_sera_1007_d0,A/Bangkok/P2921/2025_H3N2,plate8-A/Bangkok/P2921/2025_H3N2,212,0.06893,0.06893
seqneut25to26_sera_1007_d0,A/Bangkok/P2921/2025_H3N2,plate8-A/Bangkok/P2921/2025_H3N2,487,0.2552,0.2552
seqneut25to26_sera_1007_d0,A/Bangkok/P2921/2025_H3N2,plate8-A/Bangkok/P2921/2025_H3N2,1119,0.5346,0.5346
seqneut25to26_sera_1007_d0,A/Bangkok/P2921/2025_H3N2,plate8-A/Bangkok/P2921/2025_H3N2,2575,0.5833,0.5833
seqneut25to26_sera_1007_d0,A/Bangkok/P2921/2025_H3N2,plate8-A/Bangkok/P2921/2025_H3N2,5921,0.4107,0.4107
seqneut25to26_sera_1007_d0,A/Bangkok/P2921/2025_H3N2,plate8-A/Bangkok/P2921/2025_H3N2,1.362e+04,0.7003,0.7003
seqneut25to26_sera_1007_d0,A/Bangkok/P3067/2025_H1N1,plate8-A/Bangkok/P3067/2025_H1N1,40,0.0009759,0.0009759
seqneut25to26_sera_1007_d0,A/Bangkok/P3067/2025_H1N1,plate8-A/Bangkok/P3067/2025_H1N1,92,0.0006196,0.0006196
seqneut25to26_sera_1007_d0,A/Bangkok/P3067/2025_H1N1,plate8-A/Bangkok/P3067/2025_H1N1,212,0.01327,0.01327
seqneut25to26_sera_1007_d0,A/Bangkok/P3067/2025_H1N1,plate8-A/Bangkok/P3067/2025_H1N1,487,0.1704,0.1704
seqneut25to26_sera_1007_d0,A/Bangkok/P3067/2025_H1N1,plate8-A/Bangkok/P3067/2025_H1N1,1119,0.6019,0.6019
seqneut25to26_sera_1007_d0,A/Bangkok/P3067/2025_H1N1,plate8-A/Bangkok/P3067/2025_H1N1,2575,0.8644,0.8644
seqneut25to26_sera_1007_d0,A/Bangkok/P3067/2025_H1N1,plate8-A/Bangkok/P3067/2025_H1N1,5921,0.602,0.602
seqneut25to26_sera_1007_d0,A/Bangkok/P3067/2025_H1N1,plate8-A/Bangkok/P3067/2025_H1N1,1.362e+04,0.7967,0.7967
seqneut25to26_sera_1007_d0,A/Bangkok/P3263/2025_H3N2,plate8-A/Bangkok/P3263/2025_H3N2,40,0.01374,0.01374
seqneut25to26_sera_1007_d0,A/Bangkok/P3263/2025_H3N2,plate8-A/Bangkok/P3263/2025_H3N2,92,0.08237,0.08237
seqneut25to26_sera_1007_d0,A/Bangkok/P3263/2025_H3N2,plate8-A/Bangkok/P3263/2025_H3N2,212,0.3375,0.3375
seqneut25to26_sera_1007_d0,A/Bangkok/P3263/2025_H3N2,plate8-A/Bangkok/P3263/2025_H3N2,487,0.5824,0.5824
seqneut25to26_sera_1007_d0,A/Bangkok/P3263/2025_H3N2,plate8-A/Bangkok/P3263/2025_H3N2,1119,0.7598,0.7598
seqneut25to26_sera_1007_d0,A/Bangkok/P3263/2025_H3N2,plate8-A/Bangkok/P3263/2025_H3N2,2575,0.6403,0.6403
seqneut25to26_sera_1007_d0,A/Bangkok/P3263/2025_H3N2,plate8-A/Bangkok/P3263/2025_H3N2,5921,0.5066,0.5066
seqneut25to26_sera_1007_d0,A/Bangkok/P3263/2025_H3N2,plate8-A/Bangkok/P3263/2025_H3N2,1.362e+04,0.9126,0.9126
seqneut25to26_sera_1007_d0,A/Belgium/H0097/2025_H3N2,plate8-A/Belgium/H0097/2025_H3N2,40,0.02909,0.02909
seqneut25to26_sera_1007_d0,A/Belgium/H0097/2025_H3N2,plate8-A/Belgium/H0097/2025_H3N2,92,0.1345,0.1345
seqneut25to26_sera_1007_d0,A/Belgium/H0097/2025_H3N2,plate8-A/Belgium/H0097/2025_H3N2,212,0.4031,0.4031
seqneut25to26_sera_1007_d0,A/Belgium/H0097/2025_H3N2,plate8-A/Belgium/H0097/2025_H3N2,487,0.6042,0.6042
seqneut25to26_sera_1007_d0,A/Belgium/H0097/2025_H3N2,plate8-A/Belgium/H0097/2025_H3N2,1119,0.8112,0.8112
seqneut25to26_sera_1007_d0,A/Belgium/H0097/2025_H3N2,plate8-A/Belgium/H0097/2025_H3N2,2575,0.6337,0.6337
seqneut25to26_sera_1007_d0,A/Belgium/H0097/2025_H3N2,plate8-A/Belgium/H0097/2025_H3N2,5921,0.4189,0.4189
seqneut25to26_sera_1007_d0,A/Belgium/H0097/2025_H3N2,plate8-A/Belgium/H0097/2025_H3N2,1.362e+04,0.6898,0.6898
seqneut25to26_sera_1007_d0,A/Bhutan/1267/2025_H3N2,plate8-A/Bhutan/1267/2025_H3N2,40,0.005939,0.005939
seqneut25to26_sera_1007_d0,A/Bhutan/1267/2025_H3N2,plate8-A/Bhutan/1267/2025_H3N2,92,0.1261,0.1261
seqneut25to26_sera_1007_d0,A/Bhutan/1267/2025_H3N2,plate8-A/Bhutan/1267/2025_H3N2,212,0.3583,0.3583
seqneut25to26_sera_1007_d0,A/Bhutan/1267/2025_H3N2,plate8-A/Bhutan/1267/2025_H3N2,487,0.6084,0.6084
seqneut25to26_sera_1007_d0,A/Bhutan/1267/2025_H3N2,plate8-A/Bhutan/1267/2025_H3N2,1119,0.7848,0.7848
seqneut25to26_sera_1007_d0,A/Bhutan/1267/2025_H3N2,plate8-A/Bhutan/1267/2025_H3N2,2575,0.7535,0.7535
seqneut25to26_sera_1007_d0,A/Bhutan/1267/2025_H3N2,plate8-A/Bhutan/1267/2025_H3N2,5921,0.409,0.409
seqneut25to26_sera_1007_d0,A/Bhutan/1267/2025_H3N2,plate8-A/Bhutan/1267/2025_H3N2,1.362e+04,0.7346,0.7346
seqneut25to26_sera_1007_d0,A/Bhutan/7/2025_H3N2,plate8-A/Bhutan/7/2025_H3N2,40,0.04067,0.04067
seqneut25to26_sera_1007_d0,A/Bhutan/7/2025_H3N2,plate8-A/Bhutan/7/2025_H3N2,92,0.09329,0.09329
seqneut25to26_sera_1007_d0,A/Bhutan/7/2025_H3N2,plate8-A/Bhutan/7/2025_H3N2,212,0.551,0.551
seqneut25to26_sera_1007_d0,A/Bhutan/7/2025_H3N2,plate8-A/Bhutan/7/2025_H3N2,487,0.5327,0.5327
seqneut25to26_sera_1007_d0,A/Bhutan/7/2025_H3N2,plate8-A/Bhutan/7/2025_H3N2,1119,0.8139,0.8139
seqneut25to26_sera_1007_d0,A/Bhutan/7/2025_H3N2,plate8-A/Bhutan/7/2025_H3N2,2575,1.01,1
seqneut25to26_sera_1007_d0,A/Bhutan/7/2025_H3N2,plate8-A/Bhutan/7/2025_H3N2,5921,0.5686,0.5686
seqneut25to26_sera_1007_d0,A/Bhutan/7/2025_H3N2,plate8-A/Bhutan/7/2025_H3N2,1.362e+04,0.83,0.83
seqneut25to26_sera_1007_d0,A/BritishColumbia/PHL-2473/2025_H1N1,plate8-A/BritishColumbia/PHL-2473/2025_H1N1,40,0,0
seqneut25to26_sera_1007_d0,A/BritishColumbia/PHL-2473/2025_H1N1,plate8-A/BritishColumbia/PHL-2473/2025_H1N1,92,0.0004345,0.0004345
seqneut25to26_sera_1007_d0,A/BritishColumbia/PHL-2473/2025_H1N1,plate8-A/BritishColumbia/PHL-2473/2025_H1N1,212,0.02802,0.02802
seqneut25to26_sera_1007_d0,A/BritishColumbia/PHL-2473/2025_H1N1,plate8-A/BritishColumbia/PHL-2473/2025_H1N1,487,0.2517,0.2517
seqneut25to26_sera_1007_d0,A/BritishColumbia/PHL-2473/2025_H1N1,plate8-A/BritishColumbia/PHL-2473/2025_H1N1,1119,0.6134,0.6134
seqneut25to26_sera_1007_d0,A/BritishColumbia/PHL-2473/2025_H1N1,plate8-A/BritishColumbia/PHL-2473/2025_H1N1,2575,0.8215,0.8215
seqneut25to26_sera_1007_d0,A/BritishColumbia/PHL-2473/2025_H1N1,plate8-A/BritishColumbia/PHL-2473/2025_H1N1,5921,0.5726,0.5726
seqneut25to26_sera_1007_d0,A/BritishColumbia/PHL-2473/2025_H1N1,plate8-A/BritishColumbia/PHL-2473/2025_H1N1,1.362e+04,0.8437,0.8437
seqneut25to26_sera_1007_d0,A/California/61/2025_H3N2,plate8-A/California/61/2025_H3N2,40,0.01543,0.01543
seqneut25to26_sera_1007_d0,A/California/61/2025_H3N2,plate8-A/California/61/2025_H3N2,92,0.07423,0.07423
seqneut25to26_sera_1007_d0,A/California/61/2025_H3N2,plate8-A/California/61/2025_H3N2,212,0.3387,0.3387
seqneut25to26_sera_1007_d0,A/California/61/2025_H3N2,plate8-A/California/61/2025_H3N2,487,0.5591,0.5591
seqneut25to26_sera_1007_d0,A/California/61/2025_H3N2,plate8-A/California/61/2025_H3N2,1119,0.8087,0.8087
seqneut25to26_sera_1007_d0,A/California/61/2025_H3N2,plate8-A/California/61/2025_H3N2,2575,0.6731,0.6731
seqneut25to26_sera_1007_d0,A/California/61/2025_H3N2,plate8-A/California/61/2025_H3N2,5921,0.4184,0.4184
seqneut25to26_sera_1007_d0,A/California/61/2025_H3N2,plate8-A/California/61/2025_H3N2,1.362e+04,0.8194,0.8194
seqneut25to26_sera_1007_d0,A/California/63/2025_H1N1,plate8-A/California/63/2025_H1N1,40,0.000725,0.000725
seqneut25to26_sera_1007_d0,A/California/63/2025_H1N1,plate8-A/California/63/2025_H1N1,92,9.251e-05,9.251e-05
seqneut25to26_sera_1007_d0,A/California/63/2025_H1N1,plate8-A/California/63/2025_H1N1,212,0.02247,0.02247
seqneut25to26_sera_1007_d0,A/California/63/2025_H1N1,plate8-A/California/63/2025_H1N1,487,0.2208,0.2208
seqneut25to26_sera_1007_d0,A/California/63/2025_H1N1,plate8-A/California/63/2025_H1N1,1119,0.7293,0.7293
seqneut25to26_sera_1007_d0,A/California/63/2025_H1N1,plate8-A/California/63/2025_H1N1,2575,0.79,0.79
seqneut25to26_sera_1007_d0,A/California/63/2025_H1N1,plate8-A/California/63/2025_H1N1,5921,0.5275,0.5275
seqneut25to26_sera_1007_d0,A/California/63/2025_H1N1,plate8-A/California/63/2025_H1N1,1.362e+04,0.8245,0.8245
seqneut25to26_sera_1007_d0,A/Canberra/465/2025_H1N1,plate8-A/Canberra/465/2025_H1N1,40,0.0004436,0.0004436
seqneut25to26_sera_1007_d0,A/Canberra/465/2025_H1N1,plate8-A/Canberra/465/2025_H1N1,92,0.001283,0.001283
seqneut25to26_sera_1007_d0,A/Canberra/465/2025_H1N1,plate8-A/Canberra/465/2025_H1N1,212,0.01382,0.01382
seqneut25to26_sera_1007_d0,A/Canberra/465/2025_H1N1,plate8-A/Canberra/465/2025_H1N1,487,0.2173,0.2173
seqneut25to26_sera_1007_d0,A/Canberra/465/2025_H1N1,plate8-A/Canberra/465/2025_H1N1,1119,0.5193,0.5193
seqneut25to26_sera_1007_d0,A/Canberra/465/2025_H1N1,plate8-A/Canberra/465/2025_H1N1,2575,0.7465,0.7465
seqneut25to26_sera_1007_d0,A/Canberra/465/2025_H1N1,plate8-A/Canberra/465/2025_H1N1,5921,0.5514,0.5514
seqneut25to26_sera_1007_d0,A/Canberra/465/2025_H1N1,plate8-A/Canberra/465/2025_H1N1,1.362e+04,0.8939,0.8939
seqneut25to26_sera_1007_d0,A/Canberra/530/2025_H1N1,plate8-A/Canberra/530/2025_H1N1,40,0.0004522,0.0004522
seqneut25to26_sera_1007_d0,A/Canberra/530/2025_H1N1,plate8-A/Canberra/530/2025_H1N1,92,0.0006925,0.0006925
seqneut25to26_sera_1007_d0,A/Canberra/530/2025_H1N1,plate8-A/Canberra/530/2025_H1N1,212,0.04371,0.04371
seqneut25to26_sera_1007_d0,A/Canberra/530/2025_H1N1,plate8-A/Canberra/530/2025_H1N1,487,0.2652,0.2652
seqneut25to26_sera_1007_d0,A/Canberra/530/2025_H1N1,plate8-A/Canberra/530/2025_H1N1,1119,0.6104,0.6104
seqneut25to26_sera_1007_d0,A/Canberra/530/2025_H1N1,plate8-A/Canberra/530/2025_H1N1,2575,0.7407,0.7407
seqneut25to26_sera_1007_d0,A/Canberra/530/2025_H1N1,plate8-A/Canberra/530/2025_H1N1,5921,0.5834,0.5834
seqneut25to26_sera_1007_d0,A/Canberra/530/2025_H1N1,plate8-A/Canberra/530/2025_H1N1,1.362e+04,0.9765,0.9765
seqneut25to26_sera_1007_d0,A/Catalonia/NSVH102689455/2025_H1N1,plate8-A/Catalonia/NSVH102689455/2025_H1N1,40,0.0005409,0.0005409
seqneut25to26_sera_1007_d0,A/Catalonia/NSVH102689455/2025_H1N1,plate8-A/Catalonia/NSVH102689455/2025_H1N1,92,0.0007143,0.0007143
seqneut25to26_sera_1007_d0,A/Catalonia/NSVH102689455/2025_H1N1,plate8-A/Catalonia/NSVH102689455/2025_H1N1,212,0.011,0.011
seqneut25to26_sera_1007_d0,A/Catalonia/NSVH102689455/2025_H1N1,plate8-A/Catalonia/NSVH102689455/2025_H1N1,487,0.134,0.134
seqneut25to26_sera_1007_d0,A/Catalonia/NSVH102689455/2025_H1N1,plate8-A/Catalonia/NSVH102689455/2025_H1N1,1119,0.6744,0.6744
seqneut25to26_sera_1007_d0,A/Catalonia/NSVH102689455/2025_H1N1,plate8-A/Catalonia/NSVH102689455/2025_H1N1,2575,0.7712,0.7712
seqneut25to26_sera_1007_d0,A/Catalonia/NSVH102689455/2025_H1N1,plate8-A/Catalonia/NSVH102689455/2025_H1N1,5921,0.4568,0.4568
seqneut25to26_sera_1007_d0,A/Catalonia/NSVH102689455/2025_H1N1,plate8-A/Catalonia/NSVH102689455/2025_H1N1,1.362e+04,0.7068,0.7068
seqneut25to26_sera_1007_d0,A/Colorado/105/2025_H1N1,plate8-A/Colorado/105/2025_H1N1,40,3.885e-05,3.885e-05
seqneut25to26_sera_1007_d0,A/Colorado/105/2025_H1N1,plate8-A/Colorado/105/2025_H1N1,92,0.002697,0.002697
seqneut25to26_sera_1007_d0,A/Colorado/105/2025_H1N1,plate8-A/Colorado/105/2025_H1N1,212,0.04125,0.04125
seqneut25to26_sera_1007_d0,A/Colorado/105/2025_H1N1,plate8-A/Colorado/105/2025_H1N1,487,0.434,0.434
seqneut25to26_sera_1007_d0,A/Colorado/105/2025_H1N1,plate8-A/Colorado/105/2025_H1N1,1119,1.008,1
seqneut25to26_sera_1007_d0,A/Colorado/105/2025_H1N1,plate8-A/Colorado/105/2025_H1N1,2575,0.7882,0.7882
seqneut25to26_sera_1007_d0,A/Colorado/105/2025_H1N1,plate8-A/Colorado/105/2025_H1N1,5921,0.5757,0.5757
seqneut25to26_sera_1007_d0,A/Colorado/105/2025_H1N1,plate8-A/Colorado/105/2025_H1N1,1.362e+04,0.8342,0.8342
seqneut25to26_sera_1007_d0,A/CoteDIvoire/2007/2025_H1N1,plate8-A/CoteDIvoire/2007/2025_H1N1,40,0.0005009,0.0005009
seqneut25to26_sera_1007_d0,A/CoteDIvoire/2007/2025_H1N1,plate8-A/CoteDIvoire/2007/2025_H1N1,92,0.000189,0.000189
seqneut25to26_sera_1007_d0,A/CoteDIvoire/2007/2025_H1N1,plate8-A/CoteDIvoire/2007/2025_H1N1,212,0.004907,0.004907
seqneut25to26_sera_1007_d0,A/CoteDIvoire/2007/2025_H1N1,plate8-A/CoteDIvoire/2007/2025_H1N1,487,0.1057,0.1057
seqneut25to26_sera_1007_d0,A/CoteDIvoire/2007/2025_H1N1,plate8-A/CoteDIvoire/2007/2025_H1N1,1119,0.5117,0.5117
seqneut25to26_sera_1007_d0,A/CoteDIvoire/2007/2025_H1N1,plate8-A/CoteDIvoire/2007/2025_H1N1,2575,0.7686,0.7686
seqneut25to26_sera_1007_d0,A/CoteDIvoire/2007/2025_H1N1,plate8-A/CoteDIvoire/2007/2025_H1N1,5921,0.5593,0.5593
seqneut25to26_sera_1007_d0,A/CoteDIvoire/2007/2025_H1N1,plate8-A/CoteDIvoire/2007/2025_H1N1,1.362e+04,0.8076,0.8076
seqneut25to26_sera_1007_d0,A/Croatia/10136RV/2023-egg_H3N2,plate8-A/Croatia/10136RV/2023-egg_H3N2,40,0.002182,0.002182
seqneut25to26_sera_1007_d0,A/Croatia/10136RV/2023-egg_H3N2,plate8-A/Croatia/10136RV/2023-egg_H3N2,92,0.01813,0.01813
seqneut25to26_sera_1007_d0,A/Croatia/10136RV/2023-egg_H3N2,plate8-A/Croatia/10136RV/2023-egg_H3N2,212,0.04666,0.04666
seqneut25to26_sera_1007_d0,A/Croatia/10136RV/2023-egg_H3N2,plate8-A/Croatia/10136RV/2023-egg_H3N2,487,0.05489,0.05489
seqneut25to26_sera_1007_d0,A/Croatia/10136RV/2023-egg_H3N2,plate8-A/Croatia/10136RV/2023-egg_H3N2,1119,0.1802,0.1802
seqneut25to26_sera_1007_d0,A/Croatia/10136RV/2023-egg_H3N2,plate8-A/Croatia/10136RV/2023-egg_H3N2,2575,0.457,0.457
seqneut25to26_sera_1007_d0,A/Croatia/10136RV/2023-egg_H3N2,plate8-A/Croatia/10136RV/2023-egg_H3N2,5921,0.2523,0.2523
seqneut25to26_sera_1007_d0,A/Croatia/10136RV/2023-egg_H3N2,plate8-A/Croatia/10136RV/2023-egg_H3N2,1.362e+04,0.3012,0.3012
seqneut25to26_sera_1007_d0,A/Darwin/1405/2025_H1N1,plate8-A/Darwin/1405/2025_H1N1,40,0.0004517,0.0004517
seqneut25to26_sera_1007_d0,A/Darwin/1405/2025_H1N1,plate8-A/Darwin/1405/2025_H1N1,92,0.002221,0.002221
seqneut25to26_sera_1007_d0,A/Darwin/1405/2025_H1N1,plate8-A/Darwin/1405/2025_H1N1,212,0.007259,0.007259
seqneut25to26_sera_1007_d0,A/Darwin/1405/2025_H1N1,plate8-A/Darwin/1405/2025_H1N1,487,0.2014,0.2014
seqneut25to26_sera_1007_d0,A/Darwin/1405/2025_H1N1,plate8-A/Darwin/1405/2025_H1N1,1119,0.6326,0.6326
seqneut25to26_sera_1007_d0,A/Darwin/1405/2025_H1N1,plate8-A/Darwin/1405/2025_H1N1,2575,0.7974,0.7974
seqneut25to26_sera_1007_d0,A/Darwin/1405/2025_H1N1,plate8-A/Darwin/1405/2025_H1N1,5921,0.5601,0.5601
seqneut25to26_sera_1007_d0,A/Darwin/1405/2025_H1N1,plate8-A/Darwin/1405/2025_H1N1,1.362e+04,0.8905,0.8905
seqneut25to26_sera_1007_d0,A/Darwin/1461/2025_H3N2,plate8-A/Darwin/1461/2025_H3N2,40,0.001673,0.001673
seqneut25to26_sera_1007_d0,A/Darwin/1461/2025_H3N2,plate8-A/Darwin/1461/2025_H3N2,92,0.0375,0.0375
seqneut25to26_sera_1007_d0,A/Darwin/1461/2025_H3N2,plate8-A/Darwin/1461/2025_H3N2,212,0.2918,0.2918
seqneut25to26_sera_1007_d0,A/Darwin/1461/2025_H3N2,plate8-A/Darwin/1461/2025_H3N2,487,0.4739,0.4739
seqneut25to26_sera_1007_d0,A/Darwin/1461/2025_H3N2,plate8-A/Darwin/1461/2025_H3N2,1119,0.6765,0.6765
seqneut25to26_sera_1007_d0,A/Darwin/1461/2025_H3N2,plate8-A/Darwin/1461/2025_H3N2,2575,0.6848,0.6848
seqneut25to26_sera_1007_d0,A/Darwin/1461/2025_H3N2,plate8-A/Darwin/1461/2025_H3N2,5921,0.4264,0.4264
seqneut25to26_sera_1007_d0,A/Darwin/1461/2025_H3N2,plate8-A/Darwin/1461/2025_H3N2,1.362e+04,0.813,0.813
seqneut25to26_sera_1007_d0,A/Denmark/3070/2025_H1N1,plate8-A/Denmark/3070/2025_H1N1,40,0,0
seqneut25to26_sera_1007_d0,A/Denmark/3070/2025_H1N1,plate8-A/Denmark/3070/2025_H1N1,92,0.04336,0.04336
seqneut25to26_sera_1007_d0,A/Denmark/3070/2025_H1N1,plate8-A/Denmark/3070/2025_H1N1,212,0.18,0.18
seqneut25to26_sera_1007_d0,A/Denmark/3070/2025_H1N1,plate8-A/Denmark/3070/2025_H1N1,487,0.4597,0.4597
seqneut25to26_sera_1007_d0,A/Denmark/3070/2025_H1N1,plate8-A/Denmark/3070/2025_H1N1,1119,0.9216,0.9216
seqneut25to26_sera_1007_d0,A/Denmark/3070/2025_H1N1,plate8-A/Denmark/3070/2025_H1N1,2575,0.8265,0.8265
seqneut25to26_sera_1007_d0,A/Denmark/3070/2025_H1N1,plate8-A/Denmark/3070/2025_H1N1,5921,0.565,0.565
seqneut25to26_sera_1007_d0,A/Denmark/3070/2025_H1N1,plate8-A/Denmark/3070/2025_H1N1,1.362e+04,0.9115,0.9115
seqneut25to26_sera_1007_d0,A/DistrictOfColumbia/27/2023_H3N2,plate8-A/DistrictOfColumbia/27/2023_H3N2,40,0,0
seqneut25to26_sera_1007_d0,A/DistrictOfColumbia/27/2023_H3N2,plate8-A/DistrictOfColumbia/27/2023_H3N2,92,0.01684,0.01684
seqneut25to26_sera_1007_d0,A/DistrictOfColumbia/27/2023_H3N2,plate8-A/DistrictOfColumbia/27/2023_H3N2,212,0.1708,0.1708
seqneut25to26_sera_1007_d0,A/DistrictOfColumbia/27/2023_H3N2,plate8-A/DistrictOfColumbia/27/2023_H3N2,487,0.2871,0.2871
seqneut25to26_sera_1007_d0,A/DistrictOfColumbia/27/2023_H3N2,plate8-A/DistrictOfColumbia/27/2023_H3N2,1119,0.6535,0.6535
seqneut25to26_sera_1007_d0,A/DistrictOfColumbia/27/2023_H3N2,plate8-A/DistrictOfColumbia/27/2023_H3N2,2575,0.9787,0.9787
seqneut25to26_sera_1007_d0,A/DistrictOfColumbia/27/2023_H3N2,plate8-A/DistrictOfColumbia/27/2023_H3N2,5921,0.473,0.473
seqneut25to26_sera_1007_d0,A/DistrictOfColumbia/27/2023_H3N2,plate8-A/DistrictOfColumbia/27/2023_H3N2,1.362e+04,1.028,1
seqneut25to26_sera_1007_d0,A/DistrictOfColumbia/57/2025_H3N2,plate8-A/DistrictOfColumbia/57/2025_H3N2,40,0.03619,0.03619
seqneut25to26_sera_1007_d0,A/DistrictOfColumbia/57/2025_H3N2,plate8-A/DistrictOfColumbia/57/2025_H3N2,92,0.1529,0.1529
seqneut25to26_sera_1007_d0,A/DistrictOfColumbia/57/2025_H3N2,plate8-A/DistrictOfColumbia/57/2025_H3N2,212,0.3888,0.3888
seqneut25to26_sera_1007_d0,A/DistrictOfColumbia/57/2025_H3N2,plate8-A/DistrictOfColumbia/57/2025_H3N2,487,0.6394,0.6394
seqneut25to26_sera_1007_d0,A/DistrictOfColumbia/57/2025_H3N2,plate8-A/DistrictOfColumbia/57/2025_H3N2,1119,0.8348,0.8348
seqneut25to26_sera_1007_d0,A/DistrictOfColumbia/57/2025_H3N2,plate8-A/DistrictOfColumbia/57/2025_H3N2,2575,0.6315,0.6315
seqneut25to26_sera_1007_d0,A/DistrictOfColumbia/57/2025_H3N2,plate8-A/DistrictOfColumbia/57/2025_H3N2,5921,0.522,0.522
seqneut25to26_sera_1007_d0,A/DistrictOfColumbia/57/2025_H3N2,plate8-A/DistrictOfColumbia/57/2025_H3N2,1.362e+04,0.8554,0.8554
seqneut25to26_sera_1007_d0,A/DistritoFederal/250106000728/2025_H3N2,plate8-A/DistritoFederal/250106000728/2025_H3N2,40,8.953e-05,8.953e-05
seqneut25to26_sera_1007_d0,A/DistritoFederal/250106000728/2025_H3N2,plate8-A/DistritoFederal/250106000728/2025_H3N2,92,0.01088,0.01088
seqneut25to26_sera_1007_d0,A/DistritoFederal/250106000728/2025_H3N2,plate8-A/DistritoFederal/250106000728/2025_H3N2,212,0.0919,0.0919
seqneut25to26_sera_1007_d0,A/DistritoFederal/250106000728/2025_H3N2,plate8-A/DistritoFederal/250106000728/2025_H3N2,487,0.1187,0.1187
seqneut25to26_sera_1007_d0,A/DistritoFederal/250106000728/2025_H3N2,plate8-A/DistritoFederal/250106000728/2025_H3N2,1119,0.4099,0.4099
seqneut25to26_sera_1007_d0,A/DistritoFederal/250106000728/2025_H3N2,plate8-A/DistritoFederal/250106000728/2025_H3N2,2575,0.5918,0.5918
seqneut25to26_sera_1007_d0,A/DistritoFederal/250106000728/2025_H3N2,plate8-A/DistritoFederal/250106000728/2025_H3N2,5921,0.4077,0.4077
seqneut25to26_sera_1007_d0,A/DistritoFederal/250106000728/2025_H3N2,plate8-A/DistritoFederal/250106000728/2025_H3N2,1.362e+04,0.6499,0.6499
seqneut25to26_sera_1007_d0,A/DistritoFederal/2578578201/2025_H3N2,plate8-A/DistritoFederal/2578578201/2025_H3N2,40,3.339e-05,3.339e-05
seqneut25to26_sera_1007_d0,A/DistritoFederal/2578578201/2025_H3N2,plate8-A/DistritoFederal/2578578201/2025_H3N2,92,7.243e-05,7.243e-05
seqneut25to26_sera_1007_d0,A/DistritoFederal/2578578201/2025_H3N2,plate8-A/DistritoFederal/2578578201/2025_H3N2,212,0.01999,0.01999
seqneut25to26_sera_1007_d0,A/DistritoFederal/2578578201/2025_H3N2,plate8-A/DistritoFederal/2578578201/2025_H3N2,487,0.04977,0.04977
seqneut25to26_sera_1007_d0,A/DistritoFederal/2578578201/2025_H3N2,plate8-A/DistritoFederal/2578578201/2025_H3N2,1119,0.3018,0.3018
seqneut25to26_sera_1007_d0,A/DistritoFederal/2578578201/2025_H3N2,plate8-A/DistritoFederal/2578578201/2025_H3N2,2575,0.3639,0.3639
seqneut25to26_sera_1007_d0,A/DistritoFederal/2578578201/2025_H3N2,plate8-A/DistritoFederal/2578578201/2025_H3N2,5921,0.3398,0.3398
seqneut25to26_sera_1007_d0,A/DistritoFederal/2578578201/2025_H3N2,plate8-A/DistritoFederal/2578578201/2025_H3N2,1.362e+04,0.6803,0.6803
seqneut25to26_sera_1007_d0,A/England/174/2025_H3N2,plate8-A/England/174/2025_H3N2,40,0,0
seqneut25to26_sera_1007_d0,A/England/174/2025_H3N2,plate8-A/England/174/2025_H3N2,92,0.0006288,0.0006288
seqneut25to26_sera_1007_d0,A/England/174/2025_H3N2,plate8-A/England/174/2025_H3N2,212,0.009727,0.009727
seqneut25to26_sera_1007_d0,A/England/174/2025_H3N2,plate8-A/England/174/2025_H3N2,487,0.1437,0.1437
seqneut25to26_sera_1007_d0,A/England/174/2025_H3N2,plate8-A/England/174/2025_H3N2,1119,0.4938,0.4938
seqneut25to26_sera_1007_d0,A/England/174/2025_H3N2,plate8-A/England/174/2025_H3N2,2575,0.6951,0.6951
seqneut25to26_sera_1007_d0,A/England/174/2025_H3N2,plate8-A/England/174/2025_H3N2,5921,0.3925,0.3925
seqneut25to26_sera_1007_d0,A/England/174/2025_H3N2,plate8-A/England/174/2025_H3N2,1.362e+04,1.009,1
seqneut25to26_sera_1007_d0,A/England/1822256/2025_H1N1,plate8-A/England/1822256/2025_H1N1,40,0,0
seqneut25to26_sera_1007_d0,A/England/1822256/2025_H1N1,plate8-A/England/1822256/2025_H1N1,92,0.000104,0.000104
seqneut25to26_sera_1007_d0,A/England/1822256/2025_H1N1,plate8-A/England/1822256/2025_H1N1,212,0.0004154,0.0004154
seqneut25to26_sera_1007_d0,A/England/1822256/2025_H1N1,plate8-A/England/1822256/2025_H1N1,487,0.08588,0.08588
seqneut25to26_sera_1007_d0,A/England/1822256/2025_H1N1,plate8-A/England/1822256/2025_H1N1,1119,0.5119,0.5119
seqneut25to26_sera_1007_d0,A/England/1822256/2025_H1N1,plate8-A/England/1822256/2025_H1N1,2575,0.6537,0.6537
seqneut25to26_sera_1007_d0,A/England/1822256/2025_H1N1,plate8-A/England/1822256/2025_H1N1,5921,0.5134,0.5134
seqneut25to26_sera_1007_d0,A/England/1822256/2025_H1N1,plate8-A/England/1822256/2025_H1N1,1.362e+04,0.7874,0.7874
seqneut25to26_sera_1007_d0,A/England/1837734/2025_H3N2,plate8-A/England/1837734/2025_H3N2,40,0.02009,0.02009
seqneut25to26_sera_1007_d0,A/England/1837734/2025_H3N2,plate8-A/England/1837734/2025_H3N2,92,0.184,0.184
seqneut25to26_sera_1007_d0,A/England/1837734/2025_H3N2,plate8-A/England/1837734/2025_H3N2,212,0.456,0.456
seqneut25to26_sera_1007_d0,A/England/1837734/2025_H3N2,plate8-A/England/1837734/2025_H3N2,487,0.5332,0.5332
seqneut25to26_sera_1007_d0,A/England/1837734/2025_H3N2,plate8-A/England/1837734/2025_H3N2,1119,0.9397,0.9397
seqneut25to26_sera_1007_d0,A/England/1837734/2025_H3N2,plate8-A/England/1837734/2025_H3N2,2575,0.8213,0.8213
seqneut25to26_sera_1007_d0,A/England/1837734/2025_H3N2,plate8-A/England/1837734/2025_H3N2,5921,0.5667,0.5667
seqneut25to26_sera_1007_d0,A/England/1837734/2025_H3N2,plate8-A/England/1837734/2025_H3N2,1.362e+04,0.8485,0.8485
seqneut25to26_sera_1007_d0,A/England/1837737/2025_H3N2,plate8-A/England/1837737/2025_H3N2,40,0.04273,0.04273
seqneut25to26_sera_1007_d0,A/England/1837737/2025_H3N2,plate8-A/England/1837737/2025_H3N2,92,0.228,0.228
seqneut25to26_sera_1007_d0,A/England/1837737/2025_H3N2,plate8-A/England/1837737/2025_H3N2,212,0.2758,0.2758
seqneut25to26_sera_1007_d0,A/England/1837737/2025_H3N2,plate8-A/England/1837737/2025_H3N2,487,0.452,0.452
seqneut25to26_sera_1007_d0,A/England/1837737/2025_H3N2,plate8-A/England/1837737/2025_H3N2,1119,0.5593,0.5593
seqneut25to26_sera_1007_d0,A/England/1837737/2025_H3N2,plate8-A/England/1837737/2025_H3N2,2575,0.6094,0.6094
seqneut25to26_sera_1007_d0,A/England/1837737/2025_H3N2,plate8-A/England/1837737/2025_H3N2,5921,0.3624,0.3624
seqneut25to26_sera_1007_d0,A/England/1837737/2025_H3N2,plate8-A/England/1837737/2025_H3N2,1.362e+04,0.6936,0.6936
seqneut25to26_sera_1007_d0,A/France/ARA-HCL025155099501/2025_H1N1,plate8-A/France/ARA-HCL025155099501/2025_H1N1,40,0,0
seqneut25to26_sera_1007_d0,A/France/ARA-HCL025155099501/2025_H1N1,plate8-A/France/ARA-HCL025155099501/2025_H1N1,92,6.978e-05,6.978e-05
seqneut25to26_sera_1007_d0,A/France/ARA-HCL025155099501/2025_H1N1,plate8-A/France/ARA-HCL025155099501/2025_H1N1,212,0.02888,0.02888
seqneut25to26_sera_1007_d0,A/France/ARA-HCL025155099501/2025_H1N1,plate8-A/France/ARA-HCL025155099501/2025_H1N1,487,0.3961,0.3961
seqneut25to26_sera_1007_d0,A/France/ARA-HCL025155099501/2025_H1N1,plate8-A/France/ARA-HCL025155099501/2025_H1N1,1119,0.7176,0.7176
seqneut25to26_sera_1007_d0,A/France/ARA-HCL025155099501/2025_H1N1,plate8-A/France/ARA-HCL025155099501/2025_H1N1,2575,0.7494,0.7494
seqneut25to26_sera_1007_d0,A/France/ARA-HCL025155099501/2025_H1N1,plate8-A/France/ARA-HCL025155099501/2025_H1N1,5921,0.5015,0.5015
seqneut25to26_sera_1007_d0,A/France/ARA-HCL025155099501/2025_H1N1,plate8-A/France/ARA-HCL025155099501/2025_H1N1,1.362e+04,0.8158,0.8158
seqneut25to26_sera_1007_d0,A/Galicia/GA-CHUAC-451/2025_H3N2,plate8-A/Galicia/GA-CHUAC-451/2025_H3N2,40,0,0
seqneut25to26_sera_1007_d0,A/Galicia/GA-CHUAC-451/2025_H3N2,plate8-A/Galicia/GA-CHUAC-451/2025_H3N2,92,0.00485,0.00485
seqneut25to26_sera_1007_d0,A/Galicia/GA-CHUAC-451/2025_H3N2,plate8-A/Galicia/GA-CHUAC-451/2025_H3N2,212,0.07705,0.07705
seqneut25to26_sera_1007_d0,A/Galicia/GA-CHUAC-451/2025_H3N2,plate8-A/Galicia/GA-CHUAC-451/2025_H3N2,487,0.1849,0.1849
seqneut25to26_sera_1007_d0,A/Galicia/GA-CHUAC-451/2025_H3N2,plate8-A/Galicia/GA-CHUAC-451/2025_H3N2,1119,0.501,0.501
seqneut25to26_sera_1007_d0,A/Galicia/GA-CHUAC-451/2025_H3N2,plate8-A/Galicia/GA-CHUAC-451/2025_H3N2,2575,0.7162,0.7162
seqneut25to26_sera_1007_d0,A/Galicia/GA-CHUAC-451/2025_H3N2,plate8-A/Galicia/GA-CHUAC-451/2025_H3N2,5921,0.4449,0.4449
seqneut25to26_sera_1007_d0,A/Galicia/GA-CHUAC-451/2025_H3N2,plate8-A/Galicia/GA-CHUAC-451/2025_H3N2,1.362e+04,0.7544,0.7544
seqneut25to26_sera_1007_d0,A/Ghana/ARI-25-1125/2025_H1N1,plate8-A/Ghana/ARI-25-1125/2025_H1N1,40,4.393e-05,4.393e-05
seqneut25to26_sera_1007_d0,A/Ghana/ARI-25-1125/2025_H1N1,plate8-A/Ghana/ARI-25-1125/2025_H1N1,92,0.0001906,0.0001906
seqneut25to26_sera_1007_d0,A/Ghana/ARI-25-1125/2025_H1N1,plate8-A/Ghana/ARI-25-1125/2025_H1N1,212,0.001851,0.001851
seqneut25to26_sera_1007_d0,A/Ghana/ARI-25-1125/2025_H1N1,plate8-A/Ghana/ARI-25-1125/2025_H1N1,487,0.06136,0.06136
seqneut25to26_sera_1007_d0,A/Ghana/ARI-25-1125/2025_H1N1,plate8-A/Ghana/ARI-25-1125/2025_H1N1,1119,0.4884,0.4884
seqneut25to26_sera_1007_d0,A/Ghana/ARI-25-1125/2025_H1N1,plate8-A/Ghana/ARI-25-1125/2025_H1N1,2575,0.6413,0.6413
seqneut25to26_sera_1007_d0,A/Ghana/ARI-25-1125/2025_H1N1,plate8-A/Ghana/ARI-25-1125/2025_H1N1,5921,0.4496,0.4496
seqneut25to26_sera_1007_d0,A/Ghana/ARI-25-1125/2025_H1N1,plate8-A/Ghana/ARI-25-1125/2025_H1N1,1.362e+04,0.9255,0.9255
seqneut25to26_sera_1007_d0,A/Ghana/FS-25-7077/2025_H3N2,plate8-A/Ghana/FS-25-7077/2025_H3N2,40,0.01695,0.01695
seqneut25to26_sera_1007_d0,A/Ghana/FS-25-7077/2025_H3N2,plate8-A/Ghana/FS-25-7077/2025_H3N2,92,0.07307,0.07307
seqneut25to26_sera_1007_d0,A/Ghana/FS-25-7077/2025_H3N2,plate8-A/Ghana/FS-25-7077/2025_H3N2,212,0.568,0.568
seqneut25to26_sera_1007_d0,A/Ghana/FS-25-7077/2025_H3N2,plate8-A/Ghana/FS-25-7077/2025_H3N2,487,0.7184,0.7184
seqneut25to26_sera_1007_d0,A/Ghana/FS-25-7077/2025_H3N2,plate8-A/Ghana/FS-25-7077/2025_H3N2,1119,0.9219,0.9219
seqneut25to26_sera_1007_d0,A/Ghana/FS-25-7077/2025_H3N2,plate8-A/Ghana/FS-25-7077/2025_H3N2,2575,0.7903,0.7903
seqneut25to26_sera_1007_d0,A/Ghana/FS-25-7077/2025_H3N2,plate8-A/Ghana/FS-25-7077/2025_H3N2,5921,0.5162,0.5162
seqneut25to26_sera_1007_d0,A/Ghana/FS-25-7077/2025_H3N2,plate8-A/Ghana/FS-25-7077/2025_H3N2,1.362e+04,0.8206,0.8206
seqneut25to26_sera_1007_d0,A/Guangdong-Maonan/11438/2025_H3N2,plate8-A/Guangdong-Maonan/11438/2025_H3N2,40,0,0
seqneut25to26_sera_1007_d0,A/Guangdong-Maonan/11438/2025_H3N2,plate8-A/Guangdong-Maonan/11438/2025_H3N2,92,0.000366,0.000366
seqneut25to26_sera_1007_d0,A/Guangdong-Maonan/11438/2025_H3N2,plate8-A/Guangdong-Maonan/11438/2025_H3N2,212,0.005316,0.005316
seqneut25to26_sera_1007_d0,A/Guangdong-Maonan/11438/2025_H3N2,plate8-A/Guangdong-Maonan/11438/2025_H3N2,487,0.1023,0.1023
seqneut25to26_sera_1007_d0,A/Guangdong-Maonan/11438/2025_H3N2,plate8-A/Guangdong-Maonan/11438/2025_H3N2,1119,0.5133,0.5133
seqneut25to26_sera_1007_d0,A/Guangdong-Maonan/11438/2025_H3N2,plate8-A/Guangdong-Maonan/11438/2025_H3N2,2575,0.7774,0.7774
seqneut25to26_sera_1007_d0,A/Guangdong-Maonan/11438/2025_H3N2,plate8-A/Guangdong-Maonan/11438/2025_H3N2,5921,0.3663,0.3663
seqneut25to26_sera_1007_d0,A/Guangdong-Maonan/11438/2025_H3N2,plate8-A/Guangdong-Maonan/11438/2025_H3N2,1.362e+04,0.6847,0.6847
seqneut25to26_sera_1007_d0,A/Guangdong-Meijiang/11256/2025_H3N2,plate8-A/Guangdong-Meijiang/11256/2025_H3N2,40,0,0
seqneut25to26_sera_1007_d0,A/Guangdong-Meijiang/11256/2025_H3N2,plate8-A/Guangdong-Meijiang/11256/2025_H3N2,92,0.004697,0.004697
seqneut25to26_sera_1007_d0,A/Guangdong-Meijiang/11256/2025_H3N2,plate8-A/Guangdong-Meijiang/11256/2025_H3N2,212,0.01344,0.01344
seqneut25to26_sera_1007_d0,A/Guangdong-Meijiang/11256/2025_H3N2,plate8-A/Guangdong-Meijiang/11256/2025_H3N2,487,0.1292,0.1292
seqneut25to26_sera_1007_d0,A/Guangdong-Meijiang/11256/2025_H3N2,plate8-A/Guangdong-Meijiang/11256/2025_H3N2,1119,0.4263,0.4263
seqneut25to26_sera_1007_d0,A/Guangdong-Meijiang/11256/2025_H3N2,plate8-A/Guangdong-Meijiang/11256/2025_H3N2,2575,0.6287,0.6287
seqneut25to26_sera_1007_d0,A/Guangdong-Meijiang/11256/2025_H3N2,plate8-A/Guangdong-Meijiang/11256/2025_H3N2,5921,0.3943,0.3943
seqneut25to26_sera_1007_d0,A/Guangdong-Meijiang/11256/2025_H3N2,plate8-A/Guangdong-Meijiang/11256/2025_H3N2,1.362e+04,0.7035,0.7035
seqneut25to26_sera_1007_d0,A/Guangxi-Daxin/1643/2025_H3N2,plate8-A/Guangxi-Daxin/1643/2025_H3N2,40,0,0
seqneut25to26_sera_1007_d0,A/Guangxi-Daxin/1643/2025_H3N2,plate8-A/Guangxi-Daxin/1643/2025_H3N2,92,0.02461,0.02461
seqneut25to26_sera_1007_d0,A/Guangxi-Daxin/1643/2025_H3N2,plate8-A/Guangxi-Daxin/1643/2025_H3N2,212,0.01817,0.01817
seqneut25to26_sera_1007_d0,A/Guangxi-Daxin/1643/2025_H3N2,plate8-A/Guangxi-Daxin/1643/2025_H3N2,487,0.04894,0.04894
seqneut25to26_sera_1007_d0,A/Guangxi-Daxin/1643/2025_H3N2,plate8-A/Guangxi-Daxin/1643/2025_H3N2,1119,0.3012,0.3012
seqneut25to26_sera_1007_d0,A/Guangxi-Daxin/1643/2025_H3N2,plate8-A/Guangxi-Daxin/1643/2025_H3N2,2575,0.5476,0.5476
seqneut25to26_sera_1007_d0,A/Guangxi-Daxin/1643/2025_H3N2,plate8-A/Guangxi-Daxin/1643/2025_H3N2,5921,0.3929,0.3929
seqneut25to26_sera_1007_d0,A/Guangxi-Daxin/1643/2025_H3N2,plate8-A/Guangxi-Daxin/1643/2025_H3N2,1.362e+04,0.5687,0.5687
seqneut25to26_sera_1007_d0,A/Guangxi-Qingxiu/SWL11742/2025_H1N1,plate8-A/Guangxi-Qingxiu/SWL11742/2025_H1N1,40,0,0
seqneut25to26_sera_1007_d0,A/Guangxi-Qingxiu/SWL11742/2025_H1N1,plate8-A/Guangxi-Qingxiu/SWL11742/2025_H1N1,92,0.0005438,0.0005438
seqneut25to26_sera_1007_d0,A/Guangxi-Qingxiu/SWL11742/2025_H1N1,plate8-A/Guangxi-Qingxiu/SWL11742/2025_H1N1,212,0.0327,0.0327
seqneut25to26_sera_1007_d0,A/Guangxi-Qingxiu/SWL11742/2025_H1N1,plate8-A/Guangxi-Qingxiu/SWL11742/2025_H1N1,487,0.2084,0.2084
seqneut25to26_sera_1007_d0,A/Guangxi-Qingxiu/SWL11742/2025_H1N1,plate8-A/Guangxi-Qingxiu/SWL11742/2025_H1N1,1119,0.6776,0.6776
seqneut25to26_sera_1007_d0,A/Guangxi-Qingxiu/SWL11742/2025_H1N1,plate8-A/Guangxi-Qingxiu/SWL11742/2025_H1N1,2575,0.6882,0.6882
seqneut25to26_sera_1007_d0,A/Guangxi-Qingxiu/SWL11742/2025_H1N1,plate8-A/Guangxi-Qingxiu/SWL11742/2025_H1N1,5921,0.5366,0.5366
seqneut25to26_sera_1007_d0,A/Guangxi-Qingxiu/SWL11742/2025_H1N1,plate8-A/Guangxi-Qingxiu/SWL11742/2025_H1N1,1.362e+04,0.8176,0.8176
seqneut25to26_sera_1007_d0,A/Hawaii/44/2025_H1N1,plate8-A/Hawaii/44/2025_H1N1,40,0.0001855,0.0001855
seqneut25to26_sera_1007_d0,A/Hawaii/44/2025_H1N1,plate8-A/Hawaii/44/2025_H1N1,92,0.0261,0.0261
seqneut25to26_sera_1007_d0,A/Hawaii/44/2025_H1N1,plate8-A/Hawaii/44/2025_H1N1,212,0.1707,0.1707
seqneut25to26_sera_1007_d0,A/Hawaii/44/2025_H1N1,plate8-A/Hawaii/44/2025_H1N1,487,0.4738,0.4738
seqneut25to26_sera_1007_d0,A/Hawaii/44/2025_H1N1,plate8-A/Hawaii/44/2025_H1N1,1119,0.7932,0.7932
seqneut25to26_sera_1007_d0,A/Hawaii/44/2025_H1N1,plate8-A/Hawaii/44/2025_H1N1,2575,0.8069,0.8069
seqneut25to26_sera_1007_d0,A/Hawaii/44/2025_H1N1,plate8-A/Hawaii/44/2025_H1N1,5921,0.6845,0.6845
seqneut25to26_sera_1007_d0,A/Hawaii/44/2025_H1N1,plate8-A/Hawaii/44/2025_H1N1,1.362e+04,0.8438,0.8438
seqneut25to26_sera_1007_d0,A/Hawaii/70/2019_H1N1,plate8-A/Hawaii/70/2019_H1N1,40,0.0003929,0.0003929
seqneut25to26_sera_1007_d0,A/Hawaii/70/2019_H1N1,plate8-A/Hawaii/70/2019_H1N1,92,0.0001781,0.0001781
seqneut25to26_sera_1007_d0,A/Hawaii/70/2019_H1N1,plate8-A/Hawaii/70/2019_H1N1,212,0.0001478,0.0001478
seqneut25to26_sera_1007_d0,A/Hawaii/70/2019_H1N1,plate8-A/Hawaii/70/2019_H1N1,487,0.0002016,0.0002016
seqneut25to26_sera_1007_d0,A/Hawaii/70/2019_H1N1,plate8-A/Hawaii/70/2019_H1N1,1119,0.008777,0.008777
seqneut25to26_sera_1007_d0,A/Hawaii/70/2019_H1N1,plate8-A/Hawaii/70/2019_H1N1,2575,0.1977,0.1977
seqneut25to26_sera_1007_d0,A/Hawaii/70/2019_H1N1,plate8-A/Hawaii/70/2019_H1N1,5921,0.2876,0.2876
seqneut25to26_sera_1007_d0,A/Hawaii/70/2019_H1N1,plate8-A/Hawaii/70/2019_H1N1,1.362e+04,0.7324,0.7324
seqneut25to26_sera_1007_d0,A/HongKong/1257/2025_H3N2,plate8-A/HongKong/1257/2025_H3N2,40,0.0003284,0.0003284
seqneut25to26_sera_1007_d0,A/HongKong/1257/2025_H3N2,plate8-A/HongKong/1257/2025_H3N2,92,0.005112,0.005112
seqneut25to26_sera_1007_d0,A/HongKong/1257/2025_H3N2,plate8-A/HongKong/1257/2025_H3N2,212,0.1549,0.1549
seqneut25to26_sera_1007_d0,A/HongKong/1257/2025_H3N2,plate8-A/HongKong/1257/2025_H3N2,487,0.3052,0.3052
seqneut25to26_sera_1007_d0,A/HongKong/1257/2025_H3N2,plate8-A/HongKong/1257/2025_H3N2,1119,0.7567,0.7567
seqneut25to26_sera_1007_d0,A/HongKong/1257/2025_H3N2,plate8-A/HongKong/1257/2025_H3N2,2575,0.7721,0.7721
seqneut25to26_sera_1007_d0,A/HongKong/1257/2025_H3N2,plate8-A/HongKong/1257/2025_H3N2,5921,0.477,0.477
seqneut25to26_sera_1007_d0,A/HongKong/1257/2025_H3N2,plate8-A/HongKong/1257/2025_H3N2,1.362e+04,0.742,0.742
seqneut25to26_sera_1007_d0,A/HongKong/1382/2025_H3N2,plate8-A/HongKong/1382/2025_H3N2,40,0.08663,0.08663
seqneut25to26_sera_1007_d0,A/HongKong/1382/2025_H3N2,plate8-A/HongKong/1382/2025_H3N2,92,0.205,0.205
seqneut25to26_sera_1007_d0,A/HongKong/1382/2025_H3N2,plate8-A/HongKong/1382/2025_H3N2,212,0.4985,0.4985
seqneut25to26_sera_1007_d0,A/HongKong/1382/2025_H3N2,plate8-A/HongKong/1382/2025_H3N2,487,0.5115,0.5115
seqneut25to26_sera_1007_d0,A/HongKong/1382/2025_H3N2,plate8-A/HongKong/1382/2025_H3N2,1119,0.7321,0.7321
seqneut25to26_sera_1007_d0,A/HongKong/1382/2025_H3N2,plate8-A/HongKong/1382/2025_H3N2,2575,0.6614,0.6614
seqneut25to26_sera_1007_d0,A/HongKong/1382/2025_H3N2,plate8-A/HongKong/1382/2025_H3N2,5921,0.6111,0.6111
seqneut25to26_sera_1007_d0,A/HongKong/1382/2025_H3N2,plate8-A/HongKong/1382/2025_H3N2,1.362e+04,0.6264,0.6264
seqneut25to26_sera_1007_d0,A/Indonesia/BIOKES-I-BT074/2025_H3N2,plate8-A/Indonesia/BIOKES-I-BT074/2025_H3N2,40,0.02858,0.02858
seqneut25to26_sera_1007_d0,A/Indonesia/BIOKES-I-BT074/2025_H3N2,plate8-A/Indonesia/BIOKES-I-BT074/2025_H3N2,92,0.1147,0.1147
seqneut25to26_sera_1007_d0,A/Indonesia/BIOKES-I-BT074/2025_H3N2,plate8-A/Indonesia/BIOKES-I-BT074/2025_H3N2,212,0.4756,0.4756
seqneut25to26_sera_1007_d0,A/Indonesia/BIOKES-I-BT074/2025_H3N2,plate8-A/Indonesia/BIOKES-I-BT074/2025_H3N2,487,0.6938,0.6938
seqneut25to26_sera_1007_d0,A/Indonesia/BIOKES-I-BT074/2025_H3N2,plate8-A/Indonesia/BIOKES-I-BT074/2025_H3N2,1119,0.8935,0.8935
seqneut25to26_sera_1007_d0,A/Indonesia/BIOKES-I-BT074/2025_H3N2,plate8-A/Indonesia/BIOKES-I-BT074/2025_H3N2,2575,0.8183,0.8183
seqneut25to26_sera_1007_d0,A/Indonesia/BIOKES-I-BT074/2025_H3N2,plate8-A/Indonesia/BIOKES-I-BT074/2025_H3N2,5921,0.5431,0.5431
seqneut25to26_sera_1007_d0,A/Indonesia/BIOKES-I-BT074/2025_H3N2,plate8-A/Indonesia/BIOKES-I-BT074/2025_H3N2,1.362e+04,0.8925,0.8925
seqneut25to26_sera_1007_d0,A/Indonesia/BIOKES-INAD491/2025_H3N2,plate8-A/Indonesia/BIOKES-INAD491/2025_H3N2,40,0.001131,0.001131
seqneut25to26_sera_1007_d0,A/Indonesia/BIOKES-INAD491/2025_H3N2,plate8-A/Indonesia/BIOKES-INAD491/2025_H3N2,92,0.008089,0.008089
seqneut25to26_sera_1007_d0,A/Indonesia/BIOKES-INAD491/2025_H3N2,plate8-A/Indonesia/BIOKES-INAD491/2025_H3N2,212,0.04373,0.04373
seqneut25to26_sera_1007_d0,A/Indonesia/BIOKES-INAD491/2025_H3N2,plate8-A/Indonesia/BIOKES-INAD491/2025_H3N2,487,0.1008,0.1008
seqneut25to26_sera_1007_d0,A/Indonesia/BIOKES-INAD491/2025_H3N2,plate8-A/Indonesia/BIOKES-INAD491/2025_H3N2,1119,0.5789,0.5789
seqneut25to26_sera_1007_d0,A/Indonesia/BIOKES-INAD491/2025_H3N2,plate8-A/Indonesia/BIOKES-INAD491/2025_H3N2,2575,0.6303,0.6303
seqneut25to26_sera_1007_d0,A/Indonesia/BIOKES-INAD491/2025_H3N2,plate8-A/Indonesia/BIOKES-INAD491/2025_H3N2,5921,0.3439,0.3439
seqneut25to26_sera_1007_d0,A/Indonesia/BIOKES-INAD491/2025_H3N2,plate8-A/Indonesia/BIOKES-INAD491/2025_H3N2,1.362e+04,0.964,0.964
seqneut25to26_sera_1007_d0,A/Lao/820-2750/2025_H3N2,plate8-A/Lao/820-2750/2025_H3N2,40,0.2476,0.2476
seqneut25to26_sera_1007_d0,A/Lao/820-2750/2025_H3N2,plate8-A/Lao/820-2750/2025_H3N2,92,0.404,0.404
seqneut25to26_sera_1007_d0,A/Lao/820-2750/2025_H3N2,plate8-A/Lao/820-2750/2025_H3N2,212,0.6604,0.6604
seqneut25to26_sera_1007_d0,A/Lao/820-2750/2025_H3N2,plate8-A/Lao/820-2750/2025_H3N2,487,0.8991,0.8991
seqneut25to26_sera_1007_d0,A/Lao/820-2750/2025_H3N2,plate8-A/Lao/820-2750/2025_H3N2,1119,0.8264,0.8264
seqneut25to26_sera_1007_d0,A/Lao/820-2750/2025_H3N2,plate8-A/Lao/820-2750/2025_H3N2,2575,0.7495,0.7495
seqneut25to26_sera_1007_d0,A/Lao/820-2750/2025_H3N2,plate8-A/Lao/820-2750/2025_H3N2,5921,0.5491,0.5491
seqneut25to26_sera_1007_d0,A/Lao/820-2750/2025_H3N2,plate8-A/Lao/820-2750/2025_H3N2,1.362e+04,0.8146,0.8146
seqneut25to26_sera_1007_d0,A/Malaysia/IMR/SARI/2028/2025_H3N2,plate8-A/Malaysia/IMR/SARI/2028/2025_H3N2,40,0,0
seqneut25to26_sera_1007_d0,A/Malaysia/IMR/SARI/2028/2025_H3N2,plate8-A/Malaysia/IMR/SARI/2028/2025_H3N2,92,0.0002573,0.0002573
seqneut25to26_sera_1007_d0,A/Malaysia/IMR/SARI/2028/2025_H3N2,plate8-A/Malaysia/IMR/SARI/2028/2025_H3N2,212,0.01007,0.01007
seqneut25to26_sera_1007_d0,A/Malaysia/IMR/SARI/2028/2025_H3N2,plate8-A/Malaysia/IMR/SARI/2028/2025_H3N2,487,0.1293,0.1293
seqneut25to26_sera_1007_d0,A/Malaysia/IMR/SARI/2028/2025_H3N2,plate8-A/Malaysia/IMR/SARI/2028/2025_H3N2,1119,0.4928,0.4928
seqneut25to26_sera_1007_d0,A/Malaysia/IMR/SARI/2028/2025_H3N2,plate8-A/Malaysia/IMR/SARI/2028/2025_H3N2,2575,0.5007,0.5007
seqneut25to26_sera_1007_d0,A/Malaysia/IMR/SARI/2028/2025_H3N2,plate8-A/Malaysia/IMR/SARI/2028/2025_H3N2,5921,0.4444,0.4444
seqneut25to26_sera_1007_d0,A/Malaysia/IMR/SARI/2028/2025_H3N2,plate8-A/Malaysia/IMR/SARI/2028/2025_H3N2,1.362e+04,0.6751,0.6751
seqneut25to26_sera_1007_d0,A/Malaysia/IMR/SARI/2406/2025_H3N2,plate8-A/Malaysia/IMR/SARI/2406/2025_H3N2,40,0.02287,0.02287
seqneut25to26_sera_1007_d0,A/Malaysia/IMR/SARI/2406/2025_H3N2,plate8-A/Malaysia/IMR/SARI/2406/2025_H3N2,92,0.1076,0.1076
seqneut25to26_sera_1007_d0,A/Malaysia/IMR/SARI/2406/2025_H3N2,plate8-A/Malaysia/IMR/SARI/2406/2025_H3N2,212,0.4032,0.4032
seqneut25to26_sera_1007_d0,A/Malaysia/IMR/SARI/2406/2025_H3N2,plate8-A/Malaysia/IMR/SARI/2406/2025_H3N2,487,0.7525,0.7525
seqneut25to26_sera_1007_d0,A/Malaysia/IMR/SARI/2406/2025_H3N2,plate8-A/Malaysia/IMR/SARI/2406/2025_H3N2,1119,0.8653,0.8653
seqneut25to26_sera_1007_d0,A/Malaysia/IMR/SARI/2406/2025_H3N2,plate8-A/Malaysia/IMR/SARI/2406/2025_H3N2,2575,0.7606,0.7606
seqneut25to26_sera_1007_d0,A/Malaysia/IMR/SARI/2406/2025_H3N2,plate8-A/Malaysia/IMR/SARI/2406/2025_H3N2,5921,0.5257,0.5257
seqneut25to26_sera_1007_d0,A/Malaysia/IMR/SARI/2406/2025_H3N2,plate8-A/Malaysia/IMR/SARI/2406/2025_H3N2,1.362e+04,0.7331,0.7331
seqneut25to26_sera_1007_d0,A/Malaysia/IMR/SARI/2517/2025_H3N2,plate8-A/Malaysia/IMR/SARI/2517/2025_H3N2,40,0.02778,0.02778
seqneut25to26_sera_1007_d0,A/Malaysia/IMR/SARI/2517/2025_H3N2,plate8-A/Malaysia/IMR/SARI/2517/2025_H3N2,92,0.1746,0.1746
seqneut25to26_sera_1007_d0,A/Malaysia/IMR/SARI/2517/2025_H3N2,plate8-A/Malaysia/IMR/SARI/2517/2025_H3N2,212,0.4666,0.4666
seqneut25to26_sera_1007_d0,A/Malaysia/IMR/SARI/2517/2025_H3N2,plate8-A/Malaysia/IMR/SARI/2517/2025_H3N2,487,0.7416,0.7416
seqneut25to26_sera_1007_d0,A/Malaysia/IMR/SARI/2517/2025_H3N2,plate8-A/Malaysia/IMR/SARI/2517/2025_H3N2,1119,0.7539,0.7539
seqneut25to26_sera_1007_d0,A/Malaysia/IMR/SARI/2517/2025_H3N2,plate8-A/Malaysia/IMR/SARI/2517/2025_H3N2,2575,0.8815,0.8815
seqneut25to26_sera_1007_d0,A/Malaysia/IMR/SARI/2517/2025_H3N2,plate8-A/Malaysia/IMR/SARI/2517/2025_H3N2,5921,0.4972,0.4972
seqneut25to26_sera_1007_d0,A/Malaysia/IMR/SARI/2517/2025_H3N2,plate8-A/Malaysia/IMR/SARI/2517/2025_H3N2,1.362e+04,0.8673,0.8673
seqneut25to26_sera_1007_d0,A/Massachusetts/18/2022_H3N2,plate8-A/Massachusetts/18/2022_H3N2,40,0.0004756,0.0004756
seqneut25to26_sera_1007_d0,A/Massachusetts/18/2022_H3N2,plate8-A/Massachusetts/18/2022_H3N2,92,0.03873,0.03873
seqneut25to26_sera_1007_d0,A/Massachusetts/18/2022_H3N2,plate8-A/Massachusetts/18/2022_H3N2,212,0.07601,0.07601
seqneut25to26_sera_1007_d0,A/Massachusetts/18/2022_H3N2,plate8-A/Massachusetts/18/2022_H3N2,487,0.2397,0.2397
seqneut25to26_sera_1007_d0,A/Massachusetts/18/2022_H3N2,plate8-A/Massachusetts/18/2022_H3N2,1119,0.4999,0.4999
seqneut25to26_sera_1007_d0,A/Massachusetts/18/2022_H3N2,plate8-A/Massachusetts/18/2022_H3N2,2575,0.4473,0.4473
seqneut25to26_sera_1007_d0,A/Massachusetts/18/2022_H3N2,plate8-A/Massachusetts/18/2022_H3N2,5921,0.2903,0.2903
seqneut25to26_sera_1007_d0,A/Massachusetts/18/2022_H3N2,plate8-A/Massachusetts/18/2022_H3N2,1.362e+04,0.6389,0.6389
seqneut25to26_sera_1007_d0,A/Michigan/110/2025_H3N2,plate8-A/Michigan/110/2025_H3N2,40,0.002053,0.002053
seqneut25to26_sera_1007_d0,A/Michigan/110/2025_H3N2,plate8-A/Michigan/110/2025_H3N2,92,0.01093,0.01093
seqneut25to26_sera_1007_d0,A/Michigan/110/2025_H3N2,plate8-A/Michigan/110/2025_H3N2,212,0.2394,0.2394
seqneut25to26_sera_1007_d0,A/Michigan/110/2025_H3N2,plate8-A/Michigan/110/2025_H3N2,487,0.4187,0.4187
seqneut25to26_sera_1007_d0,A/Michigan/110/2025_H3N2,plate8-A/Michigan/110/2025_H3N2,1119,0.7142,0.7142
seqneut25to26_sera_1007_d0,A/Michigan/110/2025_H3N2,plate8-A/Michigan/110/2025_H3N2,2575,0.6701,0.6701
seqneut25to26_sera_1007_d0,A/Michigan/110/2025_H3N2,plate8-A/Michigan/110/2025_H3N2,5921,0.5977,0.5977
seqneut25to26_sera_1007_d0,A/Michigan/110/2025_H3N2,plate8-A/Michigan/110/2025_H3N2,1.362e+04,0.8744,0.8744
seqneut25to26_sera_1007_d0,A/Minnesota/96/2025_H3N2,plate8-A/Minnesota/96/2025_H3N2,40,0.00814,0.00814
seqneut25to26_sera_1007_d0,A/Minnesota/96/2025_H3N2,plate8-A/Minnesota/96/2025_H3N2,92,0.007466,0.007466
seqneut25to26_sera_1007_d0,A/Minnesota/96/2025_H3N2,plate8-A/Minnesota/96/2025_H3N2,212,0.09926,0.09926
seqneut25to26_sera_1007_d0,A/Minnesota/96/2025_H3N2,plate8-A/Minnesota/96/2025_H3N2,487,0.2875,0.2875
seqneut25to26_sera_1007_d0,A/Minnesota/96/2025_H3N2,plate8-A/Minnesota/96/2025_H3N2,1119,0.4963,0.4963
seqneut25to26_sera_1007_d0,A/Minnesota/96/2025_H3N2,plate8-A/Minnesota/96/2025_H3N2,2575,0.5324,0.5324
seqneut25to26_sera_1007_d0,A/Minnesota/96/2025_H3N2,plate8-A/Minnesota/96/2025_H3N2,5921,0.487,0.487
seqneut25to26_sera_1007_d0,A/Minnesota/96/2025_H3N2,plate8-A/Minnesota/96/2025_H3N2,1.362e+04,0.8295,0.8295
seqneut25to26_sera_1007_d0,A/Missouri/11/2025_H1N1,plate8-A/Missouri/11/2025_H1N1,40,0.000297,0.000297
seqneut25to26_sera_1007_d0,A/Missouri/11/2025_H1N1,plate8-A/Missouri/11/2025_H1N1,92,0.0002035,0.0002035
seqneut25to26_sera_1007_d0,A/Missouri/11/2025_H1N1,plate8-A/Missouri/11/2025_H1N1,212,0.01177,0.01177
seqneut25to26_sera_1007_d0,A/Missouri/11/2025_H1N1,plate8-A/Missouri/11/2025_H1N1,487,0.2514,0.2514
seqneut25to26_sera_1007_d0,A/Missouri/11/2025_H1N1,plate8-A/Missouri/11/2025_H1N1,1119,0.7148,0.7148
seqneut25to26_sera_1007_d0,A/Missouri/11/2025_H1N1,plate8-A/Missouri/11/2025_H1N1,2575,0.5905,0.5905
seqneut25to26_sera_1007_d0,A/Missouri/11/2025_H1N1,plate8-A/Missouri/11/2025_H1N1,5921,0.4776,0.4776
seqneut25to26_sera_1007_d0,A/Missouri/11/2025_H1N1,plate8-A/Missouri/11/2025_H1N1,1.362e+04,0.8565,0.8565
seqneut25to26_sera_1007_d0,A/NewSouthWales/2526015582/2025_H3N2,plate8-A/NewSouthWales/2526015582/2025_H3N2,40,0.02193,0.02193
seqneut25to26_sera_1007_d0,A/NewSouthWales/2526015582/2025_H3N2,plate8-A/NewSouthWales/2526015582/2025_H3N2,92,0.1556,0.1556
seqneut25to26_sera_1007_d0,A/NewSouthWales/2526015582/2025_H3N2,plate8-A/NewSouthWales/2526015582/2025_H3N2,212,0.4174,0.4174
seqneut25to26_sera_1007_d0,A/NewSouthWales/2526015582/2025_H3N2,plate8-A/NewSouthWales/2526015582/2025_H3N2,487,0.5393,0.5393
seqneut25to26_sera_1007_d0,A/NewSouthWales/2526015582/2025_H3N2,plate8-A/NewSouthWales/2526015582/2025_H3N2,1119,0.6627,0.6627
seqneut25to26_sera_1007_d0,A/NewSouthWales/2526015582/2025_H3N2,plate8-A/NewSouthWales/2526015582/2025_H3N2,2575,0.6333,0.6333
seqneut25to26_sera_1007_d0,A/NewSouthWales/2526015582/2025_H3N2,plate8-A/NewSouthWales/2526015582/2025_H3N2,5921,0.4881,0.4881
seqneut25to26_sera_1007_d0,A/NewSouthWales/2526015582/2025_H3N2,plate8-A/NewSouthWales/2526015582/2025_H3N2,1.362e+04,0.7473,0.7473
seqneut25to26_sera_1007_d0,A/NewSouthWales/2526015584/2025_H3N2,plate8-A/NewSouthWales/2526015584/2025_H3N2,40,0.0005694,0.0005694
seqneut25to26_sera_1007_d0,A/NewSouthWales/2526015584/2025_H3N2,plate8-A/NewSouthWales/2526015584/2025_H3N2,92,0.1085,0.1085
seqneut25to26_sera_1007_d0,A/NewSouthWales/2526015584/2025_H3N2,plate8-A/NewSouthWales/2526015584/2025_H3N2,212,0.353,0.353
seqneut25to26_sera_1007_d0,A/NewSouthWales/2526015584/2025_H3N2,plate8-A/NewSouthWales/2526015584/2025_H3N2,487,0.6288,0.6288
seqneut25to26_sera_1007_d0,A/NewSouthWales/2526015584/2025_H3N2,plate8-A/NewSouthWales/2526015584/2025_H3N2,1119,0.7845,0.7845
seqneut25to26_sera_1007_d0,A/NewSouthWales/2526015584/2025_H3N2,plate8-A/NewSouthWales/2526015584/2025_H3N2,2575,0.8143,0.8143
seqneut25to26_sera_1007_d0,A/NewSouthWales/2526015584/2025_H3N2,plate8-A/NewSouthWales/2526015584/2025_H3N2,5921,0.5473,0.5473
seqneut25to26_sera_1007_d0,A/NewSouthWales/2526015584/2025_H3N2,plate8-A/NewSouthWales/2526015584/2025_H3N2,1.362e+04,0.8431,0.8431
seqneut25to26_sera_1007_d0,A/Norway/8765/2025_H3N2,plate8-A/Norway/8765/2025_H3N2,40,0.02659,0.02659
seqneut25to26_sera_1007_d0,A/Norway/8765/2025_H3N2,plate8-A/Norway/8765/2025_H3N2,92,0.1551,0.1551
seqneut25to26_sera_1007_d0,A/Norway/8765/2025_H3N2,plate8-A/Norway/8765/2025_H3N2,212,0.4002,0.4002
seqneut25to26_sera_1007_d0,A/Norway/8765/2025_H3N2,plate8-A/Norway/8765/2025_H3N2,487,0.6033,0.6033
seqneut25to26_sera_1007_d0,A/Norway/8765/2025_H3N2,plate8-A/Norway/8765/2025_H3N2,1119,0.8276,0.8276
seqneut25to26_sera_1007_d0,A/Norway/8765/2025_H3N2,plate8-A/Norway/8765/2025_H3N2,2575,0.8098,0.8098
seqneut25to26_sera_1007_d0,A/Norway/8765/2025_H3N2,plate8-A/Norway/8765/2025_H3N2,5921,0.5022,0.5022
seqneut25to26_sera_1007_d0,A/Norway/8765/2025_H3N2,plate8-A/Norway/8765/2025_H3N2,1.362e+04,0.8193,0.8193
seqneut25to26_sera_1007_d0,A/Norway/8976/2025_H3N2,plate8-A/Norway/8976/2025_H3N2,40,0.02001,0.02001
seqneut25to26_sera_1007_d0,A/Norway/8976/2025_H3N2,plate8-A/Norway/8976/2025_H3N2,92,0.1596,0.1596
seqneut25to26_sera_1007_d0,A/Norway/8976/2025_H3N2,plate8-A/Norway/8976/2025_H3N2,212,0.3709,0.3709
seqneut25to26_sera_1007_d0,A/Norway/8976/2025_H3N2,plate8-A/Norway/8976/2025_H3N2,487,0.5533,0.5533
seqneut25to26_sera_1007_d0,A/Norway/8976/2025_H3N2,plate8-A/Norway/8976/2025_H3N2,1119,0.7888,0.7888
seqneut25to26_sera_1007_d0,A/Norway/8976/2025_H3N2,plate8-A/Norway/8976/2025_H3N2,2575,0.6358,0.6358
seqneut25to26_sera_1007_d0,A/Norway/8976/2025_H3N2,plate8-A/Norway/8976/2025_H3N2,5921,0.5072,0.5072
seqneut25to26_sera_1007_d0,A/Norway/8976/2025_H3N2,plate8-A/Norway/8976/2025_H3N2,1.362e+04,0.7815,0.7815
seqneut25to26_sera_1007_d0,A/Norway/9107/2025_H1N1,plate8-A/Norway/9107/2025_H1N1,40,9.663e-05,9.663e-05
seqneut25to26_sera_1007_d0,A/Norway/9107/2025_H1N1,plate8-A/Norway/9107/2025_H1N1,92,0.0003144,0.0003144
seqneut25to26_sera_1007_d0,A/Norway/9107/2025_H1N1,plate8-A/Norway/9107/2025_H1N1,212,0.01952,0.01952
seqneut25to26_sera_1007_d0,A/Norway/9107/2025_H1N1,plate8-A/Norway/9107/2025_H1N1,487,0.1898,0.1898
seqneut25to26_sera_1007_d0,A/Norway/9107/2025_H1N1,plate8-A/Norway/9107/2025_H1N1,1119,0.6641,0.6641
seqneut25to26_sera_1007_d0,A/Norway/9107/2025_H1N1,plate8-A/Norway/9107/2025_H1N1,2575,0.6534,0.6534
seqneut25to26_sera_1007_d0,A/Norway/9107/2025_H1N1,plate8-A/Norway/9107/2025_H1N1,5921,0.5333,0.5333
seqneut25to26_sera_1007_d0,A/Norway/9107/2025_H1N1,plate8-A/Norway/9107/2025_H1N1,1.362e+04,0.8379,0.8379
seqneut25to26_sera_1007_d0,A/Norway/9556/2025_H1N1,plate8-A/Norway/9556/2025_H1N1,40,0.0003958,0.0003958
seqneut25to26_sera_1007_d0,A/Norway/9556/2025_H1N1,plate8-A/Norway/9556/2025_H1N1,92,0.02209,0.02209
seqneut25to26_sera_1007_d0,A/Norway/9556/2025_H1N1,plate8-A/Norway/9556/2025_H1N1,212,0.2579,0.2579
seqneut25to26_sera_1007_d0,A/Norway/9556/2025_H1N1,plate8-A/Norway/9556/2025_H1N1,487,0.6285,0.6285
seqneut25to26_sera_1007_d0,A/Norway/9556/2025_H1N1,plate8-A/Norway/9556/2025_H1N1,1119,0.9709,0.9709
seqneut25to26_sera_1007_d0,A/Norway/9556/2025_H1N1,plate8-A/Norway/9556/2025_H1N1,2575,0.8702,0.8702
seqneut25to26_sera_1007_d0,A/Norway/9556/2025_H1N1,plate8-A/Norway/9556/2025_H1N1,5921,0.6148,0.6148
seqneut25to26_sera_1007_d0,A/Norway/9556/2025_H1N1,plate8-A/Norway/9556/2025_H1N1,1.362e+04,0.8824,0.8824
seqneut25to26_sera_1007_d0,A/Peru/GIHSN-04-1089/2025_H3N2,plate8-A/Peru/GIHSN-04-1089/2025_H3N2,40,0.005393,0.005393
seqneut25to26_sera_1007_d0,A/Peru/GIHSN-04-1089/2025_H3N2,plate8-A/Peru/GIHSN-04-1089/2025_H3N2,92,0.004679,0.004679
seqneut25to26_sera_1007_d0,A/Peru/GIHSN-04-1089/2025_H3N2,plate8-A/Peru/GIHSN-04-1089/2025_H3N2,212,0.0437,0.0437
seqneut25to26_sera_1007_d0,A/Peru/GIHSN-04-1089/2025_H3N2,plate8-A/Peru/GIHSN-04-1089/2025_H3N2,487,0.3453,0.3453
seqneut25to26_sera_1007_d0,A/Peru/GIHSN-04-1089/2025_H3N2,plate8-A/Peru/GIHSN-04-1089/2025_H3N2,1119,0.5306,0.5306
seqneut25to26_sera_1007_d0,A/Peru/GIHSN-04-1089/2025_H3N2,plate8-A/Peru/GIHSN-04-1089/2025_H3N2,2575,0.5857,0.5857
seqneut25to26_sera_1007_d0,A/Peru/GIHSN-04-1089/2025_H3N2,plate8-A/Peru/GIHSN-04-1089/2025_H3N2,5921,0.4389,0.4389
seqneut25to26_sera_1007_d0,A/Peru/GIHSN-04-1089/2025_H3N2,plate8-A/Peru/GIHSN-04-1089/2025_H3N2,1.362e+04,0.9684,0.9684
seqneut25to26_sera_1007_d0,A/Philippines/SARI25-1425/2025_H1N1,plate8-A/Philippines/SARI25-1425/2025_H1N1,40,0.002265,0.002265
seqneut25to26_sera_1007_d0,A/Philippines/SARI25-1425/2025_H1N1,plate8-A/Philippines/SARI25-1425/2025_H1N1,92,0.01348,0.01348
seqneut25to26_sera_1007_d0,A/Philippines/SARI25-1425/2025_H1N1,plate8-A/Philippines/SARI25-1425/2025_H1N1,212,0.124,0.124
seqneut25to26_sera_1007_d0,A/Philippines/SARI25-1425/2025_H1N1,plate8-A/Philippines/SARI25-1425/2025_H1N1,487,0.3379,0.3379
seqneut25to26_sera_1007_d0,A/Philippines/SARI25-1425/2025_H1N1,plate8-A/Philippines/SARI25-1425/2025_H1N1,1119,0.7821,0.7821
seqneut25to26_sera_1007_d0,A/Philippines/SARI25-1425/2025_H1N1,plate8-A/Philippines/SARI25-1425/2025_H1N1,2575,0.8445,0.8445
seqneut25to26_sera_1007_d0,A/Philippines/SARI25-1425/2025_H1N1,plate8-A/Philippines/SARI25-1425/2025_H1N1,5921,0.5491,0.5491
seqneut25to26_sera_1007_d0,A/Philippines/SARI25-1425/2025_H1N1,plate8-A/Philippines/SARI25-1425/2025_H1N1,1.362e+04,0.9022,0.9022
seqneut25to26_sera_1007_d0,A/Queensland/2526516675/2025_H3N2,plate8-A/Queensland/2526516675/2025_H3N2,40,0.06683,0.06683
seqneut25to26_sera_1007_d0,A/Queensland/2526516675/2025_H3N2,plate8-A/Queensland/2526516675/2025_H3N2,92,0.1668,0.1668
seqneut25to26_sera_1007_d0,A/Queensland/2526516675/2025_H3N2,plate8-A/Queensland/2526516675/2025_H3N2,212,0.4359,0.4359
seqneut25to26_sera_1007_d0,A/Queensland/2526516675/2025_H3N2,plate8-A/Queensland/2526516675/2025_H3N2,487,0.6176,0.6176
seqneut25to26_sera_1007_d0,A/Queensland/2526516675/2025_H3N2,plate8-A/Queensland/2526516675/2025_H3N2,1119,0.7692,0.7692
seqneut25to26_sera_1007_d0,A/Queensland/2526516675/2025_H3N2,plate8-A/Queensland/2526516675/2025_H3N2,2575,0.7646,0.7646
seqneut25to26_sera_1007_d0,A/Queensland/2526516675/2025_H3N2,plate8-A/Queensland/2526516675/2025_H3N2,5921,0.4994,0.4994
seqneut25to26_sera_1007_d0,A/Queensland/2526516675/2025_H3N2,plate8-A/Queensland/2526516675/2025_H3N2,1.362e+04,0.7466,0.7466
seqneut25to26_sera_1007_d0,A/SouthAfrica/PET37604/2025_H3N2,plate8-A/SouthAfrica/PET37604/2025_H3N2,40,6.251e-05,6.251e-05
seqneut25to26_sera_1007_d0,A/SouthAfrica/PET37604/2025_H3N2,plate8-A/SouthAfrica/PET37604/2025_H3N2,92,0.006418,0.006418
seqneut25to26_sera_1007_d0,A/SouthAfrica/PET37604/2025_H3N2,plate8-A/SouthAfrica/PET37604/2025_H3N2,212,0.01369,0.01369
seqneut25to26_sera_1007_d0,A/SouthAfrica/PET37604/2025_H3N2,plate8-A/SouthAfrica/PET37604/2025_H3N2,487,0.04643,0.04643
seqneut25to26_sera_1007_d0,A/SouthAfrica/PET37604/2025_H3N2,plate8-A/SouthAfrica/PET37604/2025_H3N2,1119,0.4236,0.4236
seqneut25to26_sera_1007_d0,A/SouthAfrica/PET37604/2025_H3N2,plate8-A/SouthAfrica/PET37604/2025_H3N2,2575,0.6099,0.6099
seqneut25to26_sera_1007_d0,A/SouthAfrica/PET37604/2025_H3N2,plate8-A/SouthAfrica/PET37604/2025_H3N2,5921,0.4339,0.4339
seqneut25to26_sera_1007_d0,A/SouthAfrica/PET37604/2025_H3N2,plate8-A/SouthAfrica/PET37604/2025_H3N2,1.362e+04,0.8532,0.8532
seqneut25to26_sera_1007_d0,A/SouthAfrica/PET37625/2025_H3N2,plate8-A/SouthAfrica/PET37625/2025_H3N2,40,0,0
seqneut25to26_sera_1007_d0,A/SouthAfrica/PET37625/2025_H3N2,plate8-A/SouthAfrica/PET37625/2025_H3N2,92,0.002021,0.002021
seqneut25to26_sera_1007_d0,A/SouthAfrica/PET37625/2025_H3N2,plate8-A/SouthAfrica/PET37625/2025_H3N2,212,0.01989,0.01989
seqneut25to26_sera_1007_d0,A/SouthAfrica/PET37625/2025_H3N2,plate8-A/SouthAfrica/PET37625/2025_H3N2,487,0.08163,0.08163
seqneut25to26_sera_1007_d0,A/SouthAfrica/PET37625/2025_H3N2,plate8-A/SouthAfrica/PET37625/2025_H3N2,1119,0.4776,0.4776
seqneut25to26_sera_1007_d0,A/SouthAfrica/PET37625/2025_H3N2,plate8-A/SouthAfrica/PET37625/2025_H3N2,2575,0.4499,0.4499
seqneut25to26_sera_1007_d0,A/SouthAfrica/PET37625/2025_H3N2,plate8-A/SouthAfrica/PET37625/2025_H3N2,5921,0.3939,0.3939
seqneut25to26_sera_1007_d0,A/SouthAfrica/PET37625/2025_H3N2,plate8-A/SouthAfrica/PET37625/2025_H3N2,1.362e+04,0.7567,0.7567
seqneut25to26_sera_1007_d0,A/SouthAustralia/2519001037/2025_H1N1,plate8-A/SouthAustralia/2519001037/2025_H1N1,40,6.989e-05,6.989e-05
seqneut25to26_sera_1007_d0,A/SouthAustralia/2519001037/2025_H1N1,plate8-A/SouthAustralia/2519001037/2025_H1N1,92,0.0003032,0.0003032
seqneut25to26_sera_1007_d0,A/SouthAustralia/2519001037/2025_H1N1,plate8-A/SouthAustralia/2519001037/2025_H1N1,212,0.02483,0.02483
seqneut25to26_sera_1007_d0,A/SouthAustralia/2519001037/2025_H1N1,plate8-A/SouthAustralia/2519001037/2025_H1N1,487,0.1932,0.1932
seqneut25to26_sera_1007_d0,A/SouthAustralia/2519001037/2025_H1N1,plate8-A/SouthAustralia/2519001037/2025_H1N1,1119,0.6663,0.6663
seqneut25to26_sera_1007_d0,A/SouthAustralia/2519001037/2025_H1N1,plate8-A/SouthAustralia/2519001037/2025_H1N1,2575,0.7815,0.7815
seqneut25to26_sera_1007_d0,A/SouthAustralia/2519001037/2025_H1N1,plate8-A/SouthAustralia/2519001037/2025_H1N1,5921,0.5728,0.5728
seqneut25to26_sera_1007_d0,A/SouthAustralia/2519001037/2025_H1N1,plate8-A/SouthAustralia/2519001037/2025_H1N1,1.362e+04,0.8267,0.8267
seqneut25to26_sera_1007_d0,A/SouthAustralia/2520702747/2025_H1N1,plate8-A/SouthAustralia/2520702747/2025_H1N1,40,0.0001273,0.0001273
seqneut25to26_sera_1007_d0,A/SouthAustralia/2520702747/2025_H1N1,plate8-A/SouthAustralia/2520702747/2025_H1N1,92,6.135e-05,6.135e-05
seqneut25to26_sera_1007_d0,A/SouthAustralia/2520702747/2025_H1N1,plate8-A/SouthAustralia/2520702747/2025_H1N1,212,0.004589,0.004589
seqneut25to26_sera_1007_d0,A/SouthAustralia/2520702747/2025_H1N1,plate8-A/SouthAustralia/2520702747/2025_H1N1,487,0.1543,0.1543
seqneut25to26_sera_1007_d0,A/SouthAustralia/2520702747/2025_H1N1,plate8-A/SouthAustralia/2520702747/2025_H1N1,1119,0.6373,0.6373
seqneut25to26_sera_1007_d0,A/SouthAustralia/2520702747/2025_H1N1,plate8-A/SouthAustralia/2520702747/2025_H1N1,2575,0.6773,0.6773
seqneut25to26_sera_1007_d0,A/SouthAustralia/2520702747/2025_H1N1,plate8-A/SouthAustralia/2520702747/2025_H1N1,5921,0.5506,0.5506
seqneut25to26_sera_1007_d0,A/SouthAustralia/2520702747/2025_H1N1,plate8-A/SouthAustralia/2520702747/2025_H1N1,1.362e+04,0.8374,0.8374
seqneut25to26_sera_1007_d0,A/SouthAustralia/2523012764/2025_H1N1,plate8-A/SouthAustralia/2523012764/2025_H1N1,40,0.0002833,0.0002833
seqneut25to26_sera_1007_d0,A/SouthAustralia/2523012764/2025_H1N1,plate8-A/SouthAustralia/2523012764/2025_H1N1,92,0.0001891,0.0001891
seqneut25to26_sera_1007_d0,A/SouthAustralia/2523012764/2025_H1N1,plate8-A/SouthAustralia/2523012764/2025_H1N1,212,0.004737,0.004737
seqneut25to26_sera_1007_d0,A/SouthAustralia/2523012764/2025_H1N1,plate8-A/SouthAustralia/2523012764/2025_H1N1,487,0.1155,0.1155
seqneut25to26_sera_1007_d0,A/SouthAustralia/2523012764/2025_H1N1,plate8-A/SouthAustralia/2523012764/2025_H1N1,1119,0.8139,0.8139
seqneut25to26_sera_1007_d0,A/SouthAustralia/2523012764/2025_H1N1,plate8-A/SouthAustralia/2523012764/2025_H1N1,2575,0.7557,0.7557
seqneut25to26_sera_1007_d0,A/SouthAustralia/2523012764/2025_H1N1,plate8-A/SouthAustralia/2523012764/2025_H1N1,5921,0.4963,0.4963
seqneut25to26_sera_1007_d0,A/SouthAustralia/2523012764/2025_H1N1,plate8-A/SouthAustralia/2523012764/2025_H1N1,1.362e+04,0.9538,0.9538
seqneut25to26_sera_1007_d0,A/SouthAustralia/2523812314/2025_H3N2,plate8-A/SouthAustralia/2523812314/2025_H3N2,40,0.0246,0.0246
seqneut25to26_sera_1007_d0,A/SouthAustralia/2523812314/2025_H3N2,plate8-A/SouthAustralia/2523812314/2025_H3N2,92,0.08861,0.08861
seqneut25to26_sera_1007_d0,A/SouthAustralia/2523812314/2025_H3N2,plate8-A/SouthAustralia/2523812314/2025_H3N2,212,0.2808,0.2808
seqneut25to26_sera_1007_d0,A/SouthAustralia/2523812314/2025_H3N2,plate8-A/SouthAustralia/2523812314/2025_H3N2,487,0.6817,0.6817
seqneut25to26_sera_1007_d0,A/SouthAustralia/2523812314/2025_H3N2,plate8-A/SouthAustralia/2523812314/2025_H3N2,1119,0.7829,0.7829
seqneut25to26_sera_1007_d0,A/SouthAustralia/2523812314/2025_H3N2,plate8-A/SouthAustralia/2523812314/2025_H3N2,2575,0.7096,0.7096
seqneut25to26_sera_1007_d0,A/SouthAustralia/2523812314/2025_H3N2,plate8-A/SouthAustralia/2523812314/2025_H3N2,5921,0.4989,0.4989
seqneut25to26_sera_1007_d0,A/SouthAustralia/2523812314/2025_H3N2,plate8-A/SouthAustralia/2523812314/2025_H3N2,1.362e+04,0.6671,0.6671
seqneut25to26_sera_1007_d0,A/SouthAustralia/2524408801/2025_H3N2,plate8-A/SouthAustralia/2524408801/2025_H3N2,40,0.05235,0.05235
seqneut25to26_sera_1007_d0,A/SouthAustralia/2524408801/2025_H3N2,plate8-A/SouthAustralia/2524408801/2025_H3N2,92,0.132,0.132
seqneut25to26_sera_1007_d0,A/SouthAustralia/2524408801/2025_H3N2,plate8-A/SouthAustralia/2524408801/2025_H3N2,212,0.4088,0.4088
seqneut25to26_sera_1007_d0,A/SouthAustralia/2524408801/2025_H3N2,plate8-A/SouthAustralia/2524408801/2025_H3N2,487,0.5698,0.5698
seqneut25to26_sera_1007_d0,A/SouthAustralia/2524408801/2025_H3N2,plate8-A/SouthAustralia/2524408801/2025_H3N2,1119,0.8897,0.8897
seqneut25to26_sera_1007_d0,A/SouthAustralia/2524408801/2025_H3N2,plate8-A/SouthAustralia/2524408801/2025_H3N2,2575,0.7184,0.7184
seqneut25to26_sera_1007_d0,A/SouthAustralia/2524408801/2025_H3N2,plate8-A/SouthAustralia/2524408801/2025_H3N2,5921,0.5076,0.5076
seqneut25to26_sera_1007_d0,A/SouthAustralia/2524408801/2025_H3N2,plate8-A/SouthAustralia/2524408801/2025_H3N2,1.362e+04,0.7396,0.7396
seqneut25to26_sera_1007_d0,A/SouthAustralia/2524712956/2025_H1N1,plate8-A/SouthAustralia/2524712956/2025_H1N1,40,0.0007957,0.0007957
seqneut25to26_sera_1007_d0,A/SouthAustralia/2524712956/2025_H1N1,plate8-A/SouthAustralia/2524712956/2025_H1N1,92,0.03473,0.03473
seqneut25to26_sera_1007_d0,A/SouthAustralia/2524712956/2025_H1N1,plate8-A/SouthAustralia/2524712956/2025_H1N1,212,0.182,0.182
seqneut25to26_sera_1007_d0,A/SouthAustralia/2524712956/2025_H1N1,plate8-A/SouthAustralia/2524712956/2025_H1N1,487,0.4649,0.4649
seqneut25to26_sera_1007_d0,A/SouthAustralia/2524712956/2025_H1N1,plate8-A/SouthAustralia/2524712956/2025_H1N1,1119,0.8809,0.8809
seqneut25to26_sera_1007_d0,A/SouthAustralia/2524712956/2025_H1N1,plate8-A/SouthAustralia/2524712956/2025_H1N1,2575,0.8027,0.8027
seqneut25to26_sera_1007_d0,A/SouthAustralia/2524712956/2025_H1N1,plate8-A/SouthAustralia/2524712956/2025_H1N1,5921,0.5745,0.5745
seqneut25to26_sera_1007_d0,A/SouthAustralia/2524712956/2025_H1N1,plate8-A/SouthAustralia/2524712956/2025_H1N1,1.362e+04,0.8392,0.8392
seqneut25to26_sera_1007_d0,A/SouthAustralia/2525607496/2025_H3N2,plate8-A/SouthAustralia/2525607496/2025_H3N2,40,0.06285,0.06285
seqneut25to26_sera_1007_d0,A/SouthAustralia/2525607496/2025_H3N2,plate8-A/SouthAustralia/2525607496/2025_H3N2,92,0.2795,0.2795
seqneut25to26_sera_1007_d0,A/SouthAustralia/2525607496/2025_H3N2,plate8-A/SouthAustralia/2525607496/2025_H3N2,212,0.5415,0.5415
seqneut25to26_sera_1007_d0,A/SouthAustralia/2525607496/2025_H3N2,plate8-A/SouthAustralia/2525607496/2025_H3N2,487,0.8596,0.8596
seqneut25to26_sera_1007_d0,A/SouthAustralia/2525607496/2025_H3N2,plate8-A/SouthAustralia/2525607496/2025_H3N2,1119,0.8531,0.8531
seqneut25to26_sera_1007_d0,A/SouthAustralia/2525607496/2025_H3N2,plate8-A/SouthAustralia/2525607496/2025_H3N2,2575,0.8059,0.8059
seqneut25to26_sera_1007_d0,A/SouthAustralia/2525607496/2025_H3N2,plate8-A/SouthAustralia/2525607496/2025_H3N2,5921,0.6527,0.6527
seqneut25to26_sera_1007_d0,A/SouthAustralia/2525607496/2025_H3N2,plate8-A/SouthAustralia/2525607496/2025_H3N2,1.362e+04,0.8029,0.8029
seqneut25to26_sera_1007_d0,A/SouthAustralia/2527003588/2025_H3N2,plate8-A/SouthAustralia/2527003588/2025_H3N2,40,0.03543,0.03543
seqneut25to26_sera_1007_d0,A/SouthAustralia/2527003588/2025_H3N2,plate8-A/SouthAustralia/2527003588/2025_H3N2,92,0.1668,0.1668
seqneut25to26_sera_1007_d0,A/SouthAustralia/2527003588/2025_H3N2,plate8-A/SouthAustralia/2527003588/2025_H3N2,212,0.561,0.561
seqneut25to26_sera_1007_d0,A/SouthAustralia/2527003588/2025_H3N2,plate8-A/SouthAustralia/2527003588/2025_H3N2,487,0.5622,0.5622
seqneut25to26_sera_1007_d0,A/SouthAustralia/2527003588/2025_H3N2,plate8-A/SouthAustralia/2527003588/2025_H3N2,1119,0.9562,0.9562
seqneut25to26_sera_1007_d0,A/SouthAustralia/2527003588/2025_H3N2,plate8-A/SouthAustralia/2527003588/2025_H3N2,2575,0.5725,0.5725
seqneut25to26_sera_1007_d0,A/SouthAustralia/2527003588/2025_H3N2,plate8-A/SouthAustralia/2527003588/2025_H3N2,5921,0.6871,0.6871
seqneut25to26_sera_1007_d0,A/SouthAustralia/2527003588/2025_H3N2,plate8-A/SouthAustralia/2527003588/2025_H3N2,1.362e+04,0.8081,0.8081
seqneut25to26_sera_1007_d0,A/SouthAustralia/2527213276/2025_H3N2,plate8-A/SouthAustralia/2527213276/2025_H3N2,40,0.06838,0.06838
seqneut25to26_sera_1007_d0,A/SouthAustralia/2527213276/2025_H3N2,plate8-A/SouthAustralia/2527213276/2025_H3N2,92,0.1051,0.1051
seqneut25to26_sera_1007_d0,A/SouthAustralia/2527213276/2025_H3N2,plate8-A/SouthAustralia/2527213276/2025_H3N2,212,0.2905,0.2905
seqneut25to26_sera_1007_d0,A/SouthAustralia/2527213276/2025_H3N2,plate8-A/SouthAustralia/2527213276/2025_H3N2,487,0.5207,0.5207
seqneut25to26_sera_1007_d0,A/SouthAustralia/2527213276/2025_H3N2,plate8-A/SouthAustralia/2527213276/2025_H3N2,1119,0.8269,0.8269
seqneut25to26_sera_1007_d0,A/SouthAustralia/2527213276/2025_H3N2,plate8-A/SouthAustralia/2527213276/2025_H3N2,2575,0.7524,0.7524
seqneut25to26_sera_1007_d0,A/SouthAustralia/2527213276/2025_H3N2,plate8-A/SouthAustralia/2527213276/2025_H3N2,5921,0.508,0.508
seqneut25to26_sera_1007_d0,A/SouthAustralia/2527213276/2025_H3N2,plate8-A/SouthAustralia/2527213276/2025_H3N2,1.362e+04,0.6681,0.6681
seqneut25to26_sera_1007_d0,A/SouthAustralia/2527612456/2025_H1N1,plate8-A/SouthAustralia/2527612456/2025_H1N1,40,0,0
seqneut25to26_sera_1007_d0,A/SouthAustralia/2527612456/2025_H1N1,plate8-A/SouthAustralia/2527612456/2025_H1N1,92,0,0
seqneut25to26_sera_1007_d0,A/SouthAustralia/2527612456/2025_H1N1,plate8-A/SouthAustralia/2527612456/2025_H1N1,212,0.07077,0.07077
seqneut25to26_sera_1007_d0,A/SouthAustralia/2527612456/2025_H1N1,plate8-A/SouthAustralia/2527612456/2025_H1N1,487,0.2888,0.2888
seqneut25to26_sera_1007_d0,A/SouthAustralia/2527612456/2025_H1N1,plate8-A/SouthAustralia/2527612456/2025_H1N1,1119,0.7971,0.7971
seqneut25to26_sera_1007_d0,A/SouthAustralia/2527612456/2025_H1N1,plate8-A/SouthAustralia/2527612456/2025_H1N1,2575,0.7197,0.7197
seqneut25to26_sera_1007_d0,A/SouthAustralia/2527612456/2025_H1N1,plate8-A/SouthAustralia/2527612456/2025_H1N1,5921,0.6043,0.6043
seqneut25to26_sera_1007_d0,A/SouthAustralia/2527612456/2025_H1N1,plate8-A/SouthAustralia/2527612456/2025_H1N1,1.362e+04,0.8754,0.8754
seqneut25to26_sera_1007_d0,A/SouthAustralia/2527902708/2025_H3N2,plate8-A/SouthAustralia/2527902708/2025_H3N2,40,0.0409,0.0409
seqneut25to26_sera_1007_d0,A/SouthAustralia/2527902708/2025_H3N2,plate8-A/SouthAustralia/2527902708/2025_H3N2,92,0.267,0.267
seqneut25to26_sera_1007_d0,A/SouthAustralia/2527902708/2025_H3N2,plate8-A/SouthAustralia/2527902708/2025_H3N2,212,0.7775,0.7775
seqneut25to26_sera_1007_d0,A/SouthAustralia/2527902708/2025_H3N2,plate8-A/SouthAustralia/2527902708/2025_H3N2,487,0.3883,0.3883
seqneut25to26_sera_1007_d0,A/SouthAustralia/2527902708/2025_H3N2,plate8-A/SouthAustralia/2527902708/2025_H3N2,1119,0.7449,0.7449
seqneut25to26_sera_1007_d0,A/SouthAustralia/2527902708/2025_H3N2,plate8-A/SouthAustralia/2527902708/2025_H3N2,2575,0.7336,0.7336
seqneut25to26_sera_1007_d0,A/SouthAustralia/2527902708/2025_H3N2,plate8-A/SouthAustralia/2527902708/2025_H3N2,5921,0.6461,0.6461
seqneut25to26_sera_1007_d0,A/SouthAustralia/2527902708/2025_H3N2,plate8-A/SouthAustralia/2527902708/2025_H3N2,1.362e+04,0.702,0.702
seqneut25to26_sera_1007_d0,A/Sydney/1359/2024_H3N2,plate8-A/Sydney/1359/2024_H3N2,40,0.01244,0.01244
seqneut25to26_sera_1007_d0,A/Sydney/1359/2024_H3N2,plate8-A/Sydney/1359/2024_H3N2,92,0.08711,0.08711
seqneut25to26_sera_1007_d0,A/Sydney/1359/2024_H3N2,plate8-A/Sydney/1359/2024_H3N2,212,0.3867,0.3867
seqneut25to26_sera_1007_d0,A/Sydney/1359/2024_H3N2,plate8-A/Sydney/1359/2024_H3N2,487,0.5429,0.5429
seqneut25to26_sera_1007_d0,A/Sydney/1359/2024_H3N2,plate8-A/Sydney/1359/2024_H3N2,1119,0.7449,0.7449
seqneut25to26_sera_1007_d0,A/Sydney/1359/2024_H3N2,plate8-A/Sydney/1359/2024_H3N2,2575,0.7396,0.7396
seqneut25to26_sera_1007_d0,A/Sydney/1359/2024_H3N2,plate8-A/Sydney/1359/2024_H3N2,5921,0.5219,0.5219
seqneut25to26_sera_1007_d0,A/Sydney/1359/2024_H3N2,plate8-A/Sydney/1359/2024_H3N2,1.362e+04,0.8771,0.8771
seqneut25to26_sera_1007_d0,A/Sydney/400/2025_H1N1,plate8-A/Sydney/400/2025_H1N1,40,0.002315,0.002315
seqneut25to26_sera_1007_d0,A/Sydney/400/2025_H1N1,plate8-A/Sydney/400/2025_H1N1,92,0.0001339,0.0001339
seqneut25to26_sera_1007_d0,A/Sydney/400/2025_H1N1,plate8-A/Sydney/400/2025_H1N1,212,0.0001945,0.0001945
seqneut25to26_sera_1007_d0,A/Sydney/400/2025_H1N1,plate8-A/Sydney/400/2025_H1N1,487,0.003821,0.003821
seqneut25to26_sera_1007_d0,A/Sydney/400/2025_H1N1,plate8-A/Sydney/400/2025_H1N1,1119,0.08597,0.08597
seqneut25to26_sera_1007_d0,A/Sydney/400/2025_H1N1,plate8-A/Sydney/400/2025_H1N1,2575,0.311,0.311
seqneut25to26_sera_1007_d0,A/Sydney/400/2025_H1N1,plate8-A/Sydney/400/2025_H1N1,5921,0.3542,0.3542
seqneut25to26_sera_1007_d0,A/Sydney/400/2025_H1N1,plate8-A/Sydney/400/2025_H1N1,1.362e+04,0.6623,0.6623
seqneut25to26_sera_1007_d0,A/Tasmania/2521815682/2025_H3N2,plate8-A/Tasmania/2521815682/2025_H3N2,40,0.009894,0.009894
seqneut25to26_sera_1007_d0,A/Tasmania/2521815682/2025_H3N2,plate8-A/Tasmania/2521815682/2025_H3N2,92,0.1442,0.1442
seqneut25to26_sera_1007_d0,A/Tasmania/2521815682/2025_H3N2,plate8-A/Tasmania/2521815682/2025_H3N2,212,0.4944,0.4944
seqneut25to26_sera_1007_d0,A/Tasmania/2521815682/2025_H3N2,plate8-A/Tasmania/2521815682/2025_H3N2,487,0.6877,0.6877
seqneut25to26_sera_1007_d0,A/Tasmania/2521815682/2025_H3N2,plate8-A/Tasmania/2521815682/2025_H3N2,1119,0.9065,0.9065
seqneut25to26_sera_1007_d0,A/Tasmania/2521815682/2025_H3N2,plate8-A/Tasmania/2521815682/2025_H3N2,2575,0.8007,0.8007
seqneut25to26_sera_1007_d0,A/Tasmania/2521815682/2025_H3N2,plate8-A/Tasmania/2521815682/2025_H3N2,5921,0.5931,0.5931
seqneut25to26_sera_1007_d0,A/Tasmania/2521815682/2025_H3N2,plate8-A/Tasmania/2521815682/2025_H3N2,1.362e+04,0.9507,0.9507
seqneut25to26_sera_1007_d0,A/Thailand/8/2022_H3N2,plate8-A/Thailand/8/2022_H3N2,40,0.0005602,0.0005602
seqneut25to26_sera_1007_d0,A/Thailand/8/2022_H3N2,plate8-A/Thailand/8/2022_H3N2,92,0.0043,0.0043
seqneut25to26_sera_1007_d0,A/Thailand/8/2022_H3N2,plate8-A/Thailand/8/2022_H3N2,212,0.06694,0.06694
seqneut25to26_sera_1007_d0,A/Thailand/8/2022_H3N2,plate8-A/Thailand/8/2022_H3N2,487,0.09039,0.09039
seqneut25to26_sera_1007_d0,A/Thailand/8/2022_H3N2,plate8-A/Thailand/8/2022_H3N2,1119,0.2064,0.2064
seqneut25to26_sera_1007_d0,A/Thailand/8/2022_H3N2,plate8-A/Thailand/8/2022_H3N2,2575,0.1847,0.1847
seqneut25to26_sera_1007_d0,A/Thailand/8/2022_H3N2,plate8-A/Thailand/8/2022_H3N2,5921,0.2311,0.2311
seqneut25to26_sera_1007_d0,A/Thailand/8/2022_H3N2,plate8-A/Thailand/8/2022_H3N2,1.362e+04,0.6626,0.6626
seqneut25to26_sera_1007_d0,A/Vermont/73/2025_H3N2,plate8-A/Vermont/73/2025_H3N2,40,0.02421,0.02421
seqneut25to26_sera_1007_d0,A/Vermont/73/2025_H3N2,plate8-A/Vermont/73/2025_H3N2,92,0.1757,0.1757
seqneut25to26_sera_1007_d0,A/Vermont/73/2025_H3N2,plate8-A/Vermont/73/2025_H3N2,212,0.4462,0.4462
seqneut25to26_sera_1007_d0,A/Vermont/73/2025_H3N2,plate8-A/Vermont/73/2025_H3N2,487,0.641,0.641
seqneut25to26_sera_1007_d0,A/Vermont/73/2025_H3N2,plate8-A/Vermont/73/2025_H3N2,1119,0.8425,0.8425
seqneut25to26_sera_1007_d0,A/Vermont/73/2025_H3N2,plate8-A/Vermont/73/2025_H3N2,2575,0.7118,0.7118
seqneut25to26_sera_1007_d0,A/Vermont/73/2025_H3N2,plate8-A/Vermont/73/2025_H3N2,5921,0.5238,0.5238
seqneut25to26_sera_1007_d0,A/Vermont/73/2025_H3N2,plate8-A/Vermont/73/2025_H3N2,1.362e+04,0.8669,0.8669
seqneut25to26_sera_1007_d0,A/Victoria/4897/2022_IVR-238_H1N1,plate8-A/Victoria/4897/2022_IVR-238_H1N1,40,0,0
seqneut25to26_sera_1007_d0,A/Victoria/4897/2022_IVR-238_H1N1,plate8-A/Victoria/4897/2022_IVR-238_H1N1,92,0,0
seqneut25to26_sera_1007_d0,A/Victoria/4897/2022_IVR-238_H1N1,plate8-A/Victoria/4897/2022_IVR-238_H1N1,212,9.154e-05,9.154e-05
seqneut25to26_sera_1007_d0,A/Victoria/4897/2022_IVR-238_H1N1,plate8-A/Victoria/4897/2022_IVR-238_H1N1,487,0,0
seqneut25to26_sera_1007_d0,A/Victoria/4897/2022_IVR-238_H1N1,plate8-A/Victoria/4897/2022_IVR-238_H1N1,1119,0,0
seqneut25to26_sera_1007_d0,A/Victoria/4897/2022_IVR-238_H1N1,plate8-A/Victoria/4897/2022_IVR-238_H1N1,2575,0.04589,0.04589
seqneut25to26_sera_1007_d0,A/Victoria/4897/2022_IVR-238_H1N1,plate8-A/Victoria/4897/2022_IVR-238_H1N1,5921,0.2657,0.2657
seqneut25to26_sera_1007_d0,A/Victoria/4897/2022_IVR-238_H1N1,plate8-A/Victoria/4897/2022_IVR-238_H1N1,1.362e+04,0.7533,0.7533
seqneut25to26_sera_1007_d0,A/Wisconsin/588/2019_H1N1,plate8-A/Wisconsin/588/2019_H1N1,40,9.025e-05,9.025e-05
seqneut25to26_sera_1007_d0,A/Wisconsin/588/2019_H1N1,plate8-A/Wisconsin/588/2019_H1N1,92,0.0002937,0.0002937
seqneut25to26_sera_1007_d0,A/Wisconsin/588/2019_H1N1,plate8-A/Wisconsin/588/2019_H1N1,212,0.0001244,0.0001244
seqneut25to26_sera_1007_d0,A/Wisconsin/588/2019_H1N1,plate8-A/Wisconsin/588/2019_H1N1,487,0.009892,0.009892
seqneut25to26_sera_1007_d0,A/Wisconsin/588/2019_H1N1,plate8-A/Wisconsin/588/2019_H1N1,1119,0.2736,0.2736
seqneut25to26_sera_1007_d0,A/Wisconsin/588/2019_H1N1,plate8-A/Wisconsin/588/2019_H1N1,2575,0.5412,0.5412
seqneut25to26_sera_1007_d0,A/Wisconsin/588/2019_H1N1,plate8-A/Wisconsin/588/2019_H1N1,5921,0.4132,0.4132
seqneut25to26_sera_1007_d0,A/Wisconsin/588/2019_H1N1,plate8-A/Wisconsin/588/2019_H1N1,1.362e+04,0.7407,0.7407
seqneut25to26_sera_1007_d0,A/Wisconsin/67/2022_H1N1,plate8-A/Wisconsin/67/2022_H1N1,40,9.346e-05,9.346e-05
seqneut25to26_sera_1007_d0,A/Wisconsin/67/2022_H1N1,plate8-A/Wisconsin/67/2022_H1N1,92,0.0003743,0.0003743
seqneut25to26_sera_1007_d0,A/Wisconsin/67/2022_H1N1,plate8-A/Wisconsin/67/2022_H1N1,212,0.004089,0.004089
seqneut25to26_sera_1007_d0,A/Wisconsin/67/2022_H1N1,plate8-A/Wisconsin/67/2022_H1N1,487,0.09789,0.09789
seqneut25to26_sera_1007_d0,A/Wisconsin/67/2022_H1N1,plate8-A/Wisconsin/67/2022_H1N1,1119,0.5657,0.5657
seqneut25to26_sera_1007_d0,A/Wisconsin/67/2022_H1N1,plate8-A/Wisconsin/67/2022_H1N1,2575,0.681,0.681
seqneut25to26_sera_1007_d0,A/Wisconsin/67/2022_H1N1,plate8-A/Wisconsin/67/2022_H1N1,5921,0.5087,0.5087
seqneut25to26_sera_1007_d0,A/Wisconsin/67/2022_H1N1,plate8-A/Wisconsin/67/2022_H1N1,1.362e+04,0.8692,0.8692
seqneut25to26_sera_1007_d0,A/Zacapa/FLU-261/2025_H1N1,plate8-A/Zacapa/FLU-261/2025_H1N1,40,0,0
seqneut25to26_sera_1007_d0,A/Zacapa/FLU-261/2025_H1N1,plate8-A/Zacapa/FLU-261/2025_H1N1,92,0.000612,0.000612
seqneut25to26_sera_1007_d0,A/Zacapa/FLU-261/2025_H1N1,plate8-A/Zacapa/FLU-261/2025_H1N1,212,0.008084,0.008084
seqneut25to26_sera_1007_d0,A/Zacapa/FLU-261/2025_H1N1,plate8-A/Zacapa/FLU-261/2025_H1N1,487,0.1744,0.1744
seqneut25to26_sera_1007_d0,A/Zacapa/FLU-261/2025_H1N1,plate8-A/Zacapa/FLU-261/2025_H1N1,1119,0.7943,0.7943
seqneut25to26_sera_1007_d0,A/Zacapa/FLU-261/2025_H1N1,plate8-A/Zacapa/FLU-261/2025_H1N1,2575,0.7073,0.7073
seqneut25to26_sera_1007_d0,A/Zacapa/FLU-261/2025_H1N1,plate8-A/Zacapa/FLU-261/2025_H1N1,5921,0.5828,0.5828
seqneut25to26_sera_1007_d0,A/Zacapa/FLU-261/2025_H1N1,plate8-A/Zacapa/FLU-261/2025_H1N1,1.362e+04,0.9289,0.9289
seqneut25to26_sera_1007_d28,A/Alagoas/4130/2025_H3N2,plate8-A/Alagoas/4130/2025_H3N2,40,0,0
seqneut25to26_sera_1007_d28,A/Alagoas/4130/2025_H3N2,plate8-A/Alagoas/4130/2025_H3N2,92,0,0
seqneut25to26_sera_1007_d28,A/Alagoas/4130/2025_H3N2,plate8-A/Alagoas/4130/2025_H3N2,212,0.01046,0.01046
seqneut25to26_sera_1007_d28,A/Alagoas/4130/2025_H3N2,plate8-A/Alagoas/4130/2025_H3N2,487,0.09052,0.09052
seqneut25to26_sera_1007_d28,A/Alagoas/4130/2025_H3N2,plate8-A/Alagoas/4130/2025_H3N2,1119,0.3737,0.3737
seqneut25to26_sera_1007_d28,A/Alagoas/4130/2025_H3N2,plate8-A/Alagoas/4130/2025_H3N2,2575,0.3833,0.3833
seqneut25to26_sera_1007_d28,A/Alagoas/4130/2025_H3N2,plate8-A/Alagoas/4130/2025_H3N2,5921,0.4642,0.4642
seqneut25to26_sera_1007_d28,A/Alagoas/4130/2025_H3N2,plate8-A/Alagoas/4130/2025_H3N2,1.362e+04,0.8312,0.8312
seqneut25to26_sera_1007_d28,A/Anapolis/LEIAL6543/2025_H3N2,plate8-A/Anapolis/LEIAL6543/2025_H3N2,40,3.821e-05,3.821e-05
seqneut25to26_sera_1007_d28,A/Anapolis/LEIAL6543/2025_H3N2,plate8-A/Anapolis/LEIAL6543/2025_H3N2,92,0.0003933,0.0003933
seqneut25to26_sera_1007_d28,A/Anapolis/LEIAL6543/2025_H3N2,plate8-A/Anapolis/LEIAL6543/2025_H3N2,212,0.002856,0.002856
seqneut25to26_sera_1007_d28,A/Anapolis/LEIAL6543/2025_H3N2,plate8-A/Anapolis/LEIAL6543/2025_H3N2,487,0.02421,0.02421
seqneut25to26_sera_1007_d28,A/Anapolis/LEIAL6543/2025_H3N2,plate8-A/Anapolis/LEIAL6543/2025_H3N2,1119,0.1112,0.1112
seqneut25to26_sera_1007_d28,A/Anapolis/LEIAL6543/2025_H3N2,plate8-A/Anapolis/LEIAL6543/2025_H3N2,2575,0.3362,0.3362
seqneut25to26_sera_1007_d28,A/Anapolis/LEIAL6543/2025_H3N2,plate8-A/Anapolis/LEIAL6543/2025_H3N2,5921,0.3117,0.3117
seqneut25to26_sera_1007_d28,A/Anapolis/LEIAL6543/2025_H3N2,plate8-A/Anapolis/LEIAL6543/2025_H3N2,1.362e+04,0.7179,0.7179
seqneut25to26_sera_1007_d28,A/Andalucia/PMC-00977/2025_H1N1,plate8-A/Andalucia/PMC-00977/2025_H1N1,40,3.13e-05,3.13e-05
seqneut25to26_sera_1007_d28,A/Andalucia/PMC-00977/2025_H1N1,plate8-A/Andalucia/PMC-00977/2025_H1N1,92,0.01301,0.01301
seqneut25to26_sera_1007_d28,A/Andalucia/PMC-00977/2025_H1N1,plate8-A/Andalucia/PMC-00977/2025_H1N1,212,0.008309,0.008309
seqneut25to26_sera_1007_d28,A/Andalucia/PMC-00977/2025_H1N1,plate8-A/Andalucia/PMC-00977/2025_H1N1,487,0.2077,0.2077
seqneut25to26_sera_1007_d28,A/Andalucia/PMC-00977/2025_H1N1,plate8-A/Andalucia/PMC-00977/2025_H1N1,1119,0.6729,0.6729
seqneut25to26_sera_1007_d28,A/Andalucia/PMC-00977/2025_H1N1,plate8-A/Andalucia/PMC-00977/2025_H1N1,2575,0.6372,0.6372
seqneut25to26_sera_1007_d28,A/Andalucia/PMC-00977/2025_H1N1,plate8-A/Andalucia/PMC-00977/2025_H1N1,5921,0.5937,0.5937
seqneut25to26_sera_1007_d28,A/Andalucia/PMC-00977/2025_H1N1,plate8-A/Andalucia/PMC-00977/2025_H1N1,1.362e+04,0.9013,0.9013
seqneut25to26_sera_1007_d28,A/Aragon/2046/2025_H1N1,plate8-A/Aragon/2046/2025_H1N1,40,0.0002589,0.0002589
seqneut25to26_sera_1007_d28,A/Aragon/2046/2025_H1N1,plate8-A/Aragon/2046/2025_H1N1,92,8.837e-05,8.837e-05
seqneut25to26_sera_1007_d28,A/Aragon/2046/2025_H1N1,plate8-A/Aragon/2046/2025_H1N1,212,0.001964,0.001964
seqneut25to26_sera_1007_d28,A/Aragon/2046/2025_H1N1,plate8-A/Aragon/2046/2025_H1N1,487,0.1182,0.1182
seqneut25to26_sera_1007_d28,A/Aragon/2046/2025_H1N1,plate8-A/Aragon/2046/2025_H1N1,1119,0.7216,0.7216
seqneut25to26_sera_1007_d28,A/Aragon/2046/2025_H1N1,plate8-A/Aragon/2046/2025_H1N1,2575,0.5456,0.5456
seqneut25to26_sera_1007_d28,A/Aragon/2046/2025_H1N1,plate8-A/Aragon/2046/2025_H1N1,5921,0.6604,0.6604
seqneut25to26_sera_1007_d28,A/Aragon/2046/2025_H1N1,plate8-A/Aragon/2046/2025_H1N1,1.362e+04,0.7101,0.7101
seqneut25to26_sera_1007_d28,A/Arica/59150/2025_H3N2,plate8-A/Arica/59150/2025_H3N2,40,0,0
seqneut25to26_sera_1007_d28,A/Arica/59150/2025_H3N2,plate8-A/Arica/59150/2025_H3N2,92,8.767e-05,8.767e-05
seqneut25to26_sera_1007_d28,A/Arica/59150/2025_H3N2,plate8-A/Arica/59150/2025_H3N2,212,0.001535,0.001535
seqneut25to26_sera_1007_d28,A/Arica/59150/2025_H3N2,plate8-A/Arica/59150/2025_H3N2,487,0.05237,0.05237
seqneut25to26_sera_1007_d28,A/Arica/59150/2025_H3N2,plate8-A/Arica/59150/2025_H3N2,1119,0.1626,0.1626
seqneut25to26_sera_1007_d28,A/Arica/59150/2025_H3N2,plate8-A/Arica/59150/2025_H3N2,2575,0.2586,0.2586
seqneut25to26_sera_1007_d28,A/Arica/59150/2025_H3N2,plate8-A/Arica/59150/2025_H3N2,5921,0.3333,0.3333
seqneut25to26_sera_1007_d28,A/Arica/59150/2025_H3N2,plate8-A/Arica/59150/2025_H3N2,1.362e+04,0.6341,0.6341
seqneut25to26_sera_1007_d28,A/Bahia/3102/2025_H3N2,plate8-A/Bahia/3102/2025_H3N2,40,1.733e-05,1.733e-05
seqneut25to26_sera_1007_d28,A/Bahia/3102/2025_H3N2,plate8-A/Bahia/3102/2025_H3N2,92,0.0001301,0.0001301
seqneut25to26_sera_1007_d28,A/Bahia/3102/2025_H3N2,plate8-A/Bahia/3102/2025_H3N2,212,0.001431,0.001431
seqneut25to26_sera_1007_d28,A/Bahia/3102/2025_H3N2,plate8-A/Bahia/3102/2025_H3N2,487,0.02199,0.02199
seqneut25to26_sera_1007_d28,A/Bahia/3102/2025_H3N2,plate8-A/Bahia/3102/2025_H3N2,1119,0.1342,0.1342
seqneut25to26_sera_1007_d28,A/Bahia/3102/2025_H3N2,plate8-A/Bahia/3102/2025_H3N2,2575,0.2195,0.2195
seqneut25to26_sera_1007_d28,A/Bahia/3102/2025_H3N2,plate8-A/Bahia/3102/2025_H3N2,5921,0.3736,0.3736
seqneut25to26_sera_1007_d28,A/Bahia/3102/2025_H3N2,plate8-A/Bahia/3102/2025_H3N2,1.362e+04,0.6834,0.6834
seqneut25to26_sera_1007_d28,A/Bangkok/1803/2025_H1N1,plate8-A/Bangkok/1803/2025_H1N1,40,0.0002425,0.0002425
seqneut25to26_sera_1007_d28,A/Bangkok/1803/2025_H1N1,plate8-A/Bangkok/1803/2025_H1N1,92,0.004079,0.004079
seqneut25to26_sera_1007_d28,A/Bangkok/1803/2025_H1N1,plate8-A/Bangkok/1803/2025_H1N1,212,0.1281,0.1281
seqneut25to26_sera_1007_d28,A/Bangkok/1803/2025_H1N1,plate8-A/Bangkok/1803/2025_H1N1,487,0.2765,0.2765
seqneut25to26_sera_1007_d28,A/Bangkok/1803/2025_H1N1,plate8-A/Bangkok/1803/2025_H1N1,1119,0.6787,0.6787
seqneut25to26_sera_1007_d28,A/Bangkok/1803/2025_H1N1,plate8-A/Bangkok/1803/2025_H1N1,2575,0.8655,0.8655
seqneut25to26_sera_1007_d28,A/Bangkok/1803/2025_H1N1,plate8-A/Bangkok/1803/2025_H1N1,5921,0.6798,0.6798
seqneut25to26_sera_1007_d28,A/Bangkok/1803/2025_H1N1,plate8-A/Bangkok/1803/2025_H1N1,1.362e+04,1.009,1
seqneut25to26_sera_1007_d28,A/Bangkok/P2229/2025_H1N1,plate8-A/Bangkok/P2229/2025_H1N1,40,0,0
seqneut25to26_sera_1007_d28,A/Bangkok/P2229/2025_H1N1,plate8-A/Bangkok/P2229/2025_H1N1,92,0.0001622,0.0001622
seqneut25to26_sera_1007_d28,A/Bangkok/P2229/2025_H1N1,plate8-A/Bangkok/P2229/2025_H1N1,212,0.006718,0.006718
seqneut25to26_sera_1007_d28,A/Bangkok/P2229/2025_H1N1,plate8-A/Bangkok/P2229/2025_H1N1,487,0.1314,0.1314
seqneut25to26_sera_1007_d28,A/Bangkok/P2229/2025_H1N1,plate8-A/Bangkok/P2229/2025_H1N1,1119,0.4916,0.4916
seqneut25to26_sera_1007_d28,A/Bangkok/P2229/2025_H1N1,plate8-A/Bangkok/P2229/2025_H1N1,2575,0.5602,0.5602
seqneut25to26_sera_1007_d28,A/Bangkok/P2229/2025_H1N1,plate8-A/Bangkok/P2229/2025_H1N1,5921,0.5767,0.5767
seqneut25to26_sera_1007_d28,A/Bangkok/P2229/2025_H1N1,plate8-A/Bangkok/P2229/2025_H1N1,1.362e+04,0.7655,0.7655
seqneut25to26_sera_1007_d28,A/Bangkok/P2323/2025_H3N2,plate8-A/Bangkok/P2323/2025_H3N2,40,0.01501,0.01501
seqneut25to26_sera_1007_d28,A/Bangkok/P2323/2025_H3N2,plate8-A/Bangkok/P2323/2025_H3N2,92,0.08971,0.08971
seqneut25to26_sera_1007_d28,A/Bangkok/P2323/2025_H3N2,plate8-A/Bangkok/P2323/2025_H3N2,212,0.2945,0.2945
seqneut25to26_sera_1007_d28,A/Bangkok/P2323/2025_H3N2,plate8-A/Bangkok/P2323/2025_H3N2,487,0.557,0.557
seqneut25to26_sera_1007_d28,A/Bangkok/P2323/2025_H3N2,plate8-A/Bangkok/P2323/2025_H3N2,1119,0.6845,0.6845
seqneut25to26_sera_1007_d28,A/Bangkok/P2323/2025_H3N2,plate8-A/Bangkok/P2323/2025_H3N2,2575,0.5812,0.5812
seqneut25to26_sera_1007_d28,A/Bangkok/P2323/2025_H3N2,plate8-A/Bangkok/P2323/2025_H3N2,5921,0.5093,0.5093
seqneut25to26_sera_1007_d28,A/Bangkok/P2323/2025_H3N2,plate8-A/Bangkok/P2323/2025_H3N2,1.362e+04,0.7193,0.7193
seqneut25to26_sera_1007_d28,A/Bangkok/P2390/2025_H3N2,plate8-A/Bangkok/P2390/2025_H3N2,40,0.0246,0.0246
seqneut25to26_sera_1007_d28,A/Bangkok/P2390/2025_H3N2,plate8-A/Bangkok/P2390/2025_H3N2,92,0.0907,0.0907
seqneut25to26_sera_1007_d28,A/Bangkok/P2390/2025_H3N2,plate8-A/Bangkok/P2390/2025_H3N2,212,0.3167,0.3167
seqneut25to26_sera_1007_d28,A/Bangkok/P2390/2025_H3N2,plate8-A/Bangkok/P2390/2025_H3N2,487,0.5369,0.5369
seqneut25to26_sera_1007_d28,A/Bangkok/P2390/2025_H3N2,plate8-A/Bangkok/P2390/2025_H3N2,1119,0.7125,0.7125
seqneut25to26_sera_1007_d28,A/Bangkok/P2390/2025_H3N2,plate8-A/Bangkok/P2390/2025_H3N2,2575,0.5853,0.5853
seqneut25to26_sera_1007_d28,A/Bangkok/P2390/2025_H3N2,plate8-A/Bangkok/P2390/2025_H3N2,5921,0.5092,0.5092
seqneut25to26_sera_1007_d28,A/Bangkok/P2390/2025_H3N2,plate8-A/Bangkok/P2390/2025_H3N2,1.362e+04,0.8667,0.8667
seqneut25to26_sera_1007_d28,A/Bangkok/P2391/2025_H3N2,plate8-A/Bangkok/P2391/2025_H3N2,40,0.03131,0.03131
seqneut25to26_sera_1007_d28,A/Bangkok/P2391/2025_H3N2,plate8-A/Bangkok/P2391/2025_H3N2,92,0.1531,0.1531
seqneut25to26_sera_1007_d28,A/Bangkok/P2391/2025_H3N2,plate8-A/Bangkok/P2391/2025_H3N2,212,0.1912,0.1912
seqneut25to26_sera_1007_d28,A/Bangkok/P2391/2025_H3N2,plate8-A/Bangkok/P2391/2025_H3N2,487,0.2932,0.2932
seqneut25to26_sera_1007_d28,A/Bangkok/P2391/2025_H3N2,plate8-A/Bangkok/P2391/2025_H3N2,1119,0.3944,0.3944
seqneut25to26_sera_1007_d28,A/Bangkok/P2391/2025_H3N2,plate8-A/Bangkok/P2391/2025_H3N2,2575,0.5112,0.5112
seqneut25to26_sera_1007_d28,A/Bangkok/P2391/2025_H3N2,plate8-A/Bangkok/P2391/2025_H3N2,5921,0.5043,0.5043
seqneut25to26_sera_1007_d28,A/Bangkok/P2391/2025_H3N2,plate8-A/Bangkok/P2391/2025_H3N2,1.362e+04,0.6398,0.6398
seqneut25to26_sera_1007_d28,A/Bangkok/P2572/2025_H3N2,plate8-A/Bangkok/P2572/2025_H3N2,40,0.02009,0.02009
seqneut25to26_sera_1007_d28,A/Bangkok/P2572/2025_H3N2,plate8-A/Bangkok/P2572/2025_H3N2,92,0.1142,0.1142
seqneut25to26_sera_1007_d28,A/Bangkok/P2572/2025_H3N2,plate8-A/Bangkok/P2572/2025_H3N2,212,0.2821,0.2821
seqneut25to26_sera_1007_d28,A/Bangkok/P2572/2025_H3N2,plate8-A/Bangkok/P2572/2025_H3N2,487,0.5428,0.5428
seqneut25to26_sera_1007_d28,A/Bangkok/P2572/2025_H3N2,plate8-A/Bangkok/P2572/2025_H3N2,1119,0.6797,0.6797
seqneut25to26_sera_1007_d28,A/Bangkok/P2572/2025_H3N2,plate8-A/Bangkok/P2572/2025_H3N2,2575,0.4807,0.4807
seqneut25to26_sera_1007_d28,A/Bangkok/P2572/2025_H3N2,plate8-A/Bangkok/P2572/2025_H3N2,5921,0.4391,0.4391
seqneut25to26_sera_1007_d28,A/Bangkok/P2572/2025_H3N2,plate8-A/Bangkok/P2572/2025_H3N2,1.362e+04,0.6929,0.6929
seqneut25to26_sera_1007_d28,A/Bangkok/P2921/2025_H3N2,plate8-A/Bangkok/P2921/2025_H3N2,40,0.001339,0.001339
seqneut25to26_sera_1007_d28,A/Bangkok/P2921/2025_H3N2,plate8-A/Bangkok/P2921/2025_H3N2,92,0.0003281,0.0003281
seqneut25to26_sera_1007_d28,A/Bangkok/P2921/2025_H3N2,plate8-A/Bangkok/P2921/2025_H3N2,212,0.02599,0.02599
seqneut25to26_sera_1007_d28,A/Bangkok/P2921/2025_H3N2,plate8-A/Bangkok/P2921/2025_H3N2,487,0.1106,0.1106
seqneut25to26_sera_1007_d28,A/Bangkok/P2921/2025_H3N2,plate8-A/Bangkok/P2921/2025_H3N2,1119,0.4535,0.4535
seqneut25to26_sera_1007_d28,A/Bangkok/P2921/2025_H3N2,plate8-A/Bangkok/P2921/2025_H3N2,2575,0.5429,0.5429
seqneut25to26_sera_1007_d28,A/Bangkok/P2921/2025_H3N2,plate8-A/Bangkok/P2921/2025_H3N2,5921,0.4138,0.4138
seqneut25to26_sera_1007_d28,A/Bangkok/P2921/2025_H3N2,plate8-A/Bangkok/P2921/2025_H3N2,1.362e+04,0.783,0.783
seqneut25to26_sera_1007_d28,A/Bangkok/P3067/2025_H1N1,plate8-A/Bangkok/P3067/2025_H1N1,40,0.00019,0.00019
seqneut25to26_sera_1007_d28,A/Bangkok/P3067/2025_H1N1,plate8-A/Bangkok/P3067/2025_H1N1,92,0.0003329,0.0003329
seqneut25to26_sera_1007_d28,A/Bangkok/P3067/2025_H1N1,plate8-A/Bangkok/P3067/2025_H1N1,212,0.002978,0.002978
seqneut25to26_sera_1007_d28,A/Bangkok/P3067/2025_H1N1,plate8-A/Bangkok/P3067/2025_H1N1,487,0.1762,0.1762
seqneut25to26_sera_1007_d28,A/Bangkok/P3067/2025_H1N1,plate8-A/Bangkok/P3067/2025_H1N1,1119,0.497,0.497
seqneut25to26_sera_1007_d28,A/Bangkok/P3067/2025_H1N1,plate8-A/Bangkok/P3067/2025_H1N1,2575,0.5464,0.5464
seqneut25to26_sera_1007_d28,A/Bangkok/P3067/2025_H1N1,plate8-A/Bangkok/P3067/2025_H1N1,5921,0.4078,0.4078
seqneut25to26_sera_1007_d28,A/Bangkok/P3067/2025_H1N1,plate8-A/Bangkok/P3067/2025_H1N1,1.362e+04,0.8976,0.8976
seqneut25to26_sera_1007_d28,A/Bangkok/P3263/2025_H3N2,plate8-A/Bangkok/P3263/2025_H3N2,40,0.004604,0.004604
seqneut25to26_sera_1007_d28,A/Bangkok/P3263/2025_H3N2,plate8-A/Bangkok/P3263/2025_H3N2,92,0.05895,0.05895
seqneut25to26_sera_1007_d28,A/Bangkok/P3263/2025_H3N2,plate8-A/Bangkok/P3263/2025_H3N2,212,0.3567,0.3567
seqneut25to26_sera_1007_d28,A/Bangkok/P3263/2025_H3N2,plate8-A/Bangkok/P3263/2025_H3N2,487,0.4766,0.4766
seqneut25to26_sera_1007_d28,A/Bangkok/P3263/2025_H3N2,plate8-A/Bangkok/P3263/2025_H3N2,1119,0.7797,0.7797
seqneut25to26_sera_1007_d28,A/Bangkok/P3263/2025_H3N2,plate8-A/Bangkok/P3263/2025_H3N2,2575,0.5388,0.5388
seqneut25to26_sera_1007_d28,A/Bangkok/P3263/2025_H3N2,plate8-A/Bangkok/P3263/2025_H3N2,5921,0.438,0.438
seqneut25to26_sera_1007_d28,A/Bangkok/P3263/2025_H3N2,plate8-A/Bangkok/P3263/2025_H3N2,1.362e+04,0.7549,0.7549
seqneut25to26_sera_1007_d28,A/Belgium/H0097/2025_H3N2,plate8-A/Belgium/H0097/2025_H3N2,40,0.03706,0.03706
seqneut25to26_sera_1007_d28,A/Belgium/H0097/2025_H3N2,plate8-A/Belgium/H0097/2025_H3N2,92,0.07063,0.07063
seqneut25to26_sera_1007_d28,A/Belgium/H0097/2025_H3N2,plate8-A/Belgium/H0097/2025_H3N2,212,0.3036,0.3036
seqneut25to26_sera_1007_d28,A/Belgium/H0097/2025_H3N2,plate8-A/Belgium/H0097/2025_H3N2,487,0.5147,0.5147
seqneut25to26_sera_1007_d28,A/Belgium/H0097/2025_H3N2,plate8-A/Belgium/H0097/2025_H3N2,1119,0.5971,0.5971
seqneut25to26_sera_1007_d28,A/Belgium/H0097/2025_H3N2,plate8-A/Belgium/H0097/2025_H3N2,2575,0.6275,0.6275
seqneut25to26_sera_1007_d28,A/Belgium/H0097/2025_H3N2,plate8-A/Belgium/H0097/2025_H3N2,5921,0.4741,0.4741
seqneut25to26_sera_1007_d28,A/Belgium/H0097/2025_H3N2,plate8-A/Belgium/H0097/2025_H3N2,1.362e+04,0.6387,0.6387
seqneut25to26_sera_1007_d28,A/Bhutan/1267/2025_H3N2,plate8-A/Bhutan/1267/2025_H3N2,40,0.004992,0.004992
seqneut25to26_sera_1007_d28,A/Bhutan/1267/2025_H3N2,plate8-A/Bhutan/1267/2025_H3N2,92,0.04382,0.04382
seqneut25to26_sera_1007_d28,A/Bhutan/1267/2025_H3N2,plate8-A/Bhutan/1267/2025_H3N2,212,0.1932,0.1932
seqneut25to26_sera_1007_d28,A/Bhutan/1267/2025_H3N2,plate8-A/Bhutan/1267/2025_H3N2,487,0.3957,0.3957
seqneut25to26_sera_1007_d28,A/Bhutan/1267/2025_H3N2,plate8-A/Bhutan/1267/2025_H3N2,1119,0.7006,0.7006
seqneut25to26_sera_1007_d28,A/Bhutan/1267/2025_H3N2,plate8-A/Bhutan/1267/2025_H3N2,2575,0.6827,0.6827
seqneut25to26_sera_1007_d28,A/Bhutan/1267/2025_H3N2,plate8-A/Bhutan/1267/2025_H3N2,5921,0.5192,0.5192
seqneut25to26_sera_1007_d28,A/Bhutan/1267/2025_H3N2,plate8-A/Bhutan/1267/2025_H3N2,1.362e+04,0.7206,0.7206
seqneut25to26_sera_1007_d28,A/Bhutan/7/2025_H3N2,plate8-A/Bhutan/7/2025_H3N2,40,0.01236,0.01236
seqneut25to26_sera_1007_d28,A/Bhutan/7/2025_H3N2,plate8-A/Bhutan/7/2025_H3N2,92,0.08501,0.08501
seqneut25to26_sera_1007_d28,A/Bhutan/7/2025_H3N2,plate8-A/Bhutan/7/2025_H3N2,212,0.3701,0.3701
seqneut25to26_sera_1007_d28,A/Bhutan/7/2025_H3N2,plate8-A/Bhutan/7/2025_H3N2,487,0.4038,0.4038
seqneut25to26_sera_1007_d28,A/Bhutan/7/2025_H3N2,plate8-A/Bhutan/7/2025_H3N2,1119,0.612,0.612
seqneut25to26_sera_1007_d28,A/Bhutan/7/2025_H3N2,plate8-A/Bhutan/7/2025_H3N2,2575,0.9265,0.9265
seqneut25to26_sera_1007_d28,A/Bhutan/7/2025_H3N2,plate8-A/Bhutan/7/2025_H3N2,5921,0.5652,0.5652
seqneut25to26_sera_1007_d28,A/Bhutan/7/2025_H3N2,plate8-A/Bhutan/7/2025_H3N2,1.362e+04,0.858,0.858
seqneut25to26_sera_1007_d28,A/BritishColumbia/PHL-2473/2025_H1N1,plate8-A/BritishColumbia/PHL-2473/2025_H1N1,40,0.0006234,0.0006234
seqneut25to26_sera_1007_d28,A/BritishColumbia/PHL-2473/2025_H1N1,plate8-A/BritishColumbia/PHL-2473/2025_H1N1,92,0.0006136,0.0006136
seqneut25to26_sera_1007_d28,A/BritishColumbia/PHL-2473/2025_H1N1,plate8-A/BritishColumbia/PHL-2473/2025_H1N1,212,0.002803,0.002803
seqneut25to26_sera_1007_d28,A/BritishColumbia/PHL-2473/2025_H1N1,plate8-A/BritishColumbia/PHL-2473/2025_H1N1,487,0.1775,0.1775
seqneut25to26_sera_1007_d28,A/BritishColumbia/PHL-2473/2025_H1N1,plate8-A/BritishColumbia/PHL-2473/2025_H1N1,1119,0.5254,0.5254
seqneut25to26_sera_1007_d28,A/BritishColumbia/PHL-2473/2025_H1N1,plate8-A/BritishColumbia/PHL-2473/2025_H1N1,2575,0.5597,0.5597
seqneut25to26_sera_1007_d28,A/BritishColumbia/PHL-2473/2025_H1N1,plate8-A/BritishColumbia/PHL-2473/2025_H1N1,5921,0.4988,0.4988
seqneut25to26_sera_1007_d28,A/BritishColumbia/PHL-2473/2025_H1N1,plate8-A/BritishColumbia/PHL-2473/2025_H1N1,1.362e+04,0.8987,0.8987
seqneut25to26_sera_1007_d28,A/California/61/2025_H3N2,plate8-A/California/61/2025_H3N2,40,0.01227,0.01227
seqneut25to26_sera_1007_d28,A/California/61/2025_H3N2,plate8-A/California/61/2025_H3N2,92,0.1352,0.1352
seqneut25to26_sera_1007_d28,A/California/61/2025_H3N2,plate8-A/California/61/2025_H3N2,212,0.2608,0.2608
seqneut25to26_sera_1007_d28,A/California/61/2025_H3N2,plate8-A/California/61/2025_H3N2,487,0.3962,0.3962
seqneut25to26_sera_1007_d28,A/California/61/2025_H3N2,plate8-A/California/61/2025_H3N2,1119,0.5996,0.5996
seqneut25to26_sera_1007_d28,A/California/61/2025_H3N2,plate8-A/California/61/2025_H3N2,2575,0.6159,0.6159
seqneut25to26_sera_1007_d28,A/California/61/2025_H3N2,plate8-A/California/61/2025_H3N2,5921,0.5454,0.5454
seqneut25to26_sera_1007_d28,A/California/61/2025_H3N2,plate8-A/California/61/2025_H3N2,1.362e+04,0.813,0.813
seqneut25to26_sera_1007_d28,A/California/63/2025_H1N1,plate8-A/California/63/2025_H1N1,40,0.0007488,0.0007488
seqneut25to26_sera_1007_d28,A/California/63/2025_H1N1,plate8-A/California/63/2025_H1N1,92,7.1e-05,7.1e-05
seqneut25to26_sera_1007_d28,A/California/63/2025_H1N1,plate8-A/California/63/2025_H1N1,212,0.004016,0.004016
seqneut25to26_sera_1007_d28,A/California/63/2025_H1N1,plate8-A/California/63/2025_H1N1,487,0.05876,0.05876
seqneut25to26_sera_1007_d28,A/California/63/2025_H1N1,plate8-A/California/63/2025_H1N1,1119,0.5459,0.5459
seqneut25to26_sera_1007_d28,A/California/63/2025_H1N1,plate8-A/California/63/2025_H1N1,2575,0.6116,0.6116
seqneut25to26_sera_1007_d28,A/California/63/2025_H1N1,plate8-A/California/63/2025_H1N1,5921,0.5644,0.5644
seqneut25to26_sera_1007_d28,A/California/63/2025_H1N1,plate8-A/California/63/2025_H1N1,1.362e+04,0.7159,0.7159
seqneut25to26_sera_1007_d28,A/Canberra/465/2025_H1N1,plate8-A/Canberra/465/2025_H1N1,40,0,0
seqneut25to26_sera_1007_d28,A/Canberra/465/2025_H1N1,plate8-A/Canberra/465/2025_H1N1,92,0.0007221,0.0007221
seqneut25to26_sera_1007_d28,A/Canberra/465/2025_H1N1,plate8-A/Canberra/465/2025_H1N1,212,0.005603,0.005603
seqneut25to26_sera_1007_d28,A/Canberra/465/2025_H1N1,plate8-A/Canberra/465/2025_H1N1,487,0.1002,0.1002
seqneut25to26_sera_1007_d28,A/Canberra/465/2025_H1N1,plate8-A/Canberra/465/2025_H1N1,1119,0.5698,0.5698
seqneut25to26_sera_1007_d28,A/Canberra/465/2025_H1N1,plate8-A/Canberra/465/2025_H1N1,2575,0.6002,0.6002
seqneut25to26_sera_1007_d28,A/Canberra/465/2025_H1N1,plate8-A/Canberra/465/2025_H1N1,5921,0.5033,0.5033
seqneut25to26_sera_1007_d28,A/Canberra/465/2025_H1N1,plate8-A/Canberra/465/2025_H1N1,1.362e+04,0.887,0.887
seqneut25to26_sera_1007_d28,A/Canberra/530/2025_H1N1,plate8-A/Canberra/530/2025_H1N1,40,2.123e-05,2.123e-05
seqneut25to26_sera_1007_d28,A/Canberra/530/2025_H1N1,plate8-A/Canberra/530/2025_H1N1,92,0.0002126,0.0002126
seqneut25to26_sera_1007_d28,A/Canberra/530/2025_H1N1,plate8-A/Canberra/530/2025_H1N1,212,0.004724,0.004724
seqneut25to26_sera_1007_d28,A/Canberra/530/2025_H1N1,plate8-A/Canberra/530/2025_H1N1,487,0.2849,0.2849
seqneut25to26_sera_1007_d28,A/Canberra/530/2025_H1N1,plate8-A/Canberra/530/2025_H1N1,1119,0.4501,0.4501
seqneut25to26_sera_1007_d28,A/Canberra/530/2025_H1N1,plate8-A/Canberra/530/2025_H1N1,2575,0.6093,0.6093
seqneut25to26_sera_1007_d28,A/Canberra/530/2025_H1N1,plate8-A/Canberra/530/2025_H1N1,5921,0.5936,0.5936
seqneut25to26_sera_1007_d28,A/Canberra/530/2025_H1N1,plate8-A/Canberra/530/2025_H1N1,1.362e+04,1.06,1
seqneut25to26_sera_1007_d28,A/Catalonia/NSVH102689455/2025_H1N1,plate8-A/Catalonia/NSVH102689455/2025_H1N1,40,7.508e-05,7.508e-05
seqneut25to26_sera_1007_d28,A/Catalonia/NSVH102689455/2025_H1N1,plate8-A/Catalonia/NSVH102689455/2025_H1N1,92,0.002396,0.002396
seqneut25to26_sera_1007_d28,A/Catalonia/NSVH102689455/2025_H1N1,plate8-A/Catalonia/NSVH102689455/2025_H1N1,212,0.003386,0.003386
seqneut25to26_sera_1007_d28,A/Catalonia/NSVH102689455/2025_H1N1,plate8-A/Catalonia/NSVH102689455/2025_H1N1,487,0.1178,0.1178
seqneut25to26_sera_1007_d28,A/Catalonia/NSVH102689455/2025_H1N1,plate8-A/Catalonia/NSVH102689455/2025_H1N1,1119,0.4358,0.4358
seqneut25to26_sera_1007_d28,A/Catalonia/NSVH102689455/2025_H1N1,plate8-A/Catalonia/NSVH102689455/2025_H1N1,2575,0.5716,0.5716
seqneut25to26_sera_1007_d28,A/Catalonia/NSVH102689455/2025_H1N1,plate8-A/Catalonia/NSVH102689455/2025_H1N1,5921,0.529,0.529
seqneut25to26_sera_1007_d28,A/Catalonia/NSVH102689455/2025_H1N1,plate8-A/Catalonia/NSVH102689455/2025_H1N1,1.362e+04,0.8273,0.8273
seqneut25to26_sera_1007_d28,A/Colorado/105/2025_H1N1,plate8-A/Colorado/105/2025_H1N1,40,0,0
seqneut25to26_sera_1007_d28,A/Colorado/105/2025_H1N1,plate8-A/Colorado/105/2025_H1N1,92,0,0
seqneut25to26_sera_1007_d28,A/Colorado/105/2025_H1N1,plate8-A/Colorado/105/2025_H1N1,212,0.01207,0.01207
seqneut25to26_sera_1007_d28,A/Colorado/105/2025_H1N1,plate8-A/Colorado/105/2025_H1N1,487,0.1421,0.1421
seqneut25to26_sera_1007_d28,A/Colorado/105/2025_H1N1,plate8-A/Colorado/105/2025_H1N1,1119,0.9357,0.9357
seqneut25to26_sera_1007_d28,A/Colorado/105/2025_H1N1,plate8-A/Colorado/105/2025_H1N1,2575,0.8244,0.8244
seqneut25to26_sera_1007_d28,A/Colorado/105/2025_H1N1,plate8-A/Colorado/105/2025_H1N1,5921,0.5512,0.5512
seqneut25to26_sera_1007_d28,A/Colorado/105/2025_H1N1,plate8-A/Colorado/105/2025_H1N1,1.362e+04,1.035,1
seqneut25to26_sera_1007_d28,A/CoteDIvoire/2007/2025_H1N1,plate8-A/CoteDIvoire/2007/2025_H1N1,40,0.0006258,0.0006258
seqneut25to26_sera_1007_d28,A/CoteDIvoire/2007/2025_H1N1,plate8-A/CoteDIvoire/2007/2025_H1N1,92,8.703e-05,8.703e-05
seqneut25to26_sera_1007_d28,A/CoteDIvoire/2007/2025_H1N1,plate8-A/CoteDIvoire/2007/2025_H1N1,212,0.0004395,0.0004395
seqneut25to26_sera_1007_d28,A/CoteDIvoire/2007/2025_H1N1,plate8-A/CoteDIvoire/2007/2025_H1N1,487,0.1009,0.1009
seqneut25to26_sera_1007_d28,A/CoteDIvoire/2007/2025_H1N1,plate8-A/CoteDIvoire/2007/2025_H1N1,1119,0.3874,0.3874
seqneut25to26_sera_1007_d28,A/CoteDIvoire/2007/2025_H1N1,plate8-A/CoteDIvoire/2007/2025_H1N1,2575,0.5153,0.5153
seqneut25to26_sera_1007_d28,A/CoteDIvoire/2007/2025_H1N1,plate8-A/CoteDIvoire/2007/2025_H1N1,5921,0.4984,0.4984
seqneut25to26_sera_1007_d28,A/CoteDIvoire/2007/2025_H1N1,plate8-A/CoteDIvoire/2007/2025_H1N1,1.362e+04,0.8881,0.8881
seqneut25to26_sera_1007_d28,A/Croatia/10136RV/2023-egg_H3N2,plate8-A/Croatia/10136RV/2023-egg_H3N2,40,0.0008958,0.0008958
seqneut25to26_sera_1007_d28,A/Croatia/10136RV/2023-egg_H3N2,plate8-A/Croatia/10136RV/2023-egg_H3N2,92,0.1634,0.1634
seqneut25to26_sera_1007_d28,A/Croatia/10136RV/2023-egg_H3N2,plate8-A/Croatia/10136RV/2023-egg_H3N2,212,0.08808,0.08808
seqneut25to26_sera_1007_d28,A/Croatia/10136RV/2023-egg_H3N2,plate8-A/Croatia/10136RV/2023-egg_H3N2,487,0.1337,0.1337
seqneut25to26_sera_1007_d28,A/Croatia/10136RV/2023-egg_H3N2,plate8-A/Croatia/10136RV/2023-egg_H3N2,1119,0.7131,0.7131
seqneut25to26_sera_1007_d28,A/Croatia/10136RV/2023-egg_H3N2,plate8-A/Croatia/10136RV/2023-egg_H3N2,2575,0.4185,0.4185
seqneut25to26_sera_1007_d28,A/Croatia/10136RV/2023-egg_H3N2,plate8-A/Croatia/10136RV/2023-egg_H3N2,5921,0.3549,0.3549
seqneut25to26_sera_1007_d28,A/Croatia/10136RV/2023-egg_H3N2,plate8-A/Croatia/10136RV/2023-egg_H3N2,1.362e+04,0.5407,0.5407
seqneut25to26_sera_1007_d28,A/Darwin/1405/2025_H1N1,plate8-A/Darwin/1405/2025_H1N1,40,0.001058,0.001058
seqneut25to26_sera_1007_d28,A/Darwin/1405/2025_H1N1,plate8-A/Darwin/1405/2025_H1N1,92,0.0001404,0.0001404
seqneut25to26_sera_1007_d28,A/Darwin/1405/2025_H1N1,plate8-A/Darwin/1405/2025_H1N1,212,0.001134,0.001134
seqneut25to26_sera_1007_d28,A/Darwin/1405/2025_H1N1,plate8-A/Darwin/1405/2025_H1N1,487,0.09828,0.09828
seqneut25to26_sera_1007_d28,A/Darwin/1405/2025_H1N1,plate8-A/Darwin/1405/2025_H1N1,1119,0.4367,0.4367
seqneut25to26_sera_1007_d28,A/Darwin/1405/2025_H1N1,plate8-A/Darwin/1405/2025_H1N1,2575,0.5686,0.5686
seqneut25to26_sera_1007_d28,A/Darwin/1405/2025_H1N1,plate8-A/Darwin/1405/2025_H1N1,5921,0.5749,0.5749
seqneut25to26_sera_1007_d28,A/Darwin/1405/2025_H1N1,plate8-A/Darwin/1405/2025_H1N1,1.362e+04,0.8571,0.8571
seqneut25to26_sera_1007_d28,A/Darwin/1461/2025_H3N2,plate8-A/Darwin/1461/2025_H3N2,40,0,0
seqneut25to26_sera_1007_d28,A/Darwin/1461/2025_H3N2,plate8-A/Darwin/1461/2025_H3N2,92,0.0006101,0.0006101
seqneut25to26_sera_1007_d28,A/Darwin/1461/2025_H3N2,plate8-A/Darwin/1461/2025_H3N2,212,0.02529,0.02529
seqneut25to26_sera_1007_d28,A/Darwin/1461/2025_H3N2,plate8-A/Darwin/1461/2025_H3N2,487,0.2532,0.2532
seqneut25to26_sera_1007_d28,A/Darwin/1461/2025_H3N2,plate8-A/Darwin/1461/2025_H3N2,1119,0.4778,0.4778
seqneut25to26_sera_1007_d28,A/Darwin/1461/2025_H3N2,plate8-A/Darwin/1461/2025_H3N2,2575,0.6737,0.6737
seqneut25to26_sera_1007_d28,A/Darwin/1461/2025_H3N2,plate8-A/Darwin/1461/2025_H3N2,5921,0.3928,0.3928
seqneut25to26_sera_1007_d28,A/Darwin/1461/2025_H3N2,plate8-A/Darwin/1461/2025_H3N2,1.362e+04,0.8025,0.8025
seqneut25to26_sera_1007_d28,A/Denmark/3070/2025_H1N1,plate8-A/Denmark/3070/2025_H1N1,40,0,0
seqneut25to26_sera_1007_d28,A/Denmark/3070/2025_H1N1,plate8-A/Denmark/3070/2025_H1N1,92,0.002259,0.002259
seqneut25to26_sera_1007_d28,A/Denmark/3070/2025_H1N1,plate8-A/Denmark/3070/2025_H1N1,212,0.07517,0.07517
seqneut25to26_sera_1007_d28,A/Denmark/3070/2025_H1N1,plate8-A/Denmark/3070/2025_H1N1,487,0.3872,0.3872
seqneut25to26_sera_1007_d28,A/Denmark/3070/2025_H1N1,plate8-A/Denmark/3070/2025_H1N1,1119,0.8405,0.8405
seqneut25to26_sera_1007_d28,A/Denmark/3070/2025_H1N1,plate8-A/Denmark/3070/2025_H1N1,2575,0.7585,0.7585
seqneut25to26_sera_1007_d28,A/Denmark/3070/2025_H1N1,plate8-A/Denmark/3070/2025_H1N1,5921,0.5996,0.5996
seqneut25to26_sera_1007_d28,A/Denmark/3070/2025_H1N1,plate8-A/Denmark/3070/2025_H1N1,1.362e+04,1.019,1
seqneut25to26_sera_1007_d28,A/DistrictOfColumbia/27/2023_H3N2,plate8-A/DistrictOfColumbia/27/2023_H3N2,40,5.079e-05,5.079e-05
seqneut25to26_sera_1007_d28,A/DistrictOfColumbia/27/2023_H3N2,plate8-A/DistrictOfColumbia/27/2023_H3N2,92,0.1172,0.1172
seqneut25to26_sera_1007_d28,A/DistrictOfColumbia/27/2023_H3N2,plate8-A/DistrictOfColumbia/27/2023_H3N2,212,0.0816,0.0816
seqneut25to26_sera_1007_d28,A/DistrictOfColumbia/27/2023_H3N2,plate8-A/DistrictOfColumbia/27/2023_H3N2,487,0.2669,0.2669
seqneut25to26_sera_1007_d28,A/DistrictOfColumbia/27/2023_H3N2,plate8-A/DistrictOfColumbia/27/2023_H3N2,1119,0.641,0.641
seqneut25to26_sera_1007_d28,A/DistrictOfColumbia/27/2023_H3N2,plate8-A/DistrictOfColumbia/27/2023_H3N2,2575,0.6128,0.6128
seqneut25to26_sera_1007_d28,A/DistrictOfColumbia/27/2023_H3N2,plate8-A/DistrictOfColumbia/27/2023_H3N2,5921,0.5097,0.5097
seqneut25to26_sera_1007_d28,A/DistrictOfColumbia/27/2023_H3N2,plate8-A/DistrictOfColumbia/27/2023_H3N2,1.362e+04,0.6766,0.6766
seqneut25to26_sera_1007_d28,A/DistrictOfColumbia/57/2025_H3N2,plate8-A/DistrictOfColumbia/57/2025_H3N2,40,0.005448,0.005448
seqneut25to26_sera_1007_d28,A/DistrictOfColumbia/57/2025_H3N2,plate8-A/DistrictOfColumbia/57/2025_H3N2,92,0.1566,0.1566
seqneut25to26_sera_1007_d28,A/DistrictOfColumbia/57/2025_H3N2,plate8-A/DistrictOfColumbia/57/2025_H3N2,212,0.2235,0.2235
seqneut25to26_sera_1007_d28,A/DistrictOfColumbia/57/2025_H3N2,plate8-A/DistrictOfColumbia/57/2025_H3N2,487,0.5774,0.5774
seqneut25to26_sera_1007_d28,A/DistrictOfColumbia/57/2025_H3N2,plate8-A/DistrictOfColumbia/57/2025_H3N2,1119,0.6126,0.6126
seqneut25to26_sera_1007_d28,A/DistrictOfColumbia/57/2025_H3N2,plate8-A/DistrictOfColumbia/57/2025_H3N2,2575,0.5932,0.5932
seqneut25to26_sera_1007_d28,A/DistrictOfColumbia/57/2025_H3N2,plate8-A/DistrictOfColumbia/57/2025_H3N2,5921,0.5377,0.5377
seqneut25to26_sera_1007_d28,A/DistrictOfColumbia/57/2025_H3N2,plate8-A/DistrictOfColumbia/57/2025_H3N2,1.362e+04,0.756,0.756
seqneut25to26_sera_1007_d28,A/DistritoFederal/250106000728/2025_H3N2,plate8-A/DistritoFederal/250106000728/2025_H3N2,40,0,0
seqneut25to26_sera_1007_d28,A/DistritoFederal/250106000728/2025_H3N2,plate8-A/DistritoFederal/250106000728/2025_H3N2,92,0.0004174,0.0004174
seqneut25to26_sera_1007_d28,A/DistritoFederal/250106000728/2025_H3N2,plate8-A/DistritoFederal/250106000728/2025_H3N2,212,0.02696,0.02696
seqneut25to26_sera_1007_d28,A/DistritoFederal/250106000728/2025_H3N2,plate8-A/DistritoFederal/250106000728/2025_H3N2,487,0.1029,0.1029
seqneut25to26_sera_1007_d28,A/DistritoFederal/250106000728/2025_H3N2,plate8-A/DistritoFederal/250106000728/2025_H3N2,1119,0.3475,0.3475
seqneut25to26_sera_1007_d28,A/DistritoFederal/250106000728/2025_H3N2,plate8-A/DistritoFederal/250106000728/2025_H3N2,2575,0.4948,0.4948
seqneut25to26_sera_1007_d28,A/DistritoFederal/250106000728/2025_H3N2,plate8-A/DistritoFederal/250106000728/2025_H3N2,5921,0.3869,0.3869
seqneut25to26_sera_1007_d28,A/DistritoFederal/250106000728/2025_H3N2,plate8-A/DistritoFederal/250106000728/2025_H3N2,1.362e+04,0.6339,0.6339
seqneut25to26_sera_1007_d28,A/DistritoFederal/2578578201/2025_H3N2,plate8-A/DistritoFederal/2578578201/2025_H3N2,40,0,0
seqneut25to26_sera_1007_d28,A/DistritoFederal/2578578201/2025_H3N2,plate8-A/DistritoFederal/2578578201/2025_H3N2,92,0.0001668,0.0001668
seqneut25to26_sera_1007_d28,A/DistritoFederal/2578578201/2025_H3N2,plate8-A/DistritoFederal/2578578201/2025_H3N2,212,0.00402,0.00402
seqneut25to26_sera_1007_d28,A/DistritoFederal/2578578201/2025_H3N2,plate8-A/DistritoFederal/2578578201/2025_H3N2,487,0.02781,0.02781
seqneut25to26_sera_1007_d28,A/DistritoFederal/2578578201/2025_H3N2,plate8-A/DistritoFederal/2578578201/2025_H3N2,1119,0.1033,0.1033
seqneut25to26_sera_1007_d28,A/DistritoFederal/2578578201/2025_H3N2,plate8-A/DistritoFederal/2578578201/2025_H3N2,2575,0.2093,0.2093
seqneut25to26_sera_1007_d28,A/DistritoFederal/2578578201/2025_H3N2,plate8-A/DistritoFederal/2578578201/2025_H3N2,5921,0.3171,0.3171
seqneut25to26_sera_1007_d28,A/DistritoFederal/2578578201/2025_H3N2,plate8-A/DistritoFederal/2578578201/2025_H3N2,1.362e+04,0.5633,0.5633
seqneut25to26_sera_1007_d28,A/England/174/2025_H3N2,plate8-A/England/174/2025_H3N2,40,0,0
seqneut25to26_sera_1007_d28,A/England/174/2025_H3N2,plate8-A/England/174/2025_H3N2,92,0,0
seqneut25to26_sera_1007_d28,A/England/174/2025_H3N2,plate8-A/England/174/2025_H3N2,212,0.04095,0.04095
seqneut25to26_sera_1007_d28,A/England/174/2025_H3N2,plate8-A/England/174/2025_H3N2,487,0.03421,0.03421
seqneut25to26_sera_1007_d28,A/England/174/2025_H3N2,plate8-A/England/174/2025_H3N2,1119,0.3833,0.3833
seqneut25to26_sera_1007_d28,A/England/174/2025_H3N2,plate8-A/England/174/2025_H3N2,2575,0.421,0.421
seqneut25to26_sera_1007_d28,A/England/174/2025_H3N2,plate8-A/England/174/2025_H3N2,5921,0.4474,0.4474
seqneut25to26_sera_1007_d28,A/England/174/2025_H3N2,plate8-A/England/174/2025_H3N2,1.362e+04,0.8851,0.8851
seqneut25to26_sera_1007_d28,A/England/1822256/2025_H1N1,plate8-A/England/1822256/2025_H1N1,40,1.913e-05,1.913e-05
seqneut25to26_sera_1007_d28,A/England/1822256/2025_H1N1,plate8-A/England/1822256/2025_H1N1,92,0.0003352,0.0003352
seqneut25to26_sera_1007_d28,A/England/1822256/2025_H1N1,plate8-A/England/1822256/2025_H1N1,212,0.0002257,0.0002257
seqneut25to26_sera_1007_d28,A/England/1822256/2025_H1N1,plate8-A/England/1822256/2025_H1N1,487,0.04685,0.04685
seqneut25to26_sera_1007_d28,A/England/1822256/2025_H1N1,plate8-A/England/1822256/2025_H1N1,1119,0.3505,0.3505
seqneut25to26_sera_1007_d28,A/England/1822256/2025_H1N1,plate8-A/England/1822256/2025_H1N1,2575,0.5321,0.5321
seqneut25to26_sera_1007_d28,A/England/1822256/2025_H1N1,plate8-A/England/1822256/2025_H1N1,5921,0.5917,0.5917
seqneut25to26_sera_1007_d28,A/England/1822256/2025_H1N1,plate8-A/England/1822256/2025_H1N1,1.362e+04,0.9193,0.9193
seqneut25to26_sera_1007_d28,A/England/1837734/2025_H3N2,plate8-A/England/1837734/2025_H3N2,40,0.00625,0.00625
seqneut25to26_sera_1007_d28,A/England/1837734/2025_H3N2,plate8-A/England/1837734/2025_H3N2,92,0.05102,0.05102
seqneut25to26_sera_1007_d28,A/England/1837734/2025_H3N2,plate8-A/England/1837734/2025_H3N2,212,0.3447,0.3447
seqneut25to26_sera_1007_d28,A/England/1837734/2025_H3N2,plate8-A/England/1837734/2025_H3N2,487,0.6648,0.6648
seqneut25to26_sera_1007_d28,A/England/1837734/2025_H3N2,plate8-A/England/1837734/2025_H3N2,1119,0.6414,0.6414
seqneut25to26_sera_1007_d28,A/England/1837734/2025_H3N2,plate8-A/England/1837734/2025_H3N2,2575,0.7013,0.7013
seqneut25to26_sera_1007_d28,A/England/1837734/2025_H3N2,plate8-A/England/1837734/2025_H3N2,5921,0.5975,0.5975
seqneut25to26_sera_1007_d28,A/England/1837734/2025_H3N2,plate8-A/England/1837734/2025_H3N2,1.362e+04,0.7322,0.7322
seqneut25to26_sera_1007_d28,A/England/1837737/2025_H3N2,plate8-A/England/1837737/2025_H3N2,40,0.0814,0.0814
seqneut25to26_sera_1007_d28,A/England/1837737/2025_H3N2,plate8-A/England/1837737/2025_H3N2,92,0.1445,0.1445
seqneut25to26_sera_1007_d28,A/England/1837737/2025_H3N2,plate8-A/England/1837737/2025_H3N2,212,0.3212,0.3212
seqneut25to26_sera_1007_d28,A/England/1837737/2025_H3N2,plate8-A/England/1837737/2025_H3N2,487,0.2433,0.2433
seqneut25to26_sera_1007_d28,A/England/1837737/2025_H3N2,plate8-A/England/1837737/2025_H3N2,1119,0.4509,0.4509
seqneut25to26_sera_1007_d28,A/England/1837737/2025_H3N2,plate8-A/England/1837737/2025_H3N2,2575,0.6581,0.6581
seqneut25to26_sera_1007_d28,A/England/1837737/2025_H3N2,plate8-A/England/1837737/2025_H3N2,5921,0.4185,0.4185
seqneut25to26_sera_1007_d28,A/England/1837737/2025_H3N2,plate8-A/England/1837737/2025_H3N2,1.362e+04,0.7665,0.7665
seqneut25to26_sera_1007_d28,A/France/ARA-HCL025155099501/2025_H1N1,plate8-A/France/ARA-HCL025155099501/2025_H1N1,40,0.0001669,0.0001669
seqneut25to26_sera_1007_d28,A/France/ARA-HCL025155099501/2025_H1N1,plate8-A/France/ARA-HCL025155099501/2025_H1N1,92,0.0002035,0.0002035
seqneut25to26_sera_1007_d28,A/France/ARA-HCL025155099501/2025_H1N1,plate8-A/France/ARA-HCL025155099501/2025_H1N1,212,0.00727,0.00727
seqneut25to26_sera_1007_d28,A/France/ARA-HCL025155099501/2025_H1N1,plate8-A/France/ARA-HCL025155099501/2025_H1N1,487,0.1924,0.1924
seqneut25to26_sera_1007_d28,A/France/ARA-HCL025155099501/2025_H1N1,plate8-A/France/ARA-HCL025155099501/2025_H1N1,1119,0.6441,0.6441
seqneut25to26_sera_1007_d28,A/France/ARA-HCL025155099501/2025_H1N1,plate8-A/France/ARA-HCL025155099501/2025_H1N1,2575,0.651,0.651
seqneut25to26_sera_1007_d28,A/France/ARA-HCL025155099501/2025_H1N1,plate8-A/France/ARA-HCL025155099501/2025_H1N1,5921,0.5963,0.5963
seqneut25to26_sera_1007_d28,A/France/ARA-HCL025155099501/2025_H1N1,plate8-A/France/ARA-HCL025155099501/2025_H1N1,1.362e+04,0.7469,0.7469
seqneut25to26_sera_1007_d28,A/Galicia/GA-CHUAC-451/2025_H3N2,plate8-A/Galicia/GA-CHUAC-451/2025_H3N2,40,0,0
seqneut25to26_sera_1007_d28,A/Galicia/GA-CHUAC-451/2025_H3N2,plate8-A/Galicia/GA-CHUAC-451/2025_H3N2,92,0.001018,0.001018
seqneut25to26_sera_1007_d28,A/Galicia/GA-CHUAC-451/2025_H3N2,plate8-A/Galicia/GA-CHUAC-451/2025_H3N2,212,0.01301,0.01301
seqneut25to26_sera_1007_d28,A/Galicia/GA-CHUAC-451/2025_H3N2,plate8-A/Galicia/GA-CHUAC-451/2025_H3N2,487,0.192,0.192
seqneut25to26_sera_1007_d28,A/Galicia/GA-CHUAC-451/2025_H3N2,plate8-A/Galicia/GA-CHUAC-451/2025_H3N2,1119,0.405,0.405
seqneut25to26_sera_1007_d28,A/Galicia/GA-CHUAC-451/2025_H3N2,plate8-A/Galicia/GA-CHUAC-451/2025_H3N2,2575,0.418,0.418
seqneut25to26_sera_1007_d28,A/Galicia/GA-CHUAC-451/2025_H3N2,plate8-A/Galicia/GA-CHUAC-451/2025_H3N2,5921,0.4643,0.4643
seqneut25to26_sera_1007_d28,A/Galicia/GA-CHUAC-451/2025_H3N2,plate8-A/Galicia/GA-CHUAC-451/2025_H3N2,1.362e+04,0.638,0.638
seqneut25to26_sera_1007_d28,A/Ghana/ARI-25-1125/2025_H1N1,plate8-A/Ghana/ARI-25-1125/2025_H1N1,40,0.0003944,0.0003944
seqneut25to26_sera_1007_d28,A/Ghana/ARI-25-1125/2025_H1N1,plate8-A/Ghana/ARI-25-1125/2025_H1N1,92,0.0001609,0.0001609
seqneut25to26_sera_1007_d28,A/Ghana/ARI-25-1125/2025_H1N1,plate8-A/Ghana/ARI-25-1125/2025_H1N1,212,5.91e-05,5.91e-05
seqneut25to26_sera_1007_d28,A/Ghana/ARI-25-1125/2025_H1N1,plate8-A/Ghana/ARI-25-1125/2025_H1N1,487,0.0436,0.0436
seqneut25to26_sera_1007_d28,A/Ghana/ARI-25-1125/2025_H1N1,plate8-A/Ghana/ARI-25-1125/2025_H1N1,1119,0.29,0.29
seqneut25to26_sera_1007_d28,A/Ghana/ARI-25-1125/2025_H1N1,plate8-A/Ghana/ARI-25-1125/2025_H1N1,2575,0.6514,0.6514
seqneut25to26_sera_1007_d28,A/Ghana/ARI-25-1125/2025_H1N1,plate8-A/Ghana/ARI-25-1125/2025_H1N1,5921,0.4555,0.4555
seqneut25to26_sera_1007_d28,A/Ghana/ARI-25-1125/2025_H1N1,plate8-A/Ghana/ARI-25-1125/2025_H1N1,1.362e+04,0.9179,0.9179
seqneut25to26_sera_1007_d28,A/Ghana/FS-25-7077/2025_H3N2,plate8-A/Ghana/FS-25-7077/2025_H3N2,40,0.008388,0.008388
seqneut25to26_sera_1007_d28,A/Ghana/FS-25-7077/2025_H3N2,plate8-A/Ghana/FS-25-7077/2025_H3N2,92,0.07647,0.07647
seqneut25to26_sera_1007_d28,A/Ghana/FS-25-7077/2025_H3N2,plate8-A/Ghana/FS-25-7077/2025_H3N2,212,0.3831,0.3831
seqneut25to26_sera_1007_d28,A/Ghana/FS-25-7077/2025_H3N2,plate8-A/Ghana/FS-25-7077/2025_H3N2,487,0.6714,0.6714
seqneut25to26_sera_1007_d28,A/Ghana/FS-25-7077/2025_H3N2,plate8-A/Ghana/FS-25-7077/2025_H3N2,1119,0.7684,0.7684
seqneut25to26_sera_1007_d28,A/Ghana/FS-25-7077/2025_H3N2,plate8-A/Ghana/FS-25-7077/2025_H3N2,2575,0.6463,0.6463
seqneut25to26_sera_1007_d28,A/Ghana/FS-25-7077/2025_H3N2,plate8-A/Ghana/FS-25-7077/2025_H3N2,5921,0.4598,0.4598
seqneut25to26_sera_1007_d28,A/Ghana/FS-25-7077/2025_H3N2,plate8-A/Ghana/FS-25-7077/2025_H3N2,1.362e+04,0.8435,0.8435
seqneut25to26_sera_1007_d28,A/Guangdong-Maonan/11438/2025_H3N2,plate8-A/Guangdong-Maonan/11438/2025_H3N2,40,0,0
seqneut25to26_sera_1007_d28,A/Guangdong-Maonan/11438/2025_H3N2,plate8-A/Guangdong-Maonan/11438/2025_H3N2,92,0,0
seqneut25to26_sera_1007_d28,A/Guangdong-Maonan/11438/2025_H3N2,plate8-A/Guangdong-Maonan/11438/2025_H3N2,212,0.001703,0.001703
seqneut25to26_sera_1007_d28,A/Guangdong-Maonan/11438/2025_H3N2,plate8-A/Guangdong-Maonan/11438/2025_H3N2,487,0.01456,0.01456
seqneut25to26_sera_1007_d28,A/Guangdong-Maonan/11438/2025_H3N2,plate8-A/Guangdong-Maonan/11438/2025_H3N2,1119,0.4059,0.4059
seqneut25to26_sera_1007_d28,A/Guangdong-Maonan/11438/2025_H3N2,plate8-A/Guangdong-Maonan/11438/2025_H3N2,2575,0.4478,0.4478
seqneut25to26_sera_1007_d28,A/Guangdong-Maonan/11438/2025_H3N2,plate8-A/Guangdong-Maonan/11438/2025_H3N2,5921,0.5708,0.5708
seqneut25to26_sera_1007_d28,A/Guangdong-Maonan/11438/2025_H3N2,plate8-A/Guangdong-Maonan/11438/2025_H3N2,1.362e+04,0.6109,0.6109
seqneut25to26_sera_1007_d28,A/Guangdong-Meijiang/11256/2025_H3N2,plate8-A/Guangdong-Meijiang/11256/2025_H3N2,40,0,0
seqneut25to26_sera_1007_d28,A/Guangdong-Meijiang/11256/2025_H3N2,plate8-A/Guangdong-Meijiang/11256/2025_H3N2,92,9.775e-05,9.775e-05
seqneut25to26_sera_1007_d28,A/Guangdong-Meijiang/11256/2025_H3N2,plate8-A/Guangdong-Meijiang/11256/2025_H3N2,212,0.0295,0.0295
seqneut25to26_sera_1007_d28,A/Guangdong-Meijiang/11256/2025_H3N2,plate8-A/Guangdong-Meijiang/11256/2025_H3N2,487,0.06757,0.06757
seqneut25to26_sera_1007_d28,A/Guangdong-Meijiang/11256/2025_H3N2,plate8-A/Guangdong-Meijiang/11256/2025_H3N2,1119,0.3244,0.3244
seqneut25to26_sera_1007_d28,A/Guangdong-Meijiang/11256/2025_H3N2,plate8-A/Guangdong-Meijiang/11256/2025_H3N2,2575,0.2666,0.2666
seqneut25to26_sera_1007_d28,A/Guangdong-Meijiang/11256/2025_H3N2,plate8-A/Guangdong-Meijiang/11256/2025_H3N2,5921,0.4632,0.4632
seqneut25to26_sera_1007_d28,A/Guangdong-Meijiang/11256/2025_H3N2,plate8-A/Guangdong-Meijiang/11256/2025_H3N2,1.362e+04,0.7499,0.7499
seqneut25to26_sera_1007_d28,A/Guangxi-Daxin/1643/2025_H3N2,plate8-A/Guangxi-Daxin/1643/2025_H3N2,40,0.001056,0.001056
seqneut25to26_sera_1007_d28,A/Guangxi-Daxin/1643/2025_H3N2,plate8-A/Guangxi-Daxin/1643/2025_H3N2,92,0.006727,0.006727
seqneut25to26_sera_1007_d28,A/Guangxi-Daxin/1643/2025_H3N2,plate8-A/Guangxi-Daxin/1643/2025_H3N2,212,0.04709,0.04709
seqneut25to26_sera_1007_d28,A/Guangxi-Daxin/1643/2025_H3N2,plate8-A/Guangxi-Daxin/1643/2025_H3N2,487,0.05132,0.05132
seqneut25to26_sera_1007_d28,A/Guangxi-Daxin/1643/2025_H3N2,plate8-A/Guangxi-Daxin/1643/2025_H3N2,1119,0.2396,0.2396
seqneut25to26_sera_1007_d28,A/Guangxi-Daxin/1643/2025_H3N2,plate8-A/Guangxi-Daxin/1643/2025_H3N2,2575,0.4638,0.4638
seqneut25to26_sera_1007_d28,A/Guangxi-Daxin/1643/2025_H3N2,plate8-A/Guangxi-Daxin/1643/2025_H3N2,5921,0.3545,0.3545
seqneut25to26_sera_1007_d28,A/Guangxi-Daxin/1643/2025_H3N2,plate8-A/Guangxi-Daxin/1643/2025_H3N2,1.362e+04,0.6784,0.6784
seqneut25to26_sera_1007_d28,A/Guangxi-Qingxiu/SWL11742/2025_H1N1,plate8-A/Guangxi-Qingxiu/SWL11742/2025_H1N1,40,0.0008878,0.0008878
seqneut25to26_sera_1007_d28,A/Guangxi-Qingxiu/SWL11742/2025_H1N1,plate8-A/Guangxi-Qingxiu/SWL11742/2025_H1N1,92,0.001023,0.001023
seqneut25to26_sera_1007_d28,A/Guangxi-Qingxiu/SWL11742/2025_H1N1,plate8-A/Guangxi-Qingxiu/SWL11742/2025_H1N1,212,0.002719,0.002719
seqneut25to26_sera_1007_d28,A/Guangxi-Qingxiu/SWL11742/2025_H1N1,plate8-A/Guangxi-Qingxiu/SWL11742/2025_H1N1,487,0.08494,0.08494
seqneut25to26_sera_1007_d28,A/Guangxi-Qingxiu/SWL11742/2025_H1N1,plate8-A/Guangxi-Qingxiu/SWL11742/2025_H1N1,1119,0.4509,0.4509
seqneut25to26_sera_1007_d28,A/Guangxi-Qingxiu/SWL11742/2025_H1N1,plate8-A/Guangxi-Qingxiu/SWL11742/2025_H1N1,2575,0.5987,0.5987
seqneut25to26_sera_1007_d28,A/Guangxi-Qingxiu/SWL11742/2025_H1N1,plate8-A/Guangxi-Qingxiu/SWL11742/2025_H1N1,5921,0.5628,0.5628
seqneut25to26_sera_1007_d28,A/Guangxi-Qingxiu/SWL11742/2025_H1N1,plate8-A/Guangxi-Qingxiu/SWL11742/2025_H1N1,1.362e+04,0.8553,0.8553
seqneut25to26_sera_1007_d28,A/Hawaii/44/2025_H1N1,plate8-A/Hawaii/44/2025_H1N1,40,0,0
seqneut25to26_sera_1007_d28,A/Hawaii/44/2025_H1N1,plate8-A/Hawaii/44/2025_H1N1,92,0.001729,0.001729
seqneut25to26_sera_1007_d28,A/Hawaii/44/2025_H1N1,plate8-A/Hawaii/44/2025_H1N1,212,0.07472,0.07472
seqneut25to26_sera_1007_d28,A/Hawaii/44/2025_H1N1,plate8-A/Hawaii/44/2025_H1N1,487,0.3545,0.3545
seqneut25to26_sera_1007_d28,A/Hawaii/44/2025_H1N1,plate8-A/Hawaii/44/2025_H1N1,1119,0.6573,0.6573
seqneut25to26_sera_1007_d28,A/Hawaii/44/2025_H1N1,plate8-A/Hawaii/44/2025_H1N1,2575,0.7121,0.7121
seqneut25to26_sera_1007_d28,A/Hawaii/44/2025_H1N1,plate8-A/Hawaii/44/2025_H1N1,5921,0.6214,0.6214
seqneut25to26_sera_1007_d28,A/Hawaii/44/2025_H1N1,plate8-A/Hawaii/44/2025_H1N1,1.362e+04,0.922,0.922
seqneut25to26_sera_1007_d28,A/Hawaii/70/2019_H1N1,plate8-A/Hawaii/70/2019_H1N1,40,9.36e-05,9.36e-05
seqneut25to26_sera_1007_d28,A/Hawaii/70/2019_H1N1,plate8-A/Hawaii/70/2019_H1N1,92,0.0003944,0.0003944
seqneut25to26_sera_1007_d28,A/Hawaii/70/2019_H1N1,plate8-A/Hawaii/70/2019_H1N1,212,0.0002446,0.0002446
seqneut25to26_sera_1007_d28,A/Hawaii/70/2019_H1N1,plate8-A/Hawaii/70/2019_H1N1,487,0.0002855,0.0002855
seqneut25to26_sera_1007_d28,A/Hawaii/70/2019_H1N1,plate8-A/Hawaii/70/2019_H1N1,1119,0.006381,0.006381
seqneut25to26_sera_1007_d28,A/Hawaii/70/2019_H1N1,plate8-A/Hawaii/70/2019_H1N1,2575,0.1027,0.1027
seqneut25to26_sera_1007_d28,A/Hawaii/70/2019_H1N1,plate8-A/Hawaii/70/2019_H1N1,5921,0.2755,0.2755
seqneut25to26_sera_1007_d28,A/Hawaii/70/2019_H1N1,plate8-A/Hawaii/70/2019_H1N1,1.362e+04,0.6014,0.6014
seqneut25to26_sera_1007_d28,A/HongKong/1257/2025_H3N2,plate8-A/HongKong/1257/2025_H3N2,40,0,0
seqneut25to26_sera_1007_d28,A/HongKong/1257/2025_H3N2,plate8-A/HongKong/1257/2025_H3N2,92,0.001273,0.001273
seqneut25to26_sera_1007_d28,A/HongKong/1257/2025_H3N2,plate8-A/HongKong/1257/2025_H3N2,212,0.05278,0.05278
seqneut25to26_sera_1007_d28,A/HongKong/1257/2025_H3N2,plate8-A/HongKong/1257/2025_H3N2,487,0.1779,0.1779
seqneut25to26_sera_1007_d28,A/HongKong/1257/2025_H3N2,plate8-A/HongKong/1257/2025_H3N2,1119,0.5106,0.5106
seqneut25to26_sera_1007_d28,A/HongKong/1257/2025_H3N2,plate8-A/HongKong/1257/2025_H3N2,2575,0.6405,0.6405
seqneut25to26_sera_1007_d28,A/HongKong/1257/2025_H3N2,plate8-A/HongKong/1257/2025_H3N2,5921,0.4419,0.4419
seqneut25to26_sera_1007_d28,A/HongKong/1257/2025_H3N2,plate8-A/HongKong/1257/2025_H3N2,1.362e+04,0.7498,0.7498
seqneut25to26_sera_1007_d28,A/HongKong/1382/2025_H3N2,plate8-A/HongKong/1382/2025_H3N2,40,0.1685,0.1685
seqneut25to26_sera_1007_d28,A/HongKong/1382/2025_H3N2,plate8-A/HongKong/1382/2025_H3N2,92,0.1617,0.1617
seqneut25to26_sera_1007_d28,A/HongKong/1382/2025_H3N2,plate8-A/HongKong/1382/2025_H3N2,212,0.4146,0.4146
seqneut25to26_sera_1007_d28,A/HongKong/1382/2025_H3N2,plate8-A/HongKong/1382/2025_H3N2,487,0.5827,0.5827
seqneut25to26_sera_1007_d28,A/HongKong/1382/2025_H3N2,plate8-A/HongKong/1382/2025_H3N2,1119,0.694,0.694
seqneut25to26_sera_1007_d28,A/HongKong/1382/2025_H3N2,plate8-A/HongKong/1382/2025_H3N2,2575,0.735,0.735
seqneut25to26_sera_1007_d28,A/HongKong/1382/2025_H3N2,plate8-A/HongKong/1382/2025_H3N2,5921,0.4729,0.4729
seqneut25to26_sera_1007_d28,A/HongKong/1382/2025_H3N2,plate8-A/HongKong/1382/2025_H3N2,1.362e+04,0.9859,0.9859
seqneut25to26_sera_1007_d28,A/Indonesia/BIOKES-I-BT074/2025_H3N2,plate8-A/Indonesia/BIOKES-I-BT074/2025_H3N2,40,0.01382,0.01382
seqneut25to26_sera_1007_d28,A/Indonesia/BIOKES-I-BT074/2025_H3N2,plate8-A/Indonesia/BIOKES-I-BT074/2025_H3N2,92,0.08366,0.08366
seqneut25to26_sera_1007_d28,A/Indonesia/BIOKES-I-BT074/2025_H3N2,plate8-A/Indonesia/BIOKES-I-BT074/2025_H3N2,212,0.407,0.407
seqneut25to26_sera_1007_d28,A/Indonesia/BIOKES-I-BT074/2025_H3N2,plate8-A/Indonesia/BIOKES-I-BT074/2025_H3N2,487,0.6594,0.6594
seqneut25to26_sera_1007_d28,A/Indonesia/BIOKES-I-BT074/2025_H3N2,plate8-A/Indonesia/BIOKES-I-BT074/2025_H3N2,1119,0.7293,0.7293
seqneut25to26_sera_1007_d28,A/Indonesia/BIOKES-I-BT074/2025_H3N2,plate8-A/Indonesia/BIOKES-I-BT074/2025_H3N2,2575,0.6309,0.6309
seqneut25to26_sera_1007_d28,A/Indonesia/BIOKES-I-BT074/2025_H3N2,plate8-A/Indonesia/BIOKES-I-BT074/2025_H3N2,5921,0.5546,0.5546
seqneut25to26_sera_1007_d28,A/Indonesia/BIOKES-I-BT074/2025_H3N2,plate8-A/Indonesia/BIOKES-I-BT074/2025_H3N2,1.362e+04,0.6974,0.6974
seqneut25to26_sera_1007_d28,A/Indonesia/BIOKES-INAD491/2025_H3N2,plate8-A/Indonesia/BIOKES-INAD491/2025_H3N2,40,0.0003846,0.0003846
seqneut25to26_sera_1007_d28,A/Indonesia/BIOKES-INAD491/2025_H3N2,plate8-A/Indonesia/BIOKES-INAD491/2025_H3N2,92,0,0
seqneut25to26_sera_1007_d28,A/Indonesia/BIOKES-INAD491/2025_H3N2,plate8-A/Indonesia/BIOKES-INAD491/2025_H3N2,212,0.02773,0.02773
seqneut25to26_sera_1007_d28,A/Indonesia/BIOKES-INAD491/2025_H3N2,plate8-A/Indonesia/BIOKES-INAD491/2025_H3N2,487,0.04992,0.04992
seqneut25to26_sera_1007_d28,A/Indonesia/BIOKES-INAD491/2025_H3N2,plate8-A/Indonesia/BIOKES-INAD491/2025_H3N2,1119,0.2673,0.2673
seqneut25to26_sera_1007_d28,A/Indonesia/BIOKES-INAD491/2025_H3N2,plate8-A/Indonesia/BIOKES-INAD491/2025_H3N2,2575,0.6064,0.6064
seqneut25to26_sera_1007_d28,A/Indonesia/BIOKES-INAD491/2025_H3N2,plate8-A/Indonesia/BIOKES-INAD491/2025_H3N2,5921,0.4225,0.4225
seqneut25to26_sera_1007_d28,A/Indonesia/BIOKES-INAD491/2025_H3N2,plate8-A/Indonesia/BIOKES-INAD491/2025_H3N2,1.362e+04,0.9308,0.9308
seqneut25to26_sera_1007_d28,A/Lao/820-2750/2025_H3N2,plate8-A/Lao/820-2750/2025_H3N2,40,0.04311,0.04311
seqneut25to26_sera_1007_d28,A/Lao/820-2750/2025_H3N2,plate8-A/Lao/820-2750/2025_H3N2,92,0.264,0.264
seqneut25to26_sera_1007_d28,A/Lao/820-2750/2025_H3N2,plate8-A/Lao/820-2750/2025_H3N2,212,0.3316,0.3316
seqneut25to26_sera_1007_d28,A/Lao/820-2750/2025_H3N2,plate8-A/Lao/820-2750/2025_H3N2,487,0.8154,0.8154
seqneut25to26_sera_1007_d28,A/Lao/820-2750/2025_H3N2,plate8-A/Lao/820-2750/2025_H3N2,1119,0.7133,0.7133
seqneut25to26_sera_1007_d28,A/Lao/820-2750/2025_H3N2,plate8-A/Lao/820-2750/2025_H3N2,2575,0.6714,0.6714
seqneut25to26_sera_1007_d28,A/Lao/820-2750/2025_H3N2,plate8-A/Lao/820-2750/2025_H3N2,5921,0.5423,0.5423
seqneut25to26_sera_1007_d28,A/Lao/820-2750/2025_H3N2,plate8-A/Lao/820-2750/2025_H3N2,1.362e+04,0.7187,0.7187
seqneut25to26_sera_1007_d28,A/Malaysia/IMR/SARI/2028/2025_H3N2,plate8-A/Malaysia/IMR/SARI/2028/2025_H3N2,40,0,0
seqneut25to26_sera_1007_d28,A/Malaysia/IMR/SARI/2028/2025_H3N2,plate8-A/Malaysia/IMR/SARI/2028/2025_H3N2,92,0.0001382,0.0001382
seqneut25to26_sera_1007_d28,A/Malaysia/IMR/SARI/2028/2025_H3N2,plate8-A/Malaysia/IMR/SARI/2028/2025_H3N2,212,0.009055,0.009055
seqneut25to26_sera_1007_d28,A/Malaysia/IMR/SARI/2028/2025_H3N2,plate8-A/Malaysia/IMR/SARI/2028/2025_H3N2,487,0.07848,0.07848
seqneut25to26_sera_1007_d28,A/Malaysia/IMR/SARI/2028/2025_H3N2,plate8-A/Malaysia/IMR/SARI/2028/2025_H3N2,1119,0.3692,0.3692
seqneut25to26_sera_1007_d28,A/Malaysia/IMR/SARI/2028/2025_H3N2,plate8-A/Malaysia/IMR/SARI/2028/2025_H3N2,2575,0.4596,0.4596
seqneut25to26_sera_1007_d28,A/Malaysia/IMR/SARI/2028/2025_H3N2,plate8-A/Malaysia/IMR/SARI/2028/2025_H3N2,5921,0.4758,0.4758
seqneut25to26_sera_1007_d28,A/Malaysia/IMR/SARI/2028/2025_H3N2,plate8-A/Malaysia/IMR/SARI/2028/2025_H3N2,1.362e+04,0.7298,0.7298
seqneut25to26_sera_1007_d28,A/Malaysia/IMR/SARI/2406/2025_H3N2,plate8-A/Malaysia/IMR/SARI/2406/2025_H3N2,40,0.01167,0.01167
seqneut25to26_sera_1007_d28,A/Malaysia/IMR/SARI/2406/2025_H3N2,plate8-A/Malaysia/IMR/SARI/2406/2025_H3N2,92,0.0401,0.0401
seqneut25to26_sera_1007_d28,A/Malaysia/IMR/SARI/2406/2025_H3N2,plate8-A/Malaysia/IMR/SARI/2406/2025_H3N2,212,0.3712,0.3712
seqneut25to26_sera_1007_d28,A/Malaysia/IMR/SARI/2406/2025_H3N2,plate8-A/Malaysia/IMR/SARI/2406/2025_H3N2,487,0.5514,0.5514
seqneut25to26_sera_1007_d28,A/Malaysia/IMR/SARI/2406/2025_H3N2,plate8-A/Malaysia/IMR/SARI/2406/2025_H3N2,1119,0.8014,0.8014
seqneut25to26_sera_1007_d28,A/Malaysia/IMR/SARI/2406/2025_H3N2,plate8-A/Malaysia/IMR/SARI/2406/2025_H3N2,2575,0.7077,0.7077
seqneut25to26_sera_1007_d28,A/Malaysia/IMR/SARI/2406/2025_H3N2,plate8-A/Malaysia/IMR/SARI/2406/2025_H3N2,5921,0.5688,0.5688
seqneut25to26_sera_1007_d28,A/Malaysia/IMR/SARI/2406/2025_H3N2,plate8-A/Malaysia/IMR/SARI/2406/2025_H3N2,1.362e+04,0.8047,0.8047
seqneut25to26_sera_1007_d28,A/Malaysia/IMR/SARI/2517/2025_H3N2,plate8-A/Malaysia/IMR/SARI/2517/2025_H3N2,40,0.01254,0.01254
seqneut25to26_sera_1007_d28,A/Malaysia/IMR/SARI/2517/2025_H3N2,plate8-A/Malaysia/IMR/SARI/2517/2025_H3N2,92,0.1115,0.1115
seqneut25to26_sera_1007_d28,A/Malaysia/IMR/SARI/2517/2025_H3N2,plate8-A/Malaysia/IMR/SARI/2517/2025_H3N2,212,0.2766,0.2766
seqneut25to26_sera_1007_d28,A/Malaysia/IMR/SARI/2517/2025_H3N2,plate8-A/Malaysia/IMR/SARI/2517/2025_H3N2,487,0.6567,0.6567
seqneut25to26_sera_1007_d28,A/Malaysia/IMR/SARI/2517/2025_H3N2,plate8-A/Malaysia/IMR/SARI/2517/2025_H3N2,1119,0.7824,0.7824
seqneut25to26_sera_1007_d28,A/Malaysia/IMR/SARI/2517/2025_H3N2,plate8-A/Malaysia/IMR/SARI/2517/2025_H3N2,2575,0.5871,0.5871
seqneut25to26_sera_1007_d28,A/Malaysia/IMR/SARI/2517/2025_H3N2,plate8-A/Malaysia/IMR/SARI/2517/2025_H3N2,5921,0.5863,0.5863
seqneut25to26_sera_1007_d28,A/Malaysia/IMR/SARI/2517/2025_H3N2,plate8-A/Malaysia/IMR/SARI/2517/2025_H3N2,1.362e+04,0.8584,0.8584
seqneut25to26_sera_1007_d28,A/Massachusetts/18/2022_H3N2,plate8-A/Massachusetts/18/2022_H3N2,40,0.001109,0.001109
seqneut25to26_sera_1007_d28,A/Massachusetts/18/2022_H3N2,plate8-A/Massachusetts/18/2022_H3N2,92,0.002924,0.002924
seqneut25to26_sera_1007_d28,A/Massachusetts/18/2022_H3N2,plate8-A/Massachusetts/18/2022_H3N2,212,0.1111,0.1111
seqneut25to26_sera_1007_d28,A/Massachusetts/18/2022_H3N2,plate8-A/Massachusetts/18/2022_H3N2,487,0.2099,0.2099
seqneut25to26_sera_1007_d28,A/Massachusetts/18/2022_H3N2,plate8-A/Massachusetts/18/2022_H3N2,1119,0.282,0.282
seqneut25to26_sera_1007_d28,A/Massachusetts/18/2022_H3N2,plate8-A/Massachusetts/18/2022_H3N2,2575,0.4309,0.4309
seqneut25to26_sera_1007_d28,A/Massachusetts/18/2022_H3N2,plate8-A/Massachusetts/18/2022_H3N2,5921,0.3975,0.3975
seqneut25to26_sera_1007_d28,A/Massachusetts/18/2022_H3N2,plate8-A/Massachusetts/18/2022_H3N2,1.362e+04,0.6382,0.6382
seqneut25to26_sera_1007_d28,A/Michigan/110/2025_H3N2,plate8-A/Michigan/110/2025_H3N2,40,1.622e-05,1.622e-05
seqneut25to26_sera_1007_d28,A/Michigan/110/2025_H3N2,plate8-A/Michigan/110/2025_H3N2,92,0.003018,0.003018
seqneut25to26_sera_1007_d28,A/Michigan/110/2025_H3N2,plate8-A/Michigan/110/2025_H3N2,212,0.1136,0.1136
seqneut25to26_sera_1007_d28,A/Michigan/110/2025_H3N2,plate8-A/Michigan/110/2025_H3N2,487,0.3145,0.3145
seqneut25to26_sera_1007_d28,A/Michigan/110/2025_H3N2,plate8-A/Michigan/110/2025_H3N2,1119,0.4854,0.4854
seqneut25to26_sera_1007_d28,A/Michigan/110/2025_H3N2,plate8-A/Michigan/110/2025_H3N2,2575,0.63,0.63
seqneut25to26_sera_1007_d28,A/Michigan/110/2025_H3N2,plate8-A/Michigan/110/2025_H3N2,5921,0.5668,0.5668
seqneut25to26_sera_1007_d28,A/Michigan/110/2025_H3N2,plate8-A/Michigan/110/2025_H3N2,1.362e+04,0.8238,0.8238
seqneut25to26_sera_1007_d28,A/Minnesota/96/2025_H3N2,plate8-A/Minnesota/96/2025_H3N2,40,0,0
seqneut25to26_sera_1007_d28,A/Minnesota/96/2025_H3N2,plate8-A/Minnesota/96/2025_H3N2,92,0.01176,0.01176
seqneut25to26_sera_1007_d28,A/Minnesota/96/2025_H3N2,plate8-A/Minnesota/96/2025_H3N2,212,0.03982,0.03982
seqneut25to26_sera_1007_d28,A/Minnesota/96/2025_H3N2,plate8-A/Minnesota/96/2025_H3N2,487,0.2042,0.2042
seqneut25to26_sera_1007_d28,A/Minnesota/96/2025_H3N2,plate8-A/Minnesota/96/2025_H3N2,1119,0.4473,0.4473
seqneut25to26_sera_1007_d28,A/Minnesota/96/2025_H3N2,plate8-A/Minnesota/96/2025_H3N2,2575,0.5604,0.5604
seqneut25to26_sera_1007_d28,A/Minnesota/96/2025_H3N2,plate8-A/Minnesota/96/2025_H3N2,5921,0.3824,0.3824
seqneut25to26_sera_1007_d28,A/Minnesota/96/2025_H3N2,plate8-A/Minnesota/96/2025_H3N2,1.362e+04,0.6431,0.6431
seqneut25to26_sera_1007_d28,A/Missouri/11/2025_H1N1,plate8-A/Missouri/11/2025_H1N1,40,0,0
seqneut25to26_sera_1007_d28,A/Missouri/11/2025_H1N1,plate8-A/Missouri/11/2025_H1N1,92,0.0004581,0.0004581
seqneut25to26_sera_1007_d28,A/Missouri/11/2025_H1N1,plate8-A/Missouri/11/2025_H1N1,212,0.001641,0.001641
seqneut25to26_sera_1007_d28,A/Missouri/11/2025_H1N1,plate8-A/Missouri/11/2025_H1N1,487,0.08123,0.08123
seqneut25to26_sera_1007_d28,A/Missouri/11/2025_H1N1,plate8-A/Missouri/11/2025_H1N1,1119,0.4144,0.4144
seqneut25to26_sera_1007_d28,A/Missouri/11/2025_H1N1,plate8-A/Missouri/11/2025_H1N1,2575,0.5316,0.5316
seqneut25to26_sera_1007_d28,A/Missouri/11/2025_H1N1,plate8-A/Missouri/11/2025_H1N1,5921,0.6123,0.6123
seqneut25to26_sera_1007_d28,A/Missouri/11/2025_H1N1,plate8-A/Missouri/11/2025_H1N1,1.362e+04,0.8901,0.8901
seqneut25to26_sera_1007_d28,A/NewSouthWales/2526015582/2025_H3N2,plate8-A/NewSouthWales/2526015582/2025_H3N2,40,0.008026,0.008026
seqneut25to26_sera_1007_d28,A/NewSouthWales/2526015582/2025_H3N2,plate8-A/NewSouthWales/2526015582/2025_H3N2,92,0.07355,0.07355
seqneut25to26_sera_1007_d28,A/NewSouthWales/2526015582/2025_H3N2,plate8-A/NewSouthWales/2526015582/2025_H3N2,212,0.2744,0.2744
seqneut25to26_sera_1007_d28,A/NewSouthWales/2526015582/2025_H3N2,plate8-A/NewSouthWales/2526015582/2025_H3N2,487,0.5824,0.5824
seqneut25to26_sera_1007_d28,A/NewSouthWales/2526015582/2025_H3N2,plate8-A/NewSouthWales/2526015582/2025_H3N2,1119,0.5988,0.5988
seqneut25to26_sera_1007_d28,A/NewSouthWales/2526015582/2025_H3N2,plate8-A/NewSouthWales/2526015582/2025_H3N2,2575,0.6329,0.6329
seqneut25to26_sera_1007_d28,A/NewSouthWales/2526015582/2025_H3N2,plate8-A/NewSouthWales/2526015582/2025_H3N2,5921,0.4924,0.4924
seqneut25to26_sera_1007_d28,A/NewSouthWales/2526015582/2025_H3N2,plate8-A/NewSouthWales/2526015582/2025_H3N2,1.362e+04,0.6667,0.6667
seqneut25to26_sera_1007_d28,A/NewSouthWales/2526015584/2025_H3N2,plate8-A/NewSouthWales/2526015584/2025_H3N2,40,0.006883,0.006883
seqneut25to26_sera_1007_d28,A/NewSouthWales/2526015584/2025_H3N2,plate8-A/NewSouthWales/2526015584/2025_H3N2,92,0.05206,0.05206
seqneut25to26_sera_1007_d28,A/NewSouthWales/2526015584/2025_H3N2,plate8-A/NewSouthWales/2526015584/2025_H3N2,212,0.2262,0.2262
seqneut25to26_sera_1007_d28,A/NewSouthWales/2526015584/2025_H3N2,plate8-A/NewSouthWales/2526015584/2025_H3N2,487,0.4857,0.4857
seqneut25to26_sera_1007_d28,A/NewSouthWales/2526015584/2025_H3N2,plate8-A/NewSouthWales/2526015584/2025_H3N2,1119,0.7576,0.7576
seqneut25to26_sera_1007_d28,A/NewSouthWales/2526015584/2025_H3N2,plate8-A/NewSouthWales/2526015584/2025_H3N2,2575,0.6356,0.6356
seqneut25to26_sera_1007_d28,A/NewSouthWales/2526015584/2025_H3N2,plate8-A/NewSouthWales/2526015584/2025_H3N2,5921,0.5382,0.5382
seqneut25to26_sera_1007_d28,A/NewSouthWales/2526015584/2025_H3N2,plate8-A/NewSouthWales/2526015584/2025_H3N2,1.362e+04,0.7975,0.7975
seqneut25to26_sera_1007_d28,A/Norway/8765/2025_H3N2,plate8-A/Norway/8765/2025_H3N2,40,0.0171,0.0171
seqneut25to26_sera_1007_d28,A/Norway/8765/2025_H3N2,plate8-A/Norway/8765/2025_H3N2,92,0.08652,0.08652
seqneut25to26_sera_1007_d28,A/Norway/8765/2025_H3N2,plate8-A/Norway/8765/2025_H3N2,212,0.3155,0.3155
seqneut25to26_sera_1007_d28,A/Norway/8765/2025_H3N2,plate8-A/Norway/8765/2025_H3N2,487,0.5324,0.5324
seqneut25to26_sera_1007_d28,A/Norway/8765/2025_H3N2,plate8-A/Norway/8765/2025_H3N2,1119,0.6976,0.6976
seqneut25to26_sera_1007_d28,A/Norway/8765/2025_H3N2,plate8-A/Norway/8765/2025_H3N2,2575,0.5533,0.5533
seqneut25to26_sera_1007_d28,A/Norway/8765/2025_H3N2,plate8-A/Norway/8765/2025_H3N2,5921,0.4706,0.4706
seqneut25to26_sera_1007_d28,A/Norway/8765/2025_H3N2,plate8-A/Norway/8765/2025_H3N2,1.362e+04,0.797,0.797
seqneut25to26_sera_1007_d28,A/Norway/8976/2025_H3N2,plate8-A/Norway/8976/2025_H3N2,40,0.01405,0.01405
seqneut25to26_sera_1007_d28,A/Norway/8976/2025_H3N2,plate8-A/Norway/8976/2025_H3N2,92,0.07696,0.07696
seqneut25to26_sera_1007_d28,A/Norway/8976/2025_H3N2,plate8-A/Norway/8976/2025_H3N2,212,0.2392,0.2392
seqneut25to26_sera_1007_d28,A/Norway/8976/2025_H3N2,plate8-A/Norway/8976/2025_H3N2,487,0.5455,0.5455
seqneut25to26_sera_1007_d28,A/Norway/8976/2025_H3N2,plate8-A/Norway/8976/2025_H3N2,1119,0.673,0.673
seqneut25to26_sera_1007_d28,A/Norway/8976/2025_H3N2,plate8-A/Norway/8976/2025_H3N2,2575,0.7099,0.7099
seqneut25to26_sera_1007_d28,A/Norway/8976/2025_H3N2,plate8-A/Norway/8976/2025_H3N2,5921,0.5198,0.5198
seqneut25to26_sera_1007_d28,A/Norway/8976/2025_H3N2,plate8-A/Norway/8976/2025_H3N2,1.362e+04,0.7083,0.7083
seqneut25to26_sera_1007_d28,A/Norway/9107/2025_H1N1,plate8-A/Norway/9107/2025_H1N1,40,0.0006941,0.0006941
seqneut25to26_sera_1007_d28,A/Norway/9107/2025_H1N1,plate8-A/Norway/9107/2025_H1N1,92,0.002397,0.002397
seqneut25to26_sera_1007_d28,A/Norway/9107/2025_H1N1,plate8-A/Norway/9107/2025_H1N1,212,0.002568,0.002568
seqneut25to26_sera_1007_d28,A/Norway/9107/2025_H1N1,plate8-A/Norway/9107/2025_H1N1,487,0.1255,0.1255
seqneut25to26_sera_1007_d28,A/Norway/9107/2025_H1N1,plate8-A/Norway/9107/2025_H1N1,1119,0.4857,0.4857
seqneut25to26_sera_1007_d28,A/Norway/9107/2025_H1N1,plate8-A/Norway/9107/2025_H1N1,2575,0.5391,0.5391
seqneut25to26_sera_1007_d28,A/Norway/9107/2025_H1N1,plate8-A/Norway/9107/2025_H1N1,5921,0.5454,0.5454
seqneut25to26_sera_1007_d28,A/Norway/9107/2025_H1N1,plate8-A/Norway/9107/2025_H1N1,1.362e+04,0.8392,0.8392
seqneut25to26_sera_1007_d28,A/Norway/9556/2025_H1N1,plate8-A/Norway/9556/2025_H1N1,40,0.0002297,0.0002297
seqneut25to26_sera_1007_d28,A/Norway/9556/2025_H1N1,plate8-A/Norway/9556/2025_H1N1,92,0.008148,0.008148
seqneut25to26_sera_1007_d28,A/Norway/9556/2025_H1N1,plate8-A/Norway/9556/2025_H1N1,212,0.1405,0.1405
seqneut25to26_sera_1007_d28,A/Norway/9556/2025_H1N1,plate8-A/Norway/9556/2025_H1N1,487,0.3675,0.3675
seqneut25to26_sera_1007_d28,A/Norway/9556/2025_H1N1,plate8-A/Norway/9556/2025_H1N1,1119,0.7396,0.7396
seqneut25to26_sera_1007_d28,A/Norway/9556/2025_H1N1,plate8-A/Norway/9556/2025_H1N1,2575,0.7309,0.7309
seqneut25to26_sera_1007_d28,A/Norway/9556/2025_H1N1,plate8-A/Norway/9556/2025_H1N1,5921,0.6237,0.6237
seqneut25to26_sera_1007_d28,A/Norway/9556/2025_H1N1,plate8-A/Norway/9556/2025_H1N1,1.362e+04,1.064,1
seqneut25to26_sera_1007_d28,A/Peru/GIHSN-04-1089/2025_H3N2,plate8-A/Peru/GIHSN-04-1089/2025_H3N2,40,0.0001291,0.0001291
seqneut25to26_sera_1007_d28,A/Peru/GIHSN-04-1089/2025_H3N2,plate8-A/Peru/GIHSN-04-1089/2025_H3N2,92,0.0009458,0.0009458
seqneut25to26_sera_1007_d28,A/Peru/GIHSN-04-1089/2025_H3N2,plate8-A/Peru/GIHSN-04-1089/2025_H3N2,212,0.01289,0.01289
seqneut25to26_sera_1007_d28,A/Peru/GIHSN-04-1089/2025_H3N2,plate8-A/Peru/GIHSN-04-1089/2025_H3N2,487,0.06373,0.06373
seqneut25to26_sera_1007_d28,A/Peru/GIHSN-04-1089/2025_H3N2,plate8-A/Peru/GIHSN-04-1089/2025_H3N2,1119,0.3865,0.3865
seqneut25to26_sera_1007_d28,A/Peru/GIHSN-04-1089/2025_H3N2,plate8-A/Peru/GIHSN-04-1089/2025_H3N2,2575,0.4953,0.4953
seqneut25to26_sera_1007_d28,A/Peru/GIHSN-04-1089/2025_H3N2,plate8-A/Peru/GIHSN-04-1089/2025_H3N2,5921,0.4476,0.4476
seqneut25to26_sera_1007_d28,A/Peru/GIHSN-04-1089/2025_H3N2,plate8-A/Peru/GIHSN-04-1089/2025_H3N2,1.362e+04,0.8457,0.8457
seqneut25to26_sera_1007_d28,A/Philippines/SARI25-1425/2025_H1N1,plate8-A/Philippines/SARI25-1425/2025_H1N1,40,0.004354,0.004354
seqneut25to26_sera_1007_d28,A/Philippines/SARI25-1425/2025_H1N1,plate8-A/Philippines/SARI25-1425/2025_H1N1,92,0.002785,0.002785
seqneut25to26_sera_1007_d28,A/Philippines/SARI25-1425/2025_H1N1,plate8-A/Philippines/SARI25-1425/2025_H1N1,212,0.08759,0.08759
seqneut25to26_sera_1007_d28,A/Philippines/SARI25-1425/2025_H1N1,plate8-A/Philippines/SARI25-1425/2025_H1N1,487,0.3333,0.3333
seqneut25to26_sera_1007_d28,A/Philippines/SARI25-1425/2025_H1N1,plate8-A/Philippines/SARI25-1425/2025_H1N1,1119,0.6882,0.6882
seqneut25to26_sera_1007_d28,A/Philippines/SARI25-1425/2025_H1N1,plate8-A/Philippines/SARI25-1425/2025_H1N1,2575,0.7337,0.7337
seqneut25to26_sera_1007_d28,A/Philippines/SARI25-1425/2025_H1N1,plate8-A/Philippines/SARI25-1425/2025_H1N1,5921,0.6095,0.6095
seqneut25to26_sera_1007_d28,A/Philippines/SARI25-1425/2025_H1N1,plate8-A/Philippines/SARI25-1425/2025_H1N1,1.362e+04,0.756,0.756
seqneut25to26_sera_1007_d28,A/Queensland/2526516675/2025_H3N2,plate8-A/Queensland/2526516675/2025_H3N2,40,0.005907,0.005907
seqneut25to26_sera_1007_d28,A/Queensland/2526516675/2025_H3N2,plate8-A/Queensland/2526516675/2025_H3N2,92,0.08109,0.08109
seqneut25to26_sera_1007_d28,A/Queensland/2526516675/2025_H3N2,plate8-A/Queensland/2526516675/2025_H3N2,212,0.2893,0.2893
seqneut25to26_sera_1007_d28,A/Queensland/2526516675/2025_H3N2,plate8-A/Queensland/2526516675/2025_H3N2,487,0.5499,0.5499
seqneut25to26_sera_1007_d28,A/Queensland/2526516675/2025_H3N2,plate8-A/Queensland/2526516675/2025_H3N2,1119,0.5909,0.5909
seqneut25to26_sera_1007_d28,A/Queensland/2526516675/2025_H3N2,plate8-A/Queensland/2526516675/2025_H3N2,2575,0.5516,0.5516
seqneut25to26_sera_1007_d28,A/Queensland/2526516675/2025_H3N2,plate8-A/Queensland/2526516675/2025_H3N2,5921,0.4569,0.4569
seqneut25to26_sera_1007_d28,A/Queensland/2526516675/2025_H3N2,plate8-A/Queensland/2526516675/2025_H3N2,1.362e+04,0.8147,0.8147
seqneut25to26_sera_1007_d28,A/SouthAfrica/PET37604/2025_H3N2,plate8-A/SouthAfrica/PET37604/2025_H3N2,40,0.003426,0.003426
seqneut25to26_sera_1007_d28,A/SouthAfrica/PET37604/2025_H3N2,plate8-A/SouthAfrica/PET37604/2025_H3N2,92,0.0002775,0.0002775
seqneut25to26_sera_1007_d28,A/SouthAfrica/PET37604/2025_H3N2,plate8-A/SouthAfrica/PET37604/2025_H3N2,212,0.002467,0.002467
seqneut25to26_sera_1007_d28,A/SouthAfrica/PET37604/2025_H3N2,plate8-A/SouthAfrica/PET37604/2025_H3N2,487,0.03028,0.03028
seqneut25to26_sera_1007_d28,A/SouthAfrica/PET37604/2025_H3N2,plate8-A/SouthAfrica/PET37604/2025_H3N2,1119,0.2021,0.2021
seqneut25to26_sera_1007_d28,A/SouthAfrica/PET37604/2025_H3N2,plate8-A/SouthAfrica/PET37604/2025_H3N2,2575,0.3689,0.3689
seqneut25to26_sera_1007_d28,A/SouthAfrica/PET37604/2025_H3N2,plate8-A/SouthAfrica/PET37604/2025_H3N2,5921,0.4833,0.4833
seqneut25to26_sera_1007_d28,A/SouthAfrica/PET37604/2025_H3N2,plate8-A/SouthAfrica/PET37604/2025_H3N2,1.362e+04,0.7946,0.7946
seqneut25to26_sera_1007_d28,A/SouthAfrica/PET37625/2025_H3N2,plate8-A/SouthAfrica/PET37625/2025_H3N2,40,0,0
seqneut25to26_sera_1007_d28,A/SouthAfrica/PET37625/2025_H3N2,plate8-A/SouthAfrica/PET37625/2025_H3N2,92,8.163e-06,8.163e-06
seqneut25to26_sera_1007_d28,A/SouthAfrica/PET37625/2025_H3N2,plate8-A/SouthAfrica/PET37625/2025_H3N2,212,0.006398,0.006398
seqneut25to26_sera_1007_d28,A/SouthAfrica/PET37625/2025_H3N2,plate8-A/SouthAfrica/PET37625/2025_H3N2,487,0.04976,0.04976
seqneut25to26_sera_1007_d28,A/SouthAfrica/PET37625/2025_H3N2,plate8-A/SouthAfrica/PET37625/2025_H3N2,1119,0.2853,0.2853
seqneut25to26_sera_1007_d28,A/SouthAfrica/PET37625/2025_H3N2,plate8-A/SouthAfrica/PET37625/2025_H3N2,2575,0.4122,0.4122
seqneut25to26_sera_1007_d28,A/SouthAfrica/PET37625/2025_H3N2,plate8-A/SouthAfrica/PET37625/2025_H3N2,5921,0.447,0.447
seqneut25to26_sera_1007_d28,A/SouthAfrica/PET37625/2025_H3N2,plate8-A/SouthAfrica/PET37625/2025_H3N2,1.362e+04,0.669,0.669
seqneut25to26_sera_1007_d28,A/SouthAustralia/2519001037/2025_H1N1,plate8-A/SouthAustralia/2519001037/2025_H1N1,40,0.0006972,0.0006972
seqneut25to26_sera_1007_d28,A/SouthAustralia/2519001037/2025_H1N1,plate8-A/SouthAustralia/2519001037/2025_H1N1,92,0.0005585,0.0005585
seqneut25to26_sera_1007_d28,A/SouthAustralia/2519001037/2025_H1N1,plate8-A/SouthAustralia/2519001037/2025_H1N1,212,0.0205,0.0205
seqneut25to26_sera_1007_d28,A/SouthAustralia/2519001037/2025_H1N1,plate8-A/SouthAustralia/2519001037/2025_H1N1,487,0.1499,0.1499
seqneut25to26_sera_1007_d28,A/SouthAustralia/2519001037/2025_H1N1,plate8-A/SouthAustralia/2519001037/2025_H1N1,1119,0.4442,0.4442
seqneut25to26_sera_1007_d28,A/SouthAustralia/2519001037/2025_H1N1,plate8-A/SouthAustralia/2519001037/2025_H1N1,2575,0.6522,0.6522
seqneut25to26_sera_1007_d28,A/SouthAustralia/2519001037/2025_H1N1,plate8-A/SouthAustralia/2519001037/2025_H1N1,5921,0.5537,0.5537
seqneut25to26_sera_1007_d28,A/SouthAustralia/2519001037/2025_H1N1,plate8-A/SouthAustralia/2519001037/2025_H1N1,1.362e+04,0.7498,0.7498
seqneut25to26_sera_1007_d28,A/SouthAustralia/2520702747/2025_H1N1,plate8-A/SouthAustralia/2520702747/2025_H1N1,40,0.000553,0.000553
seqneut25to26_sera_1007_d28,A/SouthAustralia/2520702747/2025_H1N1,plate8-A/SouthAustralia/2520702747/2025_H1N1,92,9.417e-05,9.417e-05
seqneut25to26_sera_1007_d28,A/SouthAustralia/2520702747/2025_H1N1,plate8-A/SouthAustralia/2520702747/2025_H1N1,212,0.002397,0.002397
seqneut25to26_sera_1007_d28,A/SouthAustralia/2520702747/2025_H1N1,plate8-A/SouthAustralia/2520702747/2025_H1N1,487,0.08099,0.08099
seqneut25to26_sera_1007_d28,A/SouthAustralia/2520702747/2025_H1N1,plate8-A/SouthAustralia/2520702747/2025_H1N1,1119,0.4421,0.4421
seqneut25to26_sera_1007_d28,A/SouthAustralia/2520702747/2025_H1N1,plate8-A/SouthAustralia/2520702747/2025_H1N1,2575,0.6337,0.6337
seqneut25to26_sera_1007_d28,A/SouthAustralia/2520702747/2025_H1N1,plate8-A/SouthAustralia/2520702747/2025_H1N1,5921,0.5078,0.5078
seqneut25to26_sera_1007_d28,A/SouthAustralia/2520702747/2025_H1N1,plate8-A/SouthAustralia/2520702747/2025_H1N1,1.362e+04,1.006,1
seqneut25to26_sera_1007_d28,A/SouthAustralia/2523012764/2025_H1N1,plate8-A/SouthAustralia/2523012764/2025_H1N1,40,0.0008174,0.0008174
seqneut25to26_sera_1007_d28,A/SouthAustralia/2523012764/2025_H1N1,plate8-A/SouthAustralia/2523012764/2025_H1N1,92,0.0003628,0.0003628
seqneut25to26_sera_1007_d28,A/SouthAustralia/2523012764/2025_H1N1,plate8-A/SouthAustralia/2523012764/2025_H1N1,212,0.002375,0.002375
seqneut25to26_sera_1007_d28,A/SouthAustralia/2523012764/2025_H1N1,plate8-A/SouthAustralia/2523012764/2025_H1N1,487,0.06208,0.06208
seqneut25to26_sera_1007_d28,A/SouthAustralia/2523012764/2025_H1N1,plate8-A/SouthAustralia/2523012764/2025_H1N1,1119,0.4603,0.4603
seqneut25to26_sera_1007_d28,A/SouthAustralia/2523012764/2025_H1N1,plate8-A/SouthAustralia/2523012764/2025_H1N1,2575,0.6533,0.6533
seqneut25to26_sera_1007_d28,A/SouthAustralia/2523012764/2025_H1N1,plate8-A/SouthAustralia/2523012764/2025_H1N1,5921,0.5672,0.5672
seqneut25to26_sera_1007_d28,A/SouthAustralia/2523012764/2025_H1N1,plate8-A/SouthAustralia/2523012764/2025_H1N1,1.362e+04,0.795,0.795
seqneut25to26_sera_1007_d28,A/SouthAustralia/2523812314/2025_H3N2,plate8-A/SouthAustralia/2523812314/2025_H3N2,40,0.006371,0.006371
seqneut25to26_sera_1007_d28,A/SouthAustralia/2523812314/2025_H3N2,plate8-A/SouthAustralia/2523812314/2025_H3N2,92,0.08354,0.08354
seqneut25to26_sera_1007_d28,A/SouthAustralia/2523812314/2025_H3N2,plate8-A/SouthAustralia/2523812314/2025_H3N2,212,0.2485,0.2485
seqneut25to26_sera_1007_d28,A/SouthAustralia/2523812314/2025_H3N2,plate8-A/SouthAustralia/2523812314/2025_H3N2,487,0.49,0.49
seqneut25to26_sera_1007_d28,A/SouthAustralia/2523812314/2025_H3N2,plate8-A/SouthAustralia/2523812314/2025_H3N2,1119,0.5461,0.5461
seqneut25to26_sera_1007_d28,A/SouthAustralia/2523812314/2025_H3N2,plate8-A/SouthAustralia/2523812314/2025_H3N2,2575,0.5339,0.5339
seqneut25to26_sera_1007_d28,A/SouthAustralia/2523812314/2025_H3N2,plate8-A/SouthAustralia/2523812314/2025_H3N2,5921,0.4501,0.4501
seqneut25to26_sera_1007_d28,A/SouthAustralia/2523812314/2025_H3N2,plate8-A/SouthAustralia/2523812314/2025_H3N2,1.362e+04,0.6395,0.6395
seqneut25to26_sera_1007_d28,A/SouthAustralia/2524408801/2025_H3N2,plate8-A/SouthAustralia/2524408801/2025_H3N2,40,0.03023,0.03023
seqneut25to26_sera_1007_d28,A/SouthAustralia/2524408801/2025_H3N2,plate8-A/SouthAustralia/2524408801/2025_H3N2,92,0.1073,0.1073
seqneut25to26_sera_1007_d28,A/SouthAustralia/2524408801/2025_H3N2,plate8-A/SouthAustralia/2524408801/2025_H3N2,212,0.4362,0.4362
seqneut25to26_sera_1007_d28,A/SouthAustralia/2524408801/2025_H3N2,plate8-A/SouthAustralia/2524408801/2025_H3N2,487,0.3822,0.3822
seqneut25to26_sera_1007_d28,A/SouthAustralia/2524408801/2025_H3N2,plate8-A/SouthAustralia/2524408801/2025_H3N2,1119,0.6862,0.6862
seqneut25to26_sera_1007_d28,A/SouthAustralia/2524408801/2025_H3N2,plate8-A/SouthAustralia/2524408801/2025_H3N2,2575,0.5284,0.5284
seqneut25to26_sera_1007_d28,A/SouthAustralia/2524408801/2025_H3N2,plate8-A/SouthAustralia/2524408801/2025_H3N2,5921,0.4764,0.4764
seqneut25to26_sera_1007_d28,A/SouthAustralia/2524408801/2025_H3N2,plate8-A/SouthAustralia/2524408801/2025_H3N2,1.362e+04,0.8632,0.8632
seqneut25to26_sera_1007_d28,A/SouthAustralia/2524712956/2025_H1N1,plate8-A/SouthAustralia/2524712956/2025_H1N1,40,0.0003656,0.0003656
seqneut25to26_sera_1007_d28,A/SouthAustralia/2524712956/2025_H1N1,plate8-A/SouthAustralia/2524712956/2025_H1N1,92,0.002345,0.002345
seqneut25to26_sera_1007_d28,A/SouthAustralia/2524712956/2025_H1N1,plate8-A/SouthAustralia/2524712956/2025_H1N1,212,0.09113,0.09113
seqneut25to26_sera_1007_d28,A/SouthAustralia/2524712956/2025_H1N1,plate8-A/SouthAustralia/2524712956/2025_H1N1,487,0.3238,0.3238
seqneut25to26_sera_1007_d28,A/SouthAustralia/2524712956/2025_H1N1,plate8-A/SouthAustralia/2524712956/2025_H1N1,1119,0.7965,0.7965
seqneut25to26_sera_1007_d28,A/SouthAustralia/2524712956/2025_H1N1,plate8-A/SouthAustralia/2524712956/2025_H1N1,2575,0.7303,0.7303
seqneut25to26_sera_1007_d28,A/SouthAustralia/2524712956/2025_H1N1,plate8-A/SouthAustralia/2524712956/2025_H1N1,5921,0.6214,0.6214
seqneut25to26_sera_1007_d28,A/SouthAustralia/2524712956/2025_H1N1,plate8-A/SouthAustralia/2524712956/2025_H1N1,1.362e+04,0.8625,0.8625
seqneut25to26_sera_1007_d28,A/SouthAustralia/2525607496/2025_H3N2,plate8-A/SouthAustralia/2525607496/2025_H3N2,40,0.003211,0.003211
seqneut25to26_sera_1007_d28,A/SouthAustralia/2525607496/2025_H3N2,plate8-A/SouthAustralia/2525607496/2025_H3N2,92,0.1379,0.1379
seqneut25to26_sera_1007_d28,A/SouthAustralia/2525607496/2025_H3N2,plate8-A/SouthAustralia/2525607496/2025_H3N2,212,0.4128,0.4128
seqneut25to26_sera_1007_d28,A/SouthAustralia/2525607496/2025_H3N2,plate8-A/SouthAustralia/2525607496/2025_H3N2,487,0.5881,0.5881
seqneut25to26_sera_1007_d28,A/SouthAustralia/2525607496/2025_H3N2,plate8-A/SouthAustralia/2525607496/2025_H3N2,1119,0.6257,0.6257
seqneut25to26_sera_1007_d28,A/SouthAustralia/2525607496/2025_H3N2,plate8-A/SouthAustralia/2525607496/2025_H3N2,2575,0.8241,0.8241
seqneut25to26_sera_1007_d28,A/SouthAustralia/2525607496/2025_H3N2,plate8-A/SouthAustralia/2525607496/2025_H3N2,5921,0.5257,0.5257
seqneut25to26_sera_1007_d28,A/SouthAustralia/2525607496/2025_H3N2,plate8-A/SouthAustralia/2525607496/2025_H3N2,1.362e+04,0.9118,0.9118
seqneut25to26_sera_1007_d28,A/SouthAustralia/2527003588/2025_H3N2,plate8-A/SouthAustralia/2527003588/2025_H3N2,40,0.06667,0.06667
seqneut25to26_sera_1007_d28,A/SouthAustralia/2527003588/2025_H3N2,plate8-A/SouthAustralia/2527003588/2025_H3N2,92,0.1742,0.1742
seqneut25to26_sera_1007_d28,A/SouthAustralia/2527003588/2025_H3N2,plate8-A/SouthAustralia/2527003588/2025_H3N2,212,0.3917,0.3917
seqneut25to26_sera_1007_d28,A/SouthAustralia/2527003588/2025_H3N2,plate8-A/SouthAustralia/2527003588/2025_H3N2,487,0.4592,0.4592
seqneut25to26_sera_1007_d28,A/SouthAustralia/2527003588/2025_H3N2,plate8-A/SouthAustralia/2527003588/2025_H3N2,1119,0.9151,0.9151
seqneut25to26_sera_1007_d28,A/SouthAustralia/2527003588/2025_H3N2,plate8-A/SouthAustralia/2527003588/2025_H3N2,2575,0.6703,0.6703
seqneut25to26_sera_1007_d28,A/SouthAustralia/2527003588/2025_H3N2,plate8-A/SouthAustralia/2527003588/2025_H3N2,5921,0.5871,0.5871
seqneut25to26_sera_1007_d28,A/SouthAustralia/2527003588/2025_H3N2,plate8-A/SouthAustralia/2527003588/2025_H3N2,1.362e+04,0.9941,0.9941
seqneut25to26_sera_1007_d28,A/SouthAustralia/2527213276/2025_H3N2,plate8-A/SouthAustralia/2527213276/2025_H3N2,40,0.05763,0.05763
seqneut25to26_sera_1007_d28,A/SouthAustralia/2527213276/2025_H3N2,plate8-A/SouthAustralia/2527213276/2025_H3N2,92,0.08154,0.08154
seqneut25to26_sera_1007_d28,A/SouthAustralia/2527213276/2025_H3N2,plate8-A/SouthAustralia/2527213276/2025_H3N2,212,0.473,0.473
seqneut25to26_sera_1007_d28,A/SouthAustralia/2527213276/2025_H3N2,plate8-A/SouthAustralia/2527213276/2025_H3N2,487,0.6597,0.6597
seqneut25to26_sera_1007_d28,A/SouthAustralia/2527213276/2025_H3N2,plate8-A/SouthAustralia/2527213276/2025_H3N2,1119,0.5921,0.5921
seqneut25to26_sera_1007_d28,A/SouthAustralia/2527213276/2025_H3N2,plate8-A/SouthAustralia/2527213276/2025_H3N2,2575,0.6033,0.6033
seqneut25to26_sera_1007_d28,A/SouthAustralia/2527213276/2025_H3N2,plate8-A/SouthAustralia/2527213276/2025_H3N2,5921,0.602,0.602
seqneut25to26_sera_1007_d28,A/SouthAustralia/2527213276/2025_H3N2,plate8-A/SouthAustralia/2527213276/2025_H3N2,1.362e+04,0.6865,0.6865
seqneut25to26_sera_1007_d28,A/SouthAustralia/2527612456/2025_H1N1,plate8-A/SouthAustralia/2527612456/2025_H1N1,40,0,0
seqneut25to26_sera_1007_d28,A/SouthAustralia/2527612456/2025_H1N1,plate8-A/SouthAustralia/2527612456/2025_H1N1,92,7.951e-05,7.951e-05
seqneut25to26_sera_1007_d28,A/SouthAustralia/2527612456/2025_H1N1,plate8-A/SouthAustralia/2527612456/2025_H1N1,212,0.004779,0.004779
seqneut25to26_sera_1007_d28,A/SouthAustralia/2527612456/2025_H1N1,plate8-A/SouthAustralia/2527612456/2025_H1N1,487,0.2059,0.2059
seqneut25to26_sera_1007_d28,A/SouthAustralia/2527612456/2025_H1N1,plate8-A/SouthAustralia/2527612456/2025_H1N1,1119,0.6679,0.6679
seqneut25to26_sera_1007_d28,A/SouthAustralia/2527612456/2025_H1N1,plate8-A/SouthAustralia/2527612456/2025_H1N1,2575,0.589,0.589
seqneut25to26_sera_1007_d28,A/SouthAustralia/2527612456/2025_H1N1,plate8-A/SouthAustralia/2527612456/2025_H1N1,5921,0.5135,0.5135
seqneut25to26_sera_1007_d28,A/SouthAustralia/2527612456/2025_H1N1,plate8-A/SouthAustralia/2527612456/2025_H1N1,1.362e+04,0.8266,0.8266
seqneut25to26_sera_1007_d28,A/SouthAustralia/2527902708/2025_H3N2,plate8-A/SouthAustralia/2527902708/2025_H3N2,40,0.01985,0.01985
seqneut25to26_sera_1007_d28,A/SouthAustralia/2527902708/2025_H3N2,plate8-A/SouthAustralia/2527902708/2025_H3N2,92,0.1631,0.1631
seqneut25to26_sera_1007_d28,A/SouthAustralia/2527902708/2025_H3N2,plate8-A/SouthAustralia/2527902708/2025_H3N2,212,0.3052,0.3052
seqneut25to26_sera_1007_d28,A/SouthAustralia/2527902708/2025_H3N2,plate8-A/SouthAustralia/2527902708/2025_H3N2,487,0.6466,0.6466
seqneut25to26_sera_1007_d28,A/SouthAustralia/2527902708/2025_H3N2,plate8-A/SouthAustralia/2527902708/2025_H3N2,1119,0.6722,0.6722
seqneut25to26_sera_1007_d28,A/SouthAustralia/2527902708/2025_H3N2,plate8-A/SouthAustralia/2527902708/2025_H3N2,2575,0.6367,0.6367
seqneut25to26_sera_1007_d28,A/SouthAustralia/2527902708/2025_H3N2,plate8-A/SouthAustralia/2527902708/2025_H3N2,5921,0.4339,0.4339
seqneut25to26_sera_1007_d28,A/SouthAustralia/2527902708/2025_H3N2,plate8-A/SouthAustralia/2527902708/2025_H3N2,1.362e+04,0.8171,0.8171
seqneut25to26_sera_1007_d28,A/Sydney/1359/2024_H3N2,plate8-A/Sydney/1359/2024_H3N2,40,0.0007483,0.0007483
seqneut25to26_sera_1007_d28,A/Sydney/1359/2024_H3N2,plate8-A/Sydney/1359/2024_H3N2,92,0.04306,0.04306
seqneut25to26_sera_1007_d28,A/Sydney/1359/2024_H3N2,plate8-A/Sydney/1359/2024_H3N2,212,0.2488,0.2488
seqneut25to26_sera_1007_d28,A/Sydney/1359/2024_H3N2,plate8-A/Sydney/1359/2024_H3N2,487,0.6129,0.6129
seqneut25to26_sera_1007_d28,A/Sydney/1359/2024_H3N2,plate8-A/Sydney/1359/2024_H3N2,1119,0.5606,0.5606
seqneut25to26_sera_1007_d28,A/Sydney/1359/2024_H3N2,plate8-A/Sydney/1359/2024_H3N2,2575,0.5654,0.5654
seqneut25to26_sera_1007_d28,A/Sydney/1359/2024_H3N2,plate8-A/Sydney/1359/2024_H3N2,5921,0.5527,0.5527
seqneut25to26_sera_1007_d28,A/Sydney/1359/2024_H3N2,plate8-A/Sydney/1359/2024_H3N2,1.362e+04,0.8291,0.8291
seqneut25to26_sera_1007_d28,A/Sydney/400/2025_H1N1,plate8-A/Sydney/400/2025_H1N1,40,0.0008375,0.0008375
seqneut25to26_sera_1007_d28,A/Sydney/400/2025_H1N1,plate8-A/Sydney/400/2025_H1N1,92,0.0001439,0.0001439
seqneut25to26_sera_1007_d28,A/Sydney/400/2025_H1N1,plate8-A/Sydney/400/2025_H1N1,212,0.001038,0.001038
seqneut25to26_sera_1007_d28,A/Sydney/400/2025_H1N1,plate8-A/Sydney/400/2025_H1N1,487,0.006421,0.006421
seqneut25to26_sera_1007_d28,A/Sydney/400/2025_H1N1,plate8-A/Sydney/400/2025_H1N1,1119,0.07749,0.07749
seqneut25to26_sera_1007_d28,A/Sydney/400/2025_H1N1,plate8-A/Sydney/400/2025_H1N1,2575,0.1992,0.1992
seqneut25to26_sera_1007_d28,A/Sydney/400/2025_H1N1,plate8-A/Sydney/400/2025_H1N1,5921,0.3216,0.3216
seqneut25to26_sera_1007_d28,A/Sydney/400/2025_H1N1,plate8-A/Sydney/400/2025_H1N1,1.362e+04,0.8038,0.8038
seqneut25to26_sera_1007_d28,A/Tasmania/2521815682/2025_H3N2,plate8-A/Tasmania/2521815682/2025_H3N2,40,0.01201,0.01201
seqneut25to26_sera_1007_d28,A/Tasmania/2521815682/2025_H3N2,plate8-A/Tasmania/2521815682/2025_H3N2,92,0.06741,0.06741
seqneut25to26_sera_1007_d28,A/Tasmania/2521815682/2025_H3N2,plate8-A/Tasmania/2521815682/2025_H3N2,212,0.4295,0.4295
seqneut25to26_sera_1007_d28,A/Tasmania/2521815682/2025_H3N2,plate8-A/Tasmania/2521815682/2025_H3N2,487,0.5648,0.5648
seqneut25to26_sera_1007_d28,A/Tasmania/2521815682/2025_H3N2,plate8-A/Tasmania/2521815682/2025_H3N2,1119,0.7213,0.7213
seqneut25to26_sera_1007_d28,A/Tasmania/2521815682/2025_H3N2,plate8-A/Tasmania/2521815682/2025_H3N2,2575,0.6744,0.6744
seqneut25to26_sera_1007_d28,A/Tasmania/2521815682/2025_H3N2,plate8-A/Tasmania/2521815682/2025_H3N2,5921,0.5628,0.5628
seqneut25to26_sera_1007_d28,A/Tasmania/2521815682/2025_H3N2,plate8-A/Tasmania/2521815682/2025_H3N2,1.362e+04,0.7552,0.7552
seqneut25to26_sera_1007_d28,A/Thailand/8/2022_H3N2,plate8-A/Thailand/8/2022_H3N2,40,0.0009974,0.0009974
seqneut25to26_sera_1007_d28,A/Thailand/8/2022_H3N2,plate8-A/Thailand/8/2022_H3N2,92,0.01725,0.01725
seqneut25to26_sera_1007_d28,A/Thailand/8/2022_H3N2,plate8-A/Thailand/8/2022_H3N2,212,0.02447,0.02447
seqneut25to26_sera_1007_d28,A/Thailand/8/2022_H3N2,plate8-A/Thailand/8/2022_H3N2,487,0.0646,0.0646
seqneut25to26_sera_1007_d28,A/Thailand/8/2022_H3N2,plate8-A/Thailand/8/2022_H3N2,1119,0.1286,0.1286
seqneut25to26_sera_1007_d28,A/Thailand/8/2022_H3N2,plate8-A/Thailand/8/2022_H3N2,2575,0.2914,0.2914
seqneut25to26_sera_1007_d28,A/Thailand/8/2022_H3N2,plate8-A/Thailand/8/2022_H3N2,5921,0.2183,0.2183
seqneut25to26_sera_1007_d28,A/Thailand/8/2022_H3N2,plate8-A/Thailand/8/2022_H3N2,1.362e+04,0.5909,0.5909
seqneut25to26_sera_1007_d28,A/Vermont/73/2025_H3N2,plate8-A/Vermont/73/2025_H3N2,40,0.0379,0.0379
seqneut25to26_sera_1007_d28,A/Vermont/73/2025_H3N2,plate8-A/Vermont/73/2025_H3N2,92,0.07629,0.07629
seqneut25to26_sera_1007_d28,A/Vermont/73/2025_H3N2,plate8-A/Vermont/73/2025_H3N2,212,0.2531,0.2531
seqneut25to26_sera_1007_d28,A/Vermont/73/2025_H3N2,plate8-A/Vermont/73/2025_H3N2,487,0.5565,0.5565
seqneut25to26_sera_1007_d28,A/Vermont/73/2025_H3N2,plate8-A/Vermont/73/2025_H3N2,1119,0.8273,0.8273
seqneut25to26_sera_1007_d28,A/Vermont/73/2025_H3N2,plate8-A/Vermont/73/2025_H3N2,2575,0.6188,0.6188
seqneut25to26_sera_1007_d28,A/Vermont/73/2025_H3N2,plate8-A/Vermont/73/2025_H3N2,5921,0.4926,0.4926
seqneut25to26_sera_1007_d28,A/Vermont/73/2025_H3N2,plate8-A/Vermont/73/2025_H3N2,1.362e+04,0.7185,0.7185
seqneut25to26_sera_1007_d28,A/Victoria/4897/2022_IVR-238_H1N1,plate8-A/Victoria/4897/2022_IVR-238_H1N1,40,0,0
seqneut25to26_sera_1007_d28,A/Victoria/4897/2022_IVR-238_H1N1,plate8-A/Victoria/4897/2022_IVR-238_H1N1,92,0,0
seqneut25to26_sera_1007_d28,A/Victoria/4897/2022_IVR-238_H1N1,plate8-A/Victoria/4897/2022_IVR-238_H1N1,212,0.0002606,0.0002606
seqneut25to26_sera_1007_d28,A/Victoria/4897/2022_IVR-238_H1N1,plate8-A/Victoria/4897/2022_IVR-238_H1N1,487,0.0002858,0.0002858
seqneut25to26_sera_1007_d28,A/Victoria/4897/2022_IVR-238_H1N1,plate8-A/Victoria/4897/2022_IVR-238_H1N1,1119,0.0005393,0.0005393
seqneut25to26_sera_1007_d28,A/Victoria/4897/2022_IVR-238_H1N1,plate8-A/Victoria/4897/2022_IVR-238_H1N1,2575,0.002349,0.002349
seqneut25to26_sera_1007_d28,A/Victoria/4897/2022_IVR-238_H1N1,plate8-A/Victoria/4897/2022_IVR-238_H1N1,5921,0.1902,0.1902
seqneut25to26_sera_1007_d28,A/Victoria/4897/2022_IVR-238_H1N1,plate8-A/Victoria/4897/2022_IVR-238_H1N1,1.362e+04,0.5591,0.5591
seqneut25to26_sera_1007_d28,A/Wisconsin/588/2019_H1N1,plate8-A/Wisconsin/588/2019_H1N1,40,0,0
seqneut25to26_sera_1007_d28,A/Wisconsin/588/2019_H1N1,plate8-A/Wisconsin/588/2019_H1N1,92,0.0001503,0.0001503
seqneut25to26_sera_1007_d28,A/Wisconsin/588/2019_H1N1,plate8-A/Wisconsin/588/2019_H1N1,212,4.553e-05,4.553e-05
seqneut25to26_sera_1007_d28,A/Wisconsin/588/2019_H1N1,plate8-A/Wisconsin/588/2019_H1N1,487,0.01398,0.01398
seqneut25to26_sera_1007_d28,A/Wisconsin/588/2019_H1N1,plate8-A/Wisconsin/588/2019_H1N1,1119,0.1945,0.1945
seqneut25to26_sera_1007_d28,A/Wisconsin/588/2019_H1N1,plate8-A/Wisconsin/588/2019_H1N1,2575,0.3344,0.3344
seqneut25to26_sera_1007_d28,A/Wisconsin/588/2019_H1N1,plate8-A/Wisconsin/588/2019_H1N1,5921,0.4013,0.4013
seqneut25to26_sera_1007_d28,A/Wisconsin/588/2019_H1N1,plate8-A/Wisconsin/588/2019_H1N1,1.362e+04,0.8096,0.8096
seqneut25to26_sera_1007_d28,A/Wisconsin/67/2022_H1N1,plate8-A/Wisconsin/67/2022_H1N1,40,0.0001836,0.0001836
seqneut25to26_sera_1007_d28,A/Wisconsin/67/2022_H1N1,plate8-A/Wisconsin/67/2022_H1N1,92,0.0003495,0.0003495
seqneut25to26_sera_1007_d28,A/Wisconsin/67/2022_H1N1,plate8-A/Wisconsin/67/2022_H1N1,212,0.0001161,0.0001161
seqneut25to26_sera_1007_d28,A/Wisconsin/67/2022_H1N1,plate8-A/Wisconsin/67/2022_H1N1,487,0.04877,0.04877
seqneut25to26_sera_1007_d28,A/Wisconsin/67/2022_H1N1,plate8-A/Wisconsin/67/2022_H1N1,1119,0.4187,0.4187
seqneut25to26_sera_1007_d28,A/Wisconsin/67/2022_H1N1,plate8-A/Wisconsin/67/2022_H1N1,2575,0.5376,0.5376
seqneut25to26_sera_1007_d28,A/Wisconsin/67/2022_H1N1,plate8-A/Wisconsin/67/2022_H1N1,5921,0.5052,0.5052
seqneut25to26_sera_1007_d28,A/Wisconsin/67/2022_H1N1,plate8-A/Wisconsin/67/2022_H1N1,1.362e+04,0.8134,0.8134
seqneut25to26_sera_1007_d28,A/Zacapa/FLU-261/2025_H1N1,plate8-A/Zacapa/FLU-261/2025_H1N1,40,8.444e-05,8.444e-05
seqneut25to26_sera_1007_d28,A/Zacapa/FLU-261/2025_H1N1,plate8-A/Zacapa/FLU-261/2025_H1N1,92,0.0004815,0.0004815
seqneut25to26_sera_1007_d28,A/Zacapa/FLU-261/2025_H1N1,plate8-A/Zacapa/FLU-261/2025_H1N1,212,0.004555,0.004555
seqneut25to26_sera_1007_d28,A/Zacapa/FLU-261/2025_H1N1,plate8-A/Zacapa/FLU-261/2025_H1N1,487,0.1004,0.1004
seqneut25to26_sera_1007_d28,A/Zacapa/FLU-261/2025_H1N1,plate8-A/Zacapa/FLU-261/2025_H1N1,1119,0.5108,0.5108
seqneut25to26_sera_1007_d28,A/Zacapa/FLU-261/2025_H1N1,plate8-A/Zacapa/FLU-261/2025_H1N1,2575,0.6752,0.6752
seqneut25to26_sera_1007_d28,A/Zacapa/FLU-261/2025_H1N1,plate8-A/Zacapa/FLU-261/2025_H1N1,5921,0.5255,0.5255
seqneut25to26_sera_1007_d28,A/Zacapa/FLU-261/2025_H1N1,plate8-A/Zacapa/FLU-261/2025_H1N1,1.362e+04,0.9403,0.9403
seqneut25to26_sera_1009_d0,A/Alagoas/4130/2025_H3N2,plate8-A/Alagoas/4130/2025_H3N2,40,0.01608,0.01608
seqneut25to26_sera_1009_d0,A/Alagoas/4130/2025_H3N2,plate8-A/Alagoas/4130/2025_H3N2,92,0.1485,0.1485
seqneut25to26_sera_1009_d0,A/Alagoas/4130/2025_H3N2,plate8-A/Alagoas/4130/2025_H3N2,212,0.2943,0.2943
seqneut25to26_sera_1009_d0,A/Alagoas/4130/2025_H3N2,plate8-A/Alagoas/4130/2025_H3N2,487,0.5337,0.5337
seqneut25to26_sera_1009_d0,A/Alagoas/4130/2025_H3N2,plate8-A/Alagoas/4130/2025_H3N2,1119,0.5599,0.5599
seqneut25to26_sera_1009_d0,A/Alagoas/4130/2025_H3N2,plate8-A/Alagoas/4130/2025_H3N2,2575,0.5545,0.5545
seqneut25to26_sera_1009_d0,A/Alagoas/4130/2025_H3N2,plate8-A/Alagoas/4130/2025_H3N2,5921,0.4272,0.4272
seqneut25to26_sera_1009_d0,A/Alagoas/4130/2025_H3N2,plate8-A/Alagoas/4130/2025_H3N2,1.362e+04,0.7936,0.7936
seqneut25to26_sera_1009_d0,A/Anapolis/LEIAL6543/2025_H3N2,plate8-A/Anapolis/LEIAL6543/2025_H3N2,40,0.07031,0.07031
seqneut25to26_sera_1009_d0,A/Anapolis/LEIAL6543/2025_H3N2,plate8-A/Anapolis/LEIAL6543/2025_H3N2,92,0.2281,0.2281
seqneut25to26_sera_1009_d0,A/Anapolis/LEIAL6543/2025_H3N2,plate8-A/Anapolis/LEIAL6543/2025_H3N2,212,0.5242,0.5242
seqneut25to26_sera_1009_d0,A/Anapolis/LEIAL6543/2025_H3N2,plate8-A/Anapolis/LEIAL6543/2025_H3N2,487,0.5059,0.5059
seqneut25to26_sera_1009_d0,A/Anapolis/LEIAL6543/2025_H3N2,plate8-A/Anapolis/LEIAL6543/2025_H3N2,1119,0.6409,0.6409
seqneut25to26_sera_1009_d0,A/Anapolis/LEIAL6543/2025_H3N2,plate8-A/Anapolis/LEIAL6543/2025_H3N2,2575,0.793,0.793
seqneut25to26_sera_1009_d0,A/Anapolis/LEIAL6543/2025_H3N2,plate8-A/Anapolis/LEIAL6543/2025_H3N2,5921,0.6568,0.6568
seqneut25to26_sera_1009_d0,A/Anapolis/LEIAL6543/2025_H3N2,plate8-A/Anapolis/LEIAL6543/2025_H3N2,1.362e+04,0.9861,0.9861
seqneut25to26_sera_1009_d0,A/Andalucia/PMC-00977/2025_H1N1,plate8-A/Andalucia/PMC-00977/2025_H1N1,40,0.1754,0.1754
seqneut25to26_sera_1009_d0,A/Andalucia/PMC-00977/2025_H1N1,plate8-A/Andalucia/PMC-00977/2025_H1N1,92,0.5306,0.5306
seqneut25to26_sera_1009_d0,A/Andalucia/PMC-00977/2025_H1N1,plate8-A/Andalucia/PMC-00977/2025_H1N1,212,0.8458,0.8458
seqneut25to26_sera_1009_d0,A/Andalucia/PMC-00977/2025_H1N1,plate8-A/Andalucia/PMC-00977/2025_H1N1,487,0.8277,0.8277
seqneut25to26_sera_1009_d0,A/Andalucia/PMC-00977/2025_H1N1,plate8-A/Andalucia/PMC-00977/2025_H1N1,1119,0.8447,0.8447
seqneut25to26_sera_1009_d0,A/Andalucia/PMC-00977/2025_H1N1,plate8-A/Andalucia/PMC-00977/2025_H1N1,2575,0.9452,0.9452
seqneut25to26_sera_1009_d0,A/Andalucia/PMC-00977/2025_H1N1,plate8-A/Andalucia/PMC-00977/2025_H1N1,5921,0.714,0.714
seqneut25to26_sera_1009_d0,A/Andalucia/PMC-00977/2025_H1N1,plate8-A/Andalucia/PMC-00977/2025_H1N1,1.362e+04,1.074,1
seqneut25to26_sera_1009_d0,A/Aragon/2046/2025_H1N1,plate8-A/Aragon/2046/2025_H1N1,40,0.09298,0.09298
seqneut25to26_sera_1009_d0,A/Aragon/2046/2025_H1N1,plate8-A/Aragon/2046/2025_H1N1,92,0.3999,0.3999
seqneut25to26_sera_1009_d0,A/Aragon/2046/2025_H1N1,plate8-A/Aragon/2046/2025_H1N1,212,0.743,0.743
seqneut25to26_sera_1009_d0,A/Aragon/2046/2025_H1N1,plate8-A/Aragon/2046/2025_H1N1,487,0.8567,0.8567
seqneut25to26_sera_1009_d0,A/Aragon/2046/2025_H1N1,plate8-A/Aragon/2046/2025_H1N1,1119,1.046,1
seqneut25to26_sera_1009_d0,A/Aragon/2046/2025_H1N1,plate8-A/Aragon/2046/2025_H1N1,2575,1.041,1
seqneut25to26_sera_1009_d0,A/Aragon/2046/2025_H1N1,plate8-A/Aragon/2046/2025_H1N1,5921,0.79,0.79
seqneut25to26_sera_1009_d0,A/Aragon/2046/2025_H1N1,plate8-A/Aragon/2046/2025_H1N1,1.362e+04,0.9473,0.9473
seqneut25to26_sera_1009_d0,A/Arica/59150/2025_H3N2,plate8-A/Arica/59150/2025_H3N2,40,0.05453,0.05453
seqneut25to26_sera_1009_d0,A/Arica/59150/2025_H3N2,plate8-A/Arica/59150/2025_H3N2,92,0.176,0.176
seqneut25to26_sera_1009_d0,A/Arica/59150/2025_H3N2,plate8-A/Arica/59150/2025_H3N2,212,0.3832,0.3832
seqneut25to26_sera_1009_d0,A/Arica/59150/2025_H3N2,plate8-A/Arica/59150/2025_H3N2,487,0.5637,0.5637
seqneut25to26_sera_1009_d0,A/Arica/59150/2025_H3N2,plate8-A/Arica/59150/2025_H3N2,1119,0.7385,0.7385
seqneut25to26_sera_1009_d0,A/Arica/59150/2025_H3N2,plate8-A/Arica/59150/2025_H3N2,2575,0.7456,0.7456
seqneut25to26_sera_1009_d0,A/Arica/59150/2025_H3N2,plate8-A/Arica/59150/2025_H3N2,5921,0.6444,0.6444
seqneut25to26_sera_1009_d0,A/Arica/59150/2025_H3N2,plate8-A/Arica/59150/2025_H3N2,1.362e+04,0.8857,0.8857
seqneut25to26_sera_1009_d0,A/Bahia/3102/2025_H3N2,plate8-A/Bahia/3102/2025_H3N2,40,0.0423,0.0423
seqneut25to26_sera_1009_d0,A/Bahia/3102/2025_H3N2,plate8-A/Bahia/3102/2025_H3N2,92,0.1523,0.1523
seqneut25to26_sera_1009_d0,A/Bahia/3102/2025_H3N2,plate8-A/Bahia/3102/2025_H3N2,212,0.2557,0.2557
seqneut25to26_sera_1009_d0,A/Bahia/3102/2025_H3N2,plate8-A/Bahia/3102/2025_H3N2,487,0.4197,0.4197
seqneut25to26_sera_1009_d0,A/Bahia/3102/2025_H3N2,plate8-A/Bahia/3102/2025_H3N2,1119,0.6761,0.6761
seqneut25to26_sera_1009_d0,A/Bahia/3102/2025_H3N2,plate8-A/Bahia/3102/2025_H3N2,2575,0.6317,0.6317
seqneut25to26_sera_1009_d0,A/Bahia/3102/2025_H3N2,plate8-A/Bahia/3102/2025_H3N2,5921,0.6303,0.6303
seqneut25to26_sera_1009_d0,A/Bahia/3102/2025_H3N2,plate8-A/Bahia/3102/2025_H3N2,1.362e+04,0.7856,0.7856
seqneut25to26_sera_1009_d0,A/Bangkok/1803/2025_H1N1,plate8-A/Bangkok/1803/2025_H1N1,40,0.03596,0.03596
seqneut25to26_sera_1009_d0,A/Bangkok/1803/2025_H1N1,plate8-A/Bangkok/1803/2025_H1N1,92,0.4092,0.4092
seqneut25to26_sera_1009_d0,A/Bangkok/1803/2025_H1N1,plate8-A/Bangkok/1803/2025_H1N1,212,0.671,0.671
seqneut25to26_sera_1009_d0,A/Bangkok/1803/2025_H1N1,plate8-A/Bangkok/1803/2025_H1N1,487,0.8247,0.8247
seqneut25to26_sera_1009_d0,A/Bangkok/1803/2025_H1N1,plate8-A/Bangkok/1803/2025_H1N1,1119,0.9472,0.9472
seqneut25to26_sera_1009_d0,A/Bangkok/1803/2025_H1N1,plate8-A/Bangkok/1803/2025_H1N1,2575,1.021,1
seqneut25to26_sera_1009_d0,A/Bangkok/1803/2025_H1N1,plate8-A/Bangkok/1803/2025_H1N1,5921,0.8424,0.8424
seqneut25to26_sera_1009_d0,A/Bangkok/1803/2025_H1N1,plate8-A/Bangkok/1803/2025_H1N1,1.362e+04,1.157,1
seqneut25to26_sera_1009_d0,A/Bangkok/P2229/2025_H1N1,plate8-A/Bangkok/P2229/2025_H1N1,40,0.07544,0.07544
seqneut25to26_sera_1009_d0,A/Bangkok/P2229/2025_H1N1,plate8-A/Bangkok/P2229/2025_H1N1,92,0.335,0.335
seqneut25to26_sera_1009_d0,A/Bangkok/P2229/2025_H1N1,plate8-A/Bangkok/P2229/2025_H1N1,212,0.5703,0.5703
seqneut25to26_sera_1009_d0,A/Bangkok/P2229/2025_H1N1,plate8-A/Bangkok/P2229/2025_H1N1,487,0.5322,0.5322
seqneut25to26_sera_1009_d0,A/Bangkok/P2229/2025_H1N1,plate8-A/Bangkok/P2229/2025_H1N1,1119,0.8791,0.8791
seqneut25to26_sera_1009_d0,A/Bangkok/P2229/2025_H1N1,plate8-A/Bangkok/P2229/2025_H1N1,2575,0.8446,0.8446
seqneut25to26_sera_1009_d0,A/Bangkok/P2229/2025_H1N1,plate8-A/Bangkok/P2229/2025_H1N1,5921,0.6173,0.6173
seqneut25to26_sera_1009_d0,A/Bangkok/P2229/2025_H1N1,plate8-A/Bangkok/P2229/2025_H1N1,1.362e+04,0.8261,0.8261
seqneut25to26_sera_1009_d0,A/Bangkok/P2323/2025_H3N2,plate8-A/Bangkok/P2323/2025_H3N2,40,0.02802,0.02802
seqneut25to26_sera_1009_d0,A/Bangkok/P2323/2025_H3N2,plate8-A/Bangkok/P2323/2025_H3N2,92,0.3427,0.3427
seqneut25to26_sera_1009_d0,A/Bangkok/P2323/2025_H3N2,plate8-A/Bangkok/P2323/2025_H3N2,212,0.5146,0.5146
seqneut25to26_sera_1009_d0,A/Bangkok/P2323/2025_H3N2,plate8-A/Bangkok/P2323/2025_H3N2,487,0.6067,0.6067
seqneut25to26_sera_1009_d0,A/Bangkok/P2323/2025_H3N2,plate8-A/Bangkok/P2323/2025_H3N2,1119,0.6976,0.6976
seqneut25to26_sera_1009_d0,A/Bangkok/P2323/2025_H3N2,plate8-A/Bangkok/P2323/2025_H3N2,2575,0.7567,0.7567
seqneut25to26_sera_1009_d0,A/Bangkok/P2323/2025_H3N2,plate8-A/Bangkok/P2323/2025_H3N2,5921,0.6153,0.6153
seqneut25to26_sera_1009_d0,A/Bangkok/P2323/2025_H3N2,plate8-A/Bangkok/P2323/2025_H3N2,1.362e+04,0.9589,0.9589
seqneut25to26_sera_1009_d0,A/Bangkok/P2390/2025_H3N2,plate8-A/Bangkok/P2390/2025_H3N2,40,0.06526,0.06526
seqneut25to26_sera_1009_d0,A/Bangkok/P2390/2025_H3N2,plate8-A/Bangkok/P2390/2025_H3N2,92,0.1815,0.1815
seqneut25to26_sera_1009_d0,A/Bangkok/P2390/2025_H3N2,plate8-A/Bangkok/P2390/2025_H3N2,212,0.5883,0.5883
seqneut25to26_sera_1009_d0,A/Bangkok/P2390/2025_H3N2,plate8-A/Bangkok/P2390/2025_H3N2,487,0.5384,0.5384
seqneut25to26_sera_1009_d0,A/Bangkok/P2390/2025_H3N2,plate8-A/Bangkok/P2390/2025_H3N2,1119,0.6863,0.6863
seqneut25to26_sera_1009_d0,A/Bangkok/P2390/2025_H3N2,plate8-A/Bangkok/P2390/2025_H3N2,2575,0.8157,0.8157
seqneut25to26_sera_1009_d0,A/Bangkok/P2390/2025_H3N2,plate8-A/Bangkok/P2390/2025_H3N2,5921,0.569,0.569
seqneut25to26_sera_1009_d0,A/Bangkok/P2390/2025_H3N2,plate8-A/Bangkok/P2390/2025_H3N2,1.362e+04,0.9093,0.9093
seqneut25to26_sera_1009_d0,A/Bangkok/P2391/2025_H3N2,plate8-A/Bangkok/P2391/2025_H3N2,40,0.1542,0.1542
seqneut25to26_sera_1009_d0,A/Bangkok/P2391/2025_H3N2,plate8-A/Bangkok/P2391/2025_H3N2,92,0.3646,0.3646
seqneut25to26_sera_1009_d0,A/Bangkok/P2391/2025_H3N2,plate8-A/Bangkok/P2391/2025_H3N2,212,0.3989,0.3989
seqneut25to26_sera_1009_d0,A/Bangkok/P2391/2025_H3N2,plate8-A/Bangkok/P2391/2025_H3N2,487,0.4644,0.4644
seqneut25to26_sera_1009_d0,A/Bangkok/P2391/2025_H3N2,plate8-A/Bangkok/P2391/2025_H3N2,1119,0.6106,0.6106
seqneut25to26_sera_1009_d0,A/Bangkok/P2391/2025_H3N2,plate8-A/Bangkok/P2391/2025_H3N2,2575,0.7744,0.7744
seqneut25to26_sera_1009_d0,A/Bangkok/P2391/2025_H3N2,plate8-A/Bangkok/P2391/2025_H3N2,5921,0.5148,0.5148
seqneut25to26_sera_1009_d0,A/Bangkok/P2391/2025_H3N2,plate8-A/Bangkok/P2391/2025_H3N2,1.362e+04,0.5978,0.5978
seqneut25to26_sera_1009_d0,A/Bangkok/P2572/2025_H3N2,plate8-A/Bangkok/P2572/2025_H3N2,40,0.1548,0.1548
seqneut25to26_sera_1009_d0,A/Bangkok/P2572/2025_H3N2,plate8-A/Bangkok/P2572/2025_H3N2,92,0.4185,0.4185
seqneut25to26_sera_1009_d0,A/Bangkok/P2572/2025_H3N2,plate8-A/Bangkok/P2572/2025_H3N2,212,0.6765,0.6765
seqneut25to26_sera_1009_d0,A/Bangkok/P2572/2025_H3N2,plate8-A/Bangkok/P2572/2025_H3N2,487,0.5947,0.5947
seqneut25to26_sera_1009_d0,A/Bangkok/P2572/2025_H3N2,plate8-A/Bangkok/P2572/2025_H3N2,1119,0.6218,0.6218
seqneut25to26_sera_1009_d0,A/Bangkok/P2572/2025_H3N2,plate8-A/Bangkok/P2572/2025_H3N2,2575,0.6389,0.6389
seqneut25to26_sera_1009_d0,A/Bangkok/P2572/2025_H3N2,plate8-A/Bangkok/P2572/2025_H3N2,5921,0.5586,0.5586
seqneut25to26_sera_1009_d0,A/Bangkok/P2572/2025_H3N2,plate8-A/Bangkok/P2572/2025_H3N2,1.362e+04,0.9178,0.9178
seqneut25to26_sera_1009_d0,A/Bangkok/P2921/2025_H3N2,plate8-A/Bangkok/P2921/2025_H3N2,40,0,0
seqneut25to26_sera_1009_d0,A/Bangkok/P2921/2025_H3N2,plate8-A/Bangkok/P2921/2025_H3N2,92,0.1146,0.1146
seqneut25to26_sera_1009_d0,A/Bangkok/P2921/2025_H3N2,plate8-A/Bangkok/P2921/2025_H3N2,212,0.2189,0.2189
seqneut25to26_sera_1009_d0,A/Bangkok/P2921/2025_H3N2,plate8-A/Bangkok/P2921/2025_H3N2,487,0.5167,0.5167
seqneut25to26_sera_1009_d0,A/Bangkok/P2921/2025_H3N2,plate8-A/Bangkok/P2921/2025_H3N2,1119,0.625,0.625
seqneut25to26_sera_1009_d0,A/Bangkok/P2921/2025_H3N2,plate8-A/Bangkok/P2921/2025_H3N2,2575,0.6418,0.6418
seqneut25to26_sera_1009_d0,A/Bangkok/P2921/2025_H3N2,plate8-A/Bangkok/P2921/2025_H3N2,5921,0.5917,0.5917
seqneut25to26_sera_1009_d0,A/Bangkok/P2921/2025_H3N2,plate8-A/Bangkok/P2921/2025_H3N2,1.362e+04,0.8008,0.8008
seqneut25to26_sera_1009_d0,A/Bangkok/P3067/2025_H1N1,plate8-A/Bangkok/P3067/2025_H1N1,40,0.05801,0.05801
seqneut25to26_sera_1009_d0,A/Bangkok/P3067/2025_H1N1,plate8-A/Bangkok/P3067/2025_H1N1,92,0.3668,0.3668
seqneut25to26_sera_1009_d0,A/Bangkok/P3067/2025_H1N1,plate8-A/Bangkok/P3067/2025_H1N1,212,0.7418,0.7418
seqneut25to26_sera_1009_d0,A/Bangkok/P3067/2025_H1N1,plate8-A/Bangkok/P3067/2025_H1N1,487,0.8105,0.8105
seqneut25to26_sera_1009_d0,A/Bangkok/P3067/2025_H1N1,plate8-A/Bangkok/P3067/2025_H1N1,1119,0.8985,0.8985
seqneut25to26_sera_1009_d0,A/Bangkok/P3067/2025_H1N1,plate8-A/Bangkok/P3067/2025_H1N1,2575,0.9702,0.9702
seqneut25to26_sera_1009_d0,A/Bangkok/P3067/2025_H1N1,plate8-A/Bangkok/P3067/2025_H1N1,5921,0.7304,0.7304
seqneut25to26_sera_1009_d0,A/Bangkok/P3067/2025_H1N1,plate8-A/Bangkok/P3067/2025_H1N1,1.362e+04,0.9501,0.9501
seqneut25to26_sera_1009_d0,A/Bangkok/P3263/2025_H3N2,plate8-A/Bangkok/P3263/2025_H3N2,40,0.03559,0.03559
seqneut25to26_sera_1009_d0,A/Bangkok/P3263/2025_H3N2,plate8-A/Bangkok/P3263/2025_H3N2,92,0.24,0.24
seqneut25to26_sera_1009_d0,A/Bangkok/P3263/2025_H3N2,plate8-A/Bangkok/P3263/2025_H3N2,212,0.4201,0.4201
seqneut25to26_sera_1009_d0,A/Bangkok/P3263/2025_H3N2,plate8-A/Bangkok/P3263/2025_H3N2,487,0.4753,0.4753
seqneut25to26_sera_1009_d0,A/Bangkok/P3263/2025_H3N2,plate8-A/Bangkok/P3263/2025_H3N2,1119,0.6748,0.6748
seqneut25to26_sera_1009_d0,A/Bangkok/P3263/2025_H3N2,plate8-A/Bangkok/P3263/2025_H3N2,2575,0.6699,0.6699
seqneut25to26_sera_1009_d0,A/Bangkok/P3263/2025_H3N2,plate8-A/Bangkok/P3263/2025_H3N2,5921,0.5795,0.5795
seqneut25to26_sera_1009_d0,A/Bangkok/P3263/2025_H3N2,plate8-A/Bangkok/P3263/2025_H3N2,1.362e+04,1.048,1
seqneut25to26_sera_1009_d0,A/Belgium/H0097/2025_H3N2,plate8-A/Belgium/H0097/2025_H3N2,40,0.002644,0.002644
seqneut25to26_sera_1009_d0,A/Belgium/H0097/2025_H3N2,plate8-A/Belgium/H0097/2025_H3N2,92,0.113,0.113
seqneut25to26_sera_1009_d0,A/Belgium/H0097/2025_H3N2,plate8-A/Belgium/H0097/2025_H3N2,212,0.3146,0.3146
seqneut25to26_sera_1009_d0,A/Belgium/H0097/2025_H3N2,plate8-A/Belgium/H0097/2025_H3N2,487,0.4952,0.4952
seqneut25to26_sera_1009_d0,A/Belgium/H0097/2025_H3N2,plate8-A/Belgium/H0097/2025_H3N2,1119,0.5839,0.5839
seqneut25to26_sera_1009_d0,A/Belgium/H0097/2025_H3N2,plate8-A/Belgium/H0097/2025_H3N2,2575,0.6565,0.6565
seqneut25to26_sera_1009_d0,A/Belgium/H0097/2025_H3N2,plate8-A/Belgium/H0097/2025_H3N2,5921,0.6074,0.6074
seqneut25to26_sera_1009_d0,A/Belgium/H0097/2025_H3N2,plate8-A/Belgium/H0097/2025_H3N2,1.362e+04,0.8192,0.8192
seqneut25to26_sera_1009_d0,A/Bhutan/1267/2025_H3N2,plate8-A/Bhutan/1267/2025_H3N2,40,0.01886,0.01886
seqneut25to26_sera_1009_d0,A/Bhutan/1267/2025_H3N2,plate8-A/Bhutan/1267/2025_H3N2,92,0.2259,0.2259
seqneut25to26_sera_1009_d0,A/Bhutan/1267/2025_H3N2,plate8-A/Bhutan/1267/2025_H3N2,212,0.438,0.438
seqneut25to26_sera_1009_d0,A/Bhutan/1267/2025_H3N2,plate8-A/Bhutan/1267/2025_H3N2,487,0.5617,0.5617
seqneut25to26_sera_1009_d0,A/Bhutan/1267/2025_H3N2,plate8-A/Bhutan/1267/2025_H3N2,1119,0.6623,0.6623
seqneut25to26_sera_1009_d0,A/Bhutan/1267/2025_H3N2,plate8-A/Bhutan/1267/2025_H3N2,2575,0.5852,0.5852
seqneut25to26_sera_1009_d0,A/Bhutan/1267/2025_H3N2,plate8-A/Bhutan/1267/2025_H3N2,5921,0.5818,0.5818
seqneut25to26_sera_1009_d0,A/Bhutan/1267/2025_H3N2,plate8-A/Bhutan/1267/2025_H3N2,1.362e+04,0.7624,0.7624
seqneut25to26_sera_1009_d0,A/Bhutan/7/2025_H3N2,plate8-A/Bhutan/7/2025_H3N2,40,0.01704,0.01704
seqneut25to26_sera_1009_d0,A/Bhutan/7/2025_H3N2,plate8-A/Bhutan/7/2025_H3N2,92,0.2539,0.2539
seqneut25to26_sera_1009_d0,A/Bhutan/7/2025_H3N2,plate8-A/Bhutan/7/2025_H3N2,212,0.4617,0.4617
seqneut25to26_sera_1009_d0,A/Bhutan/7/2025_H3N2,plate8-A/Bhutan/7/2025_H3N2,487,0.5068,0.5068
seqneut25to26_sera_1009_d0,A/Bhutan/7/2025_H3N2,plate8-A/Bhutan/7/2025_H3N2,1119,0.8551,0.8551
seqneut25to26_sera_1009_d0,A/Bhutan/7/2025_H3N2,plate8-A/Bhutan/7/2025_H3N2,2575,0.8136,0.8136
seqneut25to26_sera_1009_d0,A/Bhutan/7/2025_H3N2,plate8-A/Bhutan/7/2025_H3N2,5921,0.7757,0.7757
seqneut25to26_sera_1009_d0,A/Bhutan/7/2025_H3N2,plate8-A/Bhutan/7/2025_H3N2,1.362e+04,0.914,0.914
seqneut25to26_sera_1009_d0,A/BritishColumbia/PHL-2473/2025_H1N1,plate8-A/BritishColumbia/PHL-2473/2025_H1N1,40,0.07858,0.07858
seqneut25to26_sera_1009_d0,A/BritishColumbia/PHL-2473/2025_H1N1,plate8-A/BritishColumbia/PHL-2473/2025_H1N1,92,0.3284,0.3284
seqneut25to26_sera_1009_d0,A/BritishColumbia/PHL-2473/2025_H1N1,plate8-A/BritishColumbia/PHL-2473/2025_H1N1,212,0.6171,0.6171
seqneut25to26_sera_1009_d0,A/BritishColumbia/PHL-2473/2025_H1N1,plate8-A/BritishColumbia/PHL-2473/2025_H1N1,487,0.6976,0.6976
seqneut25to26_sera_1009_d0,A/BritishColumbia/PHL-2473/2025_H1N1,plate8-A/BritishColumbia/PHL-2473/2025_H1N1,1119,0.8604,0.8604
seqneut25to26_sera_1009_d0,A/BritishColumbia/PHL-2473/2025_H1N1,plate8-A/BritishColumbia/PHL-2473/2025_H1N1,2575,0.837,0.837
seqneut25to26_sera_1009_d0,A/BritishColumbia/PHL-2473/2025_H1N1,plate8-A/BritishColumbia/PHL-2473/2025_H1N1,5921,0.7094,0.7094
seqneut25to26_sera_1009_d0,A/BritishColumbia/PHL-2473/2025_H1N1,plate8-A/BritishColumbia/PHL-2473/2025_H1N1,1.362e+04,1.054,1
seqneut25to26_sera_1009_d0,A/California/61/2025_H3N2,plate8-A/California/61/2025_H3N2,40,0.0353,0.0353
seqneut25to26_sera_1009_d0,A/California/61/2025_H3N2,plate8-A/California/61/2025_H3N2,92,0.2355,0.2355
seqneut25to26_sera_1009_d0,A/California/61/2025_H3N2,plate8-A/California/61/2025_H3N2,212,0.3447,0.3447
seqneut25to26_sera_1009_d0,A/California/61/2025_H3N2,plate8-A/California/61/2025_H3N2,487,0.497,0.497
seqneut25to26_sera_1009_d0,A/California/61/2025_H3N2,plate8-A/California/61/2025_H3N2,1119,0.6252,0.6252
seqneut25to26_sera_1009_d0,A/California/61/2025_H3N2,plate8-A/California/61/2025_H3N2,2575,0.6582,0.6582
seqneut25to26_sera_1009_d0,A/California/61/2025_H3N2,plate8-A/California/61/2025_H3N2,5921,0.5241,0.5241
seqneut25to26_sera_1009_d0,A/California/61/2025_H3N2,plate8-A/California/61/2025_H3N2,1.362e+04,0.9019,0.9019
seqneut25to26_sera_1009_d0,A/California/63/2025_H1N1,plate8-A/California/63/2025_H1N1,40,0.0631,0.0631
seqneut25to26_sera_1009_d0,A/California/63/2025_H1N1,plate8-A/California/63/2025_H1N1,92,0.354,0.354
seqneut25to26_sera_1009_d0,A/California/63/2025_H1N1,plate8-A/California/63/2025_H1N1,212,0.6058,0.6058
seqneut25to26_sera_1009_d0,A/California/63/2025_H1N1,plate8-A/California/63/2025_H1N1,487,0.7335,0.7335
seqneut25to26_sera_1009_d0,A/California/63/2025_H1N1,plate8-A/California/63/2025_H1N1,1119,0.9694,0.9694
seqneut25to26_sera_1009_d0,A/California/63/2025_H1N1,plate8-A/California/63/2025_H1N1,2575,0.7706,0.7706
seqneut25to26_sera_1009_d0,A/California/63/2025_H1N1,plate8-A/California/63/2025_H1N1,5921,0.6561,0.6561
seqneut25to26_sera_1009_d0,A/California/63/2025_H1N1,plate8-A/California/63/2025_H1N1,1.362e+04,0.8781,0.8781
seqneut25to26_sera_1009_d0,A/Canberra/465/2025_H1N1,plate8-A/Canberra/465/2025_H1N1,40,0.02716,0.02716
seqneut25to26_sera_1009_d0,A/Canberra/465/2025_H1N1,plate8-A/Canberra/465/2025_H1N1,92,0.2276,0.2276
seqneut25to26_sera_1009_d0,A/Canberra/465/2025_H1N1,plate8-A/Canberra/465/2025_H1N1,212,0.6736,0.6736
seqneut25to26_sera_1009_d0,A/Canberra/465/2025_H1N1,plate8-A/Canberra/465/2025_H1N1,487,0.6446,0.6446
seqneut25to26_sera_1009_d0,A/Canberra/465/2025_H1N1,plate8-A/Canberra/465/2025_H1N1,1119,0.8605,0.8605
seqneut25to26_sera_1009_d0,A/Canberra/465/2025_H1N1,plate8-A/Canberra/465/2025_H1N1,2575,0.9181,0.9181
seqneut25to26_sera_1009_d0,A/Canberra/465/2025_H1N1,plate8-A/Canberra/465/2025_H1N1,5921,0.6798,0.6798
seqneut25to26_sera_1009_d0,A/Canberra/465/2025_H1N1,plate8-A/Canberra/465/2025_H1N1,1.362e+04,1.002,1
seqneut25to26_sera_1009_d0,A/Canberra/530/2025_H1N1,plate8-A/Canberra/530/2025_H1N1,40,0.1009,0.1009
seqneut25to26_sera_1009_d0,A/Canberra/530/2025_H1N1,plate8-A/Canberra/530/2025_H1N1,92,0.3714,0.3714
seqneut25to26_sera_1009_d0,A/Canberra/530/2025_H1N1,plate8-A/Canberra/530/2025_H1N1,212,0.7832,0.7832
seqneut25to26_sera_1009_d0,A/Canberra/530/2025_H1N1,plate8-A/Canberra/530/2025_H1N1,487,0.6954,0.6954
seqneut25to26_sera_1009_d0,A/Canberra/530/2025_H1N1,plate8-A/Canberra/530/2025_H1N1,1119,0.8861,0.8861
seqneut25to26_sera_1009_d0,A/Canberra/530/2025_H1N1,plate8-A/Canberra/530/2025_H1N1,2575,0.9152,0.9152
seqneut25to26_sera_1009_d0,A/Canberra/530/2025_H1N1,plate8-A/Canberra/530/2025_H1N1,5921,0.7977,0.7977
seqneut25to26_sera_1009_d0,A/Canberra/530/2025_H1N1,plate8-A/Canberra/530/2025_H1N1,1.362e+04,0.9968,0.9968
seqneut25to26_sera_1009_d0,A/Catalonia/NSVH102689455/2025_H1N1,plate8-A/Catalonia/NSVH102689455/2025_H1N1,40,0.2238,0.2238
seqneut25to26_sera_1009_d0,A/Catalonia/NSVH102689455/2025_H1N1,plate8-A/Catalonia/NSVH102689455/2025_H1N1,92,0.508,0.508
seqneut25to26_sera_1009_d0,A/Catalonia/NSVH102689455/2025_H1N1,plate8-A/Catalonia/NSVH102689455/2025_H1N1,212,0.8725,0.8725
seqneut25to26_sera_1009_d0,A/Catalonia/NSVH102689455/2025_H1N1,plate8-A/Catalonia/NSVH102689455/2025_H1N1,487,0.8692,0.8692
seqneut25to26_sera_1009_d0,A/Catalonia/NSVH102689455/2025_H1N1,plate8-A/Catalonia/NSVH102689455/2025_H1N1,1119,0.8225,0.8225
seqneut25to26_sera_1009_d0,A/Catalonia/NSVH102689455/2025_H1N1,plate8-A/Catalonia/NSVH102689455/2025_H1N1,2575,0.8911,0.8911
seqneut25to26_sera_1009_d0,A/Catalonia/NSVH102689455/2025_H1N1,plate8-A/Catalonia/NSVH102689455/2025_H1N1,5921,0.6264,0.6264
seqneut25to26_sera_1009_d0,A/Catalonia/NSVH102689455/2025_H1N1,plate8-A/Catalonia/NSVH102689455/2025_H1N1,1.362e+04,1.152,1
seqneut25to26_sera_1009_d0,A/Colorado/105/2025_H1N1,plate8-A/Colorado/105/2025_H1N1,40,0.1649,0.1649
seqneut25to26_sera_1009_d0,A/Colorado/105/2025_H1N1,plate8-A/Colorado/105/2025_H1N1,92,0.61,0.61
seqneut25to26_sera_1009_d0,A/Colorado/105/2025_H1N1,plate8-A/Colorado/105/2025_H1N1,212,0.7337,0.7337
seqneut25to26_sera_1009_d0,A/Colorado/105/2025_H1N1,plate8-A/Colorado/105/2025_H1N1,487,0.8352,0.8352
seqneut25to26_sera_1009_d0,A/Colorado/105/2025_H1N1,plate8-A/Colorado/105/2025_H1N1,1119,0.9921,0.9921
seqneut25to26_sera_1009_d0,A/Colorado/105/2025_H1N1,plate8-A/Colorado/105/2025_H1N1,2575,0.9325,0.9325
seqneut25to26_sera_1009_d0,A/Colorado/105/2025_H1N1,plate8-A/Colorado/105/2025_H1N1,5921,0.7307,0.7307
seqneut25to26_sera_1009_d0,A/Colorado/105/2025_H1N1,plate8-A/Colorado/105/2025_H1N1,1.362e+04,0.9987,0.9987
seqneut25to26_sera_1009_d0,A/CoteDIvoire/2007/2025_H1N1,plate8-A/CoteDIvoire/2007/2025_H1N1,40,0.1245,0.1245
seqneut25to26_sera_1009_d0,A/CoteDIvoire/2007/2025_H1N1,plate8-A/CoteDIvoire/2007/2025_H1N1,92,0.3074,0.3074
seqneut25to26_sera_1009_d0,A/CoteDIvoire/2007/2025_H1N1,plate8-A/CoteDIvoire/2007/2025_H1N1,212,0.6455,0.6455
seqneut25to26_sera_1009_d0,A/CoteDIvoire/2007/2025_H1N1,plate8-A/CoteDIvoire/2007/2025_H1N1,487,0.7841,0.7841
seqneut25to26_sera_1009_d0,A/CoteDIvoire/2007/2025_H1N1,plate8-A/CoteDIvoire/2007/2025_H1N1,1119,0.8189,0.8189
seqneut25to26_sera_1009_d0,A/CoteDIvoire/2007/2025_H1N1,plate8-A/CoteDIvoire/2007/2025_H1N1,2575,0.9417,0.9417
seqneut25to26_sera_1009_d0,A/CoteDIvoire/2007/2025_H1N1,plate8-A/CoteDIvoire/2007/2025_H1N1,5921,0.7853,0.7853
seqneut25to26_sera_1009_d0,A/CoteDIvoire/2007/2025_H1N1,plate8-A/CoteDIvoire/2007/2025_H1N1,1.362e+04,1.16,1
seqneut25to26_sera_1009_d0,A/Croatia/10136RV/2023-egg_H3N2,plate8-A/Croatia/10136RV/2023-egg_H3N2,40,0.0061,0.0061
seqneut25to26_sera_1009_d0,A/Croatia/10136RV/2023-egg_H3N2,plate8-A/Croatia/10136RV/2023-egg_H3N2,92,0.01615,0.01615
seqneut25to26_sera_1009_d0,A/Croatia/10136RV/2023-egg_H3N2,plate8-A/Croatia/10136RV/2023-egg_H3N2,212,0.03318,0.03318
seqneut25to26_sera_1009_d0,A/Croatia/10136RV/2023-egg_H3N2,plate8-A/Croatia/10136RV/2023-egg_H3N2,487,0.05356,0.05356
seqneut25to26_sera_1009_d0,A/Croatia/10136RV/2023-egg_H3N2,plate8-A/Croatia/10136RV/2023-egg_H3N2,1119,0.7191,0.7191
seqneut25to26_sera_1009_d0,A/Croatia/10136RV/2023-egg_H3N2,plate8-A/Croatia/10136RV/2023-egg_H3N2,2575,0.6463,0.6463
seqneut25to26_sera_1009_d0,A/Croatia/10136RV/2023-egg_H3N2,plate8-A/Croatia/10136RV/2023-egg_H3N2,5921,0.3782,0.3782
seqneut25to26_sera_1009_d0,A/Croatia/10136RV/2023-egg_H3N2,plate8-A/Croatia/10136RV/2023-egg_H3N2,1.362e+04,0.6012,0.6012
seqneut25to26_sera_1009_d0,A/Darwin/1405/2025_H1N1,plate8-A/Darwin/1405/2025_H1N1,40,0.06118,0.06118
seqneut25to26_sera_1009_d0,A/Darwin/1405/2025_H1N1,plate8-A/Darwin/1405/2025_H1N1,92,0.3066,0.3066
seqneut25to26_sera_1009_d0,A/Darwin/1405/2025_H1N1,plate8-A/Darwin/1405/2025_H1N1,212,0.6442,0.6442
seqneut25to26_sera_1009_d0,A/Darwin/1405/2025_H1N1,plate8-A/Darwin/1405/2025_H1N1,487,0.6994,0.6994
seqneut25to26_sera_1009_d0,A/Darwin/1405/2025_H1N1,plate8-A/Darwin/1405/2025_H1N1,1119,0.8932,0.8932
seqneut25to26_sera_1009_d0,A/Darwin/1405/2025_H1N1,plate8-A/Darwin/1405/2025_H1N1,2575,0.9052,0.9052
seqneut25to26_sera_1009_d0,A/Darwin/1405/2025_H1N1,plate8-A/Darwin/1405/2025_H1N1,5921,0.7642,0.7642
seqneut25to26_sera_1009_d0,A/Darwin/1405/2025_H1N1,plate8-A/Darwin/1405/2025_H1N1,1.362e+04,0.9658,0.9658
seqneut25to26_sera_1009_d0,A/Darwin/1461/2025_H3N2,plate8-A/Darwin/1461/2025_H3N2,40,0.04464,0.04464
seqneut25to26_sera_1009_d0,A/Darwin/1461/2025_H3N2,plate8-A/Darwin/1461/2025_H3N2,92,0.1477,0.1477
seqneut25to26_sera_1009_d0,A/Darwin/1461/2025_H3N2,plate8-A/Darwin/1461/2025_H3N2,212,0.4812,0.4812
seqneut25to26_sera_1009_d0,A/Darwin/1461/2025_H3N2,plate8-A/Darwin/1461/2025_H3N2,487,0.5583,0.5583
seqneut25to26_sera_1009_d0,A/Darwin/1461/2025_H3N2,plate8-A/Darwin/1461/2025_H3N2,1119,0.8353,0.8353
seqneut25to26_sera_1009_d0,A/Darwin/1461/2025_H3N2,plate8-A/Darwin/1461/2025_H3N2,2575,0.7011,0.7011
seqneut25to26_sera_1009_d0,A/Darwin/1461/2025_H3N2,plate8-A/Darwin/1461/2025_H3N2,5921,0.5504,0.5504
seqneut25to26_sera_1009_d0,A/Darwin/1461/2025_H3N2,plate8-A/Darwin/1461/2025_H3N2,1.362e+04,0.8365,0.8365
seqneut25to26_sera_1009_d0,A/Denmark/3070/2025_H1N1,plate8-A/Denmark/3070/2025_H1N1,40,0.01368,0.01368
seqneut25to26_sera_1009_d0,A/Denmark/3070/2025_H1N1,plate8-A/Denmark/3070/2025_H1N1,92,0.2351,0.2351
seqneut25to26_sera_1009_d0,A/Denmark/3070/2025_H1N1,plate8-A/Denmark/3070/2025_H1N1,212,0.6549,0.6549
seqneut25to26_sera_1009_d0,A/Denmark/3070/2025_H1N1,plate8-A/Denmark/3070/2025_H1N1,487,0.7698,0.7698
seqneut25to26_sera_1009_d0,A/Denmark/3070/2025_H1N1,plate8-A/Denmark/3070/2025_H1N1,1119,1.003,1
seqneut25to26_sera_1009_d0,A/Denmark/3070/2025_H1N1,plate8-A/Denmark/3070/2025_H1N1,2575,0.8593,0.8593
seqneut25to26_sera_1009_d0,A/Denmark/3070/2025_H1N1,plate8-A/Denmark/3070/2025_H1N1,5921,0.6975,0.6975
seqneut25to26_sera_1009_d0,A/Denmark/3070/2025_H1N1,plate8-A/Denmark/3070/2025_H1N1,1.362e+04,0.9879,0.9879
seqneut25to26_sera_1009_d0,A/DistrictOfColumbia/27/2023_H3N2,plate8-A/DistrictOfColumbia/27/2023_H3N2,40,0.01618,0.01618
seqneut25to26_sera_1009_d0,A/DistrictOfColumbia/27/2023_H3N2,plate8-A/DistrictOfColumbia/27/2023_H3N2,92,0.2554,0.2554
seqneut25to26_sera_1009_d0,A/DistrictOfColumbia/27/2023_H3N2,plate8-A/DistrictOfColumbia/27/2023_H3N2,212,0.3197,0.3197
seqneut25to26_sera_1009_d0,A/DistrictOfColumbia/27/2023_H3N2,plate8-A/DistrictOfColumbia/27/2023_H3N2,487,0.3568,0.3568
seqneut25to26_sera_1009_d0,A/DistrictOfColumbia/27/2023_H3N2,plate8-A/DistrictOfColumbia/27/2023_H3N2,1119,0.71,0.71
seqneut25to26_sera_1009_d0,A/DistrictOfColumbia/27/2023_H3N2,plate8-A/DistrictOfColumbia/27/2023_H3N2,2575,0.757,0.757
seqneut25to26_sera_1009_d0,A/DistrictOfColumbia/27/2023_H3N2,plate8-A/DistrictOfColumbia/27/2023_H3N2,5921,0.5703,0.5703
seqneut25to26_sera_1009_d0,A/DistrictOfColumbia/27/2023_H3N2,plate8-A/DistrictOfColumbia/27/2023_H3N2,1.362e+04,1.036,1
seqneut25to26_sera_1009_d0,A/DistrictOfColumbia/57/2025_H3N2,plate8-A/DistrictOfColumbia/57/2025_H3N2,40,0.05796,0.05796
seqneut25to26_sera_1009_d0,A/DistrictOfColumbia/57/2025_H3N2,plate8-A/DistrictOfColumbia/57/2025_H3N2,92,0.3223,0.3223
seqneut25to26_sera_1009_d0,A/DistrictOfColumbia/57/2025_H3N2,plate8-A/DistrictOfColumbia/57/2025_H3N2,212,0.4944,0.4944
seqneut25to26_sera_1009_d0,A/DistrictOfColumbia/57/2025_H3N2,plate8-A/DistrictOfColumbia/57/2025_H3N2,487,0.5618,0.5618
seqneut25to26_sera_1009_d0,A/DistrictOfColumbia/57/2025_H3N2,plate8-A/DistrictOfColumbia/57/2025_H3N2,1119,0.5983,0.5983
seqneut25to26_sera_1009_d0,A/DistrictOfColumbia/57/2025_H3N2,plate8-A/DistrictOfColumbia/57/2025_H3N2,2575,0.9251,0.9251
seqneut25to26_sera_1009_d0,A/DistrictOfColumbia/57/2025_H3N2,plate8-A/DistrictOfColumbia/57/2025_H3N2,5921,0.5465,0.5465
seqneut25to26_sera_1009_d0,A/DistrictOfColumbia/57/2025_H3N2,plate8-A/DistrictOfColumbia/57/2025_H3N2,1.362e+04,0.8295,0.8295
seqneut25to26_sera_1009_d0,A/DistritoFederal/250106000728/2025_H3N2,plate8-A/DistritoFederal/250106000728/2025_H3N2,40,0.1085,0.1085
seqneut25to26_sera_1009_d0,A/DistritoFederal/250106000728/2025_H3N2,plate8-A/DistritoFederal/250106000728/2025_H3N2,92,0.3491,0.3491
seqneut25to26_sera_1009_d0,A/DistritoFederal/250106000728/2025_H3N2,plate8-A/DistritoFederal/250106000728/2025_H3N2,212,0.4323,0.4323
seqneut25to26_sera_1009_d0,A/DistritoFederal/250106000728/2025_H3N2,plate8-A/DistritoFederal/250106000728/2025_H3N2,487,0.46,0.46
seqneut25to26_sera_1009_d0,A/DistritoFederal/250106000728/2025_H3N2,plate8-A/DistritoFederal/250106000728/2025_H3N2,1119,0.5456,0.5456
seqneut25to26_sera_1009_d0,A/DistritoFederal/250106000728/2025_H3N2,plate8-A/DistritoFederal/250106000728/2025_H3N2,2575,0.6816,0.6816
seqneut25to26_sera_1009_d0,A/DistritoFederal/250106000728/2025_H3N2,plate8-A/DistritoFederal/250106000728/2025_H3N2,5921,0.5354,0.5354
seqneut25to26_sera_1009_d0,A/DistritoFederal/250106000728/2025_H3N2,plate8-A/DistritoFederal/250106000728/2025_H3N2,1.362e+04,0.8648,0.8648
seqneut25to26_sera_1009_d0,A/DistritoFederal/2578578201/2025_H3N2,plate8-A/DistritoFederal/2578578201/2025_H3N2,40,0.1049,0.1049
seqneut25to26_sera_1009_d0,A/DistritoFederal/2578578201/2025_H3N2,plate8-A/DistritoFederal/2578578201/2025_H3N2,92,0.2514,0.2514
seqneut25to26_sera_1009_d0,A/DistritoFederal/2578578201/2025_H3N2,plate8-A/DistritoFederal/2578578201/2025_H3N2,212,0.408,0.408
seqneut25to26_sera_1009_d0,A/DistritoFederal/2578578201/2025_H3N2,plate8-A/DistritoFederal/2578578201/2025_H3N2,487,0.6151,0.6151
seqneut25to26_sera_1009_d0,A/DistritoFederal/2578578201/2025_H3N2,plate8-A/DistritoFederal/2578578201/2025_H3N2,1119,0.6992,0.6992
seqneut25to26_sera_1009_d0,A/DistritoFederal/2578578201/2025_H3N2,plate8-A/DistritoFederal/2578578201/2025_H3N2,2575,0.7969,0.7969
seqneut25to26_sera_1009_d0,A/DistritoFederal/2578578201/2025_H3N2,plate8-A/DistritoFederal/2578578201/2025_H3N2,5921,0.6633,0.6633
seqneut25to26_sera_1009_d0,A/DistritoFederal/2578578201/2025_H3N2,plate8-A/DistritoFederal/2578578201/2025_H3N2,1.362e+04,0.9132,0.9132
seqneut25to26_sera_1009_d0,A/England/174/2025_H3N2,plate8-A/England/174/2025_H3N2,40,0,0
seqneut25to26_sera_1009_d0,A/England/174/2025_H3N2,plate8-A/England/174/2025_H3N2,92,0.03041,0.03041
seqneut25to26_sera_1009_d0,A/England/174/2025_H3N2,plate8-A/England/174/2025_H3N2,212,0.1497,0.1497
seqneut25to26_sera_1009_d0,A/England/174/2025_H3N2,plate8-A/England/174/2025_H3N2,487,0.2996,0.2996
seqneut25to26_sera_1009_d0,A/England/174/2025_H3N2,plate8-A/England/174/2025_H3N2,1119,0.6011,0.6011
seqneut25to26_sera_1009_d0,A/England/174/2025_H3N2,plate8-A/England/174/2025_H3N2,2575,0.6834,0.6834
seqneut25to26_sera_1009_d0,A/England/174/2025_H3N2,plate8-A/England/174/2025_H3N2,5921,0.6709,0.6709
seqneut25to26_sera_1009_d0,A/England/174/2025_H3N2,plate8-A/England/174/2025_H3N2,1.362e+04,1.183,1
seqneut25to26_sera_1009_d0,A/England/1822256/2025_H1N1,plate8-A/England/1822256/2025_H1N1,40,0.0008094,0.0008094
seqneut25to26_sera_1009_d0,A/England/1822256/2025_H1N1,plate8-A/England/1822256/2025_H1N1,92,0.004621,0.004621
seqneut25to26_sera_1009_d0,A/England/1822256/2025_H1N1,plate8-A/England/1822256/2025_H1N1,212,0.1734,0.1734
seqneut25to26_sera_1009_d0,A/England/1822256/2025_H1N1,plate8-A/England/1822256/2025_H1N1,487,0.4274,0.4274
seqneut25to26_sera_1009_d0,A/England/1822256/2025_H1N1,plate8-A/England/1822256/2025_H1N1,1119,0.6849,0.6849
seqneut25to26_sera_1009_d0,A/England/1822256/2025_H1N1,plate8-A/England/1822256/2025_H1N1,2575,0.8607,0.8607
seqneut25to26_sera_1009_d0,A/England/1822256/2025_H1N1,plate8-A/England/1822256/2025_H1N1,5921,0.669,0.669
seqneut25to26_sera_1009_d0,A/England/1822256/2025_H1N1,plate8-A/England/1822256/2025_H1N1,1.362e+04,1.039,1
seqneut25to26_sera_1009_d0,A/England/1837734/2025_H3N2,plate8-A/England/1837734/2025_H3N2,40,0.1019,0.1019
seqneut25to26_sera_1009_d0,A/England/1837734/2025_H3N2,plate8-A/England/1837734/2025_H3N2,92,0.2405,0.2405
seqneut25to26_sera_1009_d0,A/England/1837734/2025_H3N2,plate8-A/England/1837734/2025_H3N2,212,0.4984,0.4984
seqneut25to26_sera_1009_d0,A/England/1837734/2025_H3N2,plate8-A/England/1837734/2025_H3N2,487,0.5533,0.5533
seqneut25to26_sera_1009_d0,A/England/1837734/2025_H3N2,plate8-A/England/1837734/2025_H3N2,1119,0.6111,0.6111
seqneut25to26_sera_1009_d0,A/England/1837734/2025_H3N2,plate8-A/England/1837734/2025_H3N2,2575,0.654,0.654
seqneut25to26_sera_1009_d0,A/England/1837734/2025_H3N2,plate8-A/England/1837734/2025_H3N2,5921,0.56,0.56
seqneut25to26_sera_1009_d0,A/England/1837734/2025_H3N2,plate8-A/England/1837734/2025_H3N2,1.362e+04,0.9067,0.9067
seqneut25to26_sera_1009_d0,A/England/1837737/2025_H3N2,plate8-A/England/1837737/2025_H3N2,40,0.05777,0.05777
seqneut25to26_sera_1009_d0,A/England/1837737/2025_H3N2,plate8-A/England/1837737/2025_H3N2,92,0.2021,0.2021
seqneut25to26_sera_1009_d0,A/England/1837737/2025_H3N2,plate8-A/England/1837737/2025_H3N2,212,0.4687,0.4687
seqneut25to26_sera_1009_d0,A/England/1837737/2025_H3N2,plate8-A/England/1837737/2025_H3N2,487,0.652,0.652
seqneut25to26_sera_1009_d0,A/England/1837737/2025_H3N2,plate8-A/England/1837737/2025_H3N2,1119,0.6763,0.6763
seqneut25to26_sera_1009_d0,A/England/1837737/2025_H3N2,plate8-A/England/1837737/2025_H3N2,2575,0.8786,0.8786
seqneut25to26_sera_1009_d0,A/England/1837737/2025_H3N2,plate8-A/England/1837737/2025_H3N2,5921,0.4306,0.4306
seqneut25to26_sera_1009_d0,A/England/1837737/2025_H3N2,plate8-A/England/1837737/2025_H3N2,1.362e+04,0.8011,0.8011
seqneut25to26_sera_1009_d0,A/France/ARA-HCL025155099501/2025_H1N1,plate8-A/France/ARA-HCL025155099501/2025_H1N1,40,0.1455,0.1455
seqneut25to26_sera_1009_d0,A/France/ARA-HCL025155099501/2025_H1N1,plate8-A/France/ARA-HCL025155099501/2025_H1N1,92,0.3911,0.3911
seqneut25to26_sera_1009_d0,A/France/ARA-HCL025155099501/2025_H1N1,plate8-A/France/ARA-HCL025155099501/2025_H1N1,212,0.6263,0.6263
seqneut25to26_sera_1009_d0,A/France/ARA-HCL025155099501/2025_H1N1,plate8-A/France/ARA-HCL025155099501/2025_H1N1,487,0.7759,0.7759
seqneut25to26_sera_1009_d0,A/France/ARA-HCL025155099501/2025_H1N1,plate8-A/France/ARA-HCL025155099501/2025_H1N1,1119,0.8111,0.8111
seqneut25to26_sera_1009_d0,A/France/ARA-HCL025155099501/2025_H1N1,plate8-A/France/ARA-HCL025155099501/2025_H1N1,2575,0.7924,0.7924
seqneut25to26_sera_1009_d0,A/France/ARA-HCL025155099501/2025_H1N1,plate8-A/France/ARA-HCL025155099501/2025_H1N1,5921,0.7104,0.7104
seqneut25to26_sera_1009_d0,A/France/ARA-HCL025155099501/2025_H1N1,plate8-A/France/ARA-HCL025155099501/2025_H1N1,1.362e+04,0.9454,0.9454
seqneut25to26_sera_1009_d0,A/Galicia/GA-CHUAC-451/2025_H3N2,plate8-A/Galicia/GA-CHUAC-451/2025_H3N2,40,9.253e-06,9.253e-06
seqneut25to26_sera_1009_d0,A/Galicia/GA-CHUAC-451/2025_H3N2,plate8-A/Galicia/GA-CHUAC-451/2025_H3N2,92,0.0156,0.0156
seqneut25to26_sera_1009_d0,A/Galicia/GA-CHUAC-451/2025_H3N2,plate8-A/Galicia/GA-CHUAC-451/2025_H3N2,212,0.2625,0.2625
seqneut25to26_sera_1009_d0,A/Galicia/GA-CHUAC-451/2025_H3N2,plate8-A/Galicia/GA-CHUAC-451/2025_H3N2,487,0.3606,0.3606
seqneut25to26_sera_1009_d0,A/Galicia/GA-CHUAC-451/2025_H3N2,plate8-A/Galicia/GA-CHUAC-451/2025_H3N2,1119,0.607,0.607
seqneut25to26_sera_1009_d0,A/Galicia/GA-CHUAC-451/2025_H3N2,plate8-A/Galicia/GA-CHUAC-451/2025_H3N2,2575,0.5864,0.5864
seqneut25to26_sera_1009_d0,A/Galicia/GA-CHUAC-451/2025_H3N2,plate8-A/Galicia/GA-CHUAC-451/2025_H3N2,5921,0.6802,0.6802
seqneut25to26_sera_1009_d0,A/Galicia/GA-CHUAC-451/2025_H3N2,plate8-A/Galicia/GA-CHUAC-451/2025_H3N2,1.362e+04,0.8443,0.8443
seqneut25to26_sera_1009_d0,A/Ghana/ARI-25-1125/2025_H1N1,plate8-A/Ghana/ARI-25-1125/2025_H1N1,40,0.0003872,0.0003872
seqneut25to26_sera_1009_d0,A/Ghana/ARI-25-1125/2025_H1N1,plate8-A/Ghana/ARI-25-1125/2025_H1N1,92,0.002055,0.002055
seqneut25to26_sera_1009_d0,A/Ghana/ARI-25-1125/2025_H1N1,plate8-A/Ghana/ARI-25-1125/2025_H1N1,212,0.1521,0.1521
seqneut25to26_sera_1009_d0,A/Ghana/ARI-25-1125/2025_H1N1,plate8-A/Ghana/ARI-25-1125/2025_H1N1,487,0.4637,0.4637
seqneut25to26_sera_1009_d0,A/Ghana/ARI-25-1125/2025_H1N1,plate8-A/Ghana/ARI-25-1125/2025_H1N1,1119,0.7017,0.7017
seqneut25to26_sera_1009_d0,A/Ghana/ARI-25-1125/2025_H1N1,plate8-A/Ghana/ARI-25-1125/2025_H1N1,2575,1.164,1
seqneut25to26_sera_1009_d0,A/Ghana/ARI-25-1125/2025_H1N1,plate8-A/Ghana/ARI-25-1125/2025_H1N1,5921,0.6497,0.6497
seqneut25to26_sera_1009_d0,A/Ghana/ARI-25-1125/2025_H1N1,plate8-A/Ghana/ARI-25-1125/2025_H1N1,1.362e+04,0.9759,0.9759
seqneut25to26_sera_1009_d0,A/Ghana/FS-25-7077/2025_H3N2,plate8-A/Ghana/FS-25-7077/2025_H3N2,40,0.1224,0.1224
seqneut25to26_sera_1009_d0,A/Ghana/FS-25-7077/2025_H3N2,plate8-A/Ghana/FS-25-7077/2025_H3N2,92,0.3037,0.3037
seqneut25to26_sera_1009_d0,A/Ghana/FS-25-7077/2025_H3N2,plate8-A/Ghana/FS-25-7077/2025_H3N2,212,0.5475,0.5475
seqneut25to26_sera_1009_d0,A/Ghana/FS-25-7077/2025_H3N2,plate8-A/Ghana/FS-25-7077/2025_H3N2,487,0.6225,0.6225
seqneut25to26_sera_1009_d0,A/Ghana/FS-25-7077/2025_H3N2,plate8-A/Ghana/FS-25-7077/2025_H3N2,1119,0.7019,0.7019
seqneut25to26_sera_1009_d0,A/Ghana/FS-25-7077/2025_H3N2,plate8-A/Ghana/FS-25-7077/2025_H3N2,2575,0.8631,0.8631
seqneut25to26_sera_1009_d0,A/Ghana/FS-25-7077/2025_H3N2,plate8-A/Ghana/FS-25-7077/2025_H3N2,5921,0.6375,0.6375
seqneut25to26_sera_1009_d0,A/Ghana/FS-25-7077/2025_H3N2,plate8-A/Ghana/FS-25-7077/2025_H3N2,1.362e+04,0.9614,0.9614
seqneut25to26_sera_1009_d0,A/Guangdong-Maonan/11438/2025_H3N2,plate8-A/Guangdong-Maonan/11438/2025_H3N2,40,0,0
seqneut25to26_sera_1009_d0,A/Guangdong-Maonan/11438/2025_H3N2,plate8-A/Guangdong-Maonan/11438/2025_H3N2,92,0.01132,0.01132
seqneut25to26_sera_1009_d0,A/Guangdong-Maonan/11438/2025_H3N2,plate8-A/Guangdong-Maonan/11438/2025_H3N2,212,0.2709,0.2709
seqneut25to26_sera_1009_d0,A/Guangdong-Maonan/11438/2025_H3N2,plate8-A/Guangdong-Maonan/11438/2025_H3N2,487,0.2635,0.2635
seqneut25to26_sera_1009_d0,A/Guangdong-Maonan/11438/2025_H3N2,plate8-A/Guangdong-Maonan/11438/2025_H3N2,1119,0.687,0.687
seqneut25to26_sera_1009_d0,A/Guangdong-Maonan/11438/2025_H3N2,plate8-A/Guangdong-Maonan/11438/2025_H3N2,2575,0.4279,0.4279
seqneut25to26_sera_1009_d0,A/Guangdong-Maonan/11438/2025_H3N2,plate8-A/Guangdong-Maonan/11438/2025_H3N2,5921,0.5404,0.5404
seqneut25to26_sera_1009_d0,A/Guangdong-Maonan/11438/2025_H3N2,plate8-A/Guangdong-Maonan/11438/2025_H3N2,1.362e+04,1.054,1
seqneut25to26_sera_1009_d0,A/Guangdong-Meijiang/11256/2025_H3N2,plate8-A/Guangdong-Meijiang/11256/2025_H3N2,40,9.111e-06,9.111e-06
seqneut25to26_sera_1009_d0,A/Guangdong-Meijiang/11256/2025_H3N2,plate8-A/Guangdong-Meijiang/11256/2025_H3N2,92,0.006832,0.006832
seqneut25to26_sera_1009_d0,A/Guangdong-Meijiang/11256/2025_H3N2,plate8-A/Guangdong-Meijiang/11256/2025_H3N2,212,0.154,0.154
seqneut25to26_sera_1009_d0,A/Guangdong-Meijiang/11256/2025_H3N2,plate8-A/Guangdong-Meijiang/11256/2025_H3N2,487,0.3329,0.3329
seqneut25to26_sera_1009_d0,A/Guangdong-Meijiang/11256/2025_H3N2,plate8-A/Guangdong-Meijiang/11256/2025_H3N2,1119,0.6081,0.6081
seqneut25to26_sera_1009_d0,A/Guangdong-Meijiang/11256/2025_H3N2,plate8-A/Guangdong-Meijiang/11256/2025_H3N2,2575,0.6603,0.6603
seqneut25to26_sera_1009_d0,A/Guangdong-Meijiang/11256/2025_H3N2,plate8-A/Guangdong-Meijiang/11256/2025_H3N2,5921,0.6775,0.6775
seqneut25to26_sera_1009_d0,A/Guangdong-Meijiang/11256/2025_H3N2,plate8-A/Guangdong-Meijiang/11256/2025_H3N2,1.362e+04,0.7181,0.7181
seqneut25to26_sera_1009_d0,A/Guangxi-Daxin/1643/2025_H3N2,plate8-A/Guangxi-Daxin/1643/2025_H3N2,40,1.341e-05,1.341e-05
seqneut25to26_sera_1009_d0,A/Guangxi-Daxin/1643/2025_H3N2,plate8-A/Guangxi-Daxin/1643/2025_H3N2,92,0.03237,0.03237
seqneut25to26_sera_1009_d0,A/Guangxi-Daxin/1643/2025_H3N2,plate8-A/Guangxi-Daxin/1643/2025_H3N2,212,0.1273,0.1273
seqneut25to26_sera_1009_d0,A/Guangxi-Daxin/1643/2025_H3N2,plate8-A/Guangxi-Daxin/1643/2025_H3N2,487,0.4262,0.4262
seqneut25to26_sera_1009_d0,A/Guangxi-Daxin/1643/2025_H3N2,plate8-A/Guangxi-Daxin/1643/2025_H3N2,1119,0.5001,0.5001
seqneut25to26_sera_1009_d0,A/Guangxi-Daxin/1643/2025_H3N2,plate8-A/Guangxi-Daxin/1643/2025_H3N2,2575,0.4963,0.4963
seqneut25to26_sera_1009_d0,A/Guangxi-Daxin/1643/2025_H3N2,plate8-A/Guangxi-Daxin/1643/2025_H3N2,5921,0.592,0.592
seqneut25to26_sera_1009_d0,A/Guangxi-Daxin/1643/2025_H3N2,plate8-A/Guangxi-Daxin/1643/2025_H3N2,1.362e+04,0.7828,0.7828
seqneut25to26_sera_1009_d0,A/Guangxi-Qingxiu/SWL11742/2025_H1N1,plate8-A/Guangxi-Qingxiu/SWL11742/2025_H1N1,40,0.07222,0.07222
seqneut25to26_sera_1009_d0,A/Guangxi-Qingxiu/SWL11742/2025_H1N1,plate8-A/Guangxi-Qingxiu/SWL11742/2025_H1N1,92,0.284,0.284
seqneut25to26_sera_1009_d0,A/Guangxi-Qingxiu/SWL11742/2025_H1N1,plate8-A/Guangxi-Qingxiu/SWL11742/2025_H1N1,212,0.5289,0.5289
seqneut25to26_sera_1009_d0,A/Guangxi-Qingxiu/SWL11742/2025_H1N1,plate8-A/Guangxi-Qingxiu/SWL11742/2025_H1N1,487,0.6917,0.6917
seqneut25to26_sera_1009_d0,A/Guangxi-Qingxiu/SWL11742/2025_H1N1,plate8-A/Guangxi-Qingxiu/SWL11742/2025_H1N1,1119,0.8733,0.8733
seqneut25to26_sera_1009_d0,A/Guangxi-Qingxiu/SWL11742/2025_H1N1,plate8-A/Guangxi-Qingxiu/SWL11742/2025_H1N1,2575,1.042,1
seqneut25to26_sera_1009_d0,A/Guangxi-Qingxiu/SWL11742/2025_H1N1,plate8-A/Guangxi-Qingxiu/SWL11742/2025_H1N1,5921,0.7424,0.7424
seqneut25to26_sera_1009_d0,A/Guangxi-Qingxiu/SWL11742/2025_H1N1,plate8-A/Guangxi-Qingxiu/SWL11742/2025_H1N1,1.362e+04,1.022,1
seqneut25to26_sera_1009_d0,A/Hawaii/44/2025_H1N1,plate8-A/Hawaii/44/2025_H1N1,40,0.007638,0.007638
seqneut25to26_sera_1009_d0,A/Hawaii/44/2025_H1N1,plate8-A/Hawaii/44/2025_H1N1,92,0.2539,0.2539
seqneut25to26_sera_1009_d0,A/Hawaii/44/2025_H1N1,plate8-A/Hawaii/44/2025_H1N1,212,0.7333,0.7333
seqneut25to26_sera_1009_d0,A/Hawaii/44/2025_H1N1,plate8-A/Hawaii/44/2025_H1N1,487,0.7874,0.7874
seqneut25to26_sera_1009_d0,A/Hawaii/44/2025_H1N1,plate8-A/Hawaii/44/2025_H1N1,1119,0.9684,0.9684
seqneut25to26_sera_1009_d0,A/Hawaii/44/2025_H1N1,plate8-A/Hawaii/44/2025_H1N1,2575,1.106,1
seqneut25to26_sera_1009_d0,A/Hawaii/44/2025_H1N1,plate8-A/Hawaii/44/2025_H1N1,5921,0.7201,0.7201
seqneut25to26_sera_1009_d0,A/Hawaii/44/2025_H1N1,plate8-A/Hawaii/44/2025_H1N1,1.362e+04,1.029,1
seqneut25to26_sera_1009_d0,A/Hawaii/70/2019_H1N1,plate8-A/Hawaii/70/2019_H1N1,40,0.0006086,0.0006086
seqneut25to26_sera_1009_d0,A/Hawaii/70/2019_H1N1,plate8-A/Hawaii/70/2019_H1N1,92,0.0007205,0.0007205
seqneut25to26_sera_1009_d0,A/Hawaii/70/2019_H1N1,plate8-A/Hawaii/70/2019_H1N1,212,0.0005054,0.0005054
seqneut25to26_sera_1009_d0,A/Hawaii/70/2019_H1N1,plate8-A/Hawaii/70/2019_H1N1,487,0.02205,0.02205
seqneut25to26_sera_1009_d0,A/Hawaii/70/2019_H1N1,plate8-A/Hawaii/70/2019_H1N1,1119,0.3169,0.3169
seqneut25to26_sera_1009_d0,A/Hawaii/70/2019_H1N1,plate8-A/Hawaii/70/2019_H1N1,2575,0.5467,0.5467
seqneut25to26_sera_1009_d0,A/Hawaii/70/2019_H1N1,plate8-A/Hawaii/70/2019_H1N1,5921,0.5778,0.5778
seqneut25to26_sera_1009_d0,A/Hawaii/70/2019_H1N1,plate8-A/Hawaii/70/2019_H1N1,1.362e+04,0.9096,0.9096
seqneut25to26_sera_1009_d0,A/HongKong/1257/2025_H3N2,plate8-A/HongKong/1257/2025_H3N2,40,0.03217,0.03217
seqneut25to26_sera_1009_d0,A/HongKong/1257/2025_H3N2,plate8-A/HongKong/1257/2025_H3N2,92,0.1906,0.1906
seqneut25to26_sera_1009_d0,A/HongKong/1257/2025_H3N2,plate8-A/HongKong/1257/2025_H3N2,212,0.4064,0.4064
seqneut25to26_sera_1009_d0,A/HongKong/1257/2025_H3N2,plate8-A/HongKong/1257/2025_H3N2,487,0.5229,0.5229
seqneut25to26_sera_1009_d0,A/HongKong/1257/2025_H3N2,plate8-A/HongKong/1257/2025_H3N2,1119,0.7661,0.7661
seqneut25to26_sera_1009_d0,A/HongKong/1257/2025_H3N2,plate8-A/HongKong/1257/2025_H3N2,2575,0.7803,0.7803
seqneut25to26_sera_1009_d0,A/HongKong/1257/2025_H3N2,plate8-A/HongKong/1257/2025_H3N2,5921,0.6494,0.6494
seqneut25to26_sera_1009_d0,A/HongKong/1257/2025_H3N2,plate8-A/HongKong/1257/2025_H3N2,1.362e+04,0.8515,0.8515
seqneut25to26_sera_1009_d0,A/HongKong/1382/2025_H3N2,plate8-A/HongKong/1382/2025_H3N2,40,0.05925,0.05925
seqneut25to26_sera_1009_d0,A/HongKong/1382/2025_H3N2,plate8-A/HongKong/1382/2025_H3N2,92,0.2352,0.2352
seqneut25to26_sera_1009_d0,A/HongKong/1382/2025_H3N2,plate8-A/HongKong/1382/2025_H3N2,212,0.5308,0.5308
seqneut25to26_sera_1009_d0,A/HongKong/1382/2025_H3N2,plate8-A/HongKong/1382/2025_H3N2,487,0.3416,0.3416
seqneut25to26_sera_1009_d0,A/HongKong/1382/2025_H3N2,plate8-A/HongKong/1382/2025_H3N2,1119,0.6233,0.6233
seqneut25to26_sera_1009_d0,A/HongKong/1382/2025_H3N2,plate8-A/HongKong/1382/2025_H3N2,2575,0.5193,0.5193
seqneut25to26_sera_1009_d0,A/HongKong/1382/2025_H3N2,plate8-A/HongKong/1382/2025_H3N2,5921,0.603,0.603
seqneut25to26_sera_1009_d0,A/HongKong/1382/2025_H3N2,plate8-A/HongKong/1382/2025_H3N2,1.362e+04,0.8144,0.8144
seqneut25to26_sera_1009_d0,A/Indonesia/BIOKES-I-BT074/2025_H3N2,plate8-A/Indonesia/BIOKES-I-BT074/2025_H3N2,40,0.003588,0.003588
seqneut25to26_sera_1009_d0,A/Indonesia/BIOKES-I-BT074/2025_H3N2,plate8-A/Indonesia/BIOKES-I-BT074/2025_H3N2,92,0.03205,0.03205
seqneut25to26_sera_1009_d0,A/Indonesia/BIOKES-I-BT074/2025_H3N2,plate8-A/Indonesia/BIOKES-I-BT074/2025_H3N2,212,0.385,0.385
seqneut25to26_sera_1009_d0,A/Indonesia/BIOKES-I-BT074/2025_H3N2,plate8-A/Indonesia/BIOKES-I-BT074/2025_H3N2,487,0.5052,0.5052
seqneut25to26_sera_1009_d0,A/Indonesia/BIOKES-I-BT074/2025_H3N2,plate8-A/Indonesia/BIOKES-I-BT074/2025_H3N2,1119,0.7845,0.7845
seqneut25to26_sera_1009_d0,A/Indonesia/BIOKES-I-BT074/2025_H3N2,plate8-A/Indonesia/BIOKES-I-BT074/2025_H3N2,2575,0.6867,0.6867
seqneut25to26_sera_1009_d0,A/Indonesia/BIOKES-I-BT074/2025_H3N2,plate8-A/Indonesia/BIOKES-I-BT074/2025_H3N2,5921,0.6245,0.6245
seqneut25to26_sera_1009_d0,A/Indonesia/BIOKES-I-BT074/2025_H3N2,plate8-A/Indonesia/BIOKES-I-BT074/2025_H3N2,1.362e+04,1.115,1
seqneut25to26_sera_1009_d0,A/Indonesia/BIOKES-INAD491/2025_H3N2,plate8-A/Indonesia/BIOKES-INAD491/2025_H3N2,40,0,0
seqneut25to26_sera_1009_d0,A/Indonesia/BIOKES-INAD491/2025_H3N2,plate8-A/Indonesia/BIOKES-INAD491/2025_H3N2,92,0.01707,0.01707
seqneut25to26_sera_1009_d0,A/Indonesia/BIOKES-INAD491/2025_H3N2,plate8-A/Indonesia/BIOKES-INAD491/2025_H3N2,212,0.1381,0.1381
seqneut25to26_sera_1009_d0,A/Indonesia/BIOKES-INAD491/2025_H3N2,plate8-A/Indonesia/BIOKES-INAD491/2025_H3N2,487,0.5314,0.5314
seqneut25to26_sera_1009_d0,A/Indonesia/BIOKES-INAD491/2025_H3N2,plate8-A/Indonesia/BIOKES-INAD491/2025_H3N2,1119,0.7537,0.7537
seqneut25to26_sera_1009_d0,A/Indonesia/BIOKES-INAD491/2025_H3N2,plate8-A/Indonesia/BIOKES-INAD491/2025_H3N2,2575,0.8042,0.8042
seqneut25to26_sera_1009_d0,A/Indonesia/BIOKES-INAD491/2025_H3N2,plate8-A/Indonesia/BIOKES-INAD491/2025_H3N2,5921,0.5711,0.5711
seqneut25to26_sera_1009_d0,A/Indonesia/BIOKES-INAD491/2025_H3N2,plate8-A/Indonesia/BIOKES-INAD491/2025_H3N2,1.362e+04,0.7566,0.7566
seqneut25to26_sera_1009_d0,A/Lao/820-2750/2025_H3N2,plate8-A/Lao/820-2750/2025_H3N2,40,0.04143,0.04143
seqneut25to26_sera_1009_d0,A/Lao/820-2750/2025_H3N2,plate8-A/Lao/820-2750/2025_H3N2,92,0.2627,0.2627
seqneut25to26_sera_1009_d0,A/Lao/820-2750/2025_H3N2,plate8-A/Lao/820-2750/2025_H3N2,212,0.5194,0.5194
seqneut25to26_sera_1009_d0,A/Lao/820-2750/2025_H3N2,plate8-A/Lao/820-2750/2025_H3N2,487,0.4985,0.4985
seqneut25to26_sera_1009_d0,A/Lao/820-2750/2025_H3N2,plate8-A/Lao/820-2750/2025_H3N2,1119,0.7648,0.7648
seqneut25to26_sera_1009_d0,A/Lao/820-2750/2025_H3N2,plate8-A/Lao/820-2750/2025_H3N2,2575,0.7615,0.7615
seqneut25to26_sera_1009_d0,A/Lao/820-2750/2025_H3N2,plate8-A/Lao/820-2750/2025_H3N2,5921,0.5876,0.5876
seqneut25to26_sera_1009_d0,A/Lao/820-2750/2025_H3N2,plate8-A/Lao/820-2750/2025_H3N2,1.362e+04,0.8346,0.8346
seqneut25to26_sera_1009_d0,A/Malaysia/IMR/SARI/2028/2025_H3N2,plate8-A/Malaysia/IMR/SARI/2028/2025_H3N2,40,0.00268,0.00268
seqneut25to26_sera_1009_d0,A/Malaysia/IMR/SARI/2028/2025_H3N2,plate8-A/Malaysia/IMR/SARI/2028/2025_H3N2,92,0.02085,0.02085
seqneut25to26_sera_1009_d0,A/Malaysia/IMR/SARI/2028/2025_H3N2,plate8-A/Malaysia/IMR/SARI/2028/2025_H3N2,212,0.1577,0.1577
seqneut25to26_sera_1009_d0,A/Malaysia/IMR/SARI/2028/2025_H3N2,plate8-A/Malaysia/IMR/SARI/2028/2025_H3N2,487,0.3474,0.3474
seqneut25to26_sera_1009_d0,A/Malaysia/IMR/SARI/2028/2025_H3N2,plate8-A/Malaysia/IMR/SARI/2028/2025_H3N2,1119,0.6099,0.6099
seqneut25to26_sera_1009_d0,A/Malaysia/IMR/SARI/2028/2025_H3N2,plate8-A/Malaysia/IMR/SARI/2028/2025_H3N2,2575,0.6576,0.6576
seqneut25to26_sera_1009_d0,A/Malaysia/IMR/SARI/2028/2025_H3N2,plate8-A/Malaysia/IMR/SARI/2028/2025_H3N2,5921,0.6877,0.6877
seqneut25to26_sera_1009_d0,A/Malaysia/IMR/SARI/2028/2025_H3N2,plate8-A/Malaysia/IMR/SARI/2028/2025_H3N2,1.362e+04,0.7918,0.7918
seqneut25to26_sera_1009_d0,A/Malaysia/IMR/SARI/2406/2025_H3N2,plate8-A/Malaysia/IMR/SARI/2406/2025_H3N2,40,0.09037,0.09037
seqneut25to26_sera_1009_d0,A/Malaysia/IMR/SARI/2406/2025_H3N2,plate8-A/Malaysia/IMR/SARI/2406/2025_H3N2,92,0.2325,0.2325
seqneut25to26_sera_1009_d0,A/Malaysia/IMR/SARI/2406/2025_H3N2,plate8-A/Malaysia/IMR/SARI/2406/2025_H3N2,212,0.4552,0.4552
seqneut25to26_sera_1009_d0,A/Malaysia/IMR/SARI/2406/2025_H3N2,plate8-A/Malaysia/IMR/SARI/2406/2025_H3N2,487,0.7002,0.7002
seqneut25to26_sera_1009_d0,A/Malaysia/IMR/SARI/2406/2025_H3N2,plate8-A/Malaysia/IMR/SARI/2406/2025_H3N2,1119,0.7757,0.7757
seqneut25to26_sera_1009_d0,A/Malaysia/IMR/SARI/2406/2025_H3N2,plate8-A/Malaysia/IMR/SARI/2406/2025_H3N2,2575,0.7488,0.7488
seqneut25to26_sera_1009_d0,A/Malaysia/IMR/SARI/2406/2025_H3N2,plate8-A/Malaysia/IMR/SARI/2406/2025_H3N2,5921,0.6395,0.6395
seqneut25to26_sera_1009_d0,A/Malaysia/IMR/SARI/2406/2025_H3N2,plate8-A/Malaysia/IMR/SARI/2406/2025_H3N2,1.362e+04,0.991,0.991
seqneut25to26_sera_1009_d0,A/Malaysia/IMR/SARI/2517/2025_H3N2,plate8-A/Malaysia/IMR/SARI/2517/2025_H3N2,40,0.09326,0.09326
seqneut25to26_sera_1009_d0,A/Malaysia/IMR/SARI/2517/2025_H3N2,plate8-A/Malaysia/IMR/SARI/2517/2025_H3N2,92,0.3837,0.3837
seqneut25to26_sera_1009_d0,A/Malaysia/IMR/SARI/2517/2025_H3N2,plate8-A/Malaysia/IMR/SARI/2517/2025_H3N2,212,0.527,0.527
seqneut25to26_sera_1009_d0,A/Malaysia/IMR/SARI/2517/2025_H3N2,plate8-A/Malaysia/IMR/SARI/2517/2025_H3N2,487,0.6396,0.6396
seqneut25to26_sera_1009_d0,A/Malaysia/IMR/SARI/2517/2025_H3N2,plate8-A/Malaysia/IMR/SARI/2517/2025_H3N2,1119,0.6404,0.6404
seqneut25to26_sera_1009_d0,A/Malaysia/IMR/SARI/2517/2025_H3N2,plate8-A/Malaysia/IMR/SARI/2517/2025_H3N2,2575,0.7393,0.7393
seqneut25to26_sera_1009_d0,A/Malaysia/IMR/SARI/2517/2025_H3N2,plate8-A/Malaysia/IMR/SARI/2517/2025_H3N2,5921,0.5025,0.5025
seqneut25to26_sera_1009_d0,A/Malaysia/IMR/SARI/2517/2025_H3N2,plate8-A/Malaysia/IMR/SARI/2517/2025_H3N2,1.362e+04,0.9325,0.9325
seqneut25to26_sera_1009_d0,A/Massachusetts/18/2022_H3N2,plate8-A/Massachusetts/18/2022_H3N2,40,0.01046,0.01046
seqneut25to26_sera_1009_d0,A/Massachusetts/18/2022_H3N2,plate8-A/Massachusetts/18/2022_H3N2,92,0.04239,0.04239
seqneut25to26_sera_1009_d0,A/Massachusetts/18/2022_H3N2,plate8-A/Massachusetts/18/2022_H3N2,212,0.1583,0.1583
seqneut25to26_sera_1009_d0,A/Massachusetts/18/2022_H3N2,plate8-A/Massachusetts/18/2022_H3N2,487,0.2284,0.2284
seqneut25to26_sera_1009_d0,A/Massachusetts/18/2022_H3N2,plate8-A/Massachusetts/18/2022_H3N2,1119,0.4533,0.4533
seqneut25to26_sera_1009_d0,A/Massachusetts/18/2022_H3N2,plate8-A/Massachusetts/18/2022_H3N2,2575,0.5381,0.5381
seqneut25to26_sera_1009_d0,A/Massachusetts/18/2022_H3N2,plate8-A/Massachusetts/18/2022_H3N2,5921,0.5092,0.5092
seqneut25to26_sera_1009_d0,A/Massachusetts/18/2022_H3N2,plate8-A/Massachusetts/18/2022_H3N2,1.362e+04,0.862,0.862
seqneut25to26_sera_1009_d0,A/Michigan/110/2025_H3N2,plate8-A/Michigan/110/2025_H3N2,40,0.08267,0.08267
seqneut25to26_sera_1009_d0,A/Michigan/110/2025_H3N2,plate8-A/Michigan/110/2025_H3N2,92,0.2809,0.2809
seqneut25to26_sera_1009_d0,A/Michigan/110/2025_H3N2,plate8-A/Michigan/110/2025_H3N2,212,0.5499,0.5499
seqneut25to26_sera_1009_d0,A/Michigan/110/2025_H3N2,plate8-A/Michigan/110/2025_H3N2,487,0.5189,0.5189
seqneut25to26_sera_1009_d0,A/Michigan/110/2025_H3N2,plate8-A/Michigan/110/2025_H3N2,1119,0.6615,0.6615
seqneut25to26_sera_1009_d0,A/Michigan/110/2025_H3N2,plate8-A/Michigan/110/2025_H3N2,2575,0.5921,0.5921
seqneut25to26_sera_1009_d0,A/Michigan/110/2025_H3N2,plate8-A/Michigan/110/2025_H3N2,5921,0.7547,0.7547
seqneut25to26_sera_1009_d0,A/Michigan/110/2025_H3N2,plate8-A/Michigan/110/2025_H3N2,1.362e+04,1.066,1
seqneut25to26_sera_1009_d0,A/Minnesota/96/2025_H3N2,plate8-A/Minnesota/96/2025_H3N2,40,0.02523,0.02523
seqneut25to26_sera_1009_d0,A/Minnesota/96/2025_H3N2,plate8-A/Minnesota/96/2025_H3N2,92,0.1321,0.1321
seqneut25to26_sera_1009_d0,A/Minnesota/96/2025_H3N2,plate8-A/Minnesota/96/2025_H3N2,212,0.2885,0.2885
seqneut25to26_sera_1009_d0,A/Minnesota/96/2025_H3N2,plate8-A/Minnesota/96/2025_H3N2,487,0.4326,0.4326
seqneut25to26_sera_1009_d0,A/Minnesota/96/2025_H3N2,plate8-A/Minnesota/96/2025_H3N2,1119,0.6118,0.6118
seqneut25to26_sera_1009_d0,A/Minnesota/96/2025_H3N2,plate8-A/Minnesota/96/2025_H3N2,2575,0.6742,0.6742
seqneut25to26_sera_1009_d0,A/Minnesota/96/2025_H3N2,plate8-A/Minnesota/96/2025_H3N2,5921,0.5011,0.5011
seqneut25to26_sera_1009_d0,A/Minnesota/96/2025_H3N2,plate8-A/Minnesota/96/2025_H3N2,1.362e+04,0.7635,0.7635
seqneut25to26_sera_1009_d0,A/Missouri/11/2025_H1N1,plate8-A/Missouri/11/2025_H1N1,40,0.04555,0.04555
seqneut25to26_sera_1009_d0,A/Missouri/11/2025_H1N1,plate8-A/Missouri/11/2025_H1N1,92,0.253,0.253
seqneut25to26_sera_1009_d0,A/Missouri/11/2025_H1N1,plate8-A/Missouri/11/2025_H1N1,212,0.5212,0.5212
seqneut25to26_sera_1009_d0,A/Missouri/11/2025_H1N1,plate8-A/Missouri/11/2025_H1N1,487,0.7988,0.7988
seqneut25to26_sera_1009_d0,A/Missouri/11/2025_H1N1,plate8-A/Missouri/11/2025_H1N1,1119,0.7879,0.7879
seqneut25to26_sera_1009_d0,A/Missouri/11/2025_H1N1,plate8-A/Missouri/11/2025_H1N1,2575,0.7843,0.7843
seqneut25to26_sera_1009_d0,A/Missouri/11/2025_H1N1,plate8-A/Missouri/11/2025_H1N1,5921,0.5552,0.5552
seqneut25to26_sera_1009_d0,A/Missouri/11/2025_H1N1,plate8-A/Missouri/11/2025_H1N1,1.362e+04,0.9263,0.9263
seqneut25to26_sera_1009_d0,A/NewSouthWales/2526015582/2025_H3N2,plate8-A/NewSouthWales/2526015582/2025_H3N2,40,0.06549,0.06549
seqneut25to26_sera_1009_d0,A/NewSouthWales/2526015582/2025_H3N2,plate8-A/NewSouthWales/2526015582/2025_H3N2,92,0.2963,0.2963
seqneut25to26_sera_1009_d0,A/NewSouthWales/2526015582/2025_H3N2,plate8-A/NewSouthWales/2526015582/2025_H3N2,212,0.4957,0.4957
seqneut25to26_sera_1009_d0,A/NewSouthWales/2526015582/2025_H3N2,plate8-A/NewSouthWales/2526015582/2025_H3N2,487,0.5118,0.5118
seqneut25to26_sera_1009_d0,A/NewSouthWales/2526015582/2025_H3N2,plate8-A/NewSouthWales/2526015582/2025_H3N2,1119,0.7329,0.7329
seqneut25to26_sera_1009_d0,A/NewSouthWales/2526015582/2025_H3N2,plate8-A/NewSouthWales/2526015582/2025_H3N2,2575,0.6208,0.6208
seqneut25to26_sera_1009_d0,A/NewSouthWales/2526015582/2025_H3N2,plate8-A/NewSouthWales/2526015582/2025_H3N2,5921,0.5626,0.5626
seqneut25to26_sera_1009_d0,A/NewSouthWales/2526015582/2025_H3N2,plate8-A/NewSouthWales/2526015582/2025_H3N2,1.362e+04,0.7648,0.7648
seqneut25to26_sera_1009_d0,A/NewSouthWales/2526015584/2025_H3N2,plate8-A/NewSouthWales/2526015584/2025_H3N2,40,0.01429,0.01429
seqneut25to26_sera_1009_d0,A/NewSouthWales/2526015584/2025_H3N2,plate8-A/NewSouthWales/2526015584/2025_H3N2,92,0.2174,0.2174
seqneut25to26_sera_1009_d0,A/NewSouthWales/2526015584/2025_H3N2,plate8-A/NewSouthWales/2526015584/2025_H3N2,212,0.4318,0.4318
seqneut25to26_sera_1009_d0,A/NewSouthWales/2526015584/2025_H3N2,plate8-A/NewSouthWales/2526015584/2025_H3N2,487,0.4599,0.4599
seqneut25to26_sera_1009_d0,A/NewSouthWales/2526015584/2025_H3N2,plate8-A/NewSouthWales/2526015584/2025_H3N2,1119,0.6797,0.6797
seqneut25to26_sera_1009_d0,A/NewSouthWales/2526015584/2025_H3N2,plate8-A/NewSouthWales/2526015584/2025_H3N2,2575,0.8493,0.8493
seqneut25to26_sera_1009_d0,A/NewSouthWales/2526015584/2025_H3N2,plate8-A/NewSouthWales/2526015584/2025_H3N2,5921,0.6389,0.6389
seqneut25to26_sera_1009_d0,A/NewSouthWales/2526015584/2025_H3N2,plate8-A/NewSouthWales/2526015584/2025_H3N2,1.362e+04,0.9373,0.9373
seqneut25to26_sera_1009_d0,A/Norway/8765/2025_H3N2,plate8-A/Norway/8765/2025_H3N2,40,0.1204,0.1204
seqneut25to26_sera_1009_d0,A/Norway/8765/2025_H3N2,plate8-A/Norway/8765/2025_H3N2,92,0.3383,0.3383
seqneut25to26_sera_1009_d0,A/Norway/8765/2025_H3N2,plate8-A/Norway/8765/2025_H3N2,212,0.5868,0.5868
seqneut25to26_sera_1009_d0,A/Norway/8765/2025_H3N2,plate8-A/Norway/8765/2025_H3N2,487,0.5913,0.5913
seqneut25to26_sera_1009_d0,A/Norway/8765/2025_H3N2,plate8-A/Norway/8765/2025_H3N2,1119,0.6677,0.6677
seqneut25to26_sera_1009_d0,A/Norway/8765/2025_H3N2,plate8-A/Norway/8765/2025_H3N2,2575,0.7072,0.7072
seqneut25to26_sera_1009_d0,A/Norway/8765/2025_H3N2,plate8-A/Norway/8765/2025_H3N2,5921,0.528,0.528
seqneut25to26_sera_1009_d0,A/Norway/8765/2025_H3N2,plate8-A/Norway/8765/2025_H3N2,1.362e+04,0.92,0.92
seqneut25to26_sera_1009_d0,A/Norway/8976/2025_H3N2,plate8-A/Norway/8976/2025_H3N2,40,0.07615,0.07615
seqneut25to26_sera_1009_d0,A/Norway/8976/2025_H3N2,plate8-A/Norway/8976/2025_H3N2,92,0.2759,0.2759
seqneut25to26_sera_1009_d0,A/Norway/8976/2025_H3N2,plate8-A/Norway/8976/2025_H3N2,212,0.448,0.448
seqneut25to26_sera_1009_d0,A/Norway/8976/2025_H3N2,plate8-A/Norway/8976/2025_H3N2,487,0.6113,0.6113
seqneut25to26_sera_1009_d0,A/Norway/8976/2025_H3N2,plate8-A/Norway/8976/2025_H3N2,1119,0.6135,0.6135
seqneut25to26_sera_1009_d0,A/Norway/8976/2025_H3N2,plate8-A/Norway/8976/2025_H3N2,2575,0.741,0.741
seqneut25to26_sera_1009_d0,A/Norway/8976/2025_H3N2,plate8-A/Norway/8976/2025_H3N2,5921,0.7065,0.7065
seqneut25to26_sera_1009_d0,A/Norway/8976/2025_H3N2,plate8-A/Norway/8976/2025_H3N2,1.362e+04,0.782,0.782
seqneut25to26_sera_1009_d0,A/Norway/9107/2025_H1N1,plate8-A/Norway/9107/2025_H1N1,40,0.07051,0.07051
seqneut25to26_sera_1009_d0,A/Norway/9107/2025_H1N1,plate8-A/Norway/9107/2025_H1N1,92,0.3339,0.3339
seqneut25to26_sera_1009_d0,A/Norway/9107/2025_H1N1,plate8-A/Norway/9107/2025_H1N1,212,0.5938,0.5938
seqneut25to26_sera_1009_d0,A/Norway/9107/2025_H1N1,plate8-A/Norway/9107/2025_H1N1,487,0.6489,0.6489
seqneut25to26_sera_1009_d0,A/Norway/9107/2025_H1N1,plate8-A/Norway/9107/2025_H1N1,1119,0.8107,0.8107
seqneut25to26_sera_1009_d0,A/Norway/9107/2025_H1N1,plate8-A/Norway/9107/2025_H1N1,2575,0.8897,0.8897
seqneut25to26_sera_1009_d0,A/Norway/9107/2025_H1N1,plate8-A/Norway/9107/2025_H1N1,5921,0.7273,0.7273
seqneut25to26_sera_1009_d0,A/Norway/9107/2025_H1N1,plate8-A/Norway/9107/2025_H1N1,1.362e+04,0.9083,0.9083
seqneut25to26_sera_1009_d0,A/Norway/9556/2025_H1N1,plate8-A/Norway/9556/2025_H1N1,40,0.04811,0.04811
seqneut25to26_sera_1009_d0,A/Norway/9556/2025_H1N1,plate8-A/Norway/9556/2025_H1N1,92,0.4166,0.4166
seqneut25to26_sera_1009_d0,A/Norway/9556/2025_H1N1,plate8-A/Norway/9556/2025_H1N1,212,0.7137,0.7137
seqneut25to26_sera_1009_d0,A/Norway/9556/2025_H1N1,plate8-A/Norway/9556/2025_H1N1,487,0.7849,0.7849
seqneut25to26_sera_1009_d0,A/Norway/9556/2025_H1N1,plate8-A/Norway/9556/2025_H1N1,1119,0.8711,0.8711
seqneut25to26_sera_1009_d0,A/Norway/9556/2025_H1N1,plate8-A/Norway/9556/2025_H1N1,2575,0.943,0.943
seqneut25to26_sera_1009_d0,A/Norway/9556/2025_H1N1,plate8-A/Norway/9556/2025_H1N1,5921,0.789,0.789
seqneut25to26_sera_1009_d0,A/Norway/9556/2025_H1N1,plate8-A/Norway/9556/2025_H1N1,1.362e+04,1.105,1
seqneut25to26_sera_1009_d0,A/Peru/GIHSN-04-1089/2025_H3N2,plate8-A/Peru/GIHSN-04-1089/2025_H3N2,40,0.03115,0.03115
seqneut25to26_sera_1009_d0,A/Peru/GIHSN-04-1089/2025_H3N2,plate8-A/Peru/GIHSN-04-1089/2025_H3N2,92,0.001427,0.001427
seqneut25to26_sera_1009_d0,A/Peru/GIHSN-04-1089/2025_H3N2,plate8-A/Peru/GIHSN-04-1089/2025_H3N2,212,0.2441,0.2441
seqneut25to26_sera_1009_d0,A/Peru/GIHSN-04-1089/2025_H3N2,plate8-A/Peru/GIHSN-04-1089/2025_H3N2,487,0.4025,0.4025
seqneut25to26_sera_1009_d0,A/Peru/GIHSN-04-1089/2025_H3N2,plate8-A/Peru/GIHSN-04-1089/2025_H3N2,1119,0.7444,0.7444
seqneut25to26_sera_1009_d0,A/Peru/GIHSN-04-1089/2025_H3N2,plate8-A/Peru/GIHSN-04-1089/2025_H3N2,2575,0.6931,0.6931
seqneut25to26_sera_1009_d0,A/Peru/GIHSN-04-1089/2025_H3N2,plate8-A/Peru/GIHSN-04-1089/2025_H3N2,5921,0.5521,0.5521
seqneut25to26_sera_1009_d0,A/Peru/GIHSN-04-1089/2025_H3N2,plate8-A/Peru/GIHSN-04-1089/2025_H3N2,1.362e+04,0.9496,0.9496
seqneut25to26_sera_1009_d0,A/Philippines/SARI25-1425/2025_H1N1,plate8-A/Philippines/SARI25-1425/2025_H1N1,40,0.03134,0.03134
seqneut25to26_sera_1009_d0,A/Philippines/SARI25-1425/2025_H1N1,plate8-A/Philippines/SARI25-1425/2025_H1N1,92,0.2667,0.2667
seqneut25to26_sera_1009_d0,A/Philippines/SARI25-1425/2025_H1N1,plate8-A/Philippines/SARI25-1425/2025_H1N1,212,0.7544,0.7544
seqneut25to26_sera_1009_d0,A/Philippines/SARI25-1425/2025_H1N1,plate8-A/Philippines/SARI25-1425/2025_H1N1,487,0.86,0.86
seqneut25to26_sera_1009_d0,A/Philippines/SARI25-1425/2025_H1N1,plate8-A/Philippines/SARI25-1425/2025_H1N1,1119,0.8235,0.8235
seqneut25to26_sera_1009_d0,A/Philippines/SARI25-1425/2025_H1N1,plate8-A/Philippines/SARI25-1425/2025_H1N1,2575,0.8707,0.8707
seqneut25to26_sera_1009_d0,A/Philippines/SARI25-1425/2025_H1N1,plate8-A/Philippines/SARI25-1425/2025_H1N1,5921,0.7843,0.7843
seqneut25to26_sera_1009_d0,A/Philippines/SARI25-1425/2025_H1N1,plate8-A/Philippines/SARI25-1425/2025_H1N1,1.362e+04,1.225,1
seqneut25to26_sera_1009_d0,A/Queensland/2526516675/2025_H3N2,plate8-A/Queensland/2526516675/2025_H3N2,40,0.04746,0.04746
seqneut25to26_sera_1009_d0,A/Queensland/2526516675/2025_H3N2,plate8-A/Queensland/2526516675/2025_H3N2,92,0.1824,0.1824
seqneut25to26_sera_1009_d0,A/Queensland/2526516675/2025_H3N2,plate8-A/Queensland/2526516675/2025_H3N2,212,0.4303,0.4303
seqneut25to26_sera_1009_d0,A/Queensland/2526516675/2025_H3N2,plate8-A/Queensland/2526516675/2025_H3N2,487,0.5601,0.5601
seqneut25to26_sera_1009_d0,A/Queensland/2526516675/2025_H3N2,plate8-A/Queensland/2526516675/2025_H3N2,1119,0.7553,0.7553
seqneut25to26_sera_1009_d0,A/Queensland/2526516675/2025_H3N2,plate8-A/Queensland/2526516675/2025_H3N2,2575,0.6714,0.6714
seqneut25to26_sera_1009_d0,A/Queensland/2526516675/2025_H3N2,plate8-A/Queensland/2526516675/2025_H3N2,5921,0.6539,0.6539
seqneut25to26_sera_1009_d0,A/Queensland/2526516675/2025_H3N2,plate8-A/Queensland/2526516675/2025_H3N2,1.362e+04,0.8726,0.8726
seqneut25to26_sera_1009_d0,A/SouthAfrica/PET37604/2025_H3N2,plate8-A/SouthAfrica/PET37604/2025_H3N2,40,0,0
seqneut25to26_sera_1009_d0,A/SouthAfrica/PET37604/2025_H3N2,plate8-A/SouthAfrica/PET37604/2025_H3N2,92,0.01284,0.01284
seqneut25to26_sera_1009_d0,A/SouthAfrica/PET37604/2025_H3N2,plate8-A/SouthAfrica/PET37604/2025_H3N2,212,0.06551,0.06551
seqneut25to26_sera_1009_d0,A/SouthAfrica/PET37604/2025_H3N2,plate8-A/SouthAfrica/PET37604/2025_H3N2,487,0.3143,0.3143
seqneut25to26_sera_1009_d0,A/SouthAfrica/PET37604/2025_H3N2,plate8-A/SouthAfrica/PET37604/2025_H3N2,1119,0.5717,0.5717
seqneut25to26_sera_1009_d0,A/SouthAfrica/PET37604/2025_H3N2,plate8-A/SouthAfrica/PET37604/2025_H3N2,2575,0.6196,0.6196
seqneut25to26_sera_1009_d0,A/SouthAfrica/PET37604/2025_H3N2,plate8-A/SouthAfrica/PET37604/2025_H3N2,5921,0.5189,0.5189
seqneut25to26_sera_1009_d0,A/SouthAfrica/PET37604/2025_H3N2,plate8-A/SouthAfrica/PET37604/2025_H3N2,1.362e+04,0.8596,0.8596
seqneut25to26_sera_1009_d0,A/SouthAfrica/PET37625/2025_H3N2,plate8-A/SouthAfrica/PET37625/2025_H3N2,40,0,0
seqneut25to26_sera_1009_d0,A/SouthAfrica/PET37625/2025_H3N2,plate8-A/SouthAfrica/PET37625/2025_H3N2,92,0.00183,0.00183
seqneut25to26_sera_1009_d0,A/SouthAfrica/PET37625/2025_H3N2,plate8-A/SouthAfrica/PET37625/2025_H3N2,212,0.1006,0.1006
seqneut25to26_sera_1009_d0,A/SouthAfrica/PET37625/2025_H3N2,plate8-A/SouthAfrica/PET37625/2025_H3N2,487,0.2762,0.2762
seqneut25to26_sera_1009_d0,A/SouthAfrica/PET37625/2025_H3N2,plate8-A/SouthAfrica/PET37625/2025_H3N2,1119,0.6301,0.6301
seqneut25to26_sera_1009_d0,A/SouthAfrica/PET37625/2025_H3N2,plate8-A/SouthAfrica/PET37625/2025_H3N2,2575,0.7386,0.7386
seqneut25to26_sera_1009_d0,A/SouthAfrica/PET37625/2025_H3N2,plate8-A/SouthAfrica/PET37625/2025_H3N2,5921,0.6,0.6
seqneut25to26_sera_1009_d0,A/SouthAfrica/PET37625/2025_H3N2,plate8-A/SouthAfrica/PET37625/2025_H3N2,1.362e+04,0.9185,0.9185
seqneut25to26_sera_1009_d0,A/SouthAustralia/2519001037/2025_H1N1,plate8-A/SouthAustralia/2519001037/2025_H1N1,40,0.05525,0.05525
seqneut25to26_sera_1009_d0,A/SouthAustralia/2519001037/2025_H1N1,plate8-A/SouthAustralia/2519001037/2025_H1N1,92,0.2515,0.2515
seqneut25to26_sera_1009_d0,A/SouthAustralia/2519001037/2025_H1N1,plate8-A/SouthAustralia/2519001037/2025_H1N1,212,0.5859,0.5859
seqneut25to26_sera_1009_d0,A/SouthAustralia/2519001037/2025_H1N1,plate8-A/SouthAustralia/2519001037/2025_H1N1,487,0.8103,0.8103
seqneut25to26_sera_1009_d0,A/SouthAustralia/2519001037/2025_H1N1,plate8-A/SouthAustralia/2519001037/2025_H1N1,1119,0.7878,0.7878
seqneut25to26_sera_1009_d0,A/SouthAustralia/2519001037/2025_H1N1,plate8-A/SouthAustralia/2519001037/2025_H1N1,2575,0.7801,0.7801
seqneut25to26_sera_1009_d0,A/SouthAustralia/2519001037/2025_H1N1,plate8-A/SouthAustralia/2519001037/2025_H1N1,5921,0.6785,0.6785
seqneut25to26_sera_1009_d0,A/SouthAustralia/2519001037/2025_H1N1,plate8-A/SouthAustralia/2519001037/2025_H1N1,1.362e+04,0.9388,0.9388
seqneut25to26_sera_1009_d0,A/SouthAustralia/2520702747/2025_H1N1,plate8-A/SouthAustralia/2520702747/2025_H1N1,40,0.06519,0.06519
seqneut25to26_sera_1009_d0,A/SouthAustralia/2520702747/2025_H1N1,plate8-A/SouthAustralia/2520702747/2025_H1N1,92,0.4316,0.4316
seqneut25to26_sera_1009_d0,A/SouthAustralia/2520702747/2025_H1N1,plate8-A/SouthAustralia/2520702747/2025_H1N1,212,0.748,0.748
seqneut25to26_sera_1009_d0,A/SouthAustralia/2520702747/2025_H1N1,plate8-A/SouthAustralia/2520702747/2025_H1N1,487,0.6794,0.6794
seqneut25to26_sera_1009_d0,A/SouthAustralia/2520702747/2025_H1N1,plate8-A/SouthAustralia/2520702747/2025_H1N1,1119,0.8753,0.8753
seqneut25to26_sera_1009_d0,A/SouthAustralia/2520702747/2025_H1N1,plate8-A/SouthAustralia/2520702747/2025_H1N1,2575,0.99,0.99
seqneut25to26_sera_1009_d0,A/SouthAustralia/2520702747/2025_H1N1,plate8-A/SouthAustralia/2520702747/2025_H1N1,5921,0.7113,0.7113
seqneut25to26_sera_1009_d0,A/SouthAustralia/2520702747/2025_H1N1,plate8-A/SouthAustralia/2520702747/2025_H1N1,1.362e+04,1.017,1
seqneut25to26_sera_1009_d0,A/SouthAustralia/2523012764/2025_H1N1,plate8-A/SouthAustralia/2523012764/2025_H1N1,40,0.1038,0.1038
seqneut25to26_sera_1009_d0,A/SouthAustralia/2523012764/2025_H1N1,plate8-A/SouthAustralia/2523012764/2025_H1N1,92,0.3406,0.3406
seqneut25to26_sera_1009_d0,A/SouthAustralia/2523012764/2025_H1N1,plate8-A/SouthAustralia/2523012764/2025_H1N1,212,0.5616,0.5616
seqneut25to26_sera_1009_d0,A/SouthAustralia/2523012764/2025_H1N1,plate8-A/SouthAustralia/2523012764/2025_H1N1,487,0.7066,0.7066
seqneut25to26_sera_1009_d0,A/SouthAustralia/2523012764/2025_H1N1,plate8-A/SouthAustralia/2523012764/2025_H1N1,1119,0.8603,0.8603
seqneut25to26_sera_1009_d0,A/SouthAustralia/2523012764/2025_H1N1,plate8-A/SouthAustralia/2523012764/2025_H1N1,2575,0.8775,0.8775
seqneut25to26_sera_1009_d0,A/SouthAustralia/2523012764/2025_H1N1,plate8-A/SouthAustralia/2523012764/2025_H1N1,5921,0.7384,0.7384
seqneut25to26_sera_1009_d0,A/SouthAustralia/2523012764/2025_H1N1,plate8-A/SouthAustralia/2523012764/2025_H1N1,1.362e+04,0.9746,0.9746
seqneut25to26_sera_1009_d0,A/SouthAustralia/2523812314/2025_H3N2,plate8-A/SouthAustralia/2523812314/2025_H3N2,40,0.03792,0.03792
seqneut25to26_sera_1009_d0,A/SouthAustralia/2523812314/2025_H3N2,plate8-A/SouthAustralia/2523812314/2025_H3N2,92,0.1998,0.1998
seqneut25to26_sera_1009_d0,A/SouthAustralia/2523812314/2025_H3N2,plate8-A/SouthAustralia/2523812314/2025_H3N2,212,0.4625,0.4625
seqneut25to26_sera_1009_d0,A/SouthAustralia/2523812314/2025_H3N2,plate8-A/SouthAustralia/2523812314/2025_H3N2,487,0.5076,0.5076
seqneut25to26_sera_1009_d0,A/SouthAustralia/2523812314/2025_H3N2,plate8-A/SouthAustralia/2523812314/2025_H3N2,1119,0.6301,0.6301
seqneut25to26_sera_1009_d0,A/SouthAustralia/2523812314/2025_H3N2,plate8-A/SouthAustralia/2523812314/2025_H3N2,2575,0.6608,0.6608
seqneut25to26_sera_1009_d0,A/SouthAustralia/2523812314/2025_H3N2,plate8-A/SouthAustralia/2523812314/2025_H3N2,5921,0.584,0.584
seqneut25to26_sera_1009_d0,A/SouthAustralia/2523812314/2025_H3N2,plate8-A/SouthAustralia/2523812314/2025_H3N2,1.362e+04,0.7561,0.7561
seqneut25to26_sera_1009_d0,A/SouthAustralia/2524408801/2025_H3N2,plate8-A/SouthAustralia/2524408801/2025_H3N2,40,0.03467,0.03467
seqneut25to26_sera_1009_d0,A/SouthAustralia/2524408801/2025_H3N2,plate8-A/SouthAustralia/2524408801/2025_H3N2,92,0.2141,0.2141
seqneut25to26_sera_1009_d0,A/SouthAustralia/2524408801/2025_H3N2,plate8-A/SouthAustralia/2524408801/2025_H3N2,212,0.4995,0.4995
seqneut25to26_sera_1009_d0,A/SouthAustralia/2524408801/2025_H3N2,plate8-A/SouthAustralia/2524408801/2025_H3N2,487,0.447,0.447
seqneut25to26_sera_1009_d0,A/SouthAustralia/2524408801/2025_H3N2,plate8-A/SouthAustralia/2524408801/2025_H3N2,1119,0.6864,0.6864
seqneut25to26_sera_1009_d0,A/SouthAustralia/2524408801/2025_H3N2,plate8-A/SouthAustralia/2524408801/2025_H3N2,2575,0.6932,0.6932
seqneut25to26_sera_1009_d0,A/SouthAustralia/2524408801/2025_H3N2,plate8-A/SouthAustralia/2524408801/2025_H3N2,5921,0.5005,0.5005
seqneut25to26_sera_1009_d0,A/SouthAustralia/2524408801/2025_H3N2,plate8-A/SouthAustralia/2524408801/2025_H3N2,1.362e+04,0.7674,0.7674
seqneut25to26_sera_1009_d0,A/SouthAustralia/2524712956/2025_H1N1,plate8-A/SouthAustralia/2524712956/2025_H1N1,40,0.01151,0.01151
seqneut25to26_sera_1009_d0,A/SouthAustralia/2524712956/2025_H1N1,plate8-A/SouthAustralia/2524712956/2025_H1N1,92,0.2581,0.2581
seqneut25to26_sera_1009_d0,A/SouthAustralia/2524712956/2025_H1N1,plate8-A/SouthAustralia/2524712956/2025_H1N1,212,0.4971,0.4971
seqneut25to26_sera_1009_d0,A/SouthAustralia/2524712956/2025_H1N1,plate8-A/SouthAustralia/2524712956/2025_H1N1,487,0.5966,0.5966
seqneut25to26_sera_1009_d0,A/SouthAustralia/2524712956/2025_H1N1,plate8-A/SouthAustralia/2524712956/2025_H1N1,1119,0.7821,0.7821
seqneut25to26_sera_1009_d0,A/SouthAustralia/2524712956/2025_H1N1,plate8-A/SouthAustralia/2524712956/2025_H1N1,2575,0.8066,0.8066
seqneut25to26_sera_1009_d0,A/SouthAustralia/2524712956/2025_H1N1,plate8-A/SouthAustralia/2524712956/2025_H1N1,5921,0.7316,0.7316
seqneut25to26_sera_1009_d0,A/SouthAustralia/2524712956/2025_H1N1,plate8-A/SouthAustralia/2524712956/2025_H1N1,1.362e+04,1.055,1
seqneut25to26_sera_1009_d0,A/SouthAustralia/2525607496/2025_H3N2,plate8-A/SouthAustralia/2525607496/2025_H3N2,40,0.01897,0.01897
seqneut25to26_sera_1009_d0,A/SouthAustralia/2525607496/2025_H3N2,plate8-A/SouthAustralia/2525607496/2025_H3N2,92,0.2083,0.2083
seqneut25to26_sera_1009_d0,A/SouthAustralia/2525607496/2025_H3N2,plate8-A/SouthAustralia/2525607496/2025_H3N2,212,0.5661,0.5661
seqneut25to26_sera_1009_d0,A/SouthAustralia/2525607496/2025_H3N2,plate8-A/SouthAustralia/2525607496/2025_H3N2,487,0.744,0.744
seqneut25to26_sera_1009_d0,A/SouthAustralia/2525607496/2025_H3N2,plate8-A/SouthAustralia/2525607496/2025_H3N2,1119,0.7614,0.7614
seqneut25to26_sera_1009_d0,A/SouthAustralia/2525607496/2025_H3N2,plate8-A/SouthAustralia/2525607496/2025_H3N2,2575,0.6839,0.6839
seqneut25to26_sera_1009_d0,A/SouthAustralia/2525607496/2025_H3N2,plate8-A/SouthAustralia/2525607496/2025_H3N2,5921,0.5726,0.5726
seqneut25to26_sera_1009_d0,A/SouthAustralia/2525607496/2025_H3N2,plate8-A/SouthAustralia/2525607496/2025_H3N2,1.362e+04,0.8795,0.8795
seqneut25to26_sera_1009_d0,A/SouthAustralia/2527003588/2025_H3N2,plate8-A/SouthAustralia/2527003588/2025_H3N2,40,0.1404,0.1404
seqneut25to26_sera_1009_d0,A/SouthAustralia/2527003588/2025_H3N2,plate8-A/SouthAustralia/2527003588/2025_H3N2,92,0.59,0.59
seqneut25to26_sera_1009_d0,A/SouthAustralia/2527003588/2025_H3N2,plate8-A/SouthAustralia/2527003588/2025_H3N2,212,0.5303,0.5303
seqneut25to26_sera_1009_d0,A/SouthAustralia/2527003588/2025_H3N2,plate8-A/SouthAustralia/2527003588/2025_H3N2,487,0.7693,0.7693
seqneut25to26_sera_1009_d0,A/SouthAustralia/2527003588/2025_H3N2,plate8-A/SouthAustralia/2527003588/2025_H3N2,1119,0.6465,0.6465
seqneut25to26_sera_1009_d0,A/SouthAustralia/2527003588/2025_H3N2,plate8-A/SouthAustralia/2527003588/2025_H3N2,2575,0.6158,0.6158
seqneut25to26_sera_1009_d0,A/SouthAustralia/2527003588/2025_H3N2,plate8-A/SouthAustralia/2527003588/2025_H3N2,5921,0.5213,0.5213
seqneut25to26_sera_1009_d0,A/SouthAustralia/2527003588/2025_H3N2,plate8-A/SouthAustralia/2527003588/2025_H3N2,1.362e+04,1.068,1
seqneut25to26_sera_1009_d0,A/SouthAustralia/2527213276/2025_H3N2,plate8-A/SouthAustralia/2527213276/2025_H3N2,40,0.06412,0.06412
seqneut25to26_sera_1009_d0,A/SouthAustralia/2527213276/2025_H3N2,plate8-A/SouthAustralia/2527213276/2025_H3N2,92,0.2522,0.2522
seqneut25to26_sera_1009_d0,A/SouthAustralia/2527213276/2025_H3N2,plate8-A/SouthAustralia/2527213276/2025_H3N2,212,0.4044,0.4044
seqneut25to26_sera_1009_d0,A/SouthAustralia/2527213276/2025_H3N2,plate8-A/SouthAustralia/2527213276/2025_H3N2,487,0.784,0.784
seqneut25to26_sera_1009_d0,A/SouthAustralia/2527213276/2025_H3N2,plate8-A/SouthAustralia/2527213276/2025_H3N2,1119,0.506,0.506
seqneut25to26_sera_1009_d0,A/SouthAustralia/2527213276/2025_H3N2,plate8-A/SouthAustralia/2527213276/2025_H3N2,2575,0.5368,0.5368
seqneut25to26_sera_1009_d0,A/SouthAustralia/2527213276/2025_H3N2,plate8-A/SouthAustralia/2527213276/2025_H3N2,5921,0.5212,0.5212
seqneut25to26_sera_1009_d0,A/SouthAustralia/2527213276/2025_H3N2,plate8-A/SouthAustralia/2527213276/2025_H3N2,1.362e+04,0.9127,0.9127
seqneut25to26_sera_1009_d0,A/SouthAustralia/2527612456/2025_H1N1,plate8-A/SouthAustralia/2527612456/2025_H1N1,40,0.1868,0.1868
seqneut25to26_sera_1009_d0,A/SouthAustralia/2527612456/2025_H1N1,plate8-A/SouthAustralia/2527612456/2025_H1N1,92,0.4785,0.4785
seqneut25to26_sera_1009_d0,A/SouthAustralia/2527612456/2025_H1N1,plate8-A/SouthAustralia/2527612456/2025_H1N1,212,0.9984,0.9984
seqneut25to26_sera_1009_d0,A/SouthAustralia/2527612456/2025_H1N1,plate8-A/SouthAustralia/2527612456/2025_H1N1,487,0.8256,0.8256
seqneut25to26_sera_1009_d0,A/SouthAustralia/2527612456/2025_H1N1,plate8-A/SouthAustralia/2527612456/2025_H1N1,1119,0.894,0.894
seqneut25to26_sera_1009_d0,A/SouthAustralia/2527612456/2025_H1N1,plate8-A/SouthAustralia/2527612456/2025_H1N1,2575,0.8759,0.8759
seqneut25to26_sera_1009_d0,A/SouthAustralia/2527612456/2025_H1N1,plate8-A/SouthAustralia/2527612456/2025_H1N1,5921,0.7263,0.7263
seqneut25to26_sera_1009_d0,A/SouthAustralia/2527612456/2025_H1N1,plate8-A/SouthAustralia/2527612456/2025_H1N1,1.362e+04,1.015,1
seqneut25to26_sera_1009_d0,A/SouthAustralia/2527902708/2025_H3N2,plate8-A/SouthAustralia/2527902708/2025_H3N2,40,0.03066,0.03066
seqneut25to26_sera_1009_d0,A/SouthAustralia/2527902708/2025_H3N2,plate8-A/SouthAustralia/2527902708/2025_H3N2,92,0.5392,0.5392
seqneut25to26_sera_1009_d0,A/SouthAustralia/2527902708/2025_H3N2,plate8-A/SouthAustralia/2527902708/2025_H3N2,212,0.5616,0.5616
seqneut25to26_sera_1009_d0,A/SouthAustralia/2527902708/2025_H3N2,plate8-A/SouthAustralia/2527902708/2025_H3N2,487,0.5935,0.5935
seqneut25to26_sera_1009_d0,A/SouthAustralia/2527902708/2025_H3N2,plate8-A/SouthAustralia/2527902708/2025_H3N2,1119,0.7084,0.7084
seqneut25to26_sera_1009_d0,A/SouthAustralia/2527902708/2025_H3N2,plate8-A/SouthAustralia/2527902708/2025_H3N2,2575,0.6789,0.6789
seqneut25to26_sera_1009_d0,A/SouthAustralia/2527902708/2025_H3N2,plate8-A/SouthAustralia/2527902708/2025_H3N2,5921,0.5188,0.5188
seqneut25to26_sera_1009_d0,A/SouthAustralia/2527902708/2025_H3N2,plate8-A/SouthAustralia/2527902708/2025_H3N2,1.362e+04,0.7292,0.7292
seqneut25to26_sera_1009_d0,A/Sydney/1359/2024_H3N2,plate8-A/Sydney/1359/2024_H3N2,40,0.021,0.021
seqneut25to26_sera_1009_d0,A/Sydney/1359/2024_H3N2,plate8-A/Sydney/1359/2024_H3N2,92,0.1801,0.1801
seqneut25to26_sera_1009_d0,A/Sydney/1359/2024_H3N2,plate8-A/Sydney/1359/2024_H3N2,212,0.5052,0.5052
seqneut25to26_sera_1009_d0,A/Sydney/1359/2024_H3N2,plate8-A/Sydney/1359/2024_H3N2,487,0.5322,0.5322
seqneut25to26_sera_1009_d0,A/Sydney/1359/2024_H3N2,plate8-A/Sydney/1359/2024_H3N2,1119,0.539,0.539
seqneut25to26_sera_1009_d0,A/Sydney/1359/2024_H3N2,plate8-A/Sydney/1359/2024_H3N2,2575,0.7234,0.7234
seqneut25to26_sera_1009_d0,A/Sydney/1359/2024_H3N2,plate8-A/Sydney/1359/2024_H3N2,5921,0.4798,0.4798
seqneut25to26_sera_1009_d0,A/Sydney/1359/2024_H3N2,plate8-A/Sydney/1359/2024_H3N2,1.362e+04,0.7482,0.7482
seqneut25to26_sera_1009_d0,A/Sydney/400/2025_H1N1,plate8-A/Sydney/400/2025_H1N1,40,0.002039,0.002039
seqneut25to26_sera_1009_d0,A/Sydney/400/2025_H1N1,plate8-A/Sydney/400/2025_H1N1,92,0.003092,0.003092
seqneut25to26_sera_1009_d0,A/Sydney/400/2025_H1N1,plate8-A/Sydney/400/2025_H1N1,212,0.006362,0.006362
seqneut25to26_sera_1009_d0,A/Sydney/400/2025_H1N1,plate8-A/Sydney/400/2025_H1N1,487,0.08779,0.08779
seqneut25to26_sera_1009_d0,A/Sydney/400/2025_H1N1,plate8-A/Sydney/400/2025_H1N1,1119,0.3838,0.3838
seqneut25to26_sera_1009_d0,A/Sydney/400/2025_H1N1,plate8-A/Sydney/400/2025_H1N1,2575,0.5464,0.5464
seqneut25to26_sera_1009_d0,A/Sydney/400/2025_H1N1,plate8-A/Sydney/400/2025_H1N1,5921,0.5683,0.5683
seqneut25to26_sera_1009_d0,A/Sydney/400/2025_H1N1,plate8-A/Sydney/400/2025_H1N1,1.362e+04,1.018,1
seqneut25to26_sera_1009_d0,A/Tasmania/2521815682/2025_H3N2,plate8-A/Tasmania/2521815682/2025_H3N2,40,0.1334,0.1334
seqneut25to26_sera_1009_d0,A/Tasmania/2521815682/2025_H3N2,plate8-A/Tasmania/2521815682/2025_H3N2,92,0.2882,0.2882
seqneut25to26_sera_1009_d0,A/Tasmania/2521815682/2025_H3N2,plate8-A/Tasmania/2521815682/2025_H3N2,212,0.5802,0.5802
seqneut25to26_sera_1009_d0,A/Tasmania/2521815682/2025_H3N2,plate8-A/Tasmania/2521815682/2025_H3N2,487,0.5194,0.5194
seqneut25to26_sera_1009_d0,A/Tasmania/2521815682/2025_H3N2,plate8-A/Tasmania/2521815682/2025_H3N2,1119,0.6824,0.6824
seqneut25to26_sera_1009_d0,A/Tasmania/2521815682/2025_H3N2,plate8-A/Tasmania/2521815682/2025_H3N2,2575,0.7306,0.7306
seqneut25to26_sera_1009_d0,A/Tasmania/2521815682/2025_H3N2,plate8-A/Tasmania/2521815682/2025_H3N2,5921,0.6488,0.6488
seqneut25to26_sera_1009_d0,A/Tasmania/2521815682/2025_H3N2,plate8-A/Tasmania/2521815682/2025_H3N2,1.362e+04,1.099,1
seqneut25to26_sera_1009_d0,A/Thailand/8/2022_H3N2,plate8-A/Thailand/8/2022_H3N2,40,0.000321,0.000321
seqneut25to26_sera_1009_d0,A/Thailand/8/2022_H3N2,plate8-A/Thailand/8/2022_H3N2,92,0.1888,0.1888
seqneut25to26_sera_1009_d0,A/Thailand/8/2022_H3N2,plate8-A/Thailand/8/2022_H3N2,212,0.07574,0.07574
seqneut25to26_sera_1009_d0,A/Thailand/8/2022_H3N2,plate8-A/Thailand/8/2022_H3N2,487,0.07262,0.07262
seqneut25to26_sera_1009_d0,A/Thailand/8/2022_H3N2,plate8-A/Thailand/8/2022_H3N2,1119,0.2937,0.2937
seqneut25to26_sera_1009_d0,A/Thailand/8/2022_H3N2,plate8-A/Thailand/8/2022_H3N2,2575,0.3858,0.3858
seqneut25to26_sera_1009_d0,A/Thailand/8/2022_H3N2,plate8-A/Thailand/8/2022_H3N2,5921,0.5182,0.5182
seqneut25to26_sera_1009_d0,A/Thailand/8/2022_H3N2,plate8-A/Thailand/8/2022_H3N2,1.362e+04,0.8676,0.8676
seqneut25to26_sera_1009_d0,A/Vermont/73/2025_H3N2,plate8-A/Vermont/73/2025_H3N2,40,0.05635,0.05635
seqneut25to26_sera_1009_d0,A/Vermont/73/2025_H3N2,plate8-A/Vermont/73/2025_H3N2,92,0.2625,0.2625
seqneut25to26_sera_1009_d0,A/Vermont/73/2025_H3N2,plate8-A/Vermont/73/2025_H3N2,212,0.4303,0.4303
seqneut25to26_sera_1009_d0,A/Vermont/73/2025_H3N2,plate8-A/Vermont/73/2025_H3N2,487,0.526,0.526
seqneut25to26_sera_1009_d0,A/Vermont/73/2025_H3N2,plate8-A/Vermont/73/2025_H3N2,1119,0.531,0.531
seqneut25to26_sera_1009_d0,A/Vermont/73/2025_H3N2,plate8-A/Vermont/73/2025_H3N2,2575,0.8155,0.8155
seqneut25to26_sera_1009_d0,A/Vermont/73/2025_H3N2,plate8-A/Vermont/73/2025_H3N2,5921,0.6712,0.6712
seqneut25to26_sera_1009_d0,A/Vermont/73/2025_H3N2,plate8-A/Vermont/73/2025_H3N2,1.362e+04,0.7891,0.7891
seqneut25to26_sera_1009_d0,A/Victoria/4897/2022_IVR-238_H1N1,plate8-A/Victoria/4897/2022_IVR-238_H1N1,40,0.000125,0.000125
seqneut25to26_sera_1009_d0,A/Victoria/4897/2022_IVR-238_H1N1,plate8-A/Victoria/4897/2022_IVR-238_H1N1,92,3.661e-05,3.661e-05
seqneut25to26_sera_1009_d0,A/Victoria/4897/2022_IVR-238_H1N1,plate8-A/Victoria/4897/2022_IVR-238_H1N1,212,0,0
seqneut25to26_sera_1009_d0,A/Victoria/4897/2022_IVR-238_H1N1,plate8-A/Victoria/4897/2022_IVR-238_H1N1,487,0.0002878,0.0002878
seqneut25to26_sera_1009_d0,A/Victoria/4897/2022_IVR-238_H1N1,plate8-A/Victoria/4897/2022_IVR-238_H1N1,1119,0.0003639,0.0003639
seqneut25to26_sera_1009_d0,A/Victoria/4897/2022_IVR-238_H1N1,plate8-A/Victoria/4897/2022_IVR-238_H1N1,2575,0.0002468,0.0002468
seqneut25to26_sera_1009_d0,A/Victoria/4897/2022_IVR-238_H1N1,plate8-A/Victoria/4897/2022_IVR-238_H1N1,5921,0.05145,0.05145
seqneut25to26_sera_1009_d0,A/Victoria/4897/2022_IVR-238_H1N1,plate8-A/Victoria/4897/2022_IVR-238_H1N1,1.362e+04,0.5584,0.5584
seqneut25to26_sera_1009_d0,A/Wisconsin/588/2019_H1N1,plate8-A/Wisconsin/588/2019_H1N1,40,0.001109,0.001109
seqneut25to26_sera_1009_d0,A/Wisconsin/588/2019_H1N1,plate8-A/Wisconsin/588/2019_H1N1,92,0.0005971,0.0005971
seqneut25to26_sera_1009_d0,A/Wisconsin/588/2019_H1N1,plate8-A/Wisconsin/588/2019_H1N1,212,0.004059,0.004059
seqneut25to26_sera_1009_d0,A/Wisconsin/588/2019_H1N1,plate8-A/Wisconsin/588/2019_H1N1,487,0.1467,0.1467
seqneut25to26_sera_1009_d0,A/Wisconsin/588/2019_H1N1,plate8-A/Wisconsin/588/2019_H1N1,1119,0.5695,0.5695
seqneut25to26_sera_1009_d0,A/Wisconsin/588/2019_H1N1,plate8-A/Wisconsin/588/2019_H1N1,2575,0.6753,0.6753
seqneut25to26_sera_1009_d0,A/Wisconsin/588/2019_H1N1,plate8-A/Wisconsin/588/2019_H1N1,5921,0.5976,0.5976
seqneut25to26_sera_1009_d0,A/Wisconsin/588/2019_H1N1,plate8-A/Wisconsin/588/2019_H1N1,1.362e+04,1.011,1
seqneut25to26_sera_1009_d0,A/Wisconsin/67/2022_H1N1,plate8-A/Wisconsin/67/2022_H1N1,40,0.05065,0.05065
seqneut25to26_sera_1009_d0,A/Wisconsin/67/2022_H1N1,plate8-A/Wisconsin/67/2022_H1N1,92,0.3844,0.3844
seqneut25to26_sera_1009_d0,A/Wisconsin/67/2022_H1N1,plate8-A/Wisconsin/67/2022_H1N1,212,0.6472,0.6472
seqneut25to26_sera_1009_d0,A/Wisconsin/67/2022_H1N1,plate8-A/Wisconsin/67/2022_H1N1,487,0.7381,0.7381
seqneut25to26_sera_1009_d0,A/Wisconsin/67/2022_H1N1,plate8-A/Wisconsin/67/2022_H1N1,1119,0.7933,0.7933
seqneut25to26_sera_1009_d0,A/Wisconsin/67/2022_H1N1,plate8-A/Wisconsin/67/2022_H1N1,2575,0.8406,0.8406
seqneut25to26_sera_1009_d0,A/Wisconsin/67/2022_H1N1,plate8-A/Wisconsin/67/2022_H1N1,5921,0.7406,0.7406
seqneut25to26_sera_1009_d0,A/Wisconsin/67/2022_H1N1,plate8-A/Wisconsin/67/2022_H1N1,1.362e+04,0.9634,0.9634
seqneut25to26_sera_1009_d0,A/Zacapa/FLU-261/2025_H1N1,plate8-A/Zacapa/FLU-261/2025_H1N1,40,0.04789,0.04789
seqneut25to26_sera_1009_d0,A/Zacapa/FLU-261/2025_H1N1,plate8-A/Zacapa/FLU-261/2025_H1N1,92,0.3647,0.3647
seqneut25to26_sera_1009_d0,A/Zacapa/FLU-261/2025_H1N1,plate8-A/Zacapa/FLU-261/2025_H1N1,212,0.6836,0.6836
seqneut25to26_sera_1009_d0,A/Zacapa/FLU-261/2025_H1N1,plate8-A/Zacapa/FLU-261/2025_H1N1,487,0.7484,0.7484
seqneut25to26_sera_1009_d0,A/Zacapa/FLU-261/2025_H1N1,plate8-A/Zacapa/FLU-261/2025_H1N1,1119,0.8563,0.8563
seqneut25to26_sera_1009_d0,A/Zacapa/FLU-261/2025_H1N1,plate8-A/Zacapa/FLU-261/2025_H1N1,2575,0.9199,0.9199
seqneut25to26_sera_1009_d0,A/Zacapa/FLU-261/2025_H1N1,plate8-A/Zacapa/FLU-261/2025_H1N1,5921,0.8051,0.8051
seqneut25to26_sera_1009_d0,A/Zacapa/FLU-261/2025_H1N1,plate8-A/Zacapa/FLU-261/2025_H1N1,1.362e+04,1.088,1
seqneut25to26_sera_1009_d28,A/Alagoas/4130/2025_H3N2,plate8-A/Alagoas/4130/2025_H3N2,40,0.003206,0.003206
seqneut25to26_sera_1009_d28,A/Alagoas/4130/2025_H3N2,plate8-A/Alagoas/4130/2025_H3N2,92,0.053,0.053
seqneut25to26_sera_1009_d28,A/Alagoas/4130/2025_H3N2,plate8-A/Alagoas/4130/2025_H3N2,212,0.36,0.36
seqneut25to26_sera_1009_d28,A/Alagoas/4130/2025_H3N2,plate8-A/Alagoas/4130/2025_H3N2,487,0.2735,0.2735
seqneut25to26_sera_1009_d28,A/Alagoas/4130/2025_H3N2,plate8-A/Alagoas/4130/2025_H3N2,1119,0.7227,0.7227
seqneut25to26_sera_1009_d28,A/Alagoas/4130/2025_H3N2,plate8-A/Alagoas/4130/2025_H3N2,2575,0.7356,0.7356
seqneut25to26_sera_1009_d28,A/Alagoas/4130/2025_H3N2,plate8-A/Alagoas/4130/2025_H3N2,5921,0.5843,0.5843
seqneut25to26_sera_1009_d28,A/Alagoas/4130/2025_H3N2,plate8-A/Alagoas/4130/2025_H3N2,1.362e+04,0.8033,0.8033
seqneut25to26_sera_1009_d28,A/Anapolis/LEIAL6543/2025_H3N2,plate8-A/Anapolis/LEIAL6543/2025_H3N2,40,0.01029,0.01029
seqneut25to26_sera_1009_d28,A/Anapolis/LEIAL6543/2025_H3N2,plate8-A/Anapolis/LEIAL6543/2025_H3N2,92,0.08947,0.08947
seqneut25to26_sera_1009_d28,A/Anapolis/LEIAL6543/2025_H3N2,plate8-A/Anapolis/LEIAL6543/2025_H3N2,212,0.4636,0.4636
seqneut25to26_sera_1009_d28,A/Anapolis/LEIAL6543/2025_H3N2,plate8-A/Anapolis/LEIAL6543/2025_H3N2,487,0.3068,0.3068
seqneut25to26_sera_1009_d28,A/Anapolis/LEIAL6543/2025_H3N2,plate8-A/Anapolis/LEIAL6543/2025_H3N2,1119,0.5263,0.5263
seqneut25to26_sera_1009_d28,A/Anapolis/LEIAL6543/2025_H3N2,plate8-A/Anapolis/LEIAL6543/2025_H3N2,2575,0.5983,0.5983
seqneut25to26_sera_1009_d28,A/Anapolis/LEIAL6543/2025_H3N2,plate8-A/Anapolis/LEIAL6543/2025_H3N2,5921,0.6404,0.6404
seqneut25to26_sera_1009_d28,A/Anapolis/LEIAL6543/2025_H3N2,plate8-A/Anapolis/LEIAL6543/2025_H3N2,1.362e+04,0.879,0.879
seqneut25to26_sera_1009_d28,A/Andalucia/PMC-00977/2025_H1N1,plate8-A/Andalucia/PMC-00977/2025_H1N1,40,0.01281,0.01281
seqneut25to26_sera_1009_d28,A/Andalucia/PMC-00977/2025_H1N1,plate8-A/Andalucia/PMC-00977/2025_H1N1,92,0.2576,0.2576
seqneut25to26_sera_1009_d28,A/Andalucia/PMC-00977/2025_H1N1,plate8-A/Andalucia/PMC-00977/2025_H1N1,212,0.682,0.682
seqneut25to26_sera_1009_d28,A/Andalucia/PMC-00977/2025_H1N1,plate8-A/Andalucia/PMC-00977/2025_H1N1,487,0.6346,0.6346
seqneut25to26_sera_1009_d28,A/Andalucia/PMC-00977/2025_H1N1,plate8-A/Andalucia/PMC-00977/2025_H1N1,1119,0.8897,0.8897
seqneut25to26_sera_1009_d28,A/Andalucia/PMC-00977/2025_H1N1,plate8-A/Andalucia/PMC-00977/2025_H1N1,2575,0.9192,0.9192
seqneut25to26_sera_1009_d28,A/Andalucia/PMC-00977/2025_H1N1,plate8-A/Andalucia/PMC-00977/2025_H1N1,5921,0.6645,0.6645
seqneut25to26_sera_1009_d28,A/Andalucia/PMC-00977/2025_H1N1,plate8-A/Andalucia/PMC-00977/2025_H1N1,1.362e+04,1.041,1
seqneut25to26_sera_1009_d28,A/Aragon/2046/2025_H1N1,plate8-A/Aragon/2046/2025_H1N1,40,0.02291,0.02291
seqneut25to26_sera_1009_d28,A/Aragon/2046/2025_H1N1,plate8-A/Aragon/2046/2025_H1N1,92,0.2259,0.2259
seqneut25to26_sera_1009_d28,A/Aragon/2046/2025_H1N1,plate8-A/Aragon/2046/2025_H1N1,212,0.9639,0.9639
seqneut25to26_sera_1009_d28,A/Aragon/2046/2025_H1N1,plate8-A/Aragon/2046/2025_H1N1,487,0.6436,0.6436
seqneut25to26_sera_1009_d28,A/Aragon/2046/2025_H1N1,plate8-A/Aragon/2046/2025_H1N1,1119,0.8433,0.8433
seqneut25to26_sera_1009_d28,A/Aragon/2046/2025_H1N1,plate8-A/Aragon/2046/2025_H1N1,2575,1.035,1
seqneut25to26_sera_1009_d28,A/Aragon/2046/2025_H1N1,plate8-A/Aragon/2046/2025_H1N1,5921,0.6693,0.6693
seqneut25to26_sera_1009_d28,A/Aragon/2046/2025_H1N1,plate8-A/Aragon/2046/2025_H1N1,1.362e+04,0.9591,0.9591
seqneut25to26_sera_1009_d28,A/Arica/59150/2025_H3N2,plate8-A/Arica/59150/2025_H3N2,40,0.01845,0.01845
seqneut25to26_sera_1009_d28,A/Arica/59150/2025_H3N2,plate8-A/Arica/59150/2025_H3N2,92,0.1688,0.1688
seqneut25to26_sera_1009_d28,A/Arica/59150/2025_H3N2,plate8-A/Arica/59150/2025_H3N2,212,0.312,0.312
seqneut25to26_sera_1009_d28,A/Arica/59150/2025_H3N2,plate8-A/Arica/59150/2025_H3N2,487,0.4607,0.4607
seqneut25to26_sera_1009_d28,A/Arica/59150/2025_H3N2,plate8-A/Arica/59150/2025_H3N2,1119,0.5853,0.5853
seqneut25to26_sera_1009_d28,A/Arica/59150/2025_H3N2,plate8-A/Arica/59150/2025_H3N2,2575,0.7473,0.7473
seqneut25to26_sera_1009_d28,A/Arica/59150/2025_H3N2,plate8-A/Arica/59150/2025_H3N2,5921,0.5997,0.5997
seqneut25to26_sera_1009_d28,A/Arica/59150/2025_H3N2,plate8-A/Arica/59150/2025_H3N2,1.362e+04,0.9703,0.9703
seqneut25to26_sera_1009_d28,A/Bahia/3102/2025_H3N2,plate8-A/Bahia/3102/2025_H3N2,40,0.01378,0.01378
seqneut25to26_sera_1009_d28,A/Bahia/3102/2025_H3N2,plate8-A/Bahia/3102/2025_H3N2,92,0.05278,0.05278
seqneut25to26_sera_1009_d28,A/Bahia/3102/2025_H3N2,plate8-A/Bahia/3102/2025_H3N2,212,0.2987,0.2987
seqneut25to26_sera_1009_d28,A/Bahia/3102/2025_H3N2,plate8-A/Bahia/3102/2025_H3N2,487,0.3644,0.3644
seqneut25to26_sera_1009_d28,A/Bahia/3102/2025_H3N2,plate8-A/Bahia/3102/2025_H3N2,1119,0.5797,0.5797
seqneut25to26_sera_1009_d28,A/Bahia/3102/2025_H3N2,plate8-A/Bahia/3102/2025_H3N2,2575,0.7382,0.7382
seqneut25to26_sera_1009_d28,A/Bahia/3102/2025_H3N2,plate8-A/Bahia/3102/2025_H3N2,5921,0.6382,0.6382
seqneut25to26_sera_1009_d28,A/Bahia/3102/2025_H3N2,plate8-A/Bahia/3102/2025_H3N2,1.362e+04,0.8481,0.8481
seqneut25to26_sera_1009_d28,A/Bangkok/1803/2025_H1N1,plate8-A/Bangkok/1803/2025_H1N1,40,0.0008791,0.0008791
seqneut25to26_sera_1009_d28,A/Bangkok/1803/2025_H1N1,plate8-A/Bangkok/1803/2025_H1N1,92,0.08665,0.08665
seqneut25to26_sera_1009_d28,A/Bangkok/1803/2025_H1N1,plate8-A/Bangkok/1803/2025_H1N1,212,0.7552,0.7552
seqneut25to26_sera_1009_d28,A/Bangkok/1803/2025_H1N1,plate8-A/Bangkok/1803/2025_H1N1,487,0.8211,0.8211
seqneut25to26_sera_1009_d28,A/Bangkok/1803/2025_H1N1,plate8-A/Bangkok/1803/2025_H1N1,1119,0.902,0.902
seqneut25to26_sera_1009_d28,A/Bangkok/1803/2025_H1N1,plate8-A/Bangkok/1803/2025_H1N1,2575,1.08,1
seqneut25to26_sera_1009_d28,A/Bangkok/1803/2025_H1N1,plate8-A/Bangkok/1803/2025_H1N1,5921,0.91,0.91
seqneut25to26_sera_1009_d28,A/Bangkok/1803/2025_H1N1,plate8-A/Bangkok/1803/2025_H1N1,1.362e+04,1.12,1
seqneut25to26_sera_1009_d28,A/Bangkok/P2229/2025_H1N1,plate8-A/Bangkok/P2229/2025_H1N1,40,0.0007585,0.0007585
seqneut25to26_sera_1009_d28,A/Bangkok/P2229/2025_H1N1,plate8-A/Bangkok/P2229/2025_H1N1,92,0.1594,0.1594
seqneut25to26_sera_1009_d28,A/Bangkok/P2229/2025_H1N1,plate8-A/Bangkok/P2229/2025_H1N1,212,0.3902,0.3902
seqneut25to26_sera_1009_d28,A/Bangkok/P2229/2025_H1N1,plate8-A/Bangkok/P2229/2025_H1N1,487,0.6094,0.6094
seqneut25to26_sera_1009_d28,A/Bangkok/P2229/2025_H1N1,plate8-A/Bangkok/P2229/2025_H1N1,1119,0.7924,0.7924
seqneut25to26_sera_1009_d28,A/Bangkok/P2229/2025_H1N1,plate8-A/Bangkok/P2229/2025_H1N1,2575,0.933,0.933
seqneut25to26_sera_1009_d28,A/Bangkok/P2229/2025_H1N1,plate8-A/Bangkok/P2229/2025_H1N1,5921,0.8373,0.8373
seqneut25to26_sera_1009_d28,A/Bangkok/P2229/2025_H1N1,plate8-A/Bangkok/P2229/2025_H1N1,1.362e+04,0.9202,0.9202
seqneut25to26_sera_1009_d28,A/Bangkok/P2323/2025_H3N2,plate8-A/Bangkok/P2323/2025_H3N2,40,0.028,0.028
seqneut25to26_sera_1009_d28,A/Bangkok/P2323/2025_H3N2,plate8-A/Bangkok/P2323/2025_H3N2,92,0.2019,0.2019
seqneut25to26_sera_1009_d28,A/Bangkok/P2323/2025_H3N2,plate8-A/Bangkok/P2323/2025_H3N2,212,0.6283,0.6283
seqneut25to26_sera_1009_d28,A/Bangkok/P2323/2025_H3N2,plate8-A/Bangkok/P2323/2025_H3N2,487,0.4508,0.4508
seqneut25to26_sera_1009_d28,A/Bangkok/P2323/2025_H3N2,plate8-A/Bangkok/P2323/2025_H3N2,1119,0.6796,0.6796
seqneut25to26_sera_1009_d28,A/Bangkok/P2323/2025_H3N2,plate8-A/Bangkok/P2323/2025_H3N2,2575,0.8819,0.8819
seqneut25to26_sera_1009_d28,A/Bangkok/P2323/2025_H3N2,plate8-A/Bangkok/P2323/2025_H3N2,5921,0.604,0.604
seqneut25to26_sera_1009_d28,A/Bangkok/P2323/2025_H3N2,plate8-A/Bangkok/P2323/2025_H3N2,1.362e+04,0.821,0.821
seqneut25to26_sera_1009_d28,A/Bangkok/P2390/2025_H3N2,plate8-A/Bangkok/P2390/2025_H3N2,40,0.03224,0.03224
seqneut25to26_sera_1009_d28,A/Bangkok/P2390/2025_H3N2,plate8-A/Bangkok/P2390/2025_H3N2,92,0.2194,0.2194
seqneut25to26_sera_1009_d28,A/Bangkok/P2390/2025_H3N2,plate8-A/Bangkok/P2390/2025_H3N2,212,0.6016,0.6016
seqneut25to26_sera_1009_d28,A/Bangkok/P2390/2025_H3N2,plate8-A/Bangkok/P2390/2025_H3N2,487,0.4137,0.4137
seqneut25to26_sera_1009_d28,A/Bangkok/P2390/2025_H3N2,plate8-A/Bangkok/P2390/2025_H3N2,1119,0.822,0.822
seqneut25to26_sera_1009_d28,A/Bangkok/P2390/2025_H3N2,plate8-A/Bangkok/P2390/2025_H3N2,2575,0.7466,0.7466
seqneut25to26_sera_1009_d28,A/Bangkok/P2390/2025_H3N2,plate8-A/Bangkok/P2390/2025_H3N2,5921,0.5474,0.5474
seqneut25to26_sera_1009_d28,A/Bangkok/P2390/2025_H3N2,plate8-A/Bangkok/P2390/2025_H3N2,1.362e+04,1.063,1
seqneut25to26_sera_1009_d28,A/Bangkok/P2391/2025_H3N2,plate8-A/Bangkok/P2391/2025_H3N2,40,0.03443,0.03443
seqneut25to26_sera_1009_d28,A/Bangkok/P2391/2025_H3N2,plate8-A/Bangkok/P2391/2025_H3N2,92,0.1092,0.1092
seqneut25to26_sera_1009_d28,A/Bangkok/P2391/2025_H3N2,plate8-A/Bangkok/P2391/2025_H3N2,212,0.3586,0.3586
seqneut25to26_sera_1009_d28,A/Bangkok/P2391/2025_H3N2,plate8-A/Bangkok/P2391/2025_H3N2,487,0.2854,0.2854
seqneut25to26_sera_1009_d28,A/Bangkok/P2391/2025_H3N2,plate8-A/Bangkok/P2391/2025_H3N2,1119,0.5196,0.5196
seqneut25to26_sera_1009_d28,A/Bangkok/P2391/2025_H3N2,plate8-A/Bangkok/P2391/2025_H3N2,2575,0.9346,0.9346
seqneut25to26_sera_1009_d28,A/Bangkok/P2391/2025_H3N2,plate8-A/Bangkok/P2391/2025_H3N2,5921,0.6585,0.6585
seqneut25to26_sera_1009_d28,A/Bangkok/P2391/2025_H3N2,plate8-A/Bangkok/P2391/2025_H3N2,1.362e+04,0.703,0.703
seqneut25to26_sera_1009_d28,A/Bangkok/P2572/2025_H3N2,plate8-A/Bangkok/P2572/2025_H3N2,40,0.06132,0.06132
seqneut25to26_sera_1009_d28,A/Bangkok/P2572/2025_H3N2,plate8-A/Bangkok/P2572/2025_H3N2,92,0.2028,0.2028
seqneut25to26_sera_1009_d28,A/Bangkok/P2572/2025_H3N2,plate8-A/Bangkok/P2572/2025_H3N2,212,0.4901,0.4901
seqneut25to26_sera_1009_d28,A/Bangkok/P2572/2025_H3N2,plate8-A/Bangkok/P2572/2025_H3N2,487,0.4789,0.4789
seqneut25to26_sera_1009_d28,A/Bangkok/P2572/2025_H3N2,plate8-A/Bangkok/P2572/2025_H3N2,1119,0.6227,0.6227
seqneut25to26_sera_1009_d28,A/Bangkok/P2572/2025_H3N2,plate8-A/Bangkok/P2572/2025_H3N2,2575,0.634,0.634
seqneut25to26_sera_1009_d28,A/Bangkok/P2572/2025_H3N2,plate8-A/Bangkok/P2572/2025_H3N2,5921,0.6547,0.6547
seqneut25to26_sera_1009_d28,A/Bangkok/P2572/2025_H3N2,plate8-A/Bangkok/P2572/2025_H3N2,1.362e+04,0.8107,0.8107
seqneut25to26_sera_1009_d28,A/Bangkok/P2921/2025_H3N2,plate8-A/Bangkok/P2921/2025_H3N2,40,0.0002345,0.0002345
seqneut25to26_sera_1009_d28,A/Bangkok/P2921/2025_H3N2,plate8-A/Bangkok/P2921/2025_H3N2,92,0.01478,0.01478
seqneut25to26_sera_1009_d28,A/Bangkok/P2921/2025_H3N2,plate8-A/Bangkok/P2921/2025_H3N2,212,0.214,0.214
seqneut25to26_sera_1009_d28,A/Bangkok/P2921/2025_H3N2,plate8-A/Bangkok/P2921/2025_H3N2,487,0.2996,0.2996
seqneut25to26_sera_1009_d28,A/Bangkok/P2921/2025_H3N2,plate8-A/Bangkok/P2921/2025_H3N2,1119,0.4938,0.4938
seqneut25to26_sera_1009_d28,A/Bangkok/P2921/2025_H3N2,plate8-A/Bangkok/P2921/2025_H3N2,2575,0.6716,0.6716
seqneut25to26_sera_1009_d28,A/Bangkok/P2921/2025_H3N2,plate8-A/Bangkok/P2921/2025_H3N2,5921,0.5146,0.5146
seqneut25to26_sera_1009_d28,A/Bangkok/P2921/2025_H3N2,plate8-A/Bangkok/P2921/2025_H3N2,1.362e+04,0.8997,0.8997
seqneut25to26_sera_1009_d28,A/Bangkok/P3067/2025_H1N1,plate8-A/Bangkok/P3067/2025_H1N1,40,0.01804,0.01804
seqneut25to26_sera_1009_d28,A/Bangkok/P3067/2025_H1N1,plate8-A/Bangkok/P3067/2025_H1N1,92,0.1466,0.1466
seqneut25to26_sera_1009_d28,A/Bangkok/P3067/2025_H1N1,plate8-A/Bangkok/P3067/2025_H1N1,212,0.353,0.353
seqneut25to26_sera_1009_d28,A/Bangkok/P3067/2025_H1N1,plate8-A/Bangkok/P3067/2025_H1N1,487,0.624,0.624
seqneut25to26_sera_1009_d28,A/Bangkok/P3067/2025_H1N1,plate8-A/Bangkok/P3067/2025_H1N1,1119,0.822,0.822
seqneut25to26_sera_1009_d28,A/Bangkok/P3067/2025_H1N1,plate8-A/Bangkok/P3067/2025_H1N1,2575,0.9352,0.9352
seqneut25to26_sera_1009_d28,A/Bangkok/P3067/2025_H1N1,plate8-A/Bangkok/P3067/2025_H1N1,5921,0.7175,0.7175
seqneut25to26_sera_1009_d28,A/Bangkok/P3067/2025_H1N1,plate8-A/Bangkok/P3067/2025_H1N1,1.362e+04,1.097,1
seqneut25to26_sera_1009_d28,A/Bangkok/P3263/2025_H3N2,plate8-A/Bangkok/P3263/2025_H3N2,40,0.0364,0.0364
seqneut25to26_sera_1009_d28,A/Bangkok/P3263/2025_H3N2,plate8-A/Bangkok/P3263/2025_H3N2,92,0.1165,0.1165
seqneut25to26_sera_1009_d28,A/Bangkok/P3263/2025_H3N2,plate8-A/Bangkok/P3263/2025_H3N2,212,0.383,0.383
seqneut25to26_sera_1009_d28,A/Bangkok/P3263/2025_H3N2,plate8-A/Bangkok/P3263/2025_H3N2,487,0.4781,0.4781
seqneut25to26_sera_1009_d28,A/Bangkok/P3263/2025_H3N2,plate8-A/Bangkok/P3263/2025_H3N2,1119,0.6504,0.6504
seqneut25to26_sera_1009_d28,A/Bangkok/P3263/2025_H3N2,plate8-A/Bangkok/P3263/2025_H3N2,2575,0.6236,0.6236
seqneut25to26_sera_1009_d28,A/Bangkok/P3263/2025_H3N2,plate8-A/Bangkok/P3263/2025_H3N2,5921,0.6577,0.6577
seqneut25to26_sera_1009_d28,A/Bangkok/P3263/2025_H3N2,plate8-A/Bangkok/P3263/2025_H3N2,1.362e+04,0.9043,0.9043
seqneut25to26_sera_1009_d28,A/Belgium/H0097/2025_H3N2,plate8-A/Belgium/H0097/2025_H3N2,40,0,0
seqneut25to26_sera_1009_d28,A/Belgium/H0097/2025_H3N2,plate8-A/Belgium/H0097/2025_H3N2,92,0.03371,0.03371
seqneut25to26_sera_1009_d28,A/Belgium/H0097/2025_H3N2,plate8-A/Belgium/H0097/2025_H3N2,212,0.2116,0.2116
seqneut25to26_sera_1009_d28,A/Belgium/H0097/2025_H3N2,plate8-A/Belgium/H0097/2025_H3N2,487,0.3709,0.3709
seqneut25to26_sera_1009_d28,A/Belgium/H0097/2025_H3N2,plate8-A/Belgium/H0097/2025_H3N2,1119,0.5692,0.5692
seqneut25to26_sera_1009_d28,A/Belgium/H0097/2025_H3N2,plate8-A/Belgium/H0097/2025_H3N2,2575,0.7256,0.7256
seqneut25to26_sera_1009_d28,A/Belgium/H0097/2025_H3N2,plate8-A/Belgium/H0097/2025_H3N2,5921,0.5397,0.5397
seqneut25to26_sera_1009_d28,A/Belgium/H0097/2025_H3N2,plate8-A/Belgium/H0097/2025_H3N2,1.362e+04,0.8888,0.8888
seqneut25to26_sera_1009_d28,A/Bhutan/1267/2025_H3N2,plate8-A/Bhutan/1267/2025_H3N2,40,0.02172,0.02172
seqneut25to26_sera_1009_d28,A/Bhutan/1267/2025_H3N2,plate8-A/Bhutan/1267/2025_H3N2,92,0.1494,0.1494
seqneut25to26_sera_1009_d28,A/Bhutan/1267/2025_H3N2,plate8-A/Bhutan/1267/2025_H3N2,212,0.3449,0.3449
seqneut25to26_sera_1009_d28,A/Bhutan/1267/2025_H3N2,plate8-A/Bhutan/1267/2025_H3N2,487,0.4229,0.4229
seqneut25to26_sera_1009_d28,A/Bhutan/1267/2025_H3N2,plate8-A/Bhutan/1267/2025_H3N2,1119,0.5558,0.5558
seqneut25to26_sera_1009_d28,A/Bhutan/1267/2025_H3N2,plate8-A/Bhutan/1267/2025_H3N2,2575,0.9097,0.9097
seqneut25to26_sera_1009_d28,A/Bhutan/1267/2025_H3N2,plate8-A/Bhutan/1267/2025_H3N2,5921,0.6011,0.6011
seqneut25to26_sera_1009_d28,A/Bhutan/1267/2025_H3N2,plate8-A/Bhutan/1267/2025_H3N2,1.362e+04,0.9568,0.9568
seqneut25to26_sera_1009_d28,A/Bhutan/7/2025_H3N2,plate8-A/Bhutan/7/2025_H3N2,40,0.01557,0.01557
seqneut25to26_sera_1009_d28,A/Bhutan/7/2025_H3N2,plate8-A/Bhutan/7/2025_H3N2,92,0.1721,0.1721
seqneut25to26_sera_1009_d28,A/Bhutan/7/2025_H3N2,plate8-A/Bhutan/7/2025_H3N2,212,0.3693,0.3693
seqneut25to26_sera_1009_d28,A/Bhutan/7/2025_H3N2,plate8-A/Bhutan/7/2025_H3N2,487,0.4705,0.4705
seqneut25to26_sera_1009_d28,A/Bhutan/7/2025_H3N2,plate8-A/Bhutan/7/2025_H3N2,1119,0.5785,0.5785
seqneut25to26_sera_1009_d28,A/Bhutan/7/2025_H3N2,plate8-A/Bhutan/7/2025_H3N2,2575,0.494,0.494
seqneut25to26_sera_1009_d28,A/Bhutan/7/2025_H3N2,plate8-A/Bhutan/7/2025_H3N2,5921,0.5753,0.5753
seqneut25to26_sera_1009_d28,A/Bhutan/7/2025_H3N2,plate8-A/Bhutan/7/2025_H3N2,1.362e+04,0.709,0.709
seqneut25to26_sera_1009_d28,A/BritishColumbia/PHL-2473/2025_H1N1,plate8-A/BritishColumbia/PHL-2473/2025_H1N1,40,0.01156,0.01156
seqneut25to26_sera_1009_d28,A/BritishColumbia/PHL-2473/2025_H1N1,plate8-A/BritishColumbia/PHL-2473/2025_H1N1,92,0.1416,0.1416
seqneut25to26_sera_1009_d28,A/BritishColumbia/PHL-2473/2025_H1N1,plate8-A/BritishColumbia/PHL-2473/2025_H1N1,212,0.6156,0.6156
seqneut25to26_sera_1009_d28,A/BritishColumbia/PHL-2473/2025_H1N1,plate8-A/BritishColumbia/PHL-2473/2025_H1N1,487,0.5547,0.5547
seqneut25to26_sera_1009_d28,A/BritishColumbia/PHL-2473/2025_H1N1,plate8-A/BritishColumbia/PHL-2473/2025_H1N1,1119,0.861,0.861
seqneut25to26_sera_1009_d28,A/BritishColumbia/PHL-2473/2025_H1N1,plate8-A/BritishColumbia/PHL-2473/2025_H1N1,2575,1.078,1
seqneut25to26_sera_1009_d28,A/BritishColumbia/PHL-2473/2025_H1N1,plate8-A/BritishColumbia/PHL-2473/2025_H1N1,5921,0.7013,0.7013
seqneut25to26_sera_1009_d28,A/BritishColumbia/PHL-2473/2025_H1N1,plate8-A/BritishColumbia/PHL-2473/2025_H1N1,1.362e+04,1.023,1
seqneut25to26_sera_1009_d28,A/California/61/2025_H3N2,plate8-A/California/61/2025_H3N2,40,0.02242,0.02242
seqneut25to26_sera_1009_d28,A/California/61/2025_H3N2,plate8-A/California/61/2025_H3N2,92,0.0919,0.0919
seqneut25to26_sera_1009_d28,A/California/61/2025_H3N2,plate8-A/California/61/2025_H3N2,212,0.453,0.453
seqneut25to26_sera_1009_d28,A/California/61/2025_H3N2,plate8-A/California/61/2025_H3N2,487,0.4386,0.4386
seqneut25to26_sera_1009_d28,A/California/61/2025_H3N2,plate8-A/California/61/2025_H3N2,1119,0.6286,0.6286
seqneut25to26_sera_1009_d28,A/California/61/2025_H3N2,plate8-A/California/61/2025_H3N2,2575,0.7054,0.7054
seqneut25to26_sera_1009_d28,A/California/61/2025_H3N2,plate8-A/California/61/2025_H3N2,5921,0.5796,0.5796
seqneut25to26_sera_1009_d28,A/California/61/2025_H3N2,plate8-A/California/61/2025_H3N2,1.362e+04,0.8341,0.8341
seqneut25to26_sera_1009_d28,A/California/63/2025_H1N1,plate8-A/California/63/2025_H1N1,40,0.002903,0.002903
seqneut25to26_sera_1009_d28,A/California/63/2025_H1N1,plate8-A/California/63/2025_H1N1,92,0.08336,0.08336
seqneut25to26_sera_1009_d28,A/California/63/2025_H1N1,plate8-A/California/63/2025_H1N1,212,0.6354,0.6354
seqneut25to26_sera_1009_d28,A/California/63/2025_H1N1,plate8-A/California/63/2025_H1N1,487,0.9231,0.9231
seqneut25to26_sera_1009_d28,A/California/63/2025_H1N1,plate8-A/California/63/2025_H1N1,1119,0.9129,0.9129
seqneut25to26_sera_1009_d28,A/California/63/2025_H1N1,plate8-A/California/63/2025_H1N1,2575,0.9433,0.9433
seqneut25to26_sera_1009_d28,A/California/63/2025_H1N1,plate8-A/California/63/2025_H1N1,5921,0.6493,0.6493
seqneut25to26_sera_1009_d28,A/California/63/2025_H1N1,plate8-A/California/63/2025_H1N1,1.362e+04,1.084,1
seqneut25to26_sera_1009_d28,A/Canberra/465/2025_H1N1,plate8-A/Canberra/465/2025_H1N1,40,0.001619,0.001619
seqneut25to26_sera_1009_d28,A/Canberra/465/2025_H1N1,plate8-A/Canberra/465/2025_H1N1,92,0.1983,0.1983
seqneut25to26_sera_1009_d28,A/Canberra/465/2025_H1N1,plate8-A/Canberra/465/2025_H1N1,212,0.4714,0.4714
seqneut25to26_sera_1009_d28,A/Canberra/465/2025_H1N1,plate8-A/Canberra/465/2025_H1N1,487,0.5427,0.5427
seqneut25to26_sera_1009_d28,A/Canberra/465/2025_H1N1,plate8-A/Canberra/465/2025_H1N1,1119,0.7461,0.7461
seqneut25to26_sera_1009_d28,A/Canberra/465/2025_H1N1,plate8-A/Canberra/465/2025_H1N1,2575,0.8484,0.8484
seqneut25to26_sera_1009_d28,A/Canberra/465/2025_H1N1,plate8-A/Canberra/465/2025_H1N1,5921,0.6619,0.6619
seqneut25to26_sera_1009_d28,A/Canberra/465/2025_H1N1,plate8-A/Canberra/465/2025_H1N1,1.362e+04,1.163,1
seqneut25to26_sera_1009_d28,A/Canberra/530/2025_H1N1,plate8-A/Canberra/530/2025_H1N1,40,0.003565,0.003565
seqneut25to26_sera_1009_d28,A/Canberra/530/2025_H1N1,plate8-A/Canberra/530/2025_H1N1,92,0.1457,0.1457
seqneut25to26_sera_1009_d28,A/Canberra/530/2025_H1N1,plate8-A/Canberra/530/2025_H1N1,212,0.5178,0.5178
seqneut25to26_sera_1009_d28,A/Canberra/530/2025_H1N1,plate8-A/Canberra/530/2025_H1N1,487,0.5944,0.5944
seqneut25to26_sera_1009_d28,A/Canberra/530/2025_H1N1,plate8-A/Canberra/530/2025_H1N1,1119,0.7883,0.7883
seqneut25to26_sera_1009_d28,A/Canberra/530/2025_H1N1,plate8-A/Canberra/530/2025_H1N1,2575,0.9407,0.9407
seqneut25to26_sera_1009_d28,A/Canberra/530/2025_H1N1,plate8-A/Canberra/530/2025_H1N1,5921,0.6471,0.6471
seqneut25to26_sera_1009_d28,A/Canberra/530/2025_H1N1,plate8-A/Canberra/530/2025_H1N1,1.362e+04,1.057,1
seqneut25to26_sera_1009_d28,A/Catalonia/NSVH102689455/2025_H1N1,plate8-A/Catalonia/NSVH102689455/2025_H1N1,40,0.06609,0.06609
seqneut25to26_sera_1009_d28,A/Catalonia/NSVH102689455/2025_H1N1,plate8-A/Catalonia/NSVH102689455/2025_H1N1,92,0.294,0.294
seqneut25to26_sera_1009_d28,A/Catalonia/NSVH102689455/2025_H1N1,plate8-A/Catalonia/NSVH102689455/2025_H1N1,212,0.7737,0.7737
seqneut25to26_sera_1009_d28,A/Catalonia/NSVH102689455/2025_H1N1,plate8-A/Catalonia/NSVH102689455/2025_H1N1,487,0.6463,0.6463
seqneut25to26_sera_1009_d28,A/Catalonia/NSVH102689455/2025_H1N1,plate8-A/Catalonia/NSVH102689455/2025_H1N1,1119,1.068,1
seqneut25to26_sera_1009_d28,A/Catalonia/NSVH102689455/2025_H1N1,plate8-A/Catalonia/NSVH102689455/2025_H1N1,2575,0.9603,0.9603
seqneut25to26_sera_1009_d28,A/Catalonia/NSVH102689455/2025_H1N1,plate8-A/Catalonia/NSVH102689455/2025_H1N1,5921,0.6283,0.6283
seqneut25to26_sera_1009_d28,A/Catalonia/NSVH102689455/2025_H1N1,plate8-A/Catalonia/NSVH102689455/2025_H1N1,1.362e+04,0.9093,0.9093
seqneut25to26_sera_1009_d28,A/Colorado/105/2025_H1N1,plate8-A/Colorado/105/2025_H1N1,40,0.0476,0.0476
seqneut25to26_sera_1009_d28,A/Colorado/105/2025_H1N1,plate8-A/Colorado/105/2025_H1N1,92,0.2842,0.2842
seqneut25to26_sera_1009_d28,A/Colorado/105/2025_H1N1,plate8-A/Colorado/105/2025_H1N1,212,0.7509,0.7509
seqneut25to26_sera_1009_d28,A/Colorado/105/2025_H1N1,plate8-A/Colorado/105/2025_H1N1,487,0.5731,0.5731
seqneut25to26_sera_1009_d28,A/Colorado/105/2025_H1N1,plate8-A/Colorado/105/2025_H1N1,1119,0.9943,0.9943
seqneut25to26_sera_1009_d28,A/Colorado/105/2025_H1N1,plate8-A/Colorado/105/2025_H1N1,2575,1.173,1
seqneut25to26_sera_1009_d28,A/Colorado/105/2025_H1N1,plate8-A/Colorado/105/2025_H1N1,5921,0.846,0.846
seqneut25to26_sera_1009_d28,A/Colorado/105/2025_H1N1,plate8-A/Colorado/105/2025_H1N1,1.362e+04,1.036,1
seqneut25to26_sera_1009_d28,A/CoteDIvoire/2007/2025_H1N1,plate8-A/CoteDIvoire/2007/2025_H1N1,40,0.002619,0.002619
seqneut25to26_sera_1009_d28,A/CoteDIvoire/2007/2025_H1N1,plate8-A/CoteDIvoire/2007/2025_H1N1,92,0.09066,0.09066
seqneut25to26_sera_1009_d28,A/CoteDIvoire/2007/2025_H1N1,plate8-A/CoteDIvoire/2007/2025_H1N1,212,0.5445,0.5445
seqneut25to26_sera_1009_d28,A/CoteDIvoire/2007/2025_H1N1,plate8-A/CoteDIvoire/2007/2025_H1N1,487,0.4811,0.4811
seqneut25to26_sera_1009_d28,A/CoteDIvoire/2007/2025_H1N1,plate8-A/CoteDIvoire/2007/2025_H1N1,1119,0.8106,0.8106
seqneut25to26_sera_1009_d28,A/CoteDIvoire/2007/2025_H1N1,plate8-A/CoteDIvoire/2007/2025_H1N1,2575,0.9861,0.9861
seqneut25to26_sera_1009_d28,A/CoteDIvoire/2007/2025_H1N1,plate8-A/CoteDIvoire/2007/2025_H1N1,5921,0.7559,0.7559
seqneut25to26_sera_1009_d28,A/CoteDIvoire/2007/2025_H1N1,plate8-A/CoteDIvoire/2007/2025_H1N1,1.362e+04,1.265,1
seqneut25to26_sera_1009_d28,A/Croatia/10136RV/2023-egg_H3N2,plate8-A/Croatia/10136RV/2023-egg_H3N2,40,0.0015,0.0015
seqneut25to26_sera_1009_d28,A/Croatia/10136RV/2023-egg_H3N2,plate8-A/Croatia/10136RV/2023-egg_H3N2,92,0.03984,0.03984
seqneut25to26_sera_1009_d28,A/Croatia/10136RV/2023-egg_H3N2,plate8-A/Croatia/10136RV/2023-egg_H3N2,212,0.0217,0.0217
seqneut25to26_sera_1009_d28,A/Croatia/10136RV/2023-egg_H3N2,plate8-A/Croatia/10136RV/2023-egg_H3N2,487,0.03231,0.03231
seqneut25to26_sera_1009_d28,A/Croatia/10136RV/2023-egg_H3N2,plate8-A/Croatia/10136RV/2023-egg_H3N2,1119,0.07645,0.07645
seqneut25to26_sera_1009_d28,A/Croatia/10136RV/2023-egg_H3N2,plate8-A/Croatia/10136RV/2023-egg_H3N2,2575,0.2553,0.2553
seqneut25to26_sera_1009_d28,A/Croatia/10136RV/2023-egg_H3N2,plate8-A/Croatia/10136RV/2023-egg_H3N2,5921,0.3955,0.3955
seqneut25to26_sera_1009_d28,A/Croatia/10136RV/2023-egg_H3N2,plate8-A/Croatia/10136RV/2023-egg_H3N2,1.362e+04,0.69,0.69
seqneut25to26_sera_1009_d28,A/Darwin/1405/2025_H1N1,plate8-A/Darwin/1405/2025_H1N1,40,0.005627,0.005627
seqneut25to26_sera_1009_d28,A/Darwin/1405/2025_H1N1,plate8-A/Darwin/1405/2025_H1N1,92,0.1884,0.1884
seqneut25to26_sera_1009_d28,A/Darwin/1405/2025_H1N1,plate8-A/Darwin/1405/2025_H1N1,212,0.5132,0.5132
seqneut25to26_sera_1009_d28,A/Darwin/1405/2025_H1N1,plate8-A/Darwin/1405/2025_H1N1,487,0.5589,0.5589
seqneut25to26_sera_1009_d28,A/Darwin/1405/2025_H1N1,plate8-A/Darwin/1405/2025_H1N1,1119,0.8202,0.8202
seqneut25to26_sera_1009_d28,A/Darwin/1405/2025_H1N1,plate8-A/Darwin/1405/2025_H1N1,2575,0.879,0.879
seqneut25to26_sera_1009_d28,A/Darwin/1405/2025_H1N1,plate8-A/Darwin/1405/2025_H1N1,5921,0.6863,0.6863
seqneut25to26_sera_1009_d28,A/Darwin/1405/2025_H1N1,plate8-A/Darwin/1405/2025_H1N1,1.362e+04,1.058,1
seqneut25to26_sera_1009_d28,A/Darwin/1461/2025_H3N2,plate8-A/Darwin/1461/2025_H3N2,40,0.04316,0.04316
seqneut25to26_sera_1009_d28,A/Darwin/1461/2025_H3N2,plate8-A/Darwin/1461/2025_H3N2,92,0.05534,0.05534
seqneut25to26_sera_1009_d28,A/Darwin/1461/2025_H3N2,plate8-A/Darwin/1461/2025_H3N2,212,0.1645,0.1645
seqneut25to26_sera_1009_d28,A/Darwin/1461/2025_H3N2,plate8-A/Darwin/1461/2025_H3N2,487,0.538,0.538
seqneut25to26_sera_1009_d28,A/Darwin/1461/2025_H3N2,plate8-A/Darwin/1461/2025_H3N2,1119,0.5818,0.5818
seqneut25to26_sera_1009_d28,A/Darwin/1461/2025_H3N2,plate8-A/Darwin/1461/2025_H3N2,2575,0.847,0.847
seqneut25to26_sera_1009_d28,A/Darwin/1461/2025_H3N2,plate8-A/Darwin/1461/2025_H3N2,5921,0.6069,0.6069
seqneut25to26_sera_1009_d28,A/Darwin/1461/2025_H3N2,plate8-A/Darwin/1461/2025_H3N2,1.362e+04,1.16,1
seqneut25to26_sera_1009_d28,A/Denmark/3070/2025_H1N1,plate8-A/Denmark/3070/2025_H1N1,40,0.009554,0.009554
seqneut25to26_sera_1009_d28,A/Denmark/3070/2025_H1N1,plate8-A/Denmark/3070/2025_H1N1,92,0.01961,0.01961
seqneut25to26_sera_1009_d28,A/Denmark/3070/2025_H1N1,plate8-A/Denmark/3070/2025_H1N1,212,0.4292,0.4292
seqneut25to26_sera_1009_d28,A/Denmark/3070/2025_H1N1,plate8-A/Denmark/3070/2025_H1N1,487,0.6099,0.6099
seqneut25to26_sera_1009_d28,A/Denmark/3070/2025_H1N1,plate8-A/Denmark/3070/2025_H1N1,1119,1.016,1
seqneut25to26_sera_1009_d28,A/Denmark/3070/2025_H1N1,plate8-A/Denmark/3070/2025_H1N1,2575,1.154,1
seqneut25to26_sera_1009_d28,A/Denmark/3070/2025_H1N1,plate8-A/Denmark/3070/2025_H1N1,5921,0.7135,0.7135
seqneut25to26_sera_1009_d28,A/Denmark/3070/2025_H1N1,plate8-A/Denmark/3070/2025_H1N1,1.362e+04,1.165,1
seqneut25to26_sera_1009_d28,A/DistrictOfColumbia/27/2023_H3N2,plate8-A/DistrictOfColumbia/27/2023_H3N2,40,0.003622,0.003622
seqneut25to26_sera_1009_d28,A/DistrictOfColumbia/27/2023_H3N2,plate8-A/DistrictOfColumbia/27/2023_H3N2,92,0.08277,0.08277
seqneut25to26_sera_1009_d28,A/DistrictOfColumbia/27/2023_H3N2,plate8-A/DistrictOfColumbia/27/2023_H3N2,212,0.3277,0.3277
seqneut25to26_sera_1009_d28,A/DistrictOfColumbia/27/2023_H3N2,plate8-A/DistrictOfColumbia/27/2023_H3N2,487,0.5091,0.5091
seqneut25to26_sera_1009_d28,A/DistrictOfColumbia/27/2023_H3N2,plate8-A/DistrictOfColumbia/27/2023_H3N2,1119,0.4565,0.4565
seqneut25to26_sera_1009_d28,A/DistrictOfColumbia/27/2023_H3N2,plate8-A/DistrictOfColumbia/27/2023_H3N2,2575,0.6856,0.6856
seqneut25to26_sera_1009_d28,A/DistrictOfColumbia/27/2023_H3N2,plate8-A/DistrictOfColumbia/27/2023_H3N2,5921,0.5818,0.5818
seqneut25to26_sera_1009_d28,A/DistrictOfColumbia/27/2023_H3N2,plate8-A/DistrictOfColumbia/27/2023_H3N2,1.362e+04,0.9045,0.9045
seqneut25to26_sera_1009_d28,A/DistrictOfColumbia/57/2025_H3N2,plate8-A/DistrictOfColumbia/57/2025_H3N2,40,0.02804,0.02804
seqneut25to26_sera_1009_d28,A/DistrictOfColumbia/57/2025_H3N2,plate8-A/DistrictOfColumbia/57/2025_H3N2,92,0.1763,0.1763
seqneut25to26_sera_1009_d28,A/DistrictOfColumbia/57/2025_H3N2,plate8-A/DistrictOfColumbia/57/2025_H3N2,212,0.5099,0.5099
seqneut25to26_sera_1009_d28,A/DistrictOfColumbia/57/2025_H3N2,plate8-A/DistrictOfColumbia/57/2025_H3N2,487,0.512,0.512
seqneut25to26_sera_1009_d28,A/DistrictOfColumbia/57/2025_H3N2,plate8-A/DistrictOfColumbia/57/2025_H3N2,1119,0.6804,0.6804
seqneut25to26_sera_1009_d28,A/DistrictOfColumbia/57/2025_H3N2,plate8-A/DistrictOfColumbia/57/2025_H3N2,2575,0.7794,0.7794
seqneut25to26_sera_1009_d28,A/DistrictOfColumbia/57/2025_H3N2,plate8-A/DistrictOfColumbia/57/2025_H3N2,5921,0.5172,0.5172
seqneut25to26_sera_1009_d28,A/DistrictOfColumbia/57/2025_H3N2,plate8-A/DistrictOfColumbia/57/2025_H3N2,1.362e+04,1.028,1
seqneut25to26_sera_1009_d28,A/DistritoFederal/250106000728/2025_H3N2,plate8-A/DistritoFederal/250106000728/2025_H3N2,40,0.07274,0.07274
seqneut25to26_sera_1009_d28,A/DistritoFederal/250106000728/2025_H3N2,plate8-A/DistritoFederal/250106000728/2025_H3N2,92,0.2318,0.2318
seqneut25to26_sera_1009_d28,A/DistritoFederal/250106000728/2025_H3N2,plate8-A/DistritoFederal/250106000728/2025_H3N2,212,0.4453,0.4453
seqneut25to26_sera_1009_d28,A/DistritoFederal/250106000728/2025_H3N2,plate8-A/DistritoFederal/250106000728/2025_H3N2,487,0.4465,0.4465
seqneut25to26_sera_1009_d28,A/DistritoFederal/250106000728/2025_H3N2,plate8-A/DistritoFederal/250106000728/2025_H3N2,1119,0.4682,0.4682
seqneut25to26_sera_1009_d28,A/DistritoFederal/250106000728/2025_H3N2,plate8-A/DistritoFederal/250106000728/2025_H3N2,2575,0.7181,0.7181
seqneut25to26_sera_1009_d28,A/DistritoFederal/250106000728/2025_H3N2,plate8-A/DistritoFederal/250106000728/2025_H3N2,5921,0.5527,0.5527
seqneut25to26_sera_1009_d28,A/DistritoFederal/250106000728/2025_H3N2,plate8-A/DistritoFederal/250106000728/2025_H3N2,1.362e+04,0.7483,0.7483
seqneut25to26_sera_1009_d28,A/DistritoFederal/2578578201/2025_H3N2,plate8-A/DistritoFederal/2578578201/2025_H3N2,40,0.009458,0.009458
seqneut25to26_sera_1009_d28,A/DistritoFederal/2578578201/2025_H3N2,plate8-A/DistritoFederal/2578578201/2025_H3N2,92,0.147,0.147
seqneut25to26_sera_1009_d28,A/DistritoFederal/2578578201/2025_H3N2,plate8-A/DistritoFederal/2578578201/2025_H3N2,212,0.4436,0.4436
seqneut25to26_sera_1009_d28,A/DistritoFederal/2578578201/2025_H3N2,plate8-A/DistritoFederal/2578578201/2025_H3N2,487,0.435,0.435
seqneut25to26_sera_1009_d28,A/DistritoFederal/2578578201/2025_H3N2,plate8-A/DistritoFederal/2578578201/2025_H3N2,1119,0.6626,0.6626
seqneut25to26_sera_1009_d28,A/DistritoFederal/2578578201/2025_H3N2,plate8-A/DistritoFederal/2578578201/2025_H3N2,2575,0.6352,0.6352
seqneut25to26_sera_1009_d28,A/DistritoFederal/2578578201/2025_H3N2,plate8-A/DistritoFederal/2578578201/2025_H3N2,5921,0.6733,0.6733
seqneut25to26_sera_1009_d28,A/DistritoFederal/2578578201/2025_H3N2,plate8-A/DistritoFederal/2578578201/2025_H3N2,1.362e+04,0.8621,0.8621
seqneut25to26_sera_1009_d28,A/England/174/2025_H3N2,plate8-A/England/174/2025_H3N2,40,0.002104,0.002104
seqneut25to26_sera_1009_d28,A/England/174/2025_H3N2,plate8-A/England/174/2025_H3N2,92,0.007453,0.007453
seqneut25to26_sera_1009_d28,A/England/174/2025_H3N2,plate8-A/England/174/2025_H3N2,212,0.1867,0.1867
seqneut25to26_sera_1009_d28,A/England/174/2025_H3N2,plate8-A/England/174/2025_H3N2,487,0.4954,0.4954
seqneut25to26_sera_1009_d28,A/England/174/2025_H3N2,plate8-A/England/174/2025_H3N2,1119,0.5802,0.5802
seqneut25to26_sera_1009_d28,A/England/174/2025_H3N2,plate8-A/England/174/2025_H3N2,2575,0.8057,0.8057
seqneut25to26_sera_1009_d28,A/England/174/2025_H3N2,plate8-A/England/174/2025_H3N2,5921,0.4833,0.4833
seqneut25to26_sera_1009_d28,A/England/174/2025_H3N2,plate8-A/England/174/2025_H3N2,1.362e+04,0.9285,0.9285
seqneut25to26_sera_1009_d28,A/England/1822256/2025_H1N1,plate8-A/England/1822256/2025_H1N1,40,0.0003397,0.0003397
seqneut25to26_sera_1009_d28,A/England/1822256/2025_H1N1,plate8-A/England/1822256/2025_H1N1,92,0.0002034,0.0002034
seqneut25to26_sera_1009_d28,A/England/1822256/2025_H1N1,plate8-A/England/1822256/2025_H1N1,212,0.01295,0.01295
seqneut25to26_sera_1009_d28,A/England/1822256/2025_H1N1,plate8-A/England/1822256/2025_H1N1,487,0.1516,0.1516
seqneut25to26_sera_1009_d28,A/England/1822256/2025_H1N1,plate8-A/England/1822256/2025_H1N1,1119,0.6065,0.6065
seqneut25to26_sera_1009_d28,A/England/1822256/2025_H1N1,plate8-A/England/1822256/2025_H1N1,2575,0.6919,0.6919
seqneut25to26_sera_1009_d28,A/England/1822256/2025_H1N1,plate8-A/England/1822256/2025_H1N1,5921,0.5997,0.5997
seqneut25to26_sera_1009_d28,A/England/1822256/2025_H1N1,plate8-A/England/1822256/2025_H1N1,1.362e+04,1.01,1
seqneut25to26_sera_1009_d28,A/England/1837734/2025_H3N2,plate8-A/England/1837734/2025_H3N2,40,0.04032,0.04032
seqneut25to26_sera_1009_d28,A/England/1837734/2025_H3N2,plate8-A/England/1837734/2025_H3N2,92,0.2788,0.2788
seqneut25to26_sera_1009_d28,A/England/1837734/2025_H3N2,plate8-A/England/1837734/2025_H3N2,212,0.5244,0.5244
seqneut25to26_sera_1009_d28,A/England/1837734/2025_H3N2,plate8-A/England/1837734/2025_H3N2,487,0.5609,0.5609
seqneut25to26_sera_1009_d28,A/England/1837734/2025_H3N2,plate8-A/England/1837734/2025_H3N2,1119,0.6692,0.6692
seqneut25to26_sera_1009_d28,A/England/1837734/2025_H3N2,plate8-A/England/1837734/2025_H3N2,2575,0.8371,0.8371
seqneut25to26_sera_1009_d28,A/England/1837734/2025_H3N2,plate8-A/England/1837734/2025_H3N2,5921,0.7793,0.7793
seqneut25to26_sera_1009_d28,A/England/1837734/2025_H3N2,plate8-A/England/1837734/2025_H3N2,1.362e+04,1.038,1
seqneut25to26_sera_1009_d28,A/England/1837737/2025_H3N2,plate8-A/England/1837737/2025_H3N2,40,0.05202,0.05202
seqneut25to26_sera_1009_d28,A/England/1837737/2025_H3N2,plate8-A/England/1837737/2025_H3N2,92,0.1466,0.1466
seqneut25to26_sera_1009_d28,A/England/1837737/2025_H3N2,plate8-A/England/1837737/2025_H3N2,212,0.334,0.334
seqneut25to26_sera_1009_d28,A/England/1837737/2025_H3N2,plate8-A/England/1837737/2025_H3N2,487,0.3716,0.3716
seqneut25to26_sera_1009_d28,A/England/1837737/2025_H3N2,plate8-A/England/1837737/2025_H3N2,1119,0.6745,0.6745
seqneut25to26_sera_1009_d28,A/England/1837737/2025_H3N2,plate8-A/England/1837737/2025_H3N2,2575,0.5559,0.5559
seqneut25to26_sera_1009_d28,A/England/1837737/2025_H3N2,plate8-A/England/1837737/2025_H3N2,5921,0.4719,0.4719
seqneut25to26_sera_1009_d28,A/England/1837737/2025_H3N2,plate8-A/England/1837737/2025_H3N2,1.362e+04,0.7982,0.7982
seqneut25to26_sera_1009_d28,A/France/ARA-HCL025155099501/2025_H1N1,plate8-A/France/ARA-HCL025155099501/2025_H1N1,40,0.008814,0.008814
seqneut25to26_sera_1009_d28,A/France/ARA-HCL025155099501/2025_H1N1,plate8-A/France/ARA-HCL025155099501/2025_H1N1,92,0.2689,0.2689
seqneut25to26_sera_1009_d28,A/France/ARA-HCL025155099501/2025_H1N1,plate8-A/France/ARA-HCL025155099501/2025_H1N1,212,0.7001,0.7001
seqneut25to26_sera_1009_d28,A/France/ARA-HCL025155099501/2025_H1N1,plate8-A/France/ARA-HCL025155099501/2025_H1N1,487,0.5648,0.5648
seqneut25to26_sera_1009_d28,A/France/ARA-HCL025155099501/2025_H1N1,plate8-A/France/ARA-HCL025155099501/2025_H1N1,1119,0.8739,0.8739
seqneut25to26_sera_1009_d28,A/France/ARA-HCL025155099501/2025_H1N1,plate8-A/France/ARA-HCL025155099501/2025_H1N1,2575,0.8539,0.8539
seqneut25to26_sera_1009_d28,A/France/ARA-HCL025155099501/2025_H1N1,plate8-A/France/ARA-HCL025155099501/2025_H1N1,5921,0.5885,0.5885
seqneut25to26_sera_1009_d28,A/France/ARA-HCL025155099501/2025_H1N1,plate8-A/France/ARA-HCL025155099501/2025_H1N1,1.362e+04,1.088,1
seqneut25to26_sera_1009_d28,A/Galicia/GA-CHUAC-451/2025_H3N2,plate8-A/Galicia/GA-CHUAC-451/2025_H3N2,40,0,0
seqneut25to26_sera_1009_d28,A/Galicia/GA-CHUAC-451/2025_H3N2,plate8-A/Galicia/GA-CHUAC-451/2025_H3N2,92,0.005629,0.005629
seqneut25to26_sera_1009_d28,A/Galicia/GA-CHUAC-451/2025_H3N2,plate8-A/Galicia/GA-CHUAC-451/2025_H3N2,212,0.1008,0.1008
seqneut25to26_sera_1009_d28,A/Galicia/GA-CHUAC-451/2025_H3N2,plate8-A/Galicia/GA-CHUAC-451/2025_H3N2,487,0.2695,0.2695
seqneut25to26_sera_1009_d28,A/Galicia/GA-CHUAC-451/2025_H3N2,plate8-A/Galicia/GA-CHUAC-451/2025_H3N2,1119,0.5682,0.5682
seqneut25to26_sera_1009_d28,A/Galicia/GA-CHUAC-451/2025_H3N2,plate8-A/Galicia/GA-CHUAC-451/2025_H3N2,2575,0.8044,0.8044
seqneut25to26_sera_1009_d28,A/Galicia/GA-CHUAC-451/2025_H3N2,plate8-A/Galicia/GA-CHUAC-451/2025_H3N2,5921,0.5095,0.5095
seqneut25to26_sera_1009_d28,A/Galicia/GA-CHUAC-451/2025_H3N2,plate8-A/Galicia/GA-CHUAC-451/2025_H3N2,1.362e+04,0.9047,0.9047
seqneut25to26_sera_1009_d28,A/Ghana/ARI-25-1125/2025_H1N1,plate8-A/Ghana/ARI-25-1125/2025_H1N1,40,0.0006038,0.0006038
seqneut25to26_sera_1009_d28,A/Ghana/ARI-25-1125/2025_H1N1,plate8-A/Ghana/ARI-25-1125/2025_H1N1,92,0.0003635,0.0003635
seqneut25to26_sera_1009_d28,A/Ghana/ARI-25-1125/2025_H1N1,plate8-A/Ghana/ARI-25-1125/2025_H1N1,212,0.003771,0.003771
seqneut25to26_sera_1009_d28,A/Ghana/ARI-25-1125/2025_H1N1,plate8-A/Ghana/ARI-25-1125/2025_H1N1,487,0.1442,0.1442
seqneut25to26_sera_1009_d28,A/Ghana/ARI-25-1125/2025_H1N1,plate8-A/Ghana/ARI-25-1125/2025_H1N1,1119,0.5995,0.5995
seqneut25to26_sera_1009_d28,A/Ghana/ARI-25-1125/2025_H1N1,plate8-A/Ghana/ARI-25-1125/2025_H1N1,2575,0.6818,0.6818
seqneut25to26_sera_1009_d28,A/Ghana/ARI-25-1125/2025_H1N1,plate8-A/Ghana/ARI-25-1125/2025_H1N1,5921,0.7307,0.7307
seqneut25to26_sera_1009_d28,A/Ghana/ARI-25-1125/2025_H1N1,plate8-A/Ghana/ARI-25-1125/2025_H1N1,1.362e+04,1.165,1
seqneut25to26_sera_1009_d28,A/Ghana/FS-25-7077/2025_H3N2,plate8-A/Ghana/FS-25-7077/2025_H3N2,40,0.05731,0.05731
seqneut25to26_sera_1009_d28,A/Ghana/FS-25-7077/2025_H3N2,plate8-A/Ghana/FS-25-7077/2025_H3N2,92,0.2488,0.2488
seqneut25to26_sera_1009_d28,A/Ghana/FS-25-7077/2025_H3N2,plate8-A/Ghana/FS-25-7077/2025_H3N2,212,0.3297,0.3297
seqneut25to26_sera_1009_d28,A/Ghana/FS-25-7077/2025_H3N2,plate8-A/Ghana/FS-25-7077/2025_H3N2,487,0.3968,0.3968
seqneut25to26_sera_1009_d28,A/Ghana/FS-25-7077/2025_H3N2,plate8-A/Ghana/FS-25-7077/2025_H3N2,1119,0.5994,0.5994
seqneut25to26_sera_1009_d28,A/Ghana/FS-25-7077/2025_H3N2,plate8-A/Ghana/FS-25-7077/2025_H3N2,2575,0.7181,0.7181
seqneut25to26_sera_1009_d28,A/Ghana/FS-25-7077/2025_H3N2,plate8-A/Ghana/FS-25-7077/2025_H3N2,5921,0.6836,0.6836
seqneut25to26_sera_1009_d28,A/Ghana/FS-25-7077/2025_H3N2,plate8-A/Ghana/FS-25-7077/2025_H3N2,1.362e+04,0.7935,0.7935
seqneut25to26_sera_1009_d28,A/Guangdong-Maonan/11438/2025_H3N2,plate8-A/Guangdong-Maonan/11438/2025_H3N2,40,0,0
seqneut25to26_sera_1009_d28,A/Guangdong-Maonan/11438/2025_H3N2,plate8-A/Guangdong-Maonan/11438/2025_H3N2,92,0.001253,0.001253
seqneut25to26_sera_1009_d28,A/Guangdong-Maonan/11438/2025_H3N2,plate8-A/Guangdong-Maonan/11438/2025_H3N2,212,0.06145,0.06145
seqneut25to26_sera_1009_d28,A/Guangdong-Maonan/11438/2025_H3N2,plate8-A/Guangdong-Maonan/11438/2025_H3N2,487,0.1689,0.1689
seqneut25to26_sera_1009_d28,A/Guangdong-Maonan/11438/2025_H3N2,plate8-A/Guangdong-Maonan/11438/2025_H3N2,1119,0.4789,0.4789
seqneut25to26_sera_1009_d28,A/Guangdong-Maonan/11438/2025_H3N2,plate8-A/Guangdong-Maonan/11438/2025_H3N2,2575,0.5771,0.5771
seqneut25to26_sera_1009_d28,A/Guangdong-Maonan/11438/2025_H3N2,plate8-A/Guangdong-Maonan/11438/2025_H3N2,5921,0.7717,0.7717
seqneut25to26_sera_1009_d28,A/Guangdong-Maonan/11438/2025_H3N2,plate8-A/Guangdong-Maonan/11438/2025_H3N2,1.362e+04,0.8011,0.8011
seqneut25to26_sera_1009_d28,A/Guangdong-Meijiang/11256/2025_H3N2,plate8-A/Guangdong-Meijiang/11256/2025_H3N2,40,0,0
seqneut25to26_sera_1009_d28,A/Guangdong-Meijiang/11256/2025_H3N2,plate8-A/Guangdong-Meijiang/11256/2025_H3N2,92,0.01062,0.01062
seqneut25to26_sera_1009_d28,A/Guangdong-Meijiang/11256/2025_H3N2,plate8-A/Guangdong-Meijiang/11256/2025_H3N2,212,0.08883,0.08883
seqneut25to26_sera_1009_d28,A/Guangdong-Meijiang/11256/2025_H3N2,plate8-A/Guangdong-Meijiang/11256/2025_H3N2,487,0.2845,0.2845
seqneut25to26_sera_1009_d28,A/Guangdong-Meijiang/11256/2025_H3N2,plate8-A/Guangdong-Meijiang/11256/2025_H3N2,1119,0.6811,0.6811
seqneut25to26_sera_1009_d28,A/Guangdong-Meijiang/11256/2025_H3N2,plate8-A/Guangdong-Meijiang/11256/2025_H3N2,2575,0.5622,0.5622
seqneut25to26_sera_1009_d28,A/Guangdong-Meijiang/11256/2025_H3N2,plate8-A/Guangdong-Meijiang/11256/2025_H3N2,5921,0.5347,0.5347
seqneut25to26_sera_1009_d28,A/Guangdong-Meijiang/11256/2025_H3N2,plate8-A/Guangdong-Meijiang/11256/2025_H3N2,1.362e+04,0.7378,0.7378
seqneut25to26_sera_1009_d28,A/Guangxi-Daxin/1643/2025_H3N2,plate8-A/Guangxi-Daxin/1643/2025_H3N2,40,0,0
seqneut25to26_sera_1009_d28,A/Guangxi-Daxin/1643/2025_H3N2,plate8-A/Guangxi-Daxin/1643/2025_H3N2,92,0.04802,0.04802
seqneut25to26_sera_1009_d28,A/Guangxi-Daxin/1643/2025_H3N2,plate8-A/Guangxi-Daxin/1643/2025_H3N2,212,0.1308,0.1308
seqneut25to26_sera_1009_d28,A/Guangxi-Daxin/1643/2025_H3N2,plate8-A/Guangxi-Daxin/1643/2025_H3N2,487,0.2816,0.2816
seqneut25to26_sera_1009_d28,A/Guangxi-Daxin/1643/2025_H3N2,plate8-A/Guangxi-Daxin/1643/2025_H3N2,1119,0.5241,0.5241
seqneut25to26_sera_1009_d28,A/Guangxi-Daxin/1643/2025_H3N2,plate8-A/Guangxi-Daxin/1643/2025_H3N2,2575,0.5422,0.5422
seqneut25to26_sera_1009_d28,A/Guangxi-Daxin/1643/2025_H3N2,plate8-A/Guangxi-Daxin/1643/2025_H3N2,5921,0.4548,0.4548
seqneut25to26_sera_1009_d28,A/Guangxi-Daxin/1643/2025_H3N2,plate8-A/Guangxi-Daxin/1643/2025_H3N2,1.362e+04,0.7364,0.7364
seqneut25to26_sera_1009_d28,A/Guangxi-Qingxiu/SWL11742/2025_H1N1,plate8-A/Guangxi-Qingxiu/SWL11742/2025_H1N1,40,0.000969,0.000969
seqneut25to26_sera_1009_d28,A/Guangxi-Qingxiu/SWL11742/2025_H1N1,plate8-A/Guangxi-Qingxiu/SWL11742/2025_H1N1,92,0.08827,0.08827
seqneut25to26_sera_1009_d28,A/Guangxi-Qingxiu/SWL11742/2025_H1N1,plate8-A/Guangxi-Qingxiu/SWL11742/2025_H1N1,212,0.458,0.458
seqneut25to26_sera_1009_d28,A/Guangxi-Qingxiu/SWL11742/2025_H1N1,plate8-A/Guangxi-Qingxiu/SWL11742/2025_H1N1,487,0.4376,0.4376
seqneut25to26_sera_1009_d28,A/Guangxi-Qingxiu/SWL11742/2025_H1N1,plate8-A/Guangxi-Qingxiu/SWL11742/2025_H1N1,1119,0.8754,0.8754
seqneut25to26_sera_1009_d28,A/Guangxi-Qingxiu/SWL11742/2025_H1N1,plate8-A/Guangxi-Qingxiu/SWL11742/2025_H1N1,2575,0.9742,0.9742
seqneut25to26_sera_1009_d28,A/Guangxi-Qingxiu/SWL11742/2025_H1N1,plate8-A/Guangxi-Qingxiu/SWL11742/2025_H1N1,5921,0.6912,0.6912
seqneut25to26_sera_1009_d28,A/Guangxi-Qingxiu/SWL11742/2025_H1N1,plate8-A/Guangxi-Qingxiu/SWL11742/2025_H1N1,1.362e+04,0.9673,0.9673
seqneut25to26_sera_1009_d28,A/Hawaii/44/2025_H1N1,plate8-A/Hawaii/44/2025_H1N1,40,0.0001764,0.0001764
seqneut25to26_sera_1009_d28,A/Hawaii/44/2025_H1N1,plate8-A/Hawaii/44/2025_H1N1,92,0.05905,0.05905
seqneut25to26_sera_1009_d28,A/Hawaii/44/2025_H1N1,plate8-A/Hawaii/44/2025_H1N1,212,0.3995,0.3995
seqneut25to26_sera_1009_d28,A/Hawaii/44/2025_H1N1,plate8-A/Hawaii/44/2025_H1N1,487,0.5824,0.5824
seqneut25to26_sera_1009_d28,A/Hawaii/44/2025_H1N1,plate8-A/Hawaii/44/2025_H1N1,1119,0.8899,0.8899
seqneut25to26_sera_1009_d28,A/Hawaii/44/2025_H1N1,plate8-A/Hawaii/44/2025_H1N1,2575,0.8822,0.8822
seqneut25to26_sera_1009_d28,A/Hawaii/44/2025_H1N1,plate8-A/Hawaii/44/2025_H1N1,5921,0.7449,0.7449
seqneut25to26_sera_1009_d28,A/Hawaii/44/2025_H1N1,plate8-A/Hawaii/44/2025_H1N1,1.362e+04,1.062,1
seqneut25to26_sera_1009_d28,A/Hawaii/70/2019_H1N1,plate8-A/Hawaii/70/2019_H1N1,40,0.0002821,0.0002821
seqneut25to26_sera_1009_d28,A/Hawaii/70/2019_H1N1,plate8-A/Hawaii/70/2019_H1N1,92,0.0002289,0.0002289
seqneut25to26_sera_1009_d28,A/Hawaii/70/2019_H1N1,plate8-A/Hawaii/70/2019_H1N1,212,0.001211,0.001211
seqneut25to26_sera_1009_d28,A/Hawaii/70/2019_H1N1,plate8-A/Hawaii/70/2019_H1N1,487,0.001533,0.001533
seqneut25to26_sera_1009_d28,A/Hawaii/70/2019_H1N1,plate8-A/Hawaii/70/2019_H1N1,1119,0.1639,0.1639
seqneut25to26_sera_1009_d28,A/Hawaii/70/2019_H1N1,plate8-A/Hawaii/70/2019_H1N1,2575,0.4393,0.4393
seqneut25to26_sera_1009_d28,A/Hawaii/70/2019_H1N1,plate8-A/Hawaii/70/2019_H1N1,5921,0.4404,0.4404
seqneut25to26_sera_1009_d28,A/Hawaii/70/2019_H1N1,plate8-A/Hawaii/70/2019_H1N1,1.362e+04,0.9455,0.9455
seqneut25to26_sera_1009_d28,A/HongKong/1257/2025_H3N2,plate8-A/HongKong/1257/2025_H3N2,40,0.004596,0.004596
seqneut25to26_sera_1009_d28,A/HongKong/1257/2025_H3N2,plate8-A/HongKong/1257/2025_H3N2,92,0.1082,0.1082
seqneut25to26_sera_1009_d28,A/HongKong/1257/2025_H3N2,plate8-A/HongKong/1257/2025_H3N2,212,0.1725,0.1725
seqneut25to26_sera_1009_d28,A/HongKong/1257/2025_H3N2,plate8-A/HongKong/1257/2025_H3N2,487,0.4017,0.4017
seqneut25to26_sera_1009_d28,A/HongKong/1257/2025_H3N2,plate8-A/HongKong/1257/2025_H3N2,1119,0.6696,0.6696
seqneut25to26_sera_1009_d28,A/HongKong/1257/2025_H3N2,plate8-A/HongKong/1257/2025_H3N2,2575,0.8434,0.8434
seqneut25to26_sera_1009_d28,A/HongKong/1257/2025_H3N2,plate8-A/HongKong/1257/2025_H3N2,5921,0.6176,0.6176
seqneut25to26_sera_1009_d28,A/HongKong/1257/2025_H3N2,plate8-A/HongKong/1257/2025_H3N2,1.362e+04,0.933,0.933
seqneut25to26_sera_1009_d28,A/HongKong/1382/2025_H3N2,plate8-A/HongKong/1382/2025_H3N2,40,0.03484,0.03484
seqneut25to26_sera_1009_d28,A/HongKong/1382/2025_H3N2,plate8-A/HongKong/1382/2025_H3N2,92,0.1943,0.1943
seqneut25to26_sera_1009_d28,A/HongKong/1382/2025_H3N2,plate8-A/HongKong/1382/2025_H3N2,212,0.3346,0.3346
seqneut25to26_sera_1009_d28,A/HongKong/1382/2025_H3N2,plate8-A/HongKong/1382/2025_H3N2,487,0.3784,0.3784
seqneut25to26_sera_1009_d28,A/HongKong/1382/2025_H3N2,plate8-A/HongKong/1382/2025_H3N2,1119,0.5513,0.5513
seqneut25to26_sera_1009_d28,A/HongKong/1382/2025_H3N2,plate8-A/HongKong/1382/2025_H3N2,2575,0.769,0.769
seqneut25to26_sera_1009_d28,A/HongKong/1382/2025_H3N2,plate8-A/HongKong/1382/2025_H3N2,5921,0.6061,0.6061
seqneut25to26_sera_1009_d28,A/HongKong/1382/2025_H3N2,plate8-A/HongKong/1382/2025_H3N2,1.362e+04,1.045,1
seqneut25to26_sera_1009_d28,A/Indonesia/BIOKES-I-BT074/2025_H3N2,plate8-A/Indonesia/BIOKES-I-BT074/2025_H3N2,40,0,0
seqneut25to26_sera_1009_d28,A/Indonesia/BIOKES-I-BT074/2025_H3N2,plate8-A/Indonesia/BIOKES-I-BT074/2025_H3N2,92,0.01828,0.01828
seqneut25to26_sera_1009_d28,A/Indonesia/BIOKES-I-BT074/2025_H3N2,plate8-A/Indonesia/BIOKES-I-BT074/2025_H3N2,212,0.1764,0.1764
seqneut25to26_sera_1009_d28,A/Indonesia/BIOKES-I-BT074/2025_H3N2,plate8-A/Indonesia/BIOKES-I-BT074/2025_H3N2,487,0.351,0.351
seqneut25to26_sera_1009_d28,A/Indonesia/BIOKES-I-BT074/2025_H3N2,plate8-A/Indonesia/BIOKES-I-BT074/2025_H3N2,1119,0.771,0.771
seqneut25to26_sera_1009_d28,A/Indonesia/BIOKES-I-BT074/2025_H3N2,plate8-A/Indonesia/BIOKES-I-BT074/2025_H3N2,2575,0.8137,0.8137
seqneut25to26_sera_1009_d28,A/Indonesia/BIOKES-I-BT074/2025_H3N2,plate8-A/Indonesia/BIOKES-I-BT074/2025_H3N2,5921,0.532,0.532
seqneut25to26_sera_1009_d28,A/Indonesia/BIOKES-I-BT074/2025_H3N2,plate8-A/Indonesia/BIOKES-I-BT074/2025_H3N2,1.362e+04,0.8994,0.8994
seqneut25to26_sera_1009_d28,A/Indonesia/BIOKES-INAD491/2025_H3N2,plate8-A/Indonesia/BIOKES-INAD491/2025_H3N2,40,0.000135,0.000135
seqneut25to26_sera_1009_d28,A/Indonesia/BIOKES-INAD491/2025_H3N2,plate8-A/Indonesia/BIOKES-INAD491/2025_H3N2,92,0.0007823,0.0007823
seqneut25to26_sera_1009_d28,A/Indonesia/BIOKES-INAD491/2025_H3N2,plate8-A/Indonesia/BIOKES-INAD491/2025_H3N2,212,0.0744,0.0744
seqneut25to26_sera_1009_d28,A/Indonesia/BIOKES-INAD491/2025_H3N2,plate8-A/Indonesia/BIOKES-INAD491/2025_H3N2,487,0.3008,0.3008
seqneut25to26_sera_1009_d28,A/Indonesia/BIOKES-INAD491/2025_H3N2,plate8-A/Indonesia/BIOKES-INAD491/2025_H3N2,1119,0.4818,0.4818
seqneut25to26_sera_1009_d28,A/Indonesia/BIOKES-INAD491/2025_H3N2,plate8-A/Indonesia/BIOKES-INAD491/2025_H3N2,2575,0.5861,0.5861
seqneut25to26_sera_1009_d28,A/Indonesia/BIOKES-INAD491/2025_H3N2,plate8-A/Indonesia/BIOKES-INAD491/2025_H3N2,5921,0.5428,0.5428
seqneut25to26_sera_1009_d28,A/Indonesia/BIOKES-INAD491/2025_H3N2,plate8-A/Indonesia/BIOKES-INAD491/2025_H3N2,1.362e+04,0.864,0.864
seqneut25to26_sera_1009_d28,A/Lao/820-2750/2025_H3N2,plate8-A/Lao/820-2750/2025_H3N2,40,0.000863,0.000863
seqneut25to26_sera_1009_d28,A/Lao/820-2750/2025_H3N2,plate8-A/Lao/820-2750/2025_H3N2,92,0.05868,0.05868
seqneut25to26_sera_1009_d28,A/Lao/820-2750/2025_H3N2,plate8-A/Lao/820-2750/2025_H3N2,212,0.326,0.326
seqneut25to26_sera_1009_d28,A/Lao/820-2750/2025_H3N2,plate8-A/Lao/820-2750/2025_H3N2,487,0.3892,0.3892
seqneut25to26_sera_1009_d28,A/Lao/820-2750/2025_H3N2,plate8-A/Lao/820-2750/2025_H3N2,1119,0.797,0.797
seqneut25to26_sera_1009_d28,A/Lao/820-2750/2025_H3N2,plate8-A/Lao/820-2750/2025_H3N2,2575,0.7287,0.7287
seqneut25to26_sera_1009_d28,A/Lao/820-2750/2025_H3N2,plate8-A/Lao/820-2750/2025_H3N2,5921,0.5241,0.5241
seqneut25to26_sera_1009_d28,A/Lao/820-2750/2025_H3N2,plate8-A/Lao/820-2750/2025_H3N2,1.362e+04,0.9844,0.9844
seqneut25to26_sera_1009_d28,A/Malaysia/IMR/SARI/2028/2025_H3N2,plate8-A/Malaysia/IMR/SARI/2028/2025_H3N2,40,0,0
seqneut25to26_sera_1009_d28,A/Malaysia/IMR/SARI/2028/2025_H3N2,plate8-A/Malaysia/IMR/SARI/2028/2025_H3N2,92,0.006014,0.006014
seqneut25to26_sera_1009_d28,A/Malaysia/IMR/SARI/2028/2025_H3N2,plate8-A/Malaysia/IMR/SARI/2028/2025_H3N2,212,0.1097,0.1097
seqneut25to26_sera_1009_d28,A/Malaysia/IMR/SARI/2028/2025_H3N2,plate8-A/Malaysia/IMR/SARI/2028/2025_H3N2,487,0.2311,0.2311
seqneut25to26_sera_1009_d28,A/Malaysia/IMR/SARI/2028/2025_H3N2,plate8-A/Malaysia/IMR/SARI/2028/2025_H3N2,1119,0.416,0.416
seqneut25to26_sera_1009_d28,A/Malaysia/IMR/SARI/2028/2025_H3N2,plate8-A/Malaysia/IMR/SARI/2028/2025_H3N2,2575,0.7399,0.7399
seqneut25to26_sera_1009_d28,A/Malaysia/IMR/SARI/2028/2025_H3N2,plate8-A/Malaysia/IMR/SARI/2028/2025_H3N2,5921,0.5797,0.5797
seqneut25to26_sera_1009_d28,A/Malaysia/IMR/SARI/2028/2025_H3N2,plate8-A/Malaysia/IMR/SARI/2028/2025_H3N2,1.362e+04,0.8926,0.8926
seqneut25to26_sera_1009_d28,A/Malaysia/IMR/SARI/2406/2025_H3N2,plate8-A/Malaysia/IMR/SARI/2406/2025_H3N2,40,0.09061,0.09061
seqneut25to26_sera_1009_d28,A/Malaysia/IMR/SARI/2406/2025_H3N2,plate8-A/Malaysia/IMR/SARI/2406/2025_H3N2,92,0.2125,0.2125
seqneut25to26_sera_1009_d28,A/Malaysia/IMR/SARI/2406/2025_H3N2,plate8-A/Malaysia/IMR/SARI/2406/2025_H3N2,212,0.5326,0.5326
seqneut25to26_sera_1009_d28,A/Malaysia/IMR/SARI/2406/2025_H3N2,plate8-A/Malaysia/IMR/SARI/2406/2025_H3N2,487,0.4008,0.4008
seqneut25to26_sera_1009_d28,A/Malaysia/IMR/SARI/2406/2025_H3N2,plate8-A/Malaysia/IMR/SARI/2406/2025_H3N2,1119,0.6322,0.6322
seqneut25to26_sera_1009_d28,A/Malaysia/IMR/SARI/2406/2025_H3N2,plate8-A/Malaysia/IMR/SARI/2406/2025_H3N2,2575,0.8593,0.8593
seqneut25to26_sera_1009_d28,A/Malaysia/IMR/SARI/2406/2025_H3N2,plate8-A/Malaysia/IMR/SARI/2406/2025_H3N2,5921,0.6065,0.6065
seqneut25to26_sera_1009_d28,A/Malaysia/IMR/SARI/2406/2025_H3N2,plate8-A/Malaysia/IMR/SARI/2406/2025_H3N2,1.362e+04,0.9489,0.9489
seqneut25to26_sera_1009_d28,A/Malaysia/IMR/SARI/2517/2025_H3N2,plate8-A/Malaysia/IMR/SARI/2517/2025_H3N2,40,0.02017,0.02017
seqneut25to26_sera_1009_d28,A/Malaysia/IMR/SARI/2517/2025_H3N2,plate8-A/Malaysia/IMR/SARI/2517/2025_H3N2,92,0.1879,0.1879
seqneut25to26_sera_1009_d28,A/Malaysia/IMR/SARI/2517/2025_H3N2,plate8-A/Malaysia/IMR/SARI/2517/2025_H3N2,212,0.4177,0.4177
seqneut25to26_sera_1009_d28,A/Malaysia/IMR/SARI/2517/2025_H3N2,plate8-A/Malaysia/IMR/SARI/2517/2025_H3N2,487,0.4253,0.4253
seqneut25to26_sera_1009_d28,A/Malaysia/IMR/SARI/2517/2025_H3N2,plate8-A/Malaysia/IMR/SARI/2517/2025_H3N2,1119,0.7101,0.7101
seqneut25to26_sera_1009_d28,A/Malaysia/IMR/SARI/2517/2025_H3N2,plate8-A/Malaysia/IMR/SARI/2517/2025_H3N2,2575,0.7749,0.7749
seqneut25to26_sera_1009_d28,A/Malaysia/IMR/SARI/2517/2025_H3N2,plate8-A/Malaysia/IMR/SARI/2517/2025_H3N2,5921,0.5478,0.5478
seqneut25to26_sera_1009_d28,A/Malaysia/IMR/SARI/2517/2025_H3N2,plate8-A/Malaysia/IMR/SARI/2517/2025_H3N2,1.362e+04,0.8868,0.8868
seqneut25to26_sera_1009_d28,A/Massachusetts/18/2022_H3N2,plate8-A/Massachusetts/18/2022_H3N2,40,0,0
seqneut25to26_sera_1009_d28,A/Massachusetts/18/2022_H3N2,plate8-A/Massachusetts/18/2022_H3N2,92,0.02425,0.02425
seqneut25to26_sera_1009_d28,A/Massachusetts/18/2022_H3N2,plate8-A/Massachusetts/18/2022_H3N2,212,0.09979,0.09979
seqneut25to26_sera_1009_d28,A/Massachusetts/18/2022_H3N2,plate8-A/Massachusetts/18/2022_H3N2,487,0.1922,0.1922
seqneut25to26_sera_1009_d28,A/Massachusetts/18/2022_H3N2,plate8-A/Massachusetts/18/2022_H3N2,1119,0.5881,0.5881
seqneut25to26_sera_1009_d28,A/Massachusetts/18/2022_H3N2,plate8-A/Massachusetts/18/2022_H3N2,2575,0.6533,0.6533
seqneut25to26_sera_1009_d28,A/Massachusetts/18/2022_H3N2,plate8-A/Massachusetts/18/2022_H3N2,5921,0.4774,0.4774
seqneut25to26_sera_1009_d28,A/Massachusetts/18/2022_H3N2,plate8-A/Massachusetts/18/2022_H3N2,1.362e+04,0.8759,0.8759
seqneut25to26_sera_1009_d28,A/Michigan/110/2025_H3N2,plate8-A/Michigan/110/2025_H3N2,40,0,0
seqneut25to26_sera_1009_d28,A/Michigan/110/2025_H3N2,plate8-A/Michigan/110/2025_H3N2,92,0.09122,0.09122
seqneut25to26_sera_1009_d28,A/Michigan/110/2025_H3N2,plate8-A/Michigan/110/2025_H3N2,212,0.3957,0.3957
seqneut25to26_sera_1009_d28,A/Michigan/110/2025_H3N2,plate8-A/Michigan/110/2025_H3N2,487,0.527,0.527
seqneut25to26_sera_1009_d28,A/Michigan/110/2025_H3N2,plate8-A/Michigan/110/2025_H3N2,1119,0.6381,0.6381
seqneut25to26_sera_1009_d28,A/Michigan/110/2025_H3N2,plate8-A/Michigan/110/2025_H3N2,2575,0.8587,0.8587
seqneut25to26_sera_1009_d28,A/Michigan/110/2025_H3N2,plate8-A/Michigan/110/2025_H3N2,5921,0.6771,0.6771
seqneut25to26_sera_1009_d28,A/Michigan/110/2025_H3N2,plate8-A/Michigan/110/2025_H3N2,1.362e+04,0.8167,0.8167
seqneut25to26_sera_1009_d28,A/Minnesota/96/2025_H3N2,plate8-A/Minnesota/96/2025_H3N2,40,0.0001478,0.0001478
seqneut25to26_sera_1009_d28,A/Minnesota/96/2025_H3N2,plate8-A/Minnesota/96/2025_H3N2,92,0.06683,0.06683
seqneut25to26_sera_1009_d28,A/Minnesota/96/2025_H3N2,plate8-A/Minnesota/96/2025_H3N2,212,0.2321,0.2321
seqneut25to26_sera_1009_d28,A/Minnesota/96/2025_H3N2,plate8-A/Minnesota/96/2025_H3N2,487,0.4651,0.4651
seqneut25to26_sera_1009_d28,A/Minnesota/96/2025_H3N2,plate8-A/Minnesota/96/2025_H3N2,1119,0.477,0.477
seqneut25to26_sera_1009_d28,A/Minnesota/96/2025_H3N2,plate8-A/Minnesota/96/2025_H3N2,2575,0.6451,0.6451
seqneut25to26_sera_1009_d28,A/Minnesota/96/2025_H3N2,plate8-A/Minnesota/96/2025_H3N2,5921,0.4881,0.4881
seqneut25to26_sera_1009_d28,A/Minnesota/96/2025_H3N2,plate8-A/Minnesota/96/2025_H3N2,1.362e+04,0.8954,0.8954
seqneut25to26_sera_1009_d28,A/Missouri/11/2025_H1N1,plate8-A/Missouri/11/2025_H1N1,40,0.002276,0.002276
seqneut25to26_sera_1009_d28,A/Missouri/11/2025_H1N1,plate8-A/Missouri/11/2025_H1N1,92,0.1948,0.1948
seqneut25to26_sera_1009_d28,A/Missouri/11/2025_H1N1,plate8-A/Missouri/11/2025_H1N1,212,0.4867,0.4867
seqneut25to26_sera_1009_d28,A/Missouri/11/2025_H1N1,plate8-A/Missouri/11/2025_H1N1,487,0.5295,0.5295
seqneut25to26_sera_1009_d28,A/Missouri/11/2025_H1N1,plate8-A/Missouri/11/2025_H1N1,1119,0.6936,0.6936
seqneut25to26_sera_1009_d28,A/Missouri/11/2025_H1N1,plate8-A/Missouri/11/2025_H1N1,2575,0.9634,0.9634
seqneut25to26_sera_1009_d28,A/Missouri/11/2025_H1N1,plate8-A/Missouri/11/2025_H1N1,5921,0.6204,0.6204
seqneut25to26_sera_1009_d28,A/Missouri/11/2025_H1N1,plate8-A/Missouri/11/2025_H1N1,1.362e+04,0.843,0.843
seqneut25to26_sera_1009_d28,A/NewSouthWales/2526015582/2025_H3N2,plate8-A/NewSouthWales/2526015582/2025_H3N2,40,0.0372,0.0372
seqneut25to26_sera_1009_d28,A/NewSouthWales/2526015582/2025_H3N2,plate8-A/NewSouthWales/2526015582/2025_H3N2,92,0.2126,0.2126
seqneut25to26_sera_1009_d28,A/NewSouthWales/2526015582/2025_H3N2,plate8-A/NewSouthWales/2526015582/2025_H3N2,212,0.4363,0.4363
seqneut25to26_sera_1009_d28,A/NewSouthWales/2526015582/2025_H3N2,plate8-A/NewSouthWales/2526015582/2025_H3N2,487,0.4657,0.4657
seqneut25to26_sera_1009_d28,A/NewSouthWales/2526015582/2025_H3N2,plate8-A/NewSouthWales/2526015582/2025_H3N2,1119,0.6547,0.6547
seqneut25to26_sera_1009_d28,A/NewSouthWales/2526015582/2025_H3N2,plate8-A/NewSouthWales/2526015582/2025_H3N2,2575,0.6874,0.6874
seqneut25to26_sera_1009_d28,A/NewSouthWales/2526015582/2025_H3N2,plate8-A/NewSouthWales/2526015582/2025_H3N2,5921,0.5303,0.5303
seqneut25to26_sera_1009_d28,A/NewSouthWales/2526015582/2025_H3N2,plate8-A/NewSouthWales/2526015582/2025_H3N2,1.362e+04,0.7969,0.7969
seqneut25to26_sera_1009_d28,A/NewSouthWales/2526015584/2025_H3N2,plate8-A/NewSouthWales/2526015584/2025_H3N2,40,0.01857,0.01857
seqneut25to26_sera_1009_d28,A/NewSouthWales/2526015584/2025_H3N2,plate8-A/NewSouthWales/2526015584/2025_H3N2,92,0.1273,0.1273
seqneut25to26_sera_1009_d28,A/NewSouthWales/2526015584/2025_H3N2,plate8-A/NewSouthWales/2526015584/2025_H3N2,212,0.4018,0.4018
seqneut25to26_sera_1009_d28,A/NewSouthWales/2526015584/2025_H3N2,plate8-A/NewSouthWales/2526015584/2025_H3N2,487,0.4646,0.4646
seqneut25to26_sera_1009_d28,A/NewSouthWales/2526015584/2025_H3N2,plate8-A/NewSouthWales/2526015584/2025_H3N2,1119,0.6713,0.6713
seqneut25to26_sera_1009_d28,A/NewSouthWales/2526015584/2025_H3N2,plate8-A/NewSouthWales/2526015584/2025_H3N2,2575,0.8502,0.8502
seqneut25to26_sera_1009_d28,A/NewSouthWales/2526015584/2025_H3N2,plate8-A/NewSouthWales/2526015584/2025_H3N2,5921,0.6183,0.6183
seqneut25to26_sera_1009_d28,A/NewSouthWales/2526015584/2025_H3N2,plate8-A/NewSouthWales/2526015584/2025_H3N2,1.362e+04,1.014,1
seqneut25to26_sera_1009_d28,A/Norway/8765/2025_H3N2,plate8-A/Norway/8765/2025_H3N2,40,0.03889,0.03889
seqneut25to26_sera_1009_d28,A/Norway/8765/2025_H3N2,plate8-A/Norway/8765/2025_H3N2,92,0.1784,0.1784
seqneut25to26_sera_1009_d28,A/Norway/8765/2025_H3N2,plate8-A/Norway/8765/2025_H3N2,212,0.4368,0.4368
seqneut25to26_sera_1009_d28,A/Norway/8765/2025_H3N2,plate8-A/Norway/8765/2025_H3N2,487,0.4377,0.4377
seqneut25to26_sera_1009_d28,A/Norway/8765/2025_H3N2,plate8-A/Norway/8765/2025_H3N2,1119,0.6715,0.6715
seqneut25to26_sera_1009_d28,A/Norway/8765/2025_H3N2,plate8-A/Norway/8765/2025_H3N2,2575,0.8296,0.8296
seqneut25to26_sera_1009_d28,A/Norway/8765/2025_H3N2,plate8-A/Norway/8765/2025_H3N2,5921,0.5638,0.5638
seqneut25to26_sera_1009_d28,A/Norway/8765/2025_H3N2,plate8-A/Norway/8765/2025_H3N2,1.362e+04,0.8109,0.8109
seqneut25to26_sera_1009_d28,A/Norway/8976/2025_H3N2,plate8-A/Norway/8976/2025_H3N2,40,0.05478,0.05478
seqneut25to26_sera_1009_d28,A/Norway/8976/2025_H3N2,plate8-A/Norway/8976/2025_H3N2,92,0.1376,0.1376
seqneut25to26_sera_1009_d28,A/Norway/8976/2025_H3N2,plate8-A/Norway/8976/2025_H3N2,212,0.3371,0.3371
seqneut25to26_sera_1009_d28,A/Norway/8976/2025_H3N2,plate8-A/Norway/8976/2025_H3N2,487,0.4311,0.4311
seqneut25to26_sera_1009_d28,A/Norway/8976/2025_H3N2,plate8-A/Norway/8976/2025_H3N2,1119,0.6996,0.6996
seqneut25to26_sera_1009_d28,A/Norway/8976/2025_H3N2,plate8-A/Norway/8976/2025_H3N2,2575,0.6398,0.6398
seqneut25to26_sera_1009_d28,A/Norway/8976/2025_H3N2,plate8-A/Norway/8976/2025_H3N2,5921,0.5498,0.5498
seqneut25to26_sera_1009_d28,A/Norway/8976/2025_H3N2,plate8-A/Norway/8976/2025_H3N2,1.362e+04,0.8578,0.8578
seqneut25to26_sera_1009_d28,A/Norway/9107/2025_H1N1,plate8-A/Norway/9107/2025_H1N1,40,0.002335,0.002335
seqneut25to26_sera_1009_d28,A/Norway/9107/2025_H1N1,plate8-A/Norway/9107/2025_H1N1,92,0.1933,0.1933
seqneut25to26_sera_1009_d28,A/Norway/9107/2025_H1N1,plate8-A/Norway/9107/2025_H1N1,212,0.6263,0.6263
seqneut25to26_sera_1009_d28,A/Norway/9107/2025_H1N1,plate8-A/Norway/9107/2025_H1N1,487,0.5852,0.5852
seqneut25to26_sera_1009_d28,A/Norway/9107/2025_H1N1,plate8-A/Norway/9107/2025_H1N1,1119,0.8605,0.8605
seqneut25to26_sera_1009_d28,A/Norway/9107/2025_H1N1,plate8-A/Norway/9107/2025_H1N1,2575,0.9814,0.9814
seqneut25to26_sera_1009_d28,A/Norway/9107/2025_H1N1,plate8-A/Norway/9107/2025_H1N1,5921,0.7687,0.7687
seqneut25to26_sera_1009_d28,A/Norway/9107/2025_H1N1,plate8-A/Norway/9107/2025_H1N1,1.362e+04,1.042,1
seqneut25to26_sera_1009_d28,A/Norway/9556/2025_H1N1,plate8-A/Norway/9556/2025_H1N1,40,0.005147,0.005147
seqneut25to26_sera_1009_d28,A/Norway/9556/2025_H1N1,plate8-A/Norway/9556/2025_H1N1,92,0.1394,0.1394
seqneut25to26_sera_1009_d28,A/Norway/9556/2025_H1N1,plate8-A/Norway/9556/2025_H1N1,212,0.6113,0.6113
seqneut25to26_sera_1009_d28,A/Norway/9556/2025_H1N1,plate8-A/Norway/9556/2025_H1N1,487,0.5548,0.5548
seqneut25to26_sera_1009_d28,A/Norway/9556/2025_H1N1,plate8-A/Norway/9556/2025_H1N1,1119,0.8196,0.8196
seqneut25to26_sera_1009_d28,A/Norway/9556/2025_H1N1,plate8-A/Norway/9556/2025_H1N1,2575,0.9535,0.9535
seqneut25to26_sera_1009_d28,A/Norway/9556/2025_H1N1,plate8-A/Norway/9556/2025_H1N1,5921,0.673,0.673
seqneut25to26_sera_1009_d28,A/Norway/9556/2025_H1N1,plate8-A/Norway/9556/2025_H1N1,1.362e+04,0.9695,0.9695
seqneut25to26_sera_1009_d28,A/Peru/GIHSN-04-1089/2025_H3N2,plate8-A/Peru/GIHSN-04-1089/2025_H3N2,40,0,0
seqneut25to26_sera_1009_d28,A/Peru/GIHSN-04-1089/2025_H3N2,plate8-A/Peru/GIHSN-04-1089/2025_H3N2,92,0.00717,0.00717
seqneut25to26_sera_1009_d28,A/Peru/GIHSN-04-1089/2025_H3N2,plate8-A/Peru/GIHSN-04-1089/2025_H3N2,212,0.207,0.207
seqneut25to26_sera_1009_d28,A/Peru/GIHSN-04-1089/2025_H3N2,plate8-A/Peru/GIHSN-04-1089/2025_H3N2,487,0.3875,0.3875
seqneut25to26_sera_1009_d28,A/Peru/GIHSN-04-1089/2025_H3N2,plate8-A/Peru/GIHSN-04-1089/2025_H3N2,1119,0.593,0.593
seqneut25to26_sera_1009_d28,A/Peru/GIHSN-04-1089/2025_H3N2,plate8-A/Peru/GIHSN-04-1089/2025_H3N2,2575,0.6467,0.6467
seqneut25to26_sera_1009_d28,A/Peru/GIHSN-04-1089/2025_H3N2,plate8-A/Peru/GIHSN-04-1089/2025_H3N2,5921,0.7708,0.7708
seqneut25to26_sera_1009_d28,A/Peru/GIHSN-04-1089/2025_H3N2,plate8-A/Peru/GIHSN-04-1089/2025_H3N2,1.362e+04,0.8092,0.8092
seqneut25to26_sera_1009_d28,A/Philippines/SARI25-1425/2025_H1N1,plate8-A/Philippines/SARI25-1425/2025_H1N1,40,0.002151,0.002151
seqneut25to26_sera_1009_d28,A/Philippines/SARI25-1425/2025_H1N1,plate8-A/Philippines/SARI25-1425/2025_H1N1,92,0.1494,0.1494
seqneut25to26_sera_1009_d28,A/Philippines/SARI25-1425/2025_H1N1,plate8-A/Philippines/SARI25-1425/2025_H1N1,212,0.5469,0.5469
seqneut25to26_sera_1009_d28,A/Philippines/SARI25-1425/2025_H1N1,plate8-A/Philippines/SARI25-1425/2025_H1N1,487,0.613,0.613
seqneut25to26_sera_1009_d28,A/Philippines/SARI25-1425/2025_H1N1,plate8-A/Philippines/SARI25-1425/2025_H1N1,1119,0.9401,0.9401
seqneut25to26_sera_1009_d28,A/Philippines/SARI25-1425/2025_H1N1,plate8-A/Philippines/SARI25-1425/2025_H1N1,2575,1.015,1
seqneut25to26_sera_1009_d28,A/Philippines/SARI25-1425/2025_H1N1,plate8-A/Philippines/SARI25-1425/2025_H1N1,5921,0.7329,0.7329
seqneut25to26_sera_1009_d28,A/Philippines/SARI25-1425/2025_H1N1,plate8-A/Philippines/SARI25-1425/2025_H1N1,1.362e+04,1.15,1
seqneut25to26_sera_1009_d28,A/Queensland/2526516675/2025_H3N2,plate8-A/Queensland/2526516675/2025_H3N2,40,0.04509,0.04509
seqneut25to26_sera_1009_d28,A/Queensland/2526516675/2025_H3N2,plate8-A/Queensland/2526516675/2025_H3N2,92,0.1775,0.1775
seqneut25to26_sera_1009_d28,A/Queensland/2526516675/2025_H3N2,plate8-A/Queensland/2526516675/2025_H3N2,212,0.4908,0.4908
seqneut25to26_sera_1009_d28,A/Queensland/2526516675/2025_H3N2,plate8-A/Queensland/2526516675/2025_H3N2,487,0.5167,0.5167
seqneut25to26_sera_1009_d28,A/Queensland/2526516675/2025_H3N2,plate8-A/Queensland/2526516675/2025_H3N2,1119,0.6628,0.6628
seqneut25to26_sera_1009_d28,A/Queensland/2526516675/2025_H3N2,plate8-A/Queensland/2526516675/2025_H3N2,2575,0.7243,0.7243
seqneut25to26_sera_1009_d28,A/Queensland/2526516675/2025_H3N2,plate8-A/Queensland/2526516675/2025_H3N2,5921,0.5609,0.5609
seqneut25to26_sera_1009_d28,A/Queensland/2526516675/2025_H3N2,plate8-A/Queensland/2526516675/2025_H3N2,1.362e+04,0.8723,0.8723
seqneut25to26_sera_1009_d28,A/SouthAfrica/PET37604/2025_H3N2,plate8-A/SouthAfrica/PET37604/2025_H3N2,40,0,0
seqneut25to26_sera_1009_d28,A/SouthAfrica/PET37604/2025_H3N2,plate8-A/SouthAfrica/PET37604/2025_H3N2,92,0.001043,0.001043
seqneut25to26_sera_1009_d28,A/SouthAfrica/PET37604/2025_H3N2,plate8-A/SouthAfrica/PET37604/2025_H3N2,212,0.1338,0.1338
seqneut25to26_sera_1009_d28,A/SouthAfrica/PET37604/2025_H3N2,plate8-A/SouthAfrica/PET37604/2025_H3N2,487,0.2685,0.2685
seqneut25to26_sera_1009_d28,A/SouthAfrica/PET37604/2025_H3N2,plate8-A/SouthAfrica/PET37604/2025_H3N2,1119,0.4197,0.4197
seqneut25to26_sera_1009_d28,A/SouthAfrica/PET37604/2025_H3N2,plate8-A/SouthAfrica/PET37604/2025_H3N2,2575,0.5929,0.5929
seqneut25to26_sera_1009_d28,A/SouthAfrica/PET37604/2025_H3N2,plate8-A/SouthAfrica/PET37604/2025_H3N2,5921,0.6009,0.6009
seqneut25to26_sera_1009_d28,A/SouthAfrica/PET37604/2025_H3N2,plate8-A/SouthAfrica/PET37604/2025_H3N2,1.362e+04,0.8651,0.8651
seqneut25to26_sera_1009_d28,A/SouthAfrica/PET37625/2025_H3N2,plate8-A/SouthAfrica/PET37625/2025_H3N2,40,0,0
seqneut25to26_sera_1009_d28,A/SouthAfrica/PET37625/2025_H3N2,plate8-A/SouthAfrica/PET37625/2025_H3N2,92,0.001591,0.001591
seqneut25to26_sera_1009_d28,A/SouthAfrica/PET37625/2025_H3N2,plate8-A/SouthAfrica/PET37625/2025_H3N2,212,0.0924,0.0924
seqneut25to26_sera_1009_d28,A/SouthAfrica/PET37625/2025_H3N2,plate8-A/SouthAfrica/PET37625/2025_H3N2,487,0.2192,0.2192
seqneut25to26_sera_1009_d28,A/SouthAfrica/PET37625/2025_H3N2,plate8-A/SouthAfrica/PET37625/2025_H3N2,1119,0.5261,0.5261
seqneut25to26_sera_1009_d28,A/SouthAfrica/PET37625/2025_H3N2,plate8-A/SouthAfrica/PET37625/2025_H3N2,2575,0.7238,0.7238
seqneut25to26_sera_1009_d28,A/SouthAfrica/PET37625/2025_H3N2,plate8-A/SouthAfrica/PET37625/2025_H3N2,5921,0.6214,0.6214
seqneut25to26_sera_1009_d28,A/SouthAfrica/PET37625/2025_H3N2,plate8-A/SouthAfrica/PET37625/2025_H3N2,1.362e+04,0.8634,0.8634
seqneut25to26_sera_1009_d28,A/SouthAustralia/2519001037/2025_H1N1,plate8-A/SouthAustralia/2519001037/2025_H1N1,40,0.004187,0.004187
seqneut25to26_sera_1009_d28,A/SouthAustralia/2519001037/2025_H1N1,plate8-A/SouthAustralia/2519001037/2025_H1N1,92,0.163,0.163
seqneut25to26_sera_1009_d28,A/SouthAustralia/2519001037/2025_H1N1,plate8-A/SouthAustralia/2519001037/2025_H1N1,212,0.4738,0.4738
seqneut25to26_sera_1009_d28,A/SouthAustralia/2519001037/2025_H1N1,plate8-A/SouthAustralia/2519001037/2025_H1N1,487,0.513,0.513
seqneut25to26_sera_1009_d28,A/SouthAustralia/2519001037/2025_H1N1,plate8-A/SouthAustralia/2519001037/2025_H1N1,1119,0.7681,0.7681
seqneut25to26_sera_1009_d28,A/SouthAustralia/2519001037/2025_H1N1,plate8-A/SouthAustralia/2519001037/2025_H1N1,2575,0.9401,0.9401
seqneut25to26_sera_1009_d28,A/SouthAustralia/2519001037/2025_H1N1,plate8-A/SouthAustralia/2519001037/2025_H1N1,5921,0.6824,0.6824
seqneut25to26_sera_1009_d28,A/SouthAustralia/2519001037/2025_H1N1,plate8-A/SouthAustralia/2519001037/2025_H1N1,1.362e+04,1.202,1
seqneut25to26_sera_1009_d28,A/SouthAustralia/2520702747/2025_H1N1,plate8-A/SouthAustralia/2520702747/2025_H1N1,40,0.00413,0.00413
seqneut25to26_sera_1009_d28,A/SouthAustralia/2520702747/2025_H1N1,plate8-A/SouthAustralia/2520702747/2025_H1N1,92,0.3542,0.3542
seqneut25to26_sera_1009_d28,A/SouthAustralia/2520702747/2025_H1N1,plate8-A/SouthAustralia/2520702747/2025_H1N1,212,0.6311,0.6311
seqneut25to26_sera_1009_d28,A/SouthAustralia/2520702747/2025_H1N1,plate8-A/SouthAustralia/2520702747/2025_H1N1,487,0.5864,0.5864
seqneut25to26_sera_1009_d28,A/SouthAustralia/2520702747/2025_H1N1,plate8-A/SouthAustralia/2520702747/2025_H1N1,1119,0.8592,0.8592
seqneut25to26_sera_1009_d28,A/SouthAustralia/2520702747/2025_H1N1,plate8-A/SouthAustralia/2520702747/2025_H1N1,2575,0.9956,0.9956
seqneut25to26_sera_1009_d28,A/SouthAustralia/2520702747/2025_H1N1,plate8-A/SouthAustralia/2520702747/2025_H1N1,5921,0.7453,0.7453
seqneut25to26_sera_1009_d28,A/SouthAustralia/2520702747/2025_H1N1,plate8-A/SouthAustralia/2520702747/2025_H1N1,1.362e+04,1.252,1
seqneut25to26_sera_1009_d28,A/SouthAustralia/2523012764/2025_H1N1,plate8-A/SouthAustralia/2523012764/2025_H1N1,40,0.001965,0.001965
seqneut25to26_sera_1009_d28,A/SouthAustralia/2523012764/2025_H1N1,plate8-A/SouthAustralia/2523012764/2025_H1N1,92,0.07691,0.07691
seqneut25to26_sera_1009_d28,A/SouthAustralia/2523012764/2025_H1N1,plate8-A/SouthAustralia/2523012764/2025_H1N1,212,0.3964,0.3964
seqneut25to26_sera_1009_d28,A/SouthAustralia/2523012764/2025_H1N1,plate8-A/SouthAustralia/2523012764/2025_H1N1,487,0.6314,0.6314
seqneut25to26_sera_1009_d28,A/SouthAustralia/2523012764/2025_H1N1,plate8-A/SouthAustralia/2523012764/2025_H1N1,1119,1.178,1
seqneut25to26_sera_1009_d28,A/SouthAustralia/2523012764/2025_H1N1,plate8-A/SouthAustralia/2523012764/2025_H1N1,2575,0.9565,0.9565
seqneut25to26_sera_1009_d28,A/SouthAustralia/2523012764/2025_H1N1,plate8-A/SouthAustralia/2523012764/2025_H1N1,5921,0.6628,0.6628
seqneut25to26_sera_1009_d28,A/SouthAustralia/2523012764/2025_H1N1,plate8-A/SouthAustralia/2523012764/2025_H1N1,1.362e+04,0.8357,0.8357
seqneut25to26_sera_1009_d28,A/SouthAustralia/2523812314/2025_H3N2,plate8-A/SouthAustralia/2523812314/2025_H3N2,40,0.02075,0.02075
seqneut25to26_sera_1009_d28,A/SouthAustralia/2523812314/2025_H3N2,plate8-A/SouthAustralia/2523812314/2025_H3N2,92,0.1116,0.1116
seqneut25to26_sera_1009_d28,A/SouthAustralia/2523812314/2025_H3N2,plate8-A/SouthAustralia/2523812314/2025_H3N2,212,0.3489,0.3489
seqneut25to26_sera_1009_d28,A/SouthAustralia/2523812314/2025_H3N2,plate8-A/SouthAustralia/2523812314/2025_H3N2,487,0.3631,0.3631
seqneut25to26_sera_1009_d28,A/SouthAustralia/2523812314/2025_H3N2,plate8-A/SouthAustralia/2523812314/2025_H3N2,1119,0.6378,0.6378
seqneut25to26_sera_1009_d28,A/SouthAustralia/2523812314/2025_H3N2,plate8-A/SouthAustralia/2523812314/2025_H3N2,2575,0.6422,0.6422
seqneut25to26_sera_1009_d28,A/SouthAustralia/2523812314/2025_H3N2,plate8-A/SouthAustralia/2523812314/2025_H3N2,5921,0.4806,0.4806
seqneut25to26_sera_1009_d28,A/SouthAustralia/2523812314/2025_H3N2,plate8-A/SouthAustralia/2523812314/2025_H3N2,1.362e+04,0.7399,0.7399
seqneut25to26_sera_1009_d28,A/SouthAustralia/2524408801/2025_H3N2,plate8-A/SouthAustralia/2524408801/2025_H3N2,40,0.02209,0.02209
seqneut25to26_sera_1009_d28,A/SouthAustralia/2524408801/2025_H3N2,plate8-A/SouthAustralia/2524408801/2025_H3N2,92,0.1155,0.1155
seqneut25to26_sera_1009_d28,A/SouthAustralia/2524408801/2025_H3N2,plate8-A/SouthAustralia/2524408801/2025_H3N2,212,0.3649,0.3649
seqneut25to26_sera_1009_d28,A/SouthAustralia/2524408801/2025_H3N2,plate8-A/SouthAustralia/2524408801/2025_H3N2,487,0.4513,0.4513
seqneut25to26_sera_1009_d28,A/SouthAustralia/2524408801/2025_H3N2,plate8-A/SouthAustralia/2524408801/2025_H3N2,1119,0.6079,0.6079
seqneut25to26_sera_1009_d28,A/SouthAustralia/2524408801/2025_H3N2,plate8-A/SouthAustralia/2524408801/2025_H3N2,2575,0.6499,0.6499
seqneut25to26_sera_1009_d28,A/SouthAustralia/2524408801/2025_H3N2,plate8-A/SouthAustralia/2524408801/2025_H3N2,5921,0.5351,0.5351
seqneut25to26_sera_1009_d28,A/SouthAustralia/2524408801/2025_H3N2,plate8-A/SouthAustralia/2524408801/2025_H3N2,1.362e+04,0.7982,0.7982
seqneut25to26_sera_1009_d28,A/SouthAustralia/2524712956/2025_H1N1,plate8-A/SouthAustralia/2524712956/2025_H1N1,40,9.321e-05,9.321e-05
seqneut25to26_sera_1009_d28,A/SouthAustralia/2524712956/2025_H1N1,plate8-A/SouthAustralia/2524712956/2025_H1N1,92,0.01919,0.01919
seqneut25to26_sera_1009_d28,A/SouthAustralia/2524712956/2025_H1N1,plate8-A/SouthAustralia/2524712956/2025_H1N1,212,0.3196,0.3196
seqneut25to26_sera_1009_d28,A/SouthAustralia/2524712956/2025_H1N1,plate8-A/SouthAustralia/2524712956/2025_H1N1,487,0.4364,0.4364
seqneut25to26_sera_1009_d28,A/SouthAustralia/2524712956/2025_H1N1,plate8-A/SouthAustralia/2524712956/2025_H1N1,1119,0.7923,0.7923
seqneut25to26_sera_1009_d28,A/SouthAustralia/2524712956/2025_H1N1,plate8-A/SouthAustralia/2524712956/2025_H1N1,2575,0.9874,0.9874
seqneut25to26_sera_1009_d28,A/SouthAustralia/2524712956/2025_H1N1,plate8-A/SouthAustralia/2524712956/2025_H1N1,5921,0.719,0.719
seqneut25to26_sera_1009_d28,A/SouthAustralia/2524712956/2025_H1N1,plate8-A/SouthAustralia/2524712956/2025_H1N1,1.362e+04,0.9531,0.9531
seqneut25to26_sera_1009_d28,A/SouthAustralia/2525607496/2025_H3N2,plate8-A/SouthAustralia/2525607496/2025_H3N2,40,0,0
seqneut25to26_sera_1009_d28,A/SouthAustralia/2525607496/2025_H3N2,plate8-A/SouthAustralia/2525607496/2025_H3N2,92,0.05352,0.05352
seqneut25to26_sera_1009_d28,A/SouthAustralia/2525607496/2025_H3N2,plate8-A/SouthAustralia/2525607496/2025_H3N2,212,0.357,0.357
seqneut25to26_sera_1009_d28,A/SouthAustralia/2525607496/2025_H3N2,plate8-A/SouthAustralia/2525607496/2025_H3N2,487,0.5329,0.5329
seqneut25to26_sera_1009_d28,A/SouthAustralia/2525607496/2025_H3N2,plate8-A/SouthAustralia/2525607496/2025_H3N2,1119,0.6408,0.6408
seqneut25to26_sera_1009_d28,A/SouthAustralia/2525607496/2025_H3N2,plate8-A/SouthAustralia/2525607496/2025_H3N2,2575,0.9133,0.9133
seqneut25to26_sera_1009_d28,A/SouthAustralia/2525607496/2025_H3N2,plate8-A/SouthAustralia/2525607496/2025_H3N2,5921,0.6718,0.6718
seqneut25to26_sera_1009_d28,A/SouthAustralia/2525607496/2025_H3N2,plate8-A/SouthAustralia/2525607496/2025_H3N2,1.362e+04,0.909,0.909
seqneut25to26_sera_1009_d28,A/SouthAustralia/2527003588/2025_H3N2,plate8-A/SouthAustralia/2527003588/2025_H3N2,40,0.0124,0.0124
seqneut25to26_sera_1009_d28,A/SouthAustralia/2527003588/2025_H3N2,plate8-A/SouthAustralia/2527003588/2025_H3N2,92,0.2,0.2
seqneut25to26_sera_1009_d28,A/SouthAustralia/2527003588/2025_H3N2,plate8-A/SouthAustralia/2527003588/2025_H3N2,212,0.4377,0.4377
seqneut25to26_sera_1009_d28,A/SouthAustralia/2527003588/2025_H3N2,plate8-A/SouthAustralia/2527003588/2025_H3N2,487,0.5644,0.5644
seqneut25to26_sera_1009_d28,A/SouthAustralia/2527003588/2025_H3N2,plate8-A/SouthAustralia/2527003588/2025_H3N2,1119,0.757,0.757
seqneut25to26_sera_1009_d28,A/SouthAustralia/2527003588/2025_H3N2,plate8-A/SouthAustralia/2527003588/2025_H3N2,2575,0.7702,0.7702
seqneut25to26_sera_1009_d28,A/SouthAustralia/2527003588/2025_H3N2,plate8-A/SouthAustralia/2527003588/2025_H3N2,5921,0.6777,0.6777
seqneut25to26_sera_1009_d28,A/SouthAustralia/2527003588/2025_H3N2,plate8-A/SouthAustralia/2527003588/2025_H3N2,1.362e+04,0.9061,0.9061
seqneut25to26_sera_1009_d28,A/SouthAustralia/2527213276/2025_H3N2,plate8-A/SouthAustralia/2527213276/2025_H3N2,40,0.03946,0.03946
seqneut25to26_sera_1009_d28,A/SouthAustralia/2527213276/2025_H3N2,plate8-A/SouthAustralia/2527213276/2025_H3N2,92,0.1726,0.1726
seqneut25to26_sera_1009_d28,A/SouthAustralia/2527213276/2025_H3N2,plate8-A/SouthAustralia/2527213276/2025_H3N2,212,0.3352,0.3352
seqneut25to26_sera_1009_d28,A/SouthAustralia/2527213276/2025_H3N2,plate8-A/SouthAustralia/2527213276/2025_H3N2,487,0.4086,0.4086
seqneut25to26_sera_1009_d28,A/SouthAustralia/2527213276/2025_H3N2,plate8-A/SouthAustralia/2527213276/2025_H3N2,1119,0.5325,0.5325
seqneut25to26_sera_1009_d28,A/SouthAustralia/2527213276/2025_H3N2,plate8-A/SouthAustralia/2527213276/2025_H3N2,2575,0.7798,0.7798
seqneut25to26_sera_1009_d28,A/SouthAustralia/2527213276/2025_H3N2,plate8-A/SouthAustralia/2527213276/2025_H3N2,5921,0.6565,0.6565
seqneut25to26_sera_1009_d28,A/SouthAustralia/2527213276/2025_H3N2,plate8-A/SouthAustralia/2527213276/2025_H3N2,1.362e+04,0.8726,0.8726
seqneut25to26_sera_1009_d28,A/SouthAustralia/2527612456/2025_H1N1,plate8-A/SouthAustralia/2527612456/2025_H1N1,40,0.01272,0.01272
seqneut25to26_sera_1009_d28,A/SouthAustralia/2527612456/2025_H1N1,plate8-A/SouthAustralia/2527612456/2025_H1N1,92,0.239,0.239
seqneut25to26_sera_1009_d28,A/SouthAustralia/2527612456/2025_H1N1,plate8-A/SouthAustralia/2527612456/2025_H1N1,212,0.7287,0.7287
seqneut25to26_sera_1009_d28,A/SouthAustralia/2527612456/2025_H1N1,plate8-A/SouthAustralia/2527612456/2025_H1N1,487,0.8404,0.8404
seqneut25to26_sera_1009_d28,A/SouthAustralia/2527612456/2025_H1N1,plate8-A/SouthAustralia/2527612456/2025_H1N1,1119,0.9323,0.9323
seqneut25to26_sera_1009_d28,A/SouthAustralia/2527612456/2025_H1N1,plate8-A/SouthAustralia/2527612456/2025_H1N1,2575,0.9416,0.9416
seqneut25to26_sera_1009_d28,A/SouthAustralia/2527612456/2025_H1N1,plate8-A/SouthAustralia/2527612456/2025_H1N1,5921,0.6558,0.6558
seqneut25to26_sera_1009_d28,A/SouthAustralia/2527612456/2025_H1N1,plate8-A/SouthAustralia/2527612456/2025_H1N1,1.362e+04,1.165,1
seqneut25to26_sera_1009_d28,A/SouthAustralia/2527902708/2025_H3N2,plate8-A/SouthAustralia/2527902708/2025_H3N2,40,0.01774,0.01774
seqneut25to26_sera_1009_d28,A/SouthAustralia/2527902708/2025_H3N2,plate8-A/SouthAustralia/2527902708/2025_H3N2,92,0.1259,0.1259
seqneut25to26_sera_1009_d28,A/SouthAustralia/2527902708/2025_H3N2,plate8-A/SouthAustralia/2527902708/2025_H3N2,212,0.8246,0.8246
seqneut25to26_sera_1009_d28,A/SouthAustralia/2527902708/2025_H3N2,plate8-A/SouthAustralia/2527902708/2025_H3N2,487,0.4008,0.4008
seqneut25to26_sera_1009_d28,A/SouthAustralia/2527902708/2025_H3N2,plate8-A/SouthAustralia/2527902708/2025_H3N2,1119,0.675,0.675
seqneut25to26_sera_1009_d28,A/SouthAustralia/2527902708/2025_H3N2,plate8-A/SouthAustralia/2527902708/2025_H3N2,2575,0.8325,0.8325
seqneut25to26_sera_1009_d28,A/SouthAustralia/2527902708/2025_H3N2,plate8-A/SouthAustralia/2527902708/2025_H3N2,5921,0.5047,0.5047
seqneut25to26_sera_1009_d28,A/SouthAustralia/2527902708/2025_H3N2,plate8-A/SouthAustralia/2527902708/2025_H3N2,1.362e+04,0.8005,0.8005
seqneut25to26_sera_1009_d28,A/Sydney/1359/2024_H3N2,plate8-A/Sydney/1359/2024_H3N2,40,0.00354,0.00354
seqneut25to26_sera_1009_d28,A/Sydney/1359/2024_H3N2,plate8-A/Sydney/1359/2024_H3N2,92,0.1503,0.1503
seqneut25to26_sera_1009_d28,A/Sydney/1359/2024_H3N2,plate8-A/Sydney/1359/2024_H3N2,212,0.3369,0.3369
seqneut25to26_sera_1009_d28,A/Sydney/1359/2024_H3N2,plate8-A/Sydney/1359/2024_H3N2,487,0.3875,0.3875
seqneut25to26_sera_1009_d28,A/Sydney/1359/2024_H3N2,plate8-A/Sydney/1359/2024_H3N2,1119,0.6984,0.6984
seqneut25to26_sera_1009_d28,A/Sydney/1359/2024_H3N2,plate8-A/Sydney/1359/2024_H3N2,2575,0.6677,0.6677
seqneut25to26_sera_1009_d28,A/Sydney/1359/2024_H3N2,plate8-A/Sydney/1359/2024_H3N2,5921,0.4456,0.4456
seqneut25to26_sera_1009_d28,A/Sydney/1359/2024_H3N2,plate8-A/Sydney/1359/2024_H3N2,1.362e+04,0.8838,0.8838
seqneut25to26_sera_1009_d28,A/Sydney/400/2025_H1N1,plate8-A/Sydney/400/2025_H1N1,40,0.0007954,0.0007954
seqneut25to26_sera_1009_d28,A/Sydney/400/2025_H1N1,plate8-A/Sydney/400/2025_H1N1,92,0.0008644,0.0008644
seqneut25to26_sera_1009_d28,A/Sydney/400/2025_H1N1,plate8-A/Sydney/400/2025_H1N1,212,0.006444,0.006444
seqneut25to26_sera_1009_d28,A/Sydney/400/2025_H1N1,plate8-A/Sydney/400/2025_H1N1,487,0.01103,0.01103
seqneut25to26_sera_1009_d28,A/Sydney/400/2025_H1N1,plate8-A/Sydney/400/2025_H1N1,1119,0.2045,0.2045
seqneut25to26_sera_1009_d28,A/Sydney/400/2025_H1N1,plate8-A/Sydney/400/2025_H1N1,2575,0.4621,0.4621
seqneut25to26_sera_1009_d28,A/Sydney/400/2025_H1N1,plate8-A/Sydney/400/2025_H1N1,5921,0.4595,0.4595
seqneut25to26_sera_1009_d28,A/Sydney/400/2025_H1N1,plate8-A/Sydney/400/2025_H1N1,1.362e+04,0.8331,0.8331
seqneut25to26_sera_1009_d28,A/Tasmania/2521815682/2025_H3N2,plate8-A/Tasmania/2521815682/2025_H3N2,40,0.08016,0.08016
seqneut25to26_sera_1009_d28,A/Tasmania/2521815682/2025_H3N2,plate8-A/Tasmania/2521815682/2025_H3N2,92,0.1897,0.1897
seqneut25to26_sera_1009_d28,A/Tasmania/2521815682/2025_H3N2,plate8-A/Tasmania/2521815682/2025_H3N2,212,0.583,0.583
seqneut25to26_sera_1009_d28,A/Tasmania/2521815682/2025_H3N2,plate8-A/Tasmania/2521815682/2025_H3N2,487,0.4603,0.4603
seqneut25to26_sera_1009_d28,A/Tasmania/2521815682/2025_H3N2,plate8-A/Tasmania/2521815682/2025_H3N2,1119,0.661,0.661
seqneut25to26_sera_1009_d28,A/Tasmania/2521815682/2025_H3N2,plate8-A/Tasmania/2521815682/2025_H3N2,2575,0.6643,0.6643
seqneut25to26_sera_1009_d28,A/Tasmania/2521815682/2025_H3N2,plate8-A/Tasmania/2521815682/2025_H3N2,5921,0.5634,0.5634
seqneut25to26_sera_1009_d28,A/Tasmania/2521815682/2025_H3N2,plate8-A/Tasmania/2521815682/2025_H3N2,1.362e+04,0.9252,0.9252
seqneut25to26_sera_1009_d28,A/Thailand/8/2022_H3N2,plate8-A/Thailand/8/2022_H3N2,40,0.0007959,0.0007959
seqneut25to26_sera_1009_d28,A/Thailand/8/2022_H3N2,plate8-A/Thailand/8/2022_H3N2,92,0.009947,0.009947
seqneut25to26_sera_1009_d28,A/Thailand/8/2022_H3N2,plate8-A/Thailand/8/2022_H3N2,212,0.07937,0.07937
seqneut25to26_sera_1009_d28,A/Thailand/8/2022_H3N2,plate8-A/Thailand/8/2022_H3N2,487,0.07144,0.07144
seqneut25to26_sera_1009_d28,A/Thailand/8/2022_H3N2,plate8-A/Thailand/8/2022_H3N2,1119,0.1859,0.1859
seqneut25to26_sera_1009_d28,A/Thailand/8/2022_H3N2,plate8-A/Thailand/8/2022_H3N2,2575,0.4444,0.4444
seqneut25to26_sera_1009_d28,A/Thailand/8/2022_H3N2,plate8-A/Thailand/8/2022_H3N2,5921,0.4239,0.4239
seqneut25to26_sera_1009_d28,A/Thailand/8/2022_H3N2,plate8-A/Thailand/8/2022_H3N2,1.362e+04,0.7856,0.7856
seqneut25to26_sera_1009_d28,A/Vermont/73/2025_H3N2,plate8-A/Vermont/73/2025_H3N2,40,0.03236,0.03236
seqneut25to26_sera_1009_d28,A/Vermont/73/2025_H3N2,plate8-A/Vermont/73/2025_H3N2,92,0.1352,0.1352
seqneut25to26_sera_1009_d28,A/Vermont/73/2025_H3N2,plate8-A/Vermont/73/2025_H3N2,212,0.4278,0.4278
seqneut25to26_sera_1009_d28,A/Vermont/73/2025_H3N2,plate8-A/Vermont/73/2025_H3N2,487,0.4455,0.4455
seqneut25to26_sera_1009_d28,A/Vermont/73/2025_H3N2,plate8-A/Vermont/73/2025_H3N2,1119,0.724,0.724
seqneut25to26_sera_1009_d28,A/Vermont/73/2025_H3N2,plate8-A/Vermont/73/2025_H3N2,2575,0.9532,0.9532
seqneut25to26_sera_1009_d28,A/Vermont/73/2025_H3N2,plate8-A/Vermont/73/2025_H3N2,5921,0.5667,0.5667
seqneut25to26_sera_1009_d28,A/Vermont/73/2025_H3N2,plate8-A/Vermont/73/2025_H3N2,1.362e+04,0.7529,0.7529
seqneut25to26_sera_1009_d28,A/Victoria/4897/2022_IVR-238_H1N1,plate8-A/Victoria/4897/2022_IVR-238_H1N1,40,0,0
seqneut25to26_sera_1009_d28,A/Victoria/4897/2022_IVR-238_H1N1,plate8-A/Victoria/4897/2022_IVR-238_H1N1,92,3.287e-05,3.287e-05
seqneut25to26_sera_1009_d28,A/Victoria/4897/2022_IVR-238_H1N1,plate8-A/Victoria/4897/2022_IVR-238_H1N1,212,0.0001348,0.0001348
seqneut25to26_sera_1009_d28,A/Victoria/4897/2022_IVR-238_H1N1,plate8-A/Victoria/4897/2022_IVR-238_H1N1,487,0,0
seqneut25to26_sera_1009_d28,A/Victoria/4897/2022_IVR-238_H1N1,plate8-A/Victoria/4897/2022_IVR-238_H1N1,1119,0.0001583,0.0001583
seqneut25to26_sera_1009_d28,A/Victoria/4897/2022_IVR-238_H1N1,plate8-A/Victoria/4897/2022_IVR-238_H1N1,2575,0.0003772,0.0003772
seqneut25to26_sera_1009_d28,A/Victoria/4897/2022_IVR-238_H1N1,plate8-A/Victoria/4897/2022_IVR-238_H1N1,5921,0.03331,0.03331
seqneut25to26_sera_1009_d28,A/Victoria/4897/2022_IVR-238_H1N1,plate8-A/Victoria/4897/2022_IVR-238_H1N1,1.362e+04,0.3773,0.3773
seqneut25to26_sera_1009_d28,A/Wisconsin/588/2019_H1N1,plate8-A/Wisconsin/588/2019_H1N1,40,0.0003586,0.0003586
seqneut25to26_sera_1009_d28,A/Wisconsin/588/2019_H1N1,plate8-A/Wisconsin/588/2019_H1N1,92,0.0002489,0.0002489
seqneut25to26_sera_1009_d28,A/Wisconsin/588/2019_H1N1,plate8-A/Wisconsin/588/2019_H1N1,212,0.0003664,0.0003664
seqneut25to26_sera_1009_d28,A/Wisconsin/588/2019_H1N1,plate8-A/Wisconsin/588/2019_H1N1,487,0.0111,0.0111
seqneut25to26_sera_1009_d28,A/Wisconsin/588/2019_H1N1,plate8-A/Wisconsin/588/2019_H1N1,1119,0.2913,0.2913
seqneut25to26_sera_1009_d28,A/Wisconsin/588/2019_H1N1,plate8-A/Wisconsin/588/2019_H1N1,2575,0.5036,0.5036
seqneut25to26_sera_1009_d28,A/Wisconsin/588/2019_H1N1,plate8-A/Wisconsin/588/2019_H1N1,5921,0.6133,0.6133
seqneut25to26_sera_1009_d28,A/Wisconsin/588/2019_H1N1,plate8-A/Wisconsin/588/2019_H1N1,1.362e+04,0.948,0.948
seqneut25to26_sera_1009_d28,A/Wisconsin/67/2022_H1N1,plate8-A/Wisconsin/67/2022_H1N1,40,0.003458,0.003458
seqneut25to26_sera_1009_d28,A/Wisconsin/67/2022_H1N1,plate8-A/Wisconsin/67/2022_H1N1,92,0.1763,0.1763
seqneut25to26_sera_1009_d28,A/Wisconsin/67/2022_H1N1,plate8-A/Wisconsin/67/2022_H1N1,212,0.5717,0.5717
seqneut25to26_sera_1009_d28,A/Wisconsin/67/2022_H1N1,plate8-A/Wisconsin/67/2022_H1N1,487,0.6717,0.6717
seqneut25to26_sera_1009_d28,A/Wisconsin/67/2022_H1N1,plate8-A/Wisconsin/67/2022_H1N1,1119,0.8165,0.8165
seqneut25to26_sera_1009_d28,A/Wisconsin/67/2022_H1N1,plate8-A/Wisconsin/67/2022_H1N1,2575,1.008,1
seqneut25to26_sera_1009_d28,A/Wisconsin/67/2022_H1N1,plate8-A/Wisconsin/67/2022_H1N1,5921,0.702,0.702
seqneut25to26_sera_1009_d28,A/Wisconsin/67/2022_H1N1,plate8-A/Wisconsin/67/2022_H1N1,1.362e+04,0.9628,0.9628
seqneut25to26_sera_1009_d28,A/Zacapa/FLU-261/2025_H1N1,plate8-A/Zacapa/FLU-261/2025_H1N1,40,0.001121,0.001121
seqneut25to26_sera_1009_d28,A/Zacapa/FLU-261/2025_H1N1,plate8-A/Zacapa/FLU-261/2025_H1N1,92,0.1658,0.1658
seqneut25to26_sera_1009_d28,A/Zacapa/FLU-261/2025_H1N1,plate8-A/Zacapa/FLU-261/2025_H1N1,212,0.4713,0.4713
seqneut25to26_sera_1009_d28,A/Zacapa/FLU-261/2025_H1N1,plate8-A/Zacapa/FLU-261/2025_H1N1,487,0.5404,0.5404
seqneut25to26_sera_1009_d28,A/Zacapa/FLU-261/2025_H1N1,plate8-A/Zacapa/FLU-261/2025_H1N1,1119,0.7874,0.7874
seqneut25to26_sera_1009_d28,A/Zacapa/FLU-261/2025_H1N1,plate8-A/Zacapa/FLU-261/2025_H1N1,2575,1.028,1
seqneut25to26_sera_1009_d28,A/Zacapa/FLU-261/2025_H1N1,plate8-A/Zacapa/FLU-261/2025_H1N1,5921,0.6689,0.6689
seqneut25to26_sera_1009_d28,A/Zacapa/FLU-261/2025_H1N1,plate8-A/Zacapa/FLU-261/2025_H1N1,1.362e+04,0.9851,0.9851
seqneut25to26_sera_1013_d0,A/Alagoas/4130/2025_H3N2,plate8-A/Alagoas/4130/2025_H3N2,40,0.1446,0.1446
seqneut25to26_sera_1013_d0,A/Alagoas/4130/2025_H3N2,plate8-A/Alagoas/4130/2025_H3N2,92,0.2951,0.2951
seqneut25to26_sera_1013_d0,A/Alagoas/4130/2025_H3N2,plate8-A/Alagoas/4130/2025_H3N2,212,0.4772,0.4772
seqneut25to26_sera_1013_d0,A/Alagoas/4130/2025_H3N2,plate8-A/Alagoas/4130/2025_H3N2,487,0.8977,0.8977
seqneut25to26_sera_1013_d0,A/Alagoas/4130/2025_H3N2,plate8-A/Alagoas/4130/2025_H3N2,1119,0.7438,0.7438
seqneut25to26_sera_1013_d0,A/Alagoas/4130/2025_H3N2,plate8-A/Alagoas/4130/2025_H3N2,2575,0.7608,0.7608
seqneut25to26_sera_1013_d0,A/Alagoas/4130/2025_H3N2,plate8-A/Alagoas/4130/2025_H3N2,5921,0.6666,0.6666
seqneut25to26_sera_1013_d0,A/Anapolis/LEIAL6543/2025_H3N2,plate8-A/Anapolis/LEIAL6543/2025_H3N2,40,0.1509,0.1509
seqneut25to26_sera_1013_d0,A/Anapolis/LEIAL6543/2025_H3N2,plate8-A/Anapolis/LEIAL6543/2025_H3N2,92,0.1971,0.1971
seqneut25to26_sera_1013_d0,A/Anapolis/LEIAL6543/2025_H3N2,plate8-A/Anapolis/LEIAL6543/2025_H3N2,212,0.4684,0.4684
seqneut25to26_sera_1013_d0,A/Anapolis/LEIAL6543/2025_H3N2,plate8-A/Anapolis/LEIAL6543/2025_H3N2,487,0.4117,0.4117
seqneut25to26_sera_1013_d0,A/Anapolis/LEIAL6543/2025_H3N2,plate8-A/Anapolis/LEIAL6543/2025_H3N2,1119,0.84,0.84
seqneut25to26_sera_1013_d0,A/Anapolis/LEIAL6543/2025_H3N2,plate8-A/Anapolis/LEIAL6543/2025_H3N2,2575,0.908,0.908
seqneut25to26_sera_1013_d0,A/Anapolis/LEIAL6543/2025_H3N2,plate8-A/Anapolis/LEIAL6543/2025_H3N2,5921,0.649,0.649
seqneut25to26_sera_1013_d0,A/Andalucia/PMC-00977/2025_H1N1,plate8-A/Andalucia/PMC-00977/2025_H1N1,40,0.5317,0.5317
seqneut25to26_sera_1013_d0,A/Andalucia/PMC-00977/2025_H1N1,plate8-A/Andalucia/PMC-00977/2025_H1N1,92,0.8967,0.8967
seqneut25to26_sera_1013_d0,A/Andalucia/PMC-00977/2025_H1N1,plate8-A/Andalucia/PMC-00977/2025_H1N1,212,0.9387,0.9387
seqneut25to26_sera_1013_d0,A/Andalucia/PMC-00977/2025_H1N1,plate8-A/Andalucia/PMC-00977/2025_H1N1,487,0.867,0.867
seqneut25to26_sera_1013_d0,A/Andalucia/PMC-00977/2025_H1N1,plate8-A/Andalucia/PMC-00977/2025_H1N1,1119,0.8391,0.8391
seqneut25to26_sera_1013_d0,A/Andalucia/PMC-00977/2025_H1N1,plate8-A/Andalucia/PMC-00977/2025_H1N1,2575,1.135,1
seqneut25to26_sera_1013_d0,A/Andalucia/PMC-00977/2025_H1N1,plate8-A/Andalucia/PMC-00977/2025_H1N1,5921,0.839,0.839
seqneut25to26_sera_1013_d0,A/Aragon/2046/2025_H1N1,plate8-A/Aragon/2046/2025_H1N1,40,0.474,0.474
seqneut25to26_sera_1013_d0,A/Aragon/2046/2025_H1N1,plate8-A/Aragon/2046/2025_H1N1,92,0.9596,0.9596
seqneut25to26_sera_1013_d0,A/Aragon/2046/2025_H1N1,plate8-A/Aragon/2046/2025_H1N1,212,0.7735,0.7735
seqneut25to26_sera_1013_d0,A/Aragon/2046/2025_H1N1,plate8-A/Aragon/2046/2025_H1N1,487,0.8472,0.8472
seqneut25to26_sera_1013_d0,A/Aragon/2046/2025_H1N1,plate8-A/Aragon/2046/2025_H1N1,1119,0.9765,0.9765
seqneut25to26_sera_1013_d0,A/Aragon/2046/2025_H1N1,plate8-A/Aragon/2046/2025_H1N1,2575,0.8369,0.8369
seqneut25to26_sera_1013_d0,A/Aragon/2046/2025_H1N1,plate8-A/Aragon/2046/2025_H1N1,5921,0.8172,0.8172
seqneut25to26_sera_1013_d0,A/Arica/59150/2025_H3N2,plate8-A/Arica/59150/2025_H3N2,40,0.06016,0.06016
seqneut25to26_sera_1013_d0,A/Arica/59150/2025_H3N2,plate8-A/Arica/59150/2025_H3N2,92,0.2164,0.2164
seqneut25to26_sera_1013_d0,A/Arica/59150/2025_H3N2,plate8-A/Arica/59150/2025_H3N2,212,0.3995,0.3995
seqneut25to26_sera_1013_d0,A/Arica/59150/2025_H3N2,plate8-A/Arica/59150/2025_H3N2,487,0.5681,0.5681
seqneut25to26_sera_1013_d0,A/Arica/59150/2025_H3N2,plate8-A/Arica/59150/2025_H3N2,1119,0.8154,0.8154
seqneut25to26_sera_1013_d0,A/Arica/59150/2025_H3N2,plate8-A/Arica/59150/2025_H3N2,2575,0.8838,0.8838
seqneut25to26_sera_1013_d0,A/Arica/59150/2025_H3N2,plate8-A/Arica/59150/2025_H3N2,5921,0.6875,0.6875
seqneut25to26_sera_1013_d0,A/Bahia/3102/2025_H3N2,plate8-A/Bahia/3102/2025_H3N2,40,0.05469,0.05469
seqneut25to26_sera_1013_d0,A/Bahia/3102/2025_H3N2,plate8-A/Bahia/3102/2025_H3N2,92,0.203,0.203
seqneut25to26_sera_1013_d0,A/Bahia/3102/2025_H3N2,plate8-A/Bahia/3102/2025_H3N2,212,0.3255,0.3255
seqneut25to26_sera_1013_d0,A/Bahia/3102/2025_H3N2,plate8-A/Bahia/3102/2025_H3N2,487,0.4588,0.4588
seqneut25to26_sera_1013_d0,A/Bahia/3102/2025_H3N2,plate8-A/Bahia/3102/2025_H3N2,1119,0.6589,0.6589
seqneut25to26_sera_1013_d0,A/Bahia/3102/2025_H3N2,plate8-A/Bahia/3102/2025_H3N2,2575,0.7836,0.7836
seqneut25to26_sera_1013_d0,A/Bahia/3102/2025_H3N2,plate8-A/Bahia/3102/2025_H3N2,5921,0.6269,0.6269
seqneut25to26_sera_1013_d0,A/Bangkok/1803/2025_H1N1,plate8-A/Bangkok/1803/2025_H1N1,40,0.2603,0.2603
seqneut25to26_sera_1013_d0,A/Bangkok/1803/2025_H1N1,plate8-A/Bangkok/1803/2025_H1N1,92,0.4942,0.4942
seqneut25to26_sera_1013_d0,A/Bangkok/1803/2025_H1N1,plate8-A/Bangkok/1803/2025_H1N1,212,0.8505,0.8505
seqneut25to26_sera_1013_d0,A/Bangkok/1803/2025_H1N1,plate8-A/Bangkok/1803/2025_H1N1,487,1.028,1
seqneut25to26_sera_1013_d0,A/Bangkok/1803/2025_H1N1,plate8-A/Bangkok/1803/2025_H1N1,1119,0.9696,0.9696
seqneut25to26_sera_1013_d0,A/Bangkok/1803/2025_H1N1,plate8-A/Bangkok/1803/2025_H1N1,2575,1.114,1
seqneut25to26_sera_1013_d0,A/Bangkok/1803/2025_H1N1,plate8-A/Bangkok/1803/2025_H1N1,5921,0.9215,0.9215
seqneut25to26_sera_1013_d0,A/Bangkok/P2229/2025_H1N1,plate8-A/Bangkok/P2229/2025_H1N1,40,0.2703,0.2703
seqneut25to26_sera_1013_d0,A/Bangkok/P2229/2025_H1N1,plate8-A/Bangkok/P2229/2025_H1N1,92,0.5966,0.5966
seqneut25to26_sera_1013_d0,A/Bangkok/P2229/2025_H1N1,plate8-A/Bangkok/P2229/2025_H1N1,212,0.6657,0.6657
seqneut25to26_sera_1013_d0,A/Bangkok/P2229/2025_H1N1,plate8-A/Bangkok/P2229/2025_H1N1,487,0.8704,0.8704
seqneut25to26_sera_1013_d0,A/Bangkok/P2229/2025_H1N1,plate8-A/Bangkok/P2229/2025_H1N1,1119,0.7317,0.7317
seqneut25to26_sera_1013_d0,A/Bangkok/P2229/2025_H1N1,plate8-A/Bangkok/P2229/2025_H1N1,2575,1.034,1
seqneut25to26_sera_1013_d0,A/Bangkok/P2229/2025_H1N1,plate8-A/Bangkok/P2229/2025_H1N1,5921,0.7664,0.7664
seqneut25to26_sera_1013_d0,A/Bangkok/P2323/2025_H3N2,plate8-A/Bangkok/P2323/2025_H3N2,40,0.247,0.247
seqneut25to26_sera_1013_d0,A/Bangkok/P2323/2025_H3N2,plate8-A/Bangkok/P2323/2025_H3N2,92,0.4865,0.4865
seqneut25to26_sera_1013_d0,A/Bangkok/P2323/2025_H3N2,plate8-A/Bangkok/P2323/2025_H3N2,212,0.6436,0.6436
seqneut25to26_sera_1013_d0,A/Bangkok/P2323/2025_H3N2,plate8-A/Bangkok/P2323/2025_H3N2,487,0.6564,0.6564
seqneut25to26_sera_1013_d0,A/Bangkok/P2323/2025_H3N2,plate8-A/Bangkok/P2323/2025_H3N2,1119,0.7187,0.7187
seqneut25to26_sera_1013_d0,A/Bangkok/P2323/2025_H3N2,plate8-A/Bangkok/P2323/2025_H3N2,2575,0.8898,0.8898
seqneut25to26_sera_1013_d0,A/Bangkok/P2323/2025_H3N2,plate8-A/Bangkok/P2323/2025_H3N2,5921,0.7864,0.7864
seqneut25to26_sera_1013_d0,A/Bangkok/P2390/2025_H3N2,plate8-A/Bangkok/P2390/2025_H3N2,40,0.05649,0.05649
seqneut25to26_sera_1013_d0,A/Bangkok/P2390/2025_H3N2,plate8-A/Bangkok/P2390/2025_H3N2,92,0.16,0.16
seqneut25to26_sera_1013_d0,A/Bangkok/P2390/2025_H3N2,plate8-A/Bangkok/P2390/2025_H3N2,212,0.3627,0.3627
seqneut25to26_sera_1013_d0,A/Bangkok/P2390/2025_H3N2,plate8-A/Bangkok/P2390/2025_H3N2,487,0.6118,0.6118
seqneut25to26_sera_1013_d0,A/Bangkok/P2390/2025_H3N2,plate8-A/Bangkok/P2390/2025_H3N2,1119,0.6769,0.6769
seqneut25to26_sera_1013_d0,A/Bangkok/P2390/2025_H3N2,plate8-A/Bangkok/P2390/2025_H3N2,2575,0.9394,0.9394
seqneut25to26_sera_1013_d0,A/Bangkok/P2390/2025_H3N2,plate8-A/Bangkok/P2390/2025_H3N2,5921,0.8619,0.8619
seqneut25to26_sera_1013_d0,A/Bangkok/P2391/2025_H3N2,plate8-A/Bangkok/P2391/2025_H3N2,40,0.1086,0.1086
seqneut25to26_sera_1013_d0,A/Bangkok/P2391/2025_H3N2,plate8-A/Bangkok/P2391/2025_H3N2,92,0.275,0.275
seqneut25to26_sera_1013_d0,A/Bangkok/P2391/2025_H3N2,plate8-A/Bangkok/P2391/2025_H3N2,212,0.4701,0.4701
seqneut25to26_sera_1013_d0,A/Bangkok/P2391/2025_H3N2,plate8-A/Bangkok/P2391/2025_H3N2,487,0.5933,0.5933
seqneut25to26_sera_1013_d0,A/Bangkok/P2391/2025_H3N2,plate8-A/Bangkok/P2391/2025_H3N2,1119,0.6841,0.6841
seqneut25to26_sera_1013_d0,A/Bangkok/P2391/2025_H3N2,plate8-A/Bangkok/P2391/2025_H3N2,2575,0.6508,0.6508
seqneut25to26_sera_1013_d0,A/Bangkok/P2391/2025_H3N2,plate8-A/Bangkok/P2391/2025_H3N2,5921,0.7456,0.7456
seqneut25to26_sera_1013_d0,A/Bangkok/P2572/2025_H3N2,plate8-A/Bangkok/P2572/2025_H3N2,40,0.03361,0.03361
seqneut25to26_sera_1013_d0,A/Bangkok/P2572/2025_H3N2,plate8-A/Bangkok/P2572/2025_H3N2,92,0.1871,0.1871
seqneut25to26_sera_1013_d0,A/Bangkok/P2572/2025_H3N2,plate8-A/Bangkok/P2572/2025_H3N2,212,0.3557,0.3557
seqneut25to26_sera_1013_d0,A/Bangkok/P2572/2025_H3N2,plate8-A/Bangkok/P2572/2025_H3N2,487,0.5267,0.5267
seqneut25to26_sera_1013_d0,A/Bangkok/P2572/2025_H3N2,plate8-A/Bangkok/P2572/2025_H3N2,1119,0.6651,0.6651
seqneut25to26_sera_1013_d0,A/Bangkok/P2572/2025_H3N2,plate8-A/Bangkok/P2572/2025_H3N2,2575,0.7703,0.7703
seqneut25to26_sera_1013_d0,A/Bangkok/P2572/2025_H3N2,plate8-A/Bangkok/P2572/2025_H3N2,5921,0.6197,0.6197
seqneut25to26_sera_1013_d0,A/Bangkok/P2921/2025_H3N2,plate8-A/Bangkok/P2921/2025_H3N2,40,0.2219,0.2219
seqneut25to26_sera_1013_d0,A/Bangkok/P2921/2025_H3N2,plate8-A/Bangkok/P2921/2025_H3N2,92,0.4234,0.4234
seqneut25to26_sera_1013_d0,A/Bangkok/P2921/2025_H3N2,plate8-A/Bangkok/P2921/2025_H3N2,212,0.5442,0.5442
seqneut25to26_sera_1013_d0,A/Bangkok/P2921/2025_H3N2,plate8-A/Bangkok/P2921/2025_H3N2,487,0.7368,0.7368
seqneut25to26_sera_1013_d0,A/Bangkok/P2921/2025_H3N2,plate8-A/Bangkok/P2921/2025_H3N2,1119,0.7359,0.7359
seqneut25to26_sera_1013_d0,A/Bangkok/P2921/2025_H3N2,plate8-A/Bangkok/P2921/2025_H3N2,2575,0.9553,0.9553
seqneut25to26_sera_1013_d0,A/Bangkok/P2921/2025_H3N2,plate8-A/Bangkok/P2921/2025_H3N2,5921,0.7257,0.7257
seqneut25to26_sera_1013_d0,A/Bangkok/P3067/2025_H1N1,plate8-A/Bangkok/P3067/2025_H1N1,40,0.3515,0.3515
seqneut25to26_sera_1013_d0,A/Bangkok/P3067/2025_H1N1,plate8-A/Bangkok/P3067/2025_H1N1,92,0.6907,0.6907
seqneut25to26_sera_1013_d0,A/Bangkok/P3067/2025_H1N1,plate8-A/Bangkok/P3067/2025_H1N1,212,0.7156,0.7156
seqneut25to26_sera_1013_d0,A/Bangkok/P3067/2025_H1N1,plate8-A/Bangkok/P3067/2025_H1N1,487,0.7237,0.7237
seqneut25to26_sera_1013_d0,A/Bangkok/P3067/2025_H1N1,plate8-A/Bangkok/P3067/2025_H1N1,1119,0.8242,0.8242
seqneut25to26_sera_1013_d0,A/Bangkok/P3067/2025_H1N1,plate8-A/Bangkok/P3067/2025_H1N1,2575,1.04,1
seqneut25to26_sera_1013_d0,A/Bangkok/P3067/2025_H1N1,plate8-A/Bangkok/P3067/2025_H1N1,5921,0.8258,0.8258
seqneut25to26_sera_1013_d0,A/Bangkok/P3263/2025_H3N2,plate8-A/Bangkok/P3263/2025_H3N2,40,0.05492,0.05492
seqneut25to26_sera_1013_d0,A/Bangkok/P3263/2025_H3N2,plate8-A/Bangkok/P3263/2025_H3N2,92,0.1168,0.1168
seqneut25to26_sera_1013_d0,A/Bangkok/P3263/2025_H3N2,plate8-A/Bangkok/P3263/2025_H3N2,212,0.4111,0.4111
seqneut25to26_sera_1013_d0,A/Bangkok/P3263/2025_H3N2,plate8-A/Bangkok/P3263/2025_H3N2,487,0.6754,0.6754
seqneut25to26_sera_1013_d0,A/Bangkok/P3263/2025_H3N2,plate8-A/Bangkok/P3263/2025_H3N2,1119,0.8289,0.8289
seqneut25to26_sera_1013_d0,A/Bangkok/P3263/2025_H3N2,plate8-A/Bangkok/P3263/2025_H3N2,2575,0.8644,0.8644
seqneut25to26_sera_1013_d0,A/Bangkok/P3263/2025_H3N2,plate8-A/Bangkok/P3263/2025_H3N2,5921,0.6325,0.6325
seqneut25to26_sera_1013_d0,A/Belgium/H0097/2025_H3N2,plate8-A/Belgium/H0097/2025_H3N2,40,0.05245,0.05245
seqneut25to26_sera_1013_d0,A/Belgium/H0097/2025_H3N2,plate8-A/Belgium/H0097/2025_H3N2,92,0.09613,0.09613
seqneut25to26_sera_1013_d0,A/Belgium/H0097/2025_H3N2,plate8-A/Belgium/H0097/2025_H3N2,212,0.2802,0.2802
seqneut25to26_sera_1013_d0,A/Belgium/H0097/2025_H3N2,plate8-A/Belgium/H0097/2025_H3N2,487,0.5313,0.5313
seqneut25to26_sera_1013_d0,A/Belgium/H0097/2025_H3N2,plate8-A/Belgium/H0097/2025_H3N2,1119,0.6147,0.6147
seqneut25to26_sera_1013_d0,A/Belgium/H0097/2025_H3N2,plate8-A/Belgium/H0097/2025_H3N2,2575,0.7167,0.7167
seqneut25to26_sera_1013_d0,A/Belgium/H0097/2025_H3N2,plate8-A/Belgium/H0097/2025_H3N2,5921,0.7271,0.7271
seqneut25to26_sera_1013_d0,A/Bhutan/1267/2025_H3N2,plate8-A/Bhutan/1267/2025_H3N2,40,0.03434,0.03434
seqneut25to26_sera_1013_d0,A/Bhutan/1267/2025_H3N2,plate8-A/Bhutan/1267/2025_H3N2,92,0.2187,0.2187
seqneut25to26_sera_1013_d0,A/Bhutan/1267/2025_H3N2,plate8-A/Bhutan/1267/2025_H3N2,212,0.4505,0.4505
seqneut25to26_sera_1013_d0,A/Bhutan/1267/2025_H3N2,plate8-A/Bhutan/1267/2025_H3N2,487,0.5935,0.5935
seqneut25to26_sera_1013_d0,A/Bhutan/1267/2025_H3N2,plate8-A/Bhutan/1267/2025_H3N2,1119,0.6611,0.6611
seqneut25to26_sera_1013_d0,A/Bhutan/1267/2025_H3N2,plate8-A/Bhutan/1267/2025_H3N2,2575,0.7701,0.7701
seqneut25to26_sera_1013_d0,A/Bhutan/1267/2025_H3N2,plate8-A/Bhutan/1267/2025_H3N2,5921,0.6685,0.6685
seqneut25to26_sera_1013_d0,A/Bhutan/7/2025_H3N2,plate8-A/Bhutan/7/2025_H3N2,40,0.117,0.117
seqneut25to26_sera_1013_d0,A/Bhutan/7/2025_H3N2,plate8-A/Bhutan/7/2025_H3N2,92,0.2617,0.2617
seqneut25to26_sera_1013_d0,A/Bhutan/7/2025_H3N2,plate8-A/Bhutan/7/2025_H3N2,212,0.5234,0.5234
seqneut25to26_sera_1013_d0,A/Bhutan/7/2025_H3N2,plate8-A/Bhutan/7/2025_H3N2,487,0.6482,0.6482
seqneut25to26_sera_1013_d0,A/Bhutan/7/2025_H3N2,plate8-A/Bhutan/7/2025_H3N2,1119,0.9977,0.9977
seqneut25to26_sera_1013_d0,A/Bhutan/7/2025_H3N2,plate8-A/Bhutan/7/2025_H3N2,2575,0.8681,0.8681
seqneut25to26_sera_1013_d0,A/Bhutan/7/2025_H3N2,plate8-A/Bhutan/7/2025_H3N2,5921,1.123,1
seqneut25to26_sera_1013_d0,A/BritishColumbia/PHL-2473/2025_H1N1,plate8-A/BritishColumbia/PHL-2473/2025_H1N1,40,0.3102,0.3102
seqneut25to26_sera_1013_d0,A/BritishColumbia/PHL-2473/2025_H1N1,plate8-A/BritishColumbia/PHL-2473/2025_H1N1,92,0.5855,0.5855
seqneut25to26_sera_1013_d0,A/BritishColumbia/PHL-2473/2025_H1N1,plate8-A/BritishColumbia/PHL-2473/2025_H1N1,212,0.7145,0.7145
seqneut25to26_sera_1013_d0,A/BritishColumbia/PHL-2473/2025_H1N1,plate8-A/BritishColumbia/PHL-2473/2025_H1N1,487,0.8187,0.8187
seqneut25to26_sera_1013_d0,A/BritishColumbia/PHL-2473/2025_H1N1,plate8-A/BritishColumbia/PHL-2473/2025_H1N1,1119,0.7669,0.7669
seqneut25to26_sera_1013_d0,A/BritishColumbia/PHL-2473/2025_H1N1,plate8-A/BritishColumbia/PHL-2473/2025_H1N1,2575,0.8488,0.8488
seqneut25to26_sera_1013_d0,A/BritishColumbia/PHL-2473/2025_H1N1,plate8-A/BritishColumbia/PHL-2473/2025_H1N1,5921,1.011,1
seqneut25to26_sera_1013_d0,A/California/61/2025_H3N2,plate8-A/California/61/2025_H3N2,40,0.03434,0.03434
seqneut25to26_sera_1013_d0,A/California/61/2025_H3N2,plate8-A/California/61/2025_H3N2,92,0.2888,0.2888
seqneut25to26_sera_1013_d0,A/California/61/2025_H3N2,plate8-A/California/61/2025_H3N2,212,0.37,0.37
seqneut25to26_sera_1013_d0,A/California/61/2025_H3N2,plate8-A/California/61/2025_H3N2,487,0.5175,0.5175
seqneut25to26_sera_1013_d0,A/California/61/2025_H3N2,plate8-A/California/61/2025_H3N2,1119,0.6627,0.6627
seqneut25to26_sera_1013_d0,A/California/61/2025_H3N2,plate8-A/California/61/2025_H3N2,2575,0.6661,0.6661
seqneut25to26_sera_1013_d0,A/California/61/2025_H3N2,plate8-A/California/61/2025_H3N2,5921,0.7243,0.7243
seqneut25to26_sera_1013_d0,A/California/63/2025_H1N1,plate8-A/California/63/2025_H1N1,40,0.4374,0.4374
seqneut25to26_sera_1013_d0,A/California/63/2025_H1N1,plate8-A/California/63/2025_H1N1,92,0.5689,0.5689
seqneut25to26_sera_1013_d0,A/California/63/2025_H1N1,plate8-A/California/63/2025_H1N1,212,0.7253,0.7253
seqneut25to26_sera_1013_d0,A/California/63/2025_H1N1,plate8-A/California/63/2025_H1N1,487,0.8796,0.8796
seqneut25to26_sera_1013_d0,A/California/63/2025_H1N1,plate8-A/California/63/2025_H1N1,1119,0.6965,0.6965
seqneut25to26_sera_1013_d0,A/California/63/2025_H1N1,plate8-A/California/63/2025_H1N1,2575,1.043,1
seqneut25to26_sera_1013_d0,A/California/63/2025_H1N1,plate8-A/California/63/2025_H1N1,5921,0.7743,0.7743
seqneut25to26_sera_1013_d0,A/Canberra/465/2025_H1N1,plate8-A/Canberra/465/2025_H1N1,40,0.3063,0.3063
seqneut25to26_sera_1013_d0,A/Canberra/465/2025_H1N1,plate8-A/Canberra/465/2025_H1N1,92,0.4719,0.4719
seqneut25to26_sera_1013_d0,A/Canberra/465/2025_H1N1,plate8-A/Canberra/465/2025_H1N1,212,0.745,0.745
seqneut25to26_sera_1013_d0,A/Canberra/465/2025_H1N1,plate8-A/Canberra/465/2025_H1N1,487,0.8857,0.8857
seqneut25to26_sera_1013_d0,A/Canberra/465/2025_H1N1,plate8-A/Canberra/465/2025_H1N1,1119,0.8534,0.8534
seqneut25to26_sera_1013_d0,A/Canberra/465/2025_H1N1,plate8-A/Canberra/465/2025_H1N1,2575,1.158,1
seqneut25to26_sera_1013_d0,A/Canberra/465/2025_H1N1,plate8-A/Canberra/465/2025_H1N1,5921,0.8279,0.8279
seqneut25to26_sera_1013_d0,A/Canberra/530/2025_H1N1,plate8-A/Canberra/530/2025_H1N1,40,0.3394,0.3394
seqneut25to26_sera_1013_d0,A/Canberra/530/2025_H1N1,plate8-A/Canberra/530/2025_H1N1,92,0.6694,0.6694
seqneut25to26_sera_1013_d0,A/Canberra/530/2025_H1N1,plate8-A/Canberra/530/2025_H1N1,212,0.709,0.709
seqneut25to26_sera_1013_d0,A/Canberra/530/2025_H1N1,plate8-A/Canberra/530/2025_H1N1,487,0.8484,0.8484
seqneut25to26_sera_1013_d0,A/Canberra/530/2025_H1N1,plate8-A/Canberra/530/2025_H1N1,1119,0.9233,0.9233
seqneut25to26_sera_1013_d0,A/Canberra/530/2025_H1N1,plate8-A/Canberra/530/2025_H1N1,2575,0.9795,0.9795
seqneut25to26_sera_1013_d0,A/Canberra/530/2025_H1N1,plate8-A/Canberra/530/2025_H1N1,5921,0.8504,0.8504
seqneut25to26_sera_1013_d0,A/Catalonia/NSVH102689455/2025_H1N1,plate8-A/Catalonia/NSVH102689455/2025_H1N1,40,0.2592,0.2592
seqneut25to26_sera_1013_d0,A/Catalonia/NSVH102689455/2025_H1N1,plate8-A/Catalonia/NSVH102689455/2025_H1N1,92,0.5148,0.5148
seqneut25to26_sera_1013_d0,A/Catalonia/NSVH102689455/2025_H1N1,plate8-A/Catalonia/NSVH102689455/2025_H1N1,212,0.8115,0.8115
seqneut25to26_sera_1013_d0,A/Catalonia/NSVH102689455/2025_H1N1,plate8-A/Catalonia/NSVH102689455/2025_H1N1,487,0.6585,0.6585
seqneut25to26_sera_1013_d0,A/Catalonia/NSVH102689455/2025_H1N1,plate8-A/Catalonia/NSVH102689455/2025_H1N1,1119,0.8358,0.8358
seqneut25to26_sera_1013_d0,A/Catalonia/NSVH102689455/2025_H1N1,plate8-A/Catalonia/NSVH102689455/2025_H1N1,2575,1.099,1
seqneut25to26_sera_1013_d0,A/Catalonia/NSVH102689455/2025_H1N1,plate8-A/Catalonia/NSVH102689455/2025_H1N1,5921,0.7968,0.7968
seqneut25to26_sera_1013_d0,A/Colorado/105/2025_H1N1,plate8-A/Colorado/105/2025_H1N1,40,0.8496,0.8496
seqneut25to26_sera_1013_d0,A/Colorado/105/2025_H1N1,plate8-A/Colorado/105/2025_H1N1,92,0.7961,0.7961
seqneut25to26_sera_1013_d0,A/Colorado/105/2025_H1N1,plate8-A/Colorado/105/2025_H1N1,212,0.7605,0.7605
seqneut25to26_sera_1013_d0,A/Colorado/105/2025_H1N1,plate8-A/Colorado/105/2025_H1N1,487,0.7994,0.7994
seqneut25to26_sera_1013_d0,A/Colorado/105/2025_H1N1,plate8-A/Colorado/105/2025_H1N1,1119,1.14,1
seqneut25to26_sera_1013_d0,A/Colorado/105/2025_H1N1,plate8-A/Colorado/105/2025_H1N1,2575,0.9805,0.9805
seqneut25to26_sera_1013_d0,A/Colorado/105/2025_H1N1,plate8-A/Colorado/105/2025_H1N1,5921,0.8484,0.8484
seqneut25to26_sera_1013_d0,A/CoteDIvoire/2007/2025_H1N1,plate8-A/CoteDIvoire/2007/2025_H1N1,40,0.3334,0.3334
seqneut25to26_sera_1013_d0,A/CoteDIvoire/2007/2025_H1N1,plate8-A/CoteDIvoire/2007/2025_H1N1,92,0.5467,0.5467
seqneut25to26_sera_1013_d0,A/CoteDIvoire/2007/2025_H1N1,plate8-A/CoteDIvoire/2007/2025_H1N1,212,0.8903,0.8903
seqneut25to26_sera_1013_d0,A/CoteDIvoire/2007/2025_H1N1,plate8-A/CoteDIvoire/2007/2025_H1N1,487,0.9462,0.9462
seqneut25to26_sera_1013_d0,A/CoteDIvoire/2007/2025_H1N1,plate8-A/CoteDIvoire/2007/2025_H1N1,1119,0.8696,0.8696
seqneut25to26_sera_1013_d0,A/CoteDIvoire/2007/2025_H1N1,plate8-A/CoteDIvoire/2007/2025_H1N1,2575,1.005,1
seqneut25to26_sera_1013_d0,A/CoteDIvoire/2007/2025_H1N1,plate8-A/CoteDIvoire/2007/2025_H1N1,5921,0.9274,0.9274
seqneut25to26_sera_1013_d0,A/Croatia/10136RV/2023-egg_H3N2,plate8-A/Croatia/10136RV/2023-egg_H3N2,40,0.02027,0.02027
seqneut25to26_sera_1013_d0,A/Croatia/10136RV/2023-egg_H3N2,plate8-A/Croatia/10136RV/2023-egg_H3N2,92,0.06261,0.06261
seqneut25to26_sera_1013_d0,A/Croatia/10136RV/2023-egg_H3N2,plate8-A/Croatia/10136RV/2023-egg_H3N2,212,0.08803,0.08803
seqneut25to26_sera_1013_d0,A/Croatia/10136RV/2023-egg_H3N2,plate8-A/Croatia/10136RV/2023-egg_H3N2,487,0.2709,0.2709
seqneut25to26_sera_1013_d0,A/Croatia/10136RV/2023-egg_H3N2,plate8-A/Croatia/10136RV/2023-egg_H3N2,1119,0.3525,0.3525
seqneut25to26_sera_1013_d0,A/Croatia/10136RV/2023-egg_H3N2,plate8-A/Croatia/10136RV/2023-egg_H3N2,2575,0.7186,0.7186
seqneut25to26_sera_1013_d0,A/Croatia/10136RV/2023-egg_H3N2,plate8-A/Croatia/10136RV/2023-egg_H3N2,5921,0.5624,0.5624
seqneut25to26_sera_1013_d0,A/Darwin/1405/2025_H1N1,plate8-A/Darwin/1405/2025_H1N1,40,0.3133,0.3133
seqneut25to26_sera_1013_d0,A/Darwin/1405/2025_H1N1,plate8-A/Darwin/1405/2025_H1N1,92,0.5839,0.5839
seqneut25to26_sera_1013_d0,A/Darwin/1405/2025_H1N1,plate8-A/Darwin/1405/2025_H1N1,212,0.6767,0.6767
seqneut25to26_sera_1013_d0,A/Darwin/1405/2025_H1N1,plate8-A/Darwin/1405/2025_H1N1,487,0.9085,0.9085
seqneut25to26_sera_1013_d0,A/Darwin/1405/2025_H1N1,plate8-A/Darwin/1405/2025_H1N1,1119,0.823,0.823
seqneut25to26_sera_1013_d0,A/Darwin/1405/2025_H1N1,plate8-A/Darwin/1405/2025_H1N1,2575,0.9958,0.9958
seqneut25to26_sera_1013_d0,A/Darwin/1405/2025_H1N1,plate8-A/Darwin/1405/2025_H1N1,5921,0.8431,0.8431
seqneut25to26_sera_1013_d0,A/Darwin/1461/2025_H3N2,plate8-A/Darwin/1461/2025_H3N2,40,0.2287,0.2287
seqneut25to26_sera_1013_d0,A/Darwin/1461/2025_H3N2,plate8-A/Darwin/1461/2025_H3N2,92,0.4162,0.4162
seqneut25to26_sera_1013_d0,A/Darwin/1461/2025_H3N2,plate8-A/Darwin/1461/2025_H3N2,212,0.9132,0.9132
seqneut25to26_sera_1013_d0,A/Darwin/1461/2025_H3N2,plate8-A/Darwin/1461/2025_H3N2,487,0.7114,0.7114
seqneut25to26_sera_1013_d0,A/Darwin/1461/2025_H3N2,plate8-A/Darwin/1461/2025_H3N2,1119,0.7117,0.7117
seqneut25to26_sera_1013_d0,A/Darwin/1461/2025_H3N2,plate8-A/Darwin/1461/2025_H3N2,2575,1.146,1
seqneut25to26_sera_1013_d0,A/Darwin/1461/2025_H3N2,plate8-A/Darwin/1461/2025_H3N2,5921,0.7685,0.7685
seqneut25to26_sera_1013_d0,A/Denmark/3070/2025_H1N1,plate8-A/Denmark/3070/2025_H1N1,40,0.2941,0.2941
seqneut25to26_sera_1013_d0,A/Denmark/3070/2025_H1N1,plate8-A/Denmark/3070/2025_H1N1,92,0.7435,0.7435
seqneut25to26_sera_1013_d0,A/Denmark/3070/2025_H1N1,plate8-A/Denmark/3070/2025_H1N1,212,0.7412,0.7412
seqneut25to26_sera_1013_d0,A/Denmark/3070/2025_H1N1,plate8-A/Denmark/3070/2025_H1N1,487,0.8645,0.8645
seqneut25to26_sera_1013_d0,A/Denmark/3070/2025_H1N1,plate8-A/Denmark/3070/2025_H1N1,1119,1.016,1
seqneut25to26_sera_1013_d0,A/Denmark/3070/2025_H1N1,plate8-A/Denmark/3070/2025_H1N1,2575,1.02,1
seqneut25to26_sera_1013_d0,A/Denmark/3070/2025_H1N1,plate8-A/Denmark/3070/2025_H1N1,5921,0.8985,0.8985
seqneut25to26_sera_1013_d0,A/DistrictOfColumbia/27/2023_H3N2,plate8-A/DistrictOfColumbia/27/2023_H3N2,40,0.06967,0.06967
seqneut25to26_sera_1013_d0,A/DistrictOfColumbia/27/2023_H3N2,plate8-A/DistrictOfColumbia/27/2023_H3N2,92,0.5055,0.5055
seqneut25to26_sera_1013_d0,A/DistrictOfColumbia/27/2023_H3N2,plate8-A/DistrictOfColumbia/27/2023_H3N2,212,0.3795,0.3795
seqneut25to26_sera_1013_d0,A/DistrictOfColumbia/27/2023_H3N2,plate8-A/DistrictOfColumbia/27/2023_H3N2,487,0.6896,0.6896
seqneut25to26_sera_1013_d0,A/DistrictOfColumbia/27/2023_H3N2,plate8-A/DistrictOfColumbia/27/2023_H3N2,1119,0.7013,0.7013
seqneut25to26_sera_1013_d0,A/DistrictOfColumbia/27/2023_H3N2,plate8-A/DistrictOfColumbia/27/2023_H3N2,2575,0.8193,0.8193
seqneut25to26_sera_1013_d0,A/DistrictOfColumbia/27/2023_H3N2,plate8-A/DistrictOfColumbia/27/2023_H3N2,5921,0.5898,0.5898
seqneut25to26_sera_1013_d0,A/DistrictOfColumbia/57/2025_H3N2,plate8-A/DistrictOfColumbia/57/2025_H3N2,40,0.05877,0.05877
seqneut25to26_sera_1013_d0,A/DistrictOfColumbia/57/2025_H3N2,plate8-A/DistrictOfColumbia/57/2025_H3N2,92,0.1798,0.1798
seqneut25to26_sera_1013_d0,A/DistrictOfColumbia/57/2025_H3N2,plate8-A/DistrictOfColumbia/57/2025_H3N2,212,0.4322,0.4322
seqneut25to26_sera_1013_d0,A/DistrictOfColumbia/57/2025_H3N2,plate8-A/DistrictOfColumbia/57/2025_H3N2,487,0.6709,0.6709
seqneut25to26_sera_1013_d0,A/DistrictOfColumbia/57/2025_H3N2,plate8-A/DistrictOfColumbia/57/2025_H3N2,1119,0.6793,0.6793
seqneut25to26_sera_1013_d0,A/DistrictOfColumbia/57/2025_H3N2,plate8-A/DistrictOfColumbia/57/2025_H3N2,2575,0.9395,0.9395
seqneut25to26_sera_1013_d0,A/DistrictOfColumbia/57/2025_H3N2,plate8-A/DistrictOfColumbia/57/2025_H3N2,5921,0.8383,0.8383
seqneut25to26_sera_1013_d0,A/DistritoFederal/250106000728/2025_H3N2,plate8-A/DistritoFederal/250106000728/2025_H3N2,40,0.1986,0.1986
seqneut25to26_sera_1013_d0,A/DistritoFederal/250106000728/2025_H3N2,plate8-A/DistritoFederal/250106000728/2025_H3N2,92,0.2514,0.2514
seqneut25to26_sera_1013_d0,A/DistritoFederal/250106000728/2025_H3N2,plate8-A/DistritoFederal/250106000728/2025_H3N2,212,0.3872,0.3872
seqneut25to26_sera_1013_d0,A/DistritoFederal/250106000728/2025_H3N2,plate8-A/DistritoFederal/250106000728/2025_H3N2,487,0.51,0.51
seqneut25to26_sera_1013_d0,A/DistritoFederal/250106000728/2025_H3N2,plate8-A/DistritoFederal/250106000728/2025_H3N2,1119,0.667,0.667
seqneut25to26_sera_1013_d0,A/DistritoFederal/250106000728/2025_H3N2,plate8-A/DistritoFederal/250106000728/2025_H3N2,2575,0.7023,0.7023
seqneut25to26_sera_1013_d0,A/DistritoFederal/250106000728/2025_H3N2,plate8-A/DistritoFederal/250106000728/2025_H3N2,5921,0.6489,0.6489
seqneut25to26_sera_1013_d0,A/DistritoFederal/2578578201/2025_H3N2,plate8-A/DistritoFederal/2578578201/2025_H3N2,40,0.2262,0.2262
seqneut25to26_sera_1013_d0,A/DistritoFederal/2578578201/2025_H3N2,plate8-A/DistritoFederal/2578578201/2025_H3N2,92,0.3928,0.3928
seqneut25to26_sera_1013_d0,A/DistritoFederal/2578578201/2025_H3N2,plate8-A/DistritoFederal/2578578201/2025_H3N2,212,0.4747,0.4747
seqneut25to26_sera_1013_d0,A/DistritoFederal/2578578201/2025_H3N2,plate8-A/DistritoFederal/2578578201/2025_H3N2,487,0.5137,0.5137
seqneut25to26_sera_1013_d0,A/DistritoFederal/2578578201/2025_H3N2,plate8-A/DistritoFederal/2578578201/2025_H3N2,1119,0.7855,0.7855
seqneut25to26_sera_1013_d0,A/DistritoFederal/2578578201/2025_H3N2,plate8-A/DistritoFederal/2578578201/2025_H3N2,2575,0.9643,0.9643
seqneut25to26_sera_1013_d0,A/DistritoFederal/2578578201/2025_H3N2,plate8-A/DistritoFederal/2578578201/2025_H3N2,5921,0.8328,0.8328
seqneut25to26_sera_1013_d0,A/England/174/2025_H3N2,plate8-A/England/174/2025_H3N2,40,0.07254,0.07254
seqneut25to26_sera_1013_d0,A/England/174/2025_H3N2,plate8-A/England/174/2025_H3N2,92,0.3864,0.3864
seqneut25to26_sera_1013_d0,A/England/174/2025_H3N2,plate8-A/England/174/2025_H3N2,212,0.5112,0.5112
seqneut25to26_sera_1013_d0,A/England/174/2025_H3N2,plate8-A/England/174/2025_H3N2,487,0.8229,0.8229
seqneut25to26_sera_1013_d0,A/England/174/2025_H3N2,plate8-A/England/174/2025_H3N2,1119,0.7306,0.7306
seqneut25to26_sera_1013_d0,A/England/174/2025_H3N2,plate8-A/England/174/2025_H3N2,2575,0.8482,0.8482
seqneut25to26_sera_1013_d0,A/England/174/2025_H3N2,plate8-A/England/174/2025_H3N2,5921,0.9009,0.9009
seqneut25to26_sera_1013_d0,A/England/1822256/2025_H1N1,plate8-A/England/1822256/2025_H1N1,40,0.3783,0.3783
seqneut25to26_sera_1013_d0,A/England/1822256/2025_H1N1,plate8-A/England/1822256/2025_H1N1,92,0.7387,0.7387
seqneut25to26_sera_1013_d0,A/England/1822256/2025_H1N1,plate8-A/England/1822256/2025_H1N1,212,0.8024,0.8024
seqneut25to26_sera_1013_d0,A/England/1822256/2025_H1N1,plate8-A/England/1822256/2025_H1N1,487,0.8536,0.8536
seqneut25to26_sera_1013_d0,A/England/1822256/2025_H1N1,plate8-A/England/1822256/2025_H1N1,1119,0.873,0.873
seqneut25to26_sera_1013_d0,A/England/1822256/2025_H1N1,plate8-A/England/1822256/2025_H1N1,2575,0.9466,0.9466
seqneut25to26_sera_1013_d0,A/England/1822256/2025_H1N1,plate8-A/England/1822256/2025_H1N1,5921,0.8534,0.8534
seqneut25to26_sera_1013_d0,A/England/1837734/2025_H3N2,plate8-A/England/1837734/2025_H3N2,40,0.03626,0.03626
seqneut25to26_sera_1013_d0,A/England/1837734/2025_H3N2,plate8-A/England/1837734/2025_H3N2,92,0.3779,0.3779
seqneut25to26_sera_1013_d0,A/England/1837734/2025_H3N2,plate8-A/England/1837734/2025_H3N2,212,0.3433,0.3433
seqneut25to26_sera_1013_d0,A/England/1837734/2025_H3N2,plate8-A/England/1837734/2025_H3N2,487,0.6003,0.6003
seqneut25to26_sera_1013_d0,A/England/1837734/2025_H3N2,plate8-A/England/1837734/2025_H3N2,1119,0.7588,0.7588
seqneut25to26_sera_1013_d0,A/England/1837734/2025_H3N2,plate8-A/England/1837734/2025_H3N2,2575,0.8783,0.8783
seqneut25to26_sera_1013_d0,A/England/1837734/2025_H3N2,plate8-A/England/1837734/2025_H3N2,5921,0.8087,0.8087
seqneut25to26_sera_1013_d0,A/England/1837737/2025_H3N2,plate8-A/England/1837737/2025_H3N2,40,0.04292,0.04292
seqneut25to26_sera_1013_d0,A/England/1837737/2025_H3N2,plate8-A/England/1837737/2025_H3N2,92,0.2453,0.2453
seqneut25to26_sera_1013_d0,A/England/1837737/2025_H3N2,plate8-A/England/1837737/2025_H3N2,212,0.2949,0.2949
seqneut25to26_sera_1013_d0,A/England/1837737/2025_H3N2,plate8-A/England/1837737/2025_H3N2,487,0.6498,0.6498
seqneut25to26_sera_1013_d0,A/England/1837737/2025_H3N2,plate8-A/England/1837737/2025_H3N2,1119,1.024,1
seqneut25to26_sera_1013_d0,A/England/1837737/2025_H3N2,plate8-A/England/1837737/2025_H3N2,2575,0.6638,0.6638
seqneut25to26_sera_1013_d0,A/England/1837737/2025_H3N2,plate8-A/England/1837737/2025_H3N2,5921,0.8312,0.8312
seqneut25to26_sera_1013_d0,A/France/ARA-HCL025155099501/2025_H1N1,plate8-A/France/ARA-HCL025155099501/2025_H1N1,40,0.3278,0.3278
seqneut25to26_sera_1013_d0,A/France/ARA-HCL025155099501/2025_H1N1,plate8-A/France/ARA-HCL025155099501/2025_H1N1,92,0.6792,0.6792
seqneut25to26_sera_1013_d0,A/France/ARA-HCL025155099501/2025_H1N1,plate8-A/France/ARA-HCL025155099501/2025_H1N1,212,0.703,0.703
seqneut25to26_sera_1013_d0,A/France/ARA-HCL025155099501/2025_H1N1,plate8-A/France/ARA-HCL025155099501/2025_H1N1,487,0.8299,0.8299
seqneut25to26_sera_1013_d0,A/France/ARA-HCL025155099501/2025_H1N1,plate8-A/France/ARA-HCL025155099501/2025_H1N1,1119,0.8717,0.8717
seqneut25to26_sera_1013_d0,A/France/ARA-HCL025155099501/2025_H1N1,plate8-A/France/ARA-HCL025155099501/2025_H1N1,2575,0.8781,0.8781
seqneut25to26_sera_1013_d0,A/France/ARA-HCL025155099501/2025_H1N1,plate8-A/France/ARA-HCL025155099501/2025_H1N1,5921,0.7512,0.7512
seqneut25to26_sera_1013_d0,A/Galicia/GA-CHUAC-451/2025_H3N2,plate8-A/Galicia/GA-CHUAC-451/2025_H3N2,40,0.196,0.196
seqneut25to26_sera_1013_d0,A/Galicia/GA-CHUAC-451/2025_H3N2,plate8-A/Galicia/GA-CHUAC-451/2025_H3N2,92,0.4475,0.4475
seqneut25to26_sera_1013_d0,A/Galicia/GA-CHUAC-451/2025_H3N2,plate8-A/Galicia/GA-CHUAC-451/2025_H3N2,212,0.6168,0.6168
seqneut25to26_sera_1013_d0,A/Galicia/GA-CHUAC-451/2025_H3N2,plate8-A/Galicia/GA-CHUAC-451/2025_H3N2,487,0.5163,0.5163
seqneut25to26_sera_1013_d0,A/Galicia/GA-CHUAC-451/2025_H3N2,plate8-A/Galicia/GA-CHUAC-451/2025_H3N2,1119,0.6232,0.6232
seqneut25to26_sera_1013_d0,A/Galicia/GA-CHUAC-451/2025_H3N2,plate8-A/Galicia/GA-CHUAC-451/2025_H3N2,2575,0.8963,0.8963
seqneut25to26_sera_1013_d0,A/Galicia/GA-CHUAC-451/2025_H3N2,plate8-A/Galicia/GA-CHUAC-451/2025_H3N2,5921,0.7984,0.7984
seqneut25to26_sera_1013_d0,A/Ghana/ARI-25-1125/2025_H1N1,plate8-A/Ghana/ARI-25-1125/2025_H1N1,40,0.4141,0.4141
seqneut25to26_sera_1013_d0,A/Ghana/ARI-25-1125/2025_H1N1,plate8-A/Ghana/ARI-25-1125/2025_H1N1,92,0.6354,0.6354
seqneut25to26_sera_1013_d0,A/Ghana/ARI-25-1125/2025_H1N1,plate8-A/Ghana/ARI-25-1125/2025_H1N1,212,0.6631,0.6631
seqneut25to26_sera_1013_d0,A/Ghana/ARI-25-1125/2025_H1N1,plate8-A/Ghana/ARI-25-1125/2025_H1N1,487,0.6752,0.6752
seqneut25to26_sera_1013_d0,A/Ghana/ARI-25-1125/2025_H1N1,plate8-A/Ghana/ARI-25-1125/2025_H1N1,1119,0.847,0.847
seqneut25to26_sera_1013_d0,A/Ghana/ARI-25-1125/2025_H1N1,plate8-A/Ghana/ARI-25-1125/2025_H1N1,2575,1.001,1
seqneut25to26_sera_1013_d0,A/Ghana/ARI-25-1125/2025_H1N1,plate8-A/Ghana/ARI-25-1125/2025_H1N1,5921,0.8003,0.8003
seqneut25to26_sera_1013_d0,A/Ghana/FS-25-7077/2025_H3N2,plate8-A/Ghana/FS-25-7077/2025_H3N2,40,0.05027,0.05027
seqneut25to26_sera_1013_d0,A/Ghana/FS-25-7077/2025_H3N2,plate8-A/Ghana/FS-25-7077/2025_H3N2,92,0.2459,0.2459
seqneut25to26_sera_1013_d0,A/Ghana/FS-25-7077/2025_H3N2,plate8-A/Ghana/FS-25-7077/2025_H3N2,212,0.3157,0.3157
seqneut25to26_sera_1013_d0,A/Ghana/FS-25-7077/2025_H3N2,plate8-A/Ghana/FS-25-7077/2025_H3N2,487,0.6321,0.6321
seqneut25to26_sera_1013_d0,A/Ghana/FS-25-7077/2025_H3N2,plate8-A/Ghana/FS-25-7077/2025_H3N2,1119,0.8441,0.8441
seqneut25to26_sera_1013_d0,A/Ghana/FS-25-7077/2025_H3N2,plate8-A/Ghana/FS-25-7077/2025_H3N2,2575,0.6937,0.6937
seqneut25to26_sera_1013_d0,A/Ghana/FS-25-7077/2025_H3N2,plate8-A/Ghana/FS-25-7077/2025_H3N2,5921,0.7512,0.7512
seqneut25to26_sera_1013_d0,A/Guangdong-Maonan/11438/2025_H3N2,plate8-A/Guangdong-Maonan/11438/2025_H3N2,40,0.08145,0.08145
seqneut25to26_sera_1013_d0,A/Guangdong-Maonan/11438/2025_H3N2,plate8-A/Guangdong-Maonan/11438/2025_H3N2,92,0.7319,0.7319
seqneut25to26_sera_1013_d0,A/Guangdong-Maonan/11438/2025_H3N2,plate8-A/Guangdong-Maonan/11438/2025_H3N2,212,0.7704,0.7704
seqneut25to26_sera_1013_d0,A/Guangdong-Maonan/11438/2025_H3N2,plate8-A/Guangdong-Maonan/11438/2025_H3N2,487,0.4323,0.4323
seqneut25to26_sera_1013_d0,A/Guangdong-Maonan/11438/2025_H3N2,plate8-A/Guangdong-Maonan/11438/2025_H3N2,1119,0.7324,0.7324
seqneut25to26_sera_1013_d0,A/Guangdong-Maonan/11438/2025_H3N2,plate8-A/Guangdong-Maonan/11438/2025_H3N2,2575,1.017,1
seqneut25to26_sera_1013_d0,A/Guangdong-Maonan/11438/2025_H3N2,plate8-A/Guangdong-Maonan/11438/2025_H3N2,5921,1.011,1
seqneut25to26_sera_1013_d0,A/Guangdong-Meijiang/11256/2025_H3N2,plate8-A/Guangdong-Meijiang/11256/2025_H3N2,40,0.04117,0.04117
seqneut25to26_sera_1013_d0,A/Guangdong-Meijiang/11256/2025_H3N2,plate8-A/Guangdong-Meijiang/11256/2025_H3N2,92,0.3217,0.3217
seqneut25to26_sera_1013_d0,A/Guangdong-Meijiang/11256/2025_H3N2,plate8-A/Guangdong-Meijiang/11256/2025_H3N2,212,0.5066,0.5066
seqneut25to26_sera_1013_d0,A/Guangdong-Meijiang/11256/2025_H3N2,plate8-A/Guangdong-Meijiang/11256/2025_H3N2,487,0.6155,0.6155
seqneut25to26_sera_1013_d0,A/Guangdong-Meijiang/11256/2025_H3N2,plate8-A/Guangdong-Meijiang/11256/2025_H3N2,1119,0.7155,0.7155
seqneut25to26_sera_1013_d0,A/Guangdong-Meijiang/11256/2025_H3N2,plate8-A/Guangdong-Meijiang/11256/2025_H3N2,2575,0.6136,0.6136
seqneut25to26_sera_1013_d0,A/Guangdong-Meijiang/11256/2025_H3N2,plate8-A/Guangdong-Meijiang/11256/2025_H3N2,5921,0.6775,0.6775
seqneut25to26_sera_1013_d0,A/Guangxi-Daxin/1643/2025_H3N2,plate8-A/Guangxi-Daxin/1643/2025_H3N2,40,0.09267,0.09267
seqneut25to26_sera_1013_d0,A/Guangxi-Daxin/1643/2025_H3N2,plate8-A/Guangxi-Daxin/1643/2025_H3N2,92,0.1885,0.1885
seqneut25to26_sera_1013_d0,A/Guangxi-Daxin/1643/2025_H3N2,plate8-A/Guangxi-Daxin/1643/2025_H3N2,212,0.4409,0.4409
seqneut25to26_sera_1013_d0,A/Guangxi-Daxin/1643/2025_H3N2,plate8-A/Guangxi-Daxin/1643/2025_H3N2,487,0.5519,0.5519
seqneut25to26_sera_1013_d0,A/Guangxi-Daxin/1643/2025_H3N2,plate8-A/Guangxi-Daxin/1643/2025_H3N2,1119,0.6661,0.6661
seqneut25to26_sera_1013_d0,A/Guangxi-Daxin/1643/2025_H3N2,plate8-A/Guangxi-Daxin/1643/2025_H3N2,2575,0.8765,0.8765
seqneut25to26_sera_1013_d0,A/Guangxi-Daxin/1643/2025_H3N2,plate8-A/Guangxi-Daxin/1643/2025_H3N2,5921,0.7759,0.7759
seqneut25to26_sera_1013_d0,A/Guangxi-Qingxiu/SWL11742/2025_H1N1,plate8-A/Guangxi-Qingxiu/SWL11742/2025_H1N1,40,0.2569,0.2569
seqneut25to26_sera_1013_d0,A/Guangxi-Qingxiu/SWL11742/2025_H1N1,plate8-A/Guangxi-Qingxiu/SWL11742/2025_H1N1,92,0.6714,0.6714
seqneut25to26_sera_1013_d0,A/Guangxi-Qingxiu/SWL11742/2025_H1N1,plate8-A/Guangxi-Qingxiu/SWL11742/2025_H1N1,212,0.7232,0.7232
seqneut25to26_sera_1013_d0,A/Guangxi-Qingxiu/SWL11742/2025_H1N1,plate8-A/Guangxi-Qingxiu/SWL11742/2025_H1N1,487,0.7466,0.7466
seqneut25to26_sera_1013_d0,A/Guangxi-Qingxiu/SWL11742/2025_H1N1,plate8-A/Guangxi-Qingxiu/SWL11742/2025_H1N1,1119,0.9161,0.9161
seqneut25to26_sera_1013_d0,A/Guangxi-Qingxiu/SWL11742/2025_H1N1,plate8-A/Guangxi-Qingxiu/SWL11742/2025_H1N1,2575,1.057,1
seqneut25to26_sera_1013_d0,A/Guangxi-Qingxiu/SWL11742/2025_H1N1,plate8-A/Guangxi-Qingxiu/SWL11742/2025_H1N1,5921,0.9749,0.9749
seqneut25to26_sera_1013_d0,A/Hawaii/44/2025_H1N1,plate8-A/Hawaii/44/2025_H1N1,40,0.5596,0.5596
seqneut25to26_sera_1013_d0,A/Hawaii/44/2025_H1N1,plate8-A/Hawaii/44/2025_H1N1,92,0.7371,0.7371
seqneut25to26_sera_1013_d0,A/Hawaii/44/2025_H1N1,plate8-A/Hawaii/44/2025_H1N1,212,0.8851,0.8851
seqneut25to26_sera_1013_d0,A/Hawaii/44/2025_H1N1,plate8-A/Hawaii/44/2025_H1N1,487,0.7433,0.7433
seqneut25to26_sera_1013_d0,A/Hawaii/44/2025_H1N1,plate8-A/Hawaii/44/2025_H1N1,1119,0.8455,0.8455
seqneut25to26_sera_1013_d0,A/Hawaii/44/2025_H1N1,plate8-A/Hawaii/44/2025_H1N1,2575,1.098,1
seqneut25to26_sera_1013_d0,A/Hawaii/44/2025_H1N1,plate8-A/Hawaii/44/2025_H1N1,5921,0.8454,0.8454
seqneut25to26_sera_1013_d0,A/Hawaii/70/2019_H1N1,plate8-A/Hawaii/70/2019_H1N1,40,0.1475,0.1475
seqneut25to26_sera_1013_d0,A/Hawaii/70/2019_H1N1,plate8-A/Hawaii/70/2019_H1N1,92,0.5278,0.5278
seqneut25to26_sera_1013_d0,A/Hawaii/70/2019_H1N1,plate8-A/Hawaii/70/2019_H1N1,212,0.7453,0.7453
seqneut25to26_sera_1013_d0,A/Hawaii/70/2019_H1N1,plate8-A/Hawaii/70/2019_H1N1,487,0.7402,0.7402
seqneut25to26_sera_1013_d0,A/Hawaii/70/2019_H1N1,plate8-A/Hawaii/70/2019_H1N1,1119,0.876,0.876
seqneut25to26_sera_1013_d0,A/Hawaii/70/2019_H1N1,plate8-A/Hawaii/70/2019_H1N1,2575,1.081,1
seqneut25to26_sera_1013_d0,A/Hawaii/70/2019_H1N1,plate8-A/Hawaii/70/2019_H1N1,5921,0.8675,0.8675
seqneut25to26_sera_1013_d0,A/HongKong/1257/2025_H3N2,plate8-A/HongKong/1257/2025_H3N2,40,0.2058,0.2058
seqneut25to26_sera_1013_d0,A/HongKong/1257/2025_H3N2,plate8-A/HongKong/1257/2025_H3N2,92,0.4678,0.4678
seqneut25to26_sera_1013_d0,A/HongKong/1257/2025_H3N2,plate8-A/HongKong/1257/2025_H3N2,212,0.4202,0.4202
seqneut25to26_sera_1013_d0,A/HongKong/1257/2025_H3N2,plate8-A/HongKong/1257/2025_H3N2,487,0.5654,0.5654
seqneut25to26_sera_1013_d0,A/HongKong/1257/2025_H3N2,plate8-A/HongKong/1257/2025_H3N2,1119,0.6717,0.6717
seqneut25to26_sera_1013_d0,A/HongKong/1257/2025_H3N2,plate8-A/HongKong/1257/2025_H3N2,2575,0.92,0.92
seqneut25to26_sera_1013_d0,A/HongKong/1257/2025_H3N2,plate8-A/HongKong/1257/2025_H3N2,5921,0.7572,0.7572
seqneut25to26_sera_1013_d0,A/HongKong/1382/2025_H3N2,plate8-A/HongKong/1382/2025_H3N2,40,0.093,0.093
seqneut25to26_sera_1013_d0,A/HongKong/1382/2025_H3N2,plate8-A/HongKong/1382/2025_H3N2,92,0.1504,0.1504
seqneut25to26_sera_1013_d0,A/HongKong/1382/2025_H3N2,plate8-A/HongKong/1382/2025_H3N2,212,0.4259,0.4259
seqneut25to26_sera_1013_d0,A/HongKong/1382/2025_H3N2,plate8-A/HongKong/1382/2025_H3N2,487,0.6003,0.6003
seqneut25to26_sera_1013_d0,A/HongKong/1382/2025_H3N2,plate8-A/HongKong/1382/2025_H3N2,1119,0.6134,0.6134
seqneut25to26_sera_1013_d0,A/HongKong/1382/2025_H3N2,plate8-A/HongKong/1382/2025_H3N2,2575,0.8429,0.8429
seqneut25to26_sera_1013_d0,A/HongKong/1382/2025_H3N2,plate8-A/HongKong/1382/2025_H3N2,5921,0.8027,0.8027
seqneut25to26_sera_1013_d0,A/Indonesia/BIOKES-I-BT074/2025_H3N2,plate8-A/Indonesia/BIOKES-I-BT074/2025_H3N2,40,0.08539,0.08539
seqneut25to26_sera_1013_d0,A/Indonesia/BIOKES-I-BT074/2025_H3N2,plate8-A/Indonesia/BIOKES-I-BT074/2025_H3N2,92,0.4024,0.4024
seqneut25to26_sera_1013_d0,A/Indonesia/BIOKES-I-BT074/2025_H3N2,plate8-A/Indonesia/BIOKES-I-BT074/2025_H3N2,212,0.7838,0.7838
seqneut25to26_sera_1013_d0,A/Indonesia/BIOKES-I-BT074/2025_H3N2,plate8-A/Indonesia/BIOKES-I-BT074/2025_H3N2,487,0.7753,0.7753
seqneut25to26_sera_1013_d0,A/Indonesia/BIOKES-I-BT074/2025_H3N2,plate8-A/Indonesia/BIOKES-I-BT074/2025_H3N2,1119,0.6917,0.6917
seqneut25to26_sera_1013_d0,A/Indonesia/BIOKES-I-BT074/2025_H3N2,plate8-A/Indonesia/BIOKES-I-BT074/2025_H3N2,2575,0.9736,0.9736
seqneut25to26_sera_1013_d0,A/Indonesia/BIOKES-I-BT074/2025_H3N2,plate8-A/Indonesia/BIOKES-I-BT074/2025_H3N2,5921,0.6812,0.6812
seqneut25to26_sera_1013_d0,A/Indonesia/BIOKES-INAD491/2025_H3N2,plate8-A/Indonesia/BIOKES-INAD491/2025_H3N2,40,0.05984,0.05984
seqneut25to26_sera_1013_d0,A/Indonesia/BIOKES-INAD491/2025_H3N2,plate8-A/Indonesia/BIOKES-INAD491/2025_H3N2,92,0.1925,0.1925
seqneut25to26_sera_1013_d0,A/Indonesia/BIOKES-INAD491/2025_H3N2,plate8-A/Indonesia/BIOKES-INAD491/2025_H3N2,212,0.7241,0.7241
seqneut25to26_sera_1013_d0,A/Indonesia/BIOKES-INAD491/2025_H3N2,plate8-A/Indonesia/BIOKES-INAD491/2025_H3N2,487,0.6573,0.6573
seqneut25to26_sera_1013_d0,A/Indonesia/BIOKES-INAD491/2025_H3N2,plate8-A/Indonesia/BIOKES-INAD491/2025_H3N2,1119,0.8441,0.8441
seqneut25to26_sera_1013_d0,A/Indonesia/BIOKES-INAD491/2025_H3N2,plate8-A/Indonesia/BIOKES-INAD491/2025_H3N2,2575,0.897,0.897
seqneut25to26_sera_1013_d0,A/Indonesia/BIOKES-INAD491/2025_H3N2,plate8-A/Indonesia/BIOKES-INAD491/2025_H3N2,5921,0.8902,0.8902
seqneut25to26_sera_1013_d0,A/Lao/820-2750/2025_H3N2,plate8-A/Lao/820-2750/2025_H3N2,40,0.1539,0.1539
seqneut25to26_sera_1013_d0,A/Lao/820-2750/2025_H3N2,plate8-A/Lao/820-2750/2025_H3N2,92,0.3104,0.3104
seqneut25to26_sera_1013_d0,A/Lao/820-2750/2025_H3N2,plate8-A/Lao/820-2750/2025_H3N2,212,0.6706,0.6706
seqneut25to26_sera_1013_d0,A/Lao/820-2750/2025_H3N2,plate8-A/Lao/820-2750/2025_H3N2,487,0.7726,0.7726
seqneut25to26_sera_1013_d0,A/Lao/820-2750/2025_H3N2,plate8-A/Lao/820-2750/2025_H3N2,1119,0.8265,0.8265
seqneut25to26_sera_1013_d0,A/Lao/820-2750/2025_H3N2,plate8-A/Lao/820-2750/2025_H3N2,2575,0.9038,0.9038
seqneut25to26_sera_1013_d0,A/Lao/820-2750/2025_H3N2,plate8-A/Lao/820-2750/2025_H3N2,5921,0.7817,0.7817
seqneut25to26_sera_1013_d0,A/Malaysia/IMR/SARI/2028/2025_H3N2,plate8-A/Malaysia/IMR/SARI/2028/2025_H3N2,40,0.07246,0.07246
seqneut25to26_sera_1013_d0,A/Malaysia/IMR/SARI/2028/2025_H3N2,plate8-A/Malaysia/IMR/SARI/2028/2025_H3N2,92,0.3062,0.3062
seqneut25to26_sera_1013_d0,A/Malaysia/IMR/SARI/2028/2025_H3N2,plate8-A/Malaysia/IMR/SARI/2028/2025_H3N2,212,0.3877,0.3877
seqneut25to26_sera_1013_d0,A/Malaysia/IMR/SARI/2028/2025_H3N2,plate8-A/Malaysia/IMR/SARI/2028/2025_H3N2,487,0.5596,0.5596
seqneut25to26_sera_1013_d0,A/Malaysia/IMR/SARI/2028/2025_H3N2,plate8-A/Malaysia/IMR/SARI/2028/2025_H3N2,1119,0.7664,0.7664
seqneut25to26_sera_1013_d0,A/Malaysia/IMR/SARI/2028/2025_H3N2,plate8-A/Malaysia/IMR/SARI/2028/2025_H3N2,2575,0.8042,0.8042
seqneut25to26_sera_1013_d0,A/Malaysia/IMR/SARI/2028/2025_H3N2,plate8-A/Malaysia/IMR/SARI/2028/2025_H3N2,5921,0.7937,0.7937
seqneut25to26_sera_1013_d0,A/Malaysia/IMR/SARI/2406/2025_H3N2,plate8-A/Malaysia/IMR/SARI/2406/2025_H3N2,40,5.957e-05,5.957e-05
seqneut25to26_sera_1013_d0,A/Malaysia/IMR/SARI/2406/2025_H3N2,plate8-A/Malaysia/IMR/SARI/2406/2025_H3N2,92,0.004672,0.004672
seqneut25to26_sera_1013_d0,A/Malaysia/IMR/SARI/2406/2025_H3N2,plate8-A/Malaysia/IMR/SARI/2406/2025_H3N2,212,0.03725,0.03725
seqneut25to26_sera_1013_d0,A/Malaysia/IMR/SARI/2406/2025_H3N2,plate8-A/Malaysia/IMR/SARI/2406/2025_H3N2,487,0.2055,0.2055
seqneut25to26_sera_1013_d0,A/Malaysia/IMR/SARI/2406/2025_H3N2,plate8-A/Malaysia/IMR/SARI/2406/2025_H3N2,1119,0.6461,0.6461
seqneut25to26_sera_1013_d0,A/Malaysia/IMR/SARI/2406/2025_H3N2,plate8-A/Malaysia/IMR/SARI/2406/2025_H3N2,2575,0.872,0.872
seqneut25to26_sera_1013_d0,A/Malaysia/IMR/SARI/2406/2025_H3N2,plate8-A/Malaysia/IMR/SARI/2406/2025_H3N2,5921,0.6822,0.6822
seqneut25to26_sera_1013_d0,A/Malaysia/IMR/SARI/2517/2025_H3N2,plate8-A/Malaysia/IMR/SARI/2517/2025_H3N2,40,0.1665,0.1665
seqneut25to26_sera_1013_d0,A/Malaysia/IMR/SARI/2517/2025_H3N2,plate8-A/Malaysia/IMR/SARI/2517/2025_H3N2,92,0.4131,0.4131
seqneut25to26_sera_1013_d0,A/Malaysia/IMR/SARI/2517/2025_H3N2,plate8-A/Malaysia/IMR/SARI/2517/2025_H3N2,212,0.5599,0.5599
seqneut25to26_sera_1013_d0,A/Malaysia/IMR/SARI/2517/2025_H3N2,plate8-A/Malaysia/IMR/SARI/2517/2025_H3N2,487,0.5596,0.5596
seqneut25to26_sera_1013_d0,A/Malaysia/IMR/SARI/2517/2025_H3N2,plate8-A/Malaysia/IMR/SARI/2517/2025_H3N2,1119,0.7237,0.7237
seqneut25to26_sera_1013_d0,A/Malaysia/IMR/SARI/2517/2025_H3N2,plate8-A/Malaysia/IMR/SARI/2517/2025_H3N2,2575,0.9278,0.9278
seqneut25to26_sera_1013_d0,A/Malaysia/IMR/SARI/2517/2025_H3N2,plate8-A/Malaysia/IMR/SARI/2517/2025_H3N2,5921,0.7032,0.7032
seqneut25to26_sera_1013_d0,A/Massachusetts/18/2022_H3N2,plate8-A/Massachusetts/18/2022_H3N2,40,0.1011,0.1011
seqneut25to26_sera_1013_d0,A/Massachusetts/18/2022_H3N2,plate8-A/Massachusetts/18/2022_H3N2,92,0.2441,0.2441
seqneut25to26_sera_1013_d0,A/Massachusetts/18/2022_H3N2,plate8-A/Massachusetts/18/2022_H3N2,212,0.4518,0.4518
seqneut25to26_sera_1013_d0,A/Massachusetts/18/2022_H3N2,plate8-A/Massachusetts/18/2022_H3N2,487,0.3864,0.3864
seqneut25to26_sera_1013_d0,A/Massachusetts/18/2022_H3N2,plate8-A/Massachusetts/18/2022_H3N2,1119,0.7384,0.7384
seqneut25to26_sera_1013_d0,A/Massachusetts/18/2022_H3N2,plate8-A/Massachusetts/18/2022_H3N2,2575,0.6913,0.6913
seqneut25to26_sera_1013_d0,A/Massachusetts/18/2022_H3N2,plate8-A/Massachusetts/18/2022_H3N2,5921,0.7662,0.7662
seqneut25to26_sera_1013_d0,A/Michigan/110/2025_H3N2,plate8-A/Michigan/110/2025_H3N2,40,0.2421,0.2421
seqneut25to26_sera_1013_d0,A/Michigan/110/2025_H3N2,plate8-A/Michigan/110/2025_H3N2,92,0.6293,0.6293
seqneut25to26_sera_1013_d0,A/Michigan/110/2025_H3N2,plate8-A/Michigan/110/2025_H3N2,212,0.6213,0.6213
seqneut25to26_sera_1013_d0,A/Michigan/110/2025_H3N2,plate8-A/Michigan/110/2025_H3N2,487,0.8606,0.8606
seqneut25to26_sera_1013_d0,A/Michigan/110/2025_H3N2,plate8-A/Michigan/110/2025_H3N2,1119,0.803,0.803
seqneut25to26_sera_1013_d0,A/Michigan/110/2025_H3N2,plate8-A/Michigan/110/2025_H3N2,2575,0.8846,0.8846
seqneut25to26_sera_1013_d0,A/Michigan/110/2025_H3N2,plate8-A/Michigan/110/2025_H3N2,5921,0.9493,0.9493
seqneut25to26_sera_1013_d0,A/Minnesota/96/2025_H3N2,plate8-A/Minnesota/96/2025_H3N2,40,0.1596,0.1596
seqneut25to26_sera_1013_d0,A/Minnesota/96/2025_H3N2,plate8-A/Minnesota/96/2025_H3N2,92,0.5171,0.5171
seqneut25to26_sera_1013_d0,A/Minnesota/96/2025_H3N2,plate8-A/Minnesota/96/2025_H3N2,212,0.5265,0.5265
seqneut25to26_sera_1013_d0,A/Minnesota/96/2025_H3N2,plate8-A/Minnesota/96/2025_H3N2,487,0.5427,0.5427
seqneut25to26_sera_1013_d0,A/Minnesota/96/2025_H3N2,plate8-A/Minnesota/96/2025_H3N2,1119,0.7054,0.7054
seqneut25to26_sera_1013_d0,A/Minnesota/96/2025_H3N2,plate8-A/Minnesota/96/2025_H3N2,2575,0.9598,0.9598
seqneut25to26_sera_1013_d0,A/Minnesota/96/2025_H3N2,plate8-A/Minnesota/96/2025_H3N2,5921,0.6441,0.6441
seqneut25to26_sera_1013_d0,A/Missouri/11/2025_H1N1,plate8-A/Missouri/11/2025_H1N1,40,0.1904,0.1904
seqneut25to26_sera_1013_d0,A/Missouri/11/2025_H1N1,plate8-A/Missouri/11/2025_H1N1,92,0.7246,0.7246
seqneut25to26_sera_1013_d0,A/Missouri/11/2025_H1N1,plate8-A/Missouri/11/2025_H1N1,212,0.6251,0.6251
seqneut25to26_sera_1013_d0,A/Missouri/11/2025_H1N1,plate8-A/Missouri/11/2025_H1N1,487,0.8039,0.8039
seqneut25to26_sera_1013_d0,A/Missouri/11/2025_H1N1,plate8-A/Missouri/11/2025_H1N1,1119,0.7781,0.7781
seqneut25to26_sera_1013_d0,A/Missouri/11/2025_H1N1,plate8-A/Missouri/11/2025_H1N1,2575,0.9589,0.9589
seqneut25to26_sera_1013_d0,A/Missouri/11/2025_H1N1,plate8-A/Missouri/11/2025_H1N1,5921,0.8208,0.8208
seqneut25to26_sera_1013_d0,A/NewSouthWales/2526015582/2025_H3N2,plate8-A/NewSouthWales/2526015582/2025_H3N2,40,0.04333,0.04333
seqneut25to26_sera_1013_d0,A/NewSouthWales/2526015582/2025_H3N2,plate8-A/NewSouthWales/2526015582/2025_H3N2,92,0.1535,0.1535
seqneut25to26_sera_1013_d0,A/NewSouthWales/2526015582/2025_H3N2,plate8-A/NewSouthWales/2526015582/2025_H3N2,212,0.3572,0.3572
seqneut25to26_sera_1013_d0,A/NewSouthWales/2526015582/2025_H3N2,plate8-A/NewSouthWales/2526015582/2025_H3N2,487,0.4897,0.4897
seqneut25to26_sera_1013_d0,A/NewSouthWales/2526015582/2025_H3N2,plate8-A/NewSouthWales/2526015582/2025_H3N2,1119,0.6372,0.6372
seqneut25to26_sera_1013_d0,A/NewSouthWales/2526015582/2025_H3N2,plate8-A/NewSouthWales/2526015582/2025_H3N2,2575,0.7731,0.7731
seqneut25to26_sera_1013_d0,A/NewSouthWales/2526015582/2025_H3N2,plate8-A/NewSouthWales/2526015582/2025_H3N2,5921,0.6378,0.6378
seqneut25to26_sera_1013_d0,A/NewSouthWales/2526015584/2025_H3N2,plate8-A/NewSouthWales/2526015584/2025_H3N2,40,0.01452,0.01452
seqneut25to26_sera_1013_d0,A/NewSouthWales/2526015584/2025_H3N2,plate8-A/NewSouthWales/2526015584/2025_H3N2,92,0.115,0.115
seqneut25to26_sera_1013_d0,A/NewSouthWales/2526015584/2025_H3N2,plate8-A/NewSouthWales/2526015584/2025_H3N2,212,0.3456,0.3456
seqneut25to26_sera_1013_d0,A/NewSouthWales/2526015584/2025_H3N2,plate8-A/NewSouthWales/2526015584/2025_H3N2,487,0.6233,0.6233
seqneut25to26_sera_1013_d0,A/NewSouthWales/2526015584/2025_H3N2,plate8-A/NewSouthWales/2526015584/2025_H3N2,1119,0.7333,0.7333
seqneut25to26_sera_1013_d0,A/NewSouthWales/2526015584/2025_H3N2,plate8-A/NewSouthWales/2526015584/2025_H3N2,2575,0.8696,0.8696
seqneut25to26_sera_1013_d0,A/NewSouthWales/2526015584/2025_H3N2,plate8-A/NewSouthWales/2526015584/2025_H3N2,5921,0.8025,0.8025
seqneut25to26_sera_1013_d0,A/Norway/8765/2025_H3N2,plate8-A/Norway/8765/2025_H3N2,40,0.0374,0.0374
seqneut25to26_sera_1013_d0,A/Norway/8765/2025_H3N2,plate8-A/Norway/8765/2025_H3N2,92,0.2331,0.2331
seqneut25to26_sera_1013_d0,A/Norway/8765/2025_H3N2,plate8-A/Norway/8765/2025_H3N2,212,0.3935,0.3935
seqneut25to26_sera_1013_d0,A/Norway/8765/2025_H3N2,plate8-A/Norway/8765/2025_H3N2,487,0.6111,0.6111
seqneut25to26_sera_1013_d0,A/Norway/8765/2025_H3N2,plate8-A/Norway/8765/2025_H3N2,1119,0.7478,0.7478
seqneut25to26_sera_1013_d0,A/Norway/8765/2025_H3N2,plate8-A/Norway/8765/2025_H3N2,2575,0.7506,0.7506
seqneut25to26_sera_1013_d0,A/Norway/8765/2025_H3N2,plate8-A/Norway/8765/2025_H3N2,5921,0.6903,0.6903
seqneut25to26_sera_1013_d0,A/Norway/8976/2025_H3N2,plate8-A/Norway/8976/2025_H3N2,40,0.08284,0.08284
seqneut25to26_sera_1013_d0,A/Norway/8976/2025_H3N2,plate8-A/Norway/8976/2025_H3N2,92,0.1917,0.1917
seqneut25to26_sera_1013_d0,A/Norway/8976/2025_H3N2,plate8-A/Norway/8976/2025_H3N2,212,0.4495,0.4495
seqneut25to26_sera_1013_d0,A/Norway/8976/2025_H3N2,plate8-A/Norway/8976/2025_H3N2,487,0.5257,0.5257
seqneut25to26_sera_1013_d0,A/Norway/8976/2025_H3N2,plate8-A/Norway/8976/2025_H3N2,1119,0.7498,0.7498
seqneut25to26_sera_1013_d0,A/Norway/8976/2025_H3N2,plate8-A/Norway/8976/2025_H3N2,2575,0.9062,0.9062
seqneut25to26_sera_1013_d0,A/Norway/8976/2025_H3N2,plate8-A/Norway/8976/2025_H3N2,5921,0.6483,0.6483
seqneut25to26_sera_1013_d0,A/Norway/9107/2025_H1N1,plate8-A/Norway/9107/2025_H1N1,40,0.3849,0.3849
seqneut25to26_sera_1013_d0,A/Norway/9107/2025_H1N1,plate8-A/Norway/9107/2025_H1N1,92,0.716,0.716
seqneut25to26_sera_1013_d0,A/Norway/9107/2025_H1N1,plate8-A/Norway/9107/2025_H1N1,212,0.7025,0.7025
seqneut25to26_sera_1013_d0,A/Norway/9107/2025_H1N1,plate8-A/Norway/9107/2025_H1N1,487,0.7877,0.7877
seqneut25to26_sera_1013_d0,A/Norway/9107/2025_H1N1,plate8-A/Norway/9107/2025_H1N1,1119,0.8111,0.8111
seqneut25to26_sera_1013_d0,A/Norway/9107/2025_H1N1,plate8-A/Norway/9107/2025_H1N1,2575,0.9517,0.9517
seqneut25to26_sera_1013_d0,A/Norway/9107/2025_H1N1,plate8-A/Norway/9107/2025_H1N1,5921,0.7945,0.7945
seqneut25to26_sera_1013_d0,A/Norway/9556/2025_H1N1,plate8-A/Norway/9556/2025_H1N1,40,0.4858,0.4858
seqneut25to26_sera_1013_d0,A/Norway/9556/2025_H1N1,plate8-A/Norway/9556/2025_H1N1,92,0.6672,0.6672
seqneut25to26_sera_1013_d0,A/Norway/9556/2025_H1N1,plate8-A/Norway/9556/2025_H1N1,212,0.7882,0.7882
seqneut25to26_sera_1013_d0,A/Norway/9556/2025_H1N1,plate8-A/Norway/9556/2025_H1N1,487,0.8436,0.8436
seqneut25to26_sera_1013_d0,A/Norway/9556/2025_H1N1,plate8-A/Norway/9556/2025_H1N1,1119,0.907,0.907
seqneut25to26_sera_1013_d0,A/Norway/9556/2025_H1N1,plate8-A/Norway/9556/2025_H1N1,2575,1.012,1
seqneut25to26_sera_1013_d0,A/Norway/9556/2025_H1N1,plate8-A/Norway/9556/2025_H1N1,5921,0.9037,0.9037
seqneut25to26_sera_1013_d0,A/Peru/GIHSN-04-1089/2025_H3N2,plate8-A/Peru/GIHSN-04-1089/2025_H3N2,40,0.04596,0.04596
seqneut25to26_sera_1013_d0,A/Peru/GIHSN-04-1089/2025_H3N2,plate8-A/Peru/GIHSN-04-1089/2025_H3N2,92,0.4526,0.4526
seqneut25to26_sera_1013_d0,A/Peru/GIHSN-04-1089/2025_H3N2,plate8-A/Peru/GIHSN-04-1089/2025_H3N2,212,0.6486,0.6486
seqneut25to26_sera_1013_d0,A/Peru/GIHSN-04-1089/2025_H3N2,plate8-A/Peru/GIHSN-04-1089/2025_H3N2,487,0.8261,0.8261
seqneut25to26_sera_1013_d0,A/Peru/GIHSN-04-1089/2025_H3N2,plate8-A/Peru/GIHSN-04-1089/2025_H3N2,1119,0.8731,0.8731
seqneut25to26_sera_1013_d0,A/Peru/GIHSN-04-1089/2025_H3N2,plate8-A/Peru/GIHSN-04-1089/2025_H3N2,2575,0.9586,0.9586
seqneut25to26_sera_1013_d0,A/Peru/GIHSN-04-1089/2025_H3N2,plate8-A/Peru/GIHSN-04-1089/2025_H3N2,5921,0.6923,0.6923
seqneut25to26_sera_1013_d0,A/Philippines/SARI25-1425/2025_H1N1,plate8-A/Philippines/SARI25-1425/2025_H1N1,40,0.2519,0.2519
seqneut25to26_sera_1013_d0,A/Philippines/SARI25-1425/2025_H1N1,plate8-A/Philippines/SARI25-1425/2025_H1N1,92,0.575,0.575
seqneut25to26_sera_1013_d0,A/Philippines/SARI25-1425/2025_H1N1,plate8-A/Philippines/SARI25-1425/2025_H1N1,212,0.907,0.907
seqneut25to26_sera_1013_d0,A/Philippines/SARI25-1425/2025_H1N1,plate8-A/Philippines/SARI25-1425/2025_H1N1,487,0.9162,0.9162
seqneut25to26_sera_1013_d0,A/Philippines/SARI25-1425/2025_H1N1,plate8-A/Philippines/SARI25-1425/2025_H1N1,1119,1.075,1
seqneut25to26_sera_1013_d0,A/Philippines/SARI25-1425/2025_H1N1,plate8-A/Philippines/SARI25-1425/2025_H1N1,2575,1.106,1
seqneut25to26_sera_1013_d0,A/Philippines/SARI25-1425/2025_H1N1,plate8-A/Philippines/SARI25-1425/2025_H1N1,5921,0.9416,0.9416
seqneut25to26_sera_1013_d0,A/Queensland/2526516675/2025_H3N2,plate8-A/Queensland/2526516675/2025_H3N2,40,0.04495,0.04495
seqneut25to26_sera_1013_d0,A/Queensland/2526516675/2025_H3N2,plate8-A/Queensland/2526516675/2025_H3N2,92,0.2374,0.2374
seqneut25to26_sera_1013_d0,A/Queensland/2526516675/2025_H3N2,plate8-A/Queensland/2526516675/2025_H3N2,212,0.4017,0.4017
seqneut25to26_sera_1013_d0,A/Queensland/2526516675/2025_H3N2,plate8-A/Queensland/2526516675/2025_H3N2,487,0.6828,0.6828
seqneut25to26_sera_1013_d0,A/Queensland/2526516675/2025_H3N2,plate8-A/Queensland/2526516675/2025_H3N2,1119,0.7154,0.7154
seqneut25to26_sera_1013_d0,A/Queensland/2526516675/2025_H3N2,plate8-A/Queensland/2526516675/2025_H3N2,2575,0.8822,0.8822
seqneut25to26_sera_1013_d0,A/Queensland/2526516675/2025_H3N2,plate8-A/Queensland/2526516675/2025_H3N2,5921,0.7475,0.7475
seqneut25to26_sera_1013_d0,A/SouthAfrica/PET37604/2025_H3N2,plate8-A/SouthAfrica/PET37604/2025_H3N2,40,0.05773,0.05773
seqneut25to26_sera_1013_d0,A/SouthAfrica/PET37604/2025_H3N2,plate8-A/SouthAfrica/PET37604/2025_H3N2,92,0.1867,0.1867
seqneut25to26_sera_1013_d0,A/SouthAfrica/PET37604/2025_H3N2,plate8-A/SouthAfrica/PET37604/2025_H3N2,212,0.4937,0.4937
seqneut25to26_sera_1013_d0,A/SouthAfrica/PET37604/2025_H3N2,plate8-A/SouthAfrica/PET37604/2025_H3N2,487,0.4267,0.4267
seqneut25to26_sera_1013_d0,A/SouthAfrica/PET37604/2025_H3N2,plate8-A/SouthAfrica/PET37604/2025_H3N2,1119,0.6792,0.6792
seqneut25to26_sera_1013_d0,A/SouthAfrica/PET37604/2025_H3N2,plate8-A/SouthAfrica/PET37604/2025_H3N2,2575,1.03,1
seqneut25to26_sera_1013_d0,A/SouthAfrica/PET37604/2025_H3N2,plate8-A/SouthAfrica/PET37604/2025_H3N2,5921,0.7093,0.7093
seqneut25to26_sera_1013_d0,A/SouthAfrica/PET37625/2025_H3N2,plate8-A/SouthAfrica/PET37625/2025_H3N2,40,0.08898,0.08898
seqneut25to26_sera_1013_d0,A/SouthAfrica/PET37625/2025_H3N2,plate8-A/SouthAfrica/PET37625/2025_H3N2,92,0.3301,0.3301
seqneut25to26_sera_1013_d0,A/SouthAfrica/PET37625/2025_H3N2,plate8-A/SouthAfrica/PET37625/2025_H3N2,212,0.3704,0.3704
seqneut25to26_sera_1013_d0,A/SouthAfrica/PET37625/2025_H3N2,plate8-A/SouthAfrica/PET37625/2025_H3N2,487,0.5049,0.5049
seqneut25to26_sera_1013_d0,A/SouthAfrica/PET37625/2025_H3N2,plate8-A/SouthAfrica/PET37625/2025_H3N2,1119,0.7946,0.7946
seqneut25to26_sera_1013_d0,A/SouthAfrica/PET37625/2025_H3N2,plate8-A/SouthAfrica/PET37625/2025_H3N2,2575,0.9241,0.9241
seqneut25to26_sera_1013_d0,A/SouthAfrica/PET37625/2025_H3N2,plate8-A/SouthAfrica/PET37625/2025_H3N2,5921,0.8707,0.8707
seqneut25to26_sera_1013_d0,A/SouthAustralia/2519001037/2025_H1N1,plate8-A/SouthAustralia/2519001037/2025_H1N1,40,0.3417,0.3417
seqneut25to26_sera_1013_d0,A/SouthAustralia/2519001037/2025_H1N1,plate8-A/SouthAustralia/2519001037/2025_H1N1,92,0.6493,0.6493
seqneut25to26_sera_1013_d0,A/SouthAustralia/2519001037/2025_H1N1,plate8-A/SouthAustralia/2519001037/2025_H1N1,212,0.6825,0.6825
seqneut25to26_sera_1013_d0,A/SouthAustralia/2519001037/2025_H1N1,plate8-A/SouthAustralia/2519001037/2025_H1N1,487,0.815,0.815
seqneut25to26_sera_1013_d0,A/SouthAustralia/2519001037/2025_H1N1,plate8-A/SouthAustralia/2519001037/2025_H1N1,1119,0.8133,0.8133
seqneut25to26_sera_1013_d0,A/SouthAustralia/2519001037/2025_H1N1,plate8-A/SouthAustralia/2519001037/2025_H1N1,2575,1.106,1
seqneut25to26_sera_1013_d0,A/SouthAustralia/2519001037/2025_H1N1,plate8-A/SouthAustralia/2519001037/2025_H1N1,5921,0.7993,0.7993
seqneut25to26_sera_1013_d0,A/SouthAustralia/2520702747/2025_H1N1,plate8-A/SouthAustralia/2520702747/2025_H1N1,40,0.2323,0.2323
seqneut25to26_sera_1013_d0,A/SouthAustralia/2520702747/2025_H1N1,plate8-A/SouthAustralia/2520702747/2025_H1N1,92,0.6993,0.6993
seqneut25to26_sera_1013_d0,A/SouthAustralia/2520702747/2025_H1N1,plate8-A/SouthAustralia/2520702747/2025_H1N1,212,0.8161,0.8161
seqneut25to26_sera_1013_d0,A/SouthAustralia/2520702747/2025_H1N1,plate8-A/SouthAustralia/2520702747/2025_H1N1,487,0.8434,0.8434
seqneut25to26_sera_1013_d0,A/SouthAustralia/2520702747/2025_H1N1,plate8-A/SouthAustralia/2520702747/2025_H1N1,1119,0.9336,0.9336
seqneut25to26_sera_1013_d0,A/SouthAustralia/2520702747/2025_H1N1,plate8-A/SouthAustralia/2520702747/2025_H1N1,2575,1.186,1
seqneut25to26_sera_1013_d0,A/SouthAustralia/2520702747/2025_H1N1,plate8-A/SouthAustralia/2520702747/2025_H1N1,5921,0.8622,0.8622
seqneut25to26_sera_1013_d0,A/SouthAustralia/2523012764/2025_H1N1,plate8-A/SouthAustralia/2523012764/2025_H1N1,40,0.289,0.289
seqneut25to26_sera_1013_d0,A/SouthAustralia/2523012764/2025_H1N1,plate8-A/SouthAustralia/2523012764/2025_H1N1,92,0.6919,0.6919
seqneut25to26_sera_1013_d0,A/SouthAustralia/2523012764/2025_H1N1,plate8-A/SouthAustralia/2523012764/2025_H1N1,212,0.7184,0.7184
seqneut25to26_sera_1013_d0,A/SouthAustralia/2523012764/2025_H1N1,plate8-A/SouthAustralia/2523012764/2025_H1N1,487,0.8337,0.8337
seqneut25to26_sera_1013_d0,A/SouthAustralia/2523012764/2025_H1N1,plate8-A/SouthAustralia/2523012764/2025_H1N1,1119,0.8498,0.8498
seqneut25to26_sera_1013_d0,A/SouthAustralia/2523012764/2025_H1N1,plate8-A/SouthAustralia/2523012764/2025_H1N1,2575,0.9827,0.9827
seqneut25to26_sera_1013_d0,A/SouthAustralia/2523012764/2025_H1N1,plate8-A/SouthAustralia/2523012764/2025_H1N1,5921,0.8943,0.8943
seqneut25to26_sera_1013_d0,A/SouthAustralia/2523812314/2025_H3N2,plate8-A/SouthAustralia/2523812314/2025_H3N2,40,0.05458,0.05458
seqneut25to26_sera_1013_d0,A/SouthAustralia/2523812314/2025_H3N2,plate8-A/SouthAustralia/2523812314/2025_H3N2,92,0.192,0.192
seqneut25to26_sera_1013_d0,A/SouthAustralia/2523812314/2025_H3N2,plate8-A/SouthAustralia/2523812314/2025_H3N2,212,0.3582,0.3582
seqneut25to26_sera_1013_d0,A/SouthAustralia/2523812314/2025_H3N2,plate8-A/SouthAustralia/2523812314/2025_H3N2,487,0.5278,0.5278
seqneut25to26_sera_1013_d0,A/SouthAustralia/2523812314/2025_H3N2,plate8-A/SouthAustralia/2523812314/2025_H3N2,1119,0.7041,0.7041
seqneut25to26_sera_1013_d0,A/SouthAustralia/2523812314/2025_H3N2,plate8-A/SouthAustralia/2523812314/2025_H3N2,2575,0.7491,0.7491
seqneut25to26_sera_1013_d0,A/SouthAustralia/2523812314/2025_H3N2,plate8-A/SouthAustralia/2523812314/2025_H3N2,5921,0.7713,0.7713
seqneut25to26_sera_1013_d0,A/SouthAustralia/2524408801/2025_H3N2,plate8-A/SouthAustralia/2524408801/2025_H3N2,40,0.05862,0.05862
seqneut25to26_sera_1013_d0,A/SouthAustralia/2524408801/2025_H3N2,plate8-A/SouthAustralia/2524408801/2025_H3N2,92,0.2361,0.2361
seqneut25to26_sera_1013_d0,A/SouthAustralia/2524408801/2025_H3N2,plate8-A/SouthAustralia/2524408801/2025_H3N2,212,0.3877,0.3877
seqneut25to26_sera_1013_d0,A/SouthAustralia/2524408801/2025_H3N2,plate8-A/SouthAustralia/2524408801/2025_H3N2,487,0.6226,0.6226
seqneut25to26_sera_1013_d0,A/SouthAustralia/2524408801/2025_H3N2,plate8-A/SouthAustralia/2524408801/2025_H3N2,1119,0.6593,0.6593
seqneut25to26_sera_1013_d0,A/SouthAustralia/2524408801/2025_H3N2,plate8-A/SouthAustralia/2524408801/2025_H3N2,2575,1.089,1
seqneut25to26_sera_1013_d0,A/SouthAustralia/2524408801/2025_H3N2,plate8-A/SouthAustralia/2524408801/2025_H3N2,5921,0.8198,0.8198
seqneut25to26_sera_1013_d0,A/SouthAustralia/2524712956/2025_H1N1,plate8-A/SouthAustralia/2524712956/2025_H1N1,40,0.2772,0.2772
seqneut25to26_sera_1013_d0,A/SouthAustralia/2524712956/2025_H1N1,plate8-A/SouthAustralia/2524712956/2025_H1N1,92,0.6112,0.6112
seqneut25to26_sera_1013_d0,A/SouthAustralia/2524712956/2025_H1N1,plate8-A/SouthAustralia/2524712956/2025_H1N1,212,0.7413,0.7413
seqneut25to26_sera_1013_d0,A/SouthAustralia/2524712956/2025_H1N1,plate8-A/SouthAustralia/2524712956/2025_H1N1,487,0.7613,0.7613
seqneut25to26_sera_1013_d0,A/SouthAustralia/2524712956/2025_H1N1,plate8-A/SouthAustralia/2524712956/2025_H1N1,1119,0.9525,0.9525
seqneut25to26_sera_1013_d0,A/SouthAustralia/2524712956/2025_H1N1,plate8-A/SouthAustralia/2524712956/2025_H1N1,2575,1.031,1
seqneut25to26_sera_1013_d0,A/SouthAustralia/2524712956/2025_H1N1,plate8-A/SouthAustralia/2524712956/2025_H1N1,5921,0.8067,0.8067
seqneut25to26_sera_1013_d0,A/SouthAustralia/2525607496/2025_H3N2,plate8-A/SouthAustralia/2525607496/2025_H3N2,40,0.0003313,0.0003313
seqneut25to26_sera_1013_d0,A/SouthAustralia/2525607496/2025_H3N2,plate8-A/SouthAustralia/2525607496/2025_H3N2,92,0.01584,0.01584
seqneut25to26_sera_1013_d0,A/SouthAustralia/2525607496/2025_H3N2,plate8-A/SouthAustralia/2525607496/2025_H3N2,212,0.15,0.15
seqneut25to26_sera_1013_d0,A/SouthAustralia/2525607496/2025_H3N2,plate8-A/SouthAustralia/2525607496/2025_H3N2,487,0.5874,0.5874
seqneut25to26_sera_1013_d0,A/SouthAustralia/2525607496/2025_H3N2,plate8-A/SouthAustralia/2525607496/2025_H3N2,1119,0.7659,0.7659
seqneut25to26_sera_1013_d0,A/SouthAustralia/2525607496/2025_H3N2,plate8-A/SouthAustralia/2525607496/2025_H3N2,2575,0.8486,0.8486
seqneut25to26_sera_1013_d0,A/SouthAustralia/2525607496/2025_H3N2,plate8-A/SouthAustralia/2525607496/2025_H3N2,5921,0.7441,0.7441
seqneut25to26_sera_1013_d0,A/SouthAustralia/2527003588/2025_H3N2,plate8-A/SouthAustralia/2527003588/2025_H3N2,40,0.1473,0.1473
seqneut25to26_sera_1013_d0,A/SouthAustralia/2527003588/2025_H3N2,plate8-A/SouthAustralia/2527003588/2025_H3N2,92,0.2683,0.2683
seqneut25to26_sera_1013_d0,A/SouthAustralia/2527003588/2025_H3N2,plate8-A/SouthAustralia/2527003588/2025_H3N2,212,0.4971,0.4971
seqneut25to26_sera_1013_d0,A/SouthAustralia/2527003588/2025_H3N2,plate8-A/SouthAustralia/2527003588/2025_H3N2,487,0.6274,0.6274
seqneut25to26_sera_1013_d0,A/SouthAustralia/2527003588/2025_H3N2,plate8-A/SouthAustralia/2527003588/2025_H3N2,1119,0.807,0.807
seqneut25to26_sera_1013_d0,A/SouthAustralia/2527003588/2025_H3N2,plate8-A/SouthAustralia/2527003588/2025_H3N2,2575,0.6585,0.6585
seqneut25to26_sera_1013_d0,A/SouthAustralia/2527003588/2025_H3N2,plate8-A/SouthAustralia/2527003588/2025_H3N2,5921,0.636,0.636
seqneut25to26_sera_1013_d0,A/SouthAustralia/2527213276/2025_H3N2,plate8-A/SouthAustralia/2527213276/2025_H3N2,40,0.2621,0.2621
seqneut25to26_sera_1013_d0,A/SouthAustralia/2527213276/2025_H3N2,plate8-A/SouthAustralia/2527213276/2025_H3N2,92,0.6215,0.6215
seqneut25to26_sera_1013_d0,A/SouthAustralia/2527213276/2025_H3N2,plate8-A/SouthAustralia/2527213276/2025_H3N2,212,0.5269,0.5269
seqneut25to26_sera_1013_d0,A/SouthAustralia/2527213276/2025_H3N2,plate8-A/SouthAustralia/2527213276/2025_H3N2,487,0.5729,0.5729
seqneut25to26_sera_1013_d0,A/SouthAustralia/2527213276/2025_H3N2,plate8-A/SouthAustralia/2527213276/2025_H3N2,1119,0.8384,0.8384
seqneut25to26_sera_1013_d0,A/SouthAustralia/2527213276/2025_H3N2,plate8-A/SouthAustralia/2527213276/2025_H3N2,2575,0.6431,0.6431
seqneut25to26_sera_1013_d0,A/SouthAustralia/2527213276/2025_H3N2,plate8-A/SouthAustralia/2527213276/2025_H3N2,5921,0.7722,0.7722
seqneut25to26_sera_1013_d0,A/SouthAustralia/2527612456/2025_H1N1,plate8-A/SouthAustralia/2527612456/2025_H1N1,40,0.7319,0.7319
seqneut25to26_sera_1013_d0,A/SouthAustralia/2527612456/2025_H1N1,plate8-A/SouthAustralia/2527612456/2025_H1N1,92,0.9371,0.9371
seqneut25to26_sera_1013_d0,A/SouthAustralia/2527612456/2025_H1N1,plate8-A/SouthAustralia/2527612456/2025_H1N1,212,0.8902,0.8902
seqneut25to26_sera_1013_d0,A/SouthAustralia/2527612456/2025_H1N1,plate8-A/SouthAustralia/2527612456/2025_H1N1,487,0.9015,0.9015
seqneut25to26_sera_1013_d0,A/SouthAustralia/2527612456/2025_H1N1,plate8-A/SouthAustralia/2527612456/2025_H1N1,1119,1.047,1
seqneut25to26_sera_1013_d0,A/SouthAustralia/2527612456/2025_H1N1,plate8-A/SouthAustralia/2527612456/2025_H1N1,2575,1.216,1
seqneut25to26_sera_1013_d0,A/SouthAustralia/2527612456/2025_H1N1,plate8-A/SouthAustralia/2527612456/2025_H1N1,5921,1.056,1
seqneut25to26_sera_1013_d0,A/SouthAustralia/2527902708/2025_H3N2,plate8-A/SouthAustralia/2527902708/2025_H3N2,40,0.2172,0.2172
seqneut25to26_sera_1013_d0,A/SouthAustralia/2527902708/2025_H3N2,plate8-A/SouthAustralia/2527902708/2025_H3N2,92,0.2742,0.2742
seqneut25to26_sera_1013_d0,A/SouthAustralia/2527902708/2025_H3N2,plate8-A/SouthAustralia/2527902708/2025_H3N2,212,0.7987,0.7987
seqneut25to26_sera_1013_d0,A/SouthAustralia/2527902708/2025_H3N2,plate8-A/SouthAustralia/2527902708/2025_H3N2,487,1.023,1
seqneut25to26_sera_1013_d0,A/SouthAustralia/2527902708/2025_H3N2,plate8-A/SouthAustralia/2527902708/2025_H3N2,1119,0.7802,0.7802
seqneut25to26_sera_1013_d0,A/SouthAustralia/2527902708/2025_H3N2,plate8-A/SouthAustralia/2527902708/2025_H3N2,2575,1.176,1
seqneut25to26_sera_1013_d0,A/SouthAustralia/2527902708/2025_H3N2,plate8-A/SouthAustralia/2527902708/2025_H3N2,5921,0.7343,0.7343
seqneut25to26_sera_1013_d0,A/Sydney/1359/2024_H3N2,plate8-A/Sydney/1359/2024_H3N2,40,0.2594,0.2594
seqneut25to26_sera_1013_d0,A/Sydney/1359/2024_H3N2,plate8-A/Sydney/1359/2024_H3N2,92,0.3956,0.3956
seqneut25to26_sera_1013_d0,A/Sydney/1359/2024_H3N2,plate8-A/Sydney/1359/2024_H3N2,212,0.4674,0.4674
seqneut25to26_sera_1013_d0,A/Sydney/1359/2024_H3N2,plate8-A/Sydney/1359/2024_H3N2,487,0.6874,0.6874
seqneut25to26_sera_1013_d0,A/Sydney/1359/2024_H3N2,plate8-A/Sydney/1359/2024_H3N2,1119,0.6702,0.6702
seqneut25to26_sera_1013_d0,A/Sydney/1359/2024_H3N2,plate8-A/Sydney/1359/2024_H3N2,2575,0.7333,0.7333
seqneut25to26_sera_1013_d0,A/Sydney/1359/2024_H3N2,plate8-A/Sydney/1359/2024_H3N2,5921,0.6594,0.6594
seqneut25to26_sera_1013_d0,A/Sydney/400/2025_H1N1,plate8-A/Sydney/400/2025_H1N1,40,0.3311,0.3311
seqneut25to26_sera_1013_d0,A/Sydney/400/2025_H1N1,plate8-A/Sydney/400/2025_H1N1,92,0.7353,0.7353
seqneut25to26_sera_1013_d0,A/Sydney/400/2025_H1N1,plate8-A/Sydney/400/2025_H1N1,212,0.6661,0.6661
seqneut25to26_sera_1013_d0,A/Sydney/400/2025_H1N1,plate8-A/Sydney/400/2025_H1N1,487,0.7019,0.7019
seqneut25to26_sera_1013_d0,A/Sydney/400/2025_H1N1,plate8-A/Sydney/400/2025_H1N1,1119,0.6583,0.6583
seqneut25to26_sera_1013_d0,A/Sydney/400/2025_H1N1,plate8-A/Sydney/400/2025_H1N1,2575,0.9855,0.9855
seqneut25to26_sera_1013_d0,A/Sydney/400/2025_H1N1,plate8-A/Sydney/400/2025_H1N1,5921,0.7033,0.7033
seqneut25to26_sera_1013_d0,A/Tasmania/2521815682/2025_H3N2,plate8-A/Tasmania/2521815682/2025_H3N2,40,0.1503,0.1503
seqneut25to26_sera_1013_d0,A/Tasmania/2521815682/2025_H3N2,plate8-A/Tasmania/2521815682/2025_H3N2,92,0.4231,0.4231
seqneut25to26_sera_1013_d0,A/Tasmania/2521815682/2025_H3N2,plate8-A/Tasmania/2521815682/2025_H3N2,212,0.5893,0.5893
seqneut25to26_sera_1013_d0,A/Tasmania/2521815682/2025_H3N2,plate8-A/Tasmania/2521815682/2025_H3N2,487,0.6479,0.6479
seqneut25to26_sera_1013_d0,A/Tasmania/2521815682/2025_H3N2,plate8-A/Tasmania/2521815682/2025_H3N2,1119,0.7723,0.7723
seqneut25to26_sera_1013_d0,A/Tasmania/2521815682/2025_H3N2,plate8-A/Tasmania/2521815682/2025_H3N2,2575,0.7577,0.7577
seqneut25to26_sera_1013_d0,A/Tasmania/2521815682/2025_H3N2,plate8-A/Tasmania/2521815682/2025_H3N2,5921,0.7821,0.7821
seqneut25to26_sera_1013_d0,A/Thailand/8/2022_H3N2,plate8-A/Thailand/8/2022_H3N2,40,0.01712,0.01712
seqneut25to26_sera_1013_d0,A/Thailand/8/2022_H3N2,plate8-A/Thailand/8/2022_H3N2,92,0.05296,0.05296
seqneut25to26_sera_1013_d0,A/Thailand/8/2022_H3N2,plate8-A/Thailand/8/2022_H3N2,212,0.2274,0.2274
seqneut25to26_sera_1013_d0,A/Thailand/8/2022_H3N2,plate8-A/Thailand/8/2022_H3N2,487,0.3993,0.3993
seqneut25to26_sera_1013_d0,A/Thailand/8/2022_H3N2,plate8-A/Thailand/8/2022_H3N2,1119,0.4991,0.4991
seqneut25to26_sera_1013_d0,A/Thailand/8/2022_H3N2,plate8-A/Thailand/8/2022_H3N2,2575,0.8939,0.8939
seqneut25to26_sera_1013_d0,A/Thailand/8/2022_H3N2,plate8-A/Thailand/8/2022_H3N2,5921,0.5729,0.5729
seqneut25to26_sera_1013_d0,A/Vermont/73/2025_H3N2,plate8-A/Vermont/73/2025_H3N2,40,0.1567,0.1567
seqneut25to26_sera_1013_d0,A/Vermont/73/2025_H3N2,plate8-A/Vermont/73/2025_H3N2,92,0.5133,0.5133
seqneut25to26_sera_1013_d0,A/Vermont/73/2025_H3N2,plate8-A/Vermont/73/2025_H3N2,212,0.5646,0.5646
seqneut25to26_sera_1013_d0,A/Vermont/73/2025_H3N2,plate8-A/Vermont/73/2025_H3N2,487,0.6651,0.6651
seqneut25to26_sera_1013_d0,A/Vermont/73/2025_H3N2,plate8-A/Vermont/73/2025_H3N2,1119,0.6911,0.6911
seqneut25to26_sera_1013_d0,A/Vermont/73/2025_H3N2,plate8-A/Vermont/73/2025_H3N2,2575,0.9761,0.9761
seqneut25to26_sera_1013_d0,A/Vermont/73/2025_H3N2,plate8-A/Vermont/73/2025_H3N2,5921,0.6938,0.6938
seqneut25to26_sera_1013_d0,A/Victoria/4897/2022_IVR-238_H1N1,plate8-A/Victoria/4897/2022_IVR-238_H1N1,40,0.0001457,0.0001457
seqneut25to26_sera_1013_d0,A/Victoria/4897/2022_IVR-238_H1N1,plate8-A/Victoria/4897/2022_IVR-238_H1N1,92,0.0008876,0.0008876
seqneut25to26_sera_1013_d0,A/Victoria/4897/2022_IVR-238_H1N1,plate8-A/Victoria/4897/2022_IVR-238_H1N1,212,0.01228,0.01228
seqneut25to26_sera_1013_d0,A/Victoria/4897/2022_IVR-238_H1N1,plate8-A/Victoria/4897/2022_IVR-238_H1N1,487,0.3374,0.3374
seqneut25to26_sera_1013_d0,A/Victoria/4897/2022_IVR-238_H1N1,plate8-A/Victoria/4897/2022_IVR-238_H1N1,1119,0.6809,0.6809
seqneut25to26_sera_1013_d0,A/Victoria/4897/2022_IVR-238_H1N1,plate8-A/Victoria/4897/2022_IVR-238_H1N1,2575,0.8584,0.8584
seqneut25to26_sera_1013_d0,A/Victoria/4897/2022_IVR-238_H1N1,plate8-A/Victoria/4897/2022_IVR-238_H1N1,5921,0.7603,0.7603
seqneut25to26_sera_1013_d0,A/Wisconsin/588/2019_H1N1,plate8-A/Wisconsin/588/2019_H1N1,40,0.07334,0.07334
seqneut25to26_sera_1013_d0,A/Wisconsin/588/2019_H1N1,plate8-A/Wisconsin/588/2019_H1N1,92,0.4529,0.4529
seqneut25to26_sera_1013_d0,A/Wisconsin/588/2019_H1N1,plate8-A/Wisconsin/588/2019_H1N1,212,0.7165,0.7165
seqneut25to26_sera_1013_d0,A/Wisconsin/588/2019_H1N1,plate8-A/Wisconsin/588/2019_H1N1,487,0.7919,0.7919
seqneut25to26_sera_1013_d0,A/Wisconsin/588/2019_H1N1,plate8-A/Wisconsin/588/2019_H1N1,1119,0.8946,0.8946
seqneut25to26_sera_1013_d0,A/Wisconsin/588/2019_H1N1,plate8-A/Wisconsin/588/2019_H1N1,2575,0.9876,0.9876
seqneut25to26_sera_1013_d0,A/Wisconsin/588/2019_H1N1,plate8-A/Wisconsin/588/2019_H1N1,5921,0.8871,0.8871
seqneut25to26_sera_1013_d0,A/Wisconsin/67/2022_H1N1,plate8-A/Wisconsin/67/2022_H1N1,40,0.3297,0.3297
seqneut25to26_sera_1013_d0,A/Wisconsin/67/2022_H1N1,plate8-A/Wisconsin/67/2022_H1N1,92,0.5951,0.5951
seqneut25to26_sera_1013_d0,A/Wisconsin/67/2022_H1N1,plate8-A/Wisconsin/67/2022_H1N1,212,0.696,0.696
seqneut25to26_sera_1013_d0,A/Wisconsin/67/2022_H1N1,plate8-A/Wisconsin/67/2022_H1N1,487,0.6988,0.6988
seqneut25to26_sera_1013_d0,A/Wisconsin/67/2022_H1N1,plate8-A/Wisconsin/67/2022_H1N1,1119,0.8896,0.8896
seqneut25to26_sera_1013_d0,A/Wisconsin/67/2022_H1N1,plate8-A/Wisconsin/67/2022_H1N1,2575,0.932,0.932
seqneut25to26_sera_1013_d0,A/Wisconsin/67/2022_H1N1,plate8-A/Wisconsin/67/2022_H1N1,5921,0.8235,0.8235
seqneut25to26_sera_1013_d0,A/Zacapa/FLU-261/2025_H1N1,plate8-A/Zacapa/FLU-261/2025_H1N1,40,0.3693,0.3693
seqneut25to26_sera_1013_d0,A/Zacapa/FLU-261/2025_H1N1,plate8-A/Zacapa/FLU-261/2025_H1N1,92,0.657,0.657
seqneut25to26_sera_1013_d0,A/Zacapa/FLU-261/2025_H1N1,plate8-A/Zacapa/FLU-261/2025_H1N1,212,0.9025,0.9025
seqneut25to26_sera_1013_d0,A/Zacapa/FLU-261/2025_H1N1,plate8-A/Zacapa/FLU-261/2025_H1N1,487,0.9064,0.9064
seqneut25to26_sera_1013_d0,A/Zacapa/FLU-261/2025_H1N1,plate8-A/Zacapa/FLU-261/2025_H1N1,1119,0.8996,0.8996
seqneut25to26_sera_1013_d0,A/Zacapa/FLU-261/2025_H1N1,plate8-A/Zacapa/FLU-261/2025_H1N1,2575,1.051,1
seqneut25to26_sera_1013_d0,A/Zacapa/FLU-261/2025_H1N1,plate8-A/Zacapa/FLU-261/2025_H1N1,5921,0.9535,0.9535
seqneut25to26_sera_1013_d28,A/Alagoas/4130/2025_H3N2,plate8-A/Alagoas/4130/2025_H3N2,40,0,0
seqneut25to26_sera_1013_d28,A/Alagoas/4130/2025_H3N2,plate8-A/Alagoas/4130/2025_H3N2,92,0.01761,0.01761
seqneut25to26_sera_1013_d28,A/Alagoas/4130/2025_H3N2,plate8-A/Alagoas/4130/2025_H3N2,212,0.1321,0.1321
seqneut25to26_sera_1013_d28,A/Alagoas/4130/2025_H3N2,plate8-A/Alagoas/4130/2025_H3N2,487,0.2585,0.2585
seqneut25to26_sera_1013_d28,A/Alagoas/4130/2025_H3N2,plate8-A/Alagoas/4130/2025_H3N2,1119,0.726,0.726
seqneut25to26_sera_1013_d28,A/Alagoas/4130/2025_H3N2,plate8-A/Alagoas/4130/2025_H3N2,2575,0.7538,0.7538
seqneut25to26_sera_1013_d28,A/Alagoas/4130/2025_H3N2,plate8-A/Alagoas/4130/2025_H3N2,5921,0.5704,0.5704
seqneut25to26_sera_1013_d28,A/Alagoas/4130/2025_H3N2,plate8-A/Alagoas/4130/2025_H3N2,1.362e+04,0.7668,0.7668
seqneut25to26_sera_1013_d28,A/Anapolis/LEIAL6543/2025_H3N2,plate8-A/Anapolis/LEIAL6543/2025_H3N2,40,0,0
seqneut25to26_sera_1013_d28,A/Anapolis/LEIAL6543/2025_H3N2,plate8-A/Anapolis/LEIAL6543/2025_H3N2,92,0.02447,0.02447
seqneut25to26_sera_1013_d28,A/Anapolis/LEIAL6543/2025_H3N2,plate8-A/Anapolis/LEIAL6543/2025_H3N2,212,0.3441,0.3441
seqneut25to26_sera_1013_d28,A/Anapolis/LEIAL6543/2025_H3N2,plate8-A/Anapolis/LEIAL6543/2025_H3N2,487,0.4731,0.4731
seqneut25to26_sera_1013_d28,A/Anapolis/LEIAL6543/2025_H3N2,plate8-A/Anapolis/LEIAL6543/2025_H3N2,1119,0.6532,0.6532
seqneut25to26_sera_1013_d28,A/Anapolis/LEIAL6543/2025_H3N2,plate8-A/Anapolis/LEIAL6543/2025_H3N2,2575,0.6532,0.6532
seqneut25to26_sera_1013_d28,A/Anapolis/LEIAL6543/2025_H3N2,plate8-A/Anapolis/LEIAL6543/2025_H3N2,5921,0.7421,0.7421
seqneut25to26_sera_1013_d28,A/Anapolis/LEIAL6543/2025_H3N2,plate8-A/Anapolis/LEIAL6543/2025_H3N2,1.362e+04,0.8337,0.8337
seqneut25to26_sera_1013_d28,A/Andalucia/PMC-00977/2025_H1N1,plate8-A/Andalucia/PMC-00977/2025_H1N1,40,0.4355,0.4355
seqneut25to26_sera_1013_d28,A/Andalucia/PMC-00977/2025_H1N1,plate8-A/Andalucia/PMC-00977/2025_H1N1,92,0.6791,0.6791
seqneut25to26_sera_1013_d28,A/Andalucia/PMC-00977/2025_H1N1,plate8-A/Andalucia/PMC-00977/2025_H1N1,212,0.8147,0.8147
seqneut25to26_sera_1013_d28,A/Andalucia/PMC-00977/2025_H1N1,plate8-A/Andalucia/PMC-00977/2025_H1N1,487,0.7765,0.7765
seqneut25to26_sera_1013_d28,A/Andalucia/PMC-00977/2025_H1N1,plate8-A/Andalucia/PMC-00977/2025_H1N1,1119,1.022,1
seqneut25to26_sera_1013_d28,A/Andalucia/PMC-00977/2025_H1N1,plate8-A/Andalucia/PMC-00977/2025_H1N1,2575,0.9024,0.9024
seqneut25to26_sera_1013_d28,A/Andalucia/PMC-00977/2025_H1N1,plate8-A/Andalucia/PMC-00977/2025_H1N1,5921,0.9208,0.9208
seqneut25to26_sera_1013_d28,A/Andalucia/PMC-00977/2025_H1N1,plate8-A/Andalucia/PMC-00977/2025_H1N1,1.362e+04,0.9088,0.9088
seqneut25to26_sera_1013_d28,A/Aragon/2046/2025_H1N1,plate8-A/Aragon/2046/2025_H1N1,40,0.2965,0.2965
seqneut25to26_sera_1013_d28,A/Aragon/2046/2025_H1N1,plate8-A/Aragon/2046/2025_H1N1,92,0.4826,0.4826
seqneut25to26_sera_1013_d28,A/Aragon/2046/2025_H1N1,plate8-A/Aragon/2046/2025_H1N1,212,0.7922,0.7922
seqneut25to26_sera_1013_d28,A/Aragon/2046/2025_H1N1,plate8-A/Aragon/2046/2025_H1N1,487,0.8456,0.8456
seqneut25to26_sera_1013_d28,A/Aragon/2046/2025_H1N1,plate8-A/Aragon/2046/2025_H1N1,1119,0.9085,0.9085
seqneut25to26_sera_1013_d28,A/Aragon/2046/2025_H1N1,plate8-A/Aragon/2046/2025_H1N1,2575,0.8189,0.8189
seqneut25to26_sera_1013_d28,A/Aragon/2046/2025_H1N1,plate8-A/Aragon/2046/2025_H1N1,5921,0.8198,0.8198
seqneut25to26_sera_1013_d28,A/Aragon/2046/2025_H1N1,plate8-A/Aragon/2046/2025_H1N1,1.362e+04,0.9029,0.9029
seqneut25to26_sera_1013_d28,A/Arica/59150/2025_H3N2,plate8-A/Arica/59150/2025_H3N2,40,0.0002066,0.0002066
seqneut25to26_sera_1013_d28,A/Arica/59150/2025_H3N2,plate8-A/Arica/59150/2025_H3N2,92,0.03876,0.03876
seqneut25to26_sera_1013_d28,A/Arica/59150/2025_H3N2,plate8-A/Arica/59150/2025_H3N2,212,0.1841,0.1841
seqneut25to26_sera_1013_d28,A/Arica/59150/2025_H3N2,plate8-A/Arica/59150/2025_H3N2,487,0.3089,0.3089
seqneut25to26_sera_1013_d28,A/Arica/59150/2025_H3N2,plate8-A/Arica/59150/2025_H3N2,1119,0.6233,0.6233
seqneut25to26_sera_1013_d28,A/Arica/59150/2025_H3N2,plate8-A/Arica/59150/2025_H3N2,2575,0.7824,0.7824
seqneut25to26_sera_1013_d28,A/Arica/59150/2025_H3N2,plate8-A/Arica/59150/2025_H3N2,5921,0.8066,0.8066
seqneut25to26_sera_1013_d28,A/Arica/59150/2025_H3N2,plate8-A/Arica/59150/2025_H3N2,1.362e+04,0.7577,0.7577
seqneut25to26_sera_1013_d28,A/Bahia/3102/2025_H3N2,plate8-A/Bahia/3102/2025_H3N2,40,0,0
seqneut25to26_sera_1013_d28,A/Bahia/3102/2025_H3N2,plate8-A/Bahia/3102/2025_H3N2,92,0.01582,0.01582
seqneut25to26_sera_1013_d28,A/Bahia/3102/2025_H3N2,plate8-A/Bahia/3102/2025_H3N2,212,0.133,0.133
seqneut25to26_sera_1013_d28,A/Bahia/3102/2025_H3N2,plate8-A/Bahia/3102/2025_H3N2,487,0.3424,0.3424
seqneut25to26_sera_1013_d28,A/Bahia/3102/2025_H3N2,plate8-A/Bahia/3102/2025_H3N2,1119,0.7205,0.7205
seqneut25to26_sera_1013_d28,A/Bahia/3102/2025_H3N2,plate8-A/Bahia/3102/2025_H3N2,2575,0.7708,0.7708
seqneut25to26_sera_1013_d28,A/Bahia/3102/2025_H3N2,plate8-A/Bahia/3102/2025_H3N2,5921,0.8997,0.8997
seqneut25to26_sera_1013_d28,A/Bahia/3102/2025_H3N2,plate8-A/Bahia/3102/2025_H3N2,1.362e+04,0.7533,0.7533
seqneut25to26_sera_1013_d28,A/Bangkok/1803/2025_H1N1,plate8-A/Bangkok/1803/2025_H1N1,40,0.1653,0.1653
seqneut25to26_sera_1013_d28,A/Bangkok/1803/2025_H1N1,plate8-A/Bangkok/1803/2025_H1N1,92,0.3595,0.3595
seqneut25to26_sera_1013_d28,A/Bangkok/1803/2025_H1N1,plate8-A/Bangkok/1803/2025_H1N1,212,0.6773,0.6773
seqneut25to26_sera_1013_d28,A/Bangkok/1803/2025_H1N1,plate8-A/Bangkok/1803/2025_H1N1,487,0.8291,0.8291
seqneut25to26_sera_1013_d28,A/Bangkok/1803/2025_H1N1,plate8-A/Bangkok/1803/2025_H1N1,1119,1.235,1
seqneut25to26_sera_1013_d28,A/Bangkok/1803/2025_H1N1,plate8-A/Bangkok/1803/2025_H1N1,2575,1.043,1
seqneut25to26_sera_1013_d28,A/Bangkok/1803/2025_H1N1,plate8-A/Bangkok/1803/2025_H1N1,5921,0.9719,0.9719
seqneut25to26_sera_1013_d28,A/Bangkok/1803/2025_H1N1,plate8-A/Bangkok/1803/2025_H1N1,1.362e+04,1.023,1
seqneut25to26_sera_1013_d28,A/Bangkok/P2229/2025_H1N1,plate8-A/Bangkok/P2229/2025_H1N1,40,0.2078,0.2078
seqneut25to26_sera_1013_d28,A/Bangkok/P2229/2025_H1N1,plate8-A/Bangkok/P2229/2025_H1N1,92,0.4742,0.4742
seqneut25to26_sera_1013_d28,A/Bangkok/P2229/2025_H1N1,plate8-A/Bangkok/P2229/2025_H1N1,212,0.6821,0.6821
seqneut25to26_sera_1013_d28,A/Bangkok/P2229/2025_H1N1,plate8-A/Bangkok/P2229/2025_H1N1,487,0.6048,0.6048
seqneut25to26_sera_1013_d28,A/Bangkok/P2229/2025_H1N1,plate8-A/Bangkok/P2229/2025_H1N1,1119,0.9518,0.9518
seqneut25to26_sera_1013_d28,A/Bangkok/P2229/2025_H1N1,plate8-A/Bangkok/P2229/2025_H1N1,2575,0.9094,0.9094
seqneut25to26_sera_1013_d28,A/Bangkok/P2229/2025_H1N1,plate8-A/Bangkok/P2229/2025_H1N1,5921,0.8302,0.8302
seqneut25to26_sera_1013_d28,A/Bangkok/P2229/2025_H1N1,plate8-A/Bangkok/P2229/2025_H1N1,1.362e+04,0.8445,0.8445
seqneut25to26_sera_1013_d28,A/Bangkok/P2323/2025_H3N2,plate8-A/Bangkok/P2323/2025_H3N2,40,0.01028,0.01028
seqneut25to26_sera_1013_d28,A/Bangkok/P2323/2025_H3N2,plate8-A/Bangkok/P2323/2025_H3N2,92,0.1059,0.1059
seqneut25to26_sera_1013_d28,A/Bangkok/P2323/2025_H3N2,plate8-A/Bangkok/P2323/2025_H3N2,212,0.324,0.324
seqneut25to26_sera_1013_d28,A/Bangkok/P2323/2025_H3N2,plate8-A/Bangkok/P2323/2025_H3N2,487,0.4804,0.4804
seqneut25to26_sera_1013_d28,A/Bangkok/P2323/2025_H3N2,plate8-A/Bangkok/P2323/2025_H3N2,1119,0.7884,0.7884
seqneut25to26_sera_1013_d28,A/Bangkok/P2323/2025_H3N2,plate8-A/Bangkok/P2323/2025_H3N2,2575,0.6281,0.6281
seqneut25to26_sera_1013_d28,A/Bangkok/P2323/2025_H3N2,plate8-A/Bangkok/P2323/2025_H3N2,5921,0.8598,0.8598
seqneut25to26_sera_1013_d28,A/Bangkok/P2323/2025_H3N2,plate8-A/Bangkok/P2323/2025_H3N2,1.362e+04,0.6827,0.6827
seqneut25to26_sera_1013_d28,A/Bangkok/P2390/2025_H3N2,plate8-A/Bangkok/P2390/2025_H3N2,40,0.001629,0.001629
seqneut25to26_sera_1013_d28,A/Bangkok/P2390/2025_H3N2,plate8-A/Bangkok/P2390/2025_H3N2,92,0.02762,0.02762
seqneut25to26_sera_1013_d28,A/Bangkok/P2390/2025_H3N2,plate8-A/Bangkok/P2390/2025_H3N2,212,0.2625,0.2625
seqneut25to26_sera_1013_d28,A/Bangkok/P2390/2025_H3N2,plate8-A/Bangkok/P2390/2025_H3N2,487,0.3535,0.3535
seqneut25to26_sera_1013_d28,A/Bangkok/P2390/2025_H3N2,plate8-A/Bangkok/P2390/2025_H3N2,1119,0.9182,0.9182
seqneut25to26_sera_1013_d28,A/Bangkok/P2390/2025_H3N2,plate8-A/Bangkok/P2390/2025_H3N2,2575,0.7256,0.7256
seqneut25to26_sera_1013_d28,A/Bangkok/P2390/2025_H3N2,plate8-A/Bangkok/P2390/2025_H3N2,5921,0.7563,0.7563
seqneut25to26_sera_1013_d28,A/Bangkok/P2390/2025_H3N2,plate8-A/Bangkok/P2390/2025_H3N2,1.362e+04,0.7624,0.7624
seqneut25to26_sera_1013_d28,A/Bangkok/P2391/2025_H3N2,plate8-A/Bangkok/P2391/2025_H3N2,40,0.003511,0.003511
seqneut25to26_sera_1013_d28,A/Bangkok/P2391/2025_H3N2,plate8-A/Bangkok/P2391/2025_H3N2,92,0.01091,0.01091
seqneut25to26_sera_1013_d28,A/Bangkok/P2391/2025_H3N2,plate8-A/Bangkok/P2391/2025_H3N2,212,0.1214,0.1214
seqneut25to26_sera_1013_d28,A/Bangkok/P2391/2025_H3N2,plate8-A/Bangkok/P2391/2025_H3N2,487,0.3537,0.3537
seqneut25to26_sera_1013_d28,A/Bangkok/P2391/2025_H3N2,plate8-A/Bangkok/P2391/2025_H3N2,1119,0.5985,0.5985
seqneut25to26_sera_1013_d28,A/Bangkok/P2391/2025_H3N2,plate8-A/Bangkok/P2391/2025_H3N2,2575,0.6527,0.6527
seqneut25to26_sera_1013_d28,A/Bangkok/P2391/2025_H3N2,plate8-A/Bangkok/P2391/2025_H3N2,5921,0.571,0.571
seqneut25to26_sera_1013_d28,A/Bangkok/P2391/2025_H3N2,plate8-A/Bangkok/P2391/2025_H3N2,1.362e+04,0.6604,0.6604
seqneut25to26_sera_1013_d28,A/Bangkok/P2572/2025_H3N2,plate8-A/Bangkok/P2572/2025_H3N2,40,0.002544,0.002544
seqneut25to26_sera_1013_d28,A/Bangkok/P2572/2025_H3N2,plate8-A/Bangkok/P2572/2025_H3N2,92,0.04124,0.04124
seqneut25to26_sera_1013_d28,A/Bangkok/P2572/2025_H3N2,plate8-A/Bangkok/P2572/2025_H3N2,212,0.2215,0.2215
seqneut25to26_sera_1013_d28,A/Bangkok/P2572/2025_H3N2,plate8-A/Bangkok/P2572/2025_H3N2,487,0.3632,0.3632
seqneut25to26_sera_1013_d28,A/Bangkok/P2572/2025_H3N2,plate8-A/Bangkok/P2572/2025_H3N2,1119,0.6579,0.6579
seqneut25to26_sera_1013_d28,A/Bangkok/P2572/2025_H3N2,plate8-A/Bangkok/P2572/2025_H3N2,2575,0.7441,0.7441
seqneut25to26_sera_1013_d28,A/Bangkok/P2572/2025_H3N2,plate8-A/Bangkok/P2572/2025_H3N2,5921,0.6902,0.6902
seqneut25to26_sera_1013_d28,A/Bangkok/P2572/2025_H3N2,plate8-A/Bangkok/P2572/2025_H3N2,1.362e+04,0.9461,0.9461
seqneut25to26_sera_1013_d28,A/Bangkok/P2921/2025_H3N2,plate8-A/Bangkok/P2921/2025_H3N2,40,0,0
seqneut25to26_sera_1013_d28,A/Bangkok/P2921/2025_H3N2,plate8-A/Bangkok/P2921/2025_H3N2,92,0.01387,0.01387
seqneut25to26_sera_1013_d28,A/Bangkok/P2921/2025_H3N2,plate8-A/Bangkok/P2921/2025_H3N2,212,0.158,0.158
seqneut25to26_sera_1013_d28,A/Bangkok/P2921/2025_H3N2,plate8-A/Bangkok/P2921/2025_H3N2,487,0.3552,0.3552
seqneut25to26_sera_1013_d28,A/Bangkok/P2921/2025_H3N2,plate8-A/Bangkok/P2921/2025_H3N2,1119,0.5892,0.5892
seqneut25to26_sera_1013_d28,A/Bangkok/P2921/2025_H3N2,plate8-A/Bangkok/P2921/2025_H3N2,2575,0.6622,0.6622
seqneut25to26_sera_1013_d28,A/Bangkok/P2921/2025_H3N2,plate8-A/Bangkok/P2921/2025_H3N2,5921,0.7385,0.7385
seqneut25to26_sera_1013_d28,A/Bangkok/P2921/2025_H3N2,plate8-A/Bangkok/P2921/2025_H3N2,1.362e+04,0.7478,0.7478
seqneut25to26_sera_1013_d28,A/Bangkok/P3067/2025_H1N1,plate8-A/Bangkok/P3067/2025_H1N1,40,0.1617,0.1617
seqneut25to26_sera_1013_d28,A/Bangkok/P3067/2025_H1N1,plate8-A/Bangkok/P3067/2025_H1N1,92,0.6003,0.6003
seqneut25to26_sera_1013_d28,A/Bangkok/P3067/2025_H1N1,plate8-A/Bangkok/P3067/2025_H1N1,212,0.8917,0.8917
seqneut25to26_sera_1013_d28,A/Bangkok/P3067/2025_H1N1,plate8-A/Bangkok/P3067/2025_H1N1,487,0.8521,0.8521
seqneut25to26_sera_1013_d28,A/Bangkok/P3067/2025_H1N1,plate8-A/Bangkok/P3067/2025_H1N1,1119,1.007,1
seqneut25to26_sera_1013_d28,A/Bangkok/P3067/2025_H1N1,plate8-A/Bangkok/P3067/2025_H1N1,2575,1.034,1
seqneut25to26_sera_1013_d28,A/Bangkok/P3067/2025_H1N1,plate8-A/Bangkok/P3067/2025_H1N1,5921,0.8612,0.8612
seqneut25to26_sera_1013_d28,A/Bangkok/P3067/2025_H1N1,plate8-A/Bangkok/P3067/2025_H1N1,1.362e+04,0.888,0.888
seqneut25to26_sera_1013_d28,A/Bangkok/P3263/2025_H3N2,plate8-A/Bangkok/P3263/2025_H3N2,40,1.759e-05,1.759e-05
seqneut25to26_sera_1013_d28,A/Bangkok/P3263/2025_H3N2,plate8-A/Bangkok/P3263/2025_H3N2,92,0.02264,0.02264
seqneut25to26_sera_1013_d28,A/Bangkok/P3263/2025_H3N2,plate8-A/Bangkok/P3263/2025_H3N2,212,0.1823,0.1823
seqneut25to26_sera_1013_d28,A/Bangkok/P3263/2025_H3N2,plate8-A/Bangkok/P3263/2025_H3N2,487,0.4401,0.4401
seqneut25to26_sera_1013_d28,A/Bangkok/P3263/2025_H3N2,plate8-A/Bangkok/P3263/2025_H3N2,1119,0.7267,0.7267
seqneut25to26_sera_1013_d28,A/Bangkok/P3263/2025_H3N2,plate8-A/Bangkok/P3263/2025_H3N2,2575,0.764,0.764
seqneut25to26_sera_1013_d28,A/Bangkok/P3263/2025_H3N2,plate8-A/Bangkok/P3263/2025_H3N2,5921,0.8018,0.8018
seqneut25to26_sera_1013_d28,A/Bangkok/P3263/2025_H3N2,plate8-A/Bangkok/P3263/2025_H3N2,1.362e+04,0.8312,0.8312
seqneut25to26_sera_1013_d28,A/Belgium/H0097/2025_H3N2,plate8-A/Belgium/H0097/2025_H3N2,40,2.34e-05,2.34e-05
seqneut25to26_sera_1013_d28,A/Belgium/H0097/2025_H3N2,plate8-A/Belgium/H0097/2025_H3N2,92,0.003099,0.003099
seqneut25to26_sera_1013_d28,A/Belgium/H0097/2025_H3N2,plate8-A/Belgium/H0097/2025_H3N2,212,0.08552,0.08552
seqneut25to26_sera_1013_d28,A/Belgium/H0097/2025_H3N2,plate8-A/Belgium/H0097/2025_H3N2,487,0.2008,0.2008
seqneut25to26_sera_1013_d28,A/Belgium/H0097/2025_H3N2,plate8-A/Belgium/H0097/2025_H3N2,1119,0.7419,0.7419
seqneut25to26_sera_1013_d28,A/Belgium/H0097/2025_H3N2,plate8-A/Belgium/H0097/2025_H3N2,2575,0.7049,0.7049
seqneut25to26_sera_1013_d28,A/Belgium/H0097/2025_H3N2,plate8-A/Belgium/H0097/2025_H3N2,5921,0.7164,0.7164
seqneut25to26_sera_1013_d28,A/Belgium/H0097/2025_H3N2,plate8-A/Belgium/H0097/2025_H3N2,1.362e+04,0.7086,0.7086
seqneut25to26_sera_1013_d28,A/Bhutan/1267/2025_H3N2,plate8-A/Bhutan/1267/2025_H3N2,40,5.676e-05,5.676e-05
seqneut25to26_sera_1013_d28,A/Bhutan/1267/2025_H3N2,plate8-A/Bhutan/1267/2025_H3N2,92,0.00163,0.00163
seqneut25to26_sera_1013_d28,A/Bhutan/1267/2025_H3N2,plate8-A/Bhutan/1267/2025_H3N2,212,0.0805,0.0805
seqneut25to26_sera_1013_d28,A/Bhutan/1267/2025_H3N2,plate8-A/Bhutan/1267/2025_H3N2,487,0.2768,0.2768
seqneut25to26_sera_1013_d28,A/Bhutan/1267/2025_H3N2,plate8-A/Bhutan/1267/2025_H3N2,1119,0.628,0.628
seqneut25to26_sera_1013_d28,A/Bhutan/1267/2025_H3N2,plate8-A/Bhutan/1267/2025_H3N2,2575,0.6784,0.6784
seqneut25to26_sera_1013_d28,A/Bhutan/1267/2025_H3N2,plate8-A/Bhutan/1267/2025_H3N2,5921,0.5943,0.5943
seqneut25to26_sera_1013_d28,A/Bhutan/1267/2025_H3N2,plate8-A/Bhutan/1267/2025_H3N2,1.362e+04,0.7177,0.7177
seqneut25to26_sera_1013_d28,A/Bhutan/7/2025_H3N2,plate8-A/Bhutan/7/2025_H3N2,40,1.559e-05,1.559e-05
seqneut25to26_sera_1013_d28,A/Bhutan/7/2025_H3N2,plate8-A/Bhutan/7/2025_H3N2,92,0.005152,0.005152
seqneut25to26_sera_1013_d28,A/Bhutan/7/2025_H3N2,plate8-A/Bhutan/7/2025_H3N2,212,0.08753,0.08753
seqneut25to26_sera_1013_d28,A/Bhutan/7/2025_H3N2,plate8-A/Bhutan/7/2025_H3N2,487,0.3217,0.3217
seqneut25to26_sera_1013_d28,A/Bhutan/7/2025_H3N2,plate8-A/Bhutan/7/2025_H3N2,1119,0.6999,0.6999
seqneut25to26_sera_1013_d28,A/Bhutan/7/2025_H3N2,plate8-A/Bhutan/7/2025_H3N2,2575,0.9345,0.9345
seqneut25to26_sera_1013_d28,A/Bhutan/7/2025_H3N2,plate8-A/Bhutan/7/2025_H3N2,5921,0.6921,0.6921
seqneut25to26_sera_1013_d28,A/Bhutan/7/2025_H3N2,plate8-A/Bhutan/7/2025_H3N2,1.362e+04,0.8246,0.8246
seqneut25to26_sera_1013_d28,A/BritishColumbia/PHL-2473/2025_H1N1,plate8-A/BritishColumbia/PHL-2473/2025_H1N1,40,0.2064,0.2064
seqneut25to26_sera_1013_d28,A/BritishColumbia/PHL-2473/2025_H1N1,plate8-A/BritishColumbia/PHL-2473/2025_H1N1,92,0.508,0.508
seqneut25to26_sera_1013_d28,A/BritishColumbia/PHL-2473/2025_H1N1,plate8-A/BritishColumbia/PHL-2473/2025_H1N1,212,0.6232,0.6232
seqneut25to26_sera_1013_d28,A/BritishColumbia/PHL-2473/2025_H1N1,plate8-A/BritishColumbia/PHL-2473/2025_H1N1,487,0.6756,0.6756
seqneut25to26_sera_1013_d28,A/BritishColumbia/PHL-2473/2025_H1N1,plate8-A/BritishColumbia/PHL-2473/2025_H1N1,1119,0.9366,0.9366
seqneut25to26_sera_1013_d28,A/BritishColumbia/PHL-2473/2025_H1N1,plate8-A/BritishColumbia/PHL-2473/2025_H1N1,2575,0.994,0.994
seqneut25to26_sera_1013_d28,A/BritishColumbia/PHL-2473/2025_H1N1,plate8-A/BritishColumbia/PHL-2473/2025_H1N1,5921,0.8867,0.8867
seqneut25to26_sera_1013_d28,A/BritishColumbia/PHL-2473/2025_H1N1,plate8-A/BritishColumbia/PHL-2473/2025_H1N1,1.362e+04,0.7742,0.7742
seqneut25to26_sera_1013_d28,A/California/61/2025_H3N2,plate8-A/California/61/2025_H3N2,40,0.000196,0.000196
seqneut25to26_sera_1013_d28,A/California/61/2025_H3N2,plate8-A/California/61/2025_H3N2,92,0.02979,0.02979
seqneut25to26_sera_1013_d28,A/California/61/2025_H3N2,plate8-A/California/61/2025_H3N2,212,0.1534,0.1534
seqneut25to26_sera_1013_d28,A/California/61/2025_H3N2,plate8-A/California/61/2025_H3N2,487,0.443,0.443
seqneut25to26_sera_1013_d28,A/California/61/2025_H3N2,plate8-A/California/61/2025_H3N2,1119,0.8604,0.8604
seqneut25to26_sera_1013_d28,A/California/61/2025_H3N2,plate8-A/California/61/2025_H3N2,2575,0.8104,0.8104
seqneut25to26_sera_1013_d28,A/California/61/2025_H3N2,plate8-A/California/61/2025_H3N2,5921,0.8733,0.8733
seqneut25to26_sera_1013_d28,A/California/61/2025_H3N2,plate8-A/California/61/2025_H3N2,1.362e+04,0.673,0.673
seqneut25to26_sera_1013_d28,A/California/63/2025_H1N1,plate8-A/California/63/2025_H1N1,40,0.1873,0.1873
seqneut25to26_sera_1013_d28,A/California/63/2025_H1N1,plate8-A/California/63/2025_H1N1,92,0.4176,0.4176
seqneut25to26_sera_1013_d28,A/California/63/2025_H1N1,plate8-A/California/63/2025_H1N1,212,0.76,0.76
seqneut25to26_sera_1013_d28,A/California/63/2025_H1N1,plate8-A/California/63/2025_H1N1,487,0.5642,0.5642
seqneut25to26_sera_1013_d28,A/California/63/2025_H1N1,plate8-A/California/63/2025_H1N1,1119,0.9659,0.9659
seqneut25to26_sera_1013_d28,A/California/63/2025_H1N1,plate8-A/California/63/2025_H1N1,2575,0.8352,0.8352
seqneut25to26_sera_1013_d28,A/California/63/2025_H1N1,plate8-A/California/63/2025_H1N1,5921,0.8142,0.8142
seqneut25to26_sera_1013_d28,A/California/63/2025_H1N1,plate8-A/California/63/2025_H1N1,1.362e+04,0.9192,0.9192
seqneut25to26_sera_1013_d28,A/Canberra/465/2025_H1N1,plate8-A/Canberra/465/2025_H1N1,40,0.1437,0.1437
seqneut25to26_sera_1013_d28,A/Canberra/465/2025_H1N1,plate8-A/Canberra/465/2025_H1N1,92,0.603,0.603
seqneut25to26_sera_1013_d28,A/Canberra/465/2025_H1N1,plate8-A/Canberra/465/2025_H1N1,212,0.6528,0.6528
seqneut25to26_sera_1013_d28,A/Canberra/465/2025_H1N1,plate8-A/Canberra/465/2025_H1N1,487,0.6126,0.6126
seqneut25to26_sera_1013_d28,A/Canberra/465/2025_H1N1,plate8-A/Canberra/465/2025_H1N1,1119,0.9242,0.9242
seqneut25to26_sera_1013_d28,A/Canberra/465/2025_H1N1,plate8-A/Canberra/465/2025_H1N1,2575,0.9861,0.9861
seqneut25to26_sera_1013_d28,A/Canberra/465/2025_H1N1,plate8-A/Canberra/465/2025_H1N1,5921,0.7946,0.7946
seqneut25to26_sera_1013_d28,A/Canberra/465/2025_H1N1,plate8-A/Canberra/465/2025_H1N1,1.362e+04,0.8911,0.8911
seqneut25to26_sera_1013_d28,A/Canberra/530/2025_H1N1,plate8-A/Canberra/530/2025_H1N1,40,0.3852,0.3852
seqneut25to26_sera_1013_d28,A/Canberra/530/2025_H1N1,plate8-A/Canberra/530/2025_H1N1,92,0.6479,0.6479
seqneut25to26_sera_1013_d28,A/Canberra/530/2025_H1N1,plate8-A/Canberra/530/2025_H1N1,212,0.6918,0.6918
seqneut25to26_sera_1013_d28,A/Canberra/530/2025_H1N1,plate8-A/Canberra/530/2025_H1N1,487,0.7926,0.7926
seqneut25to26_sera_1013_d28,A/Canberra/530/2025_H1N1,plate8-A/Canberra/530/2025_H1N1,1119,1.001,1
seqneut25to26_sera_1013_d28,A/Canberra/530/2025_H1N1,plate8-A/Canberra/530/2025_H1N1,2575,0.8629,0.8629
seqneut25to26_sera_1013_d28,A/Canberra/530/2025_H1N1,plate8-A/Canberra/530/2025_H1N1,5921,0.8222,0.8222
seqneut25to26_sera_1013_d28,A/Canberra/530/2025_H1N1,plate8-A/Canberra/530/2025_H1N1,1.362e+04,0.9533,0.9533
seqneut25to26_sera_1013_d28,A/Catalonia/NSVH102689455/2025_H1N1,plate8-A/Catalonia/NSVH102689455/2025_H1N1,40,0.1679,0.1679
seqneut25to26_sera_1013_d28,A/Catalonia/NSVH102689455/2025_H1N1,plate8-A/Catalonia/NSVH102689455/2025_H1N1,92,0.3472,0.3472
seqneut25to26_sera_1013_d28,A/Catalonia/NSVH102689455/2025_H1N1,plate8-A/Catalonia/NSVH102689455/2025_H1N1,212,0.6417,0.6417
seqneut25to26_sera_1013_d28,A/Catalonia/NSVH102689455/2025_H1N1,plate8-A/Catalonia/NSVH102689455/2025_H1N1,487,0.8095,0.8095
seqneut25to26_sera_1013_d28,A/Catalonia/NSVH102689455/2025_H1N1,plate8-A/Catalonia/NSVH102689455/2025_H1N1,1119,0.6897,0.6897
seqneut25to26_sera_1013_d28,A/Catalonia/NSVH102689455/2025_H1N1,plate8-A/Catalonia/NSVH102689455/2025_H1N1,2575,1.206,1
seqneut25to26_sera_1013_d28,A/Catalonia/NSVH102689455/2025_H1N1,plate8-A/Catalonia/NSVH102689455/2025_H1N1,5921,0.9082,0.9082
seqneut25to26_sera_1013_d28,A/Catalonia/NSVH102689455/2025_H1N1,plate8-A/Catalonia/NSVH102689455/2025_H1N1,1.362e+04,0.8868,0.8868
seqneut25to26_sera_1013_d28,A/Colorado/105/2025_H1N1,plate8-A/Colorado/105/2025_H1N1,40,0.5036,0.5036
seqneut25to26_sera_1013_d28,A/Colorado/105/2025_H1N1,plate8-A/Colorado/105/2025_H1N1,92,0.7949,0.7949
seqneut25to26_sera_1013_d28,A/Colorado/105/2025_H1N1,plate8-A/Colorado/105/2025_H1N1,212,0.8767,0.8767
seqneut25to26_sera_1013_d28,A/Colorado/105/2025_H1N1,plate8-A/Colorado/105/2025_H1N1,487,1.024,1
seqneut25to26_sera_1013_d28,A/Colorado/105/2025_H1N1,plate8-A/Colorado/105/2025_H1N1,1119,1.091,1
seqneut25to26_sera_1013_d28,A/Colorado/105/2025_H1N1,plate8-A/Colorado/105/2025_H1N1,2575,1.056,1
seqneut25to26_sera_1013_d28,A/Colorado/105/2025_H1N1,plate8-A/Colorado/105/2025_H1N1,5921,1.023,1
seqneut25to26_sera_1013_d28,A/Colorado/105/2025_H1N1,plate8-A/Colorado/105/2025_H1N1,1.362e+04,0.9345,0.9345
seqneut25to26_sera_1013_d28,A/CoteDIvoire/2007/2025_H1N1,plate8-A/CoteDIvoire/2007/2025_H1N1,40,0.1759,0.1759
seqneut25to26_sera_1013_d28,A/CoteDIvoire/2007/2025_H1N1,plate8-A/CoteDIvoire/2007/2025_H1N1,92,0.4332,0.4332
seqneut25to26_sera_1013_d28,A/CoteDIvoire/2007/2025_H1N1,plate8-A/CoteDIvoire/2007/2025_H1N1,212,0.6711,0.6711
seqneut25to26_sera_1013_d28,A/CoteDIvoire/2007/2025_H1N1,plate8-A/CoteDIvoire/2007/2025_H1N1,487,0.7502,0.7502
seqneut25to26_sera_1013_d28,A/CoteDIvoire/2007/2025_H1N1,plate8-A/CoteDIvoire/2007/2025_H1N1,1119,0.9915,0.9915
seqneut25to26_sera_1013_d28,A/CoteDIvoire/2007/2025_H1N1,plate8-A/CoteDIvoire/2007/2025_H1N1,2575,0.8946,0.8946
seqneut25to26_sera_1013_d28,A/CoteDIvoire/2007/2025_H1N1,plate8-A/CoteDIvoire/2007/2025_H1N1,5921,0.914,0.914
seqneut25to26_sera_1013_d28,A/CoteDIvoire/2007/2025_H1N1,plate8-A/CoteDIvoire/2007/2025_H1N1,1.362e+04,0.8774,0.8774
seqneut25to26_sera_1013_d28,A/Croatia/10136RV/2023-egg_H3N2,plate8-A/Croatia/10136RV/2023-egg_H3N2,40,0.0009496,0.0009496
seqneut25to26_sera_1013_d28,A/Croatia/10136RV/2023-egg_H3N2,plate8-A/Croatia/10136RV/2023-egg_H3N2,92,0.008675,0.008675
seqneut25to26_sera_1013_d28,A/Croatia/10136RV/2023-egg_H3N2,plate8-A/Croatia/10136RV/2023-egg_H3N2,212,0.0116,0.0116
seqneut25to26_sera_1013_d28,A/Croatia/10136RV/2023-egg_H3N2,plate8-A/Croatia/10136RV/2023-egg_H3N2,487,0.1778,0.1778
seqneut25to26_sera_1013_d28,A/Croatia/10136RV/2023-egg_H3N2,plate8-A/Croatia/10136RV/2023-egg_H3N2,1119,0.1611,0.1611
seqneut25to26_sera_1013_d28,A/Croatia/10136RV/2023-egg_H3N2,plate8-A/Croatia/10136RV/2023-egg_H3N2,2575,0.6742,0.6742
seqneut25to26_sera_1013_d28,A/Croatia/10136RV/2023-egg_H3N2,plate8-A/Croatia/10136RV/2023-egg_H3N2,5921,0.6077,0.6077
seqneut25to26_sera_1013_d28,A/Croatia/10136RV/2023-egg_H3N2,plate8-A/Croatia/10136RV/2023-egg_H3N2,1.362e+04,0.8299,0.8299
seqneut25to26_sera_1013_d28,A/Darwin/1405/2025_H1N1,plate8-A/Darwin/1405/2025_H1N1,40,0.1995,0.1995
seqneut25to26_sera_1013_d28,A/Darwin/1405/2025_H1N1,plate8-A/Darwin/1405/2025_H1N1,92,0.4112,0.4112
seqneut25to26_sera_1013_d28,A/Darwin/1405/2025_H1N1,plate8-A/Darwin/1405/2025_H1N1,212,0.6994,0.6994
seqneut25to26_sera_1013_d28,A/Darwin/1405/2025_H1N1,plate8-A/Darwin/1405/2025_H1N1,487,0.7144,0.7144
seqneut25to26_sera_1013_d28,A/Darwin/1405/2025_H1N1,plate8-A/Darwin/1405/2025_H1N1,1119,0.9232,0.9232
seqneut25to26_sera_1013_d28,A/Darwin/1405/2025_H1N1,plate8-A/Darwin/1405/2025_H1N1,2575,0.9599,0.9599
seqneut25to26_sera_1013_d28,A/Darwin/1405/2025_H1N1,plate8-A/Darwin/1405/2025_H1N1,5921,0.9069,0.9069
seqneut25to26_sera_1013_d28,A/Darwin/1405/2025_H1N1,plate8-A/Darwin/1405/2025_H1N1,1.362e+04,0.8334,0.8334
seqneut25to26_sera_1013_d28,A/Darwin/1461/2025_H3N2,plate8-A/Darwin/1461/2025_H3N2,40,0,0
seqneut25to26_sera_1013_d28,A/Darwin/1461/2025_H3N2,plate8-A/Darwin/1461/2025_H3N2,92,0.01352,0.01352
seqneut25to26_sera_1013_d28,A/Darwin/1461/2025_H3N2,plate8-A/Darwin/1461/2025_H3N2,212,0.1381,0.1381
seqneut25to26_sera_1013_d28,A/Darwin/1461/2025_H3N2,plate8-A/Darwin/1461/2025_H3N2,487,0.387,0.387
seqneut25to26_sera_1013_d28,A/Darwin/1461/2025_H3N2,plate8-A/Darwin/1461/2025_H3N2,1119,0.7194,0.7194
seqneut25to26_sera_1013_d28,A/Darwin/1461/2025_H3N2,plate8-A/Darwin/1461/2025_H3N2,2575,0.7065,0.7065
seqneut25to26_sera_1013_d28,A/Darwin/1461/2025_H3N2,plate8-A/Darwin/1461/2025_H3N2,5921,1.105,1
seqneut25to26_sera_1013_d28,A/Darwin/1461/2025_H3N2,plate8-A/Darwin/1461/2025_H3N2,1.362e+04,0.7948,0.7948
seqneut25to26_sera_1013_d28,A/Denmark/3070/2025_H1N1,plate8-A/Denmark/3070/2025_H1N1,40,0.2146,0.2146
seqneut25to26_sera_1013_d28,A/Denmark/3070/2025_H1N1,plate8-A/Denmark/3070/2025_H1N1,92,0.4713,0.4713
seqneut25to26_sera_1013_d28,A/Denmark/3070/2025_H1N1,plate8-A/Denmark/3070/2025_H1N1,212,0.7282,0.7282
seqneut25to26_sera_1013_d28,A/Denmark/3070/2025_H1N1,plate8-A/Denmark/3070/2025_H1N1,487,0.742,0.742
seqneut25to26_sera_1013_d28,A/Denmark/3070/2025_H1N1,plate8-A/Denmark/3070/2025_H1N1,1119,1.008,1
seqneut25to26_sera_1013_d28,A/Denmark/3070/2025_H1N1,plate8-A/Denmark/3070/2025_H1N1,2575,1.185,1
seqneut25to26_sera_1013_d28,A/Denmark/3070/2025_H1N1,plate8-A/Denmark/3070/2025_H1N1,5921,0.922,0.922
seqneut25to26_sera_1013_d28,A/Denmark/3070/2025_H1N1,plate8-A/Denmark/3070/2025_H1N1,1.362e+04,0.9422,0.9422
seqneut25to26_sera_1013_d28,A/DistrictOfColumbia/27/2023_H3N2,plate8-A/DistrictOfColumbia/27/2023_H3N2,40,2.203e-05,2.203e-05
seqneut25to26_sera_1013_d28,A/DistrictOfColumbia/27/2023_H3N2,plate8-A/DistrictOfColumbia/27/2023_H3N2,92,0.01481,0.01481
seqneut25to26_sera_1013_d28,A/DistrictOfColumbia/27/2023_H3N2,plate8-A/DistrictOfColumbia/27/2023_H3N2,212,0.1211,0.1211
seqneut25to26_sera_1013_d28,A/DistrictOfColumbia/27/2023_H3N2,plate8-A/DistrictOfColumbia/27/2023_H3N2,487,0.2607,0.2607
seqneut25to26_sera_1013_d28,A/DistrictOfColumbia/27/2023_H3N2,plate8-A/DistrictOfColumbia/27/2023_H3N2,1119,0.7071,0.7071
seqneut25to26_sera_1013_d28,A/DistrictOfColumbia/27/2023_H3N2,plate8-A/DistrictOfColumbia/27/2023_H3N2,2575,0.6178,0.6178
seqneut25to26_sera_1013_d28,A/DistrictOfColumbia/27/2023_H3N2,plate8-A/DistrictOfColumbia/27/2023_H3N2,5921,0.5661,0.5661
seqneut25to26_sera_1013_d28,A/DistrictOfColumbia/27/2023_H3N2,plate8-A/DistrictOfColumbia/27/2023_H3N2,1.362e+04,0.728,0.728
seqneut25to26_sera_1013_d28,A/DistrictOfColumbia/57/2025_H3N2,plate8-A/DistrictOfColumbia/57/2025_H3N2,40,0.004963,0.004963
seqneut25to26_sera_1013_d28,A/DistrictOfColumbia/57/2025_H3N2,plate8-A/DistrictOfColumbia/57/2025_H3N2,92,0.02293,0.02293
seqneut25to26_sera_1013_d28,A/DistrictOfColumbia/57/2025_H3N2,plate8-A/DistrictOfColumbia/57/2025_H3N2,212,0.1968,0.1968
seqneut25to26_sera_1013_d28,A/DistrictOfColumbia/57/2025_H3N2,plate8-A/DistrictOfColumbia/57/2025_H3N2,487,0.3404,0.3404
seqneut25to26_sera_1013_d28,A/DistrictOfColumbia/57/2025_H3N2,plate8-A/DistrictOfColumbia/57/2025_H3N2,1119,0.6727,0.6727
seqneut25to26_sera_1013_d28,A/DistrictOfColumbia/57/2025_H3N2,plate8-A/DistrictOfColumbia/57/2025_H3N2,2575,0.725,0.725
seqneut25to26_sera_1013_d28,A/DistrictOfColumbia/57/2025_H3N2,plate8-A/DistrictOfColumbia/57/2025_H3N2,5921,0.8798,0.8798
seqneut25to26_sera_1013_d28,A/DistrictOfColumbia/57/2025_H3N2,plate8-A/DistrictOfColumbia/57/2025_H3N2,1.362e+04,0.7469,0.7469
seqneut25to26_sera_1013_d28,A/DistritoFederal/250106000728/2025_H3N2,plate8-A/DistritoFederal/250106000728/2025_H3N2,40,0.06027,0.06027
seqneut25to26_sera_1013_d28,A/DistritoFederal/250106000728/2025_H3N2,plate8-A/DistritoFederal/250106000728/2025_H3N2,92,0.1198,0.1198
seqneut25to26_sera_1013_d28,A/DistritoFederal/250106000728/2025_H3N2,plate8-A/DistritoFederal/250106000728/2025_H3N2,212,0.2866,0.2866
seqneut25to26_sera_1013_d28,A/DistritoFederal/250106000728/2025_H3N2,plate8-A/DistritoFederal/250106000728/2025_H3N2,487,0.4169,0.4169
seqneut25to26_sera_1013_d28,A/DistritoFederal/250106000728/2025_H3N2,plate8-A/DistritoFederal/250106000728/2025_H3N2,1119,0.789,0.789
seqneut25to26_sera_1013_d28,A/DistritoFederal/250106000728/2025_H3N2,plate8-A/DistritoFederal/250106000728/2025_H3N2,2575,0.6217,0.6217
seqneut25to26_sera_1013_d28,A/DistritoFederal/250106000728/2025_H3N2,plate8-A/DistritoFederal/250106000728/2025_H3N2,5921,0.6489,0.6489
seqneut25to26_sera_1013_d28,A/DistritoFederal/250106000728/2025_H3N2,plate8-A/DistritoFederal/250106000728/2025_H3N2,1.362e+04,0.7349,0.7349
seqneut25to26_sera_1013_d28,A/DistritoFederal/2578578201/2025_H3N2,plate8-A/DistritoFederal/2578578201/2025_H3N2,40,1.156e-05,1.156e-05
seqneut25to26_sera_1013_d28,A/DistritoFederal/2578578201/2025_H3N2,plate8-A/DistritoFederal/2578578201/2025_H3N2,92,0.03406,0.03406
seqneut25to26_sera_1013_d28,A/DistritoFederal/2578578201/2025_H3N2,plate8-A/DistritoFederal/2578578201/2025_H3N2,212,0.1719,0.1719
seqneut25to26_sera_1013_d28,A/DistritoFederal/2578578201/2025_H3N2,plate8-A/DistritoFederal/2578578201/2025_H3N2,487,0.3735,0.3735
seqneut25to26_sera_1013_d28,A/DistritoFederal/2578578201/2025_H3N2,plate8-A/DistritoFederal/2578578201/2025_H3N2,1119,0.649,0.649
seqneut25to26_sera_1013_d28,A/DistritoFederal/2578578201/2025_H3N2,plate8-A/DistritoFederal/2578578201/2025_H3N2,2575,0.7392,0.7392
seqneut25to26_sera_1013_d28,A/DistritoFederal/2578578201/2025_H3N2,plate8-A/DistritoFederal/2578578201/2025_H3N2,5921,0.7789,0.7789
seqneut25to26_sera_1013_d28,A/DistritoFederal/2578578201/2025_H3N2,plate8-A/DistritoFederal/2578578201/2025_H3N2,1.362e+04,0.6188,0.6188
seqneut25to26_sera_1013_d28,A/England/174/2025_H3N2,plate8-A/England/174/2025_H3N2,40,0,0
seqneut25to26_sera_1013_d28,A/England/174/2025_H3N2,plate8-A/England/174/2025_H3N2,92,0.0003392,0.0003392
seqneut25to26_sera_1013_d28,A/England/174/2025_H3N2,plate8-A/England/174/2025_H3N2,212,0.1327,0.1327
seqneut25to26_sera_1013_d28,A/England/174/2025_H3N2,plate8-A/England/174/2025_H3N2,487,0.2382,0.2382
seqneut25to26_sera_1013_d28,A/England/174/2025_H3N2,plate8-A/England/174/2025_H3N2,1119,0.8067,0.8067
seqneut25to26_sera_1013_d28,A/England/174/2025_H3N2,plate8-A/England/174/2025_H3N2,2575,0.7355,0.7355
seqneut25to26_sera_1013_d28,A/England/174/2025_H3N2,plate8-A/England/174/2025_H3N2,5921,0.9956,0.9956
seqneut25to26_sera_1013_d28,A/England/174/2025_H3N2,plate8-A/England/174/2025_H3N2,1.362e+04,0.8456,0.8456
seqneut25to26_sera_1013_d28,A/England/1822256/2025_H1N1,plate8-A/England/1822256/2025_H1N1,40,0.142,0.142
seqneut25to26_sera_1013_d28,A/England/1822256/2025_H1N1,plate8-A/England/1822256/2025_H1N1,92,0.4021,0.4021
seqneut25to26_sera_1013_d28,A/England/1822256/2025_H1N1,plate8-A/England/1822256/2025_H1N1,212,0.7418,0.7418
seqneut25to26_sera_1013_d28,A/England/1822256/2025_H1N1,plate8-A/England/1822256/2025_H1N1,487,0.804,0.804
seqneut25to26_sera_1013_d28,A/England/1822256/2025_H1N1,plate8-A/England/1822256/2025_H1N1,1119,1.045,1
seqneut25to26_sera_1013_d28,A/England/1822256/2025_H1N1,plate8-A/England/1822256/2025_H1N1,2575,0.9139,0.9139
seqneut25to26_sera_1013_d28,A/England/1822256/2025_H1N1,plate8-A/England/1822256/2025_H1N1,5921,0.884,0.884
seqneut25to26_sera_1013_d28,A/England/1822256/2025_H1N1,plate8-A/England/1822256/2025_H1N1,1.362e+04,0.8236,0.8236
seqneut25to26_sera_1013_d28,A/England/1837734/2025_H3N2,plate8-A/England/1837734/2025_H3N2,40,0.003791,0.003791
seqneut25to26_sera_1013_d28,A/England/1837734/2025_H3N2,plate8-A/England/1837734/2025_H3N2,92,0.03432,0.03432
seqneut25to26_sera_1013_d28,A/England/1837734/2025_H3N2,plate8-A/England/1837734/2025_H3N2,212,0.2575,0.2575
seqneut25to26_sera_1013_d28,A/England/1837734/2025_H3N2,plate8-A/England/1837734/2025_H3N2,487,0.3391,0.3391
seqneut25to26_sera_1013_d28,A/England/1837734/2025_H3N2,plate8-A/England/1837734/2025_H3N2,1119,0.7148,0.7148
seqneut25to26_sera_1013_d28,A/England/1837734/2025_H3N2,plate8-A/England/1837734/2025_H3N2,2575,0.6819,0.6819
seqneut25to26_sera_1013_d28,A/England/1837734/2025_H3N2,plate8-A/England/1837734/2025_H3N2,5921,0.6503,0.6503
seqneut25to26_sera_1013_d28,A/England/1837734/2025_H3N2,plate8-A/England/1837734/2025_H3N2,1.362e+04,0.7668,0.7668
seqneut25to26_sera_1013_d28,A/England/1837737/2025_H3N2,plate8-A/England/1837737/2025_H3N2,40,0.00609,0.00609
seqneut25to26_sera_1013_d28,A/England/1837737/2025_H3N2,plate8-A/England/1837737/2025_H3N2,92,0.03732,0.03732
seqneut25to26_sera_1013_d28,A/England/1837737/2025_H3N2,plate8-A/England/1837737/2025_H3N2,212,0.213,0.213
seqneut25to26_sera_1013_d28,A/England/1837737/2025_H3N2,plate8-A/England/1837737/2025_H3N2,487,0.3688,0.3688
seqneut25to26_sera_1013_d28,A/England/1837737/2025_H3N2,plate8-A/England/1837737/2025_H3N2,1119,0.5875,0.5875
seqneut25to26_sera_1013_d28,A/England/1837737/2025_H3N2,plate8-A/England/1837737/2025_H3N2,2575,0.4812,0.4812
seqneut25to26_sera_1013_d28,A/England/1837737/2025_H3N2,plate8-A/England/1837737/2025_H3N2,5921,0.7082,0.7082
seqneut25to26_sera_1013_d28,A/England/1837737/2025_H3N2,plate8-A/England/1837737/2025_H3N2,1.362e+04,0.7403,0.7403
seqneut25to26_sera_1013_d28,A/France/ARA-HCL025155099501/2025_H1N1,plate8-A/France/ARA-HCL025155099501/2025_H1N1,40,0.3048,0.3048
seqneut25to26_sera_1013_d28,A/France/ARA-HCL025155099501/2025_H1N1,plate8-A/France/ARA-HCL025155099501/2025_H1N1,92,0.5228,0.5228
seqneut25to26_sera_1013_d28,A/France/ARA-HCL025155099501/2025_H1N1,plate8-A/France/ARA-HCL025155099501/2025_H1N1,212,0.6302,0.6302
seqneut25to26_sera_1013_d28,A/France/ARA-HCL025155099501/2025_H1N1,plate8-A/France/ARA-HCL025155099501/2025_H1N1,487,0.5952,0.5952
seqneut25to26_sera_1013_d28,A/France/ARA-HCL025155099501/2025_H1N1,plate8-A/France/ARA-HCL025155099501/2025_H1N1,1119,0.8757,0.8757
seqneut25to26_sera_1013_d28,A/France/ARA-HCL025155099501/2025_H1N1,plate8-A/France/ARA-HCL025155099501/2025_H1N1,2575,0.8717,0.8717
seqneut25to26_sera_1013_d28,A/France/ARA-HCL025155099501/2025_H1N1,plate8-A/France/ARA-HCL025155099501/2025_H1N1,5921,0.7884,0.7884
seqneut25to26_sera_1013_d28,A/France/ARA-HCL025155099501/2025_H1N1,plate8-A/France/ARA-HCL025155099501/2025_H1N1,1.362e+04,0.8156,0.8156
seqneut25to26_sera_1013_d28,A/Galicia/GA-CHUAC-451/2025_H3N2,plate8-A/Galicia/GA-CHUAC-451/2025_H3N2,40,0,0
seqneut25to26_sera_1013_d28,A/Galicia/GA-CHUAC-451/2025_H3N2,plate8-A/Galicia/GA-CHUAC-451/2025_H3N2,92,0.002447,0.002447
seqneut25to26_sera_1013_d28,A/Galicia/GA-CHUAC-451/2025_H3N2,plate8-A/Galicia/GA-CHUAC-451/2025_H3N2,212,0.1367,0.1367
seqneut25to26_sera_1013_d28,A/Galicia/GA-CHUAC-451/2025_H3N2,plate8-A/Galicia/GA-CHUAC-451/2025_H3N2,487,0.3558,0.3558
seqneut25to26_sera_1013_d28,A/Galicia/GA-CHUAC-451/2025_H3N2,plate8-A/Galicia/GA-CHUAC-451/2025_H3N2,1119,0.6753,0.6753
seqneut25to26_sera_1013_d28,A/Galicia/GA-CHUAC-451/2025_H3N2,plate8-A/Galicia/GA-CHUAC-451/2025_H3N2,2575,0.578,0.578
seqneut25to26_sera_1013_d28,A/Galicia/GA-CHUAC-451/2025_H3N2,plate8-A/Galicia/GA-CHUAC-451/2025_H3N2,5921,0.598,0.598
seqneut25to26_sera_1013_d28,A/Galicia/GA-CHUAC-451/2025_H3N2,plate8-A/Galicia/GA-CHUAC-451/2025_H3N2,1.362e+04,0.7481,0.7481
seqneut25to26_sera_1013_d28,A/Ghana/ARI-25-1125/2025_H1N1,plate8-A/Ghana/ARI-25-1125/2025_H1N1,40,0.1053,0.1053
seqneut25to26_sera_1013_d28,A/Ghana/ARI-25-1125/2025_H1N1,plate8-A/Ghana/ARI-25-1125/2025_H1N1,92,0.307,0.307
seqneut25to26_sera_1013_d28,A/Ghana/ARI-25-1125/2025_H1N1,plate8-A/Ghana/ARI-25-1125/2025_H1N1,212,0.6853,0.6853
seqneut25to26_sera_1013_d28,A/Ghana/ARI-25-1125/2025_H1N1,plate8-A/Ghana/ARI-25-1125/2025_H1N1,487,0.7637,0.7637
seqneut25to26_sera_1013_d28,A/Ghana/ARI-25-1125/2025_H1N1,plate8-A/Ghana/ARI-25-1125/2025_H1N1,1119,1.033,1
seqneut25to26_sera_1013_d28,A/Ghana/ARI-25-1125/2025_H1N1,plate8-A/Ghana/ARI-25-1125/2025_H1N1,2575,1.029,1
seqneut25to26_sera_1013_d28,A/Ghana/ARI-25-1125/2025_H1N1,plate8-A/Ghana/ARI-25-1125/2025_H1N1,5921,0.9651,0.9651
seqneut25to26_sera_1013_d28,A/Ghana/ARI-25-1125/2025_H1N1,plate8-A/Ghana/ARI-25-1125/2025_H1N1,1.362e+04,0.6963,0.6963
seqneut25to26_sera_1013_d28,A/Ghana/FS-25-7077/2025_H3N2,plate8-A/Ghana/FS-25-7077/2025_H3N2,40,0.01773,0.01773
seqneut25to26_sera_1013_d28,A/Ghana/FS-25-7077/2025_H3N2,plate8-A/Ghana/FS-25-7077/2025_H3N2,92,0.06782,0.06782
seqneut25to26_sera_1013_d28,A/Ghana/FS-25-7077/2025_H3N2,plate8-A/Ghana/FS-25-7077/2025_H3N2,212,0.2235,0.2235
seqneut25to26_sera_1013_d28,A/Ghana/FS-25-7077/2025_H3N2,plate8-A/Ghana/FS-25-7077/2025_H3N2,487,0.3237,0.3237
seqneut25to26_sera_1013_d28,A/Ghana/FS-25-7077/2025_H3N2,plate8-A/Ghana/FS-25-7077/2025_H3N2,1119,0.9797,0.9797
seqneut25to26_sera_1013_d28,A/Ghana/FS-25-7077/2025_H3N2,plate8-A/Ghana/FS-25-7077/2025_H3N2,2575,0.9165,0.9165
seqneut25to26_sera_1013_d28,A/Ghana/FS-25-7077/2025_H3N2,plate8-A/Ghana/FS-25-7077/2025_H3N2,5921,0.8068,0.8068
seqneut25to26_sera_1013_d28,A/Ghana/FS-25-7077/2025_H3N2,plate8-A/Ghana/FS-25-7077/2025_H3N2,1.362e+04,0.742,0.742
seqneut25to26_sera_1013_d28,A/Guangdong-Maonan/11438/2025_H3N2,plate8-A/Guangdong-Maonan/11438/2025_H3N2,40,0,0
seqneut25to26_sera_1013_d28,A/Guangdong-Maonan/11438/2025_H3N2,plate8-A/Guangdong-Maonan/11438/2025_H3N2,92,0.003236,0.003236
seqneut25to26_sera_1013_d28,A/Guangdong-Maonan/11438/2025_H3N2,plate8-A/Guangdong-Maonan/11438/2025_H3N2,212,0.1192,0.1192
seqneut25to26_sera_1013_d28,A/Guangdong-Maonan/11438/2025_H3N2,plate8-A/Guangdong-Maonan/11438/2025_H3N2,487,0.2608,0.2608
seqneut25to26_sera_1013_d28,A/Guangdong-Maonan/11438/2025_H3N2,plate8-A/Guangdong-Maonan/11438/2025_H3N2,1119,0.719,0.719
seqneut25to26_sera_1013_d28,A/Guangdong-Maonan/11438/2025_H3N2,plate8-A/Guangdong-Maonan/11438/2025_H3N2,2575,0.7011,0.7011
seqneut25to26_sera_1013_d28,A/Guangdong-Maonan/11438/2025_H3N2,plate8-A/Guangdong-Maonan/11438/2025_H3N2,5921,0.6142,0.6142
seqneut25to26_sera_1013_d28,A/Guangdong-Maonan/11438/2025_H3N2,plate8-A/Guangdong-Maonan/11438/2025_H3N2,1.362e+04,0.762,0.762
seqneut25to26_sera_1013_d28,A/Guangdong-Meijiang/11256/2025_H3N2,plate8-A/Guangdong-Meijiang/11256/2025_H3N2,40,0.0002921,0.0002921
seqneut25to26_sera_1013_d28,A/Guangdong-Meijiang/11256/2025_H3N2,plate8-A/Guangdong-Meijiang/11256/2025_H3N2,92,0.006513,0.006513
seqneut25to26_sera_1013_d28,A/Guangdong-Meijiang/11256/2025_H3N2,plate8-A/Guangdong-Meijiang/11256/2025_H3N2,212,0.08815,0.08815
seqneut25to26_sera_1013_d28,A/Guangdong-Meijiang/11256/2025_H3N2,plate8-A/Guangdong-Meijiang/11256/2025_H3N2,487,0.336,0.336
seqneut25to26_sera_1013_d28,A/Guangdong-Meijiang/11256/2025_H3N2,plate8-A/Guangdong-Meijiang/11256/2025_H3N2,1119,0.6683,0.6683
seqneut25to26_sera_1013_d28,A/Guangdong-Meijiang/11256/2025_H3N2,plate8-A/Guangdong-Meijiang/11256/2025_H3N2,2575,0.6008,0.6008
seqneut25to26_sera_1013_d28,A/Guangdong-Meijiang/11256/2025_H3N2,plate8-A/Guangdong-Meijiang/11256/2025_H3N2,5921,0.7782,0.7782
seqneut25to26_sera_1013_d28,A/Guangdong-Meijiang/11256/2025_H3N2,plate8-A/Guangdong-Meijiang/11256/2025_H3N2,1.362e+04,0.6947,0.6947
seqneut25to26_sera_1013_d28,A/Guangxi-Daxin/1643/2025_H3N2,plate8-A/Guangxi-Daxin/1643/2025_H3N2,40,0.00258,0.00258
seqneut25to26_sera_1013_d28,A/Guangxi-Daxin/1643/2025_H3N2,plate8-A/Guangxi-Daxin/1643/2025_H3N2,92,0.01517,0.01517
seqneut25to26_sera_1013_d28,A/Guangxi-Daxin/1643/2025_H3N2,plate8-A/Guangxi-Daxin/1643/2025_H3N2,212,0.1594,0.1594
seqneut25to26_sera_1013_d28,A/Guangxi-Daxin/1643/2025_H3N2,plate8-A/Guangxi-Daxin/1643/2025_H3N2,487,0.3613,0.3613
seqneut25to26_sera_1013_d28,A/Guangxi-Daxin/1643/2025_H3N2,plate8-A/Guangxi-Daxin/1643/2025_H3N2,1119,0.615,0.615
seqneut25to26_sera_1013_d28,A/Guangxi-Daxin/1643/2025_H3N2,plate8-A/Guangxi-Daxin/1643/2025_H3N2,2575,0.7285,0.7285
seqneut25to26_sera_1013_d28,A/Guangxi-Daxin/1643/2025_H3N2,plate8-A/Guangxi-Daxin/1643/2025_H3N2,5921,0.9609,0.9609
seqneut25to26_sera_1013_d28,A/Guangxi-Daxin/1643/2025_H3N2,plate8-A/Guangxi-Daxin/1643/2025_H3N2,1.362e+04,0.6216,0.6216
seqneut25to26_sera_1013_d28,A/Guangxi-Qingxiu/SWL11742/2025_H1N1,plate8-A/Guangxi-Qingxiu/SWL11742/2025_H1N1,40,0.1502,0.1502
seqneut25to26_sera_1013_d28,A/Guangxi-Qingxiu/SWL11742/2025_H1N1,plate8-A/Guangxi-Qingxiu/SWL11742/2025_H1N1,92,0.4373,0.4373
seqneut25to26_sera_1013_d28,A/Guangxi-Qingxiu/SWL11742/2025_H1N1,plate8-A/Guangxi-Qingxiu/SWL11742/2025_H1N1,212,0.6281,0.6281
seqneut25to26_sera_1013_d28,A/Guangxi-Qingxiu/SWL11742/2025_H1N1,plate8-A/Guangxi-Qingxiu/SWL11742/2025_H1N1,487,0.658,0.658
seqneut25to26_sera_1013_d28,A/Guangxi-Qingxiu/SWL11742/2025_H1N1,plate8-A/Guangxi-Qingxiu/SWL11742/2025_H1N1,1119,0.904,0.904
seqneut25to26_sera_1013_d28,A/Guangxi-Qingxiu/SWL11742/2025_H1N1,plate8-A/Guangxi-Qingxiu/SWL11742/2025_H1N1,2575,0.969,0.969
seqneut25to26_sera_1013_d28,A/Guangxi-Qingxiu/SWL11742/2025_H1N1,plate8-A/Guangxi-Qingxiu/SWL11742/2025_H1N1,5921,0.9014,0.9014
seqneut25to26_sera_1013_d28,A/Guangxi-Qingxiu/SWL11742/2025_H1N1,plate8-A/Guangxi-Qingxiu/SWL11742/2025_H1N1,1.362e+04,0.9092,0.9092
seqneut25to26_sera_1013_d28,A/Hawaii/44/2025_H1N1,plate8-A/Hawaii/44/2025_H1N1,40,0.2897,0.2897
seqneut25to26_sera_1013_d28,A/Hawaii/44/2025_H1N1,plate8-A/Hawaii/44/2025_H1N1,92,0.536,0.536
seqneut25to26_sera_1013_d28,A/Hawaii/44/2025_H1N1,plate8-A/Hawaii/44/2025_H1N1,212,0.7857,0.7857
seqneut25to26_sera_1013_d28,A/Hawaii/44/2025_H1N1,plate8-A/Hawaii/44/2025_H1N1,487,0.7757,0.7757
seqneut25to26_sera_1013_d28,A/Hawaii/44/2025_H1N1,plate8-A/Hawaii/44/2025_H1N1,1119,0.9875,0.9875
seqneut25to26_sera_1013_d28,A/Hawaii/44/2025_H1N1,plate8-A/Hawaii/44/2025_H1N1,2575,0.9236,0.9236
seqneut25to26_sera_1013_d28,A/Hawaii/44/2025_H1N1,plate8-A/Hawaii/44/2025_H1N1,5921,0.873,0.873
seqneut25to26_sera_1013_d28,A/Hawaii/44/2025_H1N1,plate8-A/Hawaii/44/2025_H1N1,1.362e+04,0.7997,0.7997
seqneut25to26_sera_1013_d28,A/Hawaii/70/2019_H1N1,plate8-A/Hawaii/70/2019_H1N1,40,0.02837,0.02837
seqneut25to26_sera_1013_d28,A/Hawaii/70/2019_H1N1,plate8-A/Hawaii/70/2019_H1N1,92,0.2223,0.2223
seqneut25to26_sera_1013_d28,A/Hawaii/70/2019_H1N1,plate8-A/Hawaii/70/2019_H1N1,212,0.5434,0.5434
seqneut25to26_sera_1013_d28,A/Hawaii/70/2019_H1N1,plate8-A/Hawaii/70/2019_H1N1,487,0.7381,0.7381
seqneut25to26_sera_1013_d28,A/Hawaii/70/2019_H1N1,plate8-A/Hawaii/70/2019_H1N1,1119,1.011,1
seqneut25to26_sera_1013_d28,A/Hawaii/70/2019_H1N1,plate8-A/Hawaii/70/2019_H1N1,2575,0.8931,0.8931
seqneut25to26_sera_1013_d28,A/Hawaii/70/2019_H1N1,plate8-A/Hawaii/70/2019_H1N1,5921,0.8485,0.8485
seqneut25to26_sera_1013_d28,A/Hawaii/70/2019_H1N1,plate8-A/Hawaii/70/2019_H1N1,1.362e+04,0.9824,0.9824
seqneut25to26_sera_1013_d28,A/HongKong/1257/2025_H3N2,plate8-A/HongKong/1257/2025_H3N2,40,0.0002273,0.0002273
seqneut25to26_sera_1013_d28,A/HongKong/1257/2025_H3N2,plate8-A/HongKong/1257/2025_H3N2,92,0.03265,0.03265
seqneut25to26_sera_1013_d28,A/HongKong/1257/2025_H3N2,plate8-A/HongKong/1257/2025_H3N2,212,0.1074,0.1074
seqneut25to26_sera_1013_d28,A/HongKong/1257/2025_H3N2,plate8-A/HongKong/1257/2025_H3N2,487,0.4328,0.4328
seqneut25to26_sera_1013_d28,A/HongKong/1257/2025_H3N2,plate8-A/HongKong/1257/2025_H3N2,1119,0.8344,0.8344
seqneut25to26_sera_1013_d28,A/HongKong/1257/2025_H3N2,plate8-A/HongKong/1257/2025_H3N2,2575,0.737,0.737
seqneut25to26_sera_1013_d28,A/HongKong/1257/2025_H3N2,plate8-A/HongKong/1257/2025_H3N2,5921,0.7063,0.7063
seqneut25to26_sera_1013_d28,A/HongKong/1257/2025_H3N2,plate8-A/HongKong/1257/2025_H3N2,1.362e+04,0.8052,0.8052
seqneut25to26_sera_1013_d28,A/HongKong/1382/2025_H3N2,plate8-A/HongKong/1382/2025_H3N2,40,0.00646,0.00646
seqneut25to26_sera_1013_d28,A/HongKong/1382/2025_H3N2,plate8-A/HongKong/1382/2025_H3N2,92,0.04382,0.04382
seqneut25to26_sera_1013_d28,A/HongKong/1382/2025_H3N2,plate8-A/HongKong/1382/2025_H3N2,212,0.2187,0.2187
seqneut25to26_sera_1013_d28,A/HongKong/1382/2025_H3N2,plate8-A/HongKong/1382/2025_H3N2,487,0.4819,0.4819
seqneut25to26_sera_1013_d28,A/HongKong/1382/2025_H3N2,plate8-A/HongKong/1382/2025_H3N2,1119,0.7904,0.7904
seqneut25to26_sera_1013_d28,A/HongKong/1382/2025_H3N2,plate8-A/HongKong/1382/2025_H3N2,2575,0.7444,0.7444
seqneut25to26_sera_1013_d28,A/HongKong/1382/2025_H3N2,plate8-A/HongKong/1382/2025_H3N2,5921,0.6676,0.6676
seqneut25to26_sera_1013_d28,A/HongKong/1382/2025_H3N2,plate8-A/HongKong/1382/2025_H3N2,1.362e+04,0.7203,0.7203
seqneut25to26_sera_1013_d28,A/Indonesia/BIOKES-I-BT074/2025_H3N2,plate8-A/Indonesia/BIOKES-I-BT074/2025_H3N2,40,0,0
seqneut25to26_sera_1013_d28,A/Indonesia/BIOKES-I-BT074/2025_H3N2,plate8-A/Indonesia/BIOKES-I-BT074/2025_H3N2,92,0.006579,0.006579
seqneut25to26_sera_1013_d28,A/Indonesia/BIOKES-I-BT074/2025_H3N2,plate8-A/Indonesia/BIOKES-I-BT074/2025_H3N2,212,0.06504,0.06504
seqneut25to26_sera_1013_d28,A/Indonesia/BIOKES-I-BT074/2025_H3N2,plate8-A/Indonesia/BIOKES-I-BT074/2025_H3N2,487,0.3669,0.3669
seqneut25to26_sera_1013_d28,A/Indonesia/BIOKES-I-BT074/2025_H3N2,plate8-A/Indonesia/BIOKES-I-BT074/2025_H3N2,1119,0.6934,0.6934
seqneut25to26_sera_1013_d28,A/Indonesia/BIOKES-I-BT074/2025_H3N2,plate8-A/Indonesia/BIOKES-I-BT074/2025_H3N2,2575,0.7406,0.7406
seqneut25to26_sera_1013_d28,A/Indonesia/BIOKES-I-BT074/2025_H3N2,plate8-A/Indonesia/BIOKES-I-BT074/2025_H3N2,5921,0.6463,0.6463
seqneut25to26_sera_1013_d28,A/Indonesia/BIOKES-I-BT074/2025_H3N2,plate8-A/Indonesia/BIOKES-I-BT074/2025_H3N2,1.362e+04,0.6993,0.6993
seqneut25to26_sera_1013_d28,A/Indonesia/BIOKES-INAD491/2025_H3N2,plate8-A/Indonesia/BIOKES-INAD491/2025_H3N2,40,1.45e-05,1.45e-05
seqneut25to26_sera_1013_d28,A/Indonesia/BIOKES-INAD491/2025_H3N2,plate8-A/Indonesia/BIOKES-INAD491/2025_H3N2,92,0.008335,0.008335
seqneut25to26_sera_1013_d28,A/Indonesia/BIOKES-INAD491/2025_H3N2,plate8-A/Indonesia/BIOKES-INAD491/2025_H3N2,212,0.06513,0.06513
seqneut25to26_sera_1013_d28,A/Indonesia/BIOKES-INAD491/2025_H3N2,plate8-A/Indonesia/BIOKES-INAD491/2025_H3N2,487,0.2145,0.2145
seqneut25to26_sera_1013_d28,A/Indonesia/BIOKES-INAD491/2025_H3N2,plate8-A/Indonesia/BIOKES-INAD491/2025_H3N2,1119,0.7132,0.7132
seqneut25to26_sera_1013_d28,A/Indonesia/BIOKES-INAD491/2025_H3N2,plate8-A/Indonesia/BIOKES-INAD491/2025_H3N2,2575,0.5469,0.5469
seqneut25to26_sera_1013_d28,A/Indonesia/BIOKES-INAD491/2025_H3N2,plate8-A/Indonesia/BIOKES-INAD491/2025_H3N2,5921,0.9448,0.9448
seqneut25to26_sera_1013_d28,A/Indonesia/BIOKES-INAD491/2025_H3N2,plate8-A/Indonesia/BIOKES-INAD491/2025_H3N2,1.362e+04,0.7368,0.7368
seqneut25to26_sera_1013_d28,A/Lao/820-2750/2025_H3N2,plate8-A/Lao/820-2750/2025_H3N2,40,1.312e-05,1.312e-05
seqneut25to26_sera_1013_d28,A/Lao/820-2750/2025_H3N2,plate8-A/Lao/820-2750/2025_H3N2,92,0.0006654,0.0006654
seqneut25to26_sera_1013_d28,A/Lao/820-2750/2025_H3N2,plate8-A/Lao/820-2750/2025_H3N2,212,0.1227,0.1227
seqneut25to26_sera_1013_d28,A/Lao/820-2750/2025_H3N2,plate8-A/Lao/820-2750/2025_H3N2,487,0.6016,0.6016
seqneut25to26_sera_1013_d28,A/Lao/820-2750/2025_H3N2,plate8-A/Lao/820-2750/2025_H3N2,1119,0.7425,0.7425
seqneut25to26_sera_1013_d28,A/Lao/820-2750/2025_H3N2,plate8-A/Lao/820-2750/2025_H3N2,2575,0.6721,0.6721
seqneut25to26_sera_1013_d28,A/Lao/820-2750/2025_H3N2,plate8-A/Lao/820-2750/2025_H3N2,5921,0.9326,0.9326
seqneut25to26_sera_1013_d28,A/Lao/820-2750/2025_H3N2,plate8-A/Lao/820-2750/2025_H3N2,1.362e+04,0.823,0.823
seqneut25to26_sera_1013_d28,A/Malaysia/IMR/SARI/2028/2025_H3N2,plate8-A/Malaysia/IMR/SARI/2028/2025_H3N2,40,0,0
seqneut25to26_sera_1013_d28,A/Malaysia/IMR/SARI/2028/2025_H3N2,plate8-A/Malaysia/IMR/SARI/2028/2025_H3N2,92,0.003026,0.003026
seqneut25to26_sera_1013_d28,A/Malaysia/IMR/SARI/2028/2025_H3N2,plate8-A/Malaysia/IMR/SARI/2028/2025_H3N2,212,0.08717,0.08717
seqneut25to26_sera_1013_d28,A/Malaysia/IMR/SARI/2028/2025_H3N2,plate8-A/Malaysia/IMR/SARI/2028/2025_H3N2,487,0.33,0.33
seqneut25to26_sera_1013_d28,A/Malaysia/IMR/SARI/2028/2025_H3N2,plate8-A/Malaysia/IMR/SARI/2028/2025_H3N2,1119,0.6168,0.6168
seqneut25to26_sera_1013_d28,A/Malaysia/IMR/SARI/2028/2025_H3N2,plate8-A/Malaysia/IMR/SARI/2028/2025_H3N2,2575,0.6224,0.6224
seqneut25to26_sera_1013_d28,A/Malaysia/IMR/SARI/2028/2025_H3N2,plate8-A/Malaysia/IMR/SARI/2028/2025_H3N2,5921,0.7534,0.7534
seqneut25to26_sera_1013_d28,A/Malaysia/IMR/SARI/2028/2025_H3N2,plate8-A/Malaysia/IMR/SARI/2028/2025_H3N2,1.362e+04,0.9394,0.9394
seqneut25to26_sera_1013_d28,A/Malaysia/IMR/SARI/2406/2025_H3N2,plate8-A/Malaysia/IMR/SARI/2406/2025_H3N2,40,0.0003471,0.0003471
seqneut25to26_sera_1013_d28,A/Malaysia/IMR/SARI/2406/2025_H3N2,plate8-A/Malaysia/IMR/SARI/2406/2025_H3N2,92,0.0001201,0.0001201
seqneut25to26_sera_1013_d28,A/Malaysia/IMR/SARI/2406/2025_H3N2,plate8-A/Malaysia/IMR/SARI/2406/2025_H3N2,212,0.02419,0.02419
seqneut25to26_sera_1013_d28,A/Malaysia/IMR/SARI/2406/2025_H3N2,plate8-A/Malaysia/IMR/SARI/2406/2025_H3N2,487,0.1015,0.1015
seqneut25to26_sera_1013_d28,A/Malaysia/IMR/SARI/2406/2025_H3N2,plate8-A/Malaysia/IMR/SARI/2406/2025_H3N2,1119,0.5563,0.5563
seqneut25to26_sera_1013_d28,A/Malaysia/IMR/SARI/2406/2025_H3N2,plate8-A/Malaysia/IMR/SARI/2406/2025_H3N2,2575,0.8214,0.8214
seqneut25to26_sera_1013_d28,A/Malaysia/IMR/SARI/2406/2025_H3N2,plate8-A/Malaysia/IMR/SARI/2406/2025_H3N2,5921,0.7472,0.7472
seqneut25to26_sera_1013_d28,A/Malaysia/IMR/SARI/2406/2025_H3N2,plate8-A/Malaysia/IMR/SARI/2406/2025_H3N2,1.362e+04,0.8491,0.8491
seqneut25to26_sera_1013_d28,A/Malaysia/IMR/SARI/2517/2025_H3N2,plate8-A/Malaysia/IMR/SARI/2517/2025_H3N2,40,0.01279,0.01279
seqneut25to26_sera_1013_d28,A/Malaysia/IMR/SARI/2517/2025_H3N2,plate8-A/Malaysia/IMR/SARI/2517/2025_H3N2,92,0.09546,0.09546
seqneut25to26_sera_1013_d28,A/Malaysia/IMR/SARI/2517/2025_H3N2,plate8-A/Malaysia/IMR/SARI/2517/2025_H3N2,212,0.3783,0.3783
seqneut25to26_sera_1013_d28,A/Malaysia/IMR/SARI/2517/2025_H3N2,plate8-A/Malaysia/IMR/SARI/2517/2025_H3N2,487,0.4763,0.4763
seqneut25to26_sera_1013_d28,A/Malaysia/IMR/SARI/2517/2025_H3N2,plate8-A/Malaysia/IMR/SARI/2517/2025_H3N2,1119,0.6806,0.6806
seqneut25to26_sera_1013_d28,A/Malaysia/IMR/SARI/2517/2025_H3N2,plate8-A/Malaysia/IMR/SARI/2517/2025_H3N2,2575,0.6081,0.6081
seqneut25to26_sera_1013_d28,A/Malaysia/IMR/SARI/2517/2025_H3N2,plate8-A/Malaysia/IMR/SARI/2517/2025_H3N2,5921,0.7208,0.7208
seqneut25to26_sera_1013_d28,A/Malaysia/IMR/SARI/2517/2025_H3N2,plate8-A/Malaysia/IMR/SARI/2517/2025_H3N2,1.362e+04,0.9001,0.9001
seqneut25to26_sera_1013_d28,A/Massachusetts/18/2022_H3N2,plate8-A/Massachusetts/18/2022_H3N2,40,0.0217,0.0217
seqneut25to26_sera_1013_d28,A/Massachusetts/18/2022_H3N2,plate8-A/Massachusetts/18/2022_H3N2,92,0.0302,0.0302
seqneut25to26_sera_1013_d28,A/Massachusetts/18/2022_H3N2,plate8-A/Massachusetts/18/2022_H3N2,212,0.1735,0.1735
seqneut25to26_sera_1013_d28,A/Massachusetts/18/2022_H3N2,plate8-A/Massachusetts/18/2022_H3N2,487,0.2671,0.2671
seqneut25to26_sera_1013_d28,A/Massachusetts/18/2022_H3N2,plate8-A/Massachusetts/18/2022_H3N2,1119,0.4948,0.4948
seqneut25to26_sera_1013_d28,A/Massachusetts/18/2022_H3N2,plate8-A/Massachusetts/18/2022_H3N2,2575,0.754,0.754
seqneut25to26_sera_1013_d28,A/Massachusetts/18/2022_H3N2,plate8-A/Massachusetts/18/2022_H3N2,5921,0.6152,0.6152
seqneut25to26_sera_1013_d28,A/Massachusetts/18/2022_H3N2,plate8-A/Massachusetts/18/2022_H3N2,1.362e+04,0.7041,0.7041
seqneut25to26_sera_1013_d28,A/Michigan/110/2025_H3N2,plate8-A/Michigan/110/2025_H3N2,40,0.007288,0.007288
seqneut25to26_sera_1013_d28,A/Michigan/110/2025_H3N2,plate8-A/Michigan/110/2025_H3N2,92,0.006289,0.006289
seqneut25to26_sera_1013_d28,A/Michigan/110/2025_H3N2,plate8-A/Michigan/110/2025_H3N2,212,0.2342,0.2342
seqneut25to26_sera_1013_d28,A/Michigan/110/2025_H3N2,plate8-A/Michigan/110/2025_H3N2,487,0.476,0.476
seqneut25to26_sera_1013_d28,A/Michigan/110/2025_H3N2,plate8-A/Michigan/110/2025_H3N2,1119,0.5847,0.5847
seqneut25to26_sera_1013_d28,A/Michigan/110/2025_H3N2,plate8-A/Michigan/110/2025_H3N2,2575,0.7916,0.7916
seqneut25to26_sera_1013_d28,A/Michigan/110/2025_H3N2,plate8-A/Michigan/110/2025_H3N2,5921,0.8735,0.8735
seqneut25to26_sera_1013_d28,A/Michigan/110/2025_H3N2,plate8-A/Michigan/110/2025_H3N2,1.362e+04,0.8387,0.8387
seqneut25to26_sera_1013_d28,A/Minnesota/96/2025_H3N2,plate8-A/Minnesota/96/2025_H3N2,40,0,0
seqneut25to26_sera_1013_d28,A/Minnesota/96/2025_H3N2,plate8-A/Minnesota/96/2025_H3N2,92,0.01694,0.01694
seqneut25to26_sera_1013_d28,A/Minnesota/96/2025_H3N2,plate8-A/Minnesota/96/2025_H3N2,212,0.1433,0.1433
seqneut25to26_sera_1013_d28,A/Minnesota/96/2025_H3N2,plate8-A/Minnesota/96/2025_H3N2,487,0.3804,0.3804
seqneut25to26_sera_1013_d28,A/Minnesota/96/2025_H3N2,plate8-A/Minnesota/96/2025_H3N2,1119,0.7586,0.7586
seqneut25to26_sera_1013_d28,A/Minnesota/96/2025_H3N2,plate8-A/Minnesota/96/2025_H3N2,2575,0.8054,0.8054
seqneut25to26_sera_1013_d28,A/Minnesota/96/2025_H3N2,plate8-A/Minnesota/96/2025_H3N2,5921,0.678,0.678
seqneut25to26_sera_1013_d28,A/Minnesota/96/2025_H3N2,plate8-A/Minnesota/96/2025_H3N2,1.362e+04,0.6927,0.6927
seqneut25to26_sera_1013_d28,A/Missouri/11/2025_H1N1,plate8-A/Missouri/11/2025_H1N1,40,0.2874,0.2874
seqneut25to26_sera_1013_d28,A/Missouri/11/2025_H1N1,plate8-A/Missouri/11/2025_H1N1,92,0.4326,0.4326
seqneut25to26_sera_1013_d28,A/Missouri/11/2025_H1N1,plate8-A/Missouri/11/2025_H1N1,212,0.7121,0.7121
seqneut25to26_sera_1013_d28,A/Missouri/11/2025_H1N1,plate8-A/Missouri/11/2025_H1N1,487,0.8002,0.8002
seqneut25to26_sera_1013_d28,A/Missouri/11/2025_H1N1,plate8-A/Missouri/11/2025_H1N1,1119,0.9733,0.9733
seqneut25to26_sera_1013_d28,A/Missouri/11/2025_H1N1,plate8-A/Missouri/11/2025_H1N1,2575,0.8295,0.8295
seqneut25to26_sera_1013_d28,A/Missouri/11/2025_H1N1,plate8-A/Missouri/11/2025_H1N1,5921,0.7362,0.7362
seqneut25to26_sera_1013_d28,A/Missouri/11/2025_H1N1,plate8-A/Missouri/11/2025_H1N1,1.362e+04,1.197,1
seqneut25to26_sera_1013_d28,A/NewSouthWales/2526015582/2025_H3N2,plate8-A/NewSouthWales/2526015582/2025_H3N2,40,0.00101,0.00101
seqneut25to26_sera_1013_d28,A/NewSouthWales/2526015582/2025_H3N2,plate8-A/NewSouthWales/2526015582/2025_H3N2,92,0.03936,0.03936
seqneut25to26_sera_1013_d28,A/NewSouthWales/2526015582/2025_H3N2,plate8-A/NewSouthWales/2526015582/2025_H3N2,212,0.1496,0.1496
seqneut25to26_sera_1013_d28,A/NewSouthWales/2526015582/2025_H3N2,plate8-A/NewSouthWales/2526015582/2025_H3N2,487,0.3513,0.3513
seqneut25to26_sera_1013_d28,A/NewSouthWales/2526015582/2025_H3N2,plate8-A/NewSouthWales/2526015582/2025_H3N2,1119,0.6988,0.6988
seqneut25to26_sera_1013_d28,A/NewSouthWales/2526015582/2025_H3N2,plate8-A/NewSouthWales/2526015582/2025_H3N2,2575,0.7395,0.7395
seqneut25to26_sera_1013_d28,A/NewSouthWales/2526015582/2025_H3N2,plate8-A/NewSouthWales/2526015582/2025_H3N2,5921,0.7615,0.7615
seqneut25to26_sera_1013_d28,A/NewSouthWales/2526015582/2025_H3N2,plate8-A/NewSouthWales/2526015582/2025_H3N2,1.362e+04,0.7463,0.7463
seqneut25to26_sera_1013_d28,A/NewSouthWales/2526015584/2025_H3N2,plate8-A/NewSouthWales/2526015584/2025_H3N2,40,3.365e-05,3.365e-05
seqneut25to26_sera_1013_d28,A/NewSouthWales/2526015584/2025_H3N2,plate8-A/NewSouthWales/2526015584/2025_H3N2,92,0.01785,0.01785
seqneut25to26_sera_1013_d28,A/NewSouthWales/2526015584/2025_H3N2,plate8-A/NewSouthWales/2526015584/2025_H3N2,212,0.1257,0.1257
seqneut25to26_sera_1013_d28,A/NewSouthWales/2526015584/2025_H3N2,plate8-A/NewSouthWales/2526015584/2025_H3N2,487,0.3647,0.3647
seqneut25to26_sera_1013_d28,A/NewSouthWales/2526015584/2025_H3N2,plate8-A/NewSouthWales/2526015584/2025_H3N2,1119,0.7546,0.7546
seqneut25to26_sera_1013_d28,A/NewSouthWales/2526015584/2025_H3N2,plate8-A/NewSouthWales/2526015584/2025_H3N2,2575,0.8739,0.8739
seqneut25to26_sera_1013_d28,A/NewSouthWales/2526015584/2025_H3N2,plate8-A/NewSouthWales/2526015584/2025_H3N2,5921,0.7632,0.7632
seqneut25to26_sera_1013_d28,A/NewSouthWales/2526015584/2025_H3N2,plate8-A/NewSouthWales/2526015584/2025_H3N2,1.362e+04,0.823,0.823
seqneut25to26_sera_1013_d28,A/Norway/8765/2025_H3N2,plate8-A/Norway/8765/2025_H3N2,40,0.0001421,0.0001421
seqneut25to26_sera_1013_d28,A/Norway/8765/2025_H3N2,plate8-A/Norway/8765/2025_H3N2,92,0.03225,0.03225
seqneut25to26_sera_1013_d28,A/Norway/8765/2025_H3N2,plate8-A/Norway/8765/2025_H3N2,212,0.1466,0.1466
seqneut25to26_sera_1013_d28,A/Norway/8765/2025_H3N2,plate8-A/Norway/8765/2025_H3N2,487,0.3999,0.3999
seqneut25to26_sera_1013_d28,A/Norway/8765/2025_H3N2,plate8-A/Norway/8765/2025_H3N2,1119,0.7434,0.7434
seqneut25to26_sera_1013_d28,A/Norway/8765/2025_H3N2,plate8-A/Norway/8765/2025_H3N2,2575,0.7059,0.7059
seqneut25to26_sera_1013_d28,A/Norway/8765/2025_H3N2,plate8-A/Norway/8765/2025_H3N2,5921,0.7152,0.7152
seqneut25to26_sera_1013_d28,A/Norway/8765/2025_H3N2,plate8-A/Norway/8765/2025_H3N2,1.362e+04,0.7396,0.7396
seqneut25to26_sera_1013_d28,A/Norway/8976/2025_H3N2,plate8-A/Norway/8976/2025_H3N2,40,0.0006127,0.0006127
seqneut25to26_sera_1013_d28,A/Norway/8976/2025_H3N2,plate8-A/Norway/8976/2025_H3N2,92,0.03569,0.03569
seqneut25to26_sera_1013_d28,A/Norway/8976/2025_H3N2,plate8-A/Norway/8976/2025_H3N2,212,0.1341,0.1341
seqneut25to26_sera_1013_d28,A/Norway/8976/2025_H3N2,plate8-A/Norway/8976/2025_H3N2,487,0.34,0.34
seqneut25to26_sera_1013_d28,A/Norway/8976/2025_H3N2,plate8-A/Norway/8976/2025_H3N2,1119,0.7483,0.7483
seqneut25to26_sera_1013_d28,A/Norway/8976/2025_H3N2,plate8-A/Norway/8976/2025_H3N2,2575,0.7353,0.7353
seqneut25to26_sera_1013_d28,A/Norway/8976/2025_H3N2,plate8-A/Norway/8976/2025_H3N2,5921,0.6823,0.6823
seqneut25to26_sera_1013_d28,A/Norway/8976/2025_H3N2,plate8-A/Norway/8976/2025_H3N2,1.362e+04,0.6951,0.6951
seqneut25to26_sera_1013_d28,A/Norway/9107/2025_H1N1,plate8-A/Norway/9107/2025_H1N1,40,0.2113,0.2113
seqneut25to26_sera_1013_d28,A/Norway/9107/2025_H1N1,plate8-A/Norway/9107/2025_H1N1,92,0.5493,0.5493
seqneut25to26_sera_1013_d28,A/Norway/9107/2025_H1N1,plate8-A/Norway/9107/2025_H1N1,212,0.6691,0.6691
seqneut25to26_sera_1013_d28,A/Norway/9107/2025_H1N1,plate8-A/Norway/9107/2025_H1N1,487,0.7334,0.7334
seqneut25to26_sera_1013_d28,A/Norway/9107/2025_H1N1,plate8-A/Norway/9107/2025_H1N1,1119,1.13,1
seqneut25to26_sera_1013_d28,A/Norway/9107/2025_H1N1,plate8-A/Norway/9107/2025_H1N1,2575,0.8815,0.8815
seqneut25to26_sera_1013_d28,A/Norway/9107/2025_H1N1,plate8-A/Norway/9107/2025_H1N1,5921,0.9135,0.9135
seqneut25to26_sera_1013_d28,A/Norway/9107/2025_H1N1,plate8-A/Norway/9107/2025_H1N1,1.362e+04,0.8255,0.8255
seqneut25to26_sera_1013_d28,A/Norway/9556/2025_H1N1,plate8-A/Norway/9556/2025_H1N1,40,0.3252,0.3252
seqneut25to26_sera_1013_d28,A/Norway/9556/2025_H1N1,plate8-A/Norway/9556/2025_H1N1,92,0.511,0.511
seqneut25to26_sera_1013_d28,A/Norway/9556/2025_H1N1,plate8-A/Norway/9556/2025_H1N1,212,0.7227,0.7227
seqneut25to26_sera_1013_d28,A/Norway/9556/2025_H1N1,plate8-A/Norway/9556/2025_H1N1,487,0.6887,0.6887
seqneut25to26_sera_1013_d28,A/Norway/9556/2025_H1N1,plate8-A/Norway/9556/2025_H1N1,1119,1.027,1
seqneut25to26_sera_1013_d28,A/Norway/9556/2025_H1N1,plate8-A/Norway/9556/2025_H1N1,2575,0.9947,0.9947
seqneut25to26_sera_1013_d28,A/Norway/9556/2025_H1N1,plate8-A/Norway/9556/2025_H1N1,5921,0.9533,0.9533
seqneut25to26_sera_1013_d28,A/Norway/9556/2025_H1N1,plate8-A/Norway/9556/2025_H1N1,1.362e+04,0.8499,0.8499
seqneut25to26_sera_1013_d28,A/Peru/GIHSN-04-1089/2025_H3N2,plate8-A/Peru/GIHSN-04-1089/2025_H3N2,40,0,0
seqneut25to26_sera_1013_d28,A/Peru/GIHSN-04-1089/2025_H3N2,plate8-A/Peru/GIHSN-04-1089/2025_H3N2,92,0.001075,0.001075
seqneut25to26_sera_1013_d28,A/Peru/GIHSN-04-1089/2025_H3N2,plate8-A/Peru/GIHSN-04-1089/2025_H3N2,212,0.1554,0.1554
seqneut25to26_sera_1013_d28,A/Peru/GIHSN-04-1089/2025_H3N2,plate8-A/Peru/GIHSN-04-1089/2025_H3N2,487,0.2616,0.2616
seqneut25to26_sera_1013_d28,A/Peru/GIHSN-04-1089/2025_H3N2,plate8-A/Peru/GIHSN-04-1089/2025_H3N2,1119,0.5969,0.5969
seqneut25to26_sera_1013_d28,A/Peru/GIHSN-04-1089/2025_H3N2,plate8-A/Peru/GIHSN-04-1089/2025_H3N2,2575,0.8158,0.8158
seqneut25to26_sera_1013_d28,A/Peru/GIHSN-04-1089/2025_H3N2,plate8-A/Peru/GIHSN-04-1089/2025_H3N2,5921,0.7827,0.7827
seqneut25to26_sera_1013_d28,A/Peru/GIHSN-04-1089/2025_H3N2,plate8-A/Peru/GIHSN-04-1089/2025_H3N2,1.362e+04,0.7077,0.7077
seqneut25to26_sera_1013_d28,A/Philippines/SARI25-1425/2025_H1N1,plate8-A/Philippines/SARI25-1425/2025_H1N1,40,0.2489,0.2489
seqneut25to26_sera_1013_d28,A/Philippines/SARI25-1425/2025_H1N1,plate8-A/Philippines/SARI25-1425/2025_H1N1,92,0.5085,0.5085
seqneut25to26_sera_1013_d28,A/Philippines/SARI25-1425/2025_H1N1,plate8-A/Philippines/SARI25-1425/2025_H1N1,212,0.7988,0.7988
seqneut25to26_sera_1013_d28,A/Philippines/SARI25-1425/2025_H1N1,plate8-A/Philippines/SARI25-1425/2025_H1N1,487,0.7563,0.7563
seqneut25to26_sera_1013_d28,A/Philippines/SARI25-1425/2025_H1N1,plate8-A/Philippines/SARI25-1425/2025_H1N1,1119,1.25,1
seqneut25to26_sera_1013_d28,A/Philippines/SARI25-1425/2025_H1N1,plate8-A/Philippines/SARI25-1425/2025_H1N1,2575,0.9673,0.9673
seqneut25to26_sera_1013_d28,A/Philippines/SARI25-1425/2025_H1N1,plate8-A/Philippines/SARI25-1425/2025_H1N1,5921,0.8844,0.8844
seqneut25to26_sera_1013_d28,A/Philippines/SARI25-1425/2025_H1N1,plate8-A/Philippines/SARI25-1425/2025_H1N1,1.362e+04,0.9738,0.9738
seqneut25to26_sera_1013_d28,A/Queensland/2526516675/2025_H3N2,plate8-A/Queensland/2526516675/2025_H3N2,40,0.002383,0.002383
seqneut25to26_sera_1013_d28,A/Queensland/2526516675/2025_H3N2,plate8-A/Queensland/2526516675/2025_H3N2,92,0.02585,0.02585
seqneut25to26_sera_1013_d28,A/Queensland/2526516675/2025_H3N2,plate8-A/Queensland/2526516675/2025_H3N2,212,0.1804,0.1804
seqneut25to26_sera_1013_d28,A/Queensland/2526516675/2025_H3N2,plate8-A/Queensland/2526516675/2025_H3N2,487,0.3324,0.3324
seqneut25to26_sera_1013_d28,A/Queensland/2526516675/2025_H3N2,plate8-A/Queensland/2526516675/2025_H3N2,1119,0.7679,0.7679
seqneut25to26_sera_1013_d28,A/Queensland/2526516675/2025_H3N2,plate8-A/Queensland/2526516675/2025_H3N2,2575,0.7004,0.7004
seqneut25to26_sera_1013_d28,A/Queensland/2526516675/2025_H3N2,plate8-A/Queensland/2526516675/2025_H3N2,5921,0.7897,0.7897
seqneut25to26_sera_1013_d28,A/Queensland/2526516675/2025_H3N2,plate8-A/Queensland/2526516675/2025_H3N2,1.362e+04,0.7685,0.7685
seqneut25to26_sera_1013_d28,A/SouthAfrica/PET37604/2025_H3N2,plate8-A/SouthAfrica/PET37604/2025_H3N2,40,0,0
seqneut25to26_sera_1013_d28,A/SouthAfrica/PET37604/2025_H3N2,plate8-A/SouthAfrica/PET37604/2025_H3N2,92,0.000894,0.000894
seqneut25to26_sera_1013_d28,A/SouthAfrica/PET37604/2025_H3N2,plate8-A/SouthAfrica/PET37604/2025_H3N2,212,0.06133,0.06133
seqneut25to26_sera_1013_d28,A/SouthAfrica/PET37604/2025_H3N2,plate8-A/SouthAfrica/PET37604/2025_H3N2,487,0.1921,0.1921
seqneut25to26_sera_1013_d28,A/SouthAfrica/PET37604/2025_H3N2,plate8-A/SouthAfrica/PET37604/2025_H3N2,1119,0.8784,0.8784
seqneut25to26_sera_1013_d28,A/SouthAfrica/PET37604/2025_H3N2,plate8-A/SouthAfrica/PET37604/2025_H3N2,2575,0.8246,0.8246
seqneut25to26_sera_1013_d28,A/SouthAfrica/PET37604/2025_H3N2,plate8-A/SouthAfrica/PET37604/2025_H3N2,5921,0.7682,0.7682
seqneut25to26_sera_1013_d28,A/SouthAfrica/PET37604/2025_H3N2,plate8-A/SouthAfrica/PET37604/2025_H3N2,1.362e+04,0.8455,0.8455
seqneut25to26_sera_1013_d28,A/SouthAfrica/PET37625/2025_H3N2,plate8-A/SouthAfrica/PET37625/2025_H3N2,40,0.0002121,0.0002121
seqneut25to26_sera_1013_d28,A/SouthAfrica/PET37625/2025_H3N2,plate8-A/SouthAfrica/PET37625/2025_H3N2,92,0.0001912,0.0001912
seqneut25to26_sera_1013_d28,A/SouthAfrica/PET37625/2025_H3N2,plate8-A/SouthAfrica/PET37625/2025_H3N2,212,0.06159,0.06159
seqneut25to26_sera_1013_d28,A/SouthAfrica/PET37625/2025_H3N2,plate8-A/SouthAfrica/PET37625/2025_H3N2,487,0.1641,0.1641
seqneut25to26_sera_1013_d28,A/SouthAfrica/PET37625/2025_H3N2,plate8-A/SouthAfrica/PET37625/2025_H3N2,1119,0.547,0.547
seqneut25to26_sera_1013_d28,A/SouthAfrica/PET37625/2025_H3N2,plate8-A/SouthAfrica/PET37625/2025_H3N2,2575,0.783,0.783
seqneut25to26_sera_1013_d28,A/SouthAfrica/PET37625/2025_H3N2,plate8-A/SouthAfrica/PET37625/2025_H3N2,5921,0.7342,0.7342
seqneut25to26_sera_1013_d28,A/SouthAfrica/PET37625/2025_H3N2,plate8-A/SouthAfrica/PET37625/2025_H3N2,1.362e+04,0.7872,0.7872
seqneut25to26_sera_1013_d28,A/SouthAustralia/2519001037/2025_H1N1,plate8-A/SouthAustralia/2519001037/2025_H1N1,40,0.2074,0.2074
seqneut25to26_sera_1013_d28,A/SouthAustralia/2519001037/2025_H1N1,plate8-A/SouthAustralia/2519001037/2025_H1N1,92,0.5151,0.5151
seqneut25to26_sera_1013_d28,A/SouthAustralia/2519001037/2025_H1N1,plate8-A/SouthAustralia/2519001037/2025_H1N1,212,0.7588,0.7588
seqneut25to26_sera_1013_d28,A/SouthAustralia/2519001037/2025_H1N1,plate8-A/SouthAustralia/2519001037/2025_H1N1,487,0.7926,0.7926
seqneut25to26_sera_1013_d28,A/SouthAustralia/2519001037/2025_H1N1,plate8-A/SouthAustralia/2519001037/2025_H1N1,1119,1.128,1
seqneut25to26_sera_1013_d28,A/SouthAustralia/2519001037/2025_H1N1,plate8-A/SouthAustralia/2519001037/2025_H1N1,2575,0.9157,0.9157
seqneut25to26_sera_1013_d28,A/SouthAustralia/2519001037/2025_H1N1,plate8-A/SouthAustralia/2519001037/2025_H1N1,5921,0.9685,0.9685
seqneut25to26_sera_1013_d28,A/SouthAustralia/2519001037/2025_H1N1,plate8-A/SouthAustralia/2519001037/2025_H1N1,1.362e+04,1.064,1
seqneut25to26_sera_1013_d28,A/SouthAustralia/2520702747/2025_H1N1,plate8-A/SouthAustralia/2520702747/2025_H1N1,40,0.1571,0.1571
seqneut25to26_sera_1013_d28,A/SouthAustralia/2520702747/2025_H1N1,plate8-A/SouthAustralia/2520702747/2025_H1N1,92,0.3601,0.3601
seqneut25to26_sera_1013_d28,A/SouthAustralia/2520702747/2025_H1N1,plate8-A/SouthAustralia/2520702747/2025_H1N1,212,0.7552,0.7552
seqneut25to26_sera_1013_d28,A/SouthAustralia/2520702747/2025_H1N1,plate8-A/SouthAustralia/2520702747/2025_H1N1,487,0.7099,0.7099
seqneut25to26_sera_1013_d28,A/SouthAustralia/2520702747/2025_H1N1,plate8-A/SouthAustralia/2520702747/2025_H1N1,1119,1.056,1
seqneut25to26_sera_1013_d28,A/SouthAustralia/2520702747/2025_H1N1,plate8-A/SouthAustralia/2520702747/2025_H1N1,2575,0.918,0.918
seqneut25to26_sera_1013_d28,A/SouthAustralia/2520702747/2025_H1N1,plate8-A/SouthAustralia/2520702747/2025_H1N1,5921,1.059,1
seqneut25to26_sera_1013_d28,A/SouthAustralia/2520702747/2025_H1N1,plate8-A/SouthAustralia/2520702747/2025_H1N1,1.362e+04,0.9254,0.9254
seqneut25to26_sera_1013_d28,A/SouthAustralia/2523012764/2025_H1N1,plate8-A/SouthAustralia/2523012764/2025_H1N1,40,0.259,0.259
seqneut25to26_sera_1013_d28,A/SouthAustralia/2523012764/2025_H1N1,plate8-A/SouthAustralia/2523012764/2025_H1N1,92,0.4344,0.4344
seqneut25to26_sera_1013_d28,A/SouthAustralia/2523012764/2025_H1N1,plate8-A/SouthAustralia/2523012764/2025_H1N1,212,0.6265,0.6265
seqneut25to26_sera_1013_d28,A/SouthAustralia/2523012764/2025_H1N1,plate8-A/SouthAustralia/2523012764/2025_H1N1,487,0.81,0.81
seqneut25to26_sera_1013_d28,A/SouthAustralia/2523012764/2025_H1N1,plate8-A/SouthAustralia/2523012764/2025_H1N1,1119,1.004,1
seqneut25to26_sera_1013_d28,A/SouthAustralia/2523012764/2025_H1N1,plate8-A/SouthAustralia/2523012764/2025_H1N1,2575,0.9237,0.9237
seqneut25to26_sera_1013_d28,A/SouthAustralia/2523012764/2025_H1N1,plate8-A/SouthAustralia/2523012764/2025_H1N1,5921,0.7346,0.7346
seqneut25to26_sera_1013_d28,A/SouthAustralia/2523012764/2025_H1N1,plate8-A/SouthAustralia/2523012764/2025_H1N1,1.362e+04,0.8193,0.8193
seqneut25to26_sera_1013_d28,A/SouthAustralia/2523812314/2025_H3N2,plate8-A/SouthAustralia/2523812314/2025_H3N2,40,0.002715,0.002715
seqneut25to26_sera_1013_d28,A/SouthAustralia/2523812314/2025_H3N2,plate8-A/SouthAustralia/2523812314/2025_H3N2,92,0.03123,0.03123
seqneut25to26_sera_1013_d28,A/SouthAustralia/2523812314/2025_H3N2,plate8-A/SouthAustralia/2523812314/2025_H3N2,212,0.1314,0.1314
seqneut25to26_sera_1013_d28,A/SouthAustralia/2523812314/2025_H3N2,plate8-A/SouthAustralia/2523812314/2025_H3N2,487,0.2654,0.2654
seqneut25to26_sera_1013_d28,A/SouthAustralia/2523812314/2025_H3N2,plate8-A/SouthAustralia/2523812314/2025_H3N2,1119,0.7641,0.7641
seqneut25to26_sera_1013_d28,A/SouthAustralia/2523812314/2025_H3N2,plate8-A/SouthAustralia/2523812314/2025_H3N2,2575,0.8178,0.8178
seqneut25to26_sera_1013_d28,A/SouthAustralia/2523812314/2025_H3N2,plate8-A/SouthAustralia/2523812314/2025_H3N2,5921,0.6112,0.6112
seqneut25to26_sera_1013_d28,A/SouthAustralia/2523812314/2025_H3N2,plate8-A/SouthAustralia/2523812314/2025_H3N2,1.362e+04,0.7684,0.7684
seqneut25to26_sera_1013_d28,A/SouthAustralia/2524408801/2025_H3N2,plate8-A/SouthAustralia/2524408801/2025_H3N2,40,6.33e-05,6.33e-05
seqneut25to26_sera_1013_d28,A/SouthAustralia/2524408801/2025_H3N2,plate8-A/SouthAustralia/2524408801/2025_H3N2,92,0.04835,0.04835
seqneut25to26_sera_1013_d28,A/SouthAustralia/2524408801/2025_H3N2,plate8-A/SouthAustralia/2524408801/2025_H3N2,212,0.2244,0.2244
seqneut25to26_sera_1013_d28,A/SouthAustralia/2524408801/2025_H3N2,plate8-A/SouthAustralia/2524408801/2025_H3N2,487,0.3594,0.3594
seqneut25to26_sera_1013_d28,A/SouthAustralia/2524408801/2025_H3N2,plate8-A/SouthAustralia/2524408801/2025_H3N2,1119,0.7089,0.7089
seqneut25to26_sera_1013_d28,A/SouthAustralia/2524408801/2025_H3N2,plate8-A/SouthAustralia/2524408801/2025_H3N2,2575,0.6713,0.6713
seqneut25to26_sera_1013_d28,A/SouthAustralia/2524408801/2025_H3N2,plate8-A/SouthAustralia/2524408801/2025_H3N2,5921,0.6847,0.6847
seqneut25to26_sera_1013_d28,A/SouthAustralia/2524408801/2025_H3N2,plate8-A/SouthAustralia/2524408801/2025_H3N2,1.362e+04,0.6595,0.6595
seqneut25to26_sera_1013_d28,A/SouthAustralia/2524712956/2025_H1N1,plate8-A/SouthAustralia/2524712956/2025_H1N1,40,0.2078,0.2078
seqneut25to26_sera_1013_d28,A/SouthAustralia/2524712956/2025_H1N1,plate8-A/SouthAustralia/2524712956/2025_H1N1,92,0.4434,0.4434
seqneut25to26_sera_1013_d28,A/SouthAustralia/2524712956/2025_H1N1,plate8-A/SouthAustralia/2524712956/2025_H1N1,212,0.7366,0.7366
seqneut25to26_sera_1013_d28,A/SouthAustralia/2524712956/2025_H1N1,plate8-A/SouthAustralia/2524712956/2025_H1N1,487,0.7182,0.7182
seqneut25to26_sera_1013_d28,A/SouthAustralia/2524712956/2025_H1N1,plate8-A/SouthAustralia/2524712956/2025_H1N1,1119,0.9684,0.9684
seqneut25to26_sera_1013_d28,A/SouthAustralia/2524712956/2025_H1N1,plate8-A/SouthAustralia/2524712956/2025_H1N1,2575,0.979,0.979
seqneut25to26_sera_1013_d28,A/SouthAustralia/2524712956/2025_H1N1,plate8-A/SouthAustralia/2524712956/2025_H1N1,5921,0.7834,0.7834
seqneut25to26_sera_1013_d28,A/SouthAustralia/2524712956/2025_H1N1,plate8-A/SouthAustralia/2524712956/2025_H1N1,1.362e+04,0.8433,0.8433
seqneut25to26_sera_1013_d28,A/SouthAustralia/2525607496/2025_H3N2,plate8-A/SouthAustralia/2525607496/2025_H3N2,40,0,0
seqneut25to26_sera_1013_d28,A/SouthAustralia/2525607496/2025_H3N2,plate8-A/SouthAustralia/2525607496/2025_H3N2,92,0.0001301,0.0001301
seqneut25to26_sera_1013_d28,A/SouthAustralia/2525607496/2025_H3N2,plate8-A/SouthAustralia/2525607496/2025_H3N2,212,0.03228,0.03228
seqneut25to26_sera_1013_d28,A/SouthAustralia/2525607496/2025_H3N2,plate8-A/SouthAustralia/2525607496/2025_H3N2,487,0.1,0.1
seqneut25to26_sera_1013_d28,A/SouthAustralia/2525607496/2025_H3N2,plate8-A/SouthAustralia/2525607496/2025_H3N2,1119,0.5647,0.5647
seqneut25to26_sera_1013_d28,A/SouthAustralia/2525607496/2025_H3N2,plate8-A/SouthAustralia/2525607496/2025_H3N2,2575,0.6297,0.6297
seqneut25to26_sera_1013_d28,A/SouthAustralia/2525607496/2025_H3N2,plate8-A/SouthAustralia/2525607496/2025_H3N2,5921,0.6972,0.6972
seqneut25to26_sera_1013_d28,A/SouthAustralia/2525607496/2025_H3N2,plate8-A/SouthAustralia/2525607496/2025_H3N2,1.362e+04,0.7231,0.7231
seqneut25to26_sera_1013_d28,A/SouthAustralia/2527003588/2025_H3N2,plate8-A/SouthAustralia/2527003588/2025_H3N2,40,0.0163,0.0163
seqneut25to26_sera_1013_d28,A/SouthAustralia/2527003588/2025_H3N2,plate8-A/SouthAustralia/2527003588/2025_H3N2,92,0.0289,0.0289
seqneut25to26_sera_1013_d28,A/SouthAustralia/2527003588/2025_H3N2,plate8-A/SouthAustralia/2527003588/2025_H3N2,212,0.2882,0.2882
seqneut25to26_sera_1013_d28,A/SouthAustralia/2527003588/2025_H3N2,plate8-A/SouthAustralia/2527003588/2025_H3N2,487,0.6089,0.6089
seqneut25to26_sera_1013_d28,A/SouthAustralia/2527003588/2025_H3N2,plate8-A/SouthAustralia/2527003588/2025_H3N2,1119,0.8343,0.8343
seqneut25to26_sera_1013_d28,A/SouthAustralia/2527003588/2025_H3N2,plate8-A/SouthAustralia/2527003588/2025_H3N2,2575,0.8386,0.8386
seqneut25to26_sera_1013_d28,A/SouthAustralia/2527003588/2025_H3N2,plate8-A/SouthAustralia/2527003588/2025_H3N2,5921,0.8375,0.8375
seqneut25to26_sera_1013_d28,A/SouthAustralia/2527003588/2025_H3N2,plate8-A/SouthAustralia/2527003588/2025_H3N2,1.362e+04,0.618,0.618
seqneut25to26_sera_1013_d28,A/SouthAustralia/2527213276/2025_H3N2,plate8-A/SouthAustralia/2527213276/2025_H3N2,40,0.01914,0.01914
seqneut25to26_sera_1013_d28,A/SouthAustralia/2527213276/2025_H3N2,plate8-A/SouthAustralia/2527213276/2025_H3N2,92,0.1866,0.1866
seqneut25to26_sera_1013_d28,A/SouthAustralia/2527213276/2025_H3N2,plate8-A/SouthAustralia/2527213276/2025_H3N2,212,0.2846,0.2846
seqneut25to26_sera_1013_d28,A/SouthAustralia/2527213276/2025_H3N2,plate8-A/SouthAustralia/2527213276/2025_H3N2,487,0.4899,0.4899
seqneut25to26_sera_1013_d28,A/SouthAustralia/2527213276/2025_H3N2,plate8-A/SouthAustralia/2527213276/2025_H3N2,1119,0.8649,0.8649
seqneut25to26_sera_1013_d28,A/SouthAustralia/2527213276/2025_H3N2,plate8-A/SouthAustralia/2527213276/2025_H3N2,2575,0.7363,0.7363
seqneut25to26_sera_1013_d28,A/SouthAustralia/2527213276/2025_H3N2,plate8-A/SouthAustralia/2527213276/2025_H3N2,5921,0.6997,0.6997
seqneut25to26_sera_1013_d28,A/SouthAustralia/2527213276/2025_H3N2,plate8-A/SouthAustralia/2527213276/2025_H3N2,1.362e+04,0.6253,0.6253
seqneut25to26_sera_1013_d28,A/SouthAustralia/2527612456/2025_H1N1,plate8-A/SouthAustralia/2527612456/2025_H1N1,40,0.6338,0.6338
seqneut25to26_sera_1013_d28,A/SouthAustralia/2527612456/2025_H1N1,plate8-A/SouthAustralia/2527612456/2025_H1N1,92,0.665,0.665
seqneut25to26_sera_1013_d28,A/SouthAustralia/2527612456/2025_H1N1,plate8-A/SouthAustralia/2527612456/2025_H1N1,212,0.9639,0.9639
seqneut25to26_sera_1013_d28,A/SouthAustralia/2527612456/2025_H1N1,plate8-A/SouthAustralia/2527612456/2025_H1N1,487,0.7822,0.7822
seqneut25to26_sera_1013_d28,A/SouthAustralia/2527612456/2025_H1N1,plate8-A/SouthAustralia/2527612456/2025_H1N1,1119,1.043,1
seqneut25to26_sera_1013_d28,A/SouthAustralia/2527612456/2025_H1N1,plate8-A/SouthAustralia/2527612456/2025_H1N1,2575,1.071,1
seqneut25to26_sera_1013_d28,A/SouthAustralia/2527612456/2025_H1N1,plate8-A/SouthAustralia/2527612456/2025_H1N1,5921,1.003,1
seqneut25to26_sera_1013_d28,A/SouthAustralia/2527612456/2025_H1N1,plate8-A/SouthAustralia/2527612456/2025_H1N1,1.362e+04,1.097,1
seqneut25to26_sera_1013_d28,A/SouthAustralia/2527902708/2025_H3N2,plate8-A/SouthAustralia/2527902708/2025_H3N2,40,0.0001534,0.0001534
seqneut25to26_sera_1013_d28,A/SouthAustralia/2527902708/2025_H3N2,plate8-A/SouthAustralia/2527902708/2025_H3N2,92,0.02662,0.02662
seqneut25to26_sera_1013_d28,A/SouthAustralia/2527902708/2025_H3N2,plate8-A/SouthAustralia/2527902708/2025_H3N2,212,0.7176,0.7176
seqneut25to26_sera_1013_d28,A/SouthAustralia/2527902708/2025_H3N2,plate8-A/SouthAustralia/2527902708/2025_H3N2,487,0.705,0.705
seqneut25to26_sera_1013_d28,A/SouthAustralia/2527902708/2025_H3N2,plate8-A/SouthAustralia/2527902708/2025_H3N2,1119,0.8904,0.8904
seqneut25to26_sera_1013_d28,A/SouthAustralia/2527902708/2025_H3N2,plate8-A/SouthAustralia/2527902708/2025_H3N2,2575,0.7927,0.7927
seqneut25to26_sera_1013_d28,A/SouthAustralia/2527902708/2025_H3N2,plate8-A/SouthAustralia/2527902708/2025_H3N2,5921,0.7704,0.7704
seqneut25to26_sera_1013_d28,A/SouthAustralia/2527902708/2025_H3N2,plate8-A/SouthAustralia/2527902708/2025_H3N2,1.362e+04,0.8274,0.8274
seqneut25to26_sera_1013_d28,A/Sydney/1359/2024_H3N2,plate8-A/Sydney/1359/2024_H3N2,40,6.761e-05,6.761e-05
seqneut25to26_sera_1013_d28,A/Sydney/1359/2024_H3N2,plate8-A/Sydney/1359/2024_H3N2,92,0.008762,0.008762
seqneut25to26_sera_1013_d28,A/Sydney/1359/2024_H3N2,plate8-A/Sydney/1359/2024_H3N2,212,0.06422,0.06422
seqneut25to26_sera_1013_d28,A/Sydney/1359/2024_H3N2,plate8-A/Sydney/1359/2024_H3N2,487,0.4712,0.4712
seqneut25to26_sera_1013_d28,A/Sydney/1359/2024_H3N2,plate8-A/Sydney/1359/2024_H3N2,1119,0.7718,0.7718
seqneut25to26_sera_1013_d28,A/Sydney/1359/2024_H3N2,plate8-A/Sydney/1359/2024_H3N2,2575,0.7376,0.7376
seqneut25to26_sera_1013_d28,A/Sydney/1359/2024_H3N2,plate8-A/Sydney/1359/2024_H3N2,5921,0.7246,0.7246
seqneut25to26_sera_1013_d28,A/Sydney/1359/2024_H3N2,plate8-A/Sydney/1359/2024_H3N2,1.362e+04,0.6957,0.6957
seqneut25to26_sera_1013_d28,A/Sydney/400/2025_H1N1,plate8-A/Sydney/400/2025_H1N1,40,0.1397,0.1397
seqneut25to26_sera_1013_d28,A/Sydney/400/2025_H1N1,plate8-A/Sydney/400/2025_H1N1,92,0.5323,0.5323
seqneut25to26_sera_1013_d28,A/Sydney/400/2025_H1N1,plate8-A/Sydney/400/2025_H1N1,212,0.5523,0.5523
seqneut25to26_sera_1013_d28,A/Sydney/400/2025_H1N1,plate8-A/Sydney/400/2025_H1N1,487,0.8647,0.8647
seqneut25to26_sera_1013_d28,A/Sydney/400/2025_H1N1,plate8-A/Sydney/400/2025_H1N1,1119,1.006,1
seqneut25to26_sera_1013_d28,A/Sydney/400/2025_H1N1,plate8-A/Sydney/400/2025_H1N1,2575,0.7626,0.7626
seqneut25to26_sera_1013_d28,A/Sydney/400/2025_H1N1,plate8-A/Sydney/400/2025_H1N1,5921,1.016,1
seqneut25to26_sera_1013_d28,A/Sydney/400/2025_H1N1,plate8-A/Sydney/400/2025_H1N1,1.362e+04,0.746,0.746
seqneut25to26_sera_1013_d28,A/Tasmania/2521815682/2025_H3N2,plate8-A/Tasmania/2521815682/2025_H3N2,40,0.002848,0.002848
seqneut25to26_sera_1013_d28,A/Tasmania/2521815682/2025_H3N2,plate8-A/Tasmania/2521815682/2025_H3N2,92,0.2439,0.2439
seqneut25to26_sera_1013_d28,A/Tasmania/2521815682/2025_H3N2,plate8-A/Tasmania/2521815682/2025_H3N2,212,0.2894,0.2894
seqneut25to26_sera_1013_d28,A/Tasmania/2521815682/2025_H3N2,plate8-A/Tasmania/2521815682/2025_H3N2,487,0.5581,0.5581
seqneut25to26_sera_1013_d28,A/Tasmania/2521815682/2025_H3N2,plate8-A/Tasmania/2521815682/2025_H3N2,1119,0.8582,0.8582
seqneut25to26_sera_1013_d28,A/Tasmania/2521815682/2025_H3N2,plate8-A/Tasmania/2521815682/2025_H3N2,2575,0.7056,0.7056
seqneut25to26_sera_1013_d28,A/Tasmania/2521815682/2025_H3N2,plate8-A/Tasmania/2521815682/2025_H3N2,5921,0.8299,0.8299
seqneut25to26_sera_1013_d28,A/Tasmania/2521815682/2025_H3N2,plate8-A/Tasmania/2521815682/2025_H3N2,1.362e+04,0.7453,0.7453
seqneut25to26_sera_1013_d28,A/Thailand/8/2022_H3N2,plate8-A/Thailand/8/2022_H3N2,40,0.0005668,0.0005668
seqneut25to26_sera_1013_d28,A/Thailand/8/2022_H3N2,plate8-A/Thailand/8/2022_H3N2,92,0.008909,0.008909
seqneut25to26_sera_1013_d28,A/Thailand/8/2022_H3N2,plate8-A/Thailand/8/2022_H3N2,212,0.07634,0.07634
seqneut25to26_sera_1013_d28,A/Thailand/8/2022_H3N2,plate8-A/Thailand/8/2022_H3N2,487,0.1156,0.1156
seqneut25to26_sera_1013_d28,A/Thailand/8/2022_H3N2,plate8-A/Thailand/8/2022_H3N2,1119,0.3986,0.3986
seqneut25to26_sera_1013_d28,A/Thailand/8/2022_H3N2,plate8-A/Thailand/8/2022_H3N2,2575,0.3665,0.3665
seqneut25to26_sera_1013_d28,A/Thailand/8/2022_H3N2,plate8-A/Thailand/8/2022_H3N2,5921,0.5467,0.5467
seqneut25to26_sera_1013_d28,A/Thailand/8/2022_H3N2,plate8-A/Thailand/8/2022_H3N2,1.362e+04,0.8321,0.8321
seqneut25to26_sera_1013_d28,A/Vermont/73/2025_H3N2,plate8-A/Vermont/73/2025_H3N2,40,0.001316,0.001316
seqneut25to26_sera_1013_d28,A/Vermont/73/2025_H3N2,plate8-A/Vermont/73/2025_H3N2,92,0.07501,0.07501
seqneut25to26_sera_1013_d28,A/Vermont/73/2025_H3N2,plate8-A/Vermont/73/2025_H3N2,212,0.3709,0.3709
seqneut25to26_sera_1013_d28,A/Vermont/73/2025_H3N2,plate8-A/Vermont/73/2025_H3N2,487,0.5595,0.5595
seqneut25to26_sera_1013_d28,A/Vermont/73/2025_H3N2,plate8-A/Vermont/73/2025_H3N2,1119,0.7064,0.7064
seqneut25to26_sera_1013_d28,A/Vermont/73/2025_H3N2,plate8-A/Vermont/73/2025_H3N2,2575,0.7916,0.7916
seqneut25to26_sera_1013_d28,A/Vermont/73/2025_H3N2,plate8-A/Vermont/73/2025_H3N2,5921,0.6953,0.6953
seqneut25to26_sera_1013_d28,A/Vermont/73/2025_H3N2,plate8-A/Vermont/73/2025_H3N2,1.362e+04,0.6139,0.6139
seqneut25to26_sera_1013_d28,A/Victoria/4897/2022_IVR-238_H1N1,plate8-A/Victoria/4897/2022_IVR-238_H1N1,40,0,0
seqneut25to26_sera_1013_d28,A/Victoria/4897/2022_IVR-238_H1N1,plate8-A/Victoria/4897/2022_IVR-238_H1N1,92,0.0002267,0.0002267
seqneut25to26_sera_1013_d28,A/Victoria/4897/2022_IVR-238_H1N1,plate8-A/Victoria/4897/2022_IVR-238_H1N1,212,0.0004005,0.0004005
seqneut25to26_sera_1013_d28,A/Victoria/4897/2022_IVR-238_H1N1,plate8-A/Victoria/4897/2022_IVR-238_H1N1,487,0.01826,0.01826
seqneut25to26_sera_1013_d28,A/Victoria/4897/2022_IVR-238_H1N1,plate8-A/Victoria/4897/2022_IVR-238_H1N1,1119,0.4142,0.4142
seqneut25to26_sera_1013_d28,A/Victoria/4897/2022_IVR-238_H1N1,plate8-A/Victoria/4897/2022_IVR-238_H1N1,2575,0.6879,0.6879
seqneut25to26_sera_1013_d28,A/Victoria/4897/2022_IVR-238_H1N1,plate8-A/Victoria/4897/2022_IVR-238_H1N1,5921,0.8384,0.8384
seqneut25to26_sera_1013_d28,A/Victoria/4897/2022_IVR-238_H1N1,plate8-A/Victoria/4897/2022_IVR-238_H1N1,1.362e+04,0.8467,0.8467
seqneut25to26_sera_1013_d28,A/Wisconsin/588/2019_H1N1,plate8-A/Wisconsin/588/2019_H1N1,40,0.001421,0.001421
seqneut25to26_sera_1013_d28,A/Wisconsin/588/2019_H1N1,plate8-A/Wisconsin/588/2019_H1N1,92,0.1456,0.1456
seqneut25to26_sera_1013_d28,A/Wisconsin/588/2019_H1N1,plate8-A/Wisconsin/588/2019_H1N1,212,0.4007,0.4007
seqneut25to26_sera_1013_d28,A/Wisconsin/588/2019_H1N1,plate8-A/Wisconsin/588/2019_H1N1,487,0.7059,0.7059
seqneut25to26_sera_1013_d28,A/Wisconsin/588/2019_H1N1,plate8-A/Wisconsin/588/2019_H1N1,1119,0.8091,0.8091
seqneut25to26_sera_1013_d28,A/Wisconsin/588/2019_H1N1,plate8-A/Wisconsin/588/2019_H1N1,2575,0.9148,0.9148
seqneut25to26_sera_1013_d28,A/Wisconsin/588/2019_H1N1,plate8-A/Wisconsin/588/2019_H1N1,5921,0.77,0.77
seqneut25to26_sera_1013_d28,A/Wisconsin/588/2019_H1N1,plate8-A/Wisconsin/588/2019_H1N1,1.362e+04,0.8105,0.8105
seqneut25to26_sera_1013_d28,A/Wisconsin/67/2022_H1N1,plate8-A/Wisconsin/67/2022_H1N1,40,0.1963,0.1963
seqneut25to26_sera_1013_d28,A/Wisconsin/67/2022_H1N1,plate8-A/Wisconsin/67/2022_H1N1,92,0.5064,0.5064
seqneut25to26_sera_1013_d28,A/Wisconsin/67/2022_H1N1,plate8-A/Wisconsin/67/2022_H1N1,212,0.6797,0.6797
seqneut25to26_sera_1013_d28,A/Wisconsin/67/2022_H1N1,plate8-A/Wisconsin/67/2022_H1N1,487,0.7391,0.7391
seqneut25to26_sera_1013_d28,A/Wisconsin/67/2022_H1N1,plate8-A/Wisconsin/67/2022_H1N1,1119,0.8961,0.8961
seqneut25to26_sera_1013_d28,A/Wisconsin/67/2022_H1N1,plate8-A/Wisconsin/67/2022_H1N1,2575,0.9026,0.9026
seqneut25to26_sera_1013_d28,A/Wisconsin/67/2022_H1N1,plate8-A/Wisconsin/67/2022_H1N1,5921,0.8753,0.8753
seqneut25to26_sera_1013_d28,A/Wisconsin/67/2022_H1N1,plate8-A/Wisconsin/67/2022_H1N1,1.362e+04,0.8526,0.8526
seqneut25to26_sera_1013_d28,A/Zacapa/FLU-261/2025_H1N1,plate8-A/Zacapa/FLU-261/2025_H1N1,40,0.1711,0.1711
seqneut25to26_sera_1013_d28,A/Zacapa/FLU-261/2025_H1N1,plate8-A/Zacapa/FLU-261/2025_H1N1,92,0.5091,0.5091
seqneut25to26_sera_1013_d28,A/Zacapa/FLU-261/2025_H1N1,plate8-A/Zacapa/FLU-261/2025_H1N1,212,0.72,0.72
seqneut25to26_sera_1013_d28,A/Zacapa/FLU-261/2025_H1N1,plate8-A/Zacapa/FLU-261/2025_H1N1,487,0.7614,0.7614
seqneut25to26_sera_1013_d28,A/Zacapa/FLU-261/2025_H1N1,plate8-A/Zacapa/FLU-261/2025_H1N1,1119,1.144,1
seqneut25to26_sera_1013_d28,A/Zacapa/FLU-261/2025_H1N1,plate8-A/Zacapa/FLU-261/2025_H1N1,2575,0.9666,0.9666
seqneut25to26_sera_1013_d28,A/Zacapa/FLU-261/2025_H1N1,plate8-A/Zacapa/FLU-261/2025_H1N1,5921,1.018,1
seqneut25to26_sera_1013_d28,A/Zacapa/FLU-261/2025_H1N1,plate8-A/Zacapa/FLU-261/2025_H1N1,1.362e+04,0.993,0.993
seqneut25to26_sera_1017_d0,A/Alagoas/4130/2025_H3N2,plate8-A/Alagoas/4130/2025_H3N2,40,0.238,0.238
seqneut25to26_sera_1017_d0,A/Alagoas/4130/2025_H3N2,plate8-A/Alagoas/4130/2025_H3N2,92,0.5189,0.5189
seqneut25to26_sera_1017_d0,A/Alagoas/4130/2025_H3N2,plate8-A/Alagoas/4130/2025_H3N2,212,0.5405,0.5405
seqneut25to26_sera_1017_d0,A/Alagoas/4130/2025_H3N2,plate8-A/Alagoas/4130/2025_H3N2,487,0.6084,0.6084
seqneut25to26_sera_1017_d0,A/Alagoas/4130/2025_H3N2,plate8-A/Alagoas/4130/2025_H3N2,1119,0.7239,0.7239
seqneut25to26_sera_1017_d0,A/Alagoas/4130/2025_H3N2,plate8-A/Alagoas/4130/2025_H3N2,2575,0.7041,0.7041
seqneut25to26_sera_1017_d0,A/Alagoas/4130/2025_H3N2,plate8-A/Alagoas/4130/2025_H3N2,5921,0.719,0.719
seqneut25to26_sera_1017_d0,A/Alagoas/4130/2025_H3N2,plate8-A/Alagoas/4130/2025_H3N2,1.362e+04,0.8697,0.8697
seqneut25to26_sera_1017_d0,A/Anapolis/LEIAL6543/2025_H3N2,plate8-A/Anapolis/LEIAL6543/2025_H3N2,40,0.1987,0.1987
seqneut25to26_sera_1017_d0,A/Anapolis/LEIAL6543/2025_H3N2,plate8-A/Anapolis/LEIAL6543/2025_H3N2,92,0.3502,0.3502
seqneut25to26_sera_1017_d0,A/Anapolis/LEIAL6543/2025_H3N2,plate8-A/Anapolis/LEIAL6543/2025_H3N2,212,0.585,0.585
seqneut25to26_sera_1017_d0,A/Anapolis/LEIAL6543/2025_H3N2,plate8-A/Anapolis/LEIAL6543/2025_H3N2,487,0.4718,0.4718
seqneut25to26_sera_1017_d0,A/Anapolis/LEIAL6543/2025_H3N2,plate8-A/Anapolis/LEIAL6543/2025_H3N2,1119,0.8314,0.8314
seqneut25to26_sera_1017_d0,A/Anapolis/LEIAL6543/2025_H3N2,plate8-A/Anapolis/LEIAL6543/2025_H3N2,2575,0.8953,0.8953
seqneut25to26_sera_1017_d0,A/Anapolis/LEIAL6543/2025_H3N2,plate8-A/Anapolis/LEIAL6543/2025_H3N2,5921,0.7263,0.7263
seqneut25to26_sera_1017_d0,A/Anapolis/LEIAL6543/2025_H3N2,plate8-A/Anapolis/LEIAL6543/2025_H3N2,1.362e+04,1.059,1
seqneut25to26_sera_1017_d0,A/Andalucia/PMC-00977/2025_H1N1,plate8-A/Andalucia/PMC-00977/2025_H1N1,40,0.05673,0.05673
seqneut25to26_sera_1017_d0,A/Andalucia/PMC-00977/2025_H1N1,plate8-A/Andalucia/PMC-00977/2025_H1N1,92,0.4624,0.4624
seqneut25to26_sera_1017_d0,A/Andalucia/PMC-00977/2025_H1N1,plate8-A/Andalucia/PMC-00977/2025_H1N1,212,0.6196,0.6196
seqneut25to26_sera_1017_d0,A/Andalucia/PMC-00977/2025_H1N1,plate8-A/Andalucia/PMC-00977/2025_H1N1,487,0.7065,0.7065
seqneut25to26_sera_1017_d0,A/Andalucia/PMC-00977/2025_H1N1,plate8-A/Andalucia/PMC-00977/2025_H1N1,1119,0.8656,0.8656
seqneut25to26_sera_1017_d0,A/Andalucia/PMC-00977/2025_H1N1,plate8-A/Andalucia/PMC-00977/2025_H1N1,2575,1.003,1
seqneut25to26_sera_1017_d0,A/Andalucia/PMC-00977/2025_H1N1,plate8-A/Andalucia/PMC-00977/2025_H1N1,5921,0.8226,0.8226
seqneut25to26_sera_1017_d0,A/Andalucia/PMC-00977/2025_H1N1,plate8-A/Andalucia/PMC-00977/2025_H1N1,1.362e+04,1.108,1
seqneut25to26_sera_1017_d0,A/Aragon/2046/2025_H1N1,plate8-A/Aragon/2046/2025_H1N1,40,0.2681,0.2681
seqneut25to26_sera_1017_d0,A/Aragon/2046/2025_H1N1,plate8-A/Aragon/2046/2025_H1N1,92,0.469,0.469
seqneut25to26_sera_1017_d0,A/Aragon/2046/2025_H1N1,plate8-A/Aragon/2046/2025_H1N1,212,0.5552,0.5552
seqneut25to26_sera_1017_d0,A/Aragon/2046/2025_H1N1,plate8-A/Aragon/2046/2025_H1N1,487,0.6804,0.6804
seqneut25to26_sera_1017_d0,A/Aragon/2046/2025_H1N1,plate8-A/Aragon/2046/2025_H1N1,1119,0.7233,0.7233
seqneut25to26_sera_1017_d0,A/Aragon/2046/2025_H1N1,plate8-A/Aragon/2046/2025_H1N1,2575,0.7487,0.7487
seqneut25to26_sera_1017_d0,A/Aragon/2046/2025_H1N1,plate8-A/Aragon/2046/2025_H1N1,5921,1.072,1
seqneut25to26_sera_1017_d0,A/Aragon/2046/2025_H1N1,plate8-A/Aragon/2046/2025_H1N1,1.362e+04,1.106,1
seqneut25to26_sera_1017_d0,A/Arica/59150/2025_H3N2,plate8-A/Arica/59150/2025_H3N2,40,0.1938,0.1938
seqneut25to26_sera_1017_d0,A/Arica/59150/2025_H3N2,plate8-A/Arica/59150/2025_H3N2,92,0.4951,0.4951
seqneut25to26_sera_1017_d0,A/Arica/59150/2025_H3N2,plate8-A/Arica/59150/2025_H3N2,212,0.4782,0.4782
seqneut25to26_sera_1017_d0,A/Arica/59150/2025_H3N2,plate8-A/Arica/59150/2025_H3N2,487,0.9025,0.9025
seqneut25to26_sera_1017_d0,A/Arica/59150/2025_H3N2,plate8-A/Arica/59150/2025_H3N2,1119,0.7064,0.7064
seqneut25to26_sera_1017_d0,A/Arica/59150/2025_H3N2,plate8-A/Arica/59150/2025_H3N2,2575,0.6761,0.6761
seqneut25to26_sera_1017_d0,A/Arica/59150/2025_H3N2,plate8-A/Arica/59150/2025_H3N2,5921,0.7044,0.7044
seqneut25to26_sera_1017_d0,A/Arica/59150/2025_H3N2,plate8-A/Arica/59150/2025_H3N2,1.362e+04,1.04,1
seqneut25to26_sera_1017_d0,A/Bahia/3102/2025_H3N2,plate8-A/Bahia/3102/2025_H3N2,40,0.164,0.164
seqneut25to26_sera_1017_d0,A/Bahia/3102/2025_H3N2,plate8-A/Bahia/3102/2025_H3N2,92,0.3883,0.3883
seqneut25to26_sera_1017_d0,A/Bahia/3102/2025_H3N2,plate8-A/Bahia/3102/2025_H3N2,212,0.4537,0.4537
seqneut25to26_sera_1017_d0,A/Bahia/3102/2025_H3N2,plate8-A/Bahia/3102/2025_H3N2,487,0.4585,0.4585
seqneut25to26_sera_1017_d0,A/Bahia/3102/2025_H3N2,plate8-A/Bahia/3102/2025_H3N2,1119,0.6694,0.6694
seqneut25to26_sera_1017_d0,A/Bahia/3102/2025_H3N2,plate8-A/Bahia/3102/2025_H3N2,2575,0.6923,0.6923
seqneut25to26_sera_1017_d0,A/Bahia/3102/2025_H3N2,plate8-A/Bahia/3102/2025_H3N2,5921,0.6255,0.6255
seqneut25to26_sera_1017_d0,A/Bahia/3102/2025_H3N2,plate8-A/Bahia/3102/2025_H3N2,1.362e+04,0.9752,0.9752
seqneut25to26_sera_1017_d0,A/Bangkok/1803/2025_H1N1,plate8-A/Bangkok/1803/2025_H1N1,40,0.2264,0.2264
seqneut25to26_sera_1017_d0,A/Bangkok/1803/2025_H1N1,plate8-A/Bangkok/1803/2025_H1N1,92,0.5627,0.5627
seqneut25to26_sera_1017_d0,A/Bangkok/1803/2025_H1N1,plate8-A/Bangkok/1803/2025_H1N1,212,0.7919,0.7919
seqneut25to26_sera_1017_d0,A/Bangkok/1803/2025_H1N1,plate8-A/Bangkok/1803/2025_H1N1,487,0.7192,0.7192
seqneut25to26_sera_1017_d0,A/Bangkok/1803/2025_H1N1,plate8-A/Bangkok/1803/2025_H1N1,1119,0.9144,0.9144
seqneut25to26_sera_1017_d0,A/Bangkok/1803/2025_H1N1,plate8-A/Bangkok/1803/2025_H1N1,2575,0.8237,0.8237
seqneut25to26_sera_1017_d0,A/Bangkok/1803/2025_H1N1,plate8-A/Bangkok/1803/2025_H1N1,5921,0.7326,0.7326
seqneut25to26_sera_1017_d0,A/Bangkok/1803/2025_H1N1,plate8-A/Bangkok/1803/2025_H1N1,1.362e+04,1.125,1
seqneut25to26_sera_1017_d0,A/Bangkok/P2229/2025_H1N1,plate8-A/Bangkok/P2229/2025_H1N1,40,0.1058,0.1058
seqneut25to26_sera_1017_d0,A/Bangkok/P2229/2025_H1N1,plate8-A/Bangkok/P2229/2025_H1N1,92,0.3287,0.3287
seqneut25to26_sera_1017_d0,A/Bangkok/P2229/2025_H1N1,plate8-A/Bangkok/P2229/2025_H1N1,212,0.5977,0.5977
seqneut25to26_sera_1017_d0,A/Bangkok/P2229/2025_H1N1,plate8-A/Bangkok/P2229/2025_H1N1,487,0.6948,0.6948
seqneut25to26_sera_1017_d0,A/Bangkok/P2229/2025_H1N1,plate8-A/Bangkok/P2229/2025_H1N1,1119,0.8008,0.8008
seqneut25to26_sera_1017_d0,A/Bangkok/P2229/2025_H1N1,plate8-A/Bangkok/P2229/2025_H1N1,2575,0.8704,0.8704
seqneut25to26_sera_1017_d0,A/Bangkok/P2229/2025_H1N1,plate8-A/Bangkok/P2229/2025_H1N1,5921,0.8142,0.8142
seqneut25to26_sera_1017_d0,A/Bangkok/P2229/2025_H1N1,plate8-A/Bangkok/P2229/2025_H1N1,1.362e+04,0.9675,0.9675
seqneut25to26_sera_1017_d0,A/Bangkok/P2323/2025_H3N2,plate8-A/Bangkok/P2323/2025_H3N2,40,0.3144,0.3144
seqneut25to26_sera_1017_d0,A/Bangkok/P2323/2025_H3N2,plate8-A/Bangkok/P2323/2025_H3N2,92,0.6246,0.6246
seqneut25to26_sera_1017_d0,A/Bangkok/P2323/2025_H3N2,plate8-A/Bangkok/P2323/2025_H3N2,212,0.6248,0.6248
seqneut25to26_sera_1017_d0,A/Bangkok/P2323/2025_H3N2,plate8-A/Bangkok/P2323/2025_H3N2,487,0.6055,0.6055
seqneut25to26_sera_1017_d0,A/Bangkok/P2323/2025_H3N2,plate8-A/Bangkok/P2323/2025_H3N2,1119,0.753,0.753
seqneut25to26_sera_1017_d0,A/Bangkok/P2323/2025_H3N2,plate8-A/Bangkok/P2323/2025_H3N2,2575,0.8521,0.8521
seqneut25to26_sera_1017_d0,A/Bangkok/P2323/2025_H3N2,plate8-A/Bangkok/P2323/2025_H3N2,5921,0.6774,0.6774
seqneut25to26_sera_1017_d0,A/Bangkok/P2323/2025_H3N2,plate8-A/Bangkok/P2323/2025_H3N2,1.362e+04,0.942,0.942
seqneut25to26_sera_1017_d0,A/Bangkok/P2390/2025_H3N2,plate8-A/Bangkok/P2390/2025_H3N2,40,0.3022,0.3022
seqneut25to26_sera_1017_d0,A/Bangkok/P2390/2025_H3N2,plate8-A/Bangkok/P2390/2025_H3N2,92,0.5351,0.5351
seqneut25to26_sera_1017_d0,A/Bangkok/P2390/2025_H3N2,plate8-A/Bangkok/P2390/2025_H3N2,212,0.6237,0.6237
seqneut25to26_sera_1017_d0,A/Bangkok/P2390/2025_H3N2,plate8-A/Bangkok/P2390/2025_H3N2,487,0.6709,0.6709
seqneut25to26_sera_1017_d0,A/Bangkok/P2390/2025_H3N2,plate8-A/Bangkok/P2390/2025_H3N2,1119,0.7402,0.7402
seqneut25to26_sera_1017_d0,A/Bangkok/P2390/2025_H3N2,plate8-A/Bangkok/P2390/2025_H3N2,2575,0.772,0.772
seqneut25to26_sera_1017_d0,A/Bangkok/P2390/2025_H3N2,plate8-A/Bangkok/P2390/2025_H3N2,5921,0.6161,0.6161
seqneut25to26_sera_1017_d0,A/Bangkok/P2390/2025_H3N2,plate8-A/Bangkok/P2390/2025_H3N2,1.362e+04,1.012,1
seqneut25to26_sera_1017_d0,A/Bangkok/P2391/2025_H3N2,plate8-A/Bangkok/P2391/2025_H3N2,40,0.4661,0.4661
seqneut25to26_sera_1017_d0,A/Bangkok/P2391/2025_H3N2,plate8-A/Bangkok/P2391/2025_H3N2,92,0.4771,0.4771
seqneut25to26_sera_1017_d0,A/Bangkok/P2391/2025_H3N2,plate8-A/Bangkok/P2391/2025_H3N2,212,0.4702,0.4702
seqneut25to26_sera_1017_d0,A/Bangkok/P2391/2025_H3N2,plate8-A/Bangkok/P2391/2025_H3N2,487,0.7172,0.7172
seqneut25to26_sera_1017_d0,A/Bangkok/P2391/2025_H3N2,plate8-A/Bangkok/P2391/2025_H3N2,1119,0.7911,0.7911
seqneut25to26_sera_1017_d0,A/Bangkok/P2391/2025_H3N2,plate8-A/Bangkok/P2391/2025_H3N2,2575,0.8905,0.8905
seqneut25to26_sera_1017_d0,A/Bangkok/P2391/2025_H3N2,plate8-A/Bangkok/P2391/2025_H3N2,5921,0.5486,0.5486
seqneut25to26_sera_1017_d0,A/Bangkok/P2391/2025_H3N2,plate8-A/Bangkok/P2391/2025_H3N2,1.362e+04,0.9625,0.9625
seqneut25to26_sera_1017_d0,A/Bangkok/P2572/2025_H3N2,plate8-A/Bangkok/P2572/2025_H3N2,40,0.4412,0.4412
seqneut25to26_sera_1017_d0,A/Bangkok/P2572/2025_H3N2,plate8-A/Bangkok/P2572/2025_H3N2,92,0.5868,0.5868
seqneut25to26_sera_1017_d0,A/Bangkok/P2572/2025_H3N2,plate8-A/Bangkok/P2572/2025_H3N2,212,0.6694,0.6694
seqneut25to26_sera_1017_d0,A/Bangkok/P2572/2025_H3N2,plate8-A/Bangkok/P2572/2025_H3N2,487,0.5781,0.5781
seqneut25to26_sera_1017_d0,A/Bangkok/P2572/2025_H3N2,plate8-A/Bangkok/P2572/2025_H3N2,1119,0.7575,0.7575
seqneut25to26_sera_1017_d0,A/Bangkok/P2572/2025_H3N2,plate8-A/Bangkok/P2572/2025_H3N2,2575,0.641,0.641
seqneut25to26_sera_1017_d0,A/Bangkok/P2572/2025_H3N2,plate8-A/Bangkok/P2572/2025_H3N2,5921,0.6462,0.6462
seqneut25to26_sera_1017_d0,A/Bangkok/P2572/2025_H3N2,plate8-A/Bangkok/P2572/2025_H3N2,1.362e+04,0.8837,0.8837
seqneut25to26_sera_1017_d0,A/Bangkok/P2921/2025_H3N2,plate8-A/Bangkok/P2921/2025_H3N2,40,0.1596,0.1596
seqneut25to26_sera_1017_d0,A/Bangkok/P2921/2025_H3N2,plate8-A/Bangkok/P2921/2025_H3N2,92,0.409,0.409
seqneut25to26_sera_1017_d0,A/Bangkok/P2921/2025_H3N2,plate8-A/Bangkok/P2921/2025_H3N2,212,0.5705,0.5705
seqneut25to26_sera_1017_d0,A/Bangkok/P2921/2025_H3N2,plate8-A/Bangkok/P2921/2025_H3N2,487,0.5717,0.5717
seqneut25to26_sera_1017_d0,A/Bangkok/P2921/2025_H3N2,plate8-A/Bangkok/P2921/2025_H3N2,1119,0.7285,0.7285
seqneut25to26_sera_1017_d0,A/Bangkok/P2921/2025_H3N2,plate8-A/Bangkok/P2921/2025_H3N2,2575,0.7243,0.7243
seqneut25to26_sera_1017_d0,A/Bangkok/P2921/2025_H3N2,plate8-A/Bangkok/P2921/2025_H3N2,5921,0.7274,0.7274
seqneut25to26_sera_1017_d0,A/Bangkok/P2921/2025_H3N2,plate8-A/Bangkok/P2921/2025_H3N2,1.362e+04,0.8932,0.8932
seqneut25to26_sera_1017_d0,A/Bangkok/P3067/2025_H1N1,plate8-A/Bangkok/P3067/2025_H1N1,40,0.02468,0.02468
seqneut25to26_sera_1017_d0,A/Bangkok/P3067/2025_H1N1,plate8-A/Bangkok/P3067/2025_H1N1,92,0.2629,0.2629
seqneut25to26_sera_1017_d0,A/Bangkok/P3067/2025_H1N1,plate8-A/Bangkok/P3067/2025_H1N1,212,0.8401,0.8401
seqneut25to26_sera_1017_d0,A/Bangkok/P3067/2025_H1N1,plate8-A/Bangkok/P3067/2025_H1N1,487,0.6254,0.6254
seqneut25to26_sera_1017_d0,A/Bangkok/P3067/2025_H1N1,plate8-A/Bangkok/P3067/2025_H1N1,1119,1.025,1
seqneut25to26_sera_1017_d0,A/Bangkok/P3067/2025_H1N1,plate8-A/Bangkok/P3067/2025_H1N1,2575,0.8426,0.8426
seqneut25to26_sera_1017_d0,A/Bangkok/P3067/2025_H1N1,plate8-A/Bangkok/P3067/2025_H1N1,5921,0.7075,0.7075
seqneut25to26_sera_1017_d0,A/Bangkok/P3067/2025_H1N1,plate8-A/Bangkok/P3067/2025_H1N1,1.362e+04,0.9809,0.9809
seqneut25to26_sera_1017_d0,A/Bangkok/P3263/2025_H3N2,plate8-A/Bangkok/P3263/2025_H3N2,40,0.3442,0.3442
seqneut25to26_sera_1017_d0,A/Bangkok/P3263/2025_H3N2,plate8-A/Bangkok/P3263/2025_H3N2,92,0.5335,0.5335
seqneut25to26_sera_1017_d0,A/Bangkok/P3263/2025_H3N2,plate8-A/Bangkok/P3263/2025_H3N2,212,0.6507,0.6507
seqneut25to26_sera_1017_d0,A/Bangkok/P3263/2025_H3N2,plate8-A/Bangkok/P3263/2025_H3N2,487,0.5662,0.5662
seqneut25to26_sera_1017_d0,A/Bangkok/P3263/2025_H3N2,plate8-A/Bangkok/P3263/2025_H3N2,1119,0.6915,0.6915
seqneut25to26_sera_1017_d0,A/Bangkok/P3263/2025_H3N2,plate8-A/Bangkok/P3263/2025_H3N2,2575,0.7264,0.7264
seqneut25to26_sera_1017_d0,A/Bangkok/P3263/2025_H3N2,plate8-A/Bangkok/P3263/2025_H3N2,5921,0.6281,0.6281
seqneut25to26_sera_1017_d0,A/Bangkok/P3263/2025_H3N2,plate8-A/Bangkok/P3263/2025_H3N2,1.362e+04,0.8459,0.8459
seqneut25to26_sera_1017_d0,A/Belgium/H0097/2025_H3N2,plate8-A/Belgium/H0097/2025_H3N2,40,0.2077,0.2077
seqneut25to26_sera_1017_d0,A/Belgium/H0097/2025_H3N2,plate8-A/Belgium/H0097/2025_H3N2,92,0.581,0.581
seqneut25to26_sera_1017_d0,A/Belgium/H0097/2025_H3N2,plate8-A/Belgium/H0097/2025_H3N2,212,0.5101,0.5101
seqneut25to26_sera_1017_d0,A/Belgium/H0097/2025_H3N2,plate8-A/Belgium/H0097/2025_H3N2,487,0.6173,0.6173
seqneut25to26_sera_1017_d0,A/Belgium/H0097/2025_H3N2,plate8-A/Belgium/H0097/2025_H3N2,1119,0.6864,0.6864
seqneut25to26_sera_1017_d0,A/Belgium/H0097/2025_H3N2,plate8-A/Belgium/H0097/2025_H3N2,2575,0.7821,0.7821
seqneut25to26_sera_1017_d0,A/Belgium/H0097/2025_H3N2,plate8-A/Belgium/H0097/2025_H3N2,5921,0.6453,0.6453
seqneut25to26_sera_1017_d0,A/Belgium/H0097/2025_H3N2,plate8-A/Belgium/H0097/2025_H3N2,1.362e+04,0.829,0.829
seqneut25to26_sera_1017_d0,A/Bhutan/1267/2025_H3N2,plate8-A/Bhutan/1267/2025_H3N2,40,0.4273,0.4273
seqneut25to26_sera_1017_d0,A/Bhutan/1267/2025_H3N2,plate8-A/Bhutan/1267/2025_H3N2,92,0.7066,0.7066
seqneut25to26_sera_1017_d0,A/Bhutan/1267/2025_H3N2,plate8-A/Bhutan/1267/2025_H3N2,212,0.5999,0.5999
seqneut25to26_sera_1017_d0,A/Bhutan/1267/2025_H3N2,plate8-A/Bhutan/1267/2025_H3N2,487,0.7111,0.7111
seqneut25to26_sera_1017_d0,A/Bhutan/1267/2025_H3N2,plate8-A/Bhutan/1267/2025_H3N2,1119,0.6903,0.6903
seqneut25to26_sera_1017_d0,A/Bhutan/1267/2025_H3N2,plate8-A/Bhutan/1267/2025_H3N2,2575,0.6759,0.6759
seqneut25to26_sera_1017_d0,A/Bhutan/1267/2025_H3N2,plate8-A/Bhutan/1267/2025_H3N2,5921,0.6422,0.6422
seqneut25to26_sera_1017_d0,A/Bhutan/1267/2025_H3N2,plate8-A/Bhutan/1267/2025_H3N2,1.362e+04,0.8591,0.8591
seqneut25to26_sera_1017_d0,A/Bhutan/7/2025_H3N2,plate8-A/Bhutan/7/2025_H3N2,40,0.05592,0.05592
seqneut25to26_sera_1017_d0,A/Bhutan/7/2025_H3N2,plate8-A/Bhutan/7/2025_H3N2,92,0.3099,0.3099
seqneut25to26_sera_1017_d0,A/Bhutan/7/2025_H3N2,plate8-A/Bhutan/7/2025_H3N2,212,0.5408,0.5408
seqneut25to26_sera_1017_d0,A/Bhutan/7/2025_H3N2,plate8-A/Bhutan/7/2025_H3N2,487,0.6811,0.6811
seqneut25to26_sera_1017_d0,A/Bhutan/7/2025_H3N2,plate8-A/Bhutan/7/2025_H3N2,1119,0.7627,0.7627
seqneut25to26_sera_1017_d0,A/Bhutan/7/2025_H3N2,plate8-A/Bhutan/7/2025_H3N2,2575,0.9228,0.9228
seqneut25to26_sera_1017_d0,A/Bhutan/7/2025_H3N2,plate8-A/Bhutan/7/2025_H3N2,5921,0.7028,0.7028
seqneut25to26_sera_1017_d0,A/Bhutan/7/2025_H3N2,plate8-A/Bhutan/7/2025_H3N2,1.362e+04,0.8774,0.8774
seqneut25to26_sera_1017_d0,A/BritishColumbia/PHL-2473/2025_H1N1,plate8-A/BritishColumbia/PHL-2473/2025_H1N1,40,0.07065,0.07065
seqneut25to26_sera_1017_d0,A/BritishColumbia/PHL-2473/2025_H1N1,plate8-A/BritishColumbia/PHL-2473/2025_H1N1,92,0.3977,0.3977
seqneut25to26_sera_1017_d0,A/BritishColumbia/PHL-2473/2025_H1N1,plate8-A/BritishColumbia/PHL-2473/2025_H1N1,212,0.5613,0.5613
seqneut25to26_sera_1017_d0,A/BritishColumbia/PHL-2473/2025_H1N1,plate8-A/BritishColumbia/PHL-2473/2025_H1N1,487,0.6354,0.6354
seqneut25to26_sera_1017_d0,A/BritishColumbia/PHL-2473/2025_H1N1,plate8-A/BritishColumbia/PHL-2473/2025_H1N1,1119,0.9774,0.9774
seqneut25to26_sera_1017_d0,A/BritishColumbia/PHL-2473/2025_H1N1,plate8-A/BritishColumbia/PHL-2473/2025_H1N1,2575,0.797,0.797
seqneut25to26_sera_1017_d0,A/BritishColumbia/PHL-2473/2025_H1N1,plate8-A/BritishColumbia/PHL-2473/2025_H1N1,5921,0.72,0.72
seqneut25to26_sera_1017_d0,A/BritishColumbia/PHL-2473/2025_H1N1,plate8-A/BritishColumbia/PHL-2473/2025_H1N1,1.362e+04,1.085,1
seqneut25to26_sera_1017_d0,A/California/61/2025_H3N2,plate8-A/California/61/2025_H3N2,40,0.1838,0.1838
seqneut25to26_sera_1017_d0,A/California/61/2025_H3N2,plate8-A/California/61/2025_H3N2,92,0.6166,0.6166
seqneut25to26_sera_1017_d0,A/California/61/2025_H3N2,plate8-A/California/61/2025_H3N2,212,0.6954,0.6954
seqneut25to26_sera_1017_d0,A/California/61/2025_H3N2,plate8-A/California/61/2025_H3N2,487,0.5778,0.5778
seqneut25to26_sera_1017_d0,A/California/61/2025_H3N2,plate8-A/California/61/2025_H3N2,1119,0.6437,0.6437
seqneut25to26_sera_1017_d0,A/California/61/2025_H3N2,plate8-A/California/61/2025_H3N2,2575,0.7098,0.7098
seqneut25to26_sera_1017_d0,A/California/61/2025_H3N2,plate8-A/California/61/2025_H3N2,5921,0.7224,0.7224
seqneut25to26_sera_1017_d0,A/California/61/2025_H3N2,plate8-A/California/61/2025_H3N2,1.362e+04,0.765,0.765
seqneut25to26_sera_1017_d0,A/California/63/2025_H1N1,plate8-A/California/63/2025_H1N1,40,0.1699,0.1699
seqneut25to26_sera_1017_d0,A/California/63/2025_H1N1,plate8-A/California/63/2025_H1N1,92,0.3867,0.3867
seqneut25to26_sera_1017_d0,A/California/63/2025_H1N1,plate8-A/California/63/2025_H1N1,212,0.5626,0.5626
seqneut25to26_sera_1017_d0,A/California/63/2025_H1N1,plate8-A/California/63/2025_H1N1,487,0.7196,0.7196
seqneut25to26_sera_1017_d0,A/California/63/2025_H1N1,plate8-A/California/63/2025_H1N1,1119,0.9529,0.9529
seqneut25to26_sera_1017_d0,A/California/63/2025_H1N1,plate8-A/California/63/2025_H1N1,2575,0.864,0.864
seqneut25to26_sera_1017_d0,A/California/63/2025_H1N1,plate8-A/California/63/2025_H1N1,5921,0.6445,0.6445
seqneut25to26_sera_1017_d0,A/California/63/2025_H1N1,plate8-A/California/63/2025_H1N1,1.362e+04,0.889,0.889
seqneut25to26_sera_1017_d0,A/Canberra/465/2025_H1N1,plate8-A/Canberra/465/2025_H1N1,40,0.1088,0.1088
seqneut25to26_sera_1017_d0,A/Canberra/465/2025_H1N1,plate8-A/Canberra/465/2025_H1N1,92,0.2735,0.2735
seqneut25to26_sera_1017_d0,A/Canberra/465/2025_H1N1,plate8-A/Canberra/465/2025_H1N1,212,0.5093,0.5093
seqneut25to26_sera_1017_d0,A/Canberra/465/2025_H1N1,plate8-A/Canberra/465/2025_H1N1,487,0.6757,0.6757
seqneut25to26_sera_1017_d0,A/Canberra/465/2025_H1N1,plate8-A/Canberra/465/2025_H1N1,1119,0.7827,0.7827
seqneut25to26_sera_1017_d0,A/Canberra/465/2025_H1N1,plate8-A/Canberra/465/2025_H1N1,2575,0.978,0.978
seqneut25to26_sera_1017_d0,A/Canberra/465/2025_H1N1,plate8-A/Canberra/465/2025_H1N1,5921,0.8722,0.8722
seqneut25to26_sera_1017_d0,A/Canberra/465/2025_H1N1,plate8-A/Canberra/465/2025_H1N1,1.362e+04,0.9939,0.9939
seqneut25to26_sera_1017_d0,A/Canberra/530/2025_H1N1,plate8-A/Canberra/530/2025_H1N1,40,0.07996,0.07996
seqneut25to26_sera_1017_d0,A/Canberra/530/2025_H1N1,plate8-A/Canberra/530/2025_H1N1,92,0.5003,0.5003
seqneut25to26_sera_1017_d0,A/Canberra/530/2025_H1N1,plate8-A/Canberra/530/2025_H1N1,212,0.7138,0.7138
seqneut25to26_sera_1017_d0,A/Canberra/530/2025_H1N1,plate8-A/Canberra/530/2025_H1N1,487,0.8142,0.8142
seqneut25to26_sera_1017_d0,A/Canberra/530/2025_H1N1,plate8-A/Canberra/530/2025_H1N1,1119,0.888,0.888
seqneut25to26_sera_1017_d0,A/Canberra/530/2025_H1N1,plate8-A/Canberra/530/2025_H1N1,2575,0.8845,0.8845
seqneut25to26_sera_1017_d0,A/Canberra/530/2025_H1N1,plate8-A/Canberra/530/2025_H1N1,5921,0.8882,0.8882
seqneut25to26_sera_1017_d0,A/Canberra/530/2025_H1N1,plate8-A/Canberra/530/2025_H1N1,1.362e+04,1.093,1
seqneut25to26_sera_1017_d0,A/Catalonia/NSVH102689455/2025_H1N1,plate8-A/Catalonia/NSVH102689455/2025_H1N1,40,0.015,0.015
seqneut25to26_sera_1017_d0,A/Catalonia/NSVH102689455/2025_H1N1,plate8-A/Catalonia/NSVH102689455/2025_H1N1,92,0.3898,0.3898
seqneut25to26_sera_1017_d0,A/Catalonia/NSVH102689455/2025_H1N1,plate8-A/Catalonia/NSVH102689455/2025_H1N1,212,0.5291,0.5291
seqneut25to26_sera_1017_d0,A/Catalonia/NSVH102689455/2025_H1N1,plate8-A/Catalonia/NSVH102689455/2025_H1N1,487,0.6465,0.6465
seqneut25to26_sera_1017_d0,A/Catalonia/NSVH102689455/2025_H1N1,plate8-A/Catalonia/NSVH102689455/2025_H1N1,1119,0.7815,0.7815
seqneut25to26_sera_1017_d0,A/Catalonia/NSVH102689455/2025_H1N1,plate8-A/Catalonia/NSVH102689455/2025_H1N1,2575,0.9224,0.9224
seqneut25to26_sera_1017_d0,A/Catalonia/NSVH102689455/2025_H1N1,plate8-A/Catalonia/NSVH102689455/2025_H1N1,5921,0.7841,0.7841
seqneut25to26_sera_1017_d0,A/Catalonia/NSVH102689455/2025_H1N1,plate8-A/Catalonia/NSVH102689455/2025_H1N1,1.362e+04,1.074,1
seqneut25to26_sera_1017_d0,A/Colorado/105/2025_H1N1,plate8-A/Colorado/105/2025_H1N1,40,0.0769,0.0769
seqneut25to26_sera_1017_d0,A/Colorado/105/2025_H1N1,plate8-A/Colorado/105/2025_H1N1,92,0.5095,0.5095
seqneut25to26_sera_1017_d0,A/Colorado/105/2025_H1N1,plate8-A/Colorado/105/2025_H1N1,212,0.725,0.725
seqneut25to26_sera_1017_d0,A/Colorado/105/2025_H1N1,plate8-A/Colorado/105/2025_H1N1,487,0.7868,0.7868
seqneut25to26_sera_1017_d0,A/Colorado/105/2025_H1N1,plate8-A/Colorado/105/2025_H1N1,1119,0.7535,0.7535
seqneut25to26_sera_1017_d0,A/Colorado/105/2025_H1N1,plate8-A/Colorado/105/2025_H1N1,2575,0.9477,0.9477
seqneut25to26_sera_1017_d0,A/Colorado/105/2025_H1N1,plate8-A/Colorado/105/2025_H1N1,5921,0.8692,0.8692
seqneut25to26_sera_1017_d0,A/Colorado/105/2025_H1N1,plate8-A/Colorado/105/2025_H1N1,1.362e+04,0.979,0.979
seqneut25to26_sera_1017_d0,A/CoteDIvoire/2007/2025_H1N1,plate8-A/CoteDIvoire/2007/2025_H1N1,40,0.021,0.021
seqneut25to26_sera_1017_d0,A/CoteDIvoire/2007/2025_H1N1,plate8-A/CoteDIvoire/2007/2025_H1N1,92,0.3789,0.3789
seqneut25to26_sera_1017_d0,A/CoteDIvoire/2007/2025_H1N1,plate8-A/CoteDIvoire/2007/2025_H1N1,212,0.5032,0.5032
seqneut25to26_sera_1017_d0,A/CoteDIvoire/2007/2025_H1N1,plate8-A/CoteDIvoire/2007/2025_H1N1,487,0.7277,0.7277
seqneut25to26_sera_1017_d0,A/CoteDIvoire/2007/2025_H1N1,plate8-A/CoteDIvoire/2007/2025_H1N1,1119,1.04,1
seqneut25to26_sera_1017_d0,A/CoteDIvoire/2007/2025_H1N1,plate8-A/CoteDIvoire/2007/2025_H1N1,2575,0.9087,0.9087
seqneut25to26_sera_1017_d0,A/CoteDIvoire/2007/2025_H1N1,plate8-A/CoteDIvoire/2007/2025_H1N1,5921,0.8245,0.8245
seqneut25to26_sera_1017_d0,A/CoteDIvoire/2007/2025_H1N1,plate8-A/CoteDIvoire/2007/2025_H1N1,1.362e+04,1.179,1
seqneut25to26_sera_1017_d0,A/Croatia/10136RV/2023-egg_H3N2,plate8-A/Croatia/10136RV/2023-egg_H3N2,40,0.003253,0.003253
seqneut25to26_sera_1017_d0,A/Croatia/10136RV/2023-egg_H3N2,plate8-A/Croatia/10136RV/2023-egg_H3N2,92,0.08317,0.08317
seqneut25to26_sera_1017_d0,A/Croatia/10136RV/2023-egg_H3N2,plate8-A/Croatia/10136RV/2023-egg_H3N2,212,0.1378,0.1378
seqneut25to26_sera_1017_d0,A/Croatia/10136RV/2023-egg_H3N2,plate8-A/Croatia/10136RV/2023-egg_H3N2,487,0.3949,0.3949
seqneut25to26_sera_1017_d0,A/Croatia/10136RV/2023-egg_H3N2,plate8-A/Croatia/10136RV/2023-egg_H3N2,1119,0.286,0.286
seqneut25to26_sera_1017_d0,A/Croatia/10136RV/2023-egg_H3N2,plate8-A/Croatia/10136RV/2023-egg_H3N2,2575,0.6961,0.6961
seqneut25to26_sera_1017_d0,A/Croatia/10136RV/2023-egg_H3N2,plate8-A/Croatia/10136RV/2023-egg_H3N2,5921,0.3947,0.3947
seqneut25to26_sera_1017_d0,A/Croatia/10136RV/2023-egg_H3N2,plate8-A/Croatia/10136RV/2023-egg_H3N2,1.362e+04,0.9207,0.9207
seqneut25to26_sera_1017_d0,A/Darwin/1405/2025_H1N1,plate8-A/Darwin/1405/2025_H1N1,40,0.04408,0.04408
seqneut25to26_sera_1017_d0,A/Darwin/1405/2025_H1N1,plate8-A/Darwin/1405/2025_H1N1,92,0.345,0.345
seqneut25to26_sera_1017_d0,A/Darwin/1405/2025_H1N1,plate8-A/Darwin/1405/2025_H1N1,212,0.615,0.615
seqneut25to26_sera_1017_d0,A/Darwin/1405/2025_H1N1,plate8-A/Darwin/1405/2025_H1N1,487,0.6109,0.6109
seqneut25to26_sera_1017_d0,A/Darwin/1405/2025_H1N1,plate8-A/Darwin/1405/2025_H1N1,1119,0.9791,0.9791
seqneut25to26_sera_1017_d0,A/Darwin/1405/2025_H1N1,plate8-A/Darwin/1405/2025_H1N1,2575,0.8663,0.8663
seqneut25to26_sera_1017_d0,A/Darwin/1405/2025_H1N1,plate8-A/Darwin/1405/2025_H1N1,5921,0.7366,0.7366
seqneut25to26_sera_1017_d0,A/Darwin/1405/2025_H1N1,plate8-A/Darwin/1405/2025_H1N1,1.362e+04,1.088,1
seqneut25to26_sera_1017_d0,A/Darwin/1461/2025_H3N2,plate8-A/Darwin/1461/2025_H3N2,40,0.06831,0.06831
seqneut25to26_sera_1017_d0,A/Darwin/1461/2025_H3N2,plate8-A/Darwin/1461/2025_H3N2,92,0.3102,0.3102
seqneut25to26_sera_1017_d0,A/Darwin/1461/2025_H3N2,plate8-A/Darwin/1461/2025_H3N2,212,0.3337,0.3337
seqneut25to26_sera_1017_d0,A/Darwin/1461/2025_H3N2,plate8-A/Darwin/1461/2025_H3N2,487,0.7735,0.7735
seqneut25to26_sera_1017_d0,A/Darwin/1461/2025_H3N2,plate8-A/Darwin/1461/2025_H3N2,1119,0.8198,0.8198
seqneut25to26_sera_1017_d0,A/Darwin/1461/2025_H3N2,plate8-A/Darwin/1461/2025_H3N2,2575,0.8529,0.8529
seqneut25to26_sera_1017_d0,A/Darwin/1461/2025_H3N2,plate8-A/Darwin/1461/2025_H3N2,5921,0.7768,0.7768
seqneut25to26_sera_1017_d0,A/Darwin/1461/2025_H3N2,plate8-A/Darwin/1461/2025_H3N2,1.362e+04,0.8642,0.8642
seqneut25to26_sera_1017_d0,A/Denmark/3070/2025_H1N1,plate8-A/Denmark/3070/2025_H1N1,40,0.03183,0.03183
seqneut25to26_sera_1017_d0,A/Denmark/3070/2025_H1N1,plate8-A/Denmark/3070/2025_H1N1,92,0.52,0.52
seqneut25to26_sera_1017_d0,A/Denmark/3070/2025_H1N1,plate8-A/Denmark/3070/2025_H1N1,212,0.6229,0.6229
seqneut25to26_sera_1017_d0,A/Denmark/3070/2025_H1N1,plate8-A/Denmark/3070/2025_H1N1,487,0.7342,0.7342
seqneut25to26_sera_1017_d0,A/Denmark/3070/2025_H1N1,plate8-A/Denmark/3070/2025_H1N1,1119,0.9478,0.9478
seqneut25to26_sera_1017_d0,A/Denmark/3070/2025_H1N1,plate8-A/Denmark/3070/2025_H1N1,2575,0.8335,0.8335
seqneut25to26_sera_1017_d0,A/Denmark/3070/2025_H1N1,plate8-A/Denmark/3070/2025_H1N1,5921,0.6942,0.6942
seqneut25to26_sera_1017_d0,A/Denmark/3070/2025_H1N1,plate8-A/Denmark/3070/2025_H1N1,1.362e+04,1.202,1
seqneut25to26_sera_1017_d0,A/DistrictOfColumbia/27/2023_H3N2,plate8-A/DistrictOfColumbia/27/2023_H3N2,40,0.03216,0.03216
seqneut25to26_sera_1017_d0,A/DistrictOfColumbia/27/2023_H3N2,plate8-A/DistrictOfColumbia/27/2023_H3N2,92,0.5555,0.5555
seqneut25to26_sera_1017_d0,A/DistrictOfColumbia/27/2023_H3N2,plate8-A/DistrictOfColumbia/27/2023_H3N2,212,0.6242,0.6242
seqneut25to26_sera_1017_d0,A/DistrictOfColumbia/27/2023_H3N2,plate8-A/DistrictOfColumbia/27/2023_H3N2,487,0.4214,0.4214
seqneut25to26_sera_1017_d0,A/DistrictOfColumbia/27/2023_H3N2,plate8-A/DistrictOfColumbia/27/2023_H3N2,1119,0.8199,0.8199
seqneut25to26_sera_1017_d0,A/DistrictOfColumbia/27/2023_H3N2,plate8-A/DistrictOfColumbia/27/2023_H3N2,2575,0.6783,0.6783
seqneut25to26_sera_1017_d0,A/DistrictOfColumbia/27/2023_H3N2,plate8-A/DistrictOfColumbia/27/2023_H3N2,5921,0.7193,0.7193
seqneut25to26_sera_1017_d0,A/DistrictOfColumbia/27/2023_H3N2,plate8-A/DistrictOfColumbia/27/2023_H3N2,1.362e+04,1.056,1
seqneut25to26_sera_1017_d0,A/DistrictOfColumbia/57/2025_H3N2,plate8-A/DistrictOfColumbia/57/2025_H3N2,40,0.3083,0.3083
seqneut25to26_sera_1017_d0,A/DistrictOfColumbia/57/2025_H3N2,plate8-A/DistrictOfColumbia/57/2025_H3N2,92,0.6198,0.6198
seqneut25to26_sera_1017_d0,A/DistrictOfColumbia/57/2025_H3N2,plate8-A/DistrictOfColumbia/57/2025_H3N2,212,0.6519,0.6519
seqneut25to26_sera_1017_d0,A/DistrictOfColumbia/57/2025_H3N2,plate8-A/DistrictOfColumbia/57/2025_H3N2,487,0.5553,0.5553
seqneut25to26_sera_1017_d0,A/DistrictOfColumbia/57/2025_H3N2,plate8-A/DistrictOfColumbia/57/2025_H3N2,1119,0.7168,0.7168
seqneut25to26_sera_1017_d0,A/DistrictOfColumbia/57/2025_H3N2,plate8-A/DistrictOfColumbia/57/2025_H3N2,2575,0.8546,0.8546
seqneut25to26_sera_1017_d0,A/DistrictOfColumbia/57/2025_H3N2,plate8-A/DistrictOfColumbia/57/2025_H3N2,5921,0.5702,0.5702
seqneut25to26_sera_1017_d0,A/DistrictOfColumbia/57/2025_H3N2,plate8-A/DistrictOfColumbia/57/2025_H3N2,1.362e+04,0.912,0.912
seqneut25to26_sera_1017_d0,A/DistritoFederal/250106000728/2025_H3N2,plate8-A/DistritoFederal/250106000728/2025_H3N2,40,0.197,0.197
seqneut25to26_sera_1017_d0,A/DistritoFederal/250106000728/2025_H3N2,plate8-A/DistritoFederal/250106000728/2025_H3N2,92,0.2535,0.2535
seqneut25to26_sera_1017_d0,A/DistritoFederal/250106000728/2025_H3N2,plate8-A/DistritoFederal/250106000728/2025_H3N2,212,0.4457,0.4457
seqneut25to26_sera_1017_d0,A/DistritoFederal/250106000728/2025_H3N2,plate8-A/DistritoFederal/250106000728/2025_H3N2,487,0.5093,0.5093
seqneut25to26_sera_1017_d0,A/DistritoFederal/250106000728/2025_H3N2,plate8-A/DistritoFederal/250106000728/2025_H3N2,1119,0.6555,0.6555
seqneut25to26_sera_1017_d0,A/DistritoFederal/250106000728/2025_H3N2,plate8-A/DistritoFederal/250106000728/2025_H3N2,2575,0.7156,0.7156
seqneut25to26_sera_1017_d0,A/DistritoFederal/250106000728/2025_H3N2,plate8-A/DistritoFederal/250106000728/2025_H3N2,5921,0.6961,0.6961
seqneut25to26_sera_1017_d0,A/DistritoFederal/250106000728/2025_H3N2,plate8-A/DistritoFederal/250106000728/2025_H3N2,1.362e+04,0.8042,0.8042
seqneut25to26_sera_1017_d0,A/DistritoFederal/2578578201/2025_H3N2,plate8-A/DistritoFederal/2578578201/2025_H3N2,40,0.3549,0.3549
seqneut25to26_sera_1017_d0,A/DistritoFederal/2578578201/2025_H3N2,plate8-A/DistritoFederal/2578578201/2025_H3N2,92,0.3804,0.3804
seqneut25to26_sera_1017_d0,A/DistritoFederal/2578578201/2025_H3N2,plate8-A/DistritoFederal/2578578201/2025_H3N2,212,0.5848,0.5848
seqneut25to26_sera_1017_d0,A/DistritoFederal/2578578201/2025_H3N2,plate8-A/DistritoFederal/2578578201/2025_H3N2,487,0.5852,0.5852
seqneut25to26_sera_1017_d0,A/DistritoFederal/2578578201/2025_H3N2,plate8-A/DistritoFederal/2578578201/2025_H3N2,1119,0.608,0.608
seqneut25to26_sera_1017_d0,A/DistritoFederal/2578578201/2025_H3N2,plate8-A/DistritoFederal/2578578201/2025_H3N2,2575,0.7541,0.7541
seqneut25to26_sera_1017_d0,A/DistritoFederal/2578578201/2025_H3N2,plate8-A/DistritoFederal/2578578201/2025_H3N2,5921,0.7444,0.7444
seqneut25to26_sera_1017_d0,A/DistritoFederal/2578578201/2025_H3N2,plate8-A/DistritoFederal/2578578201/2025_H3N2,1.362e+04,0.8469,0.8469
seqneut25to26_sera_1017_d0,A/England/174/2025_H3N2,plate8-A/England/174/2025_H3N2,40,0.0694,0.0694
seqneut25to26_sera_1017_d0,A/England/174/2025_H3N2,plate8-A/England/174/2025_H3N2,92,0.399,0.399
seqneut25to26_sera_1017_d0,A/England/174/2025_H3N2,plate8-A/England/174/2025_H3N2,212,0.6005,0.6005
seqneut25to26_sera_1017_d0,A/England/174/2025_H3N2,plate8-A/England/174/2025_H3N2,487,0.5929,0.5929
seqneut25to26_sera_1017_d0,A/England/174/2025_H3N2,plate8-A/England/174/2025_H3N2,1119,1.019,1
seqneut25to26_sera_1017_d0,A/England/174/2025_H3N2,plate8-A/England/174/2025_H3N2,2575,0.6495,0.6495
seqneut25to26_sera_1017_d0,A/England/174/2025_H3N2,plate8-A/England/174/2025_H3N2,5921,0.6148,0.6148
seqneut25to26_sera_1017_d0,A/England/174/2025_H3N2,plate8-A/England/174/2025_H3N2,1.362e+04,1.154,1
seqneut25to26_sera_1017_d0,A/England/1822256/2025_H1N1,plate8-A/England/1822256/2025_H1N1,40,0.01443,0.01443
seqneut25to26_sera_1017_d0,A/England/1822256/2025_H1N1,plate8-A/England/1822256/2025_H1N1,92,0.3093,0.3093
seqneut25to26_sera_1017_d0,A/England/1822256/2025_H1N1,plate8-A/England/1822256/2025_H1N1,212,0.567,0.567
seqneut25to26_sera_1017_d0,A/England/1822256/2025_H1N1,plate8-A/England/1822256/2025_H1N1,487,0.6245,0.6245
seqneut25to26_sera_1017_d0,A/England/1822256/2025_H1N1,plate8-A/England/1822256/2025_H1N1,1119,0.8909,0.8909
seqneut25to26_sera_1017_d0,A/England/1822256/2025_H1N1,plate8-A/England/1822256/2025_H1N1,2575,0.8685,0.8685
seqneut25to26_sera_1017_d0,A/England/1822256/2025_H1N1,plate8-A/England/1822256/2025_H1N1,5921,0.7251,0.7251
seqneut25to26_sera_1017_d0,A/England/1822256/2025_H1N1,plate8-A/England/1822256/2025_H1N1,1.362e+04,1.018,1
seqneut25to26_sera_1017_d0,A/England/1837734/2025_H3N2,plate8-A/England/1837734/2025_H3N2,40,0.4315,0.4315
seqneut25to26_sera_1017_d0,A/England/1837734/2025_H3N2,plate8-A/England/1837734/2025_H3N2,92,0.7667,0.7667
seqneut25to26_sera_1017_d0,A/England/1837734/2025_H3N2,plate8-A/England/1837734/2025_H3N2,212,0.6496,0.6496
seqneut25to26_sera_1017_d0,A/England/1837734/2025_H3N2,plate8-A/England/1837734/2025_H3N2,487,0.7264,0.7264
seqneut25to26_sera_1017_d0,A/England/1837734/2025_H3N2,plate8-A/England/1837734/2025_H3N2,1119,0.8305,0.8305
seqneut25to26_sera_1017_d0,A/England/1837734/2025_H3N2,plate8-A/England/1837734/2025_H3N2,2575,0.8976,0.8976
seqneut25to26_sera_1017_d0,A/England/1837734/2025_H3N2,plate8-A/England/1837734/2025_H3N2,5921,0.5707,0.5707
seqneut25to26_sera_1017_d0,A/England/1837734/2025_H3N2,plate8-A/England/1837734/2025_H3N2,1.362e+04,0.8416,0.8416
seqneut25to26_sera_1017_d0,A/England/1837737/2025_H3N2,plate8-A/England/1837737/2025_H3N2,40,0.5797,0.5797
seqneut25to26_sera_1017_d0,A/England/1837737/2025_H3N2,plate8-A/England/1837737/2025_H3N2,92,0.7462,0.7462
seqneut25to26_sera_1017_d0,A/England/1837737/2025_H3N2,plate8-A/England/1837737/2025_H3N2,212,0.5733,0.5733
seqneut25to26_sera_1017_d0,A/England/1837737/2025_H3N2,plate8-A/England/1837737/2025_H3N2,487,0.6189,0.6189
seqneut25to26_sera_1017_d0,A/England/1837737/2025_H3N2,plate8-A/England/1837737/2025_H3N2,1119,0.4874,0.4874
seqneut25to26_sera_1017_d0,A/England/1837737/2025_H3N2,plate8-A/England/1837737/2025_H3N2,2575,0.631,0.631
seqneut25to26_sera_1017_d0,A/England/1837737/2025_H3N2,plate8-A/England/1837737/2025_H3N2,5921,0.7708,0.7708
seqneut25to26_sera_1017_d0,A/England/1837737/2025_H3N2,plate8-A/England/1837737/2025_H3N2,1.362e+04,1.501,1
seqneut25to26_sera_1017_d0,A/France/ARA-HCL025155099501/2025_H1N1,plate8-A/France/ARA-HCL025155099501/2025_H1N1,40,0.0747,0.0747
seqneut25to26_sera_1017_d0,A/France/ARA-HCL025155099501/2025_H1N1,plate8-A/France/ARA-HCL025155099501/2025_H1N1,92,0.4573,0.4573
seqneut25to26_sera_1017_d0,A/France/ARA-HCL025155099501/2025_H1N1,plate8-A/France/ARA-HCL025155099501/2025_H1N1,212,0.6055,0.6055
seqneut25to26_sera_1017_d0,A/France/ARA-HCL025155099501/2025_H1N1,plate8-A/France/ARA-HCL025155099501/2025_H1N1,487,0.6756,0.6756
seqneut25to26_sera_1017_d0,A/France/ARA-HCL025155099501/2025_H1N1,plate8-A/France/ARA-HCL025155099501/2025_H1N1,1119,0.8273,0.8273
seqneut25to26_sera_1017_d0,A/France/ARA-HCL025155099501/2025_H1N1,plate8-A/France/ARA-HCL025155099501/2025_H1N1,2575,0.8085,0.8085
seqneut25to26_sera_1017_d0,A/France/ARA-HCL025155099501/2025_H1N1,plate8-A/France/ARA-HCL025155099501/2025_H1N1,5921,0.8176,0.8176
seqneut25to26_sera_1017_d0,A/France/ARA-HCL025155099501/2025_H1N1,plate8-A/France/ARA-HCL025155099501/2025_H1N1,1.362e+04,0.9785,0.9785
seqneut25to26_sera_1017_d0,A/Galicia/GA-CHUAC-451/2025_H3N2,plate8-A/Galicia/GA-CHUAC-451/2025_H3N2,40,0.1773,0.1773
seqneut25to26_sera_1017_d0,A/Galicia/GA-CHUAC-451/2025_H3N2,plate8-A/Galicia/GA-CHUAC-451/2025_H3N2,92,0.4938,0.4938
seqneut25to26_sera_1017_d0,A/Galicia/GA-CHUAC-451/2025_H3N2,plate8-A/Galicia/GA-CHUAC-451/2025_H3N2,212,0.6651,0.6651
seqneut25to26_sera_1017_d0,A/Galicia/GA-CHUAC-451/2025_H3N2,plate8-A/Galicia/GA-CHUAC-451/2025_H3N2,487,0.5424,0.5424
seqneut25to26_sera_1017_d0,A/Galicia/GA-CHUAC-451/2025_H3N2,plate8-A/Galicia/GA-CHUAC-451/2025_H3N2,1119,0.7174,0.7174
seqneut25to26_sera_1017_d0,A/Galicia/GA-CHUAC-451/2025_H3N2,plate8-A/Galicia/GA-CHUAC-451/2025_H3N2,2575,0.8518,0.8518
seqneut25to26_sera_1017_d0,A/Galicia/GA-CHUAC-451/2025_H3N2,plate8-A/Galicia/GA-CHUAC-451/2025_H3N2,5921,0.6064,0.6064
seqneut25to26_sera_1017_d0,A/Galicia/GA-CHUAC-451/2025_H3N2,plate8-A/Galicia/GA-CHUAC-451/2025_H3N2,1.362e+04,0.8752,0.8752
seqneut25to26_sera_1017_d0,A/Ghana/ARI-25-1125/2025_H1N1,plate8-A/Ghana/ARI-25-1125/2025_H1N1,40,0.008107,0.008107
seqneut25to26_sera_1017_d0,A/Ghana/ARI-25-1125/2025_H1N1,plate8-A/Ghana/ARI-25-1125/2025_H1N1,92,0.2043,0.2043
seqneut25to26_sera_1017_d0,A/Ghana/ARI-25-1125/2025_H1N1,plate8-A/Ghana/ARI-25-1125/2025_H1N1,212,0.7346,0.7346
seqneut25to26_sera_1017_d0,A/Ghana/ARI-25-1125/2025_H1N1,plate8-A/Ghana/ARI-25-1125/2025_H1N1,487,0.6214,0.6214
seqneut25to26_sera_1017_d0,A/Ghana/ARI-25-1125/2025_H1N1,plate8-A/Ghana/ARI-25-1125/2025_H1N1,1119,0.9154,0.9154
seqneut25to26_sera_1017_d0,A/Ghana/ARI-25-1125/2025_H1N1,plate8-A/Ghana/ARI-25-1125/2025_H1N1,2575,0.7163,0.7163
seqneut25to26_sera_1017_d0,A/Ghana/ARI-25-1125/2025_H1N1,plate8-A/Ghana/ARI-25-1125/2025_H1N1,5921,0.7515,0.7515
seqneut25to26_sera_1017_d0,A/Ghana/ARI-25-1125/2025_H1N1,plate8-A/Ghana/ARI-25-1125/2025_H1N1,1.362e+04,1.183,1
seqneut25to26_sera_1017_d0,A/Guangdong-Maonan/11438/2025_H3N2,plate8-A/Guangdong-Maonan/11438/2025_H3N2,40,0.1421,0.1421
seqneut25to26_sera_1017_d0,A/Guangdong-Maonan/11438/2025_H3N2,plate8-A/Guangdong-Maonan/11438/2025_H3N2,92,0.3995,0.3995
seqneut25to26_sera_1017_d0,A/Guangdong-Maonan/11438/2025_H3N2,plate8-A/Guangdong-Maonan/11438/2025_H3N2,212,0.3284,0.3284
seqneut25to26_sera_1017_d0,A/Guangdong-Maonan/11438/2025_H3N2,plate8-A/Guangdong-Maonan/11438/2025_H3N2,487,0.7379,0.7379
seqneut25to26_sera_1017_d0,A/Guangdong-Maonan/11438/2025_H3N2,plate8-A/Guangdong-Maonan/11438/2025_H3N2,1119,0.6513,0.6513
seqneut25to26_sera_1017_d0,A/Guangdong-Maonan/11438/2025_H3N2,plate8-A/Guangdong-Maonan/11438/2025_H3N2,2575,0.6305,0.6305
seqneut25to26_sera_1017_d0,A/Guangdong-Maonan/11438/2025_H3N2,plate8-A/Guangdong-Maonan/11438/2025_H3N2,5921,0.7399,0.7399
seqneut25to26_sera_1017_d0,A/Guangdong-Maonan/11438/2025_H3N2,plate8-A/Guangdong-Maonan/11438/2025_H3N2,1.362e+04,1.081,1
seqneut25to26_sera_1017_d0,A/Guangdong-Meijiang/11256/2025_H3N2,plate8-A/Guangdong-Meijiang/11256/2025_H3N2,40,0.03428,0.03428
seqneut25to26_sera_1017_d0,A/Guangdong-Meijiang/11256/2025_H3N2,plate8-A/Guangdong-Meijiang/11256/2025_H3N2,92,0.2812,0.2812
seqneut25to26_sera_1017_d0,A/Guangdong-Meijiang/11256/2025_H3N2,plate8-A/Guangdong-Meijiang/11256/2025_H3N2,212,0.4365,0.4365
seqneut25to26_sera_1017_d0,A/Guangdong-Meijiang/11256/2025_H3N2,plate8-A/Guangdong-Meijiang/11256/2025_H3N2,487,0.5217,0.5217
seqneut25to26_sera_1017_d0,A/Guangdong-Meijiang/11256/2025_H3N2,plate8-A/Guangdong-Meijiang/11256/2025_H3N2,1119,0.9236,0.9236
seqneut25to26_sera_1017_d0,A/Guangdong-Meijiang/11256/2025_H3N2,plate8-A/Guangdong-Meijiang/11256/2025_H3N2,2575,0.6394,0.6394
seqneut25to26_sera_1017_d0,A/Guangdong-Meijiang/11256/2025_H3N2,plate8-A/Guangdong-Meijiang/11256/2025_H3N2,5921,0.7169,0.7169
seqneut25to26_sera_1017_d0,A/Guangdong-Meijiang/11256/2025_H3N2,plate8-A/Guangdong-Meijiang/11256/2025_H3N2,1.362e+04,0.899,0.899
seqneut25to26_sera_1017_d0,A/Guangxi-Daxin/1643/2025_H3N2,plate8-A/Guangxi-Daxin/1643/2025_H3N2,40,0.2627,0.2627
seqneut25to26_sera_1017_d0,A/Guangxi-Daxin/1643/2025_H3N2,plate8-A/Guangxi-Daxin/1643/2025_H3N2,92,0.5361,0.5361
seqneut25to26_sera_1017_d0,A/Guangxi-Daxin/1643/2025_H3N2,plate8-A/Guangxi-Daxin/1643/2025_H3N2,212,0.4662,0.4662
seqneut25to26_sera_1017_d0,A/Guangxi-Daxin/1643/2025_H3N2,plate8-A/Guangxi-Daxin/1643/2025_H3N2,487,0.6321,0.6321
seqneut25to26_sera_1017_d0,A/Guangxi-Daxin/1643/2025_H3N2,plate8-A/Guangxi-Daxin/1643/2025_H3N2,1119,0.874,0.874
seqneut25to26_sera_1017_d0,A/Guangxi-Daxin/1643/2025_H3N2,plate8-A/Guangxi-Daxin/1643/2025_H3N2,2575,0.6714,0.6714
seqneut25to26_sera_1017_d0,A/Guangxi-Daxin/1643/2025_H3N2,plate8-A/Guangxi-Daxin/1643/2025_H3N2,5921,0.6342,0.6342
seqneut25to26_sera_1017_d0,A/Guangxi-Daxin/1643/2025_H3N2,plate8-A/Guangxi-Daxin/1643/2025_H3N2,1.362e+04,0.8224,0.8224
seqneut25to26_sera_1017_d0,A/Guangxi-Qingxiu/SWL11742/2025_H1N1,plate8-A/Guangxi-Qingxiu/SWL11742/2025_H1N1,40,0.06023,0.06023
seqneut25to26_sera_1017_d0,A/Guangxi-Qingxiu/SWL11742/2025_H1N1,plate8-A/Guangxi-Qingxiu/SWL11742/2025_H1N1,92,0.3368,0.3368
seqneut25to26_sera_1017_d0,A/Guangxi-Qingxiu/SWL11742/2025_H1N1,plate8-A/Guangxi-Qingxiu/SWL11742/2025_H1N1,212,0.6146,0.6146
seqneut25to26_sera_1017_d0,A/Guangxi-Qingxiu/SWL11742/2025_H1N1,plate8-A/Guangxi-Qingxiu/SWL11742/2025_H1N1,487,0.7069,0.7069
seqneut25to26_sera_1017_d0,A/Guangxi-Qingxiu/SWL11742/2025_H1N1,plate8-A/Guangxi-Qingxiu/SWL11742/2025_H1N1,1119,0.872,0.872
seqneut25to26_sera_1017_d0,A/Guangxi-Qingxiu/SWL11742/2025_H1N1,plate8-A/Guangxi-Qingxiu/SWL11742/2025_H1N1,2575,0.8034,0.8034
seqneut25to26_sera_1017_d0,A/Guangxi-Qingxiu/SWL11742/2025_H1N1,plate8-A/Guangxi-Qingxiu/SWL11742/2025_H1N1,5921,0.8298,0.8298
seqneut25to26_sera_1017_d0,A/Guangxi-Qingxiu/SWL11742/2025_H1N1,plate8-A/Guangxi-Qingxiu/SWL11742/2025_H1N1,1.362e+04,0.9959,0.9959
seqneut25to26_sera_1017_d0,A/Hawaii/44/2025_H1N1,plate8-A/Hawaii/44/2025_H1N1,40,0.02816,0.02816
seqneut25to26_sera_1017_d0,A/Hawaii/44/2025_H1N1,plate8-A/Hawaii/44/2025_H1N1,92,0.2973,0.2973
seqneut25to26_sera_1017_d0,A/Hawaii/44/2025_H1N1,plate8-A/Hawaii/44/2025_H1N1,212,0.6476,0.6476
seqneut25to26_sera_1017_d0,A/Hawaii/44/2025_H1N1,plate8-A/Hawaii/44/2025_H1N1,487,0.7171,0.7171
seqneut25to26_sera_1017_d0,A/Hawaii/44/2025_H1N1,plate8-A/Hawaii/44/2025_H1N1,1119,0.8129,0.8129
seqneut25to26_sera_1017_d0,A/Hawaii/44/2025_H1N1,plate8-A/Hawaii/44/2025_H1N1,2575,0.9129,0.9129
seqneut25to26_sera_1017_d0,A/Hawaii/44/2025_H1N1,plate8-A/Hawaii/44/2025_H1N1,5921,0.8125,0.8125
seqneut25to26_sera_1017_d0,A/Hawaii/44/2025_H1N1,plate8-A/Hawaii/44/2025_H1N1,1.362e+04,1.061,1
seqneut25to26_sera_1017_d0,A/Hawaii/70/2019_H1N1,plate8-A/Hawaii/70/2019_H1N1,40,0.001881,0.001881
seqneut25to26_sera_1017_d0,A/Hawaii/70/2019_H1N1,plate8-A/Hawaii/70/2019_H1N1,92,0.247,0.247
seqneut25to26_sera_1017_d0,A/Hawaii/70/2019_H1N1,plate8-A/Hawaii/70/2019_H1N1,212,0.5029,0.5029
seqneut25to26_sera_1017_d0,A/Hawaii/70/2019_H1N1,plate8-A/Hawaii/70/2019_H1N1,487,0.6715,0.6715
seqneut25to26_sera_1017_d0,A/Hawaii/70/2019_H1N1,plate8-A/Hawaii/70/2019_H1N1,1119,0.8042,0.8042
seqneut25to26_sera_1017_d0,A/Hawaii/70/2019_H1N1,plate8-A/Hawaii/70/2019_H1N1,2575,0.9393,0.9393
seqneut25to26_sera_1017_d0,A/Hawaii/70/2019_H1N1,plate8-A/Hawaii/70/2019_H1N1,5921,0.7265,0.7265
seqneut25to26_sera_1017_d0,A/Hawaii/70/2019_H1N1,plate8-A/Hawaii/70/2019_H1N1,1.362e+04,0.954,0.954
seqneut25to26_sera_1017_d0,A/HongKong/1257/2025_H3N2,plate8-A/HongKong/1257/2025_H3N2,40,0.04238,0.04238
seqneut25to26_sera_1017_d0,A/HongKong/1257/2025_H3N2,plate8-A/HongKong/1257/2025_H3N2,92,0.364,0.364
seqneut25to26_sera_1017_d0,A/HongKong/1257/2025_H3N2,plate8-A/HongKong/1257/2025_H3N2,212,0.3946,0.3946
seqneut25to26_sera_1017_d0,A/HongKong/1257/2025_H3N2,plate8-A/HongKong/1257/2025_H3N2,487,0.5151,0.5151
seqneut25to26_sera_1017_d0,A/HongKong/1257/2025_H3N2,plate8-A/HongKong/1257/2025_H3N2,1119,0.7264,0.7264
seqneut25to26_sera_1017_d0,A/HongKong/1257/2025_H3N2,plate8-A/HongKong/1257/2025_H3N2,2575,0.6022,0.6022
seqneut25to26_sera_1017_d0,A/HongKong/1257/2025_H3N2,plate8-A/HongKong/1257/2025_H3N2,5921,0.6994,0.6994
seqneut25to26_sera_1017_d0,A/HongKong/1257/2025_H3N2,plate8-A/HongKong/1257/2025_H3N2,1.362e+04,0.8723,0.8723
seqneut25to26_sera_1017_d0,A/HongKong/1382/2025_H3N2,plate8-A/HongKong/1382/2025_H3N2,40,0.08477,0.08477
seqneut25to26_sera_1017_d0,A/HongKong/1382/2025_H3N2,plate8-A/HongKong/1382/2025_H3N2,92,0.402,0.402
seqneut25to26_sera_1017_d0,A/HongKong/1382/2025_H3N2,plate8-A/HongKong/1382/2025_H3N2,212,0.5688,0.5688
seqneut25to26_sera_1017_d0,A/HongKong/1382/2025_H3N2,plate8-A/HongKong/1382/2025_H3N2,487,0.5692,0.5692
seqneut25to26_sera_1017_d0,A/HongKong/1382/2025_H3N2,plate8-A/HongKong/1382/2025_H3N2,1119,0.7889,0.7889
seqneut25to26_sera_1017_d0,A/HongKong/1382/2025_H3N2,plate8-A/HongKong/1382/2025_H3N2,2575,0.9925,0.9925
seqneut25to26_sera_1017_d0,A/HongKong/1382/2025_H3N2,plate8-A/HongKong/1382/2025_H3N2,5921,0.6583,0.6583
seqneut25to26_sera_1017_d0,A/HongKong/1382/2025_H3N2,plate8-A/HongKong/1382/2025_H3N2,1.362e+04,1.051,1
seqneut25to26_sera_1017_d0,A/Indonesia/BIOKES-I-BT074/2025_H3N2,plate8-A/Indonesia/BIOKES-I-BT074/2025_H3N2,40,0.05588,0.05588
seqneut25to26_sera_1017_d0,A/Indonesia/BIOKES-I-BT074/2025_H3N2,plate8-A/Indonesia/BIOKES-I-BT074/2025_H3N2,92,0.2677,0.2677
seqneut25to26_sera_1017_d0,A/Indonesia/BIOKES-I-BT074/2025_H3N2,plate8-A/Indonesia/BIOKES-I-BT074/2025_H3N2,212,0.6796,0.6796
seqneut25to26_sera_1017_d0,A/Indonesia/BIOKES-I-BT074/2025_H3N2,plate8-A/Indonesia/BIOKES-I-BT074/2025_H3N2,487,0.6387,0.6387
seqneut25to26_sera_1017_d0,A/Indonesia/BIOKES-I-BT074/2025_H3N2,plate8-A/Indonesia/BIOKES-I-BT074/2025_H3N2,1119,0.7469,0.7469
seqneut25to26_sera_1017_d0,A/Indonesia/BIOKES-I-BT074/2025_H3N2,plate8-A/Indonesia/BIOKES-I-BT074/2025_H3N2,2575,0.7777,0.7777
seqneut25to26_sera_1017_d0,A/Indonesia/BIOKES-I-BT074/2025_H3N2,plate8-A/Indonesia/BIOKES-I-BT074/2025_H3N2,5921,0.7467,0.7467
seqneut25to26_sera_1017_d0,A/Indonesia/BIOKES-I-BT074/2025_H3N2,plate8-A/Indonesia/BIOKES-I-BT074/2025_H3N2,1.362e+04,1.027,1
seqneut25to26_sera_1017_d0,A/Indonesia/BIOKES-INAD491/2025_H3N2,plate8-A/Indonesia/BIOKES-INAD491/2025_H3N2,40,0.2134,0.2134
seqneut25to26_sera_1017_d0,A/Indonesia/BIOKES-INAD491/2025_H3N2,plate8-A/Indonesia/BIOKES-INAD491/2025_H3N2,92,0.2093,0.2093
seqneut25to26_sera_1017_d0,A/Indonesia/BIOKES-INAD491/2025_H3N2,plate8-A/Indonesia/BIOKES-INAD491/2025_H3N2,212,0.6236,0.6236
seqneut25to26_sera_1017_d0,A/Indonesia/BIOKES-INAD491/2025_H3N2,plate8-A/Indonesia/BIOKES-INAD491/2025_H3N2,487,0.5478,0.5478
seqneut25to26_sera_1017_d0,A/Indonesia/BIOKES-INAD491/2025_H3N2,plate8-A/Indonesia/BIOKES-INAD491/2025_H3N2,1119,0.8057,0.8057
seqneut25to26_sera_1017_d0,A/Indonesia/BIOKES-INAD491/2025_H3N2,plate8-A/Indonesia/BIOKES-INAD491/2025_H3N2,2575,0.8242,0.8242
seqneut25to26_sera_1017_d0,A/Indonesia/BIOKES-INAD491/2025_H3N2,plate8-A/Indonesia/BIOKES-INAD491/2025_H3N2,5921,0.5701,0.5701
seqneut25to26_sera_1017_d0,A/Indonesia/BIOKES-INAD491/2025_H3N2,plate8-A/Indonesia/BIOKES-INAD491/2025_H3N2,1.362e+04,0.8374,0.8374
seqneut25to26_sera_1017_d0,A/Lao/820-2750/2025_H3N2,plate8-A/Lao/820-2750/2025_H3N2,40,3.663e-05,3.663e-05
seqneut25to26_sera_1017_d0,A/Lao/820-2750/2025_H3N2,plate8-A/Lao/820-2750/2025_H3N2,92,0.06077,0.06077
seqneut25to26_sera_1017_d0,A/Lao/820-2750/2025_H3N2,plate8-A/Lao/820-2750/2025_H3N2,212,0.3269,0.3269
seqneut25to26_sera_1017_d0,A/Lao/820-2750/2025_H3N2,plate8-A/Lao/820-2750/2025_H3N2,487,0.5987,0.5987
seqneut25to26_sera_1017_d0,A/Lao/820-2750/2025_H3N2,plate8-A/Lao/820-2750/2025_H3N2,1119,0.6637,0.6637
seqneut25to26_sera_1017_d0,A/Lao/820-2750/2025_H3N2,plate8-A/Lao/820-2750/2025_H3N2,2575,0.8603,0.8603
seqneut25to26_sera_1017_d0,A/Lao/820-2750/2025_H3N2,plate8-A/Lao/820-2750/2025_H3N2,5921,0.718,0.718
seqneut25to26_sera_1017_d0,A/Lao/820-2750/2025_H3N2,plate8-A/Lao/820-2750/2025_H3N2,1.362e+04,1.149,1
seqneut25to26_sera_1017_d0,A/Malaysia/IMR/SARI/2028/2025_H3N2,plate8-A/Malaysia/IMR/SARI/2028/2025_H3N2,40,0.07607,0.07607
seqneut25to26_sera_1017_d0,A/Malaysia/IMR/SARI/2028/2025_H3N2,plate8-A/Malaysia/IMR/SARI/2028/2025_H3N2,92,0.4021,0.4021
seqneut25to26_sera_1017_d0,A/Malaysia/IMR/SARI/2028/2025_H3N2,plate8-A/Malaysia/IMR/SARI/2028/2025_H3N2,212,0.4813,0.4813
seqneut25to26_sera_1017_d0,A/Malaysia/IMR/SARI/2028/2025_H3N2,plate8-A/Malaysia/IMR/SARI/2028/2025_H3N2,487,0.5139,0.5139
seqneut25to26_sera_1017_d0,A/Malaysia/IMR/SARI/2028/2025_H3N2,plate8-A/Malaysia/IMR/SARI/2028/2025_H3N2,1119,0.6812,0.6812
seqneut25to26_sera_1017_d0,A/Malaysia/IMR/SARI/2028/2025_H3N2,plate8-A/Malaysia/IMR/SARI/2028/2025_H3N2,2575,0.7875,0.7875
seqneut25to26_sera_1017_d0,A/Malaysia/IMR/SARI/2028/2025_H3N2,plate8-A/Malaysia/IMR/SARI/2028/2025_H3N2,5921,0.6642,0.6642
seqneut25to26_sera_1017_d0,A/Malaysia/IMR/SARI/2028/2025_H3N2,plate8-A/Malaysia/IMR/SARI/2028/2025_H3N2,1.362e+04,0.8556,0.8556
seqneut25to26_sera_1017_d0,A/Malaysia/IMR/SARI/2406/2025_H3N2,plate8-A/Malaysia/IMR/SARI/2406/2025_H3N2,40,0.5997,0.5997
seqneut25to26_sera_1017_d0,A/Malaysia/IMR/SARI/2406/2025_H3N2,plate8-A/Malaysia/IMR/SARI/2406/2025_H3N2,92,0.889,0.889
seqneut25to26_sera_1017_d0,A/Malaysia/IMR/SARI/2406/2025_H3N2,plate8-A/Malaysia/IMR/SARI/2406/2025_H3N2,212,0.8785,0.8785
seqneut25to26_sera_1017_d0,A/Malaysia/IMR/SARI/2406/2025_H3N2,plate8-A/Malaysia/IMR/SARI/2406/2025_H3N2,487,0.6338,0.6338
seqneut25to26_sera_1017_d0,A/Malaysia/IMR/SARI/2406/2025_H3N2,plate8-A/Malaysia/IMR/SARI/2406/2025_H3N2,1119,0.8372,0.8372
seqneut25to26_sera_1017_d0,A/Malaysia/IMR/SARI/2406/2025_H3N2,plate8-A/Malaysia/IMR/SARI/2406/2025_H3N2,2575,0.8379,0.8379
seqneut25to26_sera_1017_d0,A/Malaysia/IMR/SARI/2406/2025_H3N2,plate8-A/Malaysia/IMR/SARI/2406/2025_H3N2,5921,0.6944,0.6944
seqneut25to26_sera_1017_d0,A/Malaysia/IMR/SARI/2406/2025_H3N2,plate8-A/Malaysia/IMR/SARI/2406/2025_H3N2,1.362e+04,0.9194,0.9194
seqneut25to26_sera_1017_d0,A/Malaysia/IMR/SARI/2517/2025_H3N2,plate8-A/Malaysia/IMR/SARI/2517/2025_H3N2,40,0.3975,0.3975
seqneut25to26_sera_1017_d0,A/Malaysia/IMR/SARI/2517/2025_H3N2,plate8-A/Malaysia/IMR/SARI/2517/2025_H3N2,92,0.6372,0.6372
seqneut25to26_sera_1017_d0,A/Malaysia/IMR/SARI/2517/2025_H3N2,plate8-A/Malaysia/IMR/SARI/2517/2025_H3N2,212,0.7115,0.7115
seqneut25to26_sera_1017_d0,A/Malaysia/IMR/SARI/2517/2025_H3N2,plate8-A/Malaysia/IMR/SARI/2517/2025_H3N2,487,0.6761,0.6761
seqneut25to26_sera_1017_d0,A/Malaysia/IMR/SARI/2517/2025_H3N2,plate8-A/Malaysia/IMR/SARI/2517/2025_H3N2,1119,0.7846,0.7846
seqneut25to26_sera_1017_d0,A/Malaysia/IMR/SARI/2517/2025_H3N2,plate8-A/Malaysia/IMR/SARI/2517/2025_H3N2,2575,0.7876,0.7876
seqneut25to26_sera_1017_d0,A/Malaysia/IMR/SARI/2517/2025_H3N2,plate8-A/Malaysia/IMR/SARI/2517/2025_H3N2,5921,0.6931,0.6931
seqneut25to26_sera_1017_d0,A/Malaysia/IMR/SARI/2517/2025_H3N2,plate8-A/Malaysia/IMR/SARI/2517/2025_H3N2,1.362e+04,0.9626,0.9626
seqneut25to26_sera_1017_d0,A/Massachusetts/18/2022_H3N2,plate8-A/Massachusetts/18/2022_H3N2,40,0.1742,0.1742
seqneut25to26_sera_1017_d0,A/Massachusetts/18/2022_H3N2,plate8-A/Massachusetts/18/2022_H3N2,92,0.3307,0.3307
seqneut25to26_sera_1017_d0,A/Massachusetts/18/2022_H3N2,plate8-A/Massachusetts/18/2022_H3N2,212,0.4117,0.4117
seqneut25to26_sera_1017_d0,A/Massachusetts/18/2022_H3N2,plate8-A/Massachusetts/18/2022_H3N2,487,0.4154,0.4154
seqneut25to26_sera_1017_d0,A/Massachusetts/18/2022_H3N2,plate8-A/Massachusetts/18/2022_H3N2,1119,0.6234,0.6234
seqneut25to26_sera_1017_d0,A/Massachusetts/18/2022_H3N2,plate8-A/Massachusetts/18/2022_H3N2,2575,0.7853,0.7853
seqneut25to26_sera_1017_d0,A/Massachusetts/18/2022_H3N2,plate8-A/Massachusetts/18/2022_H3N2,5921,0.6071,0.6071
seqneut25to26_sera_1017_d0,A/Massachusetts/18/2022_H3N2,plate8-A/Massachusetts/18/2022_H3N2,1.362e+04,1.215,1
seqneut25to26_sera_1017_d0,A/Michigan/110/2025_H3N2,plate8-A/Michigan/110/2025_H3N2,40,0.04591,0.04591
seqneut25to26_sera_1017_d0,A/Michigan/110/2025_H3N2,plate8-A/Michigan/110/2025_H3N2,92,0.3704,0.3704
seqneut25to26_sera_1017_d0,A/Michigan/110/2025_H3N2,plate8-A/Michigan/110/2025_H3N2,212,0.6774,0.6774
seqneut25to26_sera_1017_d0,A/Michigan/110/2025_H3N2,plate8-A/Michigan/110/2025_H3N2,487,0.5819,0.5819
seqneut25to26_sera_1017_d0,A/Michigan/110/2025_H3N2,plate8-A/Michigan/110/2025_H3N2,1119,0.7597,0.7597
seqneut25to26_sera_1017_d0,A/Michigan/110/2025_H3N2,plate8-A/Michigan/110/2025_H3N2,2575,0.8557,0.8557
seqneut25to26_sera_1017_d0,A/Michigan/110/2025_H3N2,plate8-A/Michigan/110/2025_H3N2,5921,0.8487,0.8487
seqneut25to26_sera_1017_d0,A/Michigan/110/2025_H3N2,plate8-A/Michigan/110/2025_H3N2,1.362e+04,1.068,1
seqneut25to26_sera_1017_d0,A/Minnesota/96/2025_H3N2,plate8-A/Minnesota/96/2025_H3N2,40,0.05733,0.05733
seqneut25to26_sera_1017_d0,A/Minnesota/96/2025_H3N2,plate8-A/Minnesota/96/2025_H3N2,92,0.2519,0.2519
seqneut25to26_sera_1017_d0,A/Minnesota/96/2025_H3N2,plate8-A/Minnesota/96/2025_H3N2,212,0.4714,0.4714
seqneut25to26_sera_1017_d0,A/Minnesota/96/2025_H3N2,plate8-A/Minnesota/96/2025_H3N2,487,0.4491,0.4491
seqneut25to26_sera_1017_d0,A/Minnesota/96/2025_H3N2,plate8-A/Minnesota/96/2025_H3N2,1119,0.723,0.723
seqneut25to26_sera_1017_d0,A/Minnesota/96/2025_H3N2,plate8-A/Minnesota/96/2025_H3N2,2575,0.8659,0.8659
seqneut25to26_sera_1017_d0,A/Minnesota/96/2025_H3N2,plate8-A/Minnesota/96/2025_H3N2,5921,0.6776,0.6776
seqneut25to26_sera_1017_d0,A/Minnesota/96/2025_H3N2,plate8-A/Minnesota/96/2025_H3N2,1.362e+04,0.8946,0.8946
seqneut25to26_sera_1017_d0,A/Missouri/11/2025_H1N1,plate8-A/Missouri/11/2025_H1N1,40,0.02868,0.02868
seqneut25to26_sera_1017_d0,A/Missouri/11/2025_H1N1,plate8-A/Missouri/11/2025_H1N1,92,0.3678,0.3678
seqneut25to26_sera_1017_d0,A/Missouri/11/2025_H1N1,plate8-A/Missouri/11/2025_H1N1,212,0.4349,0.4349
seqneut25to26_sera_1017_d0,A/Missouri/11/2025_H1N1,plate8-A/Missouri/11/2025_H1N1,487,0.6717,0.6717
seqneut25to26_sera_1017_d0,A/Missouri/11/2025_H1N1,plate8-A/Missouri/11/2025_H1N1,1119,0.738,0.738
seqneut25to26_sera_1017_d0,A/Missouri/11/2025_H1N1,plate8-A/Missouri/11/2025_H1N1,2575,0.8388,0.8388
seqneut25to26_sera_1017_d0,A/Missouri/11/2025_H1N1,plate8-A/Missouri/11/2025_H1N1,5921,0.5849,0.5849
seqneut25to26_sera_1017_d0,A/Missouri/11/2025_H1N1,plate8-A/Missouri/11/2025_H1N1,1.362e+04,0.8337,0.8337
seqneut25to26_sera_1017_d0,A/NewSouthWales/2526015582/2025_H3N2,plate8-A/NewSouthWales/2526015582/2025_H3N2,40,0.3839,0.3839
seqneut25to26_sera_1017_d0,A/NewSouthWales/2526015582/2025_H3N2,plate8-A/NewSouthWales/2526015582/2025_H3N2,92,0.5281,0.5281
seqneut25to26_sera_1017_d0,A/NewSouthWales/2526015582/2025_H3N2,plate8-A/NewSouthWales/2526015582/2025_H3N2,212,0.5753,0.5753
seqneut25to26_sera_1017_d0,A/NewSouthWales/2526015582/2025_H3N2,plate8-A/NewSouthWales/2526015582/2025_H3N2,487,0.6229,0.6229
seqneut25to26_sera_1017_d0,A/NewSouthWales/2526015582/2025_H3N2,plate8-A/NewSouthWales/2526015582/2025_H3N2,1119,0.7079,0.7079
seqneut25to26_sera_1017_d0,A/NewSouthWales/2526015582/2025_H3N2,plate8-A/NewSouthWales/2526015582/2025_H3N2,2575,0.7135,0.7135
seqneut25to26_sera_1017_d0,A/NewSouthWales/2526015582/2025_H3N2,plate8-A/NewSouthWales/2526015582/2025_H3N2,5921,0.6433,0.6433
seqneut25to26_sera_1017_d0,A/NewSouthWales/2526015582/2025_H3N2,plate8-A/NewSouthWales/2526015582/2025_H3N2,1.362e+04,0.8581,0.8581
seqneut25to26_sera_1017_d0,A/NewSouthWales/2526015584/2025_H3N2,plate8-A/NewSouthWales/2526015584/2025_H3N2,40,0.2992,0.2992
seqneut25to26_sera_1017_d0,A/NewSouthWales/2526015584/2025_H3N2,plate8-A/NewSouthWales/2526015584/2025_H3N2,92,0.6263,0.6263
seqneut25to26_sera_1017_d0,A/NewSouthWales/2526015584/2025_H3N2,plate8-A/NewSouthWales/2526015584/2025_H3N2,212,0.6805,0.6805
seqneut25to26_sera_1017_d0,A/NewSouthWales/2526015584/2025_H3N2,plate8-A/NewSouthWales/2526015584/2025_H3N2,487,0.7109,0.7109
seqneut25to26_sera_1017_d0,A/NewSouthWales/2526015584/2025_H3N2,plate8-A/NewSouthWales/2526015584/2025_H3N2,1119,0.7985,0.7985
seqneut25to26_sera_1017_d0,A/NewSouthWales/2526015584/2025_H3N2,plate8-A/NewSouthWales/2526015584/2025_H3N2,2575,0.7807,0.7807
seqneut25to26_sera_1017_d0,A/NewSouthWales/2526015584/2025_H3N2,plate8-A/NewSouthWales/2526015584/2025_H3N2,5921,0.7992,0.7992
seqneut25to26_sera_1017_d0,A/NewSouthWales/2526015584/2025_H3N2,plate8-A/NewSouthWales/2526015584/2025_H3N2,1.362e+04,1.031,1
seqneut25to26_sera_1017_d0,A/Norway/8765/2025_H3N2,plate8-A/Norway/8765/2025_H3N2,40,0.3758,0.3758
seqneut25to26_sera_1017_d0,A/Norway/8765/2025_H3N2,plate8-A/Norway/8765/2025_H3N2,92,0.6145,0.6145
seqneut25to26_sera_1017_d0,A/Norway/8765/2025_H3N2,plate8-A/Norway/8765/2025_H3N2,212,0.6906,0.6906
seqneut25to26_sera_1017_d0,A/Norway/8765/2025_H3N2,plate8-A/Norway/8765/2025_H3N2,487,0.5267,0.5267
seqneut25to26_sera_1017_d0,A/Norway/8765/2025_H3N2,plate8-A/Norway/8765/2025_H3N2,1119,0.7487,0.7487
seqneut25to26_sera_1017_d0,A/Norway/8765/2025_H3N2,plate8-A/Norway/8765/2025_H3N2,2575,0.8247,0.8247
seqneut25to26_sera_1017_d0,A/Norway/8765/2025_H3N2,plate8-A/Norway/8765/2025_H3N2,5921,0.6654,0.6654
seqneut25to26_sera_1017_d0,A/Norway/8765/2025_H3N2,plate8-A/Norway/8765/2025_H3N2,1.362e+04,0.9301,0.9301
seqneut25to26_sera_1017_d0,A/Norway/8976/2025_H3N2,plate8-A/Norway/8976/2025_H3N2,40,0.325,0.325
seqneut25to26_sera_1017_d0,A/Norway/8976/2025_H3N2,plate8-A/Norway/8976/2025_H3N2,92,0.4654,0.4654
seqneut25to26_sera_1017_d0,A/Norway/8976/2025_H3N2,plate8-A/Norway/8976/2025_H3N2,212,0.4702,0.4702
seqneut25to26_sera_1017_d0,A/Norway/8976/2025_H3N2,plate8-A/Norway/8976/2025_H3N2,487,0.6539,0.6539
seqneut25to26_sera_1017_d0,A/Norway/8976/2025_H3N2,plate8-A/Norway/8976/2025_H3N2,1119,0.7951,0.7951
seqneut25to26_sera_1017_d0,A/Norway/8976/2025_H3N2,plate8-A/Norway/8976/2025_H3N2,2575,0.6593,0.6593
seqneut25to26_sera_1017_d0,A/Norway/8976/2025_H3N2,plate8-A/Norway/8976/2025_H3N2,5921,0.7238,0.7238
seqneut25to26_sera_1017_d0,A/Norway/8976/2025_H3N2,plate8-A/Norway/8976/2025_H3N2,1.362e+04,0.707,0.707
seqneut25to26_sera_1017_d0,A/Norway/9107/2025_H1N1,plate8-A/Norway/9107/2025_H1N1,40,0.0401,0.0401
seqneut25to26_sera_1017_d0,A/Norway/9107/2025_H1N1,plate8-A/Norway/9107/2025_H1N1,92,0.329,0.329
seqneut25to26_sera_1017_d0,A/Norway/9107/2025_H1N1,plate8-A/Norway/9107/2025_H1N1,212,0.5647,0.5647
seqneut25to26_sera_1017_d0,A/Norway/9107/2025_H1N1,plate8-A/Norway/9107/2025_H1N1,487,0.7953,0.7953
seqneut25to26_sera_1017_d0,A/Norway/9107/2025_H1N1,plate8-A/Norway/9107/2025_H1N1,1119,0.8528,0.8528
seqneut25to26_sera_1017_d0,A/Norway/9107/2025_H1N1,plate8-A/Norway/9107/2025_H1N1,2575,0.8617,0.8617
seqneut25to26_sera_1017_d0,A/Norway/9107/2025_H1N1,plate8-A/Norway/9107/2025_H1N1,5921,0.7183,0.7183
seqneut25to26_sera_1017_d0,A/Norway/9107/2025_H1N1,plate8-A/Norway/9107/2025_H1N1,1.362e+04,1.05,1
seqneut25to26_sera_1017_d0,A/Norway/9556/2025_H1N1,plate8-A/Norway/9556/2025_H1N1,40,0.403,0.403
seqneut25to26_sera_1017_d0,A/Norway/9556/2025_H1N1,plate8-A/Norway/9556/2025_H1N1,92,0.6987,0.6987
seqneut25to26_sera_1017_d0,A/Norway/9556/2025_H1N1,plate8-A/Norway/9556/2025_H1N1,212,0.8793,0.8793
seqneut25to26_sera_1017_d0,A/Norway/9556/2025_H1N1,plate8-A/Norway/9556/2025_H1N1,487,0.8129,0.8129
seqneut25to26_sera_1017_d0,A/Norway/9556/2025_H1N1,plate8-A/Norway/9556/2025_H1N1,1119,0.879,0.879
seqneut25to26_sera_1017_d0,A/Norway/9556/2025_H1N1,plate8-A/Norway/9556/2025_H1N1,2575,0.8863,0.8863
seqneut25to26_sera_1017_d0,A/Norway/9556/2025_H1N1,plate8-A/Norway/9556/2025_H1N1,5921,0.9148,0.9148
seqneut25to26_sera_1017_d0,A/Norway/9556/2025_H1N1,plate8-A/Norway/9556/2025_H1N1,1.362e+04,1.069,1
seqneut25to26_sera_1017_d0,A/Peru/GIHSN-04-1089/2025_H3N2,plate8-A/Peru/GIHSN-04-1089/2025_H3N2,40,0.1689,0.1689
seqneut25to26_sera_1017_d0,A/Peru/GIHSN-04-1089/2025_H3N2,plate8-A/Peru/GIHSN-04-1089/2025_H3N2,92,0.4937,0.4937
seqneut25to26_sera_1017_d0,A/Peru/GIHSN-04-1089/2025_H3N2,plate8-A/Peru/GIHSN-04-1089/2025_H3N2,212,0.6102,0.6102
seqneut25to26_sera_1017_d0,A/Peru/GIHSN-04-1089/2025_H3N2,plate8-A/Peru/GIHSN-04-1089/2025_H3N2,487,0.6186,0.6186
seqneut25to26_sera_1017_d0,A/Peru/GIHSN-04-1089/2025_H3N2,plate8-A/Peru/GIHSN-04-1089/2025_H3N2,1119,0.8079,0.8079
seqneut25to26_sera_1017_d0,A/Peru/GIHSN-04-1089/2025_H3N2,plate8-A/Peru/GIHSN-04-1089/2025_H3N2,2575,0.8341,0.8341
seqneut25to26_sera_1017_d0,A/Peru/GIHSN-04-1089/2025_H3N2,plate8-A/Peru/GIHSN-04-1089/2025_H3N2,5921,0.7081,0.7081
seqneut25to26_sera_1017_d0,A/Peru/GIHSN-04-1089/2025_H3N2,plate8-A/Peru/GIHSN-04-1089/2025_H3N2,1.362e+04,0.9609,0.9609
seqneut25to26_sera_1017_d0,A/Philippines/SARI25-1425/2025_H1N1,plate8-A/Philippines/SARI25-1425/2025_H1N1,40,0.3258,0.3258
seqneut25to26_sera_1017_d0,A/Philippines/SARI25-1425/2025_H1N1,plate8-A/Philippines/SARI25-1425/2025_H1N1,92,0.5488,0.5488
seqneut25to26_sera_1017_d0,A/Philippines/SARI25-1425/2025_H1N1,plate8-A/Philippines/SARI25-1425/2025_H1N1,212,0.7049,0.7049
seqneut25to26_sera_1017_d0,A/Philippines/SARI25-1425/2025_H1N1,plate8-A/Philippines/SARI25-1425/2025_H1N1,487,0.6409,0.6409
seqneut25to26_sera_1017_d0,A/Philippines/SARI25-1425/2025_H1N1,plate8-A/Philippines/SARI25-1425/2025_H1N1,1119,0.9354,0.9354
seqneut25to26_sera_1017_d0,A/Philippines/SARI25-1425/2025_H1N1,plate8-A/Philippines/SARI25-1425/2025_H1N1,2575,0.8212,0.8212
seqneut25to26_sera_1017_d0,A/Philippines/SARI25-1425/2025_H1N1,plate8-A/Philippines/SARI25-1425/2025_H1N1,5921,0.7824,0.7824
seqneut25to26_sera_1017_d0,A/Philippines/SARI25-1425/2025_H1N1,plate8-A/Philippines/SARI25-1425/2025_H1N1,1.362e+04,0.9543,0.9543
seqneut25to26_sera_1017_d0,A/Queensland/2526516675/2025_H3N2,plate8-A/Queensland/2526516675/2025_H3N2,40,0.2721,0.2721
seqneut25to26_sera_1017_d0,A/Queensland/2526516675/2025_H3N2,plate8-A/Queensland/2526516675/2025_H3N2,92,0.5471,0.5471
seqneut25to26_sera_1017_d0,A/Queensland/2526516675/2025_H3N2,plate8-A/Queensland/2526516675/2025_H3N2,212,0.6879,0.6879
seqneut25to26_sera_1017_d0,A/Queensland/2526516675/2025_H3N2,plate8-A/Queensland/2526516675/2025_H3N2,487,0.6958,0.6958
seqneut25to26_sera_1017_d0,A/Queensland/2526516675/2025_H3N2,plate8-A/Queensland/2526516675/2025_H3N2,1119,0.7621,0.7621
seqneut25to26_sera_1017_d0,A/Queensland/2526516675/2025_H3N2,plate8-A/Queensland/2526516675/2025_H3N2,2575,0.7241,0.7241
seqneut25to26_sera_1017_d0,A/Queensland/2526516675/2025_H3N2,plate8-A/Queensland/2526516675/2025_H3N2,5921,0.6903,0.6903
seqneut25to26_sera_1017_d0,A/Queensland/2526516675/2025_H3N2,plate8-A/Queensland/2526516675/2025_H3N2,1.362e+04,0.9211,0.9211
seqneut25to26_sera_1017_d0,A/SouthAfrica/PET37604/2025_H3N2,plate8-A/SouthAfrica/PET37604/2025_H3N2,40,0.0483,0.0483
seqneut25to26_sera_1017_d0,A/SouthAfrica/PET37604/2025_H3N2,plate8-A/SouthAfrica/PET37604/2025_H3N2,92,0.1492,0.1492
seqneut25to26_sera_1017_d0,A/SouthAfrica/PET37604/2025_H3N2,plate8-A/SouthAfrica/PET37604/2025_H3N2,212,0.5651,0.5651
seqneut25to26_sera_1017_d0,A/SouthAfrica/PET37604/2025_H3N2,plate8-A/SouthAfrica/PET37604/2025_H3N2,487,0.4798,0.4798
seqneut25to26_sera_1017_d0,A/SouthAfrica/PET37604/2025_H3N2,plate8-A/SouthAfrica/PET37604/2025_H3N2,1119,0.688,0.688
seqneut25to26_sera_1017_d0,A/SouthAfrica/PET37604/2025_H3N2,plate8-A/SouthAfrica/PET37604/2025_H3N2,2575,0.7288,0.7288
seqneut25to26_sera_1017_d0,A/SouthAfrica/PET37604/2025_H3N2,plate8-A/SouthAfrica/PET37604/2025_H3N2,5921,0.6963,0.6963
seqneut25to26_sera_1017_d0,A/SouthAfrica/PET37604/2025_H3N2,plate8-A/SouthAfrica/PET37604/2025_H3N2,1.362e+04,0.834,0.834
seqneut25to26_sera_1017_d0,A/SouthAfrica/PET37625/2025_H3N2,plate8-A/SouthAfrica/PET37625/2025_H3N2,40,0.1011,0.1011
seqneut25to26_sera_1017_d0,A/SouthAfrica/PET37625/2025_H3N2,plate8-A/SouthAfrica/PET37625/2025_H3N2,92,0.2891,0.2891
seqneut25to26_sera_1017_d0,A/SouthAfrica/PET37625/2025_H3N2,plate8-A/SouthAfrica/PET37625/2025_H3N2,212,0.5976,0.5976
seqneut25to26_sera_1017_d0,A/SouthAfrica/PET37625/2025_H3N2,plate8-A/SouthAfrica/PET37625/2025_H3N2,487,0.5095,0.5095
seqneut25to26_sera_1017_d0,A/SouthAfrica/PET37625/2025_H3N2,plate8-A/SouthAfrica/PET37625/2025_H3N2,1119,0.7491,0.7491
seqneut25to26_sera_1017_d0,A/SouthAfrica/PET37625/2025_H3N2,plate8-A/SouthAfrica/PET37625/2025_H3N2,2575,0.742,0.742
seqneut25to26_sera_1017_d0,A/SouthAfrica/PET37625/2025_H3N2,plate8-A/SouthAfrica/PET37625/2025_H3N2,5921,0.738,0.738
seqneut25to26_sera_1017_d0,A/SouthAfrica/PET37625/2025_H3N2,plate8-A/SouthAfrica/PET37625/2025_H3N2,1.362e+04,1.065,1
seqneut25to26_sera_1017_d0,A/SouthAustralia/2519001037/2025_H1N1,plate8-A/SouthAustralia/2519001037/2025_H1N1,40,0.05102,0.05102
seqneut25to26_sera_1017_d0,A/SouthAustralia/2519001037/2025_H1N1,plate8-A/SouthAustralia/2519001037/2025_H1N1,92,0.3956,0.3956
seqneut25to26_sera_1017_d0,A/SouthAustralia/2519001037/2025_H1N1,plate8-A/SouthAustralia/2519001037/2025_H1N1,212,0.5435,0.5435
seqneut25to26_sera_1017_d0,A/SouthAustralia/2519001037/2025_H1N1,plate8-A/SouthAustralia/2519001037/2025_H1N1,487,0.7453,0.7453
seqneut25to26_sera_1017_d0,A/SouthAustralia/2519001037/2025_H1N1,plate8-A/SouthAustralia/2519001037/2025_H1N1,1119,0.8558,0.8558
seqneut25to26_sera_1017_d0,A/SouthAustralia/2519001037/2025_H1N1,plate8-A/SouthAustralia/2519001037/2025_H1N1,2575,0.8224,0.8224
seqneut25to26_sera_1017_d0,A/SouthAustralia/2519001037/2025_H1N1,plate8-A/SouthAustralia/2519001037/2025_H1N1,5921,0.7914,0.7914
seqneut25to26_sera_1017_d0,A/SouthAustralia/2519001037/2025_H1N1,plate8-A/SouthAustralia/2519001037/2025_H1N1,1.362e+04,0.9436,0.9436
seqneut25to26_sera_1017_d0,A/SouthAustralia/2520702747/2025_H1N1,plate8-A/SouthAustralia/2520702747/2025_H1N1,40,0.008785,0.008785
seqneut25to26_sera_1017_d0,A/SouthAustralia/2520702747/2025_H1N1,plate8-A/SouthAustralia/2520702747/2025_H1N1,92,0.2963,0.2963
seqneut25to26_sera_1017_d0,A/SouthAustralia/2520702747/2025_H1N1,plate8-A/SouthAustralia/2520702747/2025_H1N1,212,0.6026,0.6026
seqneut25to26_sera_1017_d0,A/SouthAustralia/2520702747/2025_H1N1,plate8-A/SouthAustralia/2520702747/2025_H1N1,487,0.5666,0.5666
seqneut25to26_sera_1017_d0,A/SouthAustralia/2520702747/2025_H1N1,plate8-A/SouthAustralia/2520702747/2025_H1N1,1119,0.8423,0.8423
seqneut25to26_sera_1017_d0,A/SouthAustralia/2520702747/2025_H1N1,plate8-A/SouthAustralia/2520702747/2025_H1N1,2575,0.9552,0.9552
seqneut25to26_sera_1017_d0,A/SouthAustralia/2520702747/2025_H1N1,plate8-A/SouthAustralia/2520702747/2025_H1N1,5921,0.7476,0.7476
seqneut25to26_sera_1017_d0,A/SouthAustralia/2520702747/2025_H1N1,plate8-A/SouthAustralia/2520702747/2025_H1N1,1.362e+04,1.022,1
seqneut25to26_sera_1017_d0,A/SouthAustralia/2523012764/2025_H1N1,plate8-A/SouthAustralia/2523012764/2025_H1N1,40,0.03143,0.03143
seqneut25to26_sera_1017_d0,A/SouthAustralia/2523012764/2025_H1N1,plate8-A/SouthAustralia/2523012764/2025_H1N1,92,0.2338,0.2338
seqneut25to26_sera_1017_d0,A/SouthAustralia/2523012764/2025_H1N1,plate8-A/SouthAustralia/2523012764/2025_H1N1,212,0.6031,0.6031
seqneut25to26_sera_1017_d0,A/SouthAustralia/2523012764/2025_H1N1,plate8-A/SouthAustralia/2523012764/2025_H1N1,487,0.8195,0.8195
seqneut25to26_sera_1017_d0,A/SouthAustralia/2523012764/2025_H1N1,plate8-A/SouthAustralia/2523012764/2025_H1N1,1119,0.7493,0.7493
seqneut25to26_sera_1017_d0,A/SouthAustralia/2523012764/2025_H1N1,plate8-A/SouthAustralia/2523012764/2025_H1N1,2575,0.9548,0.9548
seqneut25to26_sera_1017_d0,A/SouthAustralia/2523012764/2025_H1N1,plate8-A/SouthAustralia/2523012764/2025_H1N1,5921,0.7601,0.7601
seqneut25to26_sera_1017_d0,A/SouthAustralia/2523012764/2025_H1N1,plate8-A/SouthAustralia/2523012764/2025_H1N1,1.362e+04,1.009,1
seqneut25to26_sera_1017_d0,A/SouthAustralia/2523812314/2025_H3N2,plate8-A/SouthAustralia/2523812314/2025_H3N2,40,0.08696,0.08696
seqneut25to26_sera_1017_d0,A/SouthAustralia/2523812314/2025_H3N2,plate8-A/SouthAustralia/2523812314/2025_H3N2,92,0.3196,0.3196
seqneut25to26_sera_1017_d0,A/SouthAustralia/2523812314/2025_H3N2,plate8-A/SouthAustralia/2523812314/2025_H3N2,212,0.4115,0.4115
seqneut25to26_sera_1017_d0,A/SouthAustralia/2523812314/2025_H3N2,plate8-A/SouthAustralia/2523812314/2025_H3N2,487,0.5061,0.5061
seqneut25to26_sera_1017_d0,A/SouthAustralia/2523812314/2025_H3N2,plate8-A/SouthAustralia/2523812314/2025_H3N2,1119,0.7426,0.7426
seqneut25to26_sera_1017_d0,A/SouthAustralia/2523812314/2025_H3N2,plate8-A/SouthAustralia/2523812314/2025_H3N2,2575,0.6713,0.6713
seqneut25to26_sera_1017_d0,A/SouthAustralia/2523812314/2025_H3N2,plate8-A/SouthAustralia/2523812314/2025_H3N2,5921,0.6446,0.6446
seqneut25to26_sera_1017_d0,A/SouthAustralia/2523812314/2025_H3N2,plate8-A/SouthAustralia/2523812314/2025_H3N2,1.362e+04,0.8841,0.8841
seqneut25to26_sera_1017_d0,A/SouthAustralia/2524408801/2025_H3N2,plate8-A/SouthAustralia/2524408801/2025_H3N2,40,0.4383,0.4383
seqneut25to26_sera_1017_d0,A/SouthAustralia/2524408801/2025_H3N2,plate8-A/SouthAustralia/2524408801/2025_H3N2,92,0.5847,0.5847
seqneut25to26_sera_1017_d0,A/SouthAustralia/2524408801/2025_H3N2,plate8-A/SouthAustralia/2524408801/2025_H3N2,212,0.6424,0.6424
seqneut25to26_sera_1017_d0,A/SouthAustralia/2524408801/2025_H3N2,plate8-A/SouthAustralia/2524408801/2025_H3N2,487,0.6359,0.6359
seqneut25to26_sera_1017_d0,A/SouthAustralia/2524408801/2025_H3N2,plate8-A/SouthAustralia/2524408801/2025_H3N2,1119,0.6195,0.6195
seqneut25to26_sera_1017_d0,A/SouthAustralia/2524408801/2025_H3N2,plate8-A/SouthAustralia/2524408801/2025_H3N2,2575,0.6403,0.6403
seqneut25to26_sera_1017_d0,A/SouthAustralia/2524408801/2025_H3N2,plate8-A/SouthAustralia/2524408801/2025_H3N2,5921,0.5929,0.5929
seqneut25to26_sera_1017_d0,A/SouthAustralia/2524408801/2025_H3N2,plate8-A/SouthAustralia/2524408801/2025_H3N2,1.362e+04,0.6841,0.6841
seqneut25to26_sera_1017_d0,A/SouthAustralia/2524712956/2025_H1N1,plate8-A/SouthAustralia/2524712956/2025_H1N1,40,0.06356,0.06356
seqneut25to26_sera_1017_d0,A/SouthAustralia/2524712956/2025_H1N1,plate8-A/SouthAustralia/2524712956/2025_H1N1,92,0.3506,0.3506
seqneut25to26_sera_1017_d0,A/SouthAustralia/2524712956/2025_H1N1,plate8-A/SouthAustralia/2524712956/2025_H1N1,212,0.6167,0.6167
seqneut25to26_sera_1017_d0,A/SouthAustralia/2524712956/2025_H1N1,plate8-A/SouthAustralia/2524712956/2025_H1N1,487,0.8284,0.8284
seqneut25to26_sera_1017_d0,A/SouthAustralia/2524712956/2025_H1N1,plate8-A/SouthAustralia/2524712956/2025_H1N1,1119,0.8055,0.8055
seqneut25to26_sera_1017_d0,A/SouthAustralia/2524712956/2025_H1N1,plate8-A/SouthAustralia/2524712956/2025_H1N1,2575,0.9633,0.9633
seqneut25to26_sera_1017_d0,A/SouthAustralia/2524712956/2025_H1N1,plate8-A/SouthAustralia/2524712956/2025_H1N1,5921,0.8507,0.8507
seqneut25to26_sera_1017_d0,A/SouthAustralia/2524712956/2025_H1N1,plate8-A/SouthAustralia/2524712956/2025_H1N1,1.362e+04,1.161,1
seqneut25to26_sera_1017_d0,A/SouthAustralia/2525607496/2025_H3N2,plate8-A/SouthAustralia/2525607496/2025_H3N2,40,0.000174,0.000174
seqneut25to26_sera_1017_d0,A/SouthAustralia/2525607496/2025_H3N2,plate8-A/SouthAustralia/2525607496/2025_H3N2,92,0.087,0.087
seqneut25to26_sera_1017_d0,A/SouthAustralia/2525607496/2025_H3N2,plate8-A/SouthAustralia/2525607496/2025_H3N2,212,0.4072,0.4072
seqneut25to26_sera_1017_d0,A/SouthAustralia/2525607496/2025_H3N2,plate8-A/SouthAustralia/2525607496/2025_H3N2,487,0.7986,0.7986
seqneut25to26_sera_1017_d0,A/SouthAustralia/2525607496/2025_H3N2,plate8-A/SouthAustralia/2525607496/2025_H3N2,1119,0.8129,0.8129
seqneut25to26_sera_1017_d0,A/SouthAustralia/2525607496/2025_H3N2,plate8-A/SouthAustralia/2525607496/2025_H3N2,2575,0.8329,0.8329
seqneut25to26_sera_1017_d0,A/SouthAustralia/2525607496/2025_H3N2,plate8-A/SouthAustralia/2525607496/2025_H3N2,5921,0.6799,0.6799
seqneut25to26_sera_1017_d0,A/SouthAustralia/2525607496/2025_H3N2,plate8-A/SouthAustralia/2525607496/2025_H3N2,1.362e+04,1.124,1
seqneut25to26_sera_1017_d0,A/SouthAustralia/2527003588/2025_H3N2,plate8-A/SouthAustralia/2527003588/2025_H3N2,40,0.5317,0.5317
seqneut25to26_sera_1017_d0,A/SouthAustralia/2527003588/2025_H3N2,plate8-A/SouthAustralia/2527003588/2025_H3N2,92,1.112,1
seqneut25to26_sera_1017_d0,A/SouthAustralia/2527003588/2025_H3N2,plate8-A/SouthAustralia/2527003588/2025_H3N2,212,0.7907,0.7907
seqneut25to26_sera_1017_d0,A/SouthAustralia/2527003588/2025_H3N2,plate8-A/SouthAustralia/2527003588/2025_H3N2,487,0.8664,0.8664
seqneut25to26_sera_1017_d0,A/SouthAustralia/2527003588/2025_H3N2,plate8-A/SouthAustralia/2527003588/2025_H3N2,1119,0.7452,0.7452
seqneut25to26_sera_1017_d0,A/SouthAustralia/2527003588/2025_H3N2,plate8-A/SouthAustralia/2527003588/2025_H3N2,2575,0.7687,0.7687
seqneut25to26_sera_1017_d0,A/SouthAustralia/2527003588/2025_H3N2,plate8-A/SouthAustralia/2527003588/2025_H3N2,5921,0.5169,0.5169
seqneut25to26_sera_1017_d0,A/SouthAustralia/2527003588/2025_H3N2,plate8-A/SouthAustralia/2527003588/2025_H3N2,1.362e+04,0.9419,0.9419
seqneut25to26_sera_1017_d0,A/SouthAustralia/2527213276/2025_H3N2,plate8-A/SouthAustralia/2527213276/2025_H3N2,40,0.3776,0.3776
seqneut25to26_sera_1017_d0,A/SouthAustralia/2527213276/2025_H3N2,plate8-A/SouthAustralia/2527213276/2025_H3N2,92,0.5091,0.5091
seqneut25to26_sera_1017_d0,A/SouthAustralia/2527213276/2025_H3N2,plate8-A/SouthAustralia/2527213276/2025_H3N2,212,0.6228,0.6228
seqneut25to26_sera_1017_d0,A/SouthAustralia/2527213276/2025_H3N2,plate8-A/SouthAustralia/2527213276/2025_H3N2,487,0.7775,0.7775
seqneut25to26_sera_1017_d0,A/SouthAustralia/2527213276/2025_H3N2,plate8-A/SouthAustralia/2527213276/2025_H3N2,1119,0.8128,0.8128
seqneut25to26_sera_1017_d0,A/SouthAustralia/2527213276/2025_H3N2,plate8-A/SouthAustralia/2527213276/2025_H3N2,2575,0.7693,0.7693
seqneut25to26_sera_1017_d0,A/SouthAustralia/2527213276/2025_H3N2,plate8-A/SouthAustralia/2527213276/2025_H3N2,5921,0.604,0.604
seqneut25to26_sera_1017_d0,A/SouthAustralia/2527213276/2025_H3N2,plate8-A/SouthAustralia/2527213276/2025_H3N2,1.362e+04,0.8776,0.8776
seqneut25to26_sera_1017_d0,A/SouthAustralia/2527612456/2025_H1N1,plate8-A/SouthAustralia/2527612456/2025_H1N1,40,0.07475,0.07475
seqneut25to26_sera_1017_d0,A/SouthAustralia/2527612456/2025_H1N1,plate8-A/SouthAustralia/2527612456/2025_H1N1,92,0.6337,0.6337
seqneut25to26_sera_1017_d0,A/SouthAustralia/2527612456/2025_H1N1,plate8-A/SouthAustralia/2527612456/2025_H1N1,212,0.7559,0.7559
seqneut25to26_sera_1017_d0,A/SouthAustralia/2527612456/2025_H1N1,plate8-A/SouthAustralia/2527612456/2025_H1N1,487,0.6379,0.6379
seqneut25to26_sera_1017_d0,A/SouthAustralia/2527612456/2025_H1N1,plate8-A/SouthAustralia/2527612456/2025_H1N1,1119,1.029,1
seqneut25to26_sera_1017_d0,A/SouthAustralia/2527612456/2025_H1N1,plate8-A/SouthAustralia/2527612456/2025_H1N1,2575,0.8242,0.8242
seqneut25to26_sera_1017_d0,A/SouthAustralia/2527612456/2025_H1N1,plate8-A/SouthAustralia/2527612456/2025_H1N1,5921,0.9049,0.9049
seqneut25to26_sera_1017_d0,A/SouthAustralia/2527612456/2025_H1N1,plate8-A/SouthAustralia/2527612456/2025_H1N1,1.362e+04,1.136,1
seqneut25to26_sera_1017_d0,A/SouthAustralia/2527902708/2025_H3N2,plate8-A/SouthAustralia/2527902708/2025_H3N2,40,0.6797,0.6797
seqneut25to26_sera_1017_d0,A/SouthAustralia/2527902708/2025_H3N2,plate8-A/SouthAustralia/2527902708/2025_H3N2,92,0.5737,0.5737
seqneut25to26_sera_1017_d0,A/SouthAustralia/2527902708/2025_H3N2,plate8-A/SouthAustralia/2527902708/2025_H3N2,212,0.7195,0.7195
seqneut25to26_sera_1017_d0,A/SouthAustralia/2527902708/2025_H3N2,plate8-A/SouthAustralia/2527902708/2025_H3N2,487,0.7312,0.7312
seqneut25to26_sera_1017_d0,A/SouthAustralia/2527902708/2025_H3N2,plate8-A/SouthAustralia/2527902708/2025_H3N2,1119,0.6417,0.6417
seqneut25to26_sera_1017_d0,A/SouthAustralia/2527902708/2025_H3N2,plate8-A/SouthAustralia/2527902708/2025_H3N2,2575,1.105,1
seqneut25to26_sera_1017_d0,A/SouthAustralia/2527902708/2025_H3N2,plate8-A/SouthAustralia/2527902708/2025_H3N2,5921,0.739,0.739
seqneut25to26_sera_1017_d0,A/SouthAustralia/2527902708/2025_H3N2,plate8-A/SouthAustralia/2527902708/2025_H3N2,1.362e+04,0.9548,0.9548
seqneut25to26_sera_1017_d0,A/Sydney/1359/2024_H3N2,plate8-A/Sydney/1359/2024_H3N2,40,0.05824,0.05824
seqneut25to26_sera_1017_d0,A/Sydney/1359/2024_H3N2,plate8-A/Sydney/1359/2024_H3N2,92,0.2833,0.2833
seqneut25to26_sera_1017_d0,A/Sydney/1359/2024_H3N2,plate8-A/Sydney/1359/2024_H3N2,212,0.5058,0.5058
seqneut25to26_sera_1017_d0,A/Sydney/1359/2024_H3N2,plate8-A/Sydney/1359/2024_H3N2,487,0.6453,0.6453
seqneut25to26_sera_1017_d0,A/Sydney/1359/2024_H3N2,plate8-A/Sydney/1359/2024_H3N2,1119,0.6305,0.6305
seqneut25to26_sera_1017_d0,A/Sydney/1359/2024_H3N2,plate8-A/Sydney/1359/2024_H3N2,2575,0.696,0.696
seqneut25to26_sera_1017_d0,A/Sydney/1359/2024_H3N2,plate8-A/Sydney/1359/2024_H3N2,5921,0.7287,0.7287
seqneut25to26_sera_1017_d0,A/Sydney/1359/2024_H3N2,plate8-A/Sydney/1359/2024_H3N2,1.362e+04,0.7249,0.7249
seqneut25to26_sera_1017_d0,A/Sydney/400/2025_H1N1,plate8-A/Sydney/400/2025_H1N1,40,0.1014,0.1014
seqneut25to26_sera_1017_d0,A/Sydney/400/2025_H1N1,plate8-A/Sydney/400/2025_H1N1,92,0.4753,0.4753
seqneut25to26_sera_1017_d0,A/Sydney/400/2025_H1N1,plate8-A/Sydney/400/2025_H1N1,212,0.8361,0.8361
seqneut25to26_sera_1017_d0,A/Sydney/400/2025_H1N1,plate8-A/Sydney/400/2025_H1N1,487,0.7716,0.7716
seqneut25to26_sera_1017_d0,A/Sydney/400/2025_H1N1,plate8-A/Sydney/400/2025_H1N1,1119,0.8385,0.8385
seqneut25to26_sera_1017_d0,A/Sydney/400/2025_H1N1,plate8-A/Sydney/400/2025_H1N1,2575,0.9944,0.9944
seqneut25to26_sera_1017_d0,A/Sydney/400/2025_H1N1,plate8-A/Sydney/400/2025_H1N1,5921,0.8986,0.8986
seqneut25to26_sera_1017_d0,A/Sydney/400/2025_H1N1,plate8-A/Sydney/400/2025_H1N1,1.362e+04,1.114,1
seqneut25to26_sera_1017_d0,A/Tasmania/2521815682/2025_H3N2,plate8-A/Tasmania/2521815682/2025_H3N2,40,0.3314,0.3314
seqneut25to26_sera_1017_d0,A/Tasmania/2521815682/2025_H3N2,plate8-A/Tasmania/2521815682/2025_H3N2,92,0.7842,0.7842
seqneut25to26_sera_1017_d0,A/Tasmania/2521815682/2025_H3N2,plate8-A/Tasmania/2521815682/2025_H3N2,212,0.6961,0.6961
seqneut25to26_sera_1017_d0,A/Tasmania/2521815682/2025_H3N2,plate8-A/Tasmania/2521815682/2025_H3N2,487,0.6999,0.6999
seqneut25to26_sera_1017_d0,A/Tasmania/2521815682/2025_H3N2,plate8-A/Tasmania/2521815682/2025_H3N2,1119,0.9004,0.9004
seqneut25to26_sera_1017_d0,A/Tasmania/2521815682/2025_H3N2,plate8-A/Tasmania/2521815682/2025_H3N2,2575,0.7899,0.7899
seqneut25to26_sera_1017_d0,A/Tasmania/2521815682/2025_H3N2,plate8-A/Tasmania/2521815682/2025_H3N2,5921,0.6678,0.6678
seqneut25to26_sera_1017_d0,A/Tasmania/2521815682/2025_H3N2,plate8-A/Tasmania/2521815682/2025_H3N2,1.362e+04,0.9898,0.9898
seqneut25to26_sera_1017_d0,A/Thailand/8/2022_H3N2,plate8-A/Thailand/8/2022_H3N2,40,0.02215,0.02215
seqneut25to26_sera_1017_d0,A/Thailand/8/2022_H3N2,plate8-A/Thailand/8/2022_H3N2,92,0.05849,0.05849
seqneut25to26_sera_1017_d0,A/Thailand/8/2022_H3N2,plate8-A/Thailand/8/2022_H3N2,212,0.1578,0.1578
seqneut25to26_sera_1017_d0,A/Thailand/8/2022_H3N2,plate8-A/Thailand/8/2022_H3N2,487,0.2639,0.2639
seqneut25to26_sera_1017_d0,A/Thailand/8/2022_H3N2,plate8-A/Thailand/8/2022_H3N2,1119,0.5715,0.5715
seqneut25to26_sera_1017_d0,A/Thailand/8/2022_H3N2,plate8-A/Thailand/8/2022_H3N2,2575,0.6971,0.6971
seqneut25to26_sera_1017_d0,A/Thailand/8/2022_H3N2,plate8-A/Thailand/8/2022_H3N2,5921,0.5745,0.5745
seqneut25to26_sera_1017_d0,A/Thailand/8/2022_H3N2,plate8-A/Thailand/8/2022_H3N2,1.362e+04,0.8767,0.8767
seqneut25to26_sera_1017_d0,A/Vermont/73/2025_H3N2,plate8-A/Vermont/73/2025_H3N2,40,0.3455,0.3455
seqneut25to26_sera_1017_d0,A/Vermont/73/2025_H3N2,plate8-A/Vermont/73/2025_H3N2,92,0.7327,0.7327
seqneut25to26_sera_1017_d0,A/Vermont/73/2025_H3N2,plate8-A/Vermont/73/2025_H3N2,212,0.5492,0.5492
seqneut25to26_sera_1017_d0,A/Vermont/73/2025_H3N2,plate8-A/Vermont/73/2025_H3N2,487,0.5927,0.5927
seqneut25to26_sera_1017_d0,A/Vermont/73/2025_H3N2,plate8-A/Vermont/73/2025_H3N2,1119,0.7825,0.7825
seqneut25to26_sera_1017_d0,A/Vermont/73/2025_H3N2,plate8-A/Vermont/73/2025_H3N2,2575,0.7074,0.7074
seqneut25to26_sera_1017_d0,A/Vermont/73/2025_H3N2,plate8-A/Vermont/73/2025_H3N2,5921,0.7684,0.7684
seqneut25to26_sera_1017_d0,A/Vermont/73/2025_H3N2,plate8-A/Vermont/73/2025_H3N2,1.362e+04,0.8048,0.8048
seqneut25to26_sera_1017_d0,A/Victoria/4897/2022_IVR-238_H1N1,plate8-A/Victoria/4897/2022_IVR-238_H1N1,40,0,0
seqneut25to26_sera_1017_d0,A/Victoria/4897/2022_IVR-238_H1N1,plate8-A/Victoria/4897/2022_IVR-238_H1N1,92,0,0
seqneut25to26_sera_1017_d0,A/Victoria/4897/2022_IVR-238_H1N1,plate8-A/Victoria/4897/2022_IVR-238_H1N1,212,0.007756,0.007756
seqneut25to26_sera_1017_d0,A/Victoria/4897/2022_IVR-238_H1N1,plate8-A/Victoria/4897/2022_IVR-238_H1N1,487,0.266,0.266
seqneut25to26_sera_1017_d0,A/Victoria/4897/2022_IVR-238_H1N1,plate8-A/Victoria/4897/2022_IVR-238_H1N1,1119,0.5557,0.5557
seqneut25to26_sera_1017_d0,A/Victoria/4897/2022_IVR-238_H1N1,plate8-A/Victoria/4897/2022_IVR-238_H1N1,2575,0.9232,0.9232
seqneut25to26_sera_1017_d0,A/Victoria/4897/2022_IVR-238_H1N1,plate8-A/Victoria/4897/2022_IVR-238_H1N1,5921,0.7985,0.7985
seqneut25to26_sera_1017_d0,A/Victoria/4897/2022_IVR-238_H1N1,plate8-A/Victoria/4897/2022_IVR-238_H1N1,1.362e+04,1.049,1
seqneut25to26_sera_1017_d0,A/Wisconsin/588/2019_H1N1,plate8-A/Wisconsin/588/2019_H1N1,40,0.01176,0.01176
seqneut25to26_sera_1017_d0,A/Wisconsin/588/2019_H1N1,plate8-A/Wisconsin/588/2019_H1N1,92,0.1965,0.1965
seqneut25to26_sera_1017_d0,A/Wisconsin/588/2019_H1N1,plate8-A/Wisconsin/588/2019_H1N1,212,0.4912,0.4912
seqneut25to26_sera_1017_d0,A/Wisconsin/588/2019_H1N1,plate8-A/Wisconsin/588/2019_H1N1,487,0.63,0.63
seqneut25to26_sera_1017_d0,A/Wisconsin/588/2019_H1N1,plate8-A/Wisconsin/588/2019_H1N1,1119,0.8167,0.8167
seqneut25to26_sera_1017_d0,A/Wisconsin/588/2019_H1N1,plate8-A/Wisconsin/588/2019_H1N1,2575,0.9475,0.9475
seqneut25to26_sera_1017_d0,A/Wisconsin/588/2019_H1N1,plate8-A/Wisconsin/588/2019_H1N1,5921,0.8133,0.8133
seqneut25to26_sera_1017_d0,A/Wisconsin/588/2019_H1N1,plate8-A/Wisconsin/588/2019_H1N1,1.362e+04,1.209,1
seqneut25to26_sera_1017_d0,A/Wisconsin/67/2022_H1N1,plate8-A/Wisconsin/67/2022_H1N1,40,0.02658,0.02658
seqneut25to26_sera_1017_d0,A/Wisconsin/67/2022_H1N1,plate8-A/Wisconsin/67/2022_H1N1,92,0.296,0.296
seqneut25to26_sera_1017_d0,A/Wisconsin/67/2022_H1N1,plate8-A/Wisconsin/67/2022_H1N1,212,0.4685,0.4685
seqneut25to26_sera_1017_d0,A/Wisconsin/67/2022_H1N1,plate8-A/Wisconsin/67/2022_H1N1,487,0.6373,0.6373
seqneut25to26_sera_1017_d0,A/Wisconsin/67/2022_H1N1,plate8-A/Wisconsin/67/2022_H1N1,1119,0.8457,0.8457
seqneut25to26_sera_1017_d0,A/Wisconsin/67/2022_H1N1,plate8-A/Wisconsin/67/2022_H1N1,2575,0.8607,0.8607
seqneut25to26_sera_1017_d0,A/Wisconsin/67/2022_H1N1,plate8-A/Wisconsin/67/2022_H1N1,5921,0.8086,0.8086
seqneut25to26_sera_1017_d0,A/Wisconsin/67/2022_H1N1,plate8-A/Wisconsin/67/2022_H1N1,1.362e+04,1.034,1
seqneut25to26_sera_1017_d0,A/Zacapa/FLU-261/2025_H1N1,plate8-A/Zacapa/FLU-261/2025_H1N1,40,0.05542,0.05542
seqneut25to26_sera_1017_d0,A/Zacapa/FLU-261/2025_H1N1,plate8-A/Zacapa/FLU-261/2025_H1N1,92,0.4061,0.4061
seqneut25to26_sera_1017_d0,A/Zacapa/FLU-261/2025_H1N1,plate8-A/Zacapa/FLU-261/2025_H1N1,212,0.6137,0.6137
seqneut25to26_sera_1017_d0,A/Zacapa/FLU-261/2025_H1N1,plate8-A/Zacapa/FLU-261/2025_H1N1,487,0.7531,0.7531
seqneut25to26_sera_1017_d0,A/Zacapa/FLU-261/2025_H1N1,plate8-A/Zacapa/FLU-261/2025_H1N1,1119,0.8359,0.8359
seqneut25to26_sera_1017_d0,A/Zacapa/FLU-261/2025_H1N1,plate8-A/Zacapa/FLU-261/2025_H1N1,2575,0.9841,0.9841
seqneut25to26_sera_1017_d0,A/Zacapa/FLU-261/2025_H1N1,plate8-A/Zacapa/FLU-261/2025_H1N1,5921,0.8192,0.8192
seqneut25to26_sera_1017_d0,A/Zacapa/FLU-261/2025_H1N1,plate8-A/Zacapa/FLU-261/2025_H1N1,1.362e+04,1.105,1
seqneut25to26_sera_1017_d28,A/Alagoas/4130/2025_H3N2,plate8-A/Alagoas/4130/2025_H3N2,40,0.01567,0.01567
seqneut25to26_sera_1017_d28,A/Alagoas/4130/2025_H3N2,plate8-A/Alagoas/4130/2025_H3N2,92,0.08265,0.08265
seqneut25to26_sera_1017_d28,A/Alagoas/4130/2025_H3N2,plate8-A/Alagoas/4130/2025_H3N2,212,0.2593,0.2593
seqneut25to26_sera_1017_d28,A/Alagoas/4130/2025_H3N2,plate8-A/Alagoas/4130/2025_H3N2,487,0.4638,0.4638
seqneut25to26_sera_1017_d28,A/Alagoas/4130/2025_H3N2,plate8-A/Alagoas/4130/2025_H3N2,1119,0.5611,0.5611
seqneut25to26_sera_1017_d28,A/Alagoas/4130/2025_H3N2,plate8-A/Alagoas/4130/2025_H3N2,2575,0.7915,0.7915
seqneut25to26_sera_1017_d28,A/Alagoas/4130/2025_H3N2,plate8-A/Alagoas/4130/2025_H3N2,5921,0.6958,0.6958
seqneut25to26_sera_1017_d28,A/Alagoas/4130/2025_H3N2,plate8-A/Alagoas/4130/2025_H3N2,1.362e+04,0.9216,0.9216
seqneut25to26_sera_1017_d28,A/Anapolis/LEIAL6543/2025_H3N2,plate8-A/Anapolis/LEIAL6543/2025_H3N2,40,0.01998,0.01998
seqneut25to26_sera_1017_d28,A/Anapolis/LEIAL6543/2025_H3N2,plate8-A/Anapolis/LEIAL6543/2025_H3N2,92,0.1007,0.1007
seqneut25to26_sera_1017_d28,A/Anapolis/LEIAL6543/2025_H3N2,plate8-A/Anapolis/LEIAL6543/2025_H3N2,212,0.2908,0.2908
seqneut25to26_sera_1017_d28,A/Anapolis/LEIAL6543/2025_H3N2,plate8-A/Anapolis/LEIAL6543/2025_H3N2,487,0.3695,0.3695
seqneut25to26_sera_1017_d28,A/Anapolis/LEIAL6543/2025_H3N2,plate8-A/Anapolis/LEIAL6543/2025_H3N2,1119,0.6845,0.6845
seqneut25to26_sera_1017_d28,A/Anapolis/LEIAL6543/2025_H3N2,plate8-A/Anapolis/LEIAL6543/2025_H3N2,2575,0.6815,0.6815
seqneut25to26_sera_1017_d28,A/Anapolis/LEIAL6543/2025_H3N2,plate8-A/Anapolis/LEIAL6543/2025_H3N2,5921,0.6543,0.6543
seqneut25to26_sera_1017_d28,A/Anapolis/LEIAL6543/2025_H3N2,plate8-A/Anapolis/LEIAL6543/2025_H3N2,1.362e+04,0.7933,0.7933
seqneut25to26_sera_1017_d28,A/Andalucia/PMC-00977/2025_H1N1,plate8-A/Andalucia/PMC-00977/2025_H1N1,40,0.000246,0.000246
seqneut25to26_sera_1017_d28,A/Andalucia/PMC-00977/2025_H1N1,plate8-A/Andalucia/PMC-00977/2025_H1N1,92,0.00113,0.00113
seqneut25to26_sera_1017_d28,A/Andalucia/PMC-00977/2025_H1N1,plate8-A/Andalucia/PMC-00977/2025_H1N1,212,0.007521,0.007521
seqneut25to26_sera_1017_d28,A/Andalucia/PMC-00977/2025_H1N1,plate8-A/Andalucia/PMC-00977/2025_H1N1,487,0.2861,0.2861
seqneut25to26_sera_1017_d28,A/Andalucia/PMC-00977/2025_H1N1,plate8-A/Andalucia/PMC-00977/2025_H1N1,1119,0.5442,0.5442
seqneut25to26_sera_1017_d28,A/Andalucia/PMC-00977/2025_H1N1,plate8-A/Andalucia/PMC-00977/2025_H1N1,2575,0.7936,0.7936
seqneut25to26_sera_1017_d28,A/Andalucia/PMC-00977/2025_H1N1,plate8-A/Andalucia/PMC-00977/2025_H1N1,5921,0.8095,0.8095
seqneut25to26_sera_1017_d28,A/Andalucia/PMC-00977/2025_H1N1,plate8-A/Andalucia/PMC-00977/2025_H1N1,1.362e+04,1.089,1
seqneut25to26_sera_1017_d28,A/Aragon/2046/2025_H1N1,plate8-A/Aragon/2046/2025_H1N1,40,5.37e-05,5.37e-05
seqneut25to26_sera_1017_d28,A/Aragon/2046/2025_H1N1,plate8-A/Aragon/2046/2025_H1N1,92,3.806e-05,3.806e-05
seqneut25to26_sera_1017_d28,A/Aragon/2046/2025_H1N1,plate8-A/Aragon/2046/2025_H1N1,212,0.008597,0.008597
seqneut25to26_sera_1017_d28,A/Aragon/2046/2025_H1N1,plate8-A/Aragon/2046/2025_H1N1,487,0.259,0.259
seqneut25to26_sera_1017_d28,A/Aragon/2046/2025_H1N1,plate8-A/Aragon/2046/2025_H1N1,1119,0.5021,0.5021
seqneut25to26_sera_1017_d28,A/Aragon/2046/2025_H1N1,plate8-A/Aragon/2046/2025_H1N1,2575,0.6972,0.6972
seqneut25to26_sera_1017_d28,A/Aragon/2046/2025_H1N1,plate8-A/Aragon/2046/2025_H1N1,5921,0.8154,0.8154
seqneut25to26_sera_1017_d28,A/Aragon/2046/2025_H1N1,plate8-A/Aragon/2046/2025_H1N1,1.362e+04,0.9469,0.9469
seqneut25to26_sera_1017_d28,A/Arica/59150/2025_H3N2,plate8-A/Arica/59150/2025_H3N2,40,0.0186,0.0186
seqneut25to26_sera_1017_d28,A/Arica/59150/2025_H3N2,plate8-A/Arica/59150/2025_H3N2,92,0.07728,0.07728
seqneut25to26_sera_1017_d28,A/Arica/59150/2025_H3N2,plate8-A/Arica/59150/2025_H3N2,212,0.2844,0.2844
seqneut25to26_sera_1017_d28,A/Arica/59150/2025_H3N2,plate8-A/Arica/59150/2025_H3N2,487,0.4464,0.4464
seqneut25to26_sera_1017_d28,A/Arica/59150/2025_H3N2,plate8-A/Arica/59150/2025_H3N2,1119,0.5681,0.5681
seqneut25to26_sera_1017_d28,A/Arica/59150/2025_H3N2,plate8-A/Arica/59150/2025_H3N2,2575,0.7365,0.7365
seqneut25to26_sera_1017_d28,A/Arica/59150/2025_H3N2,plate8-A/Arica/59150/2025_H3N2,5921,0.8213,0.8213
seqneut25to26_sera_1017_d28,A/Arica/59150/2025_H3N2,plate8-A/Arica/59150/2025_H3N2,1.362e+04,1.001,1
seqneut25to26_sera_1017_d28,A/Bahia/3102/2025_H3N2,plate8-A/Bahia/3102/2025_H3N2,40,0.009545,0.009545
seqneut25to26_sera_1017_d28,A/Bahia/3102/2025_H3N2,plate8-A/Bahia/3102/2025_H3N2,92,0.1069,0.1069
seqneut25to26_sera_1017_d28,A/Bahia/3102/2025_H3N2,plate8-A/Bahia/3102/2025_H3N2,212,0.1935,0.1935
seqneut25to26_sera_1017_d28,A/Bahia/3102/2025_H3N2,plate8-A/Bahia/3102/2025_H3N2,487,0.3671,0.3671
seqneut25to26_sera_1017_d28,A/Bahia/3102/2025_H3N2,plate8-A/Bahia/3102/2025_H3N2,1119,0.5642,0.5642
seqneut25to26_sera_1017_d28,A/Bahia/3102/2025_H3N2,plate8-A/Bahia/3102/2025_H3N2,2575,0.7592,0.7592
seqneut25to26_sera_1017_d28,A/Bahia/3102/2025_H3N2,plate8-A/Bahia/3102/2025_H3N2,5921,0.7252,0.7252
seqneut25to26_sera_1017_d28,A/Bahia/3102/2025_H3N2,plate8-A/Bahia/3102/2025_H3N2,1.362e+04,0.9278,0.9278
seqneut25to26_sera_1017_d28,A/Bangkok/1803/2025_H1N1,plate8-A/Bangkok/1803/2025_H1N1,40,0.0006148,0.0006148
seqneut25to26_sera_1017_d28,A/Bangkok/1803/2025_H1N1,plate8-A/Bangkok/1803/2025_H1N1,92,0.04619,0.04619
seqneut25to26_sera_1017_d28,A/Bangkok/1803/2025_H1N1,plate8-A/Bangkok/1803/2025_H1N1,212,0.3467,0.3467
seqneut25to26_sera_1017_d28,A/Bangkok/1803/2025_H1N1,plate8-A/Bangkok/1803/2025_H1N1,487,0.6999,0.6999
seqneut25to26_sera_1017_d28,A/Bangkok/1803/2025_H1N1,plate8-A/Bangkok/1803/2025_H1N1,1119,0.7382,0.7382
seqneut25to26_sera_1017_d28,A/Bangkok/1803/2025_H1N1,plate8-A/Bangkok/1803/2025_H1N1,2575,1.031,1
seqneut25to26_sera_1017_d28,A/Bangkok/1803/2025_H1N1,plate8-A/Bangkok/1803/2025_H1N1,5921,0.9693,0.9693
seqneut25to26_sera_1017_d28,A/Bangkok/1803/2025_H1N1,plate8-A/Bangkok/1803/2025_H1N1,1.362e+04,0.9756,0.9756
seqneut25to26_sera_1017_d28,A/Bangkok/P2229/2025_H1N1,plate8-A/Bangkok/P2229/2025_H1N1,40,0.0005668,0.0005668
seqneut25to26_sera_1017_d28,A/Bangkok/P2229/2025_H1N1,plate8-A/Bangkok/P2229/2025_H1N1,92,0.01281,0.01281
seqneut25to26_sera_1017_d28,A/Bangkok/P2229/2025_H1N1,plate8-A/Bangkok/P2229/2025_H1N1,212,0.01796,0.01796
seqneut25to26_sera_1017_d28,A/Bangkok/P2229/2025_H1N1,plate8-A/Bangkok/P2229/2025_H1N1,487,0.2762,0.2762
seqneut25to26_sera_1017_d28,A/Bangkok/P2229/2025_H1N1,plate8-A/Bangkok/P2229/2025_H1N1,1119,0.5406,0.5406
seqneut25to26_sera_1017_d28,A/Bangkok/P2229/2025_H1N1,plate8-A/Bangkok/P2229/2025_H1N1,2575,0.7363,0.7363
seqneut25to26_sera_1017_d28,A/Bangkok/P2229/2025_H1N1,plate8-A/Bangkok/P2229/2025_H1N1,5921,0.7813,0.7813
seqneut25to26_sera_1017_d28,A/Bangkok/P2229/2025_H1N1,plate8-A/Bangkok/P2229/2025_H1N1,1.362e+04,0.8682,0.8682
seqneut25to26_sera_1017_d28,A/Bangkok/P2323/2025_H3N2,plate8-A/Bangkok/P2323/2025_H3N2,40,0.02176,0.02176
seqneut25to26_sera_1017_d28,A/Bangkok/P2323/2025_H3N2,plate8-A/Bangkok/P2323/2025_H3N2,92,0.2161,0.2161
seqneut25to26_sera_1017_d28,A/Bangkok/P2323/2025_H3N2,plate8-A/Bangkok/P2323/2025_H3N2,212,0.4985,0.4985
seqneut25to26_sera_1017_d28,A/Bangkok/P2323/2025_H3N2,plate8-A/Bangkok/P2323/2025_H3N2,487,0.529,0.529
seqneut25to26_sera_1017_d28,A/Bangkok/P2323/2025_H3N2,plate8-A/Bangkok/P2323/2025_H3N2,1119,0.8038,0.8038
seqneut25to26_sera_1017_d28,A/Bangkok/P2323/2025_H3N2,plate8-A/Bangkok/P2323/2025_H3N2,2575,0.8104,0.8104
seqneut25to26_sera_1017_d28,A/Bangkok/P2323/2025_H3N2,plate8-A/Bangkok/P2323/2025_H3N2,5921,0.8288,0.8288
seqneut25to26_sera_1017_d28,A/Bangkok/P2323/2025_H3N2,plate8-A/Bangkok/P2323/2025_H3N2,1.362e+04,0.8326,0.8326
seqneut25to26_sera_1017_d28,A/Bangkok/P2390/2025_H3N2,plate8-A/Bangkok/P2390/2025_H3N2,40,0.03973,0.03973
seqneut25to26_sera_1017_d28,A/Bangkok/P2390/2025_H3N2,plate8-A/Bangkok/P2390/2025_H3N2,92,0.1441,0.1441
seqneut25to26_sera_1017_d28,A/Bangkok/P2390/2025_H3N2,plate8-A/Bangkok/P2390/2025_H3N2,212,0.3619,0.3619
seqneut25to26_sera_1017_d28,A/Bangkok/P2390/2025_H3N2,plate8-A/Bangkok/P2390/2025_H3N2,487,0.569,0.569
seqneut25to26_sera_1017_d28,A/Bangkok/P2390/2025_H3N2,plate8-A/Bangkok/P2390/2025_H3N2,1119,0.6821,0.6821
seqneut25to26_sera_1017_d28,A/Bangkok/P2390/2025_H3N2,plate8-A/Bangkok/P2390/2025_H3N2,2575,0.7178,0.7178
seqneut25to26_sera_1017_d28,A/Bangkok/P2390/2025_H3N2,plate8-A/Bangkok/P2390/2025_H3N2,5921,0.6617,0.6617
seqneut25to26_sera_1017_d28,A/Bangkok/P2390/2025_H3N2,plate8-A/Bangkok/P2390/2025_H3N2,1.362e+04,0.9818,0.9818
seqneut25to26_sera_1017_d28,A/Bangkok/P2391/2025_H3N2,plate8-A/Bangkok/P2391/2025_H3N2,40,0.1357,0.1357
seqneut25to26_sera_1017_d28,A/Bangkok/P2391/2025_H3N2,plate8-A/Bangkok/P2391/2025_H3N2,92,0.3841,0.3841
seqneut25to26_sera_1017_d28,A/Bangkok/P2391/2025_H3N2,plate8-A/Bangkok/P2391/2025_H3N2,212,0.4581,0.4581
seqneut25to26_sera_1017_d28,A/Bangkok/P2391/2025_H3N2,plate8-A/Bangkok/P2391/2025_H3N2,487,0.5498,0.5498
seqneut25to26_sera_1017_d28,A/Bangkok/P2391/2025_H3N2,plate8-A/Bangkok/P2391/2025_H3N2,1119,0.5201,0.5201
seqneut25to26_sera_1017_d28,A/Bangkok/P2391/2025_H3N2,plate8-A/Bangkok/P2391/2025_H3N2,2575,0.8318,0.8318
seqneut25to26_sera_1017_d28,A/Bangkok/P2391/2025_H3N2,plate8-A/Bangkok/P2391/2025_H3N2,5921,0.6029,0.6029
seqneut25to26_sera_1017_d28,A/Bangkok/P2391/2025_H3N2,plate8-A/Bangkok/P2391/2025_H3N2,1.362e+04,0.8768,0.8768
seqneut25to26_sera_1017_d28,A/Bangkok/P2572/2025_H3N2,plate8-A/Bangkok/P2572/2025_H3N2,40,0.03864,0.03864
seqneut25to26_sera_1017_d28,A/Bangkok/P2572/2025_H3N2,plate8-A/Bangkok/P2572/2025_H3N2,92,0.2086,0.2086
seqneut25to26_sera_1017_d28,A/Bangkok/P2572/2025_H3N2,plate8-A/Bangkok/P2572/2025_H3N2,212,0.4506,0.4506
seqneut25to26_sera_1017_d28,A/Bangkok/P2572/2025_H3N2,plate8-A/Bangkok/P2572/2025_H3N2,487,0.5357,0.5357
seqneut25to26_sera_1017_d28,A/Bangkok/P2572/2025_H3N2,plate8-A/Bangkok/P2572/2025_H3N2,1119,0.4792,0.4792
seqneut25to26_sera_1017_d28,A/Bangkok/P2572/2025_H3N2,plate8-A/Bangkok/P2572/2025_H3N2,2575,0.6762,0.6762
seqneut25to26_sera_1017_d28,A/Bangkok/P2572/2025_H3N2,plate8-A/Bangkok/P2572/2025_H3N2,5921,0.693,0.693
seqneut25to26_sera_1017_d28,A/Bangkok/P2572/2025_H3N2,plate8-A/Bangkok/P2572/2025_H3N2,1.362e+04,0.9025,0.9025
seqneut25to26_sera_1017_d28,A/Bangkok/P2921/2025_H3N2,plate8-A/Bangkok/P2921/2025_H3N2,40,0.01352,0.01352
seqneut25to26_sera_1017_d28,A/Bangkok/P2921/2025_H3N2,plate8-A/Bangkok/P2921/2025_H3N2,92,0.07612,0.07612
seqneut25to26_sera_1017_d28,A/Bangkok/P2921/2025_H3N2,plate8-A/Bangkok/P2921/2025_H3N2,212,0.3222,0.3222
seqneut25to26_sera_1017_d28,A/Bangkok/P2921/2025_H3N2,plate8-A/Bangkok/P2921/2025_H3N2,487,0.389,0.389
seqneut25to26_sera_1017_d28,A/Bangkok/P2921/2025_H3N2,plate8-A/Bangkok/P2921/2025_H3N2,1119,0.545,0.545
seqneut25to26_sera_1017_d28,A/Bangkok/P2921/2025_H3N2,plate8-A/Bangkok/P2921/2025_H3N2,2575,0.7851,0.7851
seqneut25to26_sera_1017_d28,A/Bangkok/P2921/2025_H3N2,plate8-A/Bangkok/P2921/2025_H3N2,5921,0.7433,0.7433
seqneut25to26_sera_1017_d28,A/Bangkok/P2921/2025_H3N2,plate8-A/Bangkok/P2921/2025_H3N2,1.362e+04,0.896,0.896
seqneut25to26_sera_1017_d28,A/Bangkok/P3067/2025_H1N1,plate8-A/Bangkok/P3067/2025_H1N1,40,0.0002023,0.0002023
seqneut25to26_sera_1017_d28,A/Bangkok/P3067/2025_H1N1,plate8-A/Bangkok/P3067/2025_H1N1,92,0.0007168,0.0007168
seqneut25to26_sera_1017_d28,A/Bangkok/P3067/2025_H1N1,plate8-A/Bangkok/P3067/2025_H1N1,212,0.004908,0.004908
seqneut25to26_sera_1017_d28,A/Bangkok/P3067/2025_H1N1,plate8-A/Bangkok/P3067/2025_H1N1,487,0.1686,0.1686
seqneut25to26_sera_1017_d28,A/Bangkok/P3067/2025_H1N1,plate8-A/Bangkok/P3067/2025_H1N1,1119,0.6695,0.6695
seqneut25to26_sera_1017_d28,A/Bangkok/P3067/2025_H1N1,plate8-A/Bangkok/P3067/2025_H1N1,2575,0.8772,0.8772
seqneut25to26_sera_1017_d28,A/Bangkok/P3067/2025_H1N1,plate8-A/Bangkok/P3067/2025_H1N1,5921,0.6635,0.6635
seqneut25to26_sera_1017_d28,A/Bangkok/P3067/2025_H1N1,plate8-A/Bangkok/P3067/2025_H1N1,1.362e+04,1.243,1
seqneut25to26_sera_1017_d28,A/Bangkok/P3263/2025_H3N2,plate8-A/Bangkok/P3263/2025_H3N2,40,0.01517,0.01517
seqneut25to26_sera_1017_d28,A/Bangkok/P3263/2025_H3N2,plate8-A/Bangkok/P3263/2025_H3N2,92,0.1179,0.1179
seqneut25to26_sera_1017_d28,A/Bangkok/P3263/2025_H3N2,plate8-A/Bangkok/P3263/2025_H3N2,212,0.3666,0.3666
seqneut25to26_sera_1017_d28,A/Bangkok/P3263/2025_H3N2,plate8-A/Bangkok/P3263/2025_H3N2,487,0.5226,0.5226
seqneut25to26_sera_1017_d28,A/Bangkok/P3263/2025_H3N2,plate8-A/Bangkok/P3263/2025_H3N2,1119,0.5486,0.5486
seqneut25to26_sera_1017_d28,A/Bangkok/P3263/2025_H3N2,plate8-A/Bangkok/P3263/2025_H3N2,2575,0.6798,0.6798
seqneut25to26_sera_1017_d28,A/Bangkok/P3263/2025_H3N2,plate8-A/Bangkok/P3263/2025_H3N2,5921,0.5488,0.5488
seqneut25to26_sera_1017_d28,A/Bangkok/P3263/2025_H3N2,plate8-A/Bangkok/P3263/2025_H3N2,1.362e+04,0.9697,0.9697
seqneut25to26_sera_1017_d28,A/Belgium/H0097/2025_H3N2,plate8-A/Belgium/H0097/2025_H3N2,40,0.006184,0.006184
seqneut25to26_sera_1017_d28,A/Belgium/H0097/2025_H3N2,plate8-A/Belgium/H0097/2025_H3N2,92,0.1087,0.1087
seqneut25to26_sera_1017_d28,A/Belgium/H0097/2025_H3N2,plate8-A/Belgium/H0097/2025_H3N2,212,0.2615,0.2615
seqneut25to26_sera_1017_d28,A/Belgium/H0097/2025_H3N2,plate8-A/Belgium/H0097/2025_H3N2,487,0.4342,0.4342
seqneut25to26_sera_1017_d28,A/Belgium/H0097/2025_H3N2,plate8-A/Belgium/H0097/2025_H3N2,1119,0.6334,0.6334
seqneut25to26_sera_1017_d28,A/Belgium/H0097/2025_H3N2,plate8-A/Belgium/H0097/2025_H3N2,2575,0.7287,0.7287
seqneut25to26_sera_1017_d28,A/Belgium/H0097/2025_H3N2,plate8-A/Belgium/H0097/2025_H3N2,5921,0.7075,0.7075
seqneut25to26_sera_1017_d28,A/Belgium/H0097/2025_H3N2,plate8-A/Belgium/H0097/2025_H3N2,1.362e+04,0.83,0.83
seqneut25to26_sera_1017_d28,A/Bhutan/1267/2025_H3N2,plate8-A/Bhutan/1267/2025_H3N2,40,0.01654,0.01654
seqneut25to26_sera_1017_d28,A/Bhutan/1267/2025_H3N2,plate8-A/Bhutan/1267/2025_H3N2,92,0.1833,0.1833
seqneut25to26_sera_1017_d28,A/Bhutan/1267/2025_H3N2,plate8-A/Bhutan/1267/2025_H3N2,212,0.4422,0.4422
seqneut25to26_sera_1017_d28,A/Bhutan/1267/2025_H3N2,plate8-A/Bhutan/1267/2025_H3N2,487,0.4837,0.4837
seqneut25to26_sera_1017_d28,A/Bhutan/1267/2025_H3N2,plate8-A/Bhutan/1267/2025_H3N2,1119,0.5088,0.5088
seqneut25to26_sera_1017_d28,A/Bhutan/1267/2025_H3N2,plate8-A/Bhutan/1267/2025_H3N2,2575,0.7853,0.7853
seqneut25to26_sera_1017_d28,A/Bhutan/1267/2025_H3N2,plate8-A/Bhutan/1267/2025_H3N2,5921,0.6089,0.6089
seqneut25to26_sera_1017_d28,A/Bhutan/1267/2025_H3N2,plate8-A/Bhutan/1267/2025_H3N2,1.362e+04,0.8722,0.8722
seqneut25to26_sera_1017_d28,A/Bhutan/7/2025_H3N2,plate8-A/Bhutan/7/2025_H3N2,40,0.006301,0.006301
seqneut25to26_sera_1017_d28,A/Bhutan/7/2025_H3N2,plate8-A/Bhutan/7/2025_H3N2,92,0.01537,0.01537
seqneut25to26_sera_1017_d28,A/Bhutan/7/2025_H3N2,plate8-A/Bhutan/7/2025_H3N2,212,0.3882,0.3882
seqneut25to26_sera_1017_d28,A/Bhutan/7/2025_H3N2,plate8-A/Bhutan/7/2025_H3N2,487,0.3378,0.3378
seqneut25to26_sera_1017_d28,A/Bhutan/7/2025_H3N2,plate8-A/Bhutan/7/2025_H3N2,1119,0.5553,0.5553
seqneut25to26_sera_1017_d28,A/Bhutan/7/2025_H3N2,plate8-A/Bhutan/7/2025_H3N2,2575,0.907,0.907
seqneut25to26_sera_1017_d28,A/Bhutan/7/2025_H3N2,plate8-A/Bhutan/7/2025_H3N2,5921,0.7465,0.7465
seqneut25to26_sera_1017_d28,A/Bhutan/7/2025_H3N2,plate8-A/Bhutan/7/2025_H3N2,1.362e+04,1.134,1
seqneut25to26_sera_1017_d28,A/BritishColumbia/PHL-2473/2025_H1N1,plate8-A/BritishColumbia/PHL-2473/2025_H1N1,40,8.106e-06,8.106e-06
seqneut25to26_sera_1017_d28,A/BritishColumbia/PHL-2473/2025_H1N1,plate8-A/BritishColumbia/PHL-2473/2025_H1N1,92,3.447e-05,3.447e-05
seqneut25to26_sera_1017_d28,A/BritishColumbia/PHL-2473/2025_H1N1,plate8-A/BritishColumbia/PHL-2473/2025_H1N1,212,0.03135,0.03135
seqneut25to26_sera_1017_d28,A/BritishColumbia/PHL-2473/2025_H1N1,plate8-A/BritishColumbia/PHL-2473/2025_H1N1,487,0.2817,0.2817
seqneut25to26_sera_1017_d28,A/BritishColumbia/PHL-2473/2025_H1N1,plate8-A/BritishColumbia/PHL-2473/2025_H1N1,1119,0.5923,0.5923
seqneut25to26_sera_1017_d28,A/BritishColumbia/PHL-2473/2025_H1N1,plate8-A/BritishColumbia/PHL-2473/2025_H1N1,2575,0.7747,0.7747
seqneut25to26_sera_1017_d28,A/BritishColumbia/PHL-2473/2025_H1N1,plate8-A/BritishColumbia/PHL-2473/2025_H1N1,5921,0.7234,0.7234
seqneut25to26_sera_1017_d28,A/BritishColumbia/PHL-2473/2025_H1N1,plate8-A/BritishColumbia/PHL-2473/2025_H1N1,1.362e+04,0.9704,0.9704
seqneut25to26_sera_1017_d28,A/California/61/2025_H3N2,plate8-A/California/61/2025_H3N2,40,0.02916,0.02916
seqneut25to26_sera_1017_d28,A/California/61/2025_H3N2,plate8-A/California/61/2025_H3N2,92,0.2089,0.2089
seqneut25to26_sera_1017_d28,A/California/61/2025_H3N2,plate8-A/California/61/2025_H3N2,212,0.4033,0.4033
seqneut25to26_sera_1017_d28,A/California/61/2025_H3N2,plate8-A/California/61/2025_H3N2,487,0.642,0.642
seqneut25to26_sera_1017_d28,A/California/61/2025_H3N2,plate8-A/California/61/2025_H3N2,1119,0.7359,0.7359
seqneut25to26_sera_1017_d28,A/California/61/2025_H3N2,plate8-A/California/61/2025_H3N2,2575,0.8923,0.8923
seqneut25to26_sera_1017_d28,A/California/61/2025_H3N2,plate8-A/California/61/2025_H3N2,5921,0.6824,0.6824
seqneut25to26_sera_1017_d28,A/California/61/2025_H3N2,plate8-A/California/61/2025_H3N2,1.362e+04,1.012,1
seqneut25to26_sera_1017_d28,A/California/63/2025_H1N1,plate8-A/California/63/2025_H1N1,40,0.0001553,0.0001553
seqneut25to26_sera_1017_d28,A/California/63/2025_H1N1,plate8-A/California/63/2025_H1N1,92,9.174e-05,9.174e-05
seqneut25to26_sera_1017_d28,A/California/63/2025_H1N1,plate8-A/California/63/2025_H1N1,212,0.01475,0.01475
seqneut25to26_sera_1017_d28,A/California/63/2025_H1N1,plate8-A/California/63/2025_H1N1,487,0.2387,0.2387
seqneut25to26_sera_1017_d28,A/California/63/2025_H1N1,plate8-A/California/63/2025_H1N1,1119,0.6479,0.6479
seqneut25to26_sera_1017_d28,A/California/63/2025_H1N1,plate8-A/California/63/2025_H1N1,2575,0.8086,0.8086
seqneut25to26_sera_1017_d28,A/California/63/2025_H1N1,plate8-A/California/63/2025_H1N1,5921,0.7968,0.7968
seqneut25to26_sera_1017_d28,A/California/63/2025_H1N1,plate8-A/California/63/2025_H1N1,1.362e+04,1.24,1
seqneut25to26_sera_1017_d28,A/Canberra/465/2025_H1N1,plate8-A/Canberra/465/2025_H1N1,40,0.0005884,0.0005884
seqneut25to26_sera_1017_d28,A/Canberra/465/2025_H1N1,plate8-A/Canberra/465/2025_H1N1,92,0.0006574,0.0006574
seqneut25to26_sera_1017_d28,A/Canberra/465/2025_H1N1,plate8-A/Canberra/465/2025_H1N1,212,0.01508,0.01508
seqneut25to26_sera_1017_d28,A/Canberra/465/2025_H1N1,plate8-A/Canberra/465/2025_H1N1,487,0.2114,0.2114
seqneut25to26_sera_1017_d28,A/Canberra/465/2025_H1N1,plate8-A/Canberra/465/2025_H1N1,1119,0.4949,0.4949
seqneut25to26_sera_1017_d28,A/Canberra/465/2025_H1N1,plate8-A/Canberra/465/2025_H1N1,2575,0.7947,0.7947
seqneut25to26_sera_1017_d28,A/Canberra/465/2025_H1N1,plate8-A/Canberra/465/2025_H1N1,5921,0.8256,0.8256
seqneut25to26_sera_1017_d28,A/Canberra/465/2025_H1N1,plate8-A/Canberra/465/2025_H1N1,1.362e+04,1.087,1
seqneut25to26_sera_1017_d28,A/Canberra/530/2025_H1N1,plate8-A/Canberra/530/2025_H1N1,40,3.229e-05,3.229e-05
seqneut25to26_sera_1017_d28,A/Canberra/530/2025_H1N1,plate8-A/Canberra/530/2025_H1N1,92,0.0005952,0.0005952
seqneut25to26_sera_1017_d28,A/Canberra/530/2025_H1N1,plate8-A/Canberra/530/2025_H1N1,212,0.02772,0.02772
seqneut25to26_sera_1017_d28,A/Canberra/530/2025_H1N1,plate8-A/Canberra/530/2025_H1N1,487,0.3171,0.3171
seqneut25to26_sera_1017_d28,A/Canberra/530/2025_H1N1,plate8-A/Canberra/530/2025_H1N1,1119,0.6698,0.6698
seqneut25to26_sera_1017_d28,A/Canberra/530/2025_H1N1,plate8-A/Canberra/530/2025_H1N1,2575,0.9388,0.9388
seqneut25to26_sera_1017_d28,A/Canberra/530/2025_H1N1,plate8-A/Canberra/530/2025_H1N1,5921,0.8227,0.8227
seqneut25to26_sera_1017_d28,A/Canberra/530/2025_H1N1,plate8-A/Canberra/530/2025_H1N1,1.362e+04,1.025,1
seqneut25to26_sera_1017_d28,A/Catalonia/NSVH102689455/2025_H1N1,plate8-A/Catalonia/NSVH102689455/2025_H1N1,40,0.0003617,0.0003617
seqneut25to26_sera_1017_d28,A/Catalonia/NSVH102689455/2025_H1N1,plate8-A/Catalonia/NSVH102689455/2025_H1N1,92,0.0003845,0.0003845
seqneut25to26_sera_1017_d28,A/Catalonia/NSVH102689455/2025_H1N1,plate8-A/Catalonia/NSVH102689455/2025_H1N1,212,0.006101,0.006101
seqneut25to26_sera_1017_d28,A/Catalonia/NSVH102689455/2025_H1N1,plate8-A/Catalonia/NSVH102689455/2025_H1N1,487,0.1572,0.1572
seqneut25to26_sera_1017_d28,A/Catalonia/NSVH102689455/2025_H1N1,plate8-A/Catalonia/NSVH102689455/2025_H1N1,1119,0.595,0.595
seqneut25to26_sera_1017_d28,A/Catalonia/NSVH102689455/2025_H1N1,plate8-A/Catalonia/NSVH102689455/2025_H1N1,2575,0.8033,0.8033
seqneut25to26_sera_1017_d28,A/Catalonia/NSVH102689455/2025_H1N1,plate8-A/Catalonia/NSVH102689455/2025_H1N1,5921,0.9327,0.9327
seqneut25to26_sera_1017_d28,A/Catalonia/NSVH102689455/2025_H1N1,plate8-A/Catalonia/NSVH102689455/2025_H1N1,1.362e+04,1.035,1
seqneut25to26_sera_1017_d28,A/Colorado/105/2025_H1N1,plate8-A/Colorado/105/2025_H1N1,40,3.144e-05,3.144e-05
seqneut25to26_sera_1017_d28,A/Colorado/105/2025_H1N1,plate8-A/Colorado/105/2025_H1N1,92,0.0002006,0.0002006
seqneut25to26_sera_1017_d28,A/Colorado/105/2025_H1N1,plate8-A/Colorado/105/2025_H1N1,212,0.02127,0.02127
seqneut25to26_sera_1017_d28,A/Colorado/105/2025_H1N1,plate8-A/Colorado/105/2025_H1N1,487,0.2108,0.2108
seqneut25to26_sera_1017_d28,A/Colorado/105/2025_H1N1,plate8-A/Colorado/105/2025_H1N1,1119,0.69,0.69
seqneut25to26_sera_1017_d28,A/Colorado/105/2025_H1N1,plate8-A/Colorado/105/2025_H1N1,2575,0.9391,0.9391
seqneut25to26_sera_1017_d28,A/Colorado/105/2025_H1N1,plate8-A/Colorado/105/2025_H1N1,5921,1.029,1
seqneut25to26_sera_1017_d28,A/Colorado/105/2025_H1N1,plate8-A/Colorado/105/2025_H1N1,1.362e+04,1.237,1
seqneut25to26_sera_1017_d28,A/CoteDIvoire/2007/2025_H1N1,plate8-A/CoteDIvoire/2007/2025_H1N1,40,1.763e-05,1.763e-05
seqneut25to26_sera_1017_d28,A/CoteDIvoire/2007/2025_H1N1,plate8-A/CoteDIvoire/2007/2025_H1N1,92,0.0002062,0.0002062
seqneut25to26_sera_1017_d28,A/CoteDIvoire/2007/2025_H1N1,plate8-A/CoteDIvoire/2007/2025_H1N1,212,0.01386,0.01386
seqneut25to26_sera_1017_d28,A/CoteDIvoire/2007/2025_H1N1,plate8-A/CoteDIvoire/2007/2025_H1N1,487,0.2191,0.2191
seqneut25to26_sera_1017_d28,A/CoteDIvoire/2007/2025_H1N1,plate8-A/CoteDIvoire/2007/2025_H1N1,1119,0.5541,0.5541
seqneut25to26_sera_1017_d28,A/CoteDIvoire/2007/2025_H1N1,plate8-A/CoteDIvoire/2007/2025_H1N1,2575,0.7747,0.7747
seqneut25to26_sera_1017_d28,A/CoteDIvoire/2007/2025_H1N1,plate8-A/CoteDIvoire/2007/2025_H1N1,5921,0.9906,0.9906
seqneut25to26_sera_1017_d28,A/CoteDIvoire/2007/2025_H1N1,plate8-A/CoteDIvoire/2007/2025_H1N1,1.362e+04,1.006,1
seqneut25to26_sera_1017_d28,A/Croatia/10136RV/2023-egg_H3N2,plate8-A/Croatia/10136RV/2023-egg_H3N2,40,0.001438,0.001438
seqneut25to26_sera_1017_d28,A/Croatia/10136RV/2023-egg_H3N2,plate8-A/Croatia/10136RV/2023-egg_H3N2,92,0.1105,0.1105
seqneut25to26_sera_1017_d28,A/Croatia/10136RV/2023-egg_H3N2,plate8-A/Croatia/10136RV/2023-egg_H3N2,212,0.05019,0.05019
seqneut25to26_sera_1017_d28,A/Croatia/10136RV/2023-egg_H3N2,plate8-A/Croatia/10136RV/2023-egg_H3N2,487,0.0729,0.0729
seqneut25to26_sera_1017_d28,A/Croatia/10136RV/2023-egg_H3N2,plate8-A/Croatia/10136RV/2023-egg_H3N2,1119,0.1687,0.1687
seqneut25to26_sera_1017_d28,A/Croatia/10136RV/2023-egg_H3N2,plate8-A/Croatia/10136RV/2023-egg_H3N2,2575,0.4824,0.4824
seqneut25to26_sera_1017_d28,A/Croatia/10136RV/2023-egg_H3N2,plate8-A/Croatia/10136RV/2023-egg_H3N2,5921,0.2987,0.2987
seqneut25to26_sera_1017_d28,A/Croatia/10136RV/2023-egg_H3N2,plate8-A/Croatia/10136RV/2023-egg_H3N2,1.362e+04,0.5867,0.5867
seqneut25to26_sera_1017_d28,A/Darwin/1405/2025_H1N1,plate8-A/Darwin/1405/2025_H1N1,40,0.0002072,0.0002072
seqneut25to26_sera_1017_d28,A/Darwin/1405/2025_H1N1,plate8-A/Darwin/1405/2025_H1N1,92,0.001037,0.001037
seqneut25to26_sera_1017_d28,A/Darwin/1405/2025_H1N1,plate8-A/Darwin/1405/2025_H1N1,212,0.01376,0.01376
seqneut25to26_sera_1017_d28,A/Darwin/1405/2025_H1N1,plate8-A/Darwin/1405/2025_H1N1,487,0.1812,0.1812
seqneut25to26_sera_1017_d28,A/Darwin/1405/2025_H1N1,plate8-A/Darwin/1405/2025_H1N1,1119,0.5029,0.5029
seqneut25to26_sera_1017_d28,A/Darwin/1405/2025_H1N1,plate8-A/Darwin/1405/2025_H1N1,2575,0.8106,0.8106
seqneut25to26_sera_1017_d28,A/Darwin/1405/2025_H1N1,plate8-A/Darwin/1405/2025_H1N1,5921,0.7924,0.7924
seqneut25to26_sera_1017_d28,A/Darwin/1405/2025_H1N1,plate8-A/Darwin/1405/2025_H1N1,1.362e+04,0.9355,0.9355
seqneut25to26_sera_1017_d28,A/Darwin/1461/2025_H3N2,plate8-A/Darwin/1461/2025_H3N2,40,0.01676,0.01676
seqneut25to26_sera_1017_d28,A/Darwin/1461/2025_H3N2,plate8-A/Darwin/1461/2025_H3N2,92,0.06958,0.06958
seqneut25to26_sera_1017_d28,A/Darwin/1461/2025_H3N2,plate8-A/Darwin/1461/2025_H3N2,212,0.1345,0.1345
seqneut25to26_sera_1017_d28,A/Darwin/1461/2025_H3N2,plate8-A/Darwin/1461/2025_H3N2,487,0.3776,0.3776
seqneut25to26_sera_1017_d28,A/Darwin/1461/2025_H3N2,plate8-A/Darwin/1461/2025_H3N2,1119,0.4514,0.4514
seqneut25to26_sera_1017_d28,A/Darwin/1461/2025_H3N2,plate8-A/Darwin/1461/2025_H3N2,2575,1.048,1
seqneut25to26_sera_1017_d28,A/Darwin/1461/2025_H3N2,plate8-A/Darwin/1461/2025_H3N2,5921,0.7697,0.7697
seqneut25to26_sera_1017_d28,A/Darwin/1461/2025_H3N2,plate8-A/Darwin/1461/2025_H3N2,1.362e+04,1.791,1
seqneut25to26_sera_1017_d28,A/Denmark/3070/2025_H1N1,plate8-A/Denmark/3070/2025_H1N1,40,1.843e-05,1.843e-05
seqneut25to26_sera_1017_d28,A/Denmark/3070/2025_H1N1,plate8-A/Denmark/3070/2025_H1N1,92,0.004957,0.004957
seqneut25to26_sera_1017_d28,A/Denmark/3070/2025_H1N1,plate8-A/Denmark/3070/2025_H1N1,212,0.007421,0.007421
seqneut25to26_sera_1017_d28,A/Denmark/3070/2025_H1N1,plate8-A/Denmark/3070/2025_H1N1,487,0.2034,0.2034
seqneut25to26_sera_1017_d28,A/Denmark/3070/2025_H1N1,plate8-A/Denmark/3070/2025_H1N1,1119,0.6038,0.6038
seqneut25to26_sera_1017_d28,A/Denmark/3070/2025_H1N1,plate8-A/Denmark/3070/2025_H1N1,2575,0.7764,0.7764
seqneut25to26_sera_1017_d28,A/Denmark/3070/2025_H1N1,plate8-A/Denmark/3070/2025_H1N1,5921,0.9024,0.9024
seqneut25to26_sera_1017_d28,A/Denmark/3070/2025_H1N1,plate8-A/Denmark/3070/2025_H1N1,1.362e+04,1.209,1
seqneut25to26_sera_1017_d28,A/DistrictOfColumbia/27/2023_H3N2,plate8-A/DistrictOfColumbia/27/2023_H3N2,40,0.001661,0.001661
seqneut25to26_sera_1017_d28,A/DistrictOfColumbia/27/2023_H3N2,plate8-A/DistrictOfColumbia/27/2023_H3N2,92,0.03324,0.03324
seqneut25to26_sera_1017_d28,A/DistrictOfColumbia/27/2023_H3N2,plate8-A/DistrictOfColumbia/27/2023_H3N2,212,0.2088,0.2088
seqneut25to26_sera_1017_d28,A/DistrictOfColumbia/27/2023_H3N2,plate8-A/DistrictOfColumbia/27/2023_H3N2,487,0.5075,0.5075
seqneut25to26_sera_1017_d28,A/DistrictOfColumbia/27/2023_H3N2,plate8-A/DistrictOfColumbia/27/2023_H3N2,1119,0.5647,0.5647
seqneut25to26_sera_1017_d28,A/DistrictOfColumbia/27/2023_H3N2,plate8-A/DistrictOfColumbia/27/2023_H3N2,2575,0.6944,0.6944
seqneut25to26_sera_1017_d28,A/DistrictOfColumbia/27/2023_H3N2,plate8-A/DistrictOfColumbia/27/2023_H3N2,5921,0.6234,0.6234
seqneut25to26_sera_1017_d28,A/DistrictOfColumbia/27/2023_H3N2,plate8-A/DistrictOfColumbia/27/2023_H3N2,1.362e+04,0.7146,0.7146
seqneut25to26_sera_1017_d28,A/DistrictOfColumbia/57/2025_H3N2,plate8-A/DistrictOfColumbia/57/2025_H3N2,40,0.02533,0.02533
seqneut25to26_sera_1017_d28,A/DistrictOfColumbia/57/2025_H3N2,plate8-A/DistrictOfColumbia/57/2025_H3N2,92,0.119,0.119
seqneut25to26_sera_1017_d28,A/DistrictOfColumbia/57/2025_H3N2,plate8-A/DistrictOfColumbia/57/2025_H3N2,212,0.3672,0.3672
seqneut25to26_sera_1017_d28,A/DistrictOfColumbia/57/2025_H3N2,plate8-A/DistrictOfColumbia/57/2025_H3N2,487,0.47,0.47
seqneut25to26_sera_1017_d28,A/DistrictOfColumbia/57/2025_H3N2,plate8-A/DistrictOfColumbia/57/2025_H3N2,1119,0.8688,0.8688
seqneut25to26_sera_1017_d28,A/DistrictOfColumbia/57/2025_H3N2,plate8-A/DistrictOfColumbia/57/2025_H3N2,2575,0.8682,0.8682
seqneut25to26_sera_1017_d28,A/DistrictOfColumbia/57/2025_H3N2,plate8-A/DistrictOfColumbia/57/2025_H3N2,5921,0.5994,0.5994
seqneut25to26_sera_1017_d28,A/DistrictOfColumbia/57/2025_H3N2,plate8-A/DistrictOfColumbia/57/2025_H3N2,1.362e+04,0.9713,0.9713
seqneut25to26_sera_1017_d28,A/DistritoFederal/250106000728/2025_H3N2,plate8-A/DistritoFederal/250106000728/2025_H3N2,40,0.00834,0.00834
seqneut25to26_sera_1017_d28,A/DistritoFederal/250106000728/2025_H3N2,plate8-A/DistritoFederal/250106000728/2025_H3N2,92,0.1223,0.1223
seqneut25to26_sera_1017_d28,A/DistritoFederal/250106000728/2025_H3N2,plate8-A/DistritoFederal/250106000728/2025_H3N2,212,0.1699,0.1699
seqneut25to26_sera_1017_d28,A/DistritoFederal/250106000728/2025_H3N2,plate8-A/DistritoFederal/250106000728/2025_H3N2,487,0.4407,0.4407
seqneut25to26_sera_1017_d28,A/DistritoFederal/250106000728/2025_H3N2,plate8-A/DistritoFederal/250106000728/2025_H3N2,1119,0.5579,0.5579
seqneut25to26_sera_1017_d28,A/DistritoFederal/250106000728/2025_H3N2,plate8-A/DistritoFederal/250106000728/2025_H3N2,2575,0.6117,0.6117
seqneut25to26_sera_1017_d28,A/DistritoFederal/250106000728/2025_H3N2,plate8-A/DistritoFederal/250106000728/2025_H3N2,5921,0.647,0.647
seqneut25to26_sera_1017_d28,A/DistritoFederal/250106000728/2025_H3N2,plate8-A/DistritoFederal/250106000728/2025_H3N2,1.362e+04,0.8514,0.8514
seqneut25to26_sera_1017_d28,A/DistritoFederal/2578578201/2025_H3N2,plate8-A/DistritoFederal/2578578201/2025_H3N2,40,0.003763,0.003763
seqneut25to26_sera_1017_d28,A/DistritoFederal/2578578201/2025_H3N2,plate8-A/DistritoFederal/2578578201/2025_H3N2,92,0.09089,0.09089
seqneut25to26_sera_1017_d28,A/DistritoFederal/2578578201/2025_H3N2,plate8-A/DistritoFederal/2578578201/2025_H3N2,212,0.3303,0.3303
seqneut25to26_sera_1017_d28,A/DistritoFederal/2578578201/2025_H3N2,plate8-A/DistritoFederal/2578578201/2025_H3N2,487,0.5392,0.5392
seqneut25to26_sera_1017_d28,A/DistritoFederal/2578578201/2025_H3N2,plate8-A/DistritoFederal/2578578201/2025_H3N2,1119,0.6263,0.6263
seqneut25to26_sera_1017_d28,A/DistritoFederal/2578578201/2025_H3N2,plate8-A/DistritoFederal/2578578201/2025_H3N2,2575,0.7922,0.7922
seqneut25to26_sera_1017_d28,A/DistritoFederal/2578578201/2025_H3N2,plate8-A/DistritoFederal/2578578201/2025_H3N2,5921,0.6952,0.6952
seqneut25to26_sera_1017_d28,A/DistritoFederal/2578578201/2025_H3N2,plate8-A/DistritoFederal/2578578201/2025_H3N2,1.362e+04,0.8814,0.8814
seqneut25to26_sera_1017_d28,A/England/174/2025_H3N2,plate8-A/England/174/2025_H3N2,40,0.03723,0.03723
seqneut25to26_sera_1017_d28,A/England/174/2025_H3N2,plate8-A/England/174/2025_H3N2,92,0.04904,0.04904
seqneut25to26_sera_1017_d28,A/England/174/2025_H3N2,plate8-A/England/174/2025_H3N2,212,0.1273,0.1273
seqneut25to26_sera_1017_d28,A/England/174/2025_H3N2,plate8-A/England/174/2025_H3N2,487,0.2914,0.2914
seqneut25to26_sera_1017_d28,A/England/174/2025_H3N2,plate8-A/England/174/2025_H3N2,1119,0.5675,0.5675
seqneut25to26_sera_1017_d28,A/England/174/2025_H3N2,plate8-A/England/174/2025_H3N2,2575,0.6669,0.6669
seqneut25to26_sera_1017_d28,A/England/174/2025_H3N2,plate8-A/England/174/2025_H3N2,5921,0.8299,0.8299
seqneut25to26_sera_1017_d28,A/England/174/2025_H3N2,plate8-A/England/174/2025_H3N2,1.362e+04,0.8668,0.8668
seqneut25to26_sera_1017_d28,A/England/1822256/2025_H1N1,plate8-A/England/1822256/2025_H1N1,40,9.7e-06,9.7e-06
seqneut25to26_sera_1017_d28,A/England/1822256/2025_H1N1,plate8-A/England/1822256/2025_H1N1,92,0.0003094,0.0003094
seqneut25to26_sera_1017_d28,A/England/1822256/2025_H1N1,plate8-A/England/1822256/2025_H1N1,212,0.001541,0.001541
seqneut25to26_sera_1017_d28,A/England/1822256/2025_H1N1,plate8-A/England/1822256/2025_H1N1,487,0.04009,0.04009
seqneut25to26_sera_1017_d28,A/England/1822256/2025_H1N1,plate8-A/England/1822256/2025_H1N1,1119,0.3363,0.3363
seqneut25to26_sera_1017_d28,A/England/1822256/2025_H1N1,plate8-A/England/1822256/2025_H1N1,2575,0.6759,0.6759
seqneut25to26_sera_1017_d28,A/England/1822256/2025_H1N1,plate8-A/England/1822256/2025_H1N1,5921,0.7676,0.7676
seqneut25to26_sera_1017_d28,A/England/1822256/2025_H1N1,plate8-A/England/1822256/2025_H1N1,1.362e+04,1.002,1
seqneut25to26_sera_1017_d28,A/England/1837734/2025_H3N2,plate8-A/England/1837734/2025_H3N2,40,0.0694,0.0694
seqneut25to26_sera_1017_d28,A/England/1837734/2025_H3N2,plate8-A/England/1837734/2025_H3N2,92,0.1996,0.1996
seqneut25to26_sera_1017_d28,A/England/1837734/2025_H3N2,plate8-A/England/1837734/2025_H3N2,212,0.4633,0.4633
seqneut25to26_sera_1017_d28,A/England/1837734/2025_H3N2,plate8-A/England/1837734/2025_H3N2,487,0.5726,0.5726
seqneut25to26_sera_1017_d28,A/England/1837734/2025_H3N2,plate8-A/England/1837734/2025_H3N2,1119,0.6951,0.6951
seqneut25to26_sera_1017_d28,A/England/1837734/2025_H3N2,plate8-A/England/1837734/2025_H3N2,2575,0.6872,0.6872
seqneut25to26_sera_1017_d28,A/England/1837734/2025_H3N2,plate8-A/England/1837734/2025_H3N2,5921,0.726,0.726
seqneut25to26_sera_1017_d28,A/England/1837734/2025_H3N2,plate8-A/England/1837734/2025_H3N2,1.362e+04,1.088,1
seqneut25to26_sera_1017_d28,A/England/1837737/2025_H3N2,plate8-A/England/1837737/2025_H3N2,40,0.2276,0.2276
seqneut25to26_sera_1017_d28,A/England/1837737/2025_H3N2,plate8-A/England/1837737/2025_H3N2,92,0.3048,0.3048
seqneut25to26_sera_1017_d28,A/England/1837737/2025_H3N2,plate8-A/England/1837737/2025_H3N2,212,0.4149,0.4149
seqneut25to26_sera_1017_d28,A/England/1837737/2025_H3N2,plate8-A/England/1837737/2025_H3N2,487,0.6907,0.6907
seqneut25to26_sera_1017_d28,A/England/1837737/2025_H3N2,plate8-A/England/1837737/2025_H3N2,1119,0.6369,0.6369
seqneut25to26_sera_1017_d28,A/England/1837737/2025_H3N2,plate8-A/England/1837737/2025_H3N2,2575,0.7287,0.7287
seqneut25to26_sera_1017_d28,A/England/1837737/2025_H3N2,plate8-A/England/1837737/2025_H3N2,5921,0.6219,0.6219
seqneut25to26_sera_1017_d28,A/England/1837737/2025_H3N2,plate8-A/England/1837737/2025_H3N2,1.362e+04,0.8999,0.8999
seqneut25to26_sera_1017_d28,A/France/ARA-HCL025155099501/2025_H1N1,plate8-A/France/ARA-HCL025155099501/2025_H1N1,40,0.0002018,0.0002018
seqneut25to26_sera_1017_d28,A/France/ARA-HCL025155099501/2025_H1N1,plate8-A/France/ARA-HCL025155099501/2025_H1N1,92,0.0002491,0.0002491
seqneut25to26_sera_1017_d28,A/France/ARA-HCL025155099501/2025_H1N1,plate8-A/France/ARA-HCL025155099501/2025_H1N1,212,0.02671,0.02671
seqneut25to26_sera_1017_d28,A/France/ARA-HCL025155099501/2025_H1N1,plate8-A/France/ARA-HCL025155099501/2025_H1N1,487,0.1632,0.1632
seqneut25to26_sera_1017_d28,A/France/ARA-HCL025155099501/2025_H1N1,plate8-A/France/ARA-HCL025155099501/2025_H1N1,1119,0.4951,0.4951
seqneut25to26_sera_1017_d28,A/France/ARA-HCL025155099501/2025_H1N1,plate8-A/France/ARA-HCL025155099501/2025_H1N1,2575,0.7672,0.7672
seqneut25to26_sera_1017_d28,A/France/ARA-HCL025155099501/2025_H1N1,plate8-A/France/ARA-HCL025155099501/2025_H1N1,5921,0.9356,0.9356
seqneut25to26_sera_1017_d28,A/France/ARA-HCL025155099501/2025_H1N1,plate8-A/France/ARA-HCL025155099501/2025_H1N1,1.362e+04,0.979,0.979
seqneut25to26_sera_1017_d28,A/Galicia/GA-CHUAC-451/2025_H3N2,plate8-A/Galicia/GA-CHUAC-451/2025_H3N2,40,0.02532,0.02532
seqneut25to26_sera_1017_d28,A/Galicia/GA-CHUAC-451/2025_H3N2,plate8-A/Galicia/GA-CHUAC-451/2025_H3N2,92,0.1055,0.1055
seqneut25to26_sera_1017_d28,A/Galicia/GA-CHUAC-451/2025_H3N2,plate8-A/Galicia/GA-CHUAC-451/2025_H3N2,212,0.2082,0.2082
seqneut25to26_sera_1017_d28,A/Galicia/GA-CHUAC-451/2025_H3N2,plate8-A/Galicia/GA-CHUAC-451/2025_H3N2,487,0.4934,0.4934
seqneut25to26_sera_1017_d28,A/Galicia/GA-CHUAC-451/2025_H3N2,plate8-A/Galicia/GA-CHUAC-451/2025_H3N2,1119,0.6247,0.6247
seqneut25to26_sera_1017_d28,A/Galicia/GA-CHUAC-451/2025_H3N2,plate8-A/Galicia/GA-CHUAC-451/2025_H3N2,2575,0.7254,0.7254
seqneut25to26_sera_1017_d28,A/Galicia/GA-CHUAC-451/2025_H3N2,plate8-A/Galicia/GA-CHUAC-451/2025_H3N2,5921,0.5974,0.5974
seqneut25to26_sera_1017_d28,A/Galicia/GA-CHUAC-451/2025_H3N2,plate8-A/Galicia/GA-CHUAC-451/2025_H3N2,1.362e+04,0.9251,0.9251
seqneut25to26_sera_1017_d28,A/Ghana/ARI-25-1125/2025_H1N1,plate8-A/Ghana/ARI-25-1125/2025_H1N1,40,0.0001733,0.0001733
seqneut25to26_sera_1017_d28,A/Ghana/ARI-25-1125/2025_H1N1,plate8-A/Ghana/ARI-25-1125/2025_H1N1,92,0.0003024,0.0003024
seqneut25to26_sera_1017_d28,A/Ghana/ARI-25-1125/2025_H1N1,plate8-A/Ghana/ARI-25-1125/2025_H1N1,212,0.0005114,0.0005114
seqneut25to26_sera_1017_d28,A/Ghana/ARI-25-1125/2025_H1N1,plate8-A/Ghana/ARI-25-1125/2025_H1N1,487,0.02952,0.02952
seqneut25to26_sera_1017_d28,A/Ghana/ARI-25-1125/2025_H1N1,plate8-A/Ghana/ARI-25-1125/2025_H1N1,1119,0.3807,0.3807
seqneut25to26_sera_1017_d28,A/Ghana/ARI-25-1125/2025_H1N1,plate8-A/Ghana/ARI-25-1125/2025_H1N1,2575,0.8668,0.8668
seqneut25to26_sera_1017_d28,A/Ghana/ARI-25-1125/2025_H1N1,plate8-A/Ghana/ARI-25-1125/2025_H1N1,5921,0.833,0.833
seqneut25to26_sera_1017_d28,A/Ghana/ARI-25-1125/2025_H1N1,plate8-A/Ghana/ARI-25-1125/2025_H1N1,1.362e+04,1.049,1
seqneut25to26_sera_1017_d28,A/Ghana/FS-25-7077/2025_H3N2,plate8-A/Ghana/FS-25-7077/2025_H3N2,40,0.06078,0.06078
seqneut25to26_sera_1017_d28,A/Ghana/FS-25-7077/2025_H3N2,plate8-A/Ghana/FS-25-7077/2025_H3N2,92,0.1946,0.1946
seqneut25to26_sera_1017_d28,A/Ghana/FS-25-7077/2025_H3N2,plate8-A/Ghana/FS-25-7077/2025_H3N2,212,0.4179,0.4179
seqneut25to26_sera_1017_d28,A/Ghana/FS-25-7077/2025_H3N2,plate8-A/Ghana/FS-25-7077/2025_H3N2,487,0.5619,0.5619
seqneut25to26_sera_1017_d28,A/Ghana/FS-25-7077/2025_H3N2,plate8-A/Ghana/FS-25-7077/2025_H3N2,1119,0.7025,0.7025
seqneut25to26_sera_1017_d28,A/Ghana/FS-25-7077/2025_H3N2,plate8-A/Ghana/FS-25-7077/2025_H3N2,2575,0.6083,0.6083
seqneut25to26_sera_1017_d28,A/Ghana/FS-25-7077/2025_H3N2,plate8-A/Ghana/FS-25-7077/2025_H3N2,5921,0.6754,0.6754
seqneut25to26_sera_1017_d28,A/Ghana/FS-25-7077/2025_H3N2,plate8-A/Ghana/FS-25-7077/2025_H3N2,1.362e+04,0.7338,0.7338
seqneut25to26_sera_1017_d28,A/Guangdong-Maonan/11438/2025_H3N2,plate8-A/Guangdong-Maonan/11438/2025_H3N2,40,0.01401,0.01401
seqneut25to26_sera_1017_d28,A/Guangdong-Maonan/11438/2025_H3N2,plate8-A/Guangdong-Maonan/11438/2025_H3N2,92,0.09409,0.09409
seqneut25to26_sera_1017_d28,A/Guangdong-Maonan/11438/2025_H3N2,plate8-A/Guangdong-Maonan/11438/2025_H3N2,212,0.1389,0.1389
seqneut25to26_sera_1017_d28,A/Guangdong-Maonan/11438/2025_H3N2,plate8-A/Guangdong-Maonan/11438/2025_H3N2,487,0.3171,0.3171
seqneut25to26_sera_1017_d28,A/Guangdong-Maonan/11438/2025_H3N2,plate8-A/Guangdong-Maonan/11438/2025_H3N2,1119,0.5224,0.5224
seqneut25to26_sera_1017_d28,A/Guangdong-Maonan/11438/2025_H3N2,plate8-A/Guangdong-Maonan/11438/2025_H3N2,2575,0.6048,0.6048
seqneut25to26_sera_1017_d28,A/Guangdong-Maonan/11438/2025_H3N2,plate8-A/Guangdong-Maonan/11438/2025_H3N2,5921,0.6582,0.6582
seqneut25to26_sera_1017_d28,A/Guangdong-Maonan/11438/2025_H3N2,plate8-A/Guangdong-Maonan/11438/2025_H3N2,1.362e+04,0.8732,0.8732
seqneut25to26_sera_1017_d28,A/Guangdong-Meijiang/11256/2025_H3N2,plate8-A/Guangdong-Meijiang/11256/2025_H3N2,40,0.01971,0.01971
seqneut25to26_sera_1017_d28,A/Guangdong-Meijiang/11256/2025_H3N2,plate8-A/Guangdong-Meijiang/11256/2025_H3N2,92,0.1726,0.1726
seqneut25to26_sera_1017_d28,A/Guangdong-Meijiang/11256/2025_H3N2,plate8-A/Guangdong-Meijiang/11256/2025_H3N2,212,0.1628,0.1628
seqneut25to26_sera_1017_d28,A/Guangdong-Meijiang/11256/2025_H3N2,plate8-A/Guangdong-Meijiang/11256/2025_H3N2,487,0.3874,0.3874
seqneut25to26_sera_1017_d28,A/Guangdong-Meijiang/11256/2025_H3N2,plate8-A/Guangdong-Meijiang/11256/2025_H3N2,1119,0.5801,0.5801
seqneut25to26_sera_1017_d28,A/Guangdong-Meijiang/11256/2025_H3N2,plate8-A/Guangdong-Meijiang/11256/2025_H3N2,2575,0.6575,0.6575
seqneut25to26_sera_1017_d28,A/Guangdong-Meijiang/11256/2025_H3N2,plate8-A/Guangdong-Meijiang/11256/2025_H3N2,5921,0.9569,0.9569
seqneut25to26_sera_1017_d28,A/Guangdong-Meijiang/11256/2025_H3N2,plate8-A/Guangdong-Meijiang/11256/2025_H3N2,1.362e+04,0.7078,0.7078
seqneut25to26_sera_1017_d28,A/Guangxi-Daxin/1643/2025_H3N2,plate8-A/Guangxi-Daxin/1643/2025_H3N2,40,0.03685,0.03685
seqneut25to26_sera_1017_d28,A/Guangxi-Daxin/1643/2025_H3N2,plate8-A/Guangxi-Daxin/1643/2025_H3N2,92,0.1877,0.1877
seqneut25to26_sera_1017_d28,A/Guangxi-Daxin/1643/2025_H3N2,plate8-A/Guangxi-Daxin/1643/2025_H3N2,212,0.2526,0.2526
seqneut25to26_sera_1017_d28,A/Guangxi-Daxin/1643/2025_H3N2,plate8-A/Guangxi-Daxin/1643/2025_H3N2,487,0.5114,0.5114
seqneut25to26_sera_1017_d28,A/Guangxi-Daxin/1643/2025_H3N2,plate8-A/Guangxi-Daxin/1643/2025_H3N2,1119,0.6402,0.6402
seqneut25to26_sera_1017_d28,A/Guangxi-Daxin/1643/2025_H3N2,plate8-A/Guangxi-Daxin/1643/2025_H3N2,2575,0.651,0.651
seqneut25to26_sera_1017_d28,A/Guangxi-Daxin/1643/2025_H3N2,plate8-A/Guangxi-Daxin/1643/2025_H3N2,5921,0.9241,0.9241
seqneut25to26_sera_1017_d28,A/Guangxi-Daxin/1643/2025_H3N2,plate8-A/Guangxi-Daxin/1643/2025_H3N2,1.362e+04,0.9432,0.9432
seqneut25to26_sera_1017_d28,A/Guangxi-Qingxiu/SWL11742/2025_H1N1,plate8-A/Guangxi-Qingxiu/SWL11742/2025_H1N1,40,0.000298,0.000298
seqneut25to26_sera_1017_d28,A/Guangxi-Qingxiu/SWL11742/2025_H1N1,plate8-A/Guangxi-Qingxiu/SWL11742/2025_H1N1,92,0.002278,0.002278
seqneut25to26_sera_1017_d28,A/Guangxi-Qingxiu/SWL11742/2025_H1N1,plate8-A/Guangxi-Qingxiu/SWL11742/2025_H1N1,212,0.01924,0.01924
seqneut25to26_sera_1017_d28,A/Guangxi-Qingxiu/SWL11742/2025_H1N1,plate8-A/Guangxi-Qingxiu/SWL11742/2025_H1N1,487,0.1931,0.1931
seqneut25to26_sera_1017_d28,A/Guangxi-Qingxiu/SWL11742/2025_H1N1,plate8-A/Guangxi-Qingxiu/SWL11742/2025_H1N1,1119,0.5343,0.5343
seqneut25to26_sera_1017_d28,A/Guangxi-Qingxiu/SWL11742/2025_H1N1,plate8-A/Guangxi-Qingxiu/SWL11742/2025_H1N1,2575,0.8296,0.8296
seqneut25to26_sera_1017_d28,A/Guangxi-Qingxiu/SWL11742/2025_H1N1,plate8-A/Guangxi-Qingxiu/SWL11742/2025_H1N1,5921,0.8514,0.8514
seqneut25to26_sera_1017_d28,A/Guangxi-Qingxiu/SWL11742/2025_H1N1,plate8-A/Guangxi-Qingxiu/SWL11742/2025_H1N1,1.362e+04,1.009,1
seqneut25to26_sera_1017_d28,A/Hawaii/44/2025_H1N1,plate8-A/Hawaii/44/2025_H1N1,40,2.681e-05,2.681e-05
seqneut25to26_sera_1017_d28,A/Hawaii/44/2025_H1N1,plate8-A/Hawaii/44/2025_H1N1,92,0.0004674,0.0004674
seqneut25to26_sera_1017_d28,A/Hawaii/44/2025_H1N1,plate8-A/Hawaii/44/2025_H1N1,212,0.00517,0.00517
seqneut25to26_sera_1017_d28,A/Hawaii/44/2025_H1N1,plate8-A/Hawaii/44/2025_H1N1,487,0.159,0.159
seqneut25to26_sera_1017_d28,A/Hawaii/44/2025_H1N1,plate8-A/Hawaii/44/2025_H1N1,1119,0.4857,0.4857
seqneut25to26_sera_1017_d28,A/Hawaii/44/2025_H1N1,plate8-A/Hawaii/44/2025_H1N1,2575,0.8247,0.8247
seqneut25to26_sera_1017_d28,A/Hawaii/44/2025_H1N1,plate8-A/Hawaii/44/2025_H1N1,5921,0.8945,0.8945
seqneut25to26_sera_1017_d28,A/Hawaii/44/2025_H1N1,plate8-A/Hawaii/44/2025_H1N1,1.362e+04,1.175,1
seqneut25to26_sera_1017_d28,A/Hawaii/70/2019_H1N1,plate8-A/Hawaii/70/2019_H1N1,40,9.729e-05,9.729e-05
seqneut25to26_sera_1017_d28,A/Hawaii/70/2019_H1N1,plate8-A/Hawaii/70/2019_H1N1,92,0.0009537,0.0009537
seqneut25to26_sera_1017_d28,A/Hawaii/70/2019_H1N1,plate8-A/Hawaii/70/2019_H1N1,212,0.1201,0.1201
seqneut25to26_sera_1017_d28,A/Hawaii/70/2019_H1N1,plate8-A/Hawaii/70/2019_H1N1,487,0.4347,0.4347
seqneut25to26_sera_1017_d28,A/Hawaii/70/2019_H1N1,plate8-A/Hawaii/70/2019_H1N1,1119,0.6185,0.6185
seqneut25to26_sera_1017_d28,A/Hawaii/70/2019_H1N1,plate8-A/Hawaii/70/2019_H1N1,2575,0.7839,0.7839
seqneut25to26_sera_1017_d28,A/Hawaii/70/2019_H1N1,plate8-A/Hawaii/70/2019_H1N1,5921,0.8413,0.8413
seqneut25to26_sera_1017_d28,A/Hawaii/70/2019_H1N1,plate8-A/Hawaii/70/2019_H1N1,1.362e+04,1.087,1
seqneut25to26_sera_1017_d28,A/HongKong/1257/2025_H3N2,plate8-A/HongKong/1257/2025_H3N2,40,0.01161,0.01161
seqneut25to26_sera_1017_d28,A/HongKong/1257/2025_H3N2,plate8-A/HongKong/1257/2025_H3N2,92,0.0366,0.0366
seqneut25to26_sera_1017_d28,A/HongKong/1257/2025_H3N2,plate8-A/HongKong/1257/2025_H3N2,212,0.1196,0.1196
seqneut25to26_sera_1017_d28,A/HongKong/1257/2025_H3N2,plate8-A/HongKong/1257/2025_H3N2,487,0.3809,0.3809
seqneut25to26_sera_1017_d28,A/HongKong/1257/2025_H3N2,plate8-A/HongKong/1257/2025_H3N2,1119,0.4957,0.4957
seqneut25to26_sera_1017_d28,A/HongKong/1257/2025_H3N2,plate8-A/HongKong/1257/2025_H3N2,2575,0.7003,0.7003
seqneut25to26_sera_1017_d28,A/HongKong/1257/2025_H3N2,plate8-A/HongKong/1257/2025_H3N2,5921,0.8386,0.8386
seqneut25to26_sera_1017_d28,A/HongKong/1257/2025_H3N2,plate8-A/HongKong/1257/2025_H3N2,1.362e+04,0.9434,0.9434
seqneut25to26_sera_1017_d28,A/HongKong/1382/2025_H3N2,plate8-A/HongKong/1382/2025_H3N2,40,0.02935,0.02935
seqneut25to26_sera_1017_d28,A/HongKong/1382/2025_H3N2,plate8-A/HongKong/1382/2025_H3N2,92,0.07222,0.07222
seqneut25to26_sera_1017_d28,A/HongKong/1382/2025_H3N2,plate8-A/HongKong/1382/2025_H3N2,212,0.3032,0.3032
seqneut25to26_sera_1017_d28,A/HongKong/1382/2025_H3N2,plate8-A/HongKong/1382/2025_H3N2,487,0.3216,0.3216
seqneut25to26_sera_1017_d28,A/HongKong/1382/2025_H3N2,plate8-A/HongKong/1382/2025_H3N2,1119,0.5387,0.5387
seqneut25to26_sera_1017_d28,A/HongKong/1382/2025_H3N2,plate8-A/HongKong/1382/2025_H3N2,2575,0.7912,0.7912
seqneut25to26_sera_1017_d28,A/HongKong/1382/2025_H3N2,plate8-A/HongKong/1382/2025_H3N2,5921,0.7291,0.7291
seqneut25to26_sera_1017_d28,A/HongKong/1382/2025_H3N2,plate8-A/HongKong/1382/2025_H3N2,1.362e+04,0.9045,0.9045
seqneut25to26_sera_1017_d28,A/Indonesia/BIOKES-I-BT074/2025_H3N2,plate8-A/Indonesia/BIOKES-I-BT074/2025_H3N2,40,0.0008485,0.0008485
seqneut25to26_sera_1017_d28,A/Indonesia/BIOKES-I-BT074/2025_H3N2,plate8-A/Indonesia/BIOKES-I-BT074/2025_H3N2,92,0.009708,0.009708
seqneut25to26_sera_1017_d28,A/Indonesia/BIOKES-I-BT074/2025_H3N2,plate8-A/Indonesia/BIOKES-I-BT074/2025_H3N2,212,0.1087,0.1087
seqneut25to26_sera_1017_d28,A/Indonesia/BIOKES-I-BT074/2025_H3N2,plate8-A/Indonesia/BIOKES-I-BT074/2025_H3N2,487,0.3954,0.3954
seqneut25to26_sera_1017_d28,A/Indonesia/BIOKES-I-BT074/2025_H3N2,plate8-A/Indonesia/BIOKES-I-BT074/2025_H3N2,1119,0.5815,0.5815
seqneut25to26_sera_1017_d28,A/Indonesia/BIOKES-I-BT074/2025_H3N2,plate8-A/Indonesia/BIOKES-I-BT074/2025_H3N2,2575,0.7428,0.7428
seqneut25to26_sera_1017_d28,A/Indonesia/BIOKES-I-BT074/2025_H3N2,plate8-A/Indonesia/BIOKES-I-BT074/2025_H3N2,5921,0.7659,0.7659
seqneut25to26_sera_1017_d28,A/Indonesia/BIOKES-I-BT074/2025_H3N2,plate8-A/Indonesia/BIOKES-I-BT074/2025_H3N2,1.362e+04,0.8282,0.8282
seqneut25to26_sera_1017_d28,A/Indonesia/BIOKES-INAD491/2025_H3N2,plate8-A/Indonesia/BIOKES-INAD491/2025_H3N2,40,0.007766,0.007766
seqneut25to26_sera_1017_d28,A/Indonesia/BIOKES-INAD491/2025_H3N2,plate8-A/Indonesia/BIOKES-INAD491/2025_H3N2,92,0.03633,0.03633
seqneut25to26_sera_1017_d28,A/Indonesia/BIOKES-INAD491/2025_H3N2,plate8-A/Indonesia/BIOKES-INAD491/2025_H3N2,212,0.2102,0.2102
seqneut25to26_sera_1017_d28,A/Indonesia/BIOKES-INAD491/2025_H3N2,plate8-A/Indonesia/BIOKES-INAD491/2025_H3N2,487,0.374,0.374
seqneut25to26_sera_1017_d28,A/Indonesia/BIOKES-INAD491/2025_H3N2,plate8-A/Indonesia/BIOKES-INAD491/2025_H3N2,1119,0.6014,0.6014
seqneut25to26_sera_1017_d28,A/Indonesia/BIOKES-INAD491/2025_H3N2,plate8-A/Indonesia/BIOKES-INAD491/2025_H3N2,2575,0.5562,0.5562
seqneut25to26_sera_1017_d28,A/Indonesia/BIOKES-INAD491/2025_H3N2,plate8-A/Indonesia/BIOKES-INAD491/2025_H3N2,5921,0.7832,0.7832
seqneut25to26_sera_1017_d28,A/Indonesia/BIOKES-INAD491/2025_H3N2,plate8-A/Indonesia/BIOKES-INAD491/2025_H3N2,1.362e+04,1.072,1
seqneut25to26_sera_1017_d28,A/Lao/820-2750/2025_H3N2,plate8-A/Lao/820-2750/2025_H3N2,40,1.534e-05,1.534e-05
seqneut25to26_sera_1017_d28,A/Lao/820-2750/2025_H3N2,plate8-A/Lao/820-2750/2025_H3N2,92,0.0001142,0.0001142
seqneut25to26_sera_1017_d28,A/Lao/820-2750/2025_H3N2,plate8-A/Lao/820-2750/2025_H3N2,212,0.05241,0.05241
seqneut25to26_sera_1017_d28,A/Lao/820-2750/2025_H3N2,plate8-A/Lao/820-2750/2025_H3N2,487,0.2751,0.2751
seqneut25to26_sera_1017_d28,A/Lao/820-2750/2025_H3N2,plate8-A/Lao/820-2750/2025_H3N2,1119,0.5732,0.5732
seqneut25to26_sera_1017_d28,A/Lao/820-2750/2025_H3N2,plate8-A/Lao/820-2750/2025_H3N2,2575,0.896,0.896
seqneut25to26_sera_1017_d28,A/Lao/820-2750/2025_H3N2,plate8-A/Lao/820-2750/2025_H3N2,5921,0.77,0.77
seqneut25to26_sera_1017_d28,A/Lao/820-2750/2025_H3N2,plate8-A/Lao/820-2750/2025_H3N2,1.362e+04,0.8638,0.8638
seqneut25to26_sera_1017_d28,A/Malaysia/IMR/SARI/2028/2025_H3N2,plate8-A/Malaysia/IMR/SARI/2028/2025_H3N2,40,0.007709,0.007709
seqneut25to26_sera_1017_d28,A/Malaysia/IMR/SARI/2028/2025_H3N2,plate8-A/Malaysia/IMR/SARI/2028/2025_H3N2,92,0.02456,0.02456
seqneut25to26_sera_1017_d28,A/Malaysia/IMR/SARI/2028/2025_H3N2,plate8-A/Malaysia/IMR/SARI/2028/2025_H3N2,212,0.1702,0.1702
seqneut25to26_sera_1017_d28,A/Malaysia/IMR/SARI/2028/2025_H3N2,plate8-A/Malaysia/IMR/SARI/2028/2025_H3N2,487,0.3719,0.3719
seqneut25to26_sera_1017_d28,A/Malaysia/IMR/SARI/2028/2025_H3N2,plate8-A/Malaysia/IMR/SARI/2028/2025_H3N2,1119,0.4856,0.4856
seqneut25to26_sera_1017_d28,A/Malaysia/IMR/SARI/2028/2025_H3N2,plate8-A/Malaysia/IMR/SARI/2028/2025_H3N2,2575,0.7951,0.7951
seqneut25to26_sera_1017_d28,A/Malaysia/IMR/SARI/2028/2025_H3N2,plate8-A/Malaysia/IMR/SARI/2028/2025_H3N2,5921,0.6477,0.6477
seqneut25to26_sera_1017_d28,A/Malaysia/IMR/SARI/2028/2025_H3N2,plate8-A/Malaysia/IMR/SARI/2028/2025_H3N2,1.362e+04,0.7965,0.7965
seqneut25to26_sera_1017_d28,A/Malaysia/IMR/SARI/2406/2025_H3N2,plate8-A/Malaysia/IMR/SARI/2406/2025_H3N2,40,0.1211,0.1211
seqneut25to26_sera_1017_d28,A/Malaysia/IMR/SARI/2406/2025_H3N2,plate8-A/Malaysia/IMR/SARI/2406/2025_H3N2,92,0.3817,0.3817
seqneut25to26_sera_1017_d28,A/Malaysia/IMR/SARI/2406/2025_H3N2,plate8-A/Malaysia/IMR/SARI/2406/2025_H3N2,212,0.593,0.593
seqneut25to26_sera_1017_d28,A/Malaysia/IMR/SARI/2406/2025_H3N2,plate8-A/Malaysia/IMR/SARI/2406/2025_H3N2,487,0.6746,0.6746
seqneut25to26_sera_1017_d28,A/Malaysia/IMR/SARI/2406/2025_H3N2,plate8-A/Malaysia/IMR/SARI/2406/2025_H3N2,1119,0.6747,0.6747
seqneut25to26_sera_1017_d28,A/Malaysia/IMR/SARI/2406/2025_H3N2,plate8-A/Malaysia/IMR/SARI/2406/2025_H3N2,2575,0.832,0.832
seqneut25to26_sera_1017_d28,A/Malaysia/IMR/SARI/2406/2025_H3N2,plate8-A/Malaysia/IMR/SARI/2406/2025_H3N2,5921,0.7327,0.7327
seqneut25to26_sera_1017_d28,A/Malaysia/IMR/SARI/2406/2025_H3N2,plate8-A/Malaysia/IMR/SARI/2406/2025_H3N2,1.362e+04,1.065,1
seqneut25to26_sera_1017_d28,A/Malaysia/IMR/SARI/2517/2025_H3N2,plate8-A/Malaysia/IMR/SARI/2517/2025_H3N2,40,0.05768,0.05768
seqneut25to26_sera_1017_d28,A/Malaysia/IMR/SARI/2517/2025_H3N2,plate8-A/Malaysia/IMR/SARI/2517/2025_H3N2,92,0.2716,0.2716
seqneut25to26_sera_1017_d28,A/Malaysia/IMR/SARI/2517/2025_H3N2,plate8-A/Malaysia/IMR/SARI/2517/2025_H3N2,212,0.4697,0.4697
seqneut25to26_sera_1017_d28,A/Malaysia/IMR/SARI/2517/2025_H3N2,plate8-A/Malaysia/IMR/SARI/2517/2025_H3N2,487,0.5823,0.5823
seqneut25to26_sera_1017_d28,A/Malaysia/IMR/SARI/2517/2025_H3N2,plate8-A/Malaysia/IMR/SARI/2517/2025_H3N2,1119,0.5992,0.5992
seqneut25to26_sera_1017_d28,A/Malaysia/IMR/SARI/2517/2025_H3N2,plate8-A/Malaysia/IMR/SARI/2517/2025_H3N2,2575,0.7769,0.7769
seqneut25to26_sera_1017_d28,A/Malaysia/IMR/SARI/2517/2025_H3N2,plate8-A/Malaysia/IMR/SARI/2517/2025_H3N2,5921,0.5946,0.5946
seqneut25to26_sera_1017_d28,A/Malaysia/IMR/SARI/2517/2025_H3N2,plate8-A/Malaysia/IMR/SARI/2517/2025_H3N2,1.362e+04,0.8869,0.8869
seqneut25to26_sera_1017_d28,A/Massachusetts/18/2022_H3N2,plate8-A/Massachusetts/18/2022_H3N2,40,0.04108,0.04108
seqneut25to26_sera_1017_d28,A/Massachusetts/18/2022_H3N2,plate8-A/Massachusetts/18/2022_H3N2,92,0.2243,0.2243
seqneut25to26_sera_1017_d28,A/Massachusetts/18/2022_H3N2,plate8-A/Massachusetts/18/2022_H3N2,212,0.3622,0.3622
seqneut25to26_sera_1017_d28,A/Massachusetts/18/2022_H3N2,plate8-A/Massachusetts/18/2022_H3N2,487,0.3022,0.3022
seqneut25to26_sera_1017_d28,A/Massachusetts/18/2022_H3N2,plate8-A/Massachusetts/18/2022_H3N2,1119,0.4061,0.4061
seqneut25to26_sera_1017_d28,A/Massachusetts/18/2022_H3N2,plate8-A/Massachusetts/18/2022_H3N2,2575,0.669,0.669
seqneut25to26_sera_1017_d28,A/Massachusetts/18/2022_H3N2,plate8-A/Massachusetts/18/2022_H3N2,5921,0.7204,0.7204
seqneut25to26_sera_1017_d28,A/Massachusetts/18/2022_H3N2,plate8-A/Massachusetts/18/2022_H3N2,1.362e+04,0.8595,0.8595
seqneut25to26_sera_1017_d28,A/Michigan/110/2025_H3N2,plate8-A/Michigan/110/2025_H3N2,40,0.0009129,0.0009129
seqneut25to26_sera_1017_d28,A/Michigan/110/2025_H3N2,plate8-A/Michigan/110/2025_H3N2,92,0.06203,0.06203
seqneut25to26_sera_1017_d28,A/Michigan/110/2025_H3N2,plate8-A/Michigan/110/2025_H3N2,212,0.1909,0.1909
seqneut25to26_sera_1017_d28,A/Michigan/110/2025_H3N2,plate8-A/Michigan/110/2025_H3N2,487,0.295,0.295
seqneut25to26_sera_1017_d28,A/Michigan/110/2025_H3N2,plate8-A/Michigan/110/2025_H3N2,1119,0.3953,0.3953
seqneut25to26_sera_1017_d28,A/Michigan/110/2025_H3N2,plate8-A/Michigan/110/2025_H3N2,2575,0.7597,0.7597
seqneut25to26_sera_1017_d28,A/Michigan/110/2025_H3N2,plate8-A/Michigan/110/2025_H3N2,5921,0.7524,0.7524
seqneut25to26_sera_1017_d28,A/Michigan/110/2025_H3N2,plate8-A/Michigan/110/2025_H3N2,1.362e+04,1.004,1
seqneut25to26_sera_1017_d28,A/Minnesota/96/2025_H3N2,plate8-A/Minnesota/96/2025_H3N2,40,0.001442,0.001442
seqneut25to26_sera_1017_d28,A/Minnesota/96/2025_H3N2,plate8-A/Minnesota/96/2025_H3N2,92,0.02568,0.02568
seqneut25to26_sera_1017_d28,A/Minnesota/96/2025_H3N2,plate8-A/Minnesota/96/2025_H3N2,212,0.1426,0.1426
seqneut25to26_sera_1017_d28,A/Minnesota/96/2025_H3N2,plate8-A/Minnesota/96/2025_H3N2,487,0.2952,0.2952
seqneut25to26_sera_1017_d28,A/Minnesota/96/2025_H3N2,plate8-A/Minnesota/96/2025_H3N2,1119,0.4387,0.4387
seqneut25to26_sera_1017_d28,A/Minnesota/96/2025_H3N2,plate8-A/Minnesota/96/2025_H3N2,2575,0.754,0.754
seqneut25to26_sera_1017_d28,A/Minnesota/96/2025_H3N2,plate8-A/Minnesota/96/2025_H3N2,5921,0.7357,0.7357
seqneut25to26_sera_1017_d28,A/Minnesota/96/2025_H3N2,plate8-A/Minnesota/96/2025_H3N2,1.362e+04,0.9952,0.9952
seqneut25to26_sera_1017_d28,A/Missouri/11/2025_H1N1,plate8-A/Missouri/11/2025_H1N1,40,0,0
seqneut25to26_sera_1017_d28,A/Missouri/11/2025_H1N1,plate8-A/Missouri/11/2025_H1N1,92,0.000565,0.000565
seqneut25to26_sera_1017_d28,A/Missouri/11/2025_H1N1,plate8-A/Missouri/11/2025_H1N1,212,0.01185,0.01185
seqneut25to26_sera_1017_d28,A/Missouri/11/2025_H1N1,plate8-A/Missouri/11/2025_H1N1,487,0.1566,0.1566
seqneut25to26_sera_1017_d28,A/Missouri/11/2025_H1N1,plate8-A/Missouri/11/2025_H1N1,1119,0.6114,0.6114
seqneut25to26_sera_1017_d28,A/Missouri/11/2025_H1N1,plate8-A/Missouri/11/2025_H1N1,2575,0.8458,0.8458
seqneut25to26_sera_1017_d28,A/Missouri/11/2025_H1N1,plate8-A/Missouri/11/2025_H1N1,5921,0.8902,0.8902
seqneut25to26_sera_1017_d28,A/Missouri/11/2025_H1N1,plate8-A/Missouri/11/2025_H1N1,1.362e+04,1.143,1
seqneut25to26_sera_1017_d28,A/NewSouthWales/2526015582/2025_H3N2,plate8-A/NewSouthWales/2526015582/2025_H3N2,40,0.04473,0.04473
seqneut25to26_sera_1017_d28,A/NewSouthWales/2526015582/2025_H3N2,plate8-A/NewSouthWales/2526015582/2025_H3N2,92,0.2669,0.2669
seqneut25to26_sera_1017_d28,A/NewSouthWales/2526015582/2025_H3N2,plate8-A/NewSouthWales/2526015582/2025_H3N2,212,0.3938,0.3938
seqneut25to26_sera_1017_d28,A/NewSouthWales/2526015582/2025_H3N2,plate8-A/NewSouthWales/2526015582/2025_H3N2,487,0.5347,0.5347
seqneut25to26_sera_1017_d28,A/NewSouthWales/2526015582/2025_H3N2,plate8-A/NewSouthWales/2526015582/2025_H3N2,1119,0.5878,0.5878
seqneut25to26_sera_1017_d28,A/NewSouthWales/2526015582/2025_H3N2,plate8-A/NewSouthWales/2526015582/2025_H3N2,2575,0.7132,0.7132
seqneut25to26_sera_1017_d28,A/NewSouthWales/2526015582/2025_H3N2,plate8-A/NewSouthWales/2526015582/2025_H3N2,5921,0.7392,0.7392
seqneut25to26_sera_1017_d28,A/NewSouthWales/2526015582/2025_H3N2,plate8-A/NewSouthWales/2526015582/2025_H3N2,1.362e+04,0.8713,0.8713
seqneut25to26_sera_1017_d28,A/NewSouthWales/2526015584/2025_H3N2,plate8-A/NewSouthWales/2526015584/2025_H3N2,40,0.02834,0.02834
seqneut25to26_sera_1017_d28,A/NewSouthWales/2526015584/2025_H3N2,plate8-A/NewSouthWales/2526015584/2025_H3N2,92,0.153,0.153
seqneut25to26_sera_1017_d28,A/NewSouthWales/2526015584/2025_H3N2,plate8-A/NewSouthWales/2526015584/2025_H3N2,212,0.4941,0.4941
seqneut25to26_sera_1017_d28,A/NewSouthWales/2526015584/2025_H3N2,plate8-A/NewSouthWales/2526015584/2025_H3N2,487,0.5183,0.5183
seqneut25to26_sera_1017_d28,A/NewSouthWales/2526015584/2025_H3N2,plate8-A/NewSouthWales/2526015584/2025_H3N2,1119,0.6052,0.6052
seqneut25to26_sera_1017_d28,A/NewSouthWales/2526015584/2025_H3N2,plate8-A/NewSouthWales/2526015584/2025_H3N2,2575,0.8647,0.8647
seqneut25to26_sera_1017_d28,A/NewSouthWales/2526015584/2025_H3N2,plate8-A/NewSouthWales/2526015584/2025_H3N2,5921,0.7394,0.7394
seqneut25to26_sera_1017_d28,A/NewSouthWales/2526015584/2025_H3N2,plate8-A/NewSouthWales/2526015584/2025_H3N2,1.362e+04,0.9182,0.9182
seqneut25to26_sera_1017_d28,A/Norway/8765/2025_H3N2,plate8-A/Norway/8765/2025_H3N2,40,0.04775,0.04775
seqneut25to26_sera_1017_d28,A/Norway/8765/2025_H3N2,plate8-A/Norway/8765/2025_H3N2,92,0.2163,0.2163
seqneut25to26_sera_1017_d28,A/Norway/8765/2025_H3N2,plate8-A/Norway/8765/2025_H3N2,212,0.5243,0.5243
seqneut25to26_sera_1017_d28,A/Norway/8765/2025_H3N2,plate8-A/Norway/8765/2025_H3N2,487,0.4965,0.4965
seqneut25to26_sera_1017_d28,A/Norway/8765/2025_H3N2,plate8-A/Norway/8765/2025_H3N2,1119,0.6091,0.6091
seqneut25to26_sera_1017_d28,A/Norway/8765/2025_H3N2,plate8-A/Norway/8765/2025_H3N2,2575,0.7336,0.7336
seqneut25to26_sera_1017_d28,A/Norway/8765/2025_H3N2,plate8-A/Norway/8765/2025_H3N2,5921,0.7056,0.7056
seqneut25to26_sera_1017_d28,A/Norway/8765/2025_H3N2,plate8-A/Norway/8765/2025_H3N2,1.362e+04,0.8791,0.8791
seqneut25to26_sera_1017_d28,A/Norway/8976/2025_H3N2,plate8-A/Norway/8976/2025_H3N2,40,0.05032,0.05032
seqneut25to26_sera_1017_d28,A/Norway/8976/2025_H3N2,plate8-A/Norway/8976/2025_H3N2,92,0.1708,0.1708
seqneut25to26_sera_1017_d28,A/Norway/8976/2025_H3N2,plate8-A/Norway/8976/2025_H3N2,212,0.4027,0.4027
seqneut25to26_sera_1017_d28,A/Norway/8976/2025_H3N2,plate8-A/Norway/8976/2025_H3N2,487,0.4473,0.4473
seqneut25to26_sera_1017_d28,A/Norway/8976/2025_H3N2,plate8-A/Norway/8976/2025_H3N2,1119,0.6242,0.6242
seqneut25to26_sera_1017_d28,A/Norway/8976/2025_H3N2,plate8-A/Norway/8976/2025_H3N2,2575,0.7116,0.7116
seqneut25to26_sera_1017_d28,A/Norway/8976/2025_H3N2,plate8-A/Norway/8976/2025_H3N2,5921,0.8158,0.8158
seqneut25to26_sera_1017_d28,A/Norway/8976/2025_H3N2,plate8-A/Norway/8976/2025_H3N2,1.362e+04,0.7803,0.7803
seqneut25to26_sera_1017_d28,A/Norway/9107/2025_H1N1,plate8-A/Norway/9107/2025_H1N1,40,0.0007919,0.0007919
seqneut25to26_sera_1017_d28,A/Norway/9107/2025_H1N1,plate8-A/Norway/9107/2025_H1N1,92,0.00131,0.00131
seqneut25to26_sera_1017_d28,A/Norway/9107/2025_H1N1,plate8-A/Norway/9107/2025_H1N1,212,0.01414,0.01414
seqneut25to26_sera_1017_d28,A/Norway/9107/2025_H1N1,plate8-A/Norway/9107/2025_H1N1,487,0.187,0.187
seqneut25to26_sera_1017_d28,A/Norway/9107/2025_H1N1,plate8-A/Norway/9107/2025_H1N1,1119,0.5733,0.5733
seqneut25to26_sera_1017_d28,A/Norway/9107/2025_H1N1,plate8-A/Norway/9107/2025_H1N1,2575,0.7071,0.7071
seqneut25to26_sera_1017_d28,A/Norway/9107/2025_H1N1,plate8-A/Norway/9107/2025_H1N1,5921,0.8928,0.8928
seqneut25to26_sera_1017_d28,A/Norway/9107/2025_H1N1,plate8-A/Norway/9107/2025_H1N1,1.362e+04,1.049,1
seqneut25to26_sera_1017_d28,A/Norway/9556/2025_H1N1,plate8-A/Norway/9556/2025_H1N1,40,0.002082,0.002082
seqneut25to26_sera_1017_d28,A/Norway/9556/2025_H1N1,plate8-A/Norway/9556/2025_H1N1,92,0.04851,0.04851
seqneut25to26_sera_1017_d28,A/Norway/9556/2025_H1N1,plate8-A/Norway/9556/2025_H1N1,212,0.4513,0.4513
seqneut25to26_sera_1017_d28,A/Norway/9556/2025_H1N1,plate8-A/Norway/9556/2025_H1N1,487,0.6888,0.6888
seqneut25to26_sera_1017_d28,A/Norway/9556/2025_H1N1,plate8-A/Norway/9556/2025_H1N1,1119,0.7275,0.7275
seqneut25to26_sera_1017_d28,A/Norway/9556/2025_H1N1,plate8-A/Norway/9556/2025_H1N1,2575,1.005,1
seqneut25to26_sera_1017_d28,A/Norway/9556/2025_H1N1,plate8-A/Norway/9556/2025_H1N1,5921,0.8999,0.8999
seqneut25to26_sera_1017_d28,A/Norway/9556/2025_H1N1,plate8-A/Norway/9556/2025_H1N1,1.362e+04,0.9014,0.9014
seqneut25to26_sera_1017_d28,A/Peru/GIHSN-04-1089/2025_H3N2,plate8-A/Peru/GIHSN-04-1089/2025_H3N2,40,0.01008,0.01008
seqneut25to26_sera_1017_d28,A/Peru/GIHSN-04-1089/2025_H3N2,plate8-A/Peru/GIHSN-04-1089/2025_H3N2,92,0.0831,0.0831
seqneut25to26_sera_1017_d28,A/Peru/GIHSN-04-1089/2025_H3N2,plate8-A/Peru/GIHSN-04-1089/2025_H3N2,212,0.2808,0.2808
seqneut25to26_sera_1017_d28,A/Peru/GIHSN-04-1089/2025_H3N2,plate8-A/Peru/GIHSN-04-1089/2025_H3N2,487,0.3812,0.3812
seqneut25to26_sera_1017_d28,A/Peru/GIHSN-04-1089/2025_H3N2,plate8-A/Peru/GIHSN-04-1089/2025_H3N2,1119,0.7744,0.7744
seqneut25to26_sera_1017_d28,A/Peru/GIHSN-04-1089/2025_H3N2,plate8-A/Peru/GIHSN-04-1089/2025_H3N2,2575,0.6805,0.6805
seqneut25to26_sera_1017_d28,A/Peru/GIHSN-04-1089/2025_H3N2,plate8-A/Peru/GIHSN-04-1089/2025_H3N2,5921,0.8939,0.8939
seqneut25to26_sera_1017_d28,A/Peru/GIHSN-04-1089/2025_H3N2,plate8-A/Peru/GIHSN-04-1089/2025_H3N2,1.362e+04,1.134,1
seqneut25to26_sera_1017_d28,A/Philippines/SARI25-1425/2025_H1N1,plate8-A/Philippines/SARI25-1425/2025_H1N1,40,0.0008295,0.0008295
seqneut25to26_sera_1017_d28,A/Philippines/SARI25-1425/2025_H1N1,plate8-A/Philippines/SARI25-1425/2025_H1N1,92,0.09436,0.09436
seqneut25to26_sera_1017_d28,A/Philippines/SARI25-1425/2025_H1N1,plate8-A/Philippines/SARI25-1425/2025_H1N1,212,0.5296,0.5296
seqneut25to26_sera_1017_d28,A/Philippines/SARI25-1425/2025_H1N1,plate8-A/Philippines/SARI25-1425/2025_H1N1,487,0.7818,0.7818
seqneut25to26_sera_1017_d28,A/Philippines/SARI25-1425/2025_H1N1,plate8-A/Philippines/SARI25-1425/2025_H1N1,1119,0.8243,0.8243
seqneut25to26_sera_1017_d28,A/Philippines/SARI25-1425/2025_H1N1,plate8-A/Philippines/SARI25-1425/2025_H1N1,2575,0.8817,0.8817
seqneut25to26_sera_1017_d28,A/Philippines/SARI25-1425/2025_H1N1,plate8-A/Philippines/SARI25-1425/2025_H1N1,5921,1.231,1
seqneut25to26_sera_1017_d28,A/Philippines/SARI25-1425/2025_H1N1,plate8-A/Philippines/SARI25-1425/2025_H1N1,1.362e+04,1.164,1
seqneut25to26_sera_1017_d28,A/Queensland/2526516675/2025_H3N2,plate8-A/Queensland/2526516675/2025_H3N2,40,0.03434,0.03434
seqneut25to26_sera_1017_d28,A/Queensland/2526516675/2025_H3N2,plate8-A/Queensland/2526516675/2025_H3N2,92,0.2129,0.2129
seqneut25to26_sera_1017_d28,A/Queensland/2526516675/2025_H3N2,plate8-A/Queensland/2526516675/2025_H3N2,212,0.3463,0.3463
seqneut25to26_sera_1017_d28,A/Queensland/2526516675/2025_H3N2,plate8-A/Queensland/2526516675/2025_H3N2,487,0.4853,0.4853
seqneut25to26_sera_1017_d28,A/Queensland/2526516675/2025_H3N2,plate8-A/Queensland/2526516675/2025_H3N2,1119,0.6829,0.6829
seqneut25to26_sera_1017_d28,A/Queensland/2526516675/2025_H3N2,plate8-A/Queensland/2526516675/2025_H3N2,2575,0.7474,0.7474
seqneut25to26_sera_1017_d28,A/Queensland/2526516675/2025_H3N2,plate8-A/Queensland/2526516675/2025_H3N2,5921,0.7194,0.7194
seqneut25to26_sera_1017_d28,A/Queensland/2526516675/2025_H3N2,plate8-A/Queensland/2526516675/2025_H3N2,1.362e+04,0.9782,0.9782
seqneut25to26_sera_1017_d28,A/SouthAfrica/PET37604/2025_H3N2,plate8-A/SouthAfrica/PET37604/2025_H3N2,40,0.002361,0.002361
seqneut25to26_sera_1017_d28,A/SouthAfrica/PET37604/2025_H3N2,plate8-A/SouthAfrica/PET37604/2025_H3N2,92,0.01777,0.01777
seqneut25to26_sera_1017_d28,A/SouthAfrica/PET37604/2025_H3N2,plate8-A/SouthAfrica/PET37604/2025_H3N2,212,0.1737,0.1737
seqneut25to26_sera_1017_d28,A/SouthAfrica/PET37604/2025_H3N2,plate8-A/SouthAfrica/PET37604/2025_H3N2,487,0.3222,0.3222
seqneut25to26_sera_1017_d28,A/SouthAfrica/PET37604/2025_H3N2,plate8-A/SouthAfrica/PET37604/2025_H3N2,1119,0.4945,0.4945
seqneut25to26_sera_1017_d28,A/SouthAfrica/PET37604/2025_H3N2,plate8-A/SouthAfrica/PET37604/2025_H3N2,2575,0.6823,0.6823
seqneut25to26_sera_1017_d28,A/SouthAfrica/PET37604/2025_H3N2,plate8-A/SouthAfrica/PET37604/2025_H3N2,5921,0.7543,0.7543
seqneut25to26_sera_1017_d28,A/SouthAfrica/PET37604/2025_H3N2,plate8-A/SouthAfrica/PET37604/2025_H3N2,1.362e+04,0.9885,0.9885
seqneut25to26_sera_1017_d28,A/SouthAfrica/PET37625/2025_H3N2,plate8-A/SouthAfrica/PET37625/2025_H3N2,40,0.008125,0.008125
seqneut25to26_sera_1017_d28,A/SouthAfrica/PET37625/2025_H3N2,plate8-A/SouthAfrica/PET37625/2025_H3N2,92,0.006824,0.006824
seqneut25to26_sera_1017_d28,A/SouthAfrica/PET37625/2025_H3N2,plate8-A/SouthAfrica/PET37625/2025_H3N2,212,0.09871,0.09871
seqneut25to26_sera_1017_d28,A/SouthAfrica/PET37625/2025_H3N2,plate8-A/SouthAfrica/PET37625/2025_H3N2,487,0.4227,0.4227
seqneut25to26_sera_1017_d28,A/SouthAfrica/PET37625/2025_H3N2,plate8-A/SouthAfrica/PET37625/2025_H3N2,1119,0.4617,0.4617
seqneut25to26_sera_1017_d28,A/SouthAfrica/PET37625/2025_H3N2,plate8-A/SouthAfrica/PET37625/2025_H3N2,2575,0.5805,0.5805
seqneut25to26_sera_1017_d28,A/SouthAfrica/PET37625/2025_H3N2,plate8-A/SouthAfrica/PET37625/2025_H3N2,5921,0.7559,0.7559
seqneut25to26_sera_1017_d28,A/SouthAfrica/PET37625/2025_H3N2,plate8-A/SouthAfrica/PET37625/2025_H3N2,1.362e+04,0.9881,0.9881
seqneut25to26_sera_1017_d28,A/SouthAustralia/2519001037/2025_H1N1,plate8-A/SouthAustralia/2519001037/2025_H1N1,40,0.0005232,0.0005232
seqneut25to26_sera_1017_d28,A/SouthAustralia/2519001037/2025_H1N1,plate8-A/SouthAustralia/2519001037/2025_H1N1,92,0.0002706,0.0002706
seqneut25to26_sera_1017_d28,A/SouthAustralia/2519001037/2025_H1N1,plate8-A/SouthAustralia/2519001037/2025_H1N1,212,0.04347,0.04347
seqneut25to26_sera_1017_d28,A/SouthAustralia/2519001037/2025_H1N1,plate8-A/SouthAustralia/2519001037/2025_H1N1,487,0.2821,0.2821
seqneut25to26_sera_1017_d28,A/SouthAustralia/2519001037/2025_H1N1,plate8-A/SouthAustralia/2519001037/2025_H1N1,1119,0.7596,0.7596
seqneut25to26_sera_1017_d28,A/SouthAustralia/2519001037/2025_H1N1,plate8-A/SouthAustralia/2519001037/2025_H1N1,2575,0.7755,0.7755
seqneut25to26_sera_1017_d28,A/SouthAustralia/2519001037/2025_H1N1,plate8-A/SouthAustralia/2519001037/2025_H1N1,5921,0.9562,0.9562
seqneut25to26_sera_1017_d28,A/SouthAustralia/2519001037/2025_H1N1,plate8-A/SouthAustralia/2519001037/2025_H1N1,1.362e+04,0.9592,0.9592
seqneut25to26_sera_1017_d28,A/SouthAustralia/2520702747/2025_H1N1,plate8-A/SouthAustralia/2520702747/2025_H1N1,40,0.0004063,0.0004063
seqneut25to26_sera_1017_d28,A/SouthAustralia/2520702747/2025_H1N1,plate8-A/SouthAustralia/2520702747/2025_H1N1,92,0.0002312,0.0002312
seqneut25to26_sera_1017_d28,A/SouthAustralia/2520702747/2025_H1N1,plate8-A/SouthAustralia/2520702747/2025_H1N1,212,0.003261,0.003261
seqneut25to26_sera_1017_d28,A/SouthAustralia/2520702747/2025_H1N1,plate8-A/SouthAustralia/2520702747/2025_H1N1,487,0.09979,0.09979
seqneut25to26_sera_1017_d28,A/SouthAustralia/2520702747/2025_H1N1,plate8-A/SouthAustralia/2520702747/2025_H1N1,1119,0.5452,0.5452
seqneut25to26_sera_1017_d28,A/SouthAustralia/2520702747/2025_H1N1,plate8-A/SouthAustralia/2520702747/2025_H1N1,2575,0.7124,0.7124
seqneut25to26_sera_1017_d28,A/SouthAustralia/2520702747/2025_H1N1,plate8-A/SouthAustralia/2520702747/2025_H1N1,5921,0.8308,0.8308
seqneut25to26_sera_1017_d28,A/SouthAustralia/2520702747/2025_H1N1,plate8-A/SouthAustralia/2520702747/2025_H1N1,1.362e+04,0.9421,0.9421
seqneut25to26_sera_1017_d28,A/SouthAustralia/2523012764/2025_H1N1,plate8-A/SouthAustralia/2523012764/2025_H1N1,40,0.0002469,0.0002469
seqneut25to26_sera_1017_d28,A/SouthAustralia/2523012764/2025_H1N1,plate8-A/SouthAustralia/2523012764/2025_H1N1,92,0.0005438,0.0005438
seqneut25to26_sera_1017_d28,A/SouthAustralia/2523012764/2025_H1N1,plate8-A/SouthAustralia/2523012764/2025_H1N1,212,0.01498,0.01498
seqneut25to26_sera_1017_d28,A/SouthAustralia/2523012764/2025_H1N1,plate8-A/SouthAustralia/2523012764/2025_H1N1,487,0.2726,0.2726
seqneut25to26_sera_1017_d28,A/SouthAustralia/2523012764/2025_H1N1,plate8-A/SouthAustralia/2523012764/2025_H1N1,1119,0.5305,0.5305
seqneut25to26_sera_1017_d28,A/SouthAustralia/2523012764/2025_H1N1,plate8-A/SouthAustralia/2523012764/2025_H1N1,2575,0.7776,0.7776
seqneut25to26_sera_1017_d28,A/SouthAustralia/2523012764/2025_H1N1,plate8-A/SouthAustralia/2523012764/2025_H1N1,5921,0.8749,0.8749
seqneut25to26_sera_1017_d28,A/SouthAustralia/2523012764/2025_H1N1,plate8-A/SouthAustralia/2523012764/2025_H1N1,1.362e+04,1.15,1
seqneut25to26_sera_1017_d28,A/SouthAustralia/2523812314/2025_H3N2,plate8-A/SouthAustralia/2523812314/2025_H3N2,40,0.008063,0.008063
seqneut25to26_sera_1017_d28,A/SouthAustralia/2523812314/2025_H3N2,plate8-A/SouthAustralia/2523812314/2025_H3N2,92,0.04836,0.04836
seqneut25to26_sera_1017_d28,A/SouthAustralia/2523812314/2025_H3N2,plate8-A/SouthAustralia/2523812314/2025_H3N2,212,0.2216,0.2216
seqneut25to26_sera_1017_d28,A/SouthAustralia/2523812314/2025_H3N2,plate8-A/SouthAustralia/2523812314/2025_H3N2,487,0.4346,0.4346
seqneut25to26_sera_1017_d28,A/SouthAustralia/2523812314/2025_H3N2,plate8-A/SouthAustralia/2523812314/2025_H3N2,1119,0.5591,0.5591
seqneut25to26_sera_1017_d28,A/SouthAustralia/2523812314/2025_H3N2,plate8-A/SouthAustralia/2523812314/2025_H3N2,2575,0.6694,0.6694
seqneut25to26_sera_1017_d28,A/SouthAustralia/2523812314/2025_H3N2,plate8-A/SouthAustralia/2523812314/2025_H3N2,5921,0.6475,0.6475
seqneut25to26_sera_1017_d28,A/SouthAustralia/2523812314/2025_H3N2,plate8-A/SouthAustralia/2523812314/2025_H3N2,1.362e+04,0.8349,0.8349
seqneut25to26_sera_1017_d28,A/SouthAustralia/2524408801/2025_H3N2,plate8-A/SouthAustralia/2524408801/2025_H3N2,40,0.009177,0.009177
seqneut25to26_sera_1017_d28,A/SouthAustralia/2524408801/2025_H3N2,plate8-A/SouthAustralia/2524408801/2025_H3N2,92,0.2904,0.2904
seqneut25to26_sera_1017_d28,A/SouthAustralia/2524408801/2025_H3N2,plate8-A/SouthAustralia/2524408801/2025_H3N2,212,0.372,0.372
seqneut25to26_sera_1017_d28,A/SouthAustralia/2524408801/2025_H3N2,plate8-A/SouthAustralia/2524408801/2025_H3N2,487,0.4642,0.4642
seqneut25to26_sera_1017_d28,A/SouthAustralia/2524408801/2025_H3N2,plate8-A/SouthAustralia/2524408801/2025_H3N2,1119,0.5814,0.5814
seqneut25to26_sera_1017_d28,A/SouthAustralia/2524408801/2025_H3N2,plate8-A/SouthAustralia/2524408801/2025_H3N2,2575,0.6762,0.6762
seqneut25to26_sera_1017_d28,A/SouthAustralia/2524408801/2025_H3N2,plate8-A/SouthAustralia/2524408801/2025_H3N2,5921,0.6749,0.6749
seqneut25to26_sera_1017_d28,A/SouthAustralia/2524408801/2025_H3N2,plate8-A/SouthAustralia/2524408801/2025_H3N2,1.362e+04,0.8685,0.8685
seqneut25to26_sera_1017_d28,A/SouthAustralia/2524712956/2025_H1N1,plate8-A/SouthAustralia/2524712956/2025_H1N1,40,9.758e-06,9.758e-06
seqneut25to26_sera_1017_d28,A/SouthAustralia/2524712956/2025_H1N1,plate8-A/SouthAustralia/2524712956/2025_H1N1,92,0.0002697,0.0002697
seqneut25to26_sera_1017_d28,A/SouthAustralia/2524712956/2025_H1N1,plate8-A/SouthAustralia/2524712956/2025_H1N1,212,0.01096,0.01096
seqneut25to26_sera_1017_d28,A/SouthAustralia/2524712956/2025_H1N1,plate8-A/SouthAustralia/2524712956/2025_H1N1,487,0.1405,0.1405
seqneut25to26_sera_1017_d28,A/SouthAustralia/2524712956/2025_H1N1,plate8-A/SouthAustralia/2524712956/2025_H1N1,1119,0.4796,0.4796
seqneut25to26_sera_1017_d28,A/SouthAustralia/2524712956/2025_H1N1,plate8-A/SouthAustralia/2524712956/2025_H1N1,2575,0.7524,0.7524
seqneut25to26_sera_1017_d28,A/SouthAustralia/2524712956/2025_H1N1,plate8-A/SouthAustralia/2524712956/2025_H1N1,5921,0.6986,0.6986
seqneut25to26_sera_1017_d28,A/SouthAustralia/2524712956/2025_H1N1,plate8-A/SouthAustralia/2524712956/2025_H1N1,1.362e+04,0.9131,0.9131
seqneut25to26_sera_1017_d28,A/SouthAustralia/2525607496/2025_H3N2,plate8-A/SouthAustralia/2525607496/2025_H3N2,40,0,0
seqneut25to26_sera_1017_d28,A/SouthAustralia/2525607496/2025_H3N2,plate8-A/SouthAustralia/2525607496/2025_H3N2,92,0.0002067,0.0002067
seqneut25to26_sera_1017_d28,A/SouthAustralia/2525607496/2025_H3N2,plate8-A/SouthAustralia/2525607496/2025_H3N2,212,0.02973,0.02973
seqneut25to26_sera_1017_d28,A/SouthAustralia/2525607496/2025_H3N2,plate8-A/SouthAustralia/2525607496/2025_H3N2,487,0.2483,0.2483
seqneut25to26_sera_1017_d28,A/SouthAustralia/2525607496/2025_H3N2,plate8-A/SouthAustralia/2525607496/2025_H3N2,1119,0.6294,0.6294
seqneut25to26_sera_1017_d28,A/SouthAustralia/2525607496/2025_H3N2,plate8-A/SouthAustralia/2525607496/2025_H3N2,2575,0.7624,0.7624
seqneut25to26_sera_1017_d28,A/SouthAustralia/2525607496/2025_H3N2,plate8-A/SouthAustralia/2525607496/2025_H3N2,5921,0.8336,0.8336
seqneut25to26_sera_1017_d28,A/SouthAustralia/2525607496/2025_H3N2,plate8-A/SouthAustralia/2525607496/2025_H3N2,1.362e+04,1.073,1
seqneut25to26_sera_1017_d28,A/SouthAustralia/2527003588/2025_H3N2,plate8-A/SouthAustralia/2527003588/2025_H3N2,40,0.04293,0.04293
seqneut25to26_sera_1017_d28,A/SouthAustralia/2527003588/2025_H3N2,plate8-A/SouthAustralia/2527003588/2025_H3N2,92,0.2566,0.2566
seqneut25to26_sera_1017_d28,A/SouthAustralia/2527003588/2025_H3N2,plate8-A/SouthAustralia/2527003588/2025_H3N2,212,0.4716,0.4716
seqneut25to26_sera_1017_d28,A/SouthAustralia/2527003588/2025_H3N2,plate8-A/SouthAustralia/2527003588/2025_H3N2,487,0.473,0.473
seqneut25to26_sera_1017_d28,A/SouthAustralia/2527003588/2025_H3N2,plate8-A/SouthAustralia/2527003588/2025_H3N2,1119,0.8211,0.8211
seqneut25to26_sera_1017_d28,A/SouthAustralia/2527003588/2025_H3N2,plate8-A/SouthAustralia/2527003588/2025_H3N2,2575,1.14,1
seqneut25to26_sera_1017_d28,A/SouthAustralia/2527003588/2025_H3N2,plate8-A/SouthAustralia/2527003588/2025_H3N2,5921,0.8564,0.8564
seqneut25to26_sera_1017_d28,A/SouthAustralia/2527003588/2025_H3N2,plate8-A/SouthAustralia/2527003588/2025_H3N2,1.362e+04,0.9126,0.9126
seqneut25to26_sera_1017_d28,A/SouthAustralia/2527213276/2025_H3N2,plate8-A/SouthAustralia/2527213276/2025_H3N2,40,0.08267,0.08267
seqneut25to26_sera_1017_d28,A/SouthAustralia/2527213276/2025_H3N2,plate8-A/SouthAustralia/2527213276/2025_H3N2,92,0.1213,0.1213
seqneut25to26_sera_1017_d28,A/SouthAustralia/2527213276/2025_H3N2,plate8-A/SouthAustralia/2527213276/2025_H3N2,212,0.3474,0.3474
seqneut25to26_sera_1017_d28,A/SouthAustralia/2527213276/2025_H3N2,plate8-A/SouthAustralia/2527213276/2025_H3N2,487,0.5061,0.5061
seqneut25to26_sera_1017_d28,A/SouthAustralia/2527213276/2025_H3N2,plate8-A/SouthAustralia/2527213276/2025_H3N2,1119,0.4945,0.4945
seqneut25to26_sera_1017_d28,A/SouthAustralia/2527213276/2025_H3N2,plate8-A/SouthAustralia/2527213276/2025_H3N2,2575,0.8571,0.8571
seqneut25to26_sera_1017_d28,A/SouthAustralia/2527213276/2025_H3N2,plate8-A/SouthAustralia/2527213276/2025_H3N2,5921,0.6155,0.6155
seqneut25to26_sera_1017_d28,A/SouthAustralia/2527213276/2025_H3N2,plate8-A/SouthAustralia/2527213276/2025_H3N2,1.362e+04,1.044,1
seqneut25to26_sera_1017_d28,A/SouthAustralia/2527612456/2025_H1N1,plate8-A/SouthAustralia/2527612456/2025_H1N1,40,0.0003382,0.0003382
seqneut25to26_sera_1017_d28,A/SouthAustralia/2527612456/2025_H1N1,plate8-A/SouthAustralia/2527612456/2025_H1N1,92,0.0004109,0.0004109
seqneut25to26_sera_1017_d28,A/SouthAustralia/2527612456/2025_H1N1,plate8-A/SouthAustralia/2527612456/2025_H1N1,212,0.01238,0.01238
seqneut25to26_sera_1017_d28,A/SouthAustralia/2527612456/2025_H1N1,plate8-A/SouthAustralia/2527612456/2025_H1N1,487,0.1994,0.1994
seqneut25to26_sera_1017_d28,A/SouthAustralia/2527612456/2025_H1N1,plate8-A/SouthAustralia/2527612456/2025_H1N1,1119,0.7168,0.7168
seqneut25to26_sera_1017_d28,A/SouthAustralia/2527612456/2025_H1N1,plate8-A/SouthAustralia/2527612456/2025_H1N1,2575,0.8318,0.8318
seqneut25to26_sera_1017_d28,A/SouthAustralia/2527612456/2025_H1N1,plate8-A/SouthAustralia/2527612456/2025_H1N1,5921,1.013,1
seqneut25to26_sera_1017_d28,A/SouthAustralia/2527612456/2025_H1N1,plate8-A/SouthAustralia/2527612456/2025_H1N1,1.362e+04,1.15,1
seqneut25to26_sera_1017_d28,A/SouthAustralia/2527902708/2025_H3N2,plate8-A/SouthAustralia/2527902708/2025_H3N2,40,0.06215,0.06215
seqneut25to26_sera_1017_d28,A/SouthAustralia/2527902708/2025_H3N2,plate8-A/SouthAustralia/2527902708/2025_H3N2,92,0.2424,0.2424
seqneut25to26_sera_1017_d28,A/SouthAustralia/2527902708/2025_H3N2,plate8-A/SouthAustralia/2527902708/2025_H3N2,212,0.6231,0.6231
seqneut25to26_sera_1017_d28,A/SouthAustralia/2527902708/2025_H3N2,plate8-A/SouthAustralia/2527902708/2025_H3N2,487,0.5788,0.5788
seqneut25to26_sera_1017_d28,A/SouthAustralia/2527902708/2025_H3N2,plate8-A/SouthAustralia/2527902708/2025_H3N2,1119,0.6499,0.6499
seqneut25to26_sera_1017_d28,A/SouthAustralia/2527902708/2025_H3N2,plate8-A/SouthAustralia/2527902708/2025_H3N2,2575,0.7387,0.7387
seqneut25to26_sera_1017_d28,A/SouthAustralia/2527902708/2025_H3N2,plate8-A/SouthAustralia/2527902708/2025_H3N2,5921,0.8079,0.8079
seqneut25to26_sera_1017_d28,A/SouthAustralia/2527902708/2025_H3N2,plate8-A/SouthAustralia/2527902708/2025_H3N2,1.362e+04,1.011,1
seqneut25to26_sera_1017_d28,A/Sydney/1359/2024_H3N2,plate8-A/Sydney/1359/2024_H3N2,40,0.007122,0.007122
seqneut25to26_sera_1017_d28,A/Sydney/1359/2024_H3N2,plate8-A/Sydney/1359/2024_H3N2,92,0.01309,0.01309
seqneut25to26_sera_1017_d28,A/Sydney/1359/2024_H3N2,plate8-A/Sydney/1359/2024_H3N2,212,0.1476,0.1476
seqneut25to26_sera_1017_d28,A/Sydney/1359/2024_H3N2,plate8-A/Sydney/1359/2024_H3N2,487,0.379,0.379
seqneut25to26_sera_1017_d28,A/Sydney/1359/2024_H3N2,plate8-A/Sydney/1359/2024_H3N2,1119,0.5262,0.5262
seqneut25to26_sera_1017_d28,A/Sydney/1359/2024_H3N2,plate8-A/Sydney/1359/2024_H3N2,2575,0.6833,0.6833
seqneut25to26_sera_1017_d28,A/Sydney/1359/2024_H3N2,plate8-A/Sydney/1359/2024_H3N2,5921,0.6032,0.6032
seqneut25to26_sera_1017_d28,A/Sydney/1359/2024_H3N2,plate8-A/Sydney/1359/2024_H3N2,1.362e+04,0.9554,0.9554
seqneut25to26_sera_1017_d28,A/Sydney/400/2025_H1N1,plate8-A/Sydney/400/2025_H1N1,40,0.004209,0.004209
seqneut25to26_sera_1017_d28,A/Sydney/400/2025_H1N1,plate8-A/Sydney/400/2025_H1N1,92,0.03155,0.03155
seqneut25to26_sera_1017_d28,A/Sydney/400/2025_H1N1,plate8-A/Sydney/400/2025_H1N1,212,0.1842,0.1842
seqneut25to26_sera_1017_d28,A/Sydney/400/2025_H1N1,plate8-A/Sydney/400/2025_H1N1,487,0.5052,0.5052
seqneut25to26_sera_1017_d28,A/Sydney/400/2025_H1N1,plate8-A/Sydney/400/2025_H1N1,1119,0.8497,0.8497
seqneut25to26_sera_1017_d28,A/Sydney/400/2025_H1N1,plate8-A/Sydney/400/2025_H1N1,2575,0.8526,0.8526
seqneut25to26_sera_1017_d28,A/Sydney/400/2025_H1N1,plate8-A/Sydney/400/2025_H1N1,5921,1.029,1
seqneut25to26_sera_1017_d28,A/Sydney/400/2025_H1N1,plate8-A/Sydney/400/2025_H1N1,1.362e+04,0.968,0.968
seqneut25to26_sera_1017_d28,A/Tasmania/2521815682/2025_H3N2,plate8-A/Tasmania/2521815682/2025_H3N2,40,0.04778,0.04778
seqneut25to26_sera_1017_d28,A/Tasmania/2521815682/2025_H3N2,plate8-A/Tasmania/2521815682/2025_H3N2,92,0.1872,0.1872
seqneut25to26_sera_1017_d28,A/Tasmania/2521815682/2025_H3N2,plate8-A/Tasmania/2521815682/2025_H3N2,212,0.3516,0.3516
seqneut25to26_sera_1017_d28,A/Tasmania/2521815682/2025_H3N2,plate8-A/Tasmania/2521815682/2025_H3N2,487,0.6181,0.6181
seqneut25to26_sera_1017_d28,A/Tasmania/2521815682/2025_H3N2,plate8-A/Tasmania/2521815682/2025_H3N2,1119,0.6385,0.6385
seqneut25to26_sera_1017_d28,A/Tasmania/2521815682/2025_H3N2,plate8-A/Tasmania/2521815682/2025_H3N2,2575,0.7951,0.7951
seqneut25to26_sera_1017_d28,A/Tasmania/2521815682/2025_H3N2,plate8-A/Tasmania/2521815682/2025_H3N2,5921,0.6643,0.6643
seqneut25to26_sera_1017_d28,A/Tasmania/2521815682/2025_H3N2,plate8-A/Tasmania/2521815682/2025_H3N2,1.362e+04,0.9796,0.9796
seqneut25to26_sera_1017_d28,A/Thailand/8/2022_H3N2,plate8-A/Thailand/8/2022_H3N2,40,0.0004709,0.0004709
seqneut25to26_sera_1017_d28,A/Thailand/8/2022_H3N2,plate8-A/Thailand/8/2022_H3N2,92,0.02511,0.02511
seqneut25to26_sera_1017_d28,A/Thailand/8/2022_H3N2,plate8-A/Thailand/8/2022_H3N2,212,0.07167,0.07167
seqneut25to26_sera_1017_d28,A/Thailand/8/2022_H3N2,plate8-A/Thailand/8/2022_H3N2,487,0.1214,0.1214
seqneut25to26_sera_1017_d28,A/Thailand/8/2022_H3N2,plate8-A/Thailand/8/2022_H3N2,1119,0.1863,0.1863
seqneut25to26_sera_1017_d28,A/Thailand/8/2022_H3N2,plate8-A/Thailand/8/2022_H3N2,2575,0.3745,0.3745
seqneut25to26_sera_1017_d28,A/Thailand/8/2022_H3N2,plate8-A/Thailand/8/2022_H3N2,5921,0.5651,0.5651
seqneut25to26_sera_1017_d28,A/Thailand/8/2022_H3N2,plate8-A/Thailand/8/2022_H3N2,1.362e+04,0.7592,0.7592
seqneut25to26_sera_1017_d28,A/Vermont/73/2025_H3N2,plate8-A/Vermont/73/2025_H3N2,40,0.02941,0.02941
seqneut25to26_sera_1017_d28,A/Vermont/73/2025_H3N2,plate8-A/Vermont/73/2025_H3N2,92,0.2154,0.2154
seqneut25to26_sera_1017_d28,A/Vermont/73/2025_H3N2,plate8-A/Vermont/73/2025_H3N2,212,0.5433,0.5433
seqneut25to26_sera_1017_d28,A/Vermont/73/2025_H3N2,plate8-A/Vermont/73/2025_H3N2,487,0.571,0.571
seqneut25to26_sera_1017_d28,A/Vermont/73/2025_H3N2,plate8-A/Vermont/73/2025_H3N2,1119,0.5939,0.5939
seqneut25to26_sera_1017_d28,A/Vermont/73/2025_H3N2,plate8-A/Vermont/73/2025_H3N2,2575,0.8554,0.8554
seqneut25to26_sera_1017_d28,A/Vermont/73/2025_H3N2,plate8-A/Vermont/73/2025_H3N2,5921,0.7265,0.7265
seqneut25to26_sera_1017_d28,A/Vermont/73/2025_H3N2,plate8-A/Vermont/73/2025_H3N2,1.362e+04,0.8624,0.8624
seqneut25to26_sera_1017_d28,A/Victoria/4897/2022_IVR-238_H1N1,plate8-A/Victoria/4897/2022_IVR-238_H1N1,40,0,0
seqneut25to26_sera_1017_d28,A/Victoria/4897/2022_IVR-238_H1N1,plate8-A/Victoria/4897/2022_IVR-238_H1N1,92,0,0
seqneut25to26_sera_1017_d28,A/Victoria/4897/2022_IVR-238_H1N1,plate8-A/Victoria/4897/2022_IVR-238_H1N1,212,0.0006442,0.0006442
seqneut25to26_sera_1017_d28,A/Victoria/4897/2022_IVR-238_H1N1,plate8-A/Victoria/4897/2022_IVR-238_H1N1,487,0,0
seqneut25to26_sera_1017_d28,A/Victoria/4897/2022_IVR-238_H1N1,plate8-A/Victoria/4897/2022_IVR-238_H1N1,1119,0.0007664,0.0007664
seqneut25to26_sera_1017_d28,A/Victoria/4897/2022_IVR-238_H1N1,plate8-A/Victoria/4897/2022_IVR-238_H1N1,2575,0.04259,0.04259
seqneut25to26_sera_1017_d28,A/Victoria/4897/2022_IVR-238_H1N1,plate8-A/Victoria/4897/2022_IVR-238_H1N1,5921,0.4388,0.4388
seqneut25to26_sera_1017_d28,A/Victoria/4897/2022_IVR-238_H1N1,plate8-A/Victoria/4897/2022_IVR-238_H1N1,1.362e+04,0.8312,0.8312
seqneut25to26_sera_1017_d28,A/Wisconsin/588/2019_H1N1,plate8-A/Wisconsin/588/2019_H1N1,40,0.001251,0.001251
seqneut25to26_sera_1017_d28,A/Wisconsin/588/2019_H1N1,plate8-A/Wisconsin/588/2019_H1N1,92,0.0002427,0.0002427
seqneut25to26_sera_1017_d28,A/Wisconsin/588/2019_H1N1,plate8-A/Wisconsin/588/2019_H1N1,212,0.003777,0.003777
seqneut25to26_sera_1017_d28,A/Wisconsin/588/2019_H1N1,plate8-A/Wisconsin/588/2019_H1N1,487,0.07567,0.07567
seqneut25to26_sera_1017_d28,A/Wisconsin/588/2019_H1N1,plate8-A/Wisconsin/588/2019_H1N1,1119,0.3744,0.3744
seqneut25to26_sera_1017_d28,A/Wisconsin/588/2019_H1N1,plate8-A/Wisconsin/588/2019_H1N1,2575,0.5858,0.5858
seqneut25to26_sera_1017_d28,A/Wisconsin/588/2019_H1N1,plate8-A/Wisconsin/588/2019_H1N1,5921,0.8509,0.8509
seqneut25to26_sera_1017_d28,A/Wisconsin/588/2019_H1N1,plate8-A/Wisconsin/588/2019_H1N1,1.362e+04,1.005,1
seqneut25to26_sera_1017_d28,A/Wisconsin/67/2022_H1N1,plate8-A/Wisconsin/67/2022_H1N1,40,6.11e-05,6.11e-05
seqneut25to26_sera_1017_d28,A/Wisconsin/67/2022_H1N1,plate8-A/Wisconsin/67/2022_H1N1,92,0.000198,0.000198
seqneut25to26_sera_1017_d28,A/Wisconsin/67/2022_H1N1,plate8-A/Wisconsin/67/2022_H1N1,212,0.007189,0.007189
seqneut25to26_sera_1017_d28,A/Wisconsin/67/2022_H1N1,plate8-A/Wisconsin/67/2022_H1N1,487,0.1348,0.1348
seqneut25to26_sera_1017_d28,A/Wisconsin/67/2022_H1N1,plate8-A/Wisconsin/67/2022_H1N1,1119,0.5374,0.5374
seqneut25to26_sera_1017_d28,A/Wisconsin/67/2022_H1N1,plate8-A/Wisconsin/67/2022_H1N1,2575,0.7546,0.7546
seqneut25to26_sera_1017_d28,A/Wisconsin/67/2022_H1N1,plate8-A/Wisconsin/67/2022_H1N1,5921,0.859,0.859
seqneut25to26_sera_1017_d28,A/Wisconsin/67/2022_H1N1,plate8-A/Wisconsin/67/2022_H1N1,1.362e+04,0.9577,0.9577
seqneut25to26_sera_1017_d28,A/Zacapa/FLU-261/2025_H1N1,plate8-A/Zacapa/FLU-261/2025_H1N1,40,0.000157,0.000157
seqneut25to26_sera_1017_d28,A/Zacapa/FLU-261/2025_H1N1,plate8-A/Zacapa/FLU-261/2025_H1N1,92,0.0008952,0.0008952
seqneut25to26_sera_1017_d28,A/Zacapa/FLU-261/2025_H1N1,plate8-A/Zacapa/FLU-261/2025_H1N1,212,0.03183,0.03183
seqneut25to26_sera_1017_d28,A/Zacapa/FLU-261/2025_H1N1,plate8-A/Zacapa/FLU-261/2025_H1N1,487,0.322,0.322
seqneut25to26_sera_1017_d28,A/Zacapa/FLU-261/2025_H1N1,plate8-A/Zacapa/FLU-261/2025_H1N1,1119,0.8788,0.8788
seqneut25to26_sera_1017_d28,A/Zacapa/FLU-261/2025_H1N1,plate8-A/Zacapa/FLU-261/2025_H1N1,2575,0.9291,0.9291
seqneut25to26_sera_1017_d28,A/Zacapa/FLU-261/2025_H1N1,plate8-A/Zacapa/FLU-261/2025_H1N1,5921,0.841,0.841
seqneut25to26_sera_1017_d28,A/Zacapa/FLU-261/2025_H1N1,plate8-A/Zacapa/FLU-261/2025_H1N1,1.362e+04,1.071,1
