serum,strain,plate_barcode,dilution_factor,frac_infectivity_raw,frac_infectivity_ceiling
seqneut25to26_sera_0040,A/Alagoas/4130/2025_H3N2,plate16-2-A/Alagoas/4130/2025_H3N2,40,0.1504,0.1504
seqneut25to26_sera_0040,A/Alagoas/4130/2025_H3N2,plate16-2-A/Alagoas/4130/2025_H3N2,92,0.2496,0.2496
seqneut25to26_sera_0040,A/Alagoas/4130/2025_H3N2,plate16-2-A/Alagoas/4130/2025_H3N2,212,0.34,0.34
seqneut25to26_sera_0040,A/Alagoas/4130/2025_H3N2,plate16-2-A/Alagoas/4130/2025_H3N2,487,0.5477,0.5477
seqneut25to26_sera_0040,A/Alagoas/4130/2025_H3N2,plate16-2-A/Alagoas/4130/2025_H3N2,1119,0.7493,0.7493
seqneut25to26_sera_0040,A/Alagoas/4130/2025_H3N2,plate16-2-A/Alagoas/4130/2025_H3N2,2575,0.7477,0.7477
seqneut25to26_sera_0040,A/Alagoas/4130/2025_H3N2,plate16-2-A/Alagoas/4130/2025_H3N2,5921,1.026,1
seqneut25to26_sera_0040,A/Alagoas/4130/2025_H3N2,plate16-2-A/Alagoas/4130/2025_H3N2,1.362e+04,0.8088,0.8088
seqneut25to26_sera_0040,A/Anapolis/LEIAL6543/2025_H3N2,plate16-2-A/Anapolis/LEIAL6543/2025_H3N2,40,0.1038,0.1038
seqneut25to26_sera_0040,A/Anapolis/LEIAL6543/2025_H3N2,plate16-2-A/Anapolis/LEIAL6543/2025_H3N2,92,0.5113,0.5113
seqneut25to26_sera_0040,A/Anapolis/LEIAL6543/2025_H3N2,plate16-2-A/Anapolis/LEIAL6543/2025_H3N2,212,0.3418,0.3418
seqneut25to26_sera_0040,A/Anapolis/LEIAL6543/2025_H3N2,plate16-2-A/Anapolis/LEIAL6543/2025_H3N2,487,0.5119,0.5119
seqneut25to26_sera_0040,A/Anapolis/LEIAL6543/2025_H3N2,plate16-2-A/Anapolis/LEIAL6543/2025_H3N2,1119,0.7831,0.7831
seqneut25to26_sera_0040,A/Anapolis/LEIAL6543/2025_H3N2,plate16-2-A/Anapolis/LEIAL6543/2025_H3N2,2575,0.728,0.728
seqneut25to26_sera_0040,A/Anapolis/LEIAL6543/2025_H3N2,plate16-2-A/Anapolis/LEIAL6543/2025_H3N2,5921,1.138,1
seqneut25to26_sera_0040,A/Anapolis/LEIAL6543/2025_H3N2,plate16-2-A/Anapolis/LEIAL6543/2025_H3N2,1.362e+04,0.7344,0.7344
seqneut25to26_sera_0040,A/Andalucia/PMC-00977/2025_H1N1,plate16-2-A/Andalucia/PMC-00977/2025_H1N1,40,0.0112,0.0112
seqneut25to26_sera_0040,A/Andalucia/PMC-00977/2025_H1N1,plate16-2-A/Andalucia/PMC-00977/2025_H1N1,92,0.212,0.212
seqneut25to26_sera_0040,A/Andalucia/PMC-00977/2025_H1N1,plate16-2-A/Andalucia/PMC-00977/2025_H1N1,212,0.604,0.604
seqneut25to26_sera_0040,A/Andalucia/PMC-00977/2025_H1N1,plate16-2-A/Andalucia/PMC-00977/2025_H1N1,487,0.9084,0.9084
seqneut25to26_sera_0040,A/Andalucia/PMC-00977/2025_H1N1,plate16-2-A/Andalucia/PMC-00977/2025_H1N1,1119,0.7751,0.7751
seqneut25to26_sera_0040,A/Andalucia/PMC-00977/2025_H1N1,plate16-2-A/Andalucia/PMC-00977/2025_H1N1,2575,0.9787,0.9787
seqneut25to26_sera_0040,A/Andalucia/PMC-00977/2025_H1N1,plate16-2-A/Andalucia/PMC-00977/2025_H1N1,5921,1.494,1
seqneut25to26_sera_0040,A/Andalucia/PMC-00977/2025_H1N1,plate16-2-A/Andalucia/PMC-00977/2025_H1N1,1.362e+04,0.7,0.7
seqneut25to26_sera_0040,A/Aragon/2046/2025_H1N1,plate16-2-A/Aragon/2046/2025_H1N1,40,0.007827,0.007827
seqneut25to26_sera_0040,A/Aragon/2046/2025_H1N1,plate16-2-A/Aragon/2046/2025_H1N1,92,0.2091,0.2091
seqneut25to26_sera_0040,A/Aragon/2046/2025_H1N1,plate16-2-A/Aragon/2046/2025_H1N1,212,0.5606,0.5606
seqneut25to26_sera_0040,A/Aragon/2046/2025_H1N1,plate16-2-A/Aragon/2046/2025_H1N1,487,0.9639,0.9639
seqneut25to26_sera_0040,A/Aragon/2046/2025_H1N1,plate16-2-A/Aragon/2046/2025_H1N1,1119,1.208,1
seqneut25to26_sera_0040,A/Aragon/2046/2025_H1N1,plate16-2-A/Aragon/2046/2025_H1N1,2575,1.767,1
seqneut25to26_sera_0040,A/Aragon/2046/2025_H1N1,plate16-2-A/Aragon/2046/2025_H1N1,5921,0.9478,0.9478
seqneut25to26_sera_0040,A/Aragon/2046/2025_H1N1,plate16-2-A/Aragon/2046/2025_H1N1,1.362e+04,0.9821,0.9821
seqneut25to26_sera_0040,A/Arica/59150/2025_H3N2,plate16-2-A/Arica/59150/2025_H3N2,40,0.07707,0.07707
seqneut25to26_sera_0040,A/Arica/59150/2025_H3N2,plate16-2-A/Arica/59150/2025_H3N2,92,0.1883,0.1883
seqneut25to26_sera_0040,A/Arica/59150/2025_H3N2,plate16-2-A/Arica/59150/2025_H3N2,212,0.3562,0.3562
seqneut25to26_sera_0040,A/Arica/59150/2025_H3N2,plate16-2-A/Arica/59150/2025_H3N2,487,0.5264,0.5264
seqneut25to26_sera_0040,A/Arica/59150/2025_H3N2,plate16-2-A/Arica/59150/2025_H3N2,1119,0.5913,0.5913
seqneut25to26_sera_0040,A/Arica/59150/2025_H3N2,plate16-2-A/Arica/59150/2025_H3N2,2575,0.7741,0.7741
seqneut25to26_sera_0040,A/Arica/59150/2025_H3N2,plate16-2-A/Arica/59150/2025_H3N2,5921,1.251,1
seqneut25to26_sera_0040,A/Arica/59150/2025_H3N2,plate16-2-A/Arica/59150/2025_H3N2,1.362e+04,0.7725,0.7725
seqneut25to26_sera_0040,A/Bahia/3102/2025_H3N2,plate16-2-A/Bahia/3102/2025_H3N2,40,0.03227,0.03227
seqneut25to26_sera_0040,A/Bahia/3102/2025_H3N2,plate16-2-A/Bahia/3102/2025_H3N2,92,0.1297,0.1297
seqneut25to26_sera_0040,A/Bahia/3102/2025_H3N2,plate16-2-A/Bahia/3102/2025_H3N2,212,0.2323,0.2323
seqneut25to26_sera_0040,A/Bahia/3102/2025_H3N2,plate16-2-A/Bahia/3102/2025_H3N2,487,0.4649,0.4649
seqneut25to26_sera_0040,A/Bahia/3102/2025_H3N2,plate16-2-A/Bahia/3102/2025_H3N2,1119,0.7475,0.7475
seqneut25to26_sera_0040,A/Bahia/3102/2025_H3N2,plate16-2-A/Bahia/3102/2025_H3N2,2575,0.7314,0.7314
seqneut25to26_sera_0040,A/Bahia/3102/2025_H3N2,plate16-2-A/Bahia/3102/2025_H3N2,5921,1.295,1
seqneut25to26_sera_0040,A/Bahia/3102/2025_H3N2,plate16-2-A/Bahia/3102/2025_H3N2,1.362e+04,0.6595,0.6595
seqneut25to26_sera_0040,A/Bangkok/1803/2025_H1N1,plate16-2-A/Bangkok/1803/2025_H1N1,40,0.04263,0.04263
seqneut25to26_sera_0040,A/Bangkok/1803/2025_H1N1,plate16-2-A/Bangkok/1803/2025_H1N1,92,0.2892,0.2892
seqneut25to26_sera_0040,A/Bangkok/1803/2025_H1N1,plate16-2-A/Bangkok/1803/2025_H1N1,212,0.6734,0.6734
seqneut25to26_sera_0040,A/Bangkok/1803/2025_H1N1,plate16-2-A/Bangkok/1803/2025_H1N1,487,1.517,1
seqneut25to26_sera_0040,A/Bangkok/1803/2025_H1N1,plate16-2-A/Bangkok/1803/2025_H1N1,1119,1.027,1
seqneut25to26_sera_0040,A/Bangkok/1803/2025_H1N1,plate16-2-A/Bangkok/1803/2025_H1N1,2575,1.514,1
seqneut25to26_sera_0040,A/Bangkok/1803/2025_H1N1,plate16-2-A/Bangkok/1803/2025_H1N1,5921,1.646,1
seqneut25to26_sera_0040,A/Bangkok/1803/2025_H1N1,plate16-2-A/Bangkok/1803/2025_H1N1,1.362e+04,0.7587,0.7587
seqneut25to26_sera_0040,A/Bangkok/P2229/2025_H1N1,plate16-2-A/Bangkok/P2229/2025_H1N1,40,0.01311,0.01311
seqneut25to26_sera_0040,A/Bangkok/P2229/2025_H1N1,plate16-2-A/Bangkok/P2229/2025_H1N1,92,0.1421,0.1421
seqneut25to26_sera_0040,A/Bangkok/P2229/2025_H1N1,plate16-2-A/Bangkok/P2229/2025_H1N1,212,0.3998,0.3998
seqneut25to26_sera_0040,A/Bangkok/P2229/2025_H1N1,plate16-2-A/Bangkok/P2229/2025_H1N1,487,0.7201,0.7201
seqneut25to26_sera_0040,A/Bangkok/P2229/2025_H1N1,plate16-2-A/Bangkok/P2229/2025_H1N1,1119,0.7546,0.7546
seqneut25to26_sera_0040,A/Bangkok/P2229/2025_H1N1,plate16-2-A/Bangkok/P2229/2025_H1N1,2575,1.504,1
seqneut25to26_sera_0040,A/Bangkok/P2229/2025_H1N1,plate16-2-A/Bangkok/P2229/2025_H1N1,5921,0.9434,0.9434
seqneut25to26_sera_0040,A/Bangkok/P2229/2025_H1N1,plate16-2-A/Bangkok/P2229/2025_H1N1,1.362e+04,0.6401,0.6401
seqneut25to26_sera_0040,A/Bangkok/P2323/2025_H3N2,plate16-2-A/Bangkok/P2323/2025_H3N2,40,0.116,0.116
seqneut25to26_sera_0040,A/Bangkok/P2323/2025_H3N2,plate16-2-A/Bangkok/P2323/2025_H3N2,92,0.2363,0.2363
seqneut25to26_sera_0040,A/Bangkok/P2323/2025_H3N2,plate16-2-A/Bangkok/P2323/2025_H3N2,212,0.4717,0.4717
seqneut25to26_sera_0040,A/Bangkok/P2323/2025_H3N2,plate16-2-A/Bangkok/P2323/2025_H3N2,487,0.5843,0.5843
seqneut25to26_sera_0040,A/Bangkok/P2323/2025_H3N2,plate16-2-A/Bangkok/P2323/2025_H3N2,1119,0.9039,0.9039
seqneut25to26_sera_0040,A/Bangkok/P2323/2025_H3N2,plate16-2-A/Bangkok/P2323/2025_H3N2,2575,0.8528,0.8528
seqneut25to26_sera_0040,A/Bangkok/P2323/2025_H3N2,plate16-2-A/Bangkok/P2323/2025_H3N2,5921,1.23,1
seqneut25to26_sera_0040,A/Bangkok/P2323/2025_H3N2,plate16-2-A/Bangkok/P2323/2025_H3N2,1.362e+04,0.7932,0.7932
seqneut25to26_sera_0040,A/Bangkok/P2390/2025_H3N2,plate16-2-A/Bangkok/P2390/2025_H3N2,40,0.1828,0.1828
seqneut25to26_sera_0040,A/Bangkok/P2390/2025_H3N2,plate16-2-A/Bangkok/P2390/2025_H3N2,92,0.3697,0.3697
seqneut25to26_sera_0040,A/Bangkok/P2390/2025_H3N2,plate16-2-A/Bangkok/P2390/2025_H3N2,212,0.6085,0.6085
seqneut25to26_sera_0040,A/Bangkok/P2390/2025_H3N2,plate16-2-A/Bangkok/P2390/2025_H3N2,487,0.5385,0.5385
seqneut25to26_sera_0040,A/Bangkok/P2390/2025_H3N2,plate16-2-A/Bangkok/P2390/2025_H3N2,1119,0.6665,0.6665
seqneut25to26_sera_0040,A/Bangkok/P2390/2025_H3N2,plate16-2-A/Bangkok/P2390/2025_H3N2,2575,1.402,1
seqneut25to26_sera_0040,A/Bangkok/P2390/2025_H3N2,plate16-2-A/Bangkok/P2390/2025_H3N2,5921,1.103,1
seqneut25to26_sera_0040,A/Bangkok/P2390/2025_H3N2,plate16-2-A/Bangkok/P2390/2025_H3N2,1.362e+04,0.9776,0.9776
seqneut25to26_sera_0040,A/Bangkok/P2391/2025_H3N2,plate16-2-A/Bangkok/P2391/2025_H3N2,40,0.147,0.147
seqneut25to26_sera_0040,A/Bangkok/P2391/2025_H3N2,plate16-2-A/Bangkok/P2391/2025_H3N2,92,0.2289,0.2289
seqneut25to26_sera_0040,A/Bangkok/P2391/2025_H3N2,plate16-2-A/Bangkok/P2391/2025_H3N2,212,0.3094,0.3094
seqneut25to26_sera_0040,A/Bangkok/P2391/2025_H3N2,plate16-2-A/Bangkok/P2391/2025_H3N2,487,0.5203,0.5203
seqneut25to26_sera_0040,A/Bangkok/P2391/2025_H3N2,plate16-2-A/Bangkok/P2391/2025_H3N2,1119,0.6102,0.6102
seqneut25to26_sera_0040,A/Bangkok/P2391/2025_H3N2,plate16-2-A/Bangkok/P2391/2025_H3N2,2575,0.8385,0.8385
seqneut25to26_sera_0040,A/Bangkok/P2391/2025_H3N2,plate16-2-A/Bangkok/P2391/2025_H3N2,5921,0.6626,0.6626
seqneut25to26_sera_0040,A/Bangkok/P2391/2025_H3N2,plate16-2-A/Bangkok/P2391/2025_H3N2,1.362e+04,0.7074,0.7074
seqneut25to26_sera_0040,A/Bangkok/P2572/2025_H3N2,plate16-2-A/Bangkok/P2572/2025_H3N2,40,0.1184,0.1184
seqneut25to26_sera_0040,A/Bangkok/P2572/2025_H3N2,plate16-2-A/Bangkok/P2572/2025_H3N2,92,0.1595,0.1595
seqneut25to26_sera_0040,A/Bangkok/P2572/2025_H3N2,plate16-2-A/Bangkok/P2572/2025_H3N2,212,0.3087,0.3087
seqneut25to26_sera_0040,A/Bangkok/P2572/2025_H3N2,plate16-2-A/Bangkok/P2572/2025_H3N2,487,0.523,0.523
seqneut25to26_sera_0040,A/Bangkok/P2572/2025_H3N2,plate16-2-A/Bangkok/P2572/2025_H3N2,1119,0.7922,0.7922
seqneut25to26_sera_0040,A/Bangkok/P2572/2025_H3N2,plate16-2-A/Bangkok/P2572/2025_H3N2,2575,0.7876,0.7876
seqneut25to26_sera_0040,A/Bangkok/P2572/2025_H3N2,plate16-2-A/Bangkok/P2572/2025_H3N2,5921,1.077,1
seqneut25to26_sera_0040,A/Bangkok/P2572/2025_H3N2,plate16-2-A/Bangkok/P2572/2025_H3N2,1.362e+04,0.5173,0.5173
seqneut25to26_sera_0040,A/Bangkok/P2921/2025_H3N2,plate16-2-A/Bangkok/P2921/2025_H3N2,40,0.1238,0.1238
seqneut25to26_sera_0040,A/Bangkok/P2921/2025_H3N2,plate16-2-A/Bangkok/P2921/2025_H3N2,92,0.3144,0.3144
seqneut25to26_sera_0040,A/Bangkok/P2921/2025_H3N2,plate16-2-A/Bangkok/P2921/2025_H3N2,212,0.4318,0.4318
seqneut25to26_sera_0040,A/Bangkok/P2921/2025_H3N2,plate16-2-A/Bangkok/P2921/2025_H3N2,487,0.5102,0.5102
seqneut25to26_sera_0040,A/Bangkok/P2921/2025_H3N2,plate16-2-A/Bangkok/P2921/2025_H3N2,1119,0.7044,0.7044
seqneut25to26_sera_0040,A/Bangkok/P2921/2025_H3N2,plate16-2-A/Bangkok/P2921/2025_H3N2,2575,0.7836,0.7836
seqneut25to26_sera_0040,A/Bangkok/P2921/2025_H3N2,plate16-2-A/Bangkok/P2921/2025_H3N2,5921,1.224,1
seqneut25to26_sera_0040,A/Bangkok/P2921/2025_H3N2,plate16-2-A/Bangkok/P2921/2025_H3N2,1.362e+04,0.7837,0.7837
seqneut25to26_sera_0040,A/Bangkok/P3067/2025_H1N1,plate16-2-A/Bangkok/P3067/2025_H1N1,40,0.01253,0.01253
seqneut25to26_sera_0040,A/Bangkok/P3067/2025_H1N1,plate16-2-A/Bangkok/P3067/2025_H1N1,92,0.1073,0.1073
seqneut25to26_sera_0040,A/Bangkok/P3067/2025_H1N1,plate16-2-A/Bangkok/P3067/2025_H1N1,212,0.2969,0.2969
seqneut25to26_sera_0040,A/Bangkok/P3067/2025_H1N1,plate16-2-A/Bangkok/P3067/2025_H1N1,487,0.6932,0.6932
seqneut25to26_sera_0040,A/Bangkok/P3067/2025_H1N1,plate16-2-A/Bangkok/P3067/2025_H1N1,1119,0.8365,0.8365
seqneut25to26_sera_0040,A/Bangkok/P3067/2025_H1N1,plate16-2-A/Bangkok/P3067/2025_H1N1,2575,1.371,1
seqneut25to26_sera_0040,A/Bangkok/P3067/2025_H1N1,plate16-2-A/Bangkok/P3067/2025_H1N1,5921,1.088,1
seqneut25to26_sera_0040,A/Bangkok/P3067/2025_H1N1,plate16-2-A/Bangkok/P3067/2025_H1N1,1.362e+04,1.316,1
seqneut25to26_sera_0040,A/Bangkok/P3263/2025_H3N2,plate16-2-A/Bangkok/P3263/2025_H3N2,40,0.01949,0.01949
seqneut25to26_sera_0040,A/Bangkok/P3263/2025_H3N2,plate16-2-A/Bangkok/P3263/2025_H3N2,92,0.4245,0.4245
seqneut25to26_sera_0040,A/Bangkok/P3263/2025_H3N2,plate16-2-A/Bangkok/P3263/2025_H3N2,212,0.281,0.281
seqneut25to26_sera_0040,A/Bangkok/P3263/2025_H3N2,plate16-2-A/Bangkok/P3263/2025_H3N2,487,0.4165,0.4165
seqneut25to26_sera_0040,A/Bangkok/P3263/2025_H3N2,plate16-2-A/Bangkok/P3263/2025_H3N2,1119,0.6531,0.6531
seqneut25to26_sera_0040,A/Bangkok/P3263/2025_H3N2,plate16-2-A/Bangkok/P3263/2025_H3N2,2575,1.28,1
seqneut25to26_sera_0040,A/Bangkok/P3263/2025_H3N2,plate16-2-A/Bangkok/P3263/2025_H3N2,5921,1.116,1
seqneut25to26_sera_0040,A/Bangkok/P3263/2025_H3N2,plate16-2-A/Bangkok/P3263/2025_H3N2,1.362e+04,0.7313,0.7313
seqneut25to26_sera_0040,A/Belgium/H0097/2025_H3N2,plate16-2-A/Belgium/H0097/2025_H3N2,40,0.03653,0.03653
seqneut25to26_sera_0040,A/Belgium/H0097/2025_H3N2,plate16-2-A/Belgium/H0097/2025_H3N2,92,0.2849,0.2849
seqneut25to26_sera_0040,A/Belgium/H0097/2025_H3N2,plate16-2-A/Belgium/H0097/2025_H3N2,212,0.3334,0.3334
seqneut25to26_sera_0040,A/Belgium/H0097/2025_H3N2,plate16-2-A/Belgium/H0097/2025_H3N2,487,0.4792,0.4792
seqneut25to26_sera_0040,A/Belgium/H0097/2025_H3N2,plate16-2-A/Belgium/H0097/2025_H3N2,1119,0.7784,0.7784
seqneut25to26_sera_0040,A/Belgium/H0097/2025_H3N2,plate16-2-A/Belgium/H0097/2025_H3N2,2575,0.7586,0.7586
seqneut25to26_sera_0040,A/Belgium/H0097/2025_H3N2,plate16-2-A/Belgium/H0097/2025_H3N2,5921,0.9318,0.9318
seqneut25to26_sera_0040,A/Belgium/H0097/2025_H3N2,plate16-2-A/Belgium/H0097/2025_H3N2,1.362e+04,0.7993,0.7993
seqneut25to26_sera_0040,A/Bhutan/1267/2025_H3N2,plate16-2-A/Bhutan/1267/2025_H3N2,40,0.07088,0.07088
seqneut25to26_sera_0040,A/Bhutan/1267/2025_H3N2,plate16-2-A/Bhutan/1267/2025_H3N2,92,0.1644,0.1644
seqneut25to26_sera_0040,A/Bhutan/1267/2025_H3N2,plate16-2-A/Bhutan/1267/2025_H3N2,212,0.4302,0.4302
seqneut25to26_sera_0040,A/Bhutan/1267/2025_H3N2,plate16-2-A/Bhutan/1267/2025_H3N2,487,0.5389,0.5389
seqneut25to26_sera_0040,A/Bhutan/1267/2025_H3N2,plate16-2-A/Bhutan/1267/2025_H3N2,1119,0.6224,0.6224
seqneut25to26_sera_0040,A/Bhutan/1267/2025_H3N2,plate16-2-A/Bhutan/1267/2025_H3N2,2575,0.6554,0.6554
seqneut25to26_sera_0040,A/Bhutan/1267/2025_H3N2,plate16-2-A/Bhutan/1267/2025_H3N2,5921,0.9421,0.9421
seqneut25to26_sera_0040,A/Bhutan/1267/2025_H3N2,plate16-2-A/Bhutan/1267/2025_H3N2,1.362e+04,0.9521,0.9521
seqneut25to26_sera_0040,A/Bhutan/7/2025_H3N2,plate16-2-A/Bhutan/7/2025_H3N2,40,0.126,0.126
seqneut25to26_sera_0040,A/Bhutan/7/2025_H3N2,plate16-2-A/Bhutan/7/2025_H3N2,92,0.3319,0.3319
seqneut25to26_sera_0040,A/Bhutan/7/2025_H3N2,plate16-2-A/Bhutan/7/2025_H3N2,212,0.2755,0.2755
seqneut25to26_sera_0040,A/Bhutan/7/2025_H3N2,plate16-2-A/Bhutan/7/2025_H3N2,487,0.5683,0.5683
seqneut25to26_sera_0040,A/Bhutan/7/2025_H3N2,plate16-2-A/Bhutan/7/2025_H3N2,1119,0.6074,0.6074
seqneut25to26_sera_0040,A/Bhutan/7/2025_H3N2,plate16-2-A/Bhutan/7/2025_H3N2,2575,0.7291,0.7291
seqneut25to26_sera_0040,A/Bhutan/7/2025_H3N2,plate16-2-A/Bhutan/7/2025_H3N2,5921,0.89,0.89
seqneut25to26_sera_0040,A/Bhutan/7/2025_H3N2,plate16-2-A/Bhutan/7/2025_H3N2,1.362e+04,0.747,0.747
seqneut25to26_sera_0040,A/BritishColumbia/PHL-2473/2025_H1N1,plate16-2-A/BritishColumbia/PHL-2473/2025_H1N1,40,0.01957,0.01957
seqneut25to26_sera_0040,A/BritishColumbia/PHL-2473/2025_H1N1,plate16-2-A/BritishColumbia/PHL-2473/2025_H1N1,92,0.1297,0.1297
seqneut25to26_sera_0040,A/BritishColumbia/PHL-2473/2025_H1N1,plate16-2-A/BritishColumbia/PHL-2473/2025_H1N1,212,0.8585,0.8585
seqneut25to26_sera_0040,A/BritishColumbia/PHL-2473/2025_H1N1,plate16-2-A/BritishColumbia/PHL-2473/2025_H1N1,487,0.8843,0.8843
seqneut25to26_sera_0040,A/BritishColumbia/PHL-2473/2025_H1N1,plate16-2-A/BritishColumbia/PHL-2473/2025_H1N1,1119,0.979,0.979
seqneut25to26_sera_0040,A/BritishColumbia/PHL-2473/2025_H1N1,plate16-2-A/BritishColumbia/PHL-2473/2025_H1N1,2575,1.239,1
seqneut25to26_sera_0040,A/BritishColumbia/PHL-2473/2025_H1N1,plate16-2-A/BritishColumbia/PHL-2473/2025_H1N1,5921,1.692,1
seqneut25to26_sera_0040,A/BritishColumbia/PHL-2473/2025_H1N1,plate16-2-A/BritishColumbia/PHL-2473/2025_H1N1,1.362e+04,0.7032,0.7032
seqneut25to26_sera_0040,A/California/61/2025_H3N2,plate16-2-A/California/61/2025_H3N2,40,0.01904,0.01904
seqneut25to26_sera_0040,A/California/61/2025_H3N2,plate16-2-A/California/61/2025_H3N2,92,0.2445,0.2445
seqneut25to26_sera_0040,A/California/61/2025_H3N2,plate16-2-A/California/61/2025_H3N2,212,0.423,0.423
seqneut25to26_sera_0040,A/California/61/2025_H3N2,plate16-2-A/California/61/2025_H3N2,487,0.5029,0.5029
seqneut25to26_sera_0040,A/California/61/2025_H3N2,plate16-2-A/California/61/2025_H3N2,1119,0.7091,0.7091
seqneut25to26_sera_0040,A/California/61/2025_H3N2,plate16-2-A/California/61/2025_H3N2,2575,0.9414,0.9414
seqneut25to26_sera_0040,A/California/61/2025_H3N2,plate16-2-A/California/61/2025_H3N2,5921,0.8728,0.8728
seqneut25to26_sera_0040,A/California/61/2025_H3N2,plate16-2-A/California/61/2025_H3N2,1.362e+04,0.819,0.819
seqneut25to26_sera_0040,A/California/63/2025_H1N1,plate16-2-A/California/63/2025_H1N1,40,0.01482,0.01482
seqneut25to26_sera_0040,A/California/63/2025_H1N1,plate16-2-A/California/63/2025_H1N1,92,0.1659,0.1659
seqneut25to26_sera_0040,A/California/63/2025_H1N1,plate16-2-A/California/63/2025_H1N1,212,0.5323,0.5323
seqneut25to26_sera_0040,A/California/63/2025_H1N1,plate16-2-A/California/63/2025_H1N1,487,0.4629,0.4629
seqneut25to26_sera_0040,A/California/63/2025_H1N1,plate16-2-A/California/63/2025_H1N1,1119,0.5699,0.5699
seqneut25to26_sera_0040,A/California/63/2025_H1N1,plate16-2-A/California/63/2025_H1N1,2575,1.234,1
seqneut25to26_sera_0040,A/California/63/2025_H1N1,plate16-2-A/California/63/2025_H1N1,5921,1.332,1
seqneut25to26_sera_0040,A/California/63/2025_H1N1,plate16-2-A/California/63/2025_H1N1,1.362e+04,0.6417,0.6417
seqneut25to26_sera_0040,A/Canberra/465/2025_H1N1,plate16-2-A/Canberra/465/2025_H1N1,40,0.02669,0.02669
seqneut25to26_sera_0040,A/Canberra/465/2025_H1N1,plate16-2-A/Canberra/465/2025_H1N1,92,0.1228,0.1228
seqneut25to26_sera_0040,A/Canberra/465/2025_H1N1,plate16-2-A/Canberra/465/2025_H1N1,212,0.7497,0.7497
seqneut25to26_sera_0040,A/Canberra/465/2025_H1N1,plate16-2-A/Canberra/465/2025_H1N1,487,0.9327,0.9327
seqneut25to26_sera_0040,A/Canberra/465/2025_H1N1,plate16-2-A/Canberra/465/2025_H1N1,1119,0.8085,0.8085
seqneut25to26_sera_0040,A/Canberra/465/2025_H1N1,plate16-2-A/Canberra/465/2025_H1N1,2575,1.852,1
seqneut25to26_sera_0040,A/Canberra/465/2025_H1N1,plate16-2-A/Canberra/465/2025_H1N1,5921,1.252,1
seqneut25to26_sera_0040,A/Canberra/465/2025_H1N1,plate16-2-A/Canberra/465/2025_H1N1,1.362e+04,0.8028,0.8028
seqneut25to26_sera_0040,A/Canberra/530/2025_H1N1,plate16-2-A/Canberra/530/2025_H1N1,40,0.0232,0.0232
seqneut25to26_sera_0040,A/Canberra/530/2025_H1N1,plate16-2-A/Canberra/530/2025_H1N1,92,0.3092,0.3092
seqneut25to26_sera_0040,A/Canberra/530/2025_H1N1,plate16-2-A/Canberra/530/2025_H1N1,212,0.5536,0.5536
seqneut25to26_sera_0040,A/Canberra/530/2025_H1N1,plate16-2-A/Canberra/530/2025_H1N1,487,0.8792,0.8792
seqneut25to26_sera_0040,A/Canberra/530/2025_H1N1,plate16-2-A/Canberra/530/2025_H1N1,1119,1.036,1
seqneut25to26_sera_0040,A/Canberra/530/2025_H1N1,plate16-2-A/Canberra/530/2025_H1N1,2575,1.588,1
seqneut25to26_sera_0040,A/Canberra/530/2025_H1N1,plate16-2-A/Canberra/530/2025_H1N1,5921,1.175,1
seqneut25to26_sera_0040,A/Canberra/530/2025_H1N1,plate16-2-A/Canberra/530/2025_H1N1,1.362e+04,0.7861,0.7861
seqneut25to26_sera_0040,A/Catalonia/NSVH102689455/2025_H1N1,plate16-2-A/Catalonia/NSVH102689455/2025_H1N1,40,0.02141,0.02141
seqneut25to26_sera_0040,A/Catalonia/NSVH102689455/2025_H1N1,plate16-2-A/Catalonia/NSVH102689455/2025_H1N1,92,0.1071,0.1071
seqneut25to26_sera_0040,A/Catalonia/NSVH102689455/2025_H1N1,plate16-2-A/Catalonia/NSVH102689455/2025_H1N1,212,0.4526,0.4526
seqneut25to26_sera_0040,A/Catalonia/NSVH102689455/2025_H1N1,plate16-2-A/Catalonia/NSVH102689455/2025_H1N1,487,0.9016,0.9016
seqneut25to26_sera_0040,A/Catalonia/NSVH102689455/2025_H1N1,plate16-2-A/Catalonia/NSVH102689455/2025_H1N1,1119,0.8961,0.8961
seqneut25to26_sera_0040,A/Catalonia/NSVH102689455/2025_H1N1,plate16-2-A/Catalonia/NSVH102689455/2025_H1N1,2575,1.013,1
seqneut25to26_sera_0040,A/Catalonia/NSVH102689455/2025_H1N1,plate16-2-A/Catalonia/NSVH102689455/2025_H1N1,5921,1.354,1
seqneut25to26_sera_0040,A/Catalonia/NSVH102689455/2025_H1N1,plate16-2-A/Catalonia/NSVH102689455/2025_H1N1,1.362e+04,0.9291,0.9291
seqneut25to26_sera_0040,A/Colorado/105/2025_H1N1,plate16-2-A/Colorado/105/2025_H1N1,40,0.01625,0.01625
seqneut25to26_sera_0040,A/Colorado/105/2025_H1N1,plate16-2-A/Colorado/105/2025_H1N1,92,0.2812,0.2812
seqneut25to26_sera_0040,A/Colorado/105/2025_H1N1,plate16-2-A/Colorado/105/2025_H1N1,212,1.101,1
seqneut25to26_sera_0040,A/Colorado/105/2025_H1N1,plate16-2-A/Colorado/105/2025_H1N1,487,1.017,1
seqneut25to26_sera_0040,A/Colorado/105/2025_H1N1,plate16-2-A/Colorado/105/2025_H1N1,1119,0.8359,0.8359
seqneut25to26_sera_0040,A/Colorado/105/2025_H1N1,plate16-2-A/Colorado/105/2025_H1N1,2575,1.646,1
seqneut25to26_sera_0040,A/Colorado/105/2025_H1N1,plate16-2-A/Colorado/105/2025_H1N1,5921,1.355,1
seqneut25to26_sera_0040,A/Colorado/105/2025_H1N1,plate16-2-A/Colorado/105/2025_H1N1,1.362e+04,1.102,1
seqneut25to26_sera_0040,A/CoteDIvoire/2007/2025_H1N1,plate16-2-A/CoteDIvoire/2007/2025_H1N1,40,0.3859,0.3859
seqneut25to26_sera_0040,A/CoteDIvoire/2007/2025_H1N1,plate16-2-A/CoteDIvoire/2007/2025_H1N1,92,0.1237,0.1237
seqneut25to26_sera_0040,A/CoteDIvoire/2007/2025_H1N1,plate16-2-A/CoteDIvoire/2007/2025_H1N1,212,0.5093,0.5093
seqneut25to26_sera_0040,A/CoteDIvoire/2007/2025_H1N1,plate16-2-A/CoteDIvoire/2007/2025_H1N1,487,0.6081,0.6081
seqneut25to26_sera_0040,A/CoteDIvoire/2007/2025_H1N1,plate16-2-A/CoteDIvoire/2007/2025_H1N1,1119,0.8297,0.8297
seqneut25to26_sera_0040,A/CoteDIvoire/2007/2025_H1N1,plate16-2-A/CoteDIvoire/2007/2025_H1N1,2575,1.119,1
seqneut25to26_sera_0040,A/CoteDIvoire/2007/2025_H1N1,plate16-2-A/CoteDIvoire/2007/2025_H1N1,5921,1.181,1
seqneut25to26_sera_0040,A/CoteDIvoire/2007/2025_H1N1,plate16-2-A/CoteDIvoire/2007/2025_H1N1,1.362e+04,0.7167,0.7167
seqneut25to26_sera_0040,A/Croatia/10136RV/2023-egg_H3N2,plate16-2-A/Croatia/10136RV/2023-egg_H3N2,40,0.1206,0.1206
seqneut25to26_sera_0040,A/Croatia/10136RV/2023-egg_H3N2,plate16-2-A/Croatia/10136RV/2023-egg_H3N2,92,0.1764,0.1764
seqneut25to26_sera_0040,A/Croatia/10136RV/2023-egg_H3N2,plate16-2-A/Croatia/10136RV/2023-egg_H3N2,212,0.3325,0.3325
seqneut25to26_sera_0040,A/Croatia/10136RV/2023-egg_H3N2,plate16-2-A/Croatia/10136RV/2023-egg_H3N2,487,0.4324,0.4324
seqneut25to26_sera_0040,A/Croatia/10136RV/2023-egg_H3N2,plate16-2-A/Croatia/10136RV/2023-egg_H3N2,1119,0.7967,0.7967
seqneut25to26_sera_0040,A/Croatia/10136RV/2023-egg_H3N2,plate16-2-A/Croatia/10136RV/2023-egg_H3N2,2575,0.8458,0.8458
seqneut25to26_sera_0040,A/Croatia/10136RV/2023-egg_H3N2,plate16-2-A/Croatia/10136RV/2023-egg_H3N2,5921,0.6073,0.6073
seqneut25to26_sera_0040,A/Croatia/10136RV/2023-egg_H3N2,plate16-2-A/Croatia/10136RV/2023-egg_H3N2,1.362e+04,0.3519,0.3519
seqneut25to26_sera_0040,A/Darwin/1405/2025_H1N1,plate16-2-A/Darwin/1405/2025_H1N1,40,0.01244,0.01244
seqneut25to26_sera_0040,A/Darwin/1405/2025_H1N1,plate16-2-A/Darwin/1405/2025_H1N1,92,0.2635,0.2635
seqneut25to26_sera_0040,A/Darwin/1405/2025_H1N1,plate16-2-A/Darwin/1405/2025_H1N1,212,0.3925,0.3925
seqneut25to26_sera_0040,A/Darwin/1405/2025_H1N1,plate16-2-A/Darwin/1405/2025_H1N1,487,0.7766,0.7766
seqneut25to26_sera_0040,A/Darwin/1405/2025_H1N1,plate16-2-A/Darwin/1405/2025_H1N1,1119,1.061,1
seqneut25to26_sera_0040,A/Darwin/1405/2025_H1N1,plate16-2-A/Darwin/1405/2025_H1N1,2575,1.431,1
seqneut25to26_sera_0040,A/Darwin/1405/2025_H1N1,plate16-2-A/Darwin/1405/2025_H1N1,5921,0.9266,0.9266
seqneut25to26_sera_0040,A/Darwin/1405/2025_H1N1,plate16-2-A/Darwin/1405/2025_H1N1,1.362e+04,0.9455,0.9455
seqneut25to26_sera_0040,A/Darwin/1461/2025_H3N2,plate16-2-A/Darwin/1461/2025_H3N2,40,0.0867,0.0867
seqneut25to26_sera_0040,A/Darwin/1461/2025_H3N2,plate16-2-A/Darwin/1461/2025_H3N2,92,0.1567,0.1567
seqneut25to26_sera_0040,A/Darwin/1461/2025_H3N2,plate16-2-A/Darwin/1461/2025_H3N2,212,0.3144,0.3144
seqneut25to26_sera_0040,A/Darwin/1461/2025_H3N2,plate16-2-A/Darwin/1461/2025_H3N2,487,0.2652,0.2652
seqneut25to26_sera_0040,A/Darwin/1461/2025_H3N2,plate16-2-A/Darwin/1461/2025_H3N2,1119,0.5854,0.5854
seqneut25to26_sera_0040,A/Darwin/1461/2025_H3N2,plate16-2-A/Darwin/1461/2025_H3N2,2575,0.6114,0.6114
seqneut25to26_sera_0040,A/Darwin/1461/2025_H3N2,plate16-2-A/Darwin/1461/2025_H3N2,5921,1.05,1
seqneut25to26_sera_0040,A/Darwin/1461/2025_H3N2,plate16-2-A/Darwin/1461/2025_H3N2,1.362e+04,0.5664,0.5664
seqneut25to26_sera_0040,A/Denmark/3070/2025_H1N1,plate16-2-A/Denmark/3070/2025_H1N1,40,0.01082,0.01082
seqneut25to26_sera_0040,A/Denmark/3070/2025_H1N1,plate16-2-A/Denmark/3070/2025_H1N1,92,0.1608,0.1608
seqneut25to26_sera_0040,A/Denmark/3070/2025_H1N1,plate16-2-A/Denmark/3070/2025_H1N1,212,0.3507,0.3507
seqneut25to26_sera_0040,A/Denmark/3070/2025_H1N1,plate16-2-A/Denmark/3070/2025_H1N1,487,0.6456,0.6456
seqneut25to26_sera_0040,A/Denmark/3070/2025_H1N1,plate16-2-A/Denmark/3070/2025_H1N1,1119,0.9912,0.9912
seqneut25to26_sera_0040,A/Denmark/3070/2025_H1N1,plate16-2-A/Denmark/3070/2025_H1N1,2575,1.166,1
seqneut25to26_sera_0040,A/Denmark/3070/2025_H1N1,plate16-2-A/Denmark/3070/2025_H1N1,5921,1.046,1
seqneut25to26_sera_0040,A/Denmark/3070/2025_H1N1,plate16-2-A/Denmark/3070/2025_H1N1,1.362e+04,0.9432,0.9432
seqneut25to26_sera_0040,A/DistrictOfColumbia/27/2023_H3N2,plate16-2-A/DistrictOfColumbia/27/2023_H3N2,40,0.1187,0.1187
seqneut25to26_sera_0040,A/DistrictOfColumbia/27/2023_H3N2,plate16-2-A/DistrictOfColumbia/27/2023_H3N2,92,0.1412,0.1412
seqneut25to26_sera_0040,A/DistrictOfColumbia/27/2023_H3N2,plate16-2-A/DistrictOfColumbia/27/2023_H3N2,212,0.448,0.448
seqneut25to26_sera_0040,A/DistrictOfColumbia/27/2023_H3N2,plate16-2-A/DistrictOfColumbia/27/2023_H3N2,487,0.4382,0.4382
seqneut25to26_sera_0040,A/DistrictOfColumbia/27/2023_H3N2,plate16-2-A/DistrictOfColumbia/27/2023_H3N2,1119,0.6855,0.6855
seqneut25to26_sera_0040,A/DistrictOfColumbia/27/2023_H3N2,plate16-2-A/DistrictOfColumbia/27/2023_H3N2,2575,0.926,0.926
seqneut25to26_sera_0040,A/DistrictOfColumbia/27/2023_H3N2,plate16-2-A/DistrictOfColumbia/27/2023_H3N2,5921,0.9922,0.9922
seqneut25to26_sera_0040,A/DistrictOfColumbia/27/2023_H3N2,plate16-2-A/DistrictOfColumbia/27/2023_H3N2,1.362e+04,0.6733,0.6733
seqneut25to26_sera_0040,A/DistrictOfColumbia/57/2025_H3N2,plate16-2-A/DistrictOfColumbia/57/2025_H3N2,40,0.1658,0.1658
seqneut25to26_sera_0040,A/DistrictOfColumbia/57/2025_H3N2,plate16-2-A/DistrictOfColumbia/57/2025_H3N2,92,0.3945,0.3945
seqneut25to26_sera_0040,A/DistrictOfColumbia/57/2025_H3N2,plate16-2-A/DistrictOfColumbia/57/2025_H3N2,212,0.4592,0.4592
seqneut25to26_sera_0040,A/DistrictOfColumbia/57/2025_H3N2,plate16-2-A/DistrictOfColumbia/57/2025_H3N2,487,0.633,0.633
seqneut25to26_sera_0040,A/DistrictOfColumbia/57/2025_H3N2,plate16-2-A/DistrictOfColumbia/57/2025_H3N2,1119,0.8841,0.8841
seqneut25to26_sera_0040,A/DistrictOfColumbia/57/2025_H3N2,plate16-2-A/DistrictOfColumbia/57/2025_H3N2,2575,0.7972,0.7972
seqneut25to26_sera_0040,A/DistrictOfColumbia/57/2025_H3N2,plate16-2-A/DistrictOfColumbia/57/2025_H3N2,5921,1.134,1
seqneut25to26_sera_0040,A/DistrictOfColumbia/57/2025_H3N2,plate16-2-A/DistrictOfColumbia/57/2025_H3N2,1.362e+04,0.7704,0.7704
seqneut25to26_sera_0040,A/DistritoFederal/250106000728/2025_H3N2,plate16-2-A/DistritoFederal/250106000728/2025_H3N2,40,0.06428,0.06428
seqneut25to26_sera_0040,A/DistritoFederal/250106000728/2025_H3N2,plate16-2-A/DistritoFederal/250106000728/2025_H3N2,92,0.3454,0.3454
seqneut25to26_sera_0040,A/DistritoFederal/250106000728/2025_H3N2,plate16-2-A/DistritoFederal/250106000728/2025_H3N2,212,0.6141,0.6141
seqneut25to26_sera_0040,A/DistritoFederal/250106000728/2025_H3N2,plate16-2-A/DistritoFederal/250106000728/2025_H3N2,487,0.7046,0.7046
seqneut25to26_sera_0040,A/DistritoFederal/250106000728/2025_H3N2,plate16-2-A/DistritoFederal/250106000728/2025_H3N2,1119,0.9303,0.9303
seqneut25to26_sera_0040,A/DistritoFederal/250106000728/2025_H3N2,plate16-2-A/DistritoFederal/250106000728/2025_H3N2,2575,0.8857,0.8857
seqneut25to26_sera_0040,A/DistritoFederal/250106000728/2025_H3N2,plate16-2-A/DistritoFederal/250106000728/2025_H3N2,5921,1.024,1
seqneut25to26_sera_0040,A/DistritoFederal/250106000728/2025_H3N2,plate16-2-A/DistritoFederal/250106000728/2025_H3N2,1.362e+04,0.6082,0.6082
seqneut25to26_sera_0040,A/DistritoFederal/2578578201/2025_H3N2,plate16-2-A/DistritoFederal/2578578201/2025_H3N2,40,0.3106,0.3106
seqneut25to26_sera_0040,A/DistritoFederal/2578578201/2025_H3N2,plate16-2-A/DistritoFederal/2578578201/2025_H3N2,92,0.3092,0.3092
seqneut25to26_sera_0040,A/DistritoFederal/2578578201/2025_H3N2,plate16-2-A/DistritoFederal/2578578201/2025_H3N2,212,0.5266,0.5266
seqneut25to26_sera_0040,A/DistritoFederal/2578578201/2025_H3N2,plate16-2-A/DistritoFederal/2578578201/2025_H3N2,487,0.5508,0.5508
seqneut25to26_sera_0040,A/DistritoFederal/2578578201/2025_H3N2,plate16-2-A/DistritoFederal/2578578201/2025_H3N2,1119,0.5544,0.5544
seqneut25to26_sera_0040,A/DistritoFederal/2578578201/2025_H3N2,plate16-2-A/DistritoFederal/2578578201/2025_H3N2,2575,0.7845,0.7845
seqneut25to26_sera_0040,A/DistritoFederal/2578578201/2025_H3N2,plate16-2-A/DistritoFederal/2578578201/2025_H3N2,5921,1.113,1
seqneut25to26_sera_0040,A/DistritoFederal/2578578201/2025_H3N2,plate16-2-A/DistritoFederal/2578578201/2025_H3N2,1.362e+04,0.658,0.658
seqneut25to26_sera_0040,A/England/174/2025_H3N2,plate16-2-A/England/174/2025_H3N2,40,0.04284,0.04284
seqneut25to26_sera_0040,A/England/174/2025_H3N2,plate16-2-A/England/174/2025_H3N2,92,0.4327,0.4327
seqneut25to26_sera_0040,A/England/174/2025_H3N2,plate16-2-A/England/174/2025_H3N2,212,0.2146,0.2146
seqneut25to26_sera_0040,A/England/174/2025_H3N2,plate16-2-A/England/174/2025_H3N2,487,0.493,0.493
seqneut25to26_sera_0040,A/England/174/2025_H3N2,plate16-2-A/England/174/2025_H3N2,1119,0.6071,0.6071
seqneut25to26_sera_0040,A/England/174/2025_H3N2,plate16-2-A/England/174/2025_H3N2,2575,0.5805,0.5805
seqneut25to26_sera_0040,A/England/174/2025_H3N2,plate16-2-A/England/174/2025_H3N2,5921,0.7011,0.7011
seqneut25to26_sera_0040,A/England/174/2025_H3N2,plate16-2-A/England/174/2025_H3N2,1.362e+04,0.783,0.783
seqneut25to26_sera_0040,A/England/1822256/2025_H1N1,plate16-2-A/England/1822256/2025_H1N1,40,0.01381,0.01381
seqneut25to26_sera_0040,A/England/1822256/2025_H1N1,plate16-2-A/England/1822256/2025_H1N1,92,0.1389,0.1389
seqneut25to26_sera_0040,A/England/1822256/2025_H1N1,plate16-2-A/England/1822256/2025_H1N1,212,0.4913,0.4913
seqneut25to26_sera_0040,A/England/1822256/2025_H1N1,plate16-2-A/England/1822256/2025_H1N1,487,0.7631,0.7631
seqneut25to26_sera_0040,A/England/1822256/2025_H1N1,plate16-2-A/England/1822256/2025_H1N1,1119,1.48,1
seqneut25to26_sera_0040,A/England/1822256/2025_H1N1,plate16-2-A/England/1822256/2025_H1N1,2575,0.9923,0.9923
seqneut25to26_sera_0040,A/England/1822256/2025_H1N1,plate16-2-A/England/1822256/2025_H1N1,5921,1.619,1
seqneut25to26_sera_0040,A/England/1822256/2025_H1N1,plate16-2-A/England/1822256/2025_H1N1,1.362e+04,0.7612,0.7612
seqneut25to26_sera_0040,A/England/1837734/2025_H3N2,plate16-2-A/England/1837734/2025_H3N2,40,0.0725,0.0725
seqneut25to26_sera_0040,A/England/1837734/2025_H3N2,plate16-2-A/England/1837734/2025_H3N2,92,0.3006,0.3006
seqneut25to26_sera_0040,A/England/1837734/2025_H3N2,plate16-2-A/England/1837734/2025_H3N2,212,0.5615,0.5615
seqneut25to26_sera_0040,A/England/1837734/2025_H3N2,plate16-2-A/England/1837734/2025_H3N2,487,0.5307,0.5307
seqneut25to26_sera_0040,A/England/1837734/2025_H3N2,plate16-2-A/England/1837734/2025_H3N2,1119,0.7604,0.7604
seqneut25to26_sera_0040,A/England/1837734/2025_H3N2,plate16-2-A/England/1837734/2025_H3N2,2575,0.8954,0.8954
seqneut25to26_sera_0040,A/England/1837734/2025_H3N2,plate16-2-A/England/1837734/2025_H3N2,5921,1.112,1
seqneut25to26_sera_0040,A/England/1837734/2025_H3N2,plate16-2-A/England/1837734/2025_H3N2,1.362e+04,0.6692,0.6692
seqneut25to26_sera_0040,A/England/1837737/2025_H3N2,plate16-2-A/England/1837737/2025_H3N2,40,0.3633,0.3633
seqneut25to26_sera_0040,A/England/1837737/2025_H3N2,plate16-2-A/England/1837737/2025_H3N2,92,0.4654,0.4654
seqneut25to26_sera_0040,A/England/1837737/2025_H3N2,plate16-2-A/England/1837737/2025_H3N2,212,0.5153,0.5153
seqneut25to26_sera_0040,A/England/1837737/2025_H3N2,plate16-2-A/England/1837737/2025_H3N2,487,0.6008,0.6008
seqneut25to26_sera_0040,A/England/1837737/2025_H3N2,plate16-2-A/England/1837737/2025_H3N2,1119,1.242,1
seqneut25to26_sera_0040,A/England/1837737/2025_H3N2,plate16-2-A/England/1837737/2025_H3N2,2575,0.9848,0.9848
seqneut25to26_sera_0040,A/England/1837737/2025_H3N2,plate16-2-A/England/1837737/2025_H3N2,5921,1.089,1
seqneut25to26_sera_0040,A/England/1837737/2025_H3N2,plate16-2-A/England/1837737/2025_H3N2,1.362e+04,0.7503,0.7503
seqneut25to26_sera_0040,A/France/ARA-HCL025155099501/2025_H1N1,plate16-2-A/France/ARA-HCL025155099501/2025_H1N1,40,0.01097,0.01097
seqneut25to26_sera_0040,A/France/ARA-HCL025155099501/2025_H1N1,plate16-2-A/France/ARA-HCL025155099501/2025_H1N1,92,0.3315,0.3315
seqneut25to26_sera_0040,A/France/ARA-HCL025155099501/2025_H1N1,plate16-2-A/France/ARA-HCL025155099501/2025_H1N1,212,0.6783,0.6783
seqneut25to26_sera_0040,A/France/ARA-HCL025155099501/2025_H1N1,plate16-2-A/France/ARA-HCL025155099501/2025_H1N1,487,0.6868,0.6868
seqneut25to26_sera_0040,A/France/ARA-HCL025155099501/2025_H1N1,plate16-2-A/France/ARA-HCL025155099501/2025_H1N1,1119,1.23,1
seqneut25to26_sera_0040,A/France/ARA-HCL025155099501/2025_H1N1,plate16-2-A/France/ARA-HCL025155099501/2025_H1N1,2575,1.048,1
seqneut25to26_sera_0040,A/France/ARA-HCL025155099501/2025_H1N1,plate16-2-A/France/ARA-HCL025155099501/2025_H1N1,5921,1.27,1
seqneut25to26_sera_0040,A/France/ARA-HCL025155099501/2025_H1N1,plate16-2-A/France/ARA-HCL025155099501/2025_H1N1,1.362e+04,0.9685,0.9685
seqneut25to26_sera_0040,A/Galicia/GA-CHUAC-451/2025_H3N2,plate16-2-A/Galicia/GA-CHUAC-451/2025_H3N2,40,0.3551,0.3551
seqneut25to26_sera_0040,A/Galicia/GA-CHUAC-451/2025_H3N2,plate16-2-A/Galicia/GA-CHUAC-451/2025_H3N2,92,0.3341,0.3341
seqneut25to26_sera_0040,A/Galicia/GA-CHUAC-451/2025_H3N2,plate16-2-A/Galicia/GA-CHUAC-451/2025_H3N2,212,0.5818,0.5818
seqneut25to26_sera_0040,A/Galicia/GA-CHUAC-451/2025_H3N2,plate16-2-A/Galicia/GA-CHUAC-451/2025_H3N2,487,0.6242,0.6242
seqneut25to26_sera_0040,A/Galicia/GA-CHUAC-451/2025_H3N2,plate16-2-A/Galicia/GA-CHUAC-451/2025_H3N2,1119,0.6202,0.6202
seqneut25to26_sera_0040,A/Galicia/GA-CHUAC-451/2025_H3N2,plate16-2-A/Galicia/GA-CHUAC-451/2025_H3N2,2575,0.8936,0.8936
seqneut25to26_sera_0040,A/Galicia/GA-CHUAC-451/2025_H3N2,plate16-2-A/Galicia/GA-CHUAC-451/2025_H3N2,5921,1.115,1
seqneut25to26_sera_0040,A/Galicia/GA-CHUAC-451/2025_H3N2,plate16-2-A/Galicia/GA-CHUAC-451/2025_H3N2,1.362e+04,0.7471,0.7471
seqneut25to26_sera_0040,A/Ghana/ARI-25-1125/2025_H1N1,plate16-2-A/Ghana/ARI-25-1125/2025_H1N1,40,0.005703,0.005703
seqneut25to26_sera_0040,A/Ghana/ARI-25-1125/2025_H1N1,plate16-2-A/Ghana/ARI-25-1125/2025_H1N1,92,0.1136,0.1136
seqneut25to26_sera_0040,A/Ghana/ARI-25-1125/2025_H1N1,plate16-2-A/Ghana/ARI-25-1125/2025_H1N1,212,0.6642,0.6642
seqneut25to26_sera_0040,A/Ghana/ARI-25-1125/2025_H1N1,plate16-2-A/Ghana/ARI-25-1125/2025_H1N1,487,0.907,0.907
seqneut25to26_sera_0040,A/Ghana/ARI-25-1125/2025_H1N1,plate16-2-A/Ghana/ARI-25-1125/2025_H1N1,1119,0.9057,0.9057
seqneut25to26_sera_0040,A/Ghana/ARI-25-1125/2025_H1N1,plate16-2-A/Ghana/ARI-25-1125/2025_H1N1,2575,1.092,1
seqneut25to26_sera_0040,A/Ghana/ARI-25-1125/2025_H1N1,plate16-2-A/Ghana/ARI-25-1125/2025_H1N1,5921,1.587,1
seqneut25to26_sera_0040,A/Ghana/ARI-25-1125/2025_H1N1,plate16-2-A/Ghana/ARI-25-1125/2025_H1N1,1.362e+04,1.006,1
seqneut25to26_sera_0040,A/Ghana/FS-25-7077/2025_H3N2,plate16-2-A/Ghana/FS-25-7077/2025_H3N2,40,0.4071,0.4071
seqneut25to26_sera_0040,A/Ghana/FS-25-7077/2025_H3N2,plate16-2-A/Ghana/FS-25-7077/2025_H3N2,92,0.3734,0.3734
seqneut25to26_sera_0040,A/Ghana/FS-25-7077/2025_H3N2,plate16-2-A/Ghana/FS-25-7077/2025_H3N2,212,0.4494,0.4494
seqneut25to26_sera_0040,A/Ghana/FS-25-7077/2025_H3N2,plate16-2-A/Ghana/FS-25-7077/2025_H3N2,487,0.6217,0.6217
seqneut25to26_sera_0040,A/Ghana/FS-25-7077/2025_H3N2,plate16-2-A/Ghana/FS-25-7077/2025_H3N2,1119,0.8105,0.8105
seqneut25to26_sera_0040,A/Ghana/FS-25-7077/2025_H3N2,plate16-2-A/Ghana/FS-25-7077/2025_H3N2,2575,0.996,0.996
seqneut25to26_sera_0040,A/Ghana/FS-25-7077/2025_H3N2,plate16-2-A/Ghana/FS-25-7077/2025_H3N2,5921,1.153,1
seqneut25to26_sera_0040,A/Ghana/FS-25-7077/2025_H3N2,plate16-2-A/Ghana/FS-25-7077/2025_H3N2,1.362e+04,0.8347,0.8347
seqneut25to26_sera_0040,A/Guangdong-Maonan/11438/2025_H3N2,plate16-2-A/Guangdong-Maonan/11438/2025_H3N2,40,0.09598,0.09598
seqneut25to26_sera_0040,A/Guangdong-Maonan/11438/2025_H3N2,plate16-2-A/Guangdong-Maonan/11438/2025_H3N2,92,0.109,0.109
seqneut25to26_sera_0040,A/Guangdong-Maonan/11438/2025_H3N2,plate16-2-A/Guangdong-Maonan/11438/2025_H3N2,212,0.6135,0.6135
seqneut25to26_sera_0040,A/Guangdong-Maonan/11438/2025_H3N2,plate16-2-A/Guangdong-Maonan/11438/2025_H3N2,487,0.3146,0.3146
seqneut25to26_sera_0040,A/Guangdong-Maonan/11438/2025_H3N2,plate16-2-A/Guangdong-Maonan/11438/2025_H3N2,1119,0.448,0.448
seqneut25to26_sera_0040,A/Guangdong-Maonan/11438/2025_H3N2,plate16-2-A/Guangdong-Maonan/11438/2025_H3N2,2575,0.7231,0.7231
seqneut25to26_sera_0040,A/Guangdong-Maonan/11438/2025_H3N2,plate16-2-A/Guangdong-Maonan/11438/2025_H3N2,5921,0.6604,0.6604
seqneut25to26_sera_0040,A/Guangdong-Maonan/11438/2025_H3N2,plate16-2-A/Guangdong-Maonan/11438/2025_H3N2,1.362e+04,0.5664,0.5664
seqneut25to26_sera_0040,A/Guangdong-Meijiang/11256/2025_H3N2,plate16-2-A/Guangdong-Meijiang/11256/2025_H3N2,40,0.05125,0.05125
seqneut25to26_sera_0040,A/Guangdong-Meijiang/11256/2025_H3N2,plate16-2-A/Guangdong-Meijiang/11256/2025_H3N2,92,0.1477,0.1477
seqneut25to26_sera_0040,A/Guangdong-Meijiang/11256/2025_H3N2,plate16-2-A/Guangdong-Meijiang/11256/2025_H3N2,212,0.3333,0.3333
seqneut25to26_sera_0040,A/Guangdong-Meijiang/11256/2025_H3N2,plate16-2-A/Guangdong-Meijiang/11256/2025_H3N2,487,0.2663,0.2663
seqneut25to26_sera_0040,A/Guangdong-Meijiang/11256/2025_H3N2,plate16-2-A/Guangdong-Meijiang/11256/2025_H3N2,1119,0.4804,0.4804
seqneut25to26_sera_0040,A/Guangdong-Meijiang/11256/2025_H3N2,plate16-2-A/Guangdong-Meijiang/11256/2025_H3N2,2575,0.4929,0.4929
seqneut25to26_sera_0040,A/Guangdong-Meijiang/11256/2025_H3N2,plate16-2-A/Guangdong-Meijiang/11256/2025_H3N2,5921,0.7814,0.7814
seqneut25to26_sera_0040,A/Guangdong-Meijiang/11256/2025_H3N2,plate16-2-A/Guangdong-Meijiang/11256/2025_H3N2,1.362e+04,0.9019,0.9019
seqneut25to26_sera_0040,A/Guangxi-Daxin/1643/2025_H3N2,plate16-2-A/Guangxi-Daxin/1643/2025_H3N2,40,0.1384,0.1384
seqneut25to26_sera_0040,A/Guangxi-Daxin/1643/2025_H3N2,plate16-2-A/Guangxi-Daxin/1643/2025_H3N2,92,0.5026,0.5026
seqneut25to26_sera_0040,A/Guangxi-Daxin/1643/2025_H3N2,plate16-2-A/Guangxi-Daxin/1643/2025_H3N2,212,0.7135,0.7135
seqneut25to26_sera_0040,A/Guangxi-Daxin/1643/2025_H3N2,plate16-2-A/Guangxi-Daxin/1643/2025_H3N2,487,0.6399,0.6399
seqneut25to26_sera_0040,A/Guangxi-Daxin/1643/2025_H3N2,plate16-2-A/Guangxi-Daxin/1643/2025_H3N2,1119,0.6489,0.6489
seqneut25to26_sera_0040,A/Guangxi-Daxin/1643/2025_H3N2,plate16-2-A/Guangxi-Daxin/1643/2025_H3N2,2575,0.8645,0.8645
seqneut25to26_sera_0040,A/Guangxi-Daxin/1643/2025_H3N2,plate16-2-A/Guangxi-Daxin/1643/2025_H3N2,5921,1.117,1
seqneut25to26_sera_0040,A/Guangxi-Daxin/1643/2025_H3N2,plate16-2-A/Guangxi-Daxin/1643/2025_H3N2,1.362e+04,1.035,1
seqneut25to26_sera_0040,A/Guangxi-Qingxiu/SWL11742/2025_H1N1,plate16-2-A/Guangxi-Qingxiu/SWL11742/2025_H1N1,40,0.03727,0.03727
seqneut25to26_sera_0040,A/Guangxi-Qingxiu/SWL11742/2025_H1N1,plate16-2-A/Guangxi-Qingxiu/SWL11742/2025_H1N1,92,0.1512,0.1512
seqneut25to26_sera_0040,A/Guangxi-Qingxiu/SWL11742/2025_H1N1,plate16-2-A/Guangxi-Qingxiu/SWL11742/2025_H1N1,212,0.3823,0.3823
seqneut25to26_sera_0040,A/Guangxi-Qingxiu/SWL11742/2025_H1N1,plate16-2-A/Guangxi-Qingxiu/SWL11742/2025_H1N1,487,0.5902,0.5902
seqneut25to26_sera_0040,A/Guangxi-Qingxiu/SWL11742/2025_H1N1,plate16-2-A/Guangxi-Qingxiu/SWL11742/2025_H1N1,1119,1.103,1
seqneut25to26_sera_0040,A/Guangxi-Qingxiu/SWL11742/2025_H1N1,plate16-2-A/Guangxi-Qingxiu/SWL11742/2025_H1N1,2575,1.869,1
seqneut25to26_sera_0040,A/Guangxi-Qingxiu/SWL11742/2025_H1N1,plate16-2-A/Guangxi-Qingxiu/SWL11742/2025_H1N1,5921,1.156,1
seqneut25to26_sera_0040,A/Guangxi-Qingxiu/SWL11742/2025_H1N1,plate16-2-A/Guangxi-Qingxiu/SWL11742/2025_H1N1,1.362e+04,1.682,1
seqneut25to26_sera_0040,A/Hawaii/44/2025_H1N1,plate16-2-A/Hawaii/44/2025_H1N1,40,0.003864,0.003864
seqneut25to26_sera_0040,A/Hawaii/44/2025_H1N1,plate16-2-A/Hawaii/44/2025_H1N1,92,0.1578,0.1578
seqneut25to26_sera_0040,A/Hawaii/44/2025_H1N1,plate16-2-A/Hawaii/44/2025_H1N1,212,0.6058,0.6058
seqneut25to26_sera_0040,A/Hawaii/44/2025_H1N1,plate16-2-A/Hawaii/44/2025_H1N1,487,0.8149,0.8149
seqneut25to26_sera_0040,A/Hawaii/44/2025_H1N1,plate16-2-A/Hawaii/44/2025_H1N1,1119,1.156,1
seqneut25to26_sera_0040,A/Hawaii/44/2025_H1N1,plate16-2-A/Hawaii/44/2025_H1N1,2575,1.286,1
seqneut25to26_sera_0040,A/Hawaii/44/2025_H1N1,plate16-2-A/Hawaii/44/2025_H1N1,5921,1.183,1
seqneut25to26_sera_0040,A/Hawaii/44/2025_H1N1,plate16-2-A/Hawaii/44/2025_H1N1,1.362e+04,0.8018,0.8018
seqneut25to26_sera_0040,A/Hawaii/70/2019_H1N1,plate16-2-A/Hawaii/70/2019_H1N1,40,0.06887,0.06887
seqneut25to26_sera_0040,A/Hawaii/70/2019_H1N1,plate16-2-A/Hawaii/70/2019_H1N1,92,0.2695,0.2695
seqneut25to26_sera_0040,A/Hawaii/70/2019_H1N1,plate16-2-A/Hawaii/70/2019_H1N1,212,0.5237,0.5237
seqneut25to26_sera_0040,A/Hawaii/70/2019_H1N1,plate16-2-A/Hawaii/70/2019_H1N1,487,0.6825,0.6825
seqneut25to26_sera_0040,A/Hawaii/70/2019_H1N1,plate16-2-A/Hawaii/70/2019_H1N1,1119,0.7702,0.7702
seqneut25to26_sera_0040,A/Hawaii/70/2019_H1N1,plate16-2-A/Hawaii/70/2019_H1N1,2575,1.014,1
seqneut25to26_sera_0040,A/Hawaii/70/2019_H1N1,plate16-2-A/Hawaii/70/2019_H1N1,5921,1.207,1
seqneut25to26_sera_0040,A/Hawaii/70/2019_H1N1,plate16-2-A/Hawaii/70/2019_H1N1,1.362e+04,0.7334,0.7334
seqneut25to26_sera_0040,A/HongKong/1257/2025_H3N2,plate16-2-A/HongKong/1257/2025_H3N2,40,0.0987,0.0987
seqneut25to26_sera_0040,A/HongKong/1257/2025_H3N2,plate16-2-A/HongKong/1257/2025_H3N2,92,0.2796,0.2796
seqneut25to26_sera_0040,A/HongKong/1257/2025_H3N2,plate16-2-A/HongKong/1257/2025_H3N2,212,0.3702,0.3702
seqneut25to26_sera_0040,A/HongKong/1257/2025_H3N2,plate16-2-A/HongKong/1257/2025_H3N2,487,0.6664,0.6664
seqneut25to26_sera_0040,A/HongKong/1257/2025_H3N2,plate16-2-A/HongKong/1257/2025_H3N2,1119,0.568,0.568
seqneut25to26_sera_0040,A/HongKong/1257/2025_H3N2,plate16-2-A/HongKong/1257/2025_H3N2,2575,0.9049,0.9049
seqneut25to26_sera_0040,A/HongKong/1257/2025_H3N2,plate16-2-A/HongKong/1257/2025_H3N2,5921,1.02,1
seqneut25to26_sera_0040,A/HongKong/1257/2025_H3N2,plate16-2-A/HongKong/1257/2025_H3N2,1.362e+04,1.106,1
seqneut25to26_sera_0040,A/HongKong/1382/2025_H3N2,plate16-2-A/HongKong/1382/2025_H3N2,40,0.0492,0.0492
seqneut25to26_sera_0040,A/HongKong/1382/2025_H3N2,plate16-2-A/HongKong/1382/2025_H3N2,92,0.04519,0.04519
seqneut25to26_sera_0040,A/HongKong/1382/2025_H3N2,plate16-2-A/HongKong/1382/2025_H3N2,212,0.1774,0.1774
seqneut25to26_sera_0040,A/HongKong/1382/2025_H3N2,plate16-2-A/HongKong/1382/2025_H3N2,487,0.4812,0.4812
seqneut25to26_sera_0040,A/HongKong/1382/2025_H3N2,plate16-2-A/HongKong/1382/2025_H3N2,1119,1.305,1
seqneut25to26_sera_0040,A/HongKong/1382/2025_H3N2,plate16-2-A/HongKong/1382/2025_H3N2,2575,0.4847,0.4847
seqneut25to26_sera_0040,A/HongKong/1382/2025_H3N2,plate16-2-A/HongKong/1382/2025_H3N2,5921,0.6082,0.6082
seqneut25to26_sera_0040,A/HongKong/1382/2025_H3N2,plate16-2-A/HongKong/1382/2025_H3N2,1.362e+04,1.103,1
seqneut25to26_sera_0040,A/Indonesia/BIOKES-I-BT074/2025_H3N2,plate16-2-A/Indonesia/BIOKES-I-BT074/2025_H3N2,40,0.01499,0.01499
seqneut25to26_sera_0040,A/Indonesia/BIOKES-I-BT074/2025_H3N2,plate16-2-A/Indonesia/BIOKES-I-BT074/2025_H3N2,92,0.2247,0.2247
seqneut25to26_sera_0040,A/Indonesia/BIOKES-I-BT074/2025_H3N2,plate16-2-A/Indonesia/BIOKES-I-BT074/2025_H3N2,212,0.4454,0.4454
seqneut25to26_sera_0040,A/Indonesia/BIOKES-I-BT074/2025_H3N2,plate16-2-A/Indonesia/BIOKES-I-BT074/2025_H3N2,487,0.4555,0.4555
seqneut25to26_sera_0040,A/Indonesia/BIOKES-I-BT074/2025_H3N2,plate16-2-A/Indonesia/BIOKES-I-BT074/2025_H3N2,1119,0.5279,0.5279
seqneut25to26_sera_0040,A/Indonesia/BIOKES-I-BT074/2025_H3N2,plate16-2-A/Indonesia/BIOKES-I-BT074/2025_H3N2,2575,0.7445,0.7445
seqneut25to26_sera_0040,A/Indonesia/BIOKES-I-BT074/2025_H3N2,plate16-2-A/Indonesia/BIOKES-I-BT074/2025_H3N2,5921,1.027,1
seqneut25to26_sera_0040,A/Indonesia/BIOKES-I-BT074/2025_H3N2,plate16-2-A/Indonesia/BIOKES-I-BT074/2025_H3N2,1.362e+04,0.9094,0.9094
seqneut25to26_sera_0040,A/Indonesia/BIOKES-INAD491/2025_H3N2,plate16-2-A/Indonesia/BIOKES-INAD491/2025_H3N2,40,0.09315,0.09315
seqneut25to26_sera_0040,A/Indonesia/BIOKES-INAD491/2025_H3N2,plate16-2-A/Indonesia/BIOKES-INAD491/2025_H3N2,92,0.1858,0.1858
seqneut25to26_sera_0040,A/Indonesia/BIOKES-INAD491/2025_H3N2,plate16-2-A/Indonesia/BIOKES-INAD491/2025_H3N2,212,0.3477,0.3477
seqneut25to26_sera_0040,A/Indonesia/BIOKES-INAD491/2025_H3N2,plate16-2-A/Indonesia/BIOKES-INAD491/2025_H3N2,487,0.5364,0.5364
seqneut25to26_sera_0040,A/Indonesia/BIOKES-INAD491/2025_H3N2,plate16-2-A/Indonesia/BIOKES-INAD491/2025_H3N2,1119,0.8984,0.8984
seqneut25to26_sera_0040,A/Indonesia/BIOKES-INAD491/2025_H3N2,plate16-2-A/Indonesia/BIOKES-INAD491/2025_H3N2,2575,0.9929,0.9929
seqneut25to26_sera_0040,A/Indonesia/BIOKES-INAD491/2025_H3N2,plate16-2-A/Indonesia/BIOKES-INAD491/2025_H3N2,5921,1.451,1
seqneut25to26_sera_0040,A/Indonesia/BIOKES-INAD491/2025_H3N2,plate16-2-A/Indonesia/BIOKES-INAD491/2025_H3N2,1.362e+04,0.7575,0.7575
seqneut25to26_sera_0040,A/Lao/820-2750/2025_H3N2,plate16-2-A/Lao/820-2750/2025_H3N2,40,0.1463,0.1463
seqneut25to26_sera_0040,A/Lao/820-2750/2025_H3N2,plate16-2-A/Lao/820-2750/2025_H3N2,92,0.138,0.138
seqneut25to26_sera_0040,A/Lao/820-2750/2025_H3N2,plate16-2-A/Lao/820-2750/2025_H3N2,212,0.4116,0.4116
seqneut25to26_sera_0040,A/Lao/820-2750/2025_H3N2,plate16-2-A/Lao/820-2750/2025_H3N2,487,0.3625,0.3625
seqneut25to26_sera_0040,A/Lao/820-2750/2025_H3N2,plate16-2-A/Lao/820-2750/2025_H3N2,1119,0.4435,0.4435
seqneut25to26_sera_0040,A/Lao/820-2750/2025_H3N2,plate16-2-A/Lao/820-2750/2025_H3N2,2575,1.016,1
seqneut25to26_sera_0040,A/Lao/820-2750/2025_H3N2,plate16-2-A/Lao/820-2750/2025_H3N2,5921,1.217,1
seqneut25to26_sera_0040,A/Lao/820-2750/2025_H3N2,plate16-2-A/Lao/820-2750/2025_H3N2,1.362e+04,0.919,0.919
seqneut25to26_sera_0040,A/Malaysia/IMR/SARI/2028/2025_H3N2,plate16-2-A/Malaysia/IMR/SARI/2028/2025_H3N2,40,0.04903,0.04903
seqneut25to26_sera_0040,A/Malaysia/IMR/SARI/2028/2025_H3N2,plate16-2-A/Malaysia/IMR/SARI/2028/2025_H3N2,92,0.283,0.283
seqneut25to26_sera_0040,A/Malaysia/IMR/SARI/2028/2025_H3N2,plate16-2-A/Malaysia/IMR/SARI/2028/2025_H3N2,212,0.299,0.299
seqneut25to26_sera_0040,A/Malaysia/IMR/SARI/2028/2025_H3N2,plate16-2-A/Malaysia/IMR/SARI/2028/2025_H3N2,487,0.4827,0.4827
seqneut25to26_sera_0040,A/Malaysia/IMR/SARI/2028/2025_H3N2,plate16-2-A/Malaysia/IMR/SARI/2028/2025_H3N2,1119,0.5603,0.5603
seqneut25to26_sera_0040,A/Malaysia/IMR/SARI/2028/2025_H3N2,plate16-2-A/Malaysia/IMR/SARI/2028/2025_H3N2,2575,0.8361,0.8361
seqneut25to26_sera_0040,A/Malaysia/IMR/SARI/2028/2025_H3N2,plate16-2-A/Malaysia/IMR/SARI/2028/2025_H3N2,5921,1.214,1
seqneut25to26_sera_0040,A/Malaysia/IMR/SARI/2028/2025_H3N2,plate16-2-A/Malaysia/IMR/SARI/2028/2025_H3N2,1.362e+04,0.7896,0.7896
seqneut25to26_sera_0040,A/Malaysia/IMR/SARI/2406/2025_H3N2,plate16-2-A/Malaysia/IMR/SARI/2406/2025_H3N2,40,0.0694,0.0694
seqneut25to26_sera_0040,A/Malaysia/IMR/SARI/2406/2025_H3N2,plate16-2-A/Malaysia/IMR/SARI/2406/2025_H3N2,92,0.1967,0.1967
seqneut25to26_sera_0040,A/Malaysia/IMR/SARI/2406/2025_H3N2,plate16-2-A/Malaysia/IMR/SARI/2406/2025_H3N2,212,0.3444,0.3444
seqneut25to26_sera_0040,A/Malaysia/IMR/SARI/2406/2025_H3N2,plate16-2-A/Malaysia/IMR/SARI/2406/2025_H3N2,487,0.364,0.364
seqneut25to26_sera_0040,A/Malaysia/IMR/SARI/2406/2025_H3N2,plate16-2-A/Malaysia/IMR/SARI/2406/2025_H3N2,1119,0.5123,0.5123
seqneut25to26_sera_0040,A/Malaysia/IMR/SARI/2406/2025_H3N2,plate16-2-A/Malaysia/IMR/SARI/2406/2025_H3N2,2575,0.8368,0.8368
seqneut25to26_sera_0040,A/Malaysia/IMR/SARI/2406/2025_H3N2,plate16-2-A/Malaysia/IMR/SARI/2406/2025_H3N2,5921,0.9965,0.9965
seqneut25to26_sera_0040,A/Malaysia/IMR/SARI/2406/2025_H3N2,plate16-2-A/Malaysia/IMR/SARI/2406/2025_H3N2,1.362e+04,0.6379,0.6379
seqneut25to26_sera_0040,A/Malaysia/IMR/SARI/2517/2025_H3N2,plate16-2-A/Malaysia/IMR/SARI/2517/2025_H3N2,40,0.07592,0.07592
seqneut25to26_sera_0040,A/Malaysia/IMR/SARI/2517/2025_H3N2,plate16-2-A/Malaysia/IMR/SARI/2517/2025_H3N2,92,0.1795,0.1795
seqneut25to26_sera_0040,A/Malaysia/IMR/SARI/2517/2025_H3N2,plate16-2-A/Malaysia/IMR/SARI/2517/2025_H3N2,212,0.6507,0.6507
seqneut25to26_sera_0040,A/Malaysia/IMR/SARI/2517/2025_H3N2,plate16-2-A/Malaysia/IMR/SARI/2517/2025_H3N2,487,0.5894,0.5894
seqneut25to26_sera_0040,A/Malaysia/IMR/SARI/2517/2025_H3N2,plate16-2-A/Malaysia/IMR/SARI/2517/2025_H3N2,1119,0.6629,0.6629
seqneut25to26_sera_0040,A/Malaysia/IMR/SARI/2517/2025_H3N2,plate16-2-A/Malaysia/IMR/SARI/2517/2025_H3N2,2575,0.7049,0.7049
seqneut25to26_sera_0040,A/Malaysia/IMR/SARI/2517/2025_H3N2,plate16-2-A/Malaysia/IMR/SARI/2517/2025_H3N2,5921,1.036,1
seqneut25to26_sera_0040,A/Malaysia/IMR/SARI/2517/2025_H3N2,plate16-2-A/Malaysia/IMR/SARI/2517/2025_H3N2,1.362e+04,0.8893,0.8893
seqneut25to26_sera_0040,A/Massachusetts/18/2022_H3N2,plate16-2-A/Massachusetts/18/2022_H3N2,40,0.1805,0.1805
seqneut25to26_sera_0040,A/Massachusetts/18/2022_H3N2,plate16-2-A/Massachusetts/18/2022_H3N2,92,0.3234,0.3234
seqneut25to26_sera_0040,A/Massachusetts/18/2022_H3N2,plate16-2-A/Massachusetts/18/2022_H3N2,212,0.5769,0.5769
seqneut25to26_sera_0040,A/Massachusetts/18/2022_H3N2,plate16-2-A/Massachusetts/18/2022_H3N2,487,0.6699,0.6699
seqneut25to26_sera_0040,A/Massachusetts/18/2022_H3N2,plate16-2-A/Massachusetts/18/2022_H3N2,1119,0.8252,0.8252
seqneut25to26_sera_0040,A/Massachusetts/18/2022_H3N2,plate16-2-A/Massachusetts/18/2022_H3N2,2575,0.7513,0.7513
seqneut25to26_sera_0040,A/Massachusetts/18/2022_H3N2,plate16-2-A/Massachusetts/18/2022_H3N2,5921,1.368,1
seqneut25to26_sera_0040,A/Massachusetts/18/2022_H3N2,plate16-2-A/Massachusetts/18/2022_H3N2,1.362e+04,0.7742,0.7742
seqneut25to26_sera_0040,A/Michigan/110/2025_H3N2,plate16-2-A/Michigan/110/2025_H3N2,40,0.3064,0.3064
seqneut25to26_sera_0040,A/Michigan/110/2025_H3N2,plate16-2-A/Michigan/110/2025_H3N2,92,0.2037,0.2037
seqneut25to26_sera_0040,A/Michigan/110/2025_H3N2,plate16-2-A/Michigan/110/2025_H3N2,212,0.6038,0.6038
seqneut25to26_sera_0040,A/Michigan/110/2025_H3N2,plate16-2-A/Michigan/110/2025_H3N2,487,0.6024,0.6024
seqneut25to26_sera_0040,A/Michigan/110/2025_H3N2,plate16-2-A/Michigan/110/2025_H3N2,1119,0.5408,0.5408
seqneut25to26_sera_0040,A/Michigan/110/2025_H3N2,plate16-2-A/Michigan/110/2025_H3N2,2575,0.6958,0.6958
seqneut25to26_sera_0040,A/Michigan/110/2025_H3N2,plate16-2-A/Michigan/110/2025_H3N2,5921,0.997,0.997
seqneut25to26_sera_0040,A/Michigan/110/2025_H3N2,plate16-2-A/Michigan/110/2025_H3N2,1.362e+04,0.9318,0.9318
seqneut25to26_sera_0040,A/Minnesota/96/2025_H3N2,plate16-2-A/Minnesota/96/2025_H3N2,40,0.05383,0.05383
seqneut25to26_sera_0040,A/Minnesota/96/2025_H3N2,plate16-2-A/Minnesota/96/2025_H3N2,92,0.2041,0.2041
seqneut25to26_sera_0040,A/Minnesota/96/2025_H3N2,plate16-2-A/Minnesota/96/2025_H3N2,212,0.3185,0.3185
seqneut25to26_sera_0040,A/Minnesota/96/2025_H3N2,plate16-2-A/Minnesota/96/2025_H3N2,487,0.6021,0.6021
seqneut25to26_sera_0040,A/Minnesota/96/2025_H3N2,plate16-2-A/Minnesota/96/2025_H3N2,1119,0.6541,0.6541
seqneut25to26_sera_0040,A/Minnesota/96/2025_H3N2,plate16-2-A/Minnesota/96/2025_H3N2,2575,0.7859,0.7859
seqneut25to26_sera_0040,A/Minnesota/96/2025_H3N2,plate16-2-A/Minnesota/96/2025_H3N2,5921,1.081,1
seqneut25to26_sera_0040,A/Minnesota/96/2025_H3N2,plate16-2-A/Minnesota/96/2025_H3N2,1.362e+04,0.8567,0.8567
seqneut25to26_sera_0040,A/Missouri/11/2025_H1N1,plate16-2-A/Missouri/11/2025_H1N1,40,0.008428,0.008428
seqneut25to26_sera_0040,A/Missouri/11/2025_H1N1,plate16-2-A/Missouri/11/2025_H1N1,92,0.1211,0.1211
seqneut25to26_sera_0040,A/Missouri/11/2025_H1N1,plate16-2-A/Missouri/11/2025_H1N1,212,0.3476,0.3476
seqneut25to26_sera_0040,A/Missouri/11/2025_H1N1,plate16-2-A/Missouri/11/2025_H1N1,487,1.04,1
seqneut25to26_sera_0040,A/Missouri/11/2025_H1N1,plate16-2-A/Missouri/11/2025_H1N1,1119,1.022,1
seqneut25to26_sera_0040,A/Missouri/11/2025_H1N1,plate16-2-A/Missouri/11/2025_H1N1,2575,0.7571,0.7571
seqneut25to26_sera_0040,A/Missouri/11/2025_H1N1,plate16-2-A/Missouri/11/2025_H1N1,5921,0.96,0.96
seqneut25to26_sera_0040,A/Missouri/11/2025_H1N1,plate16-2-A/Missouri/11/2025_H1N1,1.362e+04,0.5209,0.5209
seqneut25to26_sera_0040,A/NewSouthWales/2526015582/2025_H3N2,plate16-2-A/NewSouthWales/2526015582/2025_H3N2,40,0.1328,0.1328
seqneut25to26_sera_0040,A/NewSouthWales/2526015582/2025_H3N2,plate16-2-A/NewSouthWales/2526015582/2025_H3N2,92,0.2354,0.2354
seqneut25to26_sera_0040,A/NewSouthWales/2526015582/2025_H3N2,plate16-2-A/NewSouthWales/2526015582/2025_H3N2,212,0.4413,0.4413
seqneut25to26_sera_0040,A/NewSouthWales/2526015582/2025_H3N2,plate16-2-A/NewSouthWales/2526015582/2025_H3N2,487,0.6782,0.6782
seqneut25to26_sera_0040,A/NewSouthWales/2526015582/2025_H3N2,plate16-2-A/NewSouthWales/2526015582/2025_H3N2,1119,0.7094,0.7094
seqneut25to26_sera_0040,A/NewSouthWales/2526015582/2025_H3N2,plate16-2-A/NewSouthWales/2526015582/2025_H3N2,2575,0.9534,0.9534
seqneut25to26_sera_0040,A/NewSouthWales/2526015582/2025_H3N2,plate16-2-A/NewSouthWales/2526015582/2025_H3N2,5921,1.103,1
seqneut25to26_sera_0040,A/NewSouthWales/2526015582/2025_H3N2,plate16-2-A/NewSouthWales/2526015582/2025_H3N2,1.362e+04,0.8856,0.8856
seqneut25to26_sera_0040,A/NewSouthWales/2526015584/2025_H3N2,plate16-2-A/NewSouthWales/2526015584/2025_H3N2,40,0.07235,0.07235
seqneut25to26_sera_0040,A/NewSouthWales/2526015584/2025_H3N2,plate16-2-A/NewSouthWales/2526015584/2025_H3N2,92,0.1061,0.1061
seqneut25to26_sera_0040,A/NewSouthWales/2526015584/2025_H3N2,plate16-2-A/NewSouthWales/2526015584/2025_H3N2,212,0.2924,0.2924
seqneut25to26_sera_0040,A/NewSouthWales/2526015584/2025_H3N2,plate16-2-A/NewSouthWales/2526015584/2025_H3N2,487,0.3652,0.3652
seqneut25to26_sera_0040,A/NewSouthWales/2526015584/2025_H3N2,plate16-2-A/NewSouthWales/2526015584/2025_H3N2,1119,0.6547,0.6547
seqneut25to26_sera_0040,A/NewSouthWales/2526015584/2025_H3N2,plate16-2-A/NewSouthWales/2526015584/2025_H3N2,2575,0.813,0.813
seqneut25to26_sera_0040,A/NewSouthWales/2526015584/2025_H3N2,plate16-2-A/NewSouthWales/2526015584/2025_H3N2,5921,1.131,1
seqneut25to26_sera_0040,A/NewSouthWales/2526015584/2025_H3N2,plate16-2-A/NewSouthWales/2526015584/2025_H3N2,1.362e+04,0.8162,0.8162
seqneut25to26_sera_0040,A/Norway/8765/2025_H3N2,plate16-2-A/Norway/8765/2025_H3N2,40,0.08046,0.08046
seqneut25to26_sera_0040,A/Norway/8765/2025_H3N2,plate16-2-A/Norway/8765/2025_H3N2,92,0.1777,0.1777
seqneut25to26_sera_0040,A/Norway/8765/2025_H3N2,plate16-2-A/Norway/8765/2025_H3N2,212,0.6001,0.6001
seqneut25to26_sera_0040,A/Norway/8765/2025_H3N2,plate16-2-A/Norway/8765/2025_H3N2,487,0.4413,0.4413
seqneut25to26_sera_0040,A/Norway/8765/2025_H3N2,plate16-2-A/Norway/8765/2025_H3N2,1119,0.5102,0.5102
seqneut25to26_sera_0040,A/Norway/8765/2025_H3N2,plate16-2-A/Norway/8765/2025_H3N2,2575,1.106,1
seqneut25to26_sera_0040,A/Norway/8765/2025_H3N2,plate16-2-A/Norway/8765/2025_H3N2,5921,0.9347,0.9347
seqneut25to26_sera_0040,A/Norway/8765/2025_H3N2,plate16-2-A/Norway/8765/2025_H3N2,1.362e+04,0.8653,0.8653
seqneut25to26_sera_0040,A/Norway/8976/2025_H3N2,plate16-2-A/Norway/8976/2025_H3N2,40,0.1155,0.1155
seqneut25to26_sera_0040,A/Norway/8976/2025_H3N2,plate16-2-A/Norway/8976/2025_H3N2,92,0.1851,0.1851
seqneut25to26_sera_0040,A/Norway/8976/2025_H3N2,plate16-2-A/Norway/8976/2025_H3N2,212,0.4363,0.4363
seqneut25to26_sera_0040,A/Norway/8976/2025_H3N2,plate16-2-A/Norway/8976/2025_H3N2,487,0.4743,0.4743
seqneut25to26_sera_0040,A/Norway/8976/2025_H3N2,plate16-2-A/Norway/8976/2025_H3N2,1119,0.8199,0.8199
seqneut25to26_sera_0040,A/Norway/8976/2025_H3N2,plate16-2-A/Norway/8976/2025_H3N2,2575,0.6988,0.6988
seqneut25to26_sera_0040,A/Norway/8976/2025_H3N2,plate16-2-A/Norway/8976/2025_H3N2,5921,0.9117,0.9117
seqneut25to26_sera_0040,A/Norway/8976/2025_H3N2,plate16-2-A/Norway/8976/2025_H3N2,1.362e+04,0.6732,0.6732
seqneut25to26_sera_0040,A/Norway/9107/2025_H1N1,plate16-2-A/Norway/9107/2025_H1N1,40,0.02037,0.02037
seqneut25to26_sera_0040,A/Norway/9107/2025_H1N1,plate16-2-A/Norway/9107/2025_H1N1,92,0.2321,0.2321
seqneut25to26_sera_0040,A/Norway/9107/2025_H1N1,plate16-2-A/Norway/9107/2025_H1N1,212,0.4084,0.4084
seqneut25to26_sera_0040,A/Norway/9107/2025_H1N1,plate16-2-A/Norway/9107/2025_H1N1,487,0.5758,0.5758
seqneut25to26_sera_0040,A/Norway/9107/2025_H1N1,plate16-2-A/Norway/9107/2025_H1N1,1119,1.149,1
seqneut25to26_sera_0040,A/Norway/9107/2025_H1N1,plate16-2-A/Norway/9107/2025_H1N1,2575,1.26,1
seqneut25to26_sera_0040,A/Norway/9107/2025_H1N1,plate16-2-A/Norway/9107/2025_H1N1,5921,1.25,1
seqneut25to26_sera_0040,A/Norway/9107/2025_H1N1,plate16-2-A/Norway/9107/2025_H1N1,1.362e+04,0.7472,0.7472
seqneut25to26_sera_0040,A/Norway/9556/2025_H1N1,plate16-2-A/Norway/9556/2025_H1N1,40,0.07635,0.07635
seqneut25to26_sera_0040,A/Norway/9556/2025_H1N1,plate16-2-A/Norway/9556/2025_H1N1,92,0.3006,0.3006
seqneut25to26_sera_0040,A/Norway/9556/2025_H1N1,plate16-2-A/Norway/9556/2025_H1N1,212,0.5469,0.5469
seqneut25to26_sera_0040,A/Norway/9556/2025_H1N1,plate16-2-A/Norway/9556/2025_H1N1,487,0.6377,0.6377
seqneut25to26_sera_0040,A/Norway/9556/2025_H1N1,plate16-2-A/Norway/9556/2025_H1N1,1119,1.134,1
seqneut25to26_sera_0040,A/Norway/9556/2025_H1N1,plate16-2-A/Norway/9556/2025_H1N1,2575,1.055,1
seqneut25to26_sera_0040,A/Norway/9556/2025_H1N1,plate16-2-A/Norway/9556/2025_H1N1,5921,1.454,1
seqneut25to26_sera_0040,A/Norway/9556/2025_H1N1,plate16-2-A/Norway/9556/2025_H1N1,1.362e+04,0.8582,0.8582
seqneut25to26_sera_0040,A/Peru/GIHSN-04-1089/2025_H3N2,plate16-2-A/Peru/GIHSN-04-1089/2025_H3N2,40,0.225,0.225
seqneut25to26_sera_0040,A/Peru/GIHSN-04-1089/2025_H3N2,plate16-2-A/Peru/GIHSN-04-1089/2025_H3N2,92,0.2815,0.2815
seqneut25to26_sera_0040,A/Peru/GIHSN-04-1089/2025_H3N2,plate16-2-A/Peru/GIHSN-04-1089/2025_H3N2,212,0.6029,0.6029
seqneut25to26_sera_0040,A/Peru/GIHSN-04-1089/2025_H3N2,plate16-2-A/Peru/GIHSN-04-1089/2025_H3N2,487,0.5298,0.5298
seqneut25to26_sera_0040,A/Peru/GIHSN-04-1089/2025_H3N2,plate16-2-A/Peru/GIHSN-04-1089/2025_H3N2,1119,0.6116,0.6116
seqneut25to26_sera_0040,A/Peru/GIHSN-04-1089/2025_H3N2,plate16-2-A/Peru/GIHSN-04-1089/2025_H3N2,2575,0.8192,0.8192
seqneut25to26_sera_0040,A/Peru/GIHSN-04-1089/2025_H3N2,plate16-2-A/Peru/GIHSN-04-1089/2025_H3N2,5921,1.074,1
seqneut25to26_sera_0040,A/Peru/GIHSN-04-1089/2025_H3N2,plate16-2-A/Peru/GIHSN-04-1089/2025_H3N2,1.362e+04,0.7298,0.7298
seqneut25to26_sera_0040,A/Philippines/SARI25-1425/2025_H1N1,plate16-2-A/Philippines/SARI25-1425/2025_H1N1,40,0.04754,0.04754
seqneut25to26_sera_0040,A/Philippines/SARI25-1425/2025_H1N1,plate16-2-A/Philippines/SARI25-1425/2025_H1N1,92,0.298,0.298
seqneut25to26_sera_0040,A/Philippines/SARI25-1425/2025_H1N1,plate16-2-A/Philippines/SARI25-1425/2025_H1N1,212,0.6476,0.6476
seqneut25to26_sera_0040,A/Philippines/SARI25-1425/2025_H1N1,plate16-2-A/Philippines/SARI25-1425/2025_H1N1,487,0.7164,0.7164
seqneut25to26_sera_0040,A/Philippines/SARI25-1425/2025_H1N1,plate16-2-A/Philippines/SARI25-1425/2025_H1N1,1119,0.9155,0.9155
seqneut25to26_sera_0040,A/Philippines/SARI25-1425/2025_H1N1,plate16-2-A/Philippines/SARI25-1425/2025_H1N1,2575,1.098,1
seqneut25to26_sera_0040,A/Philippines/SARI25-1425/2025_H1N1,plate16-2-A/Philippines/SARI25-1425/2025_H1N1,5921,1.012,1
seqneut25to26_sera_0040,A/Philippines/SARI25-1425/2025_H1N1,plate16-2-A/Philippines/SARI25-1425/2025_H1N1,1.362e+04,0.8822,0.8822
seqneut25to26_sera_0040,A/Queensland/2526516675/2025_H3N2,plate16-2-A/Queensland/2526516675/2025_H3N2,40,0.112,0.112
seqneut25to26_sera_0040,A/Queensland/2526516675/2025_H3N2,plate16-2-A/Queensland/2526516675/2025_H3N2,92,0.2232,0.2232
seqneut25to26_sera_0040,A/Queensland/2526516675/2025_H3N2,plate16-2-A/Queensland/2526516675/2025_H3N2,212,0.4938,0.4938
seqneut25to26_sera_0040,A/Queensland/2526516675/2025_H3N2,plate16-2-A/Queensland/2526516675/2025_H3N2,487,0.4808,0.4808
seqneut25to26_sera_0040,A/Queensland/2526516675/2025_H3N2,plate16-2-A/Queensland/2526516675/2025_H3N2,1119,0.7649,0.7649
seqneut25to26_sera_0040,A/Queensland/2526516675/2025_H3N2,plate16-2-A/Queensland/2526516675/2025_H3N2,2575,0.9647,0.9647
seqneut25to26_sera_0040,A/Queensland/2526516675/2025_H3N2,plate16-2-A/Queensland/2526516675/2025_H3N2,5921,1.084,1
seqneut25to26_sera_0040,A/Queensland/2526516675/2025_H3N2,plate16-2-A/Queensland/2526516675/2025_H3N2,1.362e+04,0.9073,0.9073
seqneut25to26_sera_0040,A/SouthAfrica/PET37604/2025_H3N2,plate16-2-A/SouthAfrica/PET37604/2025_H3N2,40,0.04247,0.04247
seqneut25to26_sera_0040,A/SouthAfrica/PET37604/2025_H3N2,plate16-2-A/SouthAfrica/PET37604/2025_H3N2,92,0.2909,0.2909
seqneut25to26_sera_0040,A/SouthAfrica/PET37604/2025_H3N2,plate16-2-A/SouthAfrica/PET37604/2025_H3N2,212,0.4247,0.4247
seqneut25to26_sera_0040,A/SouthAfrica/PET37604/2025_H3N2,plate16-2-A/SouthAfrica/PET37604/2025_H3N2,487,0.49,0.49
seqneut25to26_sera_0040,A/SouthAfrica/PET37604/2025_H3N2,plate16-2-A/SouthAfrica/PET37604/2025_H3N2,1119,0.547,0.547
seqneut25to26_sera_0040,A/SouthAfrica/PET37604/2025_H3N2,plate16-2-A/SouthAfrica/PET37604/2025_H3N2,2575,0.9453,0.9453
seqneut25to26_sera_0040,A/SouthAfrica/PET37604/2025_H3N2,plate16-2-A/SouthAfrica/PET37604/2025_H3N2,5921,1.344,1
seqneut25to26_sera_0040,A/SouthAfrica/PET37604/2025_H3N2,plate16-2-A/SouthAfrica/PET37604/2025_H3N2,1.362e+04,0.6474,0.6474
seqneut25to26_sera_0040,A/SouthAfrica/PET37625/2025_H3N2,plate16-2-A/SouthAfrica/PET37625/2025_H3N2,40,0.1598,0.1598
seqneut25to26_sera_0040,A/SouthAfrica/PET37625/2025_H3N2,plate16-2-A/SouthAfrica/PET37625/2025_H3N2,92,0.2393,0.2393
seqneut25to26_sera_0040,A/SouthAfrica/PET37625/2025_H3N2,plate16-2-A/SouthAfrica/PET37625/2025_H3N2,212,0.2888,0.2888
seqneut25to26_sera_0040,A/SouthAfrica/PET37625/2025_H3N2,plate16-2-A/SouthAfrica/PET37625/2025_H3N2,487,0.6112,0.6112
seqneut25to26_sera_0040,A/SouthAfrica/PET37625/2025_H3N2,plate16-2-A/SouthAfrica/PET37625/2025_H3N2,1119,0.5209,0.5209
seqneut25to26_sera_0040,A/SouthAfrica/PET37625/2025_H3N2,plate16-2-A/SouthAfrica/PET37625/2025_H3N2,2575,0.9911,0.9911
seqneut25to26_sera_0040,A/SouthAfrica/PET37625/2025_H3N2,plate16-2-A/SouthAfrica/PET37625/2025_H3N2,5921,0.7426,0.7426
seqneut25to26_sera_0040,A/SouthAfrica/PET37625/2025_H3N2,plate16-2-A/SouthAfrica/PET37625/2025_H3N2,1.362e+04,0.7685,0.7685
seqneut25to26_sera_0040,A/SouthAustralia/2519001037/2025_H1N1,plate16-2-A/SouthAustralia/2519001037/2025_H1N1,40,0.0129,0.0129
seqneut25to26_sera_0040,A/SouthAustralia/2519001037/2025_H1N1,plate16-2-A/SouthAustralia/2519001037/2025_H1N1,92,0.2996,0.2996
seqneut25to26_sera_0040,A/SouthAustralia/2519001037/2025_H1N1,plate16-2-A/SouthAustralia/2519001037/2025_H1N1,212,0.7147,0.7147
seqneut25to26_sera_0040,A/SouthAustralia/2519001037/2025_H1N1,plate16-2-A/SouthAustralia/2519001037/2025_H1N1,487,0.6673,0.6673
seqneut25to26_sera_0040,A/SouthAustralia/2519001037/2025_H1N1,plate16-2-A/SouthAustralia/2519001037/2025_H1N1,1119,0.969,0.969
seqneut25to26_sera_0040,A/SouthAustralia/2519001037/2025_H1N1,plate16-2-A/SouthAustralia/2519001037/2025_H1N1,2575,1.075,1
seqneut25to26_sera_0040,A/SouthAustralia/2519001037/2025_H1N1,plate16-2-A/SouthAustralia/2519001037/2025_H1N1,5921,1.041,1
seqneut25to26_sera_0040,A/SouthAustralia/2519001037/2025_H1N1,plate16-2-A/SouthAustralia/2519001037/2025_H1N1,1.362e+04,0.865,0.865
seqneut25to26_sera_0040,A/SouthAustralia/2520702747/2025_H1N1,plate16-2-A/SouthAustralia/2520702747/2025_H1N1,40,0.008485,0.008485
seqneut25to26_sera_0040,A/SouthAustralia/2520702747/2025_H1N1,plate16-2-A/SouthAustralia/2520702747/2025_H1N1,92,0.2218,0.2218
seqneut25to26_sera_0040,A/SouthAustralia/2520702747/2025_H1N1,plate16-2-A/SouthAustralia/2520702747/2025_H1N1,212,0.568,0.568
seqneut25to26_sera_0040,A/SouthAustralia/2520702747/2025_H1N1,plate16-2-A/SouthAustralia/2520702747/2025_H1N1,487,0.7458,0.7458
seqneut25to26_sera_0040,A/SouthAustralia/2520702747/2025_H1N1,plate16-2-A/SouthAustralia/2520702747/2025_H1N1,1119,1.062,1
seqneut25to26_sera_0040,A/SouthAustralia/2520702747/2025_H1N1,plate16-2-A/SouthAustralia/2520702747/2025_H1N1,2575,1.041,1
seqneut25to26_sera_0040,A/SouthAustralia/2520702747/2025_H1N1,plate16-2-A/SouthAustralia/2520702747/2025_H1N1,5921,1.116,1
seqneut25to26_sera_0040,A/SouthAustralia/2520702747/2025_H1N1,plate16-2-A/SouthAustralia/2520702747/2025_H1N1,1.362e+04,0.6477,0.6477
seqneut25to26_sera_0040,A/SouthAustralia/2523012764/2025_H1N1,plate16-2-A/SouthAustralia/2523012764/2025_H1N1,40,0.01795,0.01795
seqneut25to26_sera_0040,A/SouthAustralia/2523012764/2025_H1N1,plate16-2-A/SouthAustralia/2523012764/2025_H1N1,92,0.1811,0.1811
seqneut25to26_sera_0040,A/SouthAustralia/2523012764/2025_H1N1,plate16-2-A/SouthAustralia/2523012764/2025_H1N1,212,0.4672,0.4672
seqneut25to26_sera_0040,A/SouthAustralia/2523012764/2025_H1N1,plate16-2-A/SouthAustralia/2523012764/2025_H1N1,487,0.5852,0.5852
seqneut25to26_sera_0040,A/SouthAustralia/2523012764/2025_H1N1,plate16-2-A/SouthAustralia/2523012764/2025_H1N1,1119,0.9202,0.9202
seqneut25to26_sera_0040,A/SouthAustralia/2523012764/2025_H1N1,plate16-2-A/SouthAustralia/2523012764/2025_H1N1,2575,1.535,1
seqneut25to26_sera_0040,A/SouthAustralia/2523012764/2025_H1N1,plate16-2-A/SouthAustralia/2523012764/2025_H1N1,5921,1.587,1
seqneut25to26_sera_0040,A/SouthAustralia/2523012764/2025_H1N1,plate16-2-A/SouthAustralia/2523012764/2025_H1N1,1.362e+04,0.7001,0.7001
seqneut25to26_sera_0040,A/SouthAustralia/2523812314/2025_H3N2,plate16-2-A/SouthAustralia/2523812314/2025_H3N2,40,0.128,0.128
seqneut25to26_sera_0040,A/SouthAustralia/2523812314/2025_H3N2,plate16-2-A/SouthAustralia/2523812314/2025_H3N2,92,0.3272,0.3272
seqneut25to26_sera_0040,A/SouthAustralia/2523812314/2025_H3N2,plate16-2-A/SouthAustralia/2523812314/2025_H3N2,212,0.4878,0.4878
seqneut25to26_sera_0040,A/SouthAustralia/2523812314/2025_H3N2,plate16-2-A/SouthAustralia/2523812314/2025_H3N2,487,0.4867,0.4867
seqneut25to26_sera_0040,A/SouthAustralia/2523812314/2025_H3N2,plate16-2-A/SouthAustralia/2523812314/2025_H3N2,1119,0.5798,0.5798
seqneut25to26_sera_0040,A/SouthAustralia/2523812314/2025_H3N2,plate16-2-A/SouthAustralia/2523812314/2025_H3N2,2575,0.8066,0.8066
seqneut25to26_sera_0040,A/SouthAustralia/2523812314/2025_H3N2,plate16-2-A/SouthAustralia/2523812314/2025_H3N2,5921,1.302,1
seqneut25to26_sera_0040,A/SouthAustralia/2523812314/2025_H3N2,plate16-2-A/SouthAustralia/2523812314/2025_H3N2,1.362e+04,0.7043,0.7043
seqneut25to26_sera_0040,A/SouthAustralia/2524408801/2025_H3N2,plate16-2-A/SouthAustralia/2524408801/2025_H3N2,40,0.1689,0.1689
seqneut25to26_sera_0040,A/SouthAustralia/2524408801/2025_H3N2,plate16-2-A/SouthAustralia/2524408801/2025_H3N2,92,0.3933,0.3933
seqneut25to26_sera_0040,A/SouthAustralia/2524408801/2025_H3N2,plate16-2-A/SouthAustralia/2524408801/2025_H3N2,212,0.4575,0.4575
seqneut25to26_sera_0040,A/SouthAustralia/2524408801/2025_H3N2,plate16-2-A/SouthAustralia/2524408801/2025_H3N2,487,0.5156,0.5156
seqneut25to26_sera_0040,A/SouthAustralia/2524408801/2025_H3N2,plate16-2-A/SouthAustralia/2524408801/2025_H3N2,1119,0.7182,0.7182
seqneut25to26_sera_0040,A/SouthAustralia/2524408801/2025_H3N2,plate16-2-A/SouthAustralia/2524408801/2025_H3N2,2575,0.9443,0.9443
seqneut25to26_sera_0040,A/SouthAustralia/2524408801/2025_H3N2,plate16-2-A/SouthAustralia/2524408801/2025_H3N2,5921,1.034,1
seqneut25to26_sera_0040,A/SouthAustralia/2524408801/2025_H3N2,plate16-2-A/SouthAustralia/2524408801/2025_H3N2,1.362e+04,0.9164,0.9164
seqneut25to26_sera_0040,A/SouthAustralia/2524712956/2025_H1N1,plate16-2-A/SouthAustralia/2524712956/2025_H1N1,40,0.01437,0.01437
seqneut25to26_sera_0040,A/SouthAustralia/2524712956/2025_H1N1,plate16-2-A/SouthAustralia/2524712956/2025_H1N1,92,0.1921,0.1921
seqneut25to26_sera_0040,A/SouthAustralia/2524712956/2025_H1N1,plate16-2-A/SouthAustralia/2524712956/2025_H1N1,212,0.4902,0.4902
seqneut25to26_sera_0040,A/SouthAustralia/2524712956/2025_H1N1,plate16-2-A/SouthAustralia/2524712956/2025_H1N1,487,0.6587,0.6587
seqneut25to26_sera_0040,A/SouthAustralia/2524712956/2025_H1N1,plate16-2-A/SouthAustralia/2524712956/2025_H1N1,1119,1.012,1
seqneut25to26_sera_0040,A/SouthAustralia/2524712956/2025_H1N1,plate16-2-A/SouthAustralia/2524712956/2025_H1N1,2575,1.044,1
seqneut25to26_sera_0040,A/SouthAustralia/2524712956/2025_H1N1,plate16-2-A/SouthAustralia/2524712956/2025_H1N1,5921,1.199,1
seqneut25to26_sera_0040,A/SouthAustralia/2524712956/2025_H1N1,plate16-2-A/SouthAustralia/2524712956/2025_H1N1,1.362e+04,0.715,0.715
seqneut25to26_sera_0040,A/SouthAustralia/2525607496/2025_H3N2,plate16-2-A/SouthAustralia/2525607496/2025_H3N2,40,0.01331,0.01331
seqneut25to26_sera_0040,A/SouthAustralia/2525607496/2025_H3N2,plate16-2-A/SouthAustralia/2525607496/2025_H3N2,92,0.3363,0.3363
seqneut25to26_sera_0040,A/SouthAustralia/2525607496/2025_H3N2,plate16-2-A/SouthAustralia/2525607496/2025_H3N2,212,0.4066,0.4066
seqneut25to26_sera_0040,A/SouthAustralia/2525607496/2025_H3N2,plate16-2-A/SouthAustralia/2525607496/2025_H3N2,487,0.5862,0.5862
seqneut25to26_sera_0040,A/SouthAustralia/2525607496/2025_H3N2,plate16-2-A/SouthAustralia/2525607496/2025_H3N2,1119,0.5914,0.5914
seqneut25to26_sera_0040,A/SouthAustralia/2525607496/2025_H3N2,plate16-2-A/SouthAustralia/2525607496/2025_H3N2,2575,0.8565,0.8565
seqneut25to26_sera_0040,A/SouthAustralia/2525607496/2025_H3N2,plate16-2-A/SouthAustralia/2525607496/2025_H3N2,5921,1.028,1
seqneut25to26_sera_0040,A/SouthAustralia/2525607496/2025_H3N2,plate16-2-A/SouthAustralia/2525607496/2025_H3N2,1.362e+04,0.8397,0.8397
seqneut25to26_sera_0040,A/SouthAustralia/2527003588/2025_H3N2,plate16-2-A/SouthAustralia/2527003588/2025_H3N2,40,0.2781,0.2781
seqneut25to26_sera_0040,A/SouthAustralia/2527003588/2025_H3N2,plate16-2-A/SouthAustralia/2527003588/2025_H3N2,92,0.4744,0.4744
seqneut25to26_sera_0040,A/SouthAustralia/2527003588/2025_H3N2,plate16-2-A/SouthAustralia/2527003588/2025_H3N2,212,0.4611,0.4611
seqneut25to26_sera_0040,A/SouthAustralia/2527003588/2025_H3N2,plate16-2-A/SouthAustralia/2527003588/2025_H3N2,487,0.6556,0.6556
seqneut25to26_sera_0040,A/SouthAustralia/2527003588/2025_H3N2,plate16-2-A/SouthAustralia/2527003588/2025_H3N2,1119,0.8726,0.8726
seqneut25to26_sera_0040,A/SouthAustralia/2527003588/2025_H3N2,plate16-2-A/SouthAustralia/2527003588/2025_H3N2,2575,0.9476,0.9476
seqneut25to26_sera_0040,A/SouthAustralia/2527003588/2025_H3N2,plate16-2-A/SouthAustralia/2527003588/2025_H3N2,5921,1.252,1
seqneut25to26_sera_0040,A/SouthAustralia/2527003588/2025_H3N2,plate16-2-A/SouthAustralia/2527003588/2025_H3N2,1.362e+04,0.915,0.915
seqneut25to26_sera_0040,A/SouthAustralia/2527213276/2025_H3N2,plate16-2-A/SouthAustralia/2527213276/2025_H3N2,40,0.03919,0.03919
seqneut25to26_sera_0040,A/SouthAustralia/2527213276/2025_H3N2,plate16-2-A/SouthAustralia/2527213276/2025_H3N2,92,0.08179,0.08179
seqneut25to26_sera_0040,A/SouthAustralia/2527213276/2025_H3N2,plate16-2-A/SouthAustralia/2527213276/2025_H3N2,212,0.2188,0.2188
seqneut25to26_sera_0040,A/SouthAustralia/2527213276/2025_H3N2,plate16-2-A/SouthAustralia/2527213276/2025_H3N2,487,0.378,0.378
seqneut25to26_sera_0040,A/SouthAustralia/2527213276/2025_H3N2,plate16-2-A/SouthAustralia/2527213276/2025_H3N2,1119,0.7518,0.7518
seqneut25to26_sera_0040,A/SouthAustralia/2527213276/2025_H3N2,plate16-2-A/SouthAustralia/2527213276/2025_H3N2,2575,0.4086,0.4086
seqneut25to26_sera_0040,A/SouthAustralia/2527213276/2025_H3N2,plate16-2-A/SouthAustralia/2527213276/2025_H3N2,5921,1.317,1
seqneut25to26_sera_0040,A/SouthAustralia/2527213276/2025_H3N2,plate16-2-A/SouthAustralia/2527213276/2025_H3N2,1.362e+04,0.9647,0.9647
seqneut25to26_sera_0040,A/SouthAustralia/2527612456/2025_H1N1,plate16-2-A/SouthAustralia/2527612456/2025_H1N1,40,0.03443,0.03443
seqneut25to26_sera_0040,A/SouthAustralia/2527612456/2025_H1N1,plate16-2-A/SouthAustralia/2527612456/2025_H1N1,92,0.5544,0.5544
seqneut25to26_sera_0040,A/SouthAustralia/2527612456/2025_H1N1,plate16-2-A/SouthAustralia/2527612456/2025_H1N1,212,0.669,0.669
seqneut25to26_sera_0040,A/SouthAustralia/2527612456/2025_H1N1,plate16-2-A/SouthAustralia/2527612456/2025_H1N1,487,0.8097,0.8097
seqneut25to26_sera_0040,A/SouthAustralia/2527612456/2025_H1N1,plate16-2-A/SouthAustralia/2527612456/2025_H1N1,1119,1.018,1
seqneut25to26_sera_0040,A/SouthAustralia/2527612456/2025_H1N1,plate16-2-A/SouthAustralia/2527612456/2025_H1N1,2575,1.139,1
seqneut25to26_sera_0040,A/SouthAustralia/2527612456/2025_H1N1,plate16-2-A/SouthAustralia/2527612456/2025_H1N1,5921,1.408,1
seqneut25to26_sera_0040,A/SouthAustralia/2527612456/2025_H1N1,plate16-2-A/SouthAustralia/2527612456/2025_H1N1,1.362e+04,0.8367,0.8367
seqneut25to26_sera_0040,A/SouthAustralia/2527902708/2025_H3N2,plate16-2-A/SouthAustralia/2527902708/2025_H3N2,40,0.1512,0.1512
seqneut25to26_sera_0040,A/SouthAustralia/2527902708/2025_H3N2,plate16-2-A/SouthAustralia/2527902708/2025_H3N2,92,0.2892,0.2892
seqneut25to26_sera_0040,A/SouthAustralia/2527902708/2025_H3N2,plate16-2-A/SouthAustralia/2527902708/2025_H3N2,212,0.3677,0.3677
seqneut25to26_sera_0040,A/SouthAustralia/2527902708/2025_H3N2,plate16-2-A/SouthAustralia/2527902708/2025_H3N2,487,1.201,1
seqneut25to26_sera_0040,A/SouthAustralia/2527902708/2025_H3N2,plate16-2-A/SouthAustralia/2527902708/2025_H3N2,1119,1.383,1
seqneut25to26_sera_0040,A/SouthAustralia/2527902708/2025_H3N2,plate16-2-A/SouthAustralia/2527902708/2025_H3N2,2575,1.109,1
seqneut25to26_sera_0040,A/SouthAustralia/2527902708/2025_H3N2,plate16-2-A/SouthAustralia/2527902708/2025_H3N2,5921,1.21,1
seqneut25to26_sera_0040,A/SouthAustralia/2527902708/2025_H3N2,plate16-2-A/SouthAustralia/2527902708/2025_H3N2,1.362e+04,0.6344,0.6344
seqneut25to26_sera_0040,A/Sydney/1359/2024_H3N2,plate16-2-A/Sydney/1359/2024_H3N2,40,0.1187,0.1187
seqneut25to26_sera_0040,A/Sydney/1359/2024_H3N2,plate16-2-A/Sydney/1359/2024_H3N2,92,0.1898,0.1898
seqneut25to26_sera_0040,A/Sydney/1359/2024_H3N2,plate16-2-A/Sydney/1359/2024_H3N2,212,0.4618,0.4618
seqneut25to26_sera_0040,A/Sydney/1359/2024_H3N2,plate16-2-A/Sydney/1359/2024_H3N2,487,0.6297,0.6297
seqneut25to26_sera_0040,A/Sydney/1359/2024_H3N2,plate16-2-A/Sydney/1359/2024_H3N2,1119,0.6267,0.6267
seqneut25to26_sera_0040,A/Sydney/1359/2024_H3N2,plate16-2-A/Sydney/1359/2024_H3N2,2575,1.125,1
seqneut25to26_sera_0040,A/Sydney/1359/2024_H3N2,plate16-2-A/Sydney/1359/2024_H3N2,5921,1.174,1
seqneut25to26_sera_0040,A/Sydney/1359/2024_H3N2,plate16-2-A/Sydney/1359/2024_H3N2,1.362e+04,0.8195,0.8195
seqneut25to26_sera_0040,A/Sydney/400/2025_H1N1,plate16-2-A/Sydney/400/2025_H1N1,40,0.03734,0.03734
seqneut25to26_sera_0040,A/Sydney/400/2025_H1N1,plate16-2-A/Sydney/400/2025_H1N1,92,0.2326,0.2326
seqneut25to26_sera_0040,A/Sydney/400/2025_H1N1,plate16-2-A/Sydney/400/2025_H1N1,212,0.6408,0.6408
seqneut25to26_sera_0040,A/Sydney/400/2025_H1N1,plate16-2-A/Sydney/400/2025_H1N1,487,0.7858,0.7858
seqneut25to26_sera_0040,A/Sydney/400/2025_H1N1,plate16-2-A/Sydney/400/2025_H1N1,1119,0.9984,0.9984
seqneut25to26_sera_0040,A/Sydney/400/2025_H1N1,plate16-2-A/Sydney/400/2025_H1N1,2575,0.9189,0.9189
seqneut25to26_sera_0040,A/Sydney/400/2025_H1N1,plate16-2-A/Sydney/400/2025_H1N1,5921,0.9448,0.9448
seqneut25to26_sera_0040,A/Sydney/400/2025_H1N1,plate16-2-A/Sydney/400/2025_H1N1,1.362e+04,0.7806,0.7806
seqneut25to26_sera_0040,A/Tasmania/2521815682/2025_H3N2,plate16-2-A/Tasmania/2521815682/2025_H3N2,40,0.2796,0.2796
seqneut25to26_sera_0040,A/Tasmania/2521815682/2025_H3N2,plate16-2-A/Tasmania/2521815682/2025_H3N2,92,0.279,0.279
seqneut25to26_sera_0040,A/Tasmania/2521815682/2025_H3N2,plate16-2-A/Tasmania/2521815682/2025_H3N2,212,0.5384,0.5384
seqneut25to26_sera_0040,A/Tasmania/2521815682/2025_H3N2,plate16-2-A/Tasmania/2521815682/2025_H3N2,487,0.4224,0.4224
seqneut25to26_sera_0040,A/Tasmania/2521815682/2025_H3N2,plate16-2-A/Tasmania/2521815682/2025_H3N2,1119,0.8699,0.8699
seqneut25to26_sera_0040,A/Tasmania/2521815682/2025_H3N2,plate16-2-A/Tasmania/2521815682/2025_H3N2,2575,0.6572,0.6572
seqneut25to26_sera_0040,A/Tasmania/2521815682/2025_H3N2,plate16-2-A/Tasmania/2521815682/2025_H3N2,5921,1.035,1
seqneut25to26_sera_0040,A/Tasmania/2521815682/2025_H3N2,plate16-2-A/Tasmania/2521815682/2025_H3N2,1.362e+04,0.7603,0.7603
seqneut25to26_sera_0040,A/Thailand/8/2022_H3N2,plate16-2-A/Thailand/8/2022_H3N2,40,0.05494,0.05494
seqneut25to26_sera_0040,A/Thailand/8/2022_H3N2,plate16-2-A/Thailand/8/2022_H3N2,92,0.2099,0.2099
seqneut25to26_sera_0040,A/Thailand/8/2022_H3N2,plate16-2-A/Thailand/8/2022_H3N2,212,0.3568,0.3568
seqneut25to26_sera_0040,A/Thailand/8/2022_H3N2,plate16-2-A/Thailand/8/2022_H3N2,487,0.6285,0.6285
seqneut25to26_sera_0040,A/Thailand/8/2022_H3N2,plate16-2-A/Thailand/8/2022_H3N2,1119,0.5923,0.5923
seqneut25to26_sera_0040,A/Thailand/8/2022_H3N2,plate16-2-A/Thailand/8/2022_H3N2,2575,0.5816,0.5816
seqneut25to26_sera_0040,A/Thailand/8/2022_H3N2,plate16-2-A/Thailand/8/2022_H3N2,5921,0.8173,0.8173
seqneut25to26_sera_0040,A/Thailand/8/2022_H3N2,plate16-2-A/Thailand/8/2022_H3N2,1.362e+04,0.7266,0.7266
seqneut25to26_sera_0040,A/Vermont/73/2025_H3N2,plate16-2-A/Vermont/73/2025_H3N2,40,0.07095,0.07095
seqneut25to26_sera_0040,A/Vermont/73/2025_H3N2,plate16-2-A/Vermont/73/2025_H3N2,92,0.2795,0.2795
seqneut25to26_sera_0040,A/Vermont/73/2025_H3N2,plate16-2-A/Vermont/73/2025_H3N2,212,0.7165,0.7165
seqneut25to26_sera_0040,A/Vermont/73/2025_H3N2,plate16-2-A/Vermont/73/2025_H3N2,487,0.4157,0.4157
seqneut25to26_sera_0040,A/Vermont/73/2025_H3N2,plate16-2-A/Vermont/73/2025_H3N2,1119,0.6009,0.6009
seqneut25to26_sera_0040,A/Vermont/73/2025_H3N2,plate16-2-A/Vermont/73/2025_H3N2,2575,0.78,0.78
seqneut25to26_sera_0040,A/Vermont/73/2025_H3N2,plate16-2-A/Vermont/73/2025_H3N2,5921,0.7935,0.7935
seqneut25to26_sera_0040,A/Vermont/73/2025_H3N2,plate16-2-A/Vermont/73/2025_H3N2,1.362e+04,0.9295,0.9295
seqneut25to26_sera_0040,A/Victoria/4897/2022_IVR-238_H1N1,plate16-2-A/Victoria/4897/2022_IVR-238_H1N1,40,0.0005097,0.0005097
seqneut25to26_sera_0040,A/Victoria/4897/2022_IVR-238_H1N1,plate16-2-A/Victoria/4897/2022_IVR-238_H1N1,92,0.000464,0.000464
seqneut25to26_sera_0040,A/Victoria/4897/2022_IVR-238_H1N1,plate16-2-A/Victoria/4897/2022_IVR-238_H1N1,212,0.0005674,0.0005674
seqneut25to26_sera_0040,A/Victoria/4897/2022_IVR-238_H1N1,plate16-2-A/Victoria/4897/2022_IVR-238_H1N1,487,0.002351,0.002351
seqneut25to26_sera_0040,A/Victoria/4897/2022_IVR-238_H1N1,plate16-2-A/Victoria/4897/2022_IVR-238_H1N1,1119,0.1226,0.1226
seqneut25to26_sera_0040,A/Victoria/4897/2022_IVR-238_H1N1,plate16-2-A/Victoria/4897/2022_IVR-238_H1N1,2575,0.5119,0.5119
seqneut25to26_sera_0040,A/Victoria/4897/2022_IVR-238_H1N1,plate16-2-A/Victoria/4897/2022_IVR-238_H1N1,5921,0.894,0.894
seqneut25to26_sera_0040,A/Victoria/4897/2022_IVR-238_H1N1,plate16-2-A/Victoria/4897/2022_IVR-238_H1N1,1.362e+04,0.5183,0.5183
seqneut25to26_sera_0040,A/Wisconsin/588/2019_H1N1,plate16-2-A/Wisconsin/588/2019_H1N1,40,0.01258,0.01258
seqneut25to26_sera_0040,A/Wisconsin/588/2019_H1N1,plate16-2-A/Wisconsin/588/2019_H1N1,92,0.2782,0.2782
seqneut25to26_sera_0040,A/Wisconsin/588/2019_H1N1,plate16-2-A/Wisconsin/588/2019_H1N1,212,0.4887,0.4887
seqneut25to26_sera_0040,A/Wisconsin/588/2019_H1N1,plate16-2-A/Wisconsin/588/2019_H1N1,487,0.8996,0.8996
seqneut25to26_sera_0040,A/Wisconsin/588/2019_H1N1,plate16-2-A/Wisconsin/588/2019_H1N1,1119,0.7823,0.7823
seqneut25to26_sera_0040,A/Wisconsin/588/2019_H1N1,plate16-2-A/Wisconsin/588/2019_H1N1,2575,0.832,0.832
seqneut25to26_sera_0040,A/Wisconsin/588/2019_H1N1,plate16-2-A/Wisconsin/588/2019_H1N1,5921,1.576,1
seqneut25to26_sera_0040,A/Wisconsin/588/2019_H1N1,plate16-2-A/Wisconsin/588/2019_H1N1,1.362e+04,0.9088,0.9088
seqneut25to26_sera_0040,A/Wisconsin/67/2022_H1N1,plate16-2-A/Wisconsin/67/2022_H1N1,40,0.008782,0.008782
seqneut25to26_sera_0040,A/Wisconsin/67/2022_H1N1,plate16-2-A/Wisconsin/67/2022_H1N1,92,0.1766,0.1766
seqneut25to26_sera_0040,A/Wisconsin/67/2022_H1N1,plate16-2-A/Wisconsin/67/2022_H1N1,212,0.5005,0.5005
seqneut25to26_sera_0040,A/Wisconsin/67/2022_H1N1,plate16-2-A/Wisconsin/67/2022_H1N1,487,0.5775,0.5775
seqneut25to26_sera_0040,A/Wisconsin/67/2022_H1N1,plate16-2-A/Wisconsin/67/2022_H1N1,1119,1.251,1
seqneut25to26_sera_0040,A/Wisconsin/67/2022_H1N1,plate16-2-A/Wisconsin/67/2022_H1N1,2575,1.257,1
seqneut25to26_sera_0040,A/Wisconsin/67/2022_H1N1,plate16-2-A/Wisconsin/67/2022_H1N1,5921,1.371,1
seqneut25to26_sera_0040,A/Wisconsin/67/2022_H1N1,plate16-2-A/Wisconsin/67/2022_H1N1,1.362e+04,0.7959,0.7959
seqneut25to26_sera_0040,A/Zacapa/FLU-261/2025_H1N1,plate16-2-A/Zacapa/FLU-261/2025_H1N1,40,0.01316,0.01316
seqneut25to26_sera_0040,A/Zacapa/FLU-261/2025_H1N1,plate16-2-A/Zacapa/FLU-261/2025_H1N1,92,0.2481,0.2481
seqneut25to26_sera_0040,A/Zacapa/FLU-261/2025_H1N1,plate16-2-A/Zacapa/FLU-261/2025_H1N1,212,0.309,0.309
seqneut25to26_sera_0040,A/Zacapa/FLU-261/2025_H1N1,plate16-2-A/Zacapa/FLU-261/2025_H1N1,487,0.6138,0.6138
seqneut25to26_sera_0040,A/Zacapa/FLU-261/2025_H1N1,plate16-2-A/Zacapa/FLU-261/2025_H1N1,1119,1.219,1
seqneut25to26_sera_0040,A/Zacapa/FLU-261/2025_H1N1,plate16-2-A/Zacapa/FLU-261/2025_H1N1,2575,1.18,1
seqneut25to26_sera_0040,A/Zacapa/FLU-261/2025_H1N1,plate16-2-A/Zacapa/FLU-261/2025_H1N1,5921,1.31,1
seqneut25to26_sera_0040,A/Zacapa/FLU-261/2025_H1N1,plate16-2-A/Zacapa/FLU-261/2025_H1N1,1.362e+04,0.8759,0.8759
seqneut25to26_sera_4009,A/Alagoas/4130/2025_H3N2,plate16-2-A/Alagoas/4130/2025_H3N2,40,0.4681,0.4681
seqneut25to26_sera_4009,A/Alagoas/4130/2025_H3N2,plate16-2-A/Alagoas/4130/2025_H3N2,92,0.4387,0.4387
seqneut25to26_sera_4009,A/Alagoas/4130/2025_H3N2,plate16-2-A/Alagoas/4130/2025_H3N2,212,0.6,0.6
seqneut25to26_sera_4009,A/Alagoas/4130/2025_H3N2,plate16-2-A/Alagoas/4130/2025_H3N2,487,0.5876,0.5876
seqneut25to26_sera_4009,A/Alagoas/4130/2025_H3N2,plate16-2-A/Alagoas/4130/2025_H3N2,1119,0.8146,0.8146
seqneut25to26_sera_4009,A/Alagoas/4130/2025_H3N2,plate16-2-A/Alagoas/4130/2025_H3N2,2575,0.867,0.867
seqneut25to26_sera_4009,A/Alagoas/4130/2025_H3N2,plate16-2-A/Alagoas/4130/2025_H3N2,5921,1.246,1
seqneut25to26_sera_4009,A/Alagoas/4130/2025_H3N2,plate16-2-A/Alagoas/4130/2025_H3N2,1.362e+04,0.9125,0.9125
seqneut25to26_sera_4009,A/Anapolis/LEIAL6543/2025_H3N2,plate16-2-A/Anapolis/LEIAL6543/2025_H3N2,40,0.2516,0.2516
seqneut25to26_sera_4009,A/Anapolis/LEIAL6543/2025_H3N2,plate16-2-A/Anapolis/LEIAL6543/2025_H3N2,92,0.5576,0.5576
seqneut25to26_sera_4009,A/Anapolis/LEIAL6543/2025_H3N2,plate16-2-A/Anapolis/LEIAL6543/2025_H3N2,212,0.4042,0.4042
seqneut25to26_sera_4009,A/Anapolis/LEIAL6543/2025_H3N2,plate16-2-A/Anapolis/LEIAL6543/2025_H3N2,487,0.5697,0.5697
seqneut25to26_sera_4009,A/Anapolis/LEIAL6543/2025_H3N2,plate16-2-A/Anapolis/LEIAL6543/2025_H3N2,1119,0.4442,0.4442
seqneut25to26_sera_4009,A/Anapolis/LEIAL6543/2025_H3N2,plate16-2-A/Anapolis/LEIAL6543/2025_H3N2,2575,0.7382,0.7382
seqneut25to26_sera_4009,A/Anapolis/LEIAL6543/2025_H3N2,plate16-2-A/Anapolis/LEIAL6543/2025_H3N2,5921,1.132,1
seqneut25to26_sera_4009,A/Anapolis/LEIAL6543/2025_H3N2,plate16-2-A/Anapolis/LEIAL6543/2025_H3N2,1.362e+04,0.9679,0.9679
seqneut25to26_sera_4009,A/Andalucia/PMC-00977/2025_H1N1,plate16-2-A/Andalucia/PMC-00977/2025_H1N1,40,0.0006409,0.0006409
seqneut25to26_sera_4009,A/Andalucia/PMC-00977/2025_H1N1,plate16-2-A/Andalucia/PMC-00977/2025_H1N1,92,0.09562,0.09562
seqneut25to26_sera_4009,A/Andalucia/PMC-00977/2025_H1N1,plate16-2-A/Andalucia/PMC-00977/2025_H1N1,212,0.5683,0.5683
seqneut25to26_sera_4009,A/Andalucia/PMC-00977/2025_H1N1,plate16-2-A/Andalucia/PMC-00977/2025_H1N1,487,0.8083,0.8083
seqneut25to26_sera_4009,A/Andalucia/PMC-00977/2025_H1N1,plate16-2-A/Andalucia/PMC-00977/2025_H1N1,1119,0.6921,0.6921
seqneut25to26_sera_4009,A/Andalucia/PMC-00977/2025_H1N1,plate16-2-A/Andalucia/PMC-00977/2025_H1N1,2575,0.9662,0.9662
seqneut25to26_sera_4009,A/Andalucia/PMC-00977/2025_H1N1,plate16-2-A/Andalucia/PMC-00977/2025_H1N1,5921,1.025,1
seqneut25to26_sera_4009,A/Andalucia/PMC-00977/2025_H1N1,plate16-2-A/Andalucia/PMC-00977/2025_H1N1,1.362e+04,0.8018,0.8018
seqneut25to26_sera_4009,A/Aragon/2046/2025_H1N1,plate16-2-A/Aragon/2046/2025_H1N1,40,0.0005324,0.0005324
seqneut25to26_sera_4009,A/Aragon/2046/2025_H1N1,plate16-2-A/Aragon/2046/2025_H1N1,92,0.04365,0.04365
seqneut25to26_sera_4009,A/Aragon/2046/2025_H1N1,plate16-2-A/Aragon/2046/2025_H1N1,212,0.4767,0.4767
seqneut25to26_sera_4009,A/Aragon/2046/2025_H1N1,plate16-2-A/Aragon/2046/2025_H1N1,487,0.7501,0.7501
seqneut25to26_sera_4009,A/Aragon/2046/2025_H1N1,plate16-2-A/Aragon/2046/2025_H1N1,1119,0.8515,0.8515
seqneut25to26_sera_4009,A/Aragon/2046/2025_H1N1,plate16-2-A/Aragon/2046/2025_H1N1,2575,0.8237,0.8237
seqneut25to26_sera_4009,A/Aragon/2046/2025_H1N1,plate16-2-A/Aragon/2046/2025_H1N1,5921,1.255,1
seqneut25to26_sera_4009,A/Aragon/2046/2025_H1N1,plate16-2-A/Aragon/2046/2025_H1N1,1.362e+04,0.7644,0.7644
seqneut25to26_sera_4009,A/Arica/59150/2025_H3N2,plate16-2-A/Arica/59150/2025_H3N2,40,0.1369,0.1369
seqneut25to26_sera_4009,A/Arica/59150/2025_H3N2,plate16-2-A/Arica/59150/2025_H3N2,92,0.4742,0.4742
seqneut25to26_sera_4009,A/Arica/59150/2025_H3N2,plate16-2-A/Arica/59150/2025_H3N2,212,0.4662,0.4662
seqneut25to26_sera_4009,A/Arica/59150/2025_H3N2,plate16-2-A/Arica/59150/2025_H3N2,487,0.7459,0.7459
seqneut25to26_sera_4009,A/Arica/59150/2025_H3N2,plate16-2-A/Arica/59150/2025_H3N2,1119,1.013,1
seqneut25to26_sera_4009,A/Arica/59150/2025_H3N2,plate16-2-A/Arica/59150/2025_H3N2,2575,0.6979,0.6979
seqneut25to26_sera_4009,A/Arica/59150/2025_H3N2,plate16-2-A/Arica/59150/2025_H3N2,5921,1.083,1
seqneut25to26_sera_4009,A/Arica/59150/2025_H3N2,plate16-2-A/Arica/59150/2025_H3N2,1.362e+04,0.8929,0.8929
seqneut25to26_sera_4009,A/Bahia/3102/2025_H3N2,plate16-2-A/Bahia/3102/2025_H3N2,40,0.1257,0.1257
seqneut25to26_sera_4009,A/Bahia/3102/2025_H3N2,plate16-2-A/Bahia/3102/2025_H3N2,92,0.2517,0.2517
seqneut25to26_sera_4009,A/Bahia/3102/2025_H3N2,plate16-2-A/Bahia/3102/2025_H3N2,212,0.6489,0.6489
seqneut25to26_sera_4009,A/Bahia/3102/2025_H3N2,plate16-2-A/Bahia/3102/2025_H3N2,487,0.6069,0.6069
seqneut25to26_sera_4009,A/Bahia/3102/2025_H3N2,plate16-2-A/Bahia/3102/2025_H3N2,1119,0.4191,0.4191
seqneut25to26_sera_4009,A/Bahia/3102/2025_H3N2,plate16-2-A/Bahia/3102/2025_H3N2,2575,0.8368,0.8368
seqneut25to26_sera_4009,A/Bahia/3102/2025_H3N2,plate16-2-A/Bahia/3102/2025_H3N2,5921,1.371,1
seqneut25to26_sera_4009,A/Bahia/3102/2025_H3N2,plate16-2-A/Bahia/3102/2025_H3N2,1.362e+04,1.205,1
seqneut25to26_sera_4009,A/Bangkok/1803/2025_H1N1,plate16-2-A/Bangkok/1803/2025_H1N1,40,0.005938,0.005938
seqneut25to26_sera_4009,A/Bangkok/1803/2025_H1N1,plate16-2-A/Bangkok/1803/2025_H1N1,92,0.06029,0.06029
seqneut25to26_sera_4009,A/Bangkok/1803/2025_H1N1,plate16-2-A/Bangkok/1803/2025_H1N1,212,1.264,1
seqneut25to26_sera_4009,A/Bangkok/1803/2025_H1N1,plate16-2-A/Bangkok/1803/2025_H1N1,487,0.7021,0.7021
seqneut25to26_sera_4009,A/Bangkok/1803/2025_H1N1,plate16-2-A/Bangkok/1803/2025_H1N1,1119,0.7866,0.7866
seqneut25to26_sera_4009,A/Bangkok/1803/2025_H1N1,plate16-2-A/Bangkok/1803/2025_H1N1,2575,1.058,1
seqneut25to26_sera_4009,A/Bangkok/1803/2025_H1N1,plate16-2-A/Bangkok/1803/2025_H1N1,5921,0.832,0.832
seqneut25to26_sera_4009,A/Bangkok/1803/2025_H1N1,plate16-2-A/Bangkok/1803/2025_H1N1,1.362e+04,0.9027,0.9027
seqneut25to26_sera_4009,A/Bangkok/P2229/2025_H1N1,plate16-2-A/Bangkok/P2229/2025_H1N1,40,0.002494,0.002494
seqneut25to26_sera_4009,A/Bangkok/P2229/2025_H1N1,plate16-2-A/Bangkok/P2229/2025_H1N1,92,0.05598,0.05598
seqneut25to26_sera_4009,A/Bangkok/P2229/2025_H1N1,plate16-2-A/Bangkok/P2229/2025_H1N1,212,0.4204,0.4204
seqneut25to26_sera_4009,A/Bangkok/P2229/2025_H1N1,plate16-2-A/Bangkok/P2229/2025_H1N1,487,0.6091,0.6091
seqneut25to26_sera_4009,A/Bangkok/P2229/2025_H1N1,plate16-2-A/Bangkok/P2229/2025_H1N1,1119,0.8436,0.8436
seqneut25to26_sera_4009,A/Bangkok/P2229/2025_H1N1,plate16-2-A/Bangkok/P2229/2025_H1N1,2575,0.6034,0.6034
seqneut25to26_sera_4009,A/Bangkok/P2229/2025_H1N1,plate16-2-A/Bangkok/P2229/2025_H1N1,5921,1.076,1
seqneut25to26_sera_4009,A/Bangkok/P2229/2025_H1N1,plate16-2-A/Bangkok/P2229/2025_H1N1,1.362e+04,0.76,0.76
seqneut25to26_sera_4009,A/Bangkok/P2323/2025_H3N2,plate16-2-A/Bangkok/P2323/2025_H3N2,40,0.2096,0.2096
seqneut25to26_sera_4009,A/Bangkok/P2323/2025_H3N2,plate16-2-A/Bangkok/P2323/2025_H3N2,92,0.6161,0.6161
seqneut25to26_sera_4009,A/Bangkok/P2323/2025_H3N2,plate16-2-A/Bangkok/P2323/2025_H3N2,212,0.7598,0.7598
seqneut25to26_sera_4009,A/Bangkok/P2323/2025_H3N2,plate16-2-A/Bangkok/P2323/2025_H3N2,487,0.9042,0.9042
seqneut25to26_sera_4009,A/Bangkok/P2323/2025_H3N2,plate16-2-A/Bangkok/P2323/2025_H3N2,1119,0.8201,0.8201
seqneut25to26_sera_4009,A/Bangkok/P2323/2025_H3N2,plate16-2-A/Bangkok/P2323/2025_H3N2,2575,0.8756,0.8756
seqneut25to26_sera_4009,A/Bangkok/P2323/2025_H3N2,plate16-2-A/Bangkok/P2323/2025_H3N2,5921,1.121,1
seqneut25to26_sera_4009,A/Bangkok/P2323/2025_H3N2,plate16-2-A/Bangkok/P2323/2025_H3N2,1.362e+04,1.222,1
seqneut25to26_sera_4009,A/Bangkok/P2390/2025_H3N2,plate16-2-A/Bangkok/P2390/2025_H3N2,40,0.1774,0.1774
seqneut25to26_sera_4009,A/Bangkok/P2390/2025_H3N2,plate16-2-A/Bangkok/P2390/2025_H3N2,92,0.6138,0.6138
seqneut25to26_sera_4009,A/Bangkok/P2390/2025_H3N2,plate16-2-A/Bangkok/P2390/2025_H3N2,212,0.8515,0.8515
seqneut25to26_sera_4009,A/Bangkok/P2390/2025_H3N2,plate16-2-A/Bangkok/P2390/2025_H3N2,487,0.8641,0.8641
seqneut25to26_sera_4009,A/Bangkok/P2390/2025_H3N2,plate16-2-A/Bangkok/P2390/2025_H3N2,1119,0.9199,0.9199
seqneut25to26_sera_4009,A/Bangkok/P2390/2025_H3N2,plate16-2-A/Bangkok/P2390/2025_H3N2,2575,1.231,1
seqneut25to26_sera_4009,A/Bangkok/P2390/2025_H3N2,plate16-2-A/Bangkok/P2390/2025_H3N2,5921,1.247,1
seqneut25to26_sera_4009,A/Bangkok/P2390/2025_H3N2,plate16-2-A/Bangkok/P2390/2025_H3N2,1.362e+04,1.26,1
seqneut25to26_sera_4009,A/Bangkok/P2391/2025_H3N2,plate16-2-A/Bangkok/P2391/2025_H3N2,40,0.347,0.347
seqneut25to26_sera_4009,A/Bangkok/P2391/2025_H3N2,plate16-2-A/Bangkok/P2391/2025_H3N2,92,0.3835,0.3835
seqneut25to26_sera_4009,A/Bangkok/P2391/2025_H3N2,plate16-2-A/Bangkok/P2391/2025_H3N2,212,0.4781,0.4781
seqneut25to26_sera_4009,A/Bangkok/P2391/2025_H3N2,plate16-2-A/Bangkok/P2391/2025_H3N2,487,0.6149,0.6149
seqneut25to26_sera_4009,A/Bangkok/P2391/2025_H3N2,plate16-2-A/Bangkok/P2391/2025_H3N2,1119,0.4147,0.4147
seqneut25to26_sera_4009,A/Bangkok/P2391/2025_H3N2,plate16-2-A/Bangkok/P2391/2025_H3N2,2575,0.6759,0.6759
seqneut25to26_sera_4009,A/Bangkok/P2391/2025_H3N2,plate16-2-A/Bangkok/P2391/2025_H3N2,5921,0.7723,0.7723
seqneut25to26_sera_4009,A/Bangkok/P2391/2025_H3N2,plate16-2-A/Bangkok/P2391/2025_H3N2,1.362e+04,0.9046,0.9046
seqneut25to26_sera_4009,A/Bangkok/P2572/2025_H3N2,plate16-2-A/Bangkok/P2572/2025_H3N2,40,0.0918,0.0918
seqneut25to26_sera_4009,A/Bangkok/P2572/2025_H3N2,plate16-2-A/Bangkok/P2572/2025_H3N2,92,0.77,0.77
seqneut25to26_sera_4009,A/Bangkok/P2572/2025_H3N2,plate16-2-A/Bangkok/P2572/2025_H3N2,212,0.5001,0.5001
seqneut25to26_sera_4009,A/Bangkok/P2572/2025_H3N2,plate16-2-A/Bangkok/P2572/2025_H3N2,487,0.8454,0.8454
seqneut25to26_sera_4009,A/Bangkok/P2572/2025_H3N2,plate16-2-A/Bangkok/P2572/2025_H3N2,1119,0.8271,0.8271
seqneut25to26_sera_4009,A/Bangkok/P2572/2025_H3N2,plate16-2-A/Bangkok/P2572/2025_H3N2,2575,0.8685,0.8685
seqneut25to26_sera_4009,A/Bangkok/P2572/2025_H3N2,plate16-2-A/Bangkok/P2572/2025_H3N2,5921,1.208,1
seqneut25to26_sera_4009,A/Bangkok/P2572/2025_H3N2,plate16-2-A/Bangkok/P2572/2025_H3N2,1.362e+04,0.9388,0.9388
seqneut25to26_sera_4009,A/Bangkok/P2921/2025_H3N2,plate16-2-A/Bangkok/P2921/2025_H3N2,40,0.3395,0.3395
seqneut25to26_sera_4009,A/Bangkok/P2921/2025_H3N2,plate16-2-A/Bangkok/P2921/2025_H3N2,92,0.4181,0.4181
seqneut25to26_sera_4009,A/Bangkok/P2921/2025_H3N2,plate16-2-A/Bangkok/P2921/2025_H3N2,212,0.8251,0.8251
seqneut25to26_sera_4009,A/Bangkok/P2921/2025_H3N2,plate16-2-A/Bangkok/P2921/2025_H3N2,487,0.7533,0.7533
seqneut25to26_sera_4009,A/Bangkok/P2921/2025_H3N2,plate16-2-A/Bangkok/P2921/2025_H3N2,1119,0.6138,0.6138
seqneut25to26_sera_4009,A/Bangkok/P2921/2025_H3N2,plate16-2-A/Bangkok/P2921/2025_H3N2,2575,1.034,1
seqneut25to26_sera_4009,A/Bangkok/P2921/2025_H3N2,plate16-2-A/Bangkok/P2921/2025_H3N2,5921,1.343,1
seqneut25to26_sera_4009,A/Bangkok/P2921/2025_H3N2,plate16-2-A/Bangkok/P2921/2025_H3N2,1.362e+04,0.8232,0.8232
seqneut25to26_sera_4009,A/Bangkok/P3067/2025_H1N1,plate16-2-A/Bangkok/P3067/2025_H1N1,40,0.00629,0.00629
seqneut25to26_sera_4009,A/Bangkok/P3067/2025_H1N1,plate16-2-A/Bangkok/P3067/2025_H1N1,92,0.1048,0.1048
seqneut25to26_sera_4009,A/Bangkok/P3067/2025_H1N1,plate16-2-A/Bangkok/P3067/2025_H1N1,212,0.3111,0.3111
seqneut25to26_sera_4009,A/Bangkok/P3067/2025_H1N1,plate16-2-A/Bangkok/P3067/2025_H1N1,487,0.9226,0.9226
seqneut25to26_sera_4009,A/Bangkok/P3067/2025_H1N1,plate16-2-A/Bangkok/P3067/2025_H1N1,1119,0.4719,0.4719
seqneut25to26_sera_4009,A/Bangkok/P3067/2025_H1N1,plate16-2-A/Bangkok/P3067/2025_H1N1,2575,0.7146,0.7146
seqneut25to26_sera_4009,A/Bangkok/P3067/2025_H1N1,plate16-2-A/Bangkok/P3067/2025_H1N1,5921,1.354,1
seqneut25to26_sera_4009,A/Bangkok/P3067/2025_H1N1,plate16-2-A/Bangkok/P3067/2025_H1N1,1.362e+04,0.9016,0.9016
seqneut25to26_sera_4009,A/Bangkok/P3263/2025_H3N2,plate16-2-A/Bangkok/P3263/2025_H3N2,40,0.03239,0.03239
seqneut25to26_sera_4009,A/Bangkok/P3263/2025_H3N2,plate16-2-A/Bangkok/P3263/2025_H3N2,92,0.2493,0.2493
seqneut25to26_sera_4009,A/Bangkok/P3263/2025_H3N2,plate16-2-A/Bangkok/P3263/2025_H3N2,212,0.477,0.477
seqneut25to26_sera_4009,A/Bangkok/P3263/2025_H3N2,plate16-2-A/Bangkok/P3263/2025_H3N2,487,0.639,0.639
seqneut25to26_sera_4009,A/Bangkok/P3263/2025_H3N2,plate16-2-A/Bangkok/P3263/2025_H3N2,1119,0.6832,0.6832
seqneut25to26_sera_4009,A/Bangkok/P3263/2025_H3N2,plate16-2-A/Bangkok/P3263/2025_H3N2,2575,1.363,1
seqneut25to26_sera_4009,A/Bangkok/P3263/2025_H3N2,plate16-2-A/Bangkok/P3263/2025_H3N2,5921,1.13,1
seqneut25to26_sera_4009,A/Bangkok/P3263/2025_H3N2,plate16-2-A/Bangkok/P3263/2025_H3N2,1.362e+04,0.8421,0.8421
seqneut25to26_sera_4009,A/Belgium/H0097/2025_H3N2,plate16-2-A/Belgium/H0097/2025_H3N2,40,0.3238,0.3238
seqneut25to26_sera_4009,A/Belgium/H0097/2025_H3N2,plate16-2-A/Belgium/H0097/2025_H3N2,92,0.4125,0.4125
seqneut25to26_sera_4009,A/Belgium/H0097/2025_H3N2,plate16-2-A/Belgium/H0097/2025_H3N2,212,0.8134,0.8134
seqneut25to26_sera_4009,A/Belgium/H0097/2025_H3N2,plate16-2-A/Belgium/H0097/2025_H3N2,487,0.7278,0.7278
seqneut25to26_sera_4009,A/Belgium/H0097/2025_H3N2,plate16-2-A/Belgium/H0097/2025_H3N2,1119,0.6697,0.6697
seqneut25to26_sera_4009,A/Belgium/H0097/2025_H3N2,plate16-2-A/Belgium/H0097/2025_H3N2,2575,1.001,1
seqneut25to26_sera_4009,A/Belgium/H0097/2025_H3N2,plate16-2-A/Belgium/H0097/2025_H3N2,5921,0.9095,0.9095
seqneut25to26_sera_4009,A/Belgium/H0097/2025_H3N2,plate16-2-A/Belgium/H0097/2025_H3N2,1.362e+04,1.028,1
seqneut25to26_sera_4009,A/Bhutan/1267/2025_H3N2,plate16-2-A/Bhutan/1267/2025_H3N2,40,0.1624,0.1624
seqneut25to26_sera_4009,A/Bhutan/1267/2025_H3N2,plate16-2-A/Bhutan/1267/2025_H3N2,92,0.3346,0.3346
seqneut25to26_sera_4009,A/Bhutan/1267/2025_H3N2,plate16-2-A/Bhutan/1267/2025_H3N2,212,0.5649,0.5649
seqneut25to26_sera_4009,A/Bhutan/1267/2025_H3N2,plate16-2-A/Bhutan/1267/2025_H3N2,487,0.613,0.613
seqneut25to26_sera_4009,A/Bhutan/1267/2025_H3N2,plate16-2-A/Bhutan/1267/2025_H3N2,1119,0.504,0.504
seqneut25to26_sera_4009,A/Bhutan/1267/2025_H3N2,plate16-2-A/Bhutan/1267/2025_H3N2,2575,0.8903,0.8903
seqneut25to26_sera_4009,A/Bhutan/1267/2025_H3N2,plate16-2-A/Bhutan/1267/2025_H3N2,5921,1.302,1
seqneut25to26_sera_4009,A/Bhutan/1267/2025_H3N2,plate16-2-A/Bhutan/1267/2025_H3N2,1.362e+04,1.105,1
seqneut25to26_sera_4009,A/BritishColumbia/PHL-2473/2025_H1N1,plate16-2-A/BritishColumbia/PHL-2473/2025_H1N1,40,0.00195,0.00195
seqneut25to26_sera_4009,A/BritishColumbia/PHL-2473/2025_H1N1,plate16-2-A/BritishColumbia/PHL-2473/2025_H1N1,92,0.0301,0.0301
seqneut25to26_sera_4009,A/BritishColumbia/PHL-2473/2025_H1N1,plate16-2-A/BritishColumbia/PHL-2473/2025_H1N1,212,0.327,0.327
seqneut25to26_sera_4009,A/BritishColumbia/PHL-2473/2025_H1N1,plate16-2-A/BritishColumbia/PHL-2473/2025_H1N1,487,0.9405,0.9405
seqneut25to26_sera_4009,A/BritishColumbia/PHL-2473/2025_H1N1,plate16-2-A/BritishColumbia/PHL-2473/2025_H1N1,1119,0.8764,0.8764
seqneut25to26_sera_4009,A/BritishColumbia/PHL-2473/2025_H1N1,plate16-2-A/BritishColumbia/PHL-2473/2025_H1N1,2575,0.7307,0.7307
seqneut25to26_sera_4009,A/BritishColumbia/PHL-2473/2025_H1N1,plate16-2-A/BritishColumbia/PHL-2473/2025_H1N1,5921,1.184,1
seqneut25to26_sera_4009,A/BritishColumbia/PHL-2473/2025_H1N1,plate16-2-A/BritishColumbia/PHL-2473/2025_H1N1,1.362e+04,0.9738,0.9738
seqneut25to26_sera_4009,A/California/61/2025_H3N2,plate16-2-A/California/61/2025_H3N2,40,0.06969,0.06969
seqneut25to26_sera_4009,A/California/61/2025_H3N2,plate16-2-A/California/61/2025_H3N2,92,0.3507,0.3507
seqneut25to26_sera_4009,A/California/61/2025_H3N2,plate16-2-A/California/61/2025_H3N2,212,0.7173,0.7173
seqneut25to26_sera_4009,A/California/61/2025_H3N2,plate16-2-A/California/61/2025_H3N2,487,0.6258,0.6258
seqneut25to26_sera_4009,A/California/61/2025_H3N2,plate16-2-A/California/61/2025_H3N2,1119,0.7269,0.7269
seqneut25to26_sera_4009,A/California/61/2025_H3N2,plate16-2-A/California/61/2025_H3N2,2575,0.747,0.747
seqneut25to26_sera_4009,A/California/61/2025_H3N2,plate16-2-A/California/61/2025_H3N2,5921,1.046,1
seqneut25to26_sera_4009,A/California/61/2025_H3N2,plate16-2-A/California/61/2025_H3N2,1.362e+04,0.9024,0.9024
seqneut25to26_sera_4009,A/California/63/2025_H1N1,plate16-2-A/California/63/2025_H1N1,40,0.004017,0.004017
seqneut25to26_sera_4009,A/California/63/2025_H1N1,plate16-2-A/California/63/2025_H1N1,92,0.05147,0.05147
seqneut25to26_sera_4009,A/California/63/2025_H1N1,plate16-2-A/California/63/2025_H1N1,212,0.5763,0.5763
seqneut25to26_sera_4009,A/California/63/2025_H1N1,plate16-2-A/California/63/2025_H1N1,487,0.8336,0.8336
seqneut25to26_sera_4009,A/California/63/2025_H1N1,plate16-2-A/California/63/2025_H1N1,1119,0.7315,0.7315
seqneut25to26_sera_4009,A/California/63/2025_H1N1,plate16-2-A/California/63/2025_H1N1,2575,0.554,0.554
seqneut25to26_sera_4009,A/California/63/2025_H1N1,plate16-2-A/California/63/2025_H1N1,5921,0.9683,0.9683
seqneut25to26_sera_4009,A/California/63/2025_H1N1,plate16-2-A/California/63/2025_H1N1,1.362e+04,0.6581,0.6581
seqneut25to26_sera_4009,A/Canberra/465/2025_H1N1,plate16-2-A/Canberra/465/2025_H1N1,40,0.007471,0.007471
seqneut25to26_sera_4009,A/Canberra/465/2025_H1N1,plate16-2-A/Canberra/465/2025_H1N1,92,0.05332,0.05332
seqneut25to26_sera_4009,A/Canberra/465/2025_H1N1,plate16-2-A/Canberra/465/2025_H1N1,212,0.3573,0.3573
seqneut25to26_sera_4009,A/Canberra/465/2025_H1N1,plate16-2-A/Canberra/465/2025_H1N1,487,0.6394,0.6394
seqneut25to26_sera_4009,A/Canberra/465/2025_H1N1,plate16-2-A/Canberra/465/2025_H1N1,1119,0.7951,0.7951
seqneut25to26_sera_4009,A/Canberra/465/2025_H1N1,plate16-2-A/Canberra/465/2025_H1N1,2575,0.9772,0.9772
seqneut25to26_sera_4009,A/Canberra/465/2025_H1N1,plate16-2-A/Canberra/465/2025_H1N1,5921,1.143,1
seqneut25to26_sera_4009,A/Canberra/465/2025_H1N1,plate16-2-A/Canberra/465/2025_H1N1,1.362e+04,0.76,0.76
seqneut25to26_sera_4009,A/Canberra/530/2025_H1N1,plate16-2-A/Canberra/530/2025_H1N1,40,0.005063,0.005063
seqneut25to26_sera_4009,A/Canberra/530/2025_H1N1,plate16-2-A/Canberra/530/2025_H1N1,92,0.1156,0.1156
seqneut25to26_sera_4009,A/Canberra/530/2025_H1N1,plate16-2-A/Canberra/530/2025_H1N1,212,0.6381,0.6381
seqneut25to26_sera_4009,A/Canberra/530/2025_H1N1,plate16-2-A/Canberra/530/2025_H1N1,487,1.255,1
seqneut25to26_sera_4009,A/Canberra/530/2025_H1N1,plate16-2-A/Canberra/530/2025_H1N1,1119,0.8092,0.8092
seqneut25to26_sera_4009,A/Canberra/530/2025_H1N1,plate16-2-A/Canberra/530/2025_H1N1,2575,1.276,1
seqneut25to26_sera_4009,A/Canberra/530/2025_H1N1,plate16-2-A/Canberra/530/2025_H1N1,5921,1.251,1
seqneut25to26_sera_4009,A/Canberra/530/2025_H1N1,plate16-2-A/Canberra/530/2025_H1N1,1.362e+04,0.7787,0.7787
seqneut25to26_sera_4009,A/Catalonia/NSVH102689455/2025_H1N1,plate16-2-A/Catalonia/NSVH102689455/2025_H1N1,40,0.01152,0.01152
seqneut25to26_sera_4009,A/Catalonia/NSVH102689455/2025_H1N1,plate16-2-A/Catalonia/NSVH102689455/2025_H1N1,92,0.1424,0.1424
seqneut25to26_sera_4009,A/Catalonia/NSVH102689455/2025_H1N1,plate16-2-A/Catalonia/NSVH102689455/2025_H1N1,212,0.3555,0.3555
seqneut25to26_sera_4009,A/Catalonia/NSVH102689455/2025_H1N1,plate16-2-A/Catalonia/NSVH102689455/2025_H1N1,487,1.024,1
seqneut25to26_sera_4009,A/Catalonia/NSVH102689455/2025_H1N1,plate16-2-A/Catalonia/NSVH102689455/2025_H1N1,1119,1.005,1
seqneut25to26_sera_4009,A/Catalonia/NSVH102689455/2025_H1N1,plate16-2-A/Catalonia/NSVH102689455/2025_H1N1,2575,0.963,0.963
seqneut25to26_sera_4009,A/Catalonia/NSVH102689455/2025_H1N1,plate16-2-A/Catalonia/NSVH102689455/2025_H1N1,5921,1.561,1
seqneut25to26_sera_4009,A/Catalonia/NSVH102689455/2025_H1N1,plate16-2-A/Catalonia/NSVH102689455/2025_H1N1,1.362e+04,0.8581,0.8581
seqneut25to26_sera_4009,A/Colorado/105/2025_H1N1,plate16-2-A/Colorado/105/2025_H1N1,40,0.002428,0.002428
seqneut25to26_sera_4009,A/Colorado/105/2025_H1N1,plate16-2-A/Colorado/105/2025_H1N1,92,0.08276,0.08276
seqneut25to26_sera_4009,A/Colorado/105/2025_H1N1,plate16-2-A/Colorado/105/2025_H1N1,212,0.5131,0.5131
seqneut25to26_sera_4009,A/Colorado/105/2025_H1N1,plate16-2-A/Colorado/105/2025_H1N1,487,0.7837,0.7837
seqneut25to26_sera_4009,A/Colorado/105/2025_H1N1,plate16-2-A/Colorado/105/2025_H1N1,1119,0.9454,0.9454
seqneut25to26_sera_4009,A/Colorado/105/2025_H1N1,plate16-2-A/Colorado/105/2025_H1N1,2575,1.03,1
seqneut25to26_sera_4009,A/Colorado/105/2025_H1N1,plate16-2-A/Colorado/105/2025_H1N1,5921,0.8233,0.8233
seqneut25to26_sera_4009,A/Colorado/105/2025_H1N1,plate16-2-A/Colorado/105/2025_H1N1,1.362e+04,0.8306,0.8306
seqneut25to26_sera_4009,A/CoteDIvoire/2007/2025_H1N1,plate16-2-A/CoteDIvoire/2007/2025_H1N1,40,0.00442,0.00442
seqneut25to26_sera_4009,A/CoteDIvoire/2007/2025_H1N1,plate16-2-A/CoteDIvoire/2007/2025_H1N1,92,0.1097,0.1097
seqneut25to26_sera_4009,A/CoteDIvoire/2007/2025_H1N1,plate16-2-A/CoteDIvoire/2007/2025_H1N1,212,0.3502,0.3502
seqneut25to26_sera_4009,A/CoteDIvoire/2007/2025_H1N1,plate16-2-A/CoteDIvoire/2007/2025_H1N1,487,0.7874,0.7874
seqneut25to26_sera_4009,A/CoteDIvoire/2007/2025_H1N1,plate16-2-A/CoteDIvoire/2007/2025_H1N1,1119,0.854,0.854
seqneut25to26_sera_4009,A/CoteDIvoire/2007/2025_H1N1,plate16-2-A/CoteDIvoire/2007/2025_H1N1,2575,1.019,1
seqneut25to26_sera_4009,A/CoteDIvoire/2007/2025_H1N1,plate16-2-A/CoteDIvoire/2007/2025_H1N1,5921,0.7042,0.7042
seqneut25to26_sera_4009,A/CoteDIvoire/2007/2025_H1N1,plate16-2-A/CoteDIvoire/2007/2025_H1N1,1.362e+04,0.89,0.89
seqneut25to26_sera_4009,A/Croatia/10136RV/2023-egg_H3N2,plate16-2-A/Croatia/10136RV/2023-egg_H3N2,40,0.1946,0.1946
seqneut25to26_sera_4009,A/Croatia/10136RV/2023-egg_H3N2,plate16-2-A/Croatia/10136RV/2023-egg_H3N2,92,0.365,0.365
seqneut25to26_sera_4009,A/Croatia/10136RV/2023-egg_H3N2,plate16-2-A/Croatia/10136RV/2023-egg_H3N2,212,0.7044,0.7044
seqneut25to26_sera_4009,A/Croatia/10136RV/2023-egg_H3N2,plate16-2-A/Croatia/10136RV/2023-egg_H3N2,487,0.7112,0.7112
seqneut25to26_sera_4009,A/Croatia/10136RV/2023-egg_H3N2,plate16-2-A/Croatia/10136RV/2023-egg_H3N2,1119,0.8453,0.8453
seqneut25to26_sera_4009,A/Croatia/10136RV/2023-egg_H3N2,plate16-2-A/Croatia/10136RV/2023-egg_H3N2,2575,0.5957,0.5957
seqneut25to26_sera_4009,A/Croatia/10136RV/2023-egg_H3N2,plate16-2-A/Croatia/10136RV/2023-egg_H3N2,5921,1.644,1
seqneut25to26_sera_4009,A/Croatia/10136RV/2023-egg_H3N2,plate16-2-A/Croatia/10136RV/2023-egg_H3N2,1.362e+04,0.8742,0.8742
seqneut25to26_sera_4009,A/Darwin/1405/2025_H1N1,plate16-2-A/Darwin/1405/2025_H1N1,40,0.003112,0.003112
seqneut25to26_sera_4009,A/Darwin/1405/2025_H1N1,plate16-2-A/Darwin/1405/2025_H1N1,92,0.06718,0.06718
seqneut25to26_sera_4009,A/Darwin/1405/2025_H1N1,plate16-2-A/Darwin/1405/2025_H1N1,212,0.3386,0.3386
seqneut25to26_sera_4009,A/Darwin/1405/2025_H1N1,plate16-2-A/Darwin/1405/2025_H1N1,487,0.7302,0.7302
seqneut25to26_sera_4009,A/Darwin/1405/2025_H1N1,plate16-2-A/Darwin/1405/2025_H1N1,1119,0.7687,0.7687
seqneut25to26_sera_4009,A/Darwin/1405/2025_H1N1,plate16-2-A/Darwin/1405/2025_H1N1,2575,0.7998,0.7998
seqneut25to26_sera_4009,A/Darwin/1405/2025_H1N1,plate16-2-A/Darwin/1405/2025_H1N1,5921,1.145,1
seqneut25to26_sera_4009,A/Darwin/1405/2025_H1N1,plate16-2-A/Darwin/1405/2025_H1N1,1.362e+04,0.9389,0.9389
seqneut25to26_sera_4009,A/Darwin/1461/2025_H3N2,plate16-2-A/Darwin/1461/2025_H3N2,40,0.07014,0.07014
seqneut25to26_sera_4009,A/Darwin/1461/2025_H3N2,plate16-2-A/Darwin/1461/2025_H3N2,92,0.2975,0.2975
seqneut25to26_sera_4009,A/Darwin/1461/2025_H3N2,plate16-2-A/Darwin/1461/2025_H3N2,212,0.4896,0.4896
seqneut25to26_sera_4009,A/Darwin/1461/2025_H3N2,plate16-2-A/Darwin/1461/2025_H3N2,487,0.688,0.688
seqneut25to26_sera_4009,A/Darwin/1461/2025_H3N2,plate16-2-A/Darwin/1461/2025_H3N2,1119,0.4388,0.4388
seqneut25to26_sera_4009,A/Darwin/1461/2025_H3N2,plate16-2-A/Darwin/1461/2025_H3N2,2575,0.4874,0.4874
seqneut25to26_sera_4009,A/Darwin/1461/2025_H3N2,plate16-2-A/Darwin/1461/2025_H3N2,5921,0.746,0.746
seqneut25to26_sera_4009,A/Darwin/1461/2025_H3N2,plate16-2-A/Darwin/1461/2025_H3N2,1.362e+04,0.6295,0.6295
seqneut25to26_sera_4009,A/Denmark/3070/2025_H1N1,plate16-2-A/Denmark/3070/2025_H1N1,40,0.004024,0.004024
seqneut25to26_sera_4009,A/Denmark/3070/2025_H1N1,plate16-2-A/Denmark/3070/2025_H1N1,92,0.05559,0.05559
seqneut25to26_sera_4009,A/Denmark/3070/2025_H1N1,plate16-2-A/Denmark/3070/2025_H1N1,212,0.3809,0.3809
seqneut25to26_sera_4009,A/Denmark/3070/2025_H1N1,plate16-2-A/Denmark/3070/2025_H1N1,487,0.9291,0.9291
seqneut25to26_sera_4009,A/Denmark/3070/2025_H1N1,plate16-2-A/Denmark/3070/2025_H1N1,1119,0.699,0.699
seqneut25to26_sera_4009,A/Denmark/3070/2025_H1N1,plate16-2-A/Denmark/3070/2025_H1N1,2575,1.065,1
seqneut25to26_sera_4009,A/Denmark/3070/2025_H1N1,plate16-2-A/Denmark/3070/2025_H1N1,5921,1.029,1
seqneut25to26_sera_4009,A/Denmark/3070/2025_H1N1,plate16-2-A/Denmark/3070/2025_H1N1,1.362e+04,0.6948,0.6948
seqneut25to26_sera_4009,A/DistrictOfColumbia/27/2023_H3N2,plate16-2-A/DistrictOfColumbia/27/2023_H3N2,40,0.3803,0.3803
seqneut25to26_sera_4009,A/DistrictOfColumbia/27/2023_H3N2,plate16-2-A/DistrictOfColumbia/27/2023_H3N2,92,0.4328,0.4328
seqneut25to26_sera_4009,A/DistrictOfColumbia/27/2023_H3N2,plate16-2-A/DistrictOfColumbia/27/2023_H3N2,212,0.5783,0.5783
seqneut25to26_sera_4009,A/DistrictOfColumbia/27/2023_H3N2,plate16-2-A/DistrictOfColumbia/27/2023_H3N2,487,0.6402,0.6402
seqneut25to26_sera_4009,A/DistrictOfColumbia/27/2023_H3N2,plate16-2-A/DistrictOfColumbia/27/2023_H3N2,1119,0.5185,0.5185
seqneut25to26_sera_4009,A/DistrictOfColumbia/27/2023_H3N2,plate16-2-A/DistrictOfColumbia/27/2023_H3N2,2575,1.137,1
seqneut25to26_sera_4009,A/DistrictOfColumbia/27/2023_H3N2,plate16-2-A/DistrictOfColumbia/27/2023_H3N2,5921,1.223,1
seqneut25to26_sera_4009,A/DistrictOfColumbia/27/2023_H3N2,plate16-2-A/DistrictOfColumbia/27/2023_H3N2,1.362e+04,1.024,1
seqneut25to26_sera_4009,A/DistrictOfColumbia/57/2025_H3N2,plate16-2-A/DistrictOfColumbia/57/2025_H3N2,40,0.1836,0.1836
seqneut25to26_sera_4009,A/DistrictOfColumbia/57/2025_H3N2,plate16-2-A/DistrictOfColumbia/57/2025_H3N2,92,0.4797,0.4797
seqneut25to26_sera_4009,A/DistrictOfColumbia/57/2025_H3N2,plate16-2-A/DistrictOfColumbia/57/2025_H3N2,212,0.6506,0.6506
seqneut25to26_sera_4009,A/DistrictOfColumbia/57/2025_H3N2,plate16-2-A/DistrictOfColumbia/57/2025_H3N2,487,0.8128,0.8128
seqneut25to26_sera_4009,A/DistrictOfColumbia/57/2025_H3N2,plate16-2-A/DistrictOfColumbia/57/2025_H3N2,1119,0.6325,0.6325
seqneut25to26_sera_4009,A/DistrictOfColumbia/57/2025_H3N2,plate16-2-A/DistrictOfColumbia/57/2025_H3N2,2575,1.032,1
seqneut25to26_sera_4009,A/DistrictOfColumbia/57/2025_H3N2,plate16-2-A/DistrictOfColumbia/57/2025_H3N2,5921,1.287,1
seqneut25to26_sera_4009,A/DistrictOfColumbia/57/2025_H3N2,plate16-2-A/DistrictOfColumbia/57/2025_H3N2,1.362e+04,0.8332,0.8332
seqneut25to26_sera_4009,A/DistritoFederal/250106000728/2025_H3N2,plate16-2-A/DistritoFederal/250106000728/2025_H3N2,40,0.1819,0.1819
seqneut25to26_sera_4009,A/DistritoFederal/250106000728/2025_H3N2,plate16-2-A/DistritoFederal/250106000728/2025_H3N2,92,0.3317,0.3317
seqneut25to26_sera_4009,A/DistritoFederal/250106000728/2025_H3N2,plate16-2-A/DistritoFederal/250106000728/2025_H3N2,212,0.3811,0.3811
seqneut25to26_sera_4009,A/DistritoFederal/250106000728/2025_H3N2,plate16-2-A/DistritoFederal/250106000728/2025_H3N2,487,0.6188,0.6188
seqneut25to26_sera_4009,A/DistritoFederal/250106000728/2025_H3N2,plate16-2-A/DistritoFederal/250106000728/2025_H3N2,1119,0.7449,0.7449
seqneut25to26_sera_4009,A/DistritoFederal/250106000728/2025_H3N2,plate16-2-A/DistritoFederal/250106000728/2025_H3N2,2575,1.126,1
seqneut25to26_sera_4009,A/DistritoFederal/250106000728/2025_H3N2,plate16-2-A/DistritoFederal/250106000728/2025_H3N2,5921,1.043,1
seqneut25to26_sera_4009,A/DistritoFederal/250106000728/2025_H3N2,plate16-2-A/DistritoFederal/250106000728/2025_H3N2,1.362e+04,1.117,1
seqneut25to26_sera_4009,A/DistritoFederal/2578578201/2025_H3N2,plate16-2-A/DistritoFederal/2578578201/2025_H3N2,40,0.3326,0.3326
seqneut25to26_sera_4009,A/DistritoFederal/2578578201/2025_H3N2,plate16-2-A/DistritoFederal/2578578201/2025_H3N2,92,0.5095,0.5095
seqneut25to26_sera_4009,A/DistritoFederal/2578578201/2025_H3N2,plate16-2-A/DistritoFederal/2578578201/2025_H3N2,212,0.7492,0.7492
seqneut25to26_sera_4009,A/DistritoFederal/2578578201/2025_H3N2,plate16-2-A/DistritoFederal/2578578201/2025_H3N2,487,0.759,0.759
seqneut25to26_sera_4009,A/DistritoFederal/2578578201/2025_H3N2,plate16-2-A/DistritoFederal/2578578201/2025_H3N2,1119,0.5809,0.5809
seqneut25to26_sera_4009,A/DistritoFederal/2578578201/2025_H3N2,plate16-2-A/DistritoFederal/2578578201/2025_H3N2,2575,0.9629,0.9629
seqneut25to26_sera_4009,A/DistritoFederal/2578578201/2025_H3N2,plate16-2-A/DistritoFederal/2578578201/2025_H3N2,5921,1.157,1
seqneut25to26_sera_4009,A/DistritoFederal/2578578201/2025_H3N2,plate16-2-A/DistritoFederal/2578578201/2025_H3N2,1.362e+04,0.8263,0.8263
seqneut25to26_sera_4009,A/England/174/2025_H3N2,plate16-2-A/England/174/2025_H3N2,40,0.1943,0.1943
seqneut25to26_sera_4009,A/England/174/2025_H3N2,plate16-2-A/England/174/2025_H3N2,92,0.4944,0.4944
seqneut25to26_sera_4009,A/England/174/2025_H3N2,plate16-2-A/England/174/2025_H3N2,212,0.6375,0.6375
seqneut25to26_sera_4009,A/England/174/2025_H3N2,plate16-2-A/England/174/2025_H3N2,487,0.5668,0.5668
seqneut25to26_sera_4009,A/England/174/2025_H3N2,plate16-2-A/England/174/2025_H3N2,1119,0.527,0.527
seqneut25to26_sera_4009,A/England/174/2025_H3N2,plate16-2-A/England/174/2025_H3N2,2575,0.7535,0.7535
seqneut25to26_sera_4009,A/England/174/2025_H3N2,plate16-2-A/England/174/2025_H3N2,5921,1.136,1
seqneut25to26_sera_4009,A/England/174/2025_H3N2,plate16-2-A/England/174/2025_H3N2,1.362e+04,0.7987,0.7987
seqneut25to26_sera_4009,A/England/1822256/2025_H1N1,plate16-2-A/England/1822256/2025_H1N1,40,0.001981,0.001981
seqneut25to26_sera_4009,A/England/1822256/2025_H1N1,plate16-2-A/England/1822256/2025_H1N1,92,0.004266,0.004266
seqneut25to26_sera_4009,A/England/1822256/2025_H1N1,plate16-2-A/England/1822256/2025_H1N1,212,0.03247,0.03247
seqneut25to26_sera_4009,A/England/1822256/2025_H1N1,plate16-2-A/England/1822256/2025_H1N1,487,0.1474,0.1474
seqneut25to26_sera_4009,A/England/1822256/2025_H1N1,plate16-2-A/England/1822256/2025_H1N1,1119,0.6124,0.6124
seqneut25to26_sera_4009,A/England/1822256/2025_H1N1,plate16-2-A/England/1822256/2025_H1N1,2575,1.108,1
seqneut25to26_sera_4009,A/England/1822256/2025_H1N1,plate16-2-A/England/1822256/2025_H1N1,5921,1.214,1
seqneut25to26_sera_4009,A/England/1822256/2025_H1N1,plate16-2-A/England/1822256/2025_H1N1,1.362e+04,1.143,1
seqneut25to26_sera_4009,A/England/1837734/2025_H3N2,plate16-2-A/England/1837734/2025_H3N2,40,0.1379,0.1379
seqneut25to26_sera_4009,A/England/1837734/2025_H3N2,plate16-2-A/England/1837734/2025_H3N2,92,0.3893,0.3893
seqneut25to26_sera_4009,A/England/1837734/2025_H3N2,plate16-2-A/England/1837734/2025_H3N2,212,0.442,0.442
seqneut25to26_sera_4009,A/England/1837734/2025_H3N2,plate16-2-A/England/1837734/2025_H3N2,487,0.7454,0.7454
seqneut25to26_sera_4009,A/England/1837734/2025_H3N2,plate16-2-A/England/1837734/2025_H3N2,1119,0.9143,0.9143
seqneut25to26_sera_4009,A/England/1837734/2025_H3N2,plate16-2-A/England/1837734/2025_H3N2,2575,0.9355,0.9355
seqneut25to26_sera_4009,A/England/1837734/2025_H3N2,plate16-2-A/England/1837734/2025_H3N2,5921,0.9474,0.9474
seqneut25to26_sera_4009,A/England/1837734/2025_H3N2,plate16-2-A/England/1837734/2025_H3N2,1.362e+04,0.9031,0.9031
seqneut25to26_sera_4009,A/France/ARA-HCL025155099501/2025_H1N1,plate16-2-A/France/ARA-HCL025155099501/2025_H1N1,40,0.008888,0.008888
seqneut25to26_sera_4009,A/France/ARA-HCL025155099501/2025_H1N1,plate16-2-A/France/ARA-HCL025155099501/2025_H1N1,92,0.2842,0.2842
seqneut25to26_sera_4009,A/France/ARA-HCL025155099501/2025_H1N1,plate16-2-A/France/ARA-HCL025155099501/2025_H1N1,212,0.5088,0.5088
seqneut25to26_sera_4009,A/France/ARA-HCL025155099501/2025_H1N1,plate16-2-A/France/ARA-HCL025155099501/2025_H1N1,487,0.8633,0.8633
seqneut25to26_sera_4009,A/France/ARA-HCL025155099501/2025_H1N1,plate16-2-A/France/ARA-HCL025155099501/2025_H1N1,1119,0.77,0.77
seqneut25to26_sera_4009,A/France/ARA-HCL025155099501/2025_H1N1,plate16-2-A/France/ARA-HCL025155099501/2025_H1N1,2575,0.9372,0.9372
seqneut25to26_sera_4009,A/France/ARA-HCL025155099501/2025_H1N1,plate16-2-A/France/ARA-HCL025155099501/2025_H1N1,5921,1.136,1
seqneut25to26_sera_4009,A/France/ARA-HCL025155099501/2025_H1N1,plate16-2-A/France/ARA-HCL025155099501/2025_H1N1,1.362e+04,0.7839,0.7839
seqneut25to26_sera_4009,A/Galicia/GA-CHUAC-451/2025_H3N2,plate16-2-A/Galicia/GA-CHUAC-451/2025_H3N2,40,0.3053,0.3053
seqneut25to26_sera_4009,A/Galicia/GA-CHUAC-451/2025_H3N2,plate16-2-A/Galicia/GA-CHUAC-451/2025_H3N2,92,0.7285,0.7285
seqneut25to26_sera_4009,A/Galicia/GA-CHUAC-451/2025_H3N2,plate16-2-A/Galicia/GA-CHUAC-451/2025_H3N2,212,1.09,1
seqneut25to26_sera_4009,A/Galicia/GA-CHUAC-451/2025_H3N2,plate16-2-A/Galicia/GA-CHUAC-451/2025_H3N2,487,0.768,0.768
seqneut25to26_sera_4009,A/Galicia/GA-CHUAC-451/2025_H3N2,plate16-2-A/Galicia/GA-CHUAC-451/2025_H3N2,1119,0.6837,0.6837
seqneut25to26_sera_4009,A/Galicia/GA-CHUAC-451/2025_H3N2,plate16-2-A/Galicia/GA-CHUAC-451/2025_H3N2,2575,0.9631,0.9631
seqneut25to26_sera_4009,A/Galicia/GA-CHUAC-451/2025_H3N2,plate16-2-A/Galicia/GA-CHUAC-451/2025_H3N2,5921,1.353,1
seqneut25to26_sera_4009,A/Galicia/GA-CHUAC-451/2025_H3N2,plate16-2-A/Galicia/GA-CHUAC-451/2025_H3N2,1.362e+04,1.022,1
seqneut25to26_sera_4009,A/Ghana/ARI-25-1125/2025_H1N1,plate16-2-A/Ghana/ARI-25-1125/2025_H1N1,40,0.001647,0.001647
seqneut25to26_sera_4009,A/Ghana/ARI-25-1125/2025_H1N1,plate16-2-A/Ghana/ARI-25-1125/2025_H1N1,92,0.003164,0.003164
seqneut25to26_sera_4009,A/Ghana/ARI-25-1125/2025_H1N1,plate16-2-A/Ghana/ARI-25-1125/2025_H1N1,212,0.01203,0.01203
seqneut25to26_sera_4009,A/Ghana/ARI-25-1125/2025_H1N1,plate16-2-A/Ghana/ARI-25-1125/2025_H1N1,487,0.155,0.155
seqneut25to26_sera_4009,A/Ghana/ARI-25-1125/2025_H1N1,plate16-2-A/Ghana/ARI-25-1125/2025_H1N1,1119,0.4116,0.4116
seqneut25to26_sera_4009,A/Ghana/ARI-25-1125/2025_H1N1,plate16-2-A/Ghana/ARI-25-1125/2025_H1N1,2575,0.8203,0.8203
seqneut25to26_sera_4009,A/Ghana/ARI-25-1125/2025_H1N1,plate16-2-A/Ghana/ARI-25-1125/2025_H1N1,5921,1.689,1
seqneut25to26_sera_4009,A/Ghana/ARI-25-1125/2025_H1N1,plate16-2-A/Ghana/ARI-25-1125/2025_H1N1,1.362e+04,0.7259,0.7259
seqneut25to26_sera_4009,A/Ghana/FS-25-7077/2025_H3N2,plate16-2-A/Ghana/FS-25-7077/2025_H3N2,40,0.3287,0.3287
seqneut25to26_sera_4009,A/Ghana/FS-25-7077/2025_H3N2,plate16-2-A/Ghana/FS-25-7077/2025_H3N2,92,0.9349,0.9349
seqneut25to26_sera_4009,A/Ghana/FS-25-7077/2025_H3N2,plate16-2-A/Ghana/FS-25-7077/2025_H3N2,212,1.026,1
seqneut25to26_sera_4009,A/Ghana/FS-25-7077/2025_H3N2,plate16-2-A/Ghana/FS-25-7077/2025_H3N2,487,1.025,1
seqneut25to26_sera_4009,A/Ghana/FS-25-7077/2025_H3N2,plate16-2-A/Ghana/FS-25-7077/2025_H3N2,1119,0.7633,0.7633
seqneut25to26_sera_4009,A/Ghana/FS-25-7077/2025_H3N2,plate16-2-A/Ghana/FS-25-7077/2025_H3N2,2575,1.104,1
seqneut25to26_sera_4009,A/Ghana/FS-25-7077/2025_H3N2,plate16-2-A/Ghana/FS-25-7077/2025_H3N2,5921,1.599,1
seqneut25to26_sera_4009,A/Ghana/FS-25-7077/2025_H3N2,plate16-2-A/Ghana/FS-25-7077/2025_H3N2,1.362e+04,1.078,1
seqneut25to26_sera_4009,A/Guangdong-Maonan/11438/2025_H3N2,plate16-2-A/Guangdong-Maonan/11438/2025_H3N2,40,0.179,0.179
seqneut25to26_sera_4009,A/Guangdong-Maonan/11438/2025_H3N2,plate16-2-A/Guangdong-Maonan/11438/2025_H3N2,92,0.2803,0.2803
seqneut25to26_sera_4009,A/Guangdong-Maonan/11438/2025_H3N2,plate16-2-A/Guangdong-Maonan/11438/2025_H3N2,212,0.9312,0.9312
seqneut25to26_sera_4009,A/Guangdong-Maonan/11438/2025_H3N2,plate16-2-A/Guangdong-Maonan/11438/2025_H3N2,487,0.5401,0.5401
seqneut25to26_sera_4009,A/Guangdong-Maonan/11438/2025_H3N2,plate16-2-A/Guangdong-Maonan/11438/2025_H3N2,1119,0.7432,0.7432
seqneut25to26_sera_4009,A/Guangdong-Maonan/11438/2025_H3N2,plate16-2-A/Guangdong-Maonan/11438/2025_H3N2,2575,0.5607,0.5607
seqneut25to26_sera_4009,A/Guangdong-Maonan/11438/2025_H3N2,plate16-2-A/Guangdong-Maonan/11438/2025_H3N2,5921,1.008,1
seqneut25to26_sera_4009,A/Guangdong-Maonan/11438/2025_H3N2,plate16-2-A/Guangdong-Maonan/11438/2025_H3N2,1.362e+04,1.035,1
seqneut25to26_sera_4009,A/Guangdong-Meijiang/11256/2025_H3N2,plate16-2-A/Guangdong-Meijiang/11256/2025_H3N2,40,0.2005,0.2005
seqneut25to26_sera_4009,A/Guangdong-Meijiang/11256/2025_H3N2,plate16-2-A/Guangdong-Meijiang/11256/2025_H3N2,92,0.3796,0.3796
seqneut25to26_sera_4009,A/Guangdong-Meijiang/11256/2025_H3N2,plate16-2-A/Guangdong-Meijiang/11256/2025_H3N2,212,0.5094,0.5094
seqneut25to26_sera_4009,A/Guangdong-Meijiang/11256/2025_H3N2,plate16-2-A/Guangdong-Meijiang/11256/2025_H3N2,487,0.5632,0.5632
seqneut25to26_sera_4009,A/Guangdong-Meijiang/11256/2025_H3N2,plate16-2-A/Guangdong-Meijiang/11256/2025_H3N2,1119,0.4301,0.4301
seqneut25to26_sera_4009,A/Guangdong-Meijiang/11256/2025_H3N2,plate16-2-A/Guangdong-Meijiang/11256/2025_H3N2,2575,0.4792,0.4792
seqneut25to26_sera_4009,A/Guangdong-Meijiang/11256/2025_H3N2,plate16-2-A/Guangdong-Meijiang/11256/2025_H3N2,5921,0.8399,0.8399
seqneut25to26_sera_4009,A/Guangdong-Meijiang/11256/2025_H3N2,plate16-2-A/Guangdong-Meijiang/11256/2025_H3N2,1.362e+04,0.6002,0.6002
seqneut25to26_sera_4009,A/Guangxi-Daxin/1643/2025_H3N2,plate16-2-A/Guangxi-Daxin/1643/2025_H3N2,40,0.7,0.7
seqneut25to26_sera_4009,A/Guangxi-Daxin/1643/2025_H3N2,plate16-2-A/Guangxi-Daxin/1643/2025_H3N2,92,0.4828,0.4828
seqneut25to26_sera_4009,A/Guangxi-Daxin/1643/2025_H3N2,plate16-2-A/Guangxi-Daxin/1643/2025_H3N2,212,0.5237,0.5237
seqneut25to26_sera_4009,A/Guangxi-Daxin/1643/2025_H3N2,plate16-2-A/Guangxi-Daxin/1643/2025_H3N2,487,0.7468,0.7468
seqneut25to26_sera_4009,A/Guangxi-Daxin/1643/2025_H3N2,plate16-2-A/Guangxi-Daxin/1643/2025_H3N2,1119,1.2,1
seqneut25to26_sera_4009,A/Guangxi-Daxin/1643/2025_H3N2,plate16-2-A/Guangxi-Daxin/1643/2025_H3N2,2575,0.782,0.782
seqneut25to26_sera_4009,A/Guangxi-Daxin/1643/2025_H3N2,plate16-2-A/Guangxi-Daxin/1643/2025_H3N2,5921,1.333,1
seqneut25to26_sera_4009,A/Guangxi-Daxin/1643/2025_H3N2,plate16-2-A/Guangxi-Daxin/1643/2025_H3N2,1.362e+04,1.004,1
seqneut25to26_sera_4009,A/Guangxi-Qingxiu/SWL11742/2025_H1N1,plate16-2-A/Guangxi-Qingxiu/SWL11742/2025_H1N1,40,0.01258,0.01258
seqneut25to26_sera_4009,A/Guangxi-Qingxiu/SWL11742/2025_H1N1,plate16-2-A/Guangxi-Qingxiu/SWL11742/2025_H1N1,92,0.142,0.142
seqneut25to26_sera_4009,A/Guangxi-Qingxiu/SWL11742/2025_H1N1,plate16-2-A/Guangxi-Qingxiu/SWL11742/2025_H1N1,212,0.4863,0.4863
seqneut25to26_sera_4009,A/Guangxi-Qingxiu/SWL11742/2025_H1N1,plate16-2-A/Guangxi-Qingxiu/SWL11742/2025_H1N1,487,1.082,1
seqneut25to26_sera_4009,A/Guangxi-Qingxiu/SWL11742/2025_H1N1,plate16-2-A/Guangxi-Qingxiu/SWL11742/2025_H1N1,1119,0.8245,0.8245
seqneut25to26_sera_4009,A/Guangxi-Qingxiu/SWL11742/2025_H1N1,plate16-2-A/Guangxi-Qingxiu/SWL11742/2025_H1N1,2575,0.8403,0.8403
seqneut25to26_sera_4009,A/Guangxi-Qingxiu/SWL11742/2025_H1N1,plate16-2-A/Guangxi-Qingxiu/SWL11742/2025_H1N1,5921,1.422,1
seqneut25to26_sera_4009,A/Guangxi-Qingxiu/SWL11742/2025_H1N1,plate16-2-A/Guangxi-Qingxiu/SWL11742/2025_H1N1,1.362e+04,0.7859,0.7859
seqneut25to26_sera_4009,A/Hawaii/44/2025_H1N1,plate16-2-A/Hawaii/44/2025_H1N1,40,0.0007279,0.0007279
seqneut25to26_sera_4009,A/Hawaii/44/2025_H1N1,plate16-2-A/Hawaii/44/2025_H1N1,92,0.1108,0.1108
seqneut25to26_sera_4009,A/Hawaii/44/2025_H1N1,plate16-2-A/Hawaii/44/2025_H1N1,212,0.4606,0.4606
seqneut25to26_sera_4009,A/Hawaii/44/2025_H1N1,plate16-2-A/Hawaii/44/2025_H1N1,487,0.7024,0.7024
seqneut25to26_sera_4009,A/Hawaii/44/2025_H1N1,plate16-2-A/Hawaii/44/2025_H1N1,1119,0.8869,0.8869
seqneut25to26_sera_4009,A/Hawaii/44/2025_H1N1,plate16-2-A/Hawaii/44/2025_H1N1,2575,1.004,1
seqneut25to26_sera_4009,A/Hawaii/44/2025_H1N1,plate16-2-A/Hawaii/44/2025_H1N1,5921,1.099,1
seqneut25to26_sera_4009,A/Hawaii/44/2025_H1N1,plate16-2-A/Hawaii/44/2025_H1N1,1.362e+04,0.8717,0.8717
seqneut25to26_sera_4009,A/Hawaii/70/2019_H1N1,plate16-2-A/Hawaii/70/2019_H1N1,40,0.0007709,0.0007709
seqneut25to26_sera_4009,A/Hawaii/70/2019_H1N1,plate16-2-A/Hawaii/70/2019_H1N1,92,0.0006457,0.0006457
seqneut25to26_sera_4009,A/Hawaii/70/2019_H1N1,plate16-2-A/Hawaii/70/2019_H1N1,212,0.04176,0.04176
seqneut25to26_sera_4009,A/Hawaii/70/2019_H1N1,plate16-2-A/Hawaii/70/2019_H1N1,487,0.1215,0.1215
seqneut25to26_sera_4009,A/Hawaii/70/2019_H1N1,plate16-2-A/Hawaii/70/2019_H1N1,1119,0.4453,0.4453
seqneut25to26_sera_4009,A/Hawaii/70/2019_H1N1,plate16-2-A/Hawaii/70/2019_H1N1,2575,0.7336,0.7336
seqneut25to26_sera_4009,A/Hawaii/70/2019_H1N1,plate16-2-A/Hawaii/70/2019_H1N1,5921,1.233,1
seqneut25to26_sera_4009,A/Hawaii/70/2019_H1N1,plate16-2-A/Hawaii/70/2019_H1N1,1.362e+04,0.6732,0.6732
seqneut25to26_sera_4009,A/HongKong/1257/2025_H3N2,plate16-2-A/HongKong/1257/2025_H3N2,40,0.2926,0.2926
seqneut25to26_sera_4009,A/HongKong/1257/2025_H3N2,plate16-2-A/HongKong/1257/2025_H3N2,92,0.5544,0.5544
seqneut25to26_sera_4009,A/HongKong/1257/2025_H3N2,plate16-2-A/HongKong/1257/2025_H3N2,212,0.6731,0.6731
seqneut25to26_sera_4009,A/HongKong/1257/2025_H3N2,plate16-2-A/HongKong/1257/2025_H3N2,487,0.6588,0.6588
seqneut25to26_sera_4009,A/HongKong/1257/2025_H3N2,plate16-2-A/HongKong/1257/2025_H3N2,1119,0.7247,0.7247
seqneut25to26_sera_4009,A/HongKong/1257/2025_H3N2,plate16-2-A/HongKong/1257/2025_H3N2,2575,1.051,1
seqneut25to26_sera_4009,A/HongKong/1257/2025_H3N2,plate16-2-A/HongKong/1257/2025_H3N2,5921,1.37,1
seqneut25to26_sera_4009,A/HongKong/1257/2025_H3N2,plate16-2-A/HongKong/1257/2025_H3N2,1.362e+04,0.8654,0.8654
seqneut25to26_sera_4009,A/HongKong/1382/2025_H3N2,plate16-2-A/HongKong/1382/2025_H3N2,40,0.09263,0.09263
seqneut25to26_sera_4009,A/HongKong/1382/2025_H3N2,plate16-2-A/HongKong/1382/2025_H3N2,92,0.1955,0.1955
seqneut25to26_sera_4009,A/HongKong/1382/2025_H3N2,plate16-2-A/HongKong/1382/2025_H3N2,212,0.1189,0.1189
seqneut25to26_sera_4009,A/HongKong/1382/2025_H3N2,plate16-2-A/HongKong/1382/2025_H3N2,487,0.8906,0.8906
seqneut25to26_sera_4009,A/HongKong/1382/2025_H3N2,plate16-2-A/HongKong/1382/2025_H3N2,1119,0.7249,0.7249
seqneut25to26_sera_4009,A/HongKong/1382/2025_H3N2,plate16-2-A/HongKong/1382/2025_H3N2,2575,0.8538,0.8538
seqneut25to26_sera_4009,A/HongKong/1382/2025_H3N2,plate16-2-A/HongKong/1382/2025_H3N2,5921,1.369,1
seqneut25to26_sera_4009,A/HongKong/1382/2025_H3N2,plate16-2-A/HongKong/1382/2025_H3N2,1.362e+04,1.402,1
seqneut25to26_sera_4009,A/Indonesia/BIOKES-I-BT074/2025_H3N2,plate16-2-A/Indonesia/BIOKES-I-BT074/2025_H3N2,40,0.1814,0.1814
seqneut25to26_sera_4009,A/Indonesia/BIOKES-I-BT074/2025_H3N2,plate16-2-A/Indonesia/BIOKES-I-BT074/2025_H3N2,92,0.2405,0.2405
seqneut25to26_sera_4009,A/Indonesia/BIOKES-I-BT074/2025_H3N2,plate16-2-A/Indonesia/BIOKES-I-BT074/2025_H3N2,212,0.7983,0.7983
seqneut25to26_sera_4009,A/Indonesia/BIOKES-I-BT074/2025_H3N2,plate16-2-A/Indonesia/BIOKES-I-BT074/2025_H3N2,487,0.8085,0.8085
seqneut25to26_sera_4009,A/Indonesia/BIOKES-I-BT074/2025_H3N2,plate16-2-A/Indonesia/BIOKES-I-BT074/2025_H3N2,1119,0.8181,0.8181
seqneut25to26_sera_4009,A/Indonesia/BIOKES-I-BT074/2025_H3N2,plate16-2-A/Indonesia/BIOKES-I-BT074/2025_H3N2,2575,0.8234,0.8234
seqneut25to26_sera_4009,A/Indonesia/BIOKES-I-BT074/2025_H3N2,plate16-2-A/Indonesia/BIOKES-I-BT074/2025_H3N2,5921,1.005,1
seqneut25to26_sera_4009,A/Indonesia/BIOKES-I-BT074/2025_H3N2,plate16-2-A/Indonesia/BIOKES-I-BT074/2025_H3N2,1.362e+04,1.048,1
seqneut25to26_sera_4009,A/Indonesia/BIOKES-INAD491/2025_H3N2,plate16-2-A/Indonesia/BIOKES-INAD491/2025_H3N2,40,0.2465,0.2465
seqneut25to26_sera_4009,A/Indonesia/BIOKES-INAD491/2025_H3N2,plate16-2-A/Indonesia/BIOKES-INAD491/2025_H3N2,92,0.7765,0.7765
seqneut25to26_sera_4009,A/Indonesia/BIOKES-INAD491/2025_H3N2,plate16-2-A/Indonesia/BIOKES-INAD491/2025_H3N2,212,0.6304,0.6304
seqneut25to26_sera_4009,A/Indonesia/BIOKES-INAD491/2025_H3N2,plate16-2-A/Indonesia/BIOKES-INAD491/2025_H3N2,487,0.6353,0.6353
seqneut25to26_sera_4009,A/Indonesia/BIOKES-INAD491/2025_H3N2,plate16-2-A/Indonesia/BIOKES-INAD491/2025_H3N2,1119,0.7664,0.7664
seqneut25to26_sera_4009,A/Indonesia/BIOKES-INAD491/2025_H3N2,plate16-2-A/Indonesia/BIOKES-INAD491/2025_H3N2,2575,0.9721,0.9721
seqneut25to26_sera_4009,A/Indonesia/BIOKES-INAD491/2025_H3N2,plate16-2-A/Indonesia/BIOKES-INAD491/2025_H3N2,5921,1.127,1
seqneut25to26_sera_4009,A/Indonesia/BIOKES-INAD491/2025_H3N2,plate16-2-A/Indonesia/BIOKES-INAD491/2025_H3N2,1.362e+04,0.9336,0.9336
seqneut25to26_sera_4009,A/Lao/820-2750/2025_H3N2,plate16-2-A/Lao/820-2750/2025_H3N2,40,0.1221,0.1221
seqneut25to26_sera_4009,A/Lao/820-2750/2025_H3N2,plate16-2-A/Lao/820-2750/2025_H3N2,92,0.4249,0.4249
seqneut25to26_sera_4009,A/Lao/820-2750/2025_H3N2,plate16-2-A/Lao/820-2750/2025_H3N2,212,0.9038,0.9038
seqneut25to26_sera_4009,A/Lao/820-2750/2025_H3N2,plate16-2-A/Lao/820-2750/2025_H3N2,487,0.9908,0.9908
seqneut25to26_sera_4009,A/Lao/820-2750/2025_H3N2,plate16-2-A/Lao/820-2750/2025_H3N2,1119,0.6819,0.6819
seqneut25to26_sera_4009,A/Lao/820-2750/2025_H3N2,plate16-2-A/Lao/820-2750/2025_H3N2,2575,0.9355,0.9355
seqneut25to26_sera_4009,A/Lao/820-2750/2025_H3N2,plate16-2-A/Lao/820-2750/2025_H3N2,5921,1.332,1
seqneut25to26_sera_4009,A/Lao/820-2750/2025_H3N2,plate16-2-A/Lao/820-2750/2025_H3N2,1.362e+04,1.083,1
seqneut25to26_sera_4009,A/Malaysia/IMR/SARI/2028/2025_H3N2,plate16-2-A/Malaysia/IMR/SARI/2028/2025_H3N2,40,0.2469,0.2469
seqneut25to26_sera_4009,A/Malaysia/IMR/SARI/2028/2025_H3N2,plate16-2-A/Malaysia/IMR/SARI/2028/2025_H3N2,92,0.4593,0.4593
seqneut25to26_sera_4009,A/Malaysia/IMR/SARI/2028/2025_H3N2,plate16-2-A/Malaysia/IMR/SARI/2028/2025_H3N2,212,0.5781,0.5781
seqneut25to26_sera_4009,A/Malaysia/IMR/SARI/2028/2025_H3N2,plate16-2-A/Malaysia/IMR/SARI/2028/2025_H3N2,487,0.6183,0.6183
seqneut25to26_sera_4009,A/Malaysia/IMR/SARI/2028/2025_H3N2,plate16-2-A/Malaysia/IMR/SARI/2028/2025_H3N2,1119,0.6902,0.6902
seqneut25to26_sera_4009,A/Malaysia/IMR/SARI/2028/2025_H3N2,plate16-2-A/Malaysia/IMR/SARI/2028/2025_H3N2,2575,0.941,0.941
seqneut25to26_sera_4009,A/Malaysia/IMR/SARI/2028/2025_H3N2,plate16-2-A/Malaysia/IMR/SARI/2028/2025_H3N2,5921,1.148,1
seqneut25to26_sera_4009,A/Malaysia/IMR/SARI/2028/2025_H3N2,plate16-2-A/Malaysia/IMR/SARI/2028/2025_H3N2,1.362e+04,0.9786,0.9786
seqneut25to26_sera_4009,A/Malaysia/IMR/SARI/2406/2025_H3N2,plate16-2-A/Malaysia/IMR/SARI/2406/2025_H3N2,40,0.1444,0.1444
seqneut25to26_sera_4009,A/Malaysia/IMR/SARI/2406/2025_H3N2,plate16-2-A/Malaysia/IMR/SARI/2406/2025_H3N2,92,0.1897,0.1897
seqneut25to26_sera_4009,A/Malaysia/IMR/SARI/2406/2025_H3N2,plate16-2-A/Malaysia/IMR/SARI/2406/2025_H3N2,212,0.4634,0.4634
seqneut25to26_sera_4009,A/Malaysia/IMR/SARI/2406/2025_H3N2,plate16-2-A/Malaysia/IMR/SARI/2406/2025_H3N2,487,0.5386,0.5386
seqneut25to26_sera_4009,A/Malaysia/IMR/SARI/2406/2025_H3N2,plate16-2-A/Malaysia/IMR/SARI/2406/2025_H3N2,1119,0.5217,0.5217
seqneut25to26_sera_4009,A/Malaysia/IMR/SARI/2406/2025_H3N2,plate16-2-A/Malaysia/IMR/SARI/2406/2025_H3N2,2575,0.7077,0.7077
seqneut25to26_sera_4009,A/Malaysia/IMR/SARI/2406/2025_H3N2,plate16-2-A/Malaysia/IMR/SARI/2406/2025_H3N2,5921,1.224,1
seqneut25to26_sera_4009,A/Malaysia/IMR/SARI/2406/2025_H3N2,plate16-2-A/Malaysia/IMR/SARI/2406/2025_H3N2,1.362e+04,0.6353,0.6353
seqneut25to26_sera_4009,A/Malaysia/IMR/SARI/2517/2025_H3N2,plate16-2-A/Malaysia/IMR/SARI/2517/2025_H3N2,40,0.1763,0.1763
seqneut25to26_sera_4009,A/Malaysia/IMR/SARI/2517/2025_H3N2,plate16-2-A/Malaysia/IMR/SARI/2517/2025_H3N2,92,0.4702,0.4702
seqneut25to26_sera_4009,A/Malaysia/IMR/SARI/2517/2025_H3N2,plate16-2-A/Malaysia/IMR/SARI/2517/2025_H3N2,212,0.5763,0.5763
seqneut25to26_sera_4009,A/Malaysia/IMR/SARI/2517/2025_H3N2,plate16-2-A/Malaysia/IMR/SARI/2517/2025_H3N2,487,0.6789,0.6789
seqneut25to26_sera_4009,A/Malaysia/IMR/SARI/2517/2025_H3N2,plate16-2-A/Malaysia/IMR/SARI/2517/2025_H3N2,1119,0.611,0.611
seqneut25to26_sera_4009,A/Malaysia/IMR/SARI/2517/2025_H3N2,plate16-2-A/Malaysia/IMR/SARI/2517/2025_H3N2,2575,1.111,1
seqneut25to26_sera_4009,A/Malaysia/IMR/SARI/2517/2025_H3N2,plate16-2-A/Malaysia/IMR/SARI/2517/2025_H3N2,5921,1.072,1
seqneut25to26_sera_4009,A/Malaysia/IMR/SARI/2517/2025_H3N2,plate16-2-A/Malaysia/IMR/SARI/2517/2025_H3N2,1.362e+04,0.7748,0.7748
seqneut25to26_sera_4009,A/Massachusetts/18/2022_H3N2,plate16-2-A/Massachusetts/18/2022_H3N2,40,0.4598,0.4598
seqneut25to26_sera_4009,A/Massachusetts/18/2022_H3N2,plate16-2-A/Massachusetts/18/2022_H3N2,92,0.683,0.683
seqneut25to26_sera_4009,A/Massachusetts/18/2022_H3N2,plate16-2-A/Massachusetts/18/2022_H3N2,212,1.027,1
seqneut25to26_sera_4009,A/Massachusetts/18/2022_H3N2,plate16-2-A/Massachusetts/18/2022_H3N2,487,0.739,0.739
seqneut25to26_sera_4009,A/Massachusetts/18/2022_H3N2,plate16-2-A/Massachusetts/18/2022_H3N2,1119,0.6519,0.6519
seqneut25to26_sera_4009,A/Massachusetts/18/2022_H3N2,plate16-2-A/Massachusetts/18/2022_H3N2,2575,0.8757,0.8757
seqneut25to26_sera_4009,A/Massachusetts/18/2022_H3N2,plate16-2-A/Massachusetts/18/2022_H3N2,5921,0.8871,0.8871
seqneut25to26_sera_4009,A/Massachusetts/18/2022_H3N2,plate16-2-A/Massachusetts/18/2022_H3N2,1.362e+04,0.6454,0.6454
seqneut25to26_sera_4009,A/Michigan/110/2025_H3N2,plate16-2-A/Michigan/110/2025_H3N2,40,0.7562,0.7562
seqneut25to26_sera_4009,A/Michigan/110/2025_H3N2,plate16-2-A/Michigan/110/2025_H3N2,92,0.6467,0.6467
seqneut25to26_sera_4009,A/Michigan/110/2025_H3N2,plate16-2-A/Michigan/110/2025_H3N2,212,0.7524,0.7524
seqneut25to26_sera_4009,A/Michigan/110/2025_H3N2,plate16-2-A/Michigan/110/2025_H3N2,487,0.7133,0.7133
seqneut25to26_sera_4009,A/Michigan/110/2025_H3N2,plate16-2-A/Michigan/110/2025_H3N2,1119,0.6068,0.6068
seqneut25to26_sera_4009,A/Michigan/110/2025_H3N2,plate16-2-A/Michigan/110/2025_H3N2,2575,0.8899,0.8899
seqneut25to26_sera_4009,A/Michigan/110/2025_H3N2,plate16-2-A/Michigan/110/2025_H3N2,5921,1.054,1
seqneut25to26_sera_4009,A/Michigan/110/2025_H3N2,plate16-2-A/Michigan/110/2025_H3N2,1.362e+04,0.7437,0.7437
seqneut25to26_sera_4009,A/Minnesota/96/2025_H3N2,plate16-2-A/Minnesota/96/2025_H3N2,40,0.2635,0.2635
seqneut25to26_sera_4009,A/Minnesota/96/2025_H3N2,plate16-2-A/Minnesota/96/2025_H3N2,92,0.4466,0.4466
seqneut25to26_sera_4009,A/Minnesota/96/2025_H3N2,plate16-2-A/Minnesota/96/2025_H3N2,212,0.5343,0.5343
seqneut25to26_sera_4009,A/Minnesota/96/2025_H3N2,plate16-2-A/Minnesota/96/2025_H3N2,487,0.818,0.818
seqneut25to26_sera_4009,A/Minnesota/96/2025_H3N2,plate16-2-A/Minnesota/96/2025_H3N2,1119,0.6824,0.6824
seqneut25to26_sera_4009,A/Minnesota/96/2025_H3N2,plate16-2-A/Minnesota/96/2025_H3N2,2575,0.9962,0.9962
seqneut25to26_sera_4009,A/Minnesota/96/2025_H3N2,plate16-2-A/Minnesota/96/2025_H3N2,5921,1.428,1
seqneut25to26_sera_4009,A/Minnesota/96/2025_H3N2,plate16-2-A/Minnesota/96/2025_H3N2,1.362e+04,0.753,0.753
seqneut25to26_sera_4009,A/Missouri/11/2025_H1N1,plate16-2-A/Missouri/11/2025_H1N1,40,0.002584,0.002584
seqneut25to26_sera_4009,A/Missouri/11/2025_H1N1,plate16-2-A/Missouri/11/2025_H1N1,92,0.09184,0.09184
seqneut25to26_sera_4009,A/Missouri/11/2025_H1N1,plate16-2-A/Missouri/11/2025_H1N1,212,0.3171,0.3171
seqneut25to26_sera_4009,A/Missouri/11/2025_H1N1,plate16-2-A/Missouri/11/2025_H1N1,487,0.6152,0.6152
seqneut25to26_sera_4009,A/Missouri/11/2025_H1N1,plate16-2-A/Missouri/11/2025_H1N1,1119,0.459,0.459
seqneut25to26_sera_4009,A/Missouri/11/2025_H1N1,plate16-2-A/Missouri/11/2025_H1N1,2575,0.7694,0.7694
seqneut25to26_sera_4009,A/Missouri/11/2025_H1N1,plate16-2-A/Missouri/11/2025_H1N1,5921,1.518,1
seqneut25to26_sera_4009,A/Missouri/11/2025_H1N1,plate16-2-A/Missouri/11/2025_H1N1,1.362e+04,0.7257,0.7257
seqneut25to26_sera_4009,A/NewSouthWales/2526015582/2025_H3N2,plate16-2-A/NewSouthWales/2526015582/2025_H3N2,40,0.216,0.216
seqneut25to26_sera_4009,A/NewSouthWales/2526015582/2025_H3N2,plate16-2-A/NewSouthWales/2526015582/2025_H3N2,92,0.5432,0.5432
seqneut25to26_sera_4009,A/NewSouthWales/2526015582/2025_H3N2,plate16-2-A/NewSouthWales/2526015582/2025_H3N2,212,0.5026,0.5026
seqneut25to26_sera_4009,A/NewSouthWales/2526015582/2025_H3N2,plate16-2-A/NewSouthWales/2526015582/2025_H3N2,487,0.7838,0.7838
seqneut25to26_sera_4009,A/NewSouthWales/2526015582/2025_H3N2,plate16-2-A/NewSouthWales/2526015582/2025_H3N2,1119,0.8251,0.8251
seqneut25to26_sera_4009,A/NewSouthWales/2526015582/2025_H3N2,plate16-2-A/NewSouthWales/2526015582/2025_H3N2,2575,0.9633,0.9633
seqneut25to26_sera_4009,A/NewSouthWales/2526015582/2025_H3N2,plate16-2-A/NewSouthWales/2526015582/2025_H3N2,5921,1.011,1
seqneut25to26_sera_4009,A/NewSouthWales/2526015582/2025_H3N2,plate16-2-A/NewSouthWales/2526015582/2025_H3N2,1.362e+04,1.009,1
seqneut25to26_sera_4009,A/NewSouthWales/2526015584/2025_H3N2,plate16-2-A/NewSouthWales/2526015584/2025_H3N2,40,0.0354,0.0354
seqneut25to26_sera_4009,A/NewSouthWales/2526015584/2025_H3N2,plate16-2-A/NewSouthWales/2526015584/2025_H3N2,92,0.3006,0.3006
seqneut25to26_sera_4009,A/NewSouthWales/2526015584/2025_H3N2,plate16-2-A/NewSouthWales/2526015584/2025_H3N2,212,0.3647,0.3647
seqneut25to26_sera_4009,A/NewSouthWales/2526015584/2025_H3N2,plate16-2-A/NewSouthWales/2526015584/2025_H3N2,487,0.5397,0.5397
seqneut25to26_sera_4009,A/NewSouthWales/2526015584/2025_H3N2,plate16-2-A/NewSouthWales/2526015584/2025_H3N2,1119,0.4626,0.4626
seqneut25to26_sera_4009,A/NewSouthWales/2526015584/2025_H3N2,plate16-2-A/NewSouthWales/2526015584/2025_H3N2,2575,0.9064,0.9064
seqneut25to26_sera_4009,A/NewSouthWales/2526015584/2025_H3N2,plate16-2-A/NewSouthWales/2526015584/2025_H3N2,5921,1.361,1
seqneut25to26_sera_4009,A/NewSouthWales/2526015584/2025_H3N2,plate16-2-A/NewSouthWales/2526015584/2025_H3N2,1.362e+04,0.8928,0.8928
seqneut25to26_sera_4009,A/Norway/8765/2025_H3N2,plate16-2-A/Norway/8765/2025_H3N2,40,0.1068,0.1068
seqneut25to26_sera_4009,A/Norway/8765/2025_H3N2,plate16-2-A/Norway/8765/2025_H3N2,92,0.5011,0.5011
seqneut25to26_sera_4009,A/Norway/8765/2025_H3N2,plate16-2-A/Norway/8765/2025_H3N2,212,0.5248,0.5248
seqneut25to26_sera_4009,A/Norway/8765/2025_H3N2,plate16-2-A/Norway/8765/2025_H3N2,487,0.5711,0.5711
seqneut25to26_sera_4009,A/Norway/8765/2025_H3N2,plate16-2-A/Norway/8765/2025_H3N2,1119,0.6127,0.6127
seqneut25to26_sera_4009,A/Norway/8765/2025_H3N2,plate16-2-A/Norway/8765/2025_H3N2,2575,0.8959,0.8959
seqneut25to26_sera_4009,A/Norway/8765/2025_H3N2,plate16-2-A/Norway/8765/2025_H3N2,5921,0.9947,0.9947
seqneut25to26_sera_4009,A/Norway/8765/2025_H3N2,plate16-2-A/Norway/8765/2025_H3N2,1.362e+04,0.8578,0.8578
seqneut25to26_sera_4009,A/Norway/8976/2025_H3N2,plate16-2-A/Norway/8976/2025_H3N2,40,0.3433,0.3433
seqneut25to26_sera_4009,A/Norway/8976/2025_H3N2,plate16-2-A/Norway/8976/2025_H3N2,92,0.3421,0.3421
seqneut25to26_sera_4009,A/Norway/8976/2025_H3N2,plate16-2-A/Norway/8976/2025_H3N2,212,0.3726,0.3726
seqneut25to26_sera_4009,A/Norway/8976/2025_H3N2,plate16-2-A/Norway/8976/2025_H3N2,487,0.7497,0.7497
seqneut25to26_sera_4009,A/Norway/8976/2025_H3N2,plate16-2-A/Norway/8976/2025_H3N2,1119,0.5188,0.5188
seqneut25to26_sera_4009,A/Norway/8976/2025_H3N2,plate16-2-A/Norway/8976/2025_H3N2,2575,0.9366,0.9366
seqneut25to26_sera_4009,A/Norway/8976/2025_H3N2,plate16-2-A/Norway/8976/2025_H3N2,5921,0.9928,0.9928
seqneut25to26_sera_4009,A/Norway/8976/2025_H3N2,plate16-2-A/Norway/8976/2025_H3N2,1.362e+04,1.069,1
seqneut25to26_sera_4009,A/Norway/9107/2025_H1N1,plate16-2-A/Norway/9107/2025_H1N1,40,0.002675,0.002675
seqneut25to26_sera_4009,A/Norway/9107/2025_H1N1,plate16-2-A/Norway/9107/2025_H1N1,92,0.131,0.131
seqneut25to26_sera_4009,A/Norway/9107/2025_H1N1,plate16-2-A/Norway/9107/2025_H1N1,212,0.4929,0.4929
seqneut25to26_sera_4009,A/Norway/9107/2025_H1N1,plate16-2-A/Norway/9107/2025_H1N1,487,0.7191,0.7191
seqneut25to26_sera_4009,A/Norway/9107/2025_H1N1,plate16-2-A/Norway/9107/2025_H1N1,1119,1.074,1
seqneut25to26_sera_4009,A/Norway/9107/2025_H1N1,plate16-2-A/Norway/9107/2025_H1N1,2575,1.038,1
seqneut25to26_sera_4009,A/Norway/9107/2025_H1N1,plate16-2-A/Norway/9107/2025_H1N1,5921,1.133,1
seqneut25to26_sera_4009,A/Norway/9107/2025_H1N1,plate16-2-A/Norway/9107/2025_H1N1,1.362e+04,1.033,1
seqneut25to26_sera_4009,A/Norway/9556/2025_H1N1,plate16-2-A/Norway/9556/2025_H1N1,40,0.002045,0.002045
seqneut25to26_sera_4009,A/Norway/9556/2025_H1N1,plate16-2-A/Norway/9556/2025_H1N1,92,0.09491,0.09491
seqneut25to26_sera_4009,A/Norway/9556/2025_H1N1,plate16-2-A/Norway/9556/2025_H1N1,212,0.5238,0.5238
seqneut25to26_sera_4009,A/Norway/9556/2025_H1N1,plate16-2-A/Norway/9556/2025_H1N1,487,1.093,1
seqneut25to26_sera_4009,A/Norway/9556/2025_H1N1,plate16-2-A/Norway/9556/2025_H1N1,1119,0.7998,0.7998
seqneut25to26_sera_4009,A/Norway/9556/2025_H1N1,plate16-2-A/Norway/9556/2025_H1N1,2575,0.843,0.843
seqneut25to26_sera_4009,A/Norway/9556/2025_H1N1,plate16-2-A/Norway/9556/2025_H1N1,5921,1.175,1
seqneut25to26_sera_4009,A/Norway/9556/2025_H1N1,plate16-2-A/Norway/9556/2025_H1N1,1.362e+04,1.191,1
seqneut25to26_sera_4009,A/Peru/GIHSN-04-1089/2025_H3N2,plate16-2-A/Peru/GIHSN-04-1089/2025_H3N2,40,0.4065,0.4065
seqneut25to26_sera_4009,A/Peru/GIHSN-04-1089/2025_H3N2,plate16-2-A/Peru/GIHSN-04-1089/2025_H3N2,92,0.4446,0.4446
seqneut25to26_sera_4009,A/Peru/GIHSN-04-1089/2025_H3N2,plate16-2-A/Peru/GIHSN-04-1089/2025_H3N2,212,0.8354,0.8354
seqneut25to26_sera_4009,A/Peru/GIHSN-04-1089/2025_H3N2,plate16-2-A/Peru/GIHSN-04-1089/2025_H3N2,487,0.7248,0.7248
seqneut25to26_sera_4009,A/Peru/GIHSN-04-1089/2025_H3N2,plate16-2-A/Peru/GIHSN-04-1089/2025_H3N2,1119,0.7256,0.7256
seqneut25to26_sera_4009,A/Peru/GIHSN-04-1089/2025_H3N2,plate16-2-A/Peru/GIHSN-04-1089/2025_H3N2,2575,0.7967,0.7967
seqneut25to26_sera_4009,A/Peru/GIHSN-04-1089/2025_H3N2,plate16-2-A/Peru/GIHSN-04-1089/2025_H3N2,5921,0.8571,0.8571
seqneut25to26_sera_4009,A/Peru/GIHSN-04-1089/2025_H3N2,plate16-2-A/Peru/GIHSN-04-1089/2025_H3N2,1.362e+04,0.9682,0.9682
seqneut25to26_sera_4009,A/Philippines/SARI25-1425/2025_H1N1,plate16-2-A/Philippines/SARI25-1425/2025_H1N1,40,0.009739,0.009739
seqneut25to26_sera_4009,A/Philippines/SARI25-1425/2025_H1N1,plate16-2-A/Philippines/SARI25-1425/2025_H1N1,92,0.1066,0.1066
seqneut25to26_sera_4009,A/Philippines/SARI25-1425/2025_H1N1,plate16-2-A/Philippines/SARI25-1425/2025_H1N1,212,0.5098,0.5098
seqneut25to26_sera_4009,A/Philippines/SARI25-1425/2025_H1N1,plate16-2-A/Philippines/SARI25-1425/2025_H1N1,487,0.7309,0.7309
seqneut25to26_sera_4009,A/Philippines/SARI25-1425/2025_H1N1,plate16-2-A/Philippines/SARI25-1425/2025_H1N1,1119,0.8809,0.8809
seqneut25to26_sera_4009,A/Philippines/SARI25-1425/2025_H1N1,plate16-2-A/Philippines/SARI25-1425/2025_H1N1,2575,1.211,1
seqneut25to26_sera_4009,A/Philippines/SARI25-1425/2025_H1N1,plate16-2-A/Philippines/SARI25-1425/2025_H1N1,5921,1.018,1
seqneut25to26_sera_4009,A/Philippines/SARI25-1425/2025_H1N1,plate16-2-A/Philippines/SARI25-1425/2025_H1N1,1.362e+04,0.9423,0.9423
seqneut25to26_sera_4009,A/Queensland/2526516675/2025_H3N2,plate16-2-A/Queensland/2526516675/2025_H3N2,40,0.1906,0.1906
seqneut25to26_sera_4009,A/Queensland/2526516675/2025_H3N2,plate16-2-A/Queensland/2526516675/2025_H3N2,92,0.3285,0.3285
seqneut25to26_sera_4009,A/Queensland/2526516675/2025_H3N2,plate16-2-A/Queensland/2526516675/2025_H3N2,212,0.5418,0.5418
seqneut25to26_sera_4009,A/Queensland/2526516675/2025_H3N2,plate16-2-A/Queensland/2526516675/2025_H3N2,487,0.6805,0.6805
seqneut25to26_sera_4009,A/Queensland/2526516675/2025_H3N2,plate16-2-A/Queensland/2526516675/2025_H3N2,1119,0.7536,0.7536
seqneut25to26_sera_4009,A/Queensland/2526516675/2025_H3N2,plate16-2-A/Queensland/2526516675/2025_H3N2,2575,1.18,1
seqneut25to26_sera_4009,A/Queensland/2526516675/2025_H3N2,plate16-2-A/Queensland/2526516675/2025_H3N2,5921,1.092,1
seqneut25to26_sera_4009,A/Queensland/2526516675/2025_H3N2,plate16-2-A/Queensland/2526516675/2025_H3N2,1.362e+04,1.09,1
seqneut25to26_sera_4009,A/SouthAfrica/PET37604/2025_H3N2,plate16-2-A/SouthAfrica/PET37604/2025_H3N2,40,0.2829,0.2829
seqneut25to26_sera_4009,A/SouthAfrica/PET37604/2025_H3N2,plate16-2-A/SouthAfrica/PET37604/2025_H3N2,92,0.4092,0.4092
seqneut25to26_sera_4009,A/SouthAfrica/PET37604/2025_H3N2,plate16-2-A/SouthAfrica/PET37604/2025_H3N2,212,0.5159,0.5159
seqneut25to26_sera_4009,A/SouthAfrica/PET37604/2025_H3N2,plate16-2-A/SouthAfrica/PET37604/2025_H3N2,487,0.7167,0.7167
seqneut25to26_sera_4009,A/SouthAfrica/PET37604/2025_H3N2,plate16-2-A/SouthAfrica/PET37604/2025_H3N2,1119,0.6724,0.6724
seqneut25to26_sera_4009,A/SouthAfrica/PET37604/2025_H3N2,plate16-2-A/SouthAfrica/PET37604/2025_H3N2,2575,0.9601,0.9601
seqneut25to26_sera_4009,A/SouthAfrica/PET37604/2025_H3N2,plate16-2-A/SouthAfrica/PET37604/2025_H3N2,5921,1.287,1
seqneut25to26_sera_4009,A/SouthAfrica/PET37604/2025_H3N2,plate16-2-A/SouthAfrica/PET37604/2025_H3N2,1.362e+04,0.866,0.866
seqneut25to26_sera_4009,A/SouthAfrica/PET37625/2025_H3N2,plate16-2-A/SouthAfrica/PET37625/2025_H3N2,40,0.3138,0.3138
seqneut25to26_sera_4009,A/SouthAfrica/PET37625/2025_H3N2,plate16-2-A/SouthAfrica/PET37625/2025_H3N2,92,0.4684,0.4684
seqneut25to26_sera_4009,A/SouthAfrica/PET37625/2025_H3N2,plate16-2-A/SouthAfrica/PET37625/2025_H3N2,212,0.6393,0.6393
seqneut25to26_sera_4009,A/SouthAfrica/PET37625/2025_H3N2,plate16-2-A/SouthAfrica/PET37625/2025_H3N2,487,0.9398,0.9398
seqneut25to26_sera_4009,A/SouthAfrica/PET37625/2025_H3N2,plate16-2-A/SouthAfrica/PET37625/2025_H3N2,1119,0.704,0.704
seqneut25to26_sera_4009,A/SouthAfrica/PET37625/2025_H3N2,plate16-2-A/SouthAfrica/PET37625/2025_H3N2,2575,0.8153,0.8153
seqneut25to26_sera_4009,A/SouthAfrica/PET37625/2025_H3N2,plate16-2-A/SouthAfrica/PET37625/2025_H3N2,5921,1.175,1
seqneut25to26_sera_4009,A/SouthAfrica/PET37625/2025_H3N2,plate16-2-A/SouthAfrica/PET37625/2025_H3N2,1.362e+04,0.9265,0.9265
seqneut25to26_sera_4009,A/SouthAustralia/2519001037/2025_H1N1,plate16-2-A/SouthAustralia/2519001037/2025_H1N1,40,0.004795,0.004795
seqneut25to26_sera_4009,A/SouthAustralia/2519001037/2025_H1N1,plate16-2-A/SouthAustralia/2519001037/2025_H1N1,92,0.05555,0.05555
seqneut25to26_sera_4009,A/SouthAustralia/2519001037/2025_H1N1,plate16-2-A/SouthAustralia/2519001037/2025_H1N1,212,0.7816,0.7816
seqneut25to26_sera_4009,A/SouthAustralia/2519001037/2025_H1N1,plate16-2-A/SouthAustralia/2519001037/2025_H1N1,487,1.052,1
seqneut25to26_sera_4009,A/SouthAustralia/2519001037/2025_H1N1,plate16-2-A/SouthAustralia/2519001037/2025_H1N1,1119,0.7968,0.7968
seqneut25to26_sera_4009,A/SouthAustralia/2519001037/2025_H1N1,plate16-2-A/SouthAustralia/2519001037/2025_H1N1,2575,1.146,1
seqneut25to26_sera_4009,A/SouthAustralia/2519001037/2025_H1N1,plate16-2-A/SouthAustralia/2519001037/2025_H1N1,5921,1.256,1
seqneut25to26_sera_4009,A/SouthAustralia/2519001037/2025_H1N1,plate16-2-A/SouthAustralia/2519001037/2025_H1N1,1.362e+04,0.9515,0.9515
seqneut25to26_sera_4009,A/SouthAustralia/2520702747/2025_H1N1,plate16-2-A/SouthAustralia/2520702747/2025_H1N1,40,0.006313,0.006313
seqneut25to26_sera_4009,A/SouthAustralia/2520702747/2025_H1N1,plate16-2-A/SouthAustralia/2520702747/2025_H1N1,92,0.07859,0.07859
seqneut25to26_sera_4009,A/SouthAustralia/2520702747/2025_H1N1,plate16-2-A/SouthAustralia/2520702747/2025_H1N1,212,0.5564,0.5564
seqneut25to26_sera_4009,A/SouthAustralia/2520702747/2025_H1N1,plate16-2-A/SouthAustralia/2520702747/2025_H1N1,487,0.7504,0.7504
seqneut25to26_sera_4009,A/SouthAustralia/2520702747/2025_H1N1,plate16-2-A/SouthAustralia/2520702747/2025_H1N1,1119,0.6057,0.6057
seqneut25to26_sera_4009,A/SouthAustralia/2520702747/2025_H1N1,plate16-2-A/SouthAustralia/2520702747/2025_H1N1,2575,0.7638,0.7638
seqneut25to26_sera_4009,A/SouthAustralia/2520702747/2025_H1N1,plate16-2-A/SouthAustralia/2520702747/2025_H1N1,5921,1.183,1
seqneut25to26_sera_4009,A/SouthAustralia/2520702747/2025_H1N1,plate16-2-A/SouthAustralia/2520702747/2025_H1N1,1.362e+04,1.024,1
seqneut25to26_sera_4009,A/SouthAustralia/2523012764/2025_H1N1,plate16-2-A/SouthAustralia/2523012764/2025_H1N1,40,0.003785,0.003785
seqneut25to26_sera_4009,A/SouthAustralia/2523012764/2025_H1N1,plate16-2-A/SouthAustralia/2523012764/2025_H1N1,92,0.2817,0.2817
seqneut25to26_sera_4009,A/SouthAustralia/2523012764/2025_H1N1,plate16-2-A/SouthAustralia/2523012764/2025_H1N1,212,0.9685,0.9685
seqneut25to26_sera_4009,A/SouthAustralia/2523012764/2025_H1N1,plate16-2-A/SouthAustralia/2523012764/2025_H1N1,487,1.072,1
seqneut25to26_sera_4009,A/SouthAustralia/2523012764/2025_H1N1,plate16-2-A/SouthAustralia/2523012764/2025_H1N1,1119,0.8245,0.8245
seqneut25to26_sera_4009,A/SouthAustralia/2523012764/2025_H1N1,plate16-2-A/SouthAustralia/2523012764/2025_H1N1,2575,2.432,1
seqneut25to26_sera_4009,A/SouthAustralia/2523012764/2025_H1N1,plate16-2-A/SouthAustralia/2523012764/2025_H1N1,5921,0.9828,0.9828
seqneut25to26_sera_4009,A/SouthAustralia/2523012764/2025_H1N1,plate16-2-A/SouthAustralia/2523012764/2025_H1N1,1.362e+04,1.557,1
seqneut25to26_sera_4009,A/SouthAustralia/2523812314/2025_H3N2,plate16-2-A/SouthAustralia/2523812314/2025_H3N2,40,0.2737,0.2737
seqneut25to26_sera_4009,A/SouthAustralia/2523812314/2025_H3N2,plate16-2-A/SouthAustralia/2523812314/2025_H3N2,92,0.3936,0.3936
seqneut25to26_sera_4009,A/SouthAustralia/2523812314/2025_H3N2,plate16-2-A/SouthAustralia/2523812314/2025_H3N2,212,0.681,0.681
seqneut25to26_sera_4009,A/SouthAustralia/2523812314/2025_H3N2,plate16-2-A/SouthAustralia/2523812314/2025_H3N2,487,0.7083,0.7083
seqneut25to26_sera_4009,A/SouthAustralia/2523812314/2025_H3N2,plate16-2-A/SouthAustralia/2523812314/2025_H3N2,1119,0.7384,0.7384
seqneut25to26_sera_4009,A/SouthAustralia/2523812314/2025_H3N2,plate16-2-A/SouthAustralia/2523812314/2025_H3N2,2575,1.01,1
seqneut25to26_sera_4009,A/SouthAustralia/2523812314/2025_H3N2,plate16-2-A/SouthAustralia/2523812314/2025_H3N2,5921,1.052,1
seqneut25to26_sera_4009,A/SouthAustralia/2523812314/2025_H3N2,plate16-2-A/SouthAustralia/2523812314/2025_H3N2,1.362e+04,0.7733,0.7733
seqneut25to26_sera_4009,A/SouthAustralia/2524408801/2025_H3N2,plate16-2-A/SouthAustralia/2524408801/2025_H3N2,40,0.1844,0.1844
seqneut25to26_sera_4009,A/SouthAustralia/2524408801/2025_H3N2,plate16-2-A/SouthAustralia/2524408801/2025_H3N2,92,0.3321,0.3321
seqneut25to26_sera_4009,A/SouthAustralia/2524408801/2025_H3N2,plate16-2-A/SouthAustralia/2524408801/2025_H3N2,212,0.7249,0.7249
seqneut25to26_sera_4009,A/SouthAustralia/2524408801/2025_H3N2,plate16-2-A/SouthAustralia/2524408801/2025_H3N2,487,0.6011,0.6011
seqneut25to26_sera_4009,A/SouthAustralia/2524408801/2025_H3N2,plate16-2-A/SouthAustralia/2524408801/2025_H3N2,1119,0.591,0.591
seqneut25to26_sera_4009,A/SouthAustralia/2524408801/2025_H3N2,plate16-2-A/SouthAustralia/2524408801/2025_H3N2,2575,1.446,1
seqneut25to26_sera_4009,A/SouthAustralia/2524408801/2025_H3N2,plate16-2-A/SouthAustralia/2524408801/2025_H3N2,5921,1.025,1
seqneut25to26_sera_4009,A/SouthAustralia/2524408801/2025_H3N2,plate16-2-A/SouthAustralia/2524408801/2025_H3N2,1.362e+04,1.323,1
seqneut25to26_sera_4009,A/SouthAustralia/2524712956/2025_H1N1,plate16-2-A/SouthAustralia/2524712956/2025_H1N1,40,0.005125,0.005125
seqneut25to26_sera_4009,A/SouthAustralia/2524712956/2025_H1N1,plate16-2-A/SouthAustralia/2524712956/2025_H1N1,92,0.06055,0.06055
seqneut25to26_sera_4009,A/SouthAustralia/2524712956/2025_H1N1,plate16-2-A/SouthAustralia/2524712956/2025_H1N1,212,0.704,0.704
seqneut25to26_sera_4009,A/SouthAustralia/2524712956/2025_H1N1,plate16-2-A/SouthAustralia/2524712956/2025_H1N1,487,0.985,0.985
seqneut25to26_sera_4009,A/SouthAustralia/2524712956/2025_H1N1,plate16-2-A/SouthAustralia/2524712956/2025_H1N1,1119,0.8285,0.8285
seqneut25to26_sera_4009,A/SouthAustralia/2524712956/2025_H1N1,plate16-2-A/SouthAustralia/2524712956/2025_H1N1,2575,1.045,1
seqneut25to26_sera_4009,A/SouthAustralia/2524712956/2025_H1N1,plate16-2-A/SouthAustralia/2524712956/2025_H1N1,5921,1.373,1
seqneut25to26_sera_4009,A/SouthAustralia/2524712956/2025_H1N1,plate16-2-A/SouthAustralia/2524712956/2025_H1N1,1.362e+04,0.7178,0.7178
seqneut25to26_sera_4009,A/SouthAustralia/2525607496/2025_H3N2,plate16-2-A/SouthAustralia/2525607496/2025_H3N2,40,0.2476,0.2476
seqneut25to26_sera_4009,A/SouthAustralia/2525607496/2025_H3N2,plate16-2-A/SouthAustralia/2525607496/2025_H3N2,92,0.4589,0.4589
seqneut25to26_sera_4009,A/SouthAustralia/2525607496/2025_H3N2,plate16-2-A/SouthAustralia/2525607496/2025_H3N2,212,0.4076,0.4076
seqneut25to26_sera_4009,A/SouthAustralia/2525607496/2025_H3N2,plate16-2-A/SouthAustralia/2525607496/2025_H3N2,487,0.7806,0.7806
seqneut25to26_sera_4009,A/SouthAustralia/2525607496/2025_H3N2,plate16-2-A/SouthAustralia/2525607496/2025_H3N2,1119,0.5855,0.5855
seqneut25to26_sera_4009,A/SouthAustralia/2525607496/2025_H3N2,plate16-2-A/SouthAustralia/2525607496/2025_H3N2,2575,0.7519,0.7519
seqneut25to26_sera_4009,A/SouthAustralia/2525607496/2025_H3N2,plate16-2-A/SouthAustralia/2525607496/2025_H3N2,5921,0.9303,0.9303
seqneut25to26_sera_4009,A/SouthAustralia/2525607496/2025_H3N2,plate16-2-A/SouthAustralia/2525607496/2025_H3N2,1.362e+04,1.126,1
seqneut25to26_sera_4009,A/SouthAustralia/2527003588/2025_H3N2,plate16-2-A/SouthAustralia/2527003588/2025_H3N2,40,0.188,0.188
seqneut25to26_sera_4009,A/SouthAustralia/2527003588/2025_H3N2,plate16-2-A/SouthAustralia/2527003588/2025_H3N2,92,0.4643,0.4643
seqneut25to26_sera_4009,A/SouthAustralia/2527003588/2025_H3N2,plate16-2-A/SouthAustralia/2527003588/2025_H3N2,212,0.7069,0.7069
seqneut25to26_sera_4009,A/SouthAustralia/2527003588/2025_H3N2,plate16-2-A/SouthAustralia/2527003588/2025_H3N2,487,0.8662,0.8662
seqneut25to26_sera_4009,A/SouthAustralia/2527003588/2025_H3N2,plate16-2-A/SouthAustralia/2527003588/2025_H3N2,1119,0.5421,0.5421
seqneut25to26_sera_4009,A/SouthAustralia/2527003588/2025_H3N2,plate16-2-A/SouthAustralia/2527003588/2025_H3N2,2575,0.7114,0.7114
seqneut25to26_sera_4009,A/SouthAustralia/2527003588/2025_H3N2,plate16-2-A/SouthAustralia/2527003588/2025_H3N2,5921,1.423,1
seqneut25to26_sera_4009,A/SouthAustralia/2527003588/2025_H3N2,plate16-2-A/SouthAustralia/2527003588/2025_H3N2,1.362e+04,1.305,1
seqneut25to26_sera_4009,A/SouthAustralia/2527612456/2025_H1N1,plate16-2-A/SouthAustralia/2527612456/2025_H1N1,40,0.0006046,0.0006046
seqneut25to26_sera_4009,A/SouthAustralia/2527612456/2025_H1N1,plate16-2-A/SouthAustralia/2527612456/2025_H1N1,92,0.1503,0.1503
seqneut25to26_sera_4009,A/SouthAustralia/2527612456/2025_H1N1,plate16-2-A/SouthAustralia/2527612456/2025_H1N1,212,0.7806,0.7806
seqneut25to26_sera_4009,A/SouthAustralia/2527612456/2025_H1N1,plate16-2-A/SouthAustralia/2527612456/2025_H1N1,487,0.9956,0.9956
seqneut25to26_sera_4009,A/SouthAustralia/2527612456/2025_H1N1,plate16-2-A/SouthAustralia/2527612456/2025_H1N1,1119,0.8607,0.8607
seqneut25to26_sera_4009,A/SouthAustralia/2527612456/2025_H1N1,plate16-2-A/SouthAustralia/2527612456/2025_H1N1,2575,1.164,1
seqneut25to26_sera_4009,A/SouthAustralia/2527612456/2025_H1N1,plate16-2-A/SouthAustralia/2527612456/2025_H1N1,5921,1.16,1
seqneut25to26_sera_4009,A/SouthAustralia/2527612456/2025_H1N1,plate16-2-A/SouthAustralia/2527612456/2025_H1N1,1.362e+04,1.026,1
seqneut25to26_sera_4009,A/SouthAustralia/2527902708/2025_H3N2,plate16-2-A/SouthAustralia/2527902708/2025_H3N2,40,0.05982,0.05982
seqneut25to26_sera_4009,A/SouthAustralia/2527902708/2025_H3N2,plate16-2-A/SouthAustralia/2527902708/2025_H3N2,92,0.4215,0.4215
seqneut25to26_sera_4009,A/SouthAustralia/2527902708/2025_H3N2,plate16-2-A/SouthAustralia/2527902708/2025_H3N2,212,0.6033,0.6033
seqneut25to26_sera_4009,A/SouthAustralia/2527902708/2025_H3N2,plate16-2-A/SouthAustralia/2527902708/2025_H3N2,487,1.622,1
seqneut25to26_sera_4009,A/SouthAustralia/2527902708/2025_H3N2,plate16-2-A/SouthAustralia/2527902708/2025_H3N2,1119,0.6583,0.6583
seqneut25to26_sera_4009,A/SouthAustralia/2527902708/2025_H3N2,plate16-2-A/SouthAustralia/2527902708/2025_H3N2,2575,1.104,1
seqneut25to26_sera_4009,A/SouthAustralia/2527902708/2025_H3N2,plate16-2-A/SouthAustralia/2527902708/2025_H3N2,5921,1.146,1
seqneut25to26_sera_4009,A/SouthAustralia/2527902708/2025_H3N2,plate16-2-A/SouthAustralia/2527902708/2025_H3N2,1.362e+04,1.127,1
seqneut25to26_sera_4009,A/Sydney/1359/2024_H3N2,plate16-2-A/Sydney/1359/2024_H3N2,40,0.3655,0.3655
seqneut25to26_sera_4009,A/Sydney/1359/2024_H3N2,plate16-2-A/Sydney/1359/2024_H3N2,92,0.5583,0.5583
seqneut25to26_sera_4009,A/Sydney/1359/2024_H3N2,plate16-2-A/Sydney/1359/2024_H3N2,212,1.072,1
seqneut25to26_sera_4009,A/Sydney/1359/2024_H3N2,plate16-2-A/Sydney/1359/2024_H3N2,487,0.8247,0.8247
seqneut25to26_sera_4009,A/Sydney/1359/2024_H3N2,plate16-2-A/Sydney/1359/2024_H3N2,1119,0.6551,0.6551
seqneut25to26_sera_4009,A/Sydney/1359/2024_H3N2,plate16-2-A/Sydney/1359/2024_H3N2,2575,0.8829,0.8829
seqneut25to26_sera_4009,A/Sydney/1359/2024_H3N2,plate16-2-A/Sydney/1359/2024_H3N2,5921,1.14,1
seqneut25to26_sera_4009,A/Sydney/1359/2024_H3N2,plate16-2-A/Sydney/1359/2024_H3N2,1.362e+04,1.037,1
seqneut25to26_sera_4009,A/Sydney/400/2025_H1N1,plate16-2-A/Sydney/400/2025_H1N1,40,0.003752,0.003752
seqneut25to26_sera_4009,A/Sydney/400/2025_H1N1,plate16-2-A/Sydney/400/2025_H1N1,92,0.036,0.036
seqneut25to26_sera_4009,A/Sydney/400/2025_H1N1,plate16-2-A/Sydney/400/2025_H1N1,212,0.1741,0.1741
seqneut25to26_sera_4009,A/Sydney/400/2025_H1N1,plate16-2-A/Sydney/400/2025_H1N1,487,0.6098,0.6098
seqneut25to26_sera_4009,A/Sydney/400/2025_H1N1,plate16-2-A/Sydney/400/2025_H1N1,1119,0.6518,0.6518
seqneut25to26_sera_4009,A/Sydney/400/2025_H1N1,plate16-2-A/Sydney/400/2025_H1N1,2575,0.6705,0.6705
seqneut25to26_sera_4009,A/Sydney/400/2025_H1N1,plate16-2-A/Sydney/400/2025_H1N1,5921,0.6506,0.6506
seqneut25to26_sera_4009,A/Sydney/400/2025_H1N1,plate16-2-A/Sydney/400/2025_H1N1,1.362e+04,0.7251,0.7251
seqneut25to26_sera_4009,A/Tasmania/2521815682/2025_H3N2,plate16-2-A/Tasmania/2521815682/2025_H3N2,40,0.2016,0.2016
seqneut25to26_sera_4009,A/Tasmania/2521815682/2025_H3N2,plate16-2-A/Tasmania/2521815682/2025_H3N2,92,0.5588,0.5588
seqneut25to26_sera_4009,A/Tasmania/2521815682/2025_H3N2,plate16-2-A/Tasmania/2521815682/2025_H3N2,212,0.6638,0.6638
seqneut25to26_sera_4009,A/Tasmania/2521815682/2025_H3N2,plate16-2-A/Tasmania/2521815682/2025_H3N2,487,0.9226,0.9226
seqneut25to26_sera_4009,A/Tasmania/2521815682/2025_H3N2,plate16-2-A/Tasmania/2521815682/2025_H3N2,1119,0.6875,0.6875
seqneut25to26_sera_4009,A/Tasmania/2521815682/2025_H3N2,plate16-2-A/Tasmania/2521815682/2025_H3N2,2575,0.8244,0.8244
seqneut25to26_sera_4009,A/Tasmania/2521815682/2025_H3N2,plate16-2-A/Tasmania/2521815682/2025_H3N2,5921,1.002,1
seqneut25to26_sera_4009,A/Tasmania/2521815682/2025_H3N2,plate16-2-A/Tasmania/2521815682/2025_H3N2,1.362e+04,1.142,1
seqneut25to26_sera_4009,A/Thailand/8/2022_H3N2,plate16-2-A/Thailand/8/2022_H3N2,40,0.279,0.279
seqneut25to26_sera_4009,A/Thailand/8/2022_H3N2,plate16-2-A/Thailand/8/2022_H3N2,92,0.7183,0.7183
seqneut25to26_sera_4009,A/Thailand/8/2022_H3N2,plate16-2-A/Thailand/8/2022_H3N2,212,0.5883,0.5883
seqneut25to26_sera_4009,A/Thailand/8/2022_H3N2,plate16-2-A/Thailand/8/2022_H3N2,487,0.922,0.922
seqneut25to26_sera_4009,A/Thailand/8/2022_H3N2,plate16-2-A/Thailand/8/2022_H3N2,1119,0.5755,0.5755
seqneut25to26_sera_4009,A/Thailand/8/2022_H3N2,plate16-2-A/Thailand/8/2022_H3N2,2575,0.6342,0.6342
seqneut25to26_sera_4009,A/Thailand/8/2022_H3N2,plate16-2-A/Thailand/8/2022_H3N2,5921,0.7512,0.7512
seqneut25to26_sera_4009,A/Thailand/8/2022_H3N2,plate16-2-A/Thailand/8/2022_H3N2,1.362e+04,0.5432,0.5432
seqneut25to26_sera_4009,A/Vermont/73/2025_H3N2,plate16-2-A/Vermont/73/2025_H3N2,40,0.2869,0.2869
seqneut25to26_sera_4009,A/Vermont/73/2025_H3N2,plate16-2-A/Vermont/73/2025_H3N2,92,0.4631,0.4631
seqneut25to26_sera_4009,A/Vermont/73/2025_H3N2,plate16-2-A/Vermont/73/2025_H3N2,212,0.9262,0.9262
seqneut25to26_sera_4009,A/Vermont/73/2025_H3N2,plate16-2-A/Vermont/73/2025_H3N2,487,0.9034,0.9034
seqneut25to26_sera_4009,A/Vermont/73/2025_H3N2,plate16-2-A/Vermont/73/2025_H3N2,1119,0.6467,0.6467
seqneut25to26_sera_4009,A/Vermont/73/2025_H3N2,plate16-2-A/Vermont/73/2025_H3N2,2575,0.9005,0.9005
seqneut25to26_sera_4009,A/Vermont/73/2025_H3N2,plate16-2-A/Vermont/73/2025_H3N2,5921,1.298,1
seqneut25to26_sera_4009,A/Vermont/73/2025_H3N2,plate16-2-A/Vermont/73/2025_H3N2,1.362e+04,0.8198,0.8198
seqneut25to26_sera_4009,A/Victoria/4897/2022_IVR-238_H1N1,plate16-2-A/Victoria/4897/2022_IVR-238_H1N1,40,0.0004757,0.0004757
seqneut25to26_sera_4009,A/Victoria/4897/2022_IVR-238_H1N1,plate16-2-A/Victoria/4897/2022_IVR-238_H1N1,92,0.0003293,0.0003293
seqneut25to26_sera_4009,A/Victoria/4897/2022_IVR-238_H1N1,plate16-2-A/Victoria/4897/2022_IVR-238_H1N1,212,0.0004093,0.0004093
seqneut25to26_sera_4009,A/Victoria/4897/2022_IVR-238_H1N1,plate16-2-A/Victoria/4897/2022_IVR-238_H1N1,487,0.0001924,0.0001924
seqneut25to26_sera_4009,A/Victoria/4897/2022_IVR-238_H1N1,plate16-2-A/Victoria/4897/2022_IVR-238_H1N1,1119,0.0229,0.0229
seqneut25to26_sera_4009,A/Victoria/4897/2022_IVR-238_H1N1,plate16-2-A/Victoria/4897/2022_IVR-238_H1N1,2575,0.2804,0.2804
seqneut25to26_sera_4009,A/Victoria/4897/2022_IVR-238_H1N1,plate16-2-A/Victoria/4897/2022_IVR-238_H1N1,5921,0.8978,0.8978
seqneut25to26_sera_4009,A/Victoria/4897/2022_IVR-238_H1N1,plate16-2-A/Victoria/4897/2022_IVR-238_H1N1,1.362e+04,0.7585,0.7585
seqneut25to26_sera_4009,A/Wisconsin/588/2019_H1N1,plate16-2-A/Wisconsin/588/2019_H1N1,40,0.0004487,0.0004487
seqneut25to26_sera_4009,A/Wisconsin/588/2019_H1N1,plate16-2-A/Wisconsin/588/2019_H1N1,92,0.0008921,0.0008921
seqneut25to26_sera_4009,A/Wisconsin/588/2019_H1N1,plate16-2-A/Wisconsin/588/2019_H1N1,212,0.00297,0.00297
seqneut25to26_sera_4009,A/Wisconsin/588/2019_H1N1,plate16-2-A/Wisconsin/588/2019_H1N1,487,0.07378,0.07378
seqneut25to26_sera_4009,A/Wisconsin/588/2019_H1N1,plate16-2-A/Wisconsin/588/2019_H1N1,1119,0.2082,0.2082
seqneut25to26_sera_4009,A/Wisconsin/588/2019_H1N1,plate16-2-A/Wisconsin/588/2019_H1N1,2575,0.6344,0.6344
seqneut25to26_sera_4009,A/Wisconsin/588/2019_H1N1,plate16-2-A/Wisconsin/588/2019_H1N1,5921,0.8358,0.8358
seqneut25to26_sera_4009,A/Wisconsin/588/2019_H1N1,plate16-2-A/Wisconsin/588/2019_H1N1,1.362e+04,0.5567,0.5567
seqneut25to26_sera_4009,A/Wisconsin/67/2022_H1N1,plate16-2-A/Wisconsin/67/2022_H1N1,40,0.002993,0.002993
seqneut25to26_sera_4009,A/Wisconsin/67/2022_H1N1,plate16-2-A/Wisconsin/67/2022_H1N1,92,0.03568,0.03568
seqneut25to26_sera_4009,A/Wisconsin/67/2022_H1N1,plate16-2-A/Wisconsin/67/2022_H1N1,212,0.474,0.474
seqneut25to26_sera_4009,A/Wisconsin/67/2022_H1N1,plate16-2-A/Wisconsin/67/2022_H1N1,487,0.8301,0.8301
seqneut25to26_sera_4009,A/Wisconsin/67/2022_H1N1,plate16-2-A/Wisconsin/67/2022_H1N1,1119,1.007,1
seqneut25to26_sera_4009,A/Wisconsin/67/2022_H1N1,plate16-2-A/Wisconsin/67/2022_H1N1,2575,1.122,1
seqneut25to26_sera_4009,A/Wisconsin/67/2022_H1N1,plate16-2-A/Wisconsin/67/2022_H1N1,5921,1.117,1
seqneut25to26_sera_4009,A/Wisconsin/67/2022_H1N1,plate16-2-A/Wisconsin/67/2022_H1N1,1.362e+04,0.779,0.779
seqneut25to26_sera_4009,A/Zacapa/FLU-261/2025_H1N1,plate16-2-A/Zacapa/FLU-261/2025_H1N1,40,0.004903,0.004903
seqneut25to26_sera_4009,A/Zacapa/FLU-261/2025_H1N1,plate16-2-A/Zacapa/FLU-261/2025_H1N1,92,0.1101,0.1101
seqneut25to26_sera_4009,A/Zacapa/FLU-261/2025_H1N1,plate16-2-A/Zacapa/FLU-261/2025_H1N1,212,0.495,0.495
seqneut25to26_sera_4009,A/Zacapa/FLU-261/2025_H1N1,plate16-2-A/Zacapa/FLU-261/2025_H1N1,487,1.226,1
seqneut25to26_sera_4009,A/Zacapa/FLU-261/2025_H1N1,plate16-2-A/Zacapa/FLU-261/2025_H1N1,1119,1.092,1
seqneut25to26_sera_4009,A/Zacapa/FLU-261/2025_H1N1,plate16-2-A/Zacapa/FLU-261/2025_H1N1,2575,0.8604,0.8604
seqneut25to26_sera_4009,A/Zacapa/FLU-261/2025_H1N1,plate16-2-A/Zacapa/FLU-261/2025_H1N1,5921,1.11,1
seqneut25to26_sera_4009,A/Zacapa/FLU-261/2025_H1N1,plate16-2-A/Zacapa/FLU-261/2025_H1N1,1.362e+04,0.7374,0.7374
seqneut25to26_sera_4010,A/Alagoas/4130/2025_H3N2,plate16-2-A/Alagoas/4130/2025_H3N2,40,0.03272,0.03272
seqneut25to26_sera_4010,A/Alagoas/4130/2025_H3N2,plate16-2-A/Alagoas/4130/2025_H3N2,92,0.06069,0.06069
seqneut25to26_sera_4010,A/Alagoas/4130/2025_H3N2,plate16-2-A/Alagoas/4130/2025_H3N2,212,0.3175,0.3175
seqneut25to26_sera_4010,A/Alagoas/4130/2025_H3N2,plate16-2-A/Alagoas/4130/2025_H3N2,487,0.6704,0.6704
seqneut25to26_sera_4010,A/Alagoas/4130/2025_H3N2,plate16-2-A/Alagoas/4130/2025_H3N2,1119,0.5401,0.5401
seqneut25to26_sera_4010,A/Alagoas/4130/2025_H3N2,plate16-2-A/Alagoas/4130/2025_H3N2,2575,1.005,1
seqneut25to26_sera_4010,A/Alagoas/4130/2025_H3N2,plate16-2-A/Alagoas/4130/2025_H3N2,5921,0.7845,0.7845
seqneut25to26_sera_4010,A/Alagoas/4130/2025_H3N2,plate16-2-A/Alagoas/4130/2025_H3N2,1.362e+04,1.179,1
seqneut25to26_sera_4010,A/Anapolis/LEIAL6543/2025_H3N2,plate16-2-A/Anapolis/LEIAL6543/2025_H3N2,40,0.04514,0.04514
seqneut25to26_sera_4010,A/Anapolis/LEIAL6543/2025_H3N2,plate16-2-A/Anapolis/LEIAL6543/2025_H3N2,92,0.3325,0.3325
seqneut25to26_sera_4010,A/Anapolis/LEIAL6543/2025_H3N2,plate16-2-A/Anapolis/LEIAL6543/2025_H3N2,212,0.2607,0.2607
seqneut25to26_sera_4010,A/Anapolis/LEIAL6543/2025_H3N2,plate16-2-A/Anapolis/LEIAL6543/2025_H3N2,487,0.3839,0.3839
seqneut25to26_sera_4010,A/Anapolis/LEIAL6543/2025_H3N2,plate16-2-A/Anapolis/LEIAL6543/2025_H3N2,1119,0.6529,0.6529
seqneut25to26_sera_4010,A/Anapolis/LEIAL6543/2025_H3N2,plate16-2-A/Anapolis/LEIAL6543/2025_H3N2,2575,0.7991,0.7991
seqneut25to26_sera_4010,A/Anapolis/LEIAL6543/2025_H3N2,plate16-2-A/Anapolis/LEIAL6543/2025_H3N2,5921,0.9419,0.9419
seqneut25to26_sera_4010,A/Anapolis/LEIAL6543/2025_H3N2,plate16-2-A/Anapolis/LEIAL6543/2025_H3N2,1.362e+04,0.995,0.995
seqneut25to26_sera_4010,A/Andalucia/PMC-00977/2025_H1N1,plate16-2-A/Andalucia/PMC-00977/2025_H1N1,40,0.01932,0.01932
seqneut25to26_sera_4010,A/Andalucia/PMC-00977/2025_H1N1,plate16-2-A/Andalucia/PMC-00977/2025_H1N1,92,0.2077,0.2077
seqneut25to26_sera_4010,A/Andalucia/PMC-00977/2025_H1N1,plate16-2-A/Andalucia/PMC-00977/2025_H1N1,212,0.403,0.403
seqneut25to26_sera_4010,A/Andalucia/PMC-00977/2025_H1N1,plate16-2-A/Andalucia/PMC-00977/2025_H1N1,487,0.5664,0.5664
seqneut25to26_sera_4010,A/Andalucia/PMC-00977/2025_H1N1,plate16-2-A/Andalucia/PMC-00977/2025_H1N1,1119,0.9244,0.9244
seqneut25to26_sera_4010,A/Andalucia/PMC-00977/2025_H1N1,plate16-2-A/Andalucia/PMC-00977/2025_H1N1,2575,0.9914,0.9914
seqneut25to26_sera_4010,A/Andalucia/PMC-00977/2025_H1N1,plate16-2-A/Andalucia/PMC-00977/2025_H1N1,5921,0.772,0.772
seqneut25to26_sera_4010,A/Andalucia/PMC-00977/2025_H1N1,plate16-2-A/Andalucia/PMC-00977/2025_H1N1,1.362e+04,0.9211,0.9211
seqneut25to26_sera_4010,A/Aragon/2046/2025_H1N1,plate16-2-A/Aragon/2046/2025_H1N1,40,0.02624,0.02624
seqneut25to26_sera_4010,A/Aragon/2046/2025_H1N1,plate16-2-A/Aragon/2046/2025_H1N1,92,0.1804,0.1804
seqneut25to26_sera_4010,A/Aragon/2046/2025_H1N1,plate16-2-A/Aragon/2046/2025_H1N1,212,0.5984,0.5984
seqneut25to26_sera_4010,A/Aragon/2046/2025_H1N1,plate16-2-A/Aragon/2046/2025_H1N1,487,0.5709,0.5709
seqneut25to26_sera_4010,A/Aragon/2046/2025_H1N1,plate16-2-A/Aragon/2046/2025_H1N1,1119,0.8103,0.8103
seqneut25to26_sera_4010,A/Aragon/2046/2025_H1N1,plate16-2-A/Aragon/2046/2025_H1N1,2575,0.9594,0.9594
seqneut25to26_sera_4010,A/Aragon/2046/2025_H1N1,plate16-2-A/Aragon/2046/2025_H1N1,5921,1.203,1
seqneut25to26_sera_4010,A/Aragon/2046/2025_H1N1,plate16-2-A/Aragon/2046/2025_H1N1,1.362e+04,1.054,1
seqneut25to26_sera_4010,A/Arica/59150/2025_H3N2,plate16-2-A/Arica/59150/2025_H3N2,40,0.07435,0.07435
seqneut25to26_sera_4010,A/Arica/59150/2025_H3N2,plate16-2-A/Arica/59150/2025_H3N2,92,0.1532,0.1532
seqneut25to26_sera_4010,A/Arica/59150/2025_H3N2,plate16-2-A/Arica/59150/2025_H3N2,212,0.264,0.264
seqneut25to26_sera_4010,A/Arica/59150/2025_H3N2,plate16-2-A/Arica/59150/2025_H3N2,487,0.281,0.281
seqneut25to26_sera_4010,A/Arica/59150/2025_H3N2,plate16-2-A/Arica/59150/2025_H3N2,1119,0.6796,0.6796
seqneut25to26_sera_4010,A/Arica/59150/2025_H3N2,plate16-2-A/Arica/59150/2025_H3N2,2575,0.6644,0.6644
seqneut25to26_sera_4010,A/Arica/59150/2025_H3N2,plate16-2-A/Arica/59150/2025_H3N2,5921,0.7247,0.7247
seqneut25to26_sera_4010,A/Arica/59150/2025_H3N2,plate16-2-A/Arica/59150/2025_H3N2,1.362e+04,1.231,1
seqneut25to26_sera_4010,A/Bahia/3102/2025_H3N2,plate16-2-A/Bahia/3102/2025_H3N2,40,0.02859,0.02859
seqneut25to26_sera_4010,A/Bahia/3102/2025_H3N2,plate16-2-A/Bahia/3102/2025_H3N2,92,0.1441,0.1441
seqneut25to26_sera_4010,A/Bahia/3102/2025_H3N2,plate16-2-A/Bahia/3102/2025_H3N2,212,0.2441,0.2441
seqneut25to26_sera_4010,A/Bahia/3102/2025_H3N2,plate16-2-A/Bahia/3102/2025_H3N2,487,0.3299,0.3299
seqneut25to26_sera_4010,A/Bahia/3102/2025_H3N2,plate16-2-A/Bahia/3102/2025_H3N2,1119,0.8521,0.8521
seqneut25to26_sera_4010,A/Bahia/3102/2025_H3N2,plate16-2-A/Bahia/3102/2025_H3N2,2575,0.6481,0.6481
seqneut25to26_sera_4010,A/Bahia/3102/2025_H3N2,plate16-2-A/Bahia/3102/2025_H3N2,5921,0.7026,0.7026
seqneut25to26_sera_4010,A/Bahia/3102/2025_H3N2,plate16-2-A/Bahia/3102/2025_H3N2,1.362e+04,0.7302,0.7302
seqneut25to26_sera_4010,A/Bangkok/1803/2025_H1N1,plate16-2-A/Bangkok/1803/2025_H1N1,40,0.1274,0.1274
seqneut25to26_sera_4010,A/Bangkok/1803/2025_H1N1,plate16-2-A/Bangkok/1803/2025_H1N1,92,0.1237,0.1237
seqneut25to26_sera_4010,A/Bangkok/1803/2025_H1N1,plate16-2-A/Bangkok/1803/2025_H1N1,212,0.2424,0.2424
seqneut25to26_sera_4010,A/Bangkok/1803/2025_H1N1,plate16-2-A/Bangkok/1803/2025_H1N1,487,0.51,0.51
seqneut25to26_sera_4010,A/Bangkok/1803/2025_H1N1,plate16-2-A/Bangkok/1803/2025_H1N1,1119,0.8529,0.8529
seqneut25to26_sera_4010,A/Bangkok/1803/2025_H1N1,plate16-2-A/Bangkok/1803/2025_H1N1,2575,1.487,1
seqneut25to26_sera_4010,A/Bangkok/1803/2025_H1N1,plate16-2-A/Bangkok/1803/2025_H1N1,5921,0.7117,0.7117
seqneut25to26_sera_4010,A/Bangkok/1803/2025_H1N1,plate16-2-A/Bangkok/1803/2025_H1N1,1.362e+04,0.6854,0.6854
seqneut25to26_sera_4010,A/Bangkok/P2229/2025_H1N1,plate16-2-A/Bangkok/P2229/2025_H1N1,40,0.006381,0.006381
seqneut25to26_sera_4010,A/Bangkok/P2229/2025_H1N1,plate16-2-A/Bangkok/P2229/2025_H1N1,92,0.1584,0.1584
seqneut25to26_sera_4010,A/Bangkok/P2229/2025_H1N1,plate16-2-A/Bangkok/P2229/2025_H1N1,212,0.1907,0.1907
seqneut25to26_sera_4010,A/Bangkok/P2229/2025_H1N1,plate16-2-A/Bangkok/P2229/2025_H1N1,487,0.8651,0.8651
seqneut25to26_sera_4010,A/Bangkok/P2229/2025_H1N1,plate16-2-A/Bangkok/P2229/2025_H1N1,1119,0.882,0.882
seqneut25to26_sera_4010,A/Bangkok/P2229/2025_H1N1,plate16-2-A/Bangkok/P2229/2025_H1N1,2575,0.8182,0.8182
seqneut25to26_sera_4010,A/Bangkok/P2229/2025_H1N1,plate16-2-A/Bangkok/P2229/2025_H1N1,5921,0.5965,0.5965
seqneut25to26_sera_4010,A/Bangkok/P2229/2025_H1N1,plate16-2-A/Bangkok/P2229/2025_H1N1,1.362e+04,0.84,0.84
seqneut25to26_sera_4010,A/Bangkok/P2323/2025_H3N2,plate16-2-A/Bangkok/P2323/2025_H3N2,40,0.06503,0.06503
seqneut25to26_sera_4010,A/Bangkok/P2323/2025_H3N2,plate16-2-A/Bangkok/P2323/2025_H3N2,92,0.1792,0.1792
seqneut25to26_sera_4010,A/Bangkok/P2323/2025_H3N2,plate16-2-A/Bangkok/P2323/2025_H3N2,212,0.4332,0.4332
seqneut25to26_sera_4010,A/Bangkok/P2323/2025_H3N2,plate16-2-A/Bangkok/P2323/2025_H3N2,487,0.4644,0.4644
seqneut25to26_sera_4010,A/Bangkok/P2323/2025_H3N2,plate16-2-A/Bangkok/P2323/2025_H3N2,1119,0.8382,0.8382
seqneut25to26_sera_4010,A/Bangkok/P2323/2025_H3N2,plate16-2-A/Bangkok/P2323/2025_H3N2,2575,1.028,1
seqneut25to26_sera_4010,A/Bangkok/P2323/2025_H3N2,plate16-2-A/Bangkok/P2323/2025_H3N2,5921,1.044,1
seqneut25to26_sera_4010,A/Bangkok/P2323/2025_H3N2,plate16-2-A/Bangkok/P2323/2025_H3N2,1.362e+04,1.086,1
seqneut25to26_sera_4010,A/Bangkok/P2390/2025_H3N2,plate16-2-A/Bangkok/P2390/2025_H3N2,40,0.09902,0.09902
seqneut25to26_sera_4010,A/Bangkok/P2390/2025_H3N2,plate16-2-A/Bangkok/P2390/2025_H3N2,92,0.232,0.232
seqneut25to26_sera_4010,A/Bangkok/P2390/2025_H3N2,plate16-2-A/Bangkok/P2390/2025_H3N2,212,0.5474,0.5474
seqneut25to26_sera_4010,A/Bangkok/P2390/2025_H3N2,plate16-2-A/Bangkok/P2390/2025_H3N2,487,0.6008,0.6008
seqneut25to26_sera_4010,A/Bangkok/P2390/2025_H3N2,plate16-2-A/Bangkok/P2390/2025_H3N2,1119,1.013,1
seqneut25to26_sera_4010,A/Bangkok/P2390/2025_H3N2,plate16-2-A/Bangkok/P2390/2025_H3N2,2575,1.194,1
seqneut25to26_sera_4010,A/Bangkok/P2390/2025_H3N2,plate16-2-A/Bangkok/P2390/2025_H3N2,5921,0.9029,0.9029
seqneut25to26_sera_4010,A/Bangkok/P2390/2025_H3N2,plate16-2-A/Bangkok/P2390/2025_H3N2,1.362e+04,1.364,1
seqneut25to26_sera_4010,A/Bangkok/P2391/2025_H3N2,plate16-2-A/Bangkok/P2391/2025_H3N2,40,0.1252,0.1252
seqneut25to26_sera_4010,A/Bangkok/P2391/2025_H3N2,plate16-2-A/Bangkok/P2391/2025_H3N2,92,0.1424,0.1424
seqneut25to26_sera_4010,A/Bangkok/P2391/2025_H3N2,plate16-2-A/Bangkok/P2391/2025_H3N2,212,0.2983,0.2983
seqneut25to26_sera_4010,A/Bangkok/P2391/2025_H3N2,plate16-2-A/Bangkok/P2391/2025_H3N2,487,0.2997,0.2997
seqneut25to26_sera_4010,A/Bangkok/P2391/2025_H3N2,plate16-2-A/Bangkok/P2391/2025_H3N2,1119,0.7515,0.7515
seqneut25to26_sera_4010,A/Bangkok/P2391/2025_H3N2,plate16-2-A/Bangkok/P2391/2025_H3N2,2575,0.9267,0.9267
seqneut25to26_sera_4010,A/Bangkok/P2391/2025_H3N2,plate16-2-A/Bangkok/P2391/2025_H3N2,5921,0.8093,0.8093
seqneut25to26_sera_4010,A/Bangkok/P2391/2025_H3N2,plate16-2-A/Bangkok/P2391/2025_H3N2,1.362e+04,0.7399,0.7399
seqneut25to26_sera_4010,A/Bangkok/P2572/2025_H3N2,plate16-2-A/Bangkok/P2572/2025_H3N2,40,0.05562,0.05562
seqneut25to26_sera_4010,A/Bangkok/P2572/2025_H3N2,plate16-2-A/Bangkok/P2572/2025_H3N2,92,0.1982,0.1982
seqneut25to26_sera_4010,A/Bangkok/P2572/2025_H3N2,plate16-2-A/Bangkok/P2572/2025_H3N2,212,0.3932,0.3932
seqneut25to26_sera_4010,A/Bangkok/P2572/2025_H3N2,plate16-2-A/Bangkok/P2572/2025_H3N2,487,0.4624,0.4624
seqneut25to26_sera_4010,A/Bangkok/P2572/2025_H3N2,plate16-2-A/Bangkok/P2572/2025_H3N2,1119,0.4633,0.4633
seqneut25to26_sera_4010,A/Bangkok/P2572/2025_H3N2,plate16-2-A/Bangkok/P2572/2025_H3N2,2575,0.9385,0.9385
seqneut25to26_sera_4010,A/Bangkok/P2572/2025_H3N2,plate16-2-A/Bangkok/P2572/2025_H3N2,5921,0.8538,0.8538
seqneut25to26_sera_4010,A/Bangkok/P2572/2025_H3N2,plate16-2-A/Bangkok/P2572/2025_H3N2,1.362e+04,1.079,1
seqneut25to26_sera_4010,A/Bangkok/P2921/2025_H3N2,plate16-2-A/Bangkok/P2921/2025_H3N2,40,0.001314,0.001314
seqneut25to26_sera_4010,A/Bangkok/P2921/2025_H3N2,plate16-2-A/Bangkok/P2921/2025_H3N2,92,0.08357,0.08357
seqneut25to26_sera_4010,A/Bangkok/P2921/2025_H3N2,plate16-2-A/Bangkok/P2921/2025_H3N2,212,0.3201,0.3201
seqneut25to26_sera_4010,A/Bangkok/P2921/2025_H3N2,plate16-2-A/Bangkok/P2921/2025_H3N2,487,0.422,0.422
seqneut25to26_sera_4010,A/Bangkok/P2921/2025_H3N2,plate16-2-A/Bangkok/P2921/2025_H3N2,1119,0.7031,0.7031
seqneut25to26_sera_4010,A/Bangkok/P2921/2025_H3N2,plate16-2-A/Bangkok/P2921/2025_H3N2,2575,1.015,1
seqneut25to26_sera_4010,A/Bangkok/P2921/2025_H3N2,plate16-2-A/Bangkok/P2921/2025_H3N2,5921,1.066,1
seqneut25to26_sera_4010,A/Bangkok/P2921/2025_H3N2,plate16-2-A/Bangkok/P2921/2025_H3N2,1.362e+04,1.197,1
seqneut25to26_sera_4010,A/Bangkok/P3067/2025_H1N1,plate16-2-A/Bangkok/P3067/2025_H1N1,40,0.006479,0.006479
seqneut25to26_sera_4010,A/Bangkok/P3067/2025_H1N1,plate16-2-A/Bangkok/P3067/2025_H1N1,92,0.2187,0.2187
seqneut25to26_sera_4010,A/Bangkok/P3067/2025_H1N1,plate16-2-A/Bangkok/P3067/2025_H1N1,212,0.3609,0.3609
seqneut25to26_sera_4010,A/Bangkok/P3067/2025_H1N1,plate16-2-A/Bangkok/P3067/2025_H1N1,487,0.5152,0.5152
seqneut25to26_sera_4010,A/Bangkok/P3067/2025_H1N1,plate16-2-A/Bangkok/P3067/2025_H1N1,1119,0.5773,0.5773
seqneut25to26_sera_4010,A/Bangkok/P3067/2025_H1N1,plate16-2-A/Bangkok/P3067/2025_H1N1,2575,0.9217,0.9217
seqneut25to26_sera_4010,A/Bangkok/P3067/2025_H1N1,plate16-2-A/Bangkok/P3067/2025_H1N1,5921,0.7896,0.7896
seqneut25to26_sera_4010,A/Bangkok/P3067/2025_H1N1,plate16-2-A/Bangkok/P3067/2025_H1N1,1.362e+04,0.8558,0.8558
seqneut25to26_sera_4010,A/Bangkok/P3263/2025_H3N2,plate16-2-A/Bangkok/P3263/2025_H3N2,40,0.02268,0.02268
seqneut25to26_sera_4010,A/Bangkok/P3263/2025_H3N2,plate16-2-A/Bangkok/P3263/2025_H3N2,92,0.168,0.168
seqneut25to26_sera_4010,A/Bangkok/P3263/2025_H3N2,plate16-2-A/Bangkok/P3263/2025_H3N2,212,0.2001,0.2001
seqneut25to26_sera_4010,A/Bangkok/P3263/2025_H3N2,plate16-2-A/Bangkok/P3263/2025_H3N2,487,0.3315,0.3315
seqneut25to26_sera_4010,A/Bangkok/P3263/2025_H3N2,plate16-2-A/Bangkok/P3263/2025_H3N2,1119,0.4121,0.4121
seqneut25to26_sera_4010,A/Bangkok/P3263/2025_H3N2,plate16-2-A/Bangkok/P3263/2025_H3N2,2575,1.022,1
seqneut25to26_sera_4010,A/Bangkok/P3263/2025_H3N2,plate16-2-A/Bangkok/P3263/2025_H3N2,5921,0.4621,0.4621
seqneut25to26_sera_4010,A/Bangkok/P3263/2025_H3N2,plate16-2-A/Bangkok/P3263/2025_H3N2,1.362e+04,0.9717,0.9717
seqneut25to26_sera_4010,A/Belgium/H0097/2025_H3N2,plate16-2-A/Belgium/H0097/2025_H3N2,40,0.02239,0.02239
seqneut25to26_sera_4010,A/Belgium/H0097/2025_H3N2,plate16-2-A/Belgium/H0097/2025_H3N2,92,0.2735,0.2735
seqneut25to26_sera_4010,A/Belgium/H0097/2025_H3N2,plate16-2-A/Belgium/H0097/2025_H3N2,212,0.3417,0.3417
seqneut25to26_sera_4010,A/Belgium/H0097/2025_H3N2,plate16-2-A/Belgium/H0097/2025_H3N2,487,0.5551,0.5551
seqneut25to26_sera_4010,A/Belgium/H0097/2025_H3N2,plate16-2-A/Belgium/H0097/2025_H3N2,1119,0.6799,0.6799
seqneut25to26_sera_4010,A/Belgium/H0097/2025_H3N2,plate16-2-A/Belgium/H0097/2025_H3N2,2575,0.8429,0.8429
seqneut25to26_sera_4010,A/Belgium/H0097/2025_H3N2,plate16-2-A/Belgium/H0097/2025_H3N2,5921,1.033,1
seqneut25to26_sera_4010,A/Belgium/H0097/2025_H3N2,plate16-2-A/Belgium/H0097/2025_H3N2,1.362e+04,1.225,1
seqneut25to26_sera_4010,A/Bhutan/1267/2025_H3N2,plate16-2-A/Bhutan/1267/2025_H3N2,40,0.05322,0.05322
seqneut25to26_sera_4010,A/Bhutan/1267/2025_H3N2,plate16-2-A/Bhutan/1267/2025_H3N2,92,0.2397,0.2397
seqneut25to26_sera_4010,A/Bhutan/1267/2025_H3N2,plate16-2-A/Bhutan/1267/2025_H3N2,212,0.2508,0.2508
seqneut25to26_sera_4010,A/Bhutan/1267/2025_H3N2,plate16-2-A/Bhutan/1267/2025_H3N2,487,0.4974,0.4974
seqneut25to26_sera_4010,A/Bhutan/1267/2025_H3N2,plate16-2-A/Bhutan/1267/2025_H3N2,1119,0.5273,0.5273
seqneut25to26_sera_4010,A/Bhutan/1267/2025_H3N2,plate16-2-A/Bhutan/1267/2025_H3N2,2575,0.9612,0.9612
seqneut25to26_sera_4010,A/Bhutan/1267/2025_H3N2,plate16-2-A/Bhutan/1267/2025_H3N2,5921,0.9071,0.9071
seqneut25to26_sera_4010,A/Bhutan/1267/2025_H3N2,plate16-2-A/Bhutan/1267/2025_H3N2,1.362e+04,1.029,1
seqneut25to26_sera_4010,A/Bhutan/7/2025_H3N2,plate16-2-A/Bhutan/7/2025_H3N2,40,0.02917,0.02917
seqneut25to26_sera_4010,A/Bhutan/7/2025_H3N2,plate16-2-A/Bhutan/7/2025_H3N2,92,0.2066,0.2066
seqneut25to26_sera_4010,A/Bhutan/7/2025_H3N2,plate16-2-A/Bhutan/7/2025_H3N2,212,0.1886,0.1886
seqneut25to26_sera_4010,A/Bhutan/7/2025_H3N2,plate16-2-A/Bhutan/7/2025_H3N2,487,0.2746,0.2746
seqneut25to26_sera_4010,A/Bhutan/7/2025_H3N2,plate16-2-A/Bhutan/7/2025_H3N2,1119,0.4014,0.4014
seqneut25to26_sera_4010,A/Bhutan/7/2025_H3N2,plate16-2-A/Bhutan/7/2025_H3N2,2575,0.5111,0.5111
seqneut25to26_sera_4010,A/Bhutan/7/2025_H3N2,plate16-2-A/Bhutan/7/2025_H3N2,5921,0.8819,0.8819
seqneut25to26_sera_4010,A/Bhutan/7/2025_H3N2,plate16-2-A/Bhutan/7/2025_H3N2,1.362e+04,0.6561,0.6561
seqneut25to26_sera_4010,A/BritishColumbia/PHL-2473/2025_H1N1,plate16-2-A/BritishColumbia/PHL-2473/2025_H1N1,40,0.03705,0.03705
seqneut25to26_sera_4010,A/BritishColumbia/PHL-2473/2025_H1N1,plate16-2-A/BritishColumbia/PHL-2473/2025_H1N1,92,0.101,0.101
seqneut25to26_sera_4010,A/BritishColumbia/PHL-2473/2025_H1N1,plate16-2-A/BritishColumbia/PHL-2473/2025_H1N1,212,0.4357,0.4357
seqneut25to26_sera_4010,A/BritishColumbia/PHL-2473/2025_H1N1,plate16-2-A/BritishColumbia/PHL-2473/2025_H1N1,487,0.528,0.528
seqneut25to26_sera_4010,A/BritishColumbia/PHL-2473/2025_H1N1,plate16-2-A/BritishColumbia/PHL-2473/2025_H1N1,1119,0.5871,0.5871
seqneut25to26_sera_4010,A/BritishColumbia/PHL-2473/2025_H1N1,plate16-2-A/BritishColumbia/PHL-2473/2025_H1N1,2575,1.072,1
seqneut25to26_sera_4010,A/BritishColumbia/PHL-2473/2025_H1N1,plate16-2-A/BritishColumbia/PHL-2473/2025_H1N1,5921,0.6792,0.6792
seqneut25to26_sera_4010,A/BritishColumbia/PHL-2473/2025_H1N1,plate16-2-A/BritishColumbia/PHL-2473/2025_H1N1,1.362e+04,1.682,1
seqneut25to26_sera_4010,A/California/61/2025_H3N2,plate16-2-A/California/61/2025_H3N2,40,0.01343,0.01343
seqneut25to26_sera_4010,A/California/61/2025_H3N2,plate16-2-A/California/61/2025_H3N2,92,0.04738,0.04738
seqneut25to26_sera_4010,A/California/61/2025_H3N2,plate16-2-A/California/61/2025_H3N2,212,0.4147,0.4147
seqneut25to26_sera_4010,A/California/61/2025_H3N2,plate16-2-A/California/61/2025_H3N2,487,0.4409,0.4409
seqneut25to26_sera_4010,A/California/61/2025_H3N2,plate16-2-A/California/61/2025_H3N2,1119,0.745,0.745
seqneut25to26_sera_4010,A/California/61/2025_H3N2,plate16-2-A/California/61/2025_H3N2,2575,0.8787,0.8787
seqneut25to26_sera_4010,A/California/61/2025_H3N2,plate16-2-A/California/61/2025_H3N2,5921,0.7132,0.7132
seqneut25to26_sera_4010,A/California/61/2025_H3N2,plate16-2-A/California/61/2025_H3N2,1.362e+04,1.139,1
seqneut25to26_sera_4010,A/California/63/2025_H1N1,plate16-2-A/California/63/2025_H1N1,40,0.01622,0.01622
seqneut25to26_sera_4010,A/California/63/2025_H1N1,plate16-2-A/California/63/2025_H1N1,92,0.2327,0.2327
seqneut25to26_sera_4010,A/California/63/2025_H1N1,plate16-2-A/California/63/2025_H1N1,212,0.199,0.199
seqneut25to26_sera_4010,A/California/63/2025_H1N1,plate16-2-A/California/63/2025_H1N1,487,0.3059,0.3059
seqneut25to26_sera_4010,A/California/63/2025_H1N1,plate16-2-A/California/63/2025_H1N1,1119,0.624,0.624
seqneut25to26_sera_4010,A/California/63/2025_H1N1,plate16-2-A/California/63/2025_H1N1,2575,0.4504,0.4504
seqneut25to26_sera_4010,A/California/63/2025_H1N1,plate16-2-A/California/63/2025_H1N1,5921,0.5084,0.5084
seqneut25to26_sera_4010,A/California/63/2025_H1N1,plate16-2-A/California/63/2025_H1N1,1.362e+04,1.415,1
seqneut25to26_sera_4010,A/Canberra/465/2025_H1N1,plate16-2-A/Canberra/465/2025_H1N1,40,0.009234,0.009234
seqneut25to26_sera_4010,A/Canberra/465/2025_H1N1,plate16-2-A/Canberra/465/2025_H1N1,92,0.08344,0.08344
seqneut25to26_sera_4010,A/Canberra/465/2025_H1N1,plate16-2-A/Canberra/465/2025_H1N1,212,0.5575,0.5575
seqneut25to26_sera_4010,A/Canberra/465/2025_H1N1,plate16-2-A/Canberra/465/2025_H1N1,487,0.5754,0.5754
seqneut25to26_sera_4010,A/Canberra/465/2025_H1N1,plate16-2-A/Canberra/465/2025_H1N1,1119,0.9427,0.9427
seqneut25to26_sera_4010,A/Canberra/465/2025_H1N1,plate16-2-A/Canberra/465/2025_H1N1,2575,0.8101,0.8101
seqneut25to26_sera_4010,A/Canberra/465/2025_H1N1,plate16-2-A/Canberra/465/2025_H1N1,5921,1.06,1
seqneut25to26_sera_4010,A/Canberra/465/2025_H1N1,plate16-2-A/Canberra/465/2025_H1N1,1.362e+04,1.011,1
seqneut25to26_sera_4010,A/Canberra/530/2025_H1N1,plate16-2-A/Canberra/530/2025_H1N1,40,0.01108,0.01108
seqneut25to26_sera_4010,A/Canberra/530/2025_H1N1,plate16-2-A/Canberra/530/2025_H1N1,92,0.1938,0.1938
seqneut25to26_sera_4010,A/Canberra/530/2025_H1N1,plate16-2-A/Canberra/530/2025_H1N1,212,0.1718,0.1718
seqneut25to26_sera_4010,A/Canberra/530/2025_H1N1,plate16-2-A/Canberra/530/2025_H1N1,487,0.3253,0.3253
seqneut25to26_sera_4010,A/Canberra/530/2025_H1N1,plate16-2-A/Canberra/530/2025_H1N1,1119,0.9991,0.9991
seqneut25to26_sera_4010,A/Canberra/530/2025_H1N1,plate16-2-A/Canberra/530/2025_H1N1,2575,0.9071,0.9071
seqneut25to26_sera_4010,A/Canberra/530/2025_H1N1,plate16-2-A/Canberra/530/2025_H1N1,5921,0.9543,0.9543
seqneut25to26_sera_4010,A/Canberra/530/2025_H1N1,plate16-2-A/Canberra/530/2025_H1N1,1.362e+04,1.058,1
seqneut25to26_sera_4010,A/Catalonia/NSVH102689455/2025_H1N1,plate16-2-A/Catalonia/NSVH102689455/2025_H1N1,40,0.006191,0.006191
seqneut25to26_sera_4010,A/Catalonia/NSVH102689455/2025_H1N1,plate16-2-A/Catalonia/NSVH102689455/2025_H1N1,92,0.1574,0.1574
seqneut25to26_sera_4010,A/Catalonia/NSVH102689455/2025_H1N1,plate16-2-A/Catalonia/NSVH102689455/2025_H1N1,212,0.2903,0.2903
seqneut25to26_sera_4010,A/Catalonia/NSVH102689455/2025_H1N1,plate16-2-A/Catalonia/NSVH102689455/2025_H1N1,487,0.4297,0.4297
seqneut25to26_sera_4010,A/Catalonia/NSVH102689455/2025_H1N1,plate16-2-A/Catalonia/NSVH102689455/2025_H1N1,1119,0.784,0.784
seqneut25to26_sera_4010,A/Catalonia/NSVH102689455/2025_H1N1,plate16-2-A/Catalonia/NSVH102689455/2025_H1N1,2575,0.9837,0.9837
seqneut25to26_sera_4010,A/Catalonia/NSVH102689455/2025_H1N1,plate16-2-A/Catalonia/NSVH102689455/2025_H1N1,5921,1.116,1
seqneut25to26_sera_4010,A/Catalonia/NSVH102689455/2025_H1N1,plate16-2-A/Catalonia/NSVH102689455/2025_H1N1,1.362e+04,0.8615,0.8615
seqneut25to26_sera_4010,A/Colorado/105/2025_H1N1,plate16-2-A/Colorado/105/2025_H1N1,40,0.005352,0.005352
seqneut25to26_sera_4010,A/Colorado/105/2025_H1N1,plate16-2-A/Colorado/105/2025_H1N1,92,0.3735,0.3735
seqneut25to26_sera_4010,A/Colorado/105/2025_H1N1,plate16-2-A/Colorado/105/2025_H1N1,212,0.4363,0.4363
seqneut25to26_sera_4010,A/Colorado/105/2025_H1N1,plate16-2-A/Colorado/105/2025_H1N1,487,0.3927,0.3927
seqneut25to26_sera_4010,A/Colorado/105/2025_H1N1,plate16-2-A/Colorado/105/2025_H1N1,1119,1.054,1
seqneut25to26_sera_4010,A/Colorado/105/2025_H1N1,plate16-2-A/Colorado/105/2025_H1N1,2575,1.007,1
seqneut25to26_sera_4010,A/Colorado/105/2025_H1N1,plate16-2-A/Colorado/105/2025_H1N1,5921,1.086,1
seqneut25to26_sera_4010,A/Colorado/105/2025_H1N1,plate16-2-A/Colorado/105/2025_H1N1,1.362e+04,0.9912,0.9912
seqneut25to26_sera_4010,A/CoteDIvoire/2007/2025_H1N1,plate16-2-A/CoteDIvoire/2007/2025_H1N1,40,0.008482,0.008482
seqneut25to26_sera_4010,A/CoteDIvoire/2007/2025_H1N1,plate16-2-A/CoteDIvoire/2007/2025_H1N1,92,0.1632,0.1632
seqneut25to26_sera_4010,A/CoteDIvoire/2007/2025_H1N1,plate16-2-A/CoteDIvoire/2007/2025_H1N1,212,0.3589,0.3589
seqneut25to26_sera_4010,A/CoteDIvoire/2007/2025_H1N1,plate16-2-A/CoteDIvoire/2007/2025_H1N1,487,0.322,0.322
seqneut25to26_sera_4010,A/CoteDIvoire/2007/2025_H1N1,plate16-2-A/CoteDIvoire/2007/2025_H1N1,1119,0.7093,0.7093
seqneut25to26_sera_4010,A/CoteDIvoire/2007/2025_H1N1,plate16-2-A/CoteDIvoire/2007/2025_H1N1,2575,0.7,0.7
seqneut25to26_sera_4010,A/CoteDIvoire/2007/2025_H1N1,plate16-2-A/CoteDIvoire/2007/2025_H1N1,5921,0.7584,0.7584
seqneut25to26_sera_4010,A/CoteDIvoire/2007/2025_H1N1,plate16-2-A/CoteDIvoire/2007/2025_H1N1,1.362e+04,1.055,1
seqneut25to26_sera_4010,A/Croatia/10136RV/2023-egg_H3N2,plate16-2-A/Croatia/10136RV/2023-egg_H3N2,40,0.001334,0.001334
seqneut25to26_sera_4010,A/Croatia/10136RV/2023-egg_H3N2,plate16-2-A/Croatia/10136RV/2023-egg_H3N2,92,0.01461,0.01461
seqneut25to26_sera_4010,A/Croatia/10136RV/2023-egg_H3N2,plate16-2-A/Croatia/10136RV/2023-egg_H3N2,212,0.2293,0.2293
seqneut25to26_sera_4010,A/Croatia/10136RV/2023-egg_H3N2,plate16-2-A/Croatia/10136RV/2023-egg_H3N2,487,0.2632,0.2632
seqneut25to26_sera_4010,A/Croatia/10136RV/2023-egg_H3N2,plate16-2-A/Croatia/10136RV/2023-egg_H3N2,1119,0.4096,0.4096
seqneut25to26_sera_4010,A/Croatia/10136RV/2023-egg_H3N2,plate16-2-A/Croatia/10136RV/2023-egg_H3N2,2575,0.4447,0.4447
seqneut25to26_sera_4010,A/Croatia/10136RV/2023-egg_H3N2,plate16-2-A/Croatia/10136RV/2023-egg_H3N2,5921,0.4718,0.4718
seqneut25to26_sera_4010,A/Croatia/10136RV/2023-egg_H3N2,plate16-2-A/Croatia/10136RV/2023-egg_H3N2,1.362e+04,1.028,1
seqneut25to26_sera_4010,A/Darwin/1405/2025_H1N1,plate16-2-A/Darwin/1405/2025_H1N1,40,0.008218,0.008218
seqneut25to26_sera_4010,A/Darwin/1405/2025_H1N1,plate16-2-A/Darwin/1405/2025_H1N1,92,0.2787,0.2787
seqneut25to26_sera_4010,A/Darwin/1405/2025_H1N1,plate16-2-A/Darwin/1405/2025_H1N1,212,0.4115,0.4115
seqneut25to26_sera_4010,A/Darwin/1405/2025_H1N1,plate16-2-A/Darwin/1405/2025_H1N1,487,0.7157,0.7157
seqneut25to26_sera_4010,A/Darwin/1405/2025_H1N1,plate16-2-A/Darwin/1405/2025_H1N1,1119,0.7716,0.7716
seqneut25to26_sera_4010,A/Darwin/1405/2025_H1N1,plate16-2-A/Darwin/1405/2025_H1N1,2575,1.199,1
seqneut25to26_sera_4010,A/Darwin/1405/2025_H1N1,plate16-2-A/Darwin/1405/2025_H1N1,5921,0.8477,0.8477
seqneut25to26_sera_4010,A/Darwin/1405/2025_H1N1,plate16-2-A/Darwin/1405/2025_H1N1,1.362e+04,1.241,1
seqneut25to26_sera_4010,A/Darwin/1461/2025_H3N2,plate16-2-A/Darwin/1461/2025_H3N2,40,0.004303,0.004303
seqneut25to26_sera_4010,A/Darwin/1461/2025_H3N2,plate16-2-A/Darwin/1461/2025_H3N2,92,0.121,0.121
seqneut25to26_sera_4010,A/Darwin/1461/2025_H3N2,plate16-2-A/Darwin/1461/2025_H3N2,212,0.293,0.293
seqneut25to26_sera_4010,A/Darwin/1461/2025_H3N2,plate16-2-A/Darwin/1461/2025_H3N2,487,0.6365,0.6365
seqneut25to26_sera_4010,A/Darwin/1461/2025_H3N2,plate16-2-A/Darwin/1461/2025_H3N2,1119,0.6028,0.6028
seqneut25to26_sera_4010,A/Darwin/1461/2025_H3N2,plate16-2-A/Darwin/1461/2025_H3N2,2575,0.941,0.941
seqneut25to26_sera_4010,A/Darwin/1461/2025_H3N2,plate16-2-A/Darwin/1461/2025_H3N2,5921,0.5611,0.5611
seqneut25to26_sera_4010,A/Darwin/1461/2025_H3N2,plate16-2-A/Darwin/1461/2025_H3N2,1.362e+04,0.9429,0.9429
seqneut25to26_sera_4010,A/Denmark/3070/2025_H1N1,plate16-2-A/Denmark/3070/2025_H1N1,40,0.06151,0.06151
seqneut25to26_sera_4010,A/Denmark/3070/2025_H1N1,plate16-2-A/Denmark/3070/2025_H1N1,92,0.05276,0.05276
seqneut25to26_sera_4010,A/Denmark/3070/2025_H1N1,plate16-2-A/Denmark/3070/2025_H1N1,212,0.1711,0.1711
seqneut25to26_sera_4010,A/Denmark/3070/2025_H1N1,plate16-2-A/Denmark/3070/2025_H1N1,487,0.2606,0.2606
seqneut25to26_sera_4010,A/Denmark/3070/2025_H1N1,plate16-2-A/Denmark/3070/2025_H1N1,1119,0.4517,0.4517
seqneut25to26_sera_4010,A/Denmark/3070/2025_H1N1,plate16-2-A/Denmark/3070/2025_H1N1,2575,0.9386,0.9386
seqneut25to26_sera_4010,A/Denmark/3070/2025_H1N1,plate16-2-A/Denmark/3070/2025_H1N1,5921,0.6305,0.6305
seqneut25to26_sera_4010,A/Denmark/3070/2025_H1N1,plate16-2-A/Denmark/3070/2025_H1N1,1.362e+04,0.8454,0.8454
seqneut25to26_sera_4010,A/DistrictOfColumbia/27/2023_H3N2,plate16-2-A/DistrictOfColumbia/27/2023_H3N2,40,0.0002902,0.0002902
seqneut25to26_sera_4010,A/DistrictOfColumbia/27/2023_H3N2,plate16-2-A/DistrictOfColumbia/27/2023_H3N2,92,0.1851,0.1851
seqneut25to26_sera_4010,A/DistrictOfColumbia/27/2023_H3N2,plate16-2-A/DistrictOfColumbia/27/2023_H3N2,212,0.155,0.155
seqneut25to26_sera_4010,A/DistrictOfColumbia/27/2023_H3N2,plate16-2-A/DistrictOfColumbia/27/2023_H3N2,487,0.4927,0.4927
seqneut25to26_sera_4010,A/DistrictOfColumbia/27/2023_H3N2,plate16-2-A/DistrictOfColumbia/27/2023_H3N2,1119,0.5257,0.5257
seqneut25to26_sera_4010,A/DistrictOfColumbia/27/2023_H3N2,plate16-2-A/DistrictOfColumbia/27/2023_H3N2,2575,0.7836,0.7836
seqneut25to26_sera_4010,A/DistrictOfColumbia/27/2023_H3N2,plate16-2-A/DistrictOfColumbia/27/2023_H3N2,5921,0.8935,0.8935
seqneut25to26_sera_4010,A/DistrictOfColumbia/27/2023_H3N2,plate16-2-A/DistrictOfColumbia/27/2023_H3N2,1.362e+04,0.782,0.782
seqneut25to26_sera_4010,A/DistrictOfColumbia/57/2025_H3N2,plate16-2-A/DistrictOfColumbia/57/2025_H3N2,40,0.2467,0.2467
seqneut25to26_sera_4010,A/DistrictOfColumbia/57/2025_H3N2,plate16-2-A/DistrictOfColumbia/57/2025_H3N2,92,0.2481,0.2481
seqneut25to26_sera_4010,A/DistrictOfColumbia/57/2025_H3N2,plate16-2-A/DistrictOfColumbia/57/2025_H3N2,212,0.3731,0.3731
seqneut25to26_sera_4010,A/DistrictOfColumbia/57/2025_H3N2,plate16-2-A/DistrictOfColumbia/57/2025_H3N2,487,0.3531,0.3531
seqneut25to26_sera_4010,A/DistrictOfColumbia/57/2025_H3N2,plate16-2-A/DistrictOfColumbia/57/2025_H3N2,1119,0.7386,0.7386
seqneut25to26_sera_4010,A/DistrictOfColumbia/57/2025_H3N2,plate16-2-A/DistrictOfColumbia/57/2025_H3N2,2575,0.9473,0.9473
seqneut25to26_sera_4010,A/DistrictOfColumbia/57/2025_H3N2,plate16-2-A/DistrictOfColumbia/57/2025_H3N2,5921,0.811,0.811
seqneut25to26_sera_4010,A/DistrictOfColumbia/57/2025_H3N2,plate16-2-A/DistrictOfColumbia/57/2025_H3N2,1.362e+04,0.9035,0.9035
seqneut25to26_sera_4010,A/DistritoFederal/250106000728/2025_H3N2,plate16-2-A/DistritoFederal/250106000728/2025_H3N2,40,0.08896,0.08896
seqneut25to26_sera_4010,A/DistritoFederal/250106000728/2025_H3N2,plate16-2-A/DistritoFederal/250106000728/2025_H3N2,92,0.2105,0.2105
seqneut25to26_sera_4010,A/DistritoFederal/250106000728/2025_H3N2,plate16-2-A/DistritoFederal/250106000728/2025_H3N2,212,0.4048,0.4048
seqneut25to26_sera_4010,A/DistritoFederal/250106000728/2025_H3N2,plate16-2-A/DistritoFederal/250106000728/2025_H3N2,487,0.4911,0.4911
seqneut25to26_sera_4010,A/DistritoFederal/250106000728/2025_H3N2,plate16-2-A/DistritoFederal/250106000728/2025_H3N2,1119,0.7036,0.7036
seqneut25to26_sera_4010,A/DistritoFederal/250106000728/2025_H3N2,plate16-2-A/DistritoFederal/250106000728/2025_H3N2,2575,1.18,1
seqneut25to26_sera_4010,A/DistritoFederal/250106000728/2025_H3N2,plate16-2-A/DistritoFederal/250106000728/2025_H3N2,5921,1.376,1
seqneut25to26_sera_4010,A/DistritoFederal/250106000728/2025_H3N2,plate16-2-A/DistritoFederal/250106000728/2025_H3N2,1.362e+04,1.061,1
seqneut25to26_sera_4010,A/DistritoFederal/2578578201/2025_H3N2,plate16-2-A/DistritoFederal/2578578201/2025_H3N2,40,0.05721,0.05721
seqneut25to26_sera_4010,A/DistritoFederal/2578578201/2025_H3N2,plate16-2-A/DistritoFederal/2578578201/2025_H3N2,92,0.3909,0.3909
seqneut25to26_sera_4010,A/DistritoFederal/2578578201/2025_H3N2,plate16-2-A/DistritoFederal/2578578201/2025_H3N2,212,0.4297,0.4297
seqneut25to26_sera_4010,A/DistritoFederal/2578578201/2025_H3N2,plate16-2-A/DistritoFederal/2578578201/2025_H3N2,487,0.4093,0.4093
seqneut25to26_sera_4010,A/DistritoFederal/2578578201/2025_H3N2,plate16-2-A/DistritoFederal/2578578201/2025_H3N2,1119,0.7181,0.7181
seqneut25to26_sera_4010,A/DistritoFederal/2578578201/2025_H3N2,plate16-2-A/DistritoFederal/2578578201/2025_H3N2,2575,0.8193,0.8193
seqneut25to26_sera_4010,A/DistritoFederal/2578578201/2025_H3N2,plate16-2-A/DistritoFederal/2578578201/2025_H3N2,5921,0.9726,0.9726
seqneut25to26_sera_4010,A/DistritoFederal/2578578201/2025_H3N2,plate16-2-A/DistritoFederal/2578578201/2025_H3N2,1.362e+04,0.9096,0.9096
seqneut25to26_sera_4010,A/England/174/2025_H3N2,plate16-2-A/England/174/2025_H3N2,40,0.0003684,0.0003684
seqneut25to26_sera_4010,A/England/174/2025_H3N2,plate16-2-A/England/174/2025_H3N2,92,0.01921,0.01921
seqneut25to26_sera_4010,A/England/174/2025_H3N2,plate16-2-A/England/174/2025_H3N2,212,0.2139,0.2139
seqneut25to26_sera_4010,A/England/174/2025_H3N2,plate16-2-A/England/174/2025_H3N2,487,0.2778,0.2778
seqneut25to26_sera_4010,A/England/174/2025_H3N2,plate16-2-A/England/174/2025_H3N2,1119,0.8592,0.8592
seqneut25to26_sera_4010,A/England/174/2025_H3N2,plate16-2-A/England/174/2025_H3N2,2575,0.6682,0.6682
seqneut25to26_sera_4010,A/England/174/2025_H3N2,plate16-2-A/England/174/2025_H3N2,5921,0.7569,0.7569
seqneut25to26_sera_4010,A/England/174/2025_H3N2,plate16-2-A/England/174/2025_H3N2,1.362e+04,1.238,1
seqneut25to26_sera_4010,A/England/1822256/2025_H1N1,plate16-2-A/England/1822256/2025_H1N1,40,0.00101,0.00101
seqneut25to26_sera_4010,A/England/1822256/2025_H1N1,plate16-2-A/England/1822256/2025_H1N1,92,0.03112,0.03112
seqneut25to26_sera_4010,A/England/1822256/2025_H1N1,plate16-2-A/England/1822256/2025_H1N1,212,0.2782,0.2782
seqneut25to26_sera_4010,A/England/1822256/2025_H1N1,plate16-2-A/England/1822256/2025_H1N1,487,0.6512,0.6512
seqneut25to26_sera_4010,A/England/1822256/2025_H1N1,plate16-2-A/England/1822256/2025_H1N1,1119,1.439,1
seqneut25to26_sera_4010,A/England/1822256/2025_H1N1,plate16-2-A/England/1822256/2025_H1N1,2575,1.113,1
seqneut25to26_sera_4010,A/England/1822256/2025_H1N1,plate16-2-A/England/1822256/2025_H1N1,5921,0.8173,0.8173
seqneut25to26_sera_4010,A/England/1822256/2025_H1N1,plate16-2-A/England/1822256/2025_H1N1,1.362e+04,0.9583,0.9583
seqneut25to26_sera_4010,A/England/1837734/2025_H3N2,plate16-2-A/England/1837734/2025_H3N2,40,0.02344,0.02344
seqneut25to26_sera_4010,A/England/1837734/2025_H3N2,plate16-2-A/England/1837734/2025_H3N2,92,0.2152,0.2152
seqneut25to26_sera_4010,A/England/1837734/2025_H3N2,plate16-2-A/England/1837734/2025_H3N2,212,0.6504,0.6504
seqneut25to26_sera_4010,A/England/1837734/2025_H3N2,plate16-2-A/England/1837734/2025_H3N2,487,0.3799,0.3799
seqneut25to26_sera_4010,A/England/1837734/2025_H3N2,plate16-2-A/England/1837734/2025_H3N2,1119,0.5547,0.5547
seqneut25to26_sera_4010,A/England/1837734/2025_H3N2,plate16-2-A/England/1837734/2025_H3N2,2575,0.7534,0.7534
seqneut25to26_sera_4010,A/England/1837734/2025_H3N2,plate16-2-A/England/1837734/2025_H3N2,5921,1.546,1
seqneut25to26_sera_4010,A/England/1837734/2025_H3N2,plate16-2-A/England/1837734/2025_H3N2,1.362e+04,0.8861,0.8861
seqneut25to26_sera_4010,A/England/1837737/2025_H3N2,plate16-2-A/England/1837737/2025_H3N2,40,0.09264,0.09264
seqneut25to26_sera_4010,A/England/1837737/2025_H3N2,plate16-2-A/England/1837737/2025_H3N2,92,0.301,0.301
seqneut25to26_sera_4010,A/England/1837737/2025_H3N2,plate16-2-A/England/1837737/2025_H3N2,212,0.5469,0.5469
seqneut25to26_sera_4010,A/England/1837737/2025_H3N2,plate16-2-A/England/1837737/2025_H3N2,487,0.558,0.558
seqneut25to26_sera_4010,A/England/1837737/2025_H3N2,plate16-2-A/England/1837737/2025_H3N2,1119,0.7094,0.7094
seqneut25to26_sera_4010,A/England/1837737/2025_H3N2,plate16-2-A/England/1837737/2025_H3N2,2575,1.11,1
seqneut25to26_sera_4010,A/England/1837737/2025_H3N2,plate16-2-A/England/1837737/2025_H3N2,5921,0.8038,0.8038
seqneut25to26_sera_4010,A/England/1837737/2025_H3N2,plate16-2-A/England/1837737/2025_H3N2,1.362e+04,0.9819,0.9819
seqneut25to26_sera_4010,A/France/ARA-HCL025155099501/2025_H1N1,plate16-2-A/France/ARA-HCL025155099501/2025_H1N1,40,0.01926,0.01926
seqneut25to26_sera_4010,A/France/ARA-HCL025155099501/2025_H1N1,plate16-2-A/France/ARA-HCL025155099501/2025_H1N1,92,0.2134,0.2134
seqneut25to26_sera_4010,A/France/ARA-HCL025155099501/2025_H1N1,plate16-2-A/France/ARA-HCL025155099501/2025_H1N1,212,0.6072,0.6072
seqneut25to26_sera_4010,A/France/ARA-HCL025155099501/2025_H1N1,plate16-2-A/France/ARA-HCL025155099501/2025_H1N1,487,0.8162,0.8162
seqneut25to26_sera_4010,A/France/ARA-HCL025155099501/2025_H1N1,plate16-2-A/France/ARA-HCL025155099501/2025_H1N1,1119,0.7991,0.7991
seqneut25to26_sera_4010,A/France/ARA-HCL025155099501/2025_H1N1,plate16-2-A/France/ARA-HCL025155099501/2025_H1N1,2575,1.182,1
seqneut25to26_sera_4010,A/France/ARA-HCL025155099501/2025_H1N1,plate16-2-A/France/ARA-HCL025155099501/2025_H1N1,5921,0.76,0.76
seqneut25to26_sera_4010,A/France/ARA-HCL025155099501/2025_H1N1,plate16-2-A/France/ARA-HCL025155099501/2025_H1N1,1.362e+04,0.8828,0.8828
seqneut25to26_sera_4010,A/Galicia/GA-CHUAC-451/2025_H3N2,plate16-2-A/Galicia/GA-CHUAC-451/2025_H3N2,40,0.002976,0.002976
seqneut25to26_sera_4010,A/Galicia/GA-CHUAC-451/2025_H3N2,plate16-2-A/Galicia/GA-CHUAC-451/2025_H3N2,92,0.05579,0.05579
seqneut25to26_sera_4010,A/Galicia/GA-CHUAC-451/2025_H3N2,plate16-2-A/Galicia/GA-CHUAC-451/2025_H3N2,212,0.2179,0.2179
seqneut25to26_sera_4010,A/Galicia/GA-CHUAC-451/2025_H3N2,plate16-2-A/Galicia/GA-CHUAC-451/2025_H3N2,487,0.6762,0.6762
seqneut25to26_sera_4010,A/Galicia/GA-CHUAC-451/2025_H3N2,plate16-2-A/Galicia/GA-CHUAC-451/2025_H3N2,1119,0.8077,0.8077
seqneut25to26_sera_4010,A/Galicia/GA-CHUAC-451/2025_H3N2,plate16-2-A/Galicia/GA-CHUAC-451/2025_H3N2,2575,1.262,1
seqneut25to26_sera_4010,A/Galicia/GA-CHUAC-451/2025_H3N2,plate16-2-A/Galicia/GA-CHUAC-451/2025_H3N2,5921,1.317,1
seqneut25to26_sera_4010,A/Galicia/GA-CHUAC-451/2025_H3N2,plate16-2-A/Galicia/GA-CHUAC-451/2025_H3N2,1.362e+04,0.8494,0.8494
seqneut25to26_sera_4010,A/Ghana/ARI-25-1125/2025_H1N1,plate16-2-A/Ghana/ARI-25-1125/2025_H1N1,40,0.0005502,0.0005502
seqneut25to26_sera_4010,A/Ghana/ARI-25-1125/2025_H1N1,plate16-2-A/Ghana/ARI-25-1125/2025_H1N1,92,0.01172,0.01172
seqneut25to26_sera_4010,A/Ghana/ARI-25-1125/2025_H1N1,plate16-2-A/Ghana/ARI-25-1125/2025_H1N1,212,0.3628,0.3628
seqneut25to26_sera_4010,A/Ghana/ARI-25-1125/2025_H1N1,plate16-2-A/Ghana/ARI-25-1125/2025_H1N1,487,0.4583,0.4583
seqneut25to26_sera_4010,A/Ghana/ARI-25-1125/2025_H1N1,plate16-2-A/Ghana/ARI-25-1125/2025_H1N1,1119,0.7657,0.7657
seqneut25to26_sera_4010,A/Ghana/ARI-25-1125/2025_H1N1,plate16-2-A/Ghana/ARI-25-1125/2025_H1N1,2575,1.199,1
seqneut25to26_sera_4010,A/Ghana/ARI-25-1125/2025_H1N1,plate16-2-A/Ghana/ARI-25-1125/2025_H1N1,5921,0.9417,0.9417
seqneut25to26_sera_4010,A/Ghana/ARI-25-1125/2025_H1N1,plate16-2-A/Ghana/ARI-25-1125/2025_H1N1,1.362e+04,1.076,1
seqneut25to26_sera_4010,A/Ghana/FS-25-7077/2025_H3N2,plate16-2-A/Ghana/FS-25-7077/2025_H3N2,40,0.1496,0.1496
seqneut25to26_sera_4010,A/Ghana/FS-25-7077/2025_H3N2,plate16-2-A/Ghana/FS-25-7077/2025_H3N2,92,0.605,0.605
seqneut25to26_sera_4010,A/Ghana/FS-25-7077/2025_H3N2,plate16-2-A/Ghana/FS-25-7077/2025_H3N2,212,0.5455,0.5455
seqneut25to26_sera_4010,A/Ghana/FS-25-7077/2025_H3N2,plate16-2-A/Ghana/FS-25-7077/2025_H3N2,487,0.7474,0.7474
seqneut25to26_sera_4010,A/Ghana/FS-25-7077/2025_H3N2,plate16-2-A/Ghana/FS-25-7077/2025_H3N2,1119,0.7556,0.7556
seqneut25to26_sera_4010,A/Ghana/FS-25-7077/2025_H3N2,plate16-2-A/Ghana/FS-25-7077/2025_H3N2,2575,0.969,0.969
seqneut25to26_sera_4010,A/Ghana/FS-25-7077/2025_H3N2,plate16-2-A/Ghana/FS-25-7077/2025_H3N2,5921,1.186,1
seqneut25to26_sera_4010,A/Ghana/FS-25-7077/2025_H3N2,plate16-2-A/Ghana/FS-25-7077/2025_H3N2,1.362e+04,1.091,1
seqneut25to26_sera_4010,A/Guangdong-Maonan/11438/2025_H3N2,plate16-2-A/Guangdong-Maonan/11438/2025_H3N2,40,0.000327,0.000327
seqneut25to26_sera_4010,A/Guangdong-Maonan/11438/2025_H3N2,plate16-2-A/Guangdong-Maonan/11438/2025_H3N2,92,0.05656,0.05656
seqneut25to26_sera_4010,A/Guangdong-Maonan/11438/2025_H3N2,plate16-2-A/Guangdong-Maonan/11438/2025_H3N2,212,0.08624,0.08624
seqneut25to26_sera_4010,A/Guangdong-Maonan/11438/2025_H3N2,plate16-2-A/Guangdong-Maonan/11438/2025_H3N2,487,0.4563,0.4563
seqneut25to26_sera_4010,A/Guangdong-Maonan/11438/2025_H3N2,plate16-2-A/Guangdong-Maonan/11438/2025_H3N2,1119,0.5828,0.5828
seqneut25to26_sera_4010,A/Guangdong-Maonan/11438/2025_H3N2,plate16-2-A/Guangdong-Maonan/11438/2025_H3N2,2575,0.5179,0.5179
seqneut25to26_sera_4010,A/Guangdong-Maonan/11438/2025_H3N2,plate16-2-A/Guangdong-Maonan/11438/2025_H3N2,5921,0.6569,0.6569
seqneut25to26_sera_4010,A/Guangdong-Maonan/11438/2025_H3N2,plate16-2-A/Guangdong-Maonan/11438/2025_H3N2,1.362e+04,0.8343,0.8343
seqneut25to26_sera_4010,A/Guangdong-Meijiang/11256/2025_H3N2,plate16-2-A/Guangdong-Meijiang/11256/2025_H3N2,40,0.0006751,0.0006751
seqneut25to26_sera_4010,A/Guangdong-Meijiang/11256/2025_H3N2,plate16-2-A/Guangdong-Meijiang/11256/2025_H3N2,92,0.01763,0.01763
seqneut25to26_sera_4010,A/Guangdong-Meijiang/11256/2025_H3N2,plate16-2-A/Guangdong-Meijiang/11256/2025_H3N2,212,0.08494,0.08494
seqneut25to26_sera_4010,A/Guangdong-Meijiang/11256/2025_H3N2,plate16-2-A/Guangdong-Meijiang/11256/2025_H3N2,487,0.5101,0.5101
seqneut25to26_sera_4010,A/Guangdong-Meijiang/11256/2025_H3N2,plate16-2-A/Guangdong-Meijiang/11256/2025_H3N2,1119,0.6494,0.6494
seqneut25to26_sera_4010,A/Guangdong-Meijiang/11256/2025_H3N2,plate16-2-A/Guangdong-Meijiang/11256/2025_H3N2,2575,0.6117,0.6117
seqneut25to26_sera_4010,A/Guangdong-Meijiang/11256/2025_H3N2,plate16-2-A/Guangdong-Meijiang/11256/2025_H3N2,5921,0.8648,0.8648
seqneut25to26_sera_4010,A/Guangdong-Meijiang/11256/2025_H3N2,plate16-2-A/Guangdong-Meijiang/11256/2025_H3N2,1.362e+04,0.6535,0.6535
seqneut25to26_sera_4010,A/Guangxi-Daxin/1643/2025_H3N2,plate16-2-A/Guangxi-Daxin/1643/2025_H3N2,40,0.03295,0.03295
seqneut25to26_sera_4010,A/Guangxi-Daxin/1643/2025_H3N2,plate16-2-A/Guangxi-Daxin/1643/2025_H3N2,92,0.1394,0.1394
seqneut25to26_sera_4010,A/Guangxi-Daxin/1643/2025_H3N2,plate16-2-A/Guangxi-Daxin/1643/2025_H3N2,212,0.2546,0.2546
seqneut25to26_sera_4010,A/Guangxi-Daxin/1643/2025_H3N2,plate16-2-A/Guangxi-Daxin/1643/2025_H3N2,487,0.5461,0.5461
seqneut25to26_sera_4010,A/Guangxi-Daxin/1643/2025_H3N2,plate16-2-A/Guangxi-Daxin/1643/2025_H3N2,1119,0.5234,0.5234
seqneut25to26_sera_4010,A/Guangxi-Daxin/1643/2025_H3N2,plate16-2-A/Guangxi-Daxin/1643/2025_H3N2,2575,1.005,1
seqneut25to26_sera_4010,A/Guangxi-Daxin/1643/2025_H3N2,plate16-2-A/Guangxi-Daxin/1643/2025_H3N2,5921,0.939,0.939
seqneut25to26_sera_4010,A/Guangxi-Daxin/1643/2025_H3N2,plate16-2-A/Guangxi-Daxin/1643/2025_H3N2,1.362e+04,0.8635,0.8635
seqneut25to26_sera_4010,A/Guangxi-Qingxiu/SWL11742/2025_H1N1,plate16-2-A/Guangxi-Qingxiu/SWL11742/2025_H1N1,40,0.006318,0.006318
seqneut25to26_sera_4010,A/Guangxi-Qingxiu/SWL11742/2025_H1N1,plate16-2-A/Guangxi-Qingxiu/SWL11742/2025_H1N1,92,0.3598,0.3598
seqneut25to26_sera_4010,A/Guangxi-Qingxiu/SWL11742/2025_H1N1,plate16-2-A/Guangxi-Qingxiu/SWL11742/2025_H1N1,212,0.3305,0.3305
seqneut25to26_sera_4010,A/Guangxi-Qingxiu/SWL11742/2025_H1N1,plate16-2-A/Guangxi-Qingxiu/SWL11742/2025_H1N1,487,0.3132,0.3132
seqneut25to26_sera_4010,A/Guangxi-Qingxiu/SWL11742/2025_H1N1,plate16-2-A/Guangxi-Qingxiu/SWL11742/2025_H1N1,1119,0.9817,0.9817
seqneut25to26_sera_4010,A/Guangxi-Qingxiu/SWL11742/2025_H1N1,plate16-2-A/Guangxi-Qingxiu/SWL11742/2025_H1N1,2575,1.034,1
seqneut25to26_sera_4010,A/Guangxi-Qingxiu/SWL11742/2025_H1N1,plate16-2-A/Guangxi-Qingxiu/SWL11742/2025_H1N1,5921,0.7357,0.7357
seqneut25to26_sera_4010,A/Guangxi-Qingxiu/SWL11742/2025_H1N1,plate16-2-A/Guangxi-Qingxiu/SWL11742/2025_H1N1,1.362e+04,1.059,1
seqneut25to26_sera_4010,A/Hawaii/44/2025_H1N1,plate16-2-A/Hawaii/44/2025_H1N1,40,0.01748,0.01748
seqneut25to26_sera_4010,A/Hawaii/44/2025_H1N1,plate16-2-A/Hawaii/44/2025_H1N1,92,0.2263,0.2263
seqneut25to26_sera_4010,A/Hawaii/44/2025_H1N1,plate16-2-A/Hawaii/44/2025_H1N1,212,0.3263,0.3263
seqneut25to26_sera_4010,A/Hawaii/44/2025_H1N1,plate16-2-A/Hawaii/44/2025_H1N1,487,0.5009,0.5009
seqneut25to26_sera_4010,A/Hawaii/44/2025_H1N1,plate16-2-A/Hawaii/44/2025_H1N1,1119,0.6838,0.6838
seqneut25to26_sera_4010,A/Hawaii/44/2025_H1N1,plate16-2-A/Hawaii/44/2025_H1N1,2575,0.96,0.96
seqneut25to26_sera_4010,A/Hawaii/44/2025_H1N1,plate16-2-A/Hawaii/44/2025_H1N1,5921,0.9794,0.9794
seqneut25to26_sera_4010,A/Hawaii/44/2025_H1N1,plate16-2-A/Hawaii/44/2025_H1N1,1.362e+04,1.023,1
seqneut25to26_sera_4010,A/Hawaii/70/2019_H1N1,plate16-2-A/Hawaii/70/2019_H1N1,40,0.0003411,0.0003411
seqneut25to26_sera_4010,A/Hawaii/70/2019_H1N1,plate16-2-A/Hawaii/70/2019_H1N1,92,0.0006494,0.0006494
seqneut25to26_sera_4010,A/Hawaii/70/2019_H1N1,plate16-2-A/Hawaii/70/2019_H1N1,212,0.0434,0.0434
seqneut25to26_sera_4010,A/Hawaii/70/2019_H1N1,plate16-2-A/Hawaii/70/2019_H1N1,487,0.1917,0.1917
seqneut25to26_sera_4010,A/Hawaii/70/2019_H1N1,plate16-2-A/Hawaii/70/2019_H1N1,1119,0.5207,0.5207
seqneut25to26_sera_4010,A/Hawaii/70/2019_H1N1,plate16-2-A/Hawaii/70/2019_H1N1,2575,0.7683,0.7683
seqneut25to26_sera_4010,A/Hawaii/70/2019_H1N1,plate16-2-A/Hawaii/70/2019_H1N1,5921,0.7167,0.7167
seqneut25to26_sera_4010,A/Hawaii/70/2019_H1N1,plate16-2-A/Hawaii/70/2019_H1N1,1.362e+04,1.141,1
seqneut25to26_sera_4010,A/HongKong/1257/2025_H3N2,plate16-2-A/HongKong/1257/2025_H3N2,40,0.00912,0.00912
seqneut25to26_sera_4010,A/HongKong/1257/2025_H3N2,plate16-2-A/HongKong/1257/2025_H3N2,92,0.1411,0.1411
seqneut25to26_sera_4010,A/HongKong/1257/2025_H3N2,plate16-2-A/HongKong/1257/2025_H3N2,212,0.2754,0.2754
seqneut25to26_sera_4010,A/HongKong/1257/2025_H3N2,plate16-2-A/HongKong/1257/2025_H3N2,487,0.747,0.747
seqneut25to26_sera_4010,A/HongKong/1257/2025_H3N2,plate16-2-A/HongKong/1257/2025_H3N2,1119,0.6758,0.6758
seqneut25to26_sera_4010,A/HongKong/1257/2025_H3N2,plate16-2-A/HongKong/1257/2025_H3N2,2575,1.068,1
seqneut25to26_sera_4010,A/HongKong/1257/2025_H3N2,plate16-2-A/HongKong/1257/2025_H3N2,5921,0.6129,0.6129
seqneut25to26_sera_4010,A/HongKong/1257/2025_H3N2,plate16-2-A/HongKong/1257/2025_H3N2,1.362e+04,1.247,1
seqneut25to26_sera_4010,A/HongKong/1382/2025_H3N2,plate16-2-A/HongKong/1382/2025_H3N2,40,0.01664,0.01664
seqneut25to26_sera_4010,A/HongKong/1382/2025_H3N2,plate16-2-A/HongKong/1382/2025_H3N2,92,0.07483,0.07483
seqneut25to26_sera_4010,A/HongKong/1382/2025_H3N2,plate16-2-A/HongKong/1382/2025_H3N2,212,0.07077,0.07077
seqneut25to26_sera_4010,A/HongKong/1382/2025_H3N2,plate16-2-A/HongKong/1382/2025_H3N2,487,0.3333,0.3333
seqneut25to26_sera_4010,A/HongKong/1382/2025_H3N2,plate16-2-A/HongKong/1382/2025_H3N2,1119,0.2517,0.2517
seqneut25to26_sera_4010,A/HongKong/1382/2025_H3N2,plate16-2-A/HongKong/1382/2025_H3N2,2575,0.875,0.875
seqneut25to26_sera_4010,A/HongKong/1382/2025_H3N2,plate16-2-A/HongKong/1382/2025_H3N2,5921,0.7867,0.7867
seqneut25to26_sera_4010,A/HongKong/1382/2025_H3N2,plate16-2-A/HongKong/1382/2025_H3N2,1.362e+04,0.8531,0.8531
seqneut25to26_sera_4010,A/Indonesia/BIOKES-I-BT074/2025_H3N2,plate16-2-A/Indonesia/BIOKES-I-BT074/2025_H3N2,40,0.02075,0.02075
seqneut25to26_sera_4010,A/Indonesia/BIOKES-I-BT074/2025_H3N2,plate16-2-A/Indonesia/BIOKES-I-BT074/2025_H3N2,92,0.08706,0.08706
seqneut25to26_sera_4010,A/Indonesia/BIOKES-I-BT074/2025_H3N2,plate16-2-A/Indonesia/BIOKES-I-BT074/2025_H3N2,212,0.1374,0.1374
seqneut25to26_sera_4010,A/Indonesia/BIOKES-I-BT074/2025_H3N2,plate16-2-A/Indonesia/BIOKES-I-BT074/2025_H3N2,487,0.3787,0.3787
seqneut25to26_sera_4010,A/Indonesia/BIOKES-I-BT074/2025_H3N2,plate16-2-A/Indonesia/BIOKES-I-BT074/2025_H3N2,1119,0.5986,0.5986
seqneut25to26_sera_4010,A/Indonesia/BIOKES-I-BT074/2025_H3N2,plate16-2-A/Indonesia/BIOKES-I-BT074/2025_H3N2,2575,1.206,1
seqneut25to26_sera_4010,A/Indonesia/BIOKES-I-BT074/2025_H3N2,plate16-2-A/Indonesia/BIOKES-I-BT074/2025_H3N2,5921,0.8707,0.8707
seqneut25to26_sera_4010,A/Indonesia/BIOKES-I-BT074/2025_H3N2,plate16-2-A/Indonesia/BIOKES-I-BT074/2025_H3N2,1.362e+04,0.8692,0.8692
seqneut25to26_sera_4010,A/Indonesia/BIOKES-INAD491/2025_H3N2,plate16-2-A/Indonesia/BIOKES-INAD491/2025_H3N2,40,0.008924,0.008924
seqneut25to26_sera_4010,A/Indonesia/BIOKES-INAD491/2025_H3N2,plate16-2-A/Indonesia/BIOKES-INAD491/2025_H3N2,92,0.01453,0.01453
seqneut25to26_sera_4010,A/Indonesia/BIOKES-INAD491/2025_H3N2,plate16-2-A/Indonesia/BIOKES-INAD491/2025_H3N2,212,0.1794,0.1794
seqneut25to26_sera_4010,A/Indonesia/BIOKES-INAD491/2025_H3N2,plate16-2-A/Indonesia/BIOKES-INAD491/2025_H3N2,487,0.3319,0.3319
seqneut25to26_sera_4010,A/Indonesia/BIOKES-INAD491/2025_H3N2,plate16-2-A/Indonesia/BIOKES-INAD491/2025_H3N2,1119,0.8437,0.8437
seqneut25to26_sera_4010,A/Indonesia/BIOKES-INAD491/2025_H3N2,plate16-2-A/Indonesia/BIOKES-INAD491/2025_H3N2,2575,0.8373,0.8373
seqneut25to26_sera_4010,A/Indonesia/BIOKES-INAD491/2025_H3N2,plate16-2-A/Indonesia/BIOKES-INAD491/2025_H3N2,5921,0.8772,0.8772
seqneut25to26_sera_4010,A/Indonesia/BIOKES-INAD491/2025_H3N2,plate16-2-A/Indonesia/BIOKES-INAD491/2025_H3N2,1.362e+04,0.8629,0.8629
seqneut25to26_sera_4010,A/Lao/820-2750/2025_H3N2,plate16-2-A/Lao/820-2750/2025_H3N2,40,0.004894,0.004894
seqneut25to26_sera_4010,A/Lao/820-2750/2025_H3N2,plate16-2-A/Lao/820-2750/2025_H3N2,92,0.02142,0.02142
seqneut25to26_sera_4010,A/Lao/820-2750/2025_H3N2,plate16-2-A/Lao/820-2750/2025_H3N2,212,0.1966,0.1966
seqneut25to26_sera_4010,A/Lao/820-2750/2025_H3N2,plate16-2-A/Lao/820-2750/2025_H3N2,487,0.7367,0.7367
seqneut25to26_sera_4010,A/Lao/820-2750/2025_H3N2,plate16-2-A/Lao/820-2750/2025_H3N2,1119,0.4996,0.4996
seqneut25to26_sera_4010,A/Lao/820-2750/2025_H3N2,plate16-2-A/Lao/820-2750/2025_H3N2,2575,0.8589,0.8589
seqneut25to26_sera_4010,A/Lao/820-2750/2025_H3N2,plate16-2-A/Lao/820-2750/2025_H3N2,5921,1.167,1
seqneut25to26_sera_4010,A/Lao/820-2750/2025_H3N2,plate16-2-A/Lao/820-2750/2025_H3N2,1.362e+04,1.193,1
seqneut25to26_sera_4010,A/Malaysia/IMR/SARI/2028/2025_H3N2,plate16-2-A/Malaysia/IMR/SARI/2028/2025_H3N2,40,0.00341,0.00341
seqneut25to26_sera_4010,A/Malaysia/IMR/SARI/2028/2025_H3N2,plate16-2-A/Malaysia/IMR/SARI/2028/2025_H3N2,92,0.02492,0.02492
seqneut25to26_sera_4010,A/Malaysia/IMR/SARI/2028/2025_H3N2,plate16-2-A/Malaysia/IMR/SARI/2028/2025_H3N2,212,0.1454,0.1454
seqneut25to26_sera_4010,A/Malaysia/IMR/SARI/2028/2025_H3N2,plate16-2-A/Malaysia/IMR/SARI/2028/2025_H3N2,487,0.3231,0.3231
seqneut25to26_sera_4010,A/Malaysia/IMR/SARI/2028/2025_H3N2,plate16-2-A/Malaysia/IMR/SARI/2028/2025_H3N2,1119,0.5679,0.5679
seqneut25to26_sera_4010,A/Malaysia/IMR/SARI/2028/2025_H3N2,plate16-2-A/Malaysia/IMR/SARI/2028/2025_H3N2,2575,0.7791,0.7791
seqneut25to26_sera_4010,A/Malaysia/IMR/SARI/2028/2025_H3N2,plate16-2-A/Malaysia/IMR/SARI/2028/2025_H3N2,5921,1.145,1
seqneut25to26_sera_4010,A/Malaysia/IMR/SARI/2028/2025_H3N2,plate16-2-A/Malaysia/IMR/SARI/2028/2025_H3N2,1.362e+04,0.9907,0.9907
seqneut25to26_sera_4010,A/Malaysia/IMR/SARI/2406/2025_H3N2,plate16-2-A/Malaysia/IMR/SARI/2406/2025_H3N2,40,0.03003,0.03003
seqneut25to26_sera_4010,A/Malaysia/IMR/SARI/2406/2025_H3N2,plate16-2-A/Malaysia/IMR/SARI/2406/2025_H3N2,92,0.1493,0.1493
seqneut25to26_sera_4010,A/Malaysia/IMR/SARI/2406/2025_H3N2,plate16-2-A/Malaysia/IMR/SARI/2406/2025_H3N2,212,0.3609,0.3609
seqneut25to26_sera_4010,A/Malaysia/IMR/SARI/2406/2025_H3N2,plate16-2-A/Malaysia/IMR/SARI/2406/2025_H3N2,487,0.2784,0.2784
seqneut25to26_sera_4010,A/Malaysia/IMR/SARI/2406/2025_H3N2,plate16-2-A/Malaysia/IMR/SARI/2406/2025_H3N2,1119,0.5148,0.5148
seqneut25to26_sera_4010,A/Malaysia/IMR/SARI/2406/2025_H3N2,plate16-2-A/Malaysia/IMR/SARI/2406/2025_H3N2,2575,1.011,1
seqneut25to26_sera_4010,A/Malaysia/IMR/SARI/2406/2025_H3N2,plate16-2-A/Malaysia/IMR/SARI/2406/2025_H3N2,5921,0.9573,0.9573
seqneut25to26_sera_4010,A/Malaysia/IMR/SARI/2406/2025_H3N2,plate16-2-A/Malaysia/IMR/SARI/2406/2025_H3N2,1.362e+04,0.8878,0.8878
seqneut25to26_sera_4010,A/Malaysia/IMR/SARI/2517/2025_H3N2,plate16-2-A/Malaysia/IMR/SARI/2517/2025_H3N2,40,0.0193,0.0193
seqneut25to26_sera_4010,A/Malaysia/IMR/SARI/2517/2025_H3N2,plate16-2-A/Malaysia/IMR/SARI/2517/2025_H3N2,92,0.1269,0.1269
seqneut25to26_sera_4010,A/Malaysia/IMR/SARI/2517/2025_H3N2,plate16-2-A/Malaysia/IMR/SARI/2517/2025_H3N2,212,0.3869,0.3869
seqneut25to26_sera_4010,A/Malaysia/IMR/SARI/2517/2025_H3N2,plate16-2-A/Malaysia/IMR/SARI/2517/2025_H3N2,487,0.3547,0.3547
seqneut25to26_sera_4010,A/Malaysia/IMR/SARI/2517/2025_H3N2,plate16-2-A/Malaysia/IMR/SARI/2517/2025_H3N2,1119,0.5942,0.5942
seqneut25to26_sera_4010,A/Malaysia/IMR/SARI/2517/2025_H3N2,plate16-2-A/Malaysia/IMR/SARI/2517/2025_H3N2,2575,0.9431,0.9431
seqneut25to26_sera_4010,A/Malaysia/IMR/SARI/2517/2025_H3N2,plate16-2-A/Malaysia/IMR/SARI/2517/2025_H3N2,5921,1.01,1
seqneut25to26_sera_4010,A/Malaysia/IMR/SARI/2517/2025_H3N2,plate16-2-A/Malaysia/IMR/SARI/2517/2025_H3N2,1.362e+04,0.9447,0.9447
seqneut25to26_sera_4010,A/Massachusetts/18/2022_H3N2,plate16-2-A/Massachusetts/18/2022_H3N2,40,0.0001543,0.0001543
seqneut25to26_sera_4010,A/Massachusetts/18/2022_H3N2,plate16-2-A/Massachusetts/18/2022_H3N2,92,0.2497,0.2497
seqneut25to26_sera_4010,A/Massachusetts/18/2022_H3N2,plate16-2-A/Massachusetts/18/2022_H3N2,212,0.3386,0.3386
seqneut25to26_sera_4010,A/Massachusetts/18/2022_H3N2,plate16-2-A/Massachusetts/18/2022_H3N2,487,0.8318,0.8318
seqneut25to26_sera_4010,A/Massachusetts/18/2022_H3N2,plate16-2-A/Massachusetts/18/2022_H3N2,1119,0.8761,0.8761
seqneut25to26_sera_4010,A/Massachusetts/18/2022_H3N2,plate16-2-A/Massachusetts/18/2022_H3N2,2575,0.7853,0.7853
seqneut25to26_sera_4010,A/Massachusetts/18/2022_H3N2,plate16-2-A/Massachusetts/18/2022_H3N2,5921,0.816,0.816
seqneut25to26_sera_4010,A/Massachusetts/18/2022_H3N2,plate16-2-A/Massachusetts/18/2022_H3N2,1.362e+04,0.9242,0.9242
seqneut25to26_sera_4010,A/Michigan/110/2025_H3N2,plate16-2-A/Michigan/110/2025_H3N2,40,0.005031,0.005031
seqneut25to26_sera_4010,A/Michigan/110/2025_H3N2,plate16-2-A/Michigan/110/2025_H3N2,92,0.08384,0.08384
seqneut25to26_sera_4010,A/Michigan/110/2025_H3N2,plate16-2-A/Michigan/110/2025_H3N2,212,0.3292,0.3292
seqneut25to26_sera_4010,A/Michigan/110/2025_H3N2,plate16-2-A/Michigan/110/2025_H3N2,487,0.4326,0.4326
seqneut25to26_sera_4010,A/Michigan/110/2025_H3N2,plate16-2-A/Michigan/110/2025_H3N2,1119,0.718,0.718
seqneut25to26_sera_4010,A/Michigan/110/2025_H3N2,plate16-2-A/Michigan/110/2025_H3N2,2575,1.097,1
seqneut25to26_sera_4010,A/Michigan/110/2025_H3N2,plate16-2-A/Michigan/110/2025_H3N2,5921,0.8892,0.8892
seqneut25to26_sera_4010,A/Michigan/110/2025_H3N2,plate16-2-A/Michigan/110/2025_H3N2,1.362e+04,0.9029,0.9029
seqneut25to26_sera_4010,A/Minnesota/96/2025_H3N2,plate16-2-A/Minnesota/96/2025_H3N2,40,0.007662,0.007662
seqneut25to26_sera_4010,A/Minnesota/96/2025_H3N2,plate16-2-A/Minnesota/96/2025_H3N2,92,0.1396,0.1396
seqneut25to26_sera_4010,A/Minnesota/96/2025_H3N2,plate16-2-A/Minnesota/96/2025_H3N2,212,0.2996,0.2996
seqneut25to26_sera_4010,A/Minnesota/96/2025_H3N2,plate16-2-A/Minnesota/96/2025_H3N2,487,0.6388,0.6388
seqneut25to26_sera_4010,A/Minnesota/96/2025_H3N2,plate16-2-A/Minnesota/96/2025_H3N2,1119,0.7717,0.7717
seqneut25to26_sera_4010,A/Minnesota/96/2025_H3N2,plate16-2-A/Minnesota/96/2025_H3N2,2575,0.6487,0.6487
seqneut25to26_sera_4010,A/Minnesota/96/2025_H3N2,plate16-2-A/Minnesota/96/2025_H3N2,5921,1.101,1
seqneut25to26_sera_4010,A/Minnesota/96/2025_H3N2,plate16-2-A/Minnesota/96/2025_H3N2,1.362e+04,0.7049,0.7049
seqneut25to26_sera_4010,A/Missouri/11/2025_H1N1,plate16-2-A/Missouri/11/2025_H1N1,40,0.004814,0.004814
seqneut25to26_sera_4010,A/Missouri/11/2025_H1N1,plate16-2-A/Missouri/11/2025_H1N1,92,0.07182,0.07182
seqneut25to26_sera_4010,A/Missouri/11/2025_H1N1,plate16-2-A/Missouri/11/2025_H1N1,212,0.2655,0.2655
seqneut25to26_sera_4010,A/Missouri/11/2025_H1N1,plate16-2-A/Missouri/11/2025_H1N1,487,0.2889,0.2889
seqneut25to26_sera_4010,A/Missouri/11/2025_H1N1,plate16-2-A/Missouri/11/2025_H1N1,1119,0.6047,0.6047
seqneut25to26_sera_4010,A/Missouri/11/2025_H1N1,plate16-2-A/Missouri/11/2025_H1N1,2575,1.65,1
seqneut25to26_sera_4010,A/Missouri/11/2025_H1N1,plate16-2-A/Missouri/11/2025_H1N1,5921,0.9255,0.9255
seqneut25to26_sera_4010,A/Missouri/11/2025_H1N1,plate16-2-A/Missouri/11/2025_H1N1,1.362e+04,0.6947,0.6947
seqneut25to26_sera_4010,A/NewSouthWales/2526015582/2025_H3N2,plate16-2-A/NewSouthWales/2526015582/2025_H3N2,40,0.04279,0.04279
seqneut25to26_sera_4010,A/NewSouthWales/2526015582/2025_H3N2,plate16-2-A/NewSouthWales/2526015582/2025_H3N2,92,0.2434,0.2434
seqneut25to26_sera_4010,A/NewSouthWales/2526015582/2025_H3N2,plate16-2-A/NewSouthWales/2526015582/2025_H3N2,212,0.3431,0.3431
seqneut25to26_sera_4010,A/NewSouthWales/2526015582/2025_H3N2,plate16-2-A/NewSouthWales/2526015582/2025_H3N2,487,0.3924,0.3924
seqneut25to26_sera_4010,A/NewSouthWales/2526015582/2025_H3N2,plate16-2-A/NewSouthWales/2526015582/2025_H3N2,1119,0.7101,0.7101
seqneut25to26_sera_4010,A/NewSouthWales/2526015582/2025_H3N2,plate16-2-A/NewSouthWales/2526015582/2025_H3N2,2575,1.098,1
seqneut25to26_sera_4010,A/NewSouthWales/2526015582/2025_H3N2,plate16-2-A/NewSouthWales/2526015582/2025_H3N2,5921,0.9249,0.9249
seqneut25to26_sera_4010,A/NewSouthWales/2526015582/2025_H3N2,plate16-2-A/NewSouthWales/2526015582/2025_H3N2,1.362e+04,0.9048,0.9048
seqneut25to26_sera_4010,A/NewSouthWales/2526015584/2025_H3N2,plate16-2-A/NewSouthWales/2526015584/2025_H3N2,40,0.004734,0.004734
seqneut25to26_sera_4010,A/NewSouthWales/2526015584/2025_H3N2,plate16-2-A/NewSouthWales/2526015584/2025_H3N2,92,0.05083,0.05083
seqneut25to26_sera_4010,A/NewSouthWales/2526015584/2025_H3N2,plate16-2-A/NewSouthWales/2526015584/2025_H3N2,212,0.2341,0.2341
seqneut25to26_sera_4010,A/NewSouthWales/2526015584/2025_H3N2,plate16-2-A/NewSouthWales/2526015584/2025_H3N2,487,0.2934,0.2934
seqneut25to26_sera_4010,A/NewSouthWales/2526015584/2025_H3N2,plate16-2-A/NewSouthWales/2526015584/2025_H3N2,1119,0.4078,0.4078
seqneut25to26_sera_4010,A/NewSouthWales/2526015584/2025_H3N2,plate16-2-A/NewSouthWales/2526015584/2025_H3N2,2575,0.777,0.777
seqneut25to26_sera_4010,A/NewSouthWales/2526015584/2025_H3N2,plate16-2-A/NewSouthWales/2526015584/2025_H3N2,5921,0.6625,0.6625
seqneut25to26_sera_4010,A/NewSouthWales/2526015584/2025_H3N2,plate16-2-A/NewSouthWales/2526015584/2025_H3N2,1.362e+04,0.9591,0.9591
seqneut25to26_sera_4010,A/Norway/8765/2025_H3N2,plate16-2-A/Norway/8765/2025_H3N2,40,0.04059,0.04059
seqneut25to26_sera_4010,A/Norway/8765/2025_H3N2,plate16-2-A/Norway/8765/2025_H3N2,92,0.2826,0.2826
seqneut25to26_sera_4010,A/Norway/8765/2025_H3N2,plate16-2-A/Norway/8765/2025_H3N2,212,0.2925,0.2925
seqneut25to26_sera_4010,A/Norway/8765/2025_H3N2,plate16-2-A/Norway/8765/2025_H3N2,487,0.4428,0.4428
seqneut25to26_sera_4010,A/Norway/8765/2025_H3N2,plate16-2-A/Norway/8765/2025_H3N2,1119,0.6459,0.6459
seqneut25to26_sera_4010,A/Norway/8765/2025_H3N2,plate16-2-A/Norway/8765/2025_H3N2,2575,1.012,1
seqneut25to26_sera_4010,A/Norway/8765/2025_H3N2,plate16-2-A/Norway/8765/2025_H3N2,5921,0.9167,0.9167
seqneut25to26_sera_4010,A/Norway/8765/2025_H3N2,plate16-2-A/Norway/8765/2025_H3N2,1.362e+04,1.022,1
seqneut25to26_sera_4010,A/Norway/8976/2025_H3N2,plate16-2-A/Norway/8976/2025_H3N2,40,0.06633,0.06633
seqneut25to26_sera_4010,A/Norway/8976/2025_H3N2,plate16-2-A/Norway/8976/2025_H3N2,92,0.2475,0.2475
seqneut25to26_sera_4010,A/Norway/8976/2025_H3N2,plate16-2-A/Norway/8976/2025_H3N2,212,0.4423,0.4423
seqneut25to26_sera_4010,A/Norway/8976/2025_H3N2,plate16-2-A/Norway/8976/2025_H3N2,487,0.5313,0.5313
seqneut25to26_sera_4010,A/Norway/8976/2025_H3N2,plate16-2-A/Norway/8976/2025_H3N2,1119,0.5332,0.5332
seqneut25to26_sera_4010,A/Norway/8976/2025_H3N2,plate16-2-A/Norway/8976/2025_H3N2,2575,0.8416,0.8416
seqneut25to26_sera_4010,A/Norway/8976/2025_H3N2,plate16-2-A/Norway/8976/2025_H3N2,5921,0.9019,0.9019
seqneut25to26_sera_4010,A/Norway/8976/2025_H3N2,plate16-2-A/Norway/8976/2025_H3N2,1.362e+04,0.862,0.862
seqneut25to26_sera_4010,A/Norway/9107/2025_H1N1,plate16-2-A/Norway/9107/2025_H1N1,40,0.02325,0.02325
seqneut25to26_sera_4010,A/Norway/9107/2025_H1N1,plate16-2-A/Norway/9107/2025_H1N1,92,0.1139,0.1139
seqneut25to26_sera_4010,A/Norway/9107/2025_H1N1,plate16-2-A/Norway/9107/2025_H1N1,212,0.2723,0.2723
seqneut25to26_sera_4010,A/Norway/9107/2025_H1N1,plate16-2-A/Norway/9107/2025_H1N1,487,0.5026,0.5026
seqneut25to26_sera_4010,A/Norway/9107/2025_H1N1,plate16-2-A/Norway/9107/2025_H1N1,1119,0.836,0.836
seqneut25to26_sera_4010,A/Norway/9107/2025_H1N1,plate16-2-A/Norway/9107/2025_H1N1,2575,0.9258,0.9258
seqneut25to26_sera_4010,A/Norway/9107/2025_H1N1,plate16-2-A/Norway/9107/2025_H1N1,5921,0.6506,0.6506
seqneut25to26_sera_4010,A/Norway/9107/2025_H1N1,plate16-2-A/Norway/9107/2025_H1N1,1.362e+04,0.9526,0.9526
seqneut25to26_sera_4010,A/Norway/9556/2025_H1N1,plate16-2-A/Norway/9556/2025_H1N1,40,0.02999,0.02999
seqneut25to26_sera_4010,A/Norway/9556/2025_H1N1,plate16-2-A/Norway/9556/2025_H1N1,92,0.2385,0.2385
seqneut25to26_sera_4010,A/Norway/9556/2025_H1N1,plate16-2-A/Norway/9556/2025_H1N1,212,0.2937,0.2937
seqneut25to26_sera_4010,A/Norway/9556/2025_H1N1,plate16-2-A/Norway/9556/2025_H1N1,487,0.601,0.601
seqneut25to26_sera_4010,A/Norway/9556/2025_H1N1,plate16-2-A/Norway/9556/2025_H1N1,1119,0.7734,0.7734
seqneut25to26_sera_4010,A/Norway/9556/2025_H1N1,plate16-2-A/Norway/9556/2025_H1N1,2575,0.8613,0.8613
seqneut25to26_sera_4010,A/Norway/9556/2025_H1N1,plate16-2-A/Norway/9556/2025_H1N1,5921,0.9428,0.9428
seqneut25to26_sera_4010,A/Norway/9556/2025_H1N1,plate16-2-A/Norway/9556/2025_H1N1,1.362e+04,0.979,0.979
seqneut25to26_sera_4010,A/Peru/GIHSN-04-1089/2025_H3N2,plate16-2-A/Peru/GIHSN-04-1089/2025_H3N2,40,0.003036,0.003036
seqneut25to26_sera_4010,A/Peru/GIHSN-04-1089/2025_H3N2,plate16-2-A/Peru/GIHSN-04-1089/2025_H3N2,92,0.02132,0.02132
seqneut25to26_sera_4010,A/Peru/GIHSN-04-1089/2025_H3N2,plate16-2-A/Peru/GIHSN-04-1089/2025_H3N2,212,0.077,0.077
seqneut25to26_sera_4010,A/Peru/GIHSN-04-1089/2025_H3N2,plate16-2-A/Peru/GIHSN-04-1089/2025_H3N2,487,0.4471,0.4471
seqneut25to26_sera_4010,A/Peru/GIHSN-04-1089/2025_H3N2,plate16-2-A/Peru/GIHSN-04-1089/2025_H3N2,1119,0.8299,0.8299
seqneut25to26_sera_4010,A/Peru/GIHSN-04-1089/2025_H3N2,plate16-2-A/Peru/GIHSN-04-1089/2025_H3N2,2575,0.8879,0.8879
seqneut25to26_sera_4010,A/Peru/GIHSN-04-1089/2025_H3N2,plate16-2-A/Peru/GIHSN-04-1089/2025_H3N2,5921,0.7662,0.7662
seqneut25to26_sera_4010,A/Peru/GIHSN-04-1089/2025_H3N2,plate16-2-A/Peru/GIHSN-04-1089/2025_H3N2,1.362e+04,1.228,1
seqneut25to26_sera_4010,A/Philippines/SARI25-1425/2025_H1N1,plate16-2-A/Philippines/SARI25-1425/2025_H1N1,40,0.2523,0.2523
seqneut25to26_sera_4010,A/Philippines/SARI25-1425/2025_H1N1,plate16-2-A/Philippines/SARI25-1425/2025_H1N1,92,0.105,0.105
seqneut25to26_sera_4010,A/Philippines/SARI25-1425/2025_H1N1,plate16-2-A/Philippines/SARI25-1425/2025_H1N1,212,0.3019,0.3019
seqneut25to26_sera_4010,A/Philippines/SARI25-1425/2025_H1N1,plate16-2-A/Philippines/SARI25-1425/2025_H1N1,487,0.4143,0.4143
seqneut25to26_sera_4010,A/Philippines/SARI25-1425/2025_H1N1,plate16-2-A/Philippines/SARI25-1425/2025_H1N1,1119,0.831,0.831
seqneut25to26_sera_4010,A/Philippines/SARI25-1425/2025_H1N1,plate16-2-A/Philippines/SARI25-1425/2025_H1N1,2575,0.8544,0.8544
seqneut25to26_sera_4010,A/Philippines/SARI25-1425/2025_H1N1,plate16-2-A/Philippines/SARI25-1425/2025_H1N1,5921,0.7268,0.7268
seqneut25to26_sera_4010,A/Philippines/SARI25-1425/2025_H1N1,plate16-2-A/Philippines/SARI25-1425/2025_H1N1,1.362e+04,0.747,0.747
seqneut25to26_sera_4010,A/Queensland/2526516675/2025_H3N2,plate16-2-A/Queensland/2526516675/2025_H3N2,40,0.1023,0.1023
seqneut25to26_sera_4010,A/Queensland/2526516675/2025_H3N2,plate16-2-A/Queensland/2526516675/2025_H3N2,92,0.1771,0.1771
seqneut25to26_sera_4010,A/Queensland/2526516675/2025_H3N2,plate16-2-A/Queensland/2526516675/2025_H3N2,212,0.4117,0.4117
seqneut25to26_sera_4010,A/Queensland/2526516675/2025_H3N2,plate16-2-A/Queensland/2526516675/2025_H3N2,487,0.478,0.478
seqneut25to26_sera_4010,A/Queensland/2526516675/2025_H3N2,plate16-2-A/Queensland/2526516675/2025_H3N2,1119,0.685,0.685
seqneut25to26_sera_4010,A/Queensland/2526516675/2025_H3N2,plate16-2-A/Queensland/2526516675/2025_H3N2,2575,0.9016,0.9016
seqneut25to26_sera_4010,A/Queensland/2526516675/2025_H3N2,plate16-2-A/Queensland/2526516675/2025_H3N2,5921,0.9367,0.9367
seqneut25to26_sera_4010,A/Queensland/2526516675/2025_H3N2,plate16-2-A/Queensland/2526516675/2025_H3N2,1.362e+04,0.9776,0.9776
seqneut25to26_sera_4010,A/SouthAfrica/PET37604/2025_H3N2,plate16-2-A/SouthAfrica/PET37604/2025_H3N2,40,0.001276,0.001276
seqneut25to26_sera_4010,A/SouthAfrica/PET37604/2025_H3N2,plate16-2-A/SouthAfrica/PET37604/2025_H3N2,92,0.06827,0.06827
seqneut25to26_sera_4010,A/SouthAfrica/PET37604/2025_H3N2,plate16-2-A/SouthAfrica/PET37604/2025_H3N2,212,0.136,0.136
seqneut25to26_sera_4010,A/SouthAfrica/PET37604/2025_H3N2,plate16-2-A/SouthAfrica/PET37604/2025_H3N2,487,0.3056,0.3056
seqneut25to26_sera_4010,A/SouthAfrica/PET37604/2025_H3N2,plate16-2-A/SouthAfrica/PET37604/2025_H3N2,1119,0.6927,0.6927
seqneut25to26_sera_4010,A/SouthAfrica/PET37604/2025_H3N2,plate16-2-A/SouthAfrica/PET37604/2025_H3N2,2575,0.5212,0.5212
seqneut25to26_sera_4010,A/SouthAfrica/PET37604/2025_H3N2,plate16-2-A/SouthAfrica/PET37604/2025_H3N2,5921,0.9492,0.9492
seqneut25to26_sera_4010,A/SouthAfrica/PET37604/2025_H3N2,plate16-2-A/SouthAfrica/PET37604/2025_H3N2,1.362e+04,0.6454,0.6454
seqneut25to26_sera_4010,A/SouthAfrica/PET37625/2025_H3N2,plate16-2-A/SouthAfrica/PET37625/2025_H3N2,40,0.0002725,0.0002725
seqneut25to26_sera_4010,A/SouthAfrica/PET37625/2025_H3N2,plate16-2-A/SouthAfrica/PET37625/2025_H3N2,92,0.03457,0.03457
seqneut25to26_sera_4010,A/SouthAfrica/PET37625/2025_H3N2,plate16-2-A/SouthAfrica/PET37625/2025_H3N2,212,0.07553,0.07553
seqneut25to26_sera_4010,A/SouthAfrica/PET37625/2025_H3N2,plate16-2-A/SouthAfrica/PET37625/2025_H3N2,487,0.637,0.637
seqneut25to26_sera_4010,A/SouthAfrica/PET37625/2025_H3N2,plate16-2-A/SouthAfrica/PET37625/2025_H3N2,1119,0.4522,0.4522
seqneut25to26_sera_4010,A/SouthAfrica/PET37625/2025_H3N2,plate16-2-A/SouthAfrica/PET37625/2025_H3N2,2575,0.7563,0.7563
seqneut25to26_sera_4010,A/SouthAfrica/PET37625/2025_H3N2,plate16-2-A/SouthAfrica/PET37625/2025_H3N2,5921,0.8293,0.8293
seqneut25to26_sera_4010,A/SouthAfrica/PET37625/2025_H3N2,plate16-2-A/SouthAfrica/PET37625/2025_H3N2,1.362e+04,1.407,1
seqneut25to26_sera_4010,A/SouthAustralia/2519001037/2025_H1N1,plate16-2-A/SouthAustralia/2519001037/2025_H1N1,40,0.02991,0.02991
seqneut25to26_sera_4010,A/SouthAustralia/2519001037/2025_H1N1,plate16-2-A/SouthAustralia/2519001037/2025_H1N1,92,0.08978,0.08978
seqneut25to26_sera_4010,A/SouthAustralia/2519001037/2025_H1N1,plate16-2-A/SouthAustralia/2519001037/2025_H1N1,212,0.1503,0.1503
seqneut25to26_sera_4010,A/SouthAustralia/2519001037/2025_H1N1,plate16-2-A/SouthAustralia/2519001037/2025_H1N1,487,0.4871,0.4871
seqneut25to26_sera_4010,A/SouthAustralia/2519001037/2025_H1N1,plate16-2-A/SouthAustralia/2519001037/2025_H1N1,1119,0.7258,0.7258
seqneut25to26_sera_4010,A/SouthAustralia/2519001037/2025_H1N1,plate16-2-A/SouthAustralia/2519001037/2025_H1N1,2575,0.8842,0.8842
seqneut25to26_sera_4010,A/SouthAustralia/2519001037/2025_H1N1,plate16-2-A/SouthAustralia/2519001037/2025_H1N1,5921,0.7732,0.7732
seqneut25to26_sera_4010,A/SouthAustralia/2519001037/2025_H1N1,plate16-2-A/SouthAustralia/2519001037/2025_H1N1,1.362e+04,1.023,1
seqneut25to26_sera_4010,A/SouthAustralia/2520702747/2025_H1N1,plate16-2-A/SouthAustralia/2520702747/2025_H1N1,40,0.003884,0.003884
seqneut25to26_sera_4010,A/SouthAustralia/2520702747/2025_H1N1,plate16-2-A/SouthAustralia/2520702747/2025_H1N1,92,0.1268,0.1268
seqneut25to26_sera_4010,A/SouthAustralia/2520702747/2025_H1N1,plate16-2-A/SouthAustralia/2520702747/2025_H1N1,212,0.3752,0.3752
seqneut25to26_sera_4010,A/SouthAustralia/2520702747/2025_H1N1,plate16-2-A/SouthAustralia/2520702747/2025_H1N1,487,0.4943,0.4943
seqneut25to26_sera_4010,A/SouthAustralia/2520702747/2025_H1N1,plate16-2-A/SouthAustralia/2520702747/2025_H1N1,1119,0.7704,0.7704
seqneut25to26_sera_4010,A/SouthAustralia/2520702747/2025_H1N1,plate16-2-A/SouthAustralia/2520702747/2025_H1N1,2575,0.6229,0.6229
seqneut25to26_sera_4010,A/SouthAustralia/2520702747/2025_H1N1,plate16-2-A/SouthAustralia/2520702747/2025_H1N1,5921,0.8861,0.8861
seqneut25to26_sera_4010,A/SouthAustralia/2520702747/2025_H1N1,plate16-2-A/SouthAustralia/2520702747/2025_H1N1,1.362e+04,1.23,1
seqneut25to26_sera_4010,A/SouthAustralia/2523012764/2025_H1N1,plate16-2-A/SouthAustralia/2523012764/2025_H1N1,40,0.004276,0.004276
seqneut25to26_sera_4010,A/SouthAustralia/2523012764/2025_H1N1,plate16-2-A/SouthAustralia/2523012764/2025_H1N1,92,0.1099,0.1099
seqneut25to26_sera_4010,A/SouthAustralia/2523012764/2025_H1N1,plate16-2-A/SouthAustralia/2523012764/2025_H1N1,212,0.4769,0.4769
seqneut25to26_sera_4010,A/SouthAustralia/2523012764/2025_H1N1,plate16-2-A/SouthAustralia/2523012764/2025_H1N1,487,0.5035,0.5035
seqneut25to26_sera_4010,A/SouthAustralia/2523012764/2025_H1N1,plate16-2-A/SouthAustralia/2523012764/2025_H1N1,1119,1.047,1
seqneut25to26_sera_4010,A/SouthAustralia/2523012764/2025_H1N1,plate16-2-A/SouthAustralia/2523012764/2025_H1N1,2575,0.8934,0.8934
seqneut25to26_sera_4010,A/SouthAustralia/2523012764/2025_H1N1,plate16-2-A/SouthAustralia/2523012764/2025_H1N1,5921,1.479,1
seqneut25to26_sera_4010,A/SouthAustralia/2523012764/2025_H1N1,plate16-2-A/SouthAustralia/2523012764/2025_H1N1,1.362e+04,1.437,1
seqneut25to26_sera_4010,A/SouthAustralia/2523812314/2025_H3N2,plate16-2-A/SouthAustralia/2523812314/2025_H3N2,40,0.06906,0.06906
seqneut25to26_sera_4010,A/SouthAustralia/2523812314/2025_H3N2,plate16-2-A/SouthAustralia/2523812314/2025_H3N2,92,0.2146,0.2146
seqneut25to26_sera_4010,A/SouthAustralia/2523812314/2025_H3N2,plate16-2-A/SouthAustralia/2523812314/2025_H3N2,212,0.3236,0.3236
seqneut25to26_sera_4010,A/SouthAustralia/2523812314/2025_H3N2,plate16-2-A/SouthAustralia/2523812314/2025_H3N2,487,0.5702,0.5702
seqneut25to26_sera_4010,A/SouthAustralia/2523812314/2025_H3N2,plate16-2-A/SouthAustralia/2523812314/2025_H3N2,1119,0.8284,0.8284
seqneut25to26_sera_4010,A/SouthAustralia/2523812314/2025_H3N2,plate16-2-A/SouthAustralia/2523812314/2025_H3N2,2575,0.9567,0.9567
seqneut25to26_sera_4010,A/SouthAustralia/2523812314/2025_H3N2,plate16-2-A/SouthAustralia/2523812314/2025_H3N2,5921,0.9103,0.9103
seqneut25to26_sera_4010,A/SouthAustralia/2523812314/2025_H3N2,plate16-2-A/SouthAustralia/2523812314/2025_H3N2,1.362e+04,0.8598,0.8598
seqneut25to26_sera_4010,A/SouthAustralia/2524408801/2025_H3N2,plate16-2-A/SouthAustralia/2524408801/2025_H3N2,40,0.06028,0.06028
seqneut25to26_sera_4010,A/SouthAustralia/2524408801/2025_H3N2,plate16-2-A/SouthAustralia/2524408801/2025_H3N2,92,0.1573,0.1573
seqneut25to26_sera_4010,A/SouthAustralia/2524408801/2025_H3N2,plate16-2-A/SouthAustralia/2524408801/2025_H3N2,212,0.4274,0.4274
seqneut25to26_sera_4010,A/SouthAustralia/2524408801/2025_H3N2,plate16-2-A/SouthAustralia/2524408801/2025_H3N2,487,0.7194,0.7194
seqneut25to26_sera_4010,A/SouthAustralia/2524408801/2025_H3N2,plate16-2-A/SouthAustralia/2524408801/2025_H3N2,1119,0.8658,0.8658
seqneut25to26_sera_4010,A/SouthAustralia/2524408801/2025_H3N2,plate16-2-A/SouthAustralia/2524408801/2025_H3N2,2575,1.093,1
seqneut25to26_sera_4010,A/SouthAustralia/2524408801/2025_H3N2,plate16-2-A/SouthAustralia/2524408801/2025_H3N2,5921,0.9358,0.9358
seqneut25to26_sera_4010,A/SouthAustralia/2524408801/2025_H3N2,plate16-2-A/SouthAustralia/2524408801/2025_H3N2,1.362e+04,1.375,1
seqneut25to26_sera_4010,A/SouthAustralia/2524712956/2025_H1N1,plate16-2-A/SouthAustralia/2524712956/2025_H1N1,40,0.01213,0.01213
seqneut25to26_sera_4010,A/SouthAustralia/2524712956/2025_H1N1,plate16-2-A/SouthAustralia/2524712956/2025_H1N1,92,0.1291,0.1291
seqneut25to26_sera_4010,A/SouthAustralia/2524712956/2025_H1N1,plate16-2-A/SouthAustralia/2524712956/2025_H1N1,212,0.2755,0.2755
seqneut25to26_sera_4010,A/SouthAustralia/2524712956/2025_H1N1,plate16-2-A/SouthAustralia/2524712956/2025_H1N1,487,0.9098,0.9098
seqneut25to26_sera_4010,A/SouthAustralia/2524712956/2025_H1N1,plate16-2-A/SouthAustralia/2524712956/2025_H1N1,1119,0.7675,0.7675
seqneut25to26_sera_4010,A/SouthAustralia/2524712956/2025_H1N1,plate16-2-A/SouthAustralia/2524712956/2025_H1N1,2575,0.757,0.757
seqneut25to26_sera_4010,A/SouthAustralia/2524712956/2025_H1N1,plate16-2-A/SouthAustralia/2524712956/2025_H1N1,5921,0.8029,0.8029
seqneut25to26_sera_4010,A/SouthAustralia/2524712956/2025_H1N1,plate16-2-A/SouthAustralia/2524712956/2025_H1N1,1.362e+04,1.048,1
seqneut25to26_sera_4010,A/SouthAustralia/2525607496/2025_H3N2,plate16-2-A/SouthAustralia/2525607496/2025_H3N2,40,0.0006109,0.0006109
seqneut25to26_sera_4010,A/SouthAustralia/2525607496/2025_H3N2,plate16-2-A/SouthAustralia/2525607496/2025_H3N2,92,0.08334,0.08334
seqneut25to26_sera_4010,A/SouthAustralia/2525607496/2025_H3N2,plate16-2-A/SouthAustralia/2525607496/2025_H3N2,212,0.2104,0.2104
seqneut25to26_sera_4010,A/SouthAustralia/2525607496/2025_H3N2,plate16-2-A/SouthAustralia/2525607496/2025_H3N2,487,0.5621,0.5621
seqneut25to26_sera_4010,A/SouthAustralia/2525607496/2025_H3N2,plate16-2-A/SouthAustralia/2525607496/2025_H3N2,1119,0.5826,0.5826
seqneut25to26_sera_4010,A/SouthAustralia/2525607496/2025_H3N2,plate16-2-A/SouthAustralia/2525607496/2025_H3N2,2575,0.9355,0.9355
seqneut25to26_sera_4010,A/SouthAustralia/2525607496/2025_H3N2,plate16-2-A/SouthAustralia/2525607496/2025_H3N2,5921,1.239,1
seqneut25to26_sera_4010,A/SouthAustralia/2525607496/2025_H3N2,plate16-2-A/SouthAustralia/2525607496/2025_H3N2,1.362e+04,0.9876,0.9876
seqneut25to26_sera_4010,A/SouthAustralia/2527003588/2025_H3N2,plate16-2-A/SouthAustralia/2527003588/2025_H3N2,40,0.2457,0.2457
seqneut25to26_sera_4010,A/SouthAustralia/2527003588/2025_H3N2,plate16-2-A/SouthAustralia/2527003588/2025_H3N2,92,0.5005,0.5005
seqneut25to26_sera_4010,A/SouthAustralia/2527003588/2025_H3N2,plate16-2-A/SouthAustralia/2527003588/2025_H3N2,212,0.4346,0.4346
seqneut25to26_sera_4010,A/SouthAustralia/2527003588/2025_H3N2,plate16-2-A/SouthAustralia/2527003588/2025_H3N2,487,0.6825,0.6825
seqneut25to26_sera_4010,A/SouthAustralia/2527003588/2025_H3N2,plate16-2-A/SouthAustralia/2527003588/2025_H3N2,1119,0.5477,0.5477
seqneut25to26_sera_4010,A/SouthAustralia/2527003588/2025_H3N2,plate16-2-A/SouthAustralia/2527003588/2025_H3N2,2575,0.6152,0.6152
seqneut25to26_sera_4010,A/SouthAustralia/2527003588/2025_H3N2,plate16-2-A/SouthAustralia/2527003588/2025_H3N2,5921,0.9333,0.9333
seqneut25to26_sera_4010,A/SouthAustralia/2527003588/2025_H3N2,plate16-2-A/SouthAustralia/2527003588/2025_H3N2,1.362e+04,0.7401,0.7401
seqneut25to26_sera_4010,A/SouthAustralia/2527213276/2025_H3N2,plate16-2-A/SouthAustralia/2527213276/2025_H3N2,40,0.01371,0.01371
seqneut25to26_sera_4010,A/SouthAustralia/2527213276/2025_H3N2,plate16-2-A/SouthAustralia/2527213276/2025_H3N2,92,0.1321,0.1321
seqneut25to26_sera_4010,A/SouthAustralia/2527213276/2025_H3N2,plate16-2-A/SouthAustralia/2527213276/2025_H3N2,212,0.0699,0.0699
seqneut25to26_sera_4010,A/SouthAustralia/2527213276/2025_H3N2,plate16-2-A/SouthAustralia/2527213276/2025_H3N2,487,0.1212,0.1212
seqneut25to26_sera_4010,A/SouthAustralia/2527213276/2025_H3N2,plate16-2-A/SouthAustralia/2527213276/2025_H3N2,1119,0.5202,0.5202
seqneut25to26_sera_4010,A/SouthAustralia/2527213276/2025_H3N2,plate16-2-A/SouthAustralia/2527213276/2025_H3N2,2575,0.6896,0.6896
seqneut25to26_sera_4010,A/SouthAustralia/2527213276/2025_H3N2,plate16-2-A/SouthAustralia/2527213276/2025_H3N2,5921,0.6286,0.6286
seqneut25to26_sera_4010,A/SouthAustralia/2527213276/2025_H3N2,plate16-2-A/SouthAustralia/2527213276/2025_H3N2,1.362e+04,0.9381,0.9381
seqneut25to26_sera_4010,A/SouthAustralia/2527612456/2025_H1N1,plate16-2-A/SouthAustralia/2527612456/2025_H1N1,40,0.05309,0.05309
seqneut25to26_sera_4010,A/SouthAustralia/2527612456/2025_H1N1,plate16-2-A/SouthAustralia/2527612456/2025_H1N1,92,0.2361,0.2361
seqneut25to26_sera_4010,A/SouthAustralia/2527612456/2025_H1N1,plate16-2-A/SouthAustralia/2527612456/2025_H1N1,212,0.482,0.482
seqneut25to26_sera_4010,A/SouthAustralia/2527612456/2025_H1N1,plate16-2-A/SouthAustralia/2527612456/2025_H1N1,487,0.6612,0.6612
seqneut25to26_sera_4010,A/SouthAustralia/2527612456/2025_H1N1,plate16-2-A/SouthAustralia/2527612456/2025_H1N1,1119,1.17,1
seqneut25to26_sera_4010,A/SouthAustralia/2527612456/2025_H1N1,plate16-2-A/SouthAustralia/2527612456/2025_H1N1,2575,0.9358,0.9358
seqneut25to26_sera_4010,A/SouthAustralia/2527612456/2025_H1N1,plate16-2-A/SouthAustralia/2527612456/2025_H1N1,5921,1.084,1
seqneut25to26_sera_4010,A/SouthAustralia/2527612456/2025_H1N1,plate16-2-A/SouthAustralia/2527612456/2025_H1N1,1.362e+04,1.167,1
seqneut25to26_sera_4010,A/SouthAustralia/2527902708/2025_H3N2,plate16-2-A/SouthAustralia/2527902708/2025_H3N2,40,0.03123,0.03123
seqneut25to26_sera_4010,A/SouthAustralia/2527902708/2025_H3N2,plate16-2-A/SouthAustralia/2527902708/2025_H3N2,92,0.4514,0.4514
seqneut25to26_sera_4010,A/SouthAustralia/2527902708/2025_H3N2,plate16-2-A/SouthAustralia/2527902708/2025_H3N2,212,0.4533,0.4533
seqneut25to26_sera_4010,A/SouthAustralia/2527902708/2025_H3N2,plate16-2-A/SouthAustralia/2527902708/2025_H3N2,487,0.5656,0.5656
seqneut25to26_sera_4010,A/SouthAustralia/2527902708/2025_H3N2,plate16-2-A/SouthAustralia/2527902708/2025_H3N2,1119,0.4288,0.4288
seqneut25to26_sera_4010,A/SouthAustralia/2527902708/2025_H3N2,plate16-2-A/SouthAustralia/2527902708/2025_H3N2,2575,1.099,1
seqneut25to26_sera_4010,A/SouthAustralia/2527902708/2025_H3N2,plate16-2-A/SouthAustralia/2527902708/2025_H3N2,5921,1.16,1
seqneut25to26_sera_4010,A/SouthAustralia/2527902708/2025_H3N2,plate16-2-A/SouthAustralia/2527902708/2025_H3N2,1.362e+04,1.244,1
seqneut25to26_sera_4010,A/Sydney/1359/2024_H3N2,plate16-2-A/Sydney/1359/2024_H3N2,40,0.02242,0.02242
seqneut25to26_sera_4010,A/Sydney/1359/2024_H3N2,plate16-2-A/Sydney/1359/2024_H3N2,92,0.2294,0.2294
seqneut25to26_sera_4010,A/Sydney/1359/2024_H3N2,plate16-2-A/Sydney/1359/2024_H3N2,212,0.2971,0.2971
seqneut25to26_sera_4010,A/Sydney/1359/2024_H3N2,plate16-2-A/Sydney/1359/2024_H3N2,487,0.669,0.669
seqneut25to26_sera_4010,A/Sydney/1359/2024_H3N2,plate16-2-A/Sydney/1359/2024_H3N2,1119,0.6595,0.6595
seqneut25to26_sera_4010,A/Sydney/1359/2024_H3N2,plate16-2-A/Sydney/1359/2024_H3N2,2575,1.197,1
seqneut25to26_sera_4010,A/Sydney/1359/2024_H3N2,plate16-2-A/Sydney/1359/2024_H3N2,5921,0.9456,0.9456
seqneut25to26_sera_4010,A/Sydney/1359/2024_H3N2,plate16-2-A/Sydney/1359/2024_H3N2,1.362e+04,1.288,1
seqneut25to26_sera_4010,A/Sydney/400/2025_H1N1,plate16-2-A/Sydney/400/2025_H1N1,40,0.004046,0.004046
seqneut25to26_sera_4010,A/Sydney/400/2025_H1N1,plate16-2-A/Sydney/400/2025_H1N1,92,0.01469,0.01469
seqneut25to26_sera_4010,A/Sydney/400/2025_H1N1,plate16-2-A/Sydney/400/2025_H1N1,212,0.1141,0.1141
seqneut25to26_sera_4010,A/Sydney/400/2025_H1N1,plate16-2-A/Sydney/400/2025_H1N1,487,0.3605,0.3605
seqneut25to26_sera_4010,A/Sydney/400/2025_H1N1,plate16-2-A/Sydney/400/2025_H1N1,1119,0.6037,0.6037
seqneut25to26_sera_4010,A/Sydney/400/2025_H1N1,plate16-2-A/Sydney/400/2025_H1N1,2575,0.4362,0.4362
seqneut25to26_sera_4010,A/Sydney/400/2025_H1N1,plate16-2-A/Sydney/400/2025_H1N1,5921,1.026,1
seqneut25to26_sera_4010,A/Sydney/400/2025_H1N1,plate16-2-A/Sydney/400/2025_H1N1,1.362e+04,0.8624,0.8624
seqneut25to26_sera_4010,A/Tasmania/2521815682/2025_H3N2,plate16-2-A/Tasmania/2521815682/2025_H3N2,40,0.06308,0.06308
seqneut25to26_sera_4010,A/Tasmania/2521815682/2025_H3N2,plate16-2-A/Tasmania/2521815682/2025_H3N2,92,0.2426,0.2426
seqneut25to26_sera_4010,A/Tasmania/2521815682/2025_H3N2,plate16-2-A/Tasmania/2521815682/2025_H3N2,212,0.503,0.503
seqneut25to26_sera_4010,A/Tasmania/2521815682/2025_H3N2,plate16-2-A/Tasmania/2521815682/2025_H3N2,487,0.4318,0.4318
seqneut25to26_sera_4010,A/Tasmania/2521815682/2025_H3N2,plate16-2-A/Tasmania/2521815682/2025_H3N2,1119,0.6089,0.6089
seqneut25to26_sera_4010,A/Tasmania/2521815682/2025_H3N2,plate16-2-A/Tasmania/2521815682/2025_H3N2,2575,0.796,0.796
seqneut25to26_sera_4010,A/Tasmania/2521815682/2025_H3N2,plate16-2-A/Tasmania/2521815682/2025_H3N2,5921,1.344,1
seqneut25to26_sera_4010,A/Tasmania/2521815682/2025_H3N2,plate16-2-A/Tasmania/2521815682/2025_H3N2,1.362e+04,0.8305,0.8305
seqneut25to26_sera_4010,A/Thailand/8/2022_H3N2,plate16-2-A/Thailand/8/2022_H3N2,40,0.001488,0.001488
seqneut25to26_sera_4010,A/Thailand/8/2022_H3N2,plate16-2-A/Thailand/8/2022_H3N2,92,0.0448,0.0448
seqneut25to26_sera_4010,A/Thailand/8/2022_H3N2,plate16-2-A/Thailand/8/2022_H3N2,212,0.1248,0.1248
seqneut25to26_sera_4010,A/Thailand/8/2022_H3N2,plate16-2-A/Thailand/8/2022_H3N2,487,0.3528,0.3528
seqneut25to26_sera_4010,A/Thailand/8/2022_H3N2,plate16-2-A/Thailand/8/2022_H3N2,1119,0.3768,0.3768
seqneut25to26_sera_4010,A/Thailand/8/2022_H3N2,plate16-2-A/Thailand/8/2022_H3N2,2575,0.7314,0.7314
seqneut25to26_sera_4010,A/Thailand/8/2022_H3N2,plate16-2-A/Thailand/8/2022_H3N2,5921,0.6166,0.6166
seqneut25to26_sera_4010,A/Thailand/8/2022_H3N2,plate16-2-A/Thailand/8/2022_H3N2,1.362e+04,0.9914,0.9914
seqneut25to26_sera_4010,A/Vermont/73/2025_H3N2,plate16-2-A/Vermont/73/2025_H3N2,40,0.2837,0.2837
seqneut25to26_sera_4010,A/Vermont/73/2025_H3N2,plate16-2-A/Vermont/73/2025_H3N2,92,0.1929,0.1929
seqneut25to26_sera_4010,A/Vermont/73/2025_H3N2,plate16-2-A/Vermont/73/2025_H3N2,212,0.3272,0.3272
seqneut25to26_sera_4010,A/Vermont/73/2025_H3N2,plate16-2-A/Vermont/73/2025_H3N2,487,0.7656,0.7656
seqneut25to26_sera_4010,A/Vermont/73/2025_H3N2,plate16-2-A/Vermont/73/2025_H3N2,1119,0.6722,0.6722
seqneut25to26_sera_4010,A/Vermont/73/2025_H3N2,plate16-2-A/Vermont/73/2025_H3N2,2575,0.8029,0.8029
seqneut25to26_sera_4010,A/Vermont/73/2025_H3N2,plate16-2-A/Vermont/73/2025_H3N2,5921,0.8011,0.8011
seqneut25to26_sera_4010,A/Vermont/73/2025_H3N2,plate16-2-A/Vermont/73/2025_H3N2,1.362e+04,1.542,1
seqneut25to26_sera_4010,A/Victoria/4897/2022_IVR-238_H1N1,plate16-2-A/Victoria/4897/2022_IVR-238_H1N1,40,0,0
seqneut25to26_sera_4010,A/Victoria/4897/2022_IVR-238_H1N1,plate16-2-A/Victoria/4897/2022_IVR-238_H1N1,92,0.0001302,0.0001302
seqneut25to26_sera_4010,A/Victoria/4897/2022_IVR-238_H1N1,plate16-2-A/Victoria/4897/2022_IVR-238_H1N1,212,0.0003325,0.0003325
seqneut25to26_sera_4010,A/Victoria/4897/2022_IVR-238_H1N1,plate16-2-A/Victoria/4897/2022_IVR-238_H1N1,487,0.0001191,0.0001191
seqneut25to26_sera_4010,A/Victoria/4897/2022_IVR-238_H1N1,plate16-2-A/Victoria/4897/2022_IVR-238_H1N1,1119,0.07815,0.07815
seqneut25to26_sera_4010,A/Victoria/4897/2022_IVR-238_H1N1,plate16-2-A/Victoria/4897/2022_IVR-238_H1N1,2575,0.3827,0.3827
seqneut25to26_sera_4010,A/Victoria/4897/2022_IVR-238_H1N1,plate16-2-A/Victoria/4897/2022_IVR-238_H1N1,5921,0.6796,0.6796
seqneut25to26_sera_4010,A/Victoria/4897/2022_IVR-238_H1N1,plate16-2-A/Victoria/4897/2022_IVR-238_H1N1,1.362e+04,0.7518,0.7518
seqneut25to26_sera_4010,A/Wisconsin/588/2019_H1N1,plate16-2-A/Wisconsin/588/2019_H1N1,40,0.0004835,0.0004835
seqneut25to26_sera_4010,A/Wisconsin/588/2019_H1N1,plate16-2-A/Wisconsin/588/2019_H1N1,92,0.0009256,0.0009256
seqneut25to26_sera_4010,A/Wisconsin/588/2019_H1N1,plate16-2-A/Wisconsin/588/2019_H1N1,212,0.03584,0.03584
seqneut25to26_sera_4010,A/Wisconsin/588/2019_H1N1,plate16-2-A/Wisconsin/588/2019_H1N1,487,0.2798,0.2798
seqneut25to26_sera_4010,A/Wisconsin/588/2019_H1N1,plate16-2-A/Wisconsin/588/2019_H1N1,1119,0.4906,0.4906
seqneut25to26_sera_4010,A/Wisconsin/588/2019_H1N1,plate16-2-A/Wisconsin/588/2019_H1N1,2575,0.8984,0.8984
seqneut25to26_sera_4010,A/Wisconsin/588/2019_H1N1,plate16-2-A/Wisconsin/588/2019_H1N1,5921,1.003,1
seqneut25to26_sera_4010,A/Wisconsin/588/2019_H1N1,plate16-2-A/Wisconsin/588/2019_H1N1,1.362e+04,0.8925,0.8925
seqneut25to26_sera_4010,A/Wisconsin/67/2022_H1N1,plate16-2-A/Wisconsin/67/2022_H1N1,40,0.03925,0.03925
seqneut25to26_sera_4010,A/Wisconsin/67/2022_H1N1,plate16-2-A/Wisconsin/67/2022_H1N1,92,0.3055,0.3055
seqneut25to26_sera_4010,A/Wisconsin/67/2022_H1N1,plate16-2-A/Wisconsin/67/2022_H1N1,212,0.4293,0.4293
seqneut25to26_sera_4010,A/Wisconsin/67/2022_H1N1,plate16-2-A/Wisconsin/67/2022_H1N1,487,0.4819,0.4819
seqneut25to26_sera_4010,A/Wisconsin/67/2022_H1N1,plate16-2-A/Wisconsin/67/2022_H1N1,1119,0.9127,0.9127
seqneut25to26_sera_4010,A/Wisconsin/67/2022_H1N1,plate16-2-A/Wisconsin/67/2022_H1N1,2575,0.7041,0.7041
seqneut25to26_sera_4010,A/Wisconsin/67/2022_H1N1,plate16-2-A/Wisconsin/67/2022_H1N1,5921,0.7833,0.7833
seqneut25to26_sera_4010,A/Wisconsin/67/2022_H1N1,plate16-2-A/Wisconsin/67/2022_H1N1,1.362e+04,0.9347,0.9347
seqneut25to26_sera_4010,A/Zacapa/FLU-261/2025_H1N1,plate16-2-A/Zacapa/FLU-261/2025_H1N1,40,0.01336,0.01336
seqneut25to26_sera_4010,A/Zacapa/FLU-261/2025_H1N1,plate16-2-A/Zacapa/FLU-261/2025_H1N1,92,0.1025,0.1025
seqneut25to26_sera_4010,A/Zacapa/FLU-261/2025_H1N1,plate16-2-A/Zacapa/FLU-261/2025_H1N1,212,0.5933,0.5933
seqneut25to26_sera_4010,A/Zacapa/FLU-261/2025_H1N1,plate16-2-A/Zacapa/FLU-261/2025_H1N1,487,0.42,0.42
seqneut25to26_sera_4010,A/Zacapa/FLU-261/2025_H1N1,plate16-2-A/Zacapa/FLU-261/2025_H1N1,1119,0.7486,0.7486
seqneut25to26_sera_4010,A/Zacapa/FLU-261/2025_H1N1,plate16-2-A/Zacapa/FLU-261/2025_H1N1,2575,0.9589,0.9589
seqneut25to26_sera_4010,A/Zacapa/FLU-261/2025_H1N1,plate16-2-A/Zacapa/FLU-261/2025_H1N1,5921,1.606,1
seqneut25to26_sera_4010,A/Zacapa/FLU-261/2025_H1N1,plate16-2-A/Zacapa/FLU-261/2025_H1N1,1.362e+04,0.9849,0.9849
seqneut25to26_sera_4011,A/Alagoas/4130/2025_H3N2,plate16-2-A/Alagoas/4130/2025_H3N2,40,0.1391,0.1391
seqneut25to26_sera_4011,A/Alagoas/4130/2025_H3N2,plate16-2-A/Alagoas/4130/2025_H3N2,92,0.5627,0.5627
seqneut25to26_sera_4011,A/Alagoas/4130/2025_H3N2,plate16-2-A/Alagoas/4130/2025_H3N2,212,0.4283,0.4283
seqneut25to26_sera_4011,A/Alagoas/4130/2025_H3N2,plate16-2-A/Alagoas/4130/2025_H3N2,487,0.4723,0.4723
seqneut25to26_sera_4011,A/Alagoas/4130/2025_H3N2,plate16-2-A/Alagoas/4130/2025_H3N2,1119,0.7534,0.7534
seqneut25to26_sera_4011,A/Alagoas/4130/2025_H3N2,plate16-2-A/Alagoas/4130/2025_H3N2,2575,0.8832,0.8832
seqneut25to26_sera_4011,A/Alagoas/4130/2025_H3N2,plate16-2-A/Alagoas/4130/2025_H3N2,5921,1.102,1
seqneut25to26_sera_4011,A/Alagoas/4130/2025_H3N2,plate16-2-A/Alagoas/4130/2025_H3N2,1.362e+04,1.003,1
seqneut25to26_sera_4011,A/Anapolis/LEIAL6543/2025_H3N2,plate16-2-A/Anapolis/LEIAL6543/2025_H3N2,40,0.1137,0.1137
seqneut25to26_sera_4011,A/Anapolis/LEIAL6543/2025_H3N2,plate16-2-A/Anapolis/LEIAL6543/2025_H3N2,92,0.2268,0.2268
seqneut25to26_sera_4011,A/Anapolis/LEIAL6543/2025_H3N2,plate16-2-A/Anapolis/LEIAL6543/2025_H3N2,212,0.3255,0.3255
seqneut25to26_sera_4011,A/Anapolis/LEIAL6543/2025_H3N2,plate16-2-A/Anapolis/LEIAL6543/2025_H3N2,487,0.5413,0.5413
seqneut25to26_sera_4011,A/Anapolis/LEIAL6543/2025_H3N2,plate16-2-A/Anapolis/LEIAL6543/2025_H3N2,1119,0.8111,0.8111
seqneut25to26_sera_4011,A/Anapolis/LEIAL6543/2025_H3N2,plate16-2-A/Anapolis/LEIAL6543/2025_H3N2,2575,1.194,1
seqneut25to26_sera_4011,A/Anapolis/LEIAL6543/2025_H3N2,plate16-2-A/Anapolis/LEIAL6543/2025_H3N2,5921,0.9207,0.9207
seqneut25to26_sera_4011,A/Anapolis/LEIAL6543/2025_H3N2,plate16-2-A/Anapolis/LEIAL6543/2025_H3N2,1.362e+04,1.02,1
seqneut25to26_sera_4011,A/Andalucia/PMC-00977/2025_H1N1,plate16-2-A/Andalucia/PMC-00977/2025_H1N1,40,4.908e-05,4.908e-05
seqneut25to26_sera_4011,A/Andalucia/PMC-00977/2025_H1N1,plate16-2-A/Andalucia/PMC-00977/2025_H1N1,92,0.002386,0.002386
seqneut25to26_sera_4011,A/Andalucia/PMC-00977/2025_H1N1,plate16-2-A/Andalucia/PMC-00977/2025_H1N1,212,0.06198,0.06198
seqneut25to26_sera_4011,A/Andalucia/PMC-00977/2025_H1N1,plate16-2-A/Andalucia/PMC-00977/2025_H1N1,487,0.6547,0.6547
seqneut25to26_sera_4011,A/Andalucia/PMC-00977/2025_H1N1,plate16-2-A/Andalucia/PMC-00977/2025_H1N1,1119,0.8764,0.8764
seqneut25to26_sera_4011,A/Andalucia/PMC-00977/2025_H1N1,plate16-2-A/Andalucia/PMC-00977/2025_H1N1,2575,1.087,1
seqneut25to26_sera_4011,A/Andalucia/PMC-00977/2025_H1N1,plate16-2-A/Andalucia/PMC-00977/2025_H1N1,5921,1.016,1
seqneut25to26_sera_4011,A/Andalucia/PMC-00977/2025_H1N1,plate16-2-A/Andalucia/PMC-00977/2025_H1N1,1.362e+04,1.115,1
seqneut25to26_sera_4011,A/Aragon/2046/2025_H1N1,plate16-2-A/Aragon/2046/2025_H1N1,40,0,0
seqneut25to26_sera_4011,A/Aragon/2046/2025_H1N1,plate16-2-A/Aragon/2046/2025_H1N1,92,0.02831,0.02831
seqneut25to26_sera_4011,A/Aragon/2046/2025_H1N1,plate16-2-A/Aragon/2046/2025_H1N1,212,0.02151,0.02151
seqneut25to26_sera_4011,A/Aragon/2046/2025_H1N1,plate16-2-A/Aragon/2046/2025_H1N1,487,0.505,0.505
seqneut25to26_sera_4011,A/Aragon/2046/2025_H1N1,plate16-2-A/Aragon/2046/2025_H1N1,1119,0.8276,0.8276
seqneut25to26_sera_4011,A/Aragon/2046/2025_H1N1,plate16-2-A/Aragon/2046/2025_H1N1,2575,1.174,1
seqneut25to26_sera_4011,A/Aragon/2046/2025_H1N1,plate16-2-A/Aragon/2046/2025_H1N1,5921,1.088,1
seqneut25to26_sera_4011,A/Aragon/2046/2025_H1N1,plate16-2-A/Aragon/2046/2025_H1N1,1.362e+04,1.466,1
seqneut25to26_sera_4011,A/Arica/59150/2025_H3N2,plate16-2-A/Arica/59150/2025_H3N2,40,0.1133,0.1133
seqneut25to26_sera_4011,A/Arica/59150/2025_H3N2,plate16-2-A/Arica/59150/2025_H3N2,92,0.3149,0.3149
seqneut25to26_sera_4011,A/Arica/59150/2025_H3N2,plate16-2-A/Arica/59150/2025_H3N2,212,0.2869,0.2869
seqneut25to26_sera_4011,A/Arica/59150/2025_H3N2,plate16-2-A/Arica/59150/2025_H3N2,487,0.4212,0.4212
seqneut25to26_sera_4011,A/Arica/59150/2025_H3N2,plate16-2-A/Arica/59150/2025_H3N2,1119,0.6194,0.6194
seqneut25to26_sera_4011,A/Arica/59150/2025_H3N2,plate16-2-A/Arica/59150/2025_H3N2,2575,1.027,1
seqneut25to26_sera_4011,A/Arica/59150/2025_H3N2,plate16-2-A/Arica/59150/2025_H3N2,5921,0.9286,0.9286
seqneut25to26_sera_4011,A/Arica/59150/2025_H3N2,plate16-2-A/Arica/59150/2025_H3N2,1.362e+04,1.122,1
seqneut25to26_sera_4011,A/Bahia/3102/2025_H3N2,plate16-2-A/Bahia/3102/2025_H3N2,40,0.03303,0.03303
seqneut25to26_sera_4011,A/Bahia/3102/2025_H3N2,plate16-2-A/Bahia/3102/2025_H3N2,92,0.2237,0.2237
seqneut25to26_sera_4011,A/Bahia/3102/2025_H3N2,plate16-2-A/Bahia/3102/2025_H3N2,212,0.3189,0.3189
seqneut25to26_sera_4011,A/Bahia/3102/2025_H3N2,plate16-2-A/Bahia/3102/2025_H3N2,487,0.4492,0.4492
seqneut25to26_sera_4011,A/Bahia/3102/2025_H3N2,plate16-2-A/Bahia/3102/2025_H3N2,1119,0.6107,0.6107
seqneut25to26_sera_4011,A/Bahia/3102/2025_H3N2,plate16-2-A/Bahia/3102/2025_H3N2,2575,0.7548,0.7548
seqneut25to26_sera_4011,A/Bahia/3102/2025_H3N2,plate16-2-A/Bahia/3102/2025_H3N2,5921,1.361,1
seqneut25to26_sera_4011,A/Bahia/3102/2025_H3N2,plate16-2-A/Bahia/3102/2025_H3N2,1.362e+04,0.8884,0.8884
seqneut25to26_sera_4011,A/Bangkok/1803/2025_H1N1,plate16-2-A/Bangkok/1803/2025_H1N1,40,0.003295,0.003295
seqneut25to26_sera_4011,A/Bangkok/1803/2025_H1N1,plate16-2-A/Bangkok/1803/2025_H1N1,92,0.01331,0.01331
seqneut25to26_sera_4011,A/Bangkok/1803/2025_H1N1,plate16-2-A/Bangkok/1803/2025_H1N1,212,0.2436,0.2436
seqneut25to26_sera_4011,A/Bangkok/1803/2025_H1N1,plate16-2-A/Bangkok/1803/2025_H1N1,487,0.819,0.819
seqneut25to26_sera_4011,A/Bangkok/1803/2025_H1N1,plate16-2-A/Bangkok/1803/2025_H1N1,1119,0.8607,0.8607
seqneut25to26_sera_4011,A/Bangkok/1803/2025_H1N1,plate16-2-A/Bangkok/1803/2025_H1N1,2575,0.6991,0.6991
seqneut25to26_sera_4011,A/Bangkok/1803/2025_H1N1,plate16-2-A/Bangkok/1803/2025_H1N1,5921,0.9897,0.9897
seqneut25to26_sera_4011,A/Bangkok/1803/2025_H1N1,plate16-2-A/Bangkok/1803/2025_H1N1,1.362e+04,0.9645,0.9645
seqneut25to26_sera_4011,A/Bangkok/P2229/2025_H1N1,plate16-2-A/Bangkok/P2229/2025_H1N1,40,0.002211,0.002211
seqneut25to26_sera_4011,A/Bangkok/P2229/2025_H1N1,plate16-2-A/Bangkok/P2229/2025_H1N1,92,0.01095,0.01095
seqneut25to26_sera_4011,A/Bangkok/P2229/2025_H1N1,plate16-2-A/Bangkok/P2229/2025_H1N1,212,0.03764,0.03764
seqneut25to26_sera_4011,A/Bangkok/P2229/2025_H1N1,plate16-2-A/Bangkok/P2229/2025_H1N1,487,0.5094,0.5094
seqneut25to26_sera_4011,A/Bangkok/P2229/2025_H1N1,plate16-2-A/Bangkok/P2229/2025_H1N1,1119,0.89,0.89
seqneut25to26_sera_4011,A/Bangkok/P2229/2025_H1N1,plate16-2-A/Bangkok/P2229/2025_H1N1,2575,0.6467,0.6467
seqneut25to26_sera_4011,A/Bangkok/P2229/2025_H1N1,plate16-2-A/Bangkok/P2229/2025_H1N1,5921,1.036,1
seqneut25to26_sera_4011,A/Bangkok/P2229/2025_H1N1,plate16-2-A/Bangkok/P2229/2025_H1N1,1.362e+04,1.043,1
seqneut25to26_sera_4011,A/Bangkok/P2323/2025_H3N2,plate16-2-A/Bangkok/P2323/2025_H3N2,40,0.1598,0.1598
seqneut25to26_sera_4011,A/Bangkok/P2323/2025_H3N2,plate16-2-A/Bangkok/P2323/2025_H3N2,92,0.2383,0.2383
seqneut25to26_sera_4011,A/Bangkok/P2323/2025_H3N2,plate16-2-A/Bangkok/P2323/2025_H3N2,212,0.419,0.419
seqneut25to26_sera_4011,A/Bangkok/P2323/2025_H3N2,plate16-2-A/Bangkok/P2323/2025_H3N2,487,0.5805,0.5805
seqneut25to26_sera_4011,A/Bangkok/P2323/2025_H3N2,plate16-2-A/Bangkok/P2323/2025_H3N2,1119,0.7449,0.7449
seqneut25to26_sera_4011,A/Bangkok/P2323/2025_H3N2,plate16-2-A/Bangkok/P2323/2025_H3N2,2575,0.8136,0.8136
seqneut25to26_sera_4011,A/Bangkok/P2323/2025_H3N2,plate16-2-A/Bangkok/P2323/2025_H3N2,5921,1.126,1
seqneut25to26_sera_4011,A/Bangkok/P2323/2025_H3N2,plate16-2-A/Bangkok/P2323/2025_H3N2,1.362e+04,1.052,1
seqneut25to26_sera_4011,A/Bangkok/P2390/2025_H3N2,plate16-2-A/Bangkok/P2390/2025_H3N2,40,0.1472,0.1472
seqneut25to26_sera_4011,A/Bangkok/P2390/2025_H3N2,plate16-2-A/Bangkok/P2390/2025_H3N2,92,0.2666,0.2666
seqneut25to26_sera_4011,A/Bangkok/P2390/2025_H3N2,plate16-2-A/Bangkok/P2390/2025_H3N2,212,0.4639,0.4639
seqneut25to26_sera_4011,A/Bangkok/P2390/2025_H3N2,plate16-2-A/Bangkok/P2390/2025_H3N2,487,0.5058,0.5058
seqneut25to26_sera_4011,A/Bangkok/P2390/2025_H3N2,plate16-2-A/Bangkok/P2390/2025_H3N2,1119,0.9397,0.9397
seqneut25to26_sera_4011,A/Bangkok/P2390/2025_H3N2,plate16-2-A/Bangkok/P2390/2025_H3N2,2575,1.141,1
seqneut25to26_sera_4011,A/Bangkok/P2390/2025_H3N2,plate16-2-A/Bangkok/P2390/2025_H3N2,5921,1.596,1
seqneut25to26_sera_4011,A/Bangkok/P2390/2025_H3N2,plate16-2-A/Bangkok/P2390/2025_H3N2,1.362e+04,1.204,1
seqneut25to26_sera_4011,A/Bangkok/P2391/2025_H3N2,plate16-2-A/Bangkok/P2391/2025_H3N2,40,0.1021,0.1021
seqneut25to26_sera_4011,A/Bangkok/P2391/2025_H3N2,plate16-2-A/Bangkok/P2391/2025_H3N2,92,0.1743,0.1743
seqneut25to26_sera_4011,A/Bangkok/P2391/2025_H3N2,plate16-2-A/Bangkok/P2391/2025_H3N2,212,0.3173,0.3173
seqneut25to26_sera_4011,A/Bangkok/P2391/2025_H3N2,plate16-2-A/Bangkok/P2391/2025_H3N2,487,0.4351,0.4351
seqneut25to26_sera_4011,A/Bangkok/P2391/2025_H3N2,plate16-2-A/Bangkok/P2391/2025_H3N2,1119,0.5978,0.5978
seqneut25to26_sera_4011,A/Bangkok/P2391/2025_H3N2,plate16-2-A/Bangkok/P2391/2025_H3N2,2575,0.726,0.726
seqneut25to26_sera_4011,A/Bangkok/P2391/2025_H3N2,plate16-2-A/Bangkok/P2391/2025_H3N2,5921,1.057,1
seqneut25to26_sera_4011,A/Bangkok/P2391/2025_H3N2,plate16-2-A/Bangkok/P2391/2025_H3N2,1.362e+04,0.7996,0.7996
seqneut25to26_sera_4011,A/Bangkok/P2572/2025_H3N2,plate16-2-A/Bangkok/P2572/2025_H3N2,40,0.08599,0.08599
seqneut25to26_sera_4011,A/Bangkok/P2572/2025_H3N2,plate16-2-A/Bangkok/P2572/2025_H3N2,92,0.3009,0.3009
seqneut25to26_sera_4011,A/Bangkok/P2572/2025_H3N2,plate16-2-A/Bangkok/P2572/2025_H3N2,212,0.3972,0.3972
seqneut25to26_sera_4011,A/Bangkok/P2572/2025_H3N2,plate16-2-A/Bangkok/P2572/2025_H3N2,487,0.5974,0.5974
seqneut25to26_sera_4011,A/Bangkok/P2572/2025_H3N2,plate16-2-A/Bangkok/P2572/2025_H3N2,1119,0.7927,0.7927
seqneut25to26_sera_4011,A/Bangkok/P2572/2025_H3N2,plate16-2-A/Bangkok/P2572/2025_H3N2,2575,0.7983,0.7983
seqneut25to26_sera_4011,A/Bangkok/P2572/2025_H3N2,plate16-2-A/Bangkok/P2572/2025_H3N2,5921,0.9157,0.9157
seqneut25to26_sera_4011,A/Bangkok/P2572/2025_H3N2,plate16-2-A/Bangkok/P2572/2025_H3N2,1.362e+04,1.162,1
seqneut25to26_sera_4011,A/Bangkok/P2921/2025_H3N2,plate16-2-A/Bangkok/P2921/2025_H3N2,40,0.08925,0.08925
seqneut25to26_sera_4011,A/Bangkok/P2921/2025_H3N2,plate16-2-A/Bangkok/P2921/2025_H3N2,92,0.2528,0.2528
seqneut25to26_sera_4011,A/Bangkok/P2921/2025_H3N2,plate16-2-A/Bangkok/P2921/2025_H3N2,212,0.6467,0.6467
seqneut25to26_sera_4011,A/Bangkok/P2921/2025_H3N2,plate16-2-A/Bangkok/P2921/2025_H3N2,487,0.4787,0.4787
seqneut25to26_sera_4011,A/Bangkok/P2921/2025_H3N2,plate16-2-A/Bangkok/P2921/2025_H3N2,1119,0.7333,0.7333
seqneut25to26_sera_4011,A/Bangkok/P2921/2025_H3N2,plate16-2-A/Bangkok/P2921/2025_H3N2,2575,0.7938,0.7938
seqneut25to26_sera_4011,A/Bangkok/P2921/2025_H3N2,plate16-2-A/Bangkok/P2921/2025_H3N2,5921,0.9783,0.9783
seqneut25to26_sera_4011,A/Bangkok/P2921/2025_H3N2,plate16-2-A/Bangkok/P2921/2025_H3N2,1.362e+04,1.09,1
seqneut25to26_sera_4011,A/Bangkok/P3067/2025_H1N1,plate16-2-A/Bangkok/P3067/2025_H1N1,40,0.002954,0.002954
seqneut25to26_sera_4011,A/Bangkok/P3067/2025_H1N1,plate16-2-A/Bangkok/P3067/2025_H1N1,92,0.0272,0.0272
seqneut25to26_sera_4011,A/Bangkok/P3067/2025_H1N1,plate16-2-A/Bangkok/P3067/2025_H1N1,212,0.02239,0.02239
seqneut25to26_sera_4011,A/Bangkok/P3067/2025_H1N1,plate16-2-A/Bangkok/P3067/2025_H1N1,487,0.293,0.293
seqneut25to26_sera_4011,A/Bangkok/P3067/2025_H1N1,plate16-2-A/Bangkok/P3067/2025_H1N1,1119,0.5388,0.5388
seqneut25to26_sera_4011,A/Bangkok/P3067/2025_H1N1,plate16-2-A/Bangkok/P3067/2025_H1N1,2575,0.9277,0.9277
seqneut25to26_sera_4011,A/Bangkok/P3067/2025_H1N1,plate16-2-A/Bangkok/P3067/2025_H1N1,5921,1.168,1
seqneut25to26_sera_4011,A/Bangkok/P3067/2025_H1N1,plate16-2-A/Bangkok/P3067/2025_H1N1,1.362e+04,1.211,1
seqneut25to26_sera_4011,A/Bangkok/P3263/2025_H3N2,plate16-2-A/Bangkok/P3263/2025_H3N2,40,0.02372,0.02372
seqneut25to26_sera_4011,A/Bangkok/P3263/2025_H3N2,plate16-2-A/Bangkok/P3263/2025_H3N2,92,0.17,0.17
seqneut25to26_sera_4011,A/Bangkok/P3263/2025_H3N2,plate16-2-A/Bangkok/P3263/2025_H3N2,212,0.2408,0.2408
seqneut25to26_sera_4011,A/Bangkok/P3263/2025_H3N2,plate16-2-A/Bangkok/P3263/2025_H3N2,487,0.4086,0.4086
seqneut25to26_sera_4011,A/Bangkok/P3263/2025_H3N2,plate16-2-A/Bangkok/P3263/2025_H3N2,1119,0.3405,0.3405
seqneut25to26_sera_4011,A/Bangkok/P3263/2025_H3N2,plate16-2-A/Bangkok/P3263/2025_H3N2,2575,1.018,1
seqneut25to26_sera_4011,A/Bangkok/P3263/2025_H3N2,plate16-2-A/Bangkok/P3263/2025_H3N2,5921,1.224,1
seqneut25to26_sera_4011,A/Bangkok/P3263/2025_H3N2,plate16-2-A/Bangkok/P3263/2025_H3N2,1.362e+04,1.085,1
seqneut25to26_sera_4011,A/Belgium/H0097/2025_H3N2,plate16-2-A/Belgium/H0097/2025_H3N2,40,0.01966,0.01966
seqneut25to26_sera_4011,A/Belgium/H0097/2025_H3N2,plate16-2-A/Belgium/H0097/2025_H3N2,92,0.2051,0.2051
seqneut25to26_sera_4011,A/Belgium/H0097/2025_H3N2,plate16-2-A/Belgium/H0097/2025_H3N2,212,0.3656,0.3656
seqneut25to26_sera_4011,A/Belgium/H0097/2025_H3N2,plate16-2-A/Belgium/H0097/2025_H3N2,487,0.5805,0.5805
seqneut25to26_sera_4011,A/Belgium/H0097/2025_H3N2,plate16-2-A/Belgium/H0097/2025_H3N2,1119,0.6843,0.6843
seqneut25to26_sera_4011,A/Belgium/H0097/2025_H3N2,plate16-2-A/Belgium/H0097/2025_H3N2,2575,0.83,0.83
seqneut25to26_sera_4011,A/Belgium/H0097/2025_H3N2,plate16-2-A/Belgium/H0097/2025_H3N2,5921,1.033,1
seqneut25to26_sera_4011,A/Belgium/H0097/2025_H3N2,plate16-2-A/Belgium/H0097/2025_H3N2,1.362e+04,1.255,1
seqneut25to26_sera_4011,A/Bhutan/1267/2025_H3N2,plate16-2-A/Bhutan/1267/2025_H3N2,40,0.2447,0.2447
seqneut25to26_sera_4011,A/Bhutan/1267/2025_H3N2,plate16-2-A/Bhutan/1267/2025_H3N2,92,0.315,0.315
seqneut25to26_sera_4011,A/Bhutan/1267/2025_H3N2,plate16-2-A/Bhutan/1267/2025_H3N2,212,0.3333,0.3333
seqneut25to26_sera_4011,A/Bhutan/1267/2025_H3N2,plate16-2-A/Bhutan/1267/2025_H3N2,487,0.3985,0.3985
seqneut25to26_sera_4011,A/Bhutan/1267/2025_H3N2,plate16-2-A/Bhutan/1267/2025_H3N2,1119,0.583,0.583
seqneut25to26_sera_4011,A/Bhutan/1267/2025_H3N2,plate16-2-A/Bhutan/1267/2025_H3N2,2575,0.8044,0.8044
seqneut25to26_sera_4011,A/Bhutan/1267/2025_H3N2,plate16-2-A/Bhutan/1267/2025_H3N2,5921,0.8712,0.8712
seqneut25to26_sera_4011,A/Bhutan/1267/2025_H3N2,plate16-2-A/Bhutan/1267/2025_H3N2,1.362e+04,0.896,0.896
seqneut25to26_sera_4011,A/Bhutan/7/2025_H3N2,plate16-2-A/Bhutan/7/2025_H3N2,40,0.0987,0.0987
seqneut25to26_sera_4011,A/Bhutan/7/2025_H3N2,plate16-2-A/Bhutan/7/2025_H3N2,92,0.1968,0.1968
seqneut25to26_sera_4011,A/Bhutan/7/2025_H3N2,plate16-2-A/Bhutan/7/2025_H3N2,212,0.2217,0.2217
seqneut25to26_sera_4011,A/Bhutan/7/2025_H3N2,plate16-2-A/Bhutan/7/2025_H3N2,487,0.56,0.56
seqneut25to26_sera_4011,A/Bhutan/7/2025_H3N2,plate16-2-A/Bhutan/7/2025_H3N2,1119,0.4802,0.4802
seqneut25to26_sera_4011,A/Bhutan/7/2025_H3N2,plate16-2-A/Bhutan/7/2025_H3N2,2575,0.8586,0.8586
seqneut25to26_sera_4011,A/Bhutan/7/2025_H3N2,plate16-2-A/Bhutan/7/2025_H3N2,5921,1.289,1
seqneut25to26_sera_4011,A/Bhutan/7/2025_H3N2,plate16-2-A/Bhutan/7/2025_H3N2,1.362e+04,1.376,1
seqneut25to26_sera_4011,A/BritishColumbia/PHL-2473/2025_H1N1,plate16-2-A/BritishColumbia/PHL-2473/2025_H1N1,40,0.0004259,0.0004259
seqneut25to26_sera_4011,A/BritishColumbia/PHL-2473/2025_H1N1,plate16-2-A/BritishColumbia/PHL-2473/2025_H1N1,92,0.05568,0.05568
seqneut25to26_sera_4011,A/BritishColumbia/PHL-2473/2025_H1N1,plate16-2-A/BritishColumbia/PHL-2473/2025_H1N1,212,0.1094,0.1094
seqneut25to26_sera_4011,A/BritishColumbia/PHL-2473/2025_H1N1,plate16-2-A/BritishColumbia/PHL-2473/2025_H1N1,487,0.4185,0.4185
seqneut25to26_sera_4011,A/BritishColumbia/PHL-2473/2025_H1N1,plate16-2-A/BritishColumbia/PHL-2473/2025_H1N1,1119,0.7941,0.7941
seqneut25to26_sera_4011,A/BritishColumbia/PHL-2473/2025_H1N1,plate16-2-A/BritishColumbia/PHL-2473/2025_H1N1,2575,1.865,1
seqneut25to26_sera_4011,A/BritishColumbia/PHL-2473/2025_H1N1,plate16-2-A/BritishColumbia/PHL-2473/2025_H1N1,5921,1.24,1
seqneut25to26_sera_4011,A/BritishColumbia/PHL-2473/2025_H1N1,plate16-2-A/BritishColumbia/PHL-2473/2025_H1N1,1.362e+04,1.063,1
seqneut25to26_sera_4011,A/California/61/2025_H3N2,plate16-2-A/California/61/2025_H3N2,40,0.04083,0.04083
seqneut25to26_sera_4011,A/California/61/2025_H3N2,plate16-2-A/California/61/2025_H3N2,92,0.1838,0.1838
seqneut25to26_sera_4011,A/California/61/2025_H3N2,plate16-2-A/California/61/2025_H3N2,212,0.3933,0.3933
seqneut25to26_sera_4011,A/California/61/2025_H3N2,plate16-2-A/California/61/2025_H3N2,487,0.5767,0.5767
seqneut25to26_sera_4011,A/California/61/2025_H3N2,plate16-2-A/California/61/2025_H3N2,1119,0.5625,0.5625
seqneut25to26_sera_4011,A/California/61/2025_H3N2,plate16-2-A/California/61/2025_H3N2,2575,0.8625,0.8625
seqneut25to26_sera_4011,A/California/61/2025_H3N2,plate16-2-A/California/61/2025_H3N2,5921,1.231,1
seqneut25to26_sera_4011,A/California/61/2025_H3N2,plate16-2-A/California/61/2025_H3N2,1.362e+04,1.215,1
seqneut25to26_sera_4011,A/California/63/2025_H1N1,plate16-2-A/California/63/2025_H1N1,40,0.001391,0.001391
seqneut25to26_sera_4011,A/California/63/2025_H1N1,plate16-2-A/California/63/2025_H1N1,92,0.00418,0.00418
seqneut25to26_sera_4011,A/California/63/2025_H1N1,plate16-2-A/California/63/2025_H1N1,212,0.03138,0.03138
seqneut25to26_sera_4011,A/California/63/2025_H1N1,plate16-2-A/California/63/2025_H1N1,487,0.2486,0.2486
seqneut25to26_sera_4011,A/California/63/2025_H1N1,plate16-2-A/California/63/2025_H1N1,1119,0.5433,0.5433
seqneut25to26_sera_4011,A/California/63/2025_H1N1,plate16-2-A/California/63/2025_H1N1,2575,0.9262,0.9262
seqneut25to26_sera_4011,A/California/63/2025_H1N1,plate16-2-A/California/63/2025_H1N1,5921,0.9718,0.9718
seqneut25to26_sera_4011,A/California/63/2025_H1N1,plate16-2-A/California/63/2025_H1N1,1.362e+04,1.55,1
seqneut25to26_sera_4011,A/Canberra/465/2025_H1N1,plate16-2-A/Canberra/465/2025_H1N1,40,0.002829,0.002829
seqneut25to26_sera_4011,A/Canberra/465/2025_H1N1,plate16-2-A/Canberra/465/2025_H1N1,92,0.008714,0.008714
seqneut25to26_sera_4011,A/Canberra/465/2025_H1N1,plate16-2-A/Canberra/465/2025_H1N1,212,0.06588,0.06588
seqneut25to26_sera_4011,A/Canberra/465/2025_H1N1,plate16-2-A/Canberra/465/2025_H1N1,487,0.9067,0.9067
seqneut25to26_sera_4011,A/Canberra/465/2025_H1N1,plate16-2-A/Canberra/465/2025_H1N1,1119,1.224,1
seqneut25to26_sera_4011,A/Canberra/465/2025_H1N1,plate16-2-A/Canberra/465/2025_H1N1,2575,0.9264,0.9264
seqneut25to26_sera_4011,A/Canberra/465/2025_H1N1,plate16-2-A/Canberra/465/2025_H1N1,5921,1.03,1
seqneut25to26_sera_4011,A/Canberra/465/2025_H1N1,plate16-2-A/Canberra/465/2025_H1N1,1.362e+04,1.353,1
seqneut25to26_sera_4011,A/Canberra/530/2025_H1N1,plate16-2-A/Canberra/530/2025_H1N1,40,0.003284,0.003284
seqneut25to26_sera_4011,A/Canberra/530/2025_H1N1,plate16-2-A/Canberra/530/2025_H1N1,92,0.04173,0.04173
seqneut25to26_sera_4011,A/Canberra/530/2025_H1N1,plate16-2-A/Canberra/530/2025_H1N1,212,0.1351,0.1351
seqneut25to26_sera_4011,A/Canberra/530/2025_H1N1,plate16-2-A/Canberra/530/2025_H1N1,487,0.5919,0.5919
seqneut25to26_sera_4011,A/Canberra/530/2025_H1N1,plate16-2-A/Canberra/530/2025_H1N1,1119,0.8149,0.8149
seqneut25to26_sera_4011,A/Canberra/530/2025_H1N1,plate16-2-A/Canberra/530/2025_H1N1,2575,1.019,1
seqneut25to26_sera_4011,A/Canberra/530/2025_H1N1,plate16-2-A/Canberra/530/2025_H1N1,5921,1.025,1
seqneut25to26_sera_4011,A/Canberra/530/2025_H1N1,plate16-2-A/Canberra/530/2025_H1N1,1.362e+04,1.039,1
seqneut25to26_sera_4011,A/Catalonia/NSVH102689455/2025_H1N1,plate16-2-A/Catalonia/NSVH102689455/2025_H1N1,40,0,0
seqneut25to26_sera_4011,A/Catalonia/NSVH102689455/2025_H1N1,plate16-2-A/Catalonia/NSVH102689455/2025_H1N1,92,0.009869,0.009869
seqneut25to26_sera_4011,A/Catalonia/NSVH102689455/2025_H1N1,plate16-2-A/Catalonia/NSVH102689455/2025_H1N1,212,0.06642,0.06642
seqneut25to26_sera_4011,A/Catalonia/NSVH102689455/2025_H1N1,plate16-2-A/Catalonia/NSVH102689455/2025_H1N1,487,0.3539,0.3539
seqneut25to26_sera_4011,A/Catalonia/NSVH102689455/2025_H1N1,plate16-2-A/Catalonia/NSVH102689455/2025_H1N1,1119,1.002,1
seqneut25to26_sera_4011,A/Catalonia/NSVH102689455/2025_H1N1,plate16-2-A/Catalonia/NSVH102689455/2025_H1N1,2575,0.909,0.909
seqneut25to26_sera_4011,A/Catalonia/NSVH102689455/2025_H1N1,plate16-2-A/Catalonia/NSVH102689455/2025_H1N1,5921,0.7849,0.7849
seqneut25to26_sera_4011,A/Catalonia/NSVH102689455/2025_H1N1,plate16-2-A/Catalonia/NSVH102689455/2025_H1N1,1.362e+04,1.34,1
seqneut25to26_sera_4011,A/Colorado/105/2025_H1N1,plate16-2-A/Colorado/105/2025_H1N1,40,0.0002045,0.0002045
seqneut25to26_sera_4011,A/Colorado/105/2025_H1N1,plate16-2-A/Colorado/105/2025_H1N1,92,0.01659,0.01659
seqneut25to26_sera_4011,A/Colorado/105/2025_H1N1,plate16-2-A/Colorado/105/2025_H1N1,212,0.09852,0.09852
seqneut25to26_sera_4011,A/Colorado/105/2025_H1N1,plate16-2-A/Colorado/105/2025_H1N1,487,0.4848,0.4848
seqneut25to26_sera_4011,A/Colorado/105/2025_H1N1,plate16-2-A/Colorado/105/2025_H1N1,1119,0.8778,0.8778
seqneut25to26_sera_4011,A/Colorado/105/2025_H1N1,plate16-2-A/Colorado/105/2025_H1N1,2575,0.9017,0.9017
seqneut25to26_sera_4011,A/Colorado/105/2025_H1N1,plate16-2-A/Colorado/105/2025_H1N1,5921,1.019,1
seqneut25to26_sera_4011,A/Colorado/105/2025_H1N1,plate16-2-A/Colorado/105/2025_H1N1,1.362e+04,1.023,1
seqneut25to26_sera_4011,A/CoteDIvoire/2007/2025_H1N1,plate16-2-A/CoteDIvoire/2007/2025_H1N1,40,0.002784,0.002784
seqneut25to26_sera_4011,A/CoteDIvoire/2007/2025_H1N1,plate16-2-A/CoteDIvoire/2007/2025_H1N1,92,0.0176,0.0176
seqneut25to26_sera_4011,A/CoteDIvoire/2007/2025_H1N1,plate16-2-A/CoteDIvoire/2007/2025_H1N1,212,0.08237,0.08237
seqneut25to26_sera_4011,A/CoteDIvoire/2007/2025_H1N1,plate16-2-A/CoteDIvoire/2007/2025_H1N1,487,0.497,0.497
seqneut25to26_sera_4011,A/CoteDIvoire/2007/2025_H1N1,plate16-2-A/CoteDIvoire/2007/2025_H1N1,1119,0.6307,0.6307
seqneut25to26_sera_4011,A/CoteDIvoire/2007/2025_H1N1,plate16-2-A/CoteDIvoire/2007/2025_H1N1,2575,0.7884,0.7884
seqneut25to26_sera_4011,A/CoteDIvoire/2007/2025_H1N1,plate16-2-A/CoteDIvoire/2007/2025_H1N1,5921,0.8552,0.8552
seqneut25to26_sera_4011,A/CoteDIvoire/2007/2025_H1N1,plate16-2-A/CoteDIvoire/2007/2025_H1N1,1.362e+04,0.9968,0.9968
seqneut25to26_sera_4011,A/Croatia/10136RV/2023-egg_H3N2,plate16-2-A/Croatia/10136RV/2023-egg_H3N2,40,0.03143,0.03143
seqneut25to26_sera_4011,A/Croatia/10136RV/2023-egg_H3N2,plate16-2-A/Croatia/10136RV/2023-egg_H3N2,92,0.2118,0.2118
seqneut25to26_sera_4011,A/Croatia/10136RV/2023-egg_H3N2,plate16-2-A/Croatia/10136RV/2023-egg_H3N2,212,0.6361,0.6361
seqneut25to26_sera_4011,A/Croatia/10136RV/2023-egg_H3N2,plate16-2-A/Croatia/10136RV/2023-egg_H3N2,487,0.3162,0.3162
seqneut25to26_sera_4011,A/Croatia/10136RV/2023-egg_H3N2,plate16-2-A/Croatia/10136RV/2023-egg_H3N2,1119,0.4752,0.4752
seqneut25to26_sera_4011,A/Croatia/10136RV/2023-egg_H3N2,plate16-2-A/Croatia/10136RV/2023-egg_H3N2,2575,0.472,0.472
seqneut25to26_sera_4011,A/Croatia/10136RV/2023-egg_H3N2,plate16-2-A/Croatia/10136RV/2023-egg_H3N2,5921,0.6961,0.6961
seqneut25to26_sera_4011,A/Croatia/10136RV/2023-egg_H3N2,plate16-2-A/Croatia/10136RV/2023-egg_H3N2,1.362e+04,0.5492,0.5492
seqneut25to26_sera_4011,A/Darwin/1405/2025_H1N1,plate16-2-A/Darwin/1405/2025_H1N1,40,0.003297,0.003297
seqneut25to26_sera_4011,A/Darwin/1405/2025_H1N1,plate16-2-A/Darwin/1405/2025_H1N1,92,0.007168,0.007168
seqneut25to26_sera_4011,A/Darwin/1405/2025_H1N1,plate16-2-A/Darwin/1405/2025_H1N1,212,0.08042,0.08042
seqneut25to26_sera_4011,A/Darwin/1405/2025_H1N1,plate16-2-A/Darwin/1405/2025_H1N1,487,0.4231,0.4231
seqneut25to26_sera_4011,A/Darwin/1405/2025_H1N1,plate16-2-A/Darwin/1405/2025_H1N1,1119,0.7741,0.7741
seqneut25to26_sera_4011,A/Darwin/1405/2025_H1N1,plate16-2-A/Darwin/1405/2025_H1N1,2575,1.153,1
seqneut25to26_sera_4011,A/Darwin/1405/2025_H1N1,plate16-2-A/Darwin/1405/2025_H1N1,5921,1.211,1
seqneut25to26_sera_4011,A/Darwin/1405/2025_H1N1,plate16-2-A/Darwin/1405/2025_H1N1,1.362e+04,1.013,1
seqneut25to26_sera_4011,A/Darwin/1461/2025_H3N2,plate16-2-A/Darwin/1461/2025_H3N2,40,0.2685,0.2685
seqneut25to26_sera_4011,A/Darwin/1461/2025_H3N2,plate16-2-A/Darwin/1461/2025_H3N2,92,0.4848,0.4848
seqneut25to26_sera_4011,A/Darwin/1461/2025_H3N2,plate16-2-A/Darwin/1461/2025_H3N2,212,0.3151,0.3151
seqneut25to26_sera_4011,A/Darwin/1461/2025_H3N2,plate16-2-A/Darwin/1461/2025_H3N2,487,0.449,0.449
seqneut25to26_sera_4011,A/Darwin/1461/2025_H3N2,plate16-2-A/Darwin/1461/2025_H3N2,1119,0.7523,0.7523
seqneut25to26_sera_4011,A/Darwin/1461/2025_H3N2,plate16-2-A/Darwin/1461/2025_H3N2,2575,0.5601,0.5601
seqneut25to26_sera_4011,A/Darwin/1461/2025_H3N2,plate16-2-A/Darwin/1461/2025_H3N2,5921,0.757,0.757
seqneut25to26_sera_4011,A/Darwin/1461/2025_H3N2,plate16-2-A/Darwin/1461/2025_H3N2,1.362e+04,0.9401,0.9401
seqneut25to26_sera_4011,A/Denmark/3070/2025_H1N1,plate16-2-A/Denmark/3070/2025_H1N1,40,0.003701,0.003701
seqneut25to26_sera_4011,A/Denmark/3070/2025_H1N1,plate16-2-A/Denmark/3070/2025_H1N1,92,0.004048,0.004048
seqneut25to26_sera_4011,A/Denmark/3070/2025_H1N1,plate16-2-A/Denmark/3070/2025_H1N1,212,0.03541,0.03541
seqneut25to26_sera_4011,A/Denmark/3070/2025_H1N1,plate16-2-A/Denmark/3070/2025_H1N1,487,0.3012,0.3012
seqneut25to26_sera_4011,A/Denmark/3070/2025_H1N1,plate16-2-A/Denmark/3070/2025_H1N1,1119,0.6494,0.6494
seqneut25to26_sera_4011,A/Denmark/3070/2025_H1N1,plate16-2-A/Denmark/3070/2025_H1N1,2575,0.8032,0.8032
seqneut25to26_sera_4011,A/Denmark/3070/2025_H1N1,plate16-2-A/Denmark/3070/2025_H1N1,5921,0.8668,0.8668
seqneut25to26_sera_4011,A/Denmark/3070/2025_H1N1,plate16-2-A/Denmark/3070/2025_H1N1,1.362e+04,0.9163,0.9163
seqneut25to26_sera_4011,A/DistrictOfColumbia/27/2023_H3N2,plate16-2-A/DistrictOfColumbia/27/2023_H3N2,40,0.1734,0.1734
seqneut25to26_sera_4011,A/DistrictOfColumbia/27/2023_H3N2,plate16-2-A/DistrictOfColumbia/27/2023_H3N2,92,0.4199,0.4199
seqneut25to26_sera_4011,A/DistrictOfColumbia/27/2023_H3N2,plate16-2-A/DistrictOfColumbia/27/2023_H3N2,212,0.3818,0.3818
seqneut25to26_sera_4011,A/DistrictOfColumbia/27/2023_H3N2,plate16-2-A/DistrictOfColumbia/27/2023_H3N2,487,0.5234,0.5234
seqneut25to26_sera_4011,A/DistrictOfColumbia/27/2023_H3N2,plate16-2-A/DistrictOfColumbia/27/2023_H3N2,1119,0.7334,0.7334
seqneut25to26_sera_4011,A/DistrictOfColumbia/27/2023_H3N2,plate16-2-A/DistrictOfColumbia/27/2023_H3N2,2575,1.012,1
seqneut25to26_sera_4011,A/DistrictOfColumbia/27/2023_H3N2,plate16-2-A/DistrictOfColumbia/27/2023_H3N2,5921,0.9591,0.9591
seqneut25to26_sera_4011,A/DistrictOfColumbia/27/2023_H3N2,plate16-2-A/DistrictOfColumbia/27/2023_H3N2,1.362e+04,1.229,1
seqneut25to26_sera_4011,A/DistrictOfColumbia/57/2025_H3N2,plate16-2-A/DistrictOfColumbia/57/2025_H3N2,40,0.1484,0.1484
seqneut25to26_sera_4011,A/DistrictOfColumbia/57/2025_H3N2,plate16-2-A/DistrictOfColumbia/57/2025_H3N2,92,0.3798,0.3798
seqneut25to26_sera_4011,A/DistrictOfColumbia/57/2025_H3N2,plate16-2-A/DistrictOfColumbia/57/2025_H3N2,212,0.3409,0.3409
seqneut25to26_sera_4011,A/DistrictOfColumbia/57/2025_H3N2,plate16-2-A/DistrictOfColumbia/57/2025_H3N2,487,0.5489,0.5489
seqneut25to26_sera_4011,A/DistrictOfColumbia/57/2025_H3N2,plate16-2-A/DistrictOfColumbia/57/2025_H3N2,1119,0.893,0.893
seqneut25to26_sera_4011,A/DistrictOfColumbia/57/2025_H3N2,plate16-2-A/DistrictOfColumbia/57/2025_H3N2,2575,0.9832,0.9832
seqneut25to26_sera_4011,A/DistrictOfColumbia/57/2025_H3N2,plate16-2-A/DistrictOfColumbia/57/2025_H3N2,5921,1.045,1
seqneut25to26_sera_4011,A/DistrictOfColumbia/57/2025_H3N2,plate16-2-A/DistrictOfColumbia/57/2025_H3N2,1.362e+04,1.157,1
seqneut25to26_sera_4011,A/DistritoFederal/250106000728/2025_H3N2,plate16-2-A/DistritoFederal/250106000728/2025_H3N2,40,0.05759,0.05759
seqneut25to26_sera_4011,A/DistritoFederal/250106000728/2025_H3N2,plate16-2-A/DistritoFederal/250106000728/2025_H3N2,92,0.3014,0.3014
seqneut25to26_sera_4011,A/DistritoFederal/250106000728/2025_H3N2,plate16-2-A/DistritoFederal/250106000728/2025_H3N2,212,0.5376,0.5376
seqneut25to26_sera_4011,A/DistritoFederal/250106000728/2025_H3N2,plate16-2-A/DistritoFederal/250106000728/2025_H3N2,487,0.4958,0.4958
seqneut25to26_sera_4011,A/DistritoFederal/250106000728/2025_H3N2,plate16-2-A/DistritoFederal/250106000728/2025_H3N2,1119,0.5869,0.5869
seqneut25to26_sera_4011,A/DistritoFederal/250106000728/2025_H3N2,plate16-2-A/DistritoFederal/250106000728/2025_H3N2,2575,0.8255,0.8255
seqneut25to26_sera_4011,A/DistritoFederal/250106000728/2025_H3N2,plate16-2-A/DistritoFederal/250106000728/2025_H3N2,5921,0.8257,0.8257
seqneut25to26_sera_4011,A/DistritoFederal/250106000728/2025_H3N2,plate16-2-A/DistritoFederal/250106000728/2025_H3N2,1.362e+04,0.9781,0.9781
seqneut25to26_sera_4011,A/DistritoFederal/2578578201/2025_H3N2,plate16-2-A/DistritoFederal/2578578201/2025_H3N2,40,0.1247,0.1247
seqneut25to26_sera_4011,A/DistritoFederal/2578578201/2025_H3N2,plate16-2-A/DistritoFederal/2578578201/2025_H3N2,92,0.3635,0.3635
seqneut25to26_sera_4011,A/DistritoFederal/2578578201/2025_H3N2,plate16-2-A/DistritoFederal/2578578201/2025_H3N2,212,0.4056,0.4056
seqneut25to26_sera_4011,A/DistritoFederal/2578578201/2025_H3N2,plate16-2-A/DistritoFederal/2578578201/2025_H3N2,487,0.5593,0.5593
seqneut25to26_sera_4011,A/DistritoFederal/2578578201/2025_H3N2,plate16-2-A/DistritoFederal/2578578201/2025_H3N2,1119,0.7386,0.7386
seqneut25to26_sera_4011,A/DistritoFederal/2578578201/2025_H3N2,plate16-2-A/DistritoFederal/2578578201/2025_H3N2,2575,1.04,1
seqneut25to26_sera_4011,A/DistritoFederal/2578578201/2025_H3N2,plate16-2-A/DistritoFederal/2578578201/2025_H3N2,5921,0.8777,0.8777
seqneut25to26_sera_4011,A/DistritoFederal/2578578201/2025_H3N2,plate16-2-A/DistritoFederal/2578578201/2025_H3N2,1.362e+04,0.8745,0.8745
seqneut25to26_sera_4011,A/England/174/2025_H3N2,plate16-2-A/England/174/2025_H3N2,40,0.09309,0.09309
seqneut25to26_sera_4011,A/England/174/2025_H3N2,plate16-2-A/England/174/2025_H3N2,92,0.297,0.297
seqneut25to26_sera_4011,A/England/174/2025_H3N2,plate16-2-A/England/174/2025_H3N2,212,0.6149,0.6149
seqneut25to26_sera_4011,A/England/174/2025_H3N2,plate16-2-A/England/174/2025_H3N2,487,0.3985,0.3985
seqneut25to26_sera_4011,A/England/174/2025_H3N2,plate16-2-A/England/174/2025_H3N2,1119,0.5445,0.5445
seqneut25to26_sera_4011,A/England/174/2025_H3N2,plate16-2-A/England/174/2025_H3N2,2575,0.7963,0.7963
seqneut25to26_sera_4011,A/England/174/2025_H3N2,plate16-2-A/England/174/2025_H3N2,5921,0.6924,0.6924
seqneut25to26_sera_4011,A/England/174/2025_H3N2,plate16-2-A/England/174/2025_H3N2,1.362e+04,1.097,1
seqneut25to26_sera_4011,A/England/1822256/2025_H1N1,plate16-2-A/England/1822256/2025_H1N1,40,0.002384,0.002384
seqneut25to26_sera_4011,A/England/1822256/2025_H1N1,plate16-2-A/England/1822256/2025_H1N1,92,0.001255,0.001255
seqneut25to26_sera_4011,A/England/1822256/2025_H1N1,plate16-2-A/England/1822256/2025_H1N1,212,0.02941,0.02941
seqneut25to26_sera_4011,A/England/1822256/2025_H1N1,plate16-2-A/England/1822256/2025_H1N1,487,0.3688,0.3688
seqneut25to26_sera_4011,A/England/1822256/2025_H1N1,plate16-2-A/England/1822256/2025_H1N1,1119,0.9429,0.9429
seqneut25to26_sera_4011,A/England/1822256/2025_H1N1,plate16-2-A/England/1822256/2025_H1N1,2575,1.034,1
seqneut25to26_sera_4011,A/England/1822256/2025_H1N1,plate16-2-A/England/1822256/2025_H1N1,5921,1.136,1
seqneut25to26_sera_4011,A/England/1822256/2025_H1N1,plate16-2-A/England/1822256/2025_H1N1,1.362e+04,1.49,1
seqneut25to26_sera_4011,A/England/1837734/2025_H3N2,plate16-2-A/England/1837734/2025_H3N2,40,0.05138,0.05138
seqneut25to26_sera_4011,A/England/1837734/2025_H3N2,plate16-2-A/England/1837734/2025_H3N2,92,0.2411,0.2411
seqneut25to26_sera_4011,A/England/1837734/2025_H3N2,plate16-2-A/England/1837734/2025_H3N2,212,0.56,0.56
seqneut25to26_sera_4011,A/England/1837734/2025_H3N2,plate16-2-A/England/1837734/2025_H3N2,487,0.4076,0.4076
seqneut25to26_sera_4011,A/England/1837734/2025_H3N2,plate16-2-A/England/1837734/2025_H3N2,1119,0.517,0.517
seqneut25to26_sera_4011,A/England/1837734/2025_H3N2,plate16-2-A/England/1837734/2025_H3N2,2575,0.5494,0.5494
seqneut25to26_sera_4011,A/England/1837734/2025_H3N2,plate16-2-A/England/1837734/2025_H3N2,5921,1.099,1
seqneut25to26_sera_4011,A/England/1837734/2025_H3N2,plate16-2-A/England/1837734/2025_H3N2,1.362e+04,1.402,1
seqneut25to26_sera_4011,A/England/1837737/2025_H3N2,plate16-2-A/England/1837737/2025_H3N2,40,0.1286,0.1286
seqneut25to26_sera_4011,A/England/1837737/2025_H3N2,plate16-2-A/England/1837737/2025_H3N2,92,0.4819,0.4819
seqneut25to26_sera_4011,A/England/1837737/2025_H3N2,plate16-2-A/England/1837737/2025_H3N2,212,0.4774,0.4774
seqneut25to26_sera_4011,A/England/1837737/2025_H3N2,plate16-2-A/England/1837737/2025_H3N2,487,0.8116,0.8116
seqneut25to26_sera_4011,A/England/1837737/2025_H3N2,plate16-2-A/England/1837737/2025_H3N2,1119,0.6511,0.6511
seqneut25to26_sera_4011,A/England/1837737/2025_H3N2,plate16-2-A/England/1837737/2025_H3N2,2575,0.924,0.924
seqneut25to26_sera_4011,A/England/1837737/2025_H3N2,plate16-2-A/England/1837737/2025_H3N2,5921,1.036,1
seqneut25to26_sera_4011,A/England/1837737/2025_H3N2,plate16-2-A/England/1837737/2025_H3N2,1.362e+04,0.8283,0.8283
seqneut25to26_sera_4011,A/France/ARA-HCL025155099501/2025_H1N1,plate16-2-A/France/ARA-HCL025155099501/2025_H1N1,40,0.0009847,0.0009847
seqneut25to26_sera_4011,A/France/ARA-HCL025155099501/2025_H1N1,plate16-2-A/France/ARA-HCL025155099501/2025_H1N1,92,0.008696,0.008696
seqneut25to26_sera_4011,A/France/ARA-HCL025155099501/2025_H1N1,plate16-2-A/France/ARA-HCL025155099501/2025_H1N1,212,0.0843,0.0843
seqneut25to26_sera_4011,A/France/ARA-HCL025155099501/2025_H1N1,plate16-2-A/France/ARA-HCL025155099501/2025_H1N1,487,0.5875,0.5875
seqneut25to26_sera_4011,A/France/ARA-HCL025155099501/2025_H1N1,plate16-2-A/France/ARA-HCL025155099501/2025_H1N1,1119,0.9546,0.9546
seqneut25to26_sera_4011,A/France/ARA-HCL025155099501/2025_H1N1,plate16-2-A/France/ARA-HCL025155099501/2025_H1N1,2575,0.9107,0.9107
seqneut25to26_sera_4011,A/France/ARA-HCL025155099501/2025_H1N1,plate16-2-A/France/ARA-HCL025155099501/2025_H1N1,5921,1.306,1
seqneut25to26_sera_4011,A/France/ARA-HCL025155099501/2025_H1N1,plate16-2-A/France/ARA-HCL025155099501/2025_H1N1,1.362e+04,1.134,1
seqneut25to26_sera_4011,A/Galicia/GA-CHUAC-451/2025_H3N2,plate16-2-A/Galicia/GA-CHUAC-451/2025_H3N2,40,0.2135,0.2135
seqneut25to26_sera_4011,A/Galicia/GA-CHUAC-451/2025_H3N2,plate16-2-A/Galicia/GA-CHUAC-451/2025_H3N2,92,0.3399,0.3399
seqneut25to26_sera_4011,A/Galicia/GA-CHUAC-451/2025_H3N2,plate16-2-A/Galicia/GA-CHUAC-451/2025_H3N2,212,0.4908,0.4908
seqneut25to26_sera_4011,A/Galicia/GA-CHUAC-451/2025_H3N2,plate16-2-A/Galicia/GA-CHUAC-451/2025_H3N2,487,0.6217,0.6217
seqneut25to26_sera_4011,A/Galicia/GA-CHUAC-451/2025_H3N2,plate16-2-A/Galicia/GA-CHUAC-451/2025_H3N2,1119,0.7683,0.7683
seqneut25to26_sera_4011,A/Galicia/GA-CHUAC-451/2025_H3N2,plate16-2-A/Galicia/GA-CHUAC-451/2025_H3N2,2575,0.7824,0.7824
seqneut25to26_sera_4011,A/Galicia/GA-CHUAC-451/2025_H3N2,plate16-2-A/Galicia/GA-CHUAC-451/2025_H3N2,5921,0.8976,0.8976
seqneut25to26_sera_4011,A/Galicia/GA-CHUAC-451/2025_H3N2,plate16-2-A/Galicia/GA-CHUAC-451/2025_H3N2,1.362e+04,0.8322,0.8322
seqneut25to26_sera_4011,A/Ghana/ARI-25-1125/2025_H1N1,plate16-2-A/Ghana/ARI-25-1125/2025_H1N1,40,0.0004,0.0004
seqneut25to26_sera_4011,A/Ghana/ARI-25-1125/2025_H1N1,plate16-2-A/Ghana/ARI-25-1125/2025_H1N1,92,0.0006607,0.0006607
seqneut25to26_sera_4011,A/Ghana/ARI-25-1125/2025_H1N1,plate16-2-A/Ghana/ARI-25-1125/2025_H1N1,212,0.0156,0.0156
seqneut25to26_sera_4011,A/Ghana/ARI-25-1125/2025_H1N1,plate16-2-A/Ghana/ARI-25-1125/2025_H1N1,487,0.3603,0.3603
seqneut25to26_sera_4011,A/Ghana/ARI-25-1125/2025_H1N1,plate16-2-A/Ghana/ARI-25-1125/2025_H1N1,1119,0.753,0.753
seqneut25to26_sera_4011,A/Ghana/ARI-25-1125/2025_H1N1,plate16-2-A/Ghana/ARI-25-1125/2025_H1N1,2575,0.6862,0.6862
seqneut25to26_sera_4011,A/Ghana/ARI-25-1125/2025_H1N1,plate16-2-A/Ghana/ARI-25-1125/2025_H1N1,5921,1.259,1
seqneut25to26_sera_4011,A/Ghana/ARI-25-1125/2025_H1N1,plate16-2-A/Ghana/ARI-25-1125/2025_H1N1,1.362e+04,1.3,1
seqneut25to26_sera_4011,A/Ghana/FS-25-7077/2025_H3N2,plate16-2-A/Ghana/FS-25-7077/2025_H3N2,40,0.2472,0.2472
seqneut25to26_sera_4011,A/Ghana/FS-25-7077/2025_H3N2,plate16-2-A/Ghana/FS-25-7077/2025_H3N2,92,0.5232,0.5232
seqneut25to26_sera_4011,A/Ghana/FS-25-7077/2025_H3N2,plate16-2-A/Ghana/FS-25-7077/2025_H3N2,212,0.4944,0.4944
seqneut25to26_sera_4011,A/Ghana/FS-25-7077/2025_H3N2,plate16-2-A/Ghana/FS-25-7077/2025_H3N2,487,0.6396,0.6396
seqneut25to26_sera_4011,A/Ghana/FS-25-7077/2025_H3N2,plate16-2-A/Ghana/FS-25-7077/2025_H3N2,1119,0.6749,0.6749
seqneut25to26_sera_4011,A/Ghana/FS-25-7077/2025_H3N2,plate16-2-A/Ghana/FS-25-7077/2025_H3N2,2575,0.6968,0.6968
seqneut25to26_sera_4011,A/Ghana/FS-25-7077/2025_H3N2,plate16-2-A/Ghana/FS-25-7077/2025_H3N2,5921,1.071,1
seqneut25to26_sera_4011,A/Ghana/FS-25-7077/2025_H3N2,plate16-2-A/Ghana/FS-25-7077/2025_H3N2,1.362e+04,1.141,1
seqneut25to26_sera_4011,A/Guangdong-Maonan/11438/2025_H3N2,plate16-2-A/Guangdong-Maonan/11438/2025_H3N2,40,0.01272,0.01272
seqneut25to26_sera_4011,A/Guangdong-Maonan/11438/2025_H3N2,plate16-2-A/Guangdong-Maonan/11438/2025_H3N2,92,0.3081,0.3081
seqneut25to26_sera_4011,A/Guangdong-Maonan/11438/2025_H3N2,plate16-2-A/Guangdong-Maonan/11438/2025_H3N2,212,0.3724,0.3724
seqneut25to26_sera_4011,A/Guangdong-Maonan/11438/2025_H3N2,plate16-2-A/Guangdong-Maonan/11438/2025_H3N2,487,0.4429,0.4429
seqneut25to26_sera_4011,A/Guangdong-Maonan/11438/2025_H3N2,plate16-2-A/Guangdong-Maonan/11438/2025_H3N2,1119,0.6974,0.6974
seqneut25to26_sera_4011,A/Guangdong-Maonan/11438/2025_H3N2,plate16-2-A/Guangdong-Maonan/11438/2025_H3N2,2575,0.8622,0.8622
seqneut25to26_sera_4011,A/Guangdong-Maonan/11438/2025_H3N2,plate16-2-A/Guangdong-Maonan/11438/2025_H3N2,5921,0.7725,0.7725
seqneut25to26_sera_4011,A/Guangdong-Maonan/11438/2025_H3N2,plate16-2-A/Guangdong-Maonan/11438/2025_H3N2,1.362e+04,0.7784,0.7784
seqneut25to26_sera_4011,A/Guangdong-Meijiang/11256/2025_H3N2,plate16-2-A/Guangdong-Meijiang/11256/2025_H3N2,40,0.01811,0.01811
seqneut25to26_sera_4011,A/Guangdong-Meijiang/11256/2025_H3N2,plate16-2-A/Guangdong-Meijiang/11256/2025_H3N2,92,0.2128,0.2128
seqneut25to26_sera_4011,A/Guangdong-Meijiang/11256/2025_H3N2,plate16-2-A/Guangdong-Meijiang/11256/2025_H3N2,212,0.5442,0.5442
seqneut25to26_sera_4011,A/Guangdong-Meijiang/11256/2025_H3N2,plate16-2-A/Guangdong-Meijiang/11256/2025_H3N2,487,0.5171,0.5171
seqneut25to26_sera_4011,A/Guangdong-Meijiang/11256/2025_H3N2,plate16-2-A/Guangdong-Meijiang/11256/2025_H3N2,1119,0.3773,0.3773
seqneut25to26_sera_4011,A/Guangdong-Meijiang/11256/2025_H3N2,plate16-2-A/Guangdong-Meijiang/11256/2025_H3N2,2575,0.5703,0.5703
seqneut25to26_sera_4011,A/Guangdong-Meijiang/11256/2025_H3N2,plate16-2-A/Guangdong-Meijiang/11256/2025_H3N2,5921,0.8156,0.8156
seqneut25to26_sera_4011,A/Guangdong-Meijiang/11256/2025_H3N2,plate16-2-A/Guangdong-Meijiang/11256/2025_H3N2,1.362e+04,0.7944,0.7944
seqneut25to26_sera_4011,A/Guangxi-Daxin/1643/2025_H3N2,plate16-2-A/Guangxi-Daxin/1643/2025_H3N2,40,0.1284,0.1284
seqneut25to26_sera_4011,A/Guangxi-Daxin/1643/2025_H3N2,plate16-2-A/Guangxi-Daxin/1643/2025_H3N2,92,0.3024,0.3024
seqneut25to26_sera_4011,A/Guangxi-Daxin/1643/2025_H3N2,plate16-2-A/Guangxi-Daxin/1643/2025_H3N2,212,0.4594,0.4594
seqneut25to26_sera_4011,A/Guangxi-Daxin/1643/2025_H3N2,plate16-2-A/Guangxi-Daxin/1643/2025_H3N2,487,0.6731,0.6731
seqneut25to26_sera_4011,A/Guangxi-Daxin/1643/2025_H3N2,plate16-2-A/Guangxi-Daxin/1643/2025_H3N2,1119,1.253,1
seqneut25to26_sera_4011,A/Guangxi-Daxin/1643/2025_H3N2,plate16-2-A/Guangxi-Daxin/1643/2025_H3N2,2575,1.035,1
seqneut25to26_sera_4011,A/Guangxi-Daxin/1643/2025_H3N2,plate16-2-A/Guangxi-Daxin/1643/2025_H3N2,5921,1.001,1
seqneut25to26_sera_4011,A/Guangxi-Daxin/1643/2025_H3N2,plate16-2-A/Guangxi-Daxin/1643/2025_H3N2,1.362e+04,1.039,1
seqneut25to26_sera_4011,A/Guangxi-Qingxiu/SWL11742/2025_H1N1,plate16-2-A/Guangxi-Qingxiu/SWL11742/2025_H1N1,40,0.001816,0.001816
seqneut25to26_sera_4011,A/Guangxi-Qingxiu/SWL11742/2025_H1N1,plate16-2-A/Guangxi-Qingxiu/SWL11742/2025_H1N1,92,0.01055,0.01055
seqneut25to26_sera_4011,A/Guangxi-Qingxiu/SWL11742/2025_H1N1,plate16-2-A/Guangxi-Qingxiu/SWL11742/2025_H1N1,212,0.02697,0.02697
seqneut25to26_sera_4011,A/Guangxi-Qingxiu/SWL11742/2025_H1N1,plate16-2-A/Guangxi-Qingxiu/SWL11742/2025_H1N1,487,0.5533,0.5533
seqneut25to26_sera_4011,A/Guangxi-Qingxiu/SWL11742/2025_H1N1,plate16-2-A/Guangxi-Qingxiu/SWL11742/2025_H1N1,1119,0.7984,0.7984
seqneut25to26_sera_4011,A/Guangxi-Qingxiu/SWL11742/2025_H1N1,plate16-2-A/Guangxi-Qingxiu/SWL11742/2025_H1N1,2575,0.7569,0.7569
seqneut25to26_sera_4011,A/Guangxi-Qingxiu/SWL11742/2025_H1N1,plate16-2-A/Guangxi-Qingxiu/SWL11742/2025_H1N1,5921,0.857,0.857
seqneut25to26_sera_4011,A/Guangxi-Qingxiu/SWL11742/2025_H1N1,plate16-2-A/Guangxi-Qingxiu/SWL11742/2025_H1N1,1.362e+04,1.18,1
seqneut25to26_sera_4011,A/Hawaii/44/2025_H1N1,plate16-2-A/Hawaii/44/2025_H1N1,40,0.0007198,0.0007198
seqneut25to26_sera_4011,A/Hawaii/44/2025_H1N1,plate16-2-A/Hawaii/44/2025_H1N1,92,0.0007613,0.0007613
seqneut25to26_sera_4011,A/Hawaii/44/2025_H1N1,plate16-2-A/Hawaii/44/2025_H1N1,212,0.01815,0.01815
seqneut25to26_sera_4011,A/Hawaii/44/2025_H1N1,plate16-2-A/Hawaii/44/2025_H1N1,487,0.3671,0.3671
seqneut25to26_sera_4011,A/Hawaii/44/2025_H1N1,plate16-2-A/Hawaii/44/2025_H1N1,1119,0.8441,0.8441
seqneut25to26_sera_4011,A/Hawaii/44/2025_H1N1,plate16-2-A/Hawaii/44/2025_H1N1,2575,0.881,0.881
seqneut25to26_sera_4011,A/Hawaii/44/2025_H1N1,plate16-2-A/Hawaii/44/2025_H1N1,5921,0.9232,0.9232
seqneut25to26_sera_4011,A/Hawaii/44/2025_H1N1,plate16-2-A/Hawaii/44/2025_H1N1,1.362e+04,0.9937,0.9937
seqneut25to26_sera_4011,A/Hawaii/70/2019_H1N1,plate16-2-A/Hawaii/70/2019_H1N1,40,0.000481,0.000481
seqneut25to26_sera_4011,A/Hawaii/70/2019_H1N1,plate16-2-A/Hawaii/70/2019_H1N1,92,0.0006283,0.0006283
seqneut25to26_sera_4011,A/Hawaii/70/2019_H1N1,plate16-2-A/Hawaii/70/2019_H1N1,212,0.002098,0.002098
seqneut25to26_sera_4011,A/Hawaii/70/2019_H1N1,plate16-2-A/Hawaii/70/2019_H1N1,487,0.06414,0.06414
seqneut25to26_sera_4011,A/Hawaii/70/2019_H1N1,plate16-2-A/Hawaii/70/2019_H1N1,1119,0.4434,0.4434
seqneut25to26_sera_4011,A/Hawaii/70/2019_H1N1,plate16-2-A/Hawaii/70/2019_H1N1,2575,0.6774,0.6774
seqneut25to26_sera_4011,A/Hawaii/70/2019_H1N1,plate16-2-A/Hawaii/70/2019_H1N1,5921,0.9509,0.9509
seqneut25to26_sera_4011,A/Hawaii/70/2019_H1N1,plate16-2-A/Hawaii/70/2019_H1N1,1.362e+04,0.8703,0.8703
seqneut25to26_sera_4011,A/HongKong/1257/2025_H3N2,plate16-2-A/HongKong/1257/2025_H3N2,40,0.123,0.123
seqneut25to26_sera_4011,A/HongKong/1257/2025_H3N2,plate16-2-A/HongKong/1257/2025_H3N2,92,0.3878,0.3878
seqneut25to26_sera_4011,A/HongKong/1257/2025_H3N2,plate16-2-A/HongKong/1257/2025_H3N2,212,0.4828,0.4828
seqneut25to26_sera_4011,A/HongKong/1257/2025_H3N2,plate16-2-A/HongKong/1257/2025_H3N2,487,0.6514,0.6514
seqneut25to26_sera_4011,A/HongKong/1257/2025_H3N2,plate16-2-A/HongKong/1257/2025_H3N2,1119,0.6105,0.6105
seqneut25to26_sera_4011,A/HongKong/1257/2025_H3N2,plate16-2-A/HongKong/1257/2025_H3N2,2575,0.8734,0.8734
seqneut25to26_sera_4011,A/HongKong/1257/2025_H3N2,plate16-2-A/HongKong/1257/2025_H3N2,5921,0.8976,0.8976
seqneut25to26_sera_4011,A/HongKong/1257/2025_H3N2,plate16-2-A/HongKong/1257/2025_H3N2,1.362e+04,0.946,0.946
seqneut25to26_sera_4011,A/HongKong/1382/2025_H3N2,plate16-2-A/HongKong/1382/2025_H3N2,40,0.003767,0.003767
seqneut25to26_sera_4011,A/HongKong/1382/2025_H3N2,plate16-2-A/HongKong/1382/2025_H3N2,92,0.08839,0.08839
seqneut25to26_sera_4011,A/HongKong/1382/2025_H3N2,plate16-2-A/HongKong/1382/2025_H3N2,212,0.2354,0.2354
seqneut25to26_sera_4011,A/HongKong/1382/2025_H3N2,plate16-2-A/HongKong/1382/2025_H3N2,487,0.2698,0.2698
seqneut25to26_sera_4011,A/HongKong/1382/2025_H3N2,plate16-2-A/HongKong/1382/2025_H3N2,1119,0.4037,0.4037
seqneut25to26_sera_4011,A/HongKong/1382/2025_H3N2,plate16-2-A/HongKong/1382/2025_H3N2,2575,0.7905,0.7905
seqneut25to26_sera_4011,A/HongKong/1382/2025_H3N2,plate16-2-A/HongKong/1382/2025_H3N2,5921,0.7105,0.7105
seqneut25to26_sera_4011,A/HongKong/1382/2025_H3N2,plate16-2-A/HongKong/1382/2025_H3N2,1.362e+04,0.7293,0.7293
seqneut25to26_sera_4011,A/Indonesia/BIOKES-I-BT074/2025_H3N2,plate16-2-A/Indonesia/BIOKES-I-BT074/2025_H3N2,40,0.003308,0.003308
seqneut25to26_sera_4011,A/Indonesia/BIOKES-I-BT074/2025_H3N2,plate16-2-A/Indonesia/BIOKES-I-BT074/2025_H3N2,92,0.2557,0.2557
seqneut25to26_sera_4011,A/Indonesia/BIOKES-I-BT074/2025_H3N2,plate16-2-A/Indonesia/BIOKES-I-BT074/2025_H3N2,212,0.3415,0.3415
seqneut25to26_sera_4011,A/Indonesia/BIOKES-I-BT074/2025_H3N2,plate16-2-A/Indonesia/BIOKES-I-BT074/2025_H3N2,487,0.5532,0.5532
seqneut25to26_sera_4011,A/Indonesia/BIOKES-I-BT074/2025_H3N2,plate16-2-A/Indonesia/BIOKES-I-BT074/2025_H3N2,1119,0.6747,0.6747
seqneut25to26_sera_4011,A/Indonesia/BIOKES-I-BT074/2025_H3N2,plate16-2-A/Indonesia/BIOKES-I-BT074/2025_H3N2,2575,0.7521,0.7521
seqneut25to26_sera_4011,A/Indonesia/BIOKES-I-BT074/2025_H3N2,plate16-2-A/Indonesia/BIOKES-I-BT074/2025_H3N2,5921,0.914,0.914
seqneut25to26_sera_4011,A/Indonesia/BIOKES-I-BT074/2025_H3N2,plate16-2-A/Indonesia/BIOKES-I-BT074/2025_H3N2,1.362e+04,0.9889,0.9889
seqneut25to26_sera_4011,A/Indonesia/BIOKES-INAD491/2025_H3N2,plate16-2-A/Indonesia/BIOKES-INAD491/2025_H3N2,40,0.01972,0.01972
seqneut25to26_sera_4011,A/Indonesia/BIOKES-INAD491/2025_H3N2,plate16-2-A/Indonesia/BIOKES-INAD491/2025_H3N2,92,0.2509,0.2509
seqneut25to26_sera_4011,A/Indonesia/BIOKES-INAD491/2025_H3N2,plate16-2-A/Indonesia/BIOKES-INAD491/2025_H3N2,212,0.4228,0.4228
seqneut25to26_sera_4011,A/Indonesia/BIOKES-INAD491/2025_H3N2,plate16-2-A/Indonesia/BIOKES-INAD491/2025_H3N2,487,0.6066,0.6066
seqneut25to26_sera_4011,A/Indonesia/BIOKES-INAD491/2025_H3N2,plate16-2-A/Indonesia/BIOKES-INAD491/2025_H3N2,1119,0.8033,0.8033
seqneut25to26_sera_4011,A/Indonesia/BIOKES-INAD491/2025_H3N2,plate16-2-A/Indonesia/BIOKES-INAD491/2025_H3N2,2575,0.8843,0.8843
seqneut25to26_sera_4011,A/Indonesia/BIOKES-INAD491/2025_H3N2,plate16-2-A/Indonesia/BIOKES-INAD491/2025_H3N2,5921,0.848,0.848
seqneut25to26_sera_4011,A/Indonesia/BIOKES-INAD491/2025_H3N2,plate16-2-A/Indonesia/BIOKES-INAD491/2025_H3N2,1.362e+04,0.8446,0.8446
seqneut25to26_sera_4011,A/Lao/820-2750/2025_H3N2,plate16-2-A/Lao/820-2750/2025_H3N2,40,0.0298,0.0298
seqneut25to26_sera_4011,A/Lao/820-2750/2025_H3N2,plate16-2-A/Lao/820-2750/2025_H3N2,92,0.1488,0.1488
seqneut25to26_sera_4011,A/Lao/820-2750/2025_H3N2,plate16-2-A/Lao/820-2750/2025_H3N2,212,0.2553,0.2553
seqneut25to26_sera_4011,A/Lao/820-2750/2025_H3N2,plate16-2-A/Lao/820-2750/2025_H3N2,487,0.4937,0.4937
seqneut25to26_sera_4011,A/Lao/820-2750/2025_H3N2,plate16-2-A/Lao/820-2750/2025_H3N2,1119,0.7244,0.7244
seqneut25to26_sera_4011,A/Lao/820-2750/2025_H3N2,plate16-2-A/Lao/820-2750/2025_H3N2,2575,0.8667,0.8667
seqneut25to26_sera_4011,A/Lao/820-2750/2025_H3N2,plate16-2-A/Lao/820-2750/2025_H3N2,5921,1.317,1
seqneut25to26_sera_4011,A/Lao/820-2750/2025_H3N2,plate16-2-A/Lao/820-2750/2025_H3N2,1.362e+04,0.6129,0.6129
seqneut25to26_sera_4011,A/Malaysia/IMR/SARI/2028/2025_H3N2,plate16-2-A/Malaysia/IMR/SARI/2028/2025_H3N2,40,0.02191,0.02191
seqneut25to26_sera_4011,A/Malaysia/IMR/SARI/2028/2025_H3N2,plate16-2-A/Malaysia/IMR/SARI/2028/2025_H3N2,92,0.187,0.187
seqneut25to26_sera_4011,A/Malaysia/IMR/SARI/2028/2025_H3N2,plate16-2-A/Malaysia/IMR/SARI/2028/2025_H3N2,212,0.439,0.439
seqneut25to26_sera_4011,A/Malaysia/IMR/SARI/2028/2025_H3N2,plate16-2-A/Malaysia/IMR/SARI/2028/2025_H3N2,487,0.5338,0.5338
seqneut25to26_sera_4011,A/Malaysia/IMR/SARI/2028/2025_H3N2,plate16-2-A/Malaysia/IMR/SARI/2028/2025_H3N2,1119,0.5243,0.5243
seqneut25to26_sera_4011,A/Malaysia/IMR/SARI/2028/2025_H3N2,plate16-2-A/Malaysia/IMR/SARI/2028/2025_H3N2,2575,0.948,0.948
seqneut25to26_sera_4011,A/Malaysia/IMR/SARI/2028/2025_H3N2,plate16-2-A/Malaysia/IMR/SARI/2028/2025_H3N2,5921,1.023,1
seqneut25to26_sera_4011,A/Malaysia/IMR/SARI/2028/2025_H3N2,plate16-2-A/Malaysia/IMR/SARI/2028/2025_H3N2,1.362e+04,1.202,1
seqneut25to26_sera_4011,A/Malaysia/IMR/SARI/2406/2025_H3N2,plate16-2-A/Malaysia/IMR/SARI/2406/2025_H3N2,40,0.04202,0.04202
seqneut25to26_sera_4011,A/Malaysia/IMR/SARI/2406/2025_H3N2,plate16-2-A/Malaysia/IMR/SARI/2406/2025_H3N2,92,0.2431,0.2431
seqneut25to26_sera_4011,A/Malaysia/IMR/SARI/2406/2025_H3N2,plate16-2-A/Malaysia/IMR/SARI/2406/2025_H3N2,212,0.3559,0.3559
seqneut25to26_sera_4011,A/Malaysia/IMR/SARI/2406/2025_H3N2,plate16-2-A/Malaysia/IMR/SARI/2406/2025_H3N2,487,0.4331,0.4331
seqneut25to26_sera_4011,A/Malaysia/IMR/SARI/2406/2025_H3N2,plate16-2-A/Malaysia/IMR/SARI/2406/2025_H3N2,1119,0.4283,0.4283
seqneut25to26_sera_4011,A/Malaysia/IMR/SARI/2406/2025_H3N2,plate16-2-A/Malaysia/IMR/SARI/2406/2025_H3N2,2575,0.5565,0.5565
seqneut25to26_sera_4011,A/Malaysia/IMR/SARI/2406/2025_H3N2,plate16-2-A/Malaysia/IMR/SARI/2406/2025_H3N2,5921,0.8972,0.8972
seqneut25to26_sera_4011,A/Malaysia/IMR/SARI/2406/2025_H3N2,plate16-2-A/Malaysia/IMR/SARI/2406/2025_H3N2,1.362e+04,0.7671,0.7671
seqneut25to26_sera_4011,A/Malaysia/IMR/SARI/2517/2025_H3N2,plate16-2-A/Malaysia/IMR/SARI/2517/2025_H3N2,40,0.07541,0.07541
seqneut25to26_sera_4011,A/Malaysia/IMR/SARI/2517/2025_H3N2,plate16-2-A/Malaysia/IMR/SARI/2517/2025_H3N2,92,0.2657,0.2657
seqneut25to26_sera_4011,A/Malaysia/IMR/SARI/2517/2025_H3N2,plate16-2-A/Malaysia/IMR/SARI/2517/2025_H3N2,212,0.4318,0.4318
seqneut25to26_sera_4011,A/Malaysia/IMR/SARI/2517/2025_H3N2,plate16-2-A/Malaysia/IMR/SARI/2517/2025_H3N2,487,0.4871,0.4871
seqneut25to26_sera_4011,A/Malaysia/IMR/SARI/2517/2025_H3N2,plate16-2-A/Malaysia/IMR/SARI/2517/2025_H3N2,1119,0.9063,0.9063
seqneut25to26_sera_4011,A/Malaysia/IMR/SARI/2517/2025_H3N2,plate16-2-A/Malaysia/IMR/SARI/2517/2025_H3N2,2575,0.9244,0.9244
seqneut25to26_sera_4011,A/Malaysia/IMR/SARI/2517/2025_H3N2,plate16-2-A/Malaysia/IMR/SARI/2517/2025_H3N2,5921,1.248,1
seqneut25to26_sera_4011,A/Malaysia/IMR/SARI/2517/2025_H3N2,plate16-2-A/Malaysia/IMR/SARI/2517/2025_H3N2,1.362e+04,1.063,1
seqneut25to26_sera_4011,A/Massachusetts/18/2022_H3N2,plate16-2-A/Massachusetts/18/2022_H3N2,40,0.3429,0.3429
seqneut25to26_sera_4011,A/Massachusetts/18/2022_H3N2,plate16-2-A/Massachusetts/18/2022_H3N2,92,0.5364,0.5364
seqneut25to26_sera_4011,A/Massachusetts/18/2022_H3N2,plate16-2-A/Massachusetts/18/2022_H3N2,212,0.459,0.459
seqneut25to26_sera_4011,A/Massachusetts/18/2022_H3N2,plate16-2-A/Massachusetts/18/2022_H3N2,487,0.7677,0.7677
seqneut25to26_sera_4011,A/Massachusetts/18/2022_H3N2,plate16-2-A/Massachusetts/18/2022_H3N2,1119,0.7195,0.7195
seqneut25to26_sera_4011,A/Massachusetts/18/2022_H3N2,plate16-2-A/Massachusetts/18/2022_H3N2,2575,0.9704,0.9704
seqneut25to26_sera_4011,A/Massachusetts/18/2022_H3N2,plate16-2-A/Massachusetts/18/2022_H3N2,5921,1.095,1
seqneut25to26_sera_4011,A/Massachusetts/18/2022_H3N2,plate16-2-A/Massachusetts/18/2022_H3N2,1.362e+04,0.9282,0.9282
seqneut25to26_sera_4011,A/Michigan/110/2025_H3N2,plate16-2-A/Michigan/110/2025_H3N2,40,0.1347,0.1347
seqneut25to26_sera_4011,A/Michigan/110/2025_H3N2,plate16-2-A/Michigan/110/2025_H3N2,92,0.5075,0.5075
seqneut25to26_sera_4011,A/Michigan/110/2025_H3N2,plate16-2-A/Michigan/110/2025_H3N2,212,0.4421,0.4421
seqneut25to26_sera_4011,A/Michigan/110/2025_H3N2,plate16-2-A/Michigan/110/2025_H3N2,487,0.4554,0.4554
seqneut25to26_sera_4011,A/Michigan/110/2025_H3N2,plate16-2-A/Michigan/110/2025_H3N2,1119,0.8823,0.8823
seqneut25to26_sera_4011,A/Michigan/110/2025_H3N2,plate16-2-A/Michigan/110/2025_H3N2,2575,0.6619,0.6619
seqneut25to26_sera_4011,A/Michigan/110/2025_H3N2,plate16-2-A/Michigan/110/2025_H3N2,5921,0.796,0.796
seqneut25to26_sera_4011,A/Michigan/110/2025_H3N2,plate16-2-A/Michigan/110/2025_H3N2,1.362e+04,0.9319,0.9319
seqneut25to26_sera_4011,A/Minnesota/96/2025_H3N2,plate16-2-A/Minnesota/96/2025_H3N2,40,0.2393,0.2393
seqneut25to26_sera_4011,A/Minnesota/96/2025_H3N2,plate16-2-A/Minnesota/96/2025_H3N2,92,0.297,0.297
seqneut25to26_sera_4011,A/Minnesota/96/2025_H3N2,plate16-2-A/Minnesota/96/2025_H3N2,212,0.4355,0.4355
seqneut25to26_sera_4011,A/Minnesota/96/2025_H3N2,plate16-2-A/Minnesota/96/2025_H3N2,487,0.5653,0.5653
seqneut25to26_sera_4011,A/Minnesota/96/2025_H3N2,plate16-2-A/Minnesota/96/2025_H3N2,1119,0.6407,0.6407
seqneut25to26_sera_4011,A/Minnesota/96/2025_H3N2,plate16-2-A/Minnesota/96/2025_H3N2,2575,0.8545,0.8545
seqneut25to26_sera_4011,A/Minnesota/96/2025_H3N2,plate16-2-A/Minnesota/96/2025_H3N2,5921,1.217,1
seqneut25to26_sera_4011,A/Minnesota/96/2025_H3N2,plate16-2-A/Minnesota/96/2025_H3N2,1.362e+04,1.457,1
seqneut25to26_sera_4011,A/Missouri/11/2025_H1N1,plate16-2-A/Missouri/11/2025_H1N1,40,0.002997,0.002997
seqneut25to26_sera_4011,A/Missouri/11/2025_H1N1,plate16-2-A/Missouri/11/2025_H1N1,92,0.00276,0.00276
seqneut25to26_sera_4011,A/Missouri/11/2025_H1N1,plate16-2-A/Missouri/11/2025_H1N1,212,0.05952,0.05952
seqneut25to26_sera_4011,A/Missouri/11/2025_H1N1,plate16-2-A/Missouri/11/2025_H1N1,487,0.4026,0.4026
seqneut25to26_sera_4011,A/Missouri/11/2025_H1N1,plate16-2-A/Missouri/11/2025_H1N1,1119,0.8957,0.8957
seqneut25to26_sera_4011,A/Missouri/11/2025_H1N1,plate16-2-A/Missouri/11/2025_H1N1,2575,0.7361,0.7361
seqneut25to26_sera_4011,A/Missouri/11/2025_H1N1,plate16-2-A/Missouri/11/2025_H1N1,5921,0.6744,0.6744
seqneut25to26_sera_4011,A/Missouri/11/2025_H1N1,plate16-2-A/Missouri/11/2025_H1N1,1.362e+04,0.8362,0.8362
seqneut25to26_sera_4011,A/NewSouthWales/2526015582/2025_H3N2,plate16-2-A/NewSouthWales/2526015582/2025_H3N2,40,0.1081,0.1081
seqneut25to26_sera_4011,A/NewSouthWales/2526015582/2025_H3N2,plate16-2-A/NewSouthWales/2526015582/2025_H3N2,92,0.2588,0.2588
seqneut25to26_sera_4011,A/NewSouthWales/2526015582/2025_H3N2,plate16-2-A/NewSouthWales/2526015582/2025_H3N2,212,0.4352,0.4352
seqneut25to26_sera_4011,A/NewSouthWales/2526015582/2025_H3N2,plate16-2-A/NewSouthWales/2526015582/2025_H3N2,487,0.6176,0.6176
seqneut25to26_sera_4011,A/NewSouthWales/2526015582/2025_H3N2,plate16-2-A/NewSouthWales/2526015582/2025_H3N2,1119,0.661,0.661
seqneut25to26_sera_4011,A/NewSouthWales/2526015582/2025_H3N2,plate16-2-A/NewSouthWales/2526015582/2025_H3N2,2575,0.957,0.957
seqneut25to26_sera_4011,A/NewSouthWales/2526015582/2025_H3N2,plate16-2-A/NewSouthWales/2526015582/2025_H3N2,5921,0.8076,0.8076
seqneut25to26_sera_4011,A/NewSouthWales/2526015582/2025_H3N2,plate16-2-A/NewSouthWales/2526015582/2025_H3N2,1.362e+04,1.147,1
seqneut25to26_sera_4011,A/NewSouthWales/2526015584/2025_H3N2,plate16-2-A/NewSouthWales/2526015584/2025_H3N2,40,0.02946,0.02946
seqneut25to26_sera_4011,A/NewSouthWales/2526015584/2025_H3N2,plate16-2-A/NewSouthWales/2526015584/2025_H3N2,92,0.1819,0.1819
seqneut25to26_sera_4011,A/NewSouthWales/2526015584/2025_H3N2,plate16-2-A/NewSouthWales/2526015584/2025_H3N2,212,0.2146,0.2146
seqneut25to26_sera_4011,A/NewSouthWales/2526015584/2025_H3N2,plate16-2-A/NewSouthWales/2526015584/2025_H3N2,487,0.3006,0.3006
seqneut25to26_sera_4011,A/NewSouthWales/2526015584/2025_H3N2,plate16-2-A/NewSouthWales/2526015584/2025_H3N2,1119,0.4186,0.4186
seqneut25to26_sera_4011,A/NewSouthWales/2526015584/2025_H3N2,plate16-2-A/NewSouthWales/2526015584/2025_H3N2,2575,0.6784,0.6784
seqneut25to26_sera_4011,A/NewSouthWales/2526015584/2025_H3N2,plate16-2-A/NewSouthWales/2526015584/2025_H3N2,5921,0.8775,0.8775
seqneut25to26_sera_4011,A/NewSouthWales/2526015584/2025_H3N2,plate16-2-A/NewSouthWales/2526015584/2025_H3N2,1.362e+04,0.8432,0.8432
seqneut25to26_sera_4011,A/Norway/8765/2025_H3N2,plate16-2-A/Norway/8765/2025_H3N2,40,0.09383,0.09383
seqneut25to26_sera_4011,A/Norway/8765/2025_H3N2,plate16-2-A/Norway/8765/2025_H3N2,92,0.3939,0.3939
seqneut25to26_sera_4011,A/Norway/8765/2025_H3N2,plate16-2-A/Norway/8765/2025_H3N2,212,0.3683,0.3683
seqneut25to26_sera_4011,A/Norway/8765/2025_H3N2,plate16-2-A/Norway/8765/2025_H3N2,487,0.5015,0.5015
seqneut25to26_sera_4011,A/Norway/8765/2025_H3N2,plate16-2-A/Norway/8765/2025_H3N2,1119,0.7396,0.7396
seqneut25to26_sera_4011,A/Norway/8765/2025_H3N2,plate16-2-A/Norway/8765/2025_H3N2,2575,0.7452,0.7452
seqneut25to26_sera_4011,A/Norway/8765/2025_H3N2,plate16-2-A/Norway/8765/2025_H3N2,5921,0.9573,0.9573
seqneut25to26_sera_4011,A/Norway/8765/2025_H3N2,plate16-2-A/Norway/8765/2025_H3N2,1.362e+04,1.055,1
seqneut25to26_sera_4011,A/Norway/8976/2025_H3N2,plate16-2-A/Norway/8976/2025_H3N2,40,0.1387,0.1387
seqneut25to26_sera_4011,A/Norway/8976/2025_H3N2,plate16-2-A/Norway/8976/2025_H3N2,92,0.3022,0.3022
seqneut25to26_sera_4011,A/Norway/8976/2025_H3N2,plate16-2-A/Norway/8976/2025_H3N2,212,0.4023,0.4023
seqneut25to26_sera_4011,A/Norway/8976/2025_H3N2,plate16-2-A/Norway/8976/2025_H3N2,487,0.5741,0.5741
seqneut25to26_sera_4011,A/Norway/8976/2025_H3N2,plate16-2-A/Norway/8976/2025_H3N2,1119,0.6422,0.6422
seqneut25to26_sera_4011,A/Norway/8976/2025_H3N2,plate16-2-A/Norway/8976/2025_H3N2,2575,0.7578,0.7578
seqneut25to26_sera_4011,A/Norway/8976/2025_H3N2,plate16-2-A/Norway/8976/2025_H3N2,5921,0.944,0.944
seqneut25to26_sera_4011,A/Norway/8976/2025_H3N2,plate16-2-A/Norway/8976/2025_H3N2,1.362e+04,1.229,1
seqneut25to26_sera_4011,A/Norway/9107/2025_H1N1,plate16-2-A/Norway/9107/2025_H1N1,40,0.00126,0.00126
seqneut25to26_sera_4011,A/Norway/9107/2025_H1N1,plate16-2-A/Norway/9107/2025_H1N1,92,0.006271,0.006271
seqneut25to26_sera_4011,A/Norway/9107/2025_H1N1,plate16-2-A/Norway/9107/2025_H1N1,212,0.1191,0.1191
seqneut25to26_sera_4011,A/Norway/9107/2025_H1N1,plate16-2-A/Norway/9107/2025_H1N1,487,0.4521,0.4521
seqneut25to26_sera_4011,A/Norway/9107/2025_H1N1,plate16-2-A/Norway/9107/2025_H1N1,1119,0.8182,0.8182
seqneut25to26_sera_4011,A/Norway/9107/2025_H1N1,plate16-2-A/Norway/9107/2025_H1N1,2575,0.9642,0.9642
seqneut25to26_sera_4011,A/Norway/9107/2025_H1N1,plate16-2-A/Norway/9107/2025_H1N1,5921,1.037,1
seqneut25to26_sera_4011,A/Norway/9107/2025_H1N1,plate16-2-A/Norway/9107/2025_H1N1,1.362e+04,1.449,1
seqneut25to26_sera_4011,A/Norway/9556/2025_H1N1,plate16-2-A/Norway/9556/2025_H1N1,40,0.0002872,0.0002872
seqneut25to26_sera_4011,A/Norway/9556/2025_H1N1,plate16-2-A/Norway/9556/2025_H1N1,92,0.07789,0.07789
seqneut25to26_sera_4011,A/Norway/9556/2025_H1N1,plate16-2-A/Norway/9556/2025_H1N1,212,0.4342,0.4342
seqneut25to26_sera_4011,A/Norway/9556/2025_H1N1,plate16-2-A/Norway/9556/2025_H1N1,487,0.5642,0.5642
seqneut25to26_sera_4011,A/Norway/9556/2025_H1N1,plate16-2-A/Norway/9556/2025_H1N1,1119,1.088,1
seqneut25to26_sera_4011,A/Norway/9556/2025_H1N1,plate16-2-A/Norway/9556/2025_H1N1,2575,1.122,1
seqneut25to26_sera_4011,A/Norway/9556/2025_H1N1,plate16-2-A/Norway/9556/2025_H1N1,5921,1.236,1
seqneut25to26_sera_4011,A/Norway/9556/2025_H1N1,plate16-2-A/Norway/9556/2025_H1N1,1.362e+04,1.168,1
seqneut25to26_sera_4011,A/Peru/GIHSN-04-1089/2025_H3N2,plate16-2-A/Peru/GIHSN-04-1089/2025_H3N2,40,0.1659,0.1659
seqneut25to26_sera_4011,A/Peru/GIHSN-04-1089/2025_H3N2,plate16-2-A/Peru/GIHSN-04-1089/2025_H3N2,92,0.3435,0.3435
seqneut25to26_sera_4011,A/Peru/GIHSN-04-1089/2025_H3N2,plate16-2-A/Peru/GIHSN-04-1089/2025_H3N2,212,0.4069,0.4069
seqneut25to26_sera_4011,A/Peru/GIHSN-04-1089/2025_H3N2,plate16-2-A/Peru/GIHSN-04-1089/2025_H3N2,487,0.6313,0.6313
seqneut25to26_sera_4011,A/Peru/GIHSN-04-1089/2025_H3N2,plate16-2-A/Peru/GIHSN-04-1089/2025_H3N2,1119,0.585,0.585
seqneut25to26_sera_4011,A/Peru/GIHSN-04-1089/2025_H3N2,plate16-2-A/Peru/GIHSN-04-1089/2025_H3N2,2575,0.7515,0.7515
seqneut25to26_sera_4011,A/Peru/GIHSN-04-1089/2025_H3N2,plate16-2-A/Peru/GIHSN-04-1089/2025_H3N2,5921,0.9256,0.9256
seqneut25to26_sera_4011,A/Peru/GIHSN-04-1089/2025_H3N2,plate16-2-A/Peru/GIHSN-04-1089/2025_H3N2,1.362e+04,1.453,1
seqneut25to26_sera_4011,A/Philippines/SARI25-1425/2025_H1N1,plate16-2-A/Philippines/SARI25-1425/2025_H1N1,40,0.01033,0.01033
seqneut25to26_sera_4011,A/Philippines/SARI25-1425/2025_H1N1,plate16-2-A/Philippines/SARI25-1425/2025_H1N1,92,0.0375,0.0375
seqneut25to26_sera_4011,A/Philippines/SARI25-1425/2025_H1N1,plate16-2-A/Philippines/SARI25-1425/2025_H1N1,212,0.2123,0.2123
seqneut25to26_sera_4011,A/Philippines/SARI25-1425/2025_H1N1,plate16-2-A/Philippines/SARI25-1425/2025_H1N1,487,0.5447,0.5447
seqneut25to26_sera_4011,A/Philippines/SARI25-1425/2025_H1N1,plate16-2-A/Philippines/SARI25-1425/2025_H1N1,1119,1.187,1
seqneut25to26_sera_4011,A/Philippines/SARI25-1425/2025_H1N1,plate16-2-A/Philippines/SARI25-1425/2025_H1N1,2575,1.016,1
seqneut25to26_sera_4011,A/Philippines/SARI25-1425/2025_H1N1,plate16-2-A/Philippines/SARI25-1425/2025_H1N1,5921,1.185,1
seqneut25to26_sera_4011,A/Philippines/SARI25-1425/2025_H1N1,plate16-2-A/Philippines/SARI25-1425/2025_H1N1,1.362e+04,1.404,1
seqneut25to26_sera_4011,A/Queensland/2526516675/2025_H3N2,plate16-2-A/Queensland/2526516675/2025_H3N2,40,0.06622,0.06622
seqneut25to26_sera_4011,A/Queensland/2526516675/2025_H3N2,plate16-2-A/Queensland/2526516675/2025_H3N2,92,0.2043,0.2043
seqneut25to26_sera_4011,A/Queensland/2526516675/2025_H3N2,plate16-2-A/Queensland/2526516675/2025_H3N2,212,0.4266,0.4266
seqneut25to26_sera_4011,A/Queensland/2526516675/2025_H3N2,plate16-2-A/Queensland/2526516675/2025_H3N2,487,0.4231,0.4231
seqneut25to26_sera_4011,A/Queensland/2526516675/2025_H3N2,plate16-2-A/Queensland/2526516675/2025_H3N2,1119,0.614,0.614
seqneut25to26_sera_4011,A/Queensland/2526516675/2025_H3N2,plate16-2-A/Queensland/2526516675/2025_H3N2,2575,0.7462,0.7462
seqneut25to26_sera_4011,A/Queensland/2526516675/2025_H3N2,plate16-2-A/Queensland/2526516675/2025_H3N2,5921,0.9944,0.9944
seqneut25to26_sera_4011,A/Queensland/2526516675/2025_H3N2,plate16-2-A/Queensland/2526516675/2025_H3N2,1.362e+04,1.332,1
seqneut25to26_sera_4011,A/SouthAfrica/PET37604/2025_H3N2,plate16-2-A/SouthAfrica/PET37604/2025_H3N2,40,0.1778,0.1778
seqneut25to26_sera_4011,A/SouthAfrica/PET37604/2025_H3N2,plate16-2-A/SouthAfrica/PET37604/2025_H3N2,92,0.293,0.293
seqneut25to26_sera_4011,A/SouthAfrica/PET37604/2025_H3N2,plate16-2-A/SouthAfrica/PET37604/2025_H3N2,212,0.2539,0.2539
seqneut25to26_sera_4011,A/SouthAfrica/PET37604/2025_H3N2,plate16-2-A/SouthAfrica/PET37604/2025_H3N2,487,0.4879,0.4879
seqneut25to26_sera_4011,A/SouthAfrica/PET37604/2025_H3N2,plate16-2-A/SouthAfrica/PET37604/2025_H3N2,1119,0.8285,0.8285
seqneut25to26_sera_4011,A/SouthAfrica/PET37604/2025_H3N2,plate16-2-A/SouthAfrica/PET37604/2025_H3N2,2575,0.6236,0.6236
seqneut25to26_sera_4011,A/SouthAfrica/PET37604/2025_H3N2,plate16-2-A/SouthAfrica/PET37604/2025_H3N2,5921,1.401,1
seqneut25to26_sera_4011,A/SouthAfrica/PET37604/2025_H3N2,plate16-2-A/SouthAfrica/PET37604/2025_H3N2,1.362e+04,0.8546,0.8546
seqneut25to26_sera_4011,A/SouthAfrica/PET37625/2025_H3N2,plate16-2-A/SouthAfrica/PET37625/2025_H3N2,40,0.2354,0.2354
seqneut25to26_sera_4011,A/SouthAfrica/PET37625/2025_H3N2,plate16-2-A/SouthAfrica/PET37625/2025_H3N2,92,0.3419,0.3419
seqneut25to26_sera_4011,A/SouthAfrica/PET37625/2025_H3N2,plate16-2-A/SouthAfrica/PET37625/2025_H3N2,212,0.4218,0.4218
seqneut25to26_sera_4011,A/SouthAfrica/PET37625/2025_H3N2,plate16-2-A/SouthAfrica/PET37625/2025_H3N2,487,0.5473,0.5473
seqneut25to26_sera_4011,A/SouthAfrica/PET37625/2025_H3N2,plate16-2-A/SouthAfrica/PET37625/2025_H3N2,1119,0.7472,0.7472
seqneut25to26_sera_4011,A/SouthAfrica/PET37625/2025_H3N2,plate16-2-A/SouthAfrica/PET37625/2025_H3N2,2575,1.107,1
seqneut25to26_sera_4011,A/SouthAfrica/PET37625/2025_H3N2,plate16-2-A/SouthAfrica/PET37625/2025_H3N2,5921,1.052,1
seqneut25to26_sera_4011,A/SouthAfrica/PET37625/2025_H3N2,plate16-2-A/SouthAfrica/PET37625/2025_H3N2,1.362e+04,1.204,1
seqneut25to26_sera_4011,A/SouthAustralia/2519001037/2025_H1N1,plate16-2-A/SouthAustralia/2519001037/2025_H1N1,40,0.001393,0.001393
seqneut25to26_sera_4011,A/SouthAustralia/2519001037/2025_H1N1,plate16-2-A/SouthAustralia/2519001037/2025_H1N1,92,0.03326,0.03326
seqneut25to26_sera_4011,A/SouthAustralia/2519001037/2025_H1N1,plate16-2-A/SouthAustralia/2519001037/2025_H1N1,212,0.06317,0.06317
seqneut25to26_sera_4011,A/SouthAustralia/2519001037/2025_H1N1,plate16-2-A/SouthAustralia/2519001037/2025_H1N1,487,0.6621,0.6621
seqneut25to26_sera_4011,A/SouthAustralia/2519001037/2025_H1N1,plate16-2-A/SouthAustralia/2519001037/2025_H1N1,1119,0.9319,0.9319
seqneut25to26_sera_4011,A/SouthAustralia/2519001037/2025_H1N1,plate16-2-A/SouthAustralia/2519001037/2025_H1N1,2575,1.681,1
seqneut25to26_sera_4011,A/SouthAustralia/2519001037/2025_H1N1,plate16-2-A/SouthAustralia/2519001037/2025_H1N1,5921,1.193,1
seqneut25to26_sera_4011,A/SouthAustralia/2519001037/2025_H1N1,plate16-2-A/SouthAustralia/2519001037/2025_H1N1,1.362e+04,0.876,0.876
seqneut25to26_sera_4011,A/SouthAustralia/2520702747/2025_H1N1,plate16-2-A/SouthAustralia/2520702747/2025_H1N1,40,0.003072,0.003072
seqneut25to26_sera_4011,A/SouthAustralia/2520702747/2025_H1N1,plate16-2-A/SouthAustralia/2520702747/2025_H1N1,92,0.004696,0.004696
seqneut25to26_sera_4011,A/SouthAustralia/2520702747/2025_H1N1,plate16-2-A/SouthAustralia/2520702747/2025_H1N1,212,0.02836,0.02836
seqneut25to26_sera_4011,A/SouthAustralia/2520702747/2025_H1N1,plate16-2-A/SouthAustralia/2520702747/2025_H1N1,487,0.2659,0.2659
seqneut25to26_sera_4011,A/SouthAustralia/2520702747/2025_H1N1,plate16-2-A/SouthAustralia/2520702747/2025_H1N1,1119,0.6156,0.6156
seqneut25to26_sera_4011,A/SouthAustralia/2520702747/2025_H1N1,plate16-2-A/SouthAustralia/2520702747/2025_H1N1,2575,0.9796,0.9796
seqneut25to26_sera_4011,A/SouthAustralia/2520702747/2025_H1N1,plate16-2-A/SouthAustralia/2520702747/2025_H1N1,5921,1.168,1
seqneut25to26_sera_4011,A/SouthAustralia/2520702747/2025_H1N1,plate16-2-A/SouthAustralia/2520702747/2025_H1N1,1.362e+04,1.147,1
seqneut25to26_sera_4011,A/SouthAustralia/2523012764/2025_H1N1,plate16-2-A/SouthAustralia/2523012764/2025_H1N1,40,0.003326,0.003326
seqneut25to26_sera_4011,A/SouthAustralia/2523012764/2025_H1N1,plate16-2-A/SouthAustralia/2523012764/2025_H1N1,92,0.02,0.02
seqneut25to26_sera_4011,A/SouthAustralia/2523012764/2025_H1N1,plate16-2-A/SouthAustralia/2523012764/2025_H1N1,212,0.1119,0.1119
seqneut25to26_sera_4011,A/SouthAustralia/2523012764/2025_H1N1,plate16-2-A/SouthAustralia/2523012764/2025_H1N1,487,0.5302,0.5302
seqneut25to26_sera_4011,A/SouthAustralia/2523012764/2025_H1N1,plate16-2-A/SouthAustralia/2523012764/2025_H1N1,1119,0.8954,0.8954
seqneut25to26_sera_4011,A/SouthAustralia/2523012764/2025_H1N1,plate16-2-A/SouthAustralia/2523012764/2025_H1N1,2575,1.148,1
seqneut25to26_sera_4011,A/SouthAustralia/2523012764/2025_H1N1,plate16-2-A/SouthAustralia/2523012764/2025_H1N1,5921,0.9229,0.9229
seqneut25to26_sera_4011,A/SouthAustralia/2523012764/2025_H1N1,plate16-2-A/SouthAustralia/2523012764/2025_H1N1,1.362e+04,1.164,1
seqneut25to26_sera_4011,A/SouthAustralia/2523812314/2025_H3N2,plate16-2-A/SouthAustralia/2523812314/2025_H3N2,40,0.2321,0.2321
seqneut25to26_sera_4011,A/SouthAustralia/2523812314/2025_H3N2,plate16-2-A/SouthAustralia/2523812314/2025_H3N2,92,0.3851,0.3851
seqneut25to26_sera_4011,A/SouthAustralia/2523812314/2025_H3N2,plate16-2-A/SouthAustralia/2523812314/2025_H3N2,212,0.403,0.403
seqneut25to26_sera_4011,A/SouthAustralia/2523812314/2025_H3N2,plate16-2-A/SouthAustralia/2523812314/2025_H3N2,487,0.5347,0.5347
seqneut25to26_sera_4011,A/SouthAustralia/2523812314/2025_H3N2,plate16-2-A/SouthAustralia/2523812314/2025_H3N2,1119,0.721,0.721
seqneut25to26_sera_4011,A/SouthAustralia/2523812314/2025_H3N2,plate16-2-A/SouthAustralia/2523812314/2025_H3N2,2575,0.9733,0.9733
seqneut25to26_sera_4011,A/SouthAustralia/2523812314/2025_H3N2,plate16-2-A/SouthAustralia/2523812314/2025_H3N2,5921,0.9678,0.9678
seqneut25to26_sera_4011,A/SouthAustralia/2523812314/2025_H3N2,plate16-2-A/SouthAustralia/2523812314/2025_H3N2,1.362e+04,0.9852,0.9852
seqneut25to26_sera_4011,A/SouthAustralia/2524408801/2025_H3N2,plate16-2-A/SouthAustralia/2524408801/2025_H3N2,40,0.1796,0.1796
seqneut25to26_sera_4011,A/SouthAustralia/2524408801/2025_H3N2,plate16-2-A/SouthAustralia/2524408801/2025_H3N2,92,0.4227,0.4227
seqneut25to26_sera_4011,A/SouthAustralia/2524408801/2025_H3N2,plate16-2-A/SouthAustralia/2524408801/2025_H3N2,212,0.5747,0.5747
seqneut25to26_sera_4011,A/SouthAustralia/2524408801/2025_H3N2,plate16-2-A/SouthAustralia/2524408801/2025_H3N2,487,0.5565,0.5565
seqneut25to26_sera_4011,A/SouthAustralia/2524408801/2025_H3N2,plate16-2-A/SouthAustralia/2524408801/2025_H3N2,1119,0.7452,0.7452
seqneut25to26_sera_4011,A/SouthAustralia/2524408801/2025_H3N2,plate16-2-A/SouthAustralia/2524408801/2025_H3N2,2575,0.7669,0.7669
seqneut25to26_sera_4011,A/SouthAustralia/2524408801/2025_H3N2,plate16-2-A/SouthAustralia/2524408801/2025_H3N2,5921,0.7196,0.7196
seqneut25to26_sera_4011,A/SouthAustralia/2524408801/2025_H3N2,plate16-2-A/SouthAustralia/2524408801/2025_H3N2,1.362e+04,0.8052,0.8052
seqneut25to26_sera_4011,A/SouthAustralia/2524712956/2025_H1N1,plate16-2-A/SouthAustralia/2524712956/2025_H1N1,40,0.004687,0.004687
seqneut25to26_sera_4011,A/SouthAustralia/2524712956/2025_H1N1,plate16-2-A/SouthAustralia/2524712956/2025_H1N1,92,0.003522,0.003522
seqneut25to26_sera_4011,A/SouthAustralia/2524712956/2025_H1N1,plate16-2-A/SouthAustralia/2524712956/2025_H1N1,212,0.1421,0.1421
seqneut25to26_sera_4011,A/SouthAustralia/2524712956/2025_H1N1,plate16-2-A/SouthAustralia/2524712956/2025_H1N1,487,0.5269,0.5269
seqneut25to26_sera_4011,A/SouthAustralia/2524712956/2025_H1N1,plate16-2-A/SouthAustralia/2524712956/2025_H1N1,1119,0.7527,0.7527
seqneut25to26_sera_4011,A/SouthAustralia/2524712956/2025_H1N1,plate16-2-A/SouthAustralia/2524712956/2025_H1N1,2575,1.133,1
seqneut25to26_sera_4011,A/SouthAustralia/2524712956/2025_H1N1,plate16-2-A/SouthAustralia/2524712956/2025_H1N1,5921,2.911,1
seqneut25to26_sera_4011,A/SouthAustralia/2524712956/2025_H1N1,plate16-2-A/SouthAustralia/2524712956/2025_H1N1,1.362e+04,1.201,1
seqneut25to26_sera_4011,A/SouthAustralia/2525607496/2025_H3N2,plate16-2-A/SouthAustralia/2525607496/2025_H3N2,40,0.008998,0.008998
seqneut25to26_sera_4011,A/SouthAustralia/2525607496/2025_H3N2,plate16-2-A/SouthAustralia/2525607496/2025_H3N2,92,0.05105,0.05105
seqneut25to26_sera_4011,A/SouthAustralia/2525607496/2025_H3N2,plate16-2-A/SouthAustralia/2525607496/2025_H3N2,212,0.2191,0.2191
seqneut25to26_sera_4011,A/SouthAustralia/2525607496/2025_H3N2,plate16-2-A/SouthAustralia/2525607496/2025_H3N2,487,0.2902,0.2902
seqneut25to26_sera_4011,A/SouthAustralia/2525607496/2025_H3N2,plate16-2-A/SouthAustralia/2525607496/2025_H3N2,1119,0.5385,0.5385
seqneut25to26_sera_4011,A/SouthAustralia/2525607496/2025_H3N2,plate16-2-A/SouthAustralia/2525607496/2025_H3N2,2575,0.6275,0.6275
seqneut25to26_sera_4011,A/SouthAustralia/2525607496/2025_H3N2,plate16-2-A/SouthAustralia/2525607496/2025_H3N2,5921,0.68,0.68
seqneut25to26_sera_4011,A/SouthAustralia/2525607496/2025_H3N2,plate16-2-A/SouthAustralia/2525607496/2025_H3N2,1.362e+04,1.064,1
seqneut25to26_sera_4011,A/SouthAustralia/2527003588/2025_H3N2,plate16-2-A/SouthAustralia/2527003588/2025_H3N2,40,0.2466,0.2466
seqneut25to26_sera_4011,A/SouthAustralia/2527003588/2025_H3N2,plate16-2-A/SouthAustralia/2527003588/2025_H3N2,92,0.2996,0.2996
seqneut25to26_sera_4011,A/SouthAustralia/2527003588/2025_H3N2,plate16-2-A/SouthAustralia/2527003588/2025_H3N2,212,0.3647,0.3647
seqneut25to26_sera_4011,A/SouthAustralia/2527003588/2025_H3N2,plate16-2-A/SouthAustralia/2527003588/2025_H3N2,487,0.5187,0.5187
seqneut25to26_sera_4011,A/SouthAustralia/2527003588/2025_H3N2,plate16-2-A/SouthAustralia/2527003588/2025_H3N2,1119,0.5204,0.5204
seqneut25to26_sera_4011,A/SouthAustralia/2527003588/2025_H3N2,plate16-2-A/SouthAustralia/2527003588/2025_H3N2,2575,0.6589,0.6589
seqneut25to26_sera_4011,A/SouthAustralia/2527003588/2025_H3N2,plate16-2-A/SouthAustralia/2527003588/2025_H3N2,5921,1.549,1
seqneut25to26_sera_4011,A/SouthAustralia/2527003588/2025_H3N2,plate16-2-A/SouthAustralia/2527003588/2025_H3N2,1.362e+04,0.9166,0.9166
seqneut25to26_sera_4011,A/SouthAustralia/2527213276/2025_H3N2,plate16-2-A/SouthAustralia/2527213276/2025_H3N2,40,0.02741,0.02741
seqneut25to26_sera_4011,A/SouthAustralia/2527213276/2025_H3N2,plate16-2-A/SouthAustralia/2527213276/2025_H3N2,92,0.2168,0.2168
seqneut25to26_sera_4011,A/SouthAustralia/2527213276/2025_H3N2,plate16-2-A/SouthAustralia/2527213276/2025_H3N2,212,0.2243,0.2243
seqneut25to26_sera_4011,A/SouthAustralia/2527213276/2025_H3N2,plate16-2-A/SouthAustralia/2527213276/2025_H3N2,487,0.3489,0.3489
seqneut25to26_sera_4011,A/SouthAustralia/2527213276/2025_H3N2,plate16-2-A/SouthAustralia/2527213276/2025_H3N2,1119,0.4577,0.4577
seqneut25to26_sera_4011,A/SouthAustralia/2527213276/2025_H3N2,plate16-2-A/SouthAustralia/2527213276/2025_H3N2,2575,0.6134,0.6134
seqneut25to26_sera_4011,A/SouthAustralia/2527213276/2025_H3N2,plate16-2-A/SouthAustralia/2527213276/2025_H3N2,5921,0.4852,0.4852
seqneut25to26_sera_4011,A/SouthAustralia/2527213276/2025_H3N2,plate16-2-A/SouthAustralia/2527213276/2025_H3N2,1.362e+04,0.7955,0.7955
seqneut25to26_sera_4011,A/SouthAustralia/2527612456/2025_H1N1,plate16-2-A/SouthAustralia/2527612456/2025_H1N1,40,2.425e-05,2.425e-05
seqneut25to26_sera_4011,A/SouthAustralia/2527612456/2025_H1N1,plate16-2-A/SouthAustralia/2527612456/2025_H1N1,92,0.005128,0.005128
seqneut25to26_sera_4011,A/SouthAustralia/2527612456/2025_H1N1,plate16-2-A/SouthAustralia/2527612456/2025_H1N1,212,0.06556,0.06556
seqneut25to26_sera_4011,A/SouthAustralia/2527612456/2025_H1N1,plate16-2-A/SouthAustralia/2527612456/2025_H1N1,487,0.6452,0.6452
seqneut25to26_sera_4011,A/SouthAustralia/2527612456/2025_H1N1,plate16-2-A/SouthAustralia/2527612456/2025_H1N1,1119,1.081,1
seqneut25to26_sera_4011,A/SouthAustralia/2527612456/2025_H1N1,plate16-2-A/SouthAustralia/2527612456/2025_H1N1,2575,1.327,1
seqneut25to26_sera_4011,A/SouthAustralia/2527612456/2025_H1N1,plate16-2-A/SouthAustralia/2527612456/2025_H1N1,5921,1.209,1
seqneut25to26_sera_4011,A/SouthAustralia/2527612456/2025_H1N1,plate16-2-A/SouthAustralia/2527612456/2025_H1N1,1.362e+04,1.128,1
seqneut25to26_sera_4011,A/SouthAustralia/2527902708/2025_H3N2,plate16-2-A/SouthAustralia/2527902708/2025_H3N2,40,0.05149,0.05149
seqneut25to26_sera_4011,A/SouthAustralia/2527902708/2025_H3N2,plate16-2-A/SouthAustralia/2527902708/2025_H3N2,92,0.2068,0.2068
seqneut25to26_sera_4011,A/SouthAustralia/2527902708/2025_H3N2,plate16-2-A/SouthAustralia/2527902708/2025_H3N2,212,0.519,0.519
seqneut25to26_sera_4011,A/SouthAustralia/2527902708/2025_H3N2,plate16-2-A/SouthAustralia/2527902708/2025_H3N2,487,0.5188,0.5188
seqneut25to26_sera_4011,A/SouthAustralia/2527902708/2025_H3N2,plate16-2-A/SouthAustralia/2527902708/2025_H3N2,1119,0.6068,0.6068
seqneut25to26_sera_4011,A/SouthAustralia/2527902708/2025_H3N2,plate16-2-A/SouthAustralia/2527902708/2025_H3N2,2575,1.064,1
seqneut25to26_sera_4011,A/SouthAustralia/2527902708/2025_H3N2,plate16-2-A/SouthAustralia/2527902708/2025_H3N2,5921,0.9337,0.9337
seqneut25to26_sera_4011,A/SouthAustralia/2527902708/2025_H3N2,plate16-2-A/SouthAustralia/2527902708/2025_H3N2,1.362e+04,1.448,1
seqneut25to26_sera_4011,A/Sydney/1359/2024_H3N2,plate16-2-A/Sydney/1359/2024_H3N2,40,0.1337,0.1337
seqneut25to26_sera_4011,A/Sydney/1359/2024_H3N2,plate16-2-A/Sydney/1359/2024_H3N2,92,0.3417,0.3417
seqneut25to26_sera_4011,A/Sydney/1359/2024_H3N2,plate16-2-A/Sydney/1359/2024_H3N2,212,0.3908,0.3908
seqneut25to26_sera_4011,A/Sydney/1359/2024_H3N2,plate16-2-A/Sydney/1359/2024_H3N2,487,0.7121,0.7121
seqneut25to26_sera_4011,A/Sydney/1359/2024_H3N2,plate16-2-A/Sydney/1359/2024_H3N2,1119,0.4269,0.4269
seqneut25to26_sera_4011,A/Sydney/1359/2024_H3N2,plate16-2-A/Sydney/1359/2024_H3N2,2575,0.7069,0.7069
seqneut25to26_sera_4011,A/Sydney/1359/2024_H3N2,plate16-2-A/Sydney/1359/2024_H3N2,5921,0.8993,0.8993
seqneut25to26_sera_4011,A/Sydney/1359/2024_H3N2,plate16-2-A/Sydney/1359/2024_H3N2,1.362e+04,0.9047,0.9047
seqneut25to26_sera_4011,A/Sydney/400/2025_H1N1,plate16-2-A/Sydney/400/2025_H1N1,40,0.002014,0.002014
seqneut25to26_sera_4011,A/Sydney/400/2025_H1N1,plate16-2-A/Sydney/400/2025_H1N1,92,0.1887,0.1887
seqneut25to26_sera_4011,A/Sydney/400/2025_H1N1,plate16-2-A/Sydney/400/2025_H1N1,212,0.3091,0.3091
seqneut25to26_sera_4011,A/Sydney/400/2025_H1N1,plate16-2-A/Sydney/400/2025_H1N1,487,0.6309,0.6309
seqneut25to26_sera_4011,A/Sydney/400/2025_H1N1,plate16-2-A/Sydney/400/2025_H1N1,1119,1.125,1
seqneut25to26_sera_4011,A/Sydney/400/2025_H1N1,plate16-2-A/Sydney/400/2025_H1N1,2575,1.005,1
seqneut25to26_sera_4011,A/Sydney/400/2025_H1N1,plate16-2-A/Sydney/400/2025_H1N1,5921,0.746,0.746
seqneut25to26_sera_4011,A/Sydney/400/2025_H1N1,plate16-2-A/Sydney/400/2025_H1N1,1.362e+04,1.038,1
seqneut25to26_sera_4011,A/Tasmania/2521815682/2025_H3N2,plate16-2-A/Tasmania/2521815682/2025_H3N2,40,0.139,0.139
seqneut25to26_sera_4011,A/Tasmania/2521815682/2025_H3N2,plate16-2-A/Tasmania/2521815682/2025_H3N2,92,0.3542,0.3542
seqneut25to26_sera_4011,A/Tasmania/2521815682/2025_H3N2,plate16-2-A/Tasmania/2521815682/2025_H3N2,212,0.3515,0.3515
seqneut25to26_sera_4011,A/Tasmania/2521815682/2025_H3N2,plate16-2-A/Tasmania/2521815682/2025_H3N2,487,0.5063,0.5063
seqneut25to26_sera_4011,A/Tasmania/2521815682/2025_H3N2,plate16-2-A/Tasmania/2521815682/2025_H3N2,1119,0.5942,0.5942
seqneut25to26_sera_4011,A/Tasmania/2521815682/2025_H3N2,plate16-2-A/Tasmania/2521815682/2025_H3N2,2575,0.7184,0.7184
seqneut25to26_sera_4011,A/Tasmania/2521815682/2025_H3N2,plate16-2-A/Tasmania/2521815682/2025_H3N2,5921,0.9046,0.9046
seqneut25to26_sera_4011,A/Tasmania/2521815682/2025_H3N2,plate16-2-A/Tasmania/2521815682/2025_H3N2,1.362e+04,1.414,1
seqneut25to26_sera_4011,A/Thailand/8/2022_H3N2,plate16-2-A/Thailand/8/2022_H3N2,40,0.01892,0.01892
seqneut25to26_sera_4011,A/Thailand/8/2022_H3N2,plate16-2-A/Thailand/8/2022_H3N2,92,0.1321,0.1321
seqneut25to26_sera_4011,A/Thailand/8/2022_H3N2,plate16-2-A/Thailand/8/2022_H3N2,212,0.2625,0.2625
seqneut25to26_sera_4011,A/Thailand/8/2022_H3N2,plate16-2-A/Thailand/8/2022_H3N2,487,0.4786,0.4786
seqneut25to26_sera_4011,A/Thailand/8/2022_H3N2,plate16-2-A/Thailand/8/2022_H3N2,1119,0.6308,0.6308
seqneut25to26_sera_4011,A/Thailand/8/2022_H3N2,plate16-2-A/Thailand/8/2022_H3N2,2575,0.7815,0.7815
seqneut25to26_sera_4011,A/Thailand/8/2022_H3N2,plate16-2-A/Thailand/8/2022_H3N2,5921,1.235,1
seqneut25to26_sera_4011,A/Thailand/8/2022_H3N2,plate16-2-A/Thailand/8/2022_H3N2,1.362e+04,1.36,1
seqneut25to26_sera_4011,A/Vermont/73/2025_H3N2,plate16-2-A/Vermont/73/2025_H3N2,40,0.4087,0.4087
seqneut25to26_sera_4011,A/Vermont/73/2025_H3N2,plate16-2-A/Vermont/73/2025_H3N2,92,0.2405,0.2405
seqneut25to26_sera_4011,A/Vermont/73/2025_H3N2,plate16-2-A/Vermont/73/2025_H3N2,212,0.376,0.376
seqneut25to26_sera_4011,A/Vermont/73/2025_H3N2,plate16-2-A/Vermont/73/2025_H3N2,487,0.9592,0.9592
seqneut25to26_sera_4011,A/Vermont/73/2025_H3N2,plate16-2-A/Vermont/73/2025_H3N2,1119,0.4669,0.4669
seqneut25to26_sera_4011,A/Vermont/73/2025_H3N2,plate16-2-A/Vermont/73/2025_H3N2,2575,0.8995,0.8995
seqneut25to26_sera_4011,A/Vermont/73/2025_H3N2,plate16-2-A/Vermont/73/2025_H3N2,5921,0.8387,0.8387
seqneut25to26_sera_4011,A/Vermont/73/2025_H3N2,plate16-2-A/Vermont/73/2025_H3N2,1.362e+04,1.237,1
seqneut25to26_sera_4011,A/Victoria/4897/2022_IVR-238_H1N1,plate16-2-A/Victoria/4897/2022_IVR-238_H1N1,40,4.77e-05,4.77e-05
seqneut25to26_sera_4011,A/Victoria/4897/2022_IVR-238_H1N1,plate16-2-A/Victoria/4897/2022_IVR-238_H1N1,92,0,0
seqneut25to26_sera_4011,A/Victoria/4897/2022_IVR-238_H1N1,plate16-2-A/Victoria/4897/2022_IVR-238_H1N1,212,0.0002436,0.0002436
seqneut25to26_sera_4011,A/Victoria/4897/2022_IVR-238_H1N1,plate16-2-A/Victoria/4897/2022_IVR-238_H1N1,487,0.001973,0.001973
seqneut25to26_sera_4011,A/Victoria/4897/2022_IVR-238_H1N1,plate16-2-A/Victoria/4897/2022_IVR-238_H1N1,1119,0.001748,0.001748
seqneut25to26_sera_4011,A/Victoria/4897/2022_IVR-238_H1N1,plate16-2-A/Victoria/4897/2022_IVR-238_H1N1,2575,0.1614,0.1614
seqneut25to26_sera_4011,A/Victoria/4897/2022_IVR-238_H1N1,plate16-2-A/Victoria/4897/2022_IVR-238_H1N1,5921,0.8137,0.8137
seqneut25to26_sera_4011,A/Victoria/4897/2022_IVR-238_H1N1,plate16-2-A/Victoria/4897/2022_IVR-238_H1N1,1.362e+04,0.8971,0.8971
seqneut25to26_sera_4011,A/Wisconsin/588/2019_H1N1,plate16-2-A/Wisconsin/588/2019_H1N1,40,0.0006106,0.0006106
seqneut25to26_sera_4011,A/Wisconsin/588/2019_H1N1,plate16-2-A/Wisconsin/588/2019_H1N1,92,0.0004946,0.0004946
seqneut25to26_sera_4011,A/Wisconsin/588/2019_H1N1,plate16-2-A/Wisconsin/588/2019_H1N1,212,0.000767,0.000767
seqneut25to26_sera_4011,A/Wisconsin/588/2019_H1N1,plate16-2-A/Wisconsin/588/2019_H1N1,487,0.1671,0.1671
seqneut25to26_sera_4011,A/Wisconsin/588/2019_H1N1,plate16-2-A/Wisconsin/588/2019_H1N1,1119,0.5184,0.5184
seqneut25to26_sera_4011,A/Wisconsin/588/2019_H1N1,plate16-2-A/Wisconsin/588/2019_H1N1,2575,0.8487,0.8487
seqneut25to26_sera_4011,A/Wisconsin/588/2019_H1N1,plate16-2-A/Wisconsin/588/2019_H1N1,5921,0.8856,0.8856
seqneut25to26_sera_4011,A/Wisconsin/588/2019_H1N1,plate16-2-A/Wisconsin/588/2019_H1N1,1.362e+04,1.306,1
seqneut25to26_sera_4011,A/Wisconsin/67/2022_H1N1,plate16-2-A/Wisconsin/67/2022_H1N1,40,0.0022,0.0022
seqneut25to26_sera_4011,A/Wisconsin/67/2022_H1N1,plate16-2-A/Wisconsin/67/2022_H1N1,92,0.003397,0.003397
seqneut25to26_sera_4011,A/Wisconsin/67/2022_H1N1,plate16-2-A/Wisconsin/67/2022_H1N1,212,0.0149,0.0149
seqneut25to26_sera_4011,A/Wisconsin/67/2022_H1N1,plate16-2-A/Wisconsin/67/2022_H1N1,487,0.3451,0.3451
seqneut25to26_sera_4011,A/Wisconsin/67/2022_H1N1,plate16-2-A/Wisconsin/67/2022_H1N1,1119,1.188,1
seqneut25to26_sera_4011,A/Wisconsin/67/2022_H1N1,plate16-2-A/Wisconsin/67/2022_H1N1,2575,1.045,1
seqneut25to26_sera_4011,A/Wisconsin/67/2022_H1N1,plate16-2-A/Wisconsin/67/2022_H1N1,5921,0.9238,0.9238
seqneut25to26_sera_4011,A/Wisconsin/67/2022_H1N1,plate16-2-A/Wisconsin/67/2022_H1N1,1.362e+04,1.172,1
seqneut25to26_sera_4011,A/Zacapa/FLU-261/2025_H1N1,plate16-2-A/Zacapa/FLU-261/2025_H1N1,40,0.00293,0.00293
seqneut25to26_sera_4011,A/Zacapa/FLU-261/2025_H1N1,plate16-2-A/Zacapa/FLU-261/2025_H1N1,92,0.006113,0.006113
seqneut25to26_sera_4011,A/Zacapa/FLU-261/2025_H1N1,plate16-2-A/Zacapa/FLU-261/2025_H1N1,212,0.06029,0.06029
seqneut25to26_sera_4011,A/Zacapa/FLU-261/2025_H1N1,plate16-2-A/Zacapa/FLU-261/2025_H1N1,487,0.5351,0.5351
seqneut25to26_sera_4011,A/Zacapa/FLU-261/2025_H1N1,plate16-2-A/Zacapa/FLU-261/2025_H1N1,1119,0.9864,0.9864
seqneut25to26_sera_4011,A/Zacapa/FLU-261/2025_H1N1,plate16-2-A/Zacapa/FLU-261/2025_H1N1,2575,0.8581,0.8581
seqneut25to26_sera_4011,A/Zacapa/FLU-261/2025_H1N1,plate16-2-A/Zacapa/FLU-261/2025_H1N1,5921,1.005,1
seqneut25to26_sera_4011,A/Zacapa/FLU-261/2025_H1N1,plate16-2-A/Zacapa/FLU-261/2025_H1N1,1.362e+04,1.134,1
seqneut25to26_sera_4012,A/Alagoas/4130/2025_H3N2,plate16-2-A/Alagoas/4130/2025_H3N2,40,0.0358,0.0358
seqneut25to26_sera_4012,A/Alagoas/4130/2025_H3N2,plate16-2-A/Alagoas/4130/2025_H3N2,92,0.4363,0.4363
seqneut25to26_sera_4012,A/Alagoas/4130/2025_H3N2,plate16-2-A/Alagoas/4130/2025_H3N2,212,0.2851,0.2851
seqneut25to26_sera_4012,A/Alagoas/4130/2025_H3N2,plate16-2-A/Alagoas/4130/2025_H3N2,487,0.3253,0.3253
seqneut25to26_sera_4012,A/Alagoas/4130/2025_H3N2,plate16-2-A/Alagoas/4130/2025_H3N2,1119,0.5428,0.5428
seqneut25to26_sera_4012,A/Alagoas/4130/2025_H3N2,plate16-2-A/Alagoas/4130/2025_H3N2,2575,0.8673,0.8673
seqneut25to26_sera_4012,A/Alagoas/4130/2025_H3N2,plate16-2-A/Alagoas/4130/2025_H3N2,5921,0.9296,0.9296
seqneut25to26_sera_4012,A/Alagoas/4130/2025_H3N2,plate16-2-A/Alagoas/4130/2025_H3N2,1.362e+04,1.012,1
seqneut25to26_sera_4012,A/Anapolis/LEIAL6543/2025_H3N2,plate16-2-A/Anapolis/LEIAL6543/2025_H3N2,40,0.05088,0.05088
seqneut25to26_sera_4012,A/Anapolis/LEIAL6543/2025_H3N2,plate16-2-A/Anapolis/LEIAL6543/2025_H3N2,92,0.1372,0.1372
seqneut25to26_sera_4012,A/Anapolis/LEIAL6543/2025_H3N2,plate16-2-A/Anapolis/LEIAL6543/2025_H3N2,212,0.2258,0.2258
seqneut25to26_sera_4012,A/Anapolis/LEIAL6543/2025_H3N2,plate16-2-A/Anapolis/LEIAL6543/2025_H3N2,487,0.4425,0.4425
seqneut25to26_sera_4012,A/Anapolis/LEIAL6543/2025_H3N2,plate16-2-A/Anapolis/LEIAL6543/2025_H3N2,1119,0.57,0.57
seqneut25to26_sera_4012,A/Anapolis/LEIAL6543/2025_H3N2,plate16-2-A/Anapolis/LEIAL6543/2025_H3N2,2575,0.8226,0.8226
seqneut25to26_sera_4012,A/Anapolis/LEIAL6543/2025_H3N2,plate16-2-A/Anapolis/LEIAL6543/2025_H3N2,5921,0.6948,0.6948
seqneut25to26_sera_4012,A/Anapolis/LEIAL6543/2025_H3N2,plate16-2-A/Anapolis/LEIAL6543/2025_H3N2,1.362e+04,1.129,1
seqneut25to26_sera_4012,A/Andalucia/PMC-00977/2025_H1N1,plate16-2-A/Andalucia/PMC-00977/2025_H1N1,40,0.07197,0.07197
seqneut25to26_sera_4012,A/Andalucia/PMC-00977/2025_H1N1,plate16-2-A/Andalucia/PMC-00977/2025_H1N1,92,0.2421,0.2421
seqneut25to26_sera_4012,A/Andalucia/PMC-00977/2025_H1N1,plate16-2-A/Andalucia/PMC-00977/2025_H1N1,212,0.6039,0.6039
seqneut25to26_sera_4012,A/Andalucia/PMC-00977/2025_H1N1,plate16-2-A/Andalucia/PMC-00977/2025_H1N1,487,0.501,0.501
seqneut25to26_sera_4012,A/Andalucia/PMC-00977/2025_H1N1,plate16-2-A/Andalucia/PMC-00977/2025_H1N1,1119,0.9605,0.9605
seqneut25to26_sera_4012,A/Andalucia/PMC-00977/2025_H1N1,plate16-2-A/Andalucia/PMC-00977/2025_H1N1,2575,1.203,1
seqneut25to26_sera_4012,A/Andalucia/PMC-00977/2025_H1N1,plate16-2-A/Andalucia/PMC-00977/2025_H1N1,5921,1.071,1
seqneut25to26_sera_4012,A/Andalucia/PMC-00977/2025_H1N1,plate16-2-A/Andalucia/PMC-00977/2025_H1N1,1.362e+04,1.268,1
seqneut25to26_sera_4012,A/Aragon/2046/2025_H1N1,plate16-2-A/Aragon/2046/2025_H1N1,40,0.06471,0.06471
seqneut25to26_sera_4012,A/Aragon/2046/2025_H1N1,plate16-2-A/Aragon/2046/2025_H1N1,92,0.1848,0.1848
seqneut25to26_sera_4012,A/Aragon/2046/2025_H1N1,plate16-2-A/Aragon/2046/2025_H1N1,212,0.3771,0.3771
seqneut25to26_sera_4012,A/Aragon/2046/2025_H1N1,plate16-2-A/Aragon/2046/2025_H1N1,487,0.5199,0.5199
seqneut25to26_sera_4012,A/Aragon/2046/2025_H1N1,plate16-2-A/Aragon/2046/2025_H1N1,1119,0.5637,0.5637
seqneut25to26_sera_4012,A/Aragon/2046/2025_H1N1,plate16-2-A/Aragon/2046/2025_H1N1,2575,1.044,1
seqneut25to26_sera_4012,A/Aragon/2046/2025_H1N1,plate16-2-A/Aragon/2046/2025_H1N1,5921,0.9815,0.9815
seqneut25to26_sera_4012,A/Aragon/2046/2025_H1N1,plate16-2-A/Aragon/2046/2025_H1N1,1.362e+04,1.147,1
seqneut25to26_sera_4012,A/Arica/59150/2025_H3N2,plate16-2-A/Arica/59150/2025_H3N2,40,0.01977,0.01977
seqneut25to26_sera_4012,A/Arica/59150/2025_H3N2,plate16-2-A/Arica/59150/2025_H3N2,92,0.1833,0.1833
seqneut25to26_sera_4012,A/Arica/59150/2025_H3N2,plate16-2-A/Arica/59150/2025_H3N2,212,0.3142,0.3142
seqneut25to26_sera_4012,A/Arica/59150/2025_H3N2,plate16-2-A/Arica/59150/2025_H3N2,487,0.3026,0.3026
seqneut25to26_sera_4012,A/Arica/59150/2025_H3N2,plate16-2-A/Arica/59150/2025_H3N2,1119,0.3939,0.3939
seqneut25to26_sera_4012,A/Arica/59150/2025_H3N2,plate16-2-A/Arica/59150/2025_H3N2,2575,0.7418,0.7418
seqneut25to26_sera_4012,A/Arica/59150/2025_H3N2,plate16-2-A/Arica/59150/2025_H3N2,5921,0.8669,0.8669
seqneut25to26_sera_4012,A/Arica/59150/2025_H3N2,plate16-2-A/Arica/59150/2025_H3N2,1.362e+04,0.8589,0.8589
seqneut25to26_sera_4012,A/Bahia/3102/2025_H3N2,plate16-2-A/Bahia/3102/2025_H3N2,40,0.07338,0.07338
seqneut25to26_sera_4012,A/Bahia/3102/2025_H3N2,plate16-2-A/Bahia/3102/2025_H3N2,92,0.07199,0.07199
seqneut25to26_sera_4012,A/Bahia/3102/2025_H3N2,plate16-2-A/Bahia/3102/2025_H3N2,212,0.2326,0.2326
seqneut25to26_sera_4012,A/Bahia/3102/2025_H3N2,plate16-2-A/Bahia/3102/2025_H3N2,487,0.2457,0.2457
seqneut25to26_sera_4012,A/Bahia/3102/2025_H3N2,plate16-2-A/Bahia/3102/2025_H3N2,1119,0.4268,0.4268
seqneut25to26_sera_4012,A/Bahia/3102/2025_H3N2,plate16-2-A/Bahia/3102/2025_H3N2,2575,0.4571,0.4571
seqneut25to26_sera_4012,A/Bahia/3102/2025_H3N2,plate16-2-A/Bahia/3102/2025_H3N2,5921,0.8419,0.8419
seqneut25to26_sera_4012,A/Bahia/3102/2025_H3N2,plate16-2-A/Bahia/3102/2025_H3N2,1.362e+04,1.022,1
seqneut25to26_sera_4012,A/Bangkok/1803/2025_H1N1,plate16-2-A/Bangkok/1803/2025_H1N1,40,0.02742,0.02742
seqneut25to26_sera_4012,A/Bangkok/1803/2025_H1N1,plate16-2-A/Bangkok/1803/2025_H1N1,92,0.1006,0.1006
seqneut25to26_sera_4012,A/Bangkok/1803/2025_H1N1,plate16-2-A/Bangkok/1803/2025_H1N1,212,0.2008,0.2008
seqneut25to26_sera_4012,A/Bangkok/1803/2025_H1N1,plate16-2-A/Bangkok/1803/2025_H1N1,487,0.2991,0.2991
seqneut25to26_sera_4012,A/Bangkok/1803/2025_H1N1,plate16-2-A/Bangkok/1803/2025_H1N1,1119,0.4954,0.4954
seqneut25to26_sera_4012,A/Bangkok/1803/2025_H1N1,plate16-2-A/Bangkok/1803/2025_H1N1,2575,0.5866,0.5866
seqneut25to26_sera_4012,A/Bangkok/1803/2025_H1N1,plate16-2-A/Bangkok/1803/2025_H1N1,5921,0.8086,0.8086
seqneut25to26_sera_4012,A/Bangkok/1803/2025_H1N1,plate16-2-A/Bangkok/1803/2025_H1N1,1.362e+04,1.164,1
seqneut25to26_sera_4012,A/Bangkok/P2229/2025_H1N1,plate16-2-A/Bangkok/P2229/2025_H1N1,40,0.007793,0.007793
seqneut25to26_sera_4012,A/Bangkok/P2229/2025_H1N1,plate16-2-A/Bangkok/P2229/2025_H1N1,92,0.3185,0.3185
seqneut25to26_sera_4012,A/Bangkok/P2229/2025_H1N1,plate16-2-A/Bangkok/P2229/2025_H1N1,212,0.2355,0.2355
seqneut25to26_sera_4012,A/Bangkok/P2229/2025_H1N1,plate16-2-A/Bangkok/P2229/2025_H1N1,487,0.4943,0.4943
seqneut25to26_sera_4012,A/Bangkok/P2229/2025_H1N1,plate16-2-A/Bangkok/P2229/2025_H1N1,1119,0.6003,0.6003
seqneut25to26_sera_4012,A/Bangkok/P2229/2025_H1N1,plate16-2-A/Bangkok/P2229/2025_H1N1,2575,0.8807,0.8807
seqneut25to26_sera_4012,A/Bangkok/P2229/2025_H1N1,plate16-2-A/Bangkok/P2229/2025_H1N1,5921,0.8751,0.8751
seqneut25to26_sera_4012,A/Bangkok/P2229/2025_H1N1,plate16-2-A/Bangkok/P2229/2025_H1N1,1.362e+04,1.112,1
seqneut25to26_sera_4012,A/Bangkok/P2323/2025_H3N2,plate16-2-A/Bangkok/P2323/2025_H3N2,40,0.07204,0.07204
seqneut25to26_sera_4012,A/Bangkok/P2323/2025_H3N2,plate16-2-A/Bangkok/P2323/2025_H3N2,92,0.3151,0.3151
seqneut25to26_sera_4012,A/Bangkok/P2323/2025_H3N2,plate16-2-A/Bangkok/P2323/2025_H3N2,212,0.3711,0.3711
seqneut25to26_sera_4012,A/Bangkok/P2323/2025_H3N2,plate16-2-A/Bangkok/P2323/2025_H3N2,487,0.3604,0.3604
seqneut25to26_sera_4012,A/Bangkok/P2323/2025_H3N2,plate16-2-A/Bangkok/P2323/2025_H3N2,1119,0.401,0.401
seqneut25to26_sera_4012,A/Bangkok/P2323/2025_H3N2,plate16-2-A/Bangkok/P2323/2025_H3N2,2575,0.8604,0.8604
seqneut25to26_sera_4012,A/Bangkok/P2323/2025_H3N2,plate16-2-A/Bangkok/P2323/2025_H3N2,5921,1.103,1
seqneut25to26_sera_4012,A/Bangkok/P2323/2025_H3N2,plate16-2-A/Bangkok/P2323/2025_H3N2,1.362e+04,1.072,1
seqneut25to26_sera_4012,A/Bangkok/P2390/2025_H3N2,plate16-2-A/Bangkok/P2390/2025_H3N2,40,0.04214,0.04214
seqneut25to26_sera_4012,A/Bangkok/P2390/2025_H3N2,plate16-2-A/Bangkok/P2390/2025_H3N2,92,0.171,0.171
seqneut25to26_sera_4012,A/Bangkok/P2390/2025_H3N2,plate16-2-A/Bangkok/P2390/2025_H3N2,212,0.6256,0.6256
seqneut25to26_sera_4012,A/Bangkok/P2390/2025_H3N2,plate16-2-A/Bangkok/P2390/2025_H3N2,487,0.4991,0.4991
seqneut25to26_sera_4012,A/Bangkok/P2390/2025_H3N2,plate16-2-A/Bangkok/P2390/2025_H3N2,1119,0.5302,0.5302
seqneut25to26_sera_4012,A/Bangkok/P2390/2025_H3N2,plate16-2-A/Bangkok/P2390/2025_H3N2,2575,0.9903,0.9903
seqneut25to26_sera_4012,A/Bangkok/P2390/2025_H3N2,plate16-2-A/Bangkok/P2390/2025_H3N2,5921,1.083,1
seqneut25to26_sera_4012,A/Bangkok/P2390/2025_H3N2,plate16-2-A/Bangkok/P2390/2025_H3N2,1.362e+04,1.317,1
seqneut25to26_sera_4012,A/Bangkok/P2391/2025_H3N2,plate16-2-A/Bangkok/P2391/2025_H3N2,40,0.02488,0.02488
seqneut25to26_sera_4012,A/Bangkok/P2391/2025_H3N2,plate16-2-A/Bangkok/P2391/2025_H3N2,92,0.09206,0.09206
seqneut25to26_sera_4012,A/Bangkok/P2391/2025_H3N2,plate16-2-A/Bangkok/P2391/2025_H3N2,212,0.3329,0.3329
seqneut25to26_sera_4012,A/Bangkok/P2391/2025_H3N2,plate16-2-A/Bangkok/P2391/2025_H3N2,487,0.4579,0.4579
seqneut25to26_sera_4012,A/Bangkok/P2391/2025_H3N2,plate16-2-A/Bangkok/P2391/2025_H3N2,1119,0.4129,0.4129
seqneut25to26_sera_4012,A/Bangkok/P2391/2025_H3N2,plate16-2-A/Bangkok/P2391/2025_H3N2,2575,0.8187,0.8187
seqneut25to26_sera_4012,A/Bangkok/P2391/2025_H3N2,plate16-2-A/Bangkok/P2391/2025_H3N2,5921,0.9311,0.9311
seqneut25to26_sera_4012,A/Bangkok/P2391/2025_H3N2,plate16-2-A/Bangkok/P2391/2025_H3N2,1.362e+04,1.132,1
seqneut25to26_sera_4012,A/Bangkok/P2572/2025_H3N2,plate16-2-A/Bangkok/P2572/2025_H3N2,40,0.03336,0.03336
seqneut25to26_sera_4012,A/Bangkok/P2572/2025_H3N2,plate16-2-A/Bangkok/P2572/2025_H3N2,92,0.1479,0.1479
seqneut25to26_sera_4012,A/Bangkok/P2572/2025_H3N2,plate16-2-A/Bangkok/P2572/2025_H3N2,212,0.1794,0.1794
seqneut25to26_sera_4012,A/Bangkok/P2572/2025_H3N2,plate16-2-A/Bangkok/P2572/2025_H3N2,487,0.2923,0.2923
seqneut25to26_sera_4012,A/Bangkok/P2572/2025_H3N2,plate16-2-A/Bangkok/P2572/2025_H3N2,1119,0.512,0.512
seqneut25to26_sera_4012,A/Bangkok/P2572/2025_H3N2,plate16-2-A/Bangkok/P2572/2025_H3N2,2575,0.6903,0.6903
seqneut25to26_sera_4012,A/Bangkok/P2572/2025_H3N2,plate16-2-A/Bangkok/P2572/2025_H3N2,5921,0.7669,0.7669
seqneut25to26_sera_4012,A/Bangkok/P2572/2025_H3N2,plate16-2-A/Bangkok/P2572/2025_H3N2,1.362e+04,0.8543,0.8543
seqneut25to26_sera_4012,A/Bangkok/P2921/2025_H3N2,plate16-2-A/Bangkok/P2921/2025_H3N2,40,0.06495,0.06495
seqneut25to26_sera_4012,A/Bangkok/P2921/2025_H3N2,plate16-2-A/Bangkok/P2921/2025_H3N2,92,0.2355,0.2355
seqneut25to26_sera_4012,A/Bangkok/P2921/2025_H3N2,plate16-2-A/Bangkok/P2921/2025_H3N2,212,0.3338,0.3338
seqneut25to26_sera_4012,A/Bangkok/P2921/2025_H3N2,plate16-2-A/Bangkok/P2921/2025_H3N2,487,0.5076,0.5076
seqneut25to26_sera_4012,A/Bangkok/P2921/2025_H3N2,plate16-2-A/Bangkok/P2921/2025_H3N2,1119,0.5184,0.5184
seqneut25to26_sera_4012,A/Bangkok/P2921/2025_H3N2,plate16-2-A/Bangkok/P2921/2025_H3N2,2575,0.689,0.689
seqneut25to26_sera_4012,A/Bangkok/P2921/2025_H3N2,plate16-2-A/Bangkok/P2921/2025_H3N2,5921,0.9261,0.9261
seqneut25to26_sera_4012,A/Bangkok/P2921/2025_H3N2,plate16-2-A/Bangkok/P2921/2025_H3N2,1.362e+04,1.016,1
seqneut25to26_sera_4012,A/Bangkok/P3067/2025_H1N1,plate16-2-A/Bangkok/P3067/2025_H1N1,40,0.02626,0.02626
seqneut25to26_sera_4012,A/Bangkok/P3067/2025_H1N1,plate16-2-A/Bangkok/P3067/2025_H1N1,92,0.4042,0.4042
seqneut25to26_sera_4012,A/Bangkok/P3067/2025_H1N1,plate16-2-A/Bangkok/P3067/2025_H1N1,212,0.4059,0.4059
seqneut25to26_sera_4012,A/Bangkok/P3067/2025_H1N1,plate16-2-A/Bangkok/P3067/2025_H1N1,487,0.5231,0.5231
seqneut25to26_sera_4012,A/Bangkok/P3067/2025_H1N1,plate16-2-A/Bangkok/P3067/2025_H1N1,1119,0.5768,0.5768
seqneut25to26_sera_4012,A/Bangkok/P3067/2025_H1N1,plate16-2-A/Bangkok/P3067/2025_H1N1,2575,1.346,1
seqneut25to26_sera_4012,A/Bangkok/P3067/2025_H1N1,plate16-2-A/Bangkok/P3067/2025_H1N1,5921,0.9679,0.9679
seqneut25to26_sera_4012,A/Bangkok/P3067/2025_H1N1,plate16-2-A/Bangkok/P3067/2025_H1N1,1.362e+04,1.528,1
seqneut25to26_sera_4012,A/Bangkok/P3263/2025_H3N2,plate16-2-A/Bangkok/P3263/2025_H3N2,40,0.01249,0.01249
seqneut25to26_sera_4012,A/Bangkok/P3263/2025_H3N2,plate16-2-A/Bangkok/P3263/2025_H3N2,92,0.03139,0.03139
seqneut25to26_sera_4012,A/Bangkok/P3263/2025_H3N2,plate16-2-A/Bangkok/P3263/2025_H3N2,212,0.2167,0.2167
seqneut25to26_sera_4012,A/Bangkok/P3263/2025_H3N2,plate16-2-A/Bangkok/P3263/2025_H3N2,487,0.2759,0.2759
seqneut25to26_sera_4012,A/Bangkok/P3263/2025_H3N2,plate16-2-A/Bangkok/P3263/2025_H3N2,1119,0.3192,0.3192
seqneut25to26_sera_4012,A/Bangkok/P3263/2025_H3N2,plate16-2-A/Bangkok/P3263/2025_H3N2,2575,0.5178,0.5178
seqneut25to26_sera_4012,A/Bangkok/P3263/2025_H3N2,plate16-2-A/Bangkok/P3263/2025_H3N2,5921,0.6903,0.6903
seqneut25to26_sera_4012,A/Bangkok/P3263/2025_H3N2,plate16-2-A/Bangkok/P3263/2025_H3N2,1.362e+04,0.7995,0.7995
seqneut25to26_sera_4012,A/Belgium/H0097/2025_H3N2,plate16-2-A/Belgium/H0097/2025_H3N2,40,0.05012,0.05012
seqneut25to26_sera_4012,A/Belgium/H0097/2025_H3N2,plate16-2-A/Belgium/H0097/2025_H3N2,92,0.3298,0.3298
seqneut25to26_sera_4012,A/Belgium/H0097/2025_H3N2,plate16-2-A/Belgium/H0097/2025_H3N2,212,0.3007,0.3007
seqneut25to26_sera_4012,A/Belgium/H0097/2025_H3N2,plate16-2-A/Belgium/H0097/2025_H3N2,487,0.4803,0.4803
seqneut25to26_sera_4012,A/Belgium/H0097/2025_H3N2,plate16-2-A/Belgium/H0097/2025_H3N2,1119,0.4223,0.4223
seqneut25to26_sera_4012,A/Belgium/H0097/2025_H3N2,plate16-2-A/Belgium/H0097/2025_H3N2,2575,0.6013,0.6013
seqneut25to26_sera_4012,A/Belgium/H0097/2025_H3N2,plate16-2-A/Belgium/H0097/2025_H3N2,5921,1.037,1
seqneut25to26_sera_4012,A/Belgium/H0097/2025_H3N2,plate16-2-A/Belgium/H0097/2025_H3N2,1.362e+04,0.8866,0.8866
seqneut25to26_sera_4012,A/Bhutan/1267/2025_H3N2,plate16-2-A/Bhutan/1267/2025_H3N2,40,0.0311,0.0311
seqneut25to26_sera_4012,A/Bhutan/1267/2025_H3N2,plate16-2-A/Bhutan/1267/2025_H3N2,92,0.1371,0.1371
seqneut25to26_sera_4012,A/Bhutan/1267/2025_H3N2,plate16-2-A/Bhutan/1267/2025_H3N2,212,0.2305,0.2305
seqneut25to26_sera_4012,A/Bhutan/1267/2025_H3N2,plate16-2-A/Bhutan/1267/2025_H3N2,487,0.3919,0.3919
seqneut25to26_sera_4012,A/Bhutan/1267/2025_H3N2,plate16-2-A/Bhutan/1267/2025_H3N2,1119,0.4487,0.4487
seqneut25to26_sera_4012,A/Bhutan/1267/2025_H3N2,plate16-2-A/Bhutan/1267/2025_H3N2,2575,0.9812,0.9812
seqneut25to26_sera_4012,A/Bhutan/1267/2025_H3N2,plate16-2-A/Bhutan/1267/2025_H3N2,5921,0.9425,0.9425
seqneut25to26_sera_4012,A/Bhutan/1267/2025_H3N2,plate16-2-A/Bhutan/1267/2025_H3N2,1.362e+04,0.8065,0.8065
seqneut25to26_sera_4012,A/Bhutan/7/2025_H3N2,plate16-2-A/Bhutan/7/2025_H3N2,40,0.0124,0.0124
seqneut25to26_sera_4012,A/Bhutan/7/2025_H3N2,plate16-2-A/Bhutan/7/2025_H3N2,92,0.1514,0.1514
seqneut25to26_sera_4012,A/Bhutan/7/2025_H3N2,plate16-2-A/Bhutan/7/2025_H3N2,212,0.3195,0.3195
seqneut25to26_sera_4012,A/Bhutan/7/2025_H3N2,plate16-2-A/Bhutan/7/2025_H3N2,487,0.2431,0.2431
seqneut25to26_sera_4012,A/Bhutan/7/2025_H3N2,plate16-2-A/Bhutan/7/2025_H3N2,1119,0.4335,0.4335
seqneut25to26_sera_4012,A/Bhutan/7/2025_H3N2,plate16-2-A/Bhutan/7/2025_H3N2,2575,0.6304,0.6304
seqneut25to26_sera_4012,A/Bhutan/7/2025_H3N2,plate16-2-A/Bhutan/7/2025_H3N2,5921,0.6887,0.6887
seqneut25to26_sera_4012,A/Bhutan/7/2025_H3N2,plate16-2-A/Bhutan/7/2025_H3N2,1.362e+04,0.708,0.708
seqneut25to26_sera_4012,A/BritishColumbia/PHL-2473/2025_H1N1,plate16-2-A/BritishColumbia/PHL-2473/2025_H1N1,40,0.03296,0.03296
seqneut25to26_sera_4012,A/BritishColumbia/PHL-2473/2025_H1N1,plate16-2-A/BritishColumbia/PHL-2473/2025_H1N1,92,0.2851,0.2851
seqneut25to26_sera_4012,A/BritishColumbia/PHL-2473/2025_H1N1,plate16-2-A/BritishColumbia/PHL-2473/2025_H1N1,212,0.402,0.402
seqneut25to26_sera_4012,A/BritishColumbia/PHL-2473/2025_H1N1,plate16-2-A/BritishColumbia/PHL-2473/2025_H1N1,487,0.5204,0.5204
seqneut25to26_sera_4012,A/BritishColumbia/PHL-2473/2025_H1N1,plate16-2-A/BritishColumbia/PHL-2473/2025_H1N1,1119,0.8057,0.8057
seqneut25to26_sera_4012,A/BritishColumbia/PHL-2473/2025_H1N1,plate16-2-A/BritishColumbia/PHL-2473/2025_H1N1,2575,1.053,1
seqneut25to26_sera_4012,A/BritishColumbia/PHL-2473/2025_H1N1,plate16-2-A/BritishColumbia/PHL-2473/2025_H1N1,5921,1.144,1
seqneut25to26_sera_4012,A/BritishColumbia/PHL-2473/2025_H1N1,plate16-2-A/BritishColumbia/PHL-2473/2025_H1N1,1.362e+04,0.9537,0.9537
seqneut25to26_sera_4012,A/California/61/2025_H3N2,plate16-2-A/California/61/2025_H3N2,40,0.007367,0.007367
seqneut25to26_sera_4012,A/California/61/2025_H3N2,plate16-2-A/California/61/2025_H3N2,92,0.1056,0.1056
seqneut25to26_sera_4012,A/California/61/2025_H3N2,plate16-2-A/California/61/2025_H3N2,212,0.1345,0.1345
seqneut25to26_sera_4012,A/California/61/2025_H3N2,plate16-2-A/California/61/2025_H3N2,487,0.2571,0.2571
seqneut25to26_sera_4012,A/California/61/2025_H3N2,plate16-2-A/California/61/2025_H3N2,1119,0.4554,0.4554
seqneut25to26_sera_4012,A/California/61/2025_H3N2,plate16-2-A/California/61/2025_H3N2,2575,0.5136,0.5136
seqneut25to26_sera_4012,A/California/61/2025_H3N2,plate16-2-A/California/61/2025_H3N2,5921,1.042,1
seqneut25to26_sera_4012,A/California/61/2025_H3N2,plate16-2-A/California/61/2025_H3N2,1.362e+04,1.049,1
seqneut25to26_sera_4012,A/California/63/2025_H1N1,plate16-2-A/California/63/2025_H1N1,40,0.1203,0.1203
seqneut25to26_sera_4012,A/California/63/2025_H1N1,plate16-2-A/California/63/2025_H1N1,92,0.1473,0.1473
seqneut25to26_sera_4012,A/California/63/2025_H1N1,plate16-2-A/California/63/2025_H1N1,212,0.3787,0.3787
seqneut25to26_sera_4012,A/California/63/2025_H1N1,plate16-2-A/California/63/2025_H1N1,487,0.6431,0.6431
seqneut25to26_sera_4012,A/California/63/2025_H1N1,plate16-2-A/California/63/2025_H1N1,1119,0.7777,0.7777
seqneut25to26_sera_4012,A/California/63/2025_H1N1,plate16-2-A/California/63/2025_H1N1,2575,0.4439,0.4439
seqneut25to26_sera_4012,A/California/63/2025_H1N1,plate16-2-A/California/63/2025_H1N1,5921,1.088,1
seqneut25to26_sera_4012,A/California/63/2025_H1N1,plate16-2-A/California/63/2025_H1N1,1.362e+04,0.6689,0.6689
seqneut25to26_sera_4012,A/Canberra/465/2025_H1N1,plate16-2-A/Canberra/465/2025_H1N1,40,0.01802,0.01802
seqneut25to26_sera_4012,A/Canberra/465/2025_H1N1,plate16-2-A/Canberra/465/2025_H1N1,92,0.1955,0.1955
seqneut25to26_sera_4012,A/Canberra/465/2025_H1N1,plate16-2-A/Canberra/465/2025_H1N1,212,0.311,0.311
seqneut25to26_sera_4012,A/Canberra/465/2025_H1N1,plate16-2-A/Canberra/465/2025_H1N1,487,0.5315,0.5315
seqneut25to26_sera_4012,A/Canberra/465/2025_H1N1,plate16-2-A/Canberra/465/2025_H1N1,1119,0.6366,0.6366
seqneut25to26_sera_4012,A/Canberra/465/2025_H1N1,plate16-2-A/Canberra/465/2025_H1N1,2575,0.9483,0.9483
seqneut25to26_sera_4012,A/Canberra/465/2025_H1N1,plate16-2-A/Canberra/465/2025_H1N1,5921,1.001,1
seqneut25to26_sera_4012,A/Canberra/465/2025_H1N1,plate16-2-A/Canberra/465/2025_H1N1,1.362e+04,1.032,1
seqneut25to26_sera_4012,A/Canberra/530/2025_H1N1,plate16-2-A/Canberra/530/2025_H1N1,40,0.05828,0.05828
seqneut25to26_sera_4012,A/Canberra/530/2025_H1N1,plate16-2-A/Canberra/530/2025_H1N1,92,0.1799,0.1799
seqneut25to26_sera_4012,A/Canberra/530/2025_H1N1,plate16-2-A/Canberra/530/2025_H1N1,212,0.5774,0.5774
seqneut25to26_sera_4012,A/Canberra/530/2025_H1N1,plate16-2-A/Canberra/530/2025_H1N1,487,0.6609,0.6609
seqneut25to26_sera_4012,A/Canberra/530/2025_H1N1,plate16-2-A/Canberra/530/2025_H1N1,1119,0.7222,0.7222
seqneut25to26_sera_4012,A/Canberra/530/2025_H1N1,plate16-2-A/Canberra/530/2025_H1N1,2575,0.9558,0.9558
seqneut25to26_sera_4012,A/Canberra/530/2025_H1N1,plate16-2-A/Canberra/530/2025_H1N1,5921,1.506,1
seqneut25to26_sera_4012,A/Canberra/530/2025_H1N1,plate16-2-A/Canberra/530/2025_H1N1,1.362e+04,1.118,1
seqneut25to26_sera_4012,A/Catalonia/NSVH102689455/2025_H1N1,plate16-2-A/Catalonia/NSVH102689455/2025_H1N1,40,0.03215,0.03215
seqneut25to26_sera_4012,A/Catalonia/NSVH102689455/2025_H1N1,plate16-2-A/Catalonia/NSVH102689455/2025_H1N1,92,0.2114,0.2114
seqneut25to26_sera_4012,A/Catalonia/NSVH102689455/2025_H1N1,plate16-2-A/Catalonia/NSVH102689455/2025_H1N1,212,0.4147,0.4147
seqneut25to26_sera_4012,A/Catalonia/NSVH102689455/2025_H1N1,plate16-2-A/Catalonia/NSVH102689455/2025_H1N1,487,0.5384,0.5384
seqneut25to26_sera_4012,A/Catalonia/NSVH102689455/2025_H1N1,plate16-2-A/Catalonia/NSVH102689455/2025_H1N1,1119,1.213,1
seqneut25to26_sera_4012,A/Catalonia/NSVH102689455/2025_H1N1,plate16-2-A/Catalonia/NSVH102689455/2025_H1N1,2575,1.028,1
seqneut25to26_sera_4012,A/Catalonia/NSVH102689455/2025_H1N1,plate16-2-A/Catalonia/NSVH102689455/2025_H1N1,5921,0.9307,0.9307
seqneut25to26_sera_4012,A/Catalonia/NSVH102689455/2025_H1N1,plate16-2-A/Catalonia/NSVH102689455/2025_H1N1,1.362e+04,1.522,1
seqneut25to26_sera_4012,A/Colorado/105/2025_H1N1,plate16-2-A/Colorado/105/2025_H1N1,40,0.05809,0.05809
seqneut25to26_sera_4012,A/Colorado/105/2025_H1N1,plate16-2-A/Colorado/105/2025_H1N1,92,0.1392,0.1392
seqneut25to26_sera_4012,A/Colorado/105/2025_H1N1,plate16-2-A/Colorado/105/2025_H1N1,212,0.4767,0.4767
seqneut25to26_sera_4012,A/Colorado/105/2025_H1N1,plate16-2-A/Colorado/105/2025_H1N1,487,0.6236,0.6236
seqneut25to26_sera_4012,A/Colorado/105/2025_H1N1,plate16-2-A/Colorado/105/2025_H1N1,1119,0.867,0.867
seqneut25to26_sera_4012,A/Colorado/105/2025_H1N1,plate16-2-A/Colorado/105/2025_H1N1,2575,1.002,1
seqneut25to26_sera_4012,A/Colorado/105/2025_H1N1,plate16-2-A/Colorado/105/2025_H1N1,5921,1.024,1
seqneut25to26_sera_4012,A/Colorado/105/2025_H1N1,plate16-2-A/Colorado/105/2025_H1N1,1.362e+04,1.065,1
seqneut25to26_sera_4012,A/CoteDIvoire/2007/2025_H1N1,plate16-2-A/CoteDIvoire/2007/2025_H1N1,40,0.07393,0.07393
seqneut25to26_sera_4012,A/CoteDIvoire/2007/2025_H1N1,plate16-2-A/CoteDIvoire/2007/2025_H1N1,92,0.158,0.158
seqneut25to26_sera_4012,A/CoteDIvoire/2007/2025_H1N1,plate16-2-A/CoteDIvoire/2007/2025_H1N1,212,0.3784,0.3784
seqneut25to26_sera_4012,A/CoteDIvoire/2007/2025_H1N1,plate16-2-A/CoteDIvoire/2007/2025_H1N1,487,0.397,0.397
seqneut25to26_sera_4012,A/CoteDIvoire/2007/2025_H1N1,plate16-2-A/CoteDIvoire/2007/2025_H1N1,1119,0.5,0.5
seqneut25to26_sera_4012,A/CoteDIvoire/2007/2025_H1N1,plate16-2-A/CoteDIvoire/2007/2025_H1N1,2575,0.7148,0.7148
seqneut25to26_sera_4012,A/CoteDIvoire/2007/2025_H1N1,plate16-2-A/CoteDIvoire/2007/2025_H1N1,5921,1.211,1
seqneut25to26_sera_4012,A/CoteDIvoire/2007/2025_H1N1,plate16-2-A/CoteDIvoire/2007/2025_H1N1,1.362e+04,1.19,1
seqneut25to26_sera_4012,A/Croatia/10136RV/2023-egg_H3N2,plate16-2-A/Croatia/10136RV/2023-egg_H3N2,40,0.006243,0.006243
seqneut25to26_sera_4012,A/Croatia/10136RV/2023-egg_H3N2,plate16-2-A/Croatia/10136RV/2023-egg_H3N2,92,0.08167,0.08167
seqneut25to26_sera_4012,A/Croatia/10136RV/2023-egg_H3N2,plate16-2-A/Croatia/10136RV/2023-egg_H3N2,212,0.3124,0.3124
seqneut25to26_sera_4012,A/Croatia/10136RV/2023-egg_H3N2,plate16-2-A/Croatia/10136RV/2023-egg_H3N2,487,0.3373,0.3373
seqneut25to26_sera_4012,A/Croatia/10136RV/2023-egg_H3N2,plate16-2-A/Croatia/10136RV/2023-egg_H3N2,1119,0.9422,0.9422
seqneut25to26_sera_4012,A/Croatia/10136RV/2023-egg_H3N2,plate16-2-A/Croatia/10136RV/2023-egg_H3N2,2575,0.4328,0.4328
seqneut25to26_sera_4012,A/Croatia/10136RV/2023-egg_H3N2,plate16-2-A/Croatia/10136RV/2023-egg_H3N2,5921,0.743,0.743
seqneut25to26_sera_4012,A/Croatia/10136RV/2023-egg_H3N2,plate16-2-A/Croatia/10136RV/2023-egg_H3N2,1.362e+04,0.6749,0.6749
seqneut25to26_sera_4012,A/Darwin/1405/2025_H1N1,plate16-2-A/Darwin/1405/2025_H1N1,40,0.05241,0.05241
seqneut25to26_sera_4012,A/Darwin/1405/2025_H1N1,plate16-2-A/Darwin/1405/2025_H1N1,92,0.326,0.326
seqneut25to26_sera_4012,A/Darwin/1405/2025_H1N1,plate16-2-A/Darwin/1405/2025_H1N1,212,0.3466,0.3466
seqneut25to26_sera_4012,A/Darwin/1405/2025_H1N1,plate16-2-A/Darwin/1405/2025_H1N1,487,0.7318,0.7318
seqneut25to26_sera_4012,A/Darwin/1405/2025_H1N1,plate16-2-A/Darwin/1405/2025_H1N1,1119,0.627,0.627
seqneut25to26_sera_4012,A/Darwin/1405/2025_H1N1,plate16-2-A/Darwin/1405/2025_H1N1,2575,0.8598,0.8598
seqneut25to26_sera_4012,A/Darwin/1405/2025_H1N1,plate16-2-A/Darwin/1405/2025_H1N1,5921,1.116,1
seqneut25to26_sera_4012,A/Darwin/1405/2025_H1N1,plate16-2-A/Darwin/1405/2025_H1N1,1.362e+04,0.9996,0.9996
seqneut25to26_sera_4012,A/Darwin/1461/2025_H3N2,plate16-2-A/Darwin/1461/2025_H3N2,40,0.0944,0.0944
seqneut25to26_sera_4012,A/Darwin/1461/2025_H3N2,plate16-2-A/Darwin/1461/2025_H3N2,92,0.1923,0.1923
seqneut25to26_sera_4012,A/Darwin/1461/2025_H3N2,plate16-2-A/Darwin/1461/2025_H3N2,212,0.4646,0.4646
seqneut25to26_sera_4012,A/Darwin/1461/2025_H3N2,plate16-2-A/Darwin/1461/2025_H3N2,487,0.4302,0.4302
seqneut25to26_sera_4012,A/Darwin/1461/2025_H3N2,plate16-2-A/Darwin/1461/2025_H3N2,1119,0.5176,0.5176
seqneut25to26_sera_4012,A/Darwin/1461/2025_H3N2,plate16-2-A/Darwin/1461/2025_H3N2,2575,1.184,1
seqneut25to26_sera_4012,A/Darwin/1461/2025_H3N2,plate16-2-A/Darwin/1461/2025_H3N2,5921,0.7157,0.7157
seqneut25to26_sera_4012,A/Darwin/1461/2025_H3N2,plate16-2-A/Darwin/1461/2025_H3N2,1.362e+04,0.7533,0.7533
seqneut25to26_sera_4012,A/Denmark/3070/2025_H1N1,plate16-2-A/Denmark/3070/2025_H1N1,40,0.01011,0.01011
seqneut25to26_sera_4012,A/Denmark/3070/2025_H1N1,plate16-2-A/Denmark/3070/2025_H1N1,92,0.08708,0.08708
seqneut25to26_sera_4012,A/Denmark/3070/2025_H1N1,plate16-2-A/Denmark/3070/2025_H1N1,212,0.2966,0.2966
seqneut25to26_sera_4012,A/Denmark/3070/2025_H1N1,plate16-2-A/Denmark/3070/2025_H1N1,487,0.6281,0.6281
seqneut25to26_sera_4012,A/Denmark/3070/2025_H1N1,plate16-2-A/Denmark/3070/2025_H1N1,1119,0.5454,0.5454
seqneut25to26_sera_4012,A/Denmark/3070/2025_H1N1,plate16-2-A/Denmark/3070/2025_H1N1,2575,0.9344,0.9344
seqneut25to26_sera_4012,A/Denmark/3070/2025_H1N1,plate16-2-A/Denmark/3070/2025_H1N1,5921,0.973,0.973
seqneut25to26_sera_4012,A/Denmark/3070/2025_H1N1,plate16-2-A/Denmark/3070/2025_H1N1,1.362e+04,0.9004,0.9004
seqneut25to26_sera_4012,A/DistrictOfColumbia/27/2023_H3N2,plate16-2-A/DistrictOfColumbia/27/2023_H3N2,40,0.0458,0.0458
seqneut25to26_sera_4012,A/DistrictOfColumbia/27/2023_H3N2,plate16-2-A/DistrictOfColumbia/27/2023_H3N2,92,0.1419,0.1419
seqneut25to26_sera_4012,A/DistrictOfColumbia/27/2023_H3N2,plate16-2-A/DistrictOfColumbia/27/2023_H3N2,212,0.3086,0.3086
seqneut25to26_sera_4012,A/DistrictOfColumbia/27/2023_H3N2,plate16-2-A/DistrictOfColumbia/27/2023_H3N2,487,0.4396,0.4396
seqneut25to26_sera_4012,A/DistrictOfColumbia/27/2023_H3N2,plate16-2-A/DistrictOfColumbia/27/2023_H3N2,1119,0.4746,0.4746
seqneut25to26_sera_4012,A/DistrictOfColumbia/27/2023_H3N2,plate16-2-A/DistrictOfColumbia/27/2023_H3N2,2575,1.137,1
seqneut25to26_sera_4012,A/DistrictOfColumbia/27/2023_H3N2,plate16-2-A/DistrictOfColumbia/27/2023_H3N2,5921,0.7845,0.7845
seqneut25to26_sera_4012,A/DistrictOfColumbia/27/2023_H3N2,plate16-2-A/DistrictOfColumbia/27/2023_H3N2,1.362e+04,1.12,1
seqneut25to26_sera_4012,A/DistrictOfColumbia/57/2025_H3N2,plate16-2-A/DistrictOfColumbia/57/2025_H3N2,40,0.02766,0.02766
seqneut25to26_sera_4012,A/DistrictOfColumbia/57/2025_H3N2,plate16-2-A/DistrictOfColumbia/57/2025_H3N2,92,0.1531,0.1531
seqneut25to26_sera_4012,A/DistrictOfColumbia/57/2025_H3N2,plate16-2-A/DistrictOfColumbia/57/2025_H3N2,212,0.366,0.366
seqneut25to26_sera_4012,A/DistrictOfColumbia/57/2025_H3N2,plate16-2-A/DistrictOfColumbia/57/2025_H3N2,487,0.4573,0.4573
seqneut25to26_sera_4012,A/DistrictOfColumbia/57/2025_H3N2,plate16-2-A/DistrictOfColumbia/57/2025_H3N2,1119,0.6042,0.6042
seqneut25to26_sera_4012,A/DistrictOfColumbia/57/2025_H3N2,plate16-2-A/DistrictOfColumbia/57/2025_H3N2,2575,0.5883,0.5883
seqneut25to26_sera_4012,A/DistrictOfColumbia/57/2025_H3N2,plate16-2-A/DistrictOfColumbia/57/2025_H3N2,5921,0.8885,0.8885
seqneut25to26_sera_4012,A/DistrictOfColumbia/57/2025_H3N2,plate16-2-A/DistrictOfColumbia/57/2025_H3N2,1.362e+04,0.9752,0.9752
seqneut25to26_sera_4012,A/DistritoFederal/250106000728/2025_H3N2,plate16-2-A/DistritoFederal/250106000728/2025_H3N2,40,0.04864,0.04864
seqneut25to26_sera_4012,A/DistritoFederal/250106000728/2025_H3N2,plate16-2-A/DistritoFederal/250106000728/2025_H3N2,92,0.1566,0.1566
seqneut25to26_sera_4012,A/DistritoFederal/250106000728/2025_H3N2,plate16-2-A/DistritoFederal/250106000728/2025_H3N2,212,0.3005,0.3005
seqneut25to26_sera_4012,A/DistritoFederal/250106000728/2025_H3N2,plate16-2-A/DistritoFederal/250106000728/2025_H3N2,487,0.5651,0.5651
seqneut25to26_sera_4012,A/DistritoFederal/250106000728/2025_H3N2,plate16-2-A/DistritoFederal/250106000728/2025_H3N2,1119,0.624,0.624
seqneut25to26_sera_4012,A/DistritoFederal/250106000728/2025_H3N2,plate16-2-A/DistritoFederal/250106000728/2025_H3N2,2575,0.7519,0.7519
seqneut25to26_sera_4012,A/DistritoFederal/250106000728/2025_H3N2,plate16-2-A/DistritoFederal/250106000728/2025_H3N2,5921,1.172,1
seqneut25to26_sera_4012,A/DistritoFederal/250106000728/2025_H3N2,plate16-2-A/DistritoFederal/250106000728/2025_H3N2,1.362e+04,0.931,0.931
seqneut25to26_sera_4012,A/DistritoFederal/2578578201/2025_H3N2,plate16-2-A/DistritoFederal/2578578201/2025_H3N2,40,0.06698,0.06698
seqneut25to26_sera_4012,A/DistritoFederal/2578578201/2025_H3N2,plate16-2-A/DistritoFederal/2578578201/2025_H3N2,92,0.2022,0.2022
seqneut25to26_sera_4012,A/DistritoFederal/2578578201/2025_H3N2,plate16-2-A/DistritoFederal/2578578201/2025_H3N2,212,0.3374,0.3374
seqneut25to26_sera_4012,A/DistritoFederal/2578578201/2025_H3N2,plate16-2-A/DistritoFederal/2578578201/2025_H3N2,487,0.3588,0.3588
seqneut25to26_sera_4012,A/DistritoFederal/2578578201/2025_H3N2,plate16-2-A/DistritoFederal/2578578201/2025_H3N2,1119,0.4697,0.4697
seqneut25to26_sera_4012,A/DistritoFederal/2578578201/2025_H3N2,plate16-2-A/DistritoFederal/2578578201/2025_H3N2,2575,0.7306,0.7306
seqneut25to26_sera_4012,A/DistritoFederal/2578578201/2025_H3N2,plate16-2-A/DistritoFederal/2578578201/2025_H3N2,5921,0.7995,0.7995
seqneut25to26_sera_4012,A/DistritoFederal/2578578201/2025_H3N2,plate16-2-A/DistritoFederal/2578578201/2025_H3N2,1.362e+04,0.8851,0.8851
seqneut25to26_sera_4012,A/England/174/2025_H3N2,plate16-2-A/England/174/2025_H3N2,40,0.09667,0.09667
seqneut25to26_sera_4012,A/England/174/2025_H3N2,plate16-2-A/England/174/2025_H3N2,92,0.2057,0.2057
seqneut25to26_sera_4012,A/England/174/2025_H3N2,plate16-2-A/England/174/2025_H3N2,212,0.3076,0.3076
seqneut25to26_sera_4012,A/England/174/2025_H3N2,plate16-2-A/England/174/2025_H3N2,487,0.3796,0.3796
seqneut25to26_sera_4012,A/England/174/2025_H3N2,plate16-2-A/England/174/2025_H3N2,1119,0.3189,0.3189
seqneut25to26_sera_4012,A/England/174/2025_H3N2,plate16-2-A/England/174/2025_H3N2,2575,0.6747,0.6747
seqneut25to26_sera_4012,A/England/174/2025_H3N2,plate16-2-A/England/174/2025_H3N2,5921,0.8354,0.8354
seqneut25to26_sera_4012,A/England/174/2025_H3N2,plate16-2-A/England/174/2025_H3N2,1.362e+04,1.268,1
seqneut25to26_sera_4012,A/England/1822256/2025_H1N1,plate16-2-A/England/1822256/2025_H1N1,40,0.05008,0.05008
seqneut25to26_sera_4012,A/England/1822256/2025_H1N1,plate16-2-A/England/1822256/2025_H1N1,92,0.2494,0.2494
seqneut25to26_sera_4012,A/England/1822256/2025_H1N1,plate16-2-A/England/1822256/2025_H1N1,212,0.6475,0.6475
seqneut25to26_sera_4012,A/England/1822256/2025_H1N1,plate16-2-A/England/1822256/2025_H1N1,487,0.6618,0.6618
seqneut25to26_sera_4012,A/England/1822256/2025_H1N1,plate16-2-A/England/1822256/2025_H1N1,1119,0.6209,0.6209
seqneut25to26_sera_4012,A/England/1822256/2025_H1N1,plate16-2-A/England/1822256/2025_H1N1,2575,1.042,1
seqneut25to26_sera_4012,A/England/1822256/2025_H1N1,plate16-2-A/England/1822256/2025_H1N1,5921,0.8946,0.8946
seqneut25to26_sera_4012,A/England/1822256/2025_H1N1,plate16-2-A/England/1822256/2025_H1N1,1.362e+04,1.153,1
seqneut25to26_sera_4012,A/England/1837734/2025_H3N2,plate16-2-A/England/1837734/2025_H3N2,40,0.001004,0.001004
seqneut25to26_sera_4012,A/England/1837734/2025_H3N2,plate16-2-A/England/1837734/2025_H3N2,92,0.3488,0.3488
seqneut25to26_sera_4012,A/England/1837734/2025_H3N2,plate16-2-A/England/1837734/2025_H3N2,212,0.3111,0.3111
seqneut25to26_sera_4012,A/England/1837734/2025_H3N2,plate16-2-A/England/1837734/2025_H3N2,487,0.4955,0.4955
seqneut25to26_sera_4012,A/England/1837734/2025_H3N2,plate16-2-A/England/1837734/2025_H3N2,1119,0.7116,0.7116
seqneut25to26_sera_4012,A/England/1837734/2025_H3N2,plate16-2-A/England/1837734/2025_H3N2,2575,0.9917,0.9917
seqneut25to26_sera_4012,A/England/1837734/2025_H3N2,plate16-2-A/England/1837734/2025_H3N2,5921,0.8388,0.8388
seqneut25to26_sera_4012,A/England/1837734/2025_H3N2,plate16-2-A/England/1837734/2025_H3N2,1.362e+04,1.066,1
seqneut25to26_sera_4012,A/England/1837737/2025_H3N2,plate16-2-A/England/1837737/2025_H3N2,40,0.03408,0.03408
seqneut25to26_sera_4012,A/England/1837737/2025_H3N2,plate16-2-A/England/1837737/2025_H3N2,92,0.1662,0.1662
seqneut25to26_sera_4012,A/England/1837737/2025_H3N2,plate16-2-A/England/1837737/2025_H3N2,212,0.3058,0.3058
seqneut25to26_sera_4012,A/England/1837737/2025_H3N2,plate16-2-A/England/1837737/2025_H3N2,487,0.5195,0.5195
seqneut25to26_sera_4012,A/England/1837737/2025_H3N2,plate16-2-A/England/1837737/2025_H3N2,1119,1.083,1
seqneut25to26_sera_4012,A/England/1837737/2025_H3N2,plate16-2-A/England/1837737/2025_H3N2,2575,0.7268,0.7268
seqneut25to26_sera_4012,A/England/1837737/2025_H3N2,plate16-2-A/England/1837737/2025_H3N2,5921,1.322,1
seqneut25to26_sera_4012,A/England/1837737/2025_H3N2,plate16-2-A/England/1837737/2025_H3N2,1.362e+04,0.9785,0.9785
seqneut25to26_sera_4012,A/France/ARA-HCL025155099501/2025_H1N1,plate16-2-A/France/ARA-HCL025155099501/2025_H1N1,40,0.05114,0.05114
seqneut25to26_sera_4012,A/France/ARA-HCL025155099501/2025_H1N1,plate16-2-A/France/ARA-HCL025155099501/2025_H1N1,92,0.1934,0.1934
seqneut25to26_sera_4012,A/France/ARA-HCL025155099501/2025_H1N1,plate16-2-A/France/ARA-HCL025155099501/2025_H1N1,212,0.3699,0.3699
seqneut25to26_sera_4012,A/France/ARA-HCL025155099501/2025_H1N1,plate16-2-A/France/ARA-HCL025155099501/2025_H1N1,487,0.5311,0.5311
seqneut25to26_sera_4012,A/France/ARA-HCL025155099501/2025_H1N1,plate16-2-A/France/ARA-HCL025155099501/2025_H1N1,1119,0.7201,0.7201
seqneut25to26_sera_4012,A/France/ARA-HCL025155099501/2025_H1N1,plate16-2-A/France/ARA-HCL025155099501/2025_H1N1,2575,0.9653,0.9653
seqneut25to26_sera_4012,A/France/ARA-HCL025155099501/2025_H1N1,plate16-2-A/France/ARA-HCL025155099501/2025_H1N1,5921,0.8775,0.8775
seqneut25to26_sera_4012,A/France/ARA-HCL025155099501/2025_H1N1,plate16-2-A/France/ARA-HCL025155099501/2025_H1N1,1.362e+04,1.667,1
seqneut25to26_sera_4012,A/Galicia/GA-CHUAC-451/2025_H3N2,plate16-2-A/Galicia/GA-CHUAC-451/2025_H3N2,40,0.1476,0.1476
seqneut25to26_sera_4012,A/Galicia/GA-CHUAC-451/2025_H3N2,plate16-2-A/Galicia/GA-CHUAC-451/2025_H3N2,92,0.1808,0.1808
seqneut25to26_sera_4012,A/Galicia/GA-CHUAC-451/2025_H3N2,plate16-2-A/Galicia/GA-CHUAC-451/2025_H3N2,212,0.4568,0.4568
seqneut25to26_sera_4012,A/Galicia/GA-CHUAC-451/2025_H3N2,plate16-2-A/Galicia/GA-CHUAC-451/2025_H3N2,487,0.3421,0.3421
seqneut25to26_sera_4012,A/Galicia/GA-CHUAC-451/2025_H3N2,plate16-2-A/Galicia/GA-CHUAC-451/2025_H3N2,1119,0.542,0.542
seqneut25to26_sera_4012,A/Galicia/GA-CHUAC-451/2025_H3N2,plate16-2-A/Galicia/GA-CHUAC-451/2025_H3N2,2575,0.8895,0.8895
seqneut25to26_sera_4012,A/Galicia/GA-CHUAC-451/2025_H3N2,plate16-2-A/Galicia/GA-CHUAC-451/2025_H3N2,5921,1.036,1
seqneut25to26_sera_4012,A/Galicia/GA-CHUAC-451/2025_H3N2,plate16-2-A/Galicia/GA-CHUAC-451/2025_H3N2,1.362e+04,0.9399,0.9399
seqneut25to26_sera_4012,A/Ghana/ARI-25-1125/2025_H1N1,plate16-2-A/Ghana/ARI-25-1125/2025_H1N1,40,0.0531,0.0531
seqneut25to26_sera_4012,A/Ghana/ARI-25-1125/2025_H1N1,plate16-2-A/Ghana/ARI-25-1125/2025_H1N1,92,0.2265,0.2265
seqneut25to26_sera_4012,A/Ghana/ARI-25-1125/2025_H1N1,plate16-2-A/Ghana/ARI-25-1125/2025_H1N1,212,0.4288,0.4288
seqneut25to26_sera_4012,A/Ghana/ARI-25-1125/2025_H1N1,plate16-2-A/Ghana/ARI-25-1125/2025_H1N1,487,0.548,0.548
seqneut25to26_sera_4012,A/Ghana/ARI-25-1125/2025_H1N1,plate16-2-A/Ghana/ARI-25-1125/2025_H1N1,1119,0.6161,0.6161
seqneut25to26_sera_4012,A/Ghana/ARI-25-1125/2025_H1N1,plate16-2-A/Ghana/ARI-25-1125/2025_H1N1,2575,1.037,1
seqneut25to26_sera_4012,A/Ghana/ARI-25-1125/2025_H1N1,plate16-2-A/Ghana/ARI-25-1125/2025_H1N1,5921,0.7519,0.7519
seqneut25to26_sera_4012,A/Ghana/ARI-25-1125/2025_H1N1,plate16-2-A/Ghana/ARI-25-1125/2025_H1N1,1.362e+04,0.8925,0.8925
seqneut25to26_sera_4012,A/Ghana/FS-25-7077/2025_H3N2,plate16-2-A/Ghana/FS-25-7077/2025_H3N2,40,0.3959,0.3959
seqneut25to26_sera_4012,A/Ghana/FS-25-7077/2025_H3N2,plate16-2-A/Ghana/FS-25-7077/2025_H3N2,92,0.2203,0.2203
seqneut25to26_sera_4012,A/Ghana/FS-25-7077/2025_H3N2,plate16-2-A/Ghana/FS-25-7077/2025_H3N2,212,0.3639,0.3639
seqneut25to26_sera_4012,A/Ghana/FS-25-7077/2025_H3N2,plate16-2-A/Ghana/FS-25-7077/2025_H3N2,487,0.6188,0.6188
seqneut25to26_sera_4012,A/Ghana/FS-25-7077/2025_H3N2,plate16-2-A/Ghana/FS-25-7077/2025_H3N2,1119,0.5493,0.5493
seqneut25to26_sera_4012,A/Ghana/FS-25-7077/2025_H3N2,plate16-2-A/Ghana/FS-25-7077/2025_H3N2,2575,0.9329,0.9329
seqneut25to26_sera_4012,A/Ghana/FS-25-7077/2025_H3N2,plate16-2-A/Ghana/FS-25-7077/2025_H3N2,5921,1.075,1
seqneut25to26_sera_4012,A/Ghana/FS-25-7077/2025_H3N2,plate16-2-A/Ghana/FS-25-7077/2025_H3N2,1.362e+04,1.508,1
seqneut25to26_sera_4012,A/Guangdong-Maonan/11438/2025_H3N2,plate16-2-A/Guangdong-Maonan/11438/2025_H3N2,40,0.4797,0.4797
seqneut25to26_sera_4012,A/Guangdong-Maonan/11438/2025_H3N2,plate16-2-A/Guangdong-Maonan/11438/2025_H3N2,92,0.1059,0.1059
seqneut25to26_sera_4012,A/Guangdong-Maonan/11438/2025_H3N2,plate16-2-A/Guangdong-Maonan/11438/2025_H3N2,212,0.3129,0.3129
seqneut25to26_sera_4012,A/Guangdong-Maonan/11438/2025_H3N2,plate16-2-A/Guangdong-Maonan/11438/2025_H3N2,487,0.474,0.474
seqneut25to26_sera_4012,A/Guangdong-Maonan/11438/2025_H3N2,plate16-2-A/Guangdong-Maonan/11438/2025_H3N2,1119,0.4201,0.4201
seqneut25to26_sera_4012,A/Guangdong-Maonan/11438/2025_H3N2,plate16-2-A/Guangdong-Maonan/11438/2025_H3N2,2575,0.6266,0.6266
seqneut25to26_sera_4012,A/Guangdong-Maonan/11438/2025_H3N2,plate16-2-A/Guangdong-Maonan/11438/2025_H3N2,5921,0.9909,0.9909
seqneut25to26_sera_4012,A/Guangdong-Maonan/11438/2025_H3N2,plate16-2-A/Guangdong-Maonan/11438/2025_H3N2,1.362e+04,0.8157,0.8157
seqneut25to26_sera_4012,A/Guangdong-Meijiang/11256/2025_H3N2,plate16-2-A/Guangdong-Meijiang/11256/2025_H3N2,40,0.07666,0.07666
seqneut25to26_sera_4012,A/Guangdong-Meijiang/11256/2025_H3N2,plate16-2-A/Guangdong-Meijiang/11256/2025_H3N2,92,0.1967,0.1967
seqneut25to26_sera_4012,A/Guangdong-Meijiang/11256/2025_H3N2,plate16-2-A/Guangdong-Meijiang/11256/2025_H3N2,212,0.1878,0.1878
seqneut25to26_sera_4012,A/Guangdong-Meijiang/11256/2025_H3N2,plate16-2-A/Guangdong-Meijiang/11256/2025_H3N2,487,0.2542,0.2542
seqneut25to26_sera_4012,A/Guangdong-Meijiang/11256/2025_H3N2,plate16-2-A/Guangdong-Meijiang/11256/2025_H3N2,1119,0.3252,0.3252
seqneut25to26_sera_4012,A/Guangdong-Meijiang/11256/2025_H3N2,plate16-2-A/Guangdong-Meijiang/11256/2025_H3N2,2575,0.5373,0.5373
seqneut25to26_sera_4012,A/Guangdong-Meijiang/11256/2025_H3N2,plate16-2-A/Guangdong-Meijiang/11256/2025_H3N2,5921,0.6128,0.6128
seqneut25to26_sera_4012,A/Guangdong-Meijiang/11256/2025_H3N2,plate16-2-A/Guangdong-Meijiang/11256/2025_H3N2,1.362e+04,0.9988,0.9988
seqneut25to26_sera_4012,A/Guangxi-Daxin/1643/2025_H3N2,plate16-2-A/Guangxi-Daxin/1643/2025_H3N2,40,0.2585,0.2585
seqneut25to26_sera_4012,A/Guangxi-Daxin/1643/2025_H3N2,plate16-2-A/Guangxi-Daxin/1643/2025_H3N2,92,0.8207,0.8207
seqneut25to26_sera_4012,A/Guangxi-Daxin/1643/2025_H3N2,plate16-2-A/Guangxi-Daxin/1643/2025_H3N2,212,0.6678,0.6678
seqneut25to26_sera_4012,A/Guangxi-Daxin/1643/2025_H3N2,plate16-2-A/Guangxi-Daxin/1643/2025_H3N2,487,0.7325,0.7325
seqneut25to26_sera_4012,A/Guangxi-Daxin/1643/2025_H3N2,plate16-2-A/Guangxi-Daxin/1643/2025_H3N2,1119,0.6887,0.6887
seqneut25to26_sera_4012,A/Guangxi-Daxin/1643/2025_H3N2,plate16-2-A/Guangxi-Daxin/1643/2025_H3N2,2575,0.9001,0.9001
seqneut25to26_sera_4012,A/Guangxi-Daxin/1643/2025_H3N2,plate16-2-A/Guangxi-Daxin/1643/2025_H3N2,5921,1.12,1
seqneut25to26_sera_4012,A/Guangxi-Daxin/1643/2025_H3N2,plate16-2-A/Guangxi-Daxin/1643/2025_H3N2,1.362e+04,0.8597,0.8597
seqneut25to26_sera_4012,A/Guangxi-Qingxiu/SWL11742/2025_H1N1,plate16-2-A/Guangxi-Qingxiu/SWL11742/2025_H1N1,40,0.017,0.017
seqneut25to26_sera_4012,A/Guangxi-Qingxiu/SWL11742/2025_H1N1,plate16-2-A/Guangxi-Qingxiu/SWL11742/2025_H1N1,92,0.1041,0.1041
seqneut25to26_sera_4012,A/Guangxi-Qingxiu/SWL11742/2025_H1N1,plate16-2-A/Guangxi-Qingxiu/SWL11742/2025_H1N1,212,0.4267,0.4267
seqneut25to26_sera_4012,A/Guangxi-Qingxiu/SWL11742/2025_H1N1,plate16-2-A/Guangxi-Qingxiu/SWL11742/2025_H1N1,487,0.4119,0.4119
seqneut25to26_sera_4012,A/Guangxi-Qingxiu/SWL11742/2025_H1N1,plate16-2-A/Guangxi-Qingxiu/SWL11742/2025_H1N1,1119,1.006,1
seqneut25to26_sera_4012,A/Guangxi-Qingxiu/SWL11742/2025_H1N1,plate16-2-A/Guangxi-Qingxiu/SWL11742/2025_H1N1,2575,0.6539,0.6539
seqneut25to26_sera_4012,A/Guangxi-Qingxiu/SWL11742/2025_H1N1,plate16-2-A/Guangxi-Qingxiu/SWL11742/2025_H1N1,5921,1.608,1
seqneut25to26_sera_4012,A/Guangxi-Qingxiu/SWL11742/2025_H1N1,plate16-2-A/Guangxi-Qingxiu/SWL11742/2025_H1N1,1.362e+04,0.8436,0.8436
seqneut25to26_sera_4012,A/Hawaii/44/2025_H1N1,plate16-2-A/Hawaii/44/2025_H1N1,40,0.04452,0.04452
seqneut25to26_sera_4012,A/Hawaii/44/2025_H1N1,plate16-2-A/Hawaii/44/2025_H1N1,92,0.1293,0.1293
seqneut25to26_sera_4012,A/Hawaii/44/2025_H1N1,plate16-2-A/Hawaii/44/2025_H1N1,212,0.4199,0.4199
seqneut25to26_sera_4012,A/Hawaii/44/2025_H1N1,plate16-2-A/Hawaii/44/2025_H1N1,487,0.577,0.577
seqneut25to26_sera_4012,A/Hawaii/44/2025_H1N1,plate16-2-A/Hawaii/44/2025_H1N1,1119,0.7378,0.7378
seqneut25to26_sera_4012,A/Hawaii/44/2025_H1N1,plate16-2-A/Hawaii/44/2025_H1N1,2575,0.9146,0.9146
seqneut25to26_sera_4012,A/Hawaii/44/2025_H1N1,plate16-2-A/Hawaii/44/2025_H1N1,5921,1.009,1
seqneut25to26_sera_4012,A/Hawaii/44/2025_H1N1,plate16-2-A/Hawaii/44/2025_H1N1,1.362e+04,1.179,1
seqneut25to26_sera_4012,A/Hawaii/70/2019_H1N1,plate16-2-A/Hawaii/70/2019_H1N1,40,0.0143,0.0143
seqneut25to26_sera_4012,A/Hawaii/70/2019_H1N1,plate16-2-A/Hawaii/70/2019_H1N1,92,0.1926,0.1926
seqneut25to26_sera_4012,A/Hawaii/70/2019_H1N1,plate16-2-A/Hawaii/70/2019_H1N1,212,0.7263,0.7263
seqneut25to26_sera_4012,A/Hawaii/70/2019_H1N1,plate16-2-A/Hawaii/70/2019_H1N1,487,0.5576,0.5576
seqneut25to26_sera_4012,A/Hawaii/70/2019_H1N1,plate16-2-A/Hawaii/70/2019_H1N1,1119,0.5791,0.5791
seqneut25to26_sera_4012,A/Hawaii/70/2019_H1N1,plate16-2-A/Hawaii/70/2019_H1N1,2575,1.203,1
seqneut25to26_sera_4012,A/Hawaii/70/2019_H1N1,plate16-2-A/Hawaii/70/2019_H1N1,5921,0.9289,0.9289
seqneut25to26_sera_4012,A/Hawaii/70/2019_H1N1,plate16-2-A/Hawaii/70/2019_H1N1,1.362e+04,1.238,1
seqneut25to26_sera_4012,A/HongKong/1257/2025_H3N2,plate16-2-A/HongKong/1257/2025_H3N2,40,0.1225,0.1225
seqneut25to26_sera_4012,A/HongKong/1257/2025_H3N2,plate16-2-A/HongKong/1257/2025_H3N2,92,0.1442,0.1442
seqneut25to26_sera_4012,A/HongKong/1257/2025_H3N2,plate16-2-A/HongKong/1257/2025_H3N2,212,0.3428,0.3428
seqneut25to26_sera_4012,A/HongKong/1257/2025_H3N2,plate16-2-A/HongKong/1257/2025_H3N2,487,0.4984,0.4984
seqneut25to26_sera_4012,A/HongKong/1257/2025_H3N2,plate16-2-A/HongKong/1257/2025_H3N2,1119,0.3969,0.3969
seqneut25to26_sera_4012,A/HongKong/1257/2025_H3N2,plate16-2-A/HongKong/1257/2025_H3N2,2575,0.6727,0.6727
seqneut25to26_sera_4012,A/HongKong/1257/2025_H3N2,plate16-2-A/HongKong/1257/2025_H3N2,5921,0.9724,0.9724
seqneut25to26_sera_4012,A/HongKong/1257/2025_H3N2,plate16-2-A/HongKong/1257/2025_H3N2,1.362e+04,1.25,1
seqneut25to26_sera_4012,A/HongKong/1382/2025_H3N2,plate16-2-A/HongKong/1382/2025_H3N2,40,0.01673,0.01673
seqneut25to26_sera_4012,A/HongKong/1382/2025_H3N2,plate16-2-A/HongKong/1382/2025_H3N2,92,0.03925,0.03925
seqneut25to26_sera_4012,A/HongKong/1382/2025_H3N2,plate16-2-A/HongKong/1382/2025_H3N2,212,0.08658,0.08658
seqneut25to26_sera_4012,A/HongKong/1382/2025_H3N2,plate16-2-A/HongKong/1382/2025_H3N2,487,0.1619,0.1619
seqneut25to26_sera_4012,A/HongKong/1382/2025_H3N2,plate16-2-A/HongKong/1382/2025_H3N2,1119,0.7206,0.7206
seqneut25to26_sera_4012,A/HongKong/1382/2025_H3N2,plate16-2-A/HongKong/1382/2025_H3N2,2575,0.5527,0.5527
seqneut25to26_sera_4012,A/HongKong/1382/2025_H3N2,plate16-2-A/HongKong/1382/2025_H3N2,5921,0.6384,0.6384
seqneut25to26_sera_4012,A/HongKong/1382/2025_H3N2,plate16-2-A/HongKong/1382/2025_H3N2,1.362e+04,1.562,1
seqneut25to26_sera_4012,A/Indonesia/BIOKES-I-BT074/2025_H3N2,plate16-2-A/Indonesia/BIOKES-I-BT074/2025_H3N2,40,0.0352,0.0352
seqneut25to26_sera_4012,A/Indonesia/BIOKES-I-BT074/2025_H3N2,plate16-2-A/Indonesia/BIOKES-I-BT074/2025_H3N2,92,0.2024,0.2024
seqneut25to26_sera_4012,A/Indonesia/BIOKES-I-BT074/2025_H3N2,plate16-2-A/Indonesia/BIOKES-I-BT074/2025_H3N2,212,0.3332,0.3332
seqneut25to26_sera_4012,A/Indonesia/BIOKES-I-BT074/2025_H3N2,plate16-2-A/Indonesia/BIOKES-I-BT074/2025_H3N2,487,0.4845,0.4845
seqneut25to26_sera_4012,A/Indonesia/BIOKES-I-BT074/2025_H3N2,plate16-2-A/Indonesia/BIOKES-I-BT074/2025_H3N2,1119,0.4873,0.4873
seqneut25to26_sera_4012,A/Indonesia/BIOKES-I-BT074/2025_H3N2,plate16-2-A/Indonesia/BIOKES-I-BT074/2025_H3N2,2575,0.4821,0.4821
seqneut25to26_sera_4012,A/Indonesia/BIOKES-I-BT074/2025_H3N2,plate16-2-A/Indonesia/BIOKES-I-BT074/2025_H3N2,5921,0.6092,0.6092
seqneut25to26_sera_4012,A/Indonesia/BIOKES-I-BT074/2025_H3N2,plate16-2-A/Indonesia/BIOKES-I-BT074/2025_H3N2,1.362e+04,0.8516,0.8516
seqneut25to26_sera_4012,A/Indonesia/BIOKES-INAD491/2025_H3N2,plate16-2-A/Indonesia/BIOKES-INAD491/2025_H3N2,40,0.1931,0.1931
seqneut25to26_sera_4012,A/Indonesia/BIOKES-INAD491/2025_H3N2,plate16-2-A/Indonesia/BIOKES-INAD491/2025_H3N2,92,0.1451,0.1451
seqneut25to26_sera_4012,A/Indonesia/BIOKES-INAD491/2025_H3N2,plate16-2-A/Indonesia/BIOKES-INAD491/2025_H3N2,212,0.3138,0.3138
seqneut25to26_sera_4012,A/Indonesia/BIOKES-INAD491/2025_H3N2,plate16-2-A/Indonesia/BIOKES-INAD491/2025_H3N2,487,0.4273,0.4273
seqneut25to26_sera_4012,A/Indonesia/BIOKES-INAD491/2025_H3N2,plate16-2-A/Indonesia/BIOKES-INAD491/2025_H3N2,1119,0.5666,0.5666
seqneut25to26_sera_4012,A/Indonesia/BIOKES-INAD491/2025_H3N2,plate16-2-A/Indonesia/BIOKES-INAD491/2025_H3N2,2575,0.8231,0.8231
seqneut25to26_sera_4012,A/Indonesia/BIOKES-INAD491/2025_H3N2,plate16-2-A/Indonesia/BIOKES-INAD491/2025_H3N2,5921,0.8062,0.8062
seqneut25to26_sera_4012,A/Indonesia/BIOKES-INAD491/2025_H3N2,plate16-2-A/Indonesia/BIOKES-INAD491/2025_H3N2,1.362e+04,0.9804,0.9804
seqneut25to26_sera_4012,A/Lao/820-2750/2025_H3N2,plate16-2-A/Lao/820-2750/2025_H3N2,40,0.02299,0.02299
seqneut25to26_sera_4012,A/Lao/820-2750/2025_H3N2,plate16-2-A/Lao/820-2750/2025_H3N2,92,0.2288,0.2288
seqneut25to26_sera_4012,A/Lao/820-2750/2025_H3N2,plate16-2-A/Lao/820-2750/2025_H3N2,212,0.2169,0.2169
seqneut25to26_sera_4012,A/Lao/820-2750/2025_H3N2,plate16-2-A/Lao/820-2750/2025_H3N2,487,0.4695,0.4695
seqneut25to26_sera_4012,A/Lao/820-2750/2025_H3N2,plate16-2-A/Lao/820-2750/2025_H3N2,1119,0.5461,0.5461
seqneut25to26_sera_4012,A/Lao/820-2750/2025_H3N2,plate16-2-A/Lao/820-2750/2025_H3N2,2575,0.8007,0.8007
seqneut25to26_sera_4012,A/Lao/820-2750/2025_H3N2,plate16-2-A/Lao/820-2750/2025_H3N2,5921,0.6781,0.6781
seqneut25to26_sera_4012,A/Lao/820-2750/2025_H3N2,plate16-2-A/Lao/820-2750/2025_H3N2,1.362e+04,0.9056,0.9056
seqneut25to26_sera_4012,A/Malaysia/IMR/SARI/2028/2025_H3N2,plate16-2-A/Malaysia/IMR/SARI/2028/2025_H3N2,40,0.04516,0.04516
seqneut25to26_sera_4012,A/Malaysia/IMR/SARI/2028/2025_H3N2,plate16-2-A/Malaysia/IMR/SARI/2028/2025_H3N2,92,0.2452,0.2452
seqneut25to26_sera_4012,A/Malaysia/IMR/SARI/2028/2025_H3N2,plate16-2-A/Malaysia/IMR/SARI/2028/2025_H3N2,212,0.3595,0.3595
seqneut25to26_sera_4012,A/Malaysia/IMR/SARI/2028/2025_H3N2,plate16-2-A/Malaysia/IMR/SARI/2028/2025_H3N2,487,0.2635,0.2635
seqneut25to26_sera_4012,A/Malaysia/IMR/SARI/2028/2025_H3N2,plate16-2-A/Malaysia/IMR/SARI/2028/2025_H3N2,1119,0.4776,0.4776
seqneut25to26_sera_4012,A/Malaysia/IMR/SARI/2028/2025_H3N2,plate16-2-A/Malaysia/IMR/SARI/2028/2025_H3N2,2575,0.7871,0.7871
seqneut25to26_sera_4012,A/Malaysia/IMR/SARI/2028/2025_H3N2,plate16-2-A/Malaysia/IMR/SARI/2028/2025_H3N2,5921,0.8316,0.8316
seqneut25to26_sera_4012,A/Malaysia/IMR/SARI/2028/2025_H3N2,plate16-2-A/Malaysia/IMR/SARI/2028/2025_H3N2,1.362e+04,1.071,1
seqneut25to26_sera_4012,A/Malaysia/IMR/SARI/2406/2025_H3N2,plate16-2-A/Malaysia/IMR/SARI/2406/2025_H3N2,40,0.007537,0.007537
seqneut25to26_sera_4012,A/Malaysia/IMR/SARI/2406/2025_H3N2,plate16-2-A/Malaysia/IMR/SARI/2406/2025_H3N2,92,0.1396,0.1396
seqneut25to26_sera_4012,A/Malaysia/IMR/SARI/2406/2025_H3N2,plate16-2-A/Malaysia/IMR/SARI/2406/2025_H3N2,212,0.2431,0.2431
seqneut25to26_sera_4012,A/Malaysia/IMR/SARI/2406/2025_H3N2,plate16-2-A/Malaysia/IMR/SARI/2406/2025_H3N2,487,0.2606,0.2606
seqneut25to26_sera_4012,A/Malaysia/IMR/SARI/2406/2025_H3N2,plate16-2-A/Malaysia/IMR/SARI/2406/2025_H3N2,1119,0.4359,0.4359
seqneut25to26_sera_4012,A/Malaysia/IMR/SARI/2406/2025_H3N2,plate16-2-A/Malaysia/IMR/SARI/2406/2025_H3N2,2575,0.6833,0.6833
seqneut25to26_sera_4012,A/Malaysia/IMR/SARI/2406/2025_H3N2,plate16-2-A/Malaysia/IMR/SARI/2406/2025_H3N2,5921,0.8524,0.8524
seqneut25to26_sera_4012,A/Malaysia/IMR/SARI/2406/2025_H3N2,plate16-2-A/Malaysia/IMR/SARI/2406/2025_H3N2,1.362e+04,0.9156,0.9156
seqneut25to26_sera_4012,A/Malaysia/IMR/SARI/2517/2025_H3N2,plate16-2-A/Malaysia/IMR/SARI/2517/2025_H3N2,40,0.06093,0.06093
seqneut25to26_sera_4012,A/Malaysia/IMR/SARI/2517/2025_H3N2,plate16-2-A/Malaysia/IMR/SARI/2517/2025_H3N2,92,0.1473,0.1473
seqneut25to26_sera_4012,A/Malaysia/IMR/SARI/2517/2025_H3N2,plate16-2-A/Malaysia/IMR/SARI/2517/2025_H3N2,212,0.2766,0.2766
seqneut25to26_sera_4012,A/Malaysia/IMR/SARI/2517/2025_H3N2,plate16-2-A/Malaysia/IMR/SARI/2517/2025_H3N2,487,0.4858,0.4858
seqneut25to26_sera_4012,A/Malaysia/IMR/SARI/2517/2025_H3N2,plate16-2-A/Malaysia/IMR/SARI/2517/2025_H3N2,1119,0.4442,0.4442
seqneut25to26_sera_4012,A/Malaysia/IMR/SARI/2517/2025_H3N2,plate16-2-A/Malaysia/IMR/SARI/2517/2025_H3N2,2575,0.9118,0.9118
seqneut25to26_sera_4012,A/Malaysia/IMR/SARI/2517/2025_H3N2,plate16-2-A/Malaysia/IMR/SARI/2517/2025_H3N2,5921,0.8686,0.8686
seqneut25to26_sera_4012,A/Malaysia/IMR/SARI/2517/2025_H3N2,plate16-2-A/Malaysia/IMR/SARI/2517/2025_H3N2,1.362e+04,1.098,1
seqneut25to26_sera_4012,A/Massachusetts/18/2022_H3N2,plate16-2-A/Massachusetts/18/2022_H3N2,40,0.02651,0.02651
seqneut25to26_sera_4012,A/Massachusetts/18/2022_H3N2,plate16-2-A/Massachusetts/18/2022_H3N2,92,0.2412,0.2412
seqneut25to26_sera_4012,A/Massachusetts/18/2022_H3N2,plate16-2-A/Massachusetts/18/2022_H3N2,212,0.6261,0.6261
seqneut25to26_sera_4012,A/Massachusetts/18/2022_H3N2,plate16-2-A/Massachusetts/18/2022_H3N2,487,0.5594,0.5594
seqneut25to26_sera_4012,A/Massachusetts/18/2022_H3N2,plate16-2-A/Massachusetts/18/2022_H3N2,1119,0.5882,0.5882
seqneut25to26_sera_4012,A/Massachusetts/18/2022_H3N2,plate16-2-A/Massachusetts/18/2022_H3N2,2575,0.8611,0.8611
seqneut25to26_sera_4012,A/Massachusetts/18/2022_H3N2,plate16-2-A/Massachusetts/18/2022_H3N2,5921,0.9957,0.9957
seqneut25to26_sera_4012,A/Massachusetts/18/2022_H3N2,plate16-2-A/Massachusetts/18/2022_H3N2,1.362e+04,0.8232,0.8232
seqneut25to26_sera_4012,A/Michigan/110/2025_H3N2,plate16-2-A/Michigan/110/2025_H3N2,40,0.07178,0.07178
seqneut25to26_sera_4012,A/Michigan/110/2025_H3N2,plate16-2-A/Michigan/110/2025_H3N2,92,0.3622,0.3622
seqneut25to26_sera_4012,A/Michigan/110/2025_H3N2,plate16-2-A/Michigan/110/2025_H3N2,212,0.5025,0.5025
seqneut25to26_sera_4012,A/Michigan/110/2025_H3N2,plate16-2-A/Michigan/110/2025_H3N2,487,0.5919,0.5919
seqneut25to26_sera_4012,A/Michigan/110/2025_H3N2,plate16-2-A/Michigan/110/2025_H3N2,1119,0.5192,0.5192
seqneut25to26_sera_4012,A/Michigan/110/2025_H3N2,plate16-2-A/Michigan/110/2025_H3N2,2575,0.7932,0.7932
seqneut25to26_sera_4012,A/Michigan/110/2025_H3N2,plate16-2-A/Michigan/110/2025_H3N2,5921,0.948,0.948
seqneut25to26_sera_4012,A/Michigan/110/2025_H3N2,plate16-2-A/Michigan/110/2025_H3N2,1.362e+04,1.177,1
seqneut25to26_sera_4012,A/Minnesota/96/2025_H3N2,plate16-2-A/Minnesota/96/2025_H3N2,40,0.04681,0.04681
seqneut25to26_sera_4012,A/Minnesota/96/2025_H3N2,plate16-2-A/Minnesota/96/2025_H3N2,92,0.1413,0.1413
seqneut25to26_sera_4012,A/Minnesota/96/2025_H3N2,plate16-2-A/Minnesota/96/2025_H3N2,212,0.3786,0.3786
seqneut25to26_sera_4012,A/Minnesota/96/2025_H3N2,plate16-2-A/Minnesota/96/2025_H3N2,487,0.5809,0.5809
seqneut25to26_sera_4012,A/Minnesota/96/2025_H3N2,plate16-2-A/Minnesota/96/2025_H3N2,1119,0.4041,0.4041
seqneut25to26_sera_4012,A/Minnesota/96/2025_H3N2,plate16-2-A/Minnesota/96/2025_H3N2,2575,0.685,0.685
seqneut25to26_sera_4012,A/Minnesota/96/2025_H3N2,plate16-2-A/Minnesota/96/2025_H3N2,5921,0.8102,0.8102
seqneut25to26_sera_4012,A/Minnesota/96/2025_H3N2,plate16-2-A/Minnesota/96/2025_H3N2,1.362e+04,1.008,1
seqneut25to26_sera_4012,A/Missouri/11/2025_H1N1,plate16-2-A/Missouri/11/2025_H1N1,40,0.3466,0.3466
seqneut25to26_sera_4012,A/Missouri/11/2025_H1N1,plate16-2-A/Missouri/11/2025_H1N1,92,0.2271,0.2271
seqneut25to26_sera_4012,A/Missouri/11/2025_H1N1,plate16-2-A/Missouri/11/2025_H1N1,212,0.3152,0.3152
seqneut25to26_sera_4012,A/Missouri/11/2025_H1N1,plate16-2-A/Missouri/11/2025_H1N1,487,0.3676,0.3676
seqneut25to26_sera_4012,A/Missouri/11/2025_H1N1,plate16-2-A/Missouri/11/2025_H1N1,1119,1.025,1
seqneut25to26_sera_4012,A/Missouri/11/2025_H1N1,plate16-2-A/Missouri/11/2025_H1N1,2575,0.9477,0.9477
seqneut25to26_sera_4012,A/Missouri/11/2025_H1N1,plate16-2-A/Missouri/11/2025_H1N1,5921,1.172,1
seqneut25to26_sera_4012,A/Missouri/11/2025_H1N1,plate16-2-A/Missouri/11/2025_H1N1,1.362e+04,1.249,1
seqneut25to26_sera_4012,A/NewSouthWales/2526015582/2025_H3N2,plate16-2-A/NewSouthWales/2526015582/2025_H3N2,40,0.02304,0.02304
seqneut25to26_sera_4012,A/NewSouthWales/2526015582/2025_H3N2,plate16-2-A/NewSouthWales/2526015582/2025_H3N2,92,0.1907,0.1907
seqneut25to26_sera_4012,A/NewSouthWales/2526015582/2025_H3N2,plate16-2-A/NewSouthWales/2526015582/2025_H3N2,212,0.4899,0.4899
seqneut25to26_sera_4012,A/NewSouthWales/2526015582/2025_H3N2,plate16-2-A/NewSouthWales/2526015582/2025_H3N2,487,0.3695,0.3695
seqneut25to26_sera_4012,A/NewSouthWales/2526015582/2025_H3N2,plate16-2-A/NewSouthWales/2526015582/2025_H3N2,1119,0.5699,0.5699
seqneut25to26_sera_4012,A/NewSouthWales/2526015582/2025_H3N2,plate16-2-A/NewSouthWales/2526015582/2025_H3N2,2575,0.9333,0.9333
seqneut25to26_sera_4012,A/NewSouthWales/2526015582/2025_H3N2,plate16-2-A/NewSouthWales/2526015582/2025_H3N2,5921,0.933,0.933
seqneut25to26_sera_4012,A/NewSouthWales/2526015582/2025_H3N2,plate16-2-A/NewSouthWales/2526015582/2025_H3N2,1.362e+04,1.077,1
seqneut25to26_sera_4012,A/NewSouthWales/2526015584/2025_H3N2,plate16-2-A/NewSouthWales/2526015584/2025_H3N2,40,0.008643,0.008643
seqneut25to26_sera_4012,A/NewSouthWales/2526015584/2025_H3N2,plate16-2-A/NewSouthWales/2526015584/2025_H3N2,92,0.08369,0.08369
seqneut25to26_sera_4012,A/NewSouthWales/2526015584/2025_H3N2,plate16-2-A/NewSouthWales/2526015584/2025_H3N2,212,0.1048,0.1048
seqneut25to26_sera_4012,A/NewSouthWales/2526015584/2025_H3N2,plate16-2-A/NewSouthWales/2526015584/2025_H3N2,487,0.2917,0.2917
seqneut25to26_sera_4012,A/NewSouthWales/2526015584/2025_H3N2,plate16-2-A/NewSouthWales/2526015584/2025_H3N2,1119,0.3581,0.3581
seqneut25to26_sera_4012,A/NewSouthWales/2526015584/2025_H3N2,plate16-2-A/NewSouthWales/2526015584/2025_H3N2,2575,0.6135,0.6135
seqneut25to26_sera_4012,A/NewSouthWales/2526015584/2025_H3N2,plate16-2-A/NewSouthWales/2526015584/2025_H3N2,5921,1.066,1
seqneut25to26_sera_4012,A/NewSouthWales/2526015584/2025_H3N2,plate16-2-A/NewSouthWales/2526015584/2025_H3N2,1.362e+04,0.9972,0.9972
seqneut25to26_sera_4012,A/Norway/8765/2025_H3N2,plate16-2-A/Norway/8765/2025_H3N2,40,0.06044,0.06044
seqneut25to26_sera_4012,A/Norway/8765/2025_H3N2,plate16-2-A/Norway/8765/2025_H3N2,92,0.184,0.184
seqneut25to26_sera_4012,A/Norway/8765/2025_H3N2,plate16-2-A/Norway/8765/2025_H3N2,212,0.2809,0.2809
seqneut25to26_sera_4012,A/Norway/8765/2025_H3N2,plate16-2-A/Norway/8765/2025_H3N2,487,0.3499,0.3499
seqneut25to26_sera_4012,A/Norway/8765/2025_H3N2,plate16-2-A/Norway/8765/2025_H3N2,1119,0.5157,0.5157
seqneut25to26_sera_4012,A/Norway/8765/2025_H3N2,plate16-2-A/Norway/8765/2025_H3N2,2575,0.6056,0.6056
seqneut25to26_sera_4012,A/Norway/8765/2025_H3N2,plate16-2-A/Norway/8765/2025_H3N2,5921,1.136,1
seqneut25to26_sera_4012,A/Norway/8765/2025_H3N2,plate16-2-A/Norway/8765/2025_H3N2,1.362e+04,0.9909,0.9909
seqneut25to26_sera_4012,A/Norway/8976/2025_H3N2,plate16-2-A/Norway/8976/2025_H3N2,40,0.04939,0.04939
seqneut25to26_sera_4012,A/Norway/8976/2025_H3N2,plate16-2-A/Norway/8976/2025_H3N2,92,0.1691,0.1691
seqneut25to26_sera_4012,A/Norway/8976/2025_H3N2,plate16-2-A/Norway/8976/2025_H3N2,212,0.3258,0.3258
seqneut25to26_sera_4012,A/Norway/8976/2025_H3N2,plate16-2-A/Norway/8976/2025_H3N2,487,0.4243,0.4243
seqneut25to26_sera_4012,A/Norway/8976/2025_H3N2,plate16-2-A/Norway/8976/2025_H3N2,1119,0.3952,0.3952
seqneut25to26_sera_4012,A/Norway/8976/2025_H3N2,plate16-2-A/Norway/8976/2025_H3N2,2575,1.093,1
seqneut25to26_sera_4012,A/Norway/8976/2025_H3N2,plate16-2-A/Norway/8976/2025_H3N2,5921,0.9555,0.9555
seqneut25to26_sera_4012,A/Norway/8976/2025_H3N2,plate16-2-A/Norway/8976/2025_H3N2,1.362e+04,1.205,1
seqneut25to26_sera_4012,A/Norway/9107/2025_H1N1,plate16-2-A/Norway/9107/2025_H1N1,40,0.03057,0.03057
seqneut25to26_sera_4012,A/Norway/9107/2025_H1N1,plate16-2-A/Norway/9107/2025_H1N1,92,0.1533,0.1533
seqneut25to26_sera_4012,A/Norway/9107/2025_H1N1,plate16-2-A/Norway/9107/2025_H1N1,212,0.3617,0.3617
seqneut25to26_sera_4012,A/Norway/9107/2025_H1N1,plate16-2-A/Norway/9107/2025_H1N1,487,0.6084,0.6084
seqneut25to26_sera_4012,A/Norway/9107/2025_H1N1,plate16-2-A/Norway/9107/2025_H1N1,1119,0.5808,0.5808
seqneut25to26_sera_4012,A/Norway/9107/2025_H1N1,plate16-2-A/Norway/9107/2025_H1N1,2575,0.7967,0.7967
seqneut25to26_sera_4012,A/Norway/9107/2025_H1N1,plate16-2-A/Norway/9107/2025_H1N1,5921,0.9386,0.9386
seqneut25to26_sera_4012,A/Norway/9107/2025_H1N1,plate16-2-A/Norway/9107/2025_H1N1,1.362e+04,1.057,1
seqneut25to26_sera_4012,A/Norway/9556/2025_H1N1,plate16-2-A/Norway/9556/2025_H1N1,40,0.06986,0.06986
seqneut25to26_sera_4012,A/Norway/9556/2025_H1N1,plate16-2-A/Norway/9556/2025_H1N1,92,0.1933,0.1933
seqneut25to26_sera_4012,A/Norway/9556/2025_H1N1,plate16-2-A/Norway/9556/2025_H1N1,212,0.3721,0.3721
seqneut25to26_sera_4012,A/Norway/9556/2025_H1N1,plate16-2-A/Norway/9556/2025_H1N1,487,0.3867,0.3867
seqneut25to26_sera_4012,A/Norway/9556/2025_H1N1,plate16-2-A/Norway/9556/2025_H1N1,1119,0.689,0.689
seqneut25to26_sera_4012,A/Norway/9556/2025_H1N1,plate16-2-A/Norway/9556/2025_H1N1,2575,0.7903,0.7903
seqneut25to26_sera_4012,A/Norway/9556/2025_H1N1,plate16-2-A/Norway/9556/2025_H1N1,5921,1.061,1
seqneut25to26_sera_4012,A/Norway/9556/2025_H1N1,plate16-2-A/Norway/9556/2025_H1N1,1.362e+04,0.8889,0.8889
seqneut25to26_sera_4012,A/Peru/GIHSN-04-1089/2025_H3N2,plate16-2-A/Peru/GIHSN-04-1089/2025_H3N2,40,0.1028,0.1028
seqneut25to26_sera_4012,A/Peru/GIHSN-04-1089/2025_H3N2,plate16-2-A/Peru/GIHSN-04-1089/2025_H3N2,92,0.174,0.174
seqneut25to26_sera_4012,A/Peru/GIHSN-04-1089/2025_H3N2,plate16-2-A/Peru/GIHSN-04-1089/2025_H3N2,212,0.3872,0.3872
seqneut25to26_sera_4012,A/Peru/GIHSN-04-1089/2025_H3N2,plate16-2-A/Peru/GIHSN-04-1089/2025_H3N2,487,0.2931,0.2931
seqneut25to26_sera_4012,A/Peru/GIHSN-04-1089/2025_H3N2,plate16-2-A/Peru/GIHSN-04-1089/2025_H3N2,1119,0.5379,0.5379
seqneut25to26_sera_4012,A/Peru/GIHSN-04-1089/2025_H3N2,plate16-2-A/Peru/GIHSN-04-1089/2025_H3N2,2575,0.4976,0.4976
seqneut25to26_sera_4012,A/Peru/GIHSN-04-1089/2025_H3N2,plate16-2-A/Peru/GIHSN-04-1089/2025_H3N2,5921,0.8452,0.8452
seqneut25to26_sera_4012,A/Peru/GIHSN-04-1089/2025_H3N2,plate16-2-A/Peru/GIHSN-04-1089/2025_H3N2,1.362e+04,0.9497,0.9497
seqneut25to26_sera_4012,A/Philippines/SARI25-1425/2025_H1N1,plate16-2-A/Philippines/SARI25-1425/2025_H1N1,40,0.05105,0.05105
seqneut25to26_sera_4012,A/Philippines/SARI25-1425/2025_H1N1,plate16-2-A/Philippines/SARI25-1425/2025_H1N1,92,0.1705,0.1705
seqneut25to26_sera_4012,A/Philippines/SARI25-1425/2025_H1N1,plate16-2-A/Philippines/SARI25-1425/2025_H1N1,212,0.3811,0.3811
seqneut25to26_sera_4012,A/Philippines/SARI25-1425/2025_H1N1,plate16-2-A/Philippines/SARI25-1425/2025_H1N1,487,0.3921,0.3921
seqneut25to26_sera_4012,A/Philippines/SARI25-1425/2025_H1N1,plate16-2-A/Philippines/SARI25-1425/2025_H1N1,1119,1.607,1
seqneut25to26_sera_4012,A/Philippines/SARI25-1425/2025_H1N1,plate16-2-A/Philippines/SARI25-1425/2025_H1N1,2575,0.7216,0.7216
seqneut25to26_sera_4012,A/Philippines/SARI25-1425/2025_H1N1,plate16-2-A/Philippines/SARI25-1425/2025_H1N1,5921,1.023,1
seqneut25to26_sera_4012,A/Philippines/SARI25-1425/2025_H1N1,plate16-2-A/Philippines/SARI25-1425/2025_H1N1,1.362e+04,2.251,1
seqneut25to26_sera_4012,A/Queensland/2526516675/2025_H3N2,plate16-2-A/Queensland/2526516675/2025_H3N2,40,0.04011,0.04011
seqneut25to26_sera_4012,A/Queensland/2526516675/2025_H3N2,plate16-2-A/Queensland/2526516675/2025_H3N2,92,0.1505,0.1505
seqneut25to26_sera_4012,A/Queensland/2526516675/2025_H3N2,plate16-2-A/Queensland/2526516675/2025_H3N2,212,0.2753,0.2753
seqneut25to26_sera_4012,A/Queensland/2526516675/2025_H3N2,plate16-2-A/Queensland/2526516675/2025_H3N2,487,0.3867,0.3867
seqneut25to26_sera_4012,A/Queensland/2526516675/2025_H3N2,plate16-2-A/Queensland/2526516675/2025_H3N2,1119,0.5783,0.5783
seqneut25to26_sera_4012,A/Queensland/2526516675/2025_H3N2,plate16-2-A/Queensland/2526516675/2025_H3N2,2575,0.6149,0.6149
seqneut25to26_sera_4012,A/Queensland/2526516675/2025_H3N2,plate16-2-A/Queensland/2526516675/2025_H3N2,5921,0.8667,0.8667
seqneut25to26_sera_4012,A/Queensland/2526516675/2025_H3N2,plate16-2-A/Queensland/2526516675/2025_H3N2,1.362e+04,1.113,1
seqneut25to26_sera_4012,A/SouthAfrica/PET37604/2025_H3N2,plate16-2-A/SouthAfrica/PET37604/2025_H3N2,40,0.02862,0.02862
seqneut25to26_sera_4012,A/SouthAfrica/PET37604/2025_H3N2,plate16-2-A/SouthAfrica/PET37604/2025_H3N2,92,0.1372,0.1372
seqneut25to26_sera_4012,A/SouthAfrica/PET37604/2025_H3N2,plate16-2-A/SouthAfrica/PET37604/2025_H3N2,212,0.1774,0.1774
seqneut25to26_sera_4012,A/SouthAfrica/PET37604/2025_H3N2,plate16-2-A/SouthAfrica/PET37604/2025_H3N2,487,0.3729,0.3729
seqneut25to26_sera_4012,A/SouthAfrica/PET37604/2025_H3N2,plate16-2-A/SouthAfrica/PET37604/2025_H3N2,1119,0.3272,0.3272
seqneut25to26_sera_4012,A/SouthAfrica/PET37604/2025_H3N2,plate16-2-A/SouthAfrica/PET37604/2025_H3N2,2575,0.7686,0.7686
seqneut25to26_sera_4012,A/SouthAfrica/PET37604/2025_H3N2,plate16-2-A/SouthAfrica/PET37604/2025_H3N2,5921,0.5877,0.5877
seqneut25to26_sera_4012,A/SouthAfrica/PET37604/2025_H3N2,plate16-2-A/SouthAfrica/PET37604/2025_H3N2,1.362e+04,1.333,1
seqneut25to26_sera_4012,A/SouthAfrica/PET37625/2025_H3N2,plate16-2-A/SouthAfrica/PET37625/2025_H3N2,40,0.01749,0.01749
seqneut25to26_sera_4012,A/SouthAfrica/PET37625/2025_H3N2,plate16-2-A/SouthAfrica/PET37625/2025_H3N2,92,0.1779,0.1779
seqneut25to26_sera_4012,A/SouthAfrica/PET37625/2025_H3N2,plate16-2-A/SouthAfrica/PET37625/2025_H3N2,212,0.2162,0.2162
seqneut25to26_sera_4012,A/SouthAfrica/PET37625/2025_H3N2,plate16-2-A/SouthAfrica/PET37625/2025_H3N2,487,0.4495,0.4495
seqneut25to26_sera_4012,A/SouthAfrica/PET37625/2025_H3N2,plate16-2-A/SouthAfrica/PET37625/2025_H3N2,1119,0.374,0.374
seqneut25to26_sera_4012,A/SouthAfrica/PET37625/2025_H3N2,plate16-2-A/SouthAfrica/PET37625/2025_H3N2,2575,0.5197,0.5197
seqneut25to26_sera_4012,A/SouthAfrica/PET37625/2025_H3N2,plate16-2-A/SouthAfrica/PET37625/2025_H3N2,5921,0.7947,0.7947
seqneut25to26_sera_4012,A/SouthAfrica/PET37625/2025_H3N2,plate16-2-A/SouthAfrica/PET37625/2025_H3N2,1.362e+04,0.9289,0.9289
seqneut25to26_sera_4012,A/SouthAustralia/2519001037/2025_H1N1,plate16-2-A/SouthAustralia/2519001037/2025_H1N1,40,0.02167,0.02167
seqneut25to26_sera_4012,A/SouthAustralia/2519001037/2025_H1N1,plate16-2-A/SouthAustralia/2519001037/2025_H1N1,92,0.1509,0.1509
seqneut25to26_sera_4012,A/SouthAustralia/2519001037/2025_H1N1,plate16-2-A/SouthAustralia/2519001037/2025_H1N1,212,0.3166,0.3166
seqneut25to26_sera_4012,A/SouthAustralia/2519001037/2025_H1N1,plate16-2-A/SouthAustralia/2519001037/2025_H1N1,487,0.6041,0.6041
seqneut25to26_sera_4012,A/SouthAustralia/2519001037/2025_H1N1,plate16-2-A/SouthAustralia/2519001037/2025_H1N1,1119,0.863,0.863
seqneut25to26_sera_4012,A/SouthAustralia/2519001037/2025_H1N1,plate16-2-A/SouthAustralia/2519001037/2025_H1N1,2575,0.6254,0.6254
seqneut25to26_sera_4012,A/SouthAustralia/2519001037/2025_H1N1,plate16-2-A/SouthAustralia/2519001037/2025_H1N1,5921,1.091,1
seqneut25to26_sera_4012,A/SouthAustralia/2519001037/2025_H1N1,plate16-2-A/SouthAustralia/2519001037/2025_H1N1,1.362e+04,0.8281,0.8281
seqneut25to26_sera_4012,A/SouthAustralia/2520702747/2025_H1N1,plate16-2-A/SouthAustralia/2520702747/2025_H1N1,40,0.008599,0.008599
seqneut25to26_sera_4012,A/SouthAustralia/2520702747/2025_H1N1,plate16-2-A/SouthAustralia/2520702747/2025_H1N1,92,0.1114,0.1114
seqneut25to26_sera_4012,A/SouthAustralia/2520702747/2025_H1N1,plate16-2-A/SouthAustralia/2520702747/2025_H1N1,212,0.8677,0.8677
seqneut25to26_sera_4012,A/SouthAustralia/2520702747/2025_H1N1,plate16-2-A/SouthAustralia/2520702747/2025_H1N1,487,0.6275,0.6275
seqneut25to26_sera_4012,A/SouthAustralia/2520702747/2025_H1N1,plate16-2-A/SouthAustralia/2520702747/2025_H1N1,1119,0.9211,0.9211
seqneut25to26_sera_4012,A/SouthAustralia/2520702747/2025_H1N1,plate16-2-A/SouthAustralia/2520702747/2025_H1N1,2575,0.9503,0.9503
seqneut25to26_sera_4012,A/SouthAustralia/2520702747/2025_H1N1,plate16-2-A/SouthAustralia/2520702747/2025_H1N1,5921,0.8915,0.8915
seqneut25to26_sera_4012,A/SouthAustralia/2520702747/2025_H1N1,plate16-2-A/SouthAustralia/2520702747/2025_H1N1,1.362e+04,1.012,1
seqneut25to26_sera_4012,A/SouthAustralia/2523012764/2025_H1N1,plate16-2-A/SouthAustralia/2523012764/2025_H1N1,40,0.01097,0.01097
seqneut25to26_sera_4012,A/SouthAustralia/2523012764/2025_H1N1,plate16-2-A/SouthAustralia/2523012764/2025_H1N1,92,0.432,0.432
seqneut25to26_sera_4012,A/SouthAustralia/2523012764/2025_H1N1,plate16-2-A/SouthAustralia/2523012764/2025_H1N1,212,0.5322,0.5322
seqneut25to26_sera_4012,A/SouthAustralia/2523012764/2025_H1N1,plate16-2-A/SouthAustralia/2523012764/2025_H1N1,487,0.4022,0.4022
seqneut25to26_sera_4012,A/SouthAustralia/2523012764/2025_H1N1,plate16-2-A/SouthAustralia/2523012764/2025_H1N1,1119,1.254,1
seqneut25to26_sera_4012,A/SouthAustralia/2523012764/2025_H1N1,plate16-2-A/SouthAustralia/2523012764/2025_H1N1,2575,0.9024,0.9024
seqneut25to26_sera_4012,A/SouthAustralia/2523012764/2025_H1N1,plate16-2-A/SouthAustralia/2523012764/2025_H1N1,5921,1.046,1
seqneut25to26_sera_4012,A/SouthAustralia/2523012764/2025_H1N1,plate16-2-A/SouthAustralia/2523012764/2025_H1N1,1.362e+04,0.8435,0.8435
seqneut25to26_sera_4012,A/SouthAustralia/2523812314/2025_H3N2,plate16-2-A/SouthAustralia/2523812314/2025_H3N2,40,0.05285,0.05285
seqneut25to26_sera_4012,A/SouthAustralia/2523812314/2025_H3N2,plate16-2-A/SouthAustralia/2523812314/2025_H3N2,92,0.1669,0.1669
seqneut25to26_sera_4012,A/SouthAustralia/2523812314/2025_H3N2,plate16-2-A/SouthAustralia/2523812314/2025_H3N2,212,0.3222,0.3222
seqneut25to26_sera_4012,A/SouthAustralia/2523812314/2025_H3N2,plate16-2-A/SouthAustralia/2523812314/2025_H3N2,487,0.3859,0.3859
seqneut25to26_sera_4012,A/SouthAustralia/2523812314/2025_H3N2,plate16-2-A/SouthAustralia/2523812314/2025_H3N2,1119,0.6303,0.6303
seqneut25to26_sera_4012,A/SouthAustralia/2523812314/2025_H3N2,plate16-2-A/SouthAustralia/2523812314/2025_H3N2,2575,0.5793,0.5793
seqneut25to26_sera_4012,A/SouthAustralia/2523812314/2025_H3N2,plate16-2-A/SouthAustralia/2523812314/2025_H3N2,5921,1.103,1
seqneut25to26_sera_4012,A/SouthAustralia/2523812314/2025_H3N2,plate16-2-A/SouthAustralia/2523812314/2025_H3N2,1.362e+04,1.158,1
seqneut25to26_sera_4012,A/SouthAustralia/2524408801/2025_H3N2,plate16-2-A/SouthAustralia/2524408801/2025_H3N2,40,0.02429,0.02429
seqneut25to26_sera_4012,A/SouthAustralia/2524408801/2025_H3N2,plate16-2-A/SouthAustralia/2524408801/2025_H3N2,92,0.1331,0.1331
seqneut25to26_sera_4012,A/SouthAustralia/2524408801/2025_H3N2,plate16-2-A/SouthAustralia/2524408801/2025_H3N2,212,0.4585,0.4585
seqneut25to26_sera_4012,A/SouthAustralia/2524408801/2025_H3N2,plate16-2-A/SouthAustralia/2524408801/2025_H3N2,487,0.3213,0.3213
seqneut25to26_sera_4012,A/SouthAustralia/2524408801/2025_H3N2,plate16-2-A/SouthAustralia/2524408801/2025_H3N2,1119,0.5549,0.5549
seqneut25to26_sera_4012,A/SouthAustralia/2524408801/2025_H3N2,plate16-2-A/SouthAustralia/2524408801/2025_H3N2,2575,0.8685,0.8685
seqneut25to26_sera_4012,A/SouthAustralia/2524408801/2025_H3N2,plate16-2-A/SouthAustralia/2524408801/2025_H3N2,5921,0.8116,0.8116
seqneut25to26_sera_4012,A/SouthAustralia/2524408801/2025_H3N2,plate16-2-A/SouthAustralia/2524408801/2025_H3N2,1.362e+04,1.127,1
seqneut25to26_sera_4012,A/SouthAustralia/2524712956/2025_H1N1,plate16-2-A/SouthAustralia/2524712956/2025_H1N1,40,0.02055,0.02055
seqneut25to26_sera_4012,A/SouthAustralia/2524712956/2025_H1N1,plate16-2-A/SouthAustralia/2524712956/2025_H1N1,92,0.2397,0.2397
seqneut25to26_sera_4012,A/SouthAustralia/2524712956/2025_H1N1,plate16-2-A/SouthAustralia/2524712956/2025_H1N1,212,0.4335,0.4335
seqneut25to26_sera_4012,A/SouthAustralia/2524712956/2025_H1N1,plate16-2-A/SouthAustralia/2524712956/2025_H1N1,487,0.4735,0.4735
seqneut25to26_sera_4012,A/SouthAustralia/2524712956/2025_H1N1,plate16-2-A/SouthAustralia/2524712956/2025_H1N1,1119,1.286,1
seqneut25to26_sera_4012,A/SouthAustralia/2524712956/2025_H1N1,plate16-2-A/SouthAustralia/2524712956/2025_H1N1,2575,1.032,1
seqneut25to26_sera_4012,A/SouthAustralia/2524712956/2025_H1N1,plate16-2-A/SouthAustralia/2524712956/2025_H1N1,5921,1.095,1
seqneut25to26_sera_4012,A/SouthAustralia/2524712956/2025_H1N1,plate16-2-A/SouthAustralia/2524712956/2025_H1N1,1.362e+04,1.537,1
seqneut25to26_sera_4012,A/SouthAustralia/2525607496/2025_H3N2,plate16-2-A/SouthAustralia/2525607496/2025_H3N2,40,0.08122,0.08122
seqneut25to26_sera_4012,A/SouthAustralia/2525607496/2025_H3N2,plate16-2-A/SouthAustralia/2525607496/2025_H3N2,92,0.3023,0.3023
seqneut25to26_sera_4012,A/SouthAustralia/2525607496/2025_H3N2,plate16-2-A/SouthAustralia/2525607496/2025_H3N2,212,0.2039,0.2039
seqneut25to26_sera_4012,A/SouthAustralia/2525607496/2025_H3N2,plate16-2-A/SouthAustralia/2525607496/2025_H3N2,487,0.3736,0.3736
seqneut25to26_sera_4012,A/SouthAustralia/2525607496/2025_H3N2,plate16-2-A/SouthAustralia/2525607496/2025_H3N2,1119,0.624,0.624
seqneut25to26_sera_4012,A/SouthAustralia/2525607496/2025_H3N2,plate16-2-A/SouthAustralia/2525607496/2025_H3N2,2575,0.4584,0.4584
seqneut25to26_sera_4012,A/SouthAustralia/2525607496/2025_H3N2,plate16-2-A/SouthAustralia/2525607496/2025_H3N2,5921,0.8835,0.8835
seqneut25to26_sera_4012,A/SouthAustralia/2525607496/2025_H3N2,plate16-2-A/SouthAustralia/2525607496/2025_H3N2,1.362e+04,1.292,1
seqneut25to26_sera_4012,A/SouthAustralia/2527003588/2025_H3N2,plate16-2-A/SouthAustralia/2527003588/2025_H3N2,40,0.07936,0.07936
seqneut25to26_sera_4012,A/SouthAustralia/2527003588/2025_H3N2,plate16-2-A/SouthAustralia/2527003588/2025_H3N2,92,0.352,0.352
seqneut25to26_sera_4012,A/SouthAustralia/2527003588/2025_H3N2,plate16-2-A/SouthAustralia/2527003588/2025_H3N2,212,0.3208,0.3208
seqneut25to26_sera_4012,A/SouthAustralia/2527003588/2025_H3N2,plate16-2-A/SouthAustralia/2527003588/2025_H3N2,487,0.436,0.436
seqneut25to26_sera_4012,A/SouthAustralia/2527003588/2025_H3N2,plate16-2-A/SouthAustralia/2527003588/2025_H3N2,1119,0.618,0.618
seqneut25to26_sera_4012,A/SouthAustralia/2527003588/2025_H3N2,plate16-2-A/SouthAustralia/2527003588/2025_H3N2,2575,1.008,1
seqneut25to26_sera_4012,A/SouthAustralia/2527003588/2025_H3N2,plate16-2-A/SouthAustralia/2527003588/2025_H3N2,5921,0.9182,0.9182
seqneut25to26_sera_4012,A/SouthAustralia/2527003588/2025_H3N2,plate16-2-A/SouthAustralia/2527003588/2025_H3N2,1.362e+04,1.366,1
seqneut25to26_sera_4012,A/SouthAustralia/2527213276/2025_H3N2,plate16-2-A/SouthAustralia/2527213276/2025_H3N2,40,0.004422,0.004422
seqneut25to26_sera_4012,A/SouthAustralia/2527213276/2025_H3N2,plate16-2-A/SouthAustralia/2527213276/2025_H3N2,92,0.06167,0.06167
seqneut25to26_sera_4012,A/SouthAustralia/2527213276/2025_H3N2,plate16-2-A/SouthAustralia/2527213276/2025_H3N2,212,0.1299,0.1299
seqneut25to26_sera_4012,A/SouthAustralia/2527213276/2025_H3N2,plate16-2-A/SouthAustralia/2527213276/2025_H3N2,487,0.3063,0.3063
seqneut25to26_sera_4012,A/SouthAustralia/2527213276/2025_H3N2,plate16-2-A/SouthAustralia/2527213276/2025_H3N2,1119,0.8135,0.8135
seqneut25to26_sera_4012,A/SouthAustralia/2527213276/2025_H3N2,plate16-2-A/SouthAustralia/2527213276/2025_H3N2,2575,0.5451,0.5451
seqneut25to26_sera_4012,A/SouthAustralia/2527213276/2025_H3N2,plate16-2-A/SouthAustralia/2527213276/2025_H3N2,5921,0.7571,0.7571
seqneut25to26_sera_4012,A/SouthAustralia/2527213276/2025_H3N2,plate16-2-A/SouthAustralia/2527213276/2025_H3N2,1.362e+04,0.7817,0.7817
seqneut25to26_sera_4012,A/SouthAustralia/2527612456/2025_H1N1,plate16-2-A/SouthAustralia/2527612456/2025_H1N1,40,0.1805,0.1805
seqneut25to26_sera_4012,A/SouthAustralia/2527612456/2025_H1N1,plate16-2-A/SouthAustralia/2527612456/2025_H1N1,92,0.5565,0.5565
seqneut25to26_sera_4012,A/SouthAustralia/2527612456/2025_H1N1,plate16-2-A/SouthAustralia/2527612456/2025_H1N1,212,0.6235,0.6235
seqneut25to26_sera_4012,A/SouthAustralia/2527612456/2025_H1N1,plate16-2-A/SouthAustralia/2527612456/2025_H1N1,487,0.5528,0.5528
seqneut25to26_sera_4012,A/SouthAustralia/2527612456/2025_H1N1,plate16-2-A/SouthAustralia/2527612456/2025_H1N1,1119,0.9194,0.9194
seqneut25to26_sera_4012,A/SouthAustralia/2527612456/2025_H1N1,plate16-2-A/SouthAustralia/2527612456/2025_H1N1,2575,0.9036,0.9036
seqneut25to26_sera_4012,A/SouthAustralia/2527612456/2025_H1N1,plate16-2-A/SouthAustralia/2527612456/2025_H1N1,5921,1.211,1
seqneut25to26_sera_4012,A/SouthAustralia/2527612456/2025_H1N1,plate16-2-A/SouthAustralia/2527612456/2025_H1N1,1.362e+04,1.061,1
seqneut25to26_sera_4012,A/SouthAustralia/2527902708/2025_H3N2,plate16-2-A/SouthAustralia/2527902708/2025_H3N2,40,0.04918,0.04918
seqneut25to26_sera_4012,A/SouthAustralia/2527902708/2025_H3N2,plate16-2-A/SouthAustralia/2527902708/2025_H3N2,92,0.3298,0.3298
seqneut25to26_sera_4012,A/SouthAustralia/2527902708/2025_H3N2,plate16-2-A/SouthAustralia/2527902708/2025_H3N2,212,0.2123,0.2123
seqneut25to26_sera_4012,A/SouthAustralia/2527902708/2025_H3N2,plate16-2-A/SouthAustralia/2527902708/2025_H3N2,487,0.319,0.319
seqneut25to26_sera_4012,A/SouthAustralia/2527902708/2025_H3N2,plate16-2-A/SouthAustralia/2527902708/2025_H3N2,1119,0.6338,0.6338
seqneut25to26_sera_4012,A/SouthAustralia/2527902708/2025_H3N2,plate16-2-A/SouthAustralia/2527902708/2025_H3N2,2575,0.8673,0.8673
seqneut25to26_sera_4012,A/SouthAustralia/2527902708/2025_H3N2,plate16-2-A/SouthAustralia/2527902708/2025_H3N2,5921,0.9264,0.9264
seqneut25to26_sera_4012,A/SouthAustralia/2527902708/2025_H3N2,plate16-2-A/SouthAustralia/2527902708/2025_H3N2,1.362e+04,1.056,1
seqneut25to26_sera_4012,A/Sydney/1359/2024_H3N2,plate16-2-A/Sydney/1359/2024_H3N2,40,0.02983,0.02983
seqneut25to26_sera_4012,A/Sydney/1359/2024_H3N2,plate16-2-A/Sydney/1359/2024_H3N2,92,0.1296,0.1296
seqneut25to26_sera_4012,A/Sydney/1359/2024_H3N2,plate16-2-A/Sydney/1359/2024_H3N2,212,0.227,0.227
seqneut25to26_sera_4012,A/Sydney/1359/2024_H3N2,plate16-2-A/Sydney/1359/2024_H3N2,487,0.3782,0.3782
seqneut25to26_sera_4012,A/Sydney/1359/2024_H3N2,plate16-2-A/Sydney/1359/2024_H3N2,1119,0.5682,0.5682
seqneut25to26_sera_4012,A/Sydney/1359/2024_H3N2,plate16-2-A/Sydney/1359/2024_H3N2,2575,0.7645,0.7645
seqneut25to26_sera_4012,A/Sydney/1359/2024_H3N2,plate16-2-A/Sydney/1359/2024_H3N2,5921,0.8206,0.8206
seqneut25to26_sera_4012,A/Sydney/1359/2024_H3N2,plate16-2-A/Sydney/1359/2024_H3N2,1.362e+04,1.424,1
seqneut25to26_sera_4012,A/Sydney/400/2025_H1N1,plate16-2-A/Sydney/400/2025_H1N1,40,0.01608,0.01608
seqneut25to26_sera_4012,A/Sydney/400/2025_H1N1,plate16-2-A/Sydney/400/2025_H1N1,92,0.1776,0.1776
seqneut25to26_sera_4012,A/Sydney/400/2025_H1N1,plate16-2-A/Sydney/400/2025_H1N1,212,0.1833,0.1833
seqneut25to26_sera_4012,A/Sydney/400/2025_H1N1,plate16-2-A/Sydney/400/2025_H1N1,487,0.6804,0.6804
seqneut25to26_sera_4012,A/Sydney/400/2025_H1N1,plate16-2-A/Sydney/400/2025_H1N1,1119,0.7507,0.7507
seqneut25to26_sera_4012,A/Sydney/400/2025_H1N1,plate16-2-A/Sydney/400/2025_H1N1,2575,0.5447,0.5447
seqneut25to26_sera_4012,A/Sydney/400/2025_H1N1,plate16-2-A/Sydney/400/2025_H1N1,5921,1.273,1
seqneut25to26_sera_4012,A/Sydney/400/2025_H1N1,plate16-2-A/Sydney/400/2025_H1N1,1.362e+04,1.008,1
seqneut25to26_sera_4012,A/Tasmania/2521815682/2025_H3N2,plate16-2-A/Tasmania/2521815682/2025_H3N2,40,0.08141,0.08141
seqneut25to26_sera_4012,A/Tasmania/2521815682/2025_H3N2,plate16-2-A/Tasmania/2521815682/2025_H3N2,92,0.1614,0.1614
seqneut25to26_sera_4012,A/Tasmania/2521815682/2025_H3N2,plate16-2-A/Tasmania/2521815682/2025_H3N2,212,0.3839,0.3839
seqneut25to26_sera_4012,A/Tasmania/2521815682/2025_H3N2,plate16-2-A/Tasmania/2521815682/2025_H3N2,487,0.2925,0.2925
seqneut25to26_sera_4012,A/Tasmania/2521815682/2025_H3N2,plate16-2-A/Tasmania/2521815682/2025_H3N2,1119,0.5341,0.5341
seqneut25to26_sera_4012,A/Tasmania/2521815682/2025_H3N2,plate16-2-A/Tasmania/2521815682/2025_H3N2,2575,0.5182,0.5182
seqneut25to26_sera_4012,A/Tasmania/2521815682/2025_H3N2,plate16-2-A/Tasmania/2521815682/2025_H3N2,5921,0.9351,0.9351
seqneut25to26_sera_4012,A/Tasmania/2521815682/2025_H3N2,plate16-2-A/Tasmania/2521815682/2025_H3N2,1.362e+04,1.044,1
seqneut25to26_sera_4012,A/Thailand/8/2022_H3N2,plate16-2-A/Thailand/8/2022_H3N2,40,0.0872,0.0872
seqneut25to26_sera_4012,A/Thailand/8/2022_H3N2,plate16-2-A/Thailand/8/2022_H3N2,92,0.3422,0.3422
seqneut25to26_sera_4012,A/Thailand/8/2022_H3N2,plate16-2-A/Thailand/8/2022_H3N2,212,0.4502,0.4502
seqneut25to26_sera_4012,A/Thailand/8/2022_H3N2,plate16-2-A/Thailand/8/2022_H3N2,487,0.8815,0.8815
seqneut25to26_sera_4012,A/Thailand/8/2022_H3N2,plate16-2-A/Thailand/8/2022_H3N2,1119,0.6434,0.6434
seqneut25to26_sera_4012,A/Thailand/8/2022_H3N2,plate16-2-A/Thailand/8/2022_H3N2,2575,0.652,0.652
seqneut25to26_sera_4012,A/Thailand/8/2022_H3N2,plate16-2-A/Thailand/8/2022_H3N2,5921,0.7402,0.7402
seqneut25to26_sera_4012,A/Thailand/8/2022_H3N2,plate16-2-A/Thailand/8/2022_H3N2,1.362e+04,0.8674,0.8674
seqneut25to26_sera_4012,A/Vermont/73/2025_H3N2,plate16-2-A/Vermont/73/2025_H3N2,40,0.02493,0.02493
seqneut25to26_sera_4012,A/Vermont/73/2025_H3N2,plate16-2-A/Vermont/73/2025_H3N2,92,0.1049,0.1049
seqneut25to26_sera_4012,A/Vermont/73/2025_H3N2,plate16-2-A/Vermont/73/2025_H3N2,212,0.6715,0.6715
seqneut25to26_sera_4012,A/Vermont/73/2025_H3N2,plate16-2-A/Vermont/73/2025_H3N2,487,0.394,0.394
seqneut25to26_sera_4012,A/Vermont/73/2025_H3N2,plate16-2-A/Vermont/73/2025_H3N2,1119,0.3303,0.3303
seqneut25to26_sera_4012,A/Vermont/73/2025_H3N2,plate16-2-A/Vermont/73/2025_H3N2,2575,0.5657,0.5657
seqneut25to26_sera_4012,A/Vermont/73/2025_H3N2,plate16-2-A/Vermont/73/2025_H3N2,5921,0.9216,0.9216
seqneut25to26_sera_4012,A/Vermont/73/2025_H3N2,plate16-2-A/Vermont/73/2025_H3N2,1.362e+04,1.131,1
seqneut25to26_sera_4012,A/Victoria/4897/2022_IVR-238_H1N1,plate16-2-A/Victoria/4897/2022_IVR-238_H1N1,40,0.1033,0.1033
seqneut25to26_sera_4012,A/Victoria/4897/2022_IVR-238_H1N1,plate16-2-A/Victoria/4897/2022_IVR-238_H1N1,92,0.246,0.246
seqneut25to26_sera_4012,A/Victoria/4897/2022_IVR-238_H1N1,plate16-2-A/Victoria/4897/2022_IVR-238_H1N1,212,0.4809,0.4809
seqneut25to26_sera_4012,A/Victoria/4897/2022_IVR-238_H1N1,plate16-2-A/Victoria/4897/2022_IVR-238_H1N1,487,0.5119,0.5119
seqneut25to26_sera_4012,A/Victoria/4897/2022_IVR-238_H1N1,plate16-2-A/Victoria/4897/2022_IVR-238_H1N1,1119,0.5498,0.5498
seqneut25to26_sera_4012,A/Victoria/4897/2022_IVR-238_H1N1,plate16-2-A/Victoria/4897/2022_IVR-238_H1N1,2575,0.7875,0.7875
seqneut25to26_sera_4012,A/Victoria/4897/2022_IVR-238_H1N1,plate16-2-A/Victoria/4897/2022_IVR-238_H1N1,5921,1.036,1
seqneut25to26_sera_4012,A/Victoria/4897/2022_IVR-238_H1N1,plate16-2-A/Victoria/4897/2022_IVR-238_H1N1,1.362e+04,1.204,1
seqneut25to26_sera_4012,A/Wisconsin/588/2019_H1N1,plate16-2-A/Wisconsin/588/2019_H1N1,40,0.01831,0.01831
seqneut25to26_sera_4012,A/Wisconsin/588/2019_H1N1,plate16-2-A/Wisconsin/588/2019_H1N1,92,0.1881,0.1881
seqneut25to26_sera_4012,A/Wisconsin/588/2019_H1N1,plate16-2-A/Wisconsin/588/2019_H1N1,212,0.3915,0.3915
seqneut25to26_sera_4012,A/Wisconsin/588/2019_H1N1,plate16-2-A/Wisconsin/588/2019_H1N1,487,1.064,1
seqneut25to26_sera_4012,A/Wisconsin/588/2019_H1N1,plate16-2-A/Wisconsin/588/2019_H1N1,1119,0.8189,0.8189
seqneut25to26_sera_4012,A/Wisconsin/588/2019_H1N1,plate16-2-A/Wisconsin/588/2019_H1N1,2575,0.8603,0.8603
seqneut25to26_sera_4012,A/Wisconsin/588/2019_H1N1,plate16-2-A/Wisconsin/588/2019_H1N1,5921,1.063,1
seqneut25to26_sera_4012,A/Wisconsin/588/2019_H1N1,plate16-2-A/Wisconsin/588/2019_H1N1,1.362e+04,1.23,1
seqneut25to26_sera_4012,A/Wisconsin/67/2022_H1N1,plate16-2-A/Wisconsin/67/2022_H1N1,40,0.1919,0.1919
seqneut25to26_sera_4012,A/Wisconsin/67/2022_H1N1,plate16-2-A/Wisconsin/67/2022_H1N1,92,0.2187,0.2187
seqneut25to26_sera_4012,A/Wisconsin/67/2022_H1N1,plate16-2-A/Wisconsin/67/2022_H1N1,212,0.5014,0.5014
seqneut25to26_sera_4012,A/Wisconsin/67/2022_H1N1,plate16-2-A/Wisconsin/67/2022_H1N1,487,0.5801,0.5801
seqneut25to26_sera_4012,A/Wisconsin/67/2022_H1N1,plate16-2-A/Wisconsin/67/2022_H1N1,1119,0.6756,0.6756
seqneut25to26_sera_4012,A/Wisconsin/67/2022_H1N1,plate16-2-A/Wisconsin/67/2022_H1N1,2575,1.018,1
seqneut25to26_sera_4012,A/Wisconsin/67/2022_H1N1,plate16-2-A/Wisconsin/67/2022_H1N1,5921,0.9903,0.9903
seqneut25to26_sera_4012,A/Wisconsin/67/2022_H1N1,plate16-2-A/Wisconsin/67/2022_H1N1,1.362e+04,1.01,1
seqneut25to26_sera_4012,A/Zacapa/FLU-261/2025_H1N1,plate16-2-A/Zacapa/FLU-261/2025_H1N1,40,0.01522,0.01522
seqneut25to26_sera_4012,A/Zacapa/FLU-261/2025_H1N1,plate16-2-A/Zacapa/FLU-261/2025_H1N1,92,0.1775,0.1775
seqneut25to26_sera_4012,A/Zacapa/FLU-261/2025_H1N1,plate16-2-A/Zacapa/FLU-261/2025_H1N1,212,0.4093,0.4093
seqneut25to26_sera_4012,A/Zacapa/FLU-261/2025_H1N1,plate16-2-A/Zacapa/FLU-261/2025_H1N1,487,0.5057,0.5057
seqneut25to26_sera_4012,A/Zacapa/FLU-261/2025_H1N1,plate16-2-A/Zacapa/FLU-261/2025_H1N1,1119,0.8687,0.8687
seqneut25to26_sera_4012,A/Zacapa/FLU-261/2025_H1N1,plate16-2-A/Zacapa/FLU-261/2025_H1N1,2575,1.704,1
seqneut25to26_sera_4012,A/Zacapa/FLU-261/2025_H1N1,plate16-2-A/Zacapa/FLU-261/2025_H1N1,5921,0.9029,0.9029
seqneut25to26_sera_4012,A/Zacapa/FLU-261/2025_H1N1,plate16-2-A/Zacapa/FLU-261/2025_H1N1,1.362e+04,1.327,1
seqneut25to26_sera_4013,A/Alagoas/4130/2025_H3N2,plate16-2-A/Alagoas/4130/2025_H3N2,40,0.004221,0.004221
seqneut25to26_sera_4013,A/Alagoas/4130/2025_H3N2,plate16-2-A/Alagoas/4130/2025_H3N2,92,0.004641,0.004641
seqneut25to26_sera_4013,A/Alagoas/4130/2025_H3N2,plate16-2-A/Alagoas/4130/2025_H3N2,212,0.07705,0.07705
seqneut25to26_sera_4013,A/Alagoas/4130/2025_H3N2,plate16-2-A/Alagoas/4130/2025_H3N2,487,0.1203,0.1203
seqneut25to26_sera_4013,A/Alagoas/4130/2025_H3N2,plate16-2-A/Alagoas/4130/2025_H3N2,1119,0.5617,0.5617
seqneut25to26_sera_4013,A/Alagoas/4130/2025_H3N2,plate16-2-A/Alagoas/4130/2025_H3N2,2575,0.6205,0.6205
seqneut25to26_sera_4013,A/Alagoas/4130/2025_H3N2,plate16-2-A/Alagoas/4130/2025_H3N2,5921,1.23,1
seqneut25to26_sera_4013,A/Alagoas/4130/2025_H3N2,plate16-2-A/Alagoas/4130/2025_H3N2,1.362e+04,0.7126,0.7126
seqneut25to26_sera_4013,A/Anapolis/LEIAL6543/2025_H3N2,plate16-2-A/Anapolis/LEIAL6543/2025_H3N2,40,0.0002737,0.0002737
seqneut25to26_sera_4013,A/Anapolis/LEIAL6543/2025_H3N2,plate16-2-A/Anapolis/LEIAL6543/2025_H3N2,92,0.004714,0.004714
seqneut25to26_sera_4013,A/Anapolis/LEIAL6543/2025_H3N2,plate16-2-A/Anapolis/LEIAL6543/2025_H3N2,212,0.04878,0.04878
seqneut25to26_sera_4013,A/Anapolis/LEIAL6543/2025_H3N2,plate16-2-A/Anapolis/LEIAL6543/2025_H3N2,487,0.1709,0.1709
seqneut25to26_sera_4013,A/Anapolis/LEIAL6543/2025_H3N2,plate16-2-A/Anapolis/LEIAL6543/2025_H3N2,1119,0.3493,0.3493
seqneut25to26_sera_4013,A/Anapolis/LEIAL6543/2025_H3N2,plate16-2-A/Anapolis/LEIAL6543/2025_H3N2,2575,0.8501,0.8501
seqneut25to26_sera_4013,A/Anapolis/LEIAL6543/2025_H3N2,plate16-2-A/Anapolis/LEIAL6543/2025_H3N2,5921,0.8509,0.8509
seqneut25to26_sera_4013,A/Anapolis/LEIAL6543/2025_H3N2,plate16-2-A/Anapolis/LEIAL6543/2025_H3N2,1.362e+04,0.7754,0.7754
seqneut25to26_sera_4013,A/Andalucia/PMC-00977/2025_H1N1,plate16-2-A/Andalucia/PMC-00977/2025_H1N1,40,0.08151,0.08151
seqneut25to26_sera_4013,A/Andalucia/PMC-00977/2025_H1N1,plate16-2-A/Andalucia/PMC-00977/2025_H1N1,92,0.2672,0.2672
seqneut25to26_sera_4013,A/Andalucia/PMC-00977/2025_H1N1,plate16-2-A/Andalucia/PMC-00977/2025_H1N1,212,0.4161,0.4161
seqneut25to26_sera_4013,A/Andalucia/PMC-00977/2025_H1N1,plate16-2-A/Andalucia/PMC-00977/2025_H1N1,487,0.7403,0.7403
seqneut25to26_sera_4013,A/Andalucia/PMC-00977/2025_H1N1,plate16-2-A/Andalucia/PMC-00977/2025_H1N1,1119,0.7202,0.7202
seqneut25to26_sera_4013,A/Andalucia/PMC-00977/2025_H1N1,plate16-2-A/Andalucia/PMC-00977/2025_H1N1,2575,1.204,1
seqneut25to26_sera_4013,A/Andalucia/PMC-00977/2025_H1N1,plate16-2-A/Andalucia/PMC-00977/2025_H1N1,5921,1.24,1
seqneut25to26_sera_4013,A/Andalucia/PMC-00977/2025_H1N1,plate16-2-A/Andalucia/PMC-00977/2025_H1N1,1.362e+04,1.137,1
seqneut25to26_sera_4013,A/Aragon/2046/2025_H1N1,plate16-2-A/Aragon/2046/2025_H1N1,40,0.007184,0.007184
seqneut25to26_sera_4013,A/Aragon/2046/2025_H1N1,plate16-2-A/Aragon/2046/2025_H1N1,92,0.2322,0.2322
seqneut25to26_sera_4013,A/Aragon/2046/2025_H1N1,plate16-2-A/Aragon/2046/2025_H1N1,212,0.4353,0.4353
seqneut25to26_sera_4013,A/Aragon/2046/2025_H1N1,plate16-2-A/Aragon/2046/2025_H1N1,487,1.472,1
seqneut25to26_sera_4013,A/Aragon/2046/2025_H1N1,plate16-2-A/Aragon/2046/2025_H1N1,1119,0.6004,0.6004
seqneut25to26_sera_4013,A/Aragon/2046/2025_H1N1,plate16-2-A/Aragon/2046/2025_H1N1,2575,0.7997,0.7997
seqneut25to26_sera_4013,A/Aragon/2046/2025_H1N1,plate16-2-A/Aragon/2046/2025_H1N1,5921,1.955,1
seqneut25to26_sera_4013,A/Aragon/2046/2025_H1N1,plate16-2-A/Aragon/2046/2025_H1N1,1.362e+04,1.036,1
seqneut25to26_sera_4013,A/Arica/59150/2025_H3N2,plate16-2-A/Arica/59150/2025_H3N2,40,0.0004071,0.0004071
seqneut25to26_sera_4013,A/Arica/59150/2025_H3N2,plate16-2-A/Arica/59150/2025_H3N2,92,0.00224,0.00224
seqneut25to26_sera_4013,A/Arica/59150/2025_H3N2,plate16-2-A/Arica/59150/2025_H3N2,212,0.007574,0.007574
seqneut25to26_sera_4013,A/Arica/59150/2025_H3N2,plate16-2-A/Arica/59150/2025_H3N2,487,0.1425,0.1425
seqneut25to26_sera_4013,A/Arica/59150/2025_H3N2,plate16-2-A/Arica/59150/2025_H3N2,1119,0.3038,0.3038
seqneut25to26_sera_4013,A/Arica/59150/2025_H3N2,plate16-2-A/Arica/59150/2025_H3N2,2575,0.5333,0.5333
seqneut25to26_sera_4013,A/Arica/59150/2025_H3N2,plate16-2-A/Arica/59150/2025_H3N2,5921,1.114,1
seqneut25to26_sera_4013,A/Arica/59150/2025_H3N2,plate16-2-A/Arica/59150/2025_H3N2,1.362e+04,1.058,1
seqneut25to26_sera_4013,A/Bahia/3102/2025_H3N2,plate16-2-A/Bahia/3102/2025_H3N2,40,0.000889,0.000889
seqneut25to26_sera_4013,A/Bahia/3102/2025_H3N2,plate16-2-A/Bahia/3102/2025_H3N2,92,0.000194,0.000194
seqneut25to26_sera_4013,A/Bahia/3102/2025_H3N2,plate16-2-A/Bahia/3102/2025_H3N2,212,0.009544,0.009544
seqneut25to26_sera_4013,A/Bahia/3102/2025_H3N2,plate16-2-A/Bahia/3102/2025_H3N2,487,0.2188,0.2188
seqneut25to26_sera_4013,A/Bahia/3102/2025_H3N2,plate16-2-A/Bahia/3102/2025_H3N2,1119,0.1776,0.1776
seqneut25to26_sera_4013,A/Bahia/3102/2025_H3N2,plate16-2-A/Bahia/3102/2025_H3N2,2575,0.5171,0.5171
seqneut25to26_sera_4013,A/Bahia/3102/2025_H3N2,plate16-2-A/Bahia/3102/2025_H3N2,5921,1.022,1
seqneut25to26_sera_4013,A/Bahia/3102/2025_H3N2,plate16-2-A/Bahia/3102/2025_H3N2,1.362e+04,0.9,0.9
seqneut25to26_sera_4013,A/Bangkok/1803/2025_H1N1,plate16-2-A/Bangkok/1803/2025_H1N1,40,0.01163,0.01163
seqneut25to26_sera_4013,A/Bangkok/1803/2025_H1N1,plate16-2-A/Bangkok/1803/2025_H1N1,92,0.2605,0.2605
seqneut25to26_sera_4013,A/Bangkok/1803/2025_H1N1,plate16-2-A/Bangkok/1803/2025_H1N1,212,0.3195,0.3195
seqneut25to26_sera_4013,A/Bangkok/1803/2025_H1N1,plate16-2-A/Bangkok/1803/2025_H1N1,487,0.5688,0.5688
seqneut25to26_sera_4013,A/Bangkok/1803/2025_H1N1,plate16-2-A/Bangkok/1803/2025_H1N1,1119,0.6561,0.6561
seqneut25to26_sera_4013,A/Bangkok/1803/2025_H1N1,plate16-2-A/Bangkok/1803/2025_H1N1,2575,0.5779,0.5779
seqneut25to26_sera_4013,A/Bangkok/1803/2025_H1N1,plate16-2-A/Bangkok/1803/2025_H1N1,5921,1.078,1
seqneut25to26_sera_4013,A/Bangkok/1803/2025_H1N1,plate16-2-A/Bangkok/1803/2025_H1N1,1.362e+04,0.8435,0.8435
seqneut25to26_sera_4013,A/Bangkok/P2229/2025_H1N1,plate16-2-A/Bangkok/P2229/2025_H1N1,40,0.03311,0.03311
seqneut25to26_sera_4013,A/Bangkok/P2229/2025_H1N1,plate16-2-A/Bangkok/P2229/2025_H1N1,92,0.1317,0.1317
seqneut25to26_sera_4013,A/Bangkok/P2229/2025_H1N1,plate16-2-A/Bangkok/P2229/2025_H1N1,212,0.3454,0.3454
seqneut25to26_sera_4013,A/Bangkok/P2229/2025_H1N1,plate16-2-A/Bangkok/P2229/2025_H1N1,487,0.8025,0.8025
seqneut25to26_sera_4013,A/Bangkok/P2229/2025_H1N1,plate16-2-A/Bangkok/P2229/2025_H1N1,1119,0.6155,0.6155
seqneut25to26_sera_4013,A/Bangkok/P2229/2025_H1N1,plate16-2-A/Bangkok/P2229/2025_H1N1,2575,1.284,1
seqneut25to26_sera_4013,A/Bangkok/P2229/2025_H1N1,plate16-2-A/Bangkok/P2229/2025_H1N1,5921,1.22,1
seqneut25to26_sera_4013,A/Bangkok/P2229/2025_H1N1,plate16-2-A/Bangkok/P2229/2025_H1N1,1.362e+04,0.5999,0.5999
seqneut25to26_sera_4013,A/Bangkok/P2323/2025_H3N2,plate16-2-A/Bangkok/P2323/2025_H3N2,40,0.01095,0.01095
seqneut25to26_sera_4013,A/Bangkok/P2323/2025_H3N2,plate16-2-A/Bangkok/P2323/2025_H3N2,92,0.08695,0.08695
seqneut25to26_sera_4013,A/Bangkok/P2323/2025_H3N2,plate16-2-A/Bangkok/P2323/2025_H3N2,212,0.4391,0.4391
seqneut25to26_sera_4013,A/Bangkok/P2323/2025_H3N2,plate16-2-A/Bangkok/P2323/2025_H3N2,487,0.4343,0.4343
seqneut25to26_sera_4013,A/Bangkok/P2323/2025_H3N2,plate16-2-A/Bangkok/P2323/2025_H3N2,1119,0.6428,0.6428
seqneut25to26_sera_4013,A/Bangkok/P2323/2025_H3N2,plate16-2-A/Bangkok/P2323/2025_H3N2,2575,1.302,1
seqneut25to26_sera_4013,A/Bangkok/P2323/2025_H3N2,plate16-2-A/Bangkok/P2323/2025_H3N2,5921,1.34,1
seqneut25to26_sera_4013,A/Bangkok/P2323/2025_H3N2,plate16-2-A/Bangkok/P2323/2025_H3N2,1.362e+04,1.104,1
seqneut25to26_sera_4013,A/Bangkok/P2390/2025_H3N2,plate16-2-A/Bangkok/P2390/2025_H3N2,40,0.003405,0.003405
seqneut25to26_sera_4013,A/Bangkok/P2390/2025_H3N2,plate16-2-A/Bangkok/P2390/2025_H3N2,92,0.02843,0.02843
seqneut25to26_sera_4013,A/Bangkok/P2390/2025_H3N2,plate16-2-A/Bangkok/P2390/2025_H3N2,212,0.3615,0.3615
seqneut25to26_sera_4013,A/Bangkok/P2390/2025_H3N2,plate16-2-A/Bangkok/P2390/2025_H3N2,487,0.5797,0.5797
seqneut25to26_sera_4013,A/Bangkok/P2390/2025_H3N2,plate16-2-A/Bangkok/P2390/2025_H3N2,1119,0.5947,0.5947
seqneut25to26_sera_4013,A/Bangkok/P2390/2025_H3N2,plate16-2-A/Bangkok/P2390/2025_H3N2,2575,1.161,1
seqneut25to26_sera_4013,A/Bangkok/P2390/2025_H3N2,plate16-2-A/Bangkok/P2390/2025_H3N2,5921,1.474,1
seqneut25to26_sera_4013,A/Bangkok/P2390/2025_H3N2,plate16-2-A/Bangkok/P2390/2025_H3N2,1.362e+04,1.073,1
seqneut25to26_sera_4013,A/Bangkok/P2391/2025_H3N2,plate16-2-A/Bangkok/P2391/2025_H3N2,40,0.05398,0.05398
seqneut25to26_sera_4013,A/Bangkok/P2391/2025_H3N2,plate16-2-A/Bangkok/P2391/2025_H3N2,92,0.04089,0.04089
seqneut25to26_sera_4013,A/Bangkok/P2391/2025_H3N2,plate16-2-A/Bangkok/P2391/2025_H3N2,212,0.2199,0.2199
seqneut25to26_sera_4013,A/Bangkok/P2391/2025_H3N2,plate16-2-A/Bangkok/P2391/2025_H3N2,487,0.349,0.349
seqneut25to26_sera_4013,A/Bangkok/P2391/2025_H3N2,plate16-2-A/Bangkok/P2391/2025_H3N2,1119,0.6,0.6
seqneut25to26_sera_4013,A/Bangkok/P2391/2025_H3N2,plate16-2-A/Bangkok/P2391/2025_H3N2,2575,0.5707,0.5707
seqneut25to26_sera_4013,A/Bangkok/P2391/2025_H3N2,plate16-2-A/Bangkok/P2391/2025_H3N2,5921,0.8358,0.8358
seqneut25to26_sera_4013,A/Bangkok/P2391/2025_H3N2,plate16-2-A/Bangkok/P2391/2025_H3N2,1.362e+04,0.7594,0.7594
seqneut25to26_sera_4013,A/Bangkok/P2572/2025_H3N2,plate16-2-A/Bangkok/P2572/2025_H3N2,40,0.0006154,0.0006154
seqneut25to26_sera_4013,A/Bangkok/P2572/2025_H3N2,plate16-2-A/Bangkok/P2572/2025_H3N2,92,0.0393,0.0393
seqneut25to26_sera_4013,A/Bangkok/P2572/2025_H3N2,plate16-2-A/Bangkok/P2572/2025_H3N2,212,0.1616,0.1616
seqneut25to26_sera_4013,A/Bangkok/P2572/2025_H3N2,plate16-2-A/Bangkok/P2572/2025_H3N2,487,0.314,0.314
seqneut25to26_sera_4013,A/Bangkok/P2572/2025_H3N2,plate16-2-A/Bangkok/P2572/2025_H3N2,1119,0.4786,0.4786
seqneut25to26_sera_4013,A/Bangkok/P2572/2025_H3N2,plate16-2-A/Bangkok/P2572/2025_H3N2,2575,0.9567,0.9567
seqneut25to26_sera_4013,A/Bangkok/P2572/2025_H3N2,plate16-2-A/Bangkok/P2572/2025_H3N2,5921,0.9659,0.9659
seqneut25to26_sera_4013,A/Bangkok/P2572/2025_H3N2,plate16-2-A/Bangkok/P2572/2025_H3N2,1.362e+04,0.9551,0.9551
seqneut25to26_sera_4013,A/Bangkok/P2921/2025_H3N2,plate16-2-A/Bangkok/P2921/2025_H3N2,40,0.0008519,0.0008519
seqneut25to26_sera_4013,A/Bangkok/P2921/2025_H3N2,plate16-2-A/Bangkok/P2921/2025_H3N2,92,0.0973,0.0973
seqneut25to26_sera_4013,A/Bangkok/P2921/2025_H3N2,plate16-2-A/Bangkok/P2921/2025_H3N2,212,0.2751,0.2751
seqneut25to26_sera_4013,A/Bangkok/P2921/2025_H3N2,plate16-2-A/Bangkok/P2921/2025_H3N2,487,0.5763,0.5763
seqneut25to26_sera_4013,A/Bangkok/P2921/2025_H3N2,plate16-2-A/Bangkok/P2921/2025_H3N2,1119,0.5898,0.5898
seqneut25to26_sera_4013,A/Bangkok/P2921/2025_H3N2,plate16-2-A/Bangkok/P2921/2025_H3N2,2575,0.8824,0.8824
seqneut25to26_sera_4013,A/Bangkok/P2921/2025_H3N2,plate16-2-A/Bangkok/P2921/2025_H3N2,5921,1.494,1
seqneut25to26_sera_4013,A/Bangkok/P2921/2025_H3N2,plate16-2-A/Bangkok/P2921/2025_H3N2,1.362e+04,0.8371,0.8371
seqneut25to26_sera_4013,A/Bangkok/P3067/2025_H1N1,plate16-2-A/Bangkok/P3067/2025_H1N1,40,0.01459,0.01459
seqneut25to26_sera_4013,A/Bangkok/P3067/2025_H1N1,plate16-2-A/Bangkok/P3067/2025_H1N1,92,0.1664,0.1664
seqneut25to26_sera_4013,A/Bangkok/P3067/2025_H1N1,plate16-2-A/Bangkok/P3067/2025_H1N1,212,0.5638,0.5638
seqneut25to26_sera_4013,A/Bangkok/P3067/2025_H1N1,plate16-2-A/Bangkok/P3067/2025_H1N1,487,0.7136,0.7136
seqneut25to26_sera_4013,A/Bangkok/P3067/2025_H1N1,plate16-2-A/Bangkok/P3067/2025_H1N1,1119,0.7708,0.7708
seqneut25to26_sera_4013,A/Bangkok/P3067/2025_H1N1,plate16-2-A/Bangkok/P3067/2025_H1N1,2575,0.987,0.987
seqneut25to26_sera_4013,A/Bangkok/P3067/2025_H1N1,plate16-2-A/Bangkok/P3067/2025_H1N1,5921,1.54,1
seqneut25to26_sera_4013,A/Bangkok/P3067/2025_H1N1,plate16-2-A/Bangkok/P3067/2025_H1N1,1.362e+04,0.7416,0.7416
seqneut25to26_sera_4013,A/Bangkok/P3263/2025_H3N2,plate16-2-A/Bangkok/P3263/2025_H3N2,40,0.004579,0.004579
seqneut25to26_sera_4013,A/Bangkok/P3263/2025_H3N2,plate16-2-A/Bangkok/P3263/2025_H3N2,92,0.01303,0.01303
seqneut25to26_sera_4013,A/Bangkok/P3263/2025_H3N2,plate16-2-A/Bangkok/P3263/2025_H3N2,212,0.0685,0.0685
seqneut25to26_sera_4013,A/Bangkok/P3263/2025_H3N2,plate16-2-A/Bangkok/P3263/2025_H3N2,487,0.3464,0.3464
seqneut25to26_sera_4013,A/Bangkok/P3263/2025_H3N2,plate16-2-A/Bangkok/P3263/2025_H3N2,1119,0.3903,0.3903
seqneut25to26_sera_4013,A/Bangkok/P3263/2025_H3N2,plate16-2-A/Bangkok/P3263/2025_H3N2,2575,0.9387,0.9387
seqneut25to26_sera_4013,A/Bangkok/P3263/2025_H3N2,plate16-2-A/Bangkok/P3263/2025_H3N2,5921,1.112,1
seqneut25to26_sera_4013,A/Bangkok/P3263/2025_H3N2,plate16-2-A/Bangkok/P3263/2025_H3N2,1.362e+04,0.8339,0.8339
seqneut25to26_sera_4013,A/Belgium/H0097/2025_H3N2,plate16-2-A/Belgium/H0097/2025_H3N2,40,0.0006837,0.0006837
seqneut25to26_sera_4013,A/Belgium/H0097/2025_H3N2,plate16-2-A/Belgium/H0097/2025_H3N2,92,0.02109,0.02109
seqneut25to26_sera_4013,A/Belgium/H0097/2025_H3N2,plate16-2-A/Belgium/H0097/2025_H3N2,212,0.1352,0.1352
seqneut25to26_sera_4013,A/Belgium/H0097/2025_H3N2,plate16-2-A/Belgium/H0097/2025_H3N2,487,0.3198,0.3198
seqneut25to26_sera_4013,A/Belgium/H0097/2025_H3N2,plate16-2-A/Belgium/H0097/2025_H3N2,1119,0.5566,0.5566
seqneut25to26_sera_4013,A/Belgium/H0097/2025_H3N2,plate16-2-A/Belgium/H0097/2025_H3N2,2575,0.8109,0.8109
seqneut25to26_sera_4013,A/Belgium/H0097/2025_H3N2,plate16-2-A/Belgium/H0097/2025_H3N2,5921,1.47,1
seqneut25to26_sera_4013,A/Belgium/H0097/2025_H3N2,plate16-2-A/Belgium/H0097/2025_H3N2,1.362e+04,0.8673,0.8673
seqneut25to26_sera_4013,A/Bhutan/1267/2025_H3N2,plate16-2-A/Bhutan/1267/2025_H3N2,40,0.0002999,0.0002999
seqneut25to26_sera_4013,A/Bhutan/1267/2025_H3N2,plate16-2-A/Bhutan/1267/2025_H3N2,92,0.001144,0.001144
seqneut25to26_sera_4013,A/Bhutan/1267/2025_H3N2,plate16-2-A/Bhutan/1267/2025_H3N2,212,0.04977,0.04977
seqneut25to26_sera_4013,A/Bhutan/1267/2025_H3N2,plate16-2-A/Bhutan/1267/2025_H3N2,487,0.1444,0.1444
seqneut25to26_sera_4013,A/Bhutan/1267/2025_H3N2,plate16-2-A/Bhutan/1267/2025_H3N2,1119,0.5633,0.5633
seqneut25to26_sera_4013,A/Bhutan/1267/2025_H3N2,plate16-2-A/Bhutan/1267/2025_H3N2,2575,0.9551,0.9551
seqneut25to26_sera_4013,A/Bhutan/1267/2025_H3N2,plate16-2-A/Bhutan/1267/2025_H3N2,5921,1.063,1
seqneut25to26_sera_4013,A/Bhutan/1267/2025_H3N2,plate16-2-A/Bhutan/1267/2025_H3N2,1.362e+04,0.9098,0.9098
seqneut25to26_sera_4013,A/Bhutan/7/2025_H3N2,plate16-2-A/Bhutan/7/2025_H3N2,40,0.0002347,0.0002347
seqneut25to26_sera_4013,A/Bhutan/7/2025_H3N2,plate16-2-A/Bhutan/7/2025_H3N2,92,0.000437,0.000437
seqneut25to26_sera_4013,A/Bhutan/7/2025_H3N2,plate16-2-A/Bhutan/7/2025_H3N2,212,0.01475,0.01475
seqneut25to26_sera_4013,A/Bhutan/7/2025_H3N2,plate16-2-A/Bhutan/7/2025_H3N2,487,0.2576,0.2576
seqneut25to26_sera_4013,A/Bhutan/7/2025_H3N2,plate16-2-A/Bhutan/7/2025_H3N2,1119,0.625,0.625
seqneut25to26_sera_4013,A/Bhutan/7/2025_H3N2,plate16-2-A/Bhutan/7/2025_H3N2,2575,1.129,1
seqneut25to26_sera_4013,A/Bhutan/7/2025_H3N2,plate16-2-A/Bhutan/7/2025_H3N2,5921,1.012,1
seqneut25to26_sera_4013,A/Bhutan/7/2025_H3N2,plate16-2-A/Bhutan/7/2025_H3N2,1.362e+04,0.9276,0.9276
seqneut25to26_sera_4013,A/BritishColumbia/PHL-2473/2025_H1N1,plate16-2-A/BritishColumbia/PHL-2473/2025_H1N1,40,0.04543,0.04543
seqneut25to26_sera_4013,A/BritishColumbia/PHL-2473/2025_H1N1,plate16-2-A/BritishColumbia/PHL-2473/2025_H1N1,92,0.2267,0.2267
seqneut25to26_sera_4013,A/BritishColumbia/PHL-2473/2025_H1N1,plate16-2-A/BritishColumbia/PHL-2473/2025_H1N1,212,0.4935,0.4935
seqneut25to26_sera_4013,A/BritishColumbia/PHL-2473/2025_H1N1,plate16-2-A/BritishColumbia/PHL-2473/2025_H1N1,487,1.083,1
seqneut25to26_sera_4013,A/BritishColumbia/PHL-2473/2025_H1N1,plate16-2-A/BritishColumbia/PHL-2473/2025_H1N1,1119,0.4539,0.4539
seqneut25to26_sera_4013,A/BritishColumbia/PHL-2473/2025_H1N1,plate16-2-A/BritishColumbia/PHL-2473/2025_H1N1,2575,1.035,1
seqneut25to26_sera_4013,A/BritishColumbia/PHL-2473/2025_H1N1,plate16-2-A/BritishColumbia/PHL-2473/2025_H1N1,5921,1.765,1
seqneut25to26_sera_4013,A/BritishColumbia/PHL-2473/2025_H1N1,plate16-2-A/BritishColumbia/PHL-2473/2025_H1N1,1.362e+04,1.179,1
seqneut25to26_sera_4013,A/California/61/2025_H3N2,plate16-2-A/California/61/2025_H3N2,40,0.0004754,0.0004754
seqneut25to26_sera_4013,A/California/61/2025_H3N2,plate16-2-A/California/61/2025_H3N2,92,0.03945,0.03945
seqneut25to26_sera_4013,A/California/61/2025_H3N2,plate16-2-A/California/61/2025_H3N2,212,0.04661,0.04661
seqneut25to26_sera_4013,A/California/61/2025_H3N2,plate16-2-A/California/61/2025_H3N2,487,0.3238,0.3238
seqneut25to26_sera_4013,A/California/61/2025_H3N2,plate16-2-A/California/61/2025_H3N2,1119,0.5028,0.5028
seqneut25to26_sera_4013,A/California/61/2025_H3N2,plate16-2-A/California/61/2025_H3N2,2575,0.8334,0.8334
seqneut25to26_sera_4013,A/California/61/2025_H3N2,plate16-2-A/California/61/2025_H3N2,5921,1.071,1
seqneut25to26_sera_4013,A/California/61/2025_H3N2,plate16-2-A/California/61/2025_H3N2,1.362e+04,1.16,1
seqneut25to26_sera_4013,A/California/63/2025_H1N1,plate16-2-A/California/63/2025_H1N1,40,0.008278,0.008278
seqneut25to26_sera_4013,A/California/63/2025_H1N1,plate16-2-A/California/63/2025_H1N1,92,0.1161,0.1161
seqneut25to26_sera_4013,A/California/63/2025_H1N1,plate16-2-A/California/63/2025_H1N1,212,0.4903,0.4903
seqneut25to26_sera_4013,A/California/63/2025_H1N1,plate16-2-A/California/63/2025_H1N1,487,0.3811,0.3811
seqneut25to26_sera_4013,A/California/63/2025_H1N1,plate16-2-A/California/63/2025_H1N1,1119,0.5358,0.5358
seqneut25to26_sera_4013,A/California/63/2025_H1N1,plate16-2-A/California/63/2025_H1N1,2575,0.7007,0.7007
seqneut25to26_sera_4013,A/California/63/2025_H1N1,plate16-2-A/California/63/2025_H1N1,5921,0.8292,0.8292
seqneut25to26_sera_4013,A/California/63/2025_H1N1,plate16-2-A/California/63/2025_H1N1,1.362e+04,0.5791,0.5791
seqneut25to26_sera_4013,A/Canberra/465/2025_H1N1,plate16-2-A/Canberra/465/2025_H1N1,40,0.02016,0.02016
seqneut25to26_sera_4013,A/Canberra/465/2025_H1N1,plate16-2-A/Canberra/465/2025_H1N1,92,0.1889,0.1889
seqneut25to26_sera_4013,A/Canberra/465/2025_H1N1,plate16-2-A/Canberra/465/2025_H1N1,212,0.4504,0.4504
seqneut25to26_sera_4013,A/Canberra/465/2025_H1N1,plate16-2-A/Canberra/465/2025_H1N1,487,0.6841,0.6841
seqneut25to26_sera_4013,A/Canberra/465/2025_H1N1,plate16-2-A/Canberra/465/2025_H1N1,1119,0.7773,0.7773
seqneut25to26_sera_4013,A/Canberra/465/2025_H1N1,plate16-2-A/Canberra/465/2025_H1N1,2575,0.9985,0.9985
seqneut25to26_sera_4013,A/Canberra/465/2025_H1N1,plate16-2-A/Canberra/465/2025_H1N1,5921,1.5,1
seqneut25to26_sera_4013,A/Canberra/465/2025_H1N1,plate16-2-A/Canberra/465/2025_H1N1,1.362e+04,0.7305,0.7305
seqneut25to26_sera_4013,A/Canberra/530/2025_H1N1,plate16-2-A/Canberra/530/2025_H1N1,40,0.0531,0.0531
seqneut25to26_sera_4013,A/Canberra/530/2025_H1N1,plate16-2-A/Canberra/530/2025_H1N1,92,0.2632,0.2632
seqneut25to26_sera_4013,A/Canberra/530/2025_H1N1,plate16-2-A/Canberra/530/2025_H1N1,212,0.3535,0.3535
seqneut25to26_sera_4013,A/Canberra/530/2025_H1N1,plate16-2-A/Canberra/530/2025_H1N1,487,0.7593,0.7593
seqneut25to26_sera_4013,A/Canberra/530/2025_H1N1,plate16-2-A/Canberra/530/2025_H1N1,1119,1.048,1
seqneut25to26_sera_4013,A/Canberra/530/2025_H1N1,plate16-2-A/Canberra/530/2025_H1N1,2575,1.065,1
seqneut25to26_sera_4013,A/Canberra/530/2025_H1N1,plate16-2-A/Canberra/530/2025_H1N1,5921,1.793,1
seqneut25to26_sera_4013,A/Canberra/530/2025_H1N1,plate16-2-A/Canberra/530/2025_H1N1,1.362e+04,0.9236,0.9236
seqneut25to26_sera_4013,A/Catalonia/NSVH102689455/2025_H1N1,plate16-2-A/Catalonia/NSVH102689455/2025_H1N1,40,0.008811,0.008811
seqneut25to26_sera_4013,A/Catalonia/NSVH102689455/2025_H1N1,plate16-2-A/Catalonia/NSVH102689455/2025_H1N1,92,0.283,0.283
seqneut25to26_sera_4013,A/Catalonia/NSVH102689455/2025_H1N1,plate16-2-A/Catalonia/NSVH102689455/2025_H1N1,212,0.9599,0.9599
seqneut25to26_sera_4013,A/Catalonia/NSVH102689455/2025_H1N1,plate16-2-A/Catalonia/NSVH102689455/2025_H1N1,487,0.9534,0.9534
seqneut25to26_sera_4013,A/Catalonia/NSVH102689455/2025_H1N1,plate16-2-A/Catalonia/NSVH102689455/2025_H1N1,1119,0.5178,0.5178
seqneut25to26_sera_4013,A/Catalonia/NSVH102689455/2025_H1N1,plate16-2-A/Catalonia/NSVH102689455/2025_H1N1,2575,1.628,1
seqneut25to26_sera_4013,A/Catalonia/NSVH102689455/2025_H1N1,plate16-2-A/Catalonia/NSVH102689455/2025_H1N1,5921,1.213,1
seqneut25to26_sera_4013,A/Catalonia/NSVH102689455/2025_H1N1,plate16-2-A/Catalonia/NSVH102689455/2025_H1N1,1.362e+04,0.9718,0.9718
seqneut25to26_sera_4013,A/Colorado/105/2025_H1N1,plate16-2-A/Colorado/105/2025_H1N1,40,0.06872,0.06872
seqneut25to26_sera_4013,A/Colorado/105/2025_H1N1,plate16-2-A/Colorado/105/2025_H1N1,92,0.421,0.421
seqneut25to26_sera_4013,A/Colorado/105/2025_H1N1,plate16-2-A/Colorado/105/2025_H1N1,212,0.6135,0.6135
seqneut25to26_sera_4013,A/Colorado/105/2025_H1N1,plate16-2-A/Colorado/105/2025_H1N1,487,0.8615,0.8615
seqneut25to26_sera_4013,A/Colorado/105/2025_H1N1,plate16-2-A/Colorado/105/2025_H1N1,1119,0.9139,0.9139
seqneut25to26_sera_4013,A/Colorado/105/2025_H1N1,plate16-2-A/Colorado/105/2025_H1N1,2575,0.9438,0.9438
seqneut25to26_sera_4013,A/Colorado/105/2025_H1N1,plate16-2-A/Colorado/105/2025_H1N1,5921,1.103,1
seqneut25to26_sera_4013,A/Colorado/105/2025_H1N1,plate16-2-A/Colorado/105/2025_H1N1,1.362e+04,1.053,1
seqneut25to26_sera_4013,A/CoteDIvoire/2007/2025_H1N1,plate16-2-A/CoteDIvoire/2007/2025_H1N1,40,0.0582,0.0582
seqneut25to26_sera_4013,A/CoteDIvoire/2007/2025_H1N1,plate16-2-A/CoteDIvoire/2007/2025_H1N1,92,0.1544,0.1544
seqneut25to26_sera_4013,A/CoteDIvoire/2007/2025_H1N1,plate16-2-A/CoteDIvoire/2007/2025_H1N1,212,0.5376,0.5376
seqneut25to26_sera_4013,A/CoteDIvoire/2007/2025_H1N1,plate16-2-A/CoteDIvoire/2007/2025_H1N1,487,0.5623,0.5623
seqneut25to26_sera_4013,A/CoteDIvoire/2007/2025_H1N1,plate16-2-A/CoteDIvoire/2007/2025_H1N1,1119,0.8818,0.8818
seqneut25to26_sera_4013,A/CoteDIvoire/2007/2025_H1N1,plate16-2-A/CoteDIvoire/2007/2025_H1N1,2575,1.363,1
seqneut25to26_sera_4013,A/CoteDIvoire/2007/2025_H1N1,plate16-2-A/CoteDIvoire/2007/2025_H1N1,5921,1.229,1
seqneut25to26_sera_4013,A/CoteDIvoire/2007/2025_H1N1,plate16-2-A/CoteDIvoire/2007/2025_H1N1,1.362e+04,0.9747,0.9747
seqneut25to26_sera_4013,A/Croatia/10136RV/2023-egg_H3N2,plate16-2-A/Croatia/10136RV/2023-egg_H3N2,40,0.003171,0.003171
seqneut25to26_sera_4013,A/Croatia/10136RV/2023-egg_H3N2,plate16-2-A/Croatia/10136RV/2023-egg_H3N2,92,0.004664,0.004664
seqneut25to26_sera_4013,A/Croatia/10136RV/2023-egg_H3N2,plate16-2-A/Croatia/10136RV/2023-egg_H3N2,212,0.04783,0.04783
seqneut25to26_sera_4013,A/Croatia/10136RV/2023-egg_H3N2,plate16-2-A/Croatia/10136RV/2023-egg_H3N2,487,0.2253,0.2253
seqneut25to26_sera_4013,A/Croatia/10136RV/2023-egg_H3N2,plate16-2-A/Croatia/10136RV/2023-egg_H3N2,1119,0.1846,0.1846
seqneut25to26_sera_4013,A/Croatia/10136RV/2023-egg_H3N2,plate16-2-A/Croatia/10136RV/2023-egg_H3N2,2575,0.7291,0.7291
seqneut25to26_sera_4013,A/Croatia/10136RV/2023-egg_H3N2,plate16-2-A/Croatia/10136RV/2023-egg_H3N2,5921,0.7021,0.7021
seqneut25to26_sera_4013,A/Croatia/10136RV/2023-egg_H3N2,plate16-2-A/Croatia/10136RV/2023-egg_H3N2,1.362e+04,1.286,1
seqneut25to26_sera_4013,A/Darwin/1405/2025_H1N1,plate16-2-A/Darwin/1405/2025_H1N1,40,0.02073,0.02073
seqneut25to26_sera_4013,A/Darwin/1405/2025_H1N1,plate16-2-A/Darwin/1405/2025_H1N1,92,0.2543,0.2543
seqneut25to26_sera_4013,A/Darwin/1405/2025_H1N1,plate16-2-A/Darwin/1405/2025_H1N1,212,0.5478,0.5478
seqneut25to26_sera_4013,A/Darwin/1405/2025_H1N1,plate16-2-A/Darwin/1405/2025_H1N1,487,0.8645,0.8645
seqneut25to26_sera_4013,A/Darwin/1405/2025_H1N1,plate16-2-A/Darwin/1405/2025_H1N1,1119,0.673,0.673
seqneut25to26_sera_4013,A/Darwin/1405/2025_H1N1,plate16-2-A/Darwin/1405/2025_H1N1,2575,1.113,1
seqneut25to26_sera_4013,A/Darwin/1405/2025_H1N1,plate16-2-A/Darwin/1405/2025_H1N1,5921,1.707,1
seqneut25to26_sera_4013,A/Darwin/1405/2025_H1N1,plate16-2-A/Darwin/1405/2025_H1N1,1.362e+04,0.9312,0.9312
seqneut25to26_sera_4013,A/Darwin/1461/2025_H3N2,plate16-2-A/Darwin/1461/2025_H3N2,40,0.1165,0.1165
seqneut25to26_sera_4013,A/Darwin/1461/2025_H3N2,plate16-2-A/Darwin/1461/2025_H3N2,92,0.1074,0.1074
seqneut25to26_sera_4013,A/Darwin/1461/2025_H3N2,plate16-2-A/Darwin/1461/2025_H3N2,212,0.2677,0.2677
seqneut25to26_sera_4013,A/Darwin/1461/2025_H3N2,plate16-2-A/Darwin/1461/2025_H3N2,487,0.8928,0.8928
seqneut25to26_sera_4013,A/Darwin/1461/2025_H3N2,plate16-2-A/Darwin/1461/2025_H3N2,1119,0.4346,0.4346
seqneut25to26_sera_4013,A/Darwin/1461/2025_H3N2,plate16-2-A/Darwin/1461/2025_H3N2,2575,0.708,0.708
seqneut25to26_sera_4013,A/Darwin/1461/2025_H3N2,plate16-2-A/Darwin/1461/2025_H3N2,5921,1.387,1
seqneut25to26_sera_4013,A/Darwin/1461/2025_H3N2,plate16-2-A/Darwin/1461/2025_H3N2,1.362e+04,0.7021,0.7021
seqneut25to26_sera_4013,A/Denmark/3070/2025_H1N1,plate16-2-A/Denmark/3070/2025_H1N1,40,0.02768,0.02768
seqneut25to26_sera_4013,A/Denmark/3070/2025_H1N1,plate16-2-A/Denmark/3070/2025_H1N1,92,0.2854,0.2854
seqneut25to26_sera_4013,A/Denmark/3070/2025_H1N1,plate16-2-A/Denmark/3070/2025_H1N1,212,0.3348,0.3348
seqneut25to26_sera_4013,A/Denmark/3070/2025_H1N1,plate16-2-A/Denmark/3070/2025_H1N1,487,0.7033,0.7033
seqneut25to26_sera_4013,A/Denmark/3070/2025_H1N1,plate16-2-A/Denmark/3070/2025_H1N1,1119,0.4202,0.4202
seqneut25to26_sera_4013,A/Denmark/3070/2025_H1N1,plate16-2-A/Denmark/3070/2025_H1N1,2575,0.731,0.731
seqneut25to26_sera_4013,A/Denmark/3070/2025_H1N1,plate16-2-A/Denmark/3070/2025_H1N1,5921,0.9379,0.9379
seqneut25to26_sera_4013,A/Denmark/3070/2025_H1N1,plate16-2-A/Denmark/3070/2025_H1N1,1.362e+04,0.6627,0.6627
seqneut25to26_sera_4013,A/DistrictOfColumbia/27/2023_H3N2,plate16-2-A/DistrictOfColumbia/27/2023_H3N2,40,0.02493,0.02493
seqneut25to26_sera_4013,A/DistrictOfColumbia/27/2023_H3N2,plate16-2-A/DistrictOfColumbia/27/2023_H3N2,92,0.2377,0.2377
seqneut25to26_sera_4013,A/DistrictOfColumbia/27/2023_H3N2,plate16-2-A/DistrictOfColumbia/27/2023_H3N2,212,0.2949,0.2949
seqneut25to26_sera_4013,A/DistrictOfColumbia/27/2023_H3N2,plate16-2-A/DistrictOfColumbia/27/2023_H3N2,487,0.5262,0.5262
seqneut25to26_sera_4013,A/DistrictOfColumbia/27/2023_H3N2,plate16-2-A/DistrictOfColumbia/27/2023_H3N2,1119,0.6951,0.6951
seqneut25to26_sera_4013,A/DistrictOfColumbia/27/2023_H3N2,plate16-2-A/DistrictOfColumbia/27/2023_H3N2,2575,1.061,1
seqneut25to26_sera_4013,A/DistrictOfColumbia/27/2023_H3N2,plate16-2-A/DistrictOfColumbia/27/2023_H3N2,5921,0.9439,0.9439
seqneut25to26_sera_4013,A/DistrictOfColumbia/27/2023_H3N2,plate16-2-A/DistrictOfColumbia/27/2023_H3N2,1.362e+04,1.141,1
seqneut25to26_sera_4013,A/DistrictOfColumbia/57/2025_H3N2,plate16-2-A/DistrictOfColumbia/57/2025_H3N2,40,0.0006425,0.0006425
seqneut25to26_sera_4013,A/DistrictOfColumbia/57/2025_H3N2,plate16-2-A/DistrictOfColumbia/57/2025_H3N2,92,0.04932,0.04932
seqneut25to26_sera_4013,A/DistrictOfColumbia/57/2025_H3N2,plate16-2-A/DistrictOfColumbia/57/2025_H3N2,212,0.2796,0.2796
seqneut25to26_sera_4013,A/DistrictOfColumbia/57/2025_H3N2,plate16-2-A/DistrictOfColumbia/57/2025_H3N2,487,0.6001,0.6001
seqneut25to26_sera_4013,A/DistrictOfColumbia/57/2025_H3N2,plate16-2-A/DistrictOfColumbia/57/2025_H3N2,1119,0.5765,0.5765
seqneut25to26_sera_4013,A/DistrictOfColumbia/57/2025_H3N2,plate16-2-A/DistrictOfColumbia/57/2025_H3N2,2575,0.6708,0.6708
seqneut25to26_sera_4013,A/DistrictOfColumbia/57/2025_H3N2,plate16-2-A/DistrictOfColumbia/57/2025_H3N2,5921,1.383,1
seqneut25to26_sera_4013,A/DistrictOfColumbia/57/2025_H3N2,plate16-2-A/DistrictOfColumbia/57/2025_H3N2,1.362e+04,0.7037,0.7037
seqneut25to26_sera_4013,A/DistritoFederal/250106000728/2025_H3N2,plate16-2-A/DistritoFederal/250106000728/2025_H3N2,40,0.006145,0.006145
seqneut25to26_sera_4013,A/DistritoFederal/250106000728/2025_H3N2,plate16-2-A/DistritoFederal/250106000728/2025_H3N2,92,0.04322,0.04322
seqneut25to26_sera_4013,A/DistritoFederal/250106000728/2025_H3N2,plate16-2-A/DistritoFederal/250106000728/2025_H3N2,212,0.3301,0.3301
seqneut25to26_sera_4013,A/DistritoFederal/250106000728/2025_H3N2,plate16-2-A/DistritoFederal/250106000728/2025_H3N2,487,0.3919,0.3919
seqneut25to26_sera_4013,A/DistritoFederal/250106000728/2025_H3N2,plate16-2-A/DistritoFederal/250106000728/2025_H3N2,1119,0.6008,0.6008
seqneut25to26_sera_4013,A/DistritoFederal/250106000728/2025_H3N2,plate16-2-A/DistritoFederal/250106000728/2025_H3N2,2575,0.9897,0.9897
seqneut25to26_sera_4013,A/DistritoFederal/250106000728/2025_H3N2,plate16-2-A/DistritoFederal/250106000728/2025_H3N2,5921,1.045,1
seqneut25to26_sera_4013,A/DistritoFederal/250106000728/2025_H3N2,plate16-2-A/DistritoFederal/250106000728/2025_H3N2,1.362e+04,0.6989,0.6989
seqneut25to26_sera_4013,A/DistritoFederal/2578578201/2025_H3N2,plate16-2-A/DistritoFederal/2578578201/2025_H3N2,40,0.0002455,0.0002455
seqneut25to26_sera_4013,A/DistritoFederal/2578578201/2025_H3N2,plate16-2-A/DistritoFederal/2578578201/2025_H3N2,92,0.0001601,0.0001601
seqneut25to26_sera_4013,A/DistritoFederal/2578578201/2025_H3N2,plate16-2-A/DistritoFederal/2578578201/2025_H3N2,212,0.02104,0.02104
seqneut25to26_sera_4013,A/DistritoFederal/2578578201/2025_H3N2,plate16-2-A/DistritoFederal/2578578201/2025_H3N2,487,0.2272,0.2272
seqneut25to26_sera_4013,A/DistritoFederal/2578578201/2025_H3N2,plate16-2-A/DistritoFederal/2578578201/2025_H3N2,1119,0.5448,0.5448
seqneut25to26_sera_4013,A/DistritoFederal/2578578201/2025_H3N2,plate16-2-A/DistritoFederal/2578578201/2025_H3N2,2575,0.8092,0.8092
seqneut25to26_sera_4013,A/DistritoFederal/2578578201/2025_H3N2,plate16-2-A/DistritoFederal/2578578201/2025_H3N2,5921,1.047,1
seqneut25to26_sera_4013,A/DistritoFederal/2578578201/2025_H3N2,plate16-2-A/DistritoFederal/2578578201/2025_H3N2,1.362e+04,0.831,0.831
seqneut25to26_sera_4013,A/England/174/2025_H3N2,plate16-2-A/England/174/2025_H3N2,40,0.0002596,0.0002596
seqneut25to26_sera_4013,A/England/174/2025_H3N2,plate16-2-A/England/174/2025_H3N2,92,0.01254,0.01254
seqneut25to26_sera_4013,A/England/174/2025_H3N2,plate16-2-A/England/174/2025_H3N2,212,0.1988,0.1988
seqneut25to26_sera_4013,A/England/174/2025_H3N2,plate16-2-A/England/174/2025_H3N2,487,0.2563,0.2563
seqneut25to26_sera_4013,A/England/174/2025_H3N2,plate16-2-A/England/174/2025_H3N2,1119,0.3926,0.3926
seqneut25to26_sera_4013,A/England/174/2025_H3N2,plate16-2-A/England/174/2025_H3N2,2575,0.8279,0.8279
seqneut25to26_sera_4013,A/England/174/2025_H3N2,plate16-2-A/England/174/2025_H3N2,5921,0.806,0.806
seqneut25to26_sera_4013,A/England/174/2025_H3N2,plate16-2-A/England/174/2025_H3N2,1.362e+04,0.8859,0.8859
seqneut25to26_sera_4013,A/England/1822256/2025_H1N1,plate16-2-A/England/1822256/2025_H1N1,40,0.09989,0.09989
seqneut25to26_sera_4013,A/England/1822256/2025_H1N1,plate16-2-A/England/1822256/2025_H1N1,92,0.2791,0.2791
seqneut25to26_sera_4013,A/England/1822256/2025_H1N1,plate16-2-A/England/1822256/2025_H1N1,212,0.4104,0.4104
seqneut25to26_sera_4013,A/England/1822256/2025_H1N1,plate16-2-A/England/1822256/2025_H1N1,487,0.9516,0.9516
seqneut25to26_sera_4013,A/England/1822256/2025_H1N1,plate16-2-A/England/1822256/2025_H1N1,1119,0.8776,0.8776
seqneut25to26_sera_4013,A/England/1822256/2025_H1N1,plate16-2-A/England/1822256/2025_H1N1,2575,1.527,1
seqneut25to26_sera_4013,A/England/1822256/2025_H1N1,plate16-2-A/England/1822256/2025_H1N1,5921,1.434,1
seqneut25to26_sera_4013,A/England/1822256/2025_H1N1,plate16-2-A/England/1822256/2025_H1N1,1.362e+04,0.9623,0.9623
seqneut25to26_sera_4013,A/England/1837734/2025_H3N2,plate16-2-A/England/1837734/2025_H3N2,40,0.004812,0.004812
seqneut25to26_sera_4013,A/England/1837734/2025_H3N2,plate16-2-A/England/1837734/2025_H3N2,92,0.0225,0.0225
seqneut25to26_sera_4013,A/England/1837734/2025_H3N2,plate16-2-A/England/1837734/2025_H3N2,212,0.173,0.173
seqneut25to26_sera_4013,A/England/1837734/2025_H3N2,plate16-2-A/England/1837734/2025_H3N2,487,0.3196,0.3196
seqneut25to26_sera_4013,A/England/1837734/2025_H3N2,plate16-2-A/England/1837734/2025_H3N2,1119,0.674,0.674
seqneut25to26_sera_4013,A/England/1837734/2025_H3N2,plate16-2-A/England/1837734/2025_H3N2,2575,1.076,1
seqneut25to26_sera_4013,A/England/1837734/2025_H3N2,plate16-2-A/England/1837734/2025_H3N2,5921,1.035,1
seqneut25to26_sera_4013,A/England/1837734/2025_H3N2,plate16-2-A/England/1837734/2025_H3N2,1.362e+04,0.9692,0.9692
seqneut25to26_sera_4013,A/England/1837737/2025_H3N2,plate16-2-A/England/1837737/2025_H3N2,40,0.00194,0.00194
seqneut25to26_sera_4013,A/England/1837737/2025_H3N2,plate16-2-A/England/1837737/2025_H3N2,92,0.05031,0.05031
seqneut25to26_sera_4013,A/England/1837737/2025_H3N2,plate16-2-A/England/1837737/2025_H3N2,212,0.1397,0.1397
seqneut25to26_sera_4013,A/England/1837737/2025_H3N2,plate16-2-A/England/1837737/2025_H3N2,487,0.5218,0.5218
seqneut25to26_sera_4013,A/England/1837737/2025_H3N2,plate16-2-A/England/1837737/2025_H3N2,1119,0.5734,0.5734
seqneut25to26_sera_4013,A/England/1837737/2025_H3N2,plate16-2-A/England/1837737/2025_H3N2,2575,0.8219,0.8219
seqneut25to26_sera_4013,A/England/1837737/2025_H3N2,plate16-2-A/England/1837737/2025_H3N2,5921,1.436,1
seqneut25to26_sera_4013,A/England/1837737/2025_H3N2,plate16-2-A/England/1837737/2025_H3N2,1.362e+04,1.283,1
seqneut25to26_sera_4013,A/France/ARA-HCL025155099501/2025_H1N1,plate16-2-A/France/ARA-HCL025155099501/2025_H1N1,40,0.05132,0.05132
seqneut25to26_sera_4013,A/France/ARA-HCL025155099501/2025_H1N1,plate16-2-A/France/ARA-HCL025155099501/2025_H1N1,92,0.2599,0.2599
seqneut25to26_sera_4013,A/France/ARA-HCL025155099501/2025_H1N1,plate16-2-A/France/ARA-HCL025155099501/2025_H1N1,212,0.546,0.546
seqneut25to26_sera_4013,A/France/ARA-HCL025155099501/2025_H1N1,plate16-2-A/France/ARA-HCL025155099501/2025_H1N1,487,0.6987,0.6987
seqneut25to26_sera_4013,A/France/ARA-HCL025155099501/2025_H1N1,plate16-2-A/France/ARA-HCL025155099501/2025_H1N1,1119,0.692,0.692
seqneut25to26_sera_4013,A/France/ARA-HCL025155099501/2025_H1N1,plate16-2-A/France/ARA-HCL025155099501/2025_H1N1,2575,1.121,1
seqneut25to26_sera_4013,A/France/ARA-HCL025155099501/2025_H1N1,plate16-2-A/France/ARA-HCL025155099501/2025_H1N1,5921,1.642,1
seqneut25to26_sera_4013,A/France/ARA-HCL025155099501/2025_H1N1,plate16-2-A/France/ARA-HCL025155099501/2025_H1N1,1.362e+04,0.7938,0.7938
seqneut25to26_sera_4013,A/Galicia/GA-CHUAC-451/2025_H3N2,plate16-2-A/Galicia/GA-CHUAC-451/2025_H3N2,40,0.007409,0.007409
seqneut25to26_sera_4013,A/Galicia/GA-CHUAC-451/2025_H3N2,plate16-2-A/Galicia/GA-CHUAC-451/2025_H3N2,92,0.03496,0.03496
seqneut25to26_sera_4013,A/Galicia/GA-CHUAC-451/2025_H3N2,plate16-2-A/Galicia/GA-CHUAC-451/2025_H3N2,212,0.2675,0.2675
seqneut25to26_sera_4013,A/Galicia/GA-CHUAC-451/2025_H3N2,plate16-2-A/Galicia/GA-CHUAC-451/2025_H3N2,487,0.3931,0.3931
seqneut25to26_sera_4013,A/Galicia/GA-CHUAC-451/2025_H3N2,plate16-2-A/Galicia/GA-CHUAC-451/2025_H3N2,1119,0.5116,0.5116
seqneut25to26_sera_4013,A/Galicia/GA-CHUAC-451/2025_H3N2,plate16-2-A/Galicia/GA-CHUAC-451/2025_H3N2,2575,1.107,1
seqneut25to26_sera_4013,A/Galicia/GA-CHUAC-451/2025_H3N2,plate16-2-A/Galicia/GA-CHUAC-451/2025_H3N2,5921,1.005,1
seqneut25to26_sera_4013,A/Galicia/GA-CHUAC-451/2025_H3N2,plate16-2-A/Galicia/GA-CHUAC-451/2025_H3N2,1.362e+04,0.6169,0.6169
seqneut25to26_sera_4013,A/Ghana/ARI-25-1125/2025_H1N1,plate16-2-A/Ghana/ARI-25-1125/2025_H1N1,40,0.02288,0.02288
seqneut25to26_sera_4013,A/Ghana/ARI-25-1125/2025_H1N1,plate16-2-A/Ghana/ARI-25-1125/2025_H1N1,92,0.1496,0.1496
seqneut25to26_sera_4013,A/Ghana/ARI-25-1125/2025_H1N1,plate16-2-A/Ghana/ARI-25-1125/2025_H1N1,212,0.6324,0.6324
seqneut25to26_sera_4013,A/Ghana/ARI-25-1125/2025_H1N1,plate16-2-A/Ghana/ARI-25-1125/2025_H1N1,487,0.7153,0.7153
seqneut25to26_sera_4013,A/Ghana/ARI-25-1125/2025_H1N1,plate16-2-A/Ghana/ARI-25-1125/2025_H1N1,1119,0.7748,0.7748
seqneut25to26_sera_4013,A/Ghana/ARI-25-1125/2025_H1N1,plate16-2-A/Ghana/ARI-25-1125/2025_H1N1,2575,0.8858,0.8858
seqneut25to26_sera_4013,A/Ghana/ARI-25-1125/2025_H1N1,plate16-2-A/Ghana/ARI-25-1125/2025_H1N1,5921,1.205,1
seqneut25to26_sera_4013,A/Ghana/ARI-25-1125/2025_H1N1,plate16-2-A/Ghana/ARI-25-1125/2025_H1N1,1.362e+04,0.6874,0.6874
seqneut25to26_sera_4013,A/Ghana/FS-25-7077/2025_H3N2,plate16-2-A/Ghana/FS-25-7077/2025_H3N2,40,0,0
seqneut25to26_sera_4013,A/Ghana/FS-25-7077/2025_H3N2,plate16-2-A/Ghana/FS-25-7077/2025_H3N2,92,0.04639,0.04639
seqneut25to26_sera_4013,A/Ghana/FS-25-7077/2025_H3N2,plate16-2-A/Ghana/FS-25-7077/2025_H3N2,212,0.1036,0.1036
seqneut25to26_sera_4013,A/Ghana/FS-25-7077/2025_H3N2,plate16-2-A/Ghana/FS-25-7077/2025_H3N2,487,0.4493,0.4493
seqneut25to26_sera_4013,A/Ghana/FS-25-7077/2025_H3N2,plate16-2-A/Ghana/FS-25-7077/2025_H3N2,1119,0.7923,0.7923
seqneut25to26_sera_4013,A/Ghana/FS-25-7077/2025_H3N2,plate16-2-A/Ghana/FS-25-7077/2025_H3N2,2575,0.8504,0.8504
seqneut25to26_sera_4013,A/Ghana/FS-25-7077/2025_H3N2,plate16-2-A/Ghana/FS-25-7077/2025_H3N2,5921,1.473,1
seqneut25to26_sera_4013,A/Ghana/FS-25-7077/2025_H3N2,plate16-2-A/Ghana/FS-25-7077/2025_H3N2,1.362e+04,1.01,1
seqneut25to26_sera_4013,A/Guangdong-Maonan/11438/2025_H3N2,plate16-2-A/Guangdong-Maonan/11438/2025_H3N2,40,0,0
seqneut25to26_sera_4013,A/Guangdong-Maonan/11438/2025_H3N2,plate16-2-A/Guangdong-Maonan/11438/2025_H3N2,92,0.01351,0.01351
seqneut25to26_sera_4013,A/Guangdong-Maonan/11438/2025_H3N2,plate16-2-A/Guangdong-Maonan/11438/2025_H3N2,212,0.08271,0.08271
seqneut25to26_sera_4013,A/Guangdong-Maonan/11438/2025_H3N2,plate16-2-A/Guangdong-Maonan/11438/2025_H3N2,487,0.5325,0.5325
seqneut25to26_sera_4013,A/Guangdong-Maonan/11438/2025_H3N2,plate16-2-A/Guangdong-Maonan/11438/2025_H3N2,1119,0.5844,0.5844
seqneut25to26_sera_4013,A/Guangdong-Maonan/11438/2025_H3N2,plate16-2-A/Guangdong-Maonan/11438/2025_H3N2,2575,1.138,1
seqneut25to26_sera_4013,A/Guangdong-Maonan/11438/2025_H3N2,plate16-2-A/Guangdong-Maonan/11438/2025_H3N2,5921,1.075,1
seqneut25to26_sera_4013,A/Guangdong-Maonan/11438/2025_H3N2,plate16-2-A/Guangdong-Maonan/11438/2025_H3N2,1.362e+04,0.4405,0.4405
seqneut25to26_sera_4013,A/Guangdong-Meijiang/11256/2025_H3N2,plate16-2-A/Guangdong-Meijiang/11256/2025_H3N2,40,0.000535,0.000535
seqneut25to26_sera_4013,A/Guangdong-Meijiang/11256/2025_H3N2,plate16-2-A/Guangdong-Meijiang/11256/2025_H3N2,92,0.01318,0.01318
seqneut25to26_sera_4013,A/Guangdong-Meijiang/11256/2025_H3N2,plate16-2-A/Guangdong-Meijiang/11256/2025_H3N2,212,0.02839,0.02839
seqneut25to26_sera_4013,A/Guangdong-Meijiang/11256/2025_H3N2,plate16-2-A/Guangdong-Meijiang/11256/2025_H3N2,487,0.1813,0.1813
seqneut25to26_sera_4013,A/Guangdong-Meijiang/11256/2025_H3N2,plate16-2-A/Guangdong-Meijiang/11256/2025_H3N2,1119,0.2677,0.2677
seqneut25to26_sera_4013,A/Guangdong-Meijiang/11256/2025_H3N2,plate16-2-A/Guangdong-Meijiang/11256/2025_H3N2,2575,0.5654,0.5654
seqneut25to26_sera_4013,A/Guangdong-Meijiang/11256/2025_H3N2,plate16-2-A/Guangdong-Meijiang/11256/2025_H3N2,5921,0.7678,0.7678
seqneut25to26_sera_4013,A/Guangdong-Meijiang/11256/2025_H3N2,plate16-2-A/Guangdong-Meijiang/11256/2025_H3N2,1.362e+04,0.5061,0.5061
seqneut25to26_sera_4013,A/Guangxi-Daxin/1643/2025_H3N2,plate16-2-A/Guangxi-Daxin/1643/2025_H3N2,40,0.0003157,0.0003157
seqneut25to26_sera_4013,A/Guangxi-Daxin/1643/2025_H3N2,plate16-2-A/Guangxi-Daxin/1643/2025_H3N2,92,0.0479,0.0479
seqneut25to26_sera_4013,A/Guangxi-Daxin/1643/2025_H3N2,plate16-2-A/Guangxi-Daxin/1643/2025_H3N2,212,0.4787,0.4787
seqneut25to26_sera_4013,A/Guangxi-Daxin/1643/2025_H3N2,plate16-2-A/Guangxi-Daxin/1643/2025_H3N2,487,0.932,0.932
seqneut25to26_sera_4013,A/Guangxi-Daxin/1643/2025_H3N2,plate16-2-A/Guangxi-Daxin/1643/2025_H3N2,1119,0.7968,0.7968
seqneut25to26_sera_4013,A/Guangxi-Daxin/1643/2025_H3N2,plate16-2-A/Guangxi-Daxin/1643/2025_H3N2,2575,0.8726,0.8726
seqneut25to26_sera_4013,A/Guangxi-Daxin/1643/2025_H3N2,plate16-2-A/Guangxi-Daxin/1643/2025_H3N2,5921,1.321,1
seqneut25to26_sera_4013,A/Guangxi-Daxin/1643/2025_H3N2,plate16-2-A/Guangxi-Daxin/1643/2025_H3N2,1.362e+04,1.405,1
seqneut25to26_sera_4013,A/Guangxi-Qingxiu/SWL11742/2025_H1N1,plate16-2-A/Guangxi-Qingxiu/SWL11742/2025_H1N1,40,0.00489,0.00489
seqneut25to26_sera_4013,A/Guangxi-Qingxiu/SWL11742/2025_H1N1,plate16-2-A/Guangxi-Qingxiu/SWL11742/2025_H1N1,92,0.1725,0.1725
seqneut25to26_sera_4013,A/Guangxi-Qingxiu/SWL11742/2025_H1N1,plate16-2-A/Guangxi-Qingxiu/SWL11742/2025_H1N1,212,0.486,0.486
seqneut25to26_sera_4013,A/Guangxi-Qingxiu/SWL11742/2025_H1N1,plate16-2-A/Guangxi-Qingxiu/SWL11742/2025_H1N1,487,0.8989,0.8989
seqneut25to26_sera_4013,A/Guangxi-Qingxiu/SWL11742/2025_H1N1,plate16-2-A/Guangxi-Qingxiu/SWL11742/2025_H1N1,1119,0.5314,0.5314
seqneut25to26_sera_4013,A/Guangxi-Qingxiu/SWL11742/2025_H1N1,plate16-2-A/Guangxi-Qingxiu/SWL11742/2025_H1N1,2575,0.9049,0.9049
seqneut25to26_sera_4013,A/Guangxi-Qingxiu/SWL11742/2025_H1N1,plate16-2-A/Guangxi-Qingxiu/SWL11742/2025_H1N1,5921,1.767,1
seqneut25to26_sera_4013,A/Guangxi-Qingxiu/SWL11742/2025_H1N1,plate16-2-A/Guangxi-Qingxiu/SWL11742/2025_H1N1,1.362e+04,0.7845,0.7845
seqneut25to26_sera_4013,A/Hawaii/44/2025_H1N1,plate16-2-A/Hawaii/44/2025_H1N1,40,0.05176,0.05176
seqneut25to26_sera_4013,A/Hawaii/44/2025_H1N1,plate16-2-A/Hawaii/44/2025_H1N1,92,0.3748,0.3748
seqneut25to26_sera_4013,A/Hawaii/44/2025_H1N1,plate16-2-A/Hawaii/44/2025_H1N1,212,0.7044,0.7044
seqneut25to26_sera_4013,A/Hawaii/44/2025_H1N1,plate16-2-A/Hawaii/44/2025_H1N1,487,1.081,1
seqneut25to26_sera_4013,A/Hawaii/44/2025_H1N1,plate16-2-A/Hawaii/44/2025_H1N1,1119,0.6755,0.6755
seqneut25to26_sera_4013,A/Hawaii/44/2025_H1N1,plate16-2-A/Hawaii/44/2025_H1N1,2575,0.9329,0.9329
seqneut25to26_sera_4013,A/Hawaii/44/2025_H1N1,plate16-2-A/Hawaii/44/2025_H1N1,5921,1.522,1
seqneut25to26_sera_4013,A/Hawaii/44/2025_H1N1,plate16-2-A/Hawaii/44/2025_H1N1,1.362e+04,1.123,1
seqneut25to26_sera_4013,A/Hawaii/70/2019_H1N1,plate16-2-A/Hawaii/70/2019_H1N1,40,0.000484,0.000484
seqneut25to26_sera_4013,A/Hawaii/70/2019_H1N1,plate16-2-A/Hawaii/70/2019_H1N1,92,0.02486,0.02486
seqneut25to26_sera_4013,A/Hawaii/70/2019_H1N1,plate16-2-A/Hawaii/70/2019_H1N1,212,0.06452,0.06452
seqneut25to26_sera_4013,A/Hawaii/70/2019_H1N1,plate16-2-A/Hawaii/70/2019_H1N1,487,0.4143,0.4143
seqneut25to26_sera_4013,A/Hawaii/70/2019_H1N1,plate16-2-A/Hawaii/70/2019_H1N1,1119,0.5601,0.5601
seqneut25to26_sera_4013,A/Hawaii/70/2019_H1N1,plate16-2-A/Hawaii/70/2019_H1N1,2575,1.038,1
seqneut25to26_sera_4013,A/Hawaii/70/2019_H1N1,plate16-2-A/Hawaii/70/2019_H1N1,5921,1.337,1
seqneut25to26_sera_4013,A/Hawaii/70/2019_H1N1,plate16-2-A/Hawaii/70/2019_H1N1,1.362e+04,1.022,1
seqneut25to26_sera_4013,A/HongKong/1257/2025_H3N2,plate16-2-A/HongKong/1257/2025_H3N2,40,0.1152,0.1152
seqneut25to26_sera_4013,A/HongKong/1257/2025_H3N2,plate16-2-A/HongKong/1257/2025_H3N2,92,0.1671,0.1671
seqneut25to26_sera_4013,A/HongKong/1257/2025_H3N2,plate16-2-A/HongKong/1257/2025_H3N2,212,0.4427,0.4427
seqneut25to26_sera_4013,A/HongKong/1257/2025_H3N2,plate16-2-A/HongKong/1257/2025_H3N2,487,0.5062,0.5062
seqneut25to26_sera_4013,A/HongKong/1257/2025_H3N2,plate16-2-A/HongKong/1257/2025_H3N2,1119,0.6542,0.6542
seqneut25to26_sera_4013,A/HongKong/1257/2025_H3N2,plate16-2-A/HongKong/1257/2025_H3N2,2575,1.182,1
seqneut25to26_sera_4013,A/HongKong/1257/2025_H3N2,plate16-2-A/HongKong/1257/2025_H3N2,5921,0.9382,0.9382
seqneut25to26_sera_4013,A/HongKong/1257/2025_H3N2,plate16-2-A/HongKong/1257/2025_H3N2,1.362e+04,0.7304,0.7304
seqneut25to26_sera_4013,A/HongKong/1382/2025_H3N2,plate16-2-A/HongKong/1382/2025_H3N2,40,0.001682,0.001682
seqneut25to26_sera_4013,A/HongKong/1382/2025_H3N2,plate16-2-A/HongKong/1382/2025_H3N2,92,0.01036,0.01036
seqneut25to26_sera_4013,A/HongKong/1382/2025_H3N2,plate16-2-A/HongKong/1382/2025_H3N2,212,0.136,0.136
seqneut25to26_sera_4013,A/HongKong/1382/2025_H3N2,plate16-2-A/HongKong/1382/2025_H3N2,487,0.4793,0.4793
seqneut25to26_sera_4013,A/HongKong/1382/2025_H3N2,plate16-2-A/HongKong/1382/2025_H3N2,1119,0.4161,0.4161
seqneut25to26_sera_4013,A/HongKong/1382/2025_H3N2,plate16-2-A/HongKong/1382/2025_H3N2,2575,1.112,1
seqneut25to26_sera_4013,A/HongKong/1382/2025_H3N2,plate16-2-A/HongKong/1382/2025_H3N2,5921,0.8786,0.8786
seqneut25to26_sera_4013,A/HongKong/1382/2025_H3N2,plate16-2-A/HongKong/1382/2025_H3N2,1.362e+04,0.8716,0.8716
seqneut25to26_sera_4013,A/Indonesia/BIOKES-I-BT074/2025_H3N2,plate16-2-A/Indonesia/BIOKES-I-BT074/2025_H3N2,40,1.931e-06,1.931e-06
seqneut25to26_sera_4013,A/Indonesia/BIOKES-I-BT074/2025_H3N2,plate16-2-A/Indonesia/BIOKES-I-BT074/2025_H3N2,92,0.01186,0.01186
seqneut25to26_sera_4013,A/Indonesia/BIOKES-I-BT074/2025_H3N2,plate16-2-A/Indonesia/BIOKES-I-BT074/2025_H3N2,212,0.053,0.053
seqneut25to26_sera_4013,A/Indonesia/BIOKES-I-BT074/2025_H3N2,plate16-2-A/Indonesia/BIOKES-I-BT074/2025_H3N2,487,0.2167,0.2167
seqneut25to26_sera_4013,A/Indonesia/BIOKES-I-BT074/2025_H3N2,plate16-2-A/Indonesia/BIOKES-I-BT074/2025_H3N2,1119,0.4719,0.4719
seqneut25to26_sera_4013,A/Indonesia/BIOKES-I-BT074/2025_H3N2,plate16-2-A/Indonesia/BIOKES-I-BT074/2025_H3N2,2575,0.9805,0.9805
seqneut25to26_sera_4013,A/Indonesia/BIOKES-I-BT074/2025_H3N2,plate16-2-A/Indonesia/BIOKES-I-BT074/2025_H3N2,5921,1.279,1
seqneut25to26_sera_4013,A/Indonesia/BIOKES-I-BT074/2025_H3N2,plate16-2-A/Indonesia/BIOKES-I-BT074/2025_H3N2,1.362e+04,0.6501,0.6501
seqneut25to26_sera_4013,A/Indonesia/BIOKES-INAD491/2025_H3N2,plate16-2-A/Indonesia/BIOKES-INAD491/2025_H3N2,40,0.0002669,0.0002669
seqneut25to26_sera_4013,A/Indonesia/BIOKES-INAD491/2025_H3N2,plate16-2-A/Indonesia/BIOKES-INAD491/2025_H3N2,92,0.02588,0.02588
seqneut25to26_sera_4013,A/Indonesia/BIOKES-INAD491/2025_H3N2,plate16-2-A/Indonesia/BIOKES-INAD491/2025_H3N2,212,0.1449,0.1449
seqneut25to26_sera_4013,A/Indonesia/BIOKES-INAD491/2025_H3N2,plate16-2-A/Indonesia/BIOKES-INAD491/2025_H3N2,487,0.2581,0.2581
seqneut25to26_sera_4013,A/Indonesia/BIOKES-INAD491/2025_H3N2,plate16-2-A/Indonesia/BIOKES-INAD491/2025_H3N2,1119,0.4845,0.4845
seqneut25to26_sera_4013,A/Indonesia/BIOKES-INAD491/2025_H3N2,plate16-2-A/Indonesia/BIOKES-INAD491/2025_H3N2,2575,0.9559,0.9559
seqneut25to26_sera_4013,A/Indonesia/BIOKES-INAD491/2025_H3N2,plate16-2-A/Indonesia/BIOKES-INAD491/2025_H3N2,5921,1.091,1
seqneut25to26_sera_4013,A/Indonesia/BIOKES-INAD491/2025_H3N2,plate16-2-A/Indonesia/BIOKES-INAD491/2025_H3N2,1.362e+04,0.8275,0.8275
seqneut25to26_sera_4013,A/Lao/820-2750/2025_H3N2,plate16-2-A/Lao/820-2750/2025_H3N2,40,0.03989,0.03989
seqneut25to26_sera_4013,A/Lao/820-2750/2025_H3N2,plate16-2-A/Lao/820-2750/2025_H3N2,92,0.3213,0.3213
seqneut25to26_sera_4013,A/Lao/820-2750/2025_H3N2,plate16-2-A/Lao/820-2750/2025_H3N2,212,0.5621,0.5621
seqneut25to26_sera_4013,A/Lao/820-2750/2025_H3N2,plate16-2-A/Lao/820-2750/2025_H3N2,487,0.6458,0.6458
seqneut25to26_sera_4013,A/Lao/820-2750/2025_H3N2,plate16-2-A/Lao/820-2750/2025_H3N2,1119,0.7413,0.7413
seqneut25to26_sera_4013,A/Lao/820-2750/2025_H3N2,plate16-2-A/Lao/820-2750/2025_H3N2,2575,1.221,1
seqneut25to26_sera_4013,A/Lao/820-2750/2025_H3N2,plate16-2-A/Lao/820-2750/2025_H3N2,5921,1.46,1
seqneut25to26_sera_4013,A/Lao/820-2750/2025_H3N2,plate16-2-A/Lao/820-2750/2025_H3N2,1.362e+04,0.8691,0.8691
seqneut25to26_sera_4013,A/Malaysia/IMR/SARI/2028/2025_H3N2,plate16-2-A/Malaysia/IMR/SARI/2028/2025_H3N2,40,0.0009774,0.0009774
seqneut25to26_sera_4013,A/Malaysia/IMR/SARI/2028/2025_H3N2,plate16-2-A/Malaysia/IMR/SARI/2028/2025_H3N2,92,0.01014,0.01014
seqneut25to26_sera_4013,A/Malaysia/IMR/SARI/2028/2025_H3N2,plate16-2-A/Malaysia/IMR/SARI/2028/2025_H3N2,212,0.1176,0.1176
seqneut25to26_sera_4013,A/Malaysia/IMR/SARI/2028/2025_H3N2,plate16-2-A/Malaysia/IMR/SARI/2028/2025_H3N2,487,0.2569,0.2569
seqneut25to26_sera_4013,A/Malaysia/IMR/SARI/2028/2025_H3N2,plate16-2-A/Malaysia/IMR/SARI/2028/2025_H3N2,1119,0.4842,0.4842
seqneut25to26_sera_4013,A/Malaysia/IMR/SARI/2028/2025_H3N2,plate16-2-A/Malaysia/IMR/SARI/2028/2025_H3N2,2575,0.8335,0.8335
seqneut25to26_sera_4013,A/Malaysia/IMR/SARI/2028/2025_H3N2,plate16-2-A/Malaysia/IMR/SARI/2028/2025_H3N2,5921,1.198,1
seqneut25to26_sera_4013,A/Malaysia/IMR/SARI/2028/2025_H3N2,plate16-2-A/Malaysia/IMR/SARI/2028/2025_H3N2,1.362e+04,0.8282,0.8282
seqneut25to26_sera_4013,A/Malaysia/IMR/SARI/2406/2025_H3N2,plate16-2-A/Malaysia/IMR/SARI/2406/2025_H3N2,40,0.02945,0.02945
seqneut25to26_sera_4013,A/Malaysia/IMR/SARI/2406/2025_H3N2,plate16-2-A/Malaysia/IMR/SARI/2406/2025_H3N2,92,0.1804,0.1804
seqneut25to26_sera_4013,A/Malaysia/IMR/SARI/2406/2025_H3N2,plate16-2-A/Malaysia/IMR/SARI/2406/2025_H3N2,212,0.2425,0.2425
seqneut25to26_sera_4013,A/Malaysia/IMR/SARI/2406/2025_H3N2,plate16-2-A/Malaysia/IMR/SARI/2406/2025_H3N2,487,0.5219,0.5219
seqneut25to26_sera_4013,A/Malaysia/IMR/SARI/2406/2025_H3N2,plate16-2-A/Malaysia/IMR/SARI/2406/2025_H3N2,1119,0.4446,0.4446
seqneut25to26_sera_4013,A/Malaysia/IMR/SARI/2406/2025_H3N2,plate16-2-A/Malaysia/IMR/SARI/2406/2025_H3N2,2575,0.8261,0.8261
seqneut25to26_sera_4013,A/Malaysia/IMR/SARI/2406/2025_H3N2,plate16-2-A/Malaysia/IMR/SARI/2406/2025_H3N2,5921,1.096,1
seqneut25to26_sera_4013,A/Malaysia/IMR/SARI/2406/2025_H3N2,plate16-2-A/Malaysia/IMR/SARI/2406/2025_H3N2,1.362e+04,0.7816,0.7816
seqneut25to26_sera_4013,A/Malaysia/IMR/SARI/2517/2025_H3N2,plate16-2-A/Malaysia/IMR/SARI/2517/2025_H3N2,40,0.01214,0.01214
seqneut25to26_sera_4013,A/Malaysia/IMR/SARI/2517/2025_H3N2,plate16-2-A/Malaysia/IMR/SARI/2517/2025_H3N2,92,0.1126,0.1126
seqneut25to26_sera_4013,A/Malaysia/IMR/SARI/2517/2025_H3N2,plate16-2-A/Malaysia/IMR/SARI/2517/2025_H3N2,212,0.2829,0.2829
seqneut25to26_sera_4013,A/Malaysia/IMR/SARI/2517/2025_H3N2,plate16-2-A/Malaysia/IMR/SARI/2517/2025_H3N2,487,0.4183,0.4183
seqneut25to26_sera_4013,A/Malaysia/IMR/SARI/2517/2025_H3N2,plate16-2-A/Malaysia/IMR/SARI/2517/2025_H3N2,1119,0.5036,0.5036
seqneut25to26_sera_4013,A/Malaysia/IMR/SARI/2517/2025_H3N2,plate16-2-A/Malaysia/IMR/SARI/2517/2025_H3N2,2575,0.8417,0.8417
seqneut25to26_sera_4013,A/Malaysia/IMR/SARI/2517/2025_H3N2,plate16-2-A/Malaysia/IMR/SARI/2517/2025_H3N2,5921,1.097,1
seqneut25to26_sera_4013,A/Malaysia/IMR/SARI/2517/2025_H3N2,plate16-2-A/Malaysia/IMR/SARI/2517/2025_H3N2,1.362e+04,1.455,1
seqneut25to26_sera_4013,A/Massachusetts/18/2022_H3N2,plate16-2-A/Massachusetts/18/2022_H3N2,40,0.004845,0.004845
seqneut25to26_sera_4013,A/Massachusetts/18/2022_H3N2,plate16-2-A/Massachusetts/18/2022_H3N2,92,0.02299,0.02299
seqneut25to26_sera_4013,A/Massachusetts/18/2022_H3N2,plate16-2-A/Massachusetts/18/2022_H3N2,212,0.3127,0.3127
seqneut25to26_sera_4013,A/Massachusetts/18/2022_H3N2,plate16-2-A/Massachusetts/18/2022_H3N2,487,0.5442,0.5442
seqneut25to26_sera_4013,A/Massachusetts/18/2022_H3N2,plate16-2-A/Massachusetts/18/2022_H3N2,1119,0.8034,0.8034
seqneut25to26_sera_4013,A/Massachusetts/18/2022_H3N2,plate16-2-A/Massachusetts/18/2022_H3N2,2575,0.8727,0.8727
seqneut25to26_sera_4013,A/Massachusetts/18/2022_H3N2,plate16-2-A/Massachusetts/18/2022_H3N2,5921,0.9608,0.9608
seqneut25to26_sera_4013,A/Massachusetts/18/2022_H3N2,plate16-2-A/Massachusetts/18/2022_H3N2,1.362e+04,1.068,1
seqneut25to26_sera_4013,A/Michigan/110/2025_H3N2,plate16-2-A/Michigan/110/2025_H3N2,40,0.06891,0.06891
seqneut25to26_sera_4013,A/Michigan/110/2025_H3N2,plate16-2-A/Michigan/110/2025_H3N2,92,0.1404,0.1404
seqneut25to26_sera_4013,A/Michigan/110/2025_H3N2,plate16-2-A/Michigan/110/2025_H3N2,212,0.4136,0.4136
seqneut25to26_sera_4013,A/Michigan/110/2025_H3N2,plate16-2-A/Michigan/110/2025_H3N2,487,0.4361,0.4361
seqneut25to26_sera_4013,A/Michigan/110/2025_H3N2,plate16-2-A/Michigan/110/2025_H3N2,1119,0.5569,0.5569
seqneut25to26_sera_4013,A/Michigan/110/2025_H3N2,plate16-2-A/Michigan/110/2025_H3N2,2575,1.004,1
seqneut25to26_sera_4013,A/Michigan/110/2025_H3N2,plate16-2-A/Michigan/110/2025_H3N2,5921,1.231,1
seqneut25to26_sera_4013,A/Michigan/110/2025_H3N2,plate16-2-A/Michigan/110/2025_H3N2,1.362e+04,0.99,0.99
seqneut25to26_sera_4013,A/Minnesota/96/2025_H3N2,plate16-2-A/Minnesota/96/2025_H3N2,40,0.03504,0.03504
seqneut25to26_sera_4013,A/Minnesota/96/2025_H3N2,plate16-2-A/Minnesota/96/2025_H3N2,92,0.1157,0.1157
seqneut25to26_sera_4013,A/Minnesota/96/2025_H3N2,plate16-2-A/Minnesota/96/2025_H3N2,212,0.3236,0.3236
seqneut25to26_sera_4013,A/Minnesota/96/2025_H3N2,plate16-2-A/Minnesota/96/2025_H3N2,487,0.4842,0.4842
seqneut25to26_sera_4013,A/Minnesota/96/2025_H3N2,plate16-2-A/Minnesota/96/2025_H3N2,1119,0.5788,0.5788
seqneut25to26_sera_4013,A/Minnesota/96/2025_H3N2,plate16-2-A/Minnesota/96/2025_H3N2,2575,0.8015,0.8015
seqneut25to26_sera_4013,A/Minnesota/96/2025_H3N2,plate16-2-A/Minnesota/96/2025_H3N2,5921,1.144,1
seqneut25to26_sera_4013,A/Minnesota/96/2025_H3N2,plate16-2-A/Minnesota/96/2025_H3N2,1.362e+04,1.066,1
seqneut25to26_sera_4013,A/Missouri/11/2025_H1N1,plate16-2-A/Missouri/11/2025_H1N1,40,0.01433,0.01433
seqneut25to26_sera_4013,A/Missouri/11/2025_H1N1,plate16-2-A/Missouri/11/2025_H1N1,92,0.1828,0.1828
seqneut25to26_sera_4013,A/Missouri/11/2025_H1N1,plate16-2-A/Missouri/11/2025_H1N1,212,0.3033,0.3033
seqneut25to26_sera_4013,A/Missouri/11/2025_H1N1,plate16-2-A/Missouri/11/2025_H1N1,487,1.068,1
seqneut25to26_sera_4013,A/Missouri/11/2025_H1N1,plate16-2-A/Missouri/11/2025_H1N1,1119,0.478,0.478
seqneut25to26_sera_4013,A/Missouri/11/2025_H1N1,plate16-2-A/Missouri/11/2025_H1N1,2575,0.8939,0.8939
seqneut25to26_sera_4013,A/Missouri/11/2025_H1N1,plate16-2-A/Missouri/11/2025_H1N1,5921,1.211,1
seqneut25to26_sera_4013,A/Missouri/11/2025_H1N1,plate16-2-A/Missouri/11/2025_H1N1,1.362e+04,1.043,1
seqneut25to26_sera_4013,A/NewSouthWales/2526015582/2025_H3N2,plate16-2-A/NewSouthWales/2526015582/2025_H3N2,40,0.001798,0.001798
seqneut25to26_sera_4013,A/NewSouthWales/2526015582/2025_H3N2,plate16-2-A/NewSouthWales/2526015582/2025_H3N2,92,0.03229,0.03229
seqneut25to26_sera_4013,A/NewSouthWales/2526015582/2025_H3N2,plate16-2-A/NewSouthWales/2526015582/2025_H3N2,212,0.1944,0.1944
seqneut25to26_sera_4013,A/NewSouthWales/2526015582/2025_H3N2,plate16-2-A/NewSouthWales/2526015582/2025_H3N2,487,0.3639,0.3639
seqneut25to26_sera_4013,A/NewSouthWales/2526015582/2025_H3N2,plate16-2-A/NewSouthWales/2526015582/2025_H3N2,1119,0.4242,0.4242
seqneut25to26_sera_4013,A/NewSouthWales/2526015582/2025_H3N2,plate16-2-A/NewSouthWales/2526015582/2025_H3N2,2575,0.9916,0.9916
seqneut25to26_sera_4013,A/NewSouthWales/2526015582/2025_H3N2,plate16-2-A/NewSouthWales/2526015582/2025_H3N2,5921,1.174,1
seqneut25to26_sera_4013,A/NewSouthWales/2526015582/2025_H3N2,plate16-2-A/NewSouthWales/2526015582/2025_H3N2,1.362e+04,0.8067,0.8067
seqneut25to26_sera_4013,A/NewSouthWales/2526015584/2025_H3N2,plate16-2-A/NewSouthWales/2526015584/2025_H3N2,40,0.0002492,0.0002492
seqneut25to26_sera_4013,A/NewSouthWales/2526015584/2025_H3N2,plate16-2-A/NewSouthWales/2526015584/2025_H3N2,92,0.003875,0.003875
seqneut25to26_sera_4013,A/NewSouthWales/2526015584/2025_H3N2,plate16-2-A/NewSouthWales/2526015584/2025_H3N2,212,0.05976,0.05976
seqneut25to26_sera_4013,A/NewSouthWales/2526015584/2025_H3N2,plate16-2-A/NewSouthWales/2526015584/2025_H3N2,487,0.3833,0.3833
seqneut25to26_sera_4013,A/NewSouthWales/2526015584/2025_H3N2,plate16-2-A/NewSouthWales/2526015584/2025_H3N2,1119,0.4223,0.4223
seqneut25to26_sera_4013,A/NewSouthWales/2526015584/2025_H3N2,plate16-2-A/NewSouthWales/2526015584/2025_H3N2,2575,0.6181,0.6181
seqneut25to26_sera_4013,A/NewSouthWales/2526015584/2025_H3N2,plate16-2-A/NewSouthWales/2526015584/2025_H3N2,5921,0.9833,0.9833
seqneut25to26_sera_4013,A/NewSouthWales/2526015584/2025_H3N2,plate16-2-A/NewSouthWales/2526015584/2025_H3N2,1.362e+04,0.6563,0.6563
seqneut25to26_sera_4013,A/Norway/8765/2025_H3N2,plate16-2-A/Norway/8765/2025_H3N2,40,0.0005493,0.0005493
seqneut25to26_sera_4013,A/Norway/8765/2025_H3N2,plate16-2-A/Norway/8765/2025_H3N2,92,0.03432,0.03432
seqneut25to26_sera_4013,A/Norway/8765/2025_H3N2,plate16-2-A/Norway/8765/2025_H3N2,212,0.1892,0.1892
seqneut25to26_sera_4013,A/Norway/8765/2025_H3N2,plate16-2-A/Norway/8765/2025_H3N2,487,0.4243,0.4243
seqneut25to26_sera_4013,A/Norway/8765/2025_H3N2,plate16-2-A/Norway/8765/2025_H3N2,1119,0.5641,0.5641
seqneut25to26_sera_4013,A/Norway/8765/2025_H3N2,plate16-2-A/Norway/8765/2025_H3N2,2575,0.8993,0.8993
seqneut25to26_sera_4013,A/Norway/8765/2025_H3N2,plate16-2-A/Norway/8765/2025_H3N2,5921,1.089,1
seqneut25to26_sera_4013,A/Norway/8765/2025_H3N2,plate16-2-A/Norway/8765/2025_H3N2,1.362e+04,0.9768,0.9768
seqneut25to26_sera_4013,A/Norway/8976/2025_H3N2,plate16-2-A/Norway/8976/2025_H3N2,40,0.0004501,0.0004501
seqneut25to26_sera_4013,A/Norway/8976/2025_H3N2,plate16-2-A/Norway/8976/2025_H3N2,92,0.008365,0.008365
seqneut25to26_sera_4013,A/Norway/8976/2025_H3N2,plate16-2-A/Norway/8976/2025_H3N2,212,0.1027,0.1027
seqneut25to26_sera_4013,A/Norway/8976/2025_H3N2,plate16-2-A/Norway/8976/2025_H3N2,487,0.3109,0.3109
seqneut25to26_sera_4013,A/Norway/8976/2025_H3N2,plate16-2-A/Norway/8976/2025_H3N2,1119,0.4728,0.4728
seqneut25to26_sera_4013,A/Norway/8976/2025_H3N2,plate16-2-A/Norway/8976/2025_H3N2,2575,0.7395,0.7395
seqneut25to26_sera_4013,A/Norway/8976/2025_H3N2,plate16-2-A/Norway/8976/2025_H3N2,5921,1.04,1
seqneut25to26_sera_4013,A/Norway/8976/2025_H3N2,plate16-2-A/Norway/8976/2025_H3N2,1.362e+04,0.9919,0.9919
seqneut25to26_sera_4013,A/Norway/9107/2025_H1N1,plate16-2-A/Norway/9107/2025_H1N1,40,0.05431,0.05431
seqneut25to26_sera_4013,A/Norway/9107/2025_H1N1,plate16-2-A/Norway/9107/2025_H1N1,92,0.2369,0.2369
seqneut25to26_sera_4013,A/Norway/9107/2025_H1N1,plate16-2-A/Norway/9107/2025_H1N1,212,0.545,0.545
seqneut25to26_sera_4013,A/Norway/9107/2025_H1N1,plate16-2-A/Norway/9107/2025_H1N1,487,0.7173,0.7173
seqneut25to26_sera_4013,A/Norway/9107/2025_H1N1,plate16-2-A/Norway/9107/2025_H1N1,1119,0.5943,0.5943
seqneut25to26_sera_4013,A/Norway/9107/2025_H1N1,plate16-2-A/Norway/9107/2025_H1N1,2575,1.347,1
seqneut25to26_sera_4013,A/Norway/9107/2025_H1N1,plate16-2-A/Norway/9107/2025_H1N1,5921,1.391,1
seqneut25to26_sera_4013,A/Norway/9107/2025_H1N1,plate16-2-A/Norway/9107/2025_H1N1,1.362e+04,0.9545,0.9545
seqneut25to26_sera_4013,A/Norway/9556/2025_H1N1,plate16-2-A/Norway/9556/2025_H1N1,40,0.1514,0.1514
seqneut25to26_sera_4013,A/Norway/9556/2025_H1N1,plate16-2-A/Norway/9556/2025_H1N1,92,0.3626,0.3626
seqneut25to26_sera_4013,A/Norway/9556/2025_H1N1,plate16-2-A/Norway/9556/2025_H1N1,212,0.5926,0.5926
seqneut25to26_sera_4013,A/Norway/9556/2025_H1N1,plate16-2-A/Norway/9556/2025_H1N1,487,0.7962,0.7962
seqneut25to26_sera_4013,A/Norway/9556/2025_H1N1,plate16-2-A/Norway/9556/2025_H1N1,1119,0.6931,0.6931
seqneut25to26_sera_4013,A/Norway/9556/2025_H1N1,plate16-2-A/Norway/9556/2025_H1N1,2575,1.279,1
seqneut25to26_sera_4013,A/Norway/9556/2025_H1N1,plate16-2-A/Norway/9556/2025_H1N1,5921,1.666,1
seqneut25to26_sera_4013,A/Norway/9556/2025_H1N1,plate16-2-A/Norway/9556/2025_H1N1,1.362e+04,0.9346,0.9346
seqneut25to26_sera_4013,A/Peru/GIHSN-04-1089/2025_H3N2,plate16-2-A/Peru/GIHSN-04-1089/2025_H3N2,40,0.02549,0.02549
seqneut25to26_sera_4013,A/Peru/GIHSN-04-1089/2025_H3N2,plate16-2-A/Peru/GIHSN-04-1089/2025_H3N2,92,0.02108,0.02108
seqneut25to26_sera_4013,A/Peru/GIHSN-04-1089/2025_H3N2,plate16-2-A/Peru/GIHSN-04-1089/2025_H3N2,212,0.2029,0.2029
seqneut25to26_sera_4013,A/Peru/GIHSN-04-1089/2025_H3N2,plate16-2-A/Peru/GIHSN-04-1089/2025_H3N2,487,0.4574,0.4574
seqneut25to26_sera_4013,A/Peru/GIHSN-04-1089/2025_H3N2,plate16-2-A/Peru/GIHSN-04-1089/2025_H3N2,1119,0.5959,0.5959
seqneut25to26_sera_4013,A/Peru/GIHSN-04-1089/2025_H3N2,plate16-2-A/Peru/GIHSN-04-1089/2025_H3N2,2575,0.7475,0.7475
seqneut25to26_sera_4013,A/Peru/GIHSN-04-1089/2025_H3N2,plate16-2-A/Peru/GIHSN-04-1089/2025_H3N2,5921,1.465,1
seqneut25to26_sera_4013,A/Peru/GIHSN-04-1089/2025_H3N2,plate16-2-A/Peru/GIHSN-04-1089/2025_H3N2,1.362e+04,1.103,1
seqneut25to26_sera_4013,A/Philippines/SARI25-1425/2025_H1N1,plate16-2-A/Philippines/SARI25-1425/2025_H1N1,40,0.06786,0.06786
seqneut25to26_sera_4013,A/Philippines/SARI25-1425/2025_H1N1,plate16-2-A/Philippines/SARI25-1425/2025_H1N1,92,0.1205,0.1205
seqneut25to26_sera_4013,A/Philippines/SARI25-1425/2025_H1N1,plate16-2-A/Philippines/SARI25-1425/2025_H1N1,212,0.861,0.861
seqneut25to26_sera_4013,A/Philippines/SARI25-1425/2025_H1N1,plate16-2-A/Philippines/SARI25-1425/2025_H1N1,487,0.4235,0.4235
seqneut25to26_sera_4013,A/Philippines/SARI25-1425/2025_H1N1,plate16-2-A/Philippines/SARI25-1425/2025_H1N1,1119,1.122,1
seqneut25to26_sera_4013,A/Philippines/SARI25-1425/2025_H1N1,plate16-2-A/Philippines/SARI25-1425/2025_H1N1,2575,1.042,1
seqneut25to26_sera_4013,A/Philippines/SARI25-1425/2025_H1N1,plate16-2-A/Philippines/SARI25-1425/2025_H1N1,5921,1.212,1
seqneut25to26_sera_4013,A/Philippines/SARI25-1425/2025_H1N1,plate16-2-A/Philippines/SARI25-1425/2025_H1N1,1.362e+04,1.071,1
seqneut25to26_sera_4013,A/Queensland/2526516675/2025_H3N2,plate16-2-A/Queensland/2526516675/2025_H3N2,40,0.003074,0.003074
seqneut25to26_sera_4013,A/Queensland/2526516675/2025_H3N2,plate16-2-A/Queensland/2526516675/2025_H3N2,92,0.01427,0.01427
seqneut25to26_sera_4013,A/Queensland/2526516675/2025_H3N2,plate16-2-A/Queensland/2526516675/2025_H3N2,212,0.1762,0.1762
seqneut25to26_sera_4013,A/Queensland/2526516675/2025_H3N2,plate16-2-A/Queensland/2526516675/2025_H3N2,487,0.3956,0.3956
seqneut25to26_sera_4013,A/Queensland/2526516675/2025_H3N2,plate16-2-A/Queensland/2526516675/2025_H3N2,1119,0.4198,0.4198
seqneut25to26_sera_4013,A/Queensland/2526516675/2025_H3N2,plate16-2-A/Queensland/2526516675/2025_H3N2,2575,0.8375,0.8375
seqneut25to26_sera_4013,A/Queensland/2526516675/2025_H3N2,plate16-2-A/Queensland/2526516675/2025_H3N2,5921,1.577,1
seqneut25to26_sera_4013,A/Queensland/2526516675/2025_H3N2,plate16-2-A/Queensland/2526516675/2025_H3N2,1.362e+04,1.126,1
seqneut25to26_sera_4013,A/SouthAfrica/PET37604/2025_H3N2,plate16-2-A/SouthAfrica/PET37604/2025_H3N2,40,0.0008145,0.0008145
seqneut25to26_sera_4013,A/SouthAfrica/PET37604/2025_H3N2,plate16-2-A/SouthAfrica/PET37604/2025_H3N2,92,0.005957,0.005957
seqneut25to26_sera_4013,A/SouthAfrica/PET37604/2025_H3N2,plate16-2-A/SouthAfrica/PET37604/2025_H3N2,212,0.1072,0.1072
seqneut25to26_sera_4013,A/SouthAfrica/PET37604/2025_H3N2,plate16-2-A/SouthAfrica/PET37604/2025_H3N2,487,0.4145,0.4145
seqneut25to26_sera_4013,A/SouthAfrica/PET37604/2025_H3N2,plate16-2-A/SouthAfrica/PET37604/2025_H3N2,1119,0.2458,0.2458
seqneut25to26_sera_4013,A/SouthAfrica/PET37604/2025_H3N2,plate16-2-A/SouthAfrica/PET37604/2025_H3N2,2575,0.6146,0.6146
seqneut25to26_sera_4013,A/SouthAfrica/PET37604/2025_H3N2,plate16-2-A/SouthAfrica/PET37604/2025_H3N2,5921,1.103,1
seqneut25to26_sera_4013,A/SouthAfrica/PET37604/2025_H3N2,plate16-2-A/SouthAfrica/PET37604/2025_H3N2,1.362e+04,0.8169,0.8169
seqneut25to26_sera_4013,A/SouthAfrica/PET37625/2025_H3N2,plate16-2-A/SouthAfrica/PET37625/2025_H3N2,40,0.0004008,0.0004008
seqneut25to26_sera_4013,A/SouthAfrica/PET37625/2025_H3N2,plate16-2-A/SouthAfrica/PET37625/2025_H3N2,92,0.01336,0.01336
seqneut25to26_sera_4013,A/SouthAfrica/PET37625/2025_H3N2,plate16-2-A/SouthAfrica/PET37625/2025_H3N2,212,0.03997,0.03997
seqneut25to26_sera_4013,A/SouthAfrica/PET37625/2025_H3N2,plate16-2-A/SouthAfrica/PET37625/2025_H3N2,487,0.3917,0.3917
seqneut25to26_sera_4013,A/SouthAfrica/PET37625/2025_H3N2,plate16-2-A/SouthAfrica/PET37625/2025_H3N2,1119,0.5992,0.5992
seqneut25to26_sera_4013,A/SouthAfrica/PET37625/2025_H3N2,plate16-2-A/SouthAfrica/PET37625/2025_H3N2,2575,1.259,1
seqneut25to26_sera_4013,A/SouthAfrica/PET37625/2025_H3N2,plate16-2-A/SouthAfrica/PET37625/2025_H3N2,5921,0.8132,0.8132
seqneut25to26_sera_4013,A/SouthAfrica/PET37625/2025_H3N2,plate16-2-A/SouthAfrica/PET37625/2025_H3N2,1.362e+04,0.9256,0.9256
seqneut25to26_sera_4013,A/SouthAustralia/2519001037/2025_H1N1,plate16-2-A/SouthAustralia/2519001037/2025_H1N1,40,0.01734,0.01734
seqneut25to26_sera_4013,A/SouthAustralia/2519001037/2025_H1N1,plate16-2-A/SouthAustralia/2519001037/2025_H1N1,92,0.2492,0.2492
seqneut25to26_sera_4013,A/SouthAustralia/2519001037/2025_H1N1,plate16-2-A/SouthAustralia/2519001037/2025_H1N1,212,0.3221,0.3221
seqneut25to26_sera_4013,A/SouthAustralia/2519001037/2025_H1N1,plate16-2-A/SouthAustralia/2519001037/2025_H1N1,487,0.7037,0.7037
seqneut25to26_sera_4013,A/SouthAustralia/2519001037/2025_H1N1,plate16-2-A/SouthAustralia/2519001037/2025_H1N1,1119,0.6592,0.6592
seqneut25to26_sera_4013,A/SouthAustralia/2519001037/2025_H1N1,plate16-2-A/SouthAustralia/2519001037/2025_H1N1,2575,0.8886,0.8886
seqneut25to26_sera_4013,A/SouthAustralia/2519001037/2025_H1N1,plate16-2-A/SouthAustralia/2519001037/2025_H1N1,5921,1.378,1
seqneut25to26_sera_4013,A/SouthAustralia/2519001037/2025_H1N1,plate16-2-A/SouthAustralia/2519001037/2025_H1N1,1.362e+04,0.7892,0.7892
seqneut25to26_sera_4013,A/SouthAustralia/2520702747/2025_H1N1,plate16-2-A/SouthAustralia/2520702747/2025_H1N1,40,0.04318,0.04318
seqneut25to26_sera_4013,A/SouthAustralia/2520702747/2025_H1N1,plate16-2-A/SouthAustralia/2520702747/2025_H1N1,92,0.4978,0.4978
seqneut25to26_sera_4013,A/SouthAustralia/2520702747/2025_H1N1,plate16-2-A/SouthAustralia/2520702747/2025_H1N1,212,0.4904,0.4904
seqneut25to26_sera_4013,A/SouthAustralia/2520702747/2025_H1N1,plate16-2-A/SouthAustralia/2520702747/2025_H1N1,487,1.135,1
seqneut25to26_sera_4013,A/SouthAustralia/2520702747/2025_H1N1,plate16-2-A/SouthAustralia/2520702747/2025_H1N1,1119,0.8284,0.8284
seqneut25to26_sera_4013,A/SouthAustralia/2520702747/2025_H1N1,plate16-2-A/SouthAustralia/2520702747/2025_H1N1,2575,1.589,1
seqneut25to26_sera_4013,A/SouthAustralia/2520702747/2025_H1N1,plate16-2-A/SouthAustralia/2520702747/2025_H1N1,5921,1.042,1
seqneut25to26_sera_4013,A/SouthAustralia/2520702747/2025_H1N1,plate16-2-A/SouthAustralia/2520702747/2025_H1N1,1.362e+04,0.903,0.903
seqneut25to26_sera_4013,A/SouthAustralia/2523012764/2025_H1N1,plate16-2-A/SouthAustralia/2523012764/2025_H1N1,40,0.06912,0.06912
seqneut25to26_sera_4013,A/SouthAustralia/2523012764/2025_H1N1,plate16-2-A/SouthAustralia/2523012764/2025_H1N1,92,0.1902,0.1902
seqneut25to26_sera_4013,A/SouthAustralia/2523012764/2025_H1N1,plate16-2-A/SouthAustralia/2523012764/2025_H1N1,212,0.502,0.502
seqneut25to26_sera_4013,A/SouthAustralia/2523012764/2025_H1N1,plate16-2-A/SouthAustralia/2523012764/2025_H1N1,487,0.8649,0.8649
seqneut25to26_sera_4013,A/SouthAustralia/2523012764/2025_H1N1,plate16-2-A/SouthAustralia/2523012764/2025_H1N1,1119,0.9512,0.9512
seqneut25to26_sera_4013,A/SouthAustralia/2523012764/2025_H1N1,plate16-2-A/SouthAustralia/2523012764/2025_H1N1,2575,1.517,1
seqneut25to26_sera_4013,A/SouthAustralia/2523012764/2025_H1N1,plate16-2-A/SouthAustralia/2523012764/2025_H1N1,5921,1.389,1
seqneut25to26_sera_4013,A/SouthAustralia/2523012764/2025_H1N1,plate16-2-A/SouthAustralia/2523012764/2025_H1N1,1.362e+04,1.2,1
seqneut25to26_sera_4013,A/SouthAustralia/2523812314/2025_H3N2,plate16-2-A/SouthAustralia/2523812314/2025_H3N2,40,0.001547,0.001547
seqneut25to26_sera_4013,A/SouthAustralia/2523812314/2025_H3N2,plate16-2-A/SouthAustralia/2523812314/2025_H3N2,92,0.02635,0.02635
seqneut25to26_sera_4013,A/SouthAustralia/2523812314/2025_H3N2,plate16-2-A/SouthAustralia/2523812314/2025_H3N2,212,0.2208,0.2208
seqneut25to26_sera_4013,A/SouthAustralia/2523812314/2025_H3N2,plate16-2-A/SouthAustralia/2523812314/2025_H3N2,487,0.4396,0.4396
seqneut25to26_sera_4013,A/SouthAustralia/2523812314/2025_H3N2,plate16-2-A/SouthAustralia/2523812314/2025_H3N2,1119,0.4585,0.4585
seqneut25to26_sera_4013,A/SouthAustralia/2523812314/2025_H3N2,plate16-2-A/SouthAustralia/2523812314/2025_H3N2,2575,0.9253,0.9253
seqneut25to26_sera_4013,A/SouthAustralia/2523812314/2025_H3N2,plate16-2-A/SouthAustralia/2523812314/2025_H3N2,5921,1.18,1
seqneut25to26_sera_4013,A/SouthAustralia/2523812314/2025_H3N2,plate16-2-A/SouthAustralia/2523812314/2025_H3N2,1.362e+04,1.181,1
seqneut25to26_sera_4013,A/SouthAustralia/2524408801/2025_H3N2,plate16-2-A/SouthAustralia/2524408801/2025_H3N2,40,0.0003354,0.0003354
seqneut25to26_sera_4013,A/SouthAustralia/2524408801/2025_H3N2,plate16-2-A/SouthAustralia/2524408801/2025_H3N2,92,0.05109,0.05109
seqneut25to26_sera_4013,A/SouthAustralia/2524408801/2025_H3N2,plate16-2-A/SouthAustralia/2524408801/2025_H3N2,212,0.2579,0.2579
seqneut25to26_sera_4013,A/SouthAustralia/2524408801/2025_H3N2,plate16-2-A/SouthAustralia/2524408801/2025_H3N2,487,0.2631,0.2631
seqneut25to26_sera_4013,A/SouthAustralia/2524408801/2025_H3N2,plate16-2-A/SouthAustralia/2524408801/2025_H3N2,1119,0.4544,0.4544
seqneut25to26_sera_4013,A/SouthAustralia/2524408801/2025_H3N2,plate16-2-A/SouthAustralia/2524408801/2025_H3N2,2575,0.7973,0.7973
seqneut25to26_sera_4013,A/SouthAustralia/2524408801/2025_H3N2,plate16-2-A/SouthAustralia/2524408801/2025_H3N2,5921,1.075,1
seqneut25to26_sera_4013,A/SouthAustralia/2524408801/2025_H3N2,plate16-2-A/SouthAustralia/2524408801/2025_H3N2,1.362e+04,1.015,1
seqneut25to26_sera_4013,A/SouthAustralia/2524712956/2025_H1N1,plate16-2-A/SouthAustralia/2524712956/2025_H1N1,40,0.02933,0.02933
seqneut25to26_sera_4013,A/SouthAustralia/2524712956/2025_H1N1,plate16-2-A/SouthAustralia/2524712956/2025_H1N1,92,0.1725,0.1725
seqneut25to26_sera_4013,A/SouthAustralia/2524712956/2025_H1N1,plate16-2-A/SouthAustralia/2524712956/2025_H1N1,212,0.4198,0.4198
seqneut25to26_sera_4013,A/SouthAustralia/2524712956/2025_H1N1,plate16-2-A/SouthAustralia/2524712956/2025_H1N1,487,0.5855,0.5855
seqneut25to26_sera_4013,A/SouthAustralia/2524712956/2025_H1N1,plate16-2-A/SouthAustralia/2524712956/2025_H1N1,1119,1.365,1
seqneut25to26_sera_4013,A/SouthAustralia/2524712956/2025_H1N1,plate16-2-A/SouthAustralia/2524712956/2025_H1N1,2575,1.392,1
seqneut25to26_sera_4013,A/SouthAustralia/2524712956/2025_H1N1,plate16-2-A/SouthAustralia/2524712956/2025_H1N1,5921,1.833,1
seqneut25to26_sera_4013,A/SouthAustralia/2524712956/2025_H1N1,plate16-2-A/SouthAustralia/2524712956/2025_H1N1,1.362e+04,0.9741,0.9741
seqneut25to26_sera_4013,A/SouthAustralia/2525607496/2025_H3N2,plate16-2-A/SouthAustralia/2525607496/2025_H3N2,40,0.00397,0.00397
seqneut25to26_sera_4013,A/SouthAustralia/2525607496/2025_H3N2,plate16-2-A/SouthAustralia/2525607496/2025_H3N2,92,0.08301,0.08301
seqneut25to26_sera_4013,A/SouthAustralia/2525607496/2025_H3N2,plate16-2-A/SouthAustralia/2525607496/2025_H3N2,212,0.2273,0.2273
seqneut25to26_sera_4013,A/SouthAustralia/2525607496/2025_H3N2,plate16-2-A/SouthAustralia/2525607496/2025_H3N2,487,0.3734,0.3734
seqneut25to26_sera_4013,A/SouthAustralia/2525607496/2025_H3N2,plate16-2-A/SouthAustralia/2525607496/2025_H3N2,1119,0.5717,0.5717
seqneut25to26_sera_4013,A/SouthAustralia/2525607496/2025_H3N2,plate16-2-A/SouthAustralia/2525607496/2025_H3N2,2575,0.9088,0.9088
seqneut25to26_sera_4013,A/SouthAustralia/2525607496/2025_H3N2,plate16-2-A/SouthAustralia/2525607496/2025_H3N2,5921,1.256,1
seqneut25to26_sera_4013,A/SouthAustralia/2525607496/2025_H3N2,plate16-2-A/SouthAustralia/2525607496/2025_H3N2,1.362e+04,0.6992,0.6992
seqneut25to26_sera_4013,A/SouthAustralia/2527003588/2025_H3N2,plate16-2-A/SouthAustralia/2527003588/2025_H3N2,40,0.002722,0.002722
seqneut25to26_sera_4013,A/SouthAustralia/2527003588/2025_H3N2,plate16-2-A/SouthAustralia/2527003588/2025_H3N2,92,0.02474,0.02474
seqneut25to26_sera_4013,A/SouthAustralia/2527003588/2025_H3N2,plate16-2-A/SouthAustralia/2527003588/2025_H3N2,212,0.1644,0.1644
seqneut25to26_sera_4013,A/SouthAustralia/2527003588/2025_H3N2,plate16-2-A/SouthAustralia/2527003588/2025_H3N2,487,0.3629,0.3629
seqneut25to26_sera_4013,A/SouthAustralia/2527003588/2025_H3N2,plate16-2-A/SouthAustralia/2527003588/2025_H3N2,1119,0.517,0.517
seqneut25to26_sera_4013,A/SouthAustralia/2527003588/2025_H3N2,plate16-2-A/SouthAustralia/2527003588/2025_H3N2,2575,0.9374,0.9374
seqneut25to26_sera_4013,A/SouthAustralia/2527003588/2025_H3N2,plate16-2-A/SouthAustralia/2527003588/2025_H3N2,5921,2.036,1
seqneut25to26_sera_4013,A/SouthAustralia/2527003588/2025_H3N2,plate16-2-A/SouthAustralia/2527003588/2025_H3N2,1.362e+04,0.6951,0.6951
seqneut25to26_sera_4013,A/SouthAustralia/2527213276/2025_H3N2,plate16-2-A/SouthAustralia/2527213276/2025_H3N2,40,0.02719,0.02719
seqneut25to26_sera_4013,A/SouthAustralia/2527213276/2025_H3N2,plate16-2-A/SouthAustralia/2527213276/2025_H3N2,92,0.232,0.232
seqneut25to26_sera_4013,A/SouthAustralia/2527213276/2025_H3N2,plate16-2-A/SouthAustralia/2527213276/2025_H3N2,212,0.3975,0.3975
seqneut25to26_sera_4013,A/SouthAustralia/2527213276/2025_H3N2,plate16-2-A/SouthAustralia/2527213276/2025_H3N2,487,0.6562,0.6562
seqneut25to26_sera_4013,A/SouthAustralia/2527213276/2025_H3N2,plate16-2-A/SouthAustralia/2527213276/2025_H3N2,1119,0.3515,0.3515
seqneut25to26_sera_4013,A/SouthAustralia/2527213276/2025_H3N2,plate16-2-A/SouthAustralia/2527213276/2025_H3N2,2575,0.8168,0.8168
seqneut25to26_sera_4013,A/SouthAustralia/2527213276/2025_H3N2,plate16-2-A/SouthAustralia/2527213276/2025_H3N2,5921,1.276,1
seqneut25to26_sera_4013,A/SouthAustralia/2527213276/2025_H3N2,plate16-2-A/SouthAustralia/2527213276/2025_H3N2,1.362e+04,0.7993,0.7993
seqneut25to26_sera_4013,A/SouthAustralia/2527612456/2025_H1N1,plate16-2-A/SouthAustralia/2527612456/2025_H1N1,40,0.08225,0.08225
seqneut25to26_sera_4013,A/SouthAustralia/2527612456/2025_H1N1,plate16-2-A/SouthAustralia/2527612456/2025_H1N1,92,0.3327,0.3327
seqneut25to26_sera_4013,A/SouthAustralia/2527612456/2025_H1N1,plate16-2-A/SouthAustralia/2527612456/2025_H1N1,212,0.942,0.942
seqneut25to26_sera_4013,A/SouthAustralia/2527612456/2025_H1N1,plate16-2-A/SouthAustralia/2527612456/2025_H1N1,487,0.7433,0.7433
seqneut25to26_sera_4013,A/SouthAustralia/2527612456/2025_H1N1,plate16-2-A/SouthAustralia/2527612456/2025_H1N1,1119,0.9365,0.9365
seqneut25to26_sera_4013,A/SouthAustralia/2527612456/2025_H1N1,plate16-2-A/SouthAustralia/2527612456/2025_H1N1,2575,1.335,1
seqneut25to26_sera_4013,A/SouthAustralia/2527612456/2025_H1N1,plate16-2-A/SouthAustralia/2527612456/2025_H1N1,5921,1.832,1
seqneut25to26_sera_4013,A/SouthAustralia/2527612456/2025_H1N1,plate16-2-A/SouthAustralia/2527612456/2025_H1N1,1.362e+04,0.8974,0.8974
seqneut25to26_sera_4013,A/SouthAustralia/2527902708/2025_H3N2,plate16-2-A/SouthAustralia/2527902708/2025_H3N2,40,0.0136,0.0136
seqneut25to26_sera_4013,A/SouthAustralia/2527902708/2025_H3N2,plate16-2-A/SouthAustralia/2527902708/2025_H3N2,92,0.07054,0.07054
seqneut25to26_sera_4013,A/SouthAustralia/2527902708/2025_H3N2,plate16-2-A/SouthAustralia/2527902708/2025_H3N2,212,0.5723,0.5723
seqneut25to26_sera_4013,A/SouthAustralia/2527902708/2025_H3N2,plate16-2-A/SouthAustralia/2527902708/2025_H3N2,487,0.5977,0.5977
seqneut25to26_sera_4013,A/SouthAustralia/2527902708/2025_H3N2,plate16-2-A/SouthAustralia/2527902708/2025_H3N2,1119,0.4961,0.4961
seqneut25to26_sera_4013,A/SouthAustralia/2527902708/2025_H3N2,plate16-2-A/SouthAustralia/2527902708/2025_H3N2,2575,1.101,1
seqneut25to26_sera_4013,A/SouthAustralia/2527902708/2025_H3N2,plate16-2-A/SouthAustralia/2527902708/2025_H3N2,5921,1.024,1
seqneut25to26_sera_4013,A/SouthAustralia/2527902708/2025_H3N2,plate16-2-A/SouthAustralia/2527902708/2025_H3N2,1.362e+04,1.173,1
seqneut25to26_sera_4013,A/Sydney/1359/2024_H3N2,plate16-2-A/Sydney/1359/2024_H3N2,40,0.0004386,0.0004386
seqneut25to26_sera_4013,A/Sydney/1359/2024_H3N2,plate16-2-A/Sydney/1359/2024_H3N2,92,0.002391,0.002391
seqneut25to26_sera_4013,A/Sydney/1359/2024_H3N2,plate16-2-A/Sydney/1359/2024_H3N2,212,0.04931,0.04931
seqneut25to26_sera_4013,A/Sydney/1359/2024_H3N2,plate16-2-A/Sydney/1359/2024_H3N2,487,0.1715,0.1715
seqneut25to26_sera_4013,A/Sydney/1359/2024_H3N2,plate16-2-A/Sydney/1359/2024_H3N2,1119,0.3903,0.3903
seqneut25to26_sera_4013,A/Sydney/1359/2024_H3N2,plate16-2-A/Sydney/1359/2024_H3N2,2575,0.9377,0.9377
seqneut25to26_sera_4013,A/Sydney/1359/2024_H3N2,plate16-2-A/Sydney/1359/2024_H3N2,5921,1.202,1
seqneut25to26_sera_4013,A/Sydney/1359/2024_H3N2,plate16-2-A/Sydney/1359/2024_H3N2,1.362e+04,0.9014,0.9014
seqneut25to26_sera_4013,A/Sydney/400/2025_H1N1,plate16-2-A/Sydney/400/2025_H1N1,40,0.004928,0.004928
seqneut25to26_sera_4013,A/Sydney/400/2025_H1N1,plate16-2-A/Sydney/400/2025_H1N1,92,0.06192,0.06192
seqneut25to26_sera_4013,A/Sydney/400/2025_H1N1,plate16-2-A/Sydney/400/2025_H1N1,212,0.3986,0.3986
seqneut25to26_sera_4013,A/Sydney/400/2025_H1N1,plate16-2-A/Sydney/400/2025_H1N1,487,1.049,1
seqneut25to26_sera_4013,A/Sydney/400/2025_H1N1,plate16-2-A/Sydney/400/2025_H1N1,1119,0.6009,0.6009
seqneut25to26_sera_4013,A/Sydney/400/2025_H1N1,plate16-2-A/Sydney/400/2025_H1N1,2575,0.9355,0.9355
seqneut25to26_sera_4013,A/Sydney/400/2025_H1N1,plate16-2-A/Sydney/400/2025_H1N1,5921,1.206,1
seqneut25to26_sera_4013,A/Sydney/400/2025_H1N1,plate16-2-A/Sydney/400/2025_H1N1,1.362e+04,0.7214,0.7214
seqneut25to26_sera_4013,A/Tasmania/2521815682/2025_H3N2,plate16-2-A/Tasmania/2521815682/2025_H3N2,40,0.008856,0.008856
seqneut25to26_sera_4013,A/Tasmania/2521815682/2025_H3N2,plate16-2-A/Tasmania/2521815682/2025_H3N2,92,0.1642,0.1642
seqneut25to26_sera_4013,A/Tasmania/2521815682/2025_H3N2,plate16-2-A/Tasmania/2521815682/2025_H3N2,212,0.4184,0.4184
seqneut25to26_sera_4013,A/Tasmania/2521815682/2025_H3N2,plate16-2-A/Tasmania/2521815682/2025_H3N2,487,0.5431,0.5431
seqneut25to26_sera_4013,A/Tasmania/2521815682/2025_H3N2,plate16-2-A/Tasmania/2521815682/2025_H3N2,1119,0.4476,0.4476
seqneut25to26_sera_4013,A/Tasmania/2521815682/2025_H3N2,plate16-2-A/Tasmania/2521815682/2025_H3N2,2575,0.8517,0.8517
seqneut25to26_sera_4013,A/Tasmania/2521815682/2025_H3N2,plate16-2-A/Tasmania/2521815682/2025_H3N2,5921,1.334,1
seqneut25to26_sera_4013,A/Tasmania/2521815682/2025_H3N2,plate16-2-A/Tasmania/2521815682/2025_H3N2,1.362e+04,0.9507,0.9507
seqneut25to26_sera_4013,A/Thailand/8/2022_H3N2,plate16-2-A/Thailand/8/2022_H3N2,40,0.001598,0.001598
seqneut25to26_sera_4013,A/Thailand/8/2022_H3N2,plate16-2-A/Thailand/8/2022_H3N2,92,0.006103,0.006103
seqneut25to26_sera_4013,A/Thailand/8/2022_H3N2,plate16-2-A/Thailand/8/2022_H3N2,212,0.02754,0.02754
seqneut25to26_sera_4013,A/Thailand/8/2022_H3N2,plate16-2-A/Thailand/8/2022_H3N2,487,0.3887,0.3887
seqneut25to26_sera_4013,A/Thailand/8/2022_H3N2,plate16-2-A/Thailand/8/2022_H3N2,1119,0.436,0.436
seqneut25to26_sera_4013,A/Thailand/8/2022_H3N2,plate16-2-A/Thailand/8/2022_H3N2,2575,0.5616,0.5616
seqneut25to26_sera_4013,A/Thailand/8/2022_H3N2,plate16-2-A/Thailand/8/2022_H3N2,5921,1.159,1
seqneut25to26_sera_4013,A/Thailand/8/2022_H3N2,plate16-2-A/Thailand/8/2022_H3N2,1.362e+04,1.079,1
seqneut25to26_sera_4013,A/Vermont/73/2025_H3N2,plate16-2-A/Vermont/73/2025_H3N2,40,0.01485,0.01485
seqneut25to26_sera_4013,A/Vermont/73/2025_H3N2,plate16-2-A/Vermont/73/2025_H3N2,92,0.1523,0.1523
seqneut25to26_sera_4013,A/Vermont/73/2025_H3N2,plate16-2-A/Vermont/73/2025_H3N2,212,0.292,0.292
seqneut25to26_sera_4013,A/Vermont/73/2025_H3N2,plate16-2-A/Vermont/73/2025_H3N2,487,0.5502,0.5502
seqneut25to26_sera_4013,A/Vermont/73/2025_H3N2,plate16-2-A/Vermont/73/2025_H3N2,1119,0.619,0.619
seqneut25to26_sera_4013,A/Vermont/73/2025_H3N2,plate16-2-A/Vermont/73/2025_H3N2,2575,0.7242,0.7242
seqneut25to26_sera_4013,A/Vermont/73/2025_H3N2,plate16-2-A/Vermont/73/2025_H3N2,5921,0.9581,0.9581
seqneut25to26_sera_4013,A/Vermont/73/2025_H3N2,plate16-2-A/Vermont/73/2025_H3N2,1.362e+04,1.079,1
seqneut25to26_sera_4013,A/Victoria/4897/2022_IVR-238_H1N1,plate16-2-A/Victoria/4897/2022_IVR-238_H1N1,40,0.0004759,0.0004759
seqneut25to26_sera_4013,A/Victoria/4897/2022_IVR-238_H1N1,plate16-2-A/Victoria/4897/2022_IVR-238_H1N1,92,0.002879,0.002879
seqneut25to26_sera_4013,A/Victoria/4897/2022_IVR-238_H1N1,plate16-2-A/Victoria/4897/2022_IVR-238_H1N1,212,0.00526,0.00526
seqneut25to26_sera_4013,A/Victoria/4897/2022_IVR-238_H1N1,plate16-2-A/Victoria/4897/2022_IVR-238_H1N1,487,0.1386,0.1386
seqneut25to26_sera_4013,A/Victoria/4897/2022_IVR-238_H1N1,plate16-2-A/Victoria/4897/2022_IVR-238_H1N1,1119,0.3311,0.3311
seqneut25to26_sera_4013,A/Victoria/4897/2022_IVR-238_H1N1,plate16-2-A/Victoria/4897/2022_IVR-238_H1N1,2575,0.8518,0.8518
seqneut25to26_sera_4013,A/Victoria/4897/2022_IVR-238_H1N1,plate16-2-A/Victoria/4897/2022_IVR-238_H1N1,5921,0.9954,0.9954
seqneut25to26_sera_4013,A/Victoria/4897/2022_IVR-238_H1N1,plate16-2-A/Victoria/4897/2022_IVR-238_H1N1,1.362e+04,1.12,1
seqneut25to26_sera_4013,A/Wisconsin/588/2019_H1N1,plate16-2-A/Wisconsin/588/2019_H1N1,40,0.0003154,0.0003154
seqneut25to26_sera_4013,A/Wisconsin/588/2019_H1N1,plate16-2-A/Wisconsin/588/2019_H1N1,92,0.003139,0.003139
seqneut25to26_sera_4013,A/Wisconsin/588/2019_H1N1,plate16-2-A/Wisconsin/588/2019_H1N1,212,0.1521,0.1521
seqneut25to26_sera_4013,A/Wisconsin/588/2019_H1N1,plate16-2-A/Wisconsin/588/2019_H1N1,487,0.2936,0.2936
seqneut25to26_sera_4013,A/Wisconsin/588/2019_H1N1,plate16-2-A/Wisconsin/588/2019_H1N1,1119,0.4764,0.4764
seqneut25to26_sera_4013,A/Wisconsin/588/2019_H1N1,plate16-2-A/Wisconsin/588/2019_H1N1,2575,1.052,1
seqneut25to26_sera_4013,A/Wisconsin/588/2019_H1N1,plate16-2-A/Wisconsin/588/2019_H1N1,5921,1.236,1
seqneut25to26_sera_4013,A/Wisconsin/588/2019_H1N1,plate16-2-A/Wisconsin/588/2019_H1N1,1.362e+04,1.33,1
seqneut25to26_sera_4013,A/Wisconsin/67/2022_H1N1,plate16-2-A/Wisconsin/67/2022_H1N1,40,0.01483,0.01483
seqneut25to26_sera_4013,A/Wisconsin/67/2022_H1N1,plate16-2-A/Wisconsin/67/2022_H1N1,92,0.2658,0.2658
seqneut25to26_sera_4013,A/Wisconsin/67/2022_H1N1,plate16-2-A/Wisconsin/67/2022_H1N1,212,0.5443,0.5443
seqneut25to26_sera_4013,A/Wisconsin/67/2022_H1N1,plate16-2-A/Wisconsin/67/2022_H1N1,487,0.6534,0.6534
seqneut25to26_sera_4013,A/Wisconsin/67/2022_H1N1,plate16-2-A/Wisconsin/67/2022_H1N1,1119,0.8299,0.8299
seqneut25to26_sera_4013,A/Wisconsin/67/2022_H1N1,plate16-2-A/Wisconsin/67/2022_H1N1,2575,0.8901,0.8901
seqneut25to26_sera_4013,A/Wisconsin/67/2022_H1N1,plate16-2-A/Wisconsin/67/2022_H1N1,5921,1.339,1
seqneut25to26_sera_4013,A/Wisconsin/67/2022_H1N1,plate16-2-A/Wisconsin/67/2022_H1N1,1.362e+04,0.897,0.897
seqneut25to26_sera_4013,A/Zacapa/FLU-261/2025_H1N1,plate16-2-A/Zacapa/FLU-261/2025_H1N1,40,0.006216,0.006216
seqneut25to26_sera_4013,A/Zacapa/FLU-261/2025_H1N1,plate16-2-A/Zacapa/FLU-261/2025_H1N1,92,0.131,0.131
seqneut25to26_sera_4013,A/Zacapa/FLU-261/2025_H1N1,plate16-2-A/Zacapa/FLU-261/2025_H1N1,212,0.6097,0.6097
seqneut25to26_sera_4013,A/Zacapa/FLU-261/2025_H1N1,plate16-2-A/Zacapa/FLU-261/2025_H1N1,487,0.8008,0.8008
seqneut25to26_sera_4013,A/Zacapa/FLU-261/2025_H1N1,plate16-2-A/Zacapa/FLU-261/2025_H1N1,1119,0.7471,0.7471
seqneut25to26_sera_4013,A/Zacapa/FLU-261/2025_H1N1,plate16-2-A/Zacapa/FLU-261/2025_H1N1,2575,1.203,1
seqneut25to26_sera_4013,A/Zacapa/FLU-261/2025_H1N1,plate16-2-A/Zacapa/FLU-261/2025_H1N1,5921,1.289,1
seqneut25to26_sera_4013,A/Zacapa/FLU-261/2025_H1N1,plate16-2-A/Zacapa/FLU-261/2025_H1N1,1.362e+04,0.9065,0.9065
seqneut25to26_sera_4014,A/Alagoas/4130/2025_H3N2,plate16-2-A/Alagoas/4130/2025_H3N2,40,0.006621,0.006621
seqneut25to26_sera_4014,A/Alagoas/4130/2025_H3N2,plate16-2-A/Alagoas/4130/2025_H3N2,92,0.1395,0.1395
seqneut25to26_sera_4014,A/Alagoas/4130/2025_H3N2,plate16-2-A/Alagoas/4130/2025_H3N2,212,0.3379,0.3379
seqneut25to26_sera_4014,A/Alagoas/4130/2025_H3N2,plate16-2-A/Alagoas/4130/2025_H3N2,487,0.3914,0.3914
seqneut25to26_sera_4014,A/Alagoas/4130/2025_H3N2,plate16-2-A/Alagoas/4130/2025_H3N2,1119,0.4983,0.4983
seqneut25to26_sera_4014,A/Alagoas/4130/2025_H3N2,plate16-2-A/Alagoas/4130/2025_H3N2,2575,0.9115,0.9115
seqneut25to26_sera_4014,A/Alagoas/4130/2025_H3N2,plate16-2-A/Alagoas/4130/2025_H3N2,5921,0.8668,0.8668
seqneut25to26_sera_4014,A/Alagoas/4130/2025_H3N2,plate16-2-A/Alagoas/4130/2025_H3N2,1.362e+04,1.07,1
seqneut25to26_sera_4014,A/Anapolis/LEIAL6543/2025_H3N2,plate16-2-A/Anapolis/LEIAL6543/2025_H3N2,40,0.03244,0.03244
seqneut25to26_sera_4014,A/Anapolis/LEIAL6543/2025_H3N2,plate16-2-A/Anapolis/LEIAL6543/2025_H3N2,92,0.1622,0.1622
seqneut25to26_sera_4014,A/Anapolis/LEIAL6543/2025_H3N2,plate16-2-A/Anapolis/LEIAL6543/2025_H3N2,212,0.3952,0.3952
seqneut25to26_sera_4014,A/Anapolis/LEIAL6543/2025_H3N2,plate16-2-A/Anapolis/LEIAL6543/2025_H3N2,487,0.3606,0.3606
seqneut25to26_sera_4014,A/Anapolis/LEIAL6543/2025_H3N2,plate16-2-A/Anapolis/LEIAL6543/2025_H3N2,1119,0.4786,0.4786
seqneut25to26_sera_4014,A/Anapolis/LEIAL6543/2025_H3N2,plate16-2-A/Anapolis/LEIAL6543/2025_H3N2,2575,0.8614,0.8614
seqneut25to26_sera_4014,A/Anapolis/LEIAL6543/2025_H3N2,plate16-2-A/Anapolis/LEIAL6543/2025_H3N2,5921,0.89,0.89
seqneut25to26_sera_4014,A/Anapolis/LEIAL6543/2025_H3N2,plate16-2-A/Anapolis/LEIAL6543/2025_H3N2,1.362e+04,0.8342,0.8342
seqneut25to26_sera_4014,A/Andalucia/PMC-00977/2025_H1N1,plate16-2-A/Andalucia/PMC-00977/2025_H1N1,40,0.0002019,0.0002019
seqneut25to26_sera_4014,A/Andalucia/PMC-00977/2025_H1N1,plate16-2-A/Andalucia/PMC-00977/2025_H1N1,92,0.001243,0.001243
seqneut25to26_sera_4014,A/Andalucia/PMC-00977/2025_H1N1,plate16-2-A/Andalucia/PMC-00977/2025_H1N1,212,0.1894,0.1894
seqneut25to26_sera_4014,A/Andalucia/PMC-00977/2025_H1N1,plate16-2-A/Andalucia/PMC-00977/2025_H1N1,487,0.4371,0.4371
seqneut25to26_sera_4014,A/Andalucia/PMC-00977/2025_H1N1,plate16-2-A/Andalucia/PMC-00977/2025_H1N1,1119,0.5862,0.5862
seqneut25to26_sera_4014,A/Andalucia/PMC-00977/2025_H1N1,plate16-2-A/Andalucia/PMC-00977/2025_H1N1,2575,0.8854,0.8854
seqneut25to26_sera_4014,A/Andalucia/PMC-00977/2025_H1N1,plate16-2-A/Andalucia/PMC-00977/2025_H1N1,5921,1.212,1
seqneut25to26_sera_4014,A/Andalucia/PMC-00977/2025_H1N1,plate16-2-A/Andalucia/PMC-00977/2025_H1N1,1.362e+04,1.36,1
seqneut25to26_sera_4014,A/Aragon/2046/2025_H1N1,plate16-2-A/Aragon/2046/2025_H1N1,40,0.001374,0.001374
seqneut25to26_sera_4014,A/Aragon/2046/2025_H1N1,plate16-2-A/Aragon/2046/2025_H1N1,92,0.0007473,0.0007473
seqneut25to26_sera_4014,A/Aragon/2046/2025_H1N1,plate16-2-A/Aragon/2046/2025_H1N1,212,0.1922,0.1922
seqneut25to26_sera_4014,A/Aragon/2046/2025_H1N1,plate16-2-A/Aragon/2046/2025_H1N1,487,0.3148,0.3148
seqneut25to26_sera_4014,A/Aragon/2046/2025_H1N1,plate16-2-A/Aragon/2046/2025_H1N1,1119,0.7497,0.7497
seqneut25to26_sera_4014,A/Aragon/2046/2025_H1N1,plate16-2-A/Aragon/2046/2025_H1N1,2575,1.334,1
seqneut25to26_sera_4014,A/Aragon/2046/2025_H1N1,plate16-2-A/Aragon/2046/2025_H1N1,5921,1.237,1
seqneut25to26_sera_4014,A/Aragon/2046/2025_H1N1,plate16-2-A/Aragon/2046/2025_H1N1,1.362e+04,1.391,1
seqneut25to26_sera_4014,A/Arica/59150/2025_H3N2,plate16-2-A/Arica/59150/2025_H3N2,40,0.02867,0.02867
seqneut25to26_sera_4014,A/Arica/59150/2025_H3N2,plate16-2-A/Arica/59150/2025_H3N2,92,0.117,0.117
seqneut25to26_sera_4014,A/Arica/59150/2025_H3N2,plate16-2-A/Arica/59150/2025_H3N2,212,0.3053,0.3053
seqneut25to26_sera_4014,A/Arica/59150/2025_H3N2,plate16-2-A/Arica/59150/2025_H3N2,487,0.4154,0.4154
seqneut25to26_sera_4014,A/Arica/59150/2025_H3N2,plate16-2-A/Arica/59150/2025_H3N2,1119,0.4992,0.4992
seqneut25to26_sera_4014,A/Arica/59150/2025_H3N2,plate16-2-A/Arica/59150/2025_H3N2,2575,0.67,0.67
seqneut25to26_sera_4014,A/Arica/59150/2025_H3N2,plate16-2-A/Arica/59150/2025_H3N2,5921,1.178,1
seqneut25to26_sera_4014,A/Arica/59150/2025_H3N2,plate16-2-A/Arica/59150/2025_H3N2,1.362e+04,0.9727,0.9727
seqneut25to26_sera_4014,A/Bahia/3102/2025_H3N2,plate16-2-A/Bahia/3102/2025_H3N2,40,0.007859,0.007859
seqneut25to26_sera_4014,A/Bahia/3102/2025_H3N2,plate16-2-A/Bahia/3102/2025_H3N2,92,0.07284,0.07284
seqneut25to26_sera_4014,A/Bahia/3102/2025_H3N2,plate16-2-A/Bahia/3102/2025_H3N2,212,0.2697,0.2697
seqneut25to26_sera_4014,A/Bahia/3102/2025_H3N2,plate16-2-A/Bahia/3102/2025_H3N2,487,0.3067,0.3067
seqneut25to26_sera_4014,A/Bahia/3102/2025_H3N2,plate16-2-A/Bahia/3102/2025_H3N2,1119,0.3894,0.3894
seqneut25to26_sera_4014,A/Bahia/3102/2025_H3N2,plate16-2-A/Bahia/3102/2025_H3N2,2575,0.7278,0.7278
seqneut25to26_sera_4014,A/Bahia/3102/2025_H3N2,plate16-2-A/Bahia/3102/2025_H3N2,5921,0.8084,0.8084
seqneut25to26_sera_4014,A/Bahia/3102/2025_H3N2,plate16-2-A/Bahia/3102/2025_H3N2,1.362e+04,0.9467,0.9467
seqneut25to26_sera_4014,A/Bangkok/1803/2025_H1N1,plate16-2-A/Bangkok/1803/2025_H1N1,40,0.004272,0.004272
seqneut25to26_sera_4014,A/Bangkok/1803/2025_H1N1,plate16-2-A/Bangkok/1803/2025_H1N1,92,0.02199,0.02199
seqneut25to26_sera_4014,A/Bangkok/1803/2025_H1N1,plate16-2-A/Bangkok/1803/2025_H1N1,212,0.08375,0.08375
seqneut25to26_sera_4014,A/Bangkok/1803/2025_H1N1,plate16-2-A/Bangkok/1803/2025_H1N1,487,0.2816,0.2816
seqneut25to26_sera_4014,A/Bangkok/1803/2025_H1N1,plate16-2-A/Bangkok/1803/2025_H1N1,1119,0.5111,0.5111
seqneut25to26_sera_4014,A/Bangkok/1803/2025_H1N1,plate16-2-A/Bangkok/1803/2025_H1N1,2575,0.9916,0.9916
seqneut25to26_sera_4014,A/Bangkok/1803/2025_H1N1,plate16-2-A/Bangkok/1803/2025_H1N1,5921,0.973,0.973
seqneut25to26_sera_4014,A/Bangkok/1803/2025_H1N1,plate16-2-A/Bangkok/1803/2025_H1N1,1.362e+04,1.042,1
seqneut25to26_sera_4014,A/Bangkok/P2229/2025_H1N1,plate16-2-A/Bangkok/P2229/2025_H1N1,40,0.001656,0.001656
seqneut25to26_sera_4014,A/Bangkok/P2229/2025_H1N1,plate16-2-A/Bangkok/P2229/2025_H1N1,92,0.004054,0.004054
seqneut25to26_sera_4014,A/Bangkok/P2229/2025_H1N1,plate16-2-A/Bangkok/P2229/2025_H1N1,212,0.08107,0.08107
seqneut25to26_sera_4014,A/Bangkok/P2229/2025_H1N1,plate16-2-A/Bangkok/P2229/2025_H1N1,487,0.3934,0.3934
seqneut25to26_sera_4014,A/Bangkok/P2229/2025_H1N1,plate16-2-A/Bangkok/P2229/2025_H1N1,1119,0.6994,0.6994
seqneut25to26_sera_4014,A/Bangkok/P2229/2025_H1N1,plate16-2-A/Bangkok/P2229/2025_H1N1,2575,0.6972,0.6972
seqneut25to26_sera_4014,A/Bangkok/P2229/2025_H1N1,plate16-2-A/Bangkok/P2229/2025_H1N1,5921,1.24,1
seqneut25to26_sera_4014,A/Bangkok/P2229/2025_H1N1,plate16-2-A/Bangkok/P2229/2025_H1N1,1.362e+04,1.16,1
seqneut25to26_sera_4014,A/Bangkok/P2323/2025_H3N2,plate16-2-A/Bangkok/P2323/2025_H3N2,40,0.0233,0.0233
seqneut25to26_sera_4014,A/Bangkok/P2323/2025_H3N2,plate16-2-A/Bangkok/P2323/2025_H3N2,92,0.2246,0.2246
seqneut25to26_sera_4014,A/Bangkok/P2323/2025_H3N2,plate16-2-A/Bangkok/P2323/2025_H3N2,212,0.2889,0.2889
seqneut25to26_sera_4014,A/Bangkok/P2323/2025_H3N2,plate16-2-A/Bangkok/P2323/2025_H3N2,487,0.3774,0.3774
seqneut25to26_sera_4014,A/Bangkok/P2323/2025_H3N2,plate16-2-A/Bangkok/P2323/2025_H3N2,1119,0.7489,0.7489
seqneut25to26_sera_4014,A/Bangkok/P2323/2025_H3N2,plate16-2-A/Bangkok/P2323/2025_H3N2,2575,0.9554,0.9554
seqneut25to26_sera_4014,A/Bangkok/P2323/2025_H3N2,plate16-2-A/Bangkok/P2323/2025_H3N2,5921,0.9588,0.9588
seqneut25to26_sera_4014,A/Bangkok/P2323/2025_H3N2,plate16-2-A/Bangkok/P2323/2025_H3N2,1.362e+04,1.376,1
seqneut25to26_sera_4014,A/Bangkok/P2390/2025_H3N2,plate16-2-A/Bangkok/P2390/2025_H3N2,40,0.02188,0.02188
seqneut25to26_sera_4014,A/Bangkok/P2390/2025_H3N2,plate16-2-A/Bangkok/P2390/2025_H3N2,92,0.2913,0.2913
seqneut25to26_sera_4014,A/Bangkok/P2390/2025_H3N2,plate16-2-A/Bangkok/P2390/2025_H3N2,212,0.4234,0.4234
seqneut25to26_sera_4014,A/Bangkok/P2390/2025_H3N2,plate16-2-A/Bangkok/P2390/2025_H3N2,487,0.2974,0.2974
seqneut25to26_sera_4014,A/Bangkok/P2390/2025_H3N2,plate16-2-A/Bangkok/P2390/2025_H3N2,1119,0.5378,0.5378
seqneut25to26_sera_4014,A/Bangkok/P2390/2025_H3N2,plate16-2-A/Bangkok/P2390/2025_H3N2,2575,0.9833,0.9833
seqneut25to26_sera_4014,A/Bangkok/P2390/2025_H3N2,plate16-2-A/Bangkok/P2390/2025_H3N2,5921,1.224,1
seqneut25to26_sera_4014,A/Bangkok/P2390/2025_H3N2,plate16-2-A/Bangkok/P2390/2025_H3N2,1.362e+04,1.548,1
seqneut25to26_sera_4014,A/Bangkok/P2391/2025_H3N2,plate16-2-A/Bangkok/P2391/2025_H3N2,40,0.01476,0.01476
seqneut25to26_sera_4014,A/Bangkok/P2391/2025_H3N2,plate16-2-A/Bangkok/P2391/2025_H3N2,92,0.08563,0.08563
seqneut25to26_sera_4014,A/Bangkok/P2391/2025_H3N2,plate16-2-A/Bangkok/P2391/2025_H3N2,212,0.3735,0.3735
seqneut25to26_sera_4014,A/Bangkok/P2391/2025_H3N2,plate16-2-A/Bangkok/P2391/2025_H3N2,487,0.2899,0.2899
seqneut25to26_sera_4014,A/Bangkok/P2391/2025_H3N2,plate16-2-A/Bangkok/P2391/2025_H3N2,1119,0.5149,0.5149
seqneut25to26_sera_4014,A/Bangkok/P2391/2025_H3N2,plate16-2-A/Bangkok/P2391/2025_H3N2,2575,0.9063,0.9063
seqneut25to26_sera_4014,A/Bangkok/P2391/2025_H3N2,plate16-2-A/Bangkok/P2391/2025_H3N2,5921,0.8637,0.8637
seqneut25to26_sera_4014,A/Bangkok/P2391/2025_H3N2,plate16-2-A/Bangkok/P2391/2025_H3N2,1.362e+04,1.428,1
seqneut25to26_sera_4014,A/Bangkok/P2572/2025_H3N2,plate16-2-A/Bangkok/P2572/2025_H3N2,40,0.011,0.011
seqneut25to26_sera_4014,A/Bangkok/P2572/2025_H3N2,plate16-2-A/Bangkok/P2572/2025_H3N2,92,0.1529,0.1529
seqneut25to26_sera_4014,A/Bangkok/P2572/2025_H3N2,plate16-2-A/Bangkok/P2572/2025_H3N2,212,0.1879,0.1879
seqneut25to26_sera_4014,A/Bangkok/P2572/2025_H3N2,plate16-2-A/Bangkok/P2572/2025_H3N2,487,0.4434,0.4434
seqneut25to26_sera_4014,A/Bangkok/P2572/2025_H3N2,plate16-2-A/Bangkok/P2572/2025_H3N2,1119,0.4892,0.4892
seqneut25to26_sera_4014,A/Bangkok/P2572/2025_H3N2,plate16-2-A/Bangkok/P2572/2025_H3N2,2575,1.154,1
seqneut25to26_sera_4014,A/Bangkok/P2572/2025_H3N2,plate16-2-A/Bangkok/P2572/2025_H3N2,5921,0.8929,0.8929
seqneut25to26_sera_4014,A/Bangkok/P2572/2025_H3N2,plate16-2-A/Bangkok/P2572/2025_H3N2,1.362e+04,1.707,1
seqneut25to26_sera_4014,A/Bangkok/P2921/2025_H3N2,plate16-2-A/Bangkok/P2921/2025_H3N2,40,0.01816,0.01816
seqneut25to26_sera_4014,A/Bangkok/P2921/2025_H3N2,plate16-2-A/Bangkok/P2921/2025_H3N2,92,0.1118,0.1118
seqneut25to26_sera_4014,A/Bangkok/P2921/2025_H3N2,plate16-2-A/Bangkok/P2921/2025_H3N2,212,0.2713,0.2713
seqneut25to26_sera_4014,A/Bangkok/P2921/2025_H3N2,plate16-2-A/Bangkok/P2921/2025_H3N2,487,0.4698,0.4698
seqneut25to26_sera_4014,A/Bangkok/P2921/2025_H3N2,plate16-2-A/Bangkok/P2921/2025_H3N2,1119,0.6218,0.6218
seqneut25to26_sera_4014,A/Bangkok/P2921/2025_H3N2,plate16-2-A/Bangkok/P2921/2025_H3N2,2575,0.8896,0.8896
seqneut25to26_sera_4014,A/Bangkok/P2921/2025_H3N2,plate16-2-A/Bangkok/P2921/2025_H3N2,5921,1.174,1
seqneut25to26_sera_4014,A/Bangkok/P2921/2025_H3N2,plate16-2-A/Bangkok/P2921/2025_H3N2,1.362e+04,1.502,1
seqneut25to26_sera_4014,A/Bangkok/P3067/2025_H1N1,plate16-2-A/Bangkok/P3067/2025_H1N1,40,0.001939,0.001939
seqneut25to26_sera_4014,A/Bangkok/P3067/2025_H1N1,plate16-2-A/Bangkok/P3067/2025_H1N1,92,0.001461,0.001461
seqneut25to26_sera_4014,A/Bangkok/P3067/2025_H1N1,plate16-2-A/Bangkok/P3067/2025_H1N1,212,0.02632,0.02632
seqneut25to26_sera_4014,A/Bangkok/P3067/2025_H1N1,plate16-2-A/Bangkok/P3067/2025_H1N1,487,0.2175,0.2175
seqneut25to26_sera_4014,A/Bangkok/P3067/2025_H1N1,plate16-2-A/Bangkok/P3067/2025_H1N1,1119,0.3907,0.3907
seqneut25to26_sera_4014,A/Bangkok/P3067/2025_H1N1,plate16-2-A/Bangkok/P3067/2025_H1N1,2575,0.969,0.969
seqneut25to26_sera_4014,A/Bangkok/P3067/2025_H1N1,plate16-2-A/Bangkok/P3067/2025_H1N1,5921,1.179,1
seqneut25to26_sera_4014,A/Bangkok/P3067/2025_H1N1,plate16-2-A/Bangkok/P3067/2025_H1N1,1.362e+04,1.79,1
seqneut25to26_sera_4014,A/Bangkok/P3263/2025_H3N2,plate16-2-A/Bangkok/P3263/2025_H3N2,40,0.002661,0.002661
seqneut25to26_sera_4014,A/Bangkok/P3263/2025_H3N2,plate16-2-A/Bangkok/P3263/2025_H3N2,92,0.2483,0.2483
seqneut25to26_sera_4014,A/Bangkok/P3263/2025_H3N2,plate16-2-A/Bangkok/P3263/2025_H3N2,212,0.4263,0.4263
seqneut25to26_sera_4014,A/Bangkok/P3263/2025_H3N2,plate16-2-A/Bangkok/P3263/2025_H3N2,487,0.248,0.248
seqneut25to26_sera_4014,A/Bangkok/P3263/2025_H3N2,plate16-2-A/Bangkok/P3263/2025_H3N2,1119,0.3524,0.3524
seqneut25to26_sera_4014,A/Bangkok/P3263/2025_H3N2,plate16-2-A/Bangkok/P3263/2025_H3N2,2575,0.7916,0.7916
seqneut25to26_sera_4014,A/Bangkok/P3263/2025_H3N2,plate16-2-A/Bangkok/P3263/2025_H3N2,5921,0.9612,0.9612
seqneut25to26_sera_4014,A/Bangkok/P3263/2025_H3N2,plate16-2-A/Bangkok/P3263/2025_H3N2,1.362e+04,1.618,1
seqneut25to26_sera_4014,A/Belgium/H0097/2025_H3N2,plate16-2-A/Belgium/H0097/2025_H3N2,40,0.006615,0.006615
seqneut25to26_sera_4014,A/Belgium/H0097/2025_H3N2,plate16-2-A/Belgium/H0097/2025_H3N2,92,0.0398,0.0398
seqneut25to26_sera_4014,A/Belgium/H0097/2025_H3N2,plate16-2-A/Belgium/H0097/2025_H3N2,212,0.3243,0.3243
seqneut25to26_sera_4014,A/Belgium/H0097/2025_H3N2,plate16-2-A/Belgium/H0097/2025_H3N2,487,0.4687,0.4687
seqneut25to26_sera_4014,A/Belgium/H0097/2025_H3N2,plate16-2-A/Belgium/H0097/2025_H3N2,1119,0.4955,0.4955
seqneut25to26_sera_4014,A/Belgium/H0097/2025_H3N2,plate16-2-A/Belgium/H0097/2025_H3N2,2575,0.6804,0.6804
seqneut25to26_sera_4014,A/Belgium/H0097/2025_H3N2,plate16-2-A/Belgium/H0097/2025_H3N2,5921,0.9426,0.9426
seqneut25to26_sera_4014,A/Belgium/H0097/2025_H3N2,plate16-2-A/Belgium/H0097/2025_H3N2,1.362e+04,1.273,1
seqneut25to26_sera_4014,A/Bhutan/1267/2025_H3N2,plate16-2-A/Bhutan/1267/2025_H3N2,40,0.05529,0.05529
seqneut25to26_sera_4014,A/Bhutan/1267/2025_H3N2,plate16-2-A/Bhutan/1267/2025_H3N2,92,0.1328,0.1328
seqneut25to26_sera_4014,A/Bhutan/1267/2025_H3N2,plate16-2-A/Bhutan/1267/2025_H3N2,212,0.4247,0.4247
seqneut25to26_sera_4014,A/Bhutan/1267/2025_H3N2,plate16-2-A/Bhutan/1267/2025_H3N2,487,0.4341,0.4341
seqneut25to26_sera_4014,A/Bhutan/1267/2025_H3N2,plate16-2-A/Bhutan/1267/2025_H3N2,1119,0.5879,0.5879
seqneut25to26_sera_4014,A/Bhutan/1267/2025_H3N2,plate16-2-A/Bhutan/1267/2025_H3N2,2575,1.39,1
seqneut25to26_sera_4014,A/Bhutan/1267/2025_H3N2,plate16-2-A/Bhutan/1267/2025_H3N2,5921,1.149,1
seqneut25to26_sera_4014,A/Bhutan/1267/2025_H3N2,plate16-2-A/Bhutan/1267/2025_H3N2,1.362e+04,1.274,1
seqneut25to26_sera_4014,A/Bhutan/7/2025_H3N2,plate16-2-A/Bhutan/7/2025_H3N2,40,0.02376,0.02376
seqneut25to26_sera_4014,A/Bhutan/7/2025_H3N2,plate16-2-A/Bhutan/7/2025_H3N2,92,0.165,0.165
seqneut25to26_sera_4014,A/Bhutan/7/2025_H3N2,plate16-2-A/Bhutan/7/2025_H3N2,212,0.1794,0.1794
seqneut25to26_sera_4014,A/Bhutan/7/2025_H3N2,plate16-2-A/Bhutan/7/2025_H3N2,487,0.384,0.384
seqneut25to26_sera_4014,A/Bhutan/7/2025_H3N2,plate16-2-A/Bhutan/7/2025_H3N2,1119,0.5291,0.5291
seqneut25to26_sera_4014,A/Bhutan/7/2025_H3N2,plate16-2-A/Bhutan/7/2025_H3N2,2575,1.054,1
seqneut25to26_sera_4014,A/Bhutan/7/2025_H3N2,plate16-2-A/Bhutan/7/2025_H3N2,5921,1.008,1
seqneut25to26_sera_4014,A/Bhutan/7/2025_H3N2,plate16-2-A/Bhutan/7/2025_H3N2,1.362e+04,1.314,1
seqneut25to26_sera_4014,A/BritishColumbia/PHL-2473/2025_H1N1,plate16-2-A/BritishColumbia/PHL-2473/2025_H1N1,40,0.002388,0.002388
seqneut25to26_sera_4014,A/BritishColumbia/PHL-2473/2025_H1N1,plate16-2-A/BritishColumbia/PHL-2473/2025_H1N1,92,0.02668,0.02668
seqneut25to26_sera_4014,A/BritishColumbia/PHL-2473/2025_H1N1,plate16-2-A/BritishColumbia/PHL-2473/2025_H1N1,212,0.3604,0.3604
seqneut25to26_sera_4014,A/BritishColumbia/PHL-2473/2025_H1N1,plate16-2-A/BritishColumbia/PHL-2473/2025_H1N1,487,0.389,0.389
seqneut25to26_sera_4014,A/BritishColumbia/PHL-2473/2025_H1N1,plate16-2-A/BritishColumbia/PHL-2473/2025_H1N1,1119,0.5642,0.5642
seqneut25to26_sera_4014,A/BritishColumbia/PHL-2473/2025_H1N1,plate16-2-A/BritishColumbia/PHL-2473/2025_H1N1,2575,0.8251,0.8251
seqneut25to26_sera_4014,A/BritishColumbia/PHL-2473/2025_H1N1,plate16-2-A/BritishColumbia/PHL-2473/2025_H1N1,5921,1.235,1
seqneut25to26_sera_4014,A/BritishColumbia/PHL-2473/2025_H1N1,plate16-2-A/BritishColumbia/PHL-2473/2025_H1N1,1.362e+04,1.525,1
seqneut25to26_sera_4014,A/California/61/2025_H3N2,plate16-2-A/California/61/2025_H3N2,40,0.01176,0.01176
seqneut25to26_sera_4014,A/California/61/2025_H3N2,plate16-2-A/California/61/2025_H3N2,92,0.109,0.109
seqneut25to26_sera_4014,A/California/61/2025_H3N2,plate16-2-A/California/61/2025_H3N2,212,0.5216,0.5216
seqneut25to26_sera_4014,A/California/61/2025_H3N2,plate16-2-A/California/61/2025_H3N2,487,0.3115,0.3115
seqneut25to26_sera_4014,A/California/61/2025_H3N2,plate16-2-A/California/61/2025_H3N2,1119,0.5071,0.5071
seqneut25to26_sera_4014,A/California/61/2025_H3N2,plate16-2-A/California/61/2025_H3N2,2575,0.9818,0.9818
seqneut25to26_sera_4014,A/California/61/2025_H3N2,plate16-2-A/California/61/2025_H3N2,5921,1.197,1
seqneut25to26_sera_4014,A/California/61/2025_H3N2,plate16-2-A/California/61/2025_H3N2,1.362e+04,0.8987,0.8987
seqneut25to26_sera_4014,A/California/63/2025_H1N1,plate16-2-A/California/63/2025_H1N1,40,0.003173,0.003173
seqneut25to26_sera_4014,A/California/63/2025_H1N1,plate16-2-A/California/63/2025_H1N1,92,0.00654,0.00654
seqneut25to26_sera_4014,A/California/63/2025_H1N1,plate16-2-A/California/63/2025_H1N1,212,0.8017,0.8017
seqneut25to26_sera_4014,A/California/63/2025_H1N1,plate16-2-A/California/63/2025_H1N1,487,0.5007,0.5007
seqneut25to26_sera_4014,A/California/63/2025_H1N1,plate16-2-A/California/63/2025_H1N1,1119,0.4486,0.4486
seqneut25to26_sera_4014,A/California/63/2025_H1N1,plate16-2-A/California/63/2025_H1N1,2575,0.8177,0.8177
seqneut25to26_sera_4014,A/California/63/2025_H1N1,plate16-2-A/California/63/2025_H1N1,5921,0.8544,0.8544
seqneut25to26_sera_4014,A/California/63/2025_H1N1,plate16-2-A/California/63/2025_H1N1,1.362e+04,0.8958,0.8958
seqneut25to26_sera_4014,A/Canberra/465/2025_H1N1,plate16-2-A/Canberra/465/2025_H1N1,40,0.002673,0.002673
seqneut25to26_sera_4014,A/Canberra/465/2025_H1N1,plate16-2-A/Canberra/465/2025_H1N1,92,0.01454,0.01454
seqneut25to26_sera_4014,A/Canberra/465/2025_H1N1,plate16-2-A/Canberra/465/2025_H1N1,212,0.1038,0.1038
seqneut25to26_sera_4014,A/Canberra/465/2025_H1N1,plate16-2-A/Canberra/465/2025_H1N1,487,0.5345,0.5345
seqneut25to26_sera_4014,A/Canberra/465/2025_H1N1,plate16-2-A/Canberra/465/2025_H1N1,1119,0.6086,0.6086
seqneut25to26_sera_4014,A/Canberra/465/2025_H1N1,plate16-2-A/Canberra/465/2025_H1N1,2575,0.7002,0.7002
seqneut25to26_sera_4014,A/Canberra/465/2025_H1N1,plate16-2-A/Canberra/465/2025_H1N1,5921,1.515,1
seqneut25to26_sera_4014,A/Canberra/465/2025_H1N1,plate16-2-A/Canberra/465/2025_H1N1,1.362e+04,1.272,1
seqneut25to26_sera_4014,A/Canberra/530/2025_H1N1,plate16-2-A/Canberra/530/2025_H1N1,40,0.001742,0.001742
seqneut25to26_sera_4014,A/Canberra/530/2025_H1N1,plate16-2-A/Canberra/530/2025_H1N1,92,0.01382,0.01382
seqneut25to26_sera_4014,A/Canberra/530/2025_H1N1,plate16-2-A/Canberra/530/2025_H1N1,212,0.1765,0.1765
seqneut25to26_sera_4014,A/Canberra/530/2025_H1N1,plate16-2-A/Canberra/530/2025_H1N1,487,0.3332,0.3332
seqneut25to26_sera_4014,A/Canberra/530/2025_H1N1,plate16-2-A/Canberra/530/2025_H1N1,1119,0.5267,0.5267
seqneut25to26_sera_4014,A/Canberra/530/2025_H1N1,plate16-2-A/Canberra/530/2025_H1N1,2575,0.7714,0.7714
seqneut25to26_sera_4014,A/Canberra/530/2025_H1N1,plate16-2-A/Canberra/530/2025_H1N1,5921,1.505,1
seqneut25to26_sera_4014,A/Canberra/530/2025_H1N1,plate16-2-A/Canberra/530/2025_H1N1,1.362e+04,1.242,1
seqneut25to26_sera_4014,A/Catalonia/NSVH102689455/2025_H1N1,plate16-2-A/Catalonia/NSVH102689455/2025_H1N1,40,0.003124,0.003124
seqneut25to26_sera_4014,A/Catalonia/NSVH102689455/2025_H1N1,plate16-2-A/Catalonia/NSVH102689455/2025_H1N1,92,0.007241,0.007241
seqneut25to26_sera_4014,A/Catalonia/NSVH102689455/2025_H1N1,plate16-2-A/Catalonia/NSVH102689455/2025_H1N1,212,0.08161,0.08161
seqneut25to26_sera_4014,A/Catalonia/NSVH102689455/2025_H1N1,plate16-2-A/Catalonia/NSVH102689455/2025_H1N1,487,0.1457,0.1457
seqneut25to26_sera_4014,A/Catalonia/NSVH102689455/2025_H1N1,plate16-2-A/Catalonia/NSVH102689455/2025_H1N1,1119,0.4498,0.4498
seqneut25to26_sera_4014,A/Catalonia/NSVH102689455/2025_H1N1,plate16-2-A/Catalonia/NSVH102689455/2025_H1N1,2575,0.6617,0.6617
seqneut25to26_sera_4014,A/Catalonia/NSVH102689455/2025_H1N1,plate16-2-A/Catalonia/NSVH102689455/2025_H1N1,5921,1.019,1
seqneut25to26_sera_4014,A/Catalonia/NSVH102689455/2025_H1N1,plate16-2-A/Catalonia/NSVH102689455/2025_H1N1,1.362e+04,1.212,1
seqneut25to26_sera_4014,A/Colorado/105/2025_H1N1,plate16-2-A/Colorado/105/2025_H1N1,40,0.001447,0.001447
seqneut25to26_sera_4014,A/Colorado/105/2025_H1N1,plate16-2-A/Colorado/105/2025_H1N1,92,0.007158,0.007158
seqneut25to26_sera_4014,A/Colorado/105/2025_H1N1,plate16-2-A/Colorado/105/2025_H1N1,212,0.2323,0.2323
seqneut25to26_sera_4014,A/Colorado/105/2025_H1N1,plate16-2-A/Colorado/105/2025_H1N1,487,0.4794,0.4794
seqneut25to26_sera_4014,A/Colorado/105/2025_H1N1,plate16-2-A/Colorado/105/2025_H1N1,1119,0.6409,0.6409
seqneut25to26_sera_4014,A/Colorado/105/2025_H1N1,plate16-2-A/Colorado/105/2025_H1N1,2575,0.8721,0.8721
seqneut25to26_sera_4014,A/Colorado/105/2025_H1N1,plate16-2-A/Colorado/105/2025_H1N1,5921,1.159,1
seqneut25to26_sera_4014,A/Colorado/105/2025_H1N1,plate16-2-A/Colorado/105/2025_H1N1,1.362e+04,1.024,1
seqneut25to26_sera_4014,A/CoteDIvoire/2007/2025_H1N1,plate16-2-A/CoteDIvoire/2007/2025_H1N1,40,0.002659,0.002659
seqneut25to26_sera_4014,A/CoteDIvoire/2007/2025_H1N1,plate16-2-A/CoteDIvoire/2007/2025_H1N1,92,0.008292,0.008292
seqneut25to26_sera_4014,A/CoteDIvoire/2007/2025_H1N1,plate16-2-A/CoteDIvoire/2007/2025_H1N1,212,0.2025,0.2025
seqneut25to26_sera_4014,A/CoteDIvoire/2007/2025_H1N1,plate16-2-A/CoteDIvoire/2007/2025_H1N1,487,0.4425,0.4425
seqneut25to26_sera_4014,A/CoteDIvoire/2007/2025_H1N1,plate16-2-A/CoteDIvoire/2007/2025_H1N1,1119,0.56,0.56
seqneut25to26_sera_4014,A/CoteDIvoire/2007/2025_H1N1,plate16-2-A/CoteDIvoire/2007/2025_H1N1,2575,0.9546,0.9546
seqneut25to26_sera_4014,A/CoteDIvoire/2007/2025_H1N1,plate16-2-A/CoteDIvoire/2007/2025_H1N1,5921,0.908,0.908
seqneut25to26_sera_4014,A/CoteDIvoire/2007/2025_H1N1,plate16-2-A/CoteDIvoire/2007/2025_H1N1,1.362e+04,0.895,0.895
seqneut25to26_sera_4014,A/Croatia/10136RV/2023-egg_H3N2,plate16-2-A/Croatia/10136RV/2023-egg_H3N2,40,0.00167,0.00167
seqneut25to26_sera_4014,A/Croatia/10136RV/2023-egg_H3N2,plate16-2-A/Croatia/10136RV/2023-egg_H3N2,92,0.002918,0.002918
seqneut25to26_sera_4014,A/Croatia/10136RV/2023-egg_H3N2,plate16-2-A/Croatia/10136RV/2023-egg_H3N2,212,0.03981,0.03981
seqneut25to26_sera_4014,A/Croatia/10136RV/2023-egg_H3N2,plate16-2-A/Croatia/10136RV/2023-egg_H3N2,487,0.09336,0.09336
seqneut25to26_sera_4014,A/Croatia/10136RV/2023-egg_H3N2,plate16-2-A/Croatia/10136RV/2023-egg_H3N2,1119,0.1299,0.1299
seqneut25to26_sera_4014,A/Croatia/10136RV/2023-egg_H3N2,plate16-2-A/Croatia/10136RV/2023-egg_H3N2,2575,0.7168,0.7168
seqneut25to26_sera_4014,A/Croatia/10136RV/2023-egg_H3N2,plate16-2-A/Croatia/10136RV/2023-egg_H3N2,5921,0.4992,0.4992
seqneut25to26_sera_4014,A/Croatia/10136RV/2023-egg_H3N2,plate16-2-A/Croatia/10136RV/2023-egg_H3N2,1.362e+04,0.9147,0.9147
seqneut25to26_sera_4014,A/Darwin/1405/2025_H1N1,plate16-2-A/Darwin/1405/2025_H1N1,40,0.001902,0.001902
seqneut25to26_sera_4014,A/Darwin/1405/2025_H1N1,plate16-2-A/Darwin/1405/2025_H1N1,92,0.009016,0.009016
seqneut25to26_sera_4014,A/Darwin/1405/2025_H1N1,plate16-2-A/Darwin/1405/2025_H1N1,212,0.04904,0.04904
seqneut25to26_sera_4014,A/Darwin/1405/2025_H1N1,plate16-2-A/Darwin/1405/2025_H1N1,487,0.3068,0.3068
seqneut25to26_sera_4014,A/Darwin/1405/2025_H1N1,plate16-2-A/Darwin/1405/2025_H1N1,1119,0.6116,0.6116
seqneut25to26_sera_4014,A/Darwin/1405/2025_H1N1,plate16-2-A/Darwin/1405/2025_H1N1,2575,0.8064,0.8064
seqneut25to26_sera_4014,A/Darwin/1405/2025_H1N1,plate16-2-A/Darwin/1405/2025_H1N1,5921,2.549,1
seqneut25to26_sera_4014,A/Darwin/1405/2025_H1N1,plate16-2-A/Darwin/1405/2025_H1N1,1.362e+04,1.206,1
seqneut25to26_sera_4014,A/Darwin/1461/2025_H3N2,plate16-2-A/Darwin/1461/2025_H3N2,40,0.0001323,0.0001323
seqneut25to26_sera_4014,A/Darwin/1461/2025_H3N2,plate16-2-A/Darwin/1461/2025_H3N2,92,0.0185,0.0185
seqneut25to26_sera_4014,A/Darwin/1461/2025_H3N2,plate16-2-A/Darwin/1461/2025_H3N2,212,0.1476,0.1476
seqneut25to26_sera_4014,A/Darwin/1461/2025_H3N2,plate16-2-A/Darwin/1461/2025_H3N2,487,0.4265,0.4265
seqneut25to26_sera_4014,A/Darwin/1461/2025_H3N2,plate16-2-A/Darwin/1461/2025_H3N2,1119,0.3942,0.3942
seqneut25to26_sera_4014,A/Darwin/1461/2025_H3N2,plate16-2-A/Darwin/1461/2025_H3N2,2575,0.8028,0.8028
seqneut25to26_sera_4014,A/Darwin/1461/2025_H3N2,plate16-2-A/Darwin/1461/2025_H3N2,5921,0.6603,0.6603
seqneut25to26_sera_4014,A/Darwin/1461/2025_H3N2,plate16-2-A/Darwin/1461/2025_H3N2,1.362e+04,0.8075,0.8075
seqneut25to26_sera_4014,A/Denmark/3070/2025_H1N1,plate16-2-A/Denmark/3070/2025_H1N1,40,0.003096,0.003096
seqneut25to26_sera_4014,A/Denmark/3070/2025_H1N1,plate16-2-A/Denmark/3070/2025_H1N1,92,0.001909,0.001909
seqneut25to26_sera_4014,A/Denmark/3070/2025_H1N1,plate16-2-A/Denmark/3070/2025_H1N1,212,0.3145,0.3145
seqneut25to26_sera_4014,A/Denmark/3070/2025_H1N1,plate16-2-A/Denmark/3070/2025_H1N1,487,0.2861,0.2861
seqneut25to26_sera_4014,A/Denmark/3070/2025_H1N1,plate16-2-A/Denmark/3070/2025_H1N1,1119,0.5061,0.5061
seqneut25to26_sera_4014,A/Denmark/3070/2025_H1N1,plate16-2-A/Denmark/3070/2025_H1N1,2575,0.939,0.939
seqneut25to26_sera_4014,A/Denmark/3070/2025_H1N1,plate16-2-A/Denmark/3070/2025_H1N1,5921,1.149,1
seqneut25to26_sera_4014,A/Denmark/3070/2025_H1N1,plate16-2-A/Denmark/3070/2025_H1N1,1.362e+04,0.9599,0.9599
seqneut25to26_sera_4014,A/DistrictOfColumbia/27/2023_H3N2,plate16-2-A/DistrictOfColumbia/27/2023_H3N2,40,9.762e-05,9.762e-05
seqneut25to26_sera_4014,A/DistrictOfColumbia/27/2023_H3N2,plate16-2-A/DistrictOfColumbia/27/2023_H3N2,92,0.01562,0.01562
seqneut25to26_sera_4014,A/DistrictOfColumbia/27/2023_H3N2,plate16-2-A/DistrictOfColumbia/27/2023_H3N2,212,0.09927,0.09927
seqneut25to26_sera_4014,A/DistrictOfColumbia/27/2023_H3N2,plate16-2-A/DistrictOfColumbia/27/2023_H3N2,487,0.3463,0.3463
seqneut25to26_sera_4014,A/DistrictOfColumbia/27/2023_H3N2,plate16-2-A/DistrictOfColumbia/27/2023_H3N2,1119,0.7204,0.7204
seqneut25to26_sera_4014,A/DistrictOfColumbia/27/2023_H3N2,plate16-2-A/DistrictOfColumbia/27/2023_H3N2,2575,0.8836,0.8836
seqneut25to26_sera_4014,A/DistrictOfColumbia/27/2023_H3N2,plate16-2-A/DistrictOfColumbia/27/2023_H3N2,5921,0.8504,0.8504
seqneut25to26_sera_4014,A/DistrictOfColumbia/27/2023_H3N2,plate16-2-A/DistrictOfColumbia/27/2023_H3N2,1.362e+04,0.9964,0.9964
seqneut25to26_sera_4014,A/DistrictOfColumbia/57/2025_H3N2,plate16-2-A/DistrictOfColumbia/57/2025_H3N2,40,0.04232,0.04232
seqneut25to26_sera_4014,A/DistrictOfColumbia/57/2025_H3N2,plate16-2-A/DistrictOfColumbia/57/2025_H3N2,92,0.09063,0.09063
seqneut25to26_sera_4014,A/DistrictOfColumbia/57/2025_H3N2,plate16-2-A/DistrictOfColumbia/57/2025_H3N2,212,0.2952,0.2952
seqneut25to26_sera_4014,A/DistrictOfColumbia/57/2025_H3N2,plate16-2-A/DistrictOfColumbia/57/2025_H3N2,487,0.3734,0.3734
seqneut25to26_sera_4014,A/DistrictOfColumbia/57/2025_H3N2,plate16-2-A/DistrictOfColumbia/57/2025_H3N2,1119,0.4548,0.4548
seqneut25to26_sera_4014,A/DistrictOfColumbia/57/2025_H3N2,plate16-2-A/DistrictOfColumbia/57/2025_H3N2,2575,0.7043,0.7043
seqneut25to26_sera_4014,A/DistrictOfColumbia/57/2025_H3N2,plate16-2-A/DistrictOfColumbia/57/2025_H3N2,5921,1.257,1
seqneut25to26_sera_4014,A/DistrictOfColumbia/57/2025_H3N2,plate16-2-A/DistrictOfColumbia/57/2025_H3N2,1.362e+04,1.241,1
seqneut25to26_sera_4014,A/DistritoFederal/250106000728/2025_H3N2,plate16-2-A/DistritoFederal/250106000728/2025_H3N2,40,0.003265,0.003265
seqneut25to26_sera_4014,A/DistritoFederal/250106000728/2025_H3N2,plate16-2-A/DistritoFederal/250106000728/2025_H3N2,92,0.1125,0.1125
seqneut25to26_sera_4014,A/DistritoFederal/250106000728/2025_H3N2,plate16-2-A/DistritoFederal/250106000728/2025_H3N2,212,0.2103,0.2103
seqneut25to26_sera_4014,A/DistritoFederal/250106000728/2025_H3N2,plate16-2-A/DistritoFederal/250106000728/2025_H3N2,487,0.4489,0.4489
seqneut25to26_sera_4014,A/DistritoFederal/250106000728/2025_H3N2,plate16-2-A/DistritoFederal/250106000728/2025_H3N2,1119,0.5481,0.5481
seqneut25to26_sera_4014,A/DistritoFederal/250106000728/2025_H3N2,plate16-2-A/DistritoFederal/250106000728/2025_H3N2,2575,0.8602,0.8602
seqneut25to26_sera_4014,A/DistritoFederal/250106000728/2025_H3N2,plate16-2-A/DistritoFederal/250106000728/2025_H3N2,5921,0.9315,0.9315
seqneut25to26_sera_4014,A/DistritoFederal/250106000728/2025_H3N2,plate16-2-A/DistritoFederal/250106000728/2025_H3N2,1.362e+04,1.178,1
seqneut25to26_sera_4014,A/DistritoFederal/2578578201/2025_H3N2,plate16-2-A/DistritoFederal/2578578201/2025_H3N2,40,0.01891,0.01891
seqneut25to26_sera_4014,A/DistritoFederal/2578578201/2025_H3N2,plate16-2-A/DistritoFederal/2578578201/2025_H3N2,92,0.1311,0.1311
seqneut25to26_sera_4014,A/DistritoFederal/2578578201/2025_H3N2,plate16-2-A/DistritoFederal/2578578201/2025_H3N2,212,0.4258,0.4258
seqneut25to26_sera_4014,A/DistritoFederal/2578578201/2025_H3N2,plate16-2-A/DistritoFederal/2578578201/2025_H3N2,487,0.4379,0.4379
seqneut25to26_sera_4014,A/DistritoFederal/2578578201/2025_H3N2,plate16-2-A/DistritoFederal/2578578201/2025_H3N2,1119,0.4826,0.4826
seqneut25to26_sera_4014,A/DistritoFederal/2578578201/2025_H3N2,plate16-2-A/DistritoFederal/2578578201/2025_H3N2,2575,0.8183,0.8183
seqneut25to26_sera_4014,A/DistritoFederal/2578578201/2025_H3N2,plate16-2-A/DistritoFederal/2578578201/2025_H3N2,5921,1.141,1
seqneut25to26_sera_4014,A/DistritoFederal/2578578201/2025_H3N2,plate16-2-A/DistritoFederal/2578578201/2025_H3N2,1.362e+04,1.055,1
seqneut25to26_sera_4014,A/England/174/2025_H3N2,plate16-2-A/England/174/2025_H3N2,40,9.419e-05,9.419e-05
seqneut25to26_sera_4014,A/England/174/2025_H3N2,plate16-2-A/England/174/2025_H3N2,92,0.02438,0.02438
seqneut25to26_sera_4014,A/England/174/2025_H3N2,plate16-2-A/England/174/2025_H3N2,212,0.2393,0.2393
seqneut25to26_sera_4014,A/England/174/2025_H3N2,plate16-2-A/England/174/2025_H3N2,487,0.4877,0.4877
seqneut25to26_sera_4014,A/England/174/2025_H3N2,plate16-2-A/England/174/2025_H3N2,1119,0.4222,0.4222
seqneut25to26_sera_4014,A/England/174/2025_H3N2,plate16-2-A/England/174/2025_H3N2,2575,0.7977,0.7977
seqneut25to26_sera_4014,A/England/174/2025_H3N2,plate16-2-A/England/174/2025_H3N2,5921,0.6515,0.6515
seqneut25to26_sera_4014,A/England/174/2025_H3N2,plate16-2-A/England/174/2025_H3N2,1.362e+04,1.091,1
seqneut25to26_sera_4014,A/England/1822256/2025_H1N1,plate16-2-A/England/1822256/2025_H1N1,40,0.001164,0.001164
seqneut25to26_sera_4014,A/England/1822256/2025_H1N1,plate16-2-A/England/1822256/2025_H1N1,92,0.1662,0.1662
seqneut25to26_sera_4014,A/England/1822256/2025_H1N1,plate16-2-A/England/1822256/2025_H1N1,212,0.3983,0.3983
seqneut25to26_sera_4014,A/England/1822256/2025_H1N1,plate16-2-A/England/1822256/2025_H1N1,487,0.5482,0.5482
seqneut25to26_sera_4014,A/England/1822256/2025_H1N1,plate16-2-A/England/1822256/2025_H1N1,1119,0.9841,0.9841
seqneut25to26_sera_4014,A/England/1822256/2025_H1N1,plate16-2-A/England/1822256/2025_H1N1,2575,1.162,1
seqneut25to26_sera_4014,A/England/1822256/2025_H1N1,plate16-2-A/England/1822256/2025_H1N1,5921,1.216,1
seqneut25to26_sera_4014,A/England/1822256/2025_H1N1,plate16-2-A/England/1822256/2025_H1N1,1.362e+04,1.155,1
seqneut25to26_sera_4014,A/England/1837734/2025_H3N2,plate16-2-A/England/1837734/2025_H3N2,40,0.02159,0.02159
seqneut25to26_sera_4014,A/England/1837734/2025_H3N2,plate16-2-A/England/1837734/2025_H3N2,92,0.04509,0.04509
seqneut25to26_sera_4014,A/England/1837734/2025_H3N2,plate16-2-A/England/1837734/2025_H3N2,212,0.5332,0.5332
seqneut25to26_sera_4014,A/England/1837734/2025_H3N2,plate16-2-A/England/1837734/2025_H3N2,487,0.2641,0.2641
seqneut25to26_sera_4014,A/England/1837734/2025_H3N2,plate16-2-A/England/1837734/2025_H3N2,1119,0.7635,0.7635
seqneut25to26_sera_4014,A/England/1837734/2025_H3N2,plate16-2-A/England/1837734/2025_H3N2,2575,0.6178,0.6178
seqneut25to26_sera_4014,A/England/1837734/2025_H3N2,plate16-2-A/England/1837734/2025_H3N2,5921,1.574,1
seqneut25to26_sera_4014,A/England/1837734/2025_H3N2,plate16-2-A/England/1837734/2025_H3N2,1.362e+04,1.388,1
seqneut25to26_sera_4014,A/England/1837737/2025_H3N2,plate16-2-A/England/1837737/2025_H3N2,40,0.07124,0.07124
seqneut25to26_sera_4014,A/England/1837737/2025_H3N2,plate16-2-A/England/1837737/2025_H3N2,92,0.2888,0.2888
seqneut25to26_sera_4014,A/England/1837737/2025_H3N2,plate16-2-A/England/1837737/2025_H3N2,212,0.7241,0.7241
seqneut25to26_sera_4014,A/England/1837737/2025_H3N2,plate16-2-A/England/1837737/2025_H3N2,487,0.4655,0.4655
seqneut25to26_sera_4014,A/England/1837737/2025_H3N2,plate16-2-A/England/1837737/2025_H3N2,1119,0.7356,0.7356
seqneut25to26_sera_4014,A/England/1837737/2025_H3N2,plate16-2-A/England/1837737/2025_H3N2,2575,1.156,1
seqneut25to26_sera_4014,A/England/1837737/2025_H3N2,plate16-2-A/England/1837737/2025_H3N2,5921,1.083,1
seqneut25to26_sera_4014,A/England/1837737/2025_H3N2,plate16-2-A/England/1837737/2025_H3N2,1.362e+04,1.346,1
seqneut25to26_sera_4014,A/France/ARA-HCL025155099501/2025_H1N1,plate16-2-A/France/ARA-HCL025155099501/2025_H1N1,40,0.0007039,0.0007039
seqneut25to26_sera_4014,A/France/ARA-HCL025155099501/2025_H1N1,plate16-2-A/France/ARA-HCL025155099501/2025_H1N1,92,0.02594,0.02594
seqneut25to26_sera_4014,A/France/ARA-HCL025155099501/2025_H1N1,plate16-2-A/France/ARA-HCL025155099501/2025_H1N1,212,0.4122,0.4122
seqneut25to26_sera_4014,A/France/ARA-HCL025155099501/2025_H1N1,plate16-2-A/France/ARA-HCL025155099501/2025_H1N1,487,0.467,0.467
seqneut25to26_sera_4014,A/France/ARA-HCL025155099501/2025_H1N1,plate16-2-A/France/ARA-HCL025155099501/2025_H1N1,1119,0.8742,0.8742
seqneut25to26_sera_4014,A/France/ARA-HCL025155099501/2025_H1N1,plate16-2-A/France/ARA-HCL025155099501/2025_H1N1,2575,0.8539,0.8539
seqneut25to26_sera_4014,A/France/ARA-HCL025155099501/2025_H1N1,plate16-2-A/France/ARA-HCL025155099501/2025_H1N1,5921,1.209,1
seqneut25to26_sera_4014,A/France/ARA-HCL025155099501/2025_H1N1,plate16-2-A/France/ARA-HCL025155099501/2025_H1N1,1.362e+04,1.305,1
seqneut25to26_sera_4014,A/Galicia/GA-CHUAC-451/2025_H3N2,plate16-2-A/Galicia/GA-CHUAC-451/2025_H3N2,40,0.004611,0.004611
seqneut25to26_sera_4014,A/Galicia/GA-CHUAC-451/2025_H3N2,plate16-2-A/Galicia/GA-CHUAC-451/2025_H3N2,92,0.05519,0.05519
seqneut25to26_sera_4014,A/Galicia/GA-CHUAC-451/2025_H3N2,plate16-2-A/Galicia/GA-CHUAC-451/2025_H3N2,212,0.4073,0.4073
seqneut25to26_sera_4014,A/Galicia/GA-CHUAC-451/2025_H3N2,plate16-2-A/Galicia/GA-CHUAC-451/2025_H3N2,487,0.4693,0.4693
seqneut25to26_sera_4014,A/Galicia/GA-CHUAC-451/2025_H3N2,plate16-2-A/Galicia/GA-CHUAC-451/2025_H3N2,1119,0.5616,0.5616
seqneut25to26_sera_4014,A/Galicia/GA-CHUAC-451/2025_H3N2,plate16-2-A/Galicia/GA-CHUAC-451/2025_H3N2,2575,0.9308,0.9308
seqneut25to26_sera_4014,A/Galicia/GA-CHUAC-451/2025_H3N2,plate16-2-A/Galicia/GA-CHUAC-451/2025_H3N2,5921,1.037,1
seqneut25to26_sera_4014,A/Galicia/GA-CHUAC-451/2025_H3N2,plate16-2-A/Galicia/GA-CHUAC-451/2025_H3N2,1.362e+04,1.239,1
seqneut25to26_sera_4014,A/Ghana/ARI-25-1125/2025_H1N1,plate16-2-A/Ghana/ARI-25-1125/2025_H1N1,40,0.0007465,0.0007465
seqneut25to26_sera_4014,A/Ghana/ARI-25-1125/2025_H1N1,plate16-2-A/Ghana/ARI-25-1125/2025_H1N1,92,0.06375,0.06375
seqneut25to26_sera_4014,A/Ghana/ARI-25-1125/2025_H1N1,plate16-2-A/Ghana/ARI-25-1125/2025_H1N1,212,0.2682,0.2682
seqneut25to26_sera_4014,A/Ghana/ARI-25-1125/2025_H1N1,plate16-2-A/Ghana/ARI-25-1125/2025_H1N1,487,0.7603,0.7603
seqneut25to26_sera_4014,A/Ghana/ARI-25-1125/2025_H1N1,plate16-2-A/Ghana/ARI-25-1125/2025_H1N1,1119,0.6823,0.6823
seqneut25to26_sera_4014,A/Ghana/ARI-25-1125/2025_H1N1,plate16-2-A/Ghana/ARI-25-1125/2025_H1N1,2575,0.9654,0.9654
seqneut25to26_sera_4014,A/Ghana/ARI-25-1125/2025_H1N1,plate16-2-A/Ghana/ARI-25-1125/2025_H1N1,5921,1.445,1
seqneut25to26_sera_4014,A/Ghana/ARI-25-1125/2025_H1N1,plate16-2-A/Ghana/ARI-25-1125/2025_H1N1,1.362e+04,1.336,1
seqneut25to26_sera_4014,A/Ghana/FS-25-7077/2025_H3N2,plate16-2-A/Ghana/FS-25-7077/2025_H3N2,40,0.02403,0.02403
seqneut25to26_sera_4014,A/Ghana/FS-25-7077/2025_H3N2,plate16-2-A/Ghana/FS-25-7077/2025_H3N2,92,0.118,0.118
seqneut25to26_sera_4014,A/Ghana/FS-25-7077/2025_H3N2,plate16-2-A/Ghana/FS-25-7077/2025_H3N2,212,0.2423,0.2423
seqneut25to26_sera_4014,A/Ghana/FS-25-7077/2025_H3N2,plate16-2-A/Ghana/FS-25-7077/2025_H3N2,487,0.3262,0.3262
seqneut25to26_sera_4014,A/Ghana/FS-25-7077/2025_H3N2,plate16-2-A/Ghana/FS-25-7077/2025_H3N2,1119,0.7243,0.7243
seqneut25to26_sera_4014,A/Ghana/FS-25-7077/2025_H3N2,plate16-2-A/Ghana/FS-25-7077/2025_H3N2,2575,0.8914,0.8914
seqneut25to26_sera_4014,A/Ghana/FS-25-7077/2025_H3N2,plate16-2-A/Ghana/FS-25-7077/2025_H3N2,5921,1.437,1
seqneut25to26_sera_4014,A/Ghana/FS-25-7077/2025_H3N2,plate16-2-A/Ghana/FS-25-7077/2025_H3N2,1.362e+04,1.368,1
seqneut25to26_sera_4014,A/Guangdong-Maonan/11438/2025_H3N2,plate16-2-A/Guangdong-Maonan/11438/2025_H3N2,40,0.0004823,0.0004823
seqneut25to26_sera_4014,A/Guangdong-Maonan/11438/2025_H3N2,plate16-2-A/Guangdong-Maonan/11438/2025_H3N2,92,0.05582,0.05582
seqneut25to26_sera_4014,A/Guangdong-Maonan/11438/2025_H3N2,plate16-2-A/Guangdong-Maonan/11438/2025_H3N2,212,0.388,0.388
seqneut25to26_sera_4014,A/Guangdong-Maonan/11438/2025_H3N2,plate16-2-A/Guangdong-Maonan/11438/2025_H3N2,487,0.4287,0.4287
seqneut25to26_sera_4014,A/Guangdong-Maonan/11438/2025_H3N2,plate16-2-A/Guangdong-Maonan/11438/2025_H3N2,1119,0.488,0.488
seqneut25to26_sera_4014,A/Guangdong-Maonan/11438/2025_H3N2,plate16-2-A/Guangdong-Maonan/11438/2025_H3N2,2575,0.7239,0.7239
seqneut25to26_sera_4014,A/Guangdong-Maonan/11438/2025_H3N2,plate16-2-A/Guangdong-Maonan/11438/2025_H3N2,5921,0.7469,0.7469
seqneut25to26_sera_4014,A/Guangdong-Maonan/11438/2025_H3N2,plate16-2-A/Guangdong-Maonan/11438/2025_H3N2,1.362e+04,1.226,1
seqneut25to26_sera_4014,A/Guangdong-Meijiang/11256/2025_H3N2,plate16-2-A/Guangdong-Meijiang/11256/2025_H3N2,40,0.0004765,0.0004765
seqneut25to26_sera_4014,A/Guangdong-Meijiang/11256/2025_H3N2,plate16-2-A/Guangdong-Meijiang/11256/2025_H3N2,92,0.05797,0.05797
seqneut25to26_sera_4014,A/Guangdong-Meijiang/11256/2025_H3N2,plate16-2-A/Guangdong-Meijiang/11256/2025_H3N2,212,0.2067,0.2067
seqneut25to26_sera_4014,A/Guangdong-Meijiang/11256/2025_H3N2,plate16-2-A/Guangdong-Meijiang/11256/2025_H3N2,487,0.3206,0.3206
seqneut25to26_sera_4014,A/Guangdong-Meijiang/11256/2025_H3N2,plate16-2-A/Guangdong-Meijiang/11256/2025_H3N2,1119,0.3556,0.3556
seqneut25to26_sera_4014,A/Guangdong-Meijiang/11256/2025_H3N2,plate16-2-A/Guangdong-Meijiang/11256/2025_H3N2,2575,0.6227,0.6227
seqneut25to26_sera_4014,A/Guangdong-Meijiang/11256/2025_H3N2,plate16-2-A/Guangdong-Meijiang/11256/2025_H3N2,5921,0.6319,0.6319
seqneut25to26_sera_4014,A/Guangdong-Meijiang/11256/2025_H3N2,plate16-2-A/Guangdong-Meijiang/11256/2025_H3N2,1.362e+04,0.8581,0.8581
seqneut25to26_sera_4014,A/Guangxi-Daxin/1643/2025_H3N2,plate16-2-A/Guangxi-Daxin/1643/2025_H3N2,40,0.1504,0.1504
seqneut25to26_sera_4014,A/Guangxi-Daxin/1643/2025_H3N2,plate16-2-A/Guangxi-Daxin/1643/2025_H3N2,92,0.4834,0.4834
seqneut25to26_sera_4014,A/Guangxi-Daxin/1643/2025_H3N2,plate16-2-A/Guangxi-Daxin/1643/2025_H3N2,212,0.9286,0.9286
seqneut25to26_sera_4014,A/Guangxi-Daxin/1643/2025_H3N2,plate16-2-A/Guangxi-Daxin/1643/2025_H3N2,487,0.7644,0.7644
seqneut25to26_sera_4014,A/Guangxi-Daxin/1643/2025_H3N2,plate16-2-A/Guangxi-Daxin/1643/2025_H3N2,1119,0.6124,0.6124
seqneut25to26_sera_4014,A/Guangxi-Daxin/1643/2025_H3N2,plate16-2-A/Guangxi-Daxin/1643/2025_H3N2,2575,0.9222,0.9222
seqneut25to26_sera_4014,A/Guangxi-Daxin/1643/2025_H3N2,plate16-2-A/Guangxi-Daxin/1643/2025_H3N2,5921,1.046,1
seqneut25to26_sera_4014,A/Guangxi-Daxin/1643/2025_H3N2,plate16-2-A/Guangxi-Daxin/1643/2025_H3N2,1.362e+04,1.798,1
seqneut25to26_sera_4014,A/Guangxi-Qingxiu/SWL11742/2025_H1N1,plate16-2-A/Guangxi-Qingxiu/SWL11742/2025_H1N1,40,0.005048,0.005048
seqneut25to26_sera_4014,A/Guangxi-Qingxiu/SWL11742/2025_H1N1,plate16-2-A/Guangxi-Qingxiu/SWL11742/2025_H1N1,92,0.01006,0.01006
seqneut25to26_sera_4014,A/Guangxi-Qingxiu/SWL11742/2025_H1N1,plate16-2-A/Guangxi-Qingxiu/SWL11742/2025_H1N1,212,0.01965,0.01965
seqneut25to26_sera_4014,A/Guangxi-Qingxiu/SWL11742/2025_H1N1,plate16-2-A/Guangxi-Qingxiu/SWL11742/2025_H1N1,487,0.5443,0.5443
seqneut25to26_sera_4014,A/Guangxi-Qingxiu/SWL11742/2025_H1N1,plate16-2-A/Guangxi-Qingxiu/SWL11742/2025_H1N1,1119,0.5953,0.5953
seqneut25to26_sera_4014,A/Guangxi-Qingxiu/SWL11742/2025_H1N1,plate16-2-A/Guangxi-Qingxiu/SWL11742/2025_H1N1,2575,0.8026,0.8026
seqneut25to26_sera_4014,A/Guangxi-Qingxiu/SWL11742/2025_H1N1,plate16-2-A/Guangxi-Qingxiu/SWL11742/2025_H1N1,5921,0.9127,0.9127
seqneut25to26_sera_4014,A/Guangxi-Qingxiu/SWL11742/2025_H1N1,plate16-2-A/Guangxi-Qingxiu/SWL11742/2025_H1N1,1.362e+04,1.201,1
seqneut25to26_sera_4014,A/Hawaii/44/2025_H1N1,plate16-2-A/Hawaii/44/2025_H1N1,40,0.0002369,0.0002369
seqneut25to26_sera_4014,A/Hawaii/44/2025_H1N1,plate16-2-A/Hawaii/44/2025_H1N1,92,0.003403,0.003403
seqneut25to26_sera_4014,A/Hawaii/44/2025_H1N1,plate16-2-A/Hawaii/44/2025_H1N1,212,0.1057,0.1057
seqneut25to26_sera_4014,A/Hawaii/44/2025_H1N1,plate16-2-A/Hawaii/44/2025_H1N1,487,0.4727,0.4727
seqneut25to26_sera_4014,A/Hawaii/44/2025_H1N1,plate16-2-A/Hawaii/44/2025_H1N1,1119,0.5453,0.5453
seqneut25to26_sera_4014,A/Hawaii/44/2025_H1N1,plate16-2-A/Hawaii/44/2025_H1N1,2575,1.065,1
seqneut25to26_sera_4014,A/Hawaii/44/2025_H1N1,plate16-2-A/Hawaii/44/2025_H1N1,5921,1.256,1
seqneut25to26_sera_4014,A/Hawaii/44/2025_H1N1,plate16-2-A/Hawaii/44/2025_H1N1,1.362e+04,1.751,1
seqneut25to26_sera_4014,A/Hawaii/70/2019_H1N1,plate16-2-A/Hawaii/70/2019_H1N1,40,0.0003067,0.0003067
seqneut25to26_sera_4014,A/Hawaii/70/2019_H1N1,plate16-2-A/Hawaii/70/2019_H1N1,92,0.001435,0.001435
seqneut25to26_sera_4014,A/Hawaii/70/2019_H1N1,plate16-2-A/Hawaii/70/2019_H1N1,212,0.03448,0.03448
seqneut25to26_sera_4014,A/Hawaii/70/2019_H1N1,plate16-2-A/Hawaii/70/2019_H1N1,487,0.1255,0.1255
seqneut25to26_sera_4014,A/Hawaii/70/2019_H1N1,plate16-2-A/Hawaii/70/2019_H1N1,1119,0.3012,0.3012
seqneut25to26_sera_4014,A/Hawaii/70/2019_H1N1,plate16-2-A/Hawaii/70/2019_H1N1,2575,0.9248,0.9248
seqneut25to26_sera_4014,A/Hawaii/70/2019_H1N1,plate16-2-A/Hawaii/70/2019_H1N1,5921,1.003,1
seqneut25to26_sera_4014,A/Hawaii/70/2019_H1N1,plate16-2-A/Hawaii/70/2019_H1N1,1.362e+04,1.106,1
seqneut25to26_sera_4014,A/HongKong/1257/2025_H3N2,plate16-2-A/HongKong/1257/2025_H3N2,40,0.0001023,0.0001023
seqneut25to26_sera_4014,A/HongKong/1257/2025_H3N2,plate16-2-A/HongKong/1257/2025_H3N2,92,0.04657,0.04657
seqneut25to26_sera_4014,A/HongKong/1257/2025_H3N2,plate16-2-A/HongKong/1257/2025_H3N2,212,0.1569,0.1569
seqneut25to26_sera_4014,A/HongKong/1257/2025_H3N2,plate16-2-A/HongKong/1257/2025_H3N2,487,0.3117,0.3117
seqneut25to26_sera_4014,A/HongKong/1257/2025_H3N2,plate16-2-A/HongKong/1257/2025_H3N2,1119,0.4602,0.4602
seqneut25to26_sera_4014,A/HongKong/1257/2025_H3N2,plate16-2-A/HongKong/1257/2025_H3N2,2575,0.8936,0.8936
seqneut25to26_sera_4014,A/HongKong/1257/2025_H3N2,plate16-2-A/HongKong/1257/2025_H3N2,5921,1.047,1
seqneut25to26_sera_4014,A/HongKong/1257/2025_H3N2,plate16-2-A/HongKong/1257/2025_H3N2,1.362e+04,1.265,1
seqneut25to26_sera_4014,A/HongKong/1382/2025_H3N2,plate16-2-A/HongKong/1382/2025_H3N2,40,0.003679,0.003679
seqneut25to26_sera_4014,A/HongKong/1382/2025_H3N2,plate16-2-A/HongKong/1382/2025_H3N2,92,0.009777,0.009777
seqneut25to26_sera_4014,A/HongKong/1382/2025_H3N2,plate16-2-A/HongKong/1382/2025_H3N2,212,0.03422,0.03422
seqneut25to26_sera_4014,A/HongKong/1382/2025_H3N2,plate16-2-A/HongKong/1382/2025_H3N2,487,0.2348,0.2348
seqneut25to26_sera_4014,A/HongKong/1382/2025_H3N2,plate16-2-A/HongKong/1382/2025_H3N2,1119,0.3701,0.3701
seqneut25to26_sera_4014,A/HongKong/1382/2025_H3N2,plate16-2-A/HongKong/1382/2025_H3N2,2575,0.8371,0.8371
seqneut25to26_sera_4014,A/HongKong/1382/2025_H3N2,plate16-2-A/HongKong/1382/2025_H3N2,5921,0.676,0.676
seqneut25to26_sera_4014,A/HongKong/1382/2025_H3N2,plate16-2-A/HongKong/1382/2025_H3N2,1.362e+04,1.401,1
seqneut25to26_sera_4014,A/Indonesia/BIOKES-I-BT074/2025_H3N2,plate16-2-A/Indonesia/BIOKES-I-BT074/2025_H3N2,40,0.0001849,0.0001849
seqneut25to26_sera_4014,A/Indonesia/BIOKES-I-BT074/2025_H3N2,plate16-2-A/Indonesia/BIOKES-I-BT074/2025_H3N2,92,0.00967,0.00967
seqneut25to26_sera_4014,A/Indonesia/BIOKES-I-BT074/2025_H3N2,plate16-2-A/Indonesia/BIOKES-I-BT074/2025_H3N2,212,0.1438,0.1438
seqneut25to26_sera_4014,A/Indonesia/BIOKES-I-BT074/2025_H3N2,plate16-2-A/Indonesia/BIOKES-I-BT074/2025_H3N2,487,0.2659,0.2659
seqneut25to26_sera_4014,A/Indonesia/BIOKES-I-BT074/2025_H3N2,plate16-2-A/Indonesia/BIOKES-I-BT074/2025_H3N2,1119,0.2794,0.2794
seqneut25to26_sera_4014,A/Indonesia/BIOKES-I-BT074/2025_H3N2,plate16-2-A/Indonesia/BIOKES-I-BT074/2025_H3N2,2575,0.7616,0.7616
seqneut25to26_sera_4014,A/Indonesia/BIOKES-I-BT074/2025_H3N2,plate16-2-A/Indonesia/BIOKES-I-BT074/2025_H3N2,5921,1.248,1
seqneut25to26_sera_4014,A/Indonesia/BIOKES-I-BT074/2025_H3N2,plate16-2-A/Indonesia/BIOKES-I-BT074/2025_H3N2,1.362e+04,1.126,1
seqneut25to26_sera_4014,A/Indonesia/BIOKES-INAD491/2025_H3N2,plate16-2-A/Indonesia/BIOKES-INAD491/2025_H3N2,40,0.00577,0.00577
seqneut25to26_sera_4014,A/Indonesia/BIOKES-INAD491/2025_H3N2,plate16-2-A/Indonesia/BIOKES-INAD491/2025_H3N2,92,0.07033,0.07033
seqneut25to26_sera_4014,A/Indonesia/BIOKES-INAD491/2025_H3N2,plate16-2-A/Indonesia/BIOKES-INAD491/2025_H3N2,212,0.3445,0.3445
seqneut25to26_sera_4014,A/Indonesia/BIOKES-INAD491/2025_H3N2,plate16-2-A/Indonesia/BIOKES-INAD491/2025_H3N2,487,0.2545,0.2545
seqneut25to26_sera_4014,A/Indonesia/BIOKES-INAD491/2025_H3N2,plate16-2-A/Indonesia/BIOKES-INAD491/2025_H3N2,1119,0.479,0.479
seqneut25to26_sera_4014,A/Indonesia/BIOKES-INAD491/2025_H3N2,plate16-2-A/Indonesia/BIOKES-INAD491/2025_H3N2,2575,0.8061,0.8061
seqneut25to26_sera_4014,A/Indonesia/BIOKES-INAD491/2025_H3N2,plate16-2-A/Indonesia/BIOKES-INAD491/2025_H3N2,5921,0.9084,0.9084
seqneut25to26_sera_4014,A/Indonesia/BIOKES-INAD491/2025_H3N2,plate16-2-A/Indonesia/BIOKES-INAD491/2025_H3N2,1.362e+04,1.236,1
seqneut25to26_sera_4014,A/Lao/820-2750/2025_H3N2,plate16-2-A/Lao/820-2750/2025_H3N2,40,0,0
seqneut25to26_sera_4014,A/Lao/820-2750/2025_H3N2,plate16-2-A/Lao/820-2750/2025_H3N2,92,0.004851,0.004851
seqneut25to26_sera_4014,A/Lao/820-2750/2025_H3N2,plate16-2-A/Lao/820-2750/2025_H3N2,212,0.05611,0.05611
seqneut25to26_sera_4014,A/Lao/820-2750/2025_H3N2,plate16-2-A/Lao/820-2750/2025_H3N2,487,0.3345,0.3345
seqneut25to26_sera_4014,A/Lao/820-2750/2025_H3N2,plate16-2-A/Lao/820-2750/2025_H3N2,1119,0.6162,0.6162
seqneut25to26_sera_4014,A/Lao/820-2750/2025_H3N2,plate16-2-A/Lao/820-2750/2025_H3N2,2575,0.7731,0.7731
seqneut25to26_sera_4014,A/Lao/820-2750/2025_H3N2,plate16-2-A/Lao/820-2750/2025_H3N2,5921,1.085,1
seqneut25to26_sera_4014,A/Lao/820-2750/2025_H3N2,plate16-2-A/Lao/820-2750/2025_H3N2,1.362e+04,1.047,1
seqneut25to26_sera_4014,A/Malaysia/IMR/SARI/2028/2025_H3N2,plate16-2-A/Malaysia/IMR/SARI/2028/2025_H3N2,40,0.00382,0.00382
seqneut25to26_sera_4014,A/Malaysia/IMR/SARI/2028/2025_H3N2,plate16-2-A/Malaysia/IMR/SARI/2028/2025_H3N2,92,0.04391,0.04391
seqneut25to26_sera_4014,A/Malaysia/IMR/SARI/2028/2025_H3N2,plate16-2-A/Malaysia/IMR/SARI/2028/2025_H3N2,212,0.1681,0.1681
seqneut25to26_sera_4014,A/Malaysia/IMR/SARI/2028/2025_H3N2,plate16-2-A/Malaysia/IMR/SARI/2028/2025_H3N2,487,0.3013,0.3013
seqneut25to26_sera_4014,A/Malaysia/IMR/SARI/2028/2025_H3N2,plate16-2-A/Malaysia/IMR/SARI/2028/2025_H3N2,1119,0.4203,0.4203
seqneut25to26_sera_4014,A/Malaysia/IMR/SARI/2028/2025_H3N2,plate16-2-A/Malaysia/IMR/SARI/2028/2025_H3N2,2575,0.6724,0.6724
seqneut25to26_sera_4014,A/Malaysia/IMR/SARI/2028/2025_H3N2,plate16-2-A/Malaysia/IMR/SARI/2028/2025_H3N2,5921,1.02,1
seqneut25to26_sera_4014,A/Malaysia/IMR/SARI/2028/2025_H3N2,plate16-2-A/Malaysia/IMR/SARI/2028/2025_H3N2,1.362e+04,1.102,1
seqneut25to26_sera_4014,A/Malaysia/IMR/SARI/2406/2025_H3N2,plate16-2-A/Malaysia/IMR/SARI/2406/2025_H3N2,40,0.02792,0.02792
seqneut25to26_sera_4014,A/Malaysia/IMR/SARI/2406/2025_H3N2,plate16-2-A/Malaysia/IMR/SARI/2406/2025_H3N2,92,0.1638,0.1638
seqneut25to26_sera_4014,A/Malaysia/IMR/SARI/2406/2025_H3N2,plate16-2-A/Malaysia/IMR/SARI/2406/2025_H3N2,212,0.3065,0.3065
seqneut25to26_sera_4014,A/Malaysia/IMR/SARI/2406/2025_H3N2,plate16-2-A/Malaysia/IMR/SARI/2406/2025_H3N2,487,0.2967,0.2967
seqneut25to26_sera_4014,A/Malaysia/IMR/SARI/2406/2025_H3N2,plate16-2-A/Malaysia/IMR/SARI/2406/2025_H3N2,1119,0.6318,0.6318
seqneut25to26_sera_4014,A/Malaysia/IMR/SARI/2406/2025_H3N2,plate16-2-A/Malaysia/IMR/SARI/2406/2025_H3N2,2575,0.5416,0.5416
seqneut25to26_sera_4014,A/Malaysia/IMR/SARI/2406/2025_H3N2,plate16-2-A/Malaysia/IMR/SARI/2406/2025_H3N2,5921,0.9091,0.9091
seqneut25to26_sera_4014,A/Malaysia/IMR/SARI/2406/2025_H3N2,plate16-2-A/Malaysia/IMR/SARI/2406/2025_H3N2,1.362e+04,1.101,1
seqneut25to26_sera_4014,A/Malaysia/IMR/SARI/2517/2025_H3N2,plate16-2-A/Malaysia/IMR/SARI/2517/2025_H3N2,40,0.02713,0.02713
seqneut25to26_sera_4014,A/Malaysia/IMR/SARI/2517/2025_H3N2,plate16-2-A/Malaysia/IMR/SARI/2517/2025_H3N2,92,0.1135,0.1135
seqneut25to26_sera_4014,A/Malaysia/IMR/SARI/2517/2025_H3N2,plate16-2-A/Malaysia/IMR/SARI/2517/2025_H3N2,212,0.3802,0.3802
seqneut25to26_sera_4014,A/Malaysia/IMR/SARI/2517/2025_H3N2,plate16-2-A/Malaysia/IMR/SARI/2517/2025_H3N2,487,0.298,0.298
seqneut25to26_sera_4014,A/Malaysia/IMR/SARI/2517/2025_H3N2,plate16-2-A/Malaysia/IMR/SARI/2517/2025_H3N2,1119,0.4634,0.4634
seqneut25to26_sera_4014,A/Malaysia/IMR/SARI/2517/2025_H3N2,plate16-2-A/Malaysia/IMR/SARI/2517/2025_H3N2,2575,0.8547,0.8547
seqneut25to26_sera_4014,A/Malaysia/IMR/SARI/2517/2025_H3N2,plate16-2-A/Malaysia/IMR/SARI/2517/2025_H3N2,5921,1.324,1
seqneut25to26_sera_4014,A/Malaysia/IMR/SARI/2517/2025_H3N2,plate16-2-A/Malaysia/IMR/SARI/2517/2025_H3N2,1.362e+04,1.305,1
seqneut25to26_sera_4014,A/Massachusetts/18/2022_H3N2,plate16-2-A/Massachusetts/18/2022_H3N2,40,0.01822,0.01822
seqneut25to26_sera_4014,A/Massachusetts/18/2022_H3N2,plate16-2-A/Massachusetts/18/2022_H3N2,92,0.1593,0.1593
seqneut25to26_sera_4014,A/Massachusetts/18/2022_H3N2,plate16-2-A/Massachusetts/18/2022_H3N2,212,0.505,0.505
seqneut25to26_sera_4014,A/Massachusetts/18/2022_H3N2,plate16-2-A/Massachusetts/18/2022_H3N2,487,0.6959,0.6959
seqneut25to26_sera_4014,A/Massachusetts/18/2022_H3N2,plate16-2-A/Massachusetts/18/2022_H3N2,1119,0.9098,0.9098
seqneut25to26_sera_4014,A/Massachusetts/18/2022_H3N2,plate16-2-A/Massachusetts/18/2022_H3N2,2575,1.267,1
seqneut25to26_sera_4014,A/Massachusetts/18/2022_H3N2,plate16-2-A/Massachusetts/18/2022_H3N2,5921,1.086,1
seqneut25to26_sera_4014,A/Massachusetts/18/2022_H3N2,plate16-2-A/Massachusetts/18/2022_H3N2,1.362e+04,1.045,1
seqneut25to26_sera_4014,A/Michigan/110/2025_H3N2,plate16-2-A/Michigan/110/2025_H3N2,40,0.002056,0.002056
seqneut25to26_sera_4014,A/Michigan/110/2025_H3N2,plate16-2-A/Michigan/110/2025_H3N2,92,0.06077,0.06077
seqneut25to26_sera_4014,A/Michigan/110/2025_H3N2,plate16-2-A/Michigan/110/2025_H3N2,212,0.1046,0.1046
seqneut25to26_sera_4014,A/Michigan/110/2025_H3N2,plate16-2-A/Michigan/110/2025_H3N2,487,0.3949,0.3949
seqneut25to26_sera_4014,A/Michigan/110/2025_H3N2,plate16-2-A/Michigan/110/2025_H3N2,1119,0.6102,0.6102
seqneut25to26_sera_4014,A/Michigan/110/2025_H3N2,plate16-2-A/Michigan/110/2025_H3N2,2575,1.209,1
seqneut25to26_sera_4014,A/Michigan/110/2025_H3N2,plate16-2-A/Michigan/110/2025_H3N2,5921,0.8672,0.8672
seqneut25to26_sera_4014,A/Michigan/110/2025_H3N2,plate16-2-A/Michigan/110/2025_H3N2,1.362e+04,1.049,1
seqneut25to26_sera_4014,A/Minnesota/96/2025_H3N2,plate16-2-A/Minnesota/96/2025_H3N2,40,0.0002326,0.0002326
seqneut25to26_sera_4014,A/Minnesota/96/2025_H3N2,plate16-2-A/Minnesota/96/2025_H3N2,92,0.0447,0.0447
seqneut25to26_sera_4014,A/Minnesota/96/2025_H3N2,plate16-2-A/Minnesota/96/2025_H3N2,212,0.1253,0.1253
seqneut25to26_sera_4014,A/Minnesota/96/2025_H3N2,plate16-2-A/Minnesota/96/2025_H3N2,487,0.2906,0.2906
seqneut25to26_sera_4014,A/Minnesota/96/2025_H3N2,plate16-2-A/Minnesota/96/2025_H3N2,1119,0.4006,0.4006
seqneut25to26_sera_4014,A/Minnesota/96/2025_H3N2,plate16-2-A/Minnesota/96/2025_H3N2,2575,0.5854,0.5854
seqneut25to26_sera_4014,A/Minnesota/96/2025_H3N2,plate16-2-A/Minnesota/96/2025_H3N2,5921,1.131,1
seqneut25to26_sera_4014,A/Minnesota/96/2025_H3N2,plate16-2-A/Minnesota/96/2025_H3N2,1.362e+04,1.222,1
seqneut25to26_sera_4014,A/Missouri/11/2025_H1N1,plate16-2-A/Missouri/11/2025_H1N1,40,0.003083,0.003083
seqneut25to26_sera_4014,A/Missouri/11/2025_H1N1,plate16-2-A/Missouri/11/2025_H1N1,92,0.0287,0.0287
seqneut25to26_sera_4014,A/Missouri/11/2025_H1N1,plate16-2-A/Missouri/11/2025_H1N1,212,0.05747,0.05747
seqneut25to26_sera_4014,A/Missouri/11/2025_H1N1,plate16-2-A/Missouri/11/2025_H1N1,487,0.2576,0.2576
seqneut25to26_sera_4014,A/Missouri/11/2025_H1N1,plate16-2-A/Missouri/11/2025_H1N1,1119,0.3538,0.3538
seqneut25to26_sera_4014,A/Missouri/11/2025_H1N1,plate16-2-A/Missouri/11/2025_H1N1,2575,0.5318,0.5318
seqneut25to26_sera_4014,A/Missouri/11/2025_H1N1,plate16-2-A/Missouri/11/2025_H1N1,5921,1.965,1
seqneut25to26_sera_4014,A/Missouri/11/2025_H1N1,plate16-2-A/Missouri/11/2025_H1N1,1.362e+04,1.388,1
seqneut25to26_sera_4014,A/NewSouthWales/2526015582/2025_H3N2,plate16-2-A/NewSouthWales/2526015582/2025_H3N2,40,0.004984,0.004984
seqneut25to26_sera_4014,A/NewSouthWales/2526015582/2025_H3N2,plate16-2-A/NewSouthWales/2526015582/2025_H3N2,92,0.1186,0.1186
seqneut25to26_sera_4014,A/NewSouthWales/2526015582/2025_H3N2,plate16-2-A/NewSouthWales/2526015582/2025_H3N2,212,0.4077,0.4077
seqneut25to26_sera_4014,A/NewSouthWales/2526015582/2025_H3N2,plate16-2-A/NewSouthWales/2526015582/2025_H3N2,487,0.3927,0.3927
seqneut25to26_sera_4014,A/NewSouthWales/2526015582/2025_H3N2,plate16-2-A/NewSouthWales/2526015582/2025_H3N2,1119,0.6247,0.6247
seqneut25to26_sera_4014,A/NewSouthWales/2526015582/2025_H3N2,plate16-2-A/NewSouthWales/2526015582/2025_H3N2,2575,1.017,1
seqneut25to26_sera_4014,A/NewSouthWales/2526015582/2025_H3N2,plate16-2-A/NewSouthWales/2526015582/2025_H3N2,5921,0.9171,0.9171
seqneut25to26_sera_4014,A/NewSouthWales/2526015582/2025_H3N2,plate16-2-A/NewSouthWales/2526015582/2025_H3N2,1.362e+04,1.315,1
seqneut25to26_sera_4014,A/NewSouthWales/2526015584/2025_H3N2,plate16-2-A/NewSouthWales/2526015584/2025_H3N2,40,0.0005746,0.0005746
seqneut25to26_sera_4014,A/NewSouthWales/2526015584/2025_H3N2,plate16-2-A/NewSouthWales/2526015584/2025_H3N2,92,0.0378,0.0378
seqneut25to26_sera_4014,A/NewSouthWales/2526015584/2025_H3N2,plate16-2-A/NewSouthWales/2526015584/2025_H3N2,212,0.1334,0.1334
seqneut25to26_sera_4014,A/NewSouthWales/2526015584/2025_H3N2,plate16-2-A/NewSouthWales/2526015584/2025_H3N2,487,0.269,0.269
seqneut25to26_sera_4014,A/NewSouthWales/2526015584/2025_H3N2,plate16-2-A/NewSouthWales/2526015584/2025_H3N2,1119,0.3197,0.3197
seqneut25to26_sera_4014,A/NewSouthWales/2526015584/2025_H3N2,plate16-2-A/NewSouthWales/2526015584/2025_H3N2,2575,0.7527,0.7527
seqneut25to26_sera_4014,A/NewSouthWales/2526015584/2025_H3N2,plate16-2-A/NewSouthWales/2526015584/2025_H3N2,5921,0.989,0.989
seqneut25to26_sera_4014,A/NewSouthWales/2526015584/2025_H3N2,plate16-2-A/NewSouthWales/2526015584/2025_H3N2,1.362e+04,1.155,1
seqneut25to26_sera_4014,A/Norway/8765/2025_H3N2,plate16-2-A/Norway/8765/2025_H3N2,40,0.03855,0.03855
seqneut25to26_sera_4014,A/Norway/8765/2025_H3N2,plate16-2-A/Norway/8765/2025_H3N2,92,0.1608,0.1608
seqneut25to26_sera_4014,A/Norway/8765/2025_H3N2,plate16-2-A/Norway/8765/2025_H3N2,212,0.3036,0.3036
seqneut25to26_sera_4014,A/Norway/8765/2025_H3N2,plate16-2-A/Norway/8765/2025_H3N2,487,0.4536,0.4536
seqneut25to26_sera_4014,A/Norway/8765/2025_H3N2,plate16-2-A/Norway/8765/2025_H3N2,1119,0.5015,0.5015
seqneut25to26_sera_4014,A/Norway/8765/2025_H3N2,plate16-2-A/Norway/8765/2025_H3N2,2575,0.7586,0.7586
seqneut25to26_sera_4014,A/Norway/8765/2025_H3N2,plate16-2-A/Norway/8765/2025_H3N2,5921,1.012,1
seqneut25to26_sera_4014,A/Norway/8765/2025_H3N2,plate16-2-A/Norway/8765/2025_H3N2,1.362e+04,1.167,1
seqneut25to26_sera_4014,A/Norway/8976/2025_H3N2,plate16-2-A/Norway/8976/2025_H3N2,40,0.007831,0.007831
seqneut25to26_sera_4014,A/Norway/8976/2025_H3N2,plate16-2-A/Norway/8976/2025_H3N2,92,0.1042,0.1042
seqneut25to26_sera_4014,A/Norway/8976/2025_H3N2,plate16-2-A/Norway/8976/2025_H3N2,212,0.3657,0.3657
seqneut25to26_sera_4014,A/Norway/8976/2025_H3N2,plate16-2-A/Norway/8976/2025_H3N2,487,0.3074,0.3074
seqneut25to26_sera_4014,A/Norway/8976/2025_H3N2,plate16-2-A/Norway/8976/2025_H3N2,1119,0.5321,0.5321
seqneut25to26_sera_4014,A/Norway/8976/2025_H3N2,plate16-2-A/Norway/8976/2025_H3N2,2575,0.7666,0.7666
seqneut25to26_sera_4014,A/Norway/8976/2025_H3N2,plate16-2-A/Norway/8976/2025_H3N2,5921,1.177,1
seqneut25to26_sera_4014,A/Norway/8976/2025_H3N2,plate16-2-A/Norway/8976/2025_H3N2,1.362e+04,1.125,1
seqneut25to26_sera_4014,A/Norway/9107/2025_H1N1,plate16-2-A/Norway/9107/2025_H1N1,40,0.0006338,0.0006338
seqneut25to26_sera_4014,A/Norway/9107/2025_H1N1,plate16-2-A/Norway/9107/2025_H1N1,92,0.01146,0.01146
seqneut25to26_sera_4014,A/Norway/9107/2025_H1N1,plate16-2-A/Norway/9107/2025_H1N1,212,0.1246,0.1246
seqneut25to26_sera_4014,A/Norway/9107/2025_H1N1,plate16-2-A/Norway/9107/2025_H1N1,487,0.4531,0.4531
seqneut25to26_sera_4014,A/Norway/9107/2025_H1N1,plate16-2-A/Norway/9107/2025_H1N1,1119,0.5119,0.5119
seqneut25to26_sera_4014,A/Norway/9107/2025_H1N1,plate16-2-A/Norway/9107/2025_H1N1,2575,0.9932,0.9932
seqneut25to26_sera_4014,A/Norway/9107/2025_H1N1,plate16-2-A/Norway/9107/2025_H1N1,5921,1.225,1
seqneut25to26_sera_4014,A/Norway/9107/2025_H1N1,plate16-2-A/Norway/9107/2025_H1N1,1.362e+04,1.152,1
seqneut25to26_sera_4014,A/Norway/9556/2025_H1N1,plate16-2-A/Norway/9556/2025_H1N1,40,0.0002448,0.0002448
seqneut25to26_sera_4014,A/Norway/9556/2025_H1N1,plate16-2-A/Norway/9556/2025_H1N1,92,0.01423,0.01423
seqneut25to26_sera_4014,A/Norway/9556/2025_H1N1,plate16-2-A/Norway/9556/2025_H1N1,212,0.2511,0.2511
seqneut25to26_sera_4014,A/Norway/9556/2025_H1N1,plate16-2-A/Norway/9556/2025_H1N1,487,0.5033,0.5033
seqneut25to26_sera_4014,A/Norway/9556/2025_H1N1,plate16-2-A/Norway/9556/2025_H1N1,1119,0.8088,0.8088
seqneut25to26_sera_4014,A/Norway/9556/2025_H1N1,plate16-2-A/Norway/9556/2025_H1N1,2575,1.292,1
seqneut25to26_sera_4014,A/Norway/9556/2025_H1N1,plate16-2-A/Norway/9556/2025_H1N1,5921,1.097,1
seqneut25to26_sera_4014,A/Norway/9556/2025_H1N1,plate16-2-A/Norway/9556/2025_H1N1,1.362e+04,1.071,1
seqneut25to26_sera_4014,A/Peru/GIHSN-04-1089/2025_H3N2,plate16-2-A/Peru/GIHSN-04-1089/2025_H3N2,40,0.003821,0.003821
seqneut25to26_sera_4014,A/Peru/GIHSN-04-1089/2025_H3N2,plate16-2-A/Peru/GIHSN-04-1089/2025_H3N2,92,0.06773,0.06773
seqneut25to26_sera_4014,A/Peru/GIHSN-04-1089/2025_H3N2,plate16-2-A/Peru/GIHSN-04-1089/2025_H3N2,212,0.3793,0.3793
seqneut25to26_sera_4014,A/Peru/GIHSN-04-1089/2025_H3N2,plate16-2-A/Peru/GIHSN-04-1089/2025_H3N2,487,0.4835,0.4835
seqneut25to26_sera_4014,A/Peru/GIHSN-04-1089/2025_H3N2,plate16-2-A/Peru/GIHSN-04-1089/2025_H3N2,1119,0.5641,0.5641
seqneut25to26_sera_4014,A/Peru/GIHSN-04-1089/2025_H3N2,plate16-2-A/Peru/GIHSN-04-1089/2025_H3N2,2575,0.7543,0.7543
seqneut25to26_sera_4014,A/Peru/GIHSN-04-1089/2025_H3N2,plate16-2-A/Peru/GIHSN-04-1089/2025_H3N2,5921,1.128,1
seqneut25to26_sera_4014,A/Peru/GIHSN-04-1089/2025_H3N2,plate16-2-A/Peru/GIHSN-04-1089/2025_H3N2,1.362e+04,1.264,1
seqneut25to26_sera_4014,A/Philippines/SARI25-1425/2025_H1N1,plate16-2-A/Philippines/SARI25-1425/2025_H1N1,40,0.00276,0.00276
seqneut25to26_sera_4014,A/Philippines/SARI25-1425/2025_H1N1,plate16-2-A/Philippines/SARI25-1425/2025_H1N1,92,0.009386,0.009386
seqneut25to26_sera_4014,A/Philippines/SARI25-1425/2025_H1N1,plate16-2-A/Philippines/SARI25-1425/2025_H1N1,212,0.3383,0.3383
seqneut25to26_sera_4014,A/Philippines/SARI25-1425/2025_H1N1,plate16-2-A/Philippines/SARI25-1425/2025_H1N1,487,0.3629,0.3629
seqneut25to26_sera_4014,A/Philippines/SARI25-1425/2025_H1N1,plate16-2-A/Philippines/SARI25-1425/2025_H1N1,1119,0.8139,0.8139
seqneut25to26_sera_4014,A/Philippines/SARI25-1425/2025_H1N1,plate16-2-A/Philippines/SARI25-1425/2025_H1N1,2575,1.223,1
seqneut25to26_sera_4014,A/Philippines/SARI25-1425/2025_H1N1,plate16-2-A/Philippines/SARI25-1425/2025_H1N1,5921,1.399,1
seqneut25to26_sera_4014,A/Philippines/SARI25-1425/2025_H1N1,plate16-2-A/Philippines/SARI25-1425/2025_H1N1,1.362e+04,0.9142,0.9142
seqneut25to26_sera_4014,A/Queensland/2526516675/2025_H3N2,plate16-2-A/Queensland/2526516675/2025_H3N2,40,0.01038,0.01038
seqneut25to26_sera_4014,A/Queensland/2526516675/2025_H3N2,plate16-2-A/Queensland/2526516675/2025_H3N2,92,0.1365,0.1365
seqneut25to26_sera_4014,A/Queensland/2526516675/2025_H3N2,plate16-2-A/Queensland/2526516675/2025_H3N2,212,0.3144,0.3144
seqneut25to26_sera_4014,A/Queensland/2526516675/2025_H3N2,plate16-2-A/Queensland/2526516675/2025_H3N2,487,0.2738,0.2738
seqneut25to26_sera_4014,A/Queensland/2526516675/2025_H3N2,plate16-2-A/Queensland/2526516675/2025_H3N2,1119,0.5935,0.5935
seqneut25to26_sera_4014,A/Queensland/2526516675/2025_H3N2,plate16-2-A/Queensland/2526516675/2025_H3N2,2575,0.9427,0.9427
seqneut25to26_sera_4014,A/Queensland/2526516675/2025_H3N2,plate16-2-A/Queensland/2526516675/2025_H3N2,5921,1.181,1
seqneut25to26_sera_4014,A/Queensland/2526516675/2025_H3N2,plate16-2-A/Queensland/2526516675/2025_H3N2,1.362e+04,1.154,1
seqneut25to26_sera_4014,A/SouthAfrica/PET37604/2025_H3N2,plate16-2-A/SouthAfrica/PET37604/2025_H3N2,40,0.001457,0.001457
seqneut25to26_sera_4014,A/SouthAfrica/PET37604/2025_H3N2,plate16-2-A/SouthAfrica/PET37604/2025_H3N2,92,0.1322,0.1322
seqneut25to26_sera_4014,A/SouthAfrica/PET37604/2025_H3N2,plate16-2-A/SouthAfrica/PET37604/2025_H3N2,212,0.1293,0.1293
seqneut25to26_sera_4014,A/SouthAfrica/PET37604/2025_H3N2,plate16-2-A/SouthAfrica/PET37604/2025_H3N2,487,0.4868,0.4868
seqneut25to26_sera_4014,A/SouthAfrica/PET37604/2025_H3N2,plate16-2-A/SouthAfrica/PET37604/2025_H3N2,1119,0.3848,0.3848
seqneut25to26_sera_4014,A/SouthAfrica/PET37604/2025_H3N2,plate16-2-A/SouthAfrica/PET37604/2025_H3N2,2575,1.109,1
seqneut25to26_sera_4014,A/SouthAfrica/PET37604/2025_H3N2,plate16-2-A/SouthAfrica/PET37604/2025_H3N2,5921,0.9727,0.9727
seqneut25to26_sera_4014,A/SouthAfrica/PET37604/2025_H3N2,plate16-2-A/SouthAfrica/PET37604/2025_H3N2,1.362e+04,1.082,1
seqneut25to26_sera_4014,A/SouthAfrica/PET37625/2025_H3N2,plate16-2-A/SouthAfrica/PET37625/2025_H3N2,40,0.0001659,0.0001659
seqneut25to26_sera_4014,A/SouthAfrica/PET37625/2025_H3N2,plate16-2-A/SouthAfrica/PET37625/2025_H3N2,92,0.03337,0.03337
seqneut25to26_sera_4014,A/SouthAfrica/PET37625/2025_H3N2,plate16-2-A/SouthAfrica/PET37625/2025_H3N2,212,0.1386,0.1386
seqneut25to26_sera_4014,A/SouthAfrica/PET37625/2025_H3N2,plate16-2-A/SouthAfrica/PET37625/2025_H3N2,487,0.2657,0.2657
seqneut25to26_sera_4014,A/SouthAfrica/PET37625/2025_H3N2,plate16-2-A/SouthAfrica/PET37625/2025_H3N2,1119,0.3143,0.3143
seqneut25to26_sera_4014,A/SouthAfrica/PET37625/2025_H3N2,plate16-2-A/SouthAfrica/PET37625/2025_H3N2,2575,0.5861,0.5861
seqneut25to26_sera_4014,A/SouthAfrica/PET37625/2025_H3N2,plate16-2-A/SouthAfrica/PET37625/2025_H3N2,5921,1.031,1
seqneut25to26_sera_4014,A/SouthAfrica/PET37625/2025_H3N2,plate16-2-A/SouthAfrica/PET37625/2025_H3N2,1.362e+04,1.115,1
seqneut25to26_sera_4014,A/SouthAustralia/2519001037/2025_H1N1,plate16-2-A/SouthAustralia/2519001037/2025_H1N1,40,0.002796,0.002796
seqneut25to26_sera_4014,A/SouthAustralia/2519001037/2025_H1N1,plate16-2-A/SouthAustralia/2519001037/2025_H1N1,92,0.004642,0.004642
seqneut25to26_sera_4014,A/SouthAustralia/2519001037/2025_H1N1,plate16-2-A/SouthAustralia/2519001037/2025_H1N1,212,0.1085,0.1085
seqneut25to26_sera_4014,A/SouthAustralia/2519001037/2025_H1N1,plate16-2-A/SouthAustralia/2519001037/2025_H1N1,487,0.246,0.246
seqneut25to26_sera_4014,A/SouthAustralia/2519001037/2025_H1N1,plate16-2-A/SouthAustralia/2519001037/2025_H1N1,1119,0.5943,0.5943
seqneut25to26_sera_4014,A/SouthAustralia/2519001037/2025_H1N1,plate16-2-A/SouthAustralia/2519001037/2025_H1N1,2575,0.8615,0.8615
seqneut25to26_sera_4014,A/SouthAustralia/2519001037/2025_H1N1,plate16-2-A/SouthAustralia/2519001037/2025_H1N1,5921,1.167,1
seqneut25to26_sera_4014,A/SouthAustralia/2519001037/2025_H1N1,plate16-2-A/SouthAustralia/2519001037/2025_H1N1,1.362e+04,1.198,1
seqneut25to26_sera_4014,A/SouthAustralia/2520702747/2025_H1N1,plate16-2-A/SouthAustralia/2520702747/2025_H1N1,40,0.002543,0.002543
seqneut25to26_sera_4014,A/SouthAustralia/2520702747/2025_H1N1,plate16-2-A/SouthAustralia/2520702747/2025_H1N1,92,0.008932,0.008932
seqneut25to26_sera_4014,A/SouthAustralia/2520702747/2025_H1N1,plate16-2-A/SouthAustralia/2520702747/2025_H1N1,212,0.0876,0.0876
seqneut25to26_sera_4014,A/SouthAustralia/2520702747/2025_H1N1,plate16-2-A/SouthAustralia/2520702747/2025_H1N1,487,0.3354,0.3354
seqneut25to26_sera_4014,A/SouthAustralia/2520702747/2025_H1N1,plate16-2-A/SouthAustralia/2520702747/2025_H1N1,1119,0.6406,0.6406
seqneut25to26_sera_4014,A/SouthAustralia/2520702747/2025_H1N1,plate16-2-A/SouthAustralia/2520702747/2025_H1N1,2575,1.119,1
seqneut25to26_sera_4014,A/SouthAustralia/2520702747/2025_H1N1,plate16-2-A/SouthAustralia/2520702747/2025_H1N1,5921,1.059,1
seqneut25to26_sera_4014,A/SouthAustralia/2520702747/2025_H1N1,plate16-2-A/SouthAustralia/2520702747/2025_H1N1,1.362e+04,1.317,1
seqneut25to26_sera_4014,A/SouthAustralia/2523012764/2025_H1N1,plate16-2-A/SouthAustralia/2523012764/2025_H1N1,40,0.003063,0.003063
seqneut25to26_sera_4014,A/SouthAustralia/2523012764/2025_H1N1,plate16-2-A/SouthAustralia/2523012764/2025_H1N1,92,0.01323,0.01323
seqneut25to26_sera_4014,A/SouthAustralia/2523012764/2025_H1N1,plate16-2-A/SouthAustralia/2523012764/2025_H1N1,212,0.07278,0.07278
seqneut25to26_sera_4014,A/SouthAustralia/2523012764/2025_H1N1,plate16-2-A/SouthAustralia/2523012764/2025_H1N1,487,0.312,0.312
seqneut25to26_sera_4014,A/SouthAustralia/2523012764/2025_H1N1,plate16-2-A/SouthAustralia/2523012764/2025_H1N1,1119,0.54,0.54
seqneut25to26_sera_4014,A/SouthAustralia/2523012764/2025_H1N1,plate16-2-A/SouthAustralia/2523012764/2025_H1N1,2575,0.6919,0.6919
seqneut25to26_sera_4014,A/SouthAustralia/2523012764/2025_H1N1,plate16-2-A/SouthAustralia/2523012764/2025_H1N1,5921,1.189,1
seqneut25to26_sera_4014,A/SouthAustralia/2523012764/2025_H1N1,plate16-2-A/SouthAustralia/2523012764/2025_H1N1,1.362e+04,1.747,1
seqneut25to26_sera_4014,A/SouthAustralia/2523812314/2025_H3N2,plate16-2-A/SouthAustralia/2523812314/2025_H3N2,40,0.009902,0.009902
seqneut25to26_sera_4014,A/SouthAustralia/2523812314/2025_H3N2,plate16-2-A/SouthAustralia/2523812314/2025_H3N2,92,0.09015,0.09015
seqneut25to26_sera_4014,A/SouthAustralia/2523812314/2025_H3N2,plate16-2-A/SouthAustralia/2523812314/2025_H3N2,212,0.3594,0.3594
seqneut25to26_sera_4014,A/SouthAustralia/2523812314/2025_H3N2,plate16-2-A/SouthAustralia/2523812314/2025_H3N2,487,0.4027,0.4027
seqneut25to26_sera_4014,A/SouthAustralia/2523812314/2025_H3N2,plate16-2-A/SouthAustralia/2523812314/2025_H3N2,1119,0.672,0.672
seqneut25to26_sera_4014,A/SouthAustralia/2523812314/2025_H3N2,plate16-2-A/SouthAustralia/2523812314/2025_H3N2,2575,0.838,0.838
seqneut25to26_sera_4014,A/SouthAustralia/2523812314/2025_H3N2,plate16-2-A/SouthAustralia/2523812314/2025_H3N2,5921,1.276,1
seqneut25to26_sera_4014,A/SouthAustralia/2523812314/2025_H3N2,plate16-2-A/SouthAustralia/2523812314/2025_H3N2,1.362e+04,1.044,1
seqneut25to26_sera_4014,A/SouthAustralia/2524408801/2025_H3N2,plate16-2-A/SouthAustralia/2524408801/2025_H3N2,40,0.009308,0.009308
seqneut25to26_sera_4014,A/SouthAustralia/2524408801/2025_H3N2,plate16-2-A/SouthAustralia/2524408801/2025_H3N2,92,0.1674,0.1674
seqneut25to26_sera_4014,A/SouthAustralia/2524408801/2025_H3N2,plate16-2-A/SouthAustralia/2524408801/2025_H3N2,212,0.2319,0.2319
seqneut25to26_sera_4014,A/SouthAustralia/2524408801/2025_H3N2,plate16-2-A/SouthAustralia/2524408801/2025_H3N2,487,0.3442,0.3442
seqneut25to26_sera_4014,A/SouthAustralia/2524408801/2025_H3N2,plate16-2-A/SouthAustralia/2524408801/2025_H3N2,1119,0.6445,0.6445
seqneut25to26_sera_4014,A/SouthAustralia/2524408801/2025_H3N2,plate16-2-A/SouthAustralia/2524408801/2025_H3N2,2575,0.8851,0.8851
seqneut25to26_sera_4014,A/SouthAustralia/2524408801/2025_H3N2,plate16-2-A/SouthAustralia/2524408801/2025_H3N2,5921,0.9298,0.9298
seqneut25to26_sera_4014,A/SouthAustralia/2524408801/2025_H3N2,plate16-2-A/SouthAustralia/2524408801/2025_H3N2,1.362e+04,1.369,1
seqneut25to26_sera_4014,A/SouthAustralia/2524712956/2025_H1N1,plate16-2-A/SouthAustralia/2524712956/2025_H1N1,40,0.001238,0.001238
seqneut25to26_sera_4014,A/SouthAustralia/2524712956/2025_H1N1,plate16-2-A/SouthAustralia/2524712956/2025_H1N1,92,0.01328,0.01328
seqneut25to26_sera_4014,A/SouthAustralia/2524712956/2025_H1N1,plate16-2-A/SouthAustralia/2524712956/2025_H1N1,212,0.3971,0.3971
seqneut25to26_sera_4014,A/SouthAustralia/2524712956/2025_H1N1,plate16-2-A/SouthAustralia/2524712956/2025_H1N1,487,0.4668,0.4668
seqneut25to26_sera_4014,A/SouthAustralia/2524712956/2025_H1N1,plate16-2-A/SouthAustralia/2524712956/2025_H1N1,1119,0.7175,0.7175
seqneut25to26_sera_4014,A/SouthAustralia/2524712956/2025_H1N1,plate16-2-A/SouthAustralia/2524712956/2025_H1N1,2575,1.158,1
seqneut25to26_sera_4014,A/SouthAustralia/2524712956/2025_H1N1,plate16-2-A/SouthAustralia/2524712956/2025_H1N1,5921,1.14,1
seqneut25to26_sera_4014,A/SouthAustralia/2524712956/2025_H1N1,plate16-2-A/SouthAustralia/2524712956/2025_H1N1,1.362e+04,1.041,1
seqneut25to26_sera_4014,A/SouthAustralia/2525607496/2025_H3N2,plate16-2-A/SouthAustralia/2525607496/2025_H3N2,40,9.281e-05,9.281e-05
seqneut25to26_sera_4014,A/SouthAustralia/2525607496/2025_H3N2,plate16-2-A/SouthAustralia/2525607496/2025_H3N2,92,0.0004498,0.0004498
seqneut25to26_sera_4014,A/SouthAustralia/2525607496/2025_H3N2,plate16-2-A/SouthAustralia/2525607496/2025_H3N2,212,0.05092,0.05092
seqneut25to26_sera_4014,A/SouthAustralia/2525607496/2025_H3N2,plate16-2-A/SouthAustralia/2525607496/2025_H3N2,487,0.4135,0.4135
seqneut25to26_sera_4014,A/SouthAustralia/2525607496/2025_H3N2,plate16-2-A/SouthAustralia/2525607496/2025_H3N2,1119,0.5856,0.5856
seqneut25to26_sera_4014,A/SouthAustralia/2525607496/2025_H3N2,plate16-2-A/SouthAustralia/2525607496/2025_H3N2,2575,0.8759,0.8759
seqneut25to26_sera_4014,A/SouthAustralia/2525607496/2025_H3N2,plate16-2-A/SouthAustralia/2525607496/2025_H3N2,5921,0.7415,0.7415
seqneut25to26_sera_4014,A/SouthAustralia/2525607496/2025_H3N2,plate16-2-A/SouthAustralia/2525607496/2025_H3N2,1.362e+04,1.263,1
seqneut25to26_sera_4014,A/SouthAustralia/2527003588/2025_H3N2,plate16-2-A/SouthAustralia/2527003588/2025_H3N2,40,0.05479,0.05479
seqneut25to26_sera_4014,A/SouthAustralia/2527003588/2025_H3N2,plate16-2-A/SouthAustralia/2527003588/2025_H3N2,92,0.07621,0.07621
seqneut25to26_sera_4014,A/SouthAustralia/2527003588/2025_H3N2,plate16-2-A/SouthAustralia/2527003588/2025_H3N2,212,0.6408,0.6408
seqneut25to26_sera_4014,A/SouthAustralia/2527003588/2025_H3N2,plate16-2-A/SouthAustralia/2527003588/2025_H3N2,487,0.5145,0.5145
seqneut25to26_sera_4014,A/SouthAustralia/2527003588/2025_H3N2,plate16-2-A/SouthAustralia/2527003588/2025_H3N2,1119,0.917,0.917
seqneut25to26_sera_4014,A/SouthAustralia/2527003588/2025_H3N2,plate16-2-A/SouthAustralia/2527003588/2025_H3N2,2575,0.7807,0.7807
seqneut25to26_sera_4014,A/SouthAustralia/2527003588/2025_H3N2,plate16-2-A/SouthAustralia/2527003588/2025_H3N2,5921,1.301,1
seqneut25to26_sera_4014,A/SouthAustralia/2527003588/2025_H3N2,plate16-2-A/SouthAustralia/2527003588/2025_H3N2,1.362e+04,1.151,1
seqneut25to26_sera_4014,A/SouthAustralia/2527213276/2025_H3N2,plate16-2-A/SouthAustralia/2527213276/2025_H3N2,40,0.003808,0.003808
seqneut25to26_sera_4014,A/SouthAustralia/2527213276/2025_H3N2,plate16-2-A/SouthAustralia/2527213276/2025_H3N2,92,0.1264,0.1264
seqneut25to26_sera_4014,A/SouthAustralia/2527213276/2025_H3N2,plate16-2-A/SouthAustralia/2527213276/2025_H3N2,212,0.1095,0.1095
seqneut25to26_sera_4014,A/SouthAustralia/2527213276/2025_H3N2,plate16-2-A/SouthAustralia/2527213276/2025_H3N2,487,0.3271,0.3271
seqneut25to26_sera_4014,A/SouthAustralia/2527213276/2025_H3N2,plate16-2-A/SouthAustralia/2527213276/2025_H3N2,1119,0.4419,0.4419
seqneut25to26_sera_4014,A/SouthAustralia/2527213276/2025_H3N2,plate16-2-A/SouthAustralia/2527213276/2025_H3N2,2575,0.6605,0.6605
seqneut25to26_sera_4014,A/SouthAustralia/2527213276/2025_H3N2,plate16-2-A/SouthAustralia/2527213276/2025_H3N2,5921,0.6815,0.6815
seqneut25to26_sera_4014,A/SouthAustralia/2527213276/2025_H3N2,plate16-2-A/SouthAustralia/2527213276/2025_H3N2,1.362e+04,1.673,1
seqneut25to26_sera_4014,A/SouthAustralia/2527612456/2025_H1N1,plate16-2-A/SouthAustralia/2527612456/2025_H1N1,40,0.0002454,0.0002454
seqneut25to26_sera_4014,A/SouthAustralia/2527612456/2025_H1N1,plate16-2-A/SouthAustralia/2527612456/2025_H1N1,92,0.0225,0.0225
seqneut25to26_sera_4014,A/SouthAustralia/2527612456/2025_H1N1,plate16-2-A/SouthAustralia/2527612456/2025_H1N1,212,0.2196,0.2196
seqneut25to26_sera_4014,A/SouthAustralia/2527612456/2025_H1N1,plate16-2-A/SouthAustralia/2527612456/2025_H1N1,487,0.3961,0.3961
seqneut25to26_sera_4014,A/SouthAustralia/2527612456/2025_H1N1,plate16-2-A/SouthAustralia/2527612456/2025_H1N1,1119,0.6707,0.6707
seqneut25to26_sera_4014,A/SouthAustralia/2527612456/2025_H1N1,plate16-2-A/SouthAustralia/2527612456/2025_H1N1,2575,1.309,1
seqneut25to26_sera_4014,A/SouthAustralia/2527612456/2025_H1N1,plate16-2-A/SouthAustralia/2527612456/2025_H1N1,5921,1.288,1
seqneut25to26_sera_4014,A/SouthAustralia/2527612456/2025_H1N1,plate16-2-A/SouthAustralia/2527612456/2025_H1N1,1.362e+04,1.494,1
seqneut25to26_sera_4014,A/SouthAustralia/2527902708/2025_H3N2,plate16-2-A/SouthAustralia/2527902708/2025_H3N2,40,0.009686,0.009686
seqneut25to26_sera_4014,A/SouthAustralia/2527902708/2025_H3N2,plate16-2-A/SouthAustralia/2527902708/2025_H3N2,92,0.3567,0.3567
seqneut25to26_sera_4014,A/SouthAustralia/2527902708/2025_H3N2,plate16-2-A/SouthAustralia/2527902708/2025_H3N2,212,0.2582,0.2582
seqneut25to26_sera_4014,A/SouthAustralia/2527902708/2025_H3N2,plate16-2-A/SouthAustralia/2527902708/2025_H3N2,487,0.6875,0.6875
seqneut25to26_sera_4014,A/SouthAustralia/2527902708/2025_H3N2,plate16-2-A/SouthAustralia/2527902708/2025_H3N2,1119,0.6206,0.6206
seqneut25to26_sera_4014,A/SouthAustralia/2527902708/2025_H3N2,plate16-2-A/SouthAustralia/2527902708/2025_H3N2,2575,1.097,1
seqneut25to26_sera_4014,A/SouthAustralia/2527902708/2025_H3N2,plate16-2-A/SouthAustralia/2527902708/2025_H3N2,5921,1.548,1
seqneut25to26_sera_4014,A/SouthAustralia/2527902708/2025_H3N2,plate16-2-A/SouthAustralia/2527902708/2025_H3N2,1.362e+04,1.129,1
seqneut25to26_sera_4014,A/Sydney/1359/2024_H3N2,plate16-2-A/Sydney/1359/2024_H3N2,40,0.01085,0.01085
seqneut25to26_sera_4014,A/Sydney/1359/2024_H3N2,plate16-2-A/Sydney/1359/2024_H3N2,92,0.09599,0.09599
seqneut25to26_sera_4014,A/Sydney/1359/2024_H3N2,plate16-2-A/Sydney/1359/2024_H3N2,212,0.3129,0.3129
seqneut25to26_sera_4014,A/Sydney/1359/2024_H3N2,plate16-2-A/Sydney/1359/2024_H3N2,487,0.381,0.381
seqneut25to26_sera_4014,A/Sydney/1359/2024_H3N2,plate16-2-A/Sydney/1359/2024_H3N2,1119,0.6866,0.6866
seqneut25to26_sera_4014,A/Sydney/1359/2024_H3N2,plate16-2-A/Sydney/1359/2024_H3N2,2575,0.9543,0.9543
seqneut25to26_sera_4014,A/Sydney/1359/2024_H3N2,plate16-2-A/Sydney/1359/2024_H3N2,5921,1.159,1
seqneut25to26_sera_4014,A/Sydney/1359/2024_H3N2,plate16-2-A/Sydney/1359/2024_H3N2,1.362e+04,1.143,1
seqneut25to26_sera_4014,A/Sydney/400/2025_H1N1,plate16-2-A/Sydney/400/2025_H1N1,40,0.002065,0.002065
seqneut25to26_sera_4014,A/Sydney/400/2025_H1N1,plate16-2-A/Sydney/400/2025_H1N1,92,0.002168,0.002168
seqneut25to26_sera_4014,A/Sydney/400/2025_H1N1,plate16-2-A/Sydney/400/2025_H1N1,212,0.006881,0.006881
seqneut25to26_sera_4014,A/Sydney/400/2025_H1N1,plate16-2-A/Sydney/400/2025_H1N1,487,0.08981,0.08981
seqneut25to26_sera_4014,A/Sydney/400/2025_H1N1,plate16-2-A/Sydney/400/2025_H1N1,1119,0.09762,0.09762
seqneut25to26_sera_4014,A/Sydney/400/2025_H1N1,plate16-2-A/Sydney/400/2025_H1N1,2575,0.3073,0.3073
seqneut25to26_sera_4014,A/Sydney/400/2025_H1N1,plate16-2-A/Sydney/400/2025_H1N1,5921,0.5654,0.5654
seqneut25to26_sera_4014,A/Sydney/400/2025_H1N1,plate16-2-A/Sydney/400/2025_H1N1,1.362e+04,0.6072,0.6072
seqneut25to26_sera_4014,A/Tasmania/2521815682/2025_H3N2,plate16-2-A/Tasmania/2521815682/2025_H3N2,40,0.0219,0.0219
seqneut25to26_sera_4014,A/Tasmania/2521815682/2025_H3N2,plate16-2-A/Tasmania/2521815682/2025_H3N2,92,0.2118,0.2118
seqneut25to26_sera_4014,A/Tasmania/2521815682/2025_H3N2,plate16-2-A/Tasmania/2521815682/2025_H3N2,212,0.3538,0.3538
seqneut25to26_sera_4014,A/Tasmania/2521815682/2025_H3N2,plate16-2-A/Tasmania/2521815682/2025_H3N2,487,0.3505,0.3505
seqneut25to26_sera_4014,A/Tasmania/2521815682/2025_H3N2,plate16-2-A/Tasmania/2521815682/2025_H3N2,1119,0.5322,0.5322
seqneut25to26_sera_4014,A/Tasmania/2521815682/2025_H3N2,plate16-2-A/Tasmania/2521815682/2025_H3N2,2575,0.8028,0.8028
seqneut25to26_sera_4014,A/Tasmania/2521815682/2025_H3N2,plate16-2-A/Tasmania/2521815682/2025_H3N2,5921,1.377,1
seqneut25to26_sera_4014,A/Tasmania/2521815682/2025_H3N2,plate16-2-A/Tasmania/2521815682/2025_H3N2,1.362e+04,1.16,1
seqneut25to26_sera_4014,A/Thailand/8/2022_H3N2,plate16-2-A/Thailand/8/2022_H3N2,40,0.000819,0.000819
seqneut25to26_sera_4014,A/Thailand/8/2022_H3N2,plate16-2-A/Thailand/8/2022_H3N2,92,0.0224,0.0224
seqneut25to26_sera_4014,A/Thailand/8/2022_H3N2,plate16-2-A/Thailand/8/2022_H3N2,212,0.157,0.157
seqneut25to26_sera_4014,A/Thailand/8/2022_H3N2,plate16-2-A/Thailand/8/2022_H3N2,487,0.4481,0.4481
seqneut25to26_sera_4014,A/Thailand/8/2022_H3N2,plate16-2-A/Thailand/8/2022_H3N2,1119,0.8163,0.8163
seqneut25to26_sera_4014,A/Thailand/8/2022_H3N2,plate16-2-A/Thailand/8/2022_H3N2,2575,0.8804,0.8804
seqneut25to26_sera_4014,A/Thailand/8/2022_H3N2,plate16-2-A/Thailand/8/2022_H3N2,5921,0.9866,0.9866
seqneut25to26_sera_4014,A/Thailand/8/2022_H3N2,plate16-2-A/Thailand/8/2022_H3N2,1.362e+04,0.7144,0.7144
seqneut25to26_sera_4014,A/Vermont/73/2025_H3N2,plate16-2-A/Vermont/73/2025_H3N2,40,0.05814,0.05814
seqneut25to26_sera_4014,A/Vermont/73/2025_H3N2,plate16-2-A/Vermont/73/2025_H3N2,92,0.1494,0.1494
seqneut25to26_sera_4014,A/Vermont/73/2025_H3N2,plate16-2-A/Vermont/73/2025_H3N2,212,0.2676,0.2676
seqneut25to26_sera_4014,A/Vermont/73/2025_H3N2,plate16-2-A/Vermont/73/2025_H3N2,487,0.3312,0.3312
seqneut25to26_sera_4014,A/Vermont/73/2025_H3N2,plate16-2-A/Vermont/73/2025_H3N2,1119,0.5153,0.5153
seqneut25to26_sera_4014,A/Vermont/73/2025_H3N2,plate16-2-A/Vermont/73/2025_H3N2,2575,0.9611,0.9611
seqneut25to26_sera_4014,A/Vermont/73/2025_H3N2,plate16-2-A/Vermont/73/2025_H3N2,5921,0.893,0.893
seqneut25to26_sera_4014,A/Vermont/73/2025_H3N2,plate16-2-A/Vermont/73/2025_H3N2,1.362e+04,1.135,1
seqneut25to26_sera_4014,A/Victoria/4897/2022_IVR-238_H1N1,plate16-2-A/Victoria/4897/2022_IVR-238_H1N1,40,0,0
seqneut25to26_sera_4014,A/Victoria/4897/2022_IVR-238_H1N1,plate16-2-A/Victoria/4897/2022_IVR-238_H1N1,92,0,0
seqneut25to26_sera_4014,A/Victoria/4897/2022_IVR-238_H1N1,plate16-2-A/Victoria/4897/2022_IVR-238_H1N1,212,0.001211,0.001211
seqneut25to26_sera_4014,A/Victoria/4897/2022_IVR-238_H1N1,plate16-2-A/Victoria/4897/2022_IVR-238_H1N1,487,0.0007055,0.0007055
seqneut25to26_sera_4014,A/Victoria/4897/2022_IVR-238_H1N1,plate16-2-A/Victoria/4897/2022_IVR-238_H1N1,1119,0.0187,0.0187
seqneut25to26_sera_4014,A/Victoria/4897/2022_IVR-238_H1N1,plate16-2-A/Victoria/4897/2022_IVR-238_H1N1,2575,0.03878,0.03878
seqneut25to26_sera_4014,A/Victoria/4897/2022_IVR-238_H1N1,plate16-2-A/Victoria/4897/2022_IVR-238_H1N1,5921,0.2663,0.2663
seqneut25to26_sera_4014,A/Victoria/4897/2022_IVR-238_H1N1,plate16-2-A/Victoria/4897/2022_IVR-238_H1N1,1.362e+04,1.019,1
seqneut25to26_sera_4014,A/Wisconsin/588/2019_H1N1,plate16-2-A/Wisconsin/588/2019_H1N1,40,0.0002823,0.0002823
seqneut25to26_sera_4014,A/Wisconsin/588/2019_H1N1,plate16-2-A/Wisconsin/588/2019_H1N1,92,0.05869,0.05869
seqneut25to26_sera_4014,A/Wisconsin/588/2019_H1N1,plate16-2-A/Wisconsin/588/2019_H1N1,212,0.3061,0.3061
seqneut25to26_sera_4014,A/Wisconsin/588/2019_H1N1,plate16-2-A/Wisconsin/588/2019_H1N1,487,0.5564,0.5564
seqneut25to26_sera_4014,A/Wisconsin/588/2019_H1N1,plate16-2-A/Wisconsin/588/2019_H1N1,1119,0.7811,0.7811
seqneut25to26_sera_4014,A/Wisconsin/588/2019_H1N1,plate16-2-A/Wisconsin/588/2019_H1N1,2575,1.283,1
seqneut25to26_sera_4014,A/Wisconsin/588/2019_H1N1,plate16-2-A/Wisconsin/588/2019_H1N1,5921,1.094,1
seqneut25to26_sera_4014,A/Wisconsin/588/2019_H1N1,plate16-2-A/Wisconsin/588/2019_H1N1,1.362e+04,1.609,1
seqneut25to26_sera_4014,A/Wisconsin/67/2022_H1N1,plate16-2-A/Wisconsin/67/2022_H1N1,40,0.001946,0.001946
seqneut25to26_sera_4014,A/Wisconsin/67/2022_H1N1,plate16-2-A/Wisconsin/67/2022_H1N1,92,0.003009,0.003009
seqneut25to26_sera_4014,A/Wisconsin/67/2022_H1N1,plate16-2-A/Wisconsin/67/2022_H1N1,212,0.1072,0.1072
seqneut25to26_sera_4014,A/Wisconsin/67/2022_H1N1,plate16-2-A/Wisconsin/67/2022_H1N1,487,0.3286,0.3286
seqneut25to26_sera_4014,A/Wisconsin/67/2022_H1N1,plate16-2-A/Wisconsin/67/2022_H1N1,1119,0.6564,0.6564
seqneut25to26_sera_4014,A/Wisconsin/67/2022_H1N1,plate16-2-A/Wisconsin/67/2022_H1N1,2575,0.8563,0.8563
seqneut25to26_sera_4014,A/Wisconsin/67/2022_H1N1,plate16-2-A/Wisconsin/67/2022_H1N1,5921,1.155,1
seqneut25to26_sera_4014,A/Wisconsin/67/2022_H1N1,plate16-2-A/Wisconsin/67/2022_H1N1,1.362e+04,1.377,1
seqneut25to26_sera_4014,A/Zacapa/FLU-261/2025_H1N1,plate16-2-A/Zacapa/FLU-261/2025_H1N1,40,0.003084,0.003084
seqneut25to26_sera_4014,A/Zacapa/FLU-261/2025_H1N1,plate16-2-A/Zacapa/FLU-261/2025_H1N1,92,0.004906,0.004906
seqneut25to26_sera_4014,A/Zacapa/FLU-261/2025_H1N1,plate16-2-A/Zacapa/FLU-261/2025_H1N1,212,0.05562,0.05562
seqneut25to26_sera_4014,A/Zacapa/FLU-261/2025_H1N1,plate16-2-A/Zacapa/FLU-261/2025_H1N1,487,0.542,0.542
seqneut25to26_sera_4014,A/Zacapa/FLU-261/2025_H1N1,plate16-2-A/Zacapa/FLU-261/2025_H1N1,1119,0.8073,0.8073
seqneut25to26_sera_4014,A/Zacapa/FLU-261/2025_H1N1,plate16-2-A/Zacapa/FLU-261/2025_H1N1,2575,0.796,0.796
seqneut25to26_sera_4014,A/Zacapa/FLU-261/2025_H1N1,plate16-2-A/Zacapa/FLU-261/2025_H1N1,5921,0.9636,0.9636
seqneut25to26_sera_4014,A/Zacapa/FLU-261/2025_H1N1,plate16-2-A/Zacapa/FLU-261/2025_H1N1,1.362e+04,1.393,1
seqneut25to26_sera_4015,A/Alagoas/4130/2025_H3N2,plate16-2-A/Alagoas/4130/2025_H3N2,40,0.0005059,0.0005059
seqneut25to26_sera_4015,A/Alagoas/4130/2025_H3N2,plate16-2-A/Alagoas/4130/2025_H3N2,92,0.04619,0.04619
seqneut25to26_sera_4015,A/Alagoas/4130/2025_H3N2,plate16-2-A/Alagoas/4130/2025_H3N2,212,0.1247,0.1247
seqneut25to26_sera_4015,A/Alagoas/4130/2025_H3N2,plate16-2-A/Alagoas/4130/2025_H3N2,487,0.3386,0.3386
seqneut25to26_sera_4015,A/Alagoas/4130/2025_H3N2,plate16-2-A/Alagoas/4130/2025_H3N2,1119,0.5504,0.5504
seqneut25to26_sera_4015,A/Alagoas/4130/2025_H3N2,plate16-2-A/Alagoas/4130/2025_H3N2,2575,0.8353,0.8353
seqneut25to26_sera_4015,A/Alagoas/4130/2025_H3N2,plate16-2-A/Alagoas/4130/2025_H3N2,5921,0.8794,0.8794
seqneut25to26_sera_4015,A/Alagoas/4130/2025_H3N2,plate16-2-A/Alagoas/4130/2025_H3N2,1.362e+04,1.267,1
seqneut25to26_sera_4015,A/Anapolis/LEIAL6543/2025_H3N2,plate16-2-A/Anapolis/LEIAL6543/2025_H3N2,40,0.003202,0.003202
seqneut25to26_sera_4015,A/Anapolis/LEIAL6543/2025_H3N2,plate16-2-A/Anapolis/LEIAL6543/2025_H3N2,92,0.06167,0.06167
seqneut25to26_sera_4015,A/Anapolis/LEIAL6543/2025_H3N2,plate16-2-A/Anapolis/LEIAL6543/2025_H3N2,212,0.1912,0.1912
seqneut25to26_sera_4015,A/Anapolis/LEIAL6543/2025_H3N2,plate16-2-A/Anapolis/LEIAL6543/2025_H3N2,487,0.3646,0.3646
seqneut25to26_sera_4015,A/Anapolis/LEIAL6543/2025_H3N2,plate16-2-A/Anapolis/LEIAL6543/2025_H3N2,1119,0.4963,0.4963
seqneut25to26_sera_4015,A/Anapolis/LEIAL6543/2025_H3N2,plate16-2-A/Anapolis/LEIAL6543/2025_H3N2,2575,0.5864,0.5864
seqneut25to26_sera_4015,A/Anapolis/LEIAL6543/2025_H3N2,plate16-2-A/Anapolis/LEIAL6543/2025_H3N2,5921,0.6866,0.6866
seqneut25to26_sera_4015,A/Anapolis/LEIAL6543/2025_H3N2,plate16-2-A/Anapolis/LEIAL6543/2025_H3N2,1.362e+04,0.826,0.826
seqneut25to26_sera_4015,A/Andalucia/PMC-00977/2025_H1N1,plate16-2-A/Andalucia/PMC-00977/2025_H1N1,40,0.00085,0.00085
seqneut25to26_sera_4015,A/Andalucia/PMC-00977/2025_H1N1,plate16-2-A/Andalucia/PMC-00977/2025_H1N1,92,0.1165,0.1165
seqneut25to26_sera_4015,A/Andalucia/PMC-00977/2025_H1N1,plate16-2-A/Andalucia/PMC-00977/2025_H1N1,212,0.4167,0.4167
seqneut25to26_sera_4015,A/Andalucia/PMC-00977/2025_H1N1,plate16-2-A/Andalucia/PMC-00977/2025_H1N1,487,0.7954,0.7954
seqneut25to26_sera_4015,A/Andalucia/PMC-00977/2025_H1N1,plate16-2-A/Andalucia/PMC-00977/2025_H1N1,1119,0.9412,0.9412
seqneut25to26_sera_4015,A/Andalucia/PMC-00977/2025_H1N1,plate16-2-A/Andalucia/PMC-00977/2025_H1N1,2575,1.249,1
seqneut25to26_sera_4015,A/Andalucia/PMC-00977/2025_H1N1,plate16-2-A/Andalucia/PMC-00977/2025_H1N1,5921,1.203,1
seqneut25to26_sera_4015,A/Andalucia/PMC-00977/2025_H1N1,plate16-2-A/Andalucia/PMC-00977/2025_H1N1,1.362e+04,1.09,1
seqneut25to26_sera_4015,A/Aragon/2046/2025_H1N1,plate16-2-A/Aragon/2046/2025_H1N1,40,0.00467,0.00467
seqneut25to26_sera_4015,A/Aragon/2046/2025_H1N1,plate16-2-A/Aragon/2046/2025_H1N1,92,0.1429,0.1429
seqneut25to26_sera_4015,A/Aragon/2046/2025_H1N1,plate16-2-A/Aragon/2046/2025_H1N1,212,0.3537,0.3537
seqneut25to26_sera_4015,A/Aragon/2046/2025_H1N1,plate16-2-A/Aragon/2046/2025_H1N1,487,0.8272,0.8272
seqneut25to26_sera_4015,A/Aragon/2046/2025_H1N1,plate16-2-A/Aragon/2046/2025_H1N1,1119,1.078,1
seqneut25to26_sera_4015,A/Aragon/2046/2025_H1N1,plate16-2-A/Aragon/2046/2025_H1N1,2575,1.039,1
seqneut25to26_sera_4015,A/Aragon/2046/2025_H1N1,plate16-2-A/Aragon/2046/2025_H1N1,5921,1.485,1
seqneut25to26_sera_4015,A/Aragon/2046/2025_H1N1,plate16-2-A/Aragon/2046/2025_H1N1,1.362e+04,1.739,1
seqneut25to26_sera_4015,A/Arica/59150/2025_H3N2,plate16-2-A/Arica/59150/2025_H3N2,40,0.01295,0.01295
seqneut25to26_sera_4015,A/Arica/59150/2025_H3N2,plate16-2-A/Arica/59150/2025_H3N2,92,0.05011,0.05011
seqneut25to26_sera_4015,A/Arica/59150/2025_H3N2,plate16-2-A/Arica/59150/2025_H3N2,212,0.09486,0.09486
seqneut25to26_sera_4015,A/Arica/59150/2025_H3N2,plate16-2-A/Arica/59150/2025_H3N2,487,0.2909,0.2909
seqneut25to26_sera_4015,A/Arica/59150/2025_H3N2,plate16-2-A/Arica/59150/2025_H3N2,1119,0.529,0.529
seqneut25to26_sera_4015,A/Arica/59150/2025_H3N2,plate16-2-A/Arica/59150/2025_H3N2,2575,0.7616,0.7616
seqneut25to26_sera_4015,A/Arica/59150/2025_H3N2,plate16-2-A/Arica/59150/2025_H3N2,5921,1.018,1
seqneut25to26_sera_4015,A/Arica/59150/2025_H3N2,plate16-2-A/Arica/59150/2025_H3N2,1.362e+04,1.149,1
seqneut25to26_sera_4015,A/Bahia/3102/2025_H3N2,plate16-2-A/Bahia/3102/2025_H3N2,40,0.002104,0.002104
seqneut25to26_sera_4015,A/Bahia/3102/2025_H3N2,plate16-2-A/Bahia/3102/2025_H3N2,92,0.02846,0.02846
seqneut25to26_sera_4015,A/Bahia/3102/2025_H3N2,plate16-2-A/Bahia/3102/2025_H3N2,212,0.1127,0.1127
seqneut25to26_sera_4015,A/Bahia/3102/2025_H3N2,plate16-2-A/Bahia/3102/2025_H3N2,487,0.331,0.331
seqneut25to26_sera_4015,A/Bahia/3102/2025_H3N2,plate16-2-A/Bahia/3102/2025_H3N2,1119,0.4399,0.4399
seqneut25to26_sera_4015,A/Bahia/3102/2025_H3N2,plate16-2-A/Bahia/3102/2025_H3N2,2575,0.7212,0.7212
seqneut25to26_sera_4015,A/Bahia/3102/2025_H3N2,plate16-2-A/Bahia/3102/2025_H3N2,5921,0.9086,0.9086
seqneut25to26_sera_4015,A/Bahia/3102/2025_H3N2,plate16-2-A/Bahia/3102/2025_H3N2,1.362e+04,1.239,1
seqneut25to26_sera_4015,A/Bangkok/1803/2025_H1N1,plate16-2-A/Bangkok/1803/2025_H1N1,40,0.005746,0.005746
seqneut25to26_sera_4015,A/Bangkok/1803/2025_H1N1,plate16-2-A/Bangkok/1803/2025_H1N1,92,0.259,0.259
seqneut25to26_sera_4015,A/Bangkok/1803/2025_H1N1,plate16-2-A/Bangkok/1803/2025_H1N1,212,0.4252,0.4252
seqneut25to26_sera_4015,A/Bangkok/1803/2025_H1N1,plate16-2-A/Bangkok/1803/2025_H1N1,487,1.018,1
seqneut25to26_sera_4015,A/Bangkok/1803/2025_H1N1,plate16-2-A/Bangkok/1803/2025_H1N1,1119,1.354,1
seqneut25to26_sera_4015,A/Bangkok/1803/2025_H1N1,plate16-2-A/Bangkok/1803/2025_H1N1,2575,1.109,1
seqneut25to26_sera_4015,A/Bangkok/1803/2025_H1N1,plate16-2-A/Bangkok/1803/2025_H1N1,5921,0.8874,0.8874
seqneut25to26_sera_4015,A/Bangkok/1803/2025_H1N1,plate16-2-A/Bangkok/1803/2025_H1N1,1.362e+04,0.8591,0.8591
seqneut25to26_sera_4015,A/Bangkok/P2229/2025_H1N1,plate16-2-A/Bangkok/P2229/2025_H1N1,40,0.003283,0.003283
seqneut25to26_sera_4015,A/Bangkok/P2229/2025_H1N1,plate16-2-A/Bangkok/P2229/2025_H1N1,92,0.04987,0.04987
seqneut25to26_sera_4015,A/Bangkok/P2229/2025_H1N1,plate16-2-A/Bangkok/P2229/2025_H1N1,212,0.2077,0.2077
seqneut25to26_sera_4015,A/Bangkok/P2229/2025_H1N1,plate16-2-A/Bangkok/P2229/2025_H1N1,487,1.183,1
seqneut25to26_sera_4015,A/Bangkok/P2229/2025_H1N1,plate16-2-A/Bangkok/P2229/2025_H1N1,1119,0.9673,0.9673
seqneut25to26_sera_4015,A/Bangkok/P2229/2025_H1N1,plate16-2-A/Bangkok/P2229/2025_H1N1,2575,0.7169,0.7169
seqneut25to26_sera_4015,A/Bangkok/P2229/2025_H1N1,plate16-2-A/Bangkok/P2229/2025_H1N1,5921,1.014,1
seqneut25to26_sera_4015,A/Bangkok/P2229/2025_H1N1,plate16-2-A/Bangkok/P2229/2025_H1N1,1.362e+04,1.007,1
seqneut25to26_sera_4015,A/Bangkok/P2323/2025_H3N2,plate16-2-A/Bangkok/P2323/2025_H3N2,40,0.1502,0.1502
seqneut25to26_sera_4015,A/Bangkok/P2323/2025_H3N2,plate16-2-A/Bangkok/P2323/2025_H3N2,92,0.3452,0.3452
seqneut25to26_sera_4015,A/Bangkok/P2323/2025_H3N2,plate16-2-A/Bangkok/P2323/2025_H3N2,212,0.4647,0.4647
seqneut25to26_sera_4015,A/Bangkok/P2323/2025_H3N2,plate16-2-A/Bangkok/P2323/2025_H3N2,487,0.6684,0.6684
seqneut25to26_sera_4015,A/Bangkok/P2323/2025_H3N2,plate16-2-A/Bangkok/P2323/2025_H3N2,1119,0.4166,0.4166
seqneut25to26_sera_4015,A/Bangkok/P2323/2025_H3N2,plate16-2-A/Bangkok/P2323/2025_H3N2,2575,0.9632,0.9632
seqneut25to26_sera_4015,A/Bangkok/P2323/2025_H3N2,plate16-2-A/Bangkok/P2323/2025_H3N2,5921,1.064,1
seqneut25to26_sera_4015,A/Bangkok/P2323/2025_H3N2,plate16-2-A/Bangkok/P2323/2025_H3N2,1.362e+04,1.216,1
seqneut25to26_sera_4015,A/Bangkok/P2390/2025_H3N2,plate16-2-A/Bangkok/P2390/2025_H3N2,40,0.06154,0.06154
seqneut25to26_sera_4015,A/Bangkok/P2390/2025_H3N2,plate16-2-A/Bangkok/P2390/2025_H3N2,92,0.3397,0.3397
seqneut25to26_sera_4015,A/Bangkok/P2390/2025_H3N2,plate16-2-A/Bangkok/P2390/2025_H3N2,212,0.4079,0.4079
seqneut25to26_sera_4015,A/Bangkok/P2390/2025_H3N2,plate16-2-A/Bangkok/P2390/2025_H3N2,487,0.872,0.872
seqneut25to26_sera_4015,A/Bangkok/P2390/2025_H3N2,plate16-2-A/Bangkok/P2390/2025_H3N2,1119,0.7889,0.7889
seqneut25to26_sera_4015,A/Bangkok/P2390/2025_H3N2,plate16-2-A/Bangkok/P2390/2025_H3N2,2575,0.9408,0.9408
seqneut25to26_sera_4015,A/Bangkok/P2390/2025_H3N2,plate16-2-A/Bangkok/P2390/2025_H3N2,5921,1.196,1
seqneut25to26_sera_4015,A/Bangkok/P2390/2025_H3N2,plate16-2-A/Bangkok/P2390/2025_H3N2,1.362e+04,1.433,1
seqneut25to26_sera_4015,A/Bangkok/P2391/2025_H3N2,plate16-2-A/Bangkok/P2391/2025_H3N2,40,0.1033,0.1033
seqneut25to26_sera_4015,A/Bangkok/P2391/2025_H3N2,plate16-2-A/Bangkok/P2391/2025_H3N2,92,0.2088,0.2088
seqneut25to26_sera_4015,A/Bangkok/P2391/2025_H3N2,plate16-2-A/Bangkok/P2391/2025_H3N2,212,0.4186,0.4186
seqneut25to26_sera_4015,A/Bangkok/P2391/2025_H3N2,plate16-2-A/Bangkok/P2391/2025_H3N2,487,0.413,0.413
seqneut25to26_sera_4015,A/Bangkok/P2391/2025_H3N2,plate16-2-A/Bangkok/P2391/2025_H3N2,1119,0.6004,0.6004
seqneut25to26_sera_4015,A/Bangkok/P2391/2025_H3N2,plate16-2-A/Bangkok/P2391/2025_H3N2,2575,0.8832,0.8832
seqneut25to26_sera_4015,A/Bangkok/P2391/2025_H3N2,plate16-2-A/Bangkok/P2391/2025_H3N2,5921,0.8449,0.8449
seqneut25to26_sera_4015,A/Bangkok/P2391/2025_H3N2,plate16-2-A/Bangkok/P2391/2025_H3N2,1.362e+04,1.163,1
seqneut25to26_sera_4015,A/Bangkok/P2572/2025_H3N2,plate16-2-A/Bangkok/P2572/2025_H3N2,40,0.07538,0.07538
seqneut25to26_sera_4015,A/Bangkok/P2572/2025_H3N2,plate16-2-A/Bangkok/P2572/2025_H3N2,92,0.1878,0.1878
seqneut25to26_sera_4015,A/Bangkok/P2572/2025_H3N2,plate16-2-A/Bangkok/P2572/2025_H3N2,212,0.2525,0.2525
seqneut25to26_sera_4015,A/Bangkok/P2572/2025_H3N2,plate16-2-A/Bangkok/P2572/2025_H3N2,487,0.2626,0.2626
seqneut25to26_sera_4015,A/Bangkok/P2572/2025_H3N2,plate16-2-A/Bangkok/P2572/2025_H3N2,1119,0.3994,0.3994
seqneut25to26_sera_4015,A/Bangkok/P2572/2025_H3N2,plate16-2-A/Bangkok/P2572/2025_H3N2,2575,0.7881,0.7881
seqneut25to26_sera_4015,A/Bangkok/P2572/2025_H3N2,plate16-2-A/Bangkok/P2572/2025_H3N2,5921,0.955,0.955
seqneut25to26_sera_4015,A/Bangkok/P2572/2025_H3N2,plate16-2-A/Bangkok/P2572/2025_H3N2,1.362e+04,1.047,1
seqneut25to26_sera_4015,A/Bangkok/P2921/2025_H3N2,plate16-2-A/Bangkok/P2921/2025_H3N2,40,0.03568,0.03568
seqneut25to26_sera_4015,A/Bangkok/P2921/2025_H3N2,plate16-2-A/Bangkok/P2921/2025_H3N2,92,0.05886,0.05886
seqneut25to26_sera_4015,A/Bangkok/P2921/2025_H3N2,plate16-2-A/Bangkok/P2921/2025_H3N2,212,0.2835,0.2835
seqneut25to26_sera_4015,A/Bangkok/P2921/2025_H3N2,plate16-2-A/Bangkok/P2921/2025_H3N2,487,0.4517,0.4517
seqneut25to26_sera_4015,A/Bangkok/P2921/2025_H3N2,plate16-2-A/Bangkok/P2921/2025_H3N2,1119,0.633,0.633
seqneut25to26_sera_4015,A/Bangkok/P2921/2025_H3N2,plate16-2-A/Bangkok/P2921/2025_H3N2,2575,0.8347,0.8347
seqneut25to26_sera_4015,A/Bangkok/P2921/2025_H3N2,plate16-2-A/Bangkok/P2921/2025_H3N2,5921,1.109,1
seqneut25to26_sera_4015,A/Bangkok/P2921/2025_H3N2,plate16-2-A/Bangkok/P2921/2025_H3N2,1.362e+04,1.099,1
seqneut25to26_sera_4015,A/Bangkok/P3067/2025_H1N1,plate16-2-A/Bangkok/P3067/2025_H1N1,40,0.002788,0.002788
seqneut25to26_sera_4015,A/Bangkok/P3067/2025_H1N1,plate16-2-A/Bangkok/P3067/2025_H1N1,92,0.04612,0.04612
seqneut25to26_sera_4015,A/Bangkok/P3067/2025_H1N1,plate16-2-A/Bangkok/P3067/2025_H1N1,212,0.3074,0.3074
seqneut25to26_sera_4015,A/Bangkok/P3067/2025_H1N1,plate16-2-A/Bangkok/P3067/2025_H1N1,487,0.5699,0.5699
seqneut25to26_sera_4015,A/Bangkok/P3067/2025_H1N1,plate16-2-A/Bangkok/P3067/2025_H1N1,1119,0.668,0.668
seqneut25to26_sera_4015,A/Bangkok/P3067/2025_H1N1,plate16-2-A/Bangkok/P3067/2025_H1N1,2575,0.655,0.655
seqneut25to26_sera_4015,A/Bangkok/P3067/2025_H1N1,plate16-2-A/Bangkok/P3067/2025_H1N1,5921,0.8159,0.8159
seqneut25to26_sera_4015,A/Bangkok/P3067/2025_H1N1,plate16-2-A/Bangkok/P3067/2025_H1N1,1.362e+04,1.453,1
seqneut25to26_sera_4015,A/Bangkok/P3263/2025_H3N2,plate16-2-A/Bangkok/P3263/2025_H3N2,40,0.01093,0.01093
seqneut25to26_sera_4015,A/Bangkok/P3263/2025_H3N2,plate16-2-A/Bangkok/P3263/2025_H3N2,92,0.2013,0.2013
seqneut25to26_sera_4015,A/Bangkok/P3263/2025_H3N2,plate16-2-A/Bangkok/P3263/2025_H3N2,212,0.1568,0.1568
seqneut25to26_sera_4015,A/Bangkok/P3263/2025_H3N2,plate16-2-A/Bangkok/P3263/2025_H3N2,487,0.7271,0.7271
seqneut25to26_sera_4015,A/Bangkok/P3263/2025_H3N2,plate16-2-A/Bangkok/P3263/2025_H3N2,1119,0.5201,0.5201
seqneut25to26_sera_4015,A/Bangkok/P3263/2025_H3N2,plate16-2-A/Bangkok/P3263/2025_H3N2,2575,1.112,1
seqneut25to26_sera_4015,A/Bangkok/P3263/2025_H3N2,plate16-2-A/Bangkok/P3263/2025_H3N2,5921,1.292,1
seqneut25to26_sera_4015,A/Bangkok/P3263/2025_H3N2,plate16-2-A/Bangkok/P3263/2025_H3N2,1.362e+04,0.956,0.956
seqneut25to26_sera_4015,A/Belgium/H0097/2025_H3N2,plate16-2-A/Belgium/H0097/2025_H3N2,40,0.1018,0.1018
seqneut25to26_sera_4015,A/Belgium/H0097/2025_H3N2,plate16-2-A/Belgium/H0097/2025_H3N2,92,0.1855,0.1855
seqneut25to26_sera_4015,A/Belgium/H0097/2025_H3N2,plate16-2-A/Belgium/H0097/2025_H3N2,212,0.4252,0.4252
seqneut25to26_sera_4015,A/Belgium/H0097/2025_H3N2,plate16-2-A/Belgium/H0097/2025_H3N2,487,0.4244,0.4244
seqneut25to26_sera_4015,A/Belgium/H0097/2025_H3N2,plate16-2-A/Belgium/H0097/2025_H3N2,1119,0.4814,0.4814
seqneut25to26_sera_4015,A/Belgium/H0097/2025_H3N2,plate16-2-A/Belgium/H0097/2025_H3N2,2575,0.6743,0.6743
seqneut25to26_sera_4015,A/Belgium/H0097/2025_H3N2,plate16-2-A/Belgium/H0097/2025_H3N2,5921,1.701,1
seqneut25to26_sera_4015,A/Belgium/H0097/2025_H3N2,plate16-2-A/Belgium/H0097/2025_H3N2,1.362e+04,1.098,1
seqneut25to26_sera_4015,A/Bhutan/1267/2025_H3N2,plate16-2-A/Bhutan/1267/2025_H3N2,40,0.07869,0.07869
seqneut25to26_sera_4015,A/Bhutan/1267/2025_H3N2,plate16-2-A/Bhutan/1267/2025_H3N2,92,0.2418,0.2418
seqneut25to26_sera_4015,A/Bhutan/1267/2025_H3N2,plate16-2-A/Bhutan/1267/2025_H3N2,212,0.3344,0.3344
seqneut25to26_sera_4015,A/Bhutan/1267/2025_H3N2,plate16-2-A/Bhutan/1267/2025_H3N2,487,0.5158,0.5158
seqneut25to26_sera_4015,A/Bhutan/1267/2025_H3N2,plate16-2-A/Bhutan/1267/2025_H3N2,1119,0.483,0.483
seqneut25to26_sera_4015,A/Bhutan/1267/2025_H3N2,plate16-2-A/Bhutan/1267/2025_H3N2,2575,0.7194,0.7194
seqneut25to26_sera_4015,A/Bhutan/1267/2025_H3N2,plate16-2-A/Bhutan/1267/2025_H3N2,5921,1.157,1
seqneut25to26_sera_4015,A/Bhutan/1267/2025_H3N2,plate16-2-A/Bhutan/1267/2025_H3N2,1.362e+04,1.175,1
seqneut25to26_sera_4015,A/Bhutan/7/2025_H3N2,plate16-2-A/Bhutan/7/2025_H3N2,40,0.07301,0.07301
seqneut25to26_sera_4015,A/Bhutan/7/2025_H3N2,plate16-2-A/Bhutan/7/2025_H3N2,92,0.1377,0.1377
seqneut25to26_sera_4015,A/Bhutan/7/2025_H3N2,plate16-2-A/Bhutan/7/2025_H3N2,212,0.2985,0.2985
seqneut25to26_sera_4015,A/Bhutan/7/2025_H3N2,plate16-2-A/Bhutan/7/2025_H3N2,487,0.7467,0.7467
seqneut25to26_sera_4015,A/Bhutan/7/2025_H3N2,plate16-2-A/Bhutan/7/2025_H3N2,1119,0.5534,0.5534
seqneut25to26_sera_4015,A/Bhutan/7/2025_H3N2,plate16-2-A/Bhutan/7/2025_H3N2,2575,0.8167,0.8167
seqneut25to26_sera_4015,A/Bhutan/7/2025_H3N2,plate16-2-A/Bhutan/7/2025_H3N2,5921,1.047,1
seqneut25to26_sera_4015,A/Bhutan/7/2025_H3N2,plate16-2-A/Bhutan/7/2025_H3N2,1.362e+04,0.963,0.963
seqneut25to26_sera_4015,A/BritishColumbia/PHL-2473/2025_H1N1,plate16-2-A/BritishColumbia/PHL-2473/2025_H1N1,40,0.002898,0.002898
seqneut25to26_sera_4015,A/BritishColumbia/PHL-2473/2025_H1N1,plate16-2-A/BritishColumbia/PHL-2473/2025_H1N1,92,0.05592,0.05592
seqneut25to26_sera_4015,A/BritishColumbia/PHL-2473/2025_H1N1,plate16-2-A/BritishColumbia/PHL-2473/2025_H1N1,212,0.4125,0.4125
seqneut25to26_sera_4015,A/BritishColumbia/PHL-2473/2025_H1N1,plate16-2-A/BritishColumbia/PHL-2473/2025_H1N1,487,1.021,1
seqneut25to26_sera_4015,A/BritishColumbia/PHL-2473/2025_H1N1,plate16-2-A/BritishColumbia/PHL-2473/2025_H1N1,1119,0.8149,0.8149
seqneut25to26_sera_4015,A/BritishColumbia/PHL-2473/2025_H1N1,plate16-2-A/BritishColumbia/PHL-2473/2025_H1N1,2575,0.9969,0.9969
seqneut25to26_sera_4015,A/BritishColumbia/PHL-2473/2025_H1N1,plate16-2-A/BritishColumbia/PHL-2473/2025_H1N1,5921,1.343,1
seqneut25to26_sera_4015,A/BritishColumbia/PHL-2473/2025_H1N1,plate16-2-A/BritishColumbia/PHL-2473/2025_H1N1,1.362e+04,1.204,1
seqneut25to26_sera_4015,A/California/61/2025_H3N2,plate16-2-A/California/61/2025_H3N2,40,0.04325,0.04325
seqneut25to26_sera_4015,A/California/61/2025_H3N2,plate16-2-A/California/61/2025_H3N2,92,0.1766,0.1766
seqneut25to26_sera_4015,A/California/61/2025_H3N2,plate16-2-A/California/61/2025_H3N2,212,0.5842,0.5842
seqneut25to26_sera_4015,A/California/61/2025_H3N2,plate16-2-A/California/61/2025_H3N2,487,0.3959,0.3959
seqneut25to26_sera_4015,A/California/61/2025_H3N2,plate16-2-A/California/61/2025_H3N2,1119,0.3093,0.3093
seqneut25to26_sera_4015,A/California/61/2025_H3N2,plate16-2-A/California/61/2025_H3N2,2575,1.24,1
seqneut25to26_sera_4015,A/California/61/2025_H3N2,plate16-2-A/California/61/2025_H3N2,5921,0.9347,0.9347
seqneut25to26_sera_4015,A/California/61/2025_H3N2,plate16-2-A/California/61/2025_H3N2,1.362e+04,1.297,1
seqneut25to26_sera_4015,A/California/63/2025_H1N1,plate16-2-A/California/63/2025_H1N1,40,0.002279,0.002279
seqneut25to26_sera_4015,A/California/63/2025_H1N1,plate16-2-A/California/63/2025_H1N1,92,0.09906,0.09906
seqneut25to26_sera_4015,A/California/63/2025_H1N1,plate16-2-A/California/63/2025_H1N1,212,0.4323,0.4323
seqneut25to26_sera_4015,A/California/63/2025_H1N1,plate16-2-A/California/63/2025_H1N1,487,0.514,0.514
seqneut25to26_sera_4015,A/California/63/2025_H1N1,plate16-2-A/California/63/2025_H1N1,1119,0.7308,0.7308
seqneut25to26_sera_4015,A/California/63/2025_H1N1,plate16-2-A/California/63/2025_H1N1,2575,0.8252,0.8252
seqneut25to26_sera_4015,A/California/63/2025_H1N1,plate16-2-A/California/63/2025_H1N1,5921,0.971,0.971
seqneut25to26_sera_4015,A/California/63/2025_H1N1,plate16-2-A/California/63/2025_H1N1,1.362e+04,1.465,1
seqneut25to26_sera_4015,A/Canberra/465/2025_H1N1,plate16-2-A/Canberra/465/2025_H1N1,40,0.0143,0.0143
seqneut25to26_sera_4015,A/Canberra/465/2025_H1N1,plate16-2-A/Canberra/465/2025_H1N1,92,0.1514,0.1514
seqneut25to26_sera_4015,A/Canberra/465/2025_H1N1,plate16-2-A/Canberra/465/2025_H1N1,212,0.2217,0.2217
seqneut25to26_sera_4015,A/Canberra/465/2025_H1N1,plate16-2-A/Canberra/465/2025_H1N1,487,0.5653,0.5653
seqneut25to26_sera_4015,A/Canberra/465/2025_H1N1,plate16-2-A/Canberra/465/2025_H1N1,1119,0.6398,0.6398
seqneut25to26_sera_4015,A/Canberra/465/2025_H1N1,plate16-2-A/Canberra/465/2025_H1N1,2575,0.9851,0.9851
seqneut25to26_sera_4015,A/Canberra/465/2025_H1N1,plate16-2-A/Canberra/465/2025_H1N1,5921,0.8895,0.8895
seqneut25to26_sera_4015,A/Canberra/465/2025_H1N1,plate16-2-A/Canberra/465/2025_H1N1,1.362e+04,0.9999,0.9999
seqneut25to26_sera_4015,A/Canberra/530/2025_H1N1,plate16-2-A/Canberra/530/2025_H1N1,40,0.005579,0.005579
seqneut25to26_sera_4015,A/Canberra/530/2025_H1N1,plate16-2-A/Canberra/530/2025_H1N1,92,0.05143,0.05143
seqneut25to26_sera_4015,A/Canberra/530/2025_H1N1,plate16-2-A/Canberra/530/2025_H1N1,212,0.4329,0.4329
seqneut25to26_sera_4015,A/Canberra/530/2025_H1N1,plate16-2-A/Canberra/530/2025_H1N1,487,0.7682,0.7682
seqneut25to26_sera_4015,A/Canberra/530/2025_H1N1,plate16-2-A/Canberra/530/2025_H1N1,1119,0.7149,0.7149
seqneut25to26_sera_4015,A/Canberra/530/2025_H1N1,plate16-2-A/Canberra/530/2025_H1N1,2575,1.26,1
seqneut25to26_sera_4015,A/Canberra/530/2025_H1N1,plate16-2-A/Canberra/530/2025_H1N1,5921,1.136,1
seqneut25to26_sera_4015,A/Canberra/530/2025_H1N1,plate16-2-A/Canberra/530/2025_H1N1,1.362e+04,1.7,1
seqneut25to26_sera_4015,A/Catalonia/NSVH102689455/2025_H1N1,plate16-2-A/Catalonia/NSVH102689455/2025_H1N1,40,0.005132,0.005132
seqneut25to26_sera_4015,A/Catalonia/NSVH102689455/2025_H1N1,plate16-2-A/Catalonia/NSVH102689455/2025_H1N1,92,0.1412,0.1412
seqneut25to26_sera_4015,A/Catalonia/NSVH102689455/2025_H1N1,plate16-2-A/Catalonia/NSVH102689455/2025_H1N1,212,0.7601,0.7601
seqneut25to26_sera_4015,A/Catalonia/NSVH102689455/2025_H1N1,plate16-2-A/Catalonia/NSVH102689455/2025_H1N1,487,1.399,1
seqneut25to26_sera_4015,A/Catalonia/NSVH102689455/2025_H1N1,plate16-2-A/Catalonia/NSVH102689455/2025_H1N1,1119,0.8708,0.8708
seqneut25to26_sera_4015,A/Catalonia/NSVH102689455/2025_H1N1,plate16-2-A/Catalonia/NSVH102689455/2025_H1N1,2575,1.527,1
seqneut25to26_sera_4015,A/Catalonia/NSVH102689455/2025_H1N1,plate16-2-A/Catalonia/NSVH102689455/2025_H1N1,5921,1.258,1
seqneut25to26_sera_4015,A/Catalonia/NSVH102689455/2025_H1N1,plate16-2-A/Catalonia/NSVH102689455/2025_H1N1,1.362e+04,1.671,1
seqneut25to26_sera_4015,A/Colorado/105/2025_H1N1,plate16-2-A/Colorado/105/2025_H1N1,40,0.001434,0.001434
seqneut25to26_sera_4015,A/Colorado/105/2025_H1N1,plate16-2-A/Colorado/105/2025_H1N1,92,0.1171,0.1171
seqneut25to26_sera_4015,A/Colorado/105/2025_H1N1,plate16-2-A/Colorado/105/2025_H1N1,212,0.3626,0.3626
seqneut25to26_sera_4015,A/Colorado/105/2025_H1N1,plate16-2-A/Colorado/105/2025_H1N1,487,0.7673,0.7673
seqneut25to26_sera_4015,A/Colorado/105/2025_H1N1,plate16-2-A/Colorado/105/2025_H1N1,1119,0.6705,0.6705
seqneut25to26_sera_4015,A/Colorado/105/2025_H1N1,plate16-2-A/Colorado/105/2025_H1N1,2575,1.359,1
seqneut25to26_sera_4015,A/Colorado/105/2025_H1N1,plate16-2-A/Colorado/105/2025_H1N1,5921,1.933,1
seqneut25to26_sera_4015,A/Colorado/105/2025_H1N1,plate16-2-A/Colorado/105/2025_H1N1,1.362e+04,1.164,1
seqneut25to26_sera_4015,A/CoteDIvoire/2007/2025_H1N1,plate16-2-A/CoteDIvoire/2007/2025_H1N1,40,0.006515,0.006515
seqneut25to26_sera_4015,A/CoteDIvoire/2007/2025_H1N1,plate16-2-A/CoteDIvoire/2007/2025_H1N1,92,0.1095,0.1095
seqneut25to26_sera_4015,A/CoteDIvoire/2007/2025_H1N1,plate16-2-A/CoteDIvoire/2007/2025_H1N1,212,0.238,0.238
seqneut25to26_sera_4015,A/CoteDIvoire/2007/2025_H1N1,plate16-2-A/CoteDIvoire/2007/2025_H1N1,487,0.7586,0.7586
seqneut25to26_sera_4015,A/CoteDIvoire/2007/2025_H1N1,plate16-2-A/CoteDIvoire/2007/2025_H1N1,1119,0.7698,0.7698
seqneut25to26_sera_4015,A/CoteDIvoire/2007/2025_H1N1,plate16-2-A/CoteDIvoire/2007/2025_H1N1,2575,1.162,1
seqneut25to26_sera_4015,A/CoteDIvoire/2007/2025_H1N1,plate16-2-A/CoteDIvoire/2007/2025_H1N1,5921,1.114,1
seqneut25to26_sera_4015,A/CoteDIvoire/2007/2025_H1N1,plate16-2-A/CoteDIvoire/2007/2025_H1N1,1.362e+04,0.912,0.912
seqneut25to26_sera_4015,A/Croatia/10136RV/2023-egg_H3N2,plate16-2-A/Croatia/10136RV/2023-egg_H3N2,40,0.008922,0.008922
seqneut25to26_sera_4015,A/Croatia/10136RV/2023-egg_H3N2,plate16-2-A/Croatia/10136RV/2023-egg_H3N2,92,0.1952,0.1952
seqneut25to26_sera_4015,A/Croatia/10136RV/2023-egg_H3N2,plate16-2-A/Croatia/10136RV/2023-egg_H3N2,212,0.3044,0.3044
seqneut25to26_sera_4015,A/Croatia/10136RV/2023-egg_H3N2,plate16-2-A/Croatia/10136RV/2023-egg_H3N2,487,0.5872,0.5872
seqneut25to26_sera_4015,A/Croatia/10136RV/2023-egg_H3N2,plate16-2-A/Croatia/10136RV/2023-egg_H3N2,1119,0.6092,0.6092
seqneut25to26_sera_4015,A/Croatia/10136RV/2023-egg_H3N2,plate16-2-A/Croatia/10136RV/2023-egg_H3N2,2575,0.5212,0.5212
seqneut25to26_sera_4015,A/Croatia/10136RV/2023-egg_H3N2,plate16-2-A/Croatia/10136RV/2023-egg_H3N2,5921,0.4457,0.4457
seqneut25to26_sera_4015,A/Croatia/10136RV/2023-egg_H3N2,plate16-2-A/Croatia/10136RV/2023-egg_H3N2,1.362e+04,0.8056,0.8056
seqneut25to26_sera_4015,A/Darwin/1405/2025_H1N1,plate16-2-A/Darwin/1405/2025_H1N1,40,0.007813,0.007813
seqneut25to26_sera_4015,A/Darwin/1405/2025_H1N1,plate16-2-A/Darwin/1405/2025_H1N1,92,0.09433,0.09433
seqneut25to26_sera_4015,A/Darwin/1405/2025_H1N1,plate16-2-A/Darwin/1405/2025_H1N1,212,0.4576,0.4576
seqneut25to26_sera_4015,A/Darwin/1405/2025_H1N1,plate16-2-A/Darwin/1405/2025_H1N1,487,1.333,1
seqneut25to26_sera_4015,A/Darwin/1405/2025_H1N1,plate16-2-A/Darwin/1405/2025_H1N1,1119,0.545,0.545
seqneut25to26_sera_4015,A/Darwin/1405/2025_H1N1,plate16-2-A/Darwin/1405/2025_H1N1,2575,0.8364,0.8364
seqneut25to26_sera_4015,A/Darwin/1405/2025_H1N1,plate16-2-A/Darwin/1405/2025_H1N1,5921,1.225,1
seqneut25to26_sera_4015,A/Darwin/1405/2025_H1N1,plate16-2-A/Darwin/1405/2025_H1N1,1.362e+04,1.376,1
seqneut25to26_sera_4015,A/Darwin/1461/2025_H3N2,plate16-2-A/Darwin/1461/2025_H3N2,40,0.1736,0.1736
seqneut25to26_sera_4015,A/Darwin/1461/2025_H3N2,plate16-2-A/Darwin/1461/2025_H3N2,92,0.3436,0.3436
seqneut25to26_sera_4015,A/Darwin/1461/2025_H3N2,plate16-2-A/Darwin/1461/2025_H3N2,212,0.498,0.498
seqneut25to26_sera_4015,A/Darwin/1461/2025_H3N2,plate16-2-A/Darwin/1461/2025_H3N2,487,0.4145,0.4145
seqneut25to26_sera_4015,A/Darwin/1461/2025_H3N2,plate16-2-A/Darwin/1461/2025_H3N2,1119,0.7398,0.7398
seqneut25to26_sera_4015,A/Darwin/1461/2025_H3N2,plate16-2-A/Darwin/1461/2025_H3N2,2575,1.174,1
seqneut25to26_sera_4015,A/Darwin/1461/2025_H3N2,plate16-2-A/Darwin/1461/2025_H3N2,5921,0.8814,0.8814
seqneut25to26_sera_4015,A/Darwin/1461/2025_H3N2,plate16-2-A/Darwin/1461/2025_H3N2,1.362e+04,1.187,1
seqneut25to26_sera_4015,A/Denmark/3070/2025_H1N1,plate16-2-A/Denmark/3070/2025_H1N1,40,0.009447,0.009447
seqneut25to26_sera_4015,A/Denmark/3070/2025_H1N1,plate16-2-A/Denmark/3070/2025_H1N1,92,0.1077,0.1077
seqneut25to26_sera_4015,A/Denmark/3070/2025_H1N1,plate16-2-A/Denmark/3070/2025_H1N1,212,0.3993,0.3993
seqneut25to26_sera_4015,A/Denmark/3070/2025_H1N1,plate16-2-A/Denmark/3070/2025_H1N1,487,0.7251,0.7251
seqneut25to26_sera_4015,A/Denmark/3070/2025_H1N1,plate16-2-A/Denmark/3070/2025_H1N1,1119,0.845,0.845
seqneut25to26_sera_4015,A/Denmark/3070/2025_H1N1,plate16-2-A/Denmark/3070/2025_H1N1,2575,0.931,0.931
seqneut25to26_sera_4015,A/Denmark/3070/2025_H1N1,plate16-2-A/Denmark/3070/2025_H1N1,5921,0.9627,0.9627
seqneut25to26_sera_4015,A/Denmark/3070/2025_H1N1,plate16-2-A/Denmark/3070/2025_H1N1,1.362e+04,1.331,1
seqneut25to26_sera_4015,A/DistrictOfColumbia/27/2023_H3N2,plate16-2-A/DistrictOfColumbia/27/2023_H3N2,40,0.1621,0.1621
seqneut25to26_sera_4015,A/DistrictOfColumbia/27/2023_H3N2,plate16-2-A/DistrictOfColumbia/27/2023_H3N2,92,0.2347,0.2347
seqneut25to26_sera_4015,A/DistrictOfColumbia/27/2023_H3N2,plate16-2-A/DistrictOfColumbia/27/2023_H3N2,212,0.3747,0.3747
seqneut25to26_sera_4015,A/DistrictOfColumbia/27/2023_H3N2,plate16-2-A/DistrictOfColumbia/27/2023_H3N2,487,0.6747,0.6747
seqneut25to26_sera_4015,A/DistrictOfColumbia/27/2023_H3N2,plate16-2-A/DistrictOfColumbia/27/2023_H3N2,1119,0.6014,0.6014
seqneut25to26_sera_4015,A/DistrictOfColumbia/27/2023_H3N2,plate16-2-A/DistrictOfColumbia/27/2023_H3N2,2575,0.6275,0.6275
seqneut25to26_sera_4015,A/DistrictOfColumbia/27/2023_H3N2,plate16-2-A/DistrictOfColumbia/27/2023_H3N2,5921,0.8043,0.8043
seqneut25to26_sera_4015,A/DistrictOfColumbia/27/2023_H3N2,plate16-2-A/DistrictOfColumbia/27/2023_H3N2,1.362e+04,1.247,1
seqneut25to26_sera_4015,A/DistrictOfColumbia/57/2025_H3N2,plate16-2-A/DistrictOfColumbia/57/2025_H3N2,40,0.1456,0.1456
seqneut25to26_sera_4015,A/DistrictOfColumbia/57/2025_H3N2,plate16-2-A/DistrictOfColumbia/57/2025_H3N2,92,0.1968,0.1968
seqneut25to26_sera_4015,A/DistrictOfColumbia/57/2025_H3N2,plate16-2-A/DistrictOfColumbia/57/2025_H3N2,212,0.5449,0.5449
seqneut25to26_sera_4015,A/DistrictOfColumbia/57/2025_H3N2,plate16-2-A/DistrictOfColumbia/57/2025_H3N2,487,0.6644,0.6644
seqneut25to26_sera_4015,A/DistrictOfColumbia/57/2025_H3N2,plate16-2-A/DistrictOfColumbia/57/2025_H3N2,1119,0.5975,0.5975
seqneut25to26_sera_4015,A/DistrictOfColumbia/57/2025_H3N2,plate16-2-A/DistrictOfColumbia/57/2025_H3N2,2575,0.7725,0.7725
seqneut25to26_sera_4015,A/DistrictOfColumbia/57/2025_H3N2,plate16-2-A/DistrictOfColumbia/57/2025_H3N2,5921,0.9225,0.9225
seqneut25to26_sera_4015,A/DistrictOfColumbia/57/2025_H3N2,plate16-2-A/DistrictOfColumbia/57/2025_H3N2,1.362e+04,0.9192,0.9192
seqneut25to26_sera_4015,A/DistritoFederal/250106000728/2025_H3N2,plate16-2-A/DistritoFederal/250106000728/2025_H3N2,40,0.08516,0.08516
seqneut25to26_sera_4015,A/DistritoFederal/250106000728/2025_H3N2,plate16-2-A/DistritoFederal/250106000728/2025_H3N2,92,0.2027,0.2027
seqneut25to26_sera_4015,A/DistritoFederal/250106000728/2025_H3N2,plate16-2-A/DistritoFederal/250106000728/2025_H3N2,212,0.2356,0.2356
seqneut25to26_sera_4015,A/DistritoFederal/250106000728/2025_H3N2,plate16-2-A/DistritoFederal/250106000728/2025_H3N2,487,0.5524,0.5524
seqneut25to26_sera_4015,A/DistritoFederal/250106000728/2025_H3N2,plate16-2-A/DistritoFederal/250106000728/2025_H3N2,1119,0.541,0.541
seqneut25to26_sera_4015,A/DistritoFederal/250106000728/2025_H3N2,plate16-2-A/DistritoFederal/250106000728/2025_H3N2,2575,0.7373,0.7373
seqneut25to26_sera_4015,A/DistritoFederal/250106000728/2025_H3N2,plate16-2-A/DistritoFederal/250106000728/2025_H3N2,5921,1.036,1
seqneut25to26_sera_4015,A/DistritoFederal/250106000728/2025_H3N2,plate16-2-A/DistritoFederal/250106000728/2025_H3N2,1.362e+04,0.7854,0.7854
seqneut25to26_sera_4015,A/DistritoFederal/2578578201/2025_H3N2,plate16-2-A/DistritoFederal/2578578201/2025_H3N2,40,0.000181,0.000181
seqneut25to26_sera_4015,A/DistritoFederal/2578578201/2025_H3N2,plate16-2-A/DistritoFederal/2578578201/2025_H3N2,92,0.03608,0.03608
seqneut25to26_sera_4015,A/DistritoFederal/2578578201/2025_H3N2,plate16-2-A/DistritoFederal/2578578201/2025_H3N2,212,0.2325,0.2325
seqneut25to26_sera_4015,A/DistritoFederal/2578578201/2025_H3N2,plate16-2-A/DistritoFederal/2578578201/2025_H3N2,487,0.4543,0.4543
seqneut25to26_sera_4015,A/DistritoFederal/2578578201/2025_H3N2,plate16-2-A/DistritoFederal/2578578201/2025_H3N2,1119,0.5376,0.5376
seqneut25to26_sera_4015,A/DistritoFederal/2578578201/2025_H3N2,plate16-2-A/DistritoFederal/2578578201/2025_H3N2,2575,0.8192,0.8192
seqneut25to26_sera_4015,A/DistritoFederal/2578578201/2025_H3N2,plate16-2-A/DistritoFederal/2578578201/2025_H3N2,5921,0.894,0.894
seqneut25to26_sera_4015,A/DistritoFederal/2578578201/2025_H3N2,plate16-2-A/DistritoFederal/2578578201/2025_H3N2,1.362e+04,1.083,1
seqneut25to26_sera_4015,A/England/174/2025_H3N2,plate16-2-A/England/174/2025_H3N2,40,0.0002112,0.0002112
seqneut25to26_sera_4015,A/England/174/2025_H3N2,plate16-2-A/England/174/2025_H3N2,92,0.03244,0.03244
seqneut25to26_sera_4015,A/England/174/2025_H3N2,plate16-2-A/England/174/2025_H3N2,212,0.1942,0.1942
seqneut25to26_sera_4015,A/England/174/2025_H3N2,plate16-2-A/England/174/2025_H3N2,487,0.369,0.369
seqneut25to26_sera_4015,A/England/174/2025_H3N2,plate16-2-A/England/174/2025_H3N2,1119,0.3903,0.3903
seqneut25to26_sera_4015,A/England/174/2025_H3N2,plate16-2-A/England/174/2025_H3N2,2575,0.7562,0.7562
seqneut25to26_sera_4015,A/England/174/2025_H3N2,plate16-2-A/England/174/2025_H3N2,5921,0.8269,0.8269
seqneut25to26_sera_4015,A/England/174/2025_H3N2,plate16-2-A/England/174/2025_H3N2,1.362e+04,0.7806,0.7806
seqneut25to26_sera_4015,A/England/1822256/2025_H1N1,plate16-2-A/England/1822256/2025_H1N1,40,0.003244,0.003244
seqneut25to26_sera_4015,A/England/1822256/2025_H1N1,plate16-2-A/England/1822256/2025_H1N1,92,0.02612,0.02612
seqneut25to26_sera_4015,A/England/1822256/2025_H1N1,plate16-2-A/England/1822256/2025_H1N1,212,0.3467,0.3467
seqneut25to26_sera_4015,A/England/1822256/2025_H1N1,plate16-2-A/England/1822256/2025_H1N1,487,0.6769,0.6769
seqneut25to26_sera_4015,A/England/1822256/2025_H1N1,plate16-2-A/England/1822256/2025_H1N1,1119,1.052,1
seqneut25to26_sera_4015,A/England/1822256/2025_H1N1,plate16-2-A/England/1822256/2025_H1N1,2575,1.058,1
seqneut25to26_sera_4015,A/England/1822256/2025_H1N1,plate16-2-A/England/1822256/2025_H1N1,5921,1.122,1
seqneut25to26_sera_4015,A/England/1822256/2025_H1N1,plate16-2-A/England/1822256/2025_H1N1,1.362e+04,1.407,1
seqneut25to26_sera_4015,A/England/1837734/2025_H3N2,plate16-2-A/England/1837734/2025_H3N2,40,0.05904,0.05904
seqneut25to26_sera_4015,A/England/1837734/2025_H3N2,plate16-2-A/England/1837734/2025_H3N2,92,0.2294,0.2294
seqneut25to26_sera_4015,A/England/1837734/2025_H3N2,plate16-2-A/England/1837734/2025_H3N2,212,0.3444,0.3444
seqneut25to26_sera_4015,A/England/1837734/2025_H3N2,plate16-2-A/England/1837734/2025_H3N2,487,0.4304,0.4304
seqneut25to26_sera_4015,A/England/1837734/2025_H3N2,plate16-2-A/England/1837734/2025_H3N2,1119,0.5516,0.5516
seqneut25to26_sera_4015,A/England/1837734/2025_H3N2,plate16-2-A/England/1837734/2025_H3N2,2575,1.13,1
seqneut25to26_sera_4015,A/England/1837734/2025_H3N2,plate16-2-A/England/1837734/2025_H3N2,5921,1.211,1
seqneut25to26_sera_4015,A/England/1837734/2025_H3N2,plate16-2-A/England/1837734/2025_H3N2,1.362e+04,1.037,1
seqneut25to26_sera_4015,A/England/1837737/2025_H3N2,plate16-2-A/England/1837737/2025_H3N2,40,0.1987,0.1987
seqneut25to26_sera_4015,A/England/1837737/2025_H3N2,plate16-2-A/England/1837737/2025_H3N2,92,0.3519,0.3519
seqneut25to26_sera_4015,A/England/1837737/2025_H3N2,plate16-2-A/England/1837737/2025_H3N2,212,0.4559,0.4559
seqneut25to26_sera_4015,A/England/1837737/2025_H3N2,plate16-2-A/England/1837737/2025_H3N2,487,0.7763,0.7763
seqneut25to26_sera_4015,A/England/1837737/2025_H3N2,plate16-2-A/England/1837737/2025_H3N2,1119,0.9985,0.9985
seqneut25to26_sera_4015,A/England/1837737/2025_H3N2,plate16-2-A/England/1837737/2025_H3N2,2575,1.239,1
seqneut25to26_sera_4015,A/England/1837737/2025_H3N2,plate16-2-A/England/1837737/2025_H3N2,5921,1.163,1
seqneut25to26_sera_4015,A/England/1837737/2025_H3N2,plate16-2-A/England/1837737/2025_H3N2,1.362e+04,0.8533,0.8533
seqneut25to26_sera_4015,A/France/ARA-HCL025155099501/2025_H1N1,plate16-2-A/France/ARA-HCL025155099501/2025_H1N1,40,0.00525,0.00525
seqneut25to26_sera_4015,A/France/ARA-HCL025155099501/2025_H1N1,plate16-2-A/France/ARA-HCL025155099501/2025_H1N1,92,0.08224,0.08224
seqneut25to26_sera_4015,A/France/ARA-HCL025155099501/2025_H1N1,plate16-2-A/France/ARA-HCL025155099501/2025_H1N1,212,0.3518,0.3518
seqneut25to26_sera_4015,A/France/ARA-HCL025155099501/2025_H1N1,plate16-2-A/France/ARA-HCL025155099501/2025_H1N1,487,0.6937,0.6937
seqneut25to26_sera_4015,A/France/ARA-HCL025155099501/2025_H1N1,plate16-2-A/France/ARA-HCL025155099501/2025_H1N1,1119,0.6552,0.6552
seqneut25to26_sera_4015,A/France/ARA-HCL025155099501/2025_H1N1,plate16-2-A/France/ARA-HCL025155099501/2025_H1N1,2575,1.294,1
seqneut25to26_sera_4015,A/France/ARA-HCL025155099501/2025_H1N1,plate16-2-A/France/ARA-HCL025155099501/2025_H1N1,5921,1.063,1
seqneut25to26_sera_4015,A/France/ARA-HCL025155099501/2025_H1N1,plate16-2-A/France/ARA-HCL025155099501/2025_H1N1,1.362e+04,1.113,1
seqneut25to26_sera_4015,A/Galicia/GA-CHUAC-451/2025_H3N2,plate16-2-A/Galicia/GA-CHUAC-451/2025_H3N2,40,0.01647,0.01647
seqneut25to26_sera_4015,A/Galicia/GA-CHUAC-451/2025_H3N2,plate16-2-A/Galicia/GA-CHUAC-451/2025_H3N2,92,0.1025,0.1025
seqneut25to26_sera_4015,A/Galicia/GA-CHUAC-451/2025_H3N2,plate16-2-A/Galicia/GA-CHUAC-451/2025_H3N2,212,0.3607,0.3607
seqneut25to26_sera_4015,A/Galicia/GA-CHUAC-451/2025_H3N2,plate16-2-A/Galicia/GA-CHUAC-451/2025_H3N2,487,0.4608,0.4608
seqneut25to26_sera_4015,A/Galicia/GA-CHUAC-451/2025_H3N2,plate16-2-A/Galicia/GA-CHUAC-451/2025_H3N2,1119,0.691,0.691
seqneut25to26_sera_4015,A/Galicia/GA-CHUAC-451/2025_H3N2,plate16-2-A/Galicia/GA-CHUAC-451/2025_H3N2,2575,0.7299,0.7299
seqneut25to26_sera_4015,A/Galicia/GA-CHUAC-451/2025_H3N2,plate16-2-A/Galicia/GA-CHUAC-451/2025_H3N2,5921,1.024,1
seqneut25to26_sera_4015,A/Galicia/GA-CHUAC-451/2025_H3N2,plate16-2-A/Galicia/GA-CHUAC-451/2025_H3N2,1.362e+04,0.9547,0.9547
seqneut25to26_sera_4015,A/Ghana/ARI-25-1125/2025_H1N1,plate16-2-A/Ghana/ARI-25-1125/2025_H1N1,40,0.001036,0.001036
seqneut25to26_sera_4015,A/Ghana/ARI-25-1125/2025_H1N1,plate16-2-A/Ghana/ARI-25-1125/2025_H1N1,92,0.06439,0.06439
seqneut25to26_sera_4015,A/Ghana/ARI-25-1125/2025_H1N1,plate16-2-A/Ghana/ARI-25-1125/2025_H1N1,212,0.2236,0.2236
seqneut25to26_sera_4015,A/Ghana/ARI-25-1125/2025_H1N1,plate16-2-A/Ghana/ARI-25-1125/2025_H1N1,487,0.6129,0.6129
seqneut25to26_sera_4015,A/Ghana/ARI-25-1125/2025_H1N1,plate16-2-A/Ghana/ARI-25-1125/2025_H1N1,1119,0.5249,0.5249
seqneut25to26_sera_4015,A/Ghana/ARI-25-1125/2025_H1N1,plate16-2-A/Ghana/ARI-25-1125/2025_H1N1,2575,0.9966,0.9966
seqneut25to26_sera_4015,A/Ghana/ARI-25-1125/2025_H1N1,plate16-2-A/Ghana/ARI-25-1125/2025_H1N1,5921,1.358,1
seqneut25to26_sera_4015,A/Ghana/ARI-25-1125/2025_H1N1,plate16-2-A/Ghana/ARI-25-1125/2025_H1N1,1.362e+04,1.391,1
seqneut25to26_sera_4015,A/Ghana/FS-25-7077/2025_H3N2,plate16-2-A/Ghana/FS-25-7077/2025_H3N2,40,0.1627,0.1627
seqneut25to26_sera_4015,A/Ghana/FS-25-7077/2025_H3N2,plate16-2-A/Ghana/FS-25-7077/2025_H3N2,92,0.4324,0.4324
seqneut25to26_sera_4015,A/Ghana/FS-25-7077/2025_H3N2,plate16-2-A/Ghana/FS-25-7077/2025_H3N2,212,0.4016,0.4016
seqneut25to26_sera_4015,A/Ghana/FS-25-7077/2025_H3N2,plate16-2-A/Ghana/FS-25-7077/2025_H3N2,487,0.9201,0.9201
seqneut25to26_sera_4015,A/Ghana/FS-25-7077/2025_H3N2,plate16-2-A/Ghana/FS-25-7077/2025_H3N2,1119,0.4335,0.4335
seqneut25to26_sera_4015,A/Ghana/FS-25-7077/2025_H3N2,plate16-2-A/Ghana/FS-25-7077/2025_H3N2,2575,0.8146,0.8146
seqneut25to26_sera_4015,A/Ghana/FS-25-7077/2025_H3N2,plate16-2-A/Ghana/FS-25-7077/2025_H3N2,5921,1.057,1
seqneut25to26_sera_4015,A/Ghana/FS-25-7077/2025_H3N2,plate16-2-A/Ghana/FS-25-7077/2025_H3N2,1.362e+04,1.379,1
seqneut25to26_sera_4015,A/Guangdong-Maonan/11438/2025_H3N2,plate16-2-A/Guangdong-Maonan/11438/2025_H3N2,40,0.0001272,0.0001272
seqneut25to26_sera_4015,A/Guangdong-Maonan/11438/2025_H3N2,plate16-2-A/Guangdong-Maonan/11438/2025_H3N2,92,0.01366,0.01366
seqneut25to26_sera_4015,A/Guangdong-Maonan/11438/2025_H3N2,plate16-2-A/Guangdong-Maonan/11438/2025_H3N2,212,0.3052,0.3052
seqneut25to26_sera_4015,A/Guangdong-Maonan/11438/2025_H3N2,plate16-2-A/Guangdong-Maonan/11438/2025_H3N2,487,0.142,0.142
seqneut25to26_sera_4015,A/Guangdong-Maonan/11438/2025_H3N2,plate16-2-A/Guangdong-Maonan/11438/2025_H3N2,1119,0.5574,0.5574
seqneut25to26_sera_4015,A/Guangdong-Maonan/11438/2025_H3N2,plate16-2-A/Guangdong-Maonan/11438/2025_H3N2,2575,0.5497,0.5497
seqneut25to26_sera_4015,A/Guangdong-Maonan/11438/2025_H3N2,plate16-2-A/Guangdong-Maonan/11438/2025_H3N2,5921,1.019,1
seqneut25to26_sera_4015,A/Guangdong-Maonan/11438/2025_H3N2,plate16-2-A/Guangdong-Maonan/11438/2025_H3N2,1.362e+04,1.175,1
seqneut25to26_sera_4015,A/Guangdong-Meijiang/11256/2025_H3N2,plate16-2-A/Guangdong-Meijiang/11256/2025_H3N2,40,0.002277,0.002277
seqneut25to26_sera_4015,A/Guangdong-Meijiang/11256/2025_H3N2,plate16-2-A/Guangdong-Meijiang/11256/2025_H3N2,92,0.04117,0.04117
seqneut25to26_sera_4015,A/Guangdong-Meijiang/11256/2025_H3N2,plate16-2-A/Guangdong-Meijiang/11256/2025_H3N2,212,0.1059,0.1059
seqneut25to26_sera_4015,A/Guangdong-Meijiang/11256/2025_H3N2,plate16-2-A/Guangdong-Meijiang/11256/2025_H3N2,487,0.2629,0.2629
seqneut25to26_sera_4015,A/Guangdong-Meijiang/11256/2025_H3N2,plate16-2-A/Guangdong-Meijiang/11256/2025_H3N2,1119,0.2173,0.2173
seqneut25to26_sera_4015,A/Guangdong-Meijiang/11256/2025_H3N2,plate16-2-A/Guangdong-Meijiang/11256/2025_H3N2,2575,0.898,0.898
seqneut25to26_sera_4015,A/Guangdong-Meijiang/11256/2025_H3N2,plate16-2-A/Guangdong-Meijiang/11256/2025_H3N2,5921,0.6258,0.6258
seqneut25to26_sera_4015,A/Guangdong-Meijiang/11256/2025_H3N2,plate16-2-A/Guangdong-Meijiang/11256/2025_H3N2,1.362e+04,0.9336,0.9336
seqneut25to26_sera_4015,A/Guangxi-Daxin/1643/2025_H3N2,plate16-2-A/Guangxi-Daxin/1643/2025_H3N2,40,0.05288,0.05288
seqneut25to26_sera_4015,A/Guangxi-Daxin/1643/2025_H3N2,plate16-2-A/Guangxi-Daxin/1643/2025_H3N2,92,0.2578,0.2578
seqneut25to26_sera_4015,A/Guangxi-Daxin/1643/2025_H3N2,plate16-2-A/Guangxi-Daxin/1643/2025_H3N2,212,0.35,0.35
seqneut25to26_sera_4015,A/Guangxi-Daxin/1643/2025_H3N2,plate16-2-A/Guangxi-Daxin/1643/2025_H3N2,487,0.8675,0.8675
seqneut25to26_sera_4015,A/Guangxi-Daxin/1643/2025_H3N2,plate16-2-A/Guangxi-Daxin/1643/2025_H3N2,1119,0.6765,0.6765
seqneut25to26_sera_4015,A/Guangxi-Daxin/1643/2025_H3N2,plate16-2-A/Guangxi-Daxin/1643/2025_H3N2,2575,0.6734,0.6734
seqneut25to26_sera_4015,A/Guangxi-Daxin/1643/2025_H3N2,plate16-2-A/Guangxi-Daxin/1643/2025_H3N2,5921,0.9974,0.9974
seqneut25to26_sera_4015,A/Guangxi-Daxin/1643/2025_H3N2,plate16-2-A/Guangxi-Daxin/1643/2025_H3N2,1.362e+04,1.037,1
seqneut25to26_sera_4015,A/Guangxi-Qingxiu/SWL11742/2025_H1N1,plate16-2-A/Guangxi-Qingxiu/SWL11742/2025_H1N1,40,0.004286,0.004286
seqneut25to26_sera_4015,A/Guangxi-Qingxiu/SWL11742/2025_H1N1,plate16-2-A/Guangxi-Qingxiu/SWL11742/2025_H1N1,92,0.0552,0.0552
seqneut25to26_sera_4015,A/Guangxi-Qingxiu/SWL11742/2025_H1N1,plate16-2-A/Guangxi-Qingxiu/SWL11742/2025_H1N1,212,0.247,0.247
seqneut25to26_sera_4015,A/Guangxi-Qingxiu/SWL11742/2025_H1N1,plate16-2-A/Guangxi-Qingxiu/SWL11742/2025_H1N1,487,1.175,1
seqneut25to26_sera_4015,A/Guangxi-Qingxiu/SWL11742/2025_H1N1,plate16-2-A/Guangxi-Qingxiu/SWL11742/2025_H1N1,1119,0.5231,0.5231
seqneut25to26_sera_4015,A/Guangxi-Qingxiu/SWL11742/2025_H1N1,plate16-2-A/Guangxi-Qingxiu/SWL11742/2025_H1N1,2575,0.7242,0.7242
seqneut25to26_sera_4015,A/Guangxi-Qingxiu/SWL11742/2025_H1N1,plate16-2-A/Guangxi-Qingxiu/SWL11742/2025_H1N1,5921,0.9779,0.9779
seqneut25to26_sera_4015,A/Guangxi-Qingxiu/SWL11742/2025_H1N1,plate16-2-A/Guangxi-Qingxiu/SWL11742/2025_H1N1,1.362e+04,0.9881,0.9881
seqneut25to26_sera_4015,A/Hawaii/44/2025_H1N1,plate16-2-A/Hawaii/44/2025_H1N1,40,0.02063,0.02063
seqneut25to26_sera_4015,A/Hawaii/44/2025_H1N1,plate16-2-A/Hawaii/44/2025_H1N1,92,0.1863,0.1863
seqneut25to26_sera_4015,A/Hawaii/44/2025_H1N1,plate16-2-A/Hawaii/44/2025_H1N1,212,0.5553,0.5553
seqneut25to26_sera_4015,A/Hawaii/44/2025_H1N1,plate16-2-A/Hawaii/44/2025_H1N1,487,0.8251,0.8251
seqneut25to26_sera_4015,A/Hawaii/44/2025_H1N1,plate16-2-A/Hawaii/44/2025_H1N1,1119,0.7301,0.7301
seqneut25to26_sera_4015,A/Hawaii/44/2025_H1N1,plate16-2-A/Hawaii/44/2025_H1N1,2575,1.011,1
seqneut25to26_sera_4015,A/Hawaii/44/2025_H1N1,plate16-2-A/Hawaii/44/2025_H1N1,5921,1.253,1
seqneut25to26_sera_4015,A/Hawaii/44/2025_H1N1,plate16-2-A/Hawaii/44/2025_H1N1,1.362e+04,1.352,1
seqneut25to26_sera_4015,A/Hawaii/70/2019_H1N1,plate16-2-A/Hawaii/70/2019_H1N1,40,0.0008331,0.0008331
seqneut25to26_sera_4015,A/Hawaii/70/2019_H1N1,plate16-2-A/Hawaii/70/2019_H1N1,92,0.001091,0.001091
seqneut25to26_sera_4015,A/Hawaii/70/2019_H1N1,plate16-2-A/Hawaii/70/2019_H1N1,212,0.004603,0.004603
seqneut25to26_sera_4015,A/Hawaii/70/2019_H1N1,plate16-2-A/Hawaii/70/2019_H1N1,487,0.1561,0.1561
seqneut25to26_sera_4015,A/Hawaii/70/2019_H1N1,plate16-2-A/Hawaii/70/2019_H1N1,1119,0.2233,0.2233
seqneut25to26_sera_4015,A/Hawaii/70/2019_H1N1,plate16-2-A/Hawaii/70/2019_H1N1,2575,0.8044,0.8044
seqneut25to26_sera_4015,A/Hawaii/70/2019_H1N1,plate16-2-A/Hawaii/70/2019_H1N1,5921,0.9345,0.9345
seqneut25to26_sera_4015,A/Hawaii/70/2019_H1N1,plate16-2-A/Hawaii/70/2019_H1N1,1.362e+04,0.926,0.926
seqneut25to26_sera_4015,A/HongKong/1257/2025_H3N2,plate16-2-A/HongKong/1257/2025_H3N2,40,0.2726,0.2726
seqneut25to26_sera_4015,A/HongKong/1257/2025_H3N2,plate16-2-A/HongKong/1257/2025_H3N2,92,0.4113,0.4113
seqneut25to26_sera_4015,A/HongKong/1257/2025_H3N2,plate16-2-A/HongKong/1257/2025_H3N2,212,0.4286,0.4286
seqneut25to26_sera_4015,A/HongKong/1257/2025_H3N2,plate16-2-A/HongKong/1257/2025_H3N2,487,0.6624,0.6624
seqneut25to26_sera_4015,A/HongKong/1257/2025_H3N2,plate16-2-A/HongKong/1257/2025_H3N2,1119,0.554,0.554
seqneut25to26_sera_4015,A/HongKong/1257/2025_H3N2,plate16-2-A/HongKong/1257/2025_H3N2,2575,0.9157,0.9157
seqneut25to26_sera_4015,A/HongKong/1257/2025_H3N2,plate16-2-A/HongKong/1257/2025_H3N2,5921,1.094,1
seqneut25to26_sera_4015,A/HongKong/1257/2025_H3N2,plate16-2-A/HongKong/1257/2025_H3N2,1.362e+04,1.063,1
seqneut25to26_sera_4015,A/HongKong/1382/2025_H3N2,plate16-2-A/HongKong/1382/2025_H3N2,40,0.004214,0.004214
seqneut25to26_sera_4015,A/HongKong/1382/2025_H3N2,plate16-2-A/HongKong/1382/2025_H3N2,92,0.05359,0.05359
seqneut25to26_sera_4015,A/HongKong/1382/2025_H3N2,plate16-2-A/HongKong/1382/2025_H3N2,212,0.06092,0.06092
seqneut25to26_sera_4015,A/HongKong/1382/2025_H3N2,plate16-2-A/HongKong/1382/2025_H3N2,487,0.2806,0.2806
seqneut25to26_sera_4015,A/HongKong/1382/2025_H3N2,plate16-2-A/HongKong/1382/2025_H3N2,1119,0.1637,0.1637
seqneut25to26_sera_4015,A/HongKong/1382/2025_H3N2,plate16-2-A/HongKong/1382/2025_H3N2,2575,0.6755,0.6755
seqneut25to26_sera_4015,A/HongKong/1382/2025_H3N2,plate16-2-A/HongKong/1382/2025_H3N2,5921,0.5271,0.5271
seqneut25to26_sera_4015,A/HongKong/1382/2025_H3N2,plate16-2-A/HongKong/1382/2025_H3N2,1.362e+04,0.7564,0.7564
seqneut25to26_sera_4015,A/Indonesia/BIOKES-I-BT074/2025_H3N2,plate16-2-A/Indonesia/BIOKES-I-BT074/2025_H3N2,40,0.1627,0.1627
seqneut25to26_sera_4015,A/Indonesia/BIOKES-I-BT074/2025_H3N2,plate16-2-A/Indonesia/BIOKES-I-BT074/2025_H3N2,92,0.2641,0.2641
seqneut25to26_sera_4015,A/Indonesia/BIOKES-I-BT074/2025_H3N2,plate16-2-A/Indonesia/BIOKES-I-BT074/2025_H3N2,212,0.504,0.504
seqneut25to26_sera_4015,A/Indonesia/BIOKES-I-BT074/2025_H3N2,plate16-2-A/Indonesia/BIOKES-I-BT074/2025_H3N2,487,0.5315,0.5315
seqneut25to26_sera_4015,A/Indonesia/BIOKES-I-BT074/2025_H3N2,plate16-2-A/Indonesia/BIOKES-I-BT074/2025_H3N2,1119,0.6017,0.6017
seqneut25to26_sera_4015,A/Indonesia/BIOKES-I-BT074/2025_H3N2,plate16-2-A/Indonesia/BIOKES-I-BT074/2025_H3N2,2575,0.6394,0.6394
seqneut25to26_sera_4015,A/Indonesia/BIOKES-I-BT074/2025_H3N2,plate16-2-A/Indonesia/BIOKES-I-BT074/2025_H3N2,5921,0.917,0.917
seqneut25to26_sera_4015,A/Indonesia/BIOKES-I-BT074/2025_H3N2,plate16-2-A/Indonesia/BIOKES-I-BT074/2025_H3N2,1.362e+04,1.119,1
seqneut25to26_sera_4015,A/Indonesia/BIOKES-INAD491/2025_H3N2,plate16-2-A/Indonesia/BIOKES-INAD491/2025_H3N2,40,0.0002299,0.0002299
seqneut25to26_sera_4015,A/Indonesia/BIOKES-INAD491/2025_H3N2,plate16-2-A/Indonesia/BIOKES-INAD491/2025_H3N2,92,0.03731,0.03731
seqneut25to26_sera_4015,A/Indonesia/BIOKES-INAD491/2025_H3N2,plate16-2-A/Indonesia/BIOKES-INAD491/2025_H3N2,212,0.1397,0.1397
seqneut25to26_sera_4015,A/Indonesia/BIOKES-INAD491/2025_H3N2,plate16-2-A/Indonesia/BIOKES-INAD491/2025_H3N2,487,0.4534,0.4534
seqneut25to26_sera_4015,A/Indonesia/BIOKES-INAD491/2025_H3N2,plate16-2-A/Indonesia/BIOKES-INAD491/2025_H3N2,1119,0.4666,0.4666
seqneut25to26_sera_4015,A/Indonesia/BIOKES-INAD491/2025_H3N2,plate16-2-A/Indonesia/BIOKES-INAD491/2025_H3N2,2575,0.7371,0.7371
seqneut25to26_sera_4015,A/Indonesia/BIOKES-INAD491/2025_H3N2,plate16-2-A/Indonesia/BIOKES-INAD491/2025_H3N2,5921,1.214,1
seqneut25to26_sera_4015,A/Indonesia/BIOKES-INAD491/2025_H3N2,plate16-2-A/Indonesia/BIOKES-INAD491/2025_H3N2,1.362e+04,1.23,1
seqneut25to26_sera_4015,A/Lao/820-2750/2025_H3N2,plate16-2-A/Lao/820-2750/2025_H3N2,40,0.1946,0.1946
seqneut25to26_sera_4015,A/Lao/820-2750/2025_H3N2,plate16-2-A/Lao/820-2750/2025_H3N2,92,0.4005,0.4005
seqneut25to26_sera_4015,A/Lao/820-2750/2025_H3N2,plate16-2-A/Lao/820-2750/2025_H3N2,212,0.2753,0.2753
seqneut25to26_sera_4015,A/Lao/820-2750/2025_H3N2,plate16-2-A/Lao/820-2750/2025_H3N2,487,0.6264,0.6264
seqneut25to26_sera_4015,A/Lao/820-2750/2025_H3N2,plate16-2-A/Lao/820-2750/2025_H3N2,1119,0.4498,0.4498
seqneut25to26_sera_4015,A/Lao/820-2750/2025_H3N2,plate16-2-A/Lao/820-2750/2025_H3N2,2575,0.8473,0.8473
seqneut25to26_sera_4015,A/Lao/820-2750/2025_H3N2,plate16-2-A/Lao/820-2750/2025_H3N2,5921,1.204,1
seqneut25to26_sera_4015,A/Lao/820-2750/2025_H3N2,plate16-2-A/Lao/820-2750/2025_H3N2,1.362e+04,1.38,1
seqneut25to26_sera_4015,A/Malaysia/IMR/SARI/2028/2025_H3N2,plate16-2-A/Malaysia/IMR/SARI/2028/2025_H3N2,40,0.00142,0.00142
seqneut25to26_sera_4015,A/Malaysia/IMR/SARI/2028/2025_H3N2,plate16-2-A/Malaysia/IMR/SARI/2028/2025_H3N2,92,0.04086,0.04086
seqneut25to26_sera_4015,A/Malaysia/IMR/SARI/2028/2025_H3N2,plate16-2-A/Malaysia/IMR/SARI/2028/2025_H3N2,212,0.2047,0.2047
seqneut25to26_sera_4015,A/Malaysia/IMR/SARI/2028/2025_H3N2,plate16-2-A/Malaysia/IMR/SARI/2028/2025_H3N2,487,0.5276,0.5276
seqneut25to26_sera_4015,A/Malaysia/IMR/SARI/2028/2025_H3N2,plate16-2-A/Malaysia/IMR/SARI/2028/2025_H3N2,1119,0.6131,0.6131
seqneut25to26_sera_4015,A/Malaysia/IMR/SARI/2028/2025_H3N2,plate16-2-A/Malaysia/IMR/SARI/2028/2025_H3N2,2575,0.6011,0.6011
seqneut25to26_sera_4015,A/Malaysia/IMR/SARI/2028/2025_H3N2,plate16-2-A/Malaysia/IMR/SARI/2028/2025_H3N2,5921,0.8538,0.8538
seqneut25to26_sera_4015,A/Malaysia/IMR/SARI/2028/2025_H3N2,plate16-2-A/Malaysia/IMR/SARI/2028/2025_H3N2,1.362e+04,1.195,1
seqneut25to26_sera_4015,A/Malaysia/IMR/SARI/2406/2025_H3N2,plate16-2-A/Malaysia/IMR/SARI/2406/2025_H3N2,40,0.05846,0.05846
seqneut25to26_sera_4015,A/Malaysia/IMR/SARI/2406/2025_H3N2,plate16-2-A/Malaysia/IMR/SARI/2406/2025_H3N2,92,0.1016,0.1016
seqneut25to26_sera_4015,A/Malaysia/IMR/SARI/2406/2025_H3N2,plate16-2-A/Malaysia/IMR/SARI/2406/2025_H3N2,212,0.179,0.179
seqneut25to26_sera_4015,A/Malaysia/IMR/SARI/2406/2025_H3N2,plate16-2-A/Malaysia/IMR/SARI/2406/2025_H3N2,487,0.2874,0.2874
seqneut25to26_sera_4015,A/Malaysia/IMR/SARI/2406/2025_H3N2,plate16-2-A/Malaysia/IMR/SARI/2406/2025_H3N2,1119,0.5297,0.5297
seqneut25to26_sera_4015,A/Malaysia/IMR/SARI/2406/2025_H3N2,plate16-2-A/Malaysia/IMR/SARI/2406/2025_H3N2,2575,0.538,0.538
seqneut25to26_sera_4015,A/Malaysia/IMR/SARI/2406/2025_H3N2,plate16-2-A/Malaysia/IMR/SARI/2406/2025_H3N2,5921,0.7107,0.7107
seqneut25to26_sera_4015,A/Malaysia/IMR/SARI/2406/2025_H3N2,plate16-2-A/Malaysia/IMR/SARI/2406/2025_H3N2,1.362e+04,1.103,1
seqneut25to26_sera_4015,A/Malaysia/IMR/SARI/2517/2025_H3N2,plate16-2-A/Malaysia/IMR/SARI/2517/2025_H3N2,40,0.06557,0.06557
seqneut25to26_sera_4015,A/Malaysia/IMR/SARI/2517/2025_H3N2,plate16-2-A/Malaysia/IMR/SARI/2517/2025_H3N2,92,0.3399,0.3399
seqneut25to26_sera_4015,A/Malaysia/IMR/SARI/2517/2025_H3N2,plate16-2-A/Malaysia/IMR/SARI/2517/2025_H3N2,212,0.2922,0.2922
seqneut25to26_sera_4015,A/Malaysia/IMR/SARI/2517/2025_H3N2,plate16-2-A/Malaysia/IMR/SARI/2517/2025_H3N2,487,0.4218,0.4218
seqneut25to26_sera_4015,A/Malaysia/IMR/SARI/2517/2025_H3N2,plate16-2-A/Malaysia/IMR/SARI/2517/2025_H3N2,1119,0.6952,0.6952
seqneut25to26_sera_4015,A/Malaysia/IMR/SARI/2517/2025_H3N2,plate16-2-A/Malaysia/IMR/SARI/2517/2025_H3N2,2575,0.8278,0.8278
seqneut25to26_sera_4015,A/Malaysia/IMR/SARI/2517/2025_H3N2,plate16-2-A/Malaysia/IMR/SARI/2517/2025_H3N2,5921,1.256,1
seqneut25to26_sera_4015,A/Malaysia/IMR/SARI/2517/2025_H3N2,plate16-2-A/Malaysia/IMR/SARI/2517/2025_H3N2,1.362e+04,1.041,1
seqneut25to26_sera_4015,A/Massachusetts/18/2022_H3N2,plate16-2-A/Massachusetts/18/2022_H3N2,40,0.002125,0.002125
seqneut25to26_sera_4015,A/Massachusetts/18/2022_H3N2,plate16-2-A/Massachusetts/18/2022_H3N2,92,0.1351,0.1351
seqneut25to26_sera_4015,A/Massachusetts/18/2022_H3N2,plate16-2-A/Massachusetts/18/2022_H3N2,212,0.3797,0.3797
seqneut25to26_sera_4015,A/Massachusetts/18/2022_H3N2,plate16-2-A/Massachusetts/18/2022_H3N2,487,0.6769,0.6769
seqneut25to26_sera_4015,A/Massachusetts/18/2022_H3N2,plate16-2-A/Massachusetts/18/2022_H3N2,1119,0.9018,0.9018
seqneut25to26_sera_4015,A/Massachusetts/18/2022_H3N2,plate16-2-A/Massachusetts/18/2022_H3N2,2575,0.8016,0.8016
seqneut25to26_sera_4015,A/Massachusetts/18/2022_H3N2,plate16-2-A/Massachusetts/18/2022_H3N2,5921,0.9439,0.9439
seqneut25to26_sera_4015,A/Massachusetts/18/2022_H3N2,plate16-2-A/Massachusetts/18/2022_H3N2,1.362e+04,0.7786,0.7786
seqneut25to26_sera_4015,A/Michigan/110/2025_H3N2,plate16-2-A/Michigan/110/2025_H3N2,40,0.1921,0.1921
seqneut25to26_sera_4015,A/Michigan/110/2025_H3N2,plate16-2-A/Michigan/110/2025_H3N2,92,0.5079,0.5079
seqneut25to26_sera_4015,A/Michigan/110/2025_H3N2,plate16-2-A/Michigan/110/2025_H3N2,212,0.4178,0.4178
seqneut25to26_sera_4015,A/Michigan/110/2025_H3N2,plate16-2-A/Michigan/110/2025_H3N2,487,0.5915,0.5915
seqneut25to26_sera_4015,A/Michigan/110/2025_H3N2,plate16-2-A/Michigan/110/2025_H3N2,1119,0.7751,0.7751
seqneut25to26_sera_4015,A/Michigan/110/2025_H3N2,plate16-2-A/Michigan/110/2025_H3N2,2575,0.9492,0.9492
seqneut25to26_sera_4015,A/Michigan/110/2025_H3N2,plate16-2-A/Michigan/110/2025_H3N2,5921,1.24,1
seqneut25to26_sera_4015,A/Michigan/110/2025_H3N2,plate16-2-A/Michigan/110/2025_H3N2,1.362e+04,0.9529,0.9529
seqneut25to26_sera_4015,A/Minnesota/96/2025_H3N2,plate16-2-A/Minnesota/96/2025_H3N2,40,0.1505,0.1505
seqneut25to26_sera_4015,A/Minnesota/96/2025_H3N2,plate16-2-A/Minnesota/96/2025_H3N2,92,0.2762,0.2762
seqneut25to26_sera_4015,A/Minnesota/96/2025_H3N2,plate16-2-A/Minnesota/96/2025_H3N2,212,0.3717,0.3717
seqneut25to26_sera_4015,A/Minnesota/96/2025_H3N2,plate16-2-A/Minnesota/96/2025_H3N2,487,0.5705,0.5705
seqneut25to26_sera_4015,A/Minnesota/96/2025_H3N2,plate16-2-A/Minnesota/96/2025_H3N2,1119,0.8849,0.8849
seqneut25to26_sera_4015,A/Minnesota/96/2025_H3N2,plate16-2-A/Minnesota/96/2025_H3N2,2575,0.8708,0.8708
seqneut25to26_sera_4015,A/Minnesota/96/2025_H3N2,plate16-2-A/Minnesota/96/2025_H3N2,5921,0.9102,0.9102
seqneut25to26_sera_4015,A/Minnesota/96/2025_H3N2,plate16-2-A/Minnesota/96/2025_H3N2,1.362e+04,1.292,1
seqneut25to26_sera_4015,A/Missouri/11/2025_H1N1,plate16-2-A/Missouri/11/2025_H1N1,40,0.006635,0.006635
seqneut25to26_sera_4015,A/Missouri/11/2025_H1N1,plate16-2-A/Missouri/11/2025_H1N1,92,0.04132,0.04132
seqneut25to26_sera_4015,A/Missouri/11/2025_H1N1,plate16-2-A/Missouri/11/2025_H1N1,212,0.296,0.296
seqneut25to26_sera_4015,A/Missouri/11/2025_H1N1,plate16-2-A/Missouri/11/2025_H1N1,487,0.6272,0.6272
seqneut25to26_sera_4015,A/Missouri/11/2025_H1N1,plate16-2-A/Missouri/11/2025_H1N1,1119,0.8044,0.8044
seqneut25to26_sera_4015,A/Missouri/11/2025_H1N1,plate16-2-A/Missouri/11/2025_H1N1,2575,0.738,0.738
seqneut25to26_sera_4015,A/Missouri/11/2025_H1N1,plate16-2-A/Missouri/11/2025_H1N1,5921,0.8381,0.8381
seqneut25to26_sera_4015,A/Missouri/11/2025_H1N1,plate16-2-A/Missouri/11/2025_H1N1,1.362e+04,1.088,1
seqneut25to26_sera_4015,A/NewSouthWales/2526015582/2025_H3N2,plate16-2-A/NewSouthWales/2526015582/2025_H3N2,40,0.06773,0.06773
seqneut25to26_sera_4015,A/NewSouthWales/2526015582/2025_H3N2,plate16-2-A/NewSouthWales/2526015582/2025_H3N2,92,0.2751,0.2751
seqneut25to26_sera_4015,A/NewSouthWales/2526015582/2025_H3N2,plate16-2-A/NewSouthWales/2526015582/2025_H3N2,212,0.4422,0.4422
seqneut25to26_sera_4015,A/NewSouthWales/2526015582/2025_H3N2,plate16-2-A/NewSouthWales/2526015582/2025_H3N2,487,0.3698,0.3698
seqneut25to26_sera_4015,A/NewSouthWales/2526015582/2025_H3N2,plate16-2-A/NewSouthWales/2526015582/2025_H3N2,1119,0.5926,0.5926
seqneut25to26_sera_4015,A/NewSouthWales/2526015582/2025_H3N2,plate16-2-A/NewSouthWales/2526015582/2025_H3N2,2575,0.964,0.964
seqneut25to26_sera_4015,A/NewSouthWales/2526015582/2025_H3N2,plate16-2-A/NewSouthWales/2526015582/2025_H3N2,5921,1.163,1
seqneut25to26_sera_4015,A/NewSouthWales/2526015582/2025_H3N2,plate16-2-A/NewSouthWales/2526015582/2025_H3N2,1.362e+04,1.133,1
seqneut25to26_sera_4015,A/NewSouthWales/2526015584/2025_H3N2,plate16-2-A/NewSouthWales/2526015584/2025_H3N2,40,0.03619,0.03619
seqneut25to26_sera_4015,A/NewSouthWales/2526015584/2025_H3N2,plate16-2-A/NewSouthWales/2526015584/2025_H3N2,92,0.0773,0.0773
seqneut25to26_sera_4015,A/NewSouthWales/2526015584/2025_H3N2,plate16-2-A/NewSouthWales/2526015584/2025_H3N2,212,0.169,0.169
seqneut25to26_sera_4015,A/NewSouthWales/2526015584/2025_H3N2,plate16-2-A/NewSouthWales/2526015584/2025_H3N2,487,0.4828,0.4828
seqneut25to26_sera_4015,A/NewSouthWales/2526015584/2025_H3N2,plate16-2-A/NewSouthWales/2526015584/2025_H3N2,1119,0.5624,0.5624
seqneut25to26_sera_4015,A/NewSouthWales/2526015584/2025_H3N2,plate16-2-A/NewSouthWales/2526015584/2025_H3N2,2575,0.6142,0.6142
seqneut25to26_sera_4015,A/NewSouthWales/2526015584/2025_H3N2,plate16-2-A/NewSouthWales/2526015584/2025_H3N2,5921,0.8929,0.8929
seqneut25to26_sera_4015,A/NewSouthWales/2526015584/2025_H3N2,plate16-2-A/NewSouthWales/2526015584/2025_H3N2,1.362e+04,0.9121,0.9121
seqneut25to26_sera_4015,A/Norway/8765/2025_H3N2,plate16-2-A/Norway/8765/2025_H3N2,40,0.1237,0.1237
seqneut25to26_sera_4015,A/Norway/8765/2025_H3N2,plate16-2-A/Norway/8765/2025_H3N2,92,0.2097,0.2097
seqneut25to26_sera_4015,A/Norway/8765/2025_H3N2,plate16-2-A/Norway/8765/2025_H3N2,212,0.6171,0.6171
seqneut25to26_sera_4015,A/Norway/8765/2025_H3N2,plate16-2-A/Norway/8765/2025_H3N2,487,0.5461,0.5461
seqneut25to26_sera_4015,A/Norway/8765/2025_H3N2,plate16-2-A/Norway/8765/2025_H3N2,1119,0.4864,0.4864
seqneut25to26_sera_4015,A/Norway/8765/2025_H3N2,plate16-2-A/Norway/8765/2025_H3N2,2575,0.8029,0.8029
seqneut25to26_sera_4015,A/Norway/8765/2025_H3N2,plate16-2-A/Norway/8765/2025_H3N2,5921,1.178,1
seqneut25to26_sera_4015,A/Norway/8765/2025_H3N2,plate16-2-A/Norway/8765/2025_H3N2,1.362e+04,0.7775,0.7775
seqneut25to26_sera_4015,A/Norway/8976/2025_H3N2,plate16-2-A/Norway/8976/2025_H3N2,40,0.05861,0.05861
seqneut25to26_sera_4015,A/Norway/8976/2025_H3N2,plate16-2-A/Norway/8976/2025_H3N2,92,0.1722,0.1722
seqneut25to26_sera_4015,A/Norway/8976/2025_H3N2,plate16-2-A/Norway/8976/2025_H3N2,212,0.5533,0.5533
seqneut25to26_sera_4015,A/Norway/8976/2025_H3N2,plate16-2-A/Norway/8976/2025_H3N2,487,0.4695,0.4695
seqneut25to26_sera_4015,A/Norway/8976/2025_H3N2,plate16-2-A/Norway/8976/2025_H3N2,1119,0.359,0.359
seqneut25to26_sera_4015,A/Norway/8976/2025_H3N2,plate16-2-A/Norway/8976/2025_H3N2,2575,0.7032,0.7032
seqneut25to26_sera_4015,A/Norway/8976/2025_H3N2,plate16-2-A/Norway/8976/2025_H3N2,5921,0.7843,0.7843
seqneut25to26_sera_4015,A/Norway/8976/2025_H3N2,plate16-2-A/Norway/8976/2025_H3N2,1.362e+04,0.9472,0.9472
seqneut25to26_sera_4015,A/Norway/9107/2025_H1N1,plate16-2-A/Norway/9107/2025_H1N1,40,0.004346,0.004346
seqneut25to26_sera_4015,A/Norway/9107/2025_H1N1,plate16-2-A/Norway/9107/2025_H1N1,92,0.1144,0.1144
seqneut25to26_sera_4015,A/Norway/9107/2025_H1N1,plate16-2-A/Norway/9107/2025_H1N1,212,0.2575,0.2575
seqneut25to26_sera_4015,A/Norway/9107/2025_H1N1,plate16-2-A/Norway/9107/2025_H1N1,487,0.8269,0.8269
seqneut25to26_sera_4015,A/Norway/9107/2025_H1N1,plate16-2-A/Norway/9107/2025_H1N1,1119,0.7365,0.7365
seqneut25to26_sera_4015,A/Norway/9107/2025_H1N1,plate16-2-A/Norway/9107/2025_H1N1,2575,1.038,1
seqneut25to26_sera_4015,A/Norway/9107/2025_H1N1,plate16-2-A/Norway/9107/2025_H1N1,5921,0.9818,0.9818
seqneut25to26_sera_4015,A/Norway/9107/2025_H1N1,plate16-2-A/Norway/9107/2025_H1N1,1.362e+04,1.482,1
seqneut25to26_sera_4015,A/Norway/9556/2025_H1N1,plate16-2-A/Norway/9556/2025_H1N1,40,0.03688,0.03688
seqneut25to26_sera_4015,A/Norway/9556/2025_H1N1,plate16-2-A/Norway/9556/2025_H1N1,92,0.3286,0.3286
seqneut25to26_sera_4015,A/Norway/9556/2025_H1N1,plate16-2-A/Norway/9556/2025_H1N1,212,0.5964,0.5964
seqneut25to26_sera_4015,A/Norway/9556/2025_H1N1,plate16-2-A/Norway/9556/2025_H1N1,487,0.9649,0.9649
seqneut25to26_sera_4015,A/Norway/9556/2025_H1N1,plate16-2-A/Norway/9556/2025_H1N1,1119,0.7955,0.7955
seqneut25to26_sera_4015,A/Norway/9556/2025_H1N1,plate16-2-A/Norway/9556/2025_H1N1,2575,1.119,1
seqneut25to26_sera_4015,A/Norway/9556/2025_H1N1,plate16-2-A/Norway/9556/2025_H1N1,5921,1.545,1
seqneut25to26_sera_4015,A/Norway/9556/2025_H1N1,plate16-2-A/Norway/9556/2025_H1N1,1.362e+04,1.364,1
seqneut25to26_sera_4015,A/Peru/GIHSN-04-1089/2025_H3N2,plate16-2-A/Peru/GIHSN-04-1089/2025_H3N2,40,0.01801,0.01801
seqneut25to26_sera_4015,A/Peru/GIHSN-04-1089/2025_H3N2,plate16-2-A/Peru/GIHSN-04-1089/2025_H3N2,92,0.0666,0.0666
seqneut25to26_sera_4015,A/Peru/GIHSN-04-1089/2025_H3N2,plate16-2-A/Peru/GIHSN-04-1089/2025_H3N2,212,0.2048,0.2048
seqneut25to26_sera_4015,A/Peru/GIHSN-04-1089/2025_H3N2,plate16-2-A/Peru/GIHSN-04-1089/2025_H3N2,487,0.7464,0.7464
seqneut25to26_sera_4015,A/Peru/GIHSN-04-1089/2025_H3N2,plate16-2-A/Peru/GIHSN-04-1089/2025_H3N2,1119,0.7437,0.7437
seqneut25to26_sera_4015,A/Peru/GIHSN-04-1089/2025_H3N2,plate16-2-A/Peru/GIHSN-04-1089/2025_H3N2,2575,0.6987,0.6987
seqneut25to26_sera_4015,A/Peru/GIHSN-04-1089/2025_H3N2,plate16-2-A/Peru/GIHSN-04-1089/2025_H3N2,5921,0.7419,0.7419
seqneut25to26_sera_4015,A/Peru/GIHSN-04-1089/2025_H3N2,plate16-2-A/Peru/GIHSN-04-1089/2025_H3N2,1.362e+04,1.017,1
seqneut25to26_sera_4015,A/Philippines/SARI25-1425/2025_H1N1,plate16-2-A/Philippines/SARI25-1425/2025_H1N1,40,0.005907,0.005907
seqneut25to26_sera_4015,A/Philippines/SARI25-1425/2025_H1N1,plate16-2-A/Philippines/SARI25-1425/2025_H1N1,92,0.1116,0.1116
seqneut25to26_sera_4015,A/Philippines/SARI25-1425/2025_H1N1,plate16-2-A/Philippines/SARI25-1425/2025_H1N1,212,0.4378,0.4378
seqneut25to26_sera_4015,A/Philippines/SARI25-1425/2025_H1N1,plate16-2-A/Philippines/SARI25-1425/2025_H1N1,487,1.191,1
seqneut25to26_sera_4015,A/Philippines/SARI25-1425/2025_H1N1,plate16-2-A/Philippines/SARI25-1425/2025_H1N1,1119,0.8941,0.8941
seqneut25to26_sera_4015,A/Philippines/SARI25-1425/2025_H1N1,plate16-2-A/Philippines/SARI25-1425/2025_H1N1,2575,1.01,1
seqneut25to26_sera_4015,A/Philippines/SARI25-1425/2025_H1N1,plate16-2-A/Philippines/SARI25-1425/2025_H1N1,5921,1.589,1
seqneut25to26_sera_4015,A/Philippines/SARI25-1425/2025_H1N1,plate16-2-A/Philippines/SARI25-1425/2025_H1N1,1.362e+04,1.039,1
seqneut25to26_sera_4015,A/Queensland/2526516675/2025_H3N2,plate16-2-A/Queensland/2526516675/2025_H3N2,40,0.06446,0.06446
seqneut25to26_sera_4015,A/Queensland/2526516675/2025_H3N2,plate16-2-A/Queensland/2526516675/2025_H3N2,92,0.2492,0.2492
seqneut25to26_sera_4015,A/Queensland/2526516675/2025_H3N2,plate16-2-A/Queensland/2526516675/2025_H3N2,212,0.2774,0.2774
seqneut25to26_sera_4015,A/Queensland/2526516675/2025_H3N2,plate16-2-A/Queensland/2526516675/2025_H3N2,487,0.5016,0.5016
seqneut25to26_sera_4015,A/Queensland/2526516675/2025_H3N2,plate16-2-A/Queensland/2526516675/2025_H3N2,1119,0.733,0.733
seqneut25to26_sera_4015,A/Queensland/2526516675/2025_H3N2,plate16-2-A/Queensland/2526516675/2025_H3N2,2575,0.8235,0.8235
seqneut25to26_sera_4015,A/Queensland/2526516675/2025_H3N2,plate16-2-A/Queensland/2526516675/2025_H3N2,5921,1.13,1
seqneut25to26_sera_4015,A/Queensland/2526516675/2025_H3N2,plate16-2-A/Queensland/2526516675/2025_H3N2,1.362e+04,1.179,1
seqneut25to26_sera_4015,A/SouthAfrica/PET37604/2025_H3N2,plate16-2-A/SouthAfrica/PET37604/2025_H3N2,40,0.0004431,0.0004431
seqneut25to26_sera_4015,A/SouthAfrica/PET37604/2025_H3N2,plate16-2-A/SouthAfrica/PET37604/2025_H3N2,92,0.03095,0.03095
seqneut25to26_sera_4015,A/SouthAfrica/PET37604/2025_H3N2,plate16-2-A/SouthAfrica/PET37604/2025_H3N2,212,0.08191,0.08191
seqneut25to26_sera_4015,A/SouthAfrica/PET37604/2025_H3N2,plate16-2-A/SouthAfrica/PET37604/2025_H3N2,487,0.3146,0.3146
seqneut25to26_sera_4015,A/SouthAfrica/PET37604/2025_H3N2,plate16-2-A/SouthAfrica/PET37604/2025_H3N2,1119,0.9497,0.9497
seqneut25to26_sera_4015,A/SouthAfrica/PET37604/2025_H3N2,plate16-2-A/SouthAfrica/PET37604/2025_H3N2,2575,0.6365,0.6365
seqneut25to26_sera_4015,A/SouthAfrica/PET37604/2025_H3N2,plate16-2-A/SouthAfrica/PET37604/2025_H3N2,5921,0.8425,0.8425
seqneut25to26_sera_4015,A/SouthAfrica/PET37604/2025_H3N2,plate16-2-A/SouthAfrica/PET37604/2025_H3N2,1.362e+04,0.9113,0.9113
seqneut25to26_sera_4015,A/SouthAfrica/PET37625/2025_H3N2,plate16-2-A/SouthAfrica/PET37625/2025_H3N2,40,0.0004705,0.0004705
seqneut25to26_sera_4015,A/SouthAfrica/PET37625/2025_H3N2,plate16-2-A/SouthAfrica/PET37625/2025_H3N2,92,0.03482,0.03482
seqneut25to26_sera_4015,A/SouthAfrica/PET37625/2025_H3N2,plate16-2-A/SouthAfrica/PET37625/2025_H3N2,212,0.1071,0.1071
seqneut25to26_sera_4015,A/SouthAfrica/PET37625/2025_H3N2,plate16-2-A/SouthAfrica/PET37625/2025_H3N2,487,0.3921,0.3921
seqneut25to26_sera_4015,A/SouthAfrica/PET37625/2025_H3N2,plate16-2-A/SouthAfrica/PET37625/2025_H3N2,1119,0.3304,0.3304
seqneut25to26_sera_4015,A/SouthAfrica/PET37625/2025_H3N2,plate16-2-A/SouthAfrica/PET37625/2025_H3N2,2575,0.6366,0.6366
seqneut25to26_sera_4015,A/SouthAfrica/PET37625/2025_H3N2,plate16-2-A/SouthAfrica/PET37625/2025_H3N2,5921,1.042,1
seqneut25to26_sera_4015,A/SouthAfrica/PET37625/2025_H3N2,plate16-2-A/SouthAfrica/PET37625/2025_H3N2,1.362e+04,1.521,1
seqneut25to26_sera_4015,A/SouthAustralia/2519001037/2025_H1N1,plate16-2-A/SouthAustralia/2519001037/2025_H1N1,40,0.003216,0.003216
seqneut25to26_sera_4015,A/SouthAustralia/2519001037/2025_H1N1,plate16-2-A/SouthAustralia/2519001037/2025_H1N1,92,0.03974,0.03974
seqneut25to26_sera_4015,A/SouthAustralia/2519001037/2025_H1N1,plate16-2-A/SouthAustralia/2519001037/2025_H1N1,212,0.1947,0.1947
seqneut25to26_sera_4015,A/SouthAustralia/2519001037/2025_H1N1,plate16-2-A/SouthAustralia/2519001037/2025_H1N1,487,0.5406,0.5406
seqneut25to26_sera_4015,A/SouthAustralia/2519001037/2025_H1N1,plate16-2-A/SouthAustralia/2519001037/2025_H1N1,1119,0.5301,0.5301
seqneut25to26_sera_4015,A/SouthAustralia/2519001037/2025_H1N1,plate16-2-A/SouthAustralia/2519001037/2025_H1N1,2575,1.01,1
seqneut25to26_sera_4015,A/SouthAustralia/2519001037/2025_H1N1,plate16-2-A/SouthAustralia/2519001037/2025_H1N1,5921,1.144,1
seqneut25to26_sera_4015,A/SouthAustralia/2519001037/2025_H1N1,plate16-2-A/SouthAustralia/2519001037/2025_H1N1,1.362e+04,0.9133,0.9133
seqneut25to26_sera_4015,A/SouthAustralia/2520702747/2025_H1N1,plate16-2-A/SouthAustralia/2520702747/2025_H1N1,40,0.004327,0.004327
seqneut25to26_sera_4015,A/SouthAustralia/2520702747/2025_H1N1,plate16-2-A/SouthAustralia/2520702747/2025_H1N1,92,0.2362,0.2362
seqneut25to26_sera_4015,A/SouthAustralia/2520702747/2025_H1N1,plate16-2-A/SouthAustralia/2520702747/2025_H1N1,212,0.2994,0.2994
seqneut25to26_sera_4015,A/SouthAustralia/2520702747/2025_H1N1,plate16-2-A/SouthAustralia/2520702747/2025_H1N1,487,0.7022,0.7022
seqneut25to26_sera_4015,A/SouthAustralia/2520702747/2025_H1N1,plate16-2-A/SouthAustralia/2520702747/2025_H1N1,1119,0.9168,0.9168
seqneut25to26_sera_4015,A/SouthAustralia/2520702747/2025_H1N1,plate16-2-A/SouthAustralia/2520702747/2025_H1N1,2575,1.064,1
seqneut25to26_sera_4015,A/SouthAustralia/2520702747/2025_H1N1,plate16-2-A/SouthAustralia/2520702747/2025_H1N1,5921,1.147,1
seqneut25to26_sera_4015,A/SouthAustralia/2520702747/2025_H1N1,plate16-2-A/SouthAustralia/2520702747/2025_H1N1,1.362e+04,1.311,1
seqneut25to26_sera_4015,A/SouthAustralia/2523012764/2025_H1N1,plate16-2-A/SouthAustralia/2523012764/2025_H1N1,40,0.004878,0.004878
seqneut25to26_sera_4015,A/SouthAustralia/2523012764/2025_H1N1,plate16-2-A/SouthAustralia/2523012764/2025_H1N1,92,0.09724,0.09724
seqneut25to26_sera_4015,A/SouthAustralia/2523012764/2025_H1N1,plate16-2-A/SouthAustralia/2523012764/2025_H1N1,212,0.1984,0.1984
seqneut25to26_sera_4015,A/SouthAustralia/2523012764/2025_H1N1,plate16-2-A/SouthAustralia/2523012764/2025_H1N1,487,0.575,0.575
seqneut25to26_sera_4015,A/SouthAustralia/2523012764/2025_H1N1,plate16-2-A/SouthAustralia/2523012764/2025_H1N1,1119,0.6932,0.6932
seqneut25to26_sera_4015,A/SouthAustralia/2523012764/2025_H1N1,plate16-2-A/SouthAustralia/2523012764/2025_H1N1,2575,0.8374,0.8374
seqneut25to26_sera_4015,A/SouthAustralia/2523012764/2025_H1N1,plate16-2-A/SouthAustralia/2523012764/2025_H1N1,5921,1.513,1
seqneut25to26_sera_4015,A/SouthAustralia/2523012764/2025_H1N1,plate16-2-A/SouthAustralia/2523012764/2025_H1N1,1.362e+04,1.116,1
seqneut25to26_sera_4015,A/SouthAustralia/2523812314/2025_H3N2,plate16-2-A/SouthAustralia/2523812314/2025_H3N2,40,0.213,0.213
seqneut25to26_sera_4015,A/SouthAustralia/2523812314/2025_H3N2,plate16-2-A/SouthAustralia/2523812314/2025_H3N2,92,0.2856,0.2856
seqneut25to26_sera_4015,A/SouthAustralia/2523812314/2025_H3N2,plate16-2-A/SouthAustralia/2523812314/2025_H3N2,212,0.4161,0.4161
seqneut25to26_sera_4015,A/SouthAustralia/2523812314/2025_H3N2,plate16-2-A/SouthAustralia/2523812314/2025_H3N2,487,0.509,0.509
seqneut25to26_sera_4015,A/SouthAustralia/2523812314/2025_H3N2,plate16-2-A/SouthAustralia/2523812314/2025_H3N2,1119,0.6186,0.6186
seqneut25to26_sera_4015,A/SouthAustralia/2523812314/2025_H3N2,plate16-2-A/SouthAustralia/2523812314/2025_H3N2,2575,0.7092,0.7092
seqneut25to26_sera_4015,A/SouthAustralia/2523812314/2025_H3N2,plate16-2-A/SouthAustralia/2523812314/2025_H3N2,5921,1.257,1
seqneut25to26_sera_4015,A/SouthAustralia/2523812314/2025_H3N2,plate16-2-A/SouthAustralia/2523812314/2025_H3N2,1.362e+04,1.208,1
seqneut25to26_sera_4015,A/SouthAustralia/2524408801/2025_H3N2,plate16-2-A/SouthAustralia/2524408801/2025_H3N2,40,0.1995,0.1995
seqneut25to26_sera_4015,A/SouthAustralia/2524408801/2025_H3N2,plate16-2-A/SouthAustralia/2524408801/2025_H3N2,92,0.3751,0.3751
seqneut25to26_sera_4015,A/SouthAustralia/2524408801/2025_H3N2,plate16-2-A/SouthAustralia/2524408801/2025_H3N2,212,0.5592,0.5592
seqneut25to26_sera_4015,A/SouthAustralia/2524408801/2025_H3N2,plate16-2-A/SouthAustralia/2524408801/2025_H3N2,487,0.596,0.596
seqneut25to26_sera_4015,A/SouthAustralia/2524408801/2025_H3N2,plate16-2-A/SouthAustralia/2524408801/2025_H3N2,1119,0.5729,0.5729
seqneut25to26_sera_4015,A/SouthAustralia/2524408801/2025_H3N2,plate16-2-A/SouthAustralia/2524408801/2025_H3N2,2575,0.737,0.737
seqneut25to26_sera_4015,A/SouthAustralia/2524408801/2025_H3N2,plate16-2-A/SouthAustralia/2524408801/2025_H3N2,5921,1.434,1
seqneut25to26_sera_4015,A/SouthAustralia/2524408801/2025_H3N2,plate16-2-A/SouthAustralia/2524408801/2025_H3N2,1.362e+04,1.091,1
seqneut25to26_sera_4015,A/SouthAustralia/2524712956/2025_H1N1,plate16-2-A/SouthAustralia/2524712956/2025_H1N1,40,0.0325,0.0325
seqneut25to26_sera_4015,A/SouthAustralia/2524712956/2025_H1N1,plate16-2-A/SouthAustralia/2524712956/2025_H1N1,92,0.1205,0.1205
seqneut25to26_sera_4015,A/SouthAustralia/2524712956/2025_H1N1,plate16-2-A/SouthAustralia/2524712956/2025_H1N1,212,0.5318,0.5318
seqneut25to26_sera_4015,A/SouthAustralia/2524712956/2025_H1N1,plate16-2-A/SouthAustralia/2524712956/2025_H1N1,487,1.149,1
seqneut25to26_sera_4015,A/SouthAustralia/2524712956/2025_H1N1,plate16-2-A/SouthAustralia/2524712956/2025_H1N1,1119,1.228,1
seqneut25to26_sera_4015,A/SouthAustralia/2524712956/2025_H1N1,plate16-2-A/SouthAustralia/2524712956/2025_H1N1,2575,1.265,1
seqneut25to26_sera_4015,A/SouthAustralia/2524712956/2025_H1N1,plate16-2-A/SouthAustralia/2524712956/2025_H1N1,5921,1.03,1
seqneut25to26_sera_4015,A/SouthAustralia/2524712956/2025_H1N1,plate16-2-A/SouthAustralia/2524712956/2025_H1N1,1.362e+04,1.175,1
seqneut25to26_sera_4015,A/SouthAustralia/2525607496/2025_H3N2,plate16-2-A/SouthAustralia/2525607496/2025_H3N2,40,0.1774,0.1774
seqneut25to26_sera_4015,A/SouthAustralia/2525607496/2025_H3N2,plate16-2-A/SouthAustralia/2525607496/2025_H3N2,92,0.1329,0.1329
seqneut25to26_sera_4015,A/SouthAustralia/2525607496/2025_H3N2,plate16-2-A/SouthAustralia/2525607496/2025_H3N2,212,0.4053,0.4053
seqneut25to26_sera_4015,A/SouthAustralia/2525607496/2025_H3N2,plate16-2-A/SouthAustralia/2525607496/2025_H3N2,487,0.412,0.412
seqneut25to26_sera_4015,A/SouthAustralia/2525607496/2025_H3N2,plate16-2-A/SouthAustralia/2525607496/2025_H3N2,1119,0.8529,0.8529
seqneut25to26_sera_4015,A/SouthAustralia/2525607496/2025_H3N2,plate16-2-A/SouthAustralia/2525607496/2025_H3N2,2575,0.4828,0.4828
seqneut25to26_sera_4015,A/SouthAustralia/2525607496/2025_H3N2,plate16-2-A/SouthAustralia/2525607496/2025_H3N2,5921,1.152,1
seqneut25to26_sera_4015,A/SouthAustralia/2525607496/2025_H3N2,plate16-2-A/SouthAustralia/2525607496/2025_H3N2,1.362e+04,0.8242,0.8242
seqneut25to26_sera_4015,A/SouthAustralia/2527003588/2025_H3N2,plate16-2-A/SouthAustralia/2527003588/2025_H3N2,40,0.171,0.171
seqneut25to26_sera_4015,A/SouthAustralia/2527003588/2025_H3N2,plate16-2-A/SouthAustralia/2527003588/2025_H3N2,92,0.3029,0.3029
seqneut25to26_sera_4015,A/SouthAustralia/2527003588/2025_H3N2,plate16-2-A/SouthAustralia/2527003588/2025_H3N2,212,0.5526,0.5526
seqneut25to26_sera_4015,A/SouthAustralia/2527003588/2025_H3N2,plate16-2-A/SouthAustralia/2527003588/2025_H3N2,487,0.8604,0.8604
seqneut25to26_sera_4015,A/SouthAustralia/2527003588/2025_H3N2,plate16-2-A/SouthAustralia/2527003588/2025_H3N2,1119,0.9506,0.9506
seqneut25to26_sera_4015,A/SouthAustralia/2527003588/2025_H3N2,plate16-2-A/SouthAustralia/2527003588/2025_H3N2,2575,0.9059,0.9059
seqneut25to26_sera_4015,A/SouthAustralia/2527003588/2025_H3N2,plate16-2-A/SouthAustralia/2527003588/2025_H3N2,5921,1.093,1
seqneut25to26_sera_4015,A/SouthAustralia/2527003588/2025_H3N2,plate16-2-A/SouthAustralia/2527003588/2025_H3N2,1.362e+04,0.9975,0.9975
seqneut25to26_sera_4015,A/SouthAustralia/2527213276/2025_H3N2,plate16-2-A/SouthAustralia/2527213276/2025_H3N2,40,0.08012,0.08012
seqneut25to26_sera_4015,A/SouthAustralia/2527213276/2025_H3N2,plate16-2-A/SouthAustralia/2527213276/2025_H3N2,92,0.05968,0.05968
seqneut25to26_sera_4015,A/SouthAustralia/2527213276/2025_H3N2,plate16-2-A/SouthAustralia/2527213276/2025_H3N2,212,0.1762,0.1762
seqneut25to26_sera_4015,A/SouthAustralia/2527213276/2025_H3N2,plate16-2-A/SouthAustralia/2527213276/2025_H3N2,487,0.6041,0.6041
seqneut25to26_sera_4015,A/SouthAustralia/2527213276/2025_H3N2,plate16-2-A/SouthAustralia/2527213276/2025_H3N2,1119,0.3911,0.3911
seqneut25to26_sera_4015,A/SouthAustralia/2527213276/2025_H3N2,plate16-2-A/SouthAustralia/2527213276/2025_H3N2,2575,0.4903,0.4903
seqneut25to26_sera_4015,A/SouthAustralia/2527213276/2025_H3N2,plate16-2-A/SouthAustralia/2527213276/2025_H3N2,5921,1.54,1
seqneut25to26_sera_4015,A/SouthAustralia/2527213276/2025_H3N2,plate16-2-A/SouthAustralia/2527213276/2025_H3N2,1.362e+04,1.329,1
seqneut25to26_sera_4015,A/SouthAustralia/2527612456/2025_H1N1,plate16-2-A/SouthAustralia/2527612456/2025_H1N1,40,0,0
seqneut25to26_sera_4015,A/SouthAustralia/2527612456/2025_H1N1,plate16-2-A/SouthAustralia/2527612456/2025_H1N1,92,0.1045,0.1045
seqneut25to26_sera_4015,A/SouthAustralia/2527612456/2025_H1N1,plate16-2-A/SouthAustralia/2527612456/2025_H1N1,212,0.3112,0.3112
seqneut25to26_sera_4015,A/SouthAustralia/2527612456/2025_H1N1,plate16-2-A/SouthAustralia/2527612456/2025_H1N1,487,0.5164,0.5164
seqneut25to26_sera_4015,A/SouthAustralia/2527612456/2025_H1N1,plate16-2-A/SouthAustralia/2527612456/2025_H1N1,1119,0.6441,0.6441
seqneut25to26_sera_4015,A/SouthAustralia/2527612456/2025_H1N1,plate16-2-A/SouthAustralia/2527612456/2025_H1N1,2575,1.069,1
seqneut25to26_sera_4015,A/SouthAustralia/2527612456/2025_H1N1,plate16-2-A/SouthAustralia/2527612456/2025_H1N1,5921,1.179,1
seqneut25to26_sera_4015,A/SouthAustralia/2527612456/2025_H1N1,plate16-2-A/SouthAustralia/2527612456/2025_H1N1,1.362e+04,1.162,1
seqneut25to26_sera_4015,A/SouthAustralia/2527902708/2025_H3N2,plate16-2-A/SouthAustralia/2527902708/2025_H3N2,40,0.1954,0.1954
seqneut25to26_sera_4015,A/SouthAustralia/2527902708/2025_H3N2,plate16-2-A/SouthAustralia/2527902708/2025_H3N2,92,0.3026,0.3026
seqneut25to26_sera_4015,A/SouthAustralia/2527902708/2025_H3N2,plate16-2-A/SouthAustralia/2527902708/2025_H3N2,212,0.8463,0.8463
seqneut25to26_sera_4015,A/SouthAustralia/2527902708/2025_H3N2,plate16-2-A/SouthAustralia/2527902708/2025_H3N2,487,0.5192,0.5192
seqneut25to26_sera_4015,A/SouthAustralia/2527902708/2025_H3N2,plate16-2-A/SouthAustralia/2527902708/2025_H3N2,1119,0.4542,0.4542
seqneut25to26_sera_4015,A/SouthAustralia/2527902708/2025_H3N2,plate16-2-A/SouthAustralia/2527902708/2025_H3N2,2575,1.253,1
seqneut25to26_sera_4015,A/SouthAustralia/2527902708/2025_H3N2,plate16-2-A/SouthAustralia/2527902708/2025_H3N2,5921,0.7667,0.7667
seqneut25to26_sera_4015,A/SouthAustralia/2527902708/2025_H3N2,plate16-2-A/SouthAustralia/2527902708/2025_H3N2,1.362e+04,1.49,1
seqneut25to26_sera_4015,A/Sydney/1359/2024_H3N2,plate16-2-A/Sydney/1359/2024_H3N2,40,0.1627,0.1627
seqneut25to26_sera_4015,A/Sydney/1359/2024_H3N2,plate16-2-A/Sydney/1359/2024_H3N2,92,0.1725,0.1725
seqneut25to26_sera_4015,A/Sydney/1359/2024_H3N2,plate16-2-A/Sydney/1359/2024_H3N2,212,0.4285,0.4285
seqneut25to26_sera_4015,A/Sydney/1359/2024_H3N2,plate16-2-A/Sydney/1359/2024_H3N2,487,0.6106,0.6106
seqneut25to26_sera_4015,A/Sydney/1359/2024_H3N2,plate16-2-A/Sydney/1359/2024_H3N2,1119,0.8162,0.8162
seqneut25to26_sera_4015,A/Sydney/1359/2024_H3N2,plate16-2-A/Sydney/1359/2024_H3N2,2575,0.7056,0.7056
seqneut25to26_sera_4015,A/Sydney/1359/2024_H3N2,plate16-2-A/Sydney/1359/2024_H3N2,5921,0.8771,0.8771
seqneut25to26_sera_4015,A/Sydney/1359/2024_H3N2,plate16-2-A/Sydney/1359/2024_H3N2,1.362e+04,1.196,1
seqneut25to26_sera_4015,A/Sydney/400/2025_H1N1,plate16-2-A/Sydney/400/2025_H1N1,40,0.005596,0.005596
seqneut25to26_sera_4015,A/Sydney/400/2025_H1N1,plate16-2-A/Sydney/400/2025_H1N1,92,0.08592,0.08592
seqneut25to26_sera_4015,A/Sydney/400/2025_H1N1,plate16-2-A/Sydney/400/2025_H1N1,212,0.2683,0.2683
seqneut25to26_sera_4015,A/Sydney/400/2025_H1N1,plate16-2-A/Sydney/400/2025_H1N1,487,0.9468,0.9468
seqneut25to26_sera_4015,A/Sydney/400/2025_H1N1,plate16-2-A/Sydney/400/2025_H1N1,1119,0.6357,0.6357
seqneut25to26_sera_4015,A/Sydney/400/2025_H1N1,plate16-2-A/Sydney/400/2025_H1N1,2575,0.836,0.836
seqneut25to26_sera_4015,A/Sydney/400/2025_H1N1,plate16-2-A/Sydney/400/2025_H1N1,5921,0.7694,0.7694
seqneut25to26_sera_4015,A/Sydney/400/2025_H1N1,plate16-2-A/Sydney/400/2025_H1N1,1.362e+04,1.086,1
seqneut25to26_sera_4015,A/Tasmania/2521815682/2025_H3N2,plate16-2-A/Tasmania/2521815682/2025_H3N2,40,0.1065,0.1065
seqneut25to26_sera_4015,A/Tasmania/2521815682/2025_H3N2,plate16-2-A/Tasmania/2521815682/2025_H3N2,92,0.1746,0.1746
seqneut25to26_sera_4015,A/Tasmania/2521815682/2025_H3N2,plate16-2-A/Tasmania/2521815682/2025_H3N2,212,0.4146,0.4146
seqneut25to26_sera_4015,A/Tasmania/2521815682/2025_H3N2,plate16-2-A/Tasmania/2521815682/2025_H3N2,487,0.5081,0.5081
seqneut25to26_sera_4015,A/Tasmania/2521815682/2025_H3N2,plate16-2-A/Tasmania/2521815682/2025_H3N2,1119,0.5635,0.5635
seqneut25to26_sera_4015,A/Tasmania/2521815682/2025_H3N2,plate16-2-A/Tasmania/2521815682/2025_H3N2,2575,0.7408,0.7408
seqneut25to26_sera_4015,A/Tasmania/2521815682/2025_H3N2,plate16-2-A/Tasmania/2521815682/2025_H3N2,5921,1.084,1
seqneut25to26_sera_4015,A/Tasmania/2521815682/2025_H3N2,plate16-2-A/Tasmania/2521815682/2025_H3N2,1.362e+04,0.879,0.879
seqneut25to26_sera_4015,A/Thailand/8/2022_H3N2,plate16-2-A/Thailand/8/2022_H3N2,40,0.004476,0.004476
seqneut25to26_sera_4015,A/Thailand/8/2022_H3N2,plate16-2-A/Thailand/8/2022_H3N2,92,0.02164,0.02164
seqneut25to26_sera_4015,A/Thailand/8/2022_H3N2,plate16-2-A/Thailand/8/2022_H3N2,212,0.1043,0.1043
seqneut25to26_sera_4015,A/Thailand/8/2022_H3N2,plate16-2-A/Thailand/8/2022_H3N2,487,0.6016,0.6016
seqneut25to26_sera_4015,A/Thailand/8/2022_H3N2,plate16-2-A/Thailand/8/2022_H3N2,1119,0.5528,0.5528
seqneut25to26_sera_4015,A/Thailand/8/2022_H3N2,plate16-2-A/Thailand/8/2022_H3N2,2575,0.7805,0.7805
seqneut25to26_sera_4015,A/Thailand/8/2022_H3N2,plate16-2-A/Thailand/8/2022_H3N2,5921,0.8109,0.8109
seqneut25to26_sera_4015,A/Thailand/8/2022_H3N2,plate16-2-A/Thailand/8/2022_H3N2,1.362e+04,1.028,1
seqneut25to26_sera_4015,A/Vermont/73/2025_H3N2,plate16-2-A/Vermont/73/2025_H3N2,40,0.3041,0.3041
seqneut25to26_sera_4015,A/Vermont/73/2025_H3N2,plate16-2-A/Vermont/73/2025_H3N2,92,0.2954,0.2954
seqneut25to26_sera_4015,A/Vermont/73/2025_H3N2,plate16-2-A/Vermont/73/2025_H3N2,212,0.4289,0.4289
seqneut25to26_sera_4015,A/Vermont/73/2025_H3N2,plate16-2-A/Vermont/73/2025_H3N2,487,0.5328,0.5328
seqneut25to26_sera_4015,A/Vermont/73/2025_H3N2,plate16-2-A/Vermont/73/2025_H3N2,1119,0.6758,0.6758
seqneut25to26_sera_4015,A/Vermont/73/2025_H3N2,plate16-2-A/Vermont/73/2025_H3N2,2575,0.7826,0.7826
seqneut25to26_sera_4015,A/Vermont/73/2025_H3N2,plate16-2-A/Vermont/73/2025_H3N2,5921,0.6354,0.6354
seqneut25to26_sera_4015,A/Vermont/73/2025_H3N2,plate16-2-A/Vermont/73/2025_H3N2,1.362e+04,1.081,1
seqneut25to26_sera_4015,A/Victoria/4897/2022_IVR-238_H1N1,plate16-2-A/Victoria/4897/2022_IVR-238_H1N1,40,0.0002833,0.0002833
seqneut25to26_sera_4015,A/Victoria/4897/2022_IVR-238_H1N1,plate16-2-A/Victoria/4897/2022_IVR-238_H1N1,92,0.0001505,0.0001505
seqneut25to26_sera_4015,A/Victoria/4897/2022_IVR-238_H1N1,plate16-2-A/Victoria/4897/2022_IVR-238_H1N1,212,0.001988,0.001988
seqneut25to26_sera_4015,A/Victoria/4897/2022_IVR-238_H1N1,plate16-2-A/Victoria/4897/2022_IVR-238_H1N1,487,0.2208,0.2208
seqneut25to26_sera_4015,A/Victoria/4897/2022_IVR-238_H1N1,plate16-2-A/Victoria/4897/2022_IVR-238_H1N1,1119,0.4974,0.4974
seqneut25to26_sera_4015,A/Victoria/4897/2022_IVR-238_H1N1,plate16-2-A/Victoria/4897/2022_IVR-238_H1N1,2575,0.9344,0.9344
seqneut25to26_sera_4015,A/Victoria/4897/2022_IVR-238_H1N1,plate16-2-A/Victoria/4897/2022_IVR-238_H1N1,5921,1.139,1
seqneut25to26_sera_4015,A/Victoria/4897/2022_IVR-238_H1N1,plate16-2-A/Victoria/4897/2022_IVR-238_H1N1,1.362e+04,1.037,1
seqneut25to26_sera_4015,A/Wisconsin/588/2019_H1N1,plate16-2-A/Wisconsin/588/2019_H1N1,40,0.0008273,0.0008273
seqneut25to26_sera_4015,A/Wisconsin/588/2019_H1N1,plate16-2-A/Wisconsin/588/2019_H1N1,92,0.001797,0.001797
seqneut25to26_sera_4015,A/Wisconsin/588/2019_H1N1,plate16-2-A/Wisconsin/588/2019_H1N1,212,0.05945,0.05945
seqneut25to26_sera_4015,A/Wisconsin/588/2019_H1N1,plate16-2-A/Wisconsin/588/2019_H1N1,487,0.5743,0.5743
seqneut25to26_sera_4015,A/Wisconsin/588/2019_H1N1,plate16-2-A/Wisconsin/588/2019_H1N1,1119,0.4855,0.4855
seqneut25to26_sera_4015,A/Wisconsin/588/2019_H1N1,plate16-2-A/Wisconsin/588/2019_H1N1,2575,1.28,1
seqneut25to26_sera_4015,A/Wisconsin/588/2019_H1N1,plate16-2-A/Wisconsin/588/2019_H1N1,5921,1.55,1
seqneut25to26_sera_4015,A/Wisconsin/588/2019_H1N1,plate16-2-A/Wisconsin/588/2019_H1N1,1.362e+04,1.113,1
seqneut25to26_sera_4015,A/Wisconsin/67/2022_H1N1,plate16-2-A/Wisconsin/67/2022_H1N1,40,0.002457,0.002457
seqneut25to26_sera_4015,A/Wisconsin/67/2022_H1N1,plate16-2-A/Wisconsin/67/2022_H1N1,92,0.1476,0.1476
seqneut25to26_sera_4015,A/Wisconsin/67/2022_H1N1,plate16-2-A/Wisconsin/67/2022_H1N1,212,0.3042,0.3042
seqneut25to26_sera_4015,A/Wisconsin/67/2022_H1N1,plate16-2-A/Wisconsin/67/2022_H1N1,487,1.011,1
seqneut25to26_sera_4015,A/Wisconsin/67/2022_H1N1,plate16-2-A/Wisconsin/67/2022_H1N1,1119,0.7423,0.7423
seqneut25to26_sera_4015,A/Wisconsin/67/2022_H1N1,plate16-2-A/Wisconsin/67/2022_H1N1,2575,1.063,1
seqneut25to26_sera_4015,A/Wisconsin/67/2022_H1N1,plate16-2-A/Wisconsin/67/2022_H1N1,5921,1.165,1
seqneut25to26_sera_4015,A/Wisconsin/67/2022_H1N1,plate16-2-A/Wisconsin/67/2022_H1N1,1.362e+04,1.071,1
seqneut25to26_sera_4015,A/Zacapa/FLU-261/2025_H1N1,plate16-2-A/Zacapa/FLU-261/2025_H1N1,40,0.007468,0.007468
seqneut25to26_sera_4015,A/Zacapa/FLU-261/2025_H1N1,plate16-2-A/Zacapa/FLU-261/2025_H1N1,92,0.05152,0.05152
seqneut25to26_sera_4015,A/Zacapa/FLU-261/2025_H1N1,plate16-2-A/Zacapa/FLU-261/2025_H1N1,212,0.2356,0.2356
seqneut25to26_sera_4015,A/Zacapa/FLU-261/2025_H1N1,plate16-2-A/Zacapa/FLU-261/2025_H1N1,487,0.675,0.675
seqneut25to26_sera_4015,A/Zacapa/FLU-261/2025_H1N1,plate16-2-A/Zacapa/FLU-261/2025_H1N1,1119,0.8807,0.8807
seqneut25to26_sera_4015,A/Zacapa/FLU-261/2025_H1N1,plate16-2-A/Zacapa/FLU-261/2025_H1N1,2575,1.637,1
seqneut25to26_sera_4015,A/Zacapa/FLU-261/2025_H1N1,plate16-2-A/Zacapa/FLU-261/2025_H1N1,5921,0.9487,0.9487
seqneut25to26_sera_4015,A/Zacapa/FLU-261/2025_H1N1,plate16-2-A/Zacapa/FLU-261/2025_H1N1,1.362e+04,1.17,1
seqneut25to26_sera_4016,A/Alagoas/4130/2025_H3N2,plate16-2-A/Alagoas/4130/2025_H3N2,40,0.01208,0.01208
seqneut25to26_sera_4016,A/Alagoas/4130/2025_H3N2,plate16-2-A/Alagoas/4130/2025_H3N2,92,0.1614,0.1614
seqneut25to26_sera_4016,A/Alagoas/4130/2025_H3N2,plate16-2-A/Alagoas/4130/2025_H3N2,212,0.3736,0.3736
seqneut25to26_sera_4016,A/Alagoas/4130/2025_H3N2,plate16-2-A/Alagoas/4130/2025_H3N2,487,0.632,0.632
seqneut25to26_sera_4016,A/Alagoas/4130/2025_H3N2,plate16-2-A/Alagoas/4130/2025_H3N2,1119,0.4427,0.4427
seqneut25to26_sera_4016,A/Alagoas/4130/2025_H3N2,plate16-2-A/Alagoas/4130/2025_H3N2,2575,1.101,1
seqneut25to26_sera_4016,A/Alagoas/4130/2025_H3N2,plate16-2-A/Alagoas/4130/2025_H3N2,5921,0.9094,0.9094
seqneut25to26_sera_4016,A/Alagoas/4130/2025_H3N2,plate16-2-A/Alagoas/4130/2025_H3N2,1.362e+04,1.174,1
seqneut25to26_sera_4016,A/Anapolis/LEIAL6543/2025_H3N2,plate16-2-A/Anapolis/LEIAL6543/2025_H3N2,40,0.03691,0.03691
seqneut25to26_sera_4016,A/Anapolis/LEIAL6543/2025_H3N2,plate16-2-A/Anapolis/LEIAL6543/2025_H3N2,92,0.3271,0.3271
seqneut25to26_sera_4016,A/Anapolis/LEIAL6543/2025_H3N2,plate16-2-A/Anapolis/LEIAL6543/2025_H3N2,212,0.5115,0.5115
seqneut25to26_sera_4016,A/Anapolis/LEIAL6543/2025_H3N2,plate16-2-A/Anapolis/LEIAL6543/2025_H3N2,487,0.6595,0.6595
seqneut25to26_sera_4016,A/Anapolis/LEIAL6543/2025_H3N2,plate16-2-A/Anapolis/LEIAL6543/2025_H3N2,1119,0.6736,0.6736
seqneut25to26_sera_4016,A/Anapolis/LEIAL6543/2025_H3N2,plate16-2-A/Anapolis/LEIAL6543/2025_H3N2,2575,0.8776,0.8776
seqneut25to26_sera_4016,A/Anapolis/LEIAL6543/2025_H3N2,plate16-2-A/Anapolis/LEIAL6543/2025_H3N2,5921,0.8346,0.8346
seqneut25to26_sera_4016,A/Anapolis/LEIAL6543/2025_H3N2,plate16-2-A/Anapolis/LEIAL6543/2025_H3N2,1.362e+04,0.831,0.831
seqneut25to26_sera_4016,A/Andalucia/PMC-00977/2025_H1N1,plate16-2-A/Andalucia/PMC-00977/2025_H1N1,40,0.08702,0.08702
seqneut25to26_sera_4016,A/Andalucia/PMC-00977/2025_H1N1,plate16-2-A/Andalucia/PMC-00977/2025_H1N1,92,0.4112,0.4112
seqneut25to26_sera_4016,A/Andalucia/PMC-00977/2025_H1N1,plate16-2-A/Andalucia/PMC-00977/2025_H1N1,212,0.5699,0.5699
seqneut25to26_sera_4016,A/Andalucia/PMC-00977/2025_H1N1,plate16-2-A/Andalucia/PMC-00977/2025_H1N1,487,0.9459,0.9459
seqneut25to26_sera_4016,A/Andalucia/PMC-00977/2025_H1N1,plate16-2-A/Andalucia/PMC-00977/2025_H1N1,1119,0.6252,0.6252
seqneut25to26_sera_4016,A/Andalucia/PMC-00977/2025_H1N1,plate16-2-A/Andalucia/PMC-00977/2025_H1N1,2575,0.9957,0.9957
seqneut25to26_sera_4016,A/Andalucia/PMC-00977/2025_H1N1,plate16-2-A/Andalucia/PMC-00977/2025_H1N1,5921,1.109,1
seqneut25to26_sera_4016,A/Andalucia/PMC-00977/2025_H1N1,plate16-2-A/Andalucia/PMC-00977/2025_H1N1,1.362e+04,1.049,1
seqneut25to26_sera_4016,A/Aragon/2046/2025_H1N1,plate16-2-A/Aragon/2046/2025_H1N1,40,0.0481,0.0481
seqneut25to26_sera_4016,A/Aragon/2046/2025_H1N1,plate16-2-A/Aragon/2046/2025_H1N1,92,0.6331,0.6331
seqneut25to26_sera_4016,A/Aragon/2046/2025_H1N1,plate16-2-A/Aragon/2046/2025_H1N1,212,0.4083,0.4083
seqneut25to26_sera_4016,A/Aragon/2046/2025_H1N1,plate16-2-A/Aragon/2046/2025_H1N1,487,0.7739,0.7739
seqneut25to26_sera_4016,A/Aragon/2046/2025_H1N1,plate16-2-A/Aragon/2046/2025_H1N1,1119,0.608,0.608
seqneut25to26_sera_4016,A/Aragon/2046/2025_H1N1,plate16-2-A/Aragon/2046/2025_H1N1,2575,0.7893,0.7893
seqneut25to26_sera_4016,A/Aragon/2046/2025_H1N1,plate16-2-A/Aragon/2046/2025_H1N1,5921,1.196,1
seqneut25to26_sera_4016,A/Aragon/2046/2025_H1N1,plate16-2-A/Aragon/2046/2025_H1N1,1.362e+04,1.197,1
seqneut25to26_sera_4016,A/Arica/59150/2025_H3N2,plate16-2-A/Arica/59150/2025_H3N2,40,0.03078,0.03078
seqneut25to26_sera_4016,A/Arica/59150/2025_H3N2,plate16-2-A/Arica/59150/2025_H3N2,92,0.2512,0.2512
seqneut25to26_sera_4016,A/Arica/59150/2025_H3N2,plate16-2-A/Arica/59150/2025_H3N2,212,0.5209,0.5209
seqneut25to26_sera_4016,A/Arica/59150/2025_H3N2,plate16-2-A/Arica/59150/2025_H3N2,487,0.5343,0.5343
seqneut25to26_sera_4016,A/Arica/59150/2025_H3N2,plate16-2-A/Arica/59150/2025_H3N2,1119,0.7348,0.7348
seqneut25to26_sera_4016,A/Arica/59150/2025_H3N2,plate16-2-A/Arica/59150/2025_H3N2,2575,0.591,0.591
seqneut25to26_sera_4016,A/Arica/59150/2025_H3N2,plate16-2-A/Arica/59150/2025_H3N2,5921,1.172,1
seqneut25to26_sera_4016,A/Arica/59150/2025_H3N2,plate16-2-A/Arica/59150/2025_H3N2,1.362e+04,0.748,0.748
seqneut25to26_sera_4016,A/Bahia/3102/2025_H3N2,plate16-2-A/Bahia/3102/2025_H3N2,40,0.02605,0.02605
seqneut25to26_sera_4016,A/Bahia/3102/2025_H3N2,plate16-2-A/Bahia/3102/2025_H3N2,92,0.2242,0.2242
seqneut25to26_sera_4016,A/Bahia/3102/2025_H3N2,plate16-2-A/Bahia/3102/2025_H3N2,212,0.2205,0.2205
seqneut25to26_sera_4016,A/Bahia/3102/2025_H3N2,plate16-2-A/Bahia/3102/2025_H3N2,487,0.6183,0.6183
seqneut25to26_sera_4016,A/Bahia/3102/2025_H3N2,plate16-2-A/Bahia/3102/2025_H3N2,1119,0.6934,0.6934
seqneut25to26_sera_4016,A/Bahia/3102/2025_H3N2,plate16-2-A/Bahia/3102/2025_H3N2,2575,0.7081,0.7081
seqneut25to26_sera_4016,A/Bahia/3102/2025_H3N2,plate16-2-A/Bahia/3102/2025_H3N2,5921,1.122,1
seqneut25to26_sera_4016,A/Bahia/3102/2025_H3N2,plate16-2-A/Bahia/3102/2025_H3N2,1.362e+04,1.268,1
seqneut25to26_sera_4016,A/Bangkok/1803/2025_H1N1,plate16-2-A/Bangkok/1803/2025_H1N1,40,0.00298,0.00298
seqneut25to26_sera_4016,A/Bangkok/1803/2025_H1N1,plate16-2-A/Bangkok/1803/2025_H1N1,92,0.005873,0.005873
seqneut25to26_sera_4016,A/Bangkok/1803/2025_H1N1,plate16-2-A/Bangkok/1803/2025_H1N1,212,0.04432,0.04432
seqneut25to26_sera_4016,A/Bangkok/1803/2025_H1N1,plate16-2-A/Bangkok/1803/2025_H1N1,487,0.2259,0.2259
seqneut25to26_sera_4016,A/Bangkok/1803/2025_H1N1,plate16-2-A/Bangkok/1803/2025_H1N1,1119,0.4935,0.4935
seqneut25to26_sera_4016,A/Bangkok/1803/2025_H1N1,plate16-2-A/Bangkok/1803/2025_H1N1,2575,0.8965,0.8965
seqneut25to26_sera_4016,A/Bangkok/1803/2025_H1N1,plate16-2-A/Bangkok/1803/2025_H1N1,5921,1.513,1
seqneut25to26_sera_4016,A/Bangkok/1803/2025_H1N1,plate16-2-A/Bangkok/1803/2025_H1N1,1.362e+04,1.07,1
seqneut25to26_sera_4016,A/Bangkok/P2229/2025_H1N1,plate16-2-A/Bangkok/P2229/2025_H1N1,40,0.1241,0.1241
seqneut25to26_sera_4016,A/Bangkok/P2229/2025_H1N1,plate16-2-A/Bangkok/P2229/2025_H1N1,92,0.3275,0.3275
seqneut25to26_sera_4016,A/Bangkok/P2229/2025_H1N1,plate16-2-A/Bangkok/P2229/2025_H1N1,212,0.4361,0.4361
seqneut25to26_sera_4016,A/Bangkok/P2229/2025_H1N1,plate16-2-A/Bangkok/P2229/2025_H1N1,487,0.465,0.465
seqneut25to26_sera_4016,A/Bangkok/P2229/2025_H1N1,plate16-2-A/Bangkok/P2229/2025_H1N1,1119,0.5857,0.5857
seqneut25to26_sera_4016,A/Bangkok/P2229/2025_H1N1,plate16-2-A/Bangkok/P2229/2025_H1N1,2575,0.8297,0.8297
seqneut25to26_sera_4016,A/Bangkok/P2229/2025_H1N1,plate16-2-A/Bangkok/P2229/2025_H1N1,5921,0.7169,0.7169
seqneut25to26_sera_4016,A/Bangkok/P2229/2025_H1N1,plate16-2-A/Bangkok/P2229/2025_H1N1,1.362e+04,0.9,0.9
seqneut25to26_sera_4016,A/Bangkok/P2323/2025_H3N2,plate16-2-A/Bangkok/P2323/2025_H3N2,40,0.104,0.104
seqneut25to26_sera_4016,A/Bangkok/P2323/2025_H3N2,plate16-2-A/Bangkok/P2323/2025_H3N2,92,0.3928,0.3928
seqneut25to26_sera_4016,A/Bangkok/P2323/2025_H3N2,plate16-2-A/Bangkok/P2323/2025_H3N2,212,0.5441,0.5441
seqneut25to26_sera_4016,A/Bangkok/P2323/2025_H3N2,plate16-2-A/Bangkok/P2323/2025_H3N2,487,0.6008,0.6008
seqneut25to26_sera_4016,A/Bangkok/P2323/2025_H3N2,plate16-2-A/Bangkok/P2323/2025_H3N2,1119,0.5607,0.5607
seqneut25to26_sera_4016,A/Bangkok/P2323/2025_H3N2,plate16-2-A/Bangkok/P2323/2025_H3N2,2575,0.6657,0.6657
seqneut25to26_sera_4016,A/Bangkok/P2323/2025_H3N2,plate16-2-A/Bangkok/P2323/2025_H3N2,5921,1.417,1
seqneut25to26_sera_4016,A/Bangkok/P2323/2025_H3N2,plate16-2-A/Bangkok/P2323/2025_H3N2,1.362e+04,1.047,1
seqneut25to26_sera_4016,A/Bangkok/P2390/2025_H3N2,plate16-2-A/Bangkok/P2390/2025_H3N2,40,0.06998,0.06998
seqneut25to26_sera_4016,A/Bangkok/P2390/2025_H3N2,plate16-2-A/Bangkok/P2390/2025_H3N2,92,0.3847,0.3847
seqneut25to26_sera_4016,A/Bangkok/P2390/2025_H3N2,plate16-2-A/Bangkok/P2390/2025_H3N2,212,0.5597,0.5597
seqneut25to26_sera_4016,A/Bangkok/P2390/2025_H3N2,plate16-2-A/Bangkok/P2390/2025_H3N2,487,0.5199,0.5199
seqneut25to26_sera_4016,A/Bangkok/P2390/2025_H3N2,plate16-2-A/Bangkok/P2390/2025_H3N2,1119,0.6025,0.6025
seqneut25to26_sera_4016,A/Bangkok/P2390/2025_H3N2,plate16-2-A/Bangkok/P2390/2025_H3N2,2575,1.034,1
seqneut25to26_sera_4016,A/Bangkok/P2390/2025_H3N2,plate16-2-A/Bangkok/P2390/2025_H3N2,5921,0.9604,0.9604
seqneut25to26_sera_4016,A/Bangkok/P2390/2025_H3N2,plate16-2-A/Bangkok/P2390/2025_H3N2,1.362e+04,1.175,1
seqneut25to26_sera_4016,A/Bangkok/P2391/2025_H3N2,plate16-2-A/Bangkok/P2391/2025_H3N2,40,0.06515,0.06515
seqneut25to26_sera_4016,A/Bangkok/P2391/2025_H3N2,plate16-2-A/Bangkok/P2391/2025_H3N2,92,0.223,0.223
seqneut25to26_sera_4016,A/Bangkok/P2391/2025_H3N2,plate16-2-A/Bangkok/P2391/2025_H3N2,212,0.3732,0.3732
seqneut25to26_sera_4016,A/Bangkok/P2391/2025_H3N2,plate16-2-A/Bangkok/P2391/2025_H3N2,487,0.5288,0.5288
seqneut25to26_sera_4016,A/Bangkok/P2391/2025_H3N2,plate16-2-A/Bangkok/P2391/2025_H3N2,1119,0.1739,0.1739
seqneut25to26_sera_4016,A/Bangkok/P2391/2025_H3N2,plate16-2-A/Bangkok/P2391/2025_H3N2,2575,0.8166,0.8166
seqneut25to26_sera_4016,A/Bangkok/P2391/2025_H3N2,plate16-2-A/Bangkok/P2391/2025_H3N2,5921,1.145,1
seqneut25to26_sera_4016,A/Bangkok/P2391/2025_H3N2,plate16-2-A/Bangkok/P2391/2025_H3N2,1.362e+04,1.164,1
seqneut25to26_sera_4016,A/Bangkok/P2572/2025_H3N2,plate16-2-A/Bangkok/P2572/2025_H3N2,40,0.0346,0.0346
seqneut25to26_sera_4016,A/Bangkok/P2572/2025_H3N2,plate16-2-A/Bangkok/P2572/2025_H3N2,92,0.1562,0.1562
seqneut25to26_sera_4016,A/Bangkok/P2572/2025_H3N2,plate16-2-A/Bangkok/P2572/2025_H3N2,212,0.4352,0.4352
seqneut25to26_sera_4016,A/Bangkok/P2572/2025_H3N2,plate16-2-A/Bangkok/P2572/2025_H3N2,487,0.4731,0.4731
seqneut25to26_sera_4016,A/Bangkok/P2572/2025_H3N2,plate16-2-A/Bangkok/P2572/2025_H3N2,1119,0.455,0.455
seqneut25to26_sera_4016,A/Bangkok/P2572/2025_H3N2,plate16-2-A/Bangkok/P2572/2025_H3N2,2575,0.6247,0.6247
seqneut25to26_sera_4016,A/Bangkok/P2572/2025_H3N2,plate16-2-A/Bangkok/P2572/2025_H3N2,5921,0.826,0.826
seqneut25to26_sera_4016,A/Bangkok/P2572/2025_H3N2,plate16-2-A/Bangkok/P2572/2025_H3N2,1.362e+04,0.9226,0.9226
seqneut25to26_sera_4016,A/Bangkok/P2921/2025_H3N2,plate16-2-A/Bangkok/P2921/2025_H3N2,40,0.08452,0.08452
seqneut25to26_sera_4016,A/Bangkok/P2921/2025_H3N2,plate16-2-A/Bangkok/P2921/2025_H3N2,92,0.5127,0.5127
seqneut25to26_sera_4016,A/Bangkok/P2921/2025_H3N2,plate16-2-A/Bangkok/P2921/2025_H3N2,212,0.4762,0.4762
seqneut25to26_sera_4016,A/Bangkok/P2921/2025_H3N2,plate16-2-A/Bangkok/P2921/2025_H3N2,487,0.5792,0.5792
seqneut25to26_sera_4016,A/Bangkok/P2921/2025_H3N2,plate16-2-A/Bangkok/P2921/2025_H3N2,1119,0.7203,0.7203
seqneut25to26_sera_4016,A/Bangkok/P2921/2025_H3N2,plate16-2-A/Bangkok/P2921/2025_H3N2,2575,1.005,1
seqneut25to26_sera_4016,A/Bangkok/P2921/2025_H3N2,plate16-2-A/Bangkok/P2921/2025_H3N2,5921,1.209,1
seqneut25to26_sera_4016,A/Bangkok/P2921/2025_H3N2,plate16-2-A/Bangkok/P2921/2025_H3N2,1.362e+04,1.086,1
seqneut25to26_sera_4016,A/Bangkok/P3067/2025_H1N1,plate16-2-A/Bangkok/P3067/2025_H1N1,40,0.02069,0.02069
seqneut25to26_sera_4016,A/Bangkok/P3067/2025_H1N1,plate16-2-A/Bangkok/P3067/2025_H1N1,92,0.2221,0.2221
seqneut25to26_sera_4016,A/Bangkok/P3067/2025_H1N1,plate16-2-A/Bangkok/P3067/2025_H1N1,212,0.4156,0.4156
seqneut25to26_sera_4016,A/Bangkok/P3067/2025_H1N1,plate16-2-A/Bangkok/P3067/2025_H1N1,487,0.5403,0.5403
seqneut25to26_sera_4016,A/Bangkok/P3067/2025_H1N1,plate16-2-A/Bangkok/P3067/2025_H1N1,1119,0.6535,0.6535
seqneut25to26_sera_4016,A/Bangkok/P3067/2025_H1N1,plate16-2-A/Bangkok/P3067/2025_H1N1,2575,0.9276,0.9276
seqneut25to26_sera_4016,A/Bangkok/P3067/2025_H1N1,plate16-2-A/Bangkok/P3067/2025_H1N1,5921,1.148,1
seqneut25to26_sera_4016,A/Bangkok/P3067/2025_H1N1,plate16-2-A/Bangkok/P3067/2025_H1N1,1.362e+04,1.334,1
seqneut25to26_sera_4016,A/Bangkok/P3263/2025_H3N2,plate16-2-A/Bangkok/P3263/2025_H3N2,40,0.01022,0.01022
seqneut25to26_sera_4016,A/Bangkok/P3263/2025_H3N2,plate16-2-A/Bangkok/P3263/2025_H3N2,92,0.1536,0.1536
seqneut25to26_sera_4016,A/Bangkok/P3263/2025_H3N2,plate16-2-A/Bangkok/P3263/2025_H3N2,212,0.2962,0.2962
seqneut25to26_sera_4016,A/Bangkok/P3263/2025_H3N2,plate16-2-A/Bangkok/P3263/2025_H3N2,487,0.4855,0.4855
seqneut25to26_sera_4016,A/Bangkok/P3263/2025_H3N2,plate16-2-A/Bangkok/P3263/2025_H3N2,1119,0.3905,0.3905
seqneut25to26_sera_4016,A/Bangkok/P3263/2025_H3N2,plate16-2-A/Bangkok/P3263/2025_H3N2,2575,1.028,1
seqneut25to26_sera_4016,A/Bangkok/P3263/2025_H3N2,plate16-2-A/Bangkok/P3263/2025_H3N2,5921,0.8048,0.8048
seqneut25to26_sera_4016,A/Bangkok/P3263/2025_H3N2,plate16-2-A/Bangkok/P3263/2025_H3N2,1.362e+04,1.087,1
seqneut25to26_sera_4016,A/Belgium/H0097/2025_H3N2,plate16-2-A/Belgium/H0097/2025_H3N2,40,0.1516,0.1516
seqneut25to26_sera_4016,A/Belgium/H0097/2025_H3N2,plate16-2-A/Belgium/H0097/2025_H3N2,92,0.3752,0.3752
seqneut25to26_sera_4016,A/Belgium/H0097/2025_H3N2,plate16-2-A/Belgium/H0097/2025_H3N2,212,0.4666,0.4666
seqneut25to26_sera_4016,A/Belgium/H0097/2025_H3N2,plate16-2-A/Belgium/H0097/2025_H3N2,487,0.6226,0.6226
seqneut25to26_sera_4016,A/Belgium/H0097/2025_H3N2,plate16-2-A/Belgium/H0097/2025_H3N2,1119,0.7836,0.7836
seqneut25to26_sera_4016,A/Belgium/H0097/2025_H3N2,plate16-2-A/Belgium/H0097/2025_H3N2,2575,0.9739,0.9739
seqneut25to26_sera_4016,A/Belgium/H0097/2025_H3N2,plate16-2-A/Belgium/H0097/2025_H3N2,5921,1.172,1
seqneut25to26_sera_4016,A/Belgium/H0097/2025_H3N2,plate16-2-A/Belgium/H0097/2025_H3N2,1.362e+04,1.147,1
seqneut25to26_sera_4016,A/Bhutan/1267/2025_H3N2,plate16-2-A/Bhutan/1267/2025_H3N2,40,0.01041,0.01041
seqneut25to26_sera_4016,A/Bhutan/1267/2025_H3N2,plate16-2-A/Bhutan/1267/2025_H3N2,92,0.2121,0.2121
seqneut25to26_sera_4016,A/Bhutan/1267/2025_H3N2,plate16-2-A/Bhutan/1267/2025_H3N2,212,0.3607,0.3607
seqneut25to26_sera_4016,A/Bhutan/1267/2025_H3N2,plate16-2-A/Bhutan/1267/2025_H3N2,487,0.5289,0.5289
seqneut25to26_sera_4016,A/Bhutan/1267/2025_H3N2,plate16-2-A/Bhutan/1267/2025_H3N2,1119,0.584,0.584
seqneut25to26_sera_4016,A/Bhutan/1267/2025_H3N2,plate16-2-A/Bhutan/1267/2025_H3N2,2575,0.8958,0.8958
seqneut25to26_sera_4016,A/Bhutan/1267/2025_H3N2,plate16-2-A/Bhutan/1267/2025_H3N2,5921,1.487,1
seqneut25to26_sera_4016,A/Bhutan/1267/2025_H3N2,plate16-2-A/Bhutan/1267/2025_H3N2,1.362e+04,0.853,0.853
seqneut25to26_sera_4016,A/Bhutan/7/2025_H3N2,plate16-2-A/Bhutan/7/2025_H3N2,40,0.01637,0.01637
seqneut25to26_sera_4016,A/Bhutan/7/2025_H3N2,plate16-2-A/Bhutan/7/2025_H3N2,92,0.178,0.178
seqneut25to26_sera_4016,A/Bhutan/7/2025_H3N2,plate16-2-A/Bhutan/7/2025_H3N2,212,0.5969,0.5969
seqneut25to26_sera_4016,A/Bhutan/7/2025_H3N2,plate16-2-A/Bhutan/7/2025_H3N2,487,0.3798,0.3798
seqneut25to26_sera_4016,A/Bhutan/7/2025_H3N2,plate16-2-A/Bhutan/7/2025_H3N2,1119,0.5023,0.5023
seqneut25to26_sera_4016,A/Bhutan/7/2025_H3N2,plate16-2-A/Bhutan/7/2025_H3N2,2575,0.8486,0.8486
seqneut25to26_sera_4016,A/Bhutan/7/2025_H3N2,plate16-2-A/Bhutan/7/2025_H3N2,5921,1.129,1
seqneut25to26_sera_4016,A/Bhutan/7/2025_H3N2,plate16-2-A/Bhutan/7/2025_H3N2,1.362e+04,0.8074,0.8074
seqneut25to26_sera_4016,A/BritishColumbia/PHL-2473/2025_H1N1,plate16-2-A/BritishColumbia/PHL-2473/2025_H1N1,40,0.03257,0.03257
seqneut25to26_sera_4016,A/BritishColumbia/PHL-2473/2025_H1N1,plate16-2-A/BritishColumbia/PHL-2473/2025_H1N1,92,0.3469,0.3469
seqneut25to26_sera_4016,A/BritishColumbia/PHL-2473/2025_H1N1,plate16-2-A/BritishColumbia/PHL-2473/2025_H1N1,212,0.51,0.51
seqneut25to26_sera_4016,A/BritishColumbia/PHL-2473/2025_H1N1,plate16-2-A/BritishColumbia/PHL-2473/2025_H1N1,487,1.23,1
seqneut25to26_sera_4016,A/BritishColumbia/PHL-2473/2025_H1N1,plate16-2-A/BritishColumbia/PHL-2473/2025_H1N1,1119,0.5616,0.5616
seqneut25to26_sera_4016,A/BritishColumbia/PHL-2473/2025_H1N1,plate16-2-A/BritishColumbia/PHL-2473/2025_H1N1,2575,1.105,1
seqneut25to26_sera_4016,A/BritishColumbia/PHL-2473/2025_H1N1,plate16-2-A/BritishColumbia/PHL-2473/2025_H1N1,5921,1.289,1
seqneut25to26_sera_4016,A/BritishColumbia/PHL-2473/2025_H1N1,plate16-2-A/BritishColumbia/PHL-2473/2025_H1N1,1.362e+04,1.016,1
seqneut25to26_sera_4016,A/California/61/2025_H3N2,plate16-2-A/California/61/2025_H3N2,40,0.01813,0.01813
seqneut25to26_sera_4016,A/California/61/2025_H3N2,plate16-2-A/California/61/2025_H3N2,92,0.2709,0.2709
seqneut25to26_sera_4016,A/California/61/2025_H3N2,plate16-2-A/California/61/2025_H3N2,212,0.2648,0.2648
seqneut25to26_sera_4016,A/California/61/2025_H3N2,plate16-2-A/California/61/2025_H3N2,487,0.4692,0.4692
seqneut25to26_sera_4016,A/California/61/2025_H3N2,plate16-2-A/California/61/2025_H3N2,1119,0.336,0.336
seqneut25to26_sera_4016,A/California/61/2025_H3N2,plate16-2-A/California/61/2025_H3N2,2575,0.5444,0.5444
seqneut25to26_sera_4016,A/California/61/2025_H3N2,plate16-2-A/California/61/2025_H3N2,5921,1.065,1
seqneut25to26_sera_4016,A/California/61/2025_H3N2,plate16-2-A/California/61/2025_H3N2,1.362e+04,0.8796,0.8796
seqneut25to26_sera_4016,A/California/63/2025_H1N1,plate16-2-A/California/63/2025_H1N1,40,0.1733,0.1733
seqneut25to26_sera_4016,A/California/63/2025_H1N1,plate16-2-A/California/63/2025_H1N1,92,0.2951,0.2951
seqneut25to26_sera_4016,A/California/63/2025_H1N1,plate16-2-A/California/63/2025_H1N1,212,0.4603,0.4603
seqneut25to26_sera_4016,A/California/63/2025_H1N1,plate16-2-A/California/63/2025_H1N1,487,1.187,1
seqneut25to26_sera_4016,A/California/63/2025_H1N1,plate16-2-A/California/63/2025_H1N1,1119,0.5502,0.5502
seqneut25to26_sera_4016,A/California/63/2025_H1N1,plate16-2-A/California/63/2025_H1N1,2575,1.732,1
seqneut25to26_sera_4016,A/California/63/2025_H1N1,plate16-2-A/California/63/2025_H1N1,5921,0.8533,0.8533
seqneut25to26_sera_4016,A/California/63/2025_H1N1,plate16-2-A/California/63/2025_H1N1,1.362e+04,0.886,0.886
seqneut25to26_sera_4016,A/Canberra/465/2025_H1N1,plate16-2-A/Canberra/465/2025_H1N1,40,0.1092,0.1092
seqneut25to26_sera_4016,A/Canberra/465/2025_H1N1,plate16-2-A/Canberra/465/2025_H1N1,92,0.239,0.239
seqneut25to26_sera_4016,A/Canberra/465/2025_H1N1,plate16-2-A/Canberra/465/2025_H1N1,212,0.9207,0.9207
seqneut25to26_sera_4016,A/Canberra/465/2025_H1N1,plate16-2-A/Canberra/465/2025_H1N1,487,1.076,1
seqneut25to26_sera_4016,A/Canberra/465/2025_H1N1,plate16-2-A/Canberra/465/2025_H1N1,1119,0.7066,0.7066
seqneut25to26_sera_4016,A/Canberra/465/2025_H1N1,plate16-2-A/Canberra/465/2025_H1N1,2575,0.8302,0.8302
seqneut25to26_sera_4016,A/Canberra/465/2025_H1N1,plate16-2-A/Canberra/465/2025_H1N1,5921,1.132,1
seqneut25to26_sera_4016,A/Canberra/465/2025_H1N1,plate16-2-A/Canberra/465/2025_H1N1,1.362e+04,0.9406,0.9406
seqneut25to26_sera_4016,A/Canberra/530/2025_H1N1,plate16-2-A/Canberra/530/2025_H1N1,40,0.119,0.119
seqneut25to26_sera_4016,A/Canberra/530/2025_H1N1,plate16-2-A/Canberra/530/2025_H1N1,92,0.318,0.318
seqneut25to26_sera_4016,A/Canberra/530/2025_H1N1,plate16-2-A/Canberra/530/2025_H1N1,212,0.8503,0.8503
seqneut25to26_sera_4016,A/Canberra/530/2025_H1N1,plate16-2-A/Canberra/530/2025_H1N1,487,1.075,1
seqneut25to26_sera_4016,A/Canberra/530/2025_H1N1,plate16-2-A/Canberra/530/2025_H1N1,1119,0.6857,0.6857
seqneut25to26_sera_4016,A/Canberra/530/2025_H1N1,plate16-2-A/Canberra/530/2025_H1N1,2575,1.341,1
seqneut25to26_sera_4016,A/Canberra/530/2025_H1N1,plate16-2-A/Canberra/530/2025_H1N1,5921,0.8634,0.8634
seqneut25to26_sera_4016,A/Canberra/530/2025_H1N1,plate16-2-A/Canberra/530/2025_H1N1,1.362e+04,1.201,1
seqneut25to26_sera_4016,A/Catalonia/NSVH102689455/2025_H1N1,plate16-2-A/Catalonia/NSVH102689455/2025_H1N1,40,0.02233,0.02233
seqneut25to26_sera_4016,A/Catalonia/NSVH102689455/2025_H1N1,plate16-2-A/Catalonia/NSVH102689455/2025_H1N1,92,0.2067,0.2067
seqneut25to26_sera_4016,A/Catalonia/NSVH102689455/2025_H1N1,plate16-2-A/Catalonia/NSVH102689455/2025_H1N1,212,0.549,0.549
seqneut25to26_sera_4016,A/Catalonia/NSVH102689455/2025_H1N1,plate16-2-A/Catalonia/NSVH102689455/2025_H1N1,487,0.669,0.669
seqneut25to26_sera_4016,A/Catalonia/NSVH102689455/2025_H1N1,plate16-2-A/Catalonia/NSVH102689455/2025_H1N1,1119,1.032,1
seqneut25to26_sera_4016,A/Catalonia/NSVH102689455/2025_H1N1,plate16-2-A/Catalonia/NSVH102689455/2025_H1N1,2575,1.839,1
seqneut25to26_sera_4016,A/Catalonia/NSVH102689455/2025_H1N1,plate16-2-A/Catalonia/NSVH102689455/2025_H1N1,5921,1.651,1
seqneut25to26_sera_4016,A/Catalonia/NSVH102689455/2025_H1N1,plate16-2-A/Catalonia/NSVH102689455/2025_H1N1,1.362e+04,1.463,1
seqneut25to26_sera_4016,A/Colorado/105/2025_H1N1,plate16-2-A/Colorado/105/2025_H1N1,40,0.08,0.08
seqneut25to26_sera_4016,A/Colorado/105/2025_H1N1,plate16-2-A/Colorado/105/2025_H1N1,92,0.3512,0.3512
seqneut25to26_sera_4016,A/Colorado/105/2025_H1N1,plate16-2-A/Colorado/105/2025_H1N1,212,0.6486,0.6486
seqneut25to26_sera_4016,A/Colorado/105/2025_H1N1,plate16-2-A/Colorado/105/2025_H1N1,487,1.132,1
seqneut25to26_sera_4016,A/Colorado/105/2025_H1N1,plate16-2-A/Colorado/105/2025_H1N1,1119,0.7901,0.7901
seqneut25to26_sera_4016,A/Colorado/105/2025_H1N1,plate16-2-A/Colorado/105/2025_H1N1,2575,1.314,1
seqneut25to26_sera_4016,A/Colorado/105/2025_H1N1,plate16-2-A/Colorado/105/2025_H1N1,5921,1.2,1
seqneut25to26_sera_4016,A/Colorado/105/2025_H1N1,plate16-2-A/Colorado/105/2025_H1N1,1.362e+04,1.16,1
seqneut25to26_sera_4016,A/CoteDIvoire/2007/2025_H1N1,plate16-2-A/CoteDIvoire/2007/2025_H1N1,40,0.07093,0.07093
seqneut25to26_sera_4016,A/CoteDIvoire/2007/2025_H1N1,plate16-2-A/CoteDIvoire/2007/2025_H1N1,92,0.2552,0.2552
seqneut25to26_sera_4016,A/CoteDIvoire/2007/2025_H1N1,plate16-2-A/CoteDIvoire/2007/2025_H1N1,212,0.4395,0.4395
seqneut25to26_sera_4016,A/CoteDIvoire/2007/2025_H1N1,plate16-2-A/CoteDIvoire/2007/2025_H1N1,487,0.5567,0.5567
seqneut25to26_sera_4016,A/CoteDIvoire/2007/2025_H1N1,plate16-2-A/CoteDIvoire/2007/2025_H1N1,1119,0.6738,0.6738
seqneut25to26_sera_4016,A/CoteDIvoire/2007/2025_H1N1,plate16-2-A/CoteDIvoire/2007/2025_H1N1,2575,0.9326,0.9326
seqneut25to26_sera_4016,A/CoteDIvoire/2007/2025_H1N1,plate16-2-A/CoteDIvoire/2007/2025_H1N1,5921,1.126,1
seqneut25to26_sera_4016,A/CoteDIvoire/2007/2025_H1N1,plate16-2-A/CoteDIvoire/2007/2025_H1N1,1.362e+04,0.8583,0.8583
seqneut25to26_sera_4016,A/Croatia/10136RV/2023-egg_H3N2,plate16-2-A/Croatia/10136RV/2023-egg_H3N2,40,0.001952,0.001952
seqneut25to26_sera_4016,A/Croatia/10136RV/2023-egg_H3N2,plate16-2-A/Croatia/10136RV/2023-egg_H3N2,92,0.04839,0.04839
seqneut25to26_sera_4016,A/Croatia/10136RV/2023-egg_H3N2,plate16-2-A/Croatia/10136RV/2023-egg_H3N2,212,0.1889,0.1889
seqneut25to26_sera_4016,A/Croatia/10136RV/2023-egg_H3N2,plate16-2-A/Croatia/10136RV/2023-egg_H3N2,487,0.6827,0.6827
seqneut25to26_sera_4016,A/Croatia/10136RV/2023-egg_H3N2,plate16-2-A/Croatia/10136RV/2023-egg_H3N2,1119,0.3802,0.3802
seqneut25to26_sera_4016,A/Croatia/10136RV/2023-egg_H3N2,plate16-2-A/Croatia/10136RV/2023-egg_H3N2,2575,0.5769,0.5769
seqneut25to26_sera_4016,A/Croatia/10136RV/2023-egg_H3N2,plate16-2-A/Croatia/10136RV/2023-egg_H3N2,5921,0.9176,0.9176
seqneut25to26_sera_4016,A/Croatia/10136RV/2023-egg_H3N2,plate16-2-A/Croatia/10136RV/2023-egg_H3N2,1.362e+04,0.7413,0.7413
seqneut25to26_sera_4016,A/Darwin/1405/2025_H1N1,plate16-2-A/Darwin/1405/2025_H1N1,40,0.04032,0.04032
seqneut25to26_sera_4016,A/Darwin/1405/2025_H1N1,plate16-2-A/Darwin/1405/2025_H1N1,92,0.2569,0.2569
seqneut25to26_sera_4016,A/Darwin/1405/2025_H1N1,plate16-2-A/Darwin/1405/2025_H1N1,212,0.327,0.327
seqneut25to26_sera_4016,A/Darwin/1405/2025_H1N1,plate16-2-A/Darwin/1405/2025_H1N1,487,0.5202,0.5202
seqneut25to26_sera_4016,A/Darwin/1405/2025_H1N1,plate16-2-A/Darwin/1405/2025_H1N1,1119,0.7555,0.7555
seqneut25to26_sera_4016,A/Darwin/1405/2025_H1N1,plate16-2-A/Darwin/1405/2025_H1N1,2575,1.192,1
seqneut25to26_sera_4016,A/Darwin/1405/2025_H1N1,plate16-2-A/Darwin/1405/2025_H1N1,5921,1.06,1
seqneut25to26_sera_4016,A/Darwin/1405/2025_H1N1,plate16-2-A/Darwin/1405/2025_H1N1,1.362e+04,1.266,1
seqneut25to26_sera_4016,A/Darwin/1461/2025_H3N2,plate16-2-A/Darwin/1461/2025_H3N2,40,0.006962,0.006962
seqneut25to26_sera_4016,A/Darwin/1461/2025_H3N2,plate16-2-A/Darwin/1461/2025_H3N2,92,0.2679,0.2679
seqneut25to26_sera_4016,A/Darwin/1461/2025_H3N2,plate16-2-A/Darwin/1461/2025_H3N2,212,0.483,0.483
seqneut25to26_sera_4016,A/Darwin/1461/2025_H3N2,plate16-2-A/Darwin/1461/2025_H3N2,487,0.6834,0.6834
seqneut25to26_sera_4016,A/Darwin/1461/2025_H3N2,plate16-2-A/Darwin/1461/2025_H3N2,1119,0.683,0.683
seqneut25to26_sera_4016,A/Darwin/1461/2025_H3N2,plate16-2-A/Darwin/1461/2025_H3N2,2575,0.7275,0.7275
seqneut25to26_sera_4016,A/Darwin/1461/2025_H3N2,plate16-2-A/Darwin/1461/2025_H3N2,5921,1.088,1
seqneut25to26_sera_4016,A/Darwin/1461/2025_H3N2,plate16-2-A/Darwin/1461/2025_H3N2,1.362e+04,0.7871,0.7871
seqneut25to26_sera_4016,A/Denmark/3070/2025_H1N1,plate16-2-A/Denmark/3070/2025_H1N1,40,0.0593,0.0593
seqneut25to26_sera_4016,A/Denmark/3070/2025_H1N1,plate16-2-A/Denmark/3070/2025_H1N1,92,0.2366,0.2366
seqneut25to26_sera_4016,A/Denmark/3070/2025_H1N1,plate16-2-A/Denmark/3070/2025_H1N1,212,0.4726,0.4726
seqneut25to26_sera_4016,A/Denmark/3070/2025_H1N1,plate16-2-A/Denmark/3070/2025_H1N1,487,1.021,1
seqneut25to26_sera_4016,A/Denmark/3070/2025_H1N1,plate16-2-A/Denmark/3070/2025_H1N1,1119,1.1,1
seqneut25to26_sera_4016,A/Denmark/3070/2025_H1N1,plate16-2-A/Denmark/3070/2025_H1N1,2575,0.8938,0.8938
seqneut25to26_sera_4016,A/Denmark/3070/2025_H1N1,plate16-2-A/Denmark/3070/2025_H1N1,5921,0.7703,0.7703
seqneut25to26_sera_4016,A/Denmark/3070/2025_H1N1,plate16-2-A/Denmark/3070/2025_H1N1,1.362e+04,0.9319,0.9319
seqneut25to26_sera_4016,A/DistrictOfColumbia/27/2023_H3N2,plate16-2-A/DistrictOfColumbia/27/2023_H3N2,40,0.02233,0.02233
seqneut25to26_sera_4016,A/DistrictOfColumbia/27/2023_H3N2,plate16-2-A/DistrictOfColumbia/27/2023_H3N2,92,0.327,0.327
seqneut25to26_sera_4016,A/DistrictOfColumbia/27/2023_H3N2,plate16-2-A/DistrictOfColumbia/27/2023_H3N2,212,0.5805,0.5805
seqneut25to26_sera_4016,A/DistrictOfColumbia/27/2023_H3N2,plate16-2-A/DistrictOfColumbia/27/2023_H3N2,487,0.8022,0.8022
seqneut25to26_sera_4016,A/DistrictOfColumbia/27/2023_H3N2,plate16-2-A/DistrictOfColumbia/27/2023_H3N2,1119,0.4175,0.4175
seqneut25to26_sera_4016,A/DistrictOfColumbia/27/2023_H3N2,plate16-2-A/DistrictOfColumbia/27/2023_H3N2,2575,1.033,1
seqneut25to26_sera_4016,A/DistrictOfColumbia/27/2023_H3N2,plate16-2-A/DistrictOfColumbia/27/2023_H3N2,5921,0.9081,0.9081
seqneut25to26_sera_4016,A/DistrictOfColumbia/27/2023_H3N2,plate16-2-A/DistrictOfColumbia/27/2023_H3N2,1.362e+04,1.058,1
seqneut25to26_sera_4016,A/DistrictOfColumbia/57/2025_H3N2,plate16-2-A/DistrictOfColumbia/57/2025_H3N2,40,0.1221,0.1221
seqneut25to26_sera_4016,A/DistrictOfColumbia/57/2025_H3N2,plate16-2-A/DistrictOfColumbia/57/2025_H3N2,92,0.3711,0.3711
seqneut25to26_sera_4016,A/DistrictOfColumbia/57/2025_H3N2,plate16-2-A/DistrictOfColumbia/57/2025_H3N2,212,0.4796,0.4796
seqneut25to26_sera_4016,A/DistrictOfColumbia/57/2025_H3N2,plate16-2-A/DistrictOfColumbia/57/2025_H3N2,487,0.7801,0.7801
seqneut25to26_sera_4016,A/DistrictOfColumbia/57/2025_H3N2,plate16-2-A/DistrictOfColumbia/57/2025_H3N2,1119,0.4943,0.4943
seqneut25to26_sera_4016,A/DistrictOfColumbia/57/2025_H3N2,plate16-2-A/DistrictOfColumbia/57/2025_H3N2,2575,0.6676,0.6676
seqneut25to26_sera_4016,A/DistrictOfColumbia/57/2025_H3N2,plate16-2-A/DistrictOfColumbia/57/2025_H3N2,5921,1.157,1
seqneut25to26_sera_4016,A/DistrictOfColumbia/57/2025_H3N2,plate16-2-A/DistrictOfColumbia/57/2025_H3N2,1.362e+04,0.9834,0.9834
seqneut25to26_sera_4016,A/DistritoFederal/250106000728/2025_H3N2,plate16-2-A/DistritoFederal/250106000728/2025_H3N2,40,0.07008,0.07008
seqneut25to26_sera_4016,A/DistritoFederal/250106000728/2025_H3N2,plate16-2-A/DistritoFederal/250106000728/2025_H3N2,92,0.3177,0.3177
seqneut25to26_sera_4016,A/DistritoFederal/250106000728/2025_H3N2,plate16-2-A/DistritoFederal/250106000728/2025_H3N2,212,0.4907,0.4907
seqneut25to26_sera_4016,A/DistritoFederal/250106000728/2025_H3N2,plate16-2-A/DistritoFederal/250106000728/2025_H3N2,487,0.6627,0.6627
seqneut25to26_sera_4016,A/DistritoFederal/250106000728/2025_H3N2,plate16-2-A/DistritoFederal/250106000728/2025_H3N2,1119,0.5186,0.5186
seqneut25to26_sera_4016,A/DistritoFederal/250106000728/2025_H3N2,plate16-2-A/DistritoFederal/250106000728/2025_H3N2,2575,0.9045,0.9045
seqneut25to26_sera_4016,A/DistritoFederal/250106000728/2025_H3N2,plate16-2-A/DistritoFederal/250106000728/2025_H3N2,5921,0.9366,0.9366
seqneut25to26_sera_4016,A/DistritoFederal/250106000728/2025_H3N2,plate16-2-A/DistritoFederal/250106000728/2025_H3N2,1.362e+04,1.064,1
seqneut25to26_sera_4016,A/DistritoFederal/2578578201/2025_H3N2,plate16-2-A/DistritoFederal/2578578201/2025_H3N2,40,0.03011,0.03011
seqneut25to26_sera_4016,A/DistritoFederal/2578578201/2025_H3N2,plate16-2-A/DistritoFederal/2578578201/2025_H3N2,92,0.223,0.223
seqneut25to26_sera_4016,A/DistritoFederal/2578578201/2025_H3N2,plate16-2-A/DistritoFederal/2578578201/2025_H3N2,212,0.5598,0.5598
seqneut25to26_sera_4016,A/DistritoFederal/2578578201/2025_H3N2,plate16-2-A/DistritoFederal/2578578201/2025_H3N2,487,0.7362,0.7362
seqneut25to26_sera_4016,A/DistritoFederal/2578578201/2025_H3N2,plate16-2-A/DistritoFederal/2578578201/2025_H3N2,1119,0.7008,0.7008
seqneut25to26_sera_4016,A/DistritoFederal/2578578201/2025_H3N2,plate16-2-A/DistritoFederal/2578578201/2025_H3N2,2575,0.8635,0.8635
seqneut25to26_sera_4016,A/DistritoFederal/2578578201/2025_H3N2,plate16-2-A/DistritoFederal/2578578201/2025_H3N2,5921,0.9805,0.9805
seqneut25to26_sera_4016,A/DistritoFederal/2578578201/2025_H3N2,plate16-2-A/DistritoFederal/2578578201/2025_H3N2,1.362e+04,0.8979,0.8979
seqneut25to26_sera_4016,A/England/174/2025_H3N2,plate16-2-A/England/174/2025_H3N2,40,0.1444,0.1444
seqneut25to26_sera_4016,A/England/174/2025_H3N2,plate16-2-A/England/174/2025_H3N2,92,0.1294,0.1294
seqneut25to26_sera_4016,A/England/174/2025_H3N2,plate16-2-A/England/174/2025_H3N2,212,0.7464,0.7464
seqneut25to26_sera_4016,A/England/174/2025_H3N2,plate16-2-A/England/174/2025_H3N2,487,0.438,0.438
seqneut25to26_sera_4016,A/England/174/2025_H3N2,plate16-2-A/England/174/2025_H3N2,1119,0.3966,0.3966
seqneut25to26_sera_4016,A/England/174/2025_H3N2,plate16-2-A/England/174/2025_H3N2,2575,0.9488,0.9488
seqneut25to26_sera_4016,A/England/174/2025_H3N2,plate16-2-A/England/174/2025_H3N2,5921,0.9916,0.9916
seqneut25to26_sera_4016,A/England/174/2025_H3N2,plate16-2-A/England/174/2025_H3N2,1.362e+04,0.8956,0.8956
seqneut25to26_sera_4016,A/England/1822256/2025_H1N1,plate16-2-A/England/1822256/2025_H1N1,40,0.03397,0.03397
seqneut25to26_sera_4016,A/England/1822256/2025_H1N1,plate16-2-A/England/1822256/2025_H1N1,92,0.3945,0.3945
seqneut25to26_sera_4016,A/England/1822256/2025_H1N1,plate16-2-A/England/1822256/2025_H1N1,212,0.9855,0.9855
seqneut25to26_sera_4016,A/England/1822256/2025_H1N1,plate16-2-A/England/1822256/2025_H1N1,487,1.095,1
seqneut25to26_sera_4016,A/England/1822256/2025_H1N1,plate16-2-A/England/1822256/2025_H1N1,1119,0.863,0.863
seqneut25to26_sera_4016,A/England/1822256/2025_H1N1,plate16-2-A/England/1822256/2025_H1N1,2575,1.148,1
seqneut25to26_sera_4016,A/England/1822256/2025_H1N1,plate16-2-A/England/1822256/2025_H1N1,5921,1.195,1
seqneut25to26_sera_4016,A/England/1822256/2025_H1N1,plate16-2-A/England/1822256/2025_H1N1,1.362e+04,1.159,1
seqneut25to26_sera_4016,A/England/1837734/2025_H3N2,plate16-2-A/England/1837734/2025_H3N2,40,0.08474,0.08474
seqneut25to26_sera_4016,A/England/1837734/2025_H3N2,plate16-2-A/England/1837734/2025_H3N2,92,0.1902,0.1902
seqneut25to26_sera_4016,A/England/1837734/2025_H3N2,plate16-2-A/England/1837734/2025_H3N2,212,1.195,1
seqneut25to26_sera_4016,A/England/1837734/2025_H3N2,plate16-2-A/England/1837734/2025_H3N2,487,0.4289,0.4289
seqneut25to26_sera_4016,A/England/1837734/2025_H3N2,plate16-2-A/England/1837734/2025_H3N2,1119,0.6643,0.6643
seqneut25to26_sera_4016,A/England/1837734/2025_H3N2,plate16-2-A/England/1837734/2025_H3N2,2575,0.8782,0.8782
seqneut25to26_sera_4016,A/England/1837734/2025_H3N2,plate16-2-A/England/1837734/2025_H3N2,5921,1.576,1
seqneut25to26_sera_4016,A/England/1837734/2025_H3N2,plate16-2-A/England/1837734/2025_H3N2,1.362e+04,1.542,1
seqneut25to26_sera_4016,A/England/1837737/2025_H3N2,plate16-2-A/England/1837737/2025_H3N2,40,0.1087,0.1087
seqneut25to26_sera_4016,A/England/1837737/2025_H3N2,plate16-2-A/England/1837737/2025_H3N2,92,0.4295,0.4295
seqneut25to26_sera_4016,A/England/1837737/2025_H3N2,plate16-2-A/England/1837737/2025_H3N2,212,0.5067,0.5067
seqneut25to26_sera_4016,A/England/1837737/2025_H3N2,plate16-2-A/England/1837737/2025_H3N2,487,0.6042,0.6042
seqneut25to26_sera_4016,A/England/1837737/2025_H3N2,plate16-2-A/England/1837737/2025_H3N2,1119,0.4944,0.4944
seqneut25to26_sera_4016,A/England/1837737/2025_H3N2,plate16-2-A/England/1837737/2025_H3N2,2575,0.8523,0.8523
seqneut25to26_sera_4016,A/England/1837737/2025_H3N2,plate16-2-A/England/1837737/2025_H3N2,5921,1.148,1
seqneut25to26_sera_4016,A/England/1837737/2025_H3N2,plate16-2-A/England/1837737/2025_H3N2,1.362e+04,1.207,1
seqneut25to26_sera_4016,A/France/ARA-HCL025155099501/2025_H1N1,plate16-2-A/France/ARA-HCL025155099501/2025_H1N1,40,0.03205,0.03205
seqneut25to26_sera_4016,A/France/ARA-HCL025155099501/2025_H1N1,plate16-2-A/France/ARA-HCL025155099501/2025_H1N1,92,0.3316,0.3316
seqneut25to26_sera_4016,A/France/ARA-HCL025155099501/2025_H1N1,plate16-2-A/France/ARA-HCL025155099501/2025_H1N1,212,0.5846,0.5846
seqneut25to26_sera_4016,A/France/ARA-HCL025155099501/2025_H1N1,plate16-2-A/France/ARA-HCL025155099501/2025_H1N1,487,0.5556,0.5556
seqneut25to26_sera_4016,A/France/ARA-HCL025155099501/2025_H1N1,plate16-2-A/France/ARA-HCL025155099501/2025_H1N1,1119,0.6717,0.6717
seqneut25to26_sera_4016,A/France/ARA-HCL025155099501/2025_H1N1,plate16-2-A/France/ARA-HCL025155099501/2025_H1N1,2575,1.339,1
seqneut25to26_sera_4016,A/France/ARA-HCL025155099501/2025_H1N1,plate16-2-A/France/ARA-HCL025155099501/2025_H1N1,5921,1.41,1
seqneut25to26_sera_4016,A/France/ARA-HCL025155099501/2025_H1N1,plate16-2-A/France/ARA-HCL025155099501/2025_H1N1,1.362e+04,1.056,1
seqneut25to26_sera_4016,A/Galicia/GA-CHUAC-451/2025_H3N2,plate16-2-A/Galicia/GA-CHUAC-451/2025_H3N2,40,0.0283,0.0283
seqneut25to26_sera_4016,A/Galicia/GA-CHUAC-451/2025_H3N2,plate16-2-A/Galicia/GA-CHUAC-451/2025_H3N2,92,0.3491,0.3491
seqneut25to26_sera_4016,A/Galicia/GA-CHUAC-451/2025_H3N2,plate16-2-A/Galicia/GA-CHUAC-451/2025_H3N2,212,0.5218,0.5218
seqneut25to26_sera_4016,A/Galicia/GA-CHUAC-451/2025_H3N2,plate16-2-A/Galicia/GA-CHUAC-451/2025_H3N2,487,0.6887,0.6887
seqneut25to26_sera_4016,A/Galicia/GA-CHUAC-451/2025_H3N2,plate16-2-A/Galicia/GA-CHUAC-451/2025_H3N2,1119,0.5296,0.5296
seqneut25to26_sera_4016,A/Galicia/GA-CHUAC-451/2025_H3N2,plate16-2-A/Galicia/GA-CHUAC-451/2025_H3N2,2575,0.7186,0.7186
seqneut25to26_sera_4016,A/Galicia/GA-CHUAC-451/2025_H3N2,plate16-2-A/Galicia/GA-CHUAC-451/2025_H3N2,5921,1.399,1
seqneut25to26_sera_4016,A/Galicia/GA-CHUAC-451/2025_H3N2,plate16-2-A/Galicia/GA-CHUAC-451/2025_H3N2,1.362e+04,1.099,1
seqneut25to26_sera_4016,A/Ghana/ARI-25-1125/2025_H1N1,plate16-2-A/Ghana/ARI-25-1125/2025_H1N1,40,0.04228,0.04228
seqneut25to26_sera_4016,A/Ghana/ARI-25-1125/2025_H1N1,plate16-2-A/Ghana/ARI-25-1125/2025_H1N1,92,0.4326,0.4326
seqneut25to26_sera_4016,A/Ghana/ARI-25-1125/2025_H1N1,plate16-2-A/Ghana/ARI-25-1125/2025_H1N1,212,0.4537,0.4537
seqneut25to26_sera_4016,A/Ghana/ARI-25-1125/2025_H1N1,plate16-2-A/Ghana/ARI-25-1125/2025_H1N1,487,0.5929,0.5929
seqneut25to26_sera_4016,A/Ghana/ARI-25-1125/2025_H1N1,plate16-2-A/Ghana/ARI-25-1125/2025_H1N1,1119,1.181,1
seqneut25to26_sera_4016,A/Ghana/ARI-25-1125/2025_H1N1,plate16-2-A/Ghana/ARI-25-1125/2025_H1N1,2575,0.9011,0.9011
seqneut25to26_sera_4016,A/Ghana/ARI-25-1125/2025_H1N1,plate16-2-A/Ghana/ARI-25-1125/2025_H1N1,5921,1.038,1
seqneut25to26_sera_4016,A/Ghana/ARI-25-1125/2025_H1N1,plate16-2-A/Ghana/ARI-25-1125/2025_H1N1,1.362e+04,0.9091,0.9091
seqneut25to26_sera_4016,A/Ghana/FS-25-7077/2025_H3N2,plate16-2-A/Ghana/FS-25-7077/2025_H3N2,40,0.0657,0.0657
seqneut25to26_sera_4016,A/Ghana/FS-25-7077/2025_H3N2,plate16-2-A/Ghana/FS-25-7077/2025_H3N2,92,0.1709,0.1709
seqneut25to26_sera_4016,A/Ghana/FS-25-7077/2025_H3N2,plate16-2-A/Ghana/FS-25-7077/2025_H3N2,212,0.7781,0.7781
seqneut25to26_sera_4016,A/Ghana/FS-25-7077/2025_H3N2,plate16-2-A/Ghana/FS-25-7077/2025_H3N2,487,0.8378,0.8378
seqneut25to26_sera_4016,A/Ghana/FS-25-7077/2025_H3N2,plate16-2-A/Ghana/FS-25-7077/2025_H3N2,1119,0.5241,0.5241
seqneut25to26_sera_4016,A/Ghana/FS-25-7077/2025_H3N2,plate16-2-A/Ghana/FS-25-7077/2025_H3N2,2575,1.151,1
seqneut25to26_sera_4016,A/Ghana/FS-25-7077/2025_H3N2,plate16-2-A/Ghana/FS-25-7077/2025_H3N2,5921,1.263,1
seqneut25to26_sera_4016,A/Ghana/FS-25-7077/2025_H3N2,plate16-2-A/Ghana/FS-25-7077/2025_H3N2,1.362e+04,1.101,1
seqneut25to26_sera_4016,A/Guangdong-Maonan/11438/2025_H3N2,plate16-2-A/Guangdong-Maonan/11438/2025_H3N2,40,0.009476,0.009476
seqneut25to26_sera_4016,A/Guangdong-Maonan/11438/2025_H3N2,plate16-2-A/Guangdong-Maonan/11438/2025_H3N2,92,0.1904,0.1904
seqneut25to26_sera_4016,A/Guangdong-Maonan/11438/2025_H3N2,plate16-2-A/Guangdong-Maonan/11438/2025_H3N2,212,0.2942,0.2942
seqneut25to26_sera_4016,A/Guangdong-Maonan/11438/2025_H3N2,plate16-2-A/Guangdong-Maonan/11438/2025_H3N2,487,0.4293,0.4293
seqneut25to26_sera_4016,A/Guangdong-Maonan/11438/2025_H3N2,plate16-2-A/Guangdong-Maonan/11438/2025_H3N2,1119,0.7425,0.7425
seqneut25to26_sera_4016,A/Guangdong-Maonan/11438/2025_H3N2,plate16-2-A/Guangdong-Maonan/11438/2025_H3N2,2575,0.6813,0.6813
seqneut25to26_sera_4016,A/Guangdong-Maonan/11438/2025_H3N2,plate16-2-A/Guangdong-Maonan/11438/2025_H3N2,5921,0.97,0.97
seqneut25to26_sera_4016,A/Guangdong-Maonan/11438/2025_H3N2,plate16-2-A/Guangdong-Maonan/11438/2025_H3N2,1.362e+04,0.9722,0.9722
seqneut25to26_sera_4016,A/Guangdong-Meijiang/11256/2025_H3N2,plate16-2-A/Guangdong-Meijiang/11256/2025_H3N2,40,0.007516,0.007516
seqneut25to26_sera_4016,A/Guangdong-Meijiang/11256/2025_H3N2,plate16-2-A/Guangdong-Meijiang/11256/2025_H3N2,92,0.148,0.148
seqneut25to26_sera_4016,A/Guangdong-Meijiang/11256/2025_H3N2,plate16-2-A/Guangdong-Meijiang/11256/2025_H3N2,212,0.5247,0.5247
seqneut25to26_sera_4016,A/Guangdong-Meijiang/11256/2025_H3N2,plate16-2-A/Guangdong-Meijiang/11256/2025_H3N2,487,0.4117,0.4117
seqneut25to26_sera_4016,A/Guangdong-Meijiang/11256/2025_H3N2,plate16-2-A/Guangdong-Meijiang/11256/2025_H3N2,1119,0.4663,0.4663
seqneut25to26_sera_4016,A/Guangdong-Meijiang/11256/2025_H3N2,plate16-2-A/Guangdong-Meijiang/11256/2025_H3N2,2575,0.6128,0.6128
seqneut25to26_sera_4016,A/Guangdong-Meijiang/11256/2025_H3N2,plate16-2-A/Guangdong-Meijiang/11256/2025_H3N2,5921,0.861,0.861
seqneut25to26_sera_4016,A/Guangdong-Meijiang/11256/2025_H3N2,plate16-2-A/Guangdong-Meijiang/11256/2025_H3N2,1.362e+04,0.8706,0.8706
seqneut25to26_sera_4016,A/Guangxi-Daxin/1643/2025_H3N2,plate16-2-A/Guangxi-Daxin/1643/2025_H3N2,40,0.3561,0.3561
seqneut25to26_sera_4016,A/Guangxi-Daxin/1643/2025_H3N2,plate16-2-A/Guangxi-Daxin/1643/2025_H3N2,92,0.4537,0.4537
seqneut25to26_sera_4016,A/Guangxi-Daxin/1643/2025_H3N2,plate16-2-A/Guangxi-Daxin/1643/2025_H3N2,212,0.6782,0.6782
seqneut25to26_sera_4016,A/Guangxi-Daxin/1643/2025_H3N2,plate16-2-A/Guangxi-Daxin/1643/2025_H3N2,487,0.7304,0.7304
seqneut25to26_sera_4016,A/Guangxi-Daxin/1643/2025_H3N2,plate16-2-A/Guangxi-Daxin/1643/2025_H3N2,1119,0.6398,0.6398
seqneut25to26_sera_4016,A/Guangxi-Daxin/1643/2025_H3N2,plate16-2-A/Guangxi-Daxin/1643/2025_H3N2,2575,0.8248,0.8248
seqneut25to26_sera_4016,A/Guangxi-Daxin/1643/2025_H3N2,plate16-2-A/Guangxi-Daxin/1643/2025_H3N2,5921,1.075,1
seqneut25to26_sera_4016,A/Guangxi-Daxin/1643/2025_H3N2,plate16-2-A/Guangxi-Daxin/1643/2025_H3N2,1.362e+04,1.008,1
seqneut25to26_sera_4016,A/Guangxi-Qingxiu/SWL11742/2025_H1N1,plate16-2-A/Guangxi-Qingxiu/SWL11742/2025_H1N1,40,0.04602,0.04602
seqneut25to26_sera_4016,A/Guangxi-Qingxiu/SWL11742/2025_H1N1,plate16-2-A/Guangxi-Qingxiu/SWL11742/2025_H1N1,92,0.3376,0.3376
seqneut25to26_sera_4016,A/Guangxi-Qingxiu/SWL11742/2025_H1N1,plate16-2-A/Guangxi-Qingxiu/SWL11742/2025_H1N1,212,0.2529,0.2529
seqneut25to26_sera_4016,A/Guangxi-Qingxiu/SWL11742/2025_H1N1,plate16-2-A/Guangxi-Qingxiu/SWL11742/2025_H1N1,487,0.9567,0.9567
seqneut25to26_sera_4016,A/Guangxi-Qingxiu/SWL11742/2025_H1N1,plate16-2-A/Guangxi-Qingxiu/SWL11742/2025_H1N1,1119,0.5788,0.5788
seqneut25to26_sera_4016,A/Guangxi-Qingxiu/SWL11742/2025_H1N1,plate16-2-A/Guangxi-Qingxiu/SWL11742/2025_H1N1,2575,1.188,1
seqneut25to26_sera_4016,A/Guangxi-Qingxiu/SWL11742/2025_H1N1,plate16-2-A/Guangxi-Qingxiu/SWL11742/2025_H1N1,5921,1.172,1
seqneut25to26_sera_4016,A/Guangxi-Qingxiu/SWL11742/2025_H1N1,plate16-2-A/Guangxi-Qingxiu/SWL11742/2025_H1N1,1.362e+04,0.9935,0.9935
seqneut25to26_sera_4016,A/Hawaii/44/2025_H1N1,plate16-2-A/Hawaii/44/2025_H1N1,40,0.06246,0.06246
seqneut25to26_sera_4016,A/Hawaii/44/2025_H1N1,plate16-2-A/Hawaii/44/2025_H1N1,92,0.4306,0.4306
seqneut25to26_sera_4016,A/Hawaii/44/2025_H1N1,plate16-2-A/Hawaii/44/2025_H1N1,212,0.648,0.648
seqneut25to26_sera_4016,A/Hawaii/44/2025_H1N1,plate16-2-A/Hawaii/44/2025_H1N1,487,0.9461,0.9461
seqneut25to26_sera_4016,A/Hawaii/44/2025_H1N1,plate16-2-A/Hawaii/44/2025_H1N1,1119,0.7853,0.7853
seqneut25to26_sera_4016,A/Hawaii/44/2025_H1N1,plate16-2-A/Hawaii/44/2025_H1N1,2575,1.193,1
seqneut25to26_sera_4016,A/Hawaii/44/2025_H1N1,plate16-2-A/Hawaii/44/2025_H1N1,5921,1.143,1
seqneut25to26_sera_4016,A/Hawaii/44/2025_H1N1,plate16-2-A/Hawaii/44/2025_H1N1,1.362e+04,1.1,1
seqneut25to26_sera_4016,A/Hawaii/70/2019_H1N1,plate16-2-A/Hawaii/70/2019_H1N1,40,0.002334,0.002334
seqneut25to26_sera_4016,A/Hawaii/70/2019_H1N1,plate16-2-A/Hawaii/70/2019_H1N1,92,0.1603,0.1603
seqneut25to26_sera_4016,A/Hawaii/70/2019_H1N1,plate16-2-A/Hawaii/70/2019_H1N1,212,0.453,0.453
seqneut25to26_sera_4016,A/Hawaii/70/2019_H1N1,plate16-2-A/Hawaii/70/2019_H1N1,487,0.5193,0.5193
seqneut25to26_sera_4016,A/Hawaii/70/2019_H1N1,plate16-2-A/Hawaii/70/2019_H1N1,1119,0.7054,0.7054
seqneut25to26_sera_4016,A/Hawaii/70/2019_H1N1,plate16-2-A/Hawaii/70/2019_H1N1,2575,0.8321,0.8321
seqneut25to26_sera_4016,A/Hawaii/70/2019_H1N1,plate16-2-A/Hawaii/70/2019_H1N1,5921,1.437,1
seqneut25to26_sera_4016,A/Hawaii/70/2019_H1N1,plate16-2-A/Hawaii/70/2019_H1N1,1.362e+04,1.003,1
seqneut25to26_sera_4016,A/HongKong/1257/2025_H3N2,plate16-2-A/HongKong/1257/2025_H3N2,40,0.06765,0.06765
seqneut25to26_sera_4016,A/HongKong/1257/2025_H3N2,plate16-2-A/HongKong/1257/2025_H3N2,92,0.2031,0.2031
seqneut25to26_sera_4016,A/HongKong/1257/2025_H3N2,plate16-2-A/HongKong/1257/2025_H3N2,212,0.4706,0.4706
seqneut25to26_sera_4016,A/HongKong/1257/2025_H3N2,plate16-2-A/HongKong/1257/2025_H3N2,487,0.6876,0.6876
seqneut25to26_sera_4016,A/HongKong/1257/2025_H3N2,plate16-2-A/HongKong/1257/2025_H3N2,1119,0.6443,0.6443
seqneut25to26_sera_4016,A/HongKong/1257/2025_H3N2,plate16-2-A/HongKong/1257/2025_H3N2,2575,1.117,1
seqneut25to26_sera_4016,A/HongKong/1257/2025_H3N2,plate16-2-A/HongKong/1257/2025_H3N2,5921,1.308,1
seqneut25to26_sera_4016,A/HongKong/1257/2025_H3N2,plate16-2-A/HongKong/1257/2025_H3N2,1.362e+04,1.194,1
seqneut25to26_sera_4016,A/HongKong/1382/2025_H3N2,plate16-2-A/HongKong/1382/2025_H3N2,40,0.003922,0.003922
seqneut25to26_sera_4016,A/HongKong/1382/2025_H3N2,plate16-2-A/HongKong/1382/2025_H3N2,92,0.0634,0.0634
seqneut25to26_sera_4016,A/HongKong/1382/2025_H3N2,plate16-2-A/HongKong/1382/2025_H3N2,212,0.1427,0.1427
seqneut25to26_sera_4016,A/HongKong/1382/2025_H3N2,plate16-2-A/HongKong/1382/2025_H3N2,487,0.395,0.395
seqneut25to26_sera_4016,A/HongKong/1382/2025_H3N2,plate16-2-A/HongKong/1382/2025_H3N2,1119,0.5581,0.5581
seqneut25to26_sera_4016,A/HongKong/1382/2025_H3N2,plate16-2-A/HongKong/1382/2025_H3N2,2575,0.3442,0.3442
seqneut25to26_sera_4016,A/HongKong/1382/2025_H3N2,plate16-2-A/HongKong/1382/2025_H3N2,5921,0.6959,0.6959
seqneut25to26_sera_4016,A/HongKong/1382/2025_H3N2,plate16-2-A/HongKong/1382/2025_H3N2,1.362e+04,0.9485,0.9485
seqneut25to26_sera_4016,A/Indonesia/BIOKES-I-BT074/2025_H3N2,plate16-2-A/Indonesia/BIOKES-I-BT074/2025_H3N2,40,0.02257,0.02257
seqneut25to26_sera_4016,A/Indonesia/BIOKES-I-BT074/2025_H3N2,plate16-2-A/Indonesia/BIOKES-I-BT074/2025_H3N2,92,0.275,0.275
seqneut25to26_sera_4016,A/Indonesia/BIOKES-I-BT074/2025_H3N2,plate16-2-A/Indonesia/BIOKES-I-BT074/2025_H3N2,212,0.4079,0.4079
seqneut25to26_sera_4016,A/Indonesia/BIOKES-I-BT074/2025_H3N2,plate16-2-A/Indonesia/BIOKES-I-BT074/2025_H3N2,487,0.699,0.699
seqneut25to26_sera_4016,A/Indonesia/BIOKES-I-BT074/2025_H3N2,plate16-2-A/Indonesia/BIOKES-I-BT074/2025_H3N2,1119,0.2922,0.2922
seqneut25to26_sera_4016,A/Indonesia/BIOKES-I-BT074/2025_H3N2,plate16-2-A/Indonesia/BIOKES-I-BT074/2025_H3N2,2575,0.665,0.665
seqneut25to26_sera_4016,A/Indonesia/BIOKES-I-BT074/2025_H3N2,plate16-2-A/Indonesia/BIOKES-I-BT074/2025_H3N2,5921,1.072,1
seqneut25to26_sera_4016,A/Indonesia/BIOKES-I-BT074/2025_H3N2,plate16-2-A/Indonesia/BIOKES-I-BT074/2025_H3N2,1.362e+04,1.045,1
seqneut25to26_sera_4016,A/Indonesia/BIOKES-INAD491/2025_H3N2,plate16-2-A/Indonesia/BIOKES-INAD491/2025_H3N2,40,0.009084,0.009084
seqneut25to26_sera_4016,A/Indonesia/BIOKES-INAD491/2025_H3N2,plate16-2-A/Indonesia/BIOKES-INAD491/2025_H3N2,92,0.2785,0.2785
seqneut25to26_sera_4016,A/Indonesia/BIOKES-INAD491/2025_H3N2,plate16-2-A/Indonesia/BIOKES-INAD491/2025_H3N2,212,0.5035,0.5035
seqneut25to26_sera_4016,A/Indonesia/BIOKES-INAD491/2025_H3N2,plate16-2-A/Indonesia/BIOKES-INAD491/2025_H3N2,487,0.5378,0.5378
seqneut25to26_sera_4016,A/Indonesia/BIOKES-INAD491/2025_H3N2,plate16-2-A/Indonesia/BIOKES-INAD491/2025_H3N2,1119,0.5205,0.5205
seqneut25to26_sera_4016,A/Indonesia/BIOKES-INAD491/2025_H3N2,plate16-2-A/Indonesia/BIOKES-INAD491/2025_H3N2,2575,0.7486,0.7486
seqneut25to26_sera_4016,A/Indonesia/BIOKES-INAD491/2025_H3N2,plate16-2-A/Indonesia/BIOKES-INAD491/2025_H3N2,5921,1.326,1
seqneut25to26_sera_4016,A/Indonesia/BIOKES-INAD491/2025_H3N2,plate16-2-A/Indonesia/BIOKES-INAD491/2025_H3N2,1.362e+04,0.962,0.962
seqneut25to26_sera_4016,A/Lao/820-2750/2025_H3N2,plate16-2-A/Lao/820-2750/2025_H3N2,40,0.02592,0.02592
seqneut25to26_sera_4016,A/Lao/820-2750/2025_H3N2,plate16-2-A/Lao/820-2750/2025_H3N2,92,0.1882,0.1882
seqneut25to26_sera_4016,A/Lao/820-2750/2025_H3N2,plate16-2-A/Lao/820-2750/2025_H3N2,212,0.4387,0.4387
seqneut25to26_sera_4016,A/Lao/820-2750/2025_H3N2,plate16-2-A/Lao/820-2750/2025_H3N2,487,0.5604,0.5604
seqneut25to26_sera_4016,A/Lao/820-2750/2025_H3N2,plate16-2-A/Lao/820-2750/2025_H3N2,1119,0.4419,0.4419
seqneut25to26_sera_4016,A/Lao/820-2750/2025_H3N2,plate16-2-A/Lao/820-2750/2025_H3N2,2575,0.5586,0.5586
seqneut25to26_sera_4016,A/Lao/820-2750/2025_H3N2,plate16-2-A/Lao/820-2750/2025_H3N2,5921,1.502,1
seqneut25to26_sera_4016,A/Lao/820-2750/2025_H3N2,plate16-2-A/Lao/820-2750/2025_H3N2,1.362e+04,1.174,1
seqneut25to26_sera_4016,A/Malaysia/IMR/SARI/2028/2025_H3N2,plate16-2-A/Malaysia/IMR/SARI/2028/2025_H3N2,40,0.017,0.017
seqneut25to26_sera_4016,A/Malaysia/IMR/SARI/2028/2025_H3N2,plate16-2-A/Malaysia/IMR/SARI/2028/2025_H3N2,92,0.1448,0.1448
seqneut25to26_sera_4016,A/Malaysia/IMR/SARI/2028/2025_H3N2,plate16-2-A/Malaysia/IMR/SARI/2028/2025_H3N2,212,0.3534,0.3534
seqneut25to26_sera_4016,A/Malaysia/IMR/SARI/2028/2025_H3N2,plate16-2-A/Malaysia/IMR/SARI/2028/2025_H3N2,487,0.5022,0.5022
seqneut25to26_sera_4016,A/Malaysia/IMR/SARI/2028/2025_H3N2,plate16-2-A/Malaysia/IMR/SARI/2028/2025_H3N2,1119,0.6257,0.6257
seqneut25to26_sera_4016,A/Malaysia/IMR/SARI/2028/2025_H3N2,plate16-2-A/Malaysia/IMR/SARI/2028/2025_H3N2,2575,0.755,0.755
seqneut25to26_sera_4016,A/Malaysia/IMR/SARI/2028/2025_H3N2,plate16-2-A/Malaysia/IMR/SARI/2028/2025_H3N2,5921,1.127,1
seqneut25to26_sera_4016,A/Malaysia/IMR/SARI/2028/2025_H3N2,plate16-2-A/Malaysia/IMR/SARI/2028/2025_H3N2,1.362e+04,1.07,1
seqneut25to26_sera_4016,A/Malaysia/IMR/SARI/2406/2025_H3N2,plate16-2-A/Malaysia/IMR/SARI/2406/2025_H3N2,40,0.00777,0.00777
seqneut25to26_sera_4016,A/Malaysia/IMR/SARI/2406/2025_H3N2,plate16-2-A/Malaysia/IMR/SARI/2406/2025_H3N2,92,0.2852,0.2852
seqneut25to26_sera_4016,A/Malaysia/IMR/SARI/2406/2025_H3N2,plate16-2-A/Malaysia/IMR/SARI/2406/2025_H3N2,212,0.3589,0.3589
seqneut25to26_sera_4016,A/Malaysia/IMR/SARI/2406/2025_H3N2,plate16-2-A/Malaysia/IMR/SARI/2406/2025_H3N2,487,0.4343,0.4343
seqneut25to26_sera_4016,A/Malaysia/IMR/SARI/2406/2025_H3N2,plate16-2-A/Malaysia/IMR/SARI/2406/2025_H3N2,1119,0.4078,0.4078
seqneut25to26_sera_4016,A/Malaysia/IMR/SARI/2406/2025_H3N2,plate16-2-A/Malaysia/IMR/SARI/2406/2025_H3N2,2575,0.7157,0.7157
seqneut25to26_sera_4016,A/Malaysia/IMR/SARI/2406/2025_H3N2,plate16-2-A/Malaysia/IMR/SARI/2406/2025_H3N2,5921,1.03,1
seqneut25to26_sera_4016,A/Malaysia/IMR/SARI/2406/2025_H3N2,plate16-2-A/Malaysia/IMR/SARI/2406/2025_H3N2,1.362e+04,0.7798,0.7798
seqneut25to26_sera_4016,A/Malaysia/IMR/SARI/2517/2025_H3N2,plate16-2-A/Malaysia/IMR/SARI/2517/2025_H3N2,40,0.04664,0.04664
seqneut25to26_sera_4016,A/Malaysia/IMR/SARI/2517/2025_H3N2,plate16-2-A/Malaysia/IMR/SARI/2517/2025_H3N2,92,0.4007,0.4007
seqneut25to26_sera_4016,A/Malaysia/IMR/SARI/2517/2025_H3N2,plate16-2-A/Malaysia/IMR/SARI/2517/2025_H3N2,212,0.3877,0.3877
seqneut25to26_sera_4016,A/Malaysia/IMR/SARI/2517/2025_H3N2,plate16-2-A/Malaysia/IMR/SARI/2517/2025_H3N2,487,0.5455,0.5455
seqneut25to26_sera_4016,A/Malaysia/IMR/SARI/2517/2025_H3N2,plate16-2-A/Malaysia/IMR/SARI/2517/2025_H3N2,1119,0.5261,0.5261
seqneut25to26_sera_4016,A/Malaysia/IMR/SARI/2517/2025_H3N2,plate16-2-A/Malaysia/IMR/SARI/2517/2025_H3N2,2575,0.8224,0.8224
seqneut25to26_sera_4016,A/Malaysia/IMR/SARI/2517/2025_H3N2,plate16-2-A/Malaysia/IMR/SARI/2517/2025_H3N2,5921,1.018,1
seqneut25to26_sera_4016,A/Malaysia/IMR/SARI/2517/2025_H3N2,plate16-2-A/Malaysia/IMR/SARI/2517/2025_H3N2,1.362e+04,1.109,1
seqneut25to26_sera_4016,A/Massachusetts/18/2022_H3N2,plate16-2-A/Massachusetts/18/2022_H3N2,40,0.04019,0.04019
seqneut25to26_sera_4016,A/Massachusetts/18/2022_H3N2,plate16-2-A/Massachusetts/18/2022_H3N2,92,0.3278,0.3278
seqneut25to26_sera_4016,A/Massachusetts/18/2022_H3N2,plate16-2-A/Massachusetts/18/2022_H3N2,212,0.6319,0.6319
seqneut25to26_sera_4016,A/Massachusetts/18/2022_H3N2,plate16-2-A/Massachusetts/18/2022_H3N2,487,0.9906,0.9906
seqneut25to26_sera_4016,A/Massachusetts/18/2022_H3N2,plate16-2-A/Massachusetts/18/2022_H3N2,1119,0.8793,0.8793
seqneut25to26_sera_4016,A/Massachusetts/18/2022_H3N2,plate16-2-A/Massachusetts/18/2022_H3N2,2575,0.856,0.856
seqneut25to26_sera_4016,A/Massachusetts/18/2022_H3N2,plate16-2-A/Massachusetts/18/2022_H3N2,5921,0.9029,0.9029
seqneut25to26_sera_4016,A/Massachusetts/18/2022_H3N2,plate16-2-A/Massachusetts/18/2022_H3N2,1.362e+04,0.8659,0.8659
seqneut25to26_sera_4016,A/Michigan/110/2025_H3N2,plate16-2-A/Michigan/110/2025_H3N2,40,0.146,0.146
seqneut25to26_sera_4016,A/Michigan/110/2025_H3N2,plate16-2-A/Michigan/110/2025_H3N2,92,0.1377,0.1377
seqneut25to26_sera_4016,A/Michigan/110/2025_H3N2,plate16-2-A/Michigan/110/2025_H3N2,212,0.5949,0.5949
seqneut25to26_sera_4016,A/Michigan/110/2025_H3N2,plate16-2-A/Michigan/110/2025_H3N2,487,0.531,0.531
seqneut25to26_sera_4016,A/Michigan/110/2025_H3N2,plate16-2-A/Michigan/110/2025_H3N2,1119,0.4253,0.4253
seqneut25to26_sera_4016,A/Michigan/110/2025_H3N2,plate16-2-A/Michigan/110/2025_H3N2,2575,0.7655,0.7655
seqneut25to26_sera_4016,A/Michigan/110/2025_H3N2,plate16-2-A/Michigan/110/2025_H3N2,5921,1.198,1
seqneut25to26_sera_4016,A/Michigan/110/2025_H3N2,plate16-2-A/Michigan/110/2025_H3N2,1.362e+04,0.8973,0.8973
seqneut25to26_sera_4016,A/Minnesota/96/2025_H3N2,plate16-2-A/Minnesota/96/2025_H3N2,40,0.04979,0.04979
seqneut25to26_sera_4016,A/Minnesota/96/2025_H3N2,plate16-2-A/Minnesota/96/2025_H3N2,92,0.2177,0.2177
seqneut25to26_sera_4016,A/Minnesota/96/2025_H3N2,plate16-2-A/Minnesota/96/2025_H3N2,212,0.428,0.428
seqneut25to26_sera_4016,A/Minnesota/96/2025_H3N2,plate16-2-A/Minnesota/96/2025_H3N2,487,0.5498,0.5498
seqneut25to26_sera_4016,A/Minnesota/96/2025_H3N2,plate16-2-A/Minnesota/96/2025_H3N2,1119,0.4831,0.4831
seqneut25to26_sera_4016,A/Minnesota/96/2025_H3N2,plate16-2-A/Minnesota/96/2025_H3N2,2575,0.699,0.699
seqneut25to26_sera_4016,A/Minnesota/96/2025_H3N2,plate16-2-A/Minnesota/96/2025_H3N2,5921,1.094,1
seqneut25to26_sera_4016,A/Minnesota/96/2025_H3N2,plate16-2-A/Minnesota/96/2025_H3N2,1.362e+04,1.011,1
seqneut25to26_sera_4016,A/Missouri/11/2025_H1N1,plate16-2-A/Missouri/11/2025_H1N1,40,0.03502,0.03502
seqneut25to26_sera_4016,A/Missouri/11/2025_H1N1,plate16-2-A/Missouri/11/2025_H1N1,92,0.5285,0.5285
seqneut25to26_sera_4016,A/Missouri/11/2025_H1N1,plate16-2-A/Missouri/11/2025_H1N1,212,0.2715,0.2715
seqneut25to26_sera_4016,A/Missouri/11/2025_H1N1,plate16-2-A/Missouri/11/2025_H1N1,487,0.3456,0.3456
seqneut25to26_sera_4016,A/Missouri/11/2025_H1N1,plate16-2-A/Missouri/11/2025_H1N1,1119,0.912,0.912
seqneut25to26_sera_4016,A/Missouri/11/2025_H1N1,plate16-2-A/Missouri/11/2025_H1N1,2575,0.7782,0.7782
seqneut25to26_sera_4016,A/Missouri/11/2025_H1N1,plate16-2-A/Missouri/11/2025_H1N1,5921,0.901,0.901
seqneut25to26_sera_4016,A/Missouri/11/2025_H1N1,plate16-2-A/Missouri/11/2025_H1N1,1.362e+04,1.164,1
seqneut25to26_sera_4016,A/NewSouthWales/2526015582/2025_H3N2,plate16-2-A/NewSouthWales/2526015582/2025_H3N2,40,0.04609,0.04609
seqneut25to26_sera_4016,A/NewSouthWales/2526015582/2025_H3N2,plate16-2-A/NewSouthWales/2526015582/2025_H3N2,92,0.3769,0.3769
seqneut25to26_sera_4016,A/NewSouthWales/2526015582/2025_H3N2,plate16-2-A/NewSouthWales/2526015582/2025_H3N2,212,0.5958,0.5958
seqneut25to26_sera_4016,A/NewSouthWales/2526015582/2025_H3N2,plate16-2-A/NewSouthWales/2526015582/2025_H3N2,487,0.6191,0.6191
seqneut25to26_sera_4016,A/NewSouthWales/2526015582/2025_H3N2,plate16-2-A/NewSouthWales/2526015582/2025_H3N2,1119,0.5762,0.5762
seqneut25to26_sera_4016,A/NewSouthWales/2526015582/2025_H3N2,plate16-2-A/NewSouthWales/2526015582/2025_H3N2,2575,0.7856,0.7856
seqneut25to26_sera_4016,A/NewSouthWales/2526015582/2025_H3N2,plate16-2-A/NewSouthWales/2526015582/2025_H3N2,5921,1.071,1
seqneut25to26_sera_4016,A/NewSouthWales/2526015582/2025_H3N2,plate16-2-A/NewSouthWales/2526015582/2025_H3N2,1.362e+04,0.8954,0.8954
seqneut25to26_sera_4016,A/NewSouthWales/2526015584/2025_H3N2,plate16-2-A/NewSouthWales/2526015584/2025_H3N2,40,0.006002,0.006002
seqneut25to26_sera_4016,A/NewSouthWales/2526015584/2025_H3N2,plate16-2-A/NewSouthWales/2526015584/2025_H3N2,92,0.1436,0.1436
seqneut25to26_sera_4016,A/NewSouthWales/2526015584/2025_H3N2,plate16-2-A/NewSouthWales/2526015584/2025_H3N2,212,0.1535,0.1535
seqneut25to26_sera_4016,A/NewSouthWales/2526015584/2025_H3N2,plate16-2-A/NewSouthWales/2526015584/2025_H3N2,487,0.3753,0.3753
seqneut25to26_sera_4016,A/NewSouthWales/2526015584/2025_H3N2,plate16-2-A/NewSouthWales/2526015584/2025_H3N2,1119,0.4176,0.4176
seqneut25to26_sera_4016,A/NewSouthWales/2526015584/2025_H3N2,plate16-2-A/NewSouthWales/2526015584/2025_H3N2,2575,0.4675,0.4675
seqneut25to26_sera_4016,A/NewSouthWales/2526015584/2025_H3N2,plate16-2-A/NewSouthWales/2526015584/2025_H3N2,5921,0.9302,0.9302
seqneut25to26_sera_4016,A/NewSouthWales/2526015584/2025_H3N2,plate16-2-A/NewSouthWales/2526015584/2025_H3N2,1.362e+04,0.9076,0.9076
seqneut25to26_sera_4016,A/Norway/8765/2025_H3N2,plate16-2-A/Norway/8765/2025_H3N2,40,0.04243,0.04243
seqneut25to26_sera_4016,A/Norway/8765/2025_H3N2,plate16-2-A/Norway/8765/2025_H3N2,92,0.2542,0.2542
seqneut25to26_sera_4016,A/Norway/8765/2025_H3N2,plate16-2-A/Norway/8765/2025_H3N2,212,0.4754,0.4754
seqneut25to26_sera_4016,A/Norway/8765/2025_H3N2,plate16-2-A/Norway/8765/2025_H3N2,487,0.7574,0.7574
seqneut25to26_sera_4016,A/Norway/8765/2025_H3N2,plate16-2-A/Norway/8765/2025_H3N2,1119,0.5441,0.5441
seqneut25to26_sera_4016,A/Norway/8765/2025_H3N2,plate16-2-A/Norway/8765/2025_H3N2,2575,0.8264,0.8264
seqneut25to26_sera_4016,A/Norway/8765/2025_H3N2,plate16-2-A/Norway/8765/2025_H3N2,5921,1.234,1
seqneut25to26_sera_4016,A/Norway/8765/2025_H3N2,plate16-2-A/Norway/8765/2025_H3N2,1.362e+04,1.001,1
seqneut25to26_sera_4016,A/Norway/8976/2025_H3N2,plate16-2-A/Norway/8976/2025_H3N2,40,0.1148,0.1148
seqneut25to26_sera_4016,A/Norway/8976/2025_H3N2,plate16-2-A/Norway/8976/2025_H3N2,92,0.3434,0.3434
seqneut25to26_sera_4016,A/Norway/8976/2025_H3N2,plate16-2-A/Norway/8976/2025_H3N2,212,0.4558,0.4558
seqneut25to26_sera_4016,A/Norway/8976/2025_H3N2,plate16-2-A/Norway/8976/2025_H3N2,487,0.5447,0.5447
seqneut25to26_sera_4016,A/Norway/8976/2025_H3N2,plate16-2-A/Norway/8976/2025_H3N2,1119,0.555,0.555
seqneut25to26_sera_4016,A/Norway/8976/2025_H3N2,plate16-2-A/Norway/8976/2025_H3N2,2575,0.7056,0.7056
seqneut25to26_sera_4016,A/Norway/8976/2025_H3N2,plate16-2-A/Norway/8976/2025_H3N2,5921,0.8023,0.8023
seqneut25to26_sera_4016,A/Norway/8976/2025_H3N2,plate16-2-A/Norway/8976/2025_H3N2,1.362e+04,0.8785,0.8785
seqneut25to26_sera_4016,A/Norway/9107/2025_H1N1,plate16-2-A/Norway/9107/2025_H1N1,40,0.06028,0.06028
seqneut25to26_sera_4016,A/Norway/9107/2025_H1N1,plate16-2-A/Norway/9107/2025_H1N1,92,0.3096,0.3096
seqneut25to26_sera_4016,A/Norway/9107/2025_H1N1,plate16-2-A/Norway/9107/2025_H1N1,212,0.4964,0.4964
seqneut25to26_sera_4016,A/Norway/9107/2025_H1N1,plate16-2-A/Norway/9107/2025_H1N1,487,0.8273,0.8273
seqneut25to26_sera_4016,A/Norway/9107/2025_H1N1,plate16-2-A/Norway/9107/2025_H1N1,1119,0.8378,0.8378
seqneut25to26_sera_4016,A/Norway/9107/2025_H1N1,plate16-2-A/Norway/9107/2025_H1N1,2575,0.9432,0.9432
seqneut25to26_sera_4016,A/Norway/9107/2025_H1N1,plate16-2-A/Norway/9107/2025_H1N1,5921,1.121,1
seqneut25to26_sera_4016,A/Norway/9107/2025_H1N1,plate16-2-A/Norway/9107/2025_H1N1,1.362e+04,1.283,1
seqneut25to26_sera_4016,A/Norway/9556/2025_H1N1,plate16-2-A/Norway/9556/2025_H1N1,40,0.0005952,0.0005952
seqneut25to26_sera_4016,A/Norway/9556/2025_H1N1,plate16-2-A/Norway/9556/2025_H1N1,92,0.007158,0.007158
seqneut25to26_sera_4016,A/Norway/9556/2025_H1N1,plate16-2-A/Norway/9556/2025_H1N1,212,0.04441,0.04441
seqneut25to26_sera_4016,A/Norway/9556/2025_H1N1,plate16-2-A/Norway/9556/2025_H1N1,487,0.3643,0.3643
seqneut25to26_sera_4016,A/Norway/9556/2025_H1N1,plate16-2-A/Norway/9556/2025_H1N1,1119,0.4273,0.4273
seqneut25to26_sera_4016,A/Norway/9556/2025_H1N1,plate16-2-A/Norway/9556/2025_H1N1,2575,0.9209,0.9209
seqneut25to26_sera_4016,A/Norway/9556/2025_H1N1,plate16-2-A/Norway/9556/2025_H1N1,5921,1.543,1
seqneut25to26_sera_4016,A/Norway/9556/2025_H1N1,plate16-2-A/Norway/9556/2025_H1N1,1.362e+04,1.018,1
seqneut25to26_sera_4016,A/Peru/GIHSN-04-1089/2025_H3N2,plate16-2-A/Peru/GIHSN-04-1089/2025_H3N2,40,0.0663,0.0663
seqneut25to26_sera_4016,A/Peru/GIHSN-04-1089/2025_H3N2,plate16-2-A/Peru/GIHSN-04-1089/2025_H3N2,92,0.1794,0.1794
seqneut25to26_sera_4016,A/Peru/GIHSN-04-1089/2025_H3N2,plate16-2-A/Peru/GIHSN-04-1089/2025_H3N2,212,0.5378,0.5378
seqneut25to26_sera_4016,A/Peru/GIHSN-04-1089/2025_H3N2,plate16-2-A/Peru/GIHSN-04-1089/2025_H3N2,487,0.814,0.814
seqneut25to26_sera_4016,A/Peru/GIHSN-04-1089/2025_H3N2,plate16-2-A/Peru/GIHSN-04-1089/2025_H3N2,1119,0.485,0.485
seqneut25to26_sera_4016,A/Peru/GIHSN-04-1089/2025_H3N2,plate16-2-A/Peru/GIHSN-04-1089/2025_H3N2,2575,0.7686,0.7686
seqneut25to26_sera_4016,A/Peru/GIHSN-04-1089/2025_H3N2,plate16-2-A/Peru/GIHSN-04-1089/2025_H3N2,5921,1.373,1
seqneut25to26_sera_4016,A/Peru/GIHSN-04-1089/2025_H3N2,plate16-2-A/Peru/GIHSN-04-1089/2025_H3N2,1.362e+04,1.152,1
seqneut25to26_sera_4016,A/Philippines/SARI25-1425/2025_H1N1,plate16-2-A/Philippines/SARI25-1425/2025_H1N1,40,0.004267,0.004267
seqneut25to26_sera_4016,A/Philippines/SARI25-1425/2025_H1N1,plate16-2-A/Philippines/SARI25-1425/2025_H1N1,92,0.008776,0.008776
seqneut25to26_sera_4016,A/Philippines/SARI25-1425/2025_H1N1,plate16-2-A/Philippines/SARI25-1425/2025_H1N1,212,0.00589,0.00589
seqneut25to26_sera_4016,A/Philippines/SARI25-1425/2025_H1N1,plate16-2-A/Philippines/SARI25-1425/2025_H1N1,487,0.2554,0.2554
seqneut25to26_sera_4016,A/Philippines/SARI25-1425/2025_H1N1,plate16-2-A/Philippines/SARI25-1425/2025_H1N1,1119,0.5029,0.5029
seqneut25to26_sera_4016,A/Philippines/SARI25-1425/2025_H1N1,plate16-2-A/Philippines/SARI25-1425/2025_H1N1,2575,0.7604,0.7604
seqneut25to26_sera_4016,A/Philippines/SARI25-1425/2025_H1N1,plate16-2-A/Philippines/SARI25-1425/2025_H1N1,5921,1.033,1
seqneut25to26_sera_4016,A/Philippines/SARI25-1425/2025_H1N1,plate16-2-A/Philippines/SARI25-1425/2025_H1N1,1.362e+04,0.8483,0.8483
seqneut25to26_sera_4016,A/Queensland/2526516675/2025_H3N2,plate16-2-A/Queensland/2526516675/2025_H3N2,40,0.02136,0.02136
seqneut25to26_sera_4016,A/Queensland/2526516675/2025_H3N2,plate16-2-A/Queensland/2526516675/2025_H3N2,92,0.294,0.294
seqneut25to26_sera_4016,A/Queensland/2526516675/2025_H3N2,plate16-2-A/Queensland/2526516675/2025_H3N2,212,0.4054,0.4054
seqneut25to26_sera_4016,A/Queensland/2526516675/2025_H3N2,plate16-2-A/Queensland/2526516675/2025_H3N2,487,0.6512,0.6512
seqneut25to26_sera_4016,A/Queensland/2526516675/2025_H3N2,plate16-2-A/Queensland/2526516675/2025_H3N2,1119,0.5416,0.5416
seqneut25to26_sera_4016,A/Queensland/2526516675/2025_H3N2,plate16-2-A/Queensland/2526516675/2025_H3N2,2575,1.002,1
seqneut25to26_sera_4016,A/Queensland/2526516675/2025_H3N2,plate16-2-A/Queensland/2526516675/2025_H3N2,5921,1.47,1
seqneut25to26_sera_4016,A/Queensland/2526516675/2025_H3N2,plate16-2-A/Queensland/2526516675/2025_H3N2,1.362e+04,1.051,1
seqneut25to26_sera_4016,A/SouthAfrica/PET37604/2025_H3N2,plate16-2-A/SouthAfrica/PET37604/2025_H3N2,40,0.01745,0.01745
seqneut25to26_sera_4016,A/SouthAfrica/PET37604/2025_H3N2,plate16-2-A/SouthAfrica/PET37604/2025_H3N2,92,0.1993,0.1993
seqneut25to26_sera_4016,A/SouthAfrica/PET37604/2025_H3N2,plate16-2-A/SouthAfrica/PET37604/2025_H3N2,212,0.4358,0.4358
seqneut25to26_sera_4016,A/SouthAfrica/PET37604/2025_H3N2,plate16-2-A/SouthAfrica/PET37604/2025_H3N2,487,0.3257,0.3257
seqneut25to26_sera_4016,A/SouthAfrica/PET37604/2025_H3N2,plate16-2-A/SouthAfrica/PET37604/2025_H3N2,1119,0.6064,0.6064
seqneut25to26_sera_4016,A/SouthAfrica/PET37604/2025_H3N2,plate16-2-A/SouthAfrica/PET37604/2025_H3N2,2575,1.064,1
seqneut25to26_sera_4016,A/SouthAfrica/PET37604/2025_H3N2,plate16-2-A/SouthAfrica/PET37604/2025_H3N2,5921,1.227,1
seqneut25to26_sera_4016,A/SouthAfrica/PET37604/2025_H3N2,plate16-2-A/SouthAfrica/PET37604/2025_H3N2,1.362e+04,1.087,1
seqneut25to26_sera_4016,A/SouthAfrica/PET37625/2025_H3N2,plate16-2-A/SouthAfrica/PET37625/2025_H3N2,40,0.05153,0.05153
seqneut25to26_sera_4016,A/SouthAfrica/PET37625/2025_H3N2,plate16-2-A/SouthAfrica/PET37625/2025_H3N2,92,0.3518,0.3518
seqneut25to26_sera_4016,A/SouthAfrica/PET37625/2025_H3N2,plate16-2-A/SouthAfrica/PET37625/2025_H3N2,212,0.4483,0.4483
seqneut25to26_sera_4016,A/SouthAfrica/PET37625/2025_H3N2,plate16-2-A/SouthAfrica/PET37625/2025_H3N2,487,0.5132,0.5132
seqneut25to26_sera_4016,A/SouthAfrica/PET37625/2025_H3N2,plate16-2-A/SouthAfrica/PET37625/2025_H3N2,1119,0.5685,0.5685
seqneut25to26_sera_4016,A/SouthAfrica/PET37625/2025_H3N2,plate16-2-A/SouthAfrica/PET37625/2025_H3N2,2575,0.5329,0.5329
seqneut25to26_sera_4016,A/SouthAfrica/PET37625/2025_H3N2,plate16-2-A/SouthAfrica/PET37625/2025_H3N2,5921,0.9832,0.9832
seqneut25to26_sera_4016,A/SouthAfrica/PET37625/2025_H3N2,plate16-2-A/SouthAfrica/PET37625/2025_H3N2,1.362e+04,0.8726,0.8726
seqneut25to26_sera_4016,A/SouthAustralia/2519001037/2025_H1N1,plate16-2-A/SouthAustralia/2519001037/2025_H1N1,40,0.06191,0.06191
seqneut25to26_sera_4016,A/SouthAustralia/2519001037/2025_H1N1,plate16-2-A/SouthAustralia/2519001037/2025_H1N1,92,0.2126,0.2126
seqneut25to26_sera_4016,A/SouthAustralia/2519001037/2025_H1N1,plate16-2-A/SouthAustralia/2519001037/2025_H1N1,212,0.3854,0.3854
seqneut25to26_sera_4016,A/SouthAustralia/2519001037/2025_H1N1,plate16-2-A/SouthAustralia/2519001037/2025_H1N1,487,0.62,0.62
seqneut25to26_sera_4016,A/SouthAustralia/2519001037/2025_H1N1,plate16-2-A/SouthAustralia/2519001037/2025_H1N1,1119,1.062,1
seqneut25to26_sera_4016,A/SouthAustralia/2519001037/2025_H1N1,plate16-2-A/SouthAustralia/2519001037/2025_H1N1,2575,0.7386,0.7386
seqneut25to26_sera_4016,A/SouthAustralia/2519001037/2025_H1N1,plate16-2-A/SouthAustralia/2519001037/2025_H1N1,5921,1.423,1
seqneut25to26_sera_4016,A/SouthAustralia/2519001037/2025_H1N1,plate16-2-A/SouthAustralia/2519001037/2025_H1N1,1.362e+04,0.9231,0.9231
seqneut25to26_sera_4016,A/SouthAustralia/2520702747/2025_H1N1,plate16-2-A/SouthAustralia/2520702747/2025_H1N1,40,0.09313,0.09313
seqneut25to26_sera_4016,A/SouthAustralia/2520702747/2025_H1N1,plate16-2-A/SouthAustralia/2520702747/2025_H1N1,92,0.275,0.275
seqneut25to26_sera_4016,A/SouthAustralia/2520702747/2025_H1N1,plate16-2-A/SouthAustralia/2520702747/2025_H1N1,212,0.4276,0.4276
seqneut25to26_sera_4016,A/SouthAustralia/2520702747/2025_H1N1,plate16-2-A/SouthAustralia/2520702747/2025_H1N1,487,0.8038,0.8038
seqneut25to26_sera_4016,A/SouthAustralia/2520702747/2025_H1N1,plate16-2-A/SouthAustralia/2520702747/2025_H1N1,1119,1.292,1
seqneut25to26_sera_4016,A/SouthAustralia/2520702747/2025_H1N1,plate16-2-A/SouthAustralia/2520702747/2025_H1N1,2575,1.1,1
seqneut25to26_sera_4016,A/SouthAustralia/2520702747/2025_H1N1,plate16-2-A/SouthAustralia/2520702747/2025_H1N1,5921,0.9138,0.9138
seqneut25to26_sera_4016,A/SouthAustralia/2520702747/2025_H1N1,plate16-2-A/SouthAustralia/2520702747/2025_H1N1,1.362e+04,0.9416,0.9416
seqneut25to26_sera_4016,A/SouthAustralia/2523012764/2025_H1N1,plate16-2-A/SouthAustralia/2523012764/2025_H1N1,40,0.05648,0.05648
seqneut25to26_sera_4016,A/SouthAustralia/2523012764/2025_H1N1,plate16-2-A/SouthAustralia/2523012764/2025_H1N1,92,0.3611,0.3611
seqneut25to26_sera_4016,A/SouthAustralia/2523012764/2025_H1N1,plate16-2-A/SouthAustralia/2523012764/2025_H1N1,212,0.7213,0.7213
seqneut25to26_sera_4016,A/SouthAustralia/2523012764/2025_H1N1,plate16-2-A/SouthAustralia/2523012764/2025_H1N1,487,0.6124,0.6124
seqneut25to26_sera_4016,A/SouthAustralia/2523012764/2025_H1N1,plate16-2-A/SouthAustralia/2523012764/2025_H1N1,1119,0.6732,0.6732
seqneut25to26_sera_4016,A/SouthAustralia/2523012764/2025_H1N1,plate16-2-A/SouthAustralia/2523012764/2025_H1N1,2575,0.8987,0.8987
seqneut25to26_sera_4016,A/SouthAustralia/2523012764/2025_H1N1,plate16-2-A/SouthAustralia/2523012764/2025_H1N1,5921,2.299,1
seqneut25to26_sera_4016,A/SouthAustralia/2523012764/2025_H1N1,plate16-2-A/SouthAustralia/2523012764/2025_H1N1,1.362e+04,1.199,1
seqneut25to26_sera_4016,A/SouthAustralia/2523812314/2025_H3N2,plate16-2-A/SouthAustralia/2523812314/2025_H3N2,40,0.08811,0.08811
seqneut25to26_sera_4016,A/SouthAustralia/2523812314/2025_H3N2,plate16-2-A/SouthAustralia/2523812314/2025_H3N2,92,0.2241,0.2241
seqneut25to26_sera_4016,A/SouthAustralia/2523812314/2025_H3N2,plate16-2-A/SouthAustralia/2523812314/2025_H3N2,212,0.3741,0.3741
seqneut25to26_sera_4016,A/SouthAustralia/2523812314/2025_H3N2,plate16-2-A/SouthAustralia/2523812314/2025_H3N2,487,0.5461,0.5461
seqneut25to26_sera_4016,A/SouthAustralia/2523812314/2025_H3N2,plate16-2-A/SouthAustralia/2523812314/2025_H3N2,1119,0.4979,0.4979
seqneut25to26_sera_4016,A/SouthAustralia/2523812314/2025_H3N2,plate16-2-A/SouthAustralia/2523812314/2025_H3N2,2575,0.8625,0.8625
seqneut25to26_sera_4016,A/SouthAustralia/2523812314/2025_H3N2,plate16-2-A/SouthAustralia/2523812314/2025_H3N2,5921,1.016,1
seqneut25to26_sera_4016,A/SouthAustralia/2523812314/2025_H3N2,plate16-2-A/SouthAustralia/2523812314/2025_H3N2,1.362e+04,0.802,0.802
seqneut25to26_sera_4016,A/SouthAustralia/2524408801/2025_H3N2,plate16-2-A/SouthAustralia/2524408801/2025_H3N2,40,0.09398,0.09398
seqneut25to26_sera_4016,A/SouthAustralia/2524408801/2025_H3N2,plate16-2-A/SouthAustralia/2524408801/2025_H3N2,92,0.1882,0.1882
seqneut25to26_sera_4016,A/SouthAustralia/2524408801/2025_H3N2,plate16-2-A/SouthAustralia/2524408801/2025_H3N2,212,0.6194,0.6194
seqneut25to26_sera_4016,A/SouthAustralia/2524408801/2025_H3N2,plate16-2-A/SouthAustralia/2524408801/2025_H3N2,487,0.538,0.538
seqneut25to26_sera_4016,A/SouthAustralia/2524408801/2025_H3N2,plate16-2-A/SouthAustralia/2524408801/2025_H3N2,1119,0.6178,0.6178
seqneut25to26_sera_4016,A/SouthAustralia/2524408801/2025_H3N2,plate16-2-A/SouthAustralia/2524408801/2025_H3N2,2575,0.7544,0.7544
seqneut25to26_sera_4016,A/SouthAustralia/2524408801/2025_H3N2,plate16-2-A/SouthAustralia/2524408801/2025_H3N2,5921,1.352,1
seqneut25to26_sera_4016,A/SouthAustralia/2524408801/2025_H3N2,plate16-2-A/SouthAustralia/2524408801/2025_H3N2,1.362e+04,0.9077,0.9077
seqneut25to26_sera_4016,A/SouthAustralia/2524712956/2025_H1N1,plate16-2-A/SouthAustralia/2524712956/2025_H1N1,40,0.04859,0.04859
seqneut25to26_sera_4016,A/SouthAustralia/2524712956/2025_H1N1,plate16-2-A/SouthAustralia/2524712956/2025_H1N1,92,0.3404,0.3404
seqneut25to26_sera_4016,A/SouthAustralia/2524712956/2025_H1N1,plate16-2-A/SouthAustralia/2524712956/2025_H1N1,212,0.4403,0.4403
seqneut25to26_sera_4016,A/SouthAustralia/2524712956/2025_H1N1,plate16-2-A/SouthAustralia/2524712956/2025_H1N1,487,0.7161,0.7161
seqneut25to26_sera_4016,A/SouthAustralia/2524712956/2025_H1N1,plate16-2-A/SouthAustralia/2524712956/2025_H1N1,1119,0.8716,0.8716
seqneut25to26_sera_4016,A/SouthAustralia/2524712956/2025_H1N1,plate16-2-A/SouthAustralia/2524712956/2025_H1N1,2575,0.9869,0.9869
seqneut25to26_sera_4016,A/SouthAustralia/2524712956/2025_H1N1,plate16-2-A/SouthAustralia/2524712956/2025_H1N1,5921,1.304,1
seqneut25to26_sera_4016,A/SouthAustralia/2524712956/2025_H1N1,plate16-2-A/SouthAustralia/2524712956/2025_H1N1,1.362e+04,1.411,1
seqneut25to26_sera_4016,A/SouthAustralia/2525607496/2025_H3N2,plate16-2-A/SouthAustralia/2525607496/2025_H3N2,40,0.02587,0.02587
seqneut25to26_sera_4016,A/SouthAustralia/2525607496/2025_H3N2,plate16-2-A/SouthAustralia/2525607496/2025_H3N2,92,0.1705,0.1705
seqneut25to26_sera_4016,A/SouthAustralia/2525607496/2025_H3N2,plate16-2-A/SouthAustralia/2525607496/2025_H3N2,212,0.5304,0.5304
seqneut25to26_sera_4016,A/SouthAustralia/2525607496/2025_H3N2,plate16-2-A/SouthAustralia/2525607496/2025_H3N2,487,0.3724,0.3724
seqneut25to26_sera_4016,A/SouthAustralia/2525607496/2025_H3N2,plate16-2-A/SouthAustralia/2525607496/2025_H3N2,1119,0.7778,0.7778
seqneut25to26_sera_4016,A/SouthAustralia/2525607496/2025_H3N2,plate16-2-A/SouthAustralia/2525607496/2025_H3N2,2575,0.7872,0.7872
seqneut25to26_sera_4016,A/SouthAustralia/2525607496/2025_H3N2,plate16-2-A/SouthAustralia/2525607496/2025_H3N2,5921,0.8569,0.8569
seqneut25to26_sera_4016,A/SouthAustralia/2525607496/2025_H3N2,plate16-2-A/SouthAustralia/2525607496/2025_H3N2,1.362e+04,0.7211,0.7211
seqneut25to26_sera_4016,A/SouthAustralia/2527003588/2025_H3N2,plate16-2-A/SouthAustralia/2527003588/2025_H3N2,40,0.1546,0.1546
seqneut25to26_sera_4016,A/SouthAustralia/2527003588/2025_H3N2,plate16-2-A/SouthAustralia/2527003588/2025_H3N2,92,0.4143,0.4143
seqneut25to26_sera_4016,A/SouthAustralia/2527003588/2025_H3N2,plate16-2-A/SouthAustralia/2527003588/2025_H3N2,212,0.4122,0.4122
seqneut25to26_sera_4016,A/SouthAustralia/2527003588/2025_H3N2,plate16-2-A/SouthAustralia/2527003588/2025_H3N2,487,0.5782,0.5782
seqneut25to26_sera_4016,A/SouthAustralia/2527003588/2025_H3N2,plate16-2-A/SouthAustralia/2527003588/2025_H3N2,1119,0.5479,0.5479
seqneut25to26_sera_4016,A/SouthAustralia/2527003588/2025_H3N2,plate16-2-A/SouthAustralia/2527003588/2025_H3N2,2575,0.8853,0.8853
seqneut25to26_sera_4016,A/SouthAustralia/2527003588/2025_H3N2,plate16-2-A/SouthAustralia/2527003588/2025_H3N2,5921,1.07,1
seqneut25to26_sera_4016,A/SouthAustralia/2527003588/2025_H3N2,plate16-2-A/SouthAustralia/2527003588/2025_H3N2,1.362e+04,0.893,0.893
seqneut25to26_sera_4016,A/SouthAustralia/2527213276/2025_H3N2,plate16-2-A/SouthAustralia/2527213276/2025_H3N2,40,0.02615,0.02615
seqneut25to26_sera_4016,A/SouthAustralia/2527213276/2025_H3N2,plate16-2-A/SouthAustralia/2527213276/2025_H3N2,92,0.08492,0.08492
seqneut25to26_sera_4016,A/SouthAustralia/2527213276/2025_H3N2,plate16-2-A/SouthAustralia/2527213276/2025_H3N2,212,1.046,1
seqneut25to26_sera_4016,A/SouthAustralia/2527213276/2025_H3N2,plate16-2-A/SouthAustralia/2527213276/2025_H3N2,487,0.6721,0.6721
seqneut25to26_sera_4016,A/SouthAustralia/2527213276/2025_H3N2,plate16-2-A/SouthAustralia/2527213276/2025_H3N2,1119,0.3653,0.3653
seqneut25to26_sera_4016,A/SouthAustralia/2527213276/2025_H3N2,plate16-2-A/SouthAustralia/2527213276/2025_H3N2,2575,0.726,0.726
seqneut25to26_sera_4016,A/SouthAustralia/2527213276/2025_H3N2,plate16-2-A/SouthAustralia/2527213276/2025_H3N2,5921,1.044,1
seqneut25to26_sera_4016,A/SouthAustralia/2527213276/2025_H3N2,plate16-2-A/SouthAustralia/2527213276/2025_H3N2,1.362e+04,1.153,1
seqneut25to26_sera_4016,A/SouthAustralia/2527612456/2025_H1N1,plate16-2-A/SouthAustralia/2527612456/2025_H1N1,40,0.08252,0.08252
seqneut25to26_sera_4016,A/SouthAustralia/2527612456/2025_H1N1,plate16-2-A/SouthAustralia/2527612456/2025_H1N1,92,0.4852,0.4852
seqneut25to26_sera_4016,A/SouthAustralia/2527612456/2025_H1N1,plate16-2-A/SouthAustralia/2527612456/2025_H1N1,212,0.8055,0.8055
seqneut25to26_sera_4016,A/SouthAustralia/2527612456/2025_H1N1,plate16-2-A/SouthAustralia/2527612456/2025_H1N1,487,0.9832,0.9832
seqneut25to26_sera_4016,A/SouthAustralia/2527612456/2025_H1N1,plate16-2-A/SouthAustralia/2527612456/2025_H1N1,1119,0.8905,0.8905
seqneut25to26_sera_4016,A/SouthAustralia/2527612456/2025_H1N1,plate16-2-A/SouthAustralia/2527612456/2025_H1N1,2575,1.506,1
seqneut25to26_sera_4016,A/SouthAustralia/2527612456/2025_H1N1,plate16-2-A/SouthAustralia/2527612456/2025_H1N1,5921,1.37,1
seqneut25to26_sera_4016,A/SouthAustralia/2527612456/2025_H1N1,plate16-2-A/SouthAustralia/2527612456/2025_H1N1,1.362e+04,0.8558,0.8558
seqneut25to26_sera_4016,A/SouthAustralia/2527902708/2025_H3N2,plate16-2-A/SouthAustralia/2527902708/2025_H3N2,40,0.05453,0.05453
seqneut25to26_sera_4016,A/SouthAustralia/2527902708/2025_H3N2,plate16-2-A/SouthAustralia/2527902708/2025_H3N2,92,0.5759,0.5759
seqneut25to26_sera_4016,A/SouthAustralia/2527902708/2025_H3N2,plate16-2-A/SouthAustralia/2527902708/2025_H3N2,212,0.3038,0.3038
seqneut25to26_sera_4016,A/SouthAustralia/2527902708/2025_H3N2,plate16-2-A/SouthAustralia/2527902708/2025_H3N2,487,0.7357,0.7357
seqneut25to26_sera_4016,A/SouthAustralia/2527902708/2025_H3N2,plate16-2-A/SouthAustralia/2527902708/2025_H3N2,1119,0.439,0.439
seqneut25to26_sera_4016,A/SouthAustralia/2527902708/2025_H3N2,plate16-2-A/SouthAustralia/2527902708/2025_H3N2,2575,0.8017,0.8017
seqneut25to26_sera_4016,A/SouthAustralia/2527902708/2025_H3N2,plate16-2-A/SouthAustralia/2527902708/2025_H3N2,5921,1.1,1
seqneut25to26_sera_4016,A/SouthAustralia/2527902708/2025_H3N2,plate16-2-A/SouthAustralia/2527902708/2025_H3N2,1.362e+04,1.357,1
seqneut25to26_sera_4016,A/Sydney/1359/2024_H3N2,plate16-2-A/Sydney/1359/2024_H3N2,40,0.05143,0.05143
seqneut25to26_sera_4016,A/Sydney/1359/2024_H3N2,plate16-2-A/Sydney/1359/2024_H3N2,92,0.1273,0.1273
seqneut25to26_sera_4016,A/Sydney/1359/2024_H3N2,plate16-2-A/Sydney/1359/2024_H3N2,212,0.3141,0.3141
seqneut25to26_sera_4016,A/Sydney/1359/2024_H3N2,plate16-2-A/Sydney/1359/2024_H3N2,487,0.6924,0.6924
seqneut25to26_sera_4016,A/Sydney/1359/2024_H3N2,plate16-2-A/Sydney/1359/2024_H3N2,1119,0.3918,0.3918
seqneut25to26_sera_4016,A/Sydney/1359/2024_H3N2,plate16-2-A/Sydney/1359/2024_H3N2,2575,0.9203,0.9203
seqneut25to26_sera_4016,A/Sydney/1359/2024_H3N2,plate16-2-A/Sydney/1359/2024_H3N2,5921,1.136,1
seqneut25to26_sera_4016,A/Sydney/1359/2024_H3N2,plate16-2-A/Sydney/1359/2024_H3N2,1.362e+04,0.8006,0.8006
seqneut25to26_sera_4016,A/Sydney/400/2025_H1N1,plate16-2-A/Sydney/400/2025_H1N1,40,0.06053,0.06053
seqneut25to26_sera_4016,A/Sydney/400/2025_H1N1,plate16-2-A/Sydney/400/2025_H1N1,92,0.2431,0.2431
seqneut25to26_sera_4016,A/Sydney/400/2025_H1N1,plate16-2-A/Sydney/400/2025_H1N1,212,0.3979,0.3979
seqneut25to26_sera_4016,A/Sydney/400/2025_H1N1,plate16-2-A/Sydney/400/2025_H1N1,487,0.4993,0.4993
seqneut25to26_sera_4016,A/Sydney/400/2025_H1N1,plate16-2-A/Sydney/400/2025_H1N1,1119,0.5237,0.5237
seqneut25to26_sera_4016,A/Sydney/400/2025_H1N1,plate16-2-A/Sydney/400/2025_H1N1,2575,0.9197,0.9197
seqneut25to26_sera_4016,A/Sydney/400/2025_H1N1,plate16-2-A/Sydney/400/2025_H1N1,5921,0.7851,0.7851
seqneut25to26_sera_4016,A/Sydney/400/2025_H1N1,plate16-2-A/Sydney/400/2025_H1N1,1.362e+04,1.348,1
seqneut25to26_sera_4016,A/Tasmania/2521815682/2025_H3N2,plate16-2-A/Tasmania/2521815682/2025_H3N2,40,0.06656,0.06656
seqneut25to26_sera_4016,A/Tasmania/2521815682/2025_H3N2,plate16-2-A/Tasmania/2521815682/2025_H3N2,92,0.3348,0.3348
seqneut25to26_sera_4016,A/Tasmania/2521815682/2025_H3N2,plate16-2-A/Tasmania/2521815682/2025_H3N2,212,0.5724,0.5724
seqneut25to26_sera_4016,A/Tasmania/2521815682/2025_H3N2,plate16-2-A/Tasmania/2521815682/2025_H3N2,487,0.6547,0.6547
seqneut25to26_sera_4016,A/Tasmania/2521815682/2025_H3N2,plate16-2-A/Tasmania/2521815682/2025_H3N2,1119,0.4028,0.4028
seqneut25to26_sera_4016,A/Tasmania/2521815682/2025_H3N2,plate16-2-A/Tasmania/2521815682/2025_H3N2,2575,0.716,0.716
seqneut25to26_sera_4016,A/Tasmania/2521815682/2025_H3N2,plate16-2-A/Tasmania/2521815682/2025_H3N2,5921,1.164,1
seqneut25to26_sera_4016,A/Tasmania/2521815682/2025_H3N2,plate16-2-A/Tasmania/2521815682/2025_H3N2,1.362e+04,0.9943,0.9943
seqneut25to26_sera_4016,A/Thailand/8/2022_H3N2,plate16-2-A/Thailand/8/2022_H3N2,40,0.004639,0.004639
seqneut25to26_sera_4016,A/Thailand/8/2022_H3N2,plate16-2-A/Thailand/8/2022_H3N2,92,0.2391,0.2391
seqneut25to26_sera_4016,A/Thailand/8/2022_H3N2,plate16-2-A/Thailand/8/2022_H3N2,212,0.6639,0.6639
seqneut25to26_sera_4016,A/Thailand/8/2022_H3N2,plate16-2-A/Thailand/8/2022_H3N2,487,0.4839,0.4839
seqneut25to26_sera_4016,A/Thailand/8/2022_H3N2,plate16-2-A/Thailand/8/2022_H3N2,1119,0.5214,0.5214
seqneut25to26_sera_4016,A/Thailand/8/2022_H3N2,plate16-2-A/Thailand/8/2022_H3N2,2575,0.8782,0.8782
seqneut25to26_sera_4016,A/Thailand/8/2022_H3N2,plate16-2-A/Thailand/8/2022_H3N2,5921,0.5877,0.5877
seqneut25to26_sera_4016,A/Thailand/8/2022_H3N2,plate16-2-A/Thailand/8/2022_H3N2,1.362e+04,0.8442,0.8442
seqneut25to26_sera_4016,A/Vermont/73/2025_H3N2,plate16-2-A/Vermont/73/2025_H3N2,40,0.1047,0.1047
seqneut25to26_sera_4016,A/Vermont/73/2025_H3N2,plate16-2-A/Vermont/73/2025_H3N2,92,0.1911,0.1911
seqneut25to26_sera_4016,A/Vermont/73/2025_H3N2,plate16-2-A/Vermont/73/2025_H3N2,212,0.4899,0.4899
seqneut25to26_sera_4016,A/Vermont/73/2025_H3N2,plate16-2-A/Vermont/73/2025_H3N2,487,0.3462,0.3462
seqneut25to26_sera_4016,A/Vermont/73/2025_H3N2,plate16-2-A/Vermont/73/2025_H3N2,1119,0.5514,0.5514
seqneut25to26_sera_4016,A/Vermont/73/2025_H3N2,plate16-2-A/Vermont/73/2025_H3N2,2575,0.6873,0.6873
seqneut25to26_sera_4016,A/Vermont/73/2025_H3N2,plate16-2-A/Vermont/73/2025_H3N2,5921,0.8209,0.8209
seqneut25to26_sera_4016,A/Vermont/73/2025_H3N2,plate16-2-A/Vermont/73/2025_H3N2,1.362e+04,0.8956,0.8956
seqneut25to26_sera_4016,A/Victoria/4897/2022_IVR-238_H1N1,plate16-2-A/Victoria/4897/2022_IVR-238_H1N1,40,0,0
seqneut25to26_sera_4016,A/Victoria/4897/2022_IVR-238_H1N1,plate16-2-A/Victoria/4897/2022_IVR-238_H1N1,92,0,0
seqneut25to26_sera_4016,A/Victoria/4897/2022_IVR-238_H1N1,plate16-2-A/Victoria/4897/2022_IVR-238_H1N1,212,0.003188,0.003188
seqneut25to26_sera_4016,A/Victoria/4897/2022_IVR-238_H1N1,plate16-2-A/Victoria/4897/2022_IVR-238_H1N1,487,0.2007,0.2007
seqneut25to26_sera_4016,A/Victoria/4897/2022_IVR-238_H1N1,plate16-2-A/Victoria/4897/2022_IVR-238_H1N1,1119,0.3723,0.3723
seqneut25to26_sera_4016,A/Victoria/4897/2022_IVR-238_H1N1,plate16-2-A/Victoria/4897/2022_IVR-238_H1N1,2575,0.7761,0.7761
seqneut25to26_sera_4016,A/Victoria/4897/2022_IVR-238_H1N1,plate16-2-A/Victoria/4897/2022_IVR-238_H1N1,5921,1.326,1
seqneut25to26_sera_4016,A/Victoria/4897/2022_IVR-238_H1N1,plate16-2-A/Victoria/4897/2022_IVR-238_H1N1,1.362e+04,0.9793,0.9793
seqneut25to26_sera_4016,A/Wisconsin/588/2019_H1N1,plate16-2-A/Wisconsin/588/2019_H1N1,40,0.0001779,0.0001779
seqneut25to26_sera_4016,A/Wisconsin/588/2019_H1N1,plate16-2-A/Wisconsin/588/2019_H1N1,92,0.02388,0.02388
seqneut25to26_sera_4016,A/Wisconsin/588/2019_H1N1,plate16-2-A/Wisconsin/588/2019_H1N1,212,0.0809,0.0809
seqneut25to26_sera_4016,A/Wisconsin/588/2019_H1N1,plate16-2-A/Wisconsin/588/2019_H1N1,487,0.5081,0.5081
seqneut25to26_sera_4016,A/Wisconsin/588/2019_H1N1,plate16-2-A/Wisconsin/588/2019_H1N1,1119,0.6537,0.6537
seqneut25to26_sera_4016,A/Wisconsin/588/2019_H1N1,plate16-2-A/Wisconsin/588/2019_H1N1,2575,1.018,1
seqneut25to26_sera_4016,A/Wisconsin/588/2019_H1N1,plate16-2-A/Wisconsin/588/2019_H1N1,5921,1.085,1
seqneut25to26_sera_4016,A/Wisconsin/588/2019_H1N1,plate16-2-A/Wisconsin/588/2019_H1N1,1.362e+04,1.222,1
seqneut25to26_sera_4016,A/Wisconsin/67/2022_H1N1,plate16-2-A/Wisconsin/67/2022_H1N1,40,0.0978,0.0978
seqneut25to26_sera_4016,A/Wisconsin/67/2022_H1N1,plate16-2-A/Wisconsin/67/2022_H1N1,92,0.353,0.353
seqneut25to26_sera_4016,A/Wisconsin/67/2022_H1N1,plate16-2-A/Wisconsin/67/2022_H1N1,212,0.5267,0.5267
seqneut25to26_sera_4016,A/Wisconsin/67/2022_H1N1,plate16-2-A/Wisconsin/67/2022_H1N1,487,0.9486,0.9486
seqneut25to26_sera_4016,A/Wisconsin/67/2022_H1N1,plate16-2-A/Wisconsin/67/2022_H1N1,1119,0.5731,0.5731
seqneut25to26_sera_4016,A/Wisconsin/67/2022_H1N1,plate16-2-A/Wisconsin/67/2022_H1N1,2575,0.7354,0.7354
seqneut25to26_sera_4016,A/Wisconsin/67/2022_H1N1,plate16-2-A/Wisconsin/67/2022_H1N1,5921,1.53,1
seqneut25to26_sera_4016,A/Wisconsin/67/2022_H1N1,plate16-2-A/Wisconsin/67/2022_H1N1,1.362e+04,1.916,1
seqneut25to26_sera_4016,A/Zacapa/FLU-261/2025_H1N1,plate16-2-A/Zacapa/FLU-261/2025_H1N1,40,0.05572,0.05572
seqneut25to26_sera_4016,A/Zacapa/FLU-261/2025_H1N1,plate16-2-A/Zacapa/FLU-261/2025_H1N1,92,0.254,0.254
seqneut25to26_sera_4016,A/Zacapa/FLU-261/2025_H1N1,plate16-2-A/Zacapa/FLU-261/2025_H1N1,212,0.603,0.603
seqneut25to26_sera_4016,A/Zacapa/FLU-261/2025_H1N1,plate16-2-A/Zacapa/FLU-261/2025_H1N1,487,0.5525,0.5525
seqneut25to26_sera_4016,A/Zacapa/FLU-261/2025_H1N1,plate16-2-A/Zacapa/FLU-261/2025_H1N1,1119,0.7174,0.7174
seqneut25to26_sera_4016,A/Zacapa/FLU-261/2025_H1N1,plate16-2-A/Zacapa/FLU-261/2025_H1N1,2575,1.249,1
seqneut25to26_sera_4016,A/Zacapa/FLU-261/2025_H1N1,plate16-2-A/Zacapa/FLU-261/2025_H1N1,5921,1.282,1
seqneut25to26_sera_4016,A/Zacapa/FLU-261/2025_H1N1,plate16-2-A/Zacapa/FLU-261/2025_H1N1,1.362e+04,1.09,1
seqneut25to26_sera_4017,A/Alagoas/4130/2025_H3N2,plate16-2-A/Alagoas/4130/2025_H3N2,40,0.01344,0.01344
seqneut25to26_sera_4017,A/Alagoas/4130/2025_H3N2,plate16-2-A/Alagoas/4130/2025_H3N2,92,0.08993,0.08993
seqneut25to26_sera_4017,A/Alagoas/4130/2025_H3N2,plate16-2-A/Alagoas/4130/2025_H3N2,212,0.268,0.268
seqneut25to26_sera_4017,A/Alagoas/4130/2025_H3N2,plate16-2-A/Alagoas/4130/2025_H3N2,487,0.3684,0.3684
seqneut25to26_sera_4017,A/Alagoas/4130/2025_H3N2,plate16-2-A/Alagoas/4130/2025_H3N2,1119,0.5421,0.5421
seqneut25to26_sera_4017,A/Alagoas/4130/2025_H3N2,plate16-2-A/Alagoas/4130/2025_H3N2,2575,0.7254,0.7254
seqneut25to26_sera_4017,A/Alagoas/4130/2025_H3N2,plate16-2-A/Alagoas/4130/2025_H3N2,5921,1.033,1
seqneut25to26_sera_4017,A/Alagoas/4130/2025_H3N2,plate16-2-A/Alagoas/4130/2025_H3N2,1.362e+04,1.058,1
seqneut25to26_sera_4017,A/Anapolis/LEIAL6543/2025_H3N2,plate16-2-A/Anapolis/LEIAL6543/2025_H3N2,40,0.08306,0.08306
seqneut25to26_sera_4017,A/Anapolis/LEIAL6543/2025_H3N2,plate16-2-A/Anapolis/LEIAL6543/2025_H3N2,92,0.0808,0.0808
seqneut25to26_sera_4017,A/Anapolis/LEIAL6543/2025_H3N2,plate16-2-A/Anapolis/LEIAL6543/2025_H3N2,212,0.2106,0.2106
seqneut25to26_sera_4017,A/Anapolis/LEIAL6543/2025_H3N2,plate16-2-A/Anapolis/LEIAL6543/2025_H3N2,487,0.5256,0.5256
seqneut25to26_sera_4017,A/Anapolis/LEIAL6543/2025_H3N2,plate16-2-A/Anapolis/LEIAL6543/2025_H3N2,1119,0.7372,0.7372
seqneut25to26_sera_4017,A/Anapolis/LEIAL6543/2025_H3N2,plate16-2-A/Anapolis/LEIAL6543/2025_H3N2,2575,0.534,0.534
seqneut25to26_sera_4017,A/Anapolis/LEIAL6543/2025_H3N2,plate16-2-A/Anapolis/LEIAL6543/2025_H3N2,5921,1.233,1
seqneut25to26_sera_4017,A/Anapolis/LEIAL6543/2025_H3N2,plate16-2-A/Anapolis/LEIAL6543/2025_H3N2,1.362e+04,0.9477,0.9477
seqneut25to26_sera_4017,A/Andalucia/PMC-00977/2025_H1N1,plate16-2-A/Andalucia/PMC-00977/2025_H1N1,40,0.08288,0.08288
seqneut25to26_sera_4017,A/Andalucia/PMC-00977/2025_H1N1,plate16-2-A/Andalucia/PMC-00977/2025_H1N1,92,0.5413,0.5413
seqneut25to26_sera_4017,A/Andalucia/PMC-00977/2025_H1N1,plate16-2-A/Andalucia/PMC-00977/2025_H1N1,212,0.691,0.691
seqneut25to26_sera_4017,A/Andalucia/PMC-00977/2025_H1N1,plate16-2-A/Andalucia/PMC-00977/2025_H1N1,487,0.7578,0.7578
seqneut25to26_sera_4017,A/Andalucia/PMC-00977/2025_H1N1,plate16-2-A/Andalucia/PMC-00977/2025_H1N1,1119,1.047,1
seqneut25to26_sera_4017,A/Andalucia/PMC-00977/2025_H1N1,plate16-2-A/Andalucia/PMC-00977/2025_H1N1,2575,1.373,1
seqneut25to26_sera_4017,A/Andalucia/PMC-00977/2025_H1N1,plate16-2-A/Andalucia/PMC-00977/2025_H1N1,5921,1.898,1
seqneut25to26_sera_4017,A/Andalucia/PMC-00977/2025_H1N1,plate16-2-A/Andalucia/PMC-00977/2025_H1N1,1.362e+04,1.182,1
seqneut25to26_sera_4017,A/Aragon/2046/2025_H1N1,plate16-2-A/Aragon/2046/2025_H1N1,40,0.08657,0.08657
seqneut25to26_sera_4017,A/Aragon/2046/2025_H1N1,plate16-2-A/Aragon/2046/2025_H1N1,92,0.3698,0.3698
seqneut25to26_sera_4017,A/Aragon/2046/2025_H1N1,plate16-2-A/Aragon/2046/2025_H1N1,212,0.5517,0.5517
seqneut25to26_sera_4017,A/Aragon/2046/2025_H1N1,plate16-2-A/Aragon/2046/2025_H1N1,487,0.7751,0.7751
seqneut25to26_sera_4017,A/Aragon/2046/2025_H1N1,plate16-2-A/Aragon/2046/2025_H1N1,1119,0.7923,0.7923
seqneut25to26_sera_4017,A/Aragon/2046/2025_H1N1,plate16-2-A/Aragon/2046/2025_H1N1,2575,1.18,1
seqneut25to26_sera_4017,A/Aragon/2046/2025_H1N1,plate16-2-A/Aragon/2046/2025_H1N1,5921,2.048,1
seqneut25to26_sera_4017,A/Aragon/2046/2025_H1N1,plate16-2-A/Aragon/2046/2025_H1N1,1.362e+04,1.594,1
seqneut25to26_sera_4017,A/Arica/59150/2025_H3N2,plate16-2-A/Arica/59150/2025_H3N2,40,0.02577,0.02577
seqneut25to26_sera_4017,A/Arica/59150/2025_H3N2,plate16-2-A/Arica/59150/2025_H3N2,92,0.2106,0.2106
seqneut25to26_sera_4017,A/Arica/59150/2025_H3N2,plate16-2-A/Arica/59150/2025_H3N2,212,0.2351,0.2351
seqneut25to26_sera_4017,A/Arica/59150/2025_H3N2,plate16-2-A/Arica/59150/2025_H3N2,487,0.287,0.287
seqneut25to26_sera_4017,A/Arica/59150/2025_H3N2,plate16-2-A/Arica/59150/2025_H3N2,1119,0.5468,0.5468
seqneut25to26_sera_4017,A/Arica/59150/2025_H3N2,plate16-2-A/Arica/59150/2025_H3N2,2575,0.5261,0.5261
seqneut25to26_sera_4017,A/Arica/59150/2025_H3N2,plate16-2-A/Arica/59150/2025_H3N2,5921,0.8354,0.8354
seqneut25to26_sera_4017,A/Arica/59150/2025_H3N2,plate16-2-A/Arica/59150/2025_H3N2,1.362e+04,0.9761,0.9761
seqneut25to26_sera_4017,A/Bahia/3102/2025_H3N2,plate16-2-A/Bahia/3102/2025_H3N2,40,0.0372,0.0372
seqneut25to26_sera_4017,A/Bahia/3102/2025_H3N2,plate16-2-A/Bahia/3102/2025_H3N2,92,0.07834,0.07834
seqneut25to26_sera_4017,A/Bahia/3102/2025_H3N2,plate16-2-A/Bahia/3102/2025_H3N2,212,0.1582,0.1582
seqneut25to26_sera_4017,A/Bahia/3102/2025_H3N2,plate16-2-A/Bahia/3102/2025_H3N2,487,0.1547,0.1547
seqneut25to26_sera_4017,A/Bahia/3102/2025_H3N2,plate16-2-A/Bahia/3102/2025_H3N2,1119,0.4354,0.4354
seqneut25to26_sera_4017,A/Bahia/3102/2025_H3N2,plate16-2-A/Bahia/3102/2025_H3N2,2575,0.7,0.7
seqneut25to26_sera_4017,A/Bahia/3102/2025_H3N2,plate16-2-A/Bahia/3102/2025_H3N2,5921,0.7436,0.7436
seqneut25to26_sera_4017,A/Bahia/3102/2025_H3N2,plate16-2-A/Bahia/3102/2025_H3N2,1.362e+04,1.061,1
seqneut25to26_sera_4017,A/Bangkok/1803/2025_H1N1,plate16-2-A/Bangkok/1803/2025_H1N1,40,0.08828,0.08828
seqneut25to26_sera_4017,A/Bangkok/1803/2025_H1N1,plate16-2-A/Bangkok/1803/2025_H1N1,92,0.407,0.407
seqneut25to26_sera_4017,A/Bangkok/1803/2025_H1N1,plate16-2-A/Bangkok/1803/2025_H1N1,212,0.3656,0.3656
seqneut25to26_sera_4017,A/Bangkok/1803/2025_H1N1,plate16-2-A/Bangkok/1803/2025_H1N1,487,0.7204,0.7204
seqneut25to26_sera_4017,A/Bangkok/1803/2025_H1N1,plate16-2-A/Bangkok/1803/2025_H1N1,1119,0.4805,0.4805
seqneut25to26_sera_4017,A/Bangkok/1803/2025_H1N1,plate16-2-A/Bangkok/1803/2025_H1N1,2575,0.9071,0.9071
seqneut25to26_sera_4017,A/Bangkok/1803/2025_H1N1,plate16-2-A/Bangkok/1803/2025_H1N1,5921,1.436,1
seqneut25to26_sera_4017,A/Bangkok/1803/2025_H1N1,plate16-2-A/Bangkok/1803/2025_H1N1,1.362e+04,0.7405,0.7405
seqneut25to26_sera_4017,A/Bangkok/P2229/2025_H1N1,plate16-2-A/Bangkok/P2229/2025_H1N1,40,0.1068,0.1068
seqneut25to26_sera_4017,A/Bangkok/P2229/2025_H1N1,plate16-2-A/Bangkok/P2229/2025_H1N1,92,0.3478,0.3478
seqneut25to26_sera_4017,A/Bangkok/P2229/2025_H1N1,plate16-2-A/Bangkok/P2229/2025_H1N1,212,0.4126,0.4126
seqneut25to26_sera_4017,A/Bangkok/P2229/2025_H1N1,plate16-2-A/Bangkok/P2229/2025_H1N1,487,0.64,0.64
seqneut25to26_sera_4017,A/Bangkok/P2229/2025_H1N1,plate16-2-A/Bangkok/P2229/2025_H1N1,1119,0.736,0.736
seqneut25to26_sera_4017,A/Bangkok/P2229/2025_H1N1,plate16-2-A/Bangkok/P2229/2025_H1N1,2575,0.9839,0.9839
seqneut25to26_sera_4017,A/Bangkok/P2229/2025_H1N1,plate16-2-A/Bangkok/P2229/2025_H1N1,5921,1.01,1
seqneut25to26_sera_4017,A/Bangkok/P2229/2025_H1N1,plate16-2-A/Bangkok/P2229/2025_H1N1,1.362e+04,0.8792,0.8792
seqneut25to26_sera_4017,A/Bangkok/P2323/2025_H3N2,plate16-2-A/Bangkok/P2323/2025_H3N2,40,0.02795,0.02795
seqneut25to26_sera_4017,A/Bangkok/P2323/2025_H3N2,plate16-2-A/Bangkok/P2323/2025_H3N2,92,0.1387,0.1387
seqneut25to26_sera_4017,A/Bangkok/P2323/2025_H3N2,plate16-2-A/Bangkok/P2323/2025_H3N2,212,0.2708,0.2708
seqneut25to26_sera_4017,A/Bangkok/P2323/2025_H3N2,plate16-2-A/Bangkok/P2323/2025_H3N2,487,0.3175,0.3175
seqneut25to26_sera_4017,A/Bangkok/P2323/2025_H3N2,plate16-2-A/Bangkok/P2323/2025_H3N2,1119,0.542,0.542
seqneut25to26_sera_4017,A/Bangkok/P2323/2025_H3N2,plate16-2-A/Bangkok/P2323/2025_H3N2,2575,0.5158,0.5158
seqneut25to26_sera_4017,A/Bangkok/P2323/2025_H3N2,plate16-2-A/Bangkok/P2323/2025_H3N2,5921,1.445,1
seqneut25to26_sera_4017,A/Bangkok/P2323/2025_H3N2,plate16-2-A/Bangkok/P2323/2025_H3N2,1.362e+04,1.128,1
seqneut25to26_sera_4017,A/Bangkok/P2390/2025_H3N2,plate16-2-A/Bangkok/P2390/2025_H3N2,40,0.0108,0.0108
seqneut25to26_sera_4017,A/Bangkok/P2390/2025_H3N2,plate16-2-A/Bangkok/P2390/2025_H3N2,92,0.1735,0.1735
seqneut25to26_sera_4017,A/Bangkok/P2390/2025_H3N2,plate16-2-A/Bangkok/P2390/2025_H3N2,212,0.2653,0.2653
seqneut25to26_sera_4017,A/Bangkok/P2390/2025_H3N2,plate16-2-A/Bangkok/P2390/2025_H3N2,487,0.5357,0.5357
seqneut25to26_sera_4017,A/Bangkok/P2390/2025_H3N2,plate16-2-A/Bangkok/P2390/2025_H3N2,1119,0.7776,0.7776
seqneut25to26_sera_4017,A/Bangkok/P2390/2025_H3N2,plate16-2-A/Bangkok/P2390/2025_H3N2,2575,0.8016,0.8016
seqneut25to26_sera_4017,A/Bangkok/P2390/2025_H3N2,plate16-2-A/Bangkok/P2390/2025_H3N2,5921,1.085,1
seqneut25to26_sera_4017,A/Bangkok/P2390/2025_H3N2,plate16-2-A/Bangkok/P2390/2025_H3N2,1.362e+04,1.175,1
seqneut25to26_sera_4017,A/Bangkok/P2391/2025_H3N2,plate16-2-A/Bangkok/P2391/2025_H3N2,40,0.00383,0.00383
seqneut25to26_sera_4017,A/Bangkok/P2391/2025_H3N2,plate16-2-A/Bangkok/P2391/2025_H3N2,92,0.2243,0.2243
seqneut25to26_sera_4017,A/Bangkok/P2391/2025_H3N2,plate16-2-A/Bangkok/P2391/2025_H3N2,212,0.4455,0.4455
seqneut25to26_sera_4017,A/Bangkok/P2391/2025_H3N2,plate16-2-A/Bangkok/P2391/2025_H3N2,487,0.3856,0.3856
seqneut25to26_sera_4017,A/Bangkok/P2391/2025_H3N2,plate16-2-A/Bangkok/P2391/2025_H3N2,1119,0.4845,0.4845
seqneut25to26_sera_4017,A/Bangkok/P2391/2025_H3N2,plate16-2-A/Bangkok/P2391/2025_H3N2,2575,0.3952,0.3952
seqneut25to26_sera_4017,A/Bangkok/P2391/2025_H3N2,plate16-2-A/Bangkok/P2391/2025_H3N2,5921,1.008,1
seqneut25to26_sera_4017,A/Bangkok/P2391/2025_H3N2,plate16-2-A/Bangkok/P2391/2025_H3N2,1.362e+04,0.786,0.786
seqneut25to26_sera_4017,A/Bangkok/P2572/2025_H3N2,plate16-2-A/Bangkok/P2572/2025_H3N2,40,0.006562,0.006562
seqneut25to26_sera_4017,A/Bangkok/P2572/2025_H3N2,plate16-2-A/Bangkok/P2572/2025_H3N2,92,0.1295,0.1295
seqneut25to26_sera_4017,A/Bangkok/P2572/2025_H3N2,plate16-2-A/Bangkok/P2572/2025_H3N2,212,0.2179,0.2179
seqneut25to26_sera_4017,A/Bangkok/P2572/2025_H3N2,plate16-2-A/Bangkok/P2572/2025_H3N2,487,0.3462,0.3462
seqneut25to26_sera_4017,A/Bangkok/P2572/2025_H3N2,plate16-2-A/Bangkok/P2572/2025_H3N2,1119,0.4365,0.4365
seqneut25to26_sera_4017,A/Bangkok/P2572/2025_H3N2,plate16-2-A/Bangkok/P2572/2025_H3N2,2575,0.5652,0.5652
seqneut25to26_sera_4017,A/Bangkok/P2572/2025_H3N2,plate16-2-A/Bangkok/P2572/2025_H3N2,5921,0.7608,0.7608
seqneut25to26_sera_4017,A/Bangkok/P2572/2025_H3N2,plate16-2-A/Bangkok/P2572/2025_H3N2,1.362e+04,0.7459,0.7459
seqneut25to26_sera_4017,A/Bangkok/P2921/2025_H3N2,plate16-2-A/Bangkok/P2921/2025_H3N2,40,0.0002082,0.0002082
seqneut25to26_sera_4017,A/Bangkok/P2921/2025_H3N2,plate16-2-A/Bangkok/P2921/2025_H3N2,92,0.009034,0.009034
seqneut25to26_sera_4017,A/Bangkok/P2921/2025_H3N2,plate16-2-A/Bangkok/P2921/2025_H3N2,212,0.1496,0.1496
seqneut25to26_sera_4017,A/Bangkok/P2921/2025_H3N2,plate16-2-A/Bangkok/P2921/2025_H3N2,487,0.2282,0.2282
seqneut25to26_sera_4017,A/Bangkok/P2921/2025_H3N2,plate16-2-A/Bangkok/P2921/2025_H3N2,1119,0.4785,0.4785
seqneut25to26_sera_4017,A/Bangkok/P2921/2025_H3N2,plate16-2-A/Bangkok/P2921/2025_H3N2,2575,0.6101,0.6101
seqneut25to26_sera_4017,A/Bangkok/P2921/2025_H3N2,plate16-2-A/Bangkok/P2921/2025_H3N2,5921,1.227,1
seqneut25to26_sera_4017,A/Bangkok/P2921/2025_H3N2,plate16-2-A/Bangkok/P2921/2025_H3N2,1.362e+04,0.9903,0.9903
seqneut25to26_sera_4017,A/Bangkok/P3067/2025_H1N1,plate16-2-A/Bangkok/P3067/2025_H1N1,40,0.02202,0.02202
seqneut25to26_sera_4017,A/Bangkok/P3067/2025_H1N1,plate16-2-A/Bangkok/P3067/2025_H1N1,92,0.3155,0.3155
seqneut25to26_sera_4017,A/Bangkok/P3067/2025_H1N1,plate16-2-A/Bangkok/P3067/2025_H1N1,212,0.8201,0.8201
seqneut25to26_sera_4017,A/Bangkok/P3067/2025_H1N1,plate16-2-A/Bangkok/P3067/2025_H1N1,487,0.586,0.586
seqneut25to26_sera_4017,A/Bangkok/P3067/2025_H1N1,plate16-2-A/Bangkok/P3067/2025_H1N1,1119,0.7592,0.7592
seqneut25to26_sera_4017,A/Bangkok/P3067/2025_H1N1,plate16-2-A/Bangkok/P3067/2025_H1N1,2575,0.9795,0.9795
seqneut25to26_sera_4017,A/Bangkok/P3067/2025_H1N1,plate16-2-A/Bangkok/P3067/2025_H1N1,5921,1.097,1
seqneut25to26_sera_4017,A/Bangkok/P3067/2025_H1N1,plate16-2-A/Bangkok/P3067/2025_H1N1,1.362e+04,1.248,1
seqneut25to26_sera_4017,A/Bangkok/P3263/2025_H3N2,plate16-2-A/Bangkok/P3263/2025_H3N2,40,0.001688,0.001688
seqneut25to26_sera_4017,A/Bangkok/P3263/2025_H3N2,plate16-2-A/Bangkok/P3263/2025_H3N2,92,0.07709,0.07709
seqneut25to26_sera_4017,A/Bangkok/P3263/2025_H3N2,plate16-2-A/Bangkok/P3263/2025_H3N2,212,0.1941,0.1941
seqneut25to26_sera_4017,A/Bangkok/P3263/2025_H3N2,plate16-2-A/Bangkok/P3263/2025_H3N2,487,0.3234,0.3234
seqneut25to26_sera_4017,A/Bangkok/P3263/2025_H3N2,plate16-2-A/Bangkok/P3263/2025_H3N2,1119,0.5312,0.5312
seqneut25to26_sera_4017,A/Bangkok/P3263/2025_H3N2,plate16-2-A/Bangkok/P3263/2025_H3N2,2575,0.7513,0.7513
seqneut25to26_sera_4017,A/Bangkok/P3263/2025_H3N2,plate16-2-A/Bangkok/P3263/2025_H3N2,5921,1.273,1
seqneut25to26_sera_4017,A/Bangkok/P3263/2025_H3N2,plate16-2-A/Bangkok/P3263/2025_H3N2,1.362e+04,1.124,1
seqneut25to26_sera_4017,A/Belgium/H0097/2025_H3N2,plate16-2-A/Belgium/H0097/2025_H3N2,40,7.168e-05,7.168e-05
seqneut25to26_sera_4017,A/Belgium/H0097/2025_H3N2,plate16-2-A/Belgium/H0097/2025_H3N2,92,0.001203,0.001203
seqneut25to26_sera_4017,A/Belgium/H0097/2025_H3N2,plate16-2-A/Belgium/H0097/2025_H3N2,212,0.009794,0.009794
seqneut25to26_sera_4017,A/Belgium/H0097/2025_H3N2,plate16-2-A/Belgium/H0097/2025_H3N2,487,0.1696,0.1696
seqneut25to26_sera_4017,A/Belgium/H0097/2025_H3N2,plate16-2-A/Belgium/H0097/2025_H3N2,1119,0.2673,0.2673
seqneut25to26_sera_4017,A/Belgium/H0097/2025_H3N2,plate16-2-A/Belgium/H0097/2025_H3N2,2575,0.596,0.596
seqneut25to26_sera_4017,A/Belgium/H0097/2025_H3N2,plate16-2-A/Belgium/H0097/2025_H3N2,5921,0.936,0.936
seqneut25to26_sera_4017,A/Belgium/H0097/2025_H3N2,plate16-2-A/Belgium/H0097/2025_H3N2,1.362e+04,0.82,0.82
seqneut25to26_sera_4017,A/Bhutan/1267/2025_H3N2,plate16-2-A/Bhutan/1267/2025_H3N2,40,0.0007669,0.0007669
seqneut25to26_sera_4017,A/Bhutan/1267/2025_H3N2,plate16-2-A/Bhutan/1267/2025_H3N2,92,0.07732,0.07732
seqneut25to26_sera_4017,A/Bhutan/1267/2025_H3N2,plate16-2-A/Bhutan/1267/2025_H3N2,212,0.2166,0.2166
seqneut25to26_sera_4017,A/Bhutan/1267/2025_H3N2,plate16-2-A/Bhutan/1267/2025_H3N2,487,0.2687,0.2687
seqneut25to26_sera_4017,A/Bhutan/1267/2025_H3N2,plate16-2-A/Bhutan/1267/2025_H3N2,1119,0.3911,0.3911
seqneut25to26_sera_4017,A/Bhutan/1267/2025_H3N2,plate16-2-A/Bhutan/1267/2025_H3N2,2575,0.9345,0.9345
seqneut25to26_sera_4017,A/Bhutan/1267/2025_H3N2,plate16-2-A/Bhutan/1267/2025_H3N2,5921,1.36,1
seqneut25to26_sera_4017,A/Bhutan/1267/2025_H3N2,plate16-2-A/Bhutan/1267/2025_H3N2,1.362e+04,0.7018,0.7018
seqneut25to26_sera_4017,A/Bhutan/7/2025_H3N2,plate16-2-A/Bhutan/7/2025_H3N2,40,0.005901,0.005901
seqneut25to26_sera_4017,A/Bhutan/7/2025_H3N2,plate16-2-A/Bhutan/7/2025_H3N2,92,0.06611,0.06611
seqneut25to26_sera_4017,A/Bhutan/7/2025_H3N2,plate16-2-A/Bhutan/7/2025_H3N2,212,0.1842,0.1842
seqneut25to26_sera_4017,A/Bhutan/7/2025_H3N2,plate16-2-A/Bhutan/7/2025_H3N2,487,0.2478,0.2478
seqneut25to26_sera_4017,A/Bhutan/7/2025_H3N2,plate16-2-A/Bhutan/7/2025_H3N2,1119,0.8061,0.8061
seqneut25to26_sera_4017,A/Bhutan/7/2025_H3N2,plate16-2-A/Bhutan/7/2025_H3N2,2575,0.6016,0.6016
seqneut25to26_sera_4017,A/Bhutan/7/2025_H3N2,plate16-2-A/Bhutan/7/2025_H3N2,5921,1.223,1
seqneut25to26_sera_4017,A/Bhutan/7/2025_H3N2,plate16-2-A/Bhutan/7/2025_H3N2,1.362e+04,1.036,1
seqneut25to26_sera_4017,A/BritishColumbia/PHL-2473/2025_H1N1,plate16-2-A/BritishColumbia/PHL-2473/2025_H1N1,40,0.1354,0.1354
seqneut25to26_sera_4017,A/BritishColumbia/PHL-2473/2025_H1N1,plate16-2-A/BritishColumbia/PHL-2473/2025_H1N1,92,0.3639,0.3639
seqneut25to26_sera_4017,A/BritishColumbia/PHL-2473/2025_H1N1,plate16-2-A/BritishColumbia/PHL-2473/2025_H1N1,212,0.6479,0.6479
seqneut25to26_sera_4017,A/BritishColumbia/PHL-2473/2025_H1N1,plate16-2-A/BritishColumbia/PHL-2473/2025_H1N1,487,0.6545,0.6545
seqneut25to26_sera_4017,A/BritishColumbia/PHL-2473/2025_H1N1,plate16-2-A/BritishColumbia/PHL-2473/2025_H1N1,1119,0.7186,0.7186
seqneut25to26_sera_4017,A/BritishColumbia/PHL-2473/2025_H1N1,plate16-2-A/BritishColumbia/PHL-2473/2025_H1N1,2575,1.376,1
seqneut25to26_sera_4017,A/BritishColumbia/PHL-2473/2025_H1N1,plate16-2-A/BritishColumbia/PHL-2473/2025_H1N1,5921,1.873,1
seqneut25to26_sera_4017,A/BritishColumbia/PHL-2473/2025_H1N1,plate16-2-A/BritishColumbia/PHL-2473/2025_H1N1,1.362e+04,0.8841,0.8841
seqneut25to26_sera_4017,A/California/61/2025_H3N2,plate16-2-A/California/61/2025_H3N2,40,0.004166,0.004166
seqneut25to26_sera_4017,A/California/61/2025_H3N2,plate16-2-A/California/61/2025_H3N2,92,0.1357,0.1357
seqneut25to26_sera_4017,A/California/61/2025_H3N2,plate16-2-A/California/61/2025_H3N2,212,0.1468,0.1468
seqneut25to26_sera_4017,A/California/61/2025_H3N2,plate16-2-A/California/61/2025_H3N2,487,0.2686,0.2686
seqneut25to26_sera_4017,A/California/61/2025_H3N2,plate16-2-A/California/61/2025_H3N2,1119,0.2987,0.2987
seqneut25to26_sera_4017,A/California/61/2025_H3N2,plate16-2-A/California/61/2025_H3N2,2575,0.8372,0.8372
seqneut25to26_sera_4017,A/California/61/2025_H3N2,plate16-2-A/California/61/2025_H3N2,5921,1.021,1
seqneut25to26_sera_4017,A/California/61/2025_H3N2,plate16-2-A/California/61/2025_H3N2,1.362e+04,0.9969,0.9969
seqneut25to26_sera_4017,A/California/63/2025_H1N1,plate16-2-A/California/63/2025_H1N1,40,0.09946,0.09946
seqneut25to26_sera_4017,A/California/63/2025_H1N1,plate16-2-A/California/63/2025_H1N1,92,0.3086,0.3086
seqneut25to26_sera_4017,A/California/63/2025_H1N1,plate16-2-A/California/63/2025_H1N1,212,0.934,0.934
seqneut25to26_sera_4017,A/California/63/2025_H1N1,plate16-2-A/California/63/2025_H1N1,487,0.5719,0.5719
seqneut25to26_sera_4017,A/California/63/2025_H1N1,plate16-2-A/California/63/2025_H1N1,1119,0.4388,0.4388
seqneut25to26_sera_4017,A/California/63/2025_H1N1,plate16-2-A/California/63/2025_H1N1,2575,0.6385,0.6385
seqneut25to26_sera_4017,A/California/63/2025_H1N1,plate16-2-A/California/63/2025_H1N1,5921,0.7735,0.7735
seqneut25to26_sera_4017,A/California/63/2025_H1N1,plate16-2-A/California/63/2025_H1N1,1.362e+04,1.009,1
seqneut25to26_sera_4017,A/Canberra/465/2025_H1N1,plate16-2-A/Canberra/465/2025_H1N1,40,0.07439,0.07439
seqneut25to26_sera_4017,A/Canberra/465/2025_H1N1,plate16-2-A/Canberra/465/2025_H1N1,92,0.3986,0.3986
seqneut25to26_sera_4017,A/Canberra/465/2025_H1N1,plate16-2-A/Canberra/465/2025_H1N1,212,0.4058,0.4058
seqneut25to26_sera_4017,A/Canberra/465/2025_H1N1,plate16-2-A/Canberra/465/2025_H1N1,487,0.769,0.769
seqneut25to26_sera_4017,A/Canberra/465/2025_H1N1,plate16-2-A/Canberra/465/2025_H1N1,1119,0.8026,0.8026
seqneut25to26_sera_4017,A/Canberra/465/2025_H1N1,plate16-2-A/Canberra/465/2025_H1N1,2575,1.219,1
seqneut25to26_sera_4017,A/Canberra/465/2025_H1N1,plate16-2-A/Canberra/465/2025_H1N1,5921,1.199,1
seqneut25to26_sera_4017,A/Canberra/465/2025_H1N1,plate16-2-A/Canberra/465/2025_H1N1,1.362e+04,0.9218,0.9218
seqneut25to26_sera_4017,A/Canberra/530/2025_H1N1,plate16-2-A/Canberra/530/2025_H1N1,40,0.0795,0.0795
seqneut25to26_sera_4017,A/Canberra/530/2025_H1N1,plate16-2-A/Canberra/530/2025_H1N1,92,0.2738,0.2738
seqneut25to26_sera_4017,A/Canberra/530/2025_H1N1,plate16-2-A/Canberra/530/2025_H1N1,212,0.5187,0.5187
seqneut25to26_sera_4017,A/Canberra/530/2025_H1N1,plate16-2-A/Canberra/530/2025_H1N1,487,0.6958,0.6958
seqneut25to26_sera_4017,A/Canberra/530/2025_H1N1,plate16-2-A/Canberra/530/2025_H1N1,1119,0.8317,0.8317
seqneut25to26_sera_4017,A/Canberra/530/2025_H1N1,plate16-2-A/Canberra/530/2025_H1N1,2575,1.286,1
seqneut25to26_sera_4017,A/Canberra/530/2025_H1N1,plate16-2-A/Canberra/530/2025_H1N1,5921,1.455,1
seqneut25to26_sera_4017,A/Canberra/530/2025_H1N1,plate16-2-A/Canberra/530/2025_H1N1,1.362e+04,1.372,1
seqneut25to26_sera_4017,A/Catalonia/NSVH102689455/2025_H1N1,plate16-2-A/Catalonia/NSVH102689455/2025_H1N1,40,0.07796,0.07796
seqneut25to26_sera_4017,A/Catalonia/NSVH102689455/2025_H1N1,plate16-2-A/Catalonia/NSVH102689455/2025_H1N1,92,0.3594,0.3594
seqneut25to26_sera_4017,A/Catalonia/NSVH102689455/2025_H1N1,plate16-2-A/Catalonia/NSVH102689455/2025_H1N1,212,0.4597,0.4597
seqneut25to26_sera_4017,A/Catalonia/NSVH102689455/2025_H1N1,plate16-2-A/Catalonia/NSVH102689455/2025_H1N1,487,1.052,1
seqneut25to26_sera_4017,A/Catalonia/NSVH102689455/2025_H1N1,plate16-2-A/Catalonia/NSVH102689455/2025_H1N1,1119,0.8658,0.8658
seqneut25to26_sera_4017,A/Catalonia/NSVH102689455/2025_H1N1,plate16-2-A/Catalonia/NSVH102689455/2025_H1N1,2575,1.329,1
seqneut25to26_sera_4017,A/Catalonia/NSVH102689455/2025_H1N1,plate16-2-A/Catalonia/NSVH102689455/2025_H1N1,5921,1.68,1
seqneut25to26_sera_4017,A/Catalonia/NSVH102689455/2025_H1N1,plate16-2-A/Catalonia/NSVH102689455/2025_H1N1,1.362e+04,1.471,1
seqneut25to26_sera_4017,A/Colorado/105/2025_H1N1,plate16-2-A/Colorado/105/2025_H1N1,40,0.3754,0.3754
seqneut25to26_sera_4017,A/Colorado/105/2025_H1N1,plate16-2-A/Colorado/105/2025_H1N1,92,0.4809,0.4809
seqneut25to26_sera_4017,A/Colorado/105/2025_H1N1,plate16-2-A/Colorado/105/2025_H1N1,212,0.6523,0.6523
seqneut25to26_sera_4017,A/Colorado/105/2025_H1N1,plate16-2-A/Colorado/105/2025_H1N1,487,1.042,1
seqneut25to26_sera_4017,A/Colorado/105/2025_H1N1,plate16-2-A/Colorado/105/2025_H1N1,1119,0.727,0.727
seqneut25to26_sera_4017,A/Colorado/105/2025_H1N1,plate16-2-A/Colorado/105/2025_H1N1,2575,1.148,1
seqneut25to26_sera_4017,A/Colorado/105/2025_H1N1,plate16-2-A/Colorado/105/2025_H1N1,5921,1.498,1
seqneut25to26_sera_4017,A/Colorado/105/2025_H1N1,plate16-2-A/Colorado/105/2025_H1N1,1.362e+04,0.9373,0.9373
seqneut25to26_sera_4017,A/CoteDIvoire/2007/2025_H1N1,plate16-2-A/CoteDIvoire/2007/2025_H1N1,40,0.02407,0.02407
seqneut25to26_sera_4017,A/CoteDIvoire/2007/2025_H1N1,plate16-2-A/CoteDIvoire/2007/2025_H1N1,92,0.2936,0.2936
seqneut25to26_sera_4017,A/CoteDIvoire/2007/2025_H1N1,plate16-2-A/CoteDIvoire/2007/2025_H1N1,212,0.5483,0.5483
seqneut25to26_sera_4017,A/CoteDIvoire/2007/2025_H1N1,plate16-2-A/CoteDIvoire/2007/2025_H1N1,487,0.6126,0.6126
seqneut25to26_sera_4017,A/CoteDIvoire/2007/2025_H1N1,plate16-2-A/CoteDIvoire/2007/2025_H1N1,1119,0.8135,0.8135
seqneut25to26_sera_4017,A/CoteDIvoire/2007/2025_H1N1,plate16-2-A/CoteDIvoire/2007/2025_H1N1,2575,1.155,1
seqneut25to26_sera_4017,A/CoteDIvoire/2007/2025_H1N1,plate16-2-A/CoteDIvoire/2007/2025_H1N1,5921,1.102,1
seqneut25to26_sera_4017,A/CoteDIvoire/2007/2025_H1N1,plate16-2-A/CoteDIvoire/2007/2025_H1N1,1.362e+04,0.9629,0.9629
seqneut25to26_sera_4017,A/Croatia/10136RV/2023-egg_H3N2,plate16-2-A/Croatia/10136RV/2023-egg_H3N2,40,0.001956,0.001956
seqneut25to26_sera_4017,A/Croatia/10136RV/2023-egg_H3N2,plate16-2-A/Croatia/10136RV/2023-egg_H3N2,92,0.005303,0.005303
seqneut25to26_sera_4017,A/Croatia/10136RV/2023-egg_H3N2,plate16-2-A/Croatia/10136RV/2023-egg_H3N2,212,0.004855,0.004855
seqneut25to26_sera_4017,A/Croatia/10136RV/2023-egg_H3N2,plate16-2-A/Croatia/10136RV/2023-egg_H3N2,487,0.06737,0.06737
seqneut25to26_sera_4017,A/Croatia/10136RV/2023-egg_H3N2,plate16-2-A/Croatia/10136RV/2023-egg_H3N2,1119,0.2602,0.2602
seqneut25to26_sera_4017,A/Croatia/10136RV/2023-egg_H3N2,plate16-2-A/Croatia/10136RV/2023-egg_H3N2,2575,0.2888,0.2888
seqneut25to26_sera_4017,A/Croatia/10136RV/2023-egg_H3N2,plate16-2-A/Croatia/10136RV/2023-egg_H3N2,5921,0.6915,0.6915
seqneut25to26_sera_4017,A/Croatia/10136RV/2023-egg_H3N2,plate16-2-A/Croatia/10136RV/2023-egg_H3N2,1.362e+04,0.4642,0.4642
seqneut25to26_sera_4017,A/Darwin/1405/2025_H1N1,plate16-2-A/Darwin/1405/2025_H1N1,40,0.08228,0.08228
seqneut25to26_sera_4017,A/Darwin/1405/2025_H1N1,plate16-2-A/Darwin/1405/2025_H1N1,92,0.2314,0.2314
seqneut25to26_sera_4017,A/Darwin/1405/2025_H1N1,plate16-2-A/Darwin/1405/2025_H1N1,212,0.751,0.751
seqneut25to26_sera_4017,A/Darwin/1405/2025_H1N1,plate16-2-A/Darwin/1405/2025_H1N1,487,0.9409,0.9409
seqneut25to26_sera_4017,A/Darwin/1405/2025_H1N1,plate16-2-A/Darwin/1405/2025_H1N1,1119,0.8438,0.8438
seqneut25to26_sera_4017,A/Darwin/1405/2025_H1N1,plate16-2-A/Darwin/1405/2025_H1N1,2575,1.218,1
seqneut25to26_sera_4017,A/Darwin/1405/2025_H1N1,plate16-2-A/Darwin/1405/2025_H1N1,5921,1.252,1
seqneut25to26_sera_4017,A/Darwin/1405/2025_H1N1,plate16-2-A/Darwin/1405/2025_H1N1,1.362e+04,0.893,0.893
seqneut25to26_sera_4017,A/Darwin/1461/2025_H3N2,plate16-2-A/Darwin/1461/2025_H3N2,40,0,0
seqneut25to26_sera_4017,A/Darwin/1461/2025_H3N2,plate16-2-A/Darwin/1461/2025_H3N2,92,0.001293,0.001293
seqneut25to26_sera_4017,A/Darwin/1461/2025_H3N2,plate16-2-A/Darwin/1461/2025_H3N2,212,0.09275,0.09275
seqneut25to26_sera_4017,A/Darwin/1461/2025_H3N2,plate16-2-A/Darwin/1461/2025_H3N2,487,0.1332,0.1332
seqneut25to26_sera_4017,A/Darwin/1461/2025_H3N2,plate16-2-A/Darwin/1461/2025_H3N2,1119,0.3237,0.3237
seqneut25to26_sera_4017,A/Darwin/1461/2025_H3N2,plate16-2-A/Darwin/1461/2025_H3N2,2575,0.6731,0.6731
seqneut25to26_sera_4017,A/Darwin/1461/2025_H3N2,plate16-2-A/Darwin/1461/2025_H3N2,5921,0.7042,0.7042
seqneut25to26_sera_4017,A/Darwin/1461/2025_H3N2,plate16-2-A/Darwin/1461/2025_H3N2,1.362e+04,1.106,1
seqneut25to26_sera_4017,A/Denmark/3070/2025_H1N1,plate16-2-A/Denmark/3070/2025_H1N1,40,0.03149,0.03149
seqneut25to26_sera_4017,A/Denmark/3070/2025_H1N1,plate16-2-A/Denmark/3070/2025_H1N1,92,0.4829,0.4829
seqneut25to26_sera_4017,A/Denmark/3070/2025_H1N1,plate16-2-A/Denmark/3070/2025_H1N1,212,0.4673,0.4673
seqneut25to26_sera_4017,A/Denmark/3070/2025_H1N1,plate16-2-A/Denmark/3070/2025_H1N1,487,0.7594,0.7594
seqneut25to26_sera_4017,A/Denmark/3070/2025_H1N1,plate16-2-A/Denmark/3070/2025_H1N1,1119,0.6699,0.6699
seqneut25to26_sera_4017,A/Denmark/3070/2025_H1N1,plate16-2-A/Denmark/3070/2025_H1N1,2575,0.7769,0.7769
seqneut25to26_sera_4017,A/Denmark/3070/2025_H1N1,plate16-2-A/Denmark/3070/2025_H1N1,5921,0.9422,0.9422
seqneut25to26_sera_4017,A/Denmark/3070/2025_H1N1,plate16-2-A/Denmark/3070/2025_H1N1,1.362e+04,0.5874,0.5874
seqneut25to26_sera_4017,A/DistrictOfColumbia/27/2023_H3N2,plate16-2-A/DistrictOfColumbia/27/2023_H3N2,40,0,0
seqneut25to26_sera_4017,A/DistrictOfColumbia/27/2023_H3N2,plate16-2-A/DistrictOfColumbia/27/2023_H3N2,92,0.006291,0.006291
seqneut25to26_sera_4017,A/DistrictOfColumbia/27/2023_H3N2,plate16-2-A/DistrictOfColumbia/27/2023_H3N2,212,0.07743,0.07743
seqneut25to26_sera_4017,A/DistrictOfColumbia/27/2023_H3N2,plate16-2-A/DistrictOfColumbia/27/2023_H3N2,487,0.2078,0.2078
seqneut25to26_sera_4017,A/DistrictOfColumbia/27/2023_H3N2,plate16-2-A/DistrictOfColumbia/27/2023_H3N2,1119,0.3879,0.3879
seqneut25to26_sera_4017,A/DistrictOfColumbia/27/2023_H3N2,plate16-2-A/DistrictOfColumbia/27/2023_H3N2,2575,0.5507,0.5507
seqneut25to26_sera_4017,A/DistrictOfColumbia/27/2023_H3N2,plate16-2-A/DistrictOfColumbia/27/2023_H3N2,5921,0.6459,0.6459
seqneut25to26_sera_4017,A/DistrictOfColumbia/27/2023_H3N2,plate16-2-A/DistrictOfColumbia/27/2023_H3N2,1.362e+04,0.8336,0.8336
seqneut25to26_sera_4017,A/DistrictOfColumbia/57/2025_H3N2,plate16-2-A/DistrictOfColumbia/57/2025_H3N2,40,0.01062,0.01062
seqneut25to26_sera_4017,A/DistrictOfColumbia/57/2025_H3N2,plate16-2-A/DistrictOfColumbia/57/2025_H3N2,92,0.118,0.118
seqneut25to26_sera_4017,A/DistrictOfColumbia/57/2025_H3N2,plate16-2-A/DistrictOfColumbia/57/2025_H3N2,212,0.3025,0.3025
seqneut25to26_sera_4017,A/DistrictOfColumbia/57/2025_H3N2,plate16-2-A/DistrictOfColumbia/57/2025_H3N2,487,0.3867,0.3867
seqneut25to26_sera_4017,A/DistrictOfColumbia/57/2025_H3N2,plate16-2-A/DistrictOfColumbia/57/2025_H3N2,1119,0.5155,0.5155
seqneut25to26_sera_4017,A/DistrictOfColumbia/57/2025_H3N2,plate16-2-A/DistrictOfColumbia/57/2025_H3N2,2575,0.7938,0.7938
seqneut25to26_sera_4017,A/DistrictOfColumbia/57/2025_H3N2,plate16-2-A/DistrictOfColumbia/57/2025_H3N2,5921,1.237,1
seqneut25to26_sera_4017,A/DistrictOfColumbia/57/2025_H3N2,plate16-2-A/DistrictOfColumbia/57/2025_H3N2,1.362e+04,0.831,0.831
seqneut25to26_sera_4017,A/DistritoFederal/250106000728/2025_H3N2,plate16-2-A/DistritoFederal/250106000728/2025_H3N2,40,0.002006,0.002006
seqneut25to26_sera_4017,A/DistritoFederal/250106000728/2025_H3N2,plate16-2-A/DistritoFederal/250106000728/2025_H3N2,92,0.07785,0.07785
seqneut25to26_sera_4017,A/DistritoFederal/250106000728/2025_H3N2,plate16-2-A/DistritoFederal/250106000728/2025_H3N2,212,0.1788,0.1788
seqneut25to26_sera_4017,A/DistritoFederal/250106000728/2025_H3N2,plate16-2-A/DistritoFederal/250106000728/2025_H3N2,487,0.307,0.307
seqneut25to26_sera_4017,A/DistritoFederal/250106000728/2025_H3N2,plate16-2-A/DistritoFederal/250106000728/2025_H3N2,1119,0.3357,0.3357
seqneut25to26_sera_4017,A/DistritoFederal/250106000728/2025_H3N2,plate16-2-A/DistritoFederal/250106000728/2025_H3N2,2575,0.502,0.502
seqneut25to26_sera_4017,A/DistritoFederal/250106000728/2025_H3N2,plate16-2-A/DistritoFederal/250106000728/2025_H3N2,5921,1.248,1
seqneut25to26_sera_4017,A/DistritoFederal/250106000728/2025_H3N2,plate16-2-A/DistritoFederal/250106000728/2025_H3N2,1.362e+04,0.9321,0.9321
seqneut25to26_sera_4017,A/DistritoFederal/2578578201/2025_H3N2,plate16-2-A/DistritoFederal/2578578201/2025_H3N2,40,0.02847,0.02847
seqneut25to26_sera_4017,A/DistritoFederal/2578578201/2025_H3N2,plate16-2-A/DistritoFederal/2578578201/2025_H3N2,92,0.1241,0.1241
seqneut25to26_sera_4017,A/DistritoFederal/2578578201/2025_H3N2,plate16-2-A/DistritoFederal/2578578201/2025_H3N2,212,0.3294,0.3294
seqneut25to26_sera_4017,A/DistritoFederal/2578578201/2025_H3N2,plate16-2-A/DistritoFederal/2578578201/2025_H3N2,487,0.4261,0.4261
seqneut25to26_sera_4017,A/DistritoFederal/2578578201/2025_H3N2,plate16-2-A/DistritoFederal/2578578201/2025_H3N2,1119,0.5278,0.5278
seqneut25to26_sera_4017,A/DistritoFederal/2578578201/2025_H3N2,plate16-2-A/DistritoFederal/2578578201/2025_H3N2,2575,0.7492,0.7492
seqneut25to26_sera_4017,A/DistritoFederal/2578578201/2025_H3N2,plate16-2-A/DistritoFederal/2578578201/2025_H3N2,5921,1.311,1
seqneut25to26_sera_4017,A/DistritoFederal/2578578201/2025_H3N2,plate16-2-A/DistritoFederal/2578578201/2025_H3N2,1.362e+04,0.8739,0.8739
seqneut25to26_sera_4017,A/England/174/2025_H3N2,plate16-2-A/England/174/2025_H3N2,40,0.0001393,0.0001393
seqneut25to26_sera_4017,A/England/174/2025_H3N2,plate16-2-A/England/174/2025_H3N2,92,0.0007978,0.0007978
seqneut25to26_sera_4017,A/England/174/2025_H3N2,plate16-2-A/England/174/2025_H3N2,212,0.03443,0.03443
seqneut25to26_sera_4017,A/England/174/2025_H3N2,plate16-2-A/England/174/2025_H3N2,487,0.1527,0.1527
seqneut25to26_sera_4017,A/England/174/2025_H3N2,plate16-2-A/England/174/2025_H3N2,1119,0.3286,0.3286
seqneut25to26_sera_4017,A/England/174/2025_H3N2,plate16-2-A/England/174/2025_H3N2,2575,0.6324,0.6324
seqneut25to26_sera_4017,A/England/174/2025_H3N2,plate16-2-A/England/174/2025_H3N2,5921,0.9307,0.9307
seqneut25to26_sera_4017,A/England/174/2025_H3N2,plate16-2-A/England/174/2025_H3N2,1.362e+04,0.6231,0.6231
seqneut25to26_sera_4017,A/England/1822256/2025_H1N1,plate16-2-A/England/1822256/2025_H1N1,40,0.00458,0.00458
seqneut25to26_sera_4017,A/England/1822256/2025_H1N1,plate16-2-A/England/1822256/2025_H1N1,92,0.003748,0.003748
seqneut25to26_sera_4017,A/England/1822256/2025_H1N1,plate16-2-A/England/1822256/2025_H1N1,212,0.005923,0.005923
seqneut25to26_sera_4017,A/England/1822256/2025_H1N1,plate16-2-A/England/1822256/2025_H1N1,487,0.03028,0.03028
seqneut25to26_sera_4017,A/England/1822256/2025_H1N1,plate16-2-A/England/1822256/2025_H1N1,1119,0.2358,0.2358
seqneut25to26_sera_4017,A/England/1822256/2025_H1N1,plate16-2-A/England/1822256/2025_H1N1,2575,0.9108,0.9108
seqneut25to26_sera_4017,A/England/1822256/2025_H1N1,plate16-2-A/England/1822256/2025_H1N1,5921,1.292,1
seqneut25to26_sera_4017,A/England/1822256/2025_H1N1,plate16-2-A/England/1822256/2025_H1N1,1.362e+04,1.211,1
seqneut25to26_sera_4017,A/England/1837734/2025_H3N2,plate16-2-A/England/1837734/2025_H3N2,40,0.01931,0.01931
seqneut25to26_sera_4017,A/England/1837734/2025_H3N2,plate16-2-A/England/1837734/2025_H3N2,92,0.125,0.125
seqneut25to26_sera_4017,A/England/1837734/2025_H3N2,plate16-2-A/England/1837734/2025_H3N2,212,0.28,0.28
seqneut25to26_sera_4017,A/England/1837734/2025_H3N2,plate16-2-A/England/1837734/2025_H3N2,487,0.4242,0.4242
seqneut25to26_sera_4017,A/England/1837734/2025_H3N2,plate16-2-A/England/1837734/2025_H3N2,1119,0.4314,0.4314
seqneut25to26_sera_4017,A/England/1837734/2025_H3N2,plate16-2-A/England/1837734/2025_H3N2,2575,0.6679,0.6679
seqneut25to26_sera_4017,A/England/1837734/2025_H3N2,plate16-2-A/England/1837734/2025_H3N2,5921,1.073,1
seqneut25to26_sera_4017,A/England/1837734/2025_H3N2,plate16-2-A/England/1837734/2025_H3N2,1.362e+04,1.083,1
seqneut25to26_sera_4017,A/England/1837737/2025_H3N2,plate16-2-A/England/1837737/2025_H3N2,40,0.01623,0.01623
seqneut25to26_sera_4017,A/England/1837737/2025_H3N2,plate16-2-A/England/1837737/2025_H3N2,92,0.08061,0.08061
seqneut25to26_sera_4017,A/England/1837737/2025_H3N2,plate16-2-A/England/1837737/2025_H3N2,212,0.235,0.235
seqneut25to26_sera_4017,A/England/1837737/2025_H3N2,plate16-2-A/England/1837737/2025_H3N2,487,0.5842,0.5842
seqneut25to26_sera_4017,A/England/1837737/2025_H3N2,plate16-2-A/England/1837737/2025_H3N2,1119,0.7072,0.7072
seqneut25to26_sera_4017,A/England/1837737/2025_H3N2,plate16-2-A/England/1837737/2025_H3N2,2575,0.8328,0.8328
seqneut25to26_sera_4017,A/England/1837737/2025_H3N2,plate16-2-A/England/1837737/2025_H3N2,5921,1.091,1
seqneut25to26_sera_4017,A/England/1837737/2025_H3N2,plate16-2-A/England/1837737/2025_H3N2,1.362e+04,0.8841,0.8841
seqneut25to26_sera_4017,A/France/ARA-HCL025155099501/2025_H1N1,plate16-2-A/France/ARA-HCL025155099501/2025_H1N1,40,0.1142,0.1142
seqneut25to26_sera_4017,A/France/ARA-HCL025155099501/2025_H1N1,plate16-2-A/France/ARA-HCL025155099501/2025_H1N1,92,0.385,0.385
seqneut25to26_sera_4017,A/France/ARA-HCL025155099501/2025_H1N1,plate16-2-A/France/ARA-HCL025155099501/2025_H1N1,212,0.5559,0.5559
seqneut25to26_sera_4017,A/France/ARA-HCL025155099501/2025_H1N1,plate16-2-A/France/ARA-HCL025155099501/2025_H1N1,487,0.6859,0.6859
seqneut25to26_sera_4017,A/France/ARA-HCL025155099501/2025_H1N1,plate16-2-A/France/ARA-HCL025155099501/2025_H1N1,1119,0.738,0.738
seqneut25to26_sera_4017,A/France/ARA-HCL025155099501/2025_H1N1,plate16-2-A/France/ARA-HCL025155099501/2025_H1N1,2575,0.9632,0.9632
seqneut25to26_sera_4017,A/France/ARA-HCL025155099501/2025_H1N1,plate16-2-A/France/ARA-HCL025155099501/2025_H1N1,5921,1.202,1
seqneut25to26_sera_4017,A/France/ARA-HCL025155099501/2025_H1N1,plate16-2-A/France/ARA-HCL025155099501/2025_H1N1,1.362e+04,1.13,1
seqneut25to26_sera_4017,A/Galicia/GA-CHUAC-451/2025_H3N2,plate16-2-A/Galicia/GA-CHUAC-451/2025_H3N2,40,0.000108,0.000108
seqneut25to26_sera_4017,A/Galicia/GA-CHUAC-451/2025_H3N2,plate16-2-A/Galicia/GA-CHUAC-451/2025_H3N2,92,0.005279,0.005279
seqneut25to26_sera_4017,A/Galicia/GA-CHUAC-451/2025_H3N2,plate16-2-A/Galicia/GA-CHUAC-451/2025_H3N2,212,0.05953,0.05953
seqneut25to26_sera_4017,A/Galicia/GA-CHUAC-451/2025_H3N2,plate16-2-A/Galicia/GA-CHUAC-451/2025_H3N2,487,0.249,0.249
seqneut25to26_sera_4017,A/Galicia/GA-CHUAC-451/2025_H3N2,plate16-2-A/Galicia/GA-CHUAC-451/2025_H3N2,1119,0.4446,0.4446
seqneut25to26_sera_4017,A/Galicia/GA-CHUAC-451/2025_H3N2,plate16-2-A/Galicia/GA-CHUAC-451/2025_H3N2,2575,0.7367,0.7367
seqneut25to26_sera_4017,A/Galicia/GA-CHUAC-451/2025_H3N2,plate16-2-A/Galicia/GA-CHUAC-451/2025_H3N2,5921,1.229,1
seqneut25to26_sera_4017,A/Galicia/GA-CHUAC-451/2025_H3N2,plate16-2-A/Galicia/GA-CHUAC-451/2025_H3N2,1.362e+04,1.192,1
seqneut25to26_sera_4017,A/Ghana/ARI-25-1125/2025_H1N1,plate16-2-A/Ghana/ARI-25-1125/2025_H1N1,40,0.001884,0.001884
seqneut25to26_sera_4017,A/Ghana/ARI-25-1125/2025_H1N1,plate16-2-A/Ghana/ARI-25-1125/2025_H1N1,92,0.0008688,0.0008688
seqneut25to26_sera_4017,A/Ghana/ARI-25-1125/2025_H1N1,plate16-2-A/Ghana/ARI-25-1125/2025_H1N1,212,0.001826,0.001826
seqneut25to26_sera_4017,A/Ghana/ARI-25-1125/2025_H1N1,plate16-2-A/Ghana/ARI-25-1125/2025_H1N1,487,0.06431,0.06431
seqneut25to26_sera_4017,A/Ghana/ARI-25-1125/2025_H1N1,plate16-2-A/Ghana/ARI-25-1125/2025_H1N1,1119,0.2168,0.2168
seqneut25to26_sera_4017,A/Ghana/ARI-25-1125/2025_H1N1,plate16-2-A/Ghana/ARI-25-1125/2025_H1N1,2575,0.8044,0.8044
seqneut25to26_sera_4017,A/Ghana/ARI-25-1125/2025_H1N1,plate16-2-A/Ghana/ARI-25-1125/2025_H1N1,5921,1.185,1
seqneut25to26_sera_4017,A/Ghana/ARI-25-1125/2025_H1N1,plate16-2-A/Ghana/ARI-25-1125/2025_H1N1,1.362e+04,1.273,1
seqneut25to26_sera_4017,A/Ghana/FS-25-7077/2025_H3N2,plate16-2-A/Ghana/FS-25-7077/2025_H3N2,40,0.02296,0.02296
seqneut25to26_sera_4017,A/Ghana/FS-25-7077/2025_H3N2,plate16-2-A/Ghana/FS-25-7077/2025_H3N2,92,0.1029,0.1029
seqneut25to26_sera_4017,A/Ghana/FS-25-7077/2025_H3N2,plate16-2-A/Ghana/FS-25-7077/2025_H3N2,212,0.4118,0.4118
seqneut25to26_sera_4017,A/Ghana/FS-25-7077/2025_H3N2,plate16-2-A/Ghana/FS-25-7077/2025_H3N2,487,0.4006,0.4006
seqneut25to26_sera_4017,A/Ghana/FS-25-7077/2025_H3N2,plate16-2-A/Ghana/FS-25-7077/2025_H3N2,1119,0.5537,0.5537
seqneut25to26_sera_4017,A/Ghana/FS-25-7077/2025_H3N2,plate16-2-A/Ghana/FS-25-7077/2025_H3N2,2575,0.8413,0.8413
seqneut25to26_sera_4017,A/Ghana/FS-25-7077/2025_H3N2,plate16-2-A/Ghana/FS-25-7077/2025_H3N2,5921,1.312,1
seqneut25to26_sera_4017,A/Ghana/FS-25-7077/2025_H3N2,plate16-2-A/Ghana/FS-25-7077/2025_H3N2,1.362e+04,0.9599,0.9599
seqneut25to26_sera_4017,A/Guangdong-Maonan/11438/2025_H3N2,plate16-2-A/Guangdong-Maonan/11438/2025_H3N2,40,0,0
seqneut25to26_sera_4017,A/Guangdong-Maonan/11438/2025_H3N2,plate16-2-A/Guangdong-Maonan/11438/2025_H3N2,92,0.000383,0.000383
seqneut25to26_sera_4017,A/Guangdong-Maonan/11438/2025_H3N2,plate16-2-A/Guangdong-Maonan/11438/2025_H3N2,212,0.05147,0.05147
seqneut25to26_sera_4017,A/Guangdong-Maonan/11438/2025_H3N2,plate16-2-A/Guangdong-Maonan/11438/2025_H3N2,487,0.3701,0.3701
seqneut25to26_sera_4017,A/Guangdong-Maonan/11438/2025_H3N2,plate16-2-A/Guangdong-Maonan/11438/2025_H3N2,1119,0.5128,0.5128
seqneut25to26_sera_4017,A/Guangdong-Maonan/11438/2025_H3N2,plate16-2-A/Guangdong-Maonan/11438/2025_H3N2,2575,0.8178,0.8178
seqneut25to26_sera_4017,A/Guangdong-Maonan/11438/2025_H3N2,plate16-2-A/Guangdong-Maonan/11438/2025_H3N2,5921,0.8562,0.8562
seqneut25to26_sera_4017,A/Guangdong-Maonan/11438/2025_H3N2,plate16-2-A/Guangdong-Maonan/11438/2025_H3N2,1.362e+04,1.238,1
seqneut25to26_sera_4017,A/Guangdong-Meijiang/11256/2025_H3N2,plate16-2-A/Guangdong-Meijiang/11256/2025_H3N2,40,0.0005339,0.0005339
seqneut25to26_sera_4017,A/Guangdong-Meijiang/11256/2025_H3N2,plate16-2-A/Guangdong-Meijiang/11256/2025_H3N2,92,0.001142,0.001142
seqneut25to26_sera_4017,A/Guangdong-Meijiang/11256/2025_H3N2,plate16-2-A/Guangdong-Meijiang/11256/2025_H3N2,212,0.01886,0.01886
seqneut25to26_sera_4017,A/Guangdong-Meijiang/11256/2025_H3N2,plate16-2-A/Guangdong-Meijiang/11256/2025_H3N2,487,0.1015,0.1015
seqneut25to26_sera_4017,A/Guangdong-Meijiang/11256/2025_H3N2,plate16-2-A/Guangdong-Meijiang/11256/2025_H3N2,1119,0.2416,0.2416
seqneut25to26_sera_4017,A/Guangdong-Meijiang/11256/2025_H3N2,plate16-2-A/Guangdong-Meijiang/11256/2025_H3N2,2575,0.4276,0.4276
seqneut25to26_sera_4017,A/Guangdong-Meijiang/11256/2025_H3N2,plate16-2-A/Guangdong-Meijiang/11256/2025_H3N2,5921,0.8749,0.8749
seqneut25to26_sera_4017,A/Guangdong-Meijiang/11256/2025_H3N2,plate16-2-A/Guangdong-Meijiang/11256/2025_H3N2,1.362e+04,0.5908,0.5908
seqneut25to26_sera_4017,A/Guangxi-Daxin/1643/2025_H3N2,plate16-2-A/Guangxi-Daxin/1643/2025_H3N2,40,0.01052,0.01052
seqneut25to26_sera_4017,A/Guangxi-Daxin/1643/2025_H3N2,plate16-2-A/Guangxi-Daxin/1643/2025_H3N2,92,0.08688,0.08688
seqneut25to26_sera_4017,A/Guangxi-Daxin/1643/2025_H3N2,plate16-2-A/Guangxi-Daxin/1643/2025_H3N2,212,0.2249,0.2249
seqneut25to26_sera_4017,A/Guangxi-Daxin/1643/2025_H3N2,plate16-2-A/Guangxi-Daxin/1643/2025_H3N2,487,0.4472,0.4472
seqneut25to26_sera_4017,A/Guangxi-Daxin/1643/2025_H3N2,plate16-2-A/Guangxi-Daxin/1643/2025_H3N2,1119,0.6188,0.6188
seqneut25to26_sera_4017,A/Guangxi-Daxin/1643/2025_H3N2,plate16-2-A/Guangxi-Daxin/1643/2025_H3N2,2575,0.7665,0.7665
seqneut25to26_sera_4017,A/Guangxi-Daxin/1643/2025_H3N2,plate16-2-A/Guangxi-Daxin/1643/2025_H3N2,5921,1.143,1
seqneut25to26_sera_4017,A/Guangxi-Daxin/1643/2025_H3N2,plate16-2-A/Guangxi-Daxin/1643/2025_H3N2,1.362e+04,0.9683,0.9683
seqneut25to26_sera_4017,A/Guangxi-Qingxiu/SWL11742/2025_H1N1,plate16-2-A/Guangxi-Qingxiu/SWL11742/2025_H1N1,40,0.04423,0.04423
seqneut25to26_sera_4017,A/Guangxi-Qingxiu/SWL11742/2025_H1N1,plate16-2-A/Guangxi-Qingxiu/SWL11742/2025_H1N1,92,0.256,0.256
seqneut25to26_sera_4017,A/Guangxi-Qingxiu/SWL11742/2025_H1N1,plate16-2-A/Guangxi-Qingxiu/SWL11742/2025_H1N1,212,0.4314,0.4314
seqneut25to26_sera_4017,A/Guangxi-Qingxiu/SWL11742/2025_H1N1,plate16-2-A/Guangxi-Qingxiu/SWL11742/2025_H1N1,487,0.7723,0.7723
seqneut25to26_sera_4017,A/Guangxi-Qingxiu/SWL11742/2025_H1N1,plate16-2-A/Guangxi-Qingxiu/SWL11742/2025_H1N1,1119,0.8379,0.8379
seqneut25to26_sera_4017,A/Guangxi-Qingxiu/SWL11742/2025_H1N1,plate16-2-A/Guangxi-Qingxiu/SWL11742/2025_H1N1,2575,1.167,1
seqneut25to26_sera_4017,A/Guangxi-Qingxiu/SWL11742/2025_H1N1,plate16-2-A/Guangxi-Qingxiu/SWL11742/2025_H1N1,5921,1.264,1
seqneut25to26_sera_4017,A/Guangxi-Qingxiu/SWL11742/2025_H1N1,plate16-2-A/Guangxi-Qingxiu/SWL11742/2025_H1N1,1.362e+04,1.249,1
seqneut25to26_sera_4017,A/Hawaii/44/2025_H1N1,plate16-2-A/Hawaii/44/2025_H1N1,40,0.06156,0.06156
seqneut25to26_sera_4017,A/Hawaii/44/2025_H1N1,plate16-2-A/Hawaii/44/2025_H1N1,92,0.3928,0.3928
seqneut25to26_sera_4017,A/Hawaii/44/2025_H1N1,plate16-2-A/Hawaii/44/2025_H1N1,212,0.5994,0.5994
seqneut25to26_sera_4017,A/Hawaii/44/2025_H1N1,plate16-2-A/Hawaii/44/2025_H1N1,487,0.8626,0.8626
seqneut25to26_sera_4017,A/Hawaii/44/2025_H1N1,plate16-2-A/Hawaii/44/2025_H1N1,1119,0.6902,0.6902
seqneut25to26_sera_4017,A/Hawaii/44/2025_H1N1,plate16-2-A/Hawaii/44/2025_H1N1,2575,1.101,1
seqneut25to26_sera_4017,A/Hawaii/44/2025_H1N1,plate16-2-A/Hawaii/44/2025_H1N1,5921,1.373,1
seqneut25to26_sera_4017,A/Hawaii/44/2025_H1N1,plate16-2-A/Hawaii/44/2025_H1N1,1.362e+04,1.218,1
seqneut25to26_sera_4017,A/Hawaii/70/2019_H1N1,plate16-2-A/Hawaii/70/2019_H1N1,40,0.0007784,0.0007784
seqneut25to26_sera_4017,A/Hawaii/70/2019_H1N1,plate16-2-A/Hawaii/70/2019_H1N1,92,0.0008359,0.0008359
seqneut25to26_sera_4017,A/Hawaii/70/2019_H1N1,plate16-2-A/Hawaii/70/2019_H1N1,212,0.001817,0.001817
seqneut25to26_sera_4017,A/Hawaii/70/2019_H1N1,plate16-2-A/Hawaii/70/2019_H1N1,487,0.002717,0.002717
seqneut25to26_sera_4017,A/Hawaii/70/2019_H1N1,plate16-2-A/Hawaii/70/2019_H1N1,1119,0.001666,0.001666
seqneut25to26_sera_4017,A/Hawaii/70/2019_H1N1,plate16-2-A/Hawaii/70/2019_H1N1,2575,0.02788,0.02788
seqneut25to26_sera_4017,A/Hawaii/70/2019_H1N1,plate16-2-A/Hawaii/70/2019_H1N1,5921,0.2273,0.2273
seqneut25to26_sera_4017,A/Hawaii/70/2019_H1N1,plate16-2-A/Hawaii/70/2019_H1N1,1.362e+04,0.4928,0.4928
seqneut25to26_sera_4017,A/HongKong/1257/2025_H3N2,plate16-2-A/HongKong/1257/2025_H3N2,40,0,0
seqneut25to26_sera_4017,A/HongKong/1257/2025_H3N2,plate16-2-A/HongKong/1257/2025_H3N2,92,0.003849,0.003849
seqneut25to26_sera_4017,A/HongKong/1257/2025_H3N2,plate16-2-A/HongKong/1257/2025_H3N2,212,0.1124,0.1124
seqneut25to26_sera_4017,A/HongKong/1257/2025_H3N2,plate16-2-A/HongKong/1257/2025_H3N2,487,0.1205,0.1205
seqneut25to26_sera_4017,A/HongKong/1257/2025_H3N2,plate16-2-A/HongKong/1257/2025_H3N2,1119,0.6151,0.6151
seqneut25to26_sera_4017,A/HongKong/1257/2025_H3N2,plate16-2-A/HongKong/1257/2025_H3N2,2575,0.7104,0.7104
seqneut25to26_sera_4017,A/HongKong/1257/2025_H3N2,plate16-2-A/HongKong/1257/2025_H3N2,5921,0.9293,0.9293
seqneut25to26_sera_4017,A/HongKong/1257/2025_H3N2,plate16-2-A/HongKong/1257/2025_H3N2,1.362e+04,0.9219,0.9219
seqneut25to26_sera_4017,A/HongKong/1382/2025_H3N2,plate16-2-A/HongKong/1382/2025_H3N2,40,0.001001,0.001001
seqneut25to26_sera_4017,A/HongKong/1382/2025_H3N2,plate16-2-A/HongKong/1382/2025_H3N2,92,0.005372,0.005372
seqneut25to26_sera_4017,A/HongKong/1382/2025_H3N2,plate16-2-A/HongKong/1382/2025_H3N2,212,0.01995,0.01995
seqneut25to26_sera_4017,A/HongKong/1382/2025_H3N2,plate16-2-A/HongKong/1382/2025_H3N2,487,0.09884,0.09884
seqneut25to26_sera_4017,A/HongKong/1382/2025_H3N2,plate16-2-A/HongKong/1382/2025_H3N2,1119,0.2499,0.2499
seqneut25to26_sera_4017,A/HongKong/1382/2025_H3N2,plate16-2-A/HongKong/1382/2025_H3N2,2575,0.4774,0.4774
seqneut25to26_sera_4017,A/HongKong/1382/2025_H3N2,plate16-2-A/HongKong/1382/2025_H3N2,5921,0.9439,0.9439
seqneut25to26_sera_4017,A/HongKong/1382/2025_H3N2,plate16-2-A/HongKong/1382/2025_H3N2,1.362e+04,0.871,0.871
seqneut25to26_sera_4017,A/Indonesia/BIOKES-I-BT074/2025_H3N2,plate16-2-A/Indonesia/BIOKES-I-BT074/2025_H3N2,40,0.0001585,0.0001585
seqneut25to26_sera_4017,A/Indonesia/BIOKES-I-BT074/2025_H3N2,plate16-2-A/Indonesia/BIOKES-I-BT074/2025_H3N2,92,0.0003941,0.0003941
seqneut25to26_sera_4017,A/Indonesia/BIOKES-I-BT074/2025_H3N2,plate16-2-A/Indonesia/BIOKES-I-BT074/2025_H3N2,212,0.004563,0.004563
seqneut25to26_sera_4017,A/Indonesia/BIOKES-I-BT074/2025_H3N2,plate16-2-A/Indonesia/BIOKES-I-BT074/2025_H3N2,487,0.1269,0.1269
seqneut25to26_sera_4017,A/Indonesia/BIOKES-I-BT074/2025_H3N2,plate16-2-A/Indonesia/BIOKES-I-BT074/2025_H3N2,1119,0.313,0.313
seqneut25to26_sera_4017,A/Indonesia/BIOKES-I-BT074/2025_H3N2,plate16-2-A/Indonesia/BIOKES-I-BT074/2025_H3N2,2575,0.5989,0.5989
seqneut25to26_sera_4017,A/Indonesia/BIOKES-I-BT074/2025_H3N2,plate16-2-A/Indonesia/BIOKES-I-BT074/2025_H3N2,5921,0.6517,0.6517
seqneut25to26_sera_4017,A/Indonesia/BIOKES-I-BT074/2025_H3N2,plate16-2-A/Indonesia/BIOKES-I-BT074/2025_H3N2,1.362e+04,1.11,1
seqneut25to26_sera_4017,A/Indonesia/BIOKES-INAD491/2025_H3N2,plate16-2-A/Indonesia/BIOKES-INAD491/2025_H3N2,40,0.0002864,0.0002864
seqneut25to26_sera_4017,A/Indonesia/BIOKES-INAD491/2025_H3N2,plate16-2-A/Indonesia/BIOKES-INAD491/2025_H3N2,92,0.0008716,0.0008716
seqneut25to26_sera_4017,A/Indonesia/BIOKES-INAD491/2025_H3N2,plate16-2-A/Indonesia/BIOKES-INAD491/2025_H3N2,212,0.05033,0.05033
seqneut25to26_sera_4017,A/Indonesia/BIOKES-INAD491/2025_H3N2,plate16-2-A/Indonesia/BIOKES-INAD491/2025_H3N2,487,0.2367,0.2367
seqneut25to26_sera_4017,A/Indonesia/BIOKES-INAD491/2025_H3N2,plate16-2-A/Indonesia/BIOKES-INAD491/2025_H3N2,1119,0.3682,0.3682
seqneut25to26_sera_4017,A/Indonesia/BIOKES-INAD491/2025_H3N2,plate16-2-A/Indonesia/BIOKES-INAD491/2025_H3N2,2575,0.831,0.831
seqneut25to26_sera_4017,A/Indonesia/BIOKES-INAD491/2025_H3N2,plate16-2-A/Indonesia/BIOKES-INAD491/2025_H3N2,5921,0.8364,0.8364
seqneut25to26_sera_4017,A/Indonesia/BIOKES-INAD491/2025_H3N2,plate16-2-A/Indonesia/BIOKES-INAD491/2025_H3N2,1.362e+04,1.06,1
seqneut25to26_sera_4017,A/Lao/820-2750/2025_H3N2,plate16-2-A/Lao/820-2750/2025_H3N2,40,0,0
seqneut25to26_sera_4017,A/Lao/820-2750/2025_H3N2,plate16-2-A/Lao/820-2750/2025_H3N2,92,0.0002027,0.0002027
seqneut25to26_sera_4017,A/Lao/820-2750/2025_H3N2,plate16-2-A/Lao/820-2750/2025_H3N2,212,3.477e-05,3.477e-05
seqneut25to26_sera_4017,A/Lao/820-2750/2025_H3N2,plate16-2-A/Lao/820-2750/2025_H3N2,487,0.07949,0.07949
seqneut25to26_sera_4017,A/Lao/820-2750/2025_H3N2,plate16-2-A/Lao/820-2750/2025_H3N2,1119,0.3425,0.3425
seqneut25to26_sera_4017,A/Lao/820-2750/2025_H3N2,plate16-2-A/Lao/820-2750/2025_H3N2,2575,0.46,0.46
seqneut25to26_sera_4017,A/Lao/820-2750/2025_H3N2,plate16-2-A/Lao/820-2750/2025_H3N2,5921,0.9841,0.9841
seqneut25to26_sera_4017,A/Lao/820-2750/2025_H3N2,plate16-2-A/Lao/820-2750/2025_H3N2,1.362e+04,1.066,1
seqneut25to26_sera_4017,A/Malaysia/IMR/SARI/2028/2025_H3N2,plate16-2-A/Malaysia/IMR/SARI/2028/2025_H3N2,40,0.0005572,0.0005572
seqneut25to26_sera_4017,A/Malaysia/IMR/SARI/2028/2025_H3N2,plate16-2-A/Malaysia/IMR/SARI/2028/2025_H3N2,92,0.00444,0.00444
seqneut25to26_sera_4017,A/Malaysia/IMR/SARI/2028/2025_H3N2,plate16-2-A/Malaysia/IMR/SARI/2028/2025_H3N2,212,0.07825,0.07825
seqneut25to26_sera_4017,A/Malaysia/IMR/SARI/2028/2025_H3N2,plate16-2-A/Malaysia/IMR/SARI/2028/2025_H3N2,487,0.1806,0.1806
seqneut25to26_sera_4017,A/Malaysia/IMR/SARI/2028/2025_H3N2,plate16-2-A/Malaysia/IMR/SARI/2028/2025_H3N2,1119,0.3783,0.3783
seqneut25to26_sera_4017,A/Malaysia/IMR/SARI/2028/2025_H3N2,plate16-2-A/Malaysia/IMR/SARI/2028/2025_H3N2,2575,0.5002,0.5002
seqneut25to26_sera_4017,A/Malaysia/IMR/SARI/2028/2025_H3N2,plate16-2-A/Malaysia/IMR/SARI/2028/2025_H3N2,5921,0.9268,0.9268
seqneut25to26_sera_4017,A/Malaysia/IMR/SARI/2028/2025_H3N2,plate16-2-A/Malaysia/IMR/SARI/2028/2025_H3N2,1.362e+04,0.731,0.731
seqneut25to26_sera_4017,A/Malaysia/IMR/SARI/2406/2025_H3N2,plate16-2-A/Malaysia/IMR/SARI/2406/2025_H3N2,40,0.0006848,0.0006848
seqneut25to26_sera_4017,A/Malaysia/IMR/SARI/2406/2025_H3N2,plate16-2-A/Malaysia/IMR/SARI/2406/2025_H3N2,92,0.06975,0.06975
seqneut25to26_sera_4017,A/Malaysia/IMR/SARI/2406/2025_H3N2,plate16-2-A/Malaysia/IMR/SARI/2406/2025_H3N2,212,0.185,0.185
seqneut25to26_sera_4017,A/Malaysia/IMR/SARI/2406/2025_H3N2,plate16-2-A/Malaysia/IMR/SARI/2406/2025_H3N2,487,0.2784,0.2784
seqneut25to26_sera_4017,A/Malaysia/IMR/SARI/2406/2025_H3N2,plate16-2-A/Malaysia/IMR/SARI/2406/2025_H3N2,1119,0.3499,0.3499
seqneut25to26_sera_4017,A/Malaysia/IMR/SARI/2406/2025_H3N2,plate16-2-A/Malaysia/IMR/SARI/2406/2025_H3N2,2575,0.4143,0.4143
seqneut25to26_sera_4017,A/Malaysia/IMR/SARI/2406/2025_H3N2,plate16-2-A/Malaysia/IMR/SARI/2406/2025_H3N2,5921,0.9838,0.9838
seqneut25to26_sera_4017,A/Malaysia/IMR/SARI/2406/2025_H3N2,plate16-2-A/Malaysia/IMR/SARI/2406/2025_H3N2,1.362e+04,0.8297,0.8297
seqneut25to26_sera_4017,A/Malaysia/IMR/SARI/2517/2025_H3N2,plate16-2-A/Malaysia/IMR/SARI/2517/2025_H3N2,40,0.0364,0.0364
seqneut25to26_sera_4017,A/Malaysia/IMR/SARI/2517/2025_H3N2,plate16-2-A/Malaysia/IMR/SARI/2517/2025_H3N2,92,0.2137,0.2137
seqneut25to26_sera_4017,A/Malaysia/IMR/SARI/2517/2025_H3N2,plate16-2-A/Malaysia/IMR/SARI/2517/2025_H3N2,212,0.2985,0.2985
seqneut25to26_sera_4017,A/Malaysia/IMR/SARI/2517/2025_H3N2,plate16-2-A/Malaysia/IMR/SARI/2517/2025_H3N2,487,0.4034,0.4034
seqneut25to26_sera_4017,A/Malaysia/IMR/SARI/2517/2025_H3N2,plate16-2-A/Malaysia/IMR/SARI/2517/2025_H3N2,1119,0.5387,0.5387
seqneut25to26_sera_4017,A/Malaysia/IMR/SARI/2517/2025_H3N2,plate16-2-A/Malaysia/IMR/SARI/2517/2025_H3N2,2575,0.7307,0.7307
seqneut25to26_sera_4017,A/Malaysia/IMR/SARI/2517/2025_H3N2,plate16-2-A/Malaysia/IMR/SARI/2517/2025_H3N2,5921,1.241,1
seqneut25to26_sera_4017,A/Malaysia/IMR/SARI/2517/2025_H3N2,plate16-2-A/Malaysia/IMR/SARI/2517/2025_H3N2,1.362e+04,1.08,1
seqneut25to26_sera_4017,A/Massachusetts/18/2022_H3N2,plate16-2-A/Massachusetts/18/2022_H3N2,40,0.0006593,0.0006593
seqneut25to26_sera_4017,A/Massachusetts/18/2022_H3N2,plate16-2-A/Massachusetts/18/2022_H3N2,92,0.1087,0.1087
seqneut25to26_sera_4017,A/Massachusetts/18/2022_H3N2,plate16-2-A/Massachusetts/18/2022_H3N2,212,0.1815,0.1815
seqneut25to26_sera_4017,A/Massachusetts/18/2022_H3N2,plate16-2-A/Massachusetts/18/2022_H3N2,487,0.6205,0.6205
seqneut25to26_sera_4017,A/Massachusetts/18/2022_H3N2,plate16-2-A/Massachusetts/18/2022_H3N2,1119,0.7443,0.7443
seqneut25to26_sera_4017,A/Massachusetts/18/2022_H3N2,plate16-2-A/Massachusetts/18/2022_H3N2,2575,0.7687,0.7687
seqneut25to26_sera_4017,A/Massachusetts/18/2022_H3N2,plate16-2-A/Massachusetts/18/2022_H3N2,5921,1.151,1
seqneut25to26_sera_4017,A/Massachusetts/18/2022_H3N2,plate16-2-A/Massachusetts/18/2022_H3N2,1.362e+04,1.175,1
seqneut25to26_sera_4017,A/Michigan/110/2025_H3N2,plate16-2-A/Michigan/110/2025_H3N2,40,7.132e-05,7.132e-05
seqneut25to26_sera_4017,A/Michigan/110/2025_H3N2,plate16-2-A/Michigan/110/2025_H3N2,92,0,0
seqneut25to26_sera_4017,A/Michigan/110/2025_H3N2,plate16-2-A/Michigan/110/2025_H3N2,212,0.048,0.048
seqneut25to26_sera_4017,A/Michigan/110/2025_H3N2,plate16-2-A/Michigan/110/2025_H3N2,487,0.1893,0.1893
seqneut25to26_sera_4017,A/Michigan/110/2025_H3N2,plate16-2-A/Michigan/110/2025_H3N2,1119,0.4332,0.4332
seqneut25to26_sera_4017,A/Michigan/110/2025_H3N2,plate16-2-A/Michigan/110/2025_H3N2,2575,0.4968,0.4968
seqneut25to26_sera_4017,A/Michigan/110/2025_H3N2,plate16-2-A/Michigan/110/2025_H3N2,5921,0.778,0.778
seqneut25to26_sera_4017,A/Michigan/110/2025_H3N2,plate16-2-A/Michigan/110/2025_H3N2,1.362e+04,0.9789,0.9789
seqneut25to26_sera_4017,A/Minnesota/96/2025_H3N2,plate16-2-A/Minnesota/96/2025_H3N2,40,0,0
seqneut25to26_sera_4017,A/Minnesota/96/2025_H3N2,plate16-2-A/Minnesota/96/2025_H3N2,92,0.005163,0.005163
seqneut25to26_sera_4017,A/Minnesota/96/2025_H3N2,plate16-2-A/Minnesota/96/2025_H3N2,212,0.06296,0.06296
seqneut25to26_sera_4017,A/Minnesota/96/2025_H3N2,plate16-2-A/Minnesota/96/2025_H3N2,487,0.1481,0.1481
seqneut25to26_sera_4017,A/Minnesota/96/2025_H3N2,plate16-2-A/Minnesota/96/2025_H3N2,1119,0.4968,0.4968
seqneut25to26_sera_4017,A/Minnesota/96/2025_H3N2,plate16-2-A/Minnesota/96/2025_H3N2,2575,0.6779,0.6779
seqneut25to26_sera_4017,A/Minnesota/96/2025_H3N2,plate16-2-A/Minnesota/96/2025_H3N2,5921,1.282,1
seqneut25to26_sera_4017,A/Minnesota/96/2025_H3N2,plate16-2-A/Minnesota/96/2025_H3N2,1.362e+04,0.9744,0.9744
seqneut25to26_sera_4017,A/Missouri/11/2025_H1N1,plate16-2-A/Missouri/11/2025_H1N1,40,0.05201,0.05201
seqneut25to26_sera_4017,A/Missouri/11/2025_H1N1,plate16-2-A/Missouri/11/2025_H1N1,92,0.2712,0.2712
seqneut25to26_sera_4017,A/Missouri/11/2025_H1N1,plate16-2-A/Missouri/11/2025_H1N1,212,0.6591,0.6591
seqneut25to26_sera_4017,A/Missouri/11/2025_H1N1,plate16-2-A/Missouri/11/2025_H1N1,487,0.743,0.743
seqneut25to26_sera_4017,A/Missouri/11/2025_H1N1,plate16-2-A/Missouri/11/2025_H1N1,1119,0.8031,0.8031
seqneut25to26_sera_4017,A/Missouri/11/2025_H1N1,plate16-2-A/Missouri/11/2025_H1N1,2575,0.6575,0.6575
seqneut25to26_sera_4017,A/Missouri/11/2025_H1N1,plate16-2-A/Missouri/11/2025_H1N1,5921,0.7111,0.7111
seqneut25to26_sera_4017,A/Missouri/11/2025_H1N1,plate16-2-A/Missouri/11/2025_H1N1,1.362e+04,1.47,1
seqneut25to26_sera_4017,A/NewSouthWales/2526015582/2025_H3N2,plate16-2-A/NewSouthWales/2526015582/2025_H3N2,40,0.004998,0.004998
seqneut25to26_sera_4017,A/NewSouthWales/2526015582/2025_H3N2,plate16-2-A/NewSouthWales/2526015582/2025_H3N2,92,0.09947,0.09947
seqneut25to26_sera_4017,A/NewSouthWales/2526015582/2025_H3N2,plate16-2-A/NewSouthWales/2526015582/2025_H3N2,212,0.1953,0.1953
seqneut25to26_sera_4017,A/NewSouthWales/2526015582/2025_H3N2,plate16-2-A/NewSouthWales/2526015582/2025_H3N2,487,0.4948,0.4948
seqneut25to26_sera_4017,A/NewSouthWales/2526015582/2025_H3N2,plate16-2-A/NewSouthWales/2526015582/2025_H3N2,1119,0.6214,0.6214
seqneut25to26_sera_4017,A/NewSouthWales/2526015582/2025_H3N2,plate16-2-A/NewSouthWales/2526015582/2025_H3N2,2575,0.8125,0.8125
seqneut25to26_sera_4017,A/NewSouthWales/2526015582/2025_H3N2,plate16-2-A/NewSouthWales/2526015582/2025_H3N2,5921,1.169,1
seqneut25to26_sera_4017,A/NewSouthWales/2526015582/2025_H3N2,plate16-2-A/NewSouthWales/2526015582/2025_H3N2,1.362e+04,0.997,0.997
seqneut25to26_sera_4017,A/NewSouthWales/2526015584/2025_H3N2,plate16-2-A/NewSouthWales/2526015584/2025_H3N2,40,0.004959,0.004959
seqneut25to26_sera_4017,A/NewSouthWales/2526015584/2025_H3N2,plate16-2-A/NewSouthWales/2526015584/2025_H3N2,92,0.06404,0.06404
seqneut25to26_sera_4017,A/NewSouthWales/2526015584/2025_H3N2,plate16-2-A/NewSouthWales/2526015584/2025_H3N2,212,0.263,0.263
seqneut25to26_sera_4017,A/NewSouthWales/2526015584/2025_H3N2,plate16-2-A/NewSouthWales/2526015584/2025_H3N2,487,0.2158,0.2158
seqneut25to26_sera_4017,A/NewSouthWales/2526015584/2025_H3N2,plate16-2-A/NewSouthWales/2526015584/2025_H3N2,1119,0.291,0.291
seqneut25to26_sera_4017,A/NewSouthWales/2526015584/2025_H3N2,plate16-2-A/NewSouthWales/2526015584/2025_H3N2,2575,0.4574,0.4574
seqneut25to26_sera_4017,A/NewSouthWales/2526015584/2025_H3N2,plate16-2-A/NewSouthWales/2526015584/2025_H3N2,5921,0.8559,0.8559
seqneut25to26_sera_4017,A/NewSouthWales/2526015584/2025_H3N2,plate16-2-A/NewSouthWales/2526015584/2025_H3N2,1.362e+04,1.007,1
seqneut25to26_sera_4017,A/Norway/8765/2025_H3N2,plate16-2-A/Norway/8765/2025_H3N2,40,0.01386,0.01386
seqneut25to26_sera_4017,A/Norway/8765/2025_H3N2,plate16-2-A/Norway/8765/2025_H3N2,92,0.07172,0.07172
seqneut25to26_sera_4017,A/Norway/8765/2025_H3N2,plate16-2-A/Norway/8765/2025_H3N2,212,0.2641,0.2641
seqneut25to26_sera_4017,A/Norway/8765/2025_H3N2,plate16-2-A/Norway/8765/2025_H3N2,487,0.4396,0.4396
seqneut25to26_sera_4017,A/Norway/8765/2025_H3N2,plate16-2-A/Norway/8765/2025_H3N2,1119,0.5007,0.5007
seqneut25to26_sera_4017,A/Norway/8765/2025_H3N2,plate16-2-A/Norway/8765/2025_H3N2,2575,0.8651,0.8651
seqneut25to26_sera_4017,A/Norway/8765/2025_H3N2,plate16-2-A/Norway/8765/2025_H3N2,5921,1.125,1
seqneut25to26_sera_4017,A/Norway/8765/2025_H3N2,plate16-2-A/Norway/8765/2025_H3N2,1.362e+04,0.9959,0.9959
seqneut25to26_sera_4017,A/Norway/8976/2025_H3N2,plate16-2-A/Norway/8976/2025_H3N2,40,0.01477,0.01477
seqneut25to26_sera_4017,A/Norway/8976/2025_H3N2,plate16-2-A/Norway/8976/2025_H3N2,92,0.1214,0.1214
seqneut25to26_sera_4017,A/Norway/8976/2025_H3N2,plate16-2-A/Norway/8976/2025_H3N2,212,0.2236,0.2236
seqneut25to26_sera_4017,A/Norway/8976/2025_H3N2,plate16-2-A/Norway/8976/2025_H3N2,487,0.3452,0.3452
seqneut25to26_sera_4017,A/Norway/8976/2025_H3N2,plate16-2-A/Norway/8976/2025_H3N2,1119,0.3945,0.3945
seqneut25to26_sera_4017,A/Norway/8976/2025_H3N2,plate16-2-A/Norway/8976/2025_H3N2,2575,0.8796,0.8796
seqneut25to26_sera_4017,A/Norway/8976/2025_H3N2,plate16-2-A/Norway/8976/2025_H3N2,5921,1.175,1
seqneut25to26_sera_4017,A/Norway/8976/2025_H3N2,plate16-2-A/Norway/8976/2025_H3N2,1.362e+04,0.7799,0.7799
seqneut25to26_sera_4017,A/Norway/9107/2025_H1N1,plate16-2-A/Norway/9107/2025_H1N1,40,0.07001,0.07001
seqneut25to26_sera_4017,A/Norway/9107/2025_H1N1,plate16-2-A/Norway/9107/2025_H1N1,92,0.4924,0.4924
seqneut25to26_sera_4017,A/Norway/9107/2025_H1N1,plate16-2-A/Norway/9107/2025_H1N1,212,0.6852,0.6852
seqneut25to26_sera_4017,A/Norway/9107/2025_H1N1,plate16-2-A/Norway/9107/2025_H1N1,487,0.7931,0.7931
seqneut25to26_sera_4017,A/Norway/9107/2025_H1N1,plate16-2-A/Norway/9107/2025_H1N1,1119,0.712,0.712
seqneut25to26_sera_4017,A/Norway/9107/2025_H1N1,plate16-2-A/Norway/9107/2025_H1N1,2575,1.076,1
seqneut25to26_sera_4017,A/Norway/9107/2025_H1N1,plate16-2-A/Norway/9107/2025_H1N1,5921,1.37,1
seqneut25to26_sera_4017,A/Norway/9107/2025_H1N1,plate16-2-A/Norway/9107/2025_H1N1,1.362e+04,1.117,1
seqneut25to26_sera_4017,A/Norway/9556/2025_H1N1,plate16-2-A/Norway/9556/2025_H1N1,40,0.06172,0.06172
seqneut25to26_sera_4017,A/Norway/9556/2025_H1N1,plate16-2-A/Norway/9556/2025_H1N1,92,0.4586,0.4586
seqneut25to26_sera_4017,A/Norway/9556/2025_H1N1,plate16-2-A/Norway/9556/2025_H1N1,212,0.6037,0.6037
seqneut25to26_sera_4017,A/Norway/9556/2025_H1N1,plate16-2-A/Norway/9556/2025_H1N1,487,0.6548,0.6548
seqneut25to26_sera_4017,A/Norway/9556/2025_H1N1,plate16-2-A/Norway/9556/2025_H1N1,1119,0.6598,0.6598
seqneut25to26_sera_4017,A/Norway/9556/2025_H1N1,plate16-2-A/Norway/9556/2025_H1N1,2575,1.029,1
seqneut25to26_sera_4017,A/Norway/9556/2025_H1N1,plate16-2-A/Norway/9556/2025_H1N1,5921,1.357,1
seqneut25to26_sera_4017,A/Norway/9556/2025_H1N1,plate16-2-A/Norway/9556/2025_H1N1,1.362e+04,1.03,1
seqneut25to26_sera_4017,A/Peru/GIHSN-04-1089/2025_H3N2,plate16-2-A/Peru/GIHSN-04-1089/2025_H3N2,40,0.0001054,0.0001054
seqneut25to26_sera_4017,A/Peru/GIHSN-04-1089/2025_H3N2,plate16-2-A/Peru/GIHSN-04-1089/2025_H3N2,92,0.0009481,0.0009481
seqneut25to26_sera_4017,A/Peru/GIHSN-04-1089/2025_H3N2,plate16-2-A/Peru/GIHSN-04-1089/2025_H3N2,212,0.1115,0.1115
seqneut25to26_sera_4017,A/Peru/GIHSN-04-1089/2025_H3N2,plate16-2-A/Peru/GIHSN-04-1089/2025_H3N2,487,0.344,0.344
seqneut25to26_sera_4017,A/Peru/GIHSN-04-1089/2025_H3N2,plate16-2-A/Peru/GIHSN-04-1089/2025_H3N2,1119,0.3964,0.3964
seqneut25to26_sera_4017,A/Peru/GIHSN-04-1089/2025_H3N2,plate16-2-A/Peru/GIHSN-04-1089/2025_H3N2,2575,0.5638,0.5638
seqneut25to26_sera_4017,A/Peru/GIHSN-04-1089/2025_H3N2,plate16-2-A/Peru/GIHSN-04-1089/2025_H3N2,5921,1.14,1
seqneut25to26_sera_4017,A/Peru/GIHSN-04-1089/2025_H3N2,plate16-2-A/Peru/GIHSN-04-1089/2025_H3N2,1.362e+04,0.8632,0.8632
seqneut25to26_sera_4017,A/Philippines/SARI25-1425/2025_H1N1,plate16-2-A/Philippines/SARI25-1425/2025_H1N1,40,0.0223,0.0223
seqneut25to26_sera_4017,A/Philippines/SARI25-1425/2025_H1N1,plate16-2-A/Philippines/SARI25-1425/2025_H1N1,92,0.2978,0.2978
seqneut25to26_sera_4017,A/Philippines/SARI25-1425/2025_H1N1,plate16-2-A/Philippines/SARI25-1425/2025_H1N1,212,0.5724,0.5724
seqneut25to26_sera_4017,A/Philippines/SARI25-1425/2025_H1N1,plate16-2-A/Philippines/SARI25-1425/2025_H1N1,487,0.9611,0.9611
seqneut25to26_sera_4017,A/Philippines/SARI25-1425/2025_H1N1,plate16-2-A/Philippines/SARI25-1425/2025_H1N1,1119,0.5853,0.5853
seqneut25to26_sera_4017,A/Philippines/SARI25-1425/2025_H1N1,plate16-2-A/Philippines/SARI25-1425/2025_H1N1,2575,0.9227,0.9227
seqneut25to26_sera_4017,A/Philippines/SARI25-1425/2025_H1N1,plate16-2-A/Philippines/SARI25-1425/2025_H1N1,5921,1.081,1
seqneut25to26_sera_4017,A/Philippines/SARI25-1425/2025_H1N1,plate16-2-A/Philippines/SARI25-1425/2025_H1N1,1.362e+04,1.18,1
seqneut25to26_sera_4017,A/Queensland/2526516675/2025_H3N2,plate16-2-A/Queensland/2526516675/2025_H3N2,40,0.01111,0.01111
seqneut25to26_sera_4017,A/Queensland/2526516675/2025_H3N2,plate16-2-A/Queensland/2526516675/2025_H3N2,92,0.1947,0.1947
seqneut25to26_sera_4017,A/Queensland/2526516675/2025_H3N2,plate16-2-A/Queensland/2526516675/2025_H3N2,212,0.246,0.246
seqneut25to26_sera_4017,A/Queensland/2526516675/2025_H3N2,plate16-2-A/Queensland/2526516675/2025_H3N2,487,0.3305,0.3305
seqneut25to26_sera_4017,A/Queensland/2526516675/2025_H3N2,plate16-2-A/Queensland/2526516675/2025_H3N2,1119,0.4654,0.4654
seqneut25to26_sera_4017,A/Queensland/2526516675/2025_H3N2,plate16-2-A/Queensland/2526516675/2025_H3N2,2575,0.8669,0.8669
seqneut25to26_sera_4017,A/Queensland/2526516675/2025_H3N2,plate16-2-A/Queensland/2526516675/2025_H3N2,5921,1.219,1
seqneut25to26_sera_4017,A/Queensland/2526516675/2025_H3N2,plate16-2-A/Queensland/2526516675/2025_H3N2,1.362e+04,0.9131,0.9131
seqneut25to26_sera_4017,A/SouthAfrica/PET37604/2025_H3N2,plate16-2-A/SouthAfrica/PET37604/2025_H3N2,40,0.004968,0.004968
seqneut25to26_sera_4017,A/SouthAfrica/PET37604/2025_H3N2,plate16-2-A/SouthAfrica/PET37604/2025_H3N2,92,0.003515,0.003515
seqneut25to26_sera_4017,A/SouthAfrica/PET37604/2025_H3N2,plate16-2-A/SouthAfrica/PET37604/2025_H3N2,212,0.1022,0.1022
seqneut25to26_sera_4017,A/SouthAfrica/PET37604/2025_H3N2,plate16-2-A/SouthAfrica/PET37604/2025_H3N2,487,0.08213,0.08213
seqneut25to26_sera_4017,A/SouthAfrica/PET37604/2025_H3N2,plate16-2-A/SouthAfrica/PET37604/2025_H3N2,1119,0.3052,0.3052
seqneut25to26_sera_4017,A/SouthAfrica/PET37604/2025_H3N2,plate16-2-A/SouthAfrica/PET37604/2025_H3N2,2575,0.9518,0.9518
seqneut25to26_sera_4017,A/SouthAfrica/PET37604/2025_H3N2,plate16-2-A/SouthAfrica/PET37604/2025_H3N2,5921,1.649,1
seqneut25to26_sera_4017,A/SouthAfrica/PET37604/2025_H3N2,plate16-2-A/SouthAfrica/PET37604/2025_H3N2,1.362e+04,1.118,1
seqneut25to26_sera_4017,A/SouthAfrica/PET37625/2025_H3N2,plate16-2-A/SouthAfrica/PET37625/2025_H3N2,40,0.000139,0.000139
seqneut25to26_sera_4017,A/SouthAfrica/PET37625/2025_H3N2,plate16-2-A/SouthAfrica/PET37625/2025_H3N2,92,0.003667,0.003667
seqneut25to26_sera_4017,A/SouthAfrica/PET37625/2025_H3N2,plate16-2-A/SouthAfrica/PET37625/2025_H3N2,212,0.04412,0.04412
seqneut25to26_sera_4017,A/SouthAfrica/PET37625/2025_H3N2,plate16-2-A/SouthAfrica/PET37625/2025_H3N2,487,0.2329,0.2329
seqneut25to26_sera_4017,A/SouthAfrica/PET37625/2025_H3N2,plate16-2-A/SouthAfrica/PET37625/2025_H3N2,1119,0.2236,0.2236
seqneut25to26_sera_4017,A/SouthAfrica/PET37625/2025_H3N2,plate16-2-A/SouthAfrica/PET37625/2025_H3N2,2575,0.8386,0.8386
seqneut25to26_sera_4017,A/SouthAfrica/PET37625/2025_H3N2,plate16-2-A/SouthAfrica/PET37625/2025_H3N2,5921,0.8249,0.8249
seqneut25to26_sera_4017,A/SouthAfrica/PET37625/2025_H3N2,plate16-2-A/SouthAfrica/PET37625/2025_H3N2,1.362e+04,0.7877,0.7877
seqneut25to26_sera_4017,A/SouthAustralia/2519001037/2025_H1N1,plate16-2-A/SouthAustralia/2519001037/2025_H1N1,40,0.03447,0.03447
seqneut25to26_sera_4017,A/SouthAustralia/2519001037/2025_H1N1,plate16-2-A/SouthAustralia/2519001037/2025_H1N1,92,0.4325,0.4325
seqneut25to26_sera_4017,A/SouthAustralia/2519001037/2025_H1N1,plate16-2-A/SouthAustralia/2519001037/2025_H1N1,212,0.4493,0.4493
seqneut25to26_sera_4017,A/SouthAustralia/2519001037/2025_H1N1,plate16-2-A/SouthAustralia/2519001037/2025_H1N1,487,0.8124,0.8124
seqneut25to26_sera_4017,A/SouthAustralia/2519001037/2025_H1N1,plate16-2-A/SouthAustralia/2519001037/2025_H1N1,1119,0.9302,0.9302
seqneut25to26_sera_4017,A/SouthAustralia/2519001037/2025_H1N1,plate16-2-A/SouthAustralia/2519001037/2025_H1N1,2575,1.035,1
seqneut25to26_sera_4017,A/SouthAustralia/2519001037/2025_H1N1,plate16-2-A/SouthAustralia/2519001037/2025_H1N1,5921,1.035,1
seqneut25to26_sera_4017,A/SouthAustralia/2519001037/2025_H1N1,plate16-2-A/SouthAustralia/2519001037/2025_H1N1,1.362e+04,0.8224,0.8224
seqneut25to26_sera_4017,A/SouthAustralia/2520702747/2025_H1N1,plate16-2-A/SouthAustralia/2520702747/2025_H1N1,40,0.0549,0.0549
seqneut25to26_sera_4017,A/SouthAustralia/2520702747/2025_H1N1,plate16-2-A/SouthAustralia/2520702747/2025_H1N1,92,0.2771,0.2771
seqneut25to26_sera_4017,A/SouthAustralia/2520702747/2025_H1N1,plate16-2-A/SouthAustralia/2520702747/2025_H1N1,212,0.5659,0.5659
seqneut25to26_sera_4017,A/SouthAustralia/2520702747/2025_H1N1,plate16-2-A/SouthAustralia/2520702747/2025_H1N1,487,0.7988,0.7988
seqneut25to26_sera_4017,A/SouthAustralia/2520702747/2025_H1N1,plate16-2-A/SouthAustralia/2520702747/2025_H1N1,1119,0.9657,0.9657
seqneut25to26_sera_4017,A/SouthAustralia/2520702747/2025_H1N1,plate16-2-A/SouthAustralia/2520702747/2025_H1N1,2575,1.077,1
seqneut25to26_sera_4017,A/SouthAustralia/2520702747/2025_H1N1,plate16-2-A/SouthAustralia/2520702747/2025_H1N1,5921,1.328,1
seqneut25to26_sera_4017,A/SouthAustralia/2520702747/2025_H1N1,plate16-2-A/SouthAustralia/2520702747/2025_H1N1,1.362e+04,1.098,1
seqneut25to26_sera_4017,A/SouthAustralia/2523012764/2025_H1N1,plate16-2-A/SouthAustralia/2523012764/2025_H1N1,40,0.08151,0.08151
seqneut25to26_sera_4017,A/SouthAustralia/2523012764/2025_H1N1,plate16-2-A/SouthAustralia/2523012764/2025_H1N1,92,0.5982,0.5982
seqneut25to26_sera_4017,A/SouthAustralia/2523012764/2025_H1N1,plate16-2-A/SouthAustralia/2523012764/2025_H1N1,212,0.4876,0.4876
seqneut25to26_sera_4017,A/SouthAustralia/2523012764/2025_H1N1,plate16-2-A/SouthAustralia/2523012764/2025_H1N1,487,0.8093,0.8093
seqneut25to26_sera_4017,A/SouthAustralia/2523012764/2025_H1N1,plate16-2-A/SouthAustralia/2523012764/2025_H1N1,1119,0.7191,0.7191
seqneut25to26_sera_4017,A/SouthAustralia/2523012764/2025_H1N1,plate16-2-A/SouthAustralia/2523012764/2025_H1N1,2575,1.881,1
seqneut25to26_sera_4017,A/SouthAustralia/2523012764/2025_H1N1,plate16-2-A/SouthAustralia/2523012764/2025_H1N1,5921,1.081,1
seqneut25to26_sera_4017,A/SouthAustralia/2523012764/2025_H1N1,plate16-2-A/SouthAustralia/2523012764/2025_H1N1,1.362e+04,1.076,1
seqneut25to26_sera_4017,A/SouthAustralia/2523812314/2025_H3N2,plate16-2-A/SouthAustralia/2523812314/2025_H3N2,40,0.008299,0.008299
seqneut25to26_sera_4017,A/SouthAustralia/2523812314/2025_H3N2,plate16-2-A/SouthAustralia/2523812314/2025_H3N2,92,0.1768,0.1768
seqneut25to26_sera_4017,A/SouthAustralia/2523812314/2025_H3N2,plate16-2-A/SouthAustralia/2523812314/2025_H3N2,212,0.3684,0.3684
seqneut25to26_sera_4017,A/SouthAustralia/2523812314/2025_H3N2,plate16-2-A/SouthAustralia/2523812314/2025_H3N2,487,0.6885,0.6885
seqneut25to26_sera_4017,A/SouthAustralia/2523812314/2025_H3N2,plate16-2-A/SouthAustralia/2523812314/2025_H3N2,1119,0.5007,0.5007
seqneut25to26_sera_4017,A/SouthAustralia/2523812314/2025_H3N2,plate16-2-A/SouthAustralia/2523812314/2025_H3N2,2575,0.5971,0.5971
seqneut25to26_sera_4017,A/SouthAustralia/2523812314/2025_H3N2,plate16-2-A/SouthAustralia/2523812314/2025_H3N2,5921,1.102,1
seqneut25to26_sera_4017,A/SouthAustralia/2523812314/2025_H3N2,plate16-2-A/SouthAustralia/2523812314/2025_H3N2,1.362e+04,0.9961,0.9961
seqneut25to26_sera_4017,A/SouthAustralia/2524408801/2025_H3N2,plate16-2-A/SouthAustralia/2524408801/2025_H3N2,40,0.01967,0.01967
seqneut25to26_sera_4017,A/SouthAustralia/2524408801/2025_H3N2,plate16-2-A/SouthAustralia/2524408801/2025_H3N2,92,0.1005,0.1005
seqneut25to26_sera_4017,A/SouthAustralia/2524408801/2025_H3N2,plate16-2-A/SouthAustralia/2524408801/2025_H3N2,212,0.2303,0.2303
seqneut25to26_sera_4017,A/SouthAustralia/2524408801/2025_H3N2,plate16-2-A/SouthAustralia/2524408801/2025_H3N2,487,0.4268,0.4268
seqneut25to26_sera_4017,A/SouthAustralia/2524408801/2025_H3N2,plate16-2-A/SouthAustralia/2524408801/2025_H3N2,1119,0.8559,0.8559
seqneut25to26_sera_4017,A/SouthAustralia/2524408801/2025_H3N2,plate16-2-A/SouthAustralia/2524408801/2025_H3N2,2575,0.7911,0.7911
seqneut25to26_sera_4017,A/SouthAustralia/2524408801/2025_H3N2,plate16-2-A/SouthAustralia/2524408801/2025_H3N2,5921,1.306,1
seqneut25to26_sera_4017,A/SouthAustralia/2524408801/2025_H3N2,plate16-2-A/SouthAustralia/2524408801/2025_H3N2,1.362e+04,0.8515,0.8515
seqneut25to26_sera_4017,A/SouthAustralia/2524712956/2025_H1N1,plate16-2-A/SouthAustralia/2524712956/2025_H1N1,40,0.04285,0.04285
seqneut25to26_sera_4017,A/SouthAustralia/2524712956/2025_H1N1,plate16-2-A/SouthAustralia/2524712956/2025_H1N1,92,0.2973,0.2973
seqneut25to26_sera_4017,A/SouthAustralia/2524712956/2025_H1N1,plate16-2-A/SouthAustralia/2524712956/2025_H1N1,212,0.5891,0.5891
seqneut25to26_sera_4017,A/SouthAustralia/2524712956/2025_H1N1,plate16-2-A/SouthAustralia/2524712956/2025_H1N1,487,0.5802,0.5802
seqneut25to26_sera_4017,A/SouthAustralia/2524712956/2025_H1N1,plate16-2-A/SouthAustralia/2524712956/2025_H1N1,1119,0.8501,0.8501
seqneut25to26_sera_4017,A/SouthAustralia/2524712956/2025_H1N1,plate16-2-A/SouthAustralia/2524712956/2025_H1N1,2575,0.7684,0.7684
seqneut25to26_sera_4017,A/SouthAustralia/2524712956/2025_H1N1,plate16-2-A/SouthAustralia/2524712956/2025_H1N1,5921,1.621,1
seqneut25to26_sera_4017,A/SouthAustralia/2524712956/2025_H1N1,plate16-2-A/SouthAustralia/2524712956/2025_H1N1,1.362e+04,1.384,1
seqneut25to26_sera_4017,A/SouthAustralia/2525607496/2025_H3N2,plate16-2-A/SouthAustralia/2525607496/2025_H3N2,40,6.209e-06,6.209e-06
seqneut25to26_sera_4017,A/SouthAustralia/2525607496/2025_H3N2,plate16-2-A/SouthAustralia/2525607496/2025_H3N2,92,0,0
seqneut25to26_sera_4017,A/SouthAustralia/2525607496/2025_H3N2,plate16-2-A/SouthAustralia/2525607496/2025_H3N2,212,0.0004204,0.0004204
seqneut25to26_sera_4017,A/SouthAustralia/2525607496/2025_H3N2,plate16-2-A/SouthAustralia/2525607496/2025_H3N2,487,0.02515,0.02515
seqneut25to26_sera_4017,A/SouthAustralia/2525607496/2025_H3N2,plate16-2-A/SouthAustralia/2525607496/2025_H3N2,1119,0.2816,0.2816
seqneut25to26_sera_4017,A/SouthAustralia/2525607496/2025_H3N2,plate16-2-A/SouthAustralia/2525607496/2025_H3N2,2575,0.4943,0.4943
seqneut25to26_sera_4017,A/SouthAustralia/2525607496/2025_H3N2,plate16-2-A/SouthAustralia/2525607496/2025_H3N2,5921,0.8449,0.8449
seqneut25to26_sera_4017,A/SouthAustralia/2525607496/2025_H3N2,plate16-2-A/SouthAustralia/2525607496/2025_H3N2,1.362e+04,0.7928,0.7928
seqneut25to26_sera_4017,A/SouthAustralia/2527003588/2025_H3N2,plate16-2-A/SouthAustralia/2527003588/2025_H3N2,40,0.01745,0.01745
seqneut25to26_sera_4017,A/SouthAustralia/2527003588/2025_H3N2,plate16-2-A/SouthAustralia/2527003588/2025_H3N2,92,0.09685,0.09685
seqneut25to26_sera_4017,A/SouthAustralia/2527003588/2025_H3N2,plate16-2-A/SouthAustralia/2527003588/2025_H3N2,212,0.26,0.26
seqneut25to26_sera_4017,A/SouthAustralia/2527003588/2025_H3N2,plate16-2-A/SouthAustralia/2527003588/2025_H3N2,487,0.4868,0.4868
seqneut25to26_sera_4017,A/SouthAustralia/2527003588/2025_H3N2,plate16-2-A/SouthAustralia/2527003588/2025_H3N2,1119,0.4718,0.4718
seqneut25to26_sera_4017,A/SouthAustralia/2527003588/2025_H3N2,plate16-2-A/SouthAustralia/2527003588/2025_H3N2,2575,0.4219,0.4219
seqneut25to26_sera_4017,A/SouthAustralia/2527003588/2025_H3N2,plate16-2-A/SouthAustralia/2527003588/2025_H3N2,5921,1.412,1
seqneut25to26_sera_4017,A/SouthAustralia/2527003588/2025_H3N2,plate16-2-A/SouthAustralia/2527003588/2025_H3N2,1.362e+04,0.8381,0.8381
seqneut25to26_sera_4017,A/SouthAustralia/2527213276/2025_H3N2,plate16-2-A/SouthAustralia/2527213276/2025_H3N2,40,0.0878,0.0878
seqneut25to26_sera_4017,A/SouthAustralia/2527213276/2025_H3N2,plate16-2-A/SouthAustralia/2527213276/2025_H3N2,92,0.1074,0.1074
seqneut25to26_sera_4017,A/SouthAustralia/2527213276/2025_H3N2,plate16-2-A/SouthAustralia/2527213276/2025_H3N2,212,0.3377,0.3377
seqneut25to26_sera_4017,A/SouthAustralia/2527213276/2025_H3N2,plate16-2-A/SouthAustralia/2527213276/2025_H3N2,487,0.2605,0.2605
seqneut25to26_sera_4017,A/SouthAustralia/2527213276/2025_H3N2,plate16-2-A/SouthAustralia/2527213276/2025_H3N2,1119,0.264,0.264
seqneut25to26_sera_4017,A/SouthAustralia/2527213276/2025_H3N2,plate16-2-A/SouthAustralia/2527213276/2025_H3N2,2575,0.4189,0.4189
seqneut25to26_sera_4017,A/SouthAustralia/2527213276/2025_H3N2,plate16-2-A/SouthAustralia/2527213276/2025_H3N2,5921,0.4813,0.4813
seqneut25to26_sera_4017,A/SouthAustralia/2527213276/2025_H3N2,plate16-2-A/SouthAustralia/2527213276/2025_H3N2,1.362e+04,0.9932,0.9932
seqneut25to26_sera_4017,A/SouthAustralia/2527612456/2025_H1N1,plate16-2-A/SouthAustralia/2527612456/2025_H1N1,40,0.4379,0.4379
seqneut25to26_sera_4017,A/SouthAustralia/2527612456/2025_H1N1,plate16-2-A/SouthAustralia/2527612456/2025_H1N1,92,0.4231,0.4231
seqneut25to26_sera_4017,A/SouthAustralia/2527612456/2025_H1N1,plate16-2-A/SouthAustralia/2527612456/2025_H1N1,212,0.8898,0.8898
seqneut25to26_sera_4017,A/SouthAustralia/2527612456/2025_H1N1,plate16-2-A/SouthAustralia/2527612456/2025_H1N1,487,0.9071,0.9071
seqneut25to26_sera_4017,A/SouthAustralia/2527612456/2025_H1N1,plate16-2-A/SouthAustralia/2527612456/2025_H1N1,1119,0.994,0.994
seqneut25to26_sera_4017,A/SouthAustralia/2527612456/2025_H1N1,plate16-2-A/SouthAustralia/2527612456/2025_H1N1,2575,1.047,1
seqneut25to26_sera_4017,A/SouthAustralia/2527612456/2025_H1N1,plate16-2-A/SouthAustralia/2527612456/2025_H1N1,5921,1.304,1
seqneut25to26_sera_4017,A/SouthAustralia/2527612456/2025_H1N1,plate16-2-A/SouthAustralia/2527612456/2025_H1N1,1.362e+04,1.115,1
seqneut25to26_sera_4017,A/SouthAustralia/2527902708/2025_H3N2,plate16-2-A/SouthAustralia/2527902708/2025_H3N2,40,0.02244,0.02244
seqneut25to26_sera_4017,A/SouthAustralia/2527902708/2025_H3N2,plate16-2-A/SouthAustralia/2527902708/2025_H3N2,92,0.162,0.162
seqneut25to26_sera_4017,A/SouthAustralia/2527902708/2025_H3N2,plate16-2-A/SouthAustralia/2527902708/2025_H3N2,212,0.4413,0.4413
seqneut25to26_sera_4017,A/SouthAustralia/2527902708/2025_H3N2,plate16-2-A/SouthAustralia/2527902708/2025_H3N2,487,0.4974,0.4974
seqneut25to26_sera_4017,A/SouthAustralia/2527902708/2025_H3N2,plate16-2-A/SouthAustralia/2527902708/2025_H3N2,1119,0.3316,0.3316
seqneut25to26_sera_4017,A/SouthAustralia/2527902708/2025_H3N2,plate16-2-A/SouthAustralia/2527902708/2025_H3N2,2575,0.4002,0.4002
seqneut25to26_sera_4017,A/SouthAustralia/2527902708/2025_H3N2,plate16-2-A/SouthAustralia/2527902708/2025_H3N2,5921,1.225,1
seqneut25to26_sera_4017,A/SouthAustralia/2527902708/2025_H3N2,plate16-2-A/SouthAustralia/2527902708/2025_H3N2,1.362e+04,0.8795,0.8795
seqneut25to26_sera_4017,A/Sydney/1359/2024_H3N2,plate16-2-A/Sydney/1359/2024_H3N2,40,0.004426,0.004426
seqneut25to26_sera_4017,A/Sydney/1359/2024_H3N2,plate16-2-A/Sydney/1359/2024_H3N2,92,0.02524,0.02524
seqneut25to26_sera_4017,A/Sydney/1359/2024_H3N2,plate16-2-A/Sydney/1359/2024_H3N2,212,0.2038,0.2038
seqneut25to26_sera_4017,A/Sydney/1359/2024_H3N2,plate16-2-A/Sydney/1359/2024_H3N2,487,0.455,0.455
seqneut25to26_sera_4017,A/Sydney/1359/2024_H3N2,plate16-2-A/Sydney/1359/2024_H3N2,1119,0.5327,0.5327
seqneut25to26_sera_4017,A/Sydney/1359/2024_H3N2,plate16-2-A/Sydney/1359/2024_H3N2,2575,0.7847,0.7847
seqneut25to26_sera_4017,A/Sydney/1359/2024_H3N2,plate16-2-A/Sydney/1359/2024_H3N2,5921,1.153,1
seqneut25to26_sera_4017,A/Sydney/1359/2024_H3N2,plate16-2-A/Sydney/1359/2024_H3N2,1.362e+04,1.119,1
seqneut25to26_sera_4017,A/Sydney/400/2025_H1N1,plate16-2-A/Sydney/400/2025_H1N1,40,0.003696,0.003696
seqneut25to26_sera_4017,A/Sydney/400/2025_H1N1,plate16-2-A/Sydney/400/2025_H1N1,92,0.006154,0.006154
seqneut25to26_sera_4017,A/Sydney/400/2025_H1N1,plate16-2-A/Sydney/400/2025_H1N1,212,0.005265,0.005265
seqneut25to26_sera_4017,A/Sydney/400/2025_H1N1,plate16-2-A/Sydney/400/2025_H1N1,487,0.008765,0.008765
seqneut25to26_sera_4017,A/Sydney/400/2025_H1N1,plate16-2-A/Sydney/400/2025_H1N1,1119,0.04147,0.04147
seqneut25to26_sera_4017,A/Sydney/400/2025_H1N1,plate16-2-A/Sydney/400/2025_H1N1,2575,0.2293,0.2293
seqneut25to26_sera_4017,A/Sydney/400/2025_H1N1,plate16-2-A/Sydney/400/2025_H1N1,5921,0.6105,0.6105
seqneut25to26_sera_4017,A/Sydney/400/2025_H1N1,plate16-2-A/Sydney/400/2025_H1N1,1.362e+04,0.5867,0.5867
seqneut25to26_sera_4017,A/Tasmania/2521815682/2025_H3N2,plate16-2-A/Tasmania/2521815682/2025_H3N2,40,0.02021,0.02021
seqneut25to26_sera_4017,A/Tasmania/2521815682/2025_H3N2,plate16-2-A/Tasmania/2521815682/2025_H3N2,92,0.2076,0.2076
seqneut25to26_sera_4017,A/Tasmania/2521815682/2025_H3N2,plate16-2-A/Tasmania/2521815682/2025_H3N2,212,0.3146,0.3146
seqneut25to26_sera_4017,A/Tasmania/2521815682/2025_H3N2,plate16-2-A/Tasmania/2521815682/2025_H3N2,487,0.3213,0.3213
seqneut25to26_sera_4017,A/Tasmania/2521815682/2025_H3N2,plate16-2-A/Tasmania/2521815682/2025_H3N2,1119,0.3497,0.3497
seqneut25to26_sera_4017,A/Tasmania/2521815682/2025_H3N2,plate16-2-A/Tasmania/2521815682/2025_H3N2,2575,0.5621,0.5621
seqneut25to26_sera_4017,A/Tasmania/2521815682/2025_H3N2,plate16-2-A/Tasmania/2521815682/2025_H3N2,5921,1.341,1
seqneut25to26_sera_4017,A/Tasmania/2521815682/2025_H3N2,plate16-2-A/Tasmania/2521815682/2025_H3N2,1.362e+04,0.877,0.877
seqneut25to26_sera_4017,A/Thailand/8/2022_H3N2,plate16-2-A/Thailand/8/2022_H3N2,40,0.004944,0.004944
seqneut25to26_sera_4017,A/Thailand/8/2022_H3N2,plate16-2-A/Thailand/8/2022_H3N2,92,0.003662,0.003662
seqneut25to26_sera_4017,A/Thailand/8/2022_H3N2,plate16-2-A/Thailand/8/2022_H3N2,212,0.09722,0.09722
seqneut25to26_sera_4017,A/Thailand/8/2022_H3N2,plate16-2-A/Thailand/8/2022_H3N2,487,0.07565,0.07565
seqneut25to26_sera_4017,A/Thailand/8/2022_H3N2,plate16-2-A/Thailand/8/2022_H3N2,1119,0.4648,0.4648
seqneut25to26_sera_4017,A/Thailand/8/2022_H3N2,plate16-2-A/Thailand/8/2022_H3N2,2575,0.6268,0.6268
seqneut25to26_sera_4017,A/Thailand/8/2022_H3N2,plate16-2-A/Thailand/8/2022_H3N2,5921,0.7722,0.7722
seqneut25to26_sera_4017,A/Thailand/8/2022_H3N2,plate16-2-A/Thailand/8/2022_H3N2,1.362e+04,0.6119,0.6119
seqneut25to26_sera_4017,A/Vermont/73/2025_H3N2,plate16-2-A/Vermont/73/2025_H3N2,40,0.08704,0.08704
seqneut25to26_sera_4017,A/Vermont/73/2025_H3N2,plate16-2-A/Vermont/73/2025_H3N2,92,0.1214,0.1214
seqneut25to26_sera_4017,A/Vermont/73/2025_H3N2,plate16-2-A/Vermont/73/2025_H3N2,212,0.3321,0.3321
seqneut25to26_sera_4017,A/Vermont/73/2025_H3N2,plate16-2-A/Vermont/73/2025_H3N2,487,0.4328,0.4328
seqneut25to26_sera_4017,A/Vermont/73/2025_H3N2,plate16-2-A/Vermont/73/2025_H3N2,1119,0.322,0.322
seqneut25to26_sera_4017,A/Vermont/73/2025_H3N2,plate16-2-A/Vermont/73/2025_H3N2,2575,0.6586,0.6586
seqneut25to26_sera_4017,A/Vermont/73/2025_H3N2,plate16-2-A/Vermont/73/2025_H3N2,5921,1.104,1
seqneut25to26_sera_4017,A/Vermont/73/2025_H3N2,plate16-2-A/Vermont/73/2025_H3N2,1.362e+04,0.6374,0.6374
seqneut25to26_sera_4017,A/Victoria/4897/2022_IVR-238_H1N1,plate16-2-A/Victoria/4897/2022_IVR-238_H1N1,40,0.0003617,0.0003617
seqneut25to26_sera_4017,A/Victoria/4897/2022_IVR-238_H1N1,plate16-2-A/Victoria/4897/2022_IVR-238_H1N1,92,0.0002605,0.0002605
seqneut25to26_sera_4017,A/Victoria/4897/2022_IVR-238_H1N1,plate16-2-A/Victoria/4897/2022_IVR-238_H1N1,212,0.0001707,0.0001707
seqneut25to26_sera_4017,A/Victoria/4897/2022_IVR-238_H1N1,plate16-2-A/Victoria/4897/2022_IVR-238_H1N1,487,0.0002811,0.0002811
seqneut25to26_sera_4017,A/Victoria/4897/2022_IVR-238_H1N1,plate16-2-A/Victoria/4897/2022_IVR-238_H1N1,1119,0.0003966,0.0003966
seqneut25to26_sera_4017,A/Victoria/4897/2022_IVR-238_H1N1,plate16-2-A/Victoria/4897/2022_IVR-238_H1N1,2575,0.0007677,0.0007677
seqneut25to26_sera_4017,A/Victoria/4897/2022_IVR-238_H1N1,plate16-2-A/Victoria/4897/2022_IVR-238_H1N1,5921,0.041,0.041
seqneut25to26_sera_4017,A/Victoria/4897/2022_IVR-238_H1N1,plate16-2-A/Victoria/4897/2022_IVR-238_H1N1,1.362e+04,0.4384,0.4384
seqneut25to26_sera_4017,A/Wisconsin/588/2019_H1N1,plate16-2-A/Wisconsin/588/2019_H1N1,40,0.0008155,0.0008155
seqneut25to26_sera_4017,A/Wisconsin/588/2019_H1N1,plate16-2-A/Wisconsin/588/2019_H1N1,92,0.002045,0.002045
seqneut25to26_sera_4017,A/Wisconsin/588/2019_H1N1,plate16-2-A/Wisconsin/588/2019_H1N1,212,0.00104,0.00104
seqneut25to26_sera_4017,A/Wisconsin/588/2019_H1N1,plate16-2-A/Wisconsin/588/2019_H1N1,487,0.001657,0.001657
seqneut25to26_sera_4017,A/Wisconsin/588/2019_H1N1,plate16-2-A/Wisconsin/588/2019_H1N1,1119,0.02643,0.02643
seqneut25to26_sera_4017,A/Wisconsin/588/2019_H1N1,plate16-2-A/Wisconsin/588/2019_H1N1,2575,0.2732,0.2732
seqneut25to26_sera_4017,A/Wisconsin/588/2019_H1N1,plate16-2-A/Wisconsin/588/2019_H1N1,5921,0.7927,0.7927
seqneut25to26_sera_4017,A/Wisconsin/588/2019_H1N1,plate16-2-A/Wisconsin/588/2019_H1N1,1.362e+04,0.9021,0.9021
seqneut25to26_sera_4017,A/Wisconsin/67/2022_H1N1,plate16-2-A/Wisconsin/67/2022_H1N1,40,0.08121,0.08121
seqneut25to26_sera_4017,A/Wisconsin/67/2022_H1N1,plate16-2-A/Wisconsin/67/2022_H1N1,92,0.4959,0.4959
seqneut25to26_sera_4017,A/Wisconsin/67/2022_H1N1,plate16-2-A/Wisconsin/67/2022_H1N1,212,0.5872,0.5872
seqneut25to26_sera_4017,A/Wisconsin/67/2022_H1N1,plate16-2-A/Wisconsin/67/2022_H1N1,487,0.672,0.672
seqneut25to26_sera_4017,A/Wisconsin/67/2022_H1N1,plate16-2-A/Wisconsin/67/2022_H1N1,1119,0.6689,0.6689
seqneut25to26_sera_4017,A/Wisconsin/67/2022_H1N1,plate16-2-A/Wisconsin/67/2022_H1N1,2575,1.144,1
seqneut25to26_sera_4017,A/Wisconsin/67/2022_H1N1,plate16-2-A/Wisconsin/67/2022_H1N1,5921,1.093,1
seqneut25to26_sera_4017,A/Wisconsin/67/2022_H1N1,plate16-2-A/Wisconsin/67/2022_H1N1,1.362e+04,0.9743,0.9743
seqneut25to26_sera_4017,A/Zacapa/FLU-261/2025_H1N1,plate16-2-A/Zacapa/FLU-261/2025_H1N1,40,0.04714,0.04714
seqneut25to26_sera_4017,A/Zacapa/FLU-261/2025_H1N1,plate16-2-A/Zacapa/FLU-261/2025_H1N1,92,0.4208,0.4208
seqneut25to26_sera_4017,A/Zacapa/FLU-261/2025_H1N1,plate16-2-A/Zacapa/FLU-261/2025_H1N1,212,0.5838,0.5838
seqneut25to26_sera_4017,A/Zacapa/FLU-261/2025_H1N1,plate16-2-A/Zacapa/FLU-261/2025_H1N1,487,0.782,0.782
seqneut25to26_sera_4017,A/Zacapa/FLU-261/2025_H1N1,plate16-2-A/Zacapa/FLU-261/2025_H1N1,1119,1.2,1
seqneut25to26_sera_4017,A/Zacapa/FLU-261/2025_H1N1,plate16-2-A/Zacapa/FLU-261/2025_H1N1,2575,1.034,1
seqneut25to26_sera_4017,A/Zacapa/FLU-261/2025_H1N1,plate16-2-A/Zacapa/FLU-261/2025_H1N1,5921,1.325,1
seqneut25to26_sera_4017,A/Zacapa/FLU-261/2025_H1N1,plate16-2-A/Zacapa/FLU-261/2025_H1N1,1.362e+04,1.008,1
seqneut25to26_sera_4018,A/Alagoas/4130/2025_H3N2,plate16-2-A/Alagoas/4130/2025_H3N2,40,0.005566,0.005566
seqneut25to26_sera_4018,A/Alagoas/4130/2025_H3N2,plate16-2-A/Alagoas/4130/2025_H3N2,92,0.07712,0.07712
seqneut25to26_sera_4018,A/Alagoas/4130/2025_H3N2,plate16-2-A/Alagoas/4130/2025_H3N2,212,0.366,0.366
seqneut25to26_sera_4018,A/Alagoas/4130/2025_H3N2,plate16-2-A/Alagoas/4130/2025_H3N2,487,0.4236,0.4236
seqneut25to26_sera_4018,A/Alagoas/4130/2025_H3N2,plate16-2-A/Alagoas/4130/2025_H3N2,1119,0.4124,0.4124
seqneut25to26_sera_4018,A/Alagoas/4130/2025_H3N2,plate16-2-A/Alagoas/4130/2025_H3N2,2575,0.7508,0.7508
seqneut25to26_sera_4018,A/Alagoas/4130/2025_H3N2,plate16-2-A/Alagoas/4130/2025_H3N2,5921,0.7559,0.7559
seqneut25to26_sera_4018,A/Alagoas/4130/2025_H3N2,plate16-2-A/Alagoas/4130/2025_H3N2,1.362e+04,1.026,1
seqneut25to26_sera_4018,A/Anapolis/LEIAL6543/2025_H3N2,plate16-2-A/Anapolis/LEIAL6543/2025_H3N2,40,0.0003392,0.0003392
seqneut25to26_sera_4018,A/Anapolis/LEIAL6543/2025_H3N2,plate16-2-A/Anapolis/LEIAL6543/2025_H3N2,92,0.0244,0.0244
seqneut25to26_sera_4018,A/Anapolis/LEIAL6543/2025_H3N2,plate16-2-A/Anapolis/LEIAL6543/2025_H3N2,212,0.102,0.102
seqneut25to26_sera_4018,A/Anapolis/LEIAL6543/2025_H3N2,plate16-2-A/Anapolis/LEIAL6543/2025_H3N2,487,0.4032,0.4032
seqneut25to26_sera_4018,A/Anapolis/LEIAL6543/2025_H3N2,plate16-2-A/Anapolis/LEIAL6543/2025_H3N2,1119,0.418,0.418
seqneut25to26_sera_4018,A/Anapolis/LEIAL6543/2025_H3N2,plate16-2-A/Anapolis/LEIAL6543/2025_H3N2,2575,0.721,0.721
seqneut25to26_sera_4018,A/Anapolis/LEIAL6543/2025_H3N2,plate16-2-A/Anapolis/LEIAL6543/2025_H3N2,5921,1.184,1
seqneut25to26_sera_4018,A/Anapolis/LEIAL6543/2025_H3N2,plate16-2-A/Anapolis/LEIAL6543/2025_H3N2,1.362e+04,0.9728,0.9728
seqneut25to26_sera_4018,A/Andalucia/PMC-00977/2025_H1N1,plate16-2-A/Andalucia/PMC-00977/2025_H1N1,40,0.06602,0.06602
seqneut25to26_sera_4018,A/Andalucia/PMC-00977/2025_H1N1,plate16-2-A/Andalucia/PMC-00977/2025_H1N1,92,0.2802,0.2802
seqneut25to26_sera_4018,A/Andalucia/PMC-00977/2025_H1N1,plate16-2-A/Andalucia/PMC-00977/2025_H1N1,212,0.9411,0.9411
seqneut25to26_sera_4018,A/Andalucia/PMC-00977/2025_H1N1,plate16-2-A/Andalucia/PMC-00977/2025_H1N1,487,0.723,0.723
seqneut25to26_sera_4018,A/Andalucia/PMC-00977/2025_H1N1,plate16-2-A/Andalucia/PMC-00977/2025_H1N1,1119,0.8547,0.8547
seqneut25to26_sera_4018,A/Andalucia/PMC-00977/2025_H1N1,plate16-2-A/Andalucia/PMC-00977/2025_H1N1,2575,0.977,0.977
seqneut25to26_sera_4018,A/Andalucia/PMC-00977/2025_H1N1,plate16-2-A/Andalucia/PMC-00977/2025_H1N1,5921,1.077,1
seqneut25to26_sera_4018,A/Andalucia/PMC-00977/2025_H1N1,plate16-2-A/Andalucia/PMC-00977/2025_H1N1,1.362e+04,1.237,1
seqneut25to26_sera_4018,A/Aragon/2046/2025_H1N1,plate16-2-A/Aragon/2046/2025_H1N1,40,0.0667,0.0667
seqneut25to26_sera_4018,A/Aragon/2046/2025_H1N1,plate16-2-A/Aragon/2046/2025_H1N1,92,0.3363,0.3363
seqneut25to26_sera_4018,A/Aragon/2046/2025_H1N1,plate16-2-A/Aragon/2046/2025_H1N1,212,0.7302,0.7302
seqneut25to26_sera_4018,A/Aragon/2046/2025_H1N1,plate16-2-A/Aragon/2046/2025_H1N1,487,0.8306,0.8306
seqneut25to26_sera_4018,A/Aragon/2046/2025_H1N1,plate16-2-A/Aragon/2046/2025_H1N1,1119,0.6971,0.6971
seqneut25to26_sera_4018,A/Aragon/2046/2025_H1N1,plate16-2-A/Aragon/2046/2025_H1N1,2575,1.071,1
seqneut25to26_sera_4018,A/Aragon/2046/2025_H1N1,plate16-2-A/Aragon/2046/2025_H1N1,5921,0.8705,0.8705
seqneut25to26_sera_4018,A/Aragon/2046/2025_H1N1,plate16-2-A/Aragon/2046/2025_H1N1,1.362e+04,1.032,1
seqneut25to26_sera_4018,A/Arica/59150/2025_H3N2,plate16-2-A/Arica/59150/2025_H3N2,40,0.0002386,0.0002386
seqneut25to26_sera_4018,A/Arica/59150/2025_H3N2,plate16-2-A/Arica/59150/2025_H3N2,92,0.02687,0.02687
seqneut25to26_sera_4018,A/Arica/59150/2025_H3N2,plate16-2-A/Arica/59150/2025_H3N2,212,0.1373,0.1373
seqneut25to26_sera_4018,A/Arica/59150/2025_H3N2,plate16-2-A/Arica/59150/2025_H3N2,487,0.2731,0.2731
seqneut25to26_sera_4018,A/Arica/59150/2025_H3N2,plate16-2-A/Arica/59150/2025_H3N2,1119,0.7503,0.7503
seqneut25to26_sera_4018,A/Arica/59150/2025_H3N2,plate16-2-A/Arica/59150/2025_H3N2,2575,0.8809,0.8809
seqneut25to26_sera_4018,A/Arica/59150/2025_H3N2,plate16-2-A/Arica/59150/2025_H3N2,5921,0.995,0.995
seqneut25to26_sera_4018,A/Arica/59150/2025_H3N2,plate16-2-A/Arica/59150/2025_H3N2,1.362e+04,1.137,1
seqneut25to26_sera_4018,A/Bahia/3102/2025_H3N2,plate16-2-A/Bahia/3102/2025_H3N2,40,0.0005685,0.0005685
seqneut25to26_sera_4018,A/Bahia/3102/2025_H3N2,plate16-2-A/Bahia/3102/2025_H3N2,92,0.02836,0.02836
seqneut25to26_sera_4018,A/Bahia/3102/2025_H3N2,plate16-2-A/Bahia/3102/2025_H3N2,212,0.1279,0.1279
seqneut25to26_sera_4018,A/Bahia/3102/2025_H3N2,plate16-2-A/Bahia/3102/2025_H3N2,487,0.58,0.58
seqneut25to26_sera_4018,A/Bahia/3102/2025_H3N2,plate16-2-A/Bahia/3102/2025_H3N2,1119,0.5154,0.5154
seqneut25to26_sera_4018,A/Bahia/3102/2025_H3N2,plate16-2-A/Bahia/3102/2025_H3N2,2575,0.6513,0.6513
seqneut25to26_sera_4018,A/Bahia/3102/2025_H3N2,plate16-2-A/Bahia/3102/2025_H3N2,5921,0.6818,0.6818
seqneut25to26_sera_4018,A/Bahia/3102/2025_H3N2,plate16-2-A/Bahia/3102/2025_H3N2,1.362e+04,0.8983,0.8983
seqneut25to26_sera_4018,A/Bangkok/1803/2025_H1N1,plate16-2-A/Bangkok/1803/2025_H1N1,40,0.03724,0.03724
seqneut25to26_sera_4018,A/Bangkok/1803/2025_H1N1,plate16-2-A/Bangkok/1803/2025_H1N1,92,0.1011,0.1011
seqneut25to26_sera_4018,A/Bangkok/1803/2025_H1N1,plate16-2-A/Bangkok/1803/2025_H1N1,212,0.4695,0.4695
seqneut25to26_sera_4018,A/Bangkok/1803/2025_H1N1,plate16-2-A/Bangkok/1803/2025_H1N1,487,0.5644,0.5644
seqneut25to26_sera_4018,A/Bangkok/1803/2025_H1N1,plate16-2-A/Bangkok/1803/2025_H1N1,1119,1.101,1
seqneut25to26_sera_4018,A/Bangkok/1803/2025_H1N1,plate16-2-A/Bangkok/1803/2025_H1N1,2575,1.381,1
seqneut25to26_sera_4018,A/Bangkok/1803/2025_H1N1,plate16-2-A/Bangkok/1803/2025_H1N1,5921,0.6302,0.6302
seqneut25to26_sera_4018,A/Bangkok/1803/2025_H1N1,plate16-2-A/Bangkok/1803/2025_H1N1,1.362e+04,1.339,1
seqneut25to26_sera_4018,A/Bangkok/P2229/2025_H1N1,plate16-2-A/Bangkok/P2229/2025_H1N1,40,0.04778,0.04778
seqneut25to26_sera_4018,A/Bangkok/P2229/2025_H1N1,plate16-2-A/Bangkok/P2229/2025_H1N1,92,0.2438,0.2438
seqneut25to26_sera_4018,A/Bangkok/P2229/2025_H1N1,plate16-2-A/Bangkok/P2229/2025_H1N1,212,0.4749,0.4749
seqneut25to26_sera_4018,A/Bangkok/P2229/2025_H1N1,plate16-2-A/Bangkok/P2229/2025_H1N1,487,0.5488,0.5488
seqneut25to26_sera_4018,A/Bangkok/P2229/2025_H1N1,plate16-2-A/Bangkok/P2229/2025_H1N1,1119,0.8266,0.8266
seqneut25to26_sera_4018,A/Bangkok/P2229/2025_H1N1,plate16-2-A/Bangkok/P2229/2025_H1N1,2575,0.9361,0.9361
seqneut25to26_sera_4018,A/Bangkok/P2229/2025_H1N1,plate16-2-A/Bangkok/P2229/2025_H1N1,5921,0.7103,0.7103
seqneut25to26_sera_4018,A/Bangkok/P2229/2025_H1N1,plate16-2-A/Bangkok/P2229/2025_H1N1,1.362e+04,1.218,1
seqneut25to26_sera_4018,A/Bangkok/P2323/2025_H3N2,plate16-2-A/Bangkok/P2323/2025_H3N2,40,0.03767,0.03767
seqneut25to26_sera_4018,A/Bangkok/P2323/2025_H3N2,plate16-2-A/Bangkok/P2323/2025_H3N2,92,0.2741,0.2741
seqneut25to26_sera_4018,A/Bangkok/P2323/2025_H3N2,plate16-2-A/Bangkok/P2323/2025_H3N2,212,0.4528,0.4528
seqneut25to26_sera_4018,A/Bangkok/P2323/2025_H3N2,plate16-2-A/Bangkok/P2323/2025_H3N2,487,0.4913,0.4913
seqneut25to26_sera_4018,A/Bangkok/P2323/2025_H3N2,plate16-2-A/Bangkok/P2323/2025_H3N2,1119,0.5878,0.5878
seqneut25to26_sera_4018,A/Bangkok/P2323/2025_H3N2,plate16-2-A/Bangkok/P2323/2025_H3N2,2575,0.7961,0.7961
seqneut25to26_sera_4018,A/Bangkok/P2323/2025_H3N2,plate16-2-A/Bangkok/P2323/2025_H3N2,5921,1.212,1
seqneut25to26_sera_4018,A/Bangkok/P2323/2025_H3N2,plate16-2-A/Bangkok/P2323/2025_H3N2,1.362e+04,1.14,1
seqneut25to26_sera_4018,A/Bangkok/P2390/2025_H3N2,plate16-2-A/Bangkok/P2390/2025_H3N2,40,0.01155,0.01155
seqneut25to26_sera_4018,A/Bangkok/P2390/2025_H3N2,plate16-2-A/Bangkok/P2390/2025_H3N2,92,0.1856,0.1856
seqneut25to26_sera_4018,A/Bangkok/P2390/2025_H3N2,plate16-2-A/Bangkok/P2390/2025_H3N2,212,0.4031,0.4031
seqneut25to26_sera_4018,A/Bangkok/P2390/2025_H3N2,plate16-2-A/Bangkok/P2390/2025_H3N2,487,0.653,0.653
seqneut25to26_sera_4018,A/Bangkok/P2390/2025_H3N2,plate16-2-A/Bangkok/P2390/2025_H3N2,1119,0.6811,0.6811
seqneut25to26_sera_4018,A/Bangkok/P2390/2025_H3N2,plate16-2-A/Bangkok/P2390/2025_H3N2,2575,1.273,1
seqneut25to26_sera_4018,A/Bangkok/P2390/2025_H3N2,plate16-2-A/Bangkok/P2390/2025_H3N2,5921,1.278,1
seqneut25to26_sera_4018,A/Bangkok/P2390/2025_H3N2,plate16-2-A/Bangkok/P2390/2025_H3N2,1.362e+04,1.141,1
seqneut25to26_sera_4018,A/Bangkok/P2391/2025_H3N2,plate16-2-A/Bangkok/P2391/2025_H3N2,40,0.04817,0.04817
seqneut25to26_sera_4018,A/Bangkok/P2391/2025_H3N2,plate16-2-A/Bangkok/P2391/2025_H3N2,92,0.2683,0.2683
seqneut25to26_sera_4018,A/Bangkok/P2391/2025_H3N2,plate16-2-A/Bangkok/P2391/2025_H3N2,212,0.2692,0.2692
seqneut25to26_sera_4018,A/Bangkok/P2391/2025_H3N2,plate16-2-A/Bangkok/P2391/2025_H3N2,487,0.4465,0.4465
seqneut25to26_sera_4018,A/Bangkok/P2391/2025_H3N2,plate16-2-A/Bangkok/P2391/2025_H3N2,1119,0.3404,0.3404
seqneut25to26_sera_4018,A/Bangkok/P2391/2025_H3N2,plate16-2-A/Bangkok/P2391/2025_H3N2,2575,0.9279,0.9279
seqneut25to26_sera_4018,A/Bangkok/P2391/2025_H3N2,plate16-2-A/Bangkok/P2391/2025_H3N2,5921,0.8462,0.8462
seqneut25to26_sera_4018,A/Bangkok/P2391/2025_H3N2,plate16-2-A/Bangkok/P2391/2025_H3N2,1.362e+04,0.6529,0.6529
seqneut25to26_sera_4018,A/Bangkok/P2572/2025_H3N2,plate16-2-A/Bangkok/P2572/2025_H3N2,40,0.01297,0.01297
seqneut25to26_sera_4018,A/Bangkok/P2572/2025_H3N2,plate16-2-A/Bangkok/P2572/2025_H3N2,92,0.1413,0.1413
seqneut25to26_sera_4018,A/Bangkok/P2572/2025_H3N2,plate16-2-A/Bangkok/P2572/2025_H3N2,212,0.3859,0.3859
seqneut25to26_sera_4018,A/Bangkok/P2572/2025_H3N2,plate16-2-A/Bangkok/P2572/2025_H3N2,487,0.4577,0.4577
seqneut25to26_sera_4018,A/Bangkok/P2572/2025_H3N2,plate16-2-A/Bangkok/P2572/2025_H3N2,1119,0.4718,0.4718
seqneut25to26_sera_4018,A/Bangkok/P2572/2025_H3N2,plate16-2-A/Bangkok/P2572/2025_H3N2,2575,0.7701,0.7701
seqneut25to26_sera_4018,A/Bangkok/P2572/2025_H3N2,plate16-2-A/Bangkok/P2572/2025_H3N2,5921,0.9372,0.9372
seqneut25to26_sera_4018,A/Bangkok/P2572/2025_H3N2,plate16-2-A/Bangkok/P2572/2025_H3N2,1.362e+04,0.6207,0.6207
seqneut25to26_sera_4018,A/Bangkok/P2921/2025_H3N2,plate16-2-A/Bangkok/P2921/2025_H3N2,40,0.0002077,0.0002077
seqneut25to26_sera_4018,A/Bangkok/P2921/2025_H3N2,plate16-2-A/Bangkok/P2921/2025_H3N2,92,0.05209,0.05209
seqneut25to26_sera_4018,A/Bangkok/P2921/2025_H3N2,plate16-2-A/Bangkok/P2921/2025_H3N2,212,0.2891,0.2891
seqneut25to26_sera_4018,A/Bangkok/P2921/2025_H3N2,plate16-2-A/Bangkok/P2921/2025_H3N2,487,0.469,0.469
seqneut25to26_sera_4018,A/Bangkok/P2921/2025_H3N2,plate16-2-A/Bangkok/P2921/2025_H3N2,1119,0.7297,0.7297
seqneut25to26_sera_4018,A/Bangkok/P2921/2025_H3N2,plate16-2-A/Bangkok/P2921/2025_H3N2,2575,0.8232,0.8232
seqneut25to26_sera_4018,A/Bangkok/P2921/2025_H3N2,plate16-2-A/Bangkok/P2921/2025_H3N2,5921,0.9579,0.9579
seqneut25to26_sera_4018,A/Bangkok/P2921/2025_H3N2,plate16-2-A/Bangkok/P2921/2025_H3N2,1.362e+04,0.9354,0.9354
seqneut25to26_sera_4018,A/Bangkok/P3067/2025_H1N1,plate16-2-A/Bangkok/P3067/2025_H1N1,40,0.1155,0.1155
seqneut25to26_sera_4018,A/Bangkok/P3067/2025_H1N1,plate16-2-A/Bangkok/P3067/2025_H1N1,92,0.2249,0.2249
seqneut25to26_sera_4018,A/Bangkok/P3067/2025_H1N1,plate16-2-A/Bangkok/P3067/2025_H1N1,212,0.4619,0.4619
seqneut25to26_sera_4018,A/Bangkok/P3067/2025_H1N1,plate16-2-A/Bangkok/P3067/2025_H1N1,487,0.7354,0.7354
seqneut25to26_sera_4018,A/Bangkok/P3067/2025_H1N1,plate16-2-A/Bangkok/P3067/2025_H1N1,1119,0.8091,0.8091
seqneut25to26_sera_4018,A/Bangkok/P3067/2025_H1N1,plate16-2-A/Bangkok/P3067/2025_H1N1,2575,1.099,1
seqneut25to26_sera_4018,A/Bangkok/P3067/2025_H1N1,plate16-2-A/Bangkok/P3067/2025_H1N1,5921,0.779,0.779
seqneut25to26_sera_4018,A/Bangkok/P3067/2025_H1N1,plate16-2-A/Bangkok/P3067/2025_H1N1,1.362e+04,1.132,1
seqneut25to26_sera_4018,A/Bangkok/P3263/2025_H3N2,plate16-2-A/Bangkok/P3263/2025_H3N2,40,0.03756,0.03756
seqneut25to26_sera_4018,A/Bangkok/P3263/2025_H3N2,plate16-2-A/Bangkok/P3263/2025_H3N2,92,0.08643,0.08643
seqneut25to26_sera_4018,A/Bangkok/P3263/2025_H3N2,plate16-2-A/Bangkok/P3263/2025_H3N2,212,0.3482,0.3482
seqneut25to26_sera_4018,A/Bangkok/P3263/2025_H3N2,plate16-2-A/Bangkok/P3263/2025_H3N2,487,0.1976,0.1976
seqneut25to26_sera_4018,A/Bangkok/P3263/2025_H3N2,plate16-2-A/Bangkok/P3263/2025_H3N2,1119,0.7681,0.7681
seqneut25to26_sera_4018,A/Bangkok/P3263/2025_H3N2,plate16-2-A/Bangkok/P3263/2025_H3N2,2575,0.6513,0.6513
seqneut25to26_sera_4018,A/Bangkok/P3263/2025_H3N2,plate16-2-A/Bangkok/P3263/2025_H3N2,5921,1.013,1
seqneut25to26_sera_4018,A/Bangkok/P3263/2025_H3N2,plate16-2-A/Bangkok/P3263/2025_H3N2,1.362e+04,1.669,1
seqneut25to26_sera_4018,A/Belgium/H0097/2025_H3N2,plate16-2-A/Belgium/H0097/2025_H3N2,40,1.131e-05,1.131e-05
seqneut25to26_sera_4018,A/Belgium/H0097/2025_H3N2,plate16-2-A/Belgium/H0097/2025_H3N2,92,0.04595,0.04595
seqneut25to26_sera_4018,A/Belgium/H0097/2025_H3N2,plate16-2-A/Belgium/H0097/2025_H3N2,212,0.1893,0.1893
seqneut25to26_sera_4018,A/Belgium/H0097/2025_H3N2,plate16-2-A/Belgium/H0097/2025_H3N2,487,0.3619,0.3619
seqneut25to26_sera_4018,A/Belgium/H0097/2025_H3N2,plate16-2-A/Belgium/H0097/2025_H3N2,1119,0.5906,0.5906
seqneut25to26_sera_4018,A/Belgium/H0097/2025_H3N2,plate16-2-A/Belgium/H0097/2025_H3N2,2575,0.8308,0.8308
seqneut25to26_sera_4018,A/Belgium/H0097/2025_H3N2,plate16-2-A/Belgium/H0097/2025_H3N2,5921,1.108,1
seqneut25to26_sera_4018,A/Belgium/H0097/2025_H3N2,plate16-2-A/Belgium/H0097/2025_H3N2,1.362e+04,1.186,1
seqneut25to26_sera_4018,A/Bhutan/1267/2025_H3N2,plate16-2-A/Bhutan/1267/2025_H3N2,40,0.0006401,0.0006401
seqneut25to26_sera_4018,A/Bhutan/1267/2025_H3N2,plate16-2-A/Bhutan/1267/2025_H3N2,92,0.04489,0.04489
seqneut25to26_sera_4018,A/Bhutan/1267/2025_H3N2,plate16-2-A/Bhutan/1267/2025_H3N2,212,0.2473,0.2473
seqneut25to26_sera_4018,A/Bhutan/1267/2025_H3N2,plate16-2-A/Bhutan/1267/2025_H3N2,487,0.3734,0.3734
seqneut25to26_sera_4018,A/Bhutan/1267/2025_H3N2,plate16-2-A/Bhutan/1267/2025_H3N2,1119,0.569,0.569
seqneut25to26_sera_4018,A/Bhutan/1267/2025_H3N2,plate16-2-A/Bhutan/1267/2025_H3N2,2575,0.9618,0.9618
seqneut25to26_sera_4018,A/Bhutan/1267/2025_H3N2,plate16-2-A/Bhutan/1267/2025_H3N2,5921,0.8677,0.8677
seqneut25to26_sera_4018,A/Bhutan/1267/2025_H3N2,plate16-2-A/Bhutan/1267/2025_H3N2,1.362e+04,1.371,1
seqneut25to26_sera_4018,A/Bhutan/7/2025_H3N2,plate16-2-A/Bhutan/7/2025_H3N2,40,0.001761,0.001761
seqneut25to26_sera_4018,A/Bhutan/7/2025_H3N2,plate16-2-A/Bhutan/7/2025_H3N2,92,0.06226,0.06226
seqneut25to26_sera_4018,A/Bhutan/7/2025_H3N2,plate16-2-A/Bhutan/7/2025_H3N2,212,0.2444,0.2444
seqneut25to26_sera_4018,A/Bhutan/7/2025_H3N2,plate16-2-A/Bhutan/7/2025_H3N2,487,0.4235,0.4235
seqneut25to26_sera_4018,A/Bhutan/7/2025_H3N2,plate16-2-A/Bhutan/7/2025_H3N2,1119,0.5253,0.5253
seqneut25to26_sera_4018,A/Bhutan/7/2025_H3N2,plate16-2-A/Bhutan/7/2025_H3N2,2575,0.8038,0.8038
seqneut25to26_sera_4018,A/Bhutan/7/2025_H3N2,plate16-2-A/Bhutan/7/2025_H3N2,5921,0.7768,0.7768
seqneut25to26_sera_4018,A/Bhutan/7/2025_H3N2,plate16-2-A/Bhutan/7/2025_H3N2,1.362e+04,0.9855,0.9855
seqneut25to26_sera_4018,A/BritishColumbia/PHL-2473/2025_H1N1,plate16-2-A/BritishColumbia/PHL-2473/2025_H1N1,40,0.0524,0.0524
seqneut25to26_sera_4018,A/BritishColumbia/PHL-2473/2025_H1N1,plate16-2-A/BritishColumbia/PHL-2473/2025_H1N1,92,0.5599,0.5599
seqneut25to26_sera_4018,A/BritishColumbia/PHL-2473/2025_H1N1,plate16-2-A/BritishColumbia/PHL-2473/2025_H1N1,212,0.4802,0.4802
seqneut25to26_sera_4018,A/BritishColumbia/PHL-2473/2025_H1N1,plate16-2-A/BritishColumbia/PHL-2473/2025_H1N1,487,0.9418,0.9418
seqneut25to26_sera_4018,A/BritishColumbia/PHL-2473/2025_H1N1,plate16-2-A/BritishColumbia/PHL-2473/2025_H1N1,1119,0.9651,0.9651
seqneut25to26_sera_4018,A/BritishColumbia/PHL-2473/2025_H1N1,plate16-2-A/BritishColumbia/PHL-2473/2025_H1N1,2575,1.041,1
seqneut25to26_sera_4018,A/BritishColumbia/PHL-2473/2025_H1N1,plate16-2-A/BritishColumbia/PHL-2473/2025_H1N1,5921,1.319,1
seqneut25to26_sera_4018,A/BritishColumbia/PHL-2473/2025_H1N1,plate16-2-A/BritishColumbia/PHL-2473/2025_H1N1,1.362e+04,1.575,1
seqneut25to26_sera_4018,A/California/61/2025_H3N2,plate16-2-A/California/61/2025_H3N2,40,0.004837,0.004837
seqneut25to26_sera_4018,A/California/61/2025_H3N2,plate16-2-A/California/61/2025_H3N2,92,0.06267,0.06267
seqneut25to26_sera_4018,A/California/61/2025_H3N2,plate16-2-A/California/61/2025_H3N2,212,0.2821,0.2821
seqneut25to26_sera_4018,A/California/61/2025_H3N2,plate16-2-A/California/61/2025_H3N2,487,0.4558,0.4558
seqneut25to26_sera_4018,A/California/61/2025_H3N2,plate16-2-A/California/61/2025_H3N2,1119,0.8238,0.8238
seqneut25to26_sera_4018,A/California/61/2025_H3N2,plate16-2-A/California/61/2025_H3N2,2575,0.8817,0.8817
seqneut25to26_sera_4018,A/California/61/2025_H3N2,plate16-2-A/California/61/2025_H3N2,5921,1.086,1
seqneut25to26_sera_4018,A/California/61/2025_H3N2,plate16-2-A/California/61/2025_H3N2,1.362e+04,1.236,1
seqneut25to26_sera_4018,A/California/63/2025_H1N1,plate16-2-A/California/63/2025_H1N1,40,0.01932,0.01932
seqneut25to26_sera_4018,A/California/63/2025_H1N1,plate16-2-A/California/63/2025_H1N1,92,0.3463,0.3463
seqneut25to26_sera_4018,A/California/63/2025_H1N1,plate16-2-A/California/63/2025_H1N1,212,0.5337,0.5337
seqneut25to26_sera_4018,A/California/63/2025_H1N1,plate16-2-A/California/63/2025_H1N1,487,0.7689,0.7689
seqneut25to26_sera_4018,A/California/63/2025_H1N1,plate16-2-A/California/63/2025_H1N1,1119,0.7356,0.7356
seqneut25to26_sera_4018,A/California/63/2025_H1N1,plate16-2-A/California/63/2025_H1N1,2575,0.7703,0.7703
seqneut25to26_sera_4018,A/California/63/2025_H1N1,plate16-2-A/California/63/2025_H1N1,5921,0.7228,0.7228
seqneut25to26_sera_4018,A/California/63/2025_H1N1,plate16-2-A/California/63/2025_H1N1,1.362e+04,1.252,1
seqneut25to26_sera_4018,A/Canberra/465/2025_H1N1,plate16-2-A/Canberra/465/2025_H1N1,40,0.03333,0.03333
seqneut25to26_sera_4018,A/Canberra/465/2025_H1N1,plate16-2-A/Canberra/465/2025_H1N1,92,0.4022,0.4022
seqneut25to26_sera_4018,A/Canberra/465/2025_H1N1,plate16-2-A/Canberra/465/2025_H1N1,212,0.3619,0.3619
seqneut25to26_sera_4018,A/Canberra/465/2025_H1N1,plate16-2-A/Canberra/465/2025_H1N1,487,0.5077,0.5077
seqneut25to26_sera_4018,A/Canberra/465/2025_H1N1,plate16-2-A/Canberra/465/2025_H1N1,1119,0.5676,0.5676
seqneut25to26_sera_4018,A/Canberra/465/2025_H1N1,plate16-2-A/Canberra/465/2025_H1N1,2575,0.9594,0.9594
seqneut25to26_sera_4018,A/Canberra/465/2025_H1N1,plate16-2-A/Canberra/465/2025_H1N1,5921,1.54,1
seqneut25to26_sera_4018,A/Canberra/465/2025_H1N1,plate16-2-A/Canberra/465/2025_H1N1,1.362e+04,1.725,1
seqneut25to26_sera_4018,A/Canberra/530/2025_H1N1,plate16-2-A/Canberra/530/2025_H1N1,40,0.02983,0.02983
seqneut25to26_sera_4018,A/Canberra/530/2025_H1N1,plate16-2-A/Canberra/530/2025_H1N1,92,0.2064,0.2064
seqneut25to26_sera_4018,A/Canberra/530/2025_H1N1,plate16-2-A/Canberra/530/2025_H1N1,212,0.4897,0.4897
seqneut25to26_sera_4018,A/Canberra/530/2025_H1N1,plate16-2-A/Canberra/530/2025_H1N1,487,0.8131,0.8131
seqneut25to26_sera_4018,A/Canberra/530/2025_H1N1,plate16-2-A/Canberra/530/2025_H1N1,1119,0.7959,0.7959
seqneut25to26_sera_4018,A/Canberra/530/2025_H1N1,plate16-2-A/Canberra/530/2025_H1N1,2575,1.029,1
seqneut25to26_sera_4018,A/Canberra/530/2025_H1N1,plate16-2-A/Canberra/530/2025_H1N1,5921,0.8664,0.8664
seqneut25to26_sera_4018,A/Canberra/530/2025_H1N1,plate16-2-A/Canberra/530/2025_H1N1,1.362e+04,1.07,1
seqneut25to26_sera_4018,A/Catalonia/NSVH102689455/2025_H1N1,plate16-2-A/Catalonia/NSVH102689455/2025_H1N1,40,0.08017,0.08017
seqneut25to26_sera_4018,A/Catalonia/NSVH102689455/2025_H1N1,plate16-2-A/Catalonia/NSVH102689455/2025_H1N1,92,0.1482,0.1482
seqneut25to26_sera_4018,A/Catalonia/NSVH102689455/2025_H1N1,plate16-2-A/Catalonia/NSVH102689455/2025_H1N1,212,0.6609,0.6609
seqneut25to26_sera_4018,A/Catalonia/NSVH102689455/2025_H1N1,plate16-2-A/Catalonia/NSVH102689455/2025_H1N1,487,0.9417,0.9417
seqneut25to26_sera_4018,A/Catalonia/NSVH102689455/2025_H1N1,plate16-2-A/Catalonia/NSVH102689455/2025_H1N1,1119,0.725,0.725
seqneut25to26_sera_4018,A/Catalonia/NSVH102689455/2025_H1N1,plate16-2-A/Catalonia/NSVH102689455/2025_H1N1,2575,1.194,1
seqneut25to26_sera_4018,A/Catalonia/NSVH102689455/2025_H1N1,plate16-2-A/Catalonia/NSVH102689455/2025_H1N1,5921,1.203,1
seqneut25to26_sera_4018,A/Catalonia/NSVH102689455/2025_H1N1,plate16-2-A/Catalonia/NSVH102689455/2025_H1N1,1.362e+04,1.811,1
seqneut25to26_sera_4018,A/Colorado/105/2025_H1N1,plate16-2-A/Colorado/105/2025_H1N1,40,0.1384,0.1384
seqneut25to26_sera_4018,A/Colorado/105/2025_H1N1,plate16-2-A/Colorado/105/2025_H1N1,92,0.4519,0.4519
seqneut25to26_sera_4018,A/Colorado/105/2025_H1N1,plate16-2-A/Colorado/105/2025_H1N1,212,0.8403,0.8403
seqneut25to26_sera_4018,A/Colorado/105/2025_H1N1,plate16-2-A/Colorado/105/2025_H1N1,487,0.7869,0.7869
seqneut25to26_sera_4018,A/Colorado/105/2025_H1N1,plate16-2-A/Colorado/105/2025_H1N1,1119,0.7766,0.7766
seqneut25to26_sera_4018,A/Colorado/105/2025_H1N1,plate16-2-A/Colorado/105/2025_H1N1,2575,0.9154,0.9154
seqneut25to26_sera_4018,A/Colorado/105/2025_H1N1,plate16-2-A/Colorado/105/2025_H1N1,5921,0.9032,0.9032
seqneut25to26_sera_4018,A/Colorado/105/2025_H1N1,plate16-2-A/Colorado/105/2025_H1N1,1.362e+04,1.238,1
seqneut25to26_sera_4018,A/CoteDIvoire/2007/2025_H1N1,plate16-2-A/CoteDIvoire/2007/2025_H1N1,40,0.04805,0.04805
seqneut25to26_sera_4018,A/CoteDIvoire/2007/2025_H1N1,plate16-2-A/CoteDIvoire/2007/2025_H1N1,92,0.4457,0.4457
seqneut25to26_sera_4018,A/CoteDIvoire/2007/2025_H1N1,plate16-2-A/CoteDIvoire/2007/2025_H1N1,212,0.5588,0.5588
seqneut25to26_sera_4018,A/CoteDIvoire/2007/2025_H1N1,plate16-2-A/CoteDIvoire/2007/2025_H1N1,487,0.4783,0.4783
seqneut25to26_sera_4018,A/CoteDIvoire/2007/2025_H1N1,plate16-2-A/CoteDIvoire/2007/2025_H1N1,1119,0.9138,0.9138
seqneut25to26_sera_4018,A/CoteDIvoire/2007/2025_H1N1,plate16-2-A/CoteDIvoire/2007/2025_H1N1,2575,0.9669,0.9669
seqneut25to26_sera_4018,A/CoteDIvoire/2007/2025_H1N1,plate16-2-A/CoteDIvoire/2007/2025_H1N1,5921,0.8753,0.8753
seqneut25to26_sera_4018,A/CoteDIvoire/2007/2025_H1N1,plate16-2-A/CoteDIvoire/2007/2025_H1N1,1.362e+04,1.385,1
seqneut25to26_sera_4018,A/Croatia/10136RV/2023-egg_H3N2,plate16-2-A/Croatia/10136RV/2023-egg_H3N2,40,0.003184,0.003184
seqneut25to26_sera_4018,A/Croatia/10136RV/2023-egg_H3N2,plate16-2-A/Croatia/10136RV/2023-egg_H3N2,92,0.003789,0.003789
seqneut25to26_sera_4018,A/Croatia/10136RV/2023-egg_H3N2,plate16-2-A/Croatia/10136RV/2023-egg_H3N2,212,0.02789,0.02789
seqneut25to26_sera_4018,A/Croatia/10136RV/2023-egg_H3N2,plate16-2-A/Croatia/10136RV/2023-egg_H3N2,487,0.235,0.235
seqneut25to26_sera_4018,A/Croatia/10136RV/2023-egg_H3N2,plate16-2-A/Croatia/10136RV/2023-egg_H3N2,1119,0.3868,0.3868
seqneut25to26_sera_4018,A/Croatia/10136RV/2023-egg_H3N2,plate16-2-A/Croatia/10136RV/2023-egg_H3N2,2575,0.7304,0.7304
seqneut25to26_sera_4018,A/Croatia/10136RV/2023-egg_H3N2,plate16-2-A/Croatia/10136RV/2023-egg_H3N2,5921,1.045,1
seqneut25to26_sera_4018,A/Croatia/10136RV/2023-egg_H3N2,plate16-2-A/Croatia/10136RV/2023-egg_H3N2,1.362e+04,0.9716,0.9716
seqneut25to26_sera_4018,A/Darwin/1405/2025_H1N1,plate16-2-A/Darwin/1405/2025_H1N1,40,0.07829,0.07829
seqneut25to26_sera_4018,A/Darwin/1405/2025_H1N1,plate16-2-A/Darwin/1405/2025_H1N1,92,0.3941,0.3941
seqneut25to26_sera_4018,A/Darwin/1405/2025_H1N1,plate16-2-A/Darwin/1405/2025_H1N1,212,0.735,0.735
seqneut25to26_sera_4018,A/Darwin/1405/2025_H1N1,plate16-2-A/Darwin/1405/2025_H1N1,487,0.6879,0.6879
seqneut25to26_sera_4018,A/Darwin/1405/2025_H1N1,plate16-2-A/Darwin/1405/2025_H1N1,1119,0.8967,0.8967
seqneut25to26_sera_4018,A/Darwin/1405/2025_H1N1,plate16-2-A/Darwin/1405/2025_H1N1,2575,0.8989,0.8989
seqneut25to26_sera_4018,A/Darwin/1405/2025_H1N1,plate16-2-A/Darwin/1405/2025_H1N1,5921,0.8624,0.8624
seqneut25to26_sera_4018,A/Darwin/1405/2025_H1N1,plate16-2-A/Darwin/1405/2025_H1N1,1.362e+04,1.084,1
seqneut25to26_sera_4018,A/Darwin/1461/2025_H3N2,plate16-2-A/Darwin/1461/2025_H3N2,40,0.01059,0.01059
seqneut25to26_sera_4018,A/Darwin/1461/2025_H3N2,plate16-2-A/Darwin/1461/2025_H3N2,92,0.09331,0.09331
seqneut25to26_sera_4018,A/Darwin/1461/2025_H3N2,plate16-2-A/Darwin/1461/2025_H3N2,212,0.3333,0.3333
seqneut25to26_sera_4018,A/Darwin/1461/2025_H3N2,plate16-2-A/Darwin/1461/2025_H3N2,487,0.4173,0.4173
seqneut25to26_sera_4018,A/Darwin/1461/2025_H3N2,plate16-2-A/Darwin/1461/2025_H3N2,1119,0.3859,0.3859
seqneut25to26_sera_4018,A/Darwin/1461/2025_H3N2,plate16-2-A/Darwin/1461/2025_H3N2,2575,0.5728,0.5728
seqneut25to26_sera_4018,A/Darwin/1461/2025_H3N2,plate16-2-A/Darwin/1461/2025_H3N2,5921,0.6495,0.6495
seqneut25to26_sera_4018,A/Darwin/1461/2025_H3N2,plate16-2-A/Darwin/1461/2025_H3N2,1.362e+04,0.8764,0.8764
seqneut25to26_sera_4018,A/Denmark/3070/2025_H1N1,plate16-2-A/Denmark/3070/2025_H1N1,40,0.07604,0.07604
seqneut25to26_sera_4018,A/Denmark/3070/2025_H1N1,plate16-2-A/Denmark/3070/2025_H1N1,92,0.2749,0.2749
seqneut25to26_sera_4018,A/Denmark/3070/2025_H1N1,plate16-2-A/Denmark/3070/2025_H1N1,212,0.2467,0.2467
seqneut25to26_sera_4018,A/Denmark/3070/2025_H1N1,plate16-2-A/Denmark/3070/2025_H1N1,487,0.5559,0.5559
seqneut25to26_sera_4018,A/Denmark/3070/2025_H1N1,plate16-2-A/Denmark/3070/2025_H1N1,1119,0.4944,0.4944
seqneut25to26_sera_4018,A/Denmark/3070/2025_H1N1,plate16-2-A/Denmark/3070/2025_H1N1,2575,0.9103,0.9103
seqneut25to26_sera_4018,A/Denmark/3070/2025_H1N1,plate16-2-A/Denmark/3070/2025_H1N1,5921,0.8099,0.8099
seqneut25to26_sera_4018,A/Denmark/3070/2025_H1N1,plate16-2-A/Denmark/3070/2025_H1N1,1.362e+04,0.7877,0.7877
seqneut25to26_sera_4018,A/DistrictOfColumbia/27/2023_H3N2,plate16-2-A/DistrictOfColumbia/27/2023_H3N2,40,0.0002091,0.0002091
seqneut25to26_sera_4018,A/DistrictOfColumbia/27/2023_H3N2,plate16-2-A/DistrictOfColumbia/27/2023_H3N2,92,0.06675,0.06675
seqneut25to26_sera_4018,A/DistrictOfColumbia/27/2023_H3N2,plate16-2-A/DistrictOfColumbia/27/2023_H3N2,212,0.3321,0.3321
seqneut25to26_sera_4018,A/DistrictOfColumbia/27/2023_H3N2,plate16-2-A/DistrictOfColumbia/27/2023_H3N2,487,0.4088,0.4088
seqneut25to26_sera_4018,A/DistrictOfColumbia/27/2023_H3N2,plate16-2-A/DistrictOfColumbia/27/2023_H3N2,1119,0.4873,0.4873
seqneut25to26_sera_4018,A/DistrictOfColumbia/27/2023_H3N2,plate16-2-A/DistrictOfColumbia/27/2023_H3N2,2575,0.7209,0.7209
seqneut25to26_sera_4018,A/DistrictOfColumbia/27/2023_H3N2,plate16-2-A/DistrictOfColumbia/27/2023_H3N2,5921,1.09,1
seqneut25to26_sera_4018,A/DistrictOfColumbia/27/2023_H3N2,plate16-2-A/DistrictOfColumbia/27/2023_H3N2,1.362e+04,1.073,1
seqneut25to26_sera_4018,A/DistrictOfColumbia/57/2025_H3N2,plate16-2-A/DistrictOfColumbia/57/2025_H3N2,40,0.0633,0.0633
seqneut25to26_sera_4018,A/DistrictOfColumbia/57/2025_H3N2,plate16-2-A/DistrictOfColumbia/57/2025_H3N2,92,0.1288,0.1288
seqneut25to26_sera_4018,A/DistrictOfColumbia/57/2025_H3N2,plate16-2-A/DistrictOfColumbia/57/2025_H3N2,212,0.2607,0.2607
seqneut25to26_sera_4018,A/DistrictOfColumbia/57/2025_H3N2,plate16-2-A/DistrictOfColumbia/57/2025_H3N2,487,0.3906,0.3906
seqneut25to26_sera_4018,A/DistrictOfColumbia/57/2025_H3N2,plate16-2-A/DistrictOfColumbia/57/2025_H3N2,1119,0.5943,0.5943
seqneut25to26_sera_4018,A/DistrictOfColumbia/57/2025_H3N2,plate16-2-A/DistrictOfColumbia/57/2025_H3N2,2575,0.8503,0.8503
seqneut25to26_sera_4018,A/DistrictOfColumbia/57/2025_H3N2,plate16-2-A/DistrictOfColumbia/57/2025_H3N2,5921,0.7609,0.7609
seqneut25to26_sera_4018,A/DistrictOfColumbia/57/2025_H3N2,plate16-2-A/DistrictOfColumbia/57/2025_H3N2,1.362e+04,0.7922,0.7922
seqneut25to26_sera_4018,A/DistritoFederal/250106000728/2025_H3N2,plate16-2-A/DistritoFederal/250106000728/2025_H3N2,40,0.01612,0.01612
seqneut25to26_sera_4018,A/DistritoFederal/250106000728/2025_H3N2,plate16-2-A/DistritoFederal/250106000728/2025_H3N2,92,0.1228,0.1228
seqneut25to26_sera_4018,A/DistritoFederal/250106000728/2025_H3N2,plate16-2-A/DistritoFederal/250106000728/2025_H3N2,212,0.2229,0.2229
seqneut25to26_sera_4018,A/DistritoFederal/250106000728/2025_H3N2,plate16-2-A/DistritoFederal/250106000728/2025_H3N2,487,0.5898,0.5898
seqneut25to26_sera_4018,A/DistritoFederal/250106000728/2025_H3N2,plate16-2-A/DistritoFederal/250106000728/2025_H3N2,1119,0.5459,0.5459
seqneut25to26_sera_4018,A/DistritoFederal/250106000728/2025_H3N2,plate16-2-A/DistritoFederal/250106000728/2025_H3N2,2575,0.8295,0.8295
seqneut25to26_sera_4018,A/DistritoFederal/250106000728/2025_H3N2,plate16-2-A/DistritoFederal/250106000728/2025_H3N2,5921,1.195,1
seqneut25to26_sera_4018,A/DistritoFederal/250106000728/2025_H3N2,plate16-2-A/DistritoFederal/250106000728/2025_H3N2,1.362e+04,0.999,0.999
seqneut25to26_sera_4018,A/DistritoFederal/2578578201/2025_H3N2,plate16-2-A/DistritoFederal/2578578201/2025_H3N2,40,0.0003793,0.0003793
seqneut25to26_sera_4018,A/DistritoFederal/2578578201/2025_H3N2,plate16-2-A/DistritoFederal/2578578201/2025_H3N2,92,0.0105,0.0105
seqneut25to26_sera_4018,A/DistritoFederal/2578578201/2025_H3N2,plate16-2-A/DistritoFederal/2578578201/2025_H3N2,212,0.3199,0.3199
seqneut25to26_sera_4018,A/DistritoFederal/2578578201/2025_H3N2,plate16-2-A/DistritoFederal/2578578201/2025_H3N2,487,0.5152,0.5152
seqneut25to26_sera_4018,A/DistritoFederal/2578578201/2025_H3N2,plate16-2-A/DistritoFederal/2578578201/2025_H3N2,1119,0.587,0.587
seqneut25to26_sera_4018,A/DistritoFederal/2578578201/2025_H3N2,plate16-2-A/DistritoFederal/2578578201/2025_H3N2,2575,0.6719,0.6719
seqneut25to26_sera_4018,A/DistritoFederal/2578578201/2025_H3N2,plate16-2-A/DistritoFederal/2578578201/2025_H3N2,5921,0.8942,0.8942
seqneut25to26_sera_4018,A/DistritoFederal/2578578201/2025_H3N2,plate16-2-A/DistritoFederal/2578578201/2025_H3N2,1.362e+04,0.8953,0.8953
seqneut25to26_sera_4018,A/England/174/2025_H3N2,plate16-2-A/England/174/2025_H3N2,40,0.0002812,0.0002812
seqneut25to26_sera_4018,A/England/174/2025_H3N2,plate16-2-A/England/174/2025_H3N2,92,0.00477,0.00477
seqneut25to26_sera_4018,A/England/174/2025_H3N2,plate16-2-A/England/174/2025_H3N2,212,0.1382,0.1382
seqneut25to26_sera_4018,A/England/174/2025_H3N2,plate16-2-A/England/174/2025_H3N2,487,0.3599,0.3599
seqneut25to26_sera_4018,A/England/174/2025_H3N2,plate16-2-A/England/174/2025_H3N2,1119,0.51,0.51
seqneut25to26_sera_4018,A/England/174/2025_H3N2,plate16-2-A/England/174/2025_H3N2,2575,0.8736,0.8736
seqneut25to26_sera_4018,A/England/174/2025_H3N2,plate16-2-A/England/174/2025_H3N2,5921,0.8442,0.8442
seqneut25to26_sera_4018,A/England/174/2025_H3N2,plate16-2-A/England/174/2025_H3N2,1.362e+04,1.235,1
seqneut25to26_sera_4018,A/England/1822256/2025_H1N1,plate16-2-A/England/1822256/2025_H1N1,40,0.003755,0.003755
seqneut25to26_sera_4018,A/England/1822256/2025_H1N1,plate16-2-A/England/1822256/2025_H1N1,92,0.1417,0.1417
seqneut25to26_sera_4018,A/England/1822256/2025_H1N1,plate16-2-A/England/1822256/2025_H1N1,212,0.479,0.479
seqneut25to26_sera_4018,A/England/1822256/2025_H1N1,plate16-2-A/England/1822256/2025_H1N1,487,0.5617,0.5617
seqneut25to26_sera_4018,A/England/1822256/2025_H1N1,plate16-2-A/England/1822256/2025_H1N1,1119,0.8557,0.8557
seqneut25to26_sera_4018,A/England/1822256/2025_H1N1,plate16-2-A/England/1822256/2025_H1N1,2575,1.281,1
seqneut25to26_sera_4018,A/England/1822256/2025_H1N1,plate16-2-A/England/1822256/2025_H1N1,5921,1.073,1
seqneut25to26_sera_4018,A/England/1822256/2025_H1N1,plate16-2-A/England/1822256/2025_H1N1,1.362e+04,1.274,1
seqneut25to26_sera_4018,A/England/1837734/2025_H3N2,plate16-2-A/England/1837734/2025_H3N2,40,0.004526,0.004526
seqneut25to26_sera_4018,A/England/1837734/2025_H3N2,plate16-2-A/England/1837734/2025_H3N2,92,0.06755,0.06755
seqneut25to26_sera_4018,A/England/1837734/2025_H3N2,plate16-2-A/England/1837734/2025_H3N2,212,0.5846,0.5846
seqneut25to26_sera_4018,A/England/1837734/2025_H3N2,plate16-2-A/England/1837734/2025_H3N2,487,0.452,0.452
seqneut25to26_sera_4018,A/England/1837734/2025_H3N2,plate16-2-A/England/1837734/2025_H3N2,1119,0.3768,0.3768
seqneut25to26_sera_4018,A/England/1837734/2025_H3N2,plate16-2-A/England/1837734/2025_H3N2,2575,1.088,1
seqneut25to26_sera_4018,A/England/1837734/2025_H3N2,plate16-2-A/England/1837734/2025_H3N2,5921,1.123,1
seqneut25to26_sera_4018,A/England/1837734/2025_H3N2,plate16-2-A/England/1837734/2025_H3N2,1.362e+04,2.111,1
seqneut25to26_sera_4018,A/England/1837737/2025_H3N2,plate16-2-A/England/1837737/2025_H3N2,40,0.04025,0.04025
seqneut25to26_sera_4018,A/England/1837737/2025_H3N2,plate16-2-A/England/1837737/2025_H3N2,92,0.0795,0.0795
seqneut25to26_sera_4018,A/England/1837737/2025_H3N2,plate16-2-A/England/1837737/2025_H3N2,212,0.5327,0.5327
seqneut25to26_sera_4018,A/England/1837737/2025_H3N2,plate16-2-A/England/1837737/2025_H3N2,487,0.2941,0.2941
seqneut25to26_sera_4018,A/England/1837737/2025_H3N2,plate16-2-A/England/1837737/2025_H3N2,1119,0.8247,0.8247
seqneut25to26_sera_4018,A/England/1837737/2025_H3N2,plate16-2-A/England/1837737/2025_H3N2,2575,0.6425,0.6425
seqneut25to26_sera_4018,A/England/1837737/2025_H3N2,plate16-2-A/England/1837737/2025_H3N2,5921,0.9125,0.9125
seqneut25to26_sera_4018,A/England/1837737/2025_H3N2,plate16-2-A/England/1837737/2025_H3N2,1.362e+04,1.273,1
seqneut25to26_sera_4018,A/France/ARA-HCL025155099501/2025_H1N1,plate16-2-A/France/ARA-HCL025155099501/2025_H1N1,40,0.02529,0.02529
seqneut25to26_sera_4018,A/France/ARA-HCL025155099501/2025_H1N1,plate16-2-A/France/ARA-HCL025155099501/2025_H1N1,92,0.3254,0.3254
seqneut25to26_sera_4018,A/France/ARA-HCL025155099501/2025_H1N1,plate16-2-A/France/ARA-HCL025155099501/2025_H1N1,212,0.433,0.433
seqneut25to26_sera_4018,A/France/ARA-HCL025155099501/2025_H1N1,plate16-2-A/France/ARA-HCL025155099501/2025_H1N1,487,0.6236,0.6236
seqneut25to26_sera_4018,A/France/ARA-HCL025155099501/2025_H1N1,plate16-2-A/France/ARA-HCL025155099501/2025_H1N1,1119,0.805,0.805
seqneut25to26_sera_4018,A/France/ARA-HCL025155099501/2025_H1N1,plate16-2-A/France/ARA-HCL025155099501/2025_H1N1,2575,1.53,1
seqneut25to26_sera_4018,A/France/ARA-HCL025155099501/2025_H1N1,plate16-2-A/France/ARA-HCL025155099501/2025_H1N1,5921,0.9659,0.9659
seqneut25to26_sera_4018,A/France/ARA-HCL025155099501/2025_H1N1,plate16-2-A/France/ARA-HCL025155099501/2025_H1N1,1.362e+04,1.156,1
seqneut25to26_sera_4018,A/Galicia/GA-CHUAC-451/2025_H3N2,plate16-2-A/Galicia/GA-CHUAC-451/2025_H3N2,40,3.227e-05,3.227e-05
seqneut25to26_sera_4018,A/Galicia/GA-CHUAC-451/2025_H3N2,plate16-2-A/Galicia/GA-CHUAC-451/2025_H3N2,92,0.07646,0.07646
seqneut25to26_sera_4018,A/Galicia/GA-CHUAC-451/2025_H3N2,plate16-2-A/Galicia/GA-CHUAC-451/2025_H3N2,212,0.2652,0.2652
seqneut25to26_sera_4018,A/Galicia/GA-CHUAC-451/2025_H3N2,plate16-2-A/Galicia/GA-CHUAC-451/2025_H3N2,487,0.4433,0.4433
seqneut25to26_sera_4018,A/Galicia/GA-CHUAC-451/2025_H3N2,plate16-2-A/Galicia/GA-CHUAC-451/2025_H3N2,1119,0.5703,0.5703
seqneut25to26_sera_4018,A/Galicia/GA-CHUAC-451/2025_H3N2,plate16-2-A/Galicia/GA-CHUAC-451/2025_H3N2,2575,0.8546,0.8546
seqneut25to26_sera_4018,A/Galicia/GA-CHUAC-451/2025_H3N2,plate16-2-A/Galicia/GA-CHUAC-451/2025_H3N2,5921,0.7197,0.7197
seqneut25to26_sera_4018,A/Galicia/GA-CHUAC-451/2025_H3N2,plate16-2-A/Galicia/GA-CHUAC-451/2025_H3N2,1.362e+04,1.185,1
seqneut25to26_sera_4018,A/Ghana/ARI-25-1125/2025_H1N1,plate16-2-A/Ghana/ARI-25-1125/2025_H1N1,40,0.003858,0.003858
seqneut25to26_sera_4018,A/Ghana/ARI-25-1125/2025_H1N1,plate16-2-A/Ghana/ARI-25-1125/2025_H1N1,92,0.2009,0.2009
seqneut25to26_sera_4018,A/Ghana/ARI-25-1125/2025_H1N1,plate16-2-A/Ghana/ARI-25-1125/2025_H1N1,212,0.8293,0.8293
seqneut25to26_sera_4018,A/Ghana/ARI-25-1125/2025_H1N1,plate16-2-A/Ghana/ARI-25-1125/2025_H1N1,487,0.5669,0.5669
seqneut25to26_sera_4018,A/Ghana/ARI-25-1125/2025_H1N1,plate16-2-A/Ghana/ARI-25-1125/2025_H1N1,1119,0.6855,0.6855
seqneut25to26_sera_4018,A/Ghana/ARI-25-1125/2025_H1N1,plate16-2-A/Ghana/ARI-25-1125/2025_H1N1,2575,0.9475,0.9475
seqneut25to26_sera_4018,A/Ghana/ARI-25-1125/2025_H1N1,plate16-2-A/Ghana/ARI-25-1125/2025_H1N1,5921,0.9754,0.9754
seqneut25to26_sera_4018,A/Ghana/ARI-25-1125/2025_H1N1,plate16-2-A/Ghana/ARI-25-1125/2025_H1N1,1.362e+04,0.9717,0.9717
seqneut25to26_sera_4018,A/Ghana/FS-25-7077/2025_H3N2,plate16-2-A/Ghana/FS-25-7077/2025_H3N2,40,0.01147,0.01147
seqneut25to26_sera_4018,A/Ghana/FS-25-7077/2025_H3N2,plate16-2-A/Ghana/FS-25-7077/2025_H3N2,92,0.2706,0.2706
seqneut25to26_sera_4018,A/Ghana/FS-25-7077/2025_H3N2,plate16-2-A/Ghana/FS-25-7077/2025_H3N2,212,0.386,0.386
seqneut25to26_sera_4018,A/Ghana/FS-25-7077/2025_H3N2,plate16-2-A/Ghana/FS-25-7077/2025_H3N2,487,0.7662,0.7662
seqneut25to26_sera_4018,A/Ghana/FS-25-7077/2025_H3N2,plate16-2-A/Ghana/FS-25-7077/2025_H3N2,1119,0.6439,0.6439
seqneut25to26_sera_4018,A/Ghana/FS-25-7077/2025_H3N2,plate16-2-A/Ghana/FS-25-7077/2025_H3N2,2575,0.9526,0.9526
seqneut25to26_sera_4018,A/Ghana/FS-25-7077/2025_H3N2,plate16-2-A/Ghana/FS-25-7077/2025_H3N2,5921,1.086,1
seqneut25to26_sera_4018,A/Ghana/FS-25-7077/2025_H3N2,plate16-2-A/Ghana/FS-25-7077/2025_H3N2,1.362e+04,1.409,1
seqneut25to26_sera_4018,A/Guangdong-Maonan/11438/2025_H3N2,plate16-2-A/Guangdong-Maonan/11438/2025_H3N2,40,0,0
seqneut25to26_sera_4018,A/Guangdong-Maonan/11438/2025_H3N2,plate16-2-A/Guangdong-Maonan/11438/2025_H3N2,92,0.003051,0.003051
seqneut25to26_sera_4018,A/Guangdong-Maonan/11438/2025_H3N2,plate16-2-A/Guangdong-Maonan/11438/2025_H3N2,212,0.1259,0.1259
seqneut25to26_sera_4018,A/Guangdong-Maonan/11438/2025_H3N2,plate16-2-A/Guangdong-Maonan/11438/2025_H3N2,487,0.2699,0.2699
seqneut25to26_sera_4018,A/Guangdong-Maonan/11438/2025_H3N2,plate16-2-A/Guangdong-Maonan/11438/2025_H3N2,1119,0.4675,0.4675
seqneut25to26_sera_4018,A/Guangdong-Maonan/11438/2025_H3N2,plate16-2-A/Guangdong-Maonan/11438/2025_H3N2,2575,0.8042,0.8042
seqneut25to26_sera_4018,A/Guangdong-Maonan/11438/2025_H3N2,plate16-2-A/Guangdong-Maonan/11438/2025_H3N2,5921,0.637,0.637
seqneut25to26_sera_4018,A/Guangdong-Maonan/11438/2025_H3N2,plate16-2-A/Guangdong-Maonan/11438/2025_H3N2,1.362e+04,0.8934,0.8934
seqneut25to26_sera_4018,A/Guangdong-Meijiang/11256/2025_H3N2,plate16-2-A/Guangdong-Meijiang/11256/2025_H3N2,40,0.0001579,0.0001579
seqneut25to26_sera_4018,A/Guangdong-Meijiang/11256/2025_H3N2,plate16-2-A/Guangdong-Meijiang/11256/2025_H3N2,92,0.002786,0.002786
seqneut25to26_sera_4018,A/Guangdong-Meijiang/11256/2025_H3N2,plate16-2-A/Guangdong-Meijiang/11256/2025_H3N2,212,0.1149,0.1149
seqneut25to26_sera_4018,A/Guangdong-Meijiang/11256/2025_H3N2,plate16-2-A/Guangdong-Meijiang/11256/2025_H3N2,487,0.2391,0.2391
seqneut25to26_sera_4018,A/Guangdong-Meijiang/11256/2025_H3N2,plate16-2-A/Guangdong-Meijiang/11256/2025_H3N2,1119,0.2905,0.2905
seqneut25to26_sera_4018,A/Guangdong-Meijiang/11256/2025_H3N2,plate16-2-A/Guangdong-Meijiang/11256/2025_H3N2,2575,0.7147,0.7147
seqneut25to26_sera_4018,A/Guangdong-Meijiang/11256/2025_H3N2,plate16-2-A/Guangdong-Meijiang/11256/2025_H3N2,5921,0.7585,0.7585
seqneut25to26_sera_4018,A/Guangdong-Meijiang/11256/2025_H3N2,plate16-2-A/Guangdong-Meijiang/11256/2025_H3N2,1.362e+04,0.755,0.755
seqneut25to26_sera_4018,A/Guangxi-Daxin/1643/2025_H3N2,plate16-2-A/Guangxi-Daxin/1643/2025_H3N2,40,0.003467,0.003467
seqneut25to26_sera_4018,A/Guangxi-Daxin/1643/2025_H3N2,plate16-2-A/Guangxi-Daxin/1643/2025_H3N2,92,0.05304,0.05304
seqneut25to26_sera_4018,A/Guangxi-Daxin/1643/2025_H3N2,plate16-2-A/Guangxi-Daxin/1643/2025_H3N2,212,0.2718,0.2718
seqneut25to26_sera_4018,A/Guangxi-Daxin/1643/2025_H3N2,plate16-2-A/Guangxi-Daxin/1643/2025_H3N2,487,0.4902,0.4902
seqneut25to26_sera_4018,A/Guangxi-Daxin/1643/2025_H3N2,plate16-2-A/Guangxi-Daxin/1643/2025_H3N2,1119,0.5853,0.5853
seqneut25to26_sera_4018,A/Guangxi-Daxin/1643/2025_H3N2,plate16-2-A/Guangxi-Daxin/1643/2025_H3N2,2575,1.106,1
seqneut25to26_sera_4018,A/Guangxi-Daxin/1643/2025_H3N2,plate16-2-A/Guangxi-Daxin/1643/2025_H3N2,5921,1.259,1
seqneut25to26_sera_4018,A/Guangxi-Daxin/1643/2025_H3N2,plate16-2-A/Guangxi-Daxin/1643/2025_H3N2,1.362e+04,0.8657,0.8657
seqneut25to26_sera_4018,A/Guangxi-Qingxiu/SWL11742/2025_H1N1,plate16-2-A/Guangxi-Qingxiu/SWL11742/2025_H1N1,40,0.03486,0.03486
seqneut25to26_sera_4018,A/Guangxi-Qingxiu/SWL11742/2025_H1N1,plate16-2-A/Guangxi-Qingxiu/SWL11742/2025_H1N1,92,0.1921,0.1921
seqneut25to26_sera_4018,A/Guangxi-Qingxiu/SWL11742/2025_H1N1,plate16-2-A/Guangxi-Qingxiu/SWL11742/2025_H1N1,212,0.383,0.383
seqneut25to26_sera_4018,A/Guangxi-Qingxiu/SWL11742/2025_H1N1,plate16-2-A/Guangxi-Qingxiu/SWL11742/2025_H1N1,487,0.5584,0.5584
seqneut25to26_sera_4018,A/Guangxi-Qingxiu/SWL11742/2025_H1N1,plate16-2-A/Guangxi-Qingxiu/SWL11742/2025_H1N1,1119,1.029,1
seqneut25to26_sera_4018,A/Guangxi-Qingxiu/SWL11742/2025_H1N1,plate16-2-A/Guangxi-Qingxiu/SWL11742/2025_H1N1,2575,1.068,1
seqneut25to26_sera_4018,A/Guangxi-Qingxiu/SWL11742/2025_H1N1,plate16-2-A/Guangxi-Qingxiu/SWL11742/2025_H1N1,5921,1.54,1
seqneut25to26_sera_4018,A/Guangxi-Qingxiu/SWL11742/2025_H1N1,plate16-2-A/Guangxi-Qingxiu/SWL11742/2025_H1N1,1.362e+04,1.003,1
seqneut25to26_sera_4018,A/Hawaii/44/2025_H1N1,plate16-2-A/Hawaii/44/2025_H1N1,40,0.1755,0.1755
seqneut25to26_sera_4018,A/Hawaii/44/2025_H1N1,plate16-2-A/Hawaii/44/2025_H1N1,92,0.3178,0.3178
seqneut25to26_sera_4018,A/Hawaii/44/2025_H1N1,plate16-2-A/Hawaii/44/2025_H1N1,212,0.617,0.617
seqneut25to26_sera_4018,A/Hawaii/44/2025_H1N1,plate16-2-A/Hawaii/44/2025_H1N1,487,0.9365,0.9365
seqneut25to26_sera_4018,A/Hawaii/44/2025_H1N1,plate16-2-A/Hawaii/44/2025_H1N1,1119,0.7435,0.7435
seqneut25to26_sera_4018,A/Hawaii/44/2025_H1N1,plate16-2-A/Hawaii/44/2025_H1N1,2575,1.23,1
seqneut25to26_sera_4018,A/Hawaii/44/2025_H1N1,plate16-2-A/Hawaii/44/2025_H1N1,5921,1.417,1
seqneut25to26_sera_4018,A/Hawaii/44/2025_H1N1,plate16-2-A/Hawaii/44/2025_H1N1,1.362e+04,1.195,1
seqneut25to26_sera_4018,A/Hawaii/70/2019_H1N1,plate16-2-A/Hawaii/70/2019_H1N1,40,0.0009729,0.0009729
seqneut25to26_sera_4018,A/Hawaii/70/2019_H1N1,plate16-2-A/Hawaii/70/2019_H1N1,92,0.0005858,0.0005858
seqneut25to26_sera_4018,A/Hawaii/70/2019_H1N1,plate16-2-A/Hawaii/70/2019_H1N1,212,0.009812,0.009812
seqneut25to26_sera_4018,A/Hawaii/70/2019_H1N1,plate16-2-A/Hawaii/70/2019_H1N1,487,0.1468,0.1468
seqneut25to26_sera_4018,A/Hawaii/70/2019_H1N1,plate16-2-A/Hawaii/70/2019_H1N1,1119,0.4444,0.4444
seqneut25to26_sera_4018,A/Hawaii/70/2019_H1N1,plate16-2-A/Hawaii/70/2019_H1N1,2575,0.8403,0.8403
seqneut25to26_sera_4018,A/Hawaii/70/2019_H1N1,plate16-2-A/Hawaii/70/2019_H1N1,5921,0.9502,0.9502
seqneut25to26_sera_4018,A/Hawaii/70/2019_H1N1,plate16-2-A/Hawaii/70/2019_H1N1,1.362e+04,1.211,1
seqneut25to26_sera_4018,A/HongKong/1257/2025_H3N2,plate16-2-A/HongKong/1257/2025_H3N2,40,0.003639,0.003639
seqneut25to26_sera_4018,A/HongKong/1257/2025_H3N2,plate16-2-A/HongKong/1257/2025_H3N2,92,0.1007,0.1007
seqneut25to26_sera_4018,A/HongKong/1257/2025_H3N2,plate16-2-A/HongKong/1257/2025_H3N2,212,0.1969,0.1969
seqneut25to26_sera_4018,A/HongKong/1257/2025_H3N2,plate16-2-A/HongKong/1257/2025_H3N2,487,0.4456,0.4456
seqneut25to26_sera_4018,A/HongKong/1257/2025_H3N2,plate16-2-A/HongKong/1257/2025_H3N2,1119,0.7995,0.7995
seqneut25to26_sera_4018,A/HongKong/1257/2025_H3N2,plate16-2-A/HongKong/1257/2025_H3N2,2575,0.7359,0.7359
seqneut25to26_sera_4018,A/HongKong/1257/2025_H3N2,plate16-2-A/HongKong/1257/2025_H3N2,5921,0.7389,0.7389
seqneut25to26_sera_4018,A/HongKong/1257/2025_H3N2,plate16-2-A/HongKong/1257/2025_H3N2,1.362e+04,0.7872,0.7872
seqneut25to26_sera_4018,A/HongKong/1382/2025_H3N2,plate16-2-A/HongKong/1382/2025_H3N2,40,0.006547,0.006547
seqneut25to26_sera_4018,A/HongKong/1382/2025_H3N2,plate16-2-A/HongKong/1382/2025_H3N2,92,0.06768,0.06768
seqneut25to26_sera_4018,A/HongKong/1382/2025_H3N2,plate16-2-A/HongKong/1382/2025_H3N2,212,0.1294,0.1294
seqneut25to26_sera_4018,A/HongKong/1382/2025_H3N2,plate16-2-A/HongKong/1382/2025_H3N2,487,0.1605,0.1605
seqneut25to26_sera_4018,A/HongKong/1382/2025_H3N2,plate16-2-A/HongKong/1382/2025_H3N2,1119,0.4306,0.4306
seqneut25to26_sera_4018,A/HongKong/1382/2025_H3N2,plate16-2-A/HongKong/1382/2025_H3N2,2575,0.6703,0.6703
seqneut25to26_sera_4018,A/HongKong/1382/2025_H3N2,plate16-2-A/HongKong/1382/2025_H3N2,5921,0.6618,0.6618
seqneut25to26_sera_4018,A/HongKong/1382/2025_H3N2,plate16-2-A/HongKong/1382/2025_H3N2,1.362e+04,0.8435,0.8435
seqneut25to26_sera_4018,A/Indonesia/BIOKES-I-BT074/2025_H3N2,plate16-2-A/Indonesia/BIOKES-I-BT074/2025_H3N2,40,0,0
seqneut25to26_sera_4018,A/Indonesia/BIOKES-I-BT074/2025_H3N2,plate16-2-A/Indonesia/BIOKES-I-BT074/2025_H3N2,92,0.005411,0.005411
seqneut25to26_sera_4018,A/Indonesia/BIOKES-I-BT074/2025_H3N2,plate16-2-A/Indonesia/BIOKES-I-BT074/2025_H3N2,212,0.07452,0.07452
seqneut25to26_sera_4018,A/Indonesia/BIOKES-I-BT074/2025_H3N2,plate16-2-A/Indonesia/BIOKES-I-BT074/2025_H3N2,487,0.3947,0.3947
seqneut25to26_sera_4018,A/Indonesia/BIOKES-I-BT074/2025_H3N2,plate16-2-A/Indonesia/BIOKES-I-BT074/2025_H3N2,1119,0.6047,0.6047
seqneut25to26_sera_4018,A/Indonesia/BIOKES-I-BT074/2025_H3N2,plate16-2-A/Indonesia/BIOKES-I-BT074/2025_H3N2,2575,0.7686,0.7686
seqneut25to26_sera_4018,A/Indonesia/BIOKES-I-BT074/2025_H3N2,plate16-2-A/Indonesia/BIOKES-I-BT074/2025_H3N2,5921,0.8337,0.8337
seqneut25to26_sera_4018,A/Indonesia/BIOKES-I-BT074/2025_H3N2,plate16-2-A/Indonesia/BIOKES-I-BT074/2025_H3N2,1.362e+04,1.301,1
seqneut25to26_sera_4018,A/Indonesia/BIOKES-INAD491/2025_H3N2,plate16-2-A/Indonesia/BIOKES-INAD491/2025_H3N2,40,4.82e-05,4.82e-05
seqneut25to26_sera_4018,A/Indonesia/BIOKES-INAD491/2025_H3N2,plate16-2-A/Indonesia/BIOKES-INAD491/2025_H3N2,92,0.01771,0.01771
seqneut25to26_sera_4018,A/Indonesia/BIOKES-INAD491/2025_H3N2,plate16-2-A/Indonesia/BIOKES-INAD491/2025_H3N2,212,0.236,0.236
seqneut25to26_sera_4018,A/Indonesia/BIOKES-INAD491/2025_H3N2,plate16-2-A/Indonesia/BIOKES-INAD491/2025_H3N2,487,0.5917,0.5917
seqneut25to26_sera_4018,A/Indonesia/BIOKES-INAD491/2025_H3N2,plate16-2-A/Indonesia/BIOKES-INAD491/2025_H3N2,1119,0.4074,0.4074
seqneut25to26_sera_4018,A/Indonesia/BIOKES-INAD491/2025_H3N2,plate16-2-A/Indonesia/BIOKES-INAD491/2025_H3N2,2575,0.8669,0.8669
seqneut25to26_sera_4018,A/Indonesia/BIOKES-INAD491/2025_H3N2,plate16-2-A/Indonesia/BIOKES-INAD491/2025_H3N2,5921,0.7713,0.7713
seqneut25to26_sera_4018,A/Indonesia/BIOKES-INAD491/2025_H3N2,plate16-2-A/Indonesia/BIOKES-INAD491/2025_H3N2,1.362e+04,1.426,1
seqneut25to26_sera_4018,A/Lao/820-2750/2025_H3N2,plate16-2-A/Lao/820-2750/2025_H3N2,40,0.002667,0.002667
seqneut25to26_sera_4018,A/Lao/820-2750/2025_H3N2,plate16-2-A/Lao/820-2750/2025_H3N2,92,0.03994,0.03994
seqneut25to26_sera_4018,A/Lao/820-2750/2025_H3N2,plate16-2-A/Lao/820-2750/2025_H3N2,212,0.3181,0.3181
seqneut25to26_sera_4018,A/Lao/820-2750/2025_H3N2,plate16-2-A/Lao/820-2750/2025_H3N2,487,0.4369,0.4369
seqneut25to26_sera_4018,A/Lao/820-2750/2025_H3N2,plate16-2-A/Lao/820-2750/2025_H3N2,1119,0.7461,0.7461
seqneut25to26_sera_4018,A/Lao/820-2750/2025_H3N2,plate16-2-A/Lao/820-2750/2025_H3N2,2575,1.2,1
seqneut25to26_sera_4018,A/Lao/820-2750/2025_H3N2,plate16-2-A/Lao/820-2750/2025_H3N2,5921,0.7684,0.7684
seqneut25to26_sera_4018,A/Lao/820-2750/2025_H3N2,plate16-2-A/Lao/820-2750/2025_H3N2,1.362e+04,1.085,1
seqneut25to26_sera_4018,A/Malaysia/IMR/SARI/2028/2025_H3N2,plate16-2-A/Malaysia/IMR/SARI/2028/2025_H3N2,40,0.0002623,0.0002623
seqneut25to26_sera_4018,A/Malaysia/IMR/SARI/2028/2025_H3N2,plate16-2-A/Malaysia/IMR/SARI/2028/2025_H3N2,92,0.01955,0.01955
seqneut25to26_sera_4018,A/Malaysia/IMR/SARI/2028/2025_H3N2,plate16-2-A/Malaysia/IMR/SARI/2028/2025_H3N2,212,0.1133,0.1133
seqneut25to26_sera_4018,A/Malaysia/IMR/SARI/2028/2025_H3N2,plate16-2-A/Malaysia/IMR/SARI/2028/2025_H3N2,487,0.2966,0.2966
seqneut25to26_sera_4018,A/Malaysia/IMR/SARI/2028/2025_H3N2,plate16-2-A/Malaysia/IMR/SARI/2028/2025_H3N2,1119,0.635,0.635
seqneut25to26_sera_4018,A/Malaysia/IMR/SARI/2028/2025_H3N2,plate16-2-A/Malaysia/IMR/SARI/2028/2025_H3N2,2575,0.7231,0.7231
seqneut25to26_sera_4018,A/Malaysia/IMR/SARI/2028/2025_H3N2,plate16-2-A/Malaysia/IMR/SARI/2028/2025_H3N2,5921,0.9384,0.9384
seqneut25to26_sera_4018,A/Malaysia/IMR/SARI/2028/2025_H3N2,plate16-2-A/Malaysia/IMR/SARI/2028/2025_H3N2,1.362e+04,1.124,1
seqneut25to26_sera_4018,A/Malaysia/IMR/SARI/2406/2025_H3N2,plate16-2-A/Malaysia/IMR/SARI/2406/2025_H3N2,40,0.001982,0.001982
seqneut25to26_sera_4018,A/Malaysia/IMR/SARI/2406/2025_H3N2,plate16-2-A/Malaysia/IMR/SARI/2406/2025_H3N2,92,0.07975,0.07975
seqneut25to26_sera_4018,A/Malaysia/IMR/SARI/2406/2025_H3N2,plate16-2-A/Malaysia/IMR/SARI/2406/2025_H3N2,212,0.146,0.146
seqneut25to26_sera_4018,A/Malaysia/IMR/SARI/2406/2025_H3N2,plate16-2-A/Malaysia/IMR/SARI/2406/2025_H3N2,487,0.4623,0.4623
seqneut25to26_sera_4018,A/Malaysia/IMR/SARI/2406/2025_H3N2,plate16-2-A/Malaysia/IMR/SARI/2406/2025_H3N2,1119,0.5032,0.5032
seqneut25to26_sera_4018,A/Malaysia/IMR/SARI/2406/2025_H3N2,plate16-2-A/Malaysia/IMR/SARI/2406/2025_H3N2,2575,0.8716,0.8716
seqneut25to26_sera_4018,A/Malaysia/IMR/SARI/2406/2025_H3N2,plate16-2-A/Malaysia/IMR/SARI/2406/2025_H3N2,5921,1.063,1
seqneut25to26_sera_4018,A/Malaysia/IMR/SARI/2406/2025_H3N2,plate16-2-A/Malaysia/IMR/SARI/2406/2025_H3N2,1.362e+04,0.8818,0.8818
seqneut25to26_sera_4018,A/Malaysia/IMR/SARI/2517/2025_H3N2,plate16-2-A/Malaysia/IMR/SARI/2517/2025_H3N2,40,0.008852,0.008852
seqneut25to26_sera_4018,A/Malaysia/IMR/SARI/2517/2025_H3N2,plate16-2-A/Malaysia/IMR/SARI/2517/2025_H3N2,92,0.09018,0.09018
seqneut25to26_sera_4018,A/Malaysia/IMR/SARI/2517/2025_H3N2,plate16-2-A/Malaysia/IMR/SARI/2517/2025_H3N2,212,0.3949,0.3949
seqneut25to26_sera_4018,A/Malaysia/IMR/SARI/2517/2025_H3N2,plate16-2-A/Malaysia/IMR/SARI/2517/2025_H3N2,487,0.3825,0.3825
seqneut25to26_sera_4018,A/Malaysia/IMR/SARI/2517/2025_H3N2,plate16-2-A/Malaysia/IMR/SARI/2517/2025_H3N2,1119,0.6236,0.6236
seqneut25to26_sera_4018,A/Malaysia/IMR/SARI/2517/2025_H3N2,plate16-2-A/Malaysia/IMR/SARI/2517/2025_H3N2,2575,0.7965,0.7965
seqneut25to26_sera_4018,A/Malaysia/IMR/SARI/2517/2025_H3N2,plate16-2-A/Malaysia/IMR/SARI/2517/2025_H3N2,5921,0.7636,0.7636
seqneut25to26_sera_4018,A/Malaysia/IMR/SARI/2517/2025_H3N2,plate16-2-A/Malaysia/IMR/SARI/2517/2025_H3N2,1.362e+04,1.022,1
seqneut25to26_sera_4018,A/Massachusetts/18/2022_H3N2,plate16-2-A/Massachusetts/18/2022_H3N2,40,0.000341,0.000341
seqneut25to26_sera_4018,A/Massachusetts/18/2022_H3N2,plate16-2-A/Massachusetts/18/2022_H3N2,92,0.07437,0.07437
seqneut25to26_sera_4018,A/Massachusetts/18/2022_H3N2,plate16-2-A/Massachusetts/18/2022_H3N2,212,0.2983,0.2983
seqneut25to26_sera_4018,A/Massachusetts/18/2022_H3N2,plate16-2-A/Massachusetts/18/2022_H3N2,487,0.519,0.519
seqneut25to26_sera_4018,A/Massachusetts/18/2022_H3N2,plate16-2-A/Massachusetts/18/2022_H3N2,1119,0.7451,0.7451
seqneut25to26_sera_4018,A/Massachusetts/18/2022_H3N2,plate16-2-A/Massachusetts/18/2022_H3N2,2575,0.651,0.651
seqneut25to26_sera_4018,A/Massachusetts/18/2022_H3N2,plate16-2-A/Massachusetts/18/2022_H3N2,5921,0.9573,0.9573
seqneut25to26_sera_4018,A/Massachusetts/18/2022_H3N2,plate16-2-A/Massachusetts/18/2022_H3N2,1.362e+04,1.04,1
seqneut25to26_sera_4018,A/Michigan/110/2025_H3N2,plate16-2-A/Michigan/110/2025_H3N2,40,0.001244,0.001244
seqneut25to26_sera_4018,A/Michigan/110/2025_H3N2,plate16-2-A/Michigan/110/2025_H3N2,92,0.09846,0.09846
seqneut25to26_sera_4018,A/Michigan/110/2025_H3N2,plate16-2-A/Michigan/110/2025_H3N2,212,0.26,0.26
seqneut25to26_sera_4018,A/Michigan/110/2025_H3N2,plate16-2-A/Michigan/110/2025_H3N2,487,0.4371,0.4371
seqneut25to26_sera_4018,A/Michigan/110/2025_H3N2,plate16-2-A/Michigan/110/2025_H3N2,1119,0.5524,0.5524
seqneut25to26_sera_4018,A/Michigan/110/2025_H3N2,plate16-2-A/Michigan/110/2025_H3N2,2575,0.7508,0.7508
seqneut25to26_sera_4018,A/Michigan/110/2025_H3N2,plate16-2-A/Michigan/110/2025_H3N2,5921,0.8488,0.8488
seqneut25to26_sera_4018,A/Michigan/110/2025_H3N2,plate16-2-A/Michigan/110/2025_H3N2,1.362e+04,1.056,1
seqneut25to26_sera_4018,A/Minnesota/96/2025_H3N2,plate16-2-A/Minnesota/96/2025_H3N2,40,0.004526,0.004526
seqneut25to26_sera_4018,A/Minnesota/96/2025_H3N2,plate16-2-A/Minnesota/96/2025_H3N2,92,0.07239,0.07239
seqneut25to26_sera_4018,A/Minnesota/96/2025_H3N2,plate16-2-A/Minnesota/96/2025_H3N2,212,0.2105,0.2105
seqneut25to26_sera_4018,A/Minnesota/96/2025_H3N2,plate16-2-A/Minnesota/96/2025_H3N2,487,0.3845,0.3845
seqneut25to26_sera_4018,A/Minnesota/96/2025_H3N2,plate16-2-A/Minnesota/96/2025_H3N2,1119,0.5809,0.5809
seqneut25to26_sera_4018,A/Minnesota/96/2025_H3N2,plate16-2-A/Minnesota/96/2025_H3N2,2575,0.8251,0.8251
seqneut25to26_sera_4018,A/Minnesota/96/2025_H3N2,plate16-2-A/Minnesota/96/2025_H3N2,5921,0.8585,0.8585
seqneut25to26_sera_4018,A/Minnesota/96/2025_H3N2,plate16-2-A/Minnesota/96/2025_H3N2,1.362e+04,0.8611,0.8611
seqneut25to26_sera_4018,A/Missouri/11/2025_H1N1,plate16-2-A/Missouri/11/2025_H1N1,40,0.1751,0.1751
seqneut25to26_sera_4018,A/Missouri/11/2025_H1N1,plate16-2-A/Missouri/11/2025_H1N1,92,0.3086,0.3086
seqneut25to26_sera_4018,A/Missouri/11/2025_H1N1,plate16-2-A/Missouri/11/2025_H1N1,212,0.3848,0.3848
seqneut25to26_sera_4018,A/Missouri/11/2025_H1N1,plate16-2-A/Missouri/11/2025_H1N1,487,0.6439,0.6439
seqneut25to26_sera_4018,A/Missouri/11/2025_H1N1,plate16-2-A/Missouri/11/2025_H1N1,1119,1.346,1
seqneut25to26_sera_4018,A/Missouri/11/2025_H1N1,plate16-2-A/Missouri/11/2025_H1N1,2575,0.6518,0.6518
seqneut25to26_sera_4018,A/Missouri/11/2025_H1N1,plate16-2-A/Missouri/11/2025_H1N1,5921,1.259,1
seqneut25to26_sera_4018,A/Missouri/11/2025_H1N1,plate16-2-A/Missouri/11/2025_H1N1,1.362e+04,1.04,1
seqneut25to26_sera_4018,A/NewSouthWales/2526015582/2025_H3N2,plate16-2-A/NewSouthWales/2526015582/2025_H3N2,40,0.00295,0.00295
seqneut25to26_sera_4018,A/NewSouthWales/2526015582/2025_H3N2,plate16-2-A/NewSouthWales/2526015582/2025_H3N2,92,0.1954,0.1954
seqneut25to26_sera_4018,A/NewSouthWales/2526015582/2025_H3N2,plate16-2-A/NewSouthWales/2526015582/2025_H3N2,212,0.3681,0.3681
seqneut25to26_sera_4018,A/NewSouthWales/2526015582/2025_H3N2,plate16-2-A/NewSouthWales/2526015582/2025_H3N2,487,0.4067,0.4067
seqneut25to26_sera_4018,A/NewSouthWales/2526015582/2025_H3N2,plate16-2-A/NewSouthWales/2526015582/2025_H3N2,1119,0.6503,0.6503
seqneut25to26_sera_4018,A/NewSouthWales/2526015582/2025_H3N2,plate16-2-A/NewSouthWales/2526015582/2025_H3N2,2575,0.8031,0.8031
seqneut25to26_sera_4018,A/NewSouthWales/2526015582/2025_H3N2,plate16-2-A/NewSouthWales/2526015582/2025_H3N2,5921,0.8264,0.8264
seqneut25to26_sera_4018,A/NewSouthWales/2526015582/2025_H3N2,plate16-2-A/NewSouthWales/2526015582/2025_H3N2,1.362e+04,1.186,1
seqneut25to26_sera_4018,A/NewSouthWales/2526015584/2025_H3N2,plate16-2-A/NewSouthWales/2526015584/2025_H3N2,40,0.0005572,0.0005572
seqneut25to26_sera_4018,A/NewSouthWales/2526015584/2025_H3N2,plate16-2-A/NewSouthWales/2526015584/2025_H3N2,92,0.11,0.11
seqneut25to26_sera_4018,A/NewSouthWales/2526015584/2025_H3N2,plate16-2-A/NewSouthWales/2526015584/2025_H3N2,212,0.1295,0.1295
seqneut25to26_sera_4018,A/NewSouthWales/2526015584/2025_H3N2,plate16-2-A/NewSouthWales/2526015584/2025_H3N2,487,0.2686,0.2686
seqneut25to26_sera_4018,A/NewSouthWales/2526015584/2025_H3N2,plate16-2-A/NewSouthWales/2526015584/2025_H3N2,1119,0.4952,0.4952
seqneut25to26_sera_4018,A/NewSouthWales/2526015584/2025_H3N2,plate16-2-A/NewSouthWales/2526015584/2025_H3N2,2575,0.7141,0.7141
seqneut25to26_sera_4018,A/NewSouthWales/2526015584/2025_H3N2,plate16-2-A/NewSouthWales/2526015584/2025_H3N2,5921,0.5633,0.5633
seqneut25to26_sera_4018,A/NewSouthWales/2526015584/2025_H3N2,plate16-2-A/NewSouthWales/2526015584/2025_H3N2,1.362e+04,0.9408,0.9408
seqneut25to26_sera_4018,A/Norway/8765/2025_H3N2,plate16-2-A/Norway/8765/2025_H3N2,40,0.004671,0.004671
seqneut25to26_sera_4018,A/Norway/8765/2025_H3N2,plate16-2-A/Norway/8765/2025_H3N2,92,0.09417,0.09417
seqneut25to26_sera_4018,A/Norway/8765/2025_H3N2,plate16-2-A/Norway/8765/2025_H3N2,212,0.3001,0.3001
seqneut25to26_sera_4018,A/Norway/8765/2025_H3N2,plate16-2-A/Norway/8765/2025_H3N2,487,0.4493,0.4493
seqneut25to26_sera_4018,A/Norway/8765/2025_H3N2,plate16-2-A/Norway/8765/2025_H3N2,1119,0.4504,0.4504
seqneut25to26_sera_4018,A/Norway/8765/2025_H3N2,plate16-2-A/Norway/8765/2025_H3N2,2575,0.6647,0.6647
seqneut25to26_sera_4018,A/Norway/8765/2025_H3N2,plate16-2-A/Norway/8765/2025_H3N2,5921,0.8933,0.8933
seqneut25to26_sera_4018,A/Norway/8765/2025_H3N2,plate16-2-A/Norway/8765/2025_H3N2,1.362e+04,1.325,1
seqneut25to26_sera_4018,A/Norway/8976/2025_H3N2,plate16-2-A/Norway/8976/2025_H3N2,40,0.07595,0.07595
seqneut25to26_sera_4018,A/Norway/8976/2025_H3N2,plate16-2-A/Norway/8976/2025_H3N2,92,0.1576,0.1576
seqneut25to26_sera_4018,A/Norway/8976/2025_H3N2,plate16-2-A/Norway/8976/2025_H3N2,212,0.4175,0.4175
seqneut25to26_sera_4018,A/Norway/8976/2025_H3N2,plate16-2-A/Norway/8976/2025_H3N2,487,0.4437,0.4437
seqneut25to26_sera_4018,A/Norway/8976/2025_H3N2,plate16-2-A/Norway/8976/2025_H3N2,1119,0.6699,0.6699
seqneut25to26_sera_4018,A/Norway/8976/2025_H3N2,plate16-2-A/Norway/8976/2025_H3N2,2575,0.9068,0.9068
seqneut25to26_sera_4018,A/Norway/8976/2025_H3N2,plate16-2-A/Norway/8976/2025_H3N2,5921,0.8357,0.8357
seqneut25to26_sera_4018,A/Norway/8976/2025_H3N2,plate16-2-A/Norway/8976/2025_H3N2,1.362e+04,1.015,1
seqneut25to26_sera_4018,A/Norway/9107/2025_H1N1,plate16-2-A/Norway/9107/2025_H1N1,40,0.07244,0.07244
seqneut25to26_sera_4018,A/Norway/9107/2025_H1N1,plate16-2-A/Norway/9107/2025_H1N1,92,0.3425,0.3425
seqneut25to26_sera_4018,A/Norway/9107/2025_H1N1,plate16-2-A/Norway/9107/2025_H1N1,212,0.7639,0.7639
seqneut25to26_sera_4018,A/Norway/9107/2025_H1N1,plate16-2-A/Norway/9107/2025_H1N1,487,0.8391,0.8391
seqneut25to26_sera_4018,A/Norway/9107/2025_H1N1,plate16-2-A/Norway/9107/2025_H1N1,1119,0.7797,0.7797
seqneut25to26_sera_4018,A/Norway/9107/2025_H1N1,plate16-2-A/Norway/9107/2025_H1N1,2575,1.192,1
seqneut25to26_sera_4018,A/Norway/9107/2025_H1N1,plate16-2-A/Norway/9107/2025_H1N1,5921,1.209,1
seqneut25to26_sera_4018,A/Norway/9107/2025_H1N1,plate16-2-A/Norway/9107/2025_H1N1,1.362e+04,1.68,1
seqneut25to26_sera_4018,A/Norway/9556/2025_H1N1,plate16-2-A/Norway/9556/2025_H1N1,40,0.07163,0.07163
seqneut25to26_sera_4018,A/Norway/9556/2025_H1N1,plate16-2-A/Norway/9556/2025_H1N1,92,0.374,0.374
seqneut25to26_sera_4018,A/Norway/9556/2025_H1N1,plate16-2-A/Norway/9556/2025_H1N1,212,0.6588,0.6588
seqneut25to26_sera_4018,A/Norway/9556/2025_H1N1,plate16-2-A/Norway/9556/2025_H1N1,487,0.6417,0.6417
seqneut25to26_sera_4018,A/Norway/9556/2025_H1N1,plate16-2-A/Norway/9556/2025_H1N1,1119,0.7297,0.7297
seqneut25to26_sera_4018,A/Norway/9556/2025_H1N1,plate16-2-A/Norway/9556/2025_H1N1,2575,1.155,1
seqneut25to26_sera_4018,A/Norway/9556/2025_H1N1,plate16-2-A/Norway/9556/2025_H1N1,5921,1.114,1
seqneut25to26_sera_4018,A/Norway/9556/2025_H1N1,plate16-2-A/Norway/9556/2025_H1N1,1.362e+04,1.326,1
seqneut25to26_sera_4018,A/Peru/GIHSN-04-1089/2025_H3N2,plate16-2-A/Peru/GIHSN-04-1089/2025_H3N2,40,5.654e-05,5.654e-05
seqneut25to26_sera_4018,A/Peru/GIHSN-04-1089/2025_H3N2,plate16-2-A/Peru/GIHSN-04-1089/2025_H3N2,92,0.02203,0.02203
seqneut25to26_sera_4018,A/Peru/GIHSN-04-1089/2025_H3N2,plate16-2-A/Peru/GIHSN-04-1089/2025_H3N2,212,0.3099,0.3099
seqneut25to26_sera_4018,A/Peru/GIHSN-04-1089/2025_H3N2,plate16-2-A/Peru/GIHSN-04-1089/2025_H3N2,487,0.4219,0.4219
seqneut25to26_sera_4018,A/Peru/GIHSN-04-1089/2025_H3N2,plate16-2-A/Peru/GIHSN-04-1089/2025_H3N2,1119,0.5128,0.5128
seqneut25to26_sera_4018,A/Peru/GIHSN-04-1089/2025_H3N2,plate16-2-A/Peru/GIHSN-04-1089/2025_H3N2,2575,1.013,1
seqneut25to26_sera_4018,A/Peru/GIHSN-04-1089/2025_H3N2,plate16-2-A/Peru/GIHSN-04-1089/2025_H3N2,5921,0.8781,0.8781
seqneut25to26_sera_4018,A/Peru/GIHSN-04-1089/2025_H3N2,plate16-2-A/Peru/GIHSN-04-1089/2025_H3N2,1.362e+04,0.894,0.894
seqneut25to26_sera_4018,A/Philippines/SARI25-1425/2025_H1N1,plate16-2-A/Philippines/SARI25-1425/2025_H1N1,40,0.04465,0.04465
seqneut25to26_sera_4018,A/Philippines/SARI25-1425/2025_H1N1,plate16-2-A/Philippines/SARI25-1425/2025_H1N1,92,0.2548,0.2548
seqneut25to26_sera_4018,A/Philippines/SARI25-1425/2025_H1N1,plate16-2-A/Philippines/SARI25-1425/2025_H1N1,212,0.4572,0.4572
seqneut25to26_sera_4018,A/Philippines/SARI25-1425/2025_H1N1,plate16-2-A/Philippines/SARI25-1425/2025_H1N1,487,0.6716,0.6716
seqneut25to26_sera_4018,A/Philippines/SARI25-1425/2025_H1N1,plate16-2-A/Philippines/SARI25-1425/2025_H1N1,1119,0.7605,0.7605
seqneut25to26_sera_4018,A/Philippines/SARI25-1425/2025_H1N1,plate16-2-A/Philippines/SARI25-1425/2025_H1N1,2575,0.881,0.881
seqneut25to26_sera_4018,A/Philippines/SARI25-1425/2025_H1N1,plate16-2-A/Philippines/SARI25-1425/2025_H1N1,5921,1.027,1
seqneut25to26_sera_4018,A/Philippines/SARI25-1425/2025_H1N1,plate16-2-A/Philippines/SARI25-1425/2025_H1N1,1.362e+04,1.329,1
seqneut25to26_sera_4018,A/Queensland/2526516675/2025_H3N2,plate16-2-A/Queensland/2526516675/2025_H3N2,40,0.0045,0.0045
seqneut25to26_sera_4018,A/Queensland/2526516675/2025_H3N2,plate16-2-A/Queensland/2526516675/2025_H3N2,92,0.162,0.162
seqneut25to26_sera_4018,A/Queensland/2526516675/2025_H3N2,plate16-2-A/Queensland/2526516675/2025_H3N2,212,0.3172,0.3172
seqneut25to26_sera_4018,A/Queensland/2526516675/2025_H3N2,plate16-2-A/Queensland/2526516675/2025_H3N2,487,0.3681,0.3681
seqneut25to26_sera_4018,A/Queensland/2526516675/2025_H3N2,plate16-2-A/Queensland/2526516675/2025_H3N2,1119,0.5912,0.5912
seqneut25to26_sera_4018,A/Queensland/2526516675/2025_H3N2,plate16-2-A/Queensland/2526516675/2025_H3N2,2575,0.9524,0.9524
seqneut25to26_sera_4018,A/Queensland/2526516675/2025_H3N2,plate16-2-A/Queensland/2526516675/2025_H3N2,5921,0.8549,0.8549
seqneut25to26_sera_4018,A/Queensland/2526516675/2025_H3N2,plate16-2-A/Queensland/2526516675/2025_H3N2,1.362e+04,1.154,1
seqneut25to26_sera_4018,A/SouthAfrica/PET37604/2025_H3N2,plate16-2-A/SouthAfrica/PET37604/2025_H3N2,40,0.000408,0.000408
seqneut25to26_sera_4018,A/SouthAfrica/PET37604/2025_H3N2,plate16-2-A/SouthAfrica/PET37604/2025_H3N2,92,0.005367,0.005367
seqneut25to26_sera_4018,A/SouthAfrica/PET37604/2025_H3N2,plate16-2-A/SouthAfrica/PET37604/2025_H3N2,212,0.09624,0.09624
seqneut25to26_sera_4018,A/SouthAfrica/PET37604/2025_H3N2,plate16-2-A/SouthAfrica/PET37604/2025_H3N2,487,0.4032,0.4032
seqneut25to26_sera_4018,A/SouthAfrica/PET37604/2025_H3N2,plate16-2-A/SouthAfrica/PET37604/2025_H3N2,1119,0.6438,0.6438
seqneut25to26_sera_4018,A/SouthAfrica/PET37604/2025_H3N2,plate16-2-A/SouthAfrica/PET37604/2025_H3N2,2575,1.023,1
seqneut25to26_sera_4018,A/SouthAfrica/PET37604/2025_H3N2,plate16-2-A/SouthAfrica/PET37604/2025_H3N2,5921,1.014,1
seqneut25to26_sera_4018,A/SouthAfrica/PET37604/2025_H3N2,plate16-2-A/SouthAfrica/PET37604/2025_H3N2,1.362e+04,1.452,1
seqneut25to26_sera_4018,A/SouthAfrica/PET37625/2025_H3N2,plate16-2-A/SouthAfrica/PET37625/2025_H3N2,40,0,0
seqneut25to26_sera_4018,A/SouthAfrica/PET37625/2025_H3N2,plate16-2-A/SouthAfrica/PET37625/2025_H3N2,92,0.001094,0.001094
seqneut25to26_sera_4018,A/SouthAfrica/PET37625/2025_H3N2,plate16-2-A/SouthAfrica/PET37625/2025_H3N2,212,0.04568,0.04568
seqneut25to26_sera_4018,A/SouthAfrica/PET37625/2025_H3N2,plate16-2-A/SouthAfrica/PET37625/2025_H3N2,487,0.4477,0.4477
seqneut25to26_sera_4018,A/SouthAfrica/PET37625/2025_H3N2,plate16-2-A/SouthAfrica/PET37625/2025_H3N2,1119,0.5037,0.5037
seqneut25to26_sera_4018,A/SouthAfrica/PET37625/2025_H3N2,plate16-2-A/SouthAfrica/PET37625/2025_H3N2,2575,0.8005,0.8005
seqneut25to26_sera_4018,A/SouthAfrica/PET37625/2025_H3N2,plate16-2-A/SouthAfrica/PET37625/2025_H3N2,5921,0.6704,0.6704
seqneut25to26_sera_4018,A/SouthAfrica/PET37625/2025_H3N2,plate16-2-A/SouthAfrica/PET37625/2025_H3N2,1.362e+04,1.117,1
seqneut25to26_sera_4018,A/SouthAustralia/2519001037/2025_H1N1,plate16-2-A/SouthAustralia/2519001037/2025_H1N1,40,0.1346,0.1346
seqneut25to26_sera_4018,A/SouthAustralia/2519001037/2025_H1N1,plate16-2-A/SouthAustralia/2519001037/2025_H1N1,92,0.2685,0.2685
seqneut25to26_sera_4018,A/SouthAustralia/2519001037/2025_H1N1,plate16-2-A/SouthAustralia/2519001037/2025_H1N1,212,0.3543,0.3543
seqneut25to26_sera_4018,A/SouthAustralia/2519001037/2025_H1N1,plate16-2-A/SouthAustralia/2519001037/2025_H1N1,487,0.6489,0.6489
seqneut25to26_sera_4018,A/SouthAustralia/2519001037/2025_H1N1,plate16-2-A/SouthAustralia/2519001037/2025_H1N1,1119,1.597,1
seqneut25to26_sera_4018,A/SouthAustralia/2519001037/2025_H1N1,plate16-2-A/SouthAustralia/2519001037/2025_H1N1,2575,1.125,1
seqneut25to26_sera_4018,A/SouthAustralia/2519001037/2025_H1N1,plate16-2-A/SouthAustralia/2519001037/2025_H1N1,5921,1.095,1
seqneut25to26_sera_4018,A/SouthAustralia/2519001037/2025_H1N1,plate16-2-A/SouthAustralia/2519001037/2025_H1N1,1.362e+04,1.092,1
seqneut25to26_sera_4018,A/SouthAustralia/2520702747/2025_H1N1,plate16-2-A/SouthAustralia/2520702747/2025_H1N1,40,0.07239,0.07239
seqneut25to26_sera_4018,A/SouthAustralia/2520702747/2025_H1N1,plate16-2-A/SouthAustralia/2520702747/2025_H1N1,92,0.1913,0.1913
seqneut25to26_sera_4018,A/SouthAustralia/2520702747/2025_H1N1,plate16-2-A/SouthAustralia/2520702747/2025_H1N1,212,0.4855,0.4855
seqneut25to26_sera_4018,A/SouthAustralia/2520702747/2025_H1N1,plate16-2-A/SouthAustralia/2520702747/2025_H1N1,487,0.761,0.761
seqneut25to26_sera_4018,A/SouthAustralia/2520702747/2025_H1N1,plate16-2-A/SouthAustralia/2520702747/2025_H1N1,1119,0.9951,0.9951
seqneut25to26_sera_4018,A/SouthAustralia/2520702747/2025_H1N1,plate16-2-A/SouthAustralia/2520702747/2025_H1N1,2575,1.37,1
seqneut25to26_sera_4018,A/SouthAustralia/2520702747/2025_H1N1,plate16-2-A/SouthAustralia/2520702747/2025_H1N1,5921,1.005,1
seqneut25to26_sera_4018,A/SouthAustralia/2520702747/2025_H1N1,plate16-2-A/SouthAustralia/2520702747/2025_H1N1,1.362e+04,1.406,1
seqneut25to26_sera_4018,A/SouthAustralia/2523012764/2025_H1N1,plate16-2-A/SouthAustralia/2523012764/2025_H1N1,40,0.05691,0.05691
seqneut25to26_sera_4018,A/SouthAustralia/2523012764/2025_H1N1,plate16-2-A/SouthAustralia/2523012764/2025_H1N1,92,0.1853,0.1853
seqneut25to26_sera_4018,A/SouthAustralia/2523012764/2025_H1N1,plate16-2-A/SouthAustralia/2523012764/2025_H1N1,212,0.809,0.809
seqneut25to26_sera_4018,A/SouthAustralia/2523012764/2025_H1N1,plate16-2-A/SouthAustralia/2523012764/2025_H1N1,487,0.8196,0.8196
seqneut25to26_sera_4018,A/SouthAustralia/2523012764/2025_H1N1,plate16-2-A/SouthAustralia/2523012764/2025_H1N1,1119,0.6919,0.6919
seqneut25to26_sera_4018,A/SouthAustralia/2523012764/2025_H1N1,plate16-2-A/SouthAustralia/2523012764/2025_H1N1,2575,1,1
seqneut25to26_sera_4018,A/SouthAustralia/2523012764/2025_H1N1,plate16-2-A/SouthAustralia/2523012764/2025_H1N1,5921,1.061,1
seqneut25to26_sera_4018,A/SouthAustralia/2523012764/2025_H1N1,plate16-2-A/SouthAustralia/2523012764/2025_H1N1,1.362e+04,0.852,0.852
seqneut25to26_sera_4018,A/SouthAustralia/2523812314/2025_H3N2,plate16-2-A/SouthAustralia/2523812314/2025_H3N2,40,0.009232,0.009232
seqneut25to26_sera_4018,A/SouthAustralia/2523812314/2025_H3N2,plate16-2-A/SouthAustralia/2523812314/2025_H3N2,92,0.1292,0.1292
seqneut25to26_sera_4018,A/SouthAustralia/2523812314/2025_H3N2,plate16-2-A/SouthAustralia/2523812314/2025_H3N2,212,0.4418,0.4418
seqneut25to26_sera_4018,A/SouthAustralia/2523812314/2025_H3N2,plate16-2-A/SouthAustralia/2523812314/2025_H3N2,487,0.4039,0.4039
seqneut25to26_sera_4018,A/SouthAustralia/2523812314/2025_H3N2,plate16-2-A/SouthAustralia/2523812314/2025_H3N2,1119,0.5028,0.5028
seqneut25to26_sera_4018,A/SouthAustralia/2523812314/2025_H3N2,plate16-2-A/SouthAustralia/2523812314/2025_H3N2,2575,0.8186,0.8186
seqneut25to26_sera_4018,A/SouthAustralia/2523812314/2025_H3N2,plate16-2-A/SouthAustralia/2523812314/2025_H3N2,5921,0.967,0.967
seqneut25to26_sera_4018,A/SouthAustralia/2523812314/2025_H3N2,plate16-2-A/SouthAustralia/2523812314/2025_H3N2,1.362e+04,1.052,1
seqneut25to26_sera_4018,A/SouthAustralia/2524408801/2025_H3N2,plate16-2-A/SouthAustralia/2524408801/2025_H3N2,40,0.04491,0.04491
seqneut25to26_sera_4018,A/SouthAustralia/2524408801/2025_H3N2,plate16-2-A/SouthAustralia/2524408801/2025_H3N2,92,0.2068,0.2068
seqneut25to26_sera_4018,A/SouthAustralia/2524408801/2025_H3N2,plate16-2-A/SouthAustralia/2524408801/2025_H3N2,212,0.41,0.41
seqneut25to26_sera_4018,A/SouthAustralia/2524408801/2025_H3N2,plate16-2-A/SouthAustralia/2524408801/2025_H3N2,487,0.3561,0.3561
seqneut25to26_sera_4018,A/SouthAustralia/2524408801/2025_H3N2,plate16-2-A/SouthAustralia/2524408801/2025_H3N2,1119,0.6831,0.6831
seqneut25to26_sera_4018,A/SouthAustralia/2524408801/2025_H3N2,plate16-2-A/SouthAustralia/2524408801/2025_H3N2,2575,1.075,1
seqneut25to26_sera_4018,A/SouthAustralia/2524408801/2025_H3N2,plate16-2-A/SouthAustralia/2524408801/2025_H3N2,5921,1.38,1
seqneut25to26_sera_4018,A/SouthAustralia/2524408801/2025_H3N2,plate16-2-A/SouthAustralia/2524408801/2025_H3N2,1.362e+04,1.184,1
seqneut25to26_sera_4018,A/SouthAustralia/2524712956/2025_H1N1,plate16-2-A/SouthAustralia/2524712956/2025_H1N1,40,0.1095,0.1095
seqneut25to26_sera_4018,A/SouthAustralia/2524712956/2025_H1N1,plate16-2-A/SouthAustralia/2524712956/2025_H1N1,92,0.1395,0.1395
seqneut25to26_sera_4018,A/SouthAustralia/2524712956/2025_H1N1,plate16-2-A/SouthAustralia/2524712956/2025_H1N1,212,0.6185,0.6185
seqneut25to26_sera_4018,A/SouthAustralia/2524712956/2025_H1N1,plate16-2-A/SouthAustralia/2524712956/2025_H1N1,487,0.6566,0.6566
seqneut25to26_sera_4018,A/SouthAustralia/2524712956/2025_H1N1,plate16-2-A/SouthAustralia/2524712956/2025_H1N1,1119,0.7586,0.7586
seqneut25to26_sera_4018,A/SouthAustralia/2524712956/2025_H1N1,plate16-2-A/SouthAustralia/2524712956/2025_H1N1,2575,0.9639,0.9639
seqneut25to26_sera_4018,A/SouthAustralia/2524712956/2025_H1N1,plate16-2-A/SouthAustralia/2524712956/2025_H1N1,5921,0.916,0.916
seqneut25to26_sera_4018,A/SouthAustralia/2524712956/2025_H1N1,plate16-2-A/SouthAustralia/2524712956/2025_H1N1,1.362e+04,1.009,1
seqneut25to26_sera_4018,A/SouthAustralia/2525607496/2025_H3N2,plate16-2-A/SouthAustralia/2525607496/2025_H3N2,40,0.0001175,0.0001175
seqneut25to26_sera_4018,A/SouthAustralia/2525607496/2025_H3N2,plate16-2-A/SouthAustralia/2525607496/2025_H3N2,92,0.02139,0.02139
seqneut25to26_sera_4018,A/SouthAustralia/2525607496/2025_H3N2,plate16-2-A/SouthAustralia/2525607496/2025_H3N2,212,0.1491,0.1491
seqneut25to26_sera_4018,A/SouthAustralia/2525607496/2025_H3N2,plate16-2-A/SouthAustralia/2525607496/2025_H3N2,487,0.3875,0.3875
seqneut25to26_sera_4018,A/SouthAustralia/2525607496/2025_H3N2,plate16-2-A/SouthAustralia/2525607496/2025_H3N2,1119,0.5419,0.5419
seqneut25to26_sera_4018,A/SouthAustralia/2525607496/2025_H3N2,plate16-2-A/SouthAustralia/2525607496/2025_H3N2,2575,0.6592,0.6592
seqneut25to26_sera_4018,A/SouthAustralia/2525607496/2025_H3N2,plate16-2-A/SouthAustralia/2525607496/2025_H3N2,5921,0.7039,0.7039
seqneut25to26_sera_4018,A/SouthAustralia/2525607496/2025_H3N2,plate16-2-A/SouthAustralia/2525607496/2025_H3N2,1.362e+04,0.9192,0.9192
seqneut25to26_sera_4018,A/SouthAustralia/2527003588/2025_H3N2,plate16-2-A/SouthAustralia/2527003588/2025_H3N2,40,0.07524,0.07524
seqneut25to26_sera_4018,A/SouthAustralia/2527003588/2025_H3N2,plate16-2-A/SouthAustralia/2527003588/2025_H3N2,92,0.1288,0.1288
seqneut25to26_sera_4018,A/SouthAustralia/2527003588/2025_H3N2,plate16-2-A/SouthAustralia/2527003588/2025_H3N2,212,0.5452,0.5452
seqneut25to26_sera_4018,A/SouthAustralia/2527003588/2025_H3N2,plate16-2-A/SouthAustralia/2527003588/2025_H3N2,487,0.5352,0.5352
seqneut25to26_sera_4018,A/SouthAustralia/2527003588/2025_H3N2,plate16-2-A/SouthAustralia/2527003588/2025_H3N2,1119,0.5118,0.5118
seqneut25to26_sera_4018,A/SouthAustralia/2527003588/2025_H3N2,plate16-2-A/SouthAustralia/2527003588/2025_H3N2,2575,0.6523,0.6523
seqneut25to26_sera_4018,A/SouthAustralia/2527003588/2025_H3N2,plate16-2-A/SouthAustralia/2527003588/2025_H3N2,5921,0.7233,0.7233
seqneut25to26_sera_4018,A/SouthAustralia/2527003588/2025_H3N2,plate16-2-A/SouthAustralia/2527003588/2025_H3N2,1.362e+04,1.085,1
seqneut25to26_sera_4018,A/SouthAustralia/2527213276/2025_H3N2,plate16-2-A/SouthAustralia/2527213276/2025_H3N2,40,0.002917,0.002917
seqneut25to26_sera_4018,A/SouthAustralia/2527213276/2025_H3N2,plate16-2-A/SouthAustralia/2527213276/2025_H3N2,92,0.05314,0.05314
seqneut25to26_sera_4018,A/SouthAustralia/2527213276/2025_H3N2,plate16-2-A/SouthAustralia/2527213276/2025_H3N2,212,0.5001,0.5001
seqneut25to26_sera_4018,A/SouthAustralia/2527213276/2025_H3N2,plate16-2-A/SouthAustralia/2527213276/2025_H3N2,487,0.437,0.437
seqneut25to26_sera_4018,A/SouthAustralia/2527213276/2025_H3N2,plate16-2-A/SouthAustralia/2527213276/2025_H3N2,1119,0.5038,0.5038
seqneut25to26_sera_4018,A/SouthAustralia/2527213276/2025_H3N2,plate16-2-A/SouthAustralia/2527213276/2025_H3N2,2575,0.5892,0.5892
seqneut25to26_sera_4018,A/SouthAustralia/2527213276/2025_H3N2,plate16-2-A/SouthAustralia/2527213276/2025_H3N2,5921,0.8044,0.8044
seqneut25to26_sera_4018,A/SouthAustralia/2527213276/2025_H3N2,plate16-2-A/SouthAustralia/2527213276/2025_H3N2,1.362e+04,0.7724,0.7724
seqneut25to26_sera_4018,A/SouthAustralia/2527612456/2025_H1N1,plate16-2-A/SouthAustralia/2527612456/2025_H1N1,40,0.1609,0.1609
seqneut25to26_sera_4018,A/SouthAustralia/2527612456/2025_H1N1,plate16-2-A/SouthAustralia/2527612456/2025_H1N1,92,0.3956,0.3956
seqneut25to26_sera_4018,A/SouthAustralia/2527612456/2025_H1N1,plate16-2-A/SouthAustralia/2527612456/2025_H1N1,212,0.5327,0.5327
seqneut25to26_sera_4018,A/SouthAustralia/2527612456/2025_H1N1,plate16-2-A/SouthAustralia/2527612456/2025_H1N1,487,0.9257,0.9257
seqneut25to26_sera_4018,A/SouthAustralia/2527612456/2025_H1N1,plate16-2-A/SouthAustralia/2527612456/2025_H1N1,1119,1.122,1
seqneut25to26_sera_4018,A/SouthAustralia/2527612456/2025_H1N1,plate16-2-A/SouthAustralia/2527612456/2025_H1N1,2575,1.276,1
seqneut25to26_sera_4018,A/SouthAustralia/2527612456/2025_H1N1,plate16-2-A/SouthAustralia/2527612456/2025_H1N1,5921,1.641,1
seqneut25to26_sera_4018,A/SouthAustralia/2527612456/2025_H1N1,plate16-2-A/SouthAustralia/2527612456/2025_H1N1,1.362e+04,1.231,1
seqneut25to26_sera_4018,A/SouthAustralia/2527902708/2025_H3N2,plate16-2-A/SouthAustralia/2527902708/2025_H3N2,40,0.01623,0.01623
seqneut25to26_sera_4018,A/SouthAustralia/2527902708/2025_H3N2,plate16-2-A/SouthAustralia/2527902708/2025_H3N2,92,0.1837,0.1837
seqneut25to26_sera_4018,A/SouthAustralia/2527902708/2025_H3N2,plate16-2-A/SouthAustralia/2527902708/2025_H3N2,212,0.8739,0.8739
seqneut25to26_sera_4018,A/SouthAustralia/2527902708/2025_H3N2,plate16-2-A/SouthAustralia/2527902708/2025_H3N2,487,0.5143,0.5143
seqneut25to26_sera_4018,A/SouthAustralia/2527902708/2025_H3N2,plate16-2-A/SouthAustralia/2527902708/2025_H3N2,1119,1.215,1
seqneut25to26_sera_4018,A/SouthAustralia/2527902708/2025_H3N2,plate16-2-A/SouthAustralia/2527902708/2025_H3N2,2575,0.9366,0.9366
seqneut25to26_sera_4018,A/SouthAustralia/2527902708/2025_H3N2,plate16-2-A/SouthAustralia/2527902708/2025_H3N2,5921,1.058,1
seqneut25to26_sera_4018,A/SouthAustralia/2527902708/2025_H3N2,plate16-2-A/SouthAustralia/2527902708/2025_H3N2,1.362e+04,1.077,1
seqneut25to26_sera_4018,A/Sydney/1359/2024_H3N2,plate16-2-A/Sydney/1359/2024_H3N2,40,0.001244,0.001244
seqneut25to26_sera_4018,A/Sydney/1359/2024_H3N2,plate16-2-A/Sydney/1359/2024_H3N2,92,0.0541,0.0541
seqneut25to26_sera_4018,A/Sydney/1359/2024_H3N2,plate16-2-A/Sydney/1359/2024_H3N2,212,0.2067,0.2067
seqneut25to26_sera_4018,A/Sydney/1359/2024_H3N2,plate16-2-A/Sydney/1359/2024_H3N2,487,0.3608,0.3608
seqneut25to26_sera_4018,A/Sydney/1359/2024_H3N2,plate16-2-A/Sydney/1359/2024_H3N2,1119,0.5283,0.5283
seqneut25to26_sera_4018,A/Sydney/1359/2024_H3N2,plate16-2-A/Sydney/1359/2024_H3N2,2575,0.6532,0.6532
seqneut25to26_sera_4018,A/Sydney/1359/2024_H3N2,plate16-2-A/Sydney/1359/2024_H3N2,5921,0.9249,0.9249
seqneut25to26_sera_4018,A/Sydney/1359/2024_H3N2,plate16-2-A/Sydney/1359/2024_H3N2,1.362e+04,1.308,1
seqneut25to26_sera_4018,A/Sydney/400/2025_H1N1,plate16-2-A/Sydney/400/2025_H1N1,40,0.0009943,0.0009943
seqneut25to26_sera_4018,A/Sydney/400/2025_H1N1,plate16-2-A/Sydney/400/2025_H1N1,92,0.003031,0.003031
seqneut25to26_sera_4018,A/Sydney/400/2025_H1N1,plate16-2-A/Sydney/400/2025_H1N1,212,0.1453,0.1453
seqneut25to26_sera_4018,A/Sydney/400/2025_H1N1,plate16-2-A/Sydney/400/2025_H1N1,487,0.2878,0.2878
seqneut25to26_sera_4018,A/Sydney/400/2025_H1N1,plate16-2-A/Sydney/400/2025_H1N1,1119,0.6264,0.6264
seqneut25to26_sera_4018,A/Sydney/400/2025_H1N1,plate16-2-A/Sydney/400/2025_H1N1,2575,0.8572,0.8572
seqneut25to26_sera_4018,A/Sydney/400/2025_H1N1,plate16-2-A/Sydney/400/2025_H1N1,5921,0.698,0.698
seqneut25to26_sera_4018,A/Sydney/400/2025_H1N1,plate16-2-A/Sydney/400/2025_H1N1,1.362e+04,1.359,1
seqneut25to26_sera_4018,A/Tasmania/2521815682/2025_H3N2,plate16-2-A/Tasmania/2521815682/2025_H3N2,40,0.01624,0.01624
seqneut25to26_sera_4018,A/Tasmania/2521815682/2025_H3N2,plate16-2-A/Tasmania/2521815682/2025_H3N2,92,0.2455,0.2455
seqneut25to26_sera_4018,A/Tasmania/2521815682/2025_H3N2,plate16-2-A/Tasmania/2521815682/2025_H3N2,212,0.3995,0.3995
seqneut25to26_sera_4018,A/Tasmania/2521815682/2025_H3N2,plate16-2-A/Tasmania/2521815682/2025_H3N2,487,0.4693,0.4693
seqneut25to26_sera_4018,A/Tasmania/2521815682/2025_H3N2,plate16-2-A/Tasmania/2521815682/2025_H3N2,1119,0.5559,0.5559
seqneut25to26_sera_4018,A/Tasmania/2521815682/2025_H3N2,plate16-2-A/Tasmania/2521815682/2025_H3N2,2575,0.9993,0.9993
seqneut25to26_sera_4018,A/Tasmania/2521815682/2025_H3N2,plate16-2-A/Tasmania/2521815682/2025_H3N2,5921,0.9386,0.9386
seqneut25to26_sera_4018,A/Tasmania/2521815682/2025_H3N2,plate16-2-A/Tasmania/2521815682/2025_H3N2,1.362e+04,1.133,1
seqneut25to26_sera_4018,A/Thailand/8/2022_H3N2,plate16-2-A/Thailand/8/2022_H3N2,40,0.003899,0.003899
seqneut25to26_sera_4018,A/Thailand/8/2022_H3N2,plate16-2-A/Thailand/8/2022_H3N2,92,0.004074,0.004074
seqneut25to26_sera_4018,A/Thailand/8/2022_H3N2,plate16-2-A/Thailand/8/2022_H3N2,212,0.06569,0.06569
seqneut25to26_sera_4018,A/Thailand/8/2022_H3N2,plate16-2-A/Thailand/8/2022_H3N2,487,0.1992,0.1992
seqneut25to26_sera_4018,A/Thailand/8/2022_H3N2,plate16-2-A/Thailand/8/2022_H3N2,1119,0.5304,0.5304
seqneut25to26_sera_4018,A/Thailand/8/2022_H3N2,plate16-2-A/Thailand/8/2022_H3N2,2575,0.7172,0.7172
seqneut25to26_sera_4018,A/Thailand/8/2022_H3N2,plate16-2-A/Thailand/8/2022_H3N2,5921,0.6054,0.6054
seqneut25to26_sera_4018,A/Thailand/8/2022_H3N2,plate16-2-A/Thailand/8/2022_H3N2,1.362e+04,0.9839,0.9839
seqneut25to26_sera_4018,A/Vermont/73/2025_H3N2,plate16-2-A/Vermont/73/2025_H3N2,40,0.01674,0.01674
seqneut25to26_sera_4018,A/Vermont/73/2025_H3N2,plate16-2-A/Vermont/73/2025_H3N2,92,0.2243,0.2243
seqneut25to26_sera_4018,A/Vermont/73/2025_H3N2,plate16-2-A/Vermont/73/2025_H3N2,212,0.5233,0.5233
seqneut25to26_sera_4018,A/Vermont/73/2025_H3N2,plate16-2-A/Vermont/73/2025_H3N2,487,0.3209,0.3209
seqneut25to26_sera_4018,A/Vermont/73/2025_H3N2,plate16-2-A/Vermont/73/2025_H3N2,1119,0.4668,0.4668
seqneut25to26_sera_4018,A/Vermont/73/2025_H3N2,plate16-2-A/Vermont/73/2025_H3N2,2575,0.829,0.829
seqneut25to26_sera_4018,A/Vermont/73/2025_H3N2,plate16-2-A/Vermont/73/2025_H3N2,5921,1.018,1
seqneut25to26_sera_4018,A/Vermont/73/2025_H3N2,plate16-2-A/Vermont/73/2025_H3N2,1.362e+04,1.081,1
seqneut25to26_sera_4018,A/Victoria/4897/2022_IVR-238_H1N1,plate16-2-A/Victoria/4897/2022_IVR-238_H1N1,40,0,0
seqneut25to26_sera_4018,A/Victoria/4897/2022_IVR-238_H1N1,plate16-2-A/Victoria/4897/2022_IVR-238_H1N1,92,0.0001237,0.0001237
seqneut25to26_sera_4018,A/Victoria/4897/2022_IVR-238_H1N1,plate16-2-A/Victoria/4897/2022_IVR-238_H1N1,212,0.00128,0.00128
seqneut25to26_sera_4018,A/Victoria/4897/2022_IVR-238_H1N1,plate16-2-A/Victoria/4897/2022_IVR-238_H1N1,487,0.04973,0.04973
seqneut25to26_sera_4018,A/Victoria/4897/2022_IVR-238_H1N1,plate16-2-A/Victoria/4897/2022_IVR-238_H1N1,1119,0.3118,0.3118
seqneut25to26_sera_4018,A/Victoria/4897/2022_IVR-238_H1N1,plate16-2-A/Victoria/4897/2022_IVR-238_H1N1,2575,0.6605,0.6605
seqneut25to26_sera_4018,A/Victoria/4897/2022_IVR-238_H1N1,plate16-2-A/Victoria/4897/2022_IVR-238_H1N1,5921,0.8996,0.8996
seqneut25to26_sera_4018,A/Victoria/4897/2022_IVR-238_H1N1,plate16-2-A/Victoria/4897/2022_IVR-238_H1N1,1.362e+04,1.159,1
seqneut25to26_sera_4018,A/Wisconsin/588/2019_H1N1,plate16-2-A/Wisconsin/588/2019_H1N1,40,0.002024,0.002024
seqneut25to26_sera_4018,A/Wisconsin/588/2019_H1N1,plate16-2-A/Wisconsin/588/2019_H1N1,92,0.09272,0.09272
seqneut25to26_sera_4018,A/Wisconsin/588/2019_H1N1,plate16-2-A/Wisconsin/588/2019_H1N1,212,0.2869,0.2869
seqneut25to26_sera_4018,A/Wisconsin/588/2019_H1N1,plate16-2-A/Wisconsin/588/2019_H1N1,487,0.615,0.615
seqneut25to26_sera_4018,A/Wisconsin/588/2019_H1N1,plate16-2-A/Wisconsin/588/2019_H1N1,1119,0.4981,0.4981
seqneut25to26_sera_4018,A/Wisconsin/588/2019_H1N1,plate16-2-A/Wisconsin/588/2019_H1N1,2575,1.359,1
seqneut25to26_sera_4018,A/Wisconsin/588/2019_H1N1,plate16-2-A/Wisconsin/588/2019_H1N1,5921,0.8115,0.8115
seqneut25to26_sera_4018,A/Wisconsin/588/2019_H1N1,plate16-2-A/Wisconsin/588/2019_H1N1,1.362e+04,1.212,1
seqneut25to26_sera_4018,A/Wisconsin/67/2022_H1N1,plate16-2-A/Wisconsin/67/2022_H1N1,40,0.1335,0.1335
seqneut25to26_sera_4018,A/Wisconsin/67/2022_H1N1,plate16-2-A/Wisconsin/67/2022_H1N1,92,0.289,0.289
seqneut25to26_sera_4018,A/Wisconsin/67/2022_H1N1,plate16-2-A/Wisconsin/67/2022_H1N1,212,0.5792,0.5792
seqneut25to26_sera_4018,A/Wisconsin/67/2022_H1N1,plate16-2-A/Wisconsin/67/2022_H1N1,487,0.9466,0.9466
seqneut25to26_sera_4018,A/Wisconsin/67/2022_H1N1,plate16-2-A/Wisconsin/67/2022_H1N1,1119,0.8892,0.8892
seqneut25to26_sera_4018,A/Wisconsin/67/2022_H1N1,plate16-2-A/Wisconsin/67/2022_H1N1,2575,0.9316,0.9316
seqneut25to26_sera_4018,A/Wisconsin/67/2022_H1N1,plate16-2-A/Wisconsin/67/2022_H1N1,5921,1.121,1
seqneut25to26_sera_4018,A/Wisconsin/67/2022_H1N1,plate16-2-A/Wisconsin/67/2022_H1N1,1.362e+04,0.9936,0.9936
seqneut25to26_sera_4018,A/Zacapa/FLU-261/2025_H1N1,plate16-2-A/Zacapa/FLU-261/2025_H1N1,40,0.06715,0.06715
seqneut25to26_sera_4018,A/Zacapa/FLU-261/2025_H1N1,plate16-2-A/Zacapa/FLU-261/2025_H1N1,92,0.4023,0.4023
seqneut25to26_sera_4018,A/Zacapa/FLU-261/2025_H1N1,plate16-2-A/Zacapa/FLU-261/2025_H1N1,212,0.534,0.534
seqneut25to26_sera_4018,A/Zacapa/FLU-261/2025_H1N1,plate16-2-A/Zacapa/FLU-261/2025_H1N1,487,1.055,1
seqneut25to26_sera_4018,A/Zacapa/FLU-261/2025_H1N1,plate16-2-A/Zacapa/FLU-261/2025_H1N1,1119,0.8393,0.8393
seqneut25to26_sera_4018,A/Zacapa/FLU-261/2025_H1N1,plate16-2-A/Zacapa/FLU-261/2025_H1N1,2575,1.47,1
seqneut25to26_sera_4018,A/Zacapa/FLU-261/2025_H1N1,plate16-2-A/Zacapa/FLU-261/2025_H1N1,5921,1.06,1
seqneut25to26_sera_4018,A/Zacapa/FLU-261/2025_H1N1,plate16-2-A/Zacapa/FLU-261/2025_H1N1,1.362e+04,1.629,1
